2026-09-13T15:10:32.6859991Z Current runner version: '2.337.0'
2026-09-13T15:10:32.6888600Z ##[group]Runner Image Provisioner
2026-09-13T15:10:32.6889516Z Hosted Compute Agent
2026-09-13T15:10:32.6890224Z Version: 20260828.587
2026-09-13T15:10:32.6890888Z Commit: abac92662cab4cc7352de4f9f9d2e2419aad9c29
2026-09-13T15:10:32.6891639Z Build Date: 2026-08-28T16:44:25Z
2026-09-13T15:10:32.6892454Z Worker ID: {6c6d6ee2-049c-4e12-bad8-d70058274e7b}
2026-09-13T15:10:32.6893194Z Azure Region: westus3
2026-09-13T15:10:32.6893859Z ##[endgroup]
2026-09-13T15:10:32.6895941Z ##[group]Operating System
2026-09-13T15:10:32.6896623Z Ubuntu
2026-09-13T15:10:32.6897310Z 24.04.5
2026-09-13T15:10:32.6897854Z LTS
2026-09-13T15:10:32.6898420Z ##[endgroup]
2026-09-13T15:10:32.6899029Z ##[group]Runner Image
2026-09-13T15:10:32.6899673Z Image: ubuntu-24.04
2026-09-13T15:10:32.6900336Z Version: 20260907.300.1
2026-09-13T15:10:32.6901714Z Included Software: https://github.com/actions/runner-images/blob/ubuntu24/20260907.300/images/ubuntu/Ubuntu2404-Readme.md
2026-09-13T15:10:32.6903368Z Image Release: https://github.com/actions/runner-images/releases/tag/ubuntu24%2F20260907.300
2026-09-13T15:10:32.6904377Z ##[endgroup]
2026-09-13T15:10:32.6905831Z ##[group]GITHUB_TOKEN Permissions
2026-09-13T15:10:32.6907891Z Contents: read
2026-09-13T15:10:32.6908666Z Metadata: read
2026-09-13T15:10:32.6909251Z ##[endgroup]
2026-09-13T15:10:32.6911572Z Secret source: Actions
2026-09-13T15:10:32.6912664Z Cache mode: write
2026-09-13T15:10:32.6913390Z Prepare workflow directory
2026-09-13T15:10:32.7398763Z Prepare all required actions
2026-09-13T15:10:32.7448433Z Getting action download info
2026-09-13T15:10:33.0785427Z Download action repository 'actions/checkout@v4' (SHA:11d5960a326750d5838078e36cf38b85af677262)
2026-09-13T15:10:33.1999275Z Download action repository 'actions/setup-python@v5' (SHA:a26af69be951a213d495a4c3e4e4022e16d87065)
2026-09-13T15:10:33.3150690Z Download action repository 'actions/setup-node@v4' (SHA:49933ea5288caeca8642d1e84afbd3f7d6820020)
2026-09-13T15:10:33.4136032Z Download action repository 'actions/upload-artifact@v4' (SHA:ea165f8d65b6e75b540449e92b4886f43607fa02)
2026-09-13T15:10:33.6376992Z Complete job name: frontend-http-compat
2026-09-13T15:10:33.7202433Z Node 20 is being deprecated. This workflow is running with Node 24 by default. If you need to temporarily use Node 20, you can set the ACTIONS_ALLOW_USE_UNSECURE_NODE_VERSION=true environment variable. For more information see: https://github.blog/changelog/2025-09-19-deprecation-of-node-20-on-github-actions-runners/
2026-09-13T15:10:33.7211545Z ##[group]Run actions/checkout@v4
2026-09-13T15:10:33.7212328Z with:
2026-09-13T15:10:33.7212822Z   ref: 9f28f822110e187c22baf82391063c8b05c039c1
2026-09-13T15:10:33.7213452Z   persist-credentials: false
2026-09-13T15:10:33.7214000Z   repository: yuguangzhi3836-glitch/GO
2026-09-13T15:10:33.7218513Z   token: ***
2026-09-13T15:10:33.7218988Z   ssh-strict: true
2026-09-13T15:10:33.7219446Z   ssh-user: git
2026-09-13T15:10:33.7219902Z   clean: true
2026-09-13T15:10:33.7220393Z   sparse-checkout-cone-mode: true
2026-09-13T15:10:33.7220936Z   fetch-depth: 1
2026-09-13T15:10:33.7221376Z   fetch-tags: false
2026-09-13T15:10:33.7221880Z   show-progress: true
2026-09-13T15:10:33.7222358Z   lfs: false
2026-09-13T15:10:33.7222783Z   submodules: false
2026-09-13T15:10:33.7223532Z   set-safe-directory: true
2026-09-13T15:10:33.7224080Z   allow-unsafe-pr-checkout: false
2026-09-13T15:10:33.7225135Z env:
2026-09-13T15:10:33.7225607Z   PYTHONDONTWRITEBYTECODE: 1
2026-09-13T15:10:33.7226333Z ##[endgroup]
2026-09-13T15:10:33.8612411Z Syncing repository: yuguangzhi3836-glitch/GO
2026-09-13T15:10:33.8616805Z ##[group]Getting Git version info
2026-09-13T15:10:33.8622066Z Working directory is '/home/runner/work/GO/GO'
2026-09-13T15:10:33.8638480Z [command]/usr/bin/git version
2026-09-13T15:10:33.8664598Z git version 2.55.0
2026-09-13T15:10:33.8677788Z ##[endgroup]
2026-09-13T15:10:33.8686234Z Temporarily overriding HOME='/home/runner/work/_temp/e66b390d-5257-4cd9-81b5-54b7e722f39c' before making global git config changes
2026-09-13T15:10:33.8692039Z Adding repository directory to the temporary git global config as a safe directory
2026-09-13T15:10:33.8694546Z [command]/usr/bin/git config --global --add safe.directory /home/runner/work/GO/GO
2026-09-13T15:10:33.8716252Z Deleting the contents of '/home/runner/work/GO/GO'
2026-09-13T15:10:33.8721593Z ##[group]Initializing the repository
2026-09-13T15:10:33.8739378Z [command]/usr/bin/git init /home/runner/work/GO/GO
2026-09-13T15:10:33.8936863Z hint: Using 'master' as the name for the initial branch. This default branch name
2026-09-13T15:10:33.8938919Z hint: will change to "main" in Git 3.0. To configure the initial branch name
2026-09-13T15:10:33.8940674Z hint: to use in all of your new repositories, which will suppress this warning,
2026-09-13T15:10:33.8942074Z hint: call:
2026-09-13T15:10:33.8942892Z hint:
2026-09-13T15:10:33.8943845Z hint: 	git config --global init.defaultBranch <name>
2026-09-13T15:10:33.8945215Z hint:
2026-09-13T15:10:33.8946781Z hint: Names commonly chosen instead of 'master' are 'main', 'trunk' and
2026-09-13T15:10:33.8949250Z hint: 'development'. The just-created branch can be renamed via this command:
2026-09-13T15:10:33.8951270Z hint:
2026-09-13T15:10:33.8952802Z hint: 	git branch -m <name>
2026-09-13T15:10:33.8954342Z hint:
2026-09-13T15:10:33.8956562Z hint: Disable this message with "git config set advice.defaultBranchName false"
2026-09-13T15:10:33.8958929Z Initialized empty Git repository in /home/runner/work/GO/GO/.git/
2026-09-13T15:10:33.8964625Z [command]/usr/bin/git remote add origin https://github.com/yuguangzhi3836-glitch/GO
2026-09-13T15:10:33.9007821Z ##[endgroup]
2026-09-13T15:10:33.9114210Z ##[group]Disabling automatic garbage collection
2026-09-13T15:10:33.9115914Z [command]/usr/bin/git config --local gc.auto 0
2026-09-13T15:10:33.9132801Z ##[endgroup]
2026-09-13T15:10:33.9134754Z ##[group]Setting up auth
2026-09-13T15:10:33.9137231Z [command]/usr/bin/git config --local --name-only --get-regexp core\.sshCommand
2026-09-13T15:10:33.9143861Z [command]/usr/bin/git submodule foreach --recursive sh -c "git config --local --name-only --get-regexp 'core\.sshCommand' && git config --local --unset-all 'core.sshCommand' || :"
2026-09-13T15:10:33.9819077Z [command]/usr/bin/git config --local --name-only --get-regexp http\.https\:\/\/github\.com\/\.extraheader
2026-09-13T15:10:33.9825469Z [command]/usr/bin/git submodule foreach --recursive sh -c "git config --local --name-only --get-regexp 'http\.https\:\/\/github\.com\/\.extraheader' && git config --local --unset-all 'http.https://github.com/.extraheader' || :"
2026-09-13T15:10:34.0054408Z [command]/usr/bin/git config --local --name-only --get-regexp ^includeIf\.gitdir:
2026-09-13T15:10:34.0097287Z [command]/usr/bin/git submodule foreach --recursive git config --local --show-origin --name-only --get-regexp remote.origin.url
2026-09-13T15:10:34.0351178Z [command]/usr/bin/git config --local http.https://github.com/.extraheader AUTHORIZATION: basic ***
2026-09-13T15:10:34.0396420Z ##[endgroup]
2026-09-13T15:10:34.0398521Z ##[group]Fetching the repository
2026-09-13T15:10:34.0406703Z [command]/usr/bin/git -c protocol.version=2 fetch --no-tags --prune --no-recurse-submodules --depth=1 origin 9f28f822110e187c22baf82391063c8b05c039c1
2026-09-13T15:10:48.7035248Z From https://github.com/yuguangzhi3836-glitch/GO
2026-09-13T15:10:48.7054628Z  * branch            9f28f822110e187c22baf82391063c8b05c039c1 -> FETCH_HEAD
2026-09-13T15:10:48.7058988Z ##[endgroup]
2026-09-13T15:10:48.7060194Z ##[group]Determining the checkout info
2026-09-13T15:10:48.7061535Z ##[endgroup]
2026-09-13T15:10:48.7062535Z [command]/usr/bin/git sparse-checkout disable
2026-09-13T15:10:48.7147008Z [command]/usr/bin/git config --local --unset-all extensions.worktreeConfig
2026-09-13T15:10:48.7236407Z ##[group]Checking out the ref
2026-09-13T15:10:48.7255900Z [command]/usr/bin/git checkout --progress --force 9f28f822110e187c22baf82391063c8b05c039c1
2026-09-13T15:10:50.3317663Z Updating files:  33% (1632/4944)
2026-09-13T15:10:50.3343978Z Updating files:  34% (1681/4944)
2026-09-13T15:10:50.3369414Z Updating files:  35% (1731/4944)
2026-09-13T15:10:50.3393280Z Updating files:  36% (1780/4944)
2026-09-13T15:10:50.3498463Z Updating files:  37% (1830/4944)
2026-09-13T15:10:50.3539789Z Updating files:  38% (1879/4944)
2026-09-13T15:10:50.3594122Z Updating files:  39% (1929/4944)
2026-09-13T15:10:50.3639132Z Updating files:  40% (1978/4944)
2026-09-13T15:10:50.3660218Z Updating files:  41% (2028/4944)
2026-09-13T15:10:50.3685138Z Updating files:  42% (2077/4944)
2026-09-13T15:10:50.3711260Z Updating files:  43% (2126/4944)
2026-09-13T15:10:50.3739615Z Updating files:  44% (2176/4944)
2026-09-13T15:10:50.3768712Z Updating files:  45% (2225/4944)
2026-09-13T15:10:50.3796120Z Updating files:  46% (2275/4944)
2026-09-13T15:10:50.3824459Z Updating files:  47% (2324/4944)
2026-09-13T15:10:50.3855168Z Updating files:  48% (2374/4944)
2026-09-13T15:10:50.3893494Z Updating files:  49% (2423/4944)
2026-09-13T15:10:50.3932586Z Updating files:  50% (2472/4944)
2026-09-13T15:10:50.3965872Z Updating files:  51% (2522/4944)
2026-09-13T15:10:50.4000278Z Updating files:  52% (2571/4944)
2026-09-13T15:10:50.4042465Z Updating files:  53% (2621/4944)
2026-09-13T15:10:50.4075152Z Updating files:  54% (2670/4944)
2026-09-13T15:10:50.4107086Z Updating files:  55% (2720/4944)
2026-09-13T15:10:50.4141292Z Updating files:  56% (2769/4944)
2026-09-13T15:10:50.4171324Z Updating files:  57% (2819/4944)
2026-09-13T15:10:50.4200637Z Updating files:  58% (2868/4944)
2026-09-13T15:10:50.4232810Z Updating files:  59% (2917/4944)
2026-09-13T15:10:50.4550880Z Updating files:  60% (2967/4944)
2026-09-13T15:10:50.5347249Z Updating files:  61% (3016/4944)
2026-09-13T15:10:50.5369723Z Updating files:  62% (3066/4944)
2026-09-13T15:10:50.5422784Z Updating files:  63% (3115/4944)
2026-09-13T15:10:50.5807877Z Updating files:  64% (3165/4944)
2026-09-13T15:10:50.6311846Z Updating files:  65% (3214/4944)
2026-09-13T15:10:50.7370651Z Updating files:  66% (3264/4944)
2026-09-13T15:10:50.7395901Z Updating files:  66% (3311/4944)
2026-09-13T15:10:50.8067784Z Updating files:  67% (3313/4944)
2026-09-13T15:10:50.8102693Z Updating files:  68% (3362/4944)
2026-09-13T15:10:50.8129229Z Updating files:  69% (3412/4944)
2026-09-13T15:10:50.8153936Z Updating files:  70% (3461/4944)
2026-09-13T15:10:50.8182642Z Updating files:  71% (3511/4944)
2026-09-13T15:10:50.8246382Z Updating files:  72% (3560/4944)
2026-09-13T15:10:50.8273052Z Updating files:  73% (3610/4944)
2026-09-13T15:10:50.8305709Z Updating files:  74% (3659/4944)
2026-09-13T15:10:50.8334252Z Updating files:  75% (3708/4944)
2026-09-13T15:10:50.8406411Z Updating files:  76% (3758/4944)
2026-09-13T15:10:50.8447878Z Updating files:  77% (3807/4944)
2026-09-13T15:10:50.8484735Z Updating files:  78% (3857/4944)
2026-09-13T15:10:50.8537262Z Updating files:  79% (3906/4944)
2026-09-13T15:10:50.8565050Z Updating files:  80% (3956/4944)
2026-09-13T15:10:50.8615209Z Updating files:  81% (4005/4944)
2026-09-13T15:10:50.8795180Z Updating files:  82% (4055/4944)
2026-09-13T15:10:50.9347708Z Updating files:  83% (4104/4944)
2026-09-13T15:10:51.0806200Z Updating files:  84% (4153/4944)
2026-09-13T15:10:51.1241850Z Updating files:  85% (4203/4944)
2026-09-13T15:10:51.1345889Z Updating files:  86% (4252/4944)
2026-09-13T15:10:51.1377356Z Updating files:  87% (4302/4944)
2026-09-13T15:10:51.1405587Z Updating files:  88% (4351/4944)
2026-09-13T15:10:51.1425781Z Updating files:  89% (4401/4944)
2026-09-13T15:10:51.1465531Z Updating files:  90% (4450/4944)
2026-09-13T15:10:51.1525565Z Updating files:  91% (4500/4944)
2026-09-13T15:10:51.1545553Z Updating files:  92% (4549/4944)
2026-09-13T15:10:51.1565539Z Updating files:  93% (4598/4944)
2026-09-13T15:10:51.1585619Z Updating files:  94% (4648/4944)
2026-09-13T15:10:51.1619799Z Updating files:  95% (4697/4944)
2026-09-13T15:10:51.1656751Z Updating files:  96% (4747/4944)
2026-09-13T15:10:51.1684133Z Updating files:  97% (4796/4944)
2026-09-13T15:10:51.1718170Z Updating files:  98% (4846/4944)
2026-09-13T15:10:51.1744419Z Updating files:  99% (4895/4944)
2026-09-13T15:10:51.1746167Z Updating files: 100% (4944/4944)
2026-09-13T15:10:51.1747083Z Updating files: 100% (4944/4944), done.
2026-09-13T15:10:51.9025726Z Note: switching to '9f28f822110e187c22baf82391063c8b05c039c1'.
2026-09-13T15:10:51.9026415Z 
2026-09-13T15:10:51.9026886Z You are in 'detached HEAD' state. You can look around, make experimental
2026-09-13T15:10:51.9027826Z changes and commit them, and you can discard any commits you make in this
2026-09-13T15:10:51.9028680Z state without impacting any branches by switching back to a branch.
2026-09-13T15:10:51.9029173Z 
2026-09-13T15:10:51.9029577Z If you want to create a new branch to retain commits you create, you may
2026-09-13T15:10:51.9030343Z do so (now or later) by using -c with the switch command. Example:
2026-09-13T15:10:51.9030643Z 
2026-09-13T15:10:51.9030762Z   git switch -c <new-branch-name>
2026-09-13T15:10:51.9030963Z 
2026-09-13T15:10:51.9031073Z Or undo this operation with:
2026-09-13T15:10:51.9031285Z 
2026-09-13T15:10:51.9031380Z   git switch -
2026-09-13T15:10:51.9031516Z 
2026-09-13T15:10:51.9031771Z Turn off this advice by setting config variable advice.detachedHead to false
2026-09-13T15:10:51.9032133Z 
2026-09-13T15:10:51.9032427Z HEAD is now at 9f28f82 V7: close six Cell P1 gaps with inherited repairs and scoped evidence
2026-09-13T15:10:52.1553097Z ##[endgroup]
2026-09-13T15:10:52.2862036Z [command]/usr/bin/git log -1 --format=%H
2026-09-13T15:10:52.2897370Z 9f28f822110e187c22baf82391063c8b05c039c1
2026-09-13T15:10:52.2945156Z ##[group]Removing auth
2026-09-13T15:10:52.2946323Z [command]/usr/bin/git config --local --name-only --get-regexp core\.sshCommand
2026-09-13T15:10:52.2967047Z [command]/usr/bin/git submodule foreach --recursive sh -c "git config --local --name-only --get-regexp 'core\.sshCommand' && git config --local --unset-all 'core.sshCommand' || :"
2026-09-13T15:10:52.3256218Z [command]/usr/bin/git config --local --name-only --get-regexp http\.https\:\/\/github\.com\/\.extraheader
2026-09-13T15:10:52.4469009Z http.https://github.com/.extraheader
2026-09-13T15:10:52.4477870Z [command]/usr/bin/git config --local --unset-all http.https://github.com/.extraheader
2026-09-13T15:10:52.9932913Z [command]/usr/bin/git submodule foreach --recursive sh -c "git config --local --name-only --get-regexp 'http\.https\:\/\/github\.com\/\.extraheader' && git config --local --unset-all 'http.https://github.com/.extraheader' || :"
2026-09-13T15:10:53.0296874Z [command]/usr/bin/git config --local --name-only --get-regexp ^includeIf\.gitdir:
2026-09-13T15:10:53.0407492Z [command]/usr/bin/git submodule foreach --recursive git config --local --show-origin --name-only --get-regexp remote.origin.url
2026-09-13T15:10:53.0653198Z ##[endgroup]
2026-09-13T15:10:53.0932623Z Node 20 is being deprecated. This workflow is running with Node 24 by default. If you need to temporarily use Node 20, you can set the ACTIONS_ALLOW_USE_UNSECURE_NODE_VERSION=true environment variable. For more information see: https://github.blog/changelog/2025-09-19-deprecation-of-node-20-on-github-actions-runners/
2026-09-13T15:10:53.0934287Z ##[group]Run actions/setup-python@v5
2026-09-13T15:10:53.0934569Z with:
2026-09-13T15:10:53.0934782Z   python-version: 3.13.5
2026-09-13T15:10:53.0935596Z   check-latest: false
2026-09-13T15:10:53.0940661Z   token: ***
2026-09-13T15:10:53.0941036Z   update-environment: true
2026-09-13T15:10:53.0941489Z   allow-prereleases: false
2026-09-13T15:10:53.0941893Z   freethreaded: false
2026-09-13T15:10:53.0942254Z env:
2026-09-13T15:10:53.0942618Z   PYTHONDONTWRITEBYTECODE: 1
2026-09-13T15:10:53.0943048Z ##[endgroup]
2026-09-13T15:10:53.2420196Z ##[group]Installed versions
2026-09-13T15:10:53.7029825Z Version 3.13.5 was not found in the local cache
2026-09-13T15:10:53.7076948Z (node:2120) [DEP0040] DeprecationWarning: The `punycode` module is deprecated. Please use a userland alternative instead.
2026-09-13T15:10:53.7078880Z (Use `node --trace-deprecation ...` to show where the warning was created)
2026-09-13T15:10:54.8101077Z Version 3.13.5 is available for downloading
2026-09-13T15:10:54.8101960Z Download from "https://github.com/actions/python-versions/releases/download/3.13.5-15601068749/python-3.13.5-linux-24.04-x64.tar.gz"
2026-09-13T15:10:55.8443834Z Extract downloaded archive
2026-09-13T15:10:55.8611313Z [command]/usr/bin/tar xz --warning=no-unknown-keyword --overwrite -C /home/runner/work/_temp/2e25c250-8125-4e0e-a159-426cea5038ee -f /home/runner/work/_temp/194fc015-3380-46b4-8dda-8666df8a70f8
2026-09-13T15:10:58.3238826Z Execute installation script
2026-09-13T15:10:58.3385644Z Check if Python hostedtoolcache folder exist...
2026-09-13T15:10:58.3386748Z Create Python 3.13.5 folder
2026-09-13T15:10:58.3400422Z Copy Python binaries to hostedtoolcache folder
2026-09-13T15:10:59.0536799Z Create additional symlinks (Required for the UsePythonVersion Azure Pipelines task and the setup-python GitHub Action)
2026-09-13T15:10:59.0579710Z Upgrading pip...
2026-09-13T15:11:01.7706171Z Looking in links: /tmp/tmponwtutku
2026-09-13T15:11:01.7712121Z Requirement already satisfied: pip in /opt/hostedtoolcache/Python/3.13.5/x64/lib/python3.13/site-packages (25.1.1)
2026-09-13T15:11:03.3537790Z Collecting pip
2026-09-13T15:11:03.3840274Z Downloading pip-26.2.1-py3-none-any.whl.metadata (4.6 kB)
2026-09-13T15:11:03.3944390Z Downloading pip-26.2.1-py3-none-any.whl (1.8 MB)
2026-09-13T15:11:03.4226591Z ━━━━━━━━━━━━━━━━━━━━━━━━━━━━━━━━━━━━━━━━ 1.8/1.8 MB 125.0 MB/s eta 0:00:00
2026-09-13T15:11:03.4227738Z 
2026-09-13T15:11:03.4426414Z Installing collected packages: pip
2026-09-13T15:11:03.4436101Z Attempting uninstall: pip
2026-09-13T15:11:03.4476009Z Found existing installation: pip 25.1.1
2026-09-13T15:11:03.4843060Z Uninstalling pip-25.1.1:
2026-09-13T15:11:03.4900280Z Successfully uninstalled pip-25.1.1
2026-09-13T15:11:04.3961140Z Successfully installed pip-26.2.1
2026-09-13T15:11:04.4605143Z Create complete file
2026-09-13T15:11:04.4650716Z Successfully set up CPython (3.13.5)
2026-09-13T15:11:04.4652417Z ##[endgroup]
2026-09-13T15:11:04.4917187Z Node 20 is being deprecated. This workflow is running with Node 24 by default. If you need to temporarily use Node 20, you can set the ACTIONS_ALLOW_USE_UNSECURE_NODE_VERSION=true environment variable. For more information see: https://github.blog/changelog/2025-09-19-deprecation-of-node-20-on-github-actions-runners/
2026-09-13T15:11:04.4918490Z ##[group]Run actions/setup-node@v4
2026-09-13T15:11:04.4918755Z with:
2026-09-13T15:11:04.4918965Z   node-version: 22.22.0
2026-09-13T15:11:04.4919201Z   always-auth: false
2026-09-13T15:11:04.4919425Z   check-latest: false
2026-09-13T15:11:04.4921903Z   token: ***
2026-09-13T15:11:04.4922111Z env:
2026-09-13T15:11:04.4922331Z   PYTHONDONTWRITEBYTECODE: 1
2026-09-13T15:11:04.4922659Z   pythonLocation: /opt/hostedtoolcache/Python/3.13.5/x64
2026-09-13T15:11:04.4923133Z   PKG_CONFIG_PATH: /opt/hostedtoolcache/Python/3.13.5/x64/lib/pkgconfig
2026-09-13T15:11:04.4923568Z   Python_ROOT_DIR: /opt/hostedtoolcache/Python/3.13.5/x64
2026-09-13T15:11:04.4924027Z   Python2_ROOT_DIR: /opt/hostedtoolcache/Python/3.13.5/x64
2026-09-13T15:11:04.4924410Z   Python3_ROOT_DIR: /opt/hostedtoolcache/Python/3.13.5/x64
2026-09-13T15:11:04.4924799Z   LD_LIBRARY_PATH: /opt/hostedtoolcache/Python/3.13.5/x64/lib
2026-09-13T15:11:04.4925572Z ##[endgroup]
2026-09-13T15:11:04.6450325Z Attempting to download 22.22.0...
2026-09-13T15:11:04.6566434Z (node:2197) [DEP0040] DeprecationWarning: The `punycode` module is deprecated. Please use a userland alternative instead.
2026-09-13T15:11:04.6568400Z (Use `node --trace-deprecation ...` to show where the warning was created)
2026-09-13T15:11:05.6465947Z Acquiring 22.22.0 - x64 from https://github.com/actions/node-versions/releases/download/22.22.0-20981702931/node-22.22.0-linux-x64.tar.gz
2026-09-13T15:11:06.3130651Z Extracting ...
2026-09-13T15:11:06.3279834Z [command]/usr/bin/tar xz --strip 1 --warning=no-unknown-keyword --overwrite -C /home/runner/work/_temp/748546ef-880c-4cb4-9107-ecc88deddfbb -f /home/runner/work/_temp/5f9df33e-d1d6-4cd1-8d1f-65a89dbca0a7
2026-09-13T15:11:07.7774455Z Adding to the cache ...
2026-09-13T15:11:10.8509933Z ##[group]Environment details
2026-09-13T15:11:11.1295995Z node: v22.22.0
2026-09-13T15:11:11.1296433Z npm: 10.9.4
2026-09-13T15:11:11.1296761Z yarn: 1.22.22
2026-09-13T15:11:11.1297478Z ##[endgroup]
2026-09-13T15:11:11.1513103Z ##[group]Run python ci/retention/verify_source.py "$RUNNER_TEMP/evidence/source"
2026-09-13T15:11:11.1514011Z [36;1mpython ci/retention/verify_source.py "$RUNNER_TEMP/evidence/source"[0m
2026-09-13T15:11:11.1514660Z [36;1mpython ci/retention/verify_alignment.py "$RUNNER_TEMP/evidence/source/ALIGNMENT_RESULT.json"[0m
2026-09-13T15:11:11.1558866Z shell: /usr/bin/bash --noprofile --norc -e -o pipefail {0}
2026-09-13T15:11:11.1559258Z env:
2026-09-13T15:11:11.1559492Z   PYTHONDONTWRITEBYTECODE: 1
2026-09-13T15:11:11.1559840Z   pythonLocation: /opt/hostedtoolcache/Python/3.13.5/x64
2026-09-13T15:11:11.1560307Z   PKG_CONFIG_PATH: /opt/hostedtoolcache/Python/3.13.5/x64/lib/pkgconfig
2026-09-13T15:11:11.1560789Z   Python_ROOT_DIR: /opt/hostedtoolcache/Python/3.13.5/x64
2026-09-13T15:11:11.1561193Z   Python2_ROOT_DIR: /opt/hostedtoolcache/Python/3.13.5/x64
2026-09-13T15:11:11.1561603Z   Python3_ROOT_DIR: /opt/hostedtoolcache/Python/3.13.5/x64
2026-09-13T15:11:11.1562050Z   LD_LIBRARY_PATH: /opt/hostedtoolcache/Python/3.13.5/x64/lib
2026-09-13T15:11:11.1562400Z ##[endgroup]
2026-09-13T15:11:11.4050061Z {"source_files": 1332, "source_tree_sha256": "20b8b9b547636b47ab627f2adf8adc562deb01e07bce224e4705e838c92e7eb2", "unchanged_parent_files": 1188, "new_files": 61, "repaired_existing_files": 83, "compatibility_files_unchanged": 19, "checkpoint_commit": "9f28f822110e187c22baf82391063c8b05c039c1", "byte_retention": "PASS", "full_feature_retention": "HOLD_APPROVAL_BLOCKED_PROVIDER_GUARD", "deployment": "NOT_RUN", "production": "HOLD"}
2026-09-13T15:11:11.6929835Z {"commit": "9f28f822110e187c22baf82391063c8b05c039c1", "application_tree": "b9aee82e8c3932a540349b1f62b714c5ea52e837", "selected_source_files": 1332, "retained_baseline_files": 1300, "registered_acceptance_repairs": 105, "selection_counts": {"BOTH": 1264, "PR47": 35, "PR48": 1}, "pr47_application_changes": ["application/frontend/shared/app.js"], "archived_tooling_files": 8, "alignment": "PASS", "historical_pass_transferred": false, "full_three_end_ux": "HOLD", "six_vertical_closed_loop": "HOLD", "sealed_node": "HOLD", "final_release": "HOLD"}
2026-09-13T15:11:11.7073964Z ##[group]Run python ci/retention/dependencies.py --repository . --output "$RUNNER_TEMP/frozen"
2026-09-13T15:11:11.7074719Z [36;1mpython ci/retention/dependencies.py --repository . --output "$RUNNER_TEMP/frozen"[0m
2026-09-13T15:11:11.7075929Z [36;1mpython -m pip install --no-index --find-links "$RUNNER_TEMP/frozen/wheelhouse" -r ci/retention/requirements.lock[0m
2026-09-13T15:11:11.7115282Z shell: /usr/bin/bash --noprofile --norc -e -o pipefail {0}
2026-09-13T15:11:11.7115658Z env:
2026-09-13T15:11:11.7115888Z   PYTHONDONTWRITEBYTECODE: 1
2026-09-13T15:11:11.7116234Z   pythonLocation: /opt/hostedtoolcache/Python/3.13.5/x64
2026-09-13T15:11:11.7116697Z   PKG_CONFIG_PATH: /opt/hostedtoolcache/Python/3.13.5/x64/lib/pkgconfig
2026-09-13T15:11:11.7117128Z   Python_ROOT_DIR: /opt/hostedtoolcache/Python/3.13.5/x64
2026-09-13T15:11:11.7117521Z   Python2_ROOT_DIR: /opt/hostedtoolcache/Python/3.13.5/x64
2026-09-13T15:11:11.7117946Z   Python3_ROOT_DIR: /opt/hostedtoolcache/Python/3.13.5/x64
2026-09-13T15:11:11.7118336Z   LD_LIBRARY_PATH: /opt/hostedtoolcache/Python/3.13.5/x64/lib
2026-09-13T15:11:11.7118671Z ##[endgroup]
2026-09-13T15:11:12.0697803Z {"archive_sha256": "b13a76ab9351f81da70e8e2c8873c20141abe953cd3f96aeb181ef86a34b58dd", "verified_wheels": 37, "source": "pinned GO repository ci/dependency_parts only", "application_source_restored": false}
2026-09-13T15:11:13.0058844Z Looking in links: /home/runner/work/_temp/frozen/wheelhouse
2026-09-13T15:11:13.0168190Z Processing /home/runner/work/_temp/frozen/wheelhouse/alembic-1.16.5-py3-none-any.whl (from -r ci/retention/requirements.lock (line 1))
2026-09-13T15:11:13.0247624Z Processing /home/runner/work/_temp/frozen/wheelhouse/annotated_doc-0.0.4-py3-none-any.whl (from -r ci/retention/requirements.lock (line 2))
2026-09-13T15:11:13.0277525Z Processing /home/runner/work/_temp/frozen/wheelhouse/annotated_types-0.7.0-py3-none-any.whl (from -r ci/retention/requirements.lock (line 3))
2026-09-13T15:11:13.0307563Z Processing /home/runner/work/_temp/frozen/wheelhouse/anyio-4.13.0-py3-none-any.whl (from -r ci/retention/requirements.lock (line 4))
2026-09-13T15:11:13.0346334Z Processing /home/runner/work/_temp/frozen/wheelhouse/certifi-2026.5.20-py3-none-any.whl (from -r ci/retention/requirements.lock (line 5))
2026-09-13T15:11:13.0373283Z Processing /home/runner/work/_temp/frozen/wheelhouse/cffi-2.0.0-cp313-cp313-manylinux_2_17_x86_64.whl (from -r ci/retention/requirements.lock (line 6))
2026-09-13T15:11:13.0402566Z Processing /home/runner/work/_temp/frozen/wheelhouse/click-8.5.0-py3-none-any.whl (from -r ci/retention/requirements.lock (line 7))
2026-09-13T15:11:13.0430122Z Processing /home/runner/work/_temp/frozen/wheelhouse/cryptography-46.0.4-cp311-abi3-manylinux_2_34_x86_64.whl (from -r ci/retention/requirements.lock (line 8))
2026-09-13T15:11:13.0529022Z Processing /home/runner/work/_temp/frozen/wheelhouse/fastapi-0.128.2-py3-none-any.whl (from -r ci/retention/requirements.lock (line 9))
2026-09-13T15:11:13.0597180Z Processing /home/runner/work/_temp/frozen/wheelhouse/greenlet-3.5.1-cp313-cp313-manylinux_2_24_x86_64.whl (from -r ci/retention/requirements.lock (line 10))
2026-09-13T15:11:13.0638003Z Processing /home/runner/work/_temp/frozen/wheelhouse/h11-0.16.0-py3-none-any.whl (from -r ci/retention/requirements.lock (line 11))
2026-09-13T15:11:13.0669381Z Processing /home/runner/work/_temp/frozen/wheelhouse/httpcore-1.0.9-py3-none-any.whl (from -r ci/retention/requirements.lock (line 12))
2026-09-13T15:11:13.0709902Z Processing /home/runner/work/_temp/frozen/wheelhouse/httpx-0.28.1-py3-none-any.whl (from -r ci/retention/requirements.lock (line 13))
2026-09-13T15:11:13.0753736Z Processing /home/runner/work/_temp/frozen/wheelhouse/idna-3.17-py3-none-any.whl (from -r ci/retention/requirements.lock (line 14))
2026-09-13T15:11:13.0785457Z Processing /home/runner/work/_temp/frozen/wheelhouse/iniconfig-2.3.0-py3-none-any.whl (from -r ci/retention/requirements.lock (line 15))
2026-09-13T15:11:13.0812411Z Processing /home/runner/work/_temp/frozen/wheelhouse/mako-1.3.10-py3-none-any.whl (from -r ci/retention/requirements.lock (line 16))
2026-09-13T15:11:13.0844271Z Processing /home/runner/work/_temp/frozen/wheelhouse/markupsafe-3.0.3-cp313-cp313-manylinux2014_x86_64.manylinux_2_17_x86_64.manylinux_2_28_x86_64.whl (from -r ci/retention/requirements.lock (line 17))
2026-09-13T15:11:13.0869700Z Processing /home/runner/work/_temp/frozen/wheelhouse/packaging-25.0-py3-none-any.whl (from -r ci/retention/requirements.lock (line 18))
2026-09-13T15:11:13.0899321Z Processing /home/runner/work/_temp/frozen/wheelhouse/pillow-12.3.0-cp313-cp313-manylinux_2_27_x86_64.whl (from -r ci/retention/requirements.lock (line 19))
2026-09-13T15:11:13.1012836Z Processing /home/runner/work/_temp/frozen/wheelhouse/pluggy-1.6.0-py3-none-any.whl (from -r ci/retention/requirements.lock (line 20))
2026-09-13T15:11:13.1055480Z Processing /home/runner/work/_temp/frozen/wheelhouse/psycopg_binary-3.2.10-cp313-cp313-manylinux2014_x86_64.manylinux_2_17_x86_64.whl (from -r ci/retention/requirements.lock (line 21))
2026-09-13T15:11:13.1125449Z Processing /home/runner/work/_temp/frozen/wheelhouse/psycopg-3.2.10-py3-none-any.whl (from -r ci/retention/requirements.lock (line 22))
2026-09-13T15:11:13.1185451Z Processing /home/runner/work/_temp/frozen/wheelhouse/pycparser-3.0-py3-none-any.whl (from -r ci/retention/requirements.lock (line 23))
2026-09-13T15:11:13.1213675Z Processing /home/runner/work/_temp/frozen/wheelhouse/pydantic_settings-2.14.1-py3-none-any.whl (from -r ci/retention/requirements.lock (line 24))
2026-09-13T15:11:13.1248039Z Processing /home/runner/work/_temp/frozen/wheelhouse/pydantic-2.13.4-py3-none-any.whl (from -r ci/retention/requirements.lock (line 25))
2026-09-13T15:11:13.1327406Z Processing /home/runner/work/_temp/frozen/wheelhouse/pydantic_core-2.46.4-cp313-cp313-manylinux_2_17_x86_64.whl (from -r ci/retention/requirements.lock (line 26))
2026-09-13T15:11:13.1381371Z Processing /home/runner/work/_temp/frozen/wheelhouse/Pygments-2.20.0-py3-none-any.whl (from -r ci/retention/requirements.lock (line 27))
2026-09-13T15:11:13.1471119Z Processing /home/runner/work/_temp/frozen/wheelhouse/PyJWT-2.13.0-py3-none-any.whl (from -r ci/retention/requirements.lock (line 28))
2026-09-13T15:11:13.1499862Z Processing /home/runner/work/_temp/frozen/wheelhouse/pytest_asyncio-1.3.0-py3-none-any.whl (from -r ci/retention/requirements.lock (line 29))
2026-09-13T15:11:13.1532397Z Processing /home/runner/work/_temp/frozen/wheelhouse/pytest-9.0.2-py3-none-any.whl (from -r ci/retention/requirements.lock (line 30))
2026-09-13T15:11:13.1587787Z Processing /home/runner/work/_temp/frozen/wheelhouse/python_dotenv-1.2.2-py3-none-any.whl (from -r ci/retention/requirements.lock (line 31))
2026-09-13T15:11:13.1627289Z Processing /home/runner/work/_temp/frozen/wheelhouse/redis-5.2.1-py3-none-any.whl (from -r ci/retention/requirements.lock (line 32))
2026-09-13T15:11:13.1663604Z Processing /home/runner/work/_temp/frozen/wheelhouse/SQLAlchemy-2.0.50-cp313-cp313-manylinux_2_17_x86_64.whl (from -r ci/retention/requirements.lock (line 33))
2026-09-13T15:11:13.1818731Z Processing /home/runner/work/_temp/frozen/wheelhouse/starlette-0.50.0-py3-none-any.whl (from -r ci/retention/requirements.lock (line 34))
2026-09-13T15:11:13.1855406Z Processing /home/runner/work/_temp/frozen/wheelhouse/typing_inspection-0.4.2-py3-none-any.whl (from -r ci/retention/requirements.lock (line 35))
2026-09-13T15:11:13.1883179Z Processing /home/runner/work/_temp/frozen/wheelhouse/typing_extensions-4.16.0-py3-none-any.whl (from -r ci/retention/requirements.lock (line 36))
2026-09-13T15:11:13.1910295Z Processing /home/runner/work/_temp/frozen/wheelhouse/uvicorn-0.35.0-py3-none-any.whl (from -r ci/retention/requirements.lock (line 37))
2026-09-13T15:11:13.3240753Z Installing collected packages: typing_extensions, redis, python-dotenv, PyJWT, Pygments, pycparser, psycopg-binary, psycopg, pluggy, Pillow, packaging, MarkupSafe, iniconfig, idna, h11, greenlet, click, certifi, annotated-types, annotated-doc, uvicorn, typing-inspection, SQLAlchemy, pytest, pydantic_core, Mako, httpcore, cffi, anyio, starlette, pytest-asyncio, pydantic, httpx, cryptography, alembic, pydantic-settings, fastapi
2026-09-13T15:11:18.2355451Z 
2026-09-13T15:11:18.2392376Z Successfully installed Mako-1.3.10 MarkupSafe-3.0.3 Pillow-12.3.0 PyJWT-2.13.0 Pygments-2.20.0 SQLAlchemy-2.0.50 alembic-1.16.5 annotated-doc-0.0.4 annotated-types-0.7.0 anyio-4.13.0 certifi-2026.5.20 cffi-2.0.0 click-8.5.0 cryptography-46.0.4 fastapi-0.128.2 greenlet-3.5.1 h11-0.16.0 httpcore-1.0.9 httpx-0.28.1 idna-3.17 iniconfig-2.3.0 packaging-25.0 pluggy-1.6.0 psycopg-3.2.10 psycopg-binary-3.2.10 pycparser-3.0 pydantic-2.13.4 pydantic-settings-2.14.1 pydantic_core-2.46.4 pytest-9.0.2 pytest-asyncio-1.3.0 python-dotenv-1.2.2 redis-5.2.1 starlette-0.50.0 typing-inspection-0.4.2 typing_extensions-4.16.0 uvicorn-0.35.0
2026-09-13T15:11:18.2993482Z ##[group]Run node --test tests_frontend/*.test.mjs | tee "$RUNNER_TEMP/evidence/frontend.log"
2026-09-13T15:11:18.2994151Z [36;1mnode --test tests_frontend/*.test.mjs | tee "$RUNNER_TEMP/evidence/frontend.log"[0m
2026-09-13T15:11:18.3032067Z shell: /usr/bin/bash --noprofile --norc -e -o pipefail {0}
2026-09-13T15:11:18.3032428Z env:
2026-09-13T15:11:18.3032648Z   PYTHONDONTWRITEBYTECODE: 1
2026-09-13T15:11:18.3032978Z   pythonLocation: /opt/hostedtoolcache/Python/3.13.5/x64
2026-09-13T15:11:18.3033428Z   PKG_CONFIG_PATH: /opt/hostedtoolcache/Python/3.13.5/x64/lib/pkgconfig
2026-09-13T15:11:18.3033876Z   Python_ROOT_DIR: /opt/hostedtoolcache/Python/3.13.5/x64
2026-09-13T15:11:18.3034271Z   Python2_ROOT_DIR: /opt/hostedtoolcache/Python/3.13.5/x64
2026-09-13T15:11:18.3035097Z   Python3_ROOT_DIR: /opt/hostedtoolcache/Python/3.13.5/x64
2026-09-13T15:11:18.3035524Z   LD_LIBRARY_PATH: /opt/hostedtoolcache/Python/3.13.5/x64/lib
2026-09-13T15:11:18.3035890Z ##[endgroup]
2026-09-13T15:11:18.3596345Z TAP version 13
2026-09-13T15:11:18.4016463Z # Subtest: HTTP helper retains CSRF together with idempotency header
2026-09-13T15:11:18.4026189Z ok 1 - HTTP helper retains CSRF together with idempotency header
2026-09-13T15:11:18.4027169Z   ---
2026-09-13T15:11:18.4027817Z   duration_ms: 3.448499
2026-09-13T15:11:18.4028452Z   type: 'test'
2026-09-13T15:11:18.4029021Z   ...
2026-09-13T15:11:18.4055164Z # Subtest: Escape cancels traveler selection without authorizing or creating an order
2026-09-13T15:11:18.4056941Z ok 2 - Escape cancels traveler selection without authorizing or creating an order
2026-09-13T15:11:18.4057979Z   ---
2026-09-13T15:11:18.4058609Z   duration_ms: 8.632063
2026-09-13T15:11:18.4059146Z   type: 'test'
2026-09-13T15:11:18.4059612Z   ...
2026-09-13T15:11:18.4078222Z # Subtest: rental consent is bound to the selected traveler, field and purpose
2026-09-13T15:11:18.4087412Z ok 3 - rental consent is bound to the selected traveler, field and purpose
2026-09-13T15:11:18.4088294Z   ---
2026-09-13T15:11:18.4088817Z   duration_ms: 4.198526
2026-09-13T15:11:18.4089505Z   type: 'test'
2026-09-13T15:11:18.4090061Z   ...
2026-09-13T15:11:18.4097272Z # Subtest: payment is cancelled without any checkout mutation
2026-09-13T15:11:18.4104114Z ok 4 - payment is cancelled without any checkout mutation
2026-09-13T15:11:18.4105188Z   ---
2026-09-13T15:11:18.4105734Z   duration_ms: 1.644074
2026-09-13T15:11:18.4106264Z   type: 'test'
2026-09-13T15:11:18.4106722Z   ...
2026-09-13T15:11:18.4120019Z # Subtest: a failed confirmed payment stays visible and can be retried
2026-09-13T15:11:18.4127593Z ok 5 - a failed confirmed payment stays visible and can be retried
2026-09-13T15:11:18.4128494Z   ---
2026-09-13T15:11:18.4129049Z   duration_ms: 2.099158
2026-09-13T15:11:18.4129659Z   type: 'test'
2026-09-13T15:11:18.4130213Z   ...
2026-09-13T15:11:18.4150257Z # Subtest: cancelling a party selection creates no order or grant
2026-09-13T15:11:18.4153863Z ok 6 - cancelling a party selection creates no order or grant
2026-09-13T15:11:18.4157556Z   ---
2026-09-13T15:11:18.4158381Z   duration_ms: 1.900144
2026-09-13T15:11:18.4159090Z   type: 'test'
2026-09-13T15:11:18.4159648Z   ...
2026-09-13T15:11:18.4186073Z # Subtest: a party must contain the exact number of different travelers
2026-09-13T15:11:18.4193702Z ok 7 - a party must contain the exact number of different travelers
2026-09-13T15:11:18.4197874Z   ---
2026-09-13T15:11:18.4198398Z   duration_ms: 3.385812
2026-09-13T15:11:18.4198910Z   type: 'test'
2026-09-13T15:11:18.4199369Z   ...
2026-09-13T15:11:18.4209479Z # Subtest: party confirmation returns only the explicitly selected traveler references
2026-09-13T15:11:18.4215866Z ok 8 - party confirmation returns only the explicitly selected traveler references
2026-09-13T15:11:18.4217893Z   ---
2026-09-13T15:11:18.4218587Z   duration_ms: 1.85538
2026-09-13T15:11:18.4219292Z   type: 'test'
2026-09-13T15:11:18.4219914Z   ...
2026-09-13T15:11:18.4226255Z # Subtest: party selection cannot submit without confirming adult travelers and purpose
2026-09-13T15:11:18.4230517Z ok 9 - party selection cannot submit without confirming adult travelers and purpose
2026-09-13T15:11:18.4234790Z   ---
2026-09-13T15:11:18.4235725Z   duration_ms: 3.433909
2026-09-13T15:11:18.4236411Z   type: 'test'
2026-09-13T15:11:18.4236983Z   ...
2026-09-13T15:11:18.4790422Z # Subtest: consumer uses locked V14 main and compact artwork with responsive selection
2026-09-13T15:11:18.4793394Z ok 10 - consumer uses locked V14 main and compact artwork with responsive selection
2026-09-13T15:11:18.4794640Z   ---
2026-09-13T15:11:18.4795745Z   duration_ms: 1.888654
2026-09-13T15:11:18.4796520Z   type: 'test'
2026-09-13T15:11:18.4797177Z   ...
2026-09-13T15:11:18.4804369Z # Subtest: supplier and admin share the locked reverse V14 compact lockup
2026-09-13T15:11:18.4819743Z ok 11 - supplier and admin share the locked reverse V14 compact lockup
2026-09-13T15:11:18.4828868Z   ---
2026-09-13T15:11:18.4832172Z   duration_ms: 1.26314
2026-09-13T15:11:18.4832841Z   type: 'test'
2026-09-13T15:11:18.4833406Z   ...
2026-09-13T15:11:18.4834247Z # Subtest: all three entry documents advance cache tokens together
2026-09-13T15:11:18.4835651Z ok 12 - all three entry documents advance cache tokens together
2026-09-13T15:11:18.4836482Z   ---
2026-09-13T15:11:18.4837036Z   duration_ms: 0.284334
2026-09-13T15:11:18.4837643Z   type: 'test'
2026-09-13T15:11:18.4838191Z   ...
2026-09-13T15:11:18.4839307Z # Subtest: GO subbrands use V14 geometry with a deliberately recessive GO tier
2026-09-13T15:11:18.4841208Z ok 13 - GO subbrands use V14 geometry with a deliberately recessive GO tier
2026-09-13T15:11:18.4842238Z   ---
2026-09-13T15:11:18.4842871Z   duration_ms: 0.308048
2026-09-13T15:11:18.4843511Z   type: 'test'
2026-09-13T15:11:18.4844164Z   ...
2026-09-13T15:11:18.4848910Z # Subtest: legacy runtime asset names also resolve to locked V14 geometry
2026-09-13T15:11:18.4856996Z ok 14 - legacy runtime asset names also resolve to locked V14 geometry
2026-09-13T15:11:18.4857990Z   ---
2026-09-13T15:11:18.4858657Z   duration_ms: 0.455805
2026-09-13T15:11:18.4859400Z   type: 'test'
2026-09-13T15:11:18.4860062Z   ...
2026-09-13T15:11:18.6278880Z # (node:2289) [MODULE_TYPELESS_PACKAGE_JSON] Warning: Module type of file:///home/runner/work/GO/GO/application/mobile/go-app/src/domain/tripFacts.ts is not specified and it doesn't parse as CommonJS.
2026-09-13T15:11:18.6296734Z # Reparsing as ES module because module syntax was detected. This incurs a performance overhead.
2026-09-13T15:11:18.6317681Z # To eliminate this warning, add "type": "module" to /home/runner/work/GO/GO/application/mobile/go-app/package.json.
2026-09-13T15:11:18.6342154Z # (Use `node --trace-warnings ...` to show where the warning was created)
2026-09-13T15:11:18.6348318Z # Subtest: web trip keeps original and requested dates separate while supplement is pending
2026-09-13T15:11:18.6367450Z ok 15 - web trip keeps original and requested dates separate while supplement is pending
2026-09-13T15:11:18.6387135Z   ---
2026-09-13T15:11:18.6395821Z   duration_ms: 3.582921
2026-09-13T15:11:18.6396645Z   type: 'test'
2026-09-13T15:11:18.6397225Z   ...
2026-09-13T15:11:18.6398680Z # Subtest: native trip shows pending money honestly and completed refund total
2026-09-13T15:11:18.6405922Z ok 16 - native trip shows pending money honestly and completed refund total
2026-09-13T15:11:18.6408683Z   ---
2026-09-13T15:11:18.6409310Z   duration_ms: 1.136862
2026-09-13T15:11:18.6410092Z   type: 'test'
2026-09-13T15:11:18.6410655Z   ...
2026-09-13T15:11:18.6447258Z # Subtest: supplier workbench displays the same cumulative payment summary
2026-09-13T15:11:18.6448358Z ok 17 - supplier workbench displays the same cumulative payment summary
2026-09-13T15:11:18.6449015Z   ---
2026-09-13T15:11:18.6449527Z   duration_ms: 2.616097
2026-09-13T15:11:18.6449997Z   type: 'test'
2026-09-13T15:11:18.6460432Z   ...
2026-09-13T15:11:18.7176786Z # Subtest: cancel review shows every cash component and exact fee basis before submission
2026-09-13T15:11:18.7218440Z ok 18 - cancel review shows every cash component and exact fee basis before submission
2026-09-13T15:11:18.7235560Z   ---
2026-09-13T15:11:18.7256227Z   duration_ms: 18.031766
2026-09-13T15:11:18.7256953Z   type: 'test'
2026-09-13T15:11:18.7257665Z   ...
2026-09-13T15:11:18.7258821Z # Subtest: closing cancel review never sends cancellation or reloads as completed
2026-09-13T15:11:18.7260351Z ok 19 - closing cancel review never sends cancellation or reloads as completed
2026-09-13T15:11:18.7261391Z   ---
2026-09-13T15:11:18.7262056Z   duration_ms: 0.950103
2026-09-13T15:11:18.7262788Z   type: 'test'
2026-09-13T15:11:18.7263383Z   ...
2026-09-13T15:11:18.7264202Z # Subtest: unchecked money confirmation cannot submit a cash action
2026-09-13T15:11:18.7265551Z ok 20 - unchecked money confirmation cannot submit a cash action
2026-09-13T15:11:18.7266778Z   ---
2026-09-13T15:11:18.7267410Z   duration_ms: 1.276715
2026-09-13T15:11:18.7268084Z   type: 'test'
2026-09-13T15:11:18.7268657Z   ...
2026-09-13T15:11:18.7269841Z # Subtest: change confirmation shows positive difference, free change and fixed original deadline
2026-09-13T15:11:18.7271580Z ok 21 - change confirmation shows positive difference, free change and fixed original deadline
2026-09-13T15:11:18.7272679Z   ---
2026-09-13T15:11:18.7273247Z   duration_ms: 1.121174
2026-09-13T15:11:18.7273913Z   type: 'test'
2026-09-13T15:11:18.7274495Z   ...
2026-09-13T15:11:18.7275833Z # Subtest: cancelled date selection does not request new inventory or a payment
2026-09-13T15:11:18.7277324Z ok 22 - cancelled date selection does not request new inventory or a payment
2026-09-13T15:11:18.7278313Z   ---
2026-09-13T15:11:18.7278939Z   duration_ms: 0.800031
2026-09-13T15:11:18.7279565Z   type: 'test'
2026-09-13T15:11:18.7280187Z   ...
2026-09-13T15:11:18.7281159Z # Subtest: displayed quote hash stays bound across asynchronous source mutation
2026-09-13T15:11:18.7282557Z ok 23 - displayed quote hash stays bound across asynchronous source mutation
2026-09-13T15:11:18.7283479Z   ---
2026-09-13T15:11:18.7285293Z   duration_ms: 0.859292
2026-09-13T15:11:18.7287309Z   type: 'test'
2026-09-13T15:11:18.7288061Z   ...
2026-09-13T15:11:18.7288988Z # Subtest: unknown supplier progress offers query only and binds the saved operation
2026-09-13T15:11:18.7290335Z ok 24 - unknown supplier progress offers query only and binds the saved operation
2026-09-13T15:11:18.7291196Z   ---
2026-09-13T15:11:18.7291620Z   duration_ms: 1.077491
2026-09-13T15:11:18.7292064Z   type: 'test'
2026-09-13T15:11:18.7292551Z   ...
2026-09-13T15:11:18.7293504Z # Subtest: cancel confirmed and refund pending remain distinct in the customer progress card
2026-09-13T15:11:18.7294799Z ok 25 - cancel confirmed and refund pending remain distinct in the customer progress card
2026-09-13T15:11:18.7305580Z   ---
2026-09-13T15:11:18.7306173Z   duration_ms: 0.717606
2026-09-13T15:11:18.7306762Z   type: 'test'
2026-09-13T15:11:18.7307332Z   ...
2026-09-13T15:11:18.8054172Z # Subtest: credit conversion waits for explicit quoted consent and does not claim an unknown cancellation succeeded
2026-09-13T15:11:18.8066653Z ok 26 - credit conversion waits for explicit quoted consent and does not claim an unknown cancellation succeeded
2026-09-13T15:11:18.8085639Z   ---
2026-09-13T15:11:18.8125935Z   duration_ms: 4.379335
2026-09-13T15:11:18.8150808Z   type: 'test'
2026-09-13T15:11:18.8155748Z   ...
2026-09-13T15:11:18.8156986Z # Subtest: canceling traveler selection sends no redemption or automatic identity
2026-09-13T15:11:18.8158536Z ok 27 - canceling traveler selection sends no redemption or automatic identity
2026-09-13T15:11:18.8159597Z   ---
2026-09-13T15:11:18.8160245Z   duration_ms: 1.065829
2026-09-13T15:11:18.8160944Z   type: 'test'
2026-09-13T15:11:18.8161613Z   ...
2026-09-13T15:11:18.8162844Z # Subtest: redemption network retry binds the same quote and explicitly selected traveler
2026-09-13T15:11:18.8164483Z ok 28 - redemption network retry binds the same quote and explicitly selected traveler
2026-09-13T15:11:18.8165866Z   ---
2026-09-13T15:11:18.8166857Z   duration_ms: 2.06297
2026-09-13T15:11:18.8167662Z   type: 'test'
2026-09-13T15:11:18.8168321Z   ...
2026-09-13T15:11:18.8169616Z # Subtest: unknown booking and pending refund remain distinct from completed credit restoration
2026-09-13T15:11:18.8171382Z ok 29 - unknown booking and pending refund remain distinct from completed credit restoration
2026-09-13T15:11:18.8172539Z   ---
2026-09-13T15:11:18.8173205Z   duration_ms: 0.884479
2026-09-13T15:11:18.8173928Z   type: 'test'
2026-09-13T15:11:18.8174603Z   ...
2026-09-13T15:11:18.8175914Z # Subtest: canceling a supplementary payment dialog re-enables the action
2026-09-13T15:11:18.8177361Z ok 30 - canceling a supplementary payment dialog re-enables the action
2026-09-13T15:11:18.8178403Z   ---
2026-09-13T15:11:18.8179039Z   duration_ms: 15.240581
2026-09-13T15:11:18.8179941Z   type: 'test'
2026-09-13T15:11:18.8180504Z   ...
2026-09-13T15:11:18.8181561Z # Subtest: conversion separates prior cash refunds and forfeiture from retained credit
2026-09-13T15:11:18.8183178Z ok 31 - conversion separates prior cash refunds and forfeiture from retained credit
2026-09-13T15:11:18.8184227Z   ---
2026-09-13T15:11:18.8185082Z   duration_ms: 2.073951
2026-09-13T15:11:18.8185785Z   type: 'test'
2026-09-13T15:11:18.8186490Z   ...
2026-09-13T15:11:18.8187758Z # Subtest: forfeiture conversion confirmation stays bound to the displayed quote after source object changes
2026-09-13T15:11:18.8189598Z ok 32 - forfeiture conversion confirmation stays bound to the displayed quote after source object changes
2026-09-13T15:11:18.8190748Z   ---
2026-09-13T15:11:18.8191439Z   duration_ms: 0.969589
2026-09-13T15:11:18.8192154Z   type: 'test'
2026-09-13T15:11:18.8192784Z   ...
2026-09-13T15:11:18.8193921Z # Subtest: credit detail keeps original excluded value visible after redemption changes
2026-09-13T15:11:18.8195723Z ok 33 - credit detail keeps original excluded value visible after redemption changes
2026-09-13T15:11:18.8196797Z   ---
2026-09-13T15:11:18.8197555Z   duration_ms: 0.903626
2026-09-13T15:11:18.8198189Z   type: 'test'
2026-09-13T15:11:18.8198770Z   ...
2026-09-13T15:11:18.8199902Z # Subtest: historical credit without a forfeiture breakdown never renders invalid amounts
2026-09-13T15:11:18.8201356Z ok 34 - historical credit without a forfeiture breakdown never renders invalid amounts
2026-09-13T15:11:18.8202424Z   ---
2026-09-13T15:11:18.8203077Z   duration_ms: 1.240537
2026-09-13T15:11:18.8203873Z   type: 'test'
2026-09-13T15:11:18.8204447Z   ...
2026-09-13T15:11:18.8205611Z # Subtest: conversion displays the fixed credit deadline instead of promising a fresh year
2026-09-13T15:11:18.8207064Z ok 35 - conversion displays the fixed credit deadline instead of promising a fresh year
2026-09-13T15:11:18.8207917Z   ---
2026-09-13T15:11:18.8208449Z   duration_ms: 1.147773
2026-09-13T15:11:18.8209007Z   type: 'test'
2026-09-13T15:11:18.8209503Z   ...
2026-09-13T15:11:18.8718550Z # Subtest: fare confirmation separates fee tiers, cooling, change and property credit terms
2026-09-13T15:11:18.8724165Z ok 36 - fare confirmation separates fee tiers, cooling, change and property credit terms
2026-09-13T15:11:18.8725663Z   ---
2026-09-13T15:11:18.8726350Z   duration_ms: 2.165903
2026-09-13T15:11:18.8727076Z   type: 'test'
2026-09-13T15:11:18.8727728Z   ...
2026-09-13T15:11:18.8749578Z # Subtest: cancelling fare confirmation has no accepted contract
2026-09-13T15:11:18.8751175Z ok 37 - cancelling fare confirmation has no accepted contract
2026-09-13T15:11:18.8752036Z   ---
2026-09-13T15:11:18.8752687Z   duration_ms: 1.646318
2026-09-13T15:11:18.8753516Z   type: 'test'
2026-09-13T15:11:18.8754182Z   ...
2026-09-13T15:11:18.8755778Z # Subtest: accepted hash remains bound to the rules displayed before asynchronous state changes
2026-09-13T15:11:18.8757693Z ok 38 - accepted hash remains bound to the rules displayed before asynchronous state changes
2026-09-13T15:11:18.8758965Z   ---
2026-09-13T15:11:18.8759611Z   duration_ms: 0.786736
2026-09-13T15:11:18.8760432Z   type: 'test'
2026-09-13T15:11:18.8761456Z   ...
2026-09-13T15:11:18.8762758Z # Subtest: declining hotel rules never selects or authorizes a traveler or creates an order
2026-09-13T15:11:18.8764516Z ok 39 - declining hotel rules never selects or authorizes a traveler or creates an order
2026-09-13T15:11:18.8766036Z   ---
2026-09-13T15:11:18.8766759Z   duration_ms: 1.531783
2026-09-13T15:11:18.8767487Z   type: 'test'
2026-09-13T15:11:18.8768134Z   ...
2026-09-13T15:11:18.8769547Z # Subtest: accepted hotel contract is included with selected traveler and stable booking request identity
2026-09-13T15:11:18.8771454Z ok 40 - accepted hotel contract is included with selected traveler and stable booking request identity
2026-09-13T15:11:18.8772686Z   ---
2026-09-13T15:11:18.8773350Z   duration_ms: 1.101205
2026-09-13T15:11:18.8774056Z   type: 'test'
2026-09-13T15:11:18.8775290Z   ...
2026-09-13T15:11:18.8776297Z # Subtest: supplier money and percentage inputs use exact minor units
2026-09-13T15:11:18.8777631Z ok 41 - supplier money and percentage inputs use exact minor units
2026-09-13T15:11:18.8778612Z   ---
2026-09-13T15:11:18.8779480Z   duration_ms: 1.085296
2026-09-13T15:11:18.8780164Z   type: 'test'
2026-09-13T15:11:18.8780795Z   ...
2026-09-13T15:11:18.9427464Z # Subtest: supplier lost-response retry keeps request identity and sends only the claimed cause
2026-09-13T15:11:18.9434339Z ok 42 - supplier lost-response retry keeps request identity and sends only the claimed cause
2026-09-13T15:11:18.9445474Z   ---
2026-09-13T15:11:18.9458282Z   duration_ms: 5.505455
2026-09-13T15:11:18.9464573Z   type: 'test'
2026-09-13T15:11:18.9465697Z   ...
2026-09-13T15:11:18.9466937Z # Subtest: supplier duplicate clicks while a request is pending cannot create another request
2026-09-13T15:11:18.9468730Z ok 43 - supplier duplicate clicks while a request is pending cannot create another request
2026-09-13T15:11:18.9470004Z   ---
2026-09-13T15:11:18.9470684Z   duration_ms: 1.082802
2026-09-13T15:11:18.9471406Z   type: 'test'
2026-09-13T15:11:18.9472065Z   ...
2026-09-13T15:11:18.9473474Z # Subtest: unknown supplier cancellation shows approved refund waiting for confirmation, without a resend button
2026-09-13T15:11:18.9475683Z ok 44 - unknown supplier cancellation shows approved refund waiting for confirmation, without a resend button
2026-09-13T15:11:18.9476960Z   ---
2026-09-13T15:11:18.9477617Z   duration_ms: 13.988621
2026-09-13T15:11:18.9478335Z   type: 'test'
2026-09-13T15:11:18.9479006Z   ...
2026-09-13T15:11:19.0149043Z # Subtest: hotel funds distinguish frozen, charged, released and refunded cent amounts
2026-09-13T15:11:19.0161300Z ok 45 - hotel funds distinguish frozen, charged, released and refunded cent amounts
2026-09-13T15:11:19.0173778Z   ---
2026-09-13T15:11:19.0191858Z   duration_ms: 15.566832
2026-09-13T15:11:19.0199210Z   type: 'test'
2026-09-13T15:11:19.0276293Z   ...
2026-09-13T15:11:19.0306054Z # Subtest: only approved pending refunds expose retry and all server labels are escaped
2026-09-13T15:11:19.0307672Z ok 46 - only approved pending refunds expose retry and all server labels are escaped
2026-09-13T15:11:19.0335680Z   ---
2026-09-13T15:11:19.0349623Z   duration_ms: 0.50083
2026-09-13T15:11:19.0374168Z   type: 'test'
2026-09-13T15:11:19.0375551Z   ...
2026-09-13T15:11:19.0376577Z # Subtest: unknown funding shows reconciliation instead of a false payment claim
2026-09-13T15:11:19.0378083Z ok 47 - unknown funding shows reconciliation instead of a false payment claim
2026-09-13T15:11:19.0378972Z   ---
2026-09-13T15:11:19.0379503Z   duration_ms: 0.469561
2026-09-13T15:11:19.0380078Z   type: 'test'
2026-09-13T15:11:19.0380611Z   ...
2026-09-13T15:11:19.0381492Z # Subtest: trip links only open the exact canonical owned direct-reservation path
2026-09-13T15:11:19.0382708Z ok 48 - trip links only open the exact canonical owned direct-reservation path
2026-09-13T15:11:19.0383554Z   ---
2026-09-13T15:11:19.0384042Z   duration_ms: 0.412925
2026-09-13T15:11:19.0384590Z   type: 'test'
2026-09-13T15:11:19.0385456Z   ...
2026-09-13T15:11:19.0386548Z # Subtest: closing a stay complaint form makes no request
2026-09-13T15:11:19.0387597Z ok 49 - closing a stay complaint form makes no request
2026-09-13T15:11:19.0388322Z   ---
2026-09-13T15:11:19.0388842Z   duration_ms: 1.05534
2026-09-13T15:11:19.0389416Z   type: 'test'
2026-09-13T15:11:19.0389931Z   ...
2026-09-13T15:11:19.0390994Z # Subtest: complaint retries reuse the same request identity and have no refund approval fields
2026-09-13T15:11:19.0392516Z ok 50 - complaint retries reuse the same request identity and have no refund approval fields
2026-09-13T15:11:19.0393486Z   ---
2026-09-13T15:11:19.0394043Z   duration_ms: 1.525762
2026-09-13T15:11:19.0394629Z   type: 'test'
2026-09-13T15:11:19.0395491Z   ...
2026-09-13T15:11:19.0396447Z # Subtest: blank complaints and duplicate submission clicks cannot send extra requests
2026-09-13T15:11:19.0398089Z ok 51 - blank complaints and duplicate submission clicks cannot send extra requests
2026-09-13T15:11:19.0398995Z   ---
2026-09-13T15:11:19.0399536Z   duration_ms: 0.859342
2026-09-13T15:11:19.0400108Z   type: 'test'
2026-09-13T15:11:19.0400637Z   ...
2026-09-13T15:11:19.0823215Z # Subtest: closing hotel authorization leaves funds untouched
2026-09-13T15:11:19.0839240Z ok 52 - closing hotel authorization leaves funds untouched
2026-09-13T15:11:19.0840147Z   ---
2026-09-13T15:11:19.0840785Z   duration_ms: 2.093818
2026-09-13T15:11:19.0841417Z   type: 'test'
2026-09-13T15:11:19.0841956Z   ...
2026-09-13T15:11:19.0855946Z # Subtest: hotel checkout requires confirmation and binds the complete stay amount
2026-09-13T15:11:19.0857400Z ok 53 - hotel checkout requires confirmation and binds the complete stay amount
2026-09-13T15:11:19.0858763Z   ---
2026-09-13T15:11:19.0859435Z   duration_ms: 2.429608
2026-09-13T15:11:19.0860027Z   type: 'test'
2026-09-13T15:11:19.0860866Z   ...
2026-09-13T15:11:19.0862007Z # Subtest: a second click cannot create another hotel authorization while the first is pending
2026-09-13T15:11:19.0863746Z ok 54 - a second click cannot create another hotel authorization while the first is pending
2026-09-13T15:11:19.0865152Z   ---
2026-09-13T15:11:19.0866068Z   duration_ms: 0.899418
2026-09-13T15:11:19.0866802Z   type: 'test'
2026-09-13T15:11:19.0867432Z   ...
2026-09-13T15:11:19.0887348Z # Subtest: a failed hotel authorization remains visible and can be retried
2026-09-13T15:11:19.0900335Z ok 55 - a failed hotel authorization remains visible and can be retried
2026-09-13T15:11:19.0901244Z   ---
2026-09-13T15:11:19.0901787Z   duration_ms: 0.827933
2026-09-13T15:11:19.0902367Z   type: 'test'
2026-09-13T15:11:19.0902855Z   ...
2026-09-13T15:11:19.1635744Z # Subtest: conversion clearly shows capture and value and closing does not convert
2026-09-13T15:11:19.1650250Z ok 56 - conversion clearly shows capture and value and closing does not convert
2026-09-13T15:11:19.1665525Z   ---
2026-09-13T15:11:19.1672313Z   duration_ms: 20.997068
2026-09-13T15:11:19.1672892Z   type: 'test'
2026-09-13T15:11:19.1673400Z   ...
2026-09-13T15:11:19.1674344Z # Subtest: conversion retry keeps original quote, amount and original expiry
2026-09-13T15:11:19.1675970Z ok 57 - conversion retry keeps original quote, amount and original expiry
2026-09-13T15:11:19.1676904Z   ---
2026-09-13T15:11:19.1677439Z   duration_ms: 1.975425
2026-09-13T15:11:19.1678030Z   type: 'test'
2026-09-13T15:11:19.1678519Z   ...
2026-09-13T15:11:19.1679425Z # Subtest: redemption uses server quote policy and displays forfeiture before consent
2026-09-13T15:11:19.1680735Z ok 58 - redemption uses server quote policy and displays forfeiture before consent
2026-09-13T15:11:19.1681577Z   ---
2026-09-13T15:11:19.1682033Z   duration_ms: 1.477191
2026-09-13T15:11:19.1682540Z   type: 'test'
2026-09-13T15:11:19.1682982Z   ...
2026-09-13T15:11:19.1683937Z # Subtest: redemption confirms a fresh traveler and only releases hotel fields
2026-09-13T15:11:19.1685661Z ok 59 - redemption confirms a fresh traveler and only releases hotel fields
2026-09-13T15:11:19.1686621Z   ---
2026-09-13T15:11:19.1687181Z   duration_ms: 1.551491
2026-09-13T15:11:19.1688083Z   type: 'test'
2026-09-13T15:11:19.1688692Z   ...
2026-09-13T15:11:19.1698178Z # Subtest: double click and Escape cannot duplicate or dismiss pending redemption
2026-09-13T15:11:19.1725786Z ok 60 - double click and Escape cannot duplicate or dismiss pending redemption
2026-09-13T15:11:19.1730256Z   ---
2026-09-13T15:11:19.1745482Z   duration_ms: 8.996907
2026-09-13T15:11:19.1759704Z   type: 'test'
2026-09-13T15:11:19.1760244Z   ...
2026-09-13T15:11:19.1761145Z # Subtest: credit list filters property and disables frozen, expired or reconciliation credits
2026-09-13T15:11:19.1762231Z ok 61 - credit list filters property and disables frozen, expired or reconciliation credits
2026-09-13T15:11:19.1762855Z   ---
2026-09-13T15:11:19.1763344Z   duration_ms: 1.572259
2026-09-13T15:11:19.1764059Z   type: 'test'
2026-09-13T15:11:19.1764517Z   ...
2026-09-13T15:11:19.2526477Z # Subtest: a cancellation quote never cancels a booking and closing preserves it
2026-09-13T15:11:19.2529033Z ok 62 - a cancellation quote never cancels a booking and closing preserves it
2026-09-13T15:11:19.2539884Z   ---
2026-09-13T15:11:19.2550136Z   duration_ms: 20.914915
2026-09-13T15:11:19.2551033Z   type: 'test'
2026-09-13T15:11:19.2551752Z   ...
2026-09-13T15:11:19.2552851Z # Subtest: fee consent binds the server quote and keeps frozen release separate from cash refund
2026-09-13T15:11:19.2554499Z ok 63 - fee consent binds the server quote and keeps frozen release separate from cash refund
2026-09-13T15:11:19.2555919Z   ---
2026-09-13T15:11:19.2556599Z   duration_ms: 1.910364
2026-09-13T15:11:19.2557307Z   type: 'test'
2026-09-13T15:11:19.2557958Z   ...
2026-09-13T15:11:19.2558982Z # Subtest: interrupted cancellation retry uses exactly the same quote and fee
2026-09-13T15:11:19.2560492Z ok 64 - interrupted cancellation retry uses exactly the same quote and fee
2026-09-13T15:11:19.2561575Z   ---
2026-09-13T15:11:19.2562252Z   duration_ms: 1.290691
2026-09-13T15:11:19.2562962Z   type: 'test'
2026-09-13T15:11:19.2563608Z   ...
2026-09-13T15:11:19.2564660Z # Subtest: double clicks cannot settle twice while a cancellation is pending
2026-09-13T15:11:19.2566367Z ok 65 - double clicks cannot settle twice while a cancellation is pending
2026-09-13T15:11:19.2567400Z   ---
2026-09-13T15:11:19.2568047Z   duration_ms: 1.222693
2026-09-13T15:11:19.2568756Z   type: 'test'
2026-09-13T15:11:19.2569395Z   ...
2026-09-13T15:11:19.2570522Z # Subtest: unavailable fare actions have no executable buttons and rule text is escaped
2026-09-13T15:11:19.2572136Z ok 66 - unavailable fare actions have no executable buttons and rule text is escaped
2026-09-13T15:11:19.2573228Z   ---
2026-09-13T15:11:19.2573897Z   duration_ms: 0.997742
2026-09-13T15:11:19.2574597Z   type: 'test'
2026-09-13T15:11:19.2575515Z   ...
2026-09-13T15:11:19.2576657Z # Subtest: date changes quote first and require fresh consent after editing dates
2026-09-13T15:11:19.2578139Z ok 67 - date changes quote first and require fresh consent after editing dates
2026-09-13T15:11:19.2579152Z   ---
2026-09-13T15:11:19.2579817Z   duration_ms: 2.351781
2026-09-13T15:11:19.2580496Z   type: 'test'
2026-09-13T15:11:19.2581110Z   ...
2026-09-13T15:11:19.2582166Z # Subtest: extension keeps check-in fixed and explains replacement authorization
2026-09-13T15:11:19.2583659Z ok 68 - extension keeps check-in fixed and explains replacement authorization
2026-09-13T15:11:19.2584678Z   ---
2026-09-13T15:11:19.2585600Z   duration_ms: 2.160443
2026-09-13T15:11:19.2586310Z   type: 'test'
2026-09-13T15:11:19.2586957Z   ...
2026-09-13T15:11:19.3473528Z # Subtest: selected return leg has separate quote and exact confirmation, then reloads original order
2026-09-13T15:11:19.3482891Z ok 69 - selected return leg has separate quote and exact confirmation, then reloads original order
2026-09-13T15:11:19.3487288Z   ---
2026-09-13T15:11:19.3487730Z   duration_ms: 29.778172
2026-09-13T15:11:19.3488171Z   type: 'test'
2026-09-13T15:11:19.3488535Z   ...
2026-09-13T15:11:19.3489081Z # Subtest: closing dialog 1 never executes a change
2026-09-13T15:11:19.3490107Z ok 70 - closing dialog 1 never executes a change
2026-09-13T15:11:19.3490667Z   ---
2026-09-13T15:11:19.3491027Z   duration_ms: 1.207565
2026-09-13T15:11:19.3491432Z   type: 'test'
2026-09-13T15:11:19.3491779Z   ...
2026-09-13T15:11:19.3534164Z # Subtest: closing dialog 2 never executes a change
2026-09-13T15:11:19.3535658Z ok 71 - closing dialog 2 never executes a change
2026-09-13T15:11:19.3536582Z   ---
2026-09-13T15:11:19.3537251Z   duration_ms: 1.456943
2026-09-13T15:11:19.3537978Z   type: 'test'
2026-09-13T15:11:19.3538633Z   ...
2026-09-13T15:11:19.3539694Z # Subtest: mismatched or invalid quote cannot execute {"order_id":"other"}
2026-09-13T15:11:19.3541115Z ok 72 - mismatched or invalid quote cannot execute {"order_id":"other"}
2026-09-13T15:11:19.3542094Z   ---
2026-09-13T15:11:19.3543095Z   duration_ms: 1.470689
2026-09-13T15:11:19.3543801Z   type: 'test'
2026-09-13T15:11:19.3544474Z   ...
2026-09-13T15:11:19.3546178Z # Subtest: mismatched or invalid quote cannot execute {"changes":[{"leg_index":0,"new_departure_date":"2099-10-12"}]}
2026-09-13T15:11:19.3548196Z ok 73 - mismatched or invalid quote cannot execute {"changes":[{"leg_index":0,"new_departure_date":"2099-10-12"}]}
2026-09-13T15:11:19.3549511Z   ---
2026-09-13T15:11:19.3550154Z   duration_ms: 1.143695
2026-09-13T15:11:19.3550849Z   type: 'test'
2026-09-13T15:11:19.3551490Z   ...
2026-09-13T15:11:19.3552498Z # Subtest: mismatched or invalid quote cannot execute {"quote_hash":"bad"}
2026-09-13T15:11:19.3553855Z ok 74 - mismatched or invalid quote cannot execute {"quote_hash":"bad"}
2026-09-13T15:11:19.3554742Z   ---
2026-09-13T15:11:19.3557664Z   duration_ms: 1.248031
2026-09-13T15:11:19.3558293Z   type: 'test'
2026-09-13T15:11:19.3559028Z   ...
2026-09-13T15:11:19.3560025Z # Subtest: mismatched or invalid quote cannot execute {"total_due_minor":1.5}
2026-09-13T15:11:19.3561395Z ok 75 - mismatched or invalid quote cannot execute {"total_due_minor":1.5}
2026-09-13T15:11:19.3562268Z   ---
2026-09-13T15:11:19.3562816Z   duration_ms: 1.294598
2026-09-13T15:11:19.3563402Z   type: 'test'
2026-09-13T15:11:19.3563925Z   ...
2026-09-13T15:11:19.3564807Z # Subtest: mismatched or invalid quote cannot execute {"currency":"USD"}
2026-09-13T15:11:19.3566419Z ok 76 - mismatched or invalid quote cannot execute {"currency":"USD"}
2026-09-13T15:11:19.3567283Z   ---
2026-09-13T15:11:19.3567892Z   duration_ms: 1.674321
2026-09-13T15:11:19.3568597Z   type: 'test'
2026-09-13T15:11:19.3569260Z   ...
2026-09-13T15:11:19.3570339Z # Subtest: unknown result reloads and does not repeat the financial request
2026-09-13T15:11:19.3571781Z ok 77 - unknown result reloads and does not repeat the financial request
2026-09-13T15:11:19.3572777Z   ---
2026-09-13T15:11:19.3573432Z   duration_ms: 1.784507
2026-09-13T15:11:19.3574143Z   type: 'test'
2026-09-13T15:11:19.3574799Z   ...
2026-09-13T15:11:19.3575899Z # Subtest: no date changes cannot request a quote
2026-09-13T15:11:19.3576961Z ok 78 - no date changes cannot request a quote
2026-09-13T15:11:19.3577843Z   ---
2026-09-13T15:11:19.3578506Z   duration_ms: 1.042405
2026-09-13T15:11:19.3579210Z   type: 'test'
2026-09-13T15:11:19.3579850Z   ...
2026-09-13T15:11:19.4104197Z # Subtest: GO Trip shows all states, searches owned rows, opens the filtered order and restores all
2026-09-13T15:11:19.4110124Z ok 79 - GO Trip shows all states, searches owned rows, opens the filtered order and restores all
2026-09-13T15:11:19.4115926Z   ---
2026-09-13T15:11:19.4116752Z   duration_ms: 2.325202
2026-09-13T15:11:19.4117502Z   type: 'test'
2026-09-13T15:11:19.4118167Z   ...
2026-09-13T15:11:19.4119100Z # Subtest: legacy hotel return opens the same all-order GO Trip
2026-09-13T15:11:19.4120396Z ok 80 - legacy hotel return opens the same all-order GO Trip
2026-09-13T15:11:19.4121264Z   ---
2026-09-13T15:11:19.4121928Z   duration_ms: 0.834906
2026-09-13T15:11:19.4122655Z   type: 'test'
2026-09-13T15:11:19.4123332Z   ...
2026-09-13T15:11:19.4847699Z # Subtest: independent review requires an explicit checked attestation and chosen proof
2026-09-13T15:11:19.4861438Z ok 81 - independent review requires an explicit checked attestation and chosen proof
2026-09-13T15:11:19.4875233Z   ---
2026-09-13T15:11:19.4879612Z   duration_ms: 2.240833
2026-09-13T15:11:19.4880371Z   type: 'test'
2026-09-13T15:11:19.4881153Z   ...
2026-09-13T15:11:19.4882272Z # Subtest: review submits the exact evidence snapshot and no caller-selected money
2026-09-13T15:11:19.4883883Z ok 82 - review submits the exact evidence snapshot and no caller-selected money
2026-09-13T15:11:19.4885317Z   ---
2026-09-13T15:11:19.4885987Z   duration_ms: 0.85272
2026-09-13T15:11:19.4886707Z   type: 'test'
2026-09-13T15:11:19.4887362Z   ...
2026-09-13T15:11:19.4888496Z # Subtest: customer sees completed original refund separately from pending extra payment
2026-09-13T15:11:19.4890454Z ok 83 - customer sees completed original refund separately from pending extra payment
2026-09-13T15:11:19.4891558Z   ---
2026-09-13T15:11:19.4892415Z   duration_ms: 14.03062
2026-09-13T15:11:19.4893132Z   type: 'test'
2026-09-13T15:11:19.4894020Z   ...
2026-09-13T15:11:19.4896083Z # Subtest: unapproved guest liability is a review hold without a refund promise or pay button
2026-09-13T15:11:19.4904052Z ok 84 - unapproved guest liability is a review hold without a refund promise or pay button
2026-09-13T15:11:19.4905355Z   ---
2026-09-13T15:11:19.4906007Z   duration_ms: 0.229
2026-09-13T15:11:19.4906696Z   type: 'test'
2026-09-13T15:11:19.4907328Z   ...
2026-09-13T15:11:19.4908715Z # Subtest: zero captured payment explains authorization release and completed case has no retry
2026-09-13T15:11:19.4910603Z ok 85 - zero captured payment explains authorization release and completed case has no retry
2026-09-13T15:11:19.4911784Z   ---
2026-09-13T15:11:19.4912468Z   duration_ms: 0.342112
2026-09-13T15:11:19.4913211Z   type: 'test'
2026-09-13T15:11:19.4913846Z   ...
2026-09-13T15:11:19.4915469Z # Subtest: finance entry converts decimal currency without fractional cents or silent rounding
2026-09-13T15:11:19.4917226Z ok 86 - finance entry converts decimal currency without fractional cents or silent rounding
2026-09-13T15:11:19.4918381Z   ---
2026-09-13T15:11:19.4919026Z   duration_ms: 0.450876
2026-09-13T15:11:19.4919730Z   type: 'test'
2026-09-13T15:11:19.4920387Z   ...
2026-09-13T15:11:19.5437583Z # Subtest: hotel detail requests the chosen stay and currency and excludes mixed historical quotes
2026-09-13T15:11:19.5442708Z ok 87 - hotel detail requests the chosen stay and currency and excludes mixed historical quotes
2026-09-13T15:11:19.5458535Z   ---
2026-09-13T15:11:19.5470616Z   duration_ms: 2.757734
2026-09-13T15:11:19.5471791Z   type: 'test'
2026-09-13T15:11:19.5472446Z   ...
2026-09-13T15:11:19.5473538Z # Subtest: a stale selection cannot start prebooking for another date or currency
2026-09-13T15:11:19.5475316Z ok 88 - a stale selection cannot start prebooking for another date or currency
2026-09-13T15:11:19.5476249Z   ---
2026-09-13T15:11:19.5476784Z   duration_ms: 1.754591
2026-09-13T15:11:19.5477410Z   type: 'test'
2026-09-13T15:11:19.5478019Z   ...
2026-09-13T15:11:19.5479165Z # Subtest: the accepted same-stay offer supplies the prebooking currency and review data
2026-09-13T15:11:19.5480854Z ok 89 - the accepted same-stay offer supplies the prebooking currency and review data
2026-09-13T15:11:19.5481952Z   ---
2026-09-13T15:11:19.5482612Z   duration_ms: 0.842771
2026-09-13T15:11:19.5483326Z   type: 'test'
2026-09-13T15:11:19.5483969Z   ...
2026-09-13T15:11:19.5485248Z # Subtest: a late hotel response cannot overwrite the next search
2026-09-13T15:11:19.5486521Z ok 90 - a late hotel response cannot overwrite the next search
2026-09-13T15:11:19.5487688Z   ---
2026-09-13T15:11:19.5488473Z   duration_ms: 0.737093
2026-09-13T15:11:19.5489199Z   type: 'test'
2026-09-13T15:11:19.5489841Z   ...
2026-09-13T15:11:19.5490931Z # Subtest: missing dates or a mismatched hotel response cannot show bookable offers
2026-09-13T15:11:19.5492488Z ok 91 - missing dates or a mismatched hotel response cannot show bookable offers
2026-09-13T15:11:19.5493903Z   ---
2026-09-13T15:11:19.5494628Z   duration_ms: 1.318804
2026-09-13T15:11:19.5495600Z   type: 'test'
2026-09-13T15:11:19.5496235Z   ...
2026-09-13T15:11:19.5990924Z # Subtest: local build preserves development API and unrelated Expo config
2026-09-13T15:11:19.5995466Z ok 92 - local build preserves development API and unrelated Expo config
2026-09-13T15:11:19.6010589Z   ---
2026-09-13T15:11:19.6025322Z   duration_ms: 1.146481
2026-09-13T15:11:19.6026045Z   type: 'test'
2026-09-13T15:11:19.6026658Z   ...
2026-09-13T15:11:19.6027621Z # Subtest: preview and production require an explicit API binding
2026-09-13T15:11:19.6028780Z ok 93 - preview and production require an explicit API binding
2026-09-13T15:11:19.6029621Z   ---
2026-09-13T15:11:19.6030176Z   duration_ms: 0.69822
2026-09-13T15:11:19.6031221Z   type: 'test'
2026-09-13T15:11:19.6031859Z   ...
2026-09-13T15:11:19.6033005Z # Subtest: external builds reject loopback, placeholder, plaintext and credential URLs
2026-09-13T15:11:19.6034738Z ok 94 - external builds reject loopback, placeholder, plaintext and credential URLs
2026-09-13T15:11:19.6036123Z   ---
2026-09-13T15:11:19.6036774Z   duration_ms: 1.443328
2026-09-13T15:11:19.6037468Z   type: 'test'
2026-09-13T15:11:19.6038124Z   ...
2026-09-13T15:11:19.6039299Z # Subtest: explicit HTTPS build API reaches the same extra field consumed by client.ts
2026-09-13T15:11:19.6040850Z ok 95 - explicit HTTPS build API reaches the same extra field consumed by client.ts
2026-09-13T15:11:19.6041892Z   ---
2026-09-13T15:11:19.6042543Z   duration_ms: 0.232105
2026-09-13T15:11:19.6043264Z   type: 'test'
2026-09-13T15:11:19.6043891Z   ...
2026-09-13T15:11:19.6045302Z # Subtest: existing environment names and release metadata remain compatible
2026-09-13T15:11:19.6046723Z ok 96 - existing environment names and release metadata remain compatible
2026-09-13T15:11:19.6047649Z   ---
2026-09-13T15:11:19.6048195Z   duration_ms: 0.910168
2026-09-13T15:11:19.6048803Z   type: 'test'
2026-09-13T15:11:19.6049371Z   ...
2026-09-13T15:11:19.7804670Z # (node:2388) [MODULE_TYPELESS_PACKAGE_JSON] Warning: Module type of file:///home/runner/work/GO/GO/application/mobile/go-app/src/domain/changeActions.ts is not specified and it doesn't parse as CommonJS.
2026-09-13T15:11:19.7833121Z # Reparsing as ES module because module syntax was detected. This incurs a performance overhead.
2026-09-13T15:11:19.7876413Z # To eliminate this warning, add "type": "module" to /home/runner/work/GO/GO/application/mobile/go-app/package.json.
2026-09-13T15:11:19.7878540Z # (Use `node --trace-warnings ...` to show where the warning was created)
2026-09-13T15:11:19.7918122Z # Subtest: HOTEL: explicit confirmation consumes one quote and reads original order
2026-09-13T15:11:19.7935876Z ok 97 - HOTEL: explicit confirmation consumes one quote and reads original order
2026-09-13T15:11:19.7945529Z   ---
2026-09-13T15:11:19.8005458Z   duration_ms: 31.776888
2026-09-13T15:11:19.8010307Z   type: 'test'
2026-09-13T15:11:19.8030854Z   ...
2026-09-13T15:11:19.8055902Z # Subtest: HOTEL: expiry, edit and session changes prevent submission
2026-09-13T15:11:19.8057072Z ok 98 - HOTEL: expiry, edit and session changes prevent submission
2026-09-13T15:11:19.8075401Z   ---
2026-09-13T15:11:19.8095700Z   duration_ms: 1.296813
2026-09-13T15:11:19.8102786Z   type: 'test'
2026-09-13T15:11:19.8116867Z   ...
2026-09-13T15:11:19.8136227Z # Subtest: HOTEL: wrong identity or unavailable isolated channel cannot execute
2026-09-13T15:11:19.8155802Z ok 99 - HOTEL: wrong identity or unavailable isolated channel cannot execute
2026-09-13T15:11:19.8204445Z   ---
2026-09-13T15:11:19.8248766Z   duration_ms: 0.780775
2026-09-13T15:11:19.8257774Z   type: 'test'
2026-09-13T15:11:19.8275594Z   ...
2026-09-13T15:11:19.8295817Z # Subtest: HOTEL: timeout is unknown and never auto-retried
2026-09-13T15:11:19.8305676Z ok 100 - HOTEL: timeout is unknown and never auto-retried
2026-09-13T15:11:19.8315660Z   ---
2026-09-13T15:11:19.8316315Z   duration_ms: 0.657113
2026-09-13T15:11:19.8324545Z   type: 'test'
2026-09-13T15:11:19.8325436Z   ...
2026-09-13T15:11:19.8326373Z # Subtest: FLIGHT: explicit confirmation consumes one quote and reads original order
2026-09-13T15:11:19.8327670Z ok 101 - FLIGHT: explicit confirmation consumes one quote and reads original order
2026-09-13T15:11:19.8328509Z   ---
2026-09-13T15:11:19.8328982Z   duration_ms: 0.733696
2026-09-13T15:11:19.8329498Z   type: 'test'
2026-09-13T15:11:19.8329955Z   ...
2026-09-13T15:11:19.8330738Z # Subtest: FLIGHT: expiry, edit and session changes prevent submission
2026-09-13T15:11:19.8331811Z ok 102 - FLIGHT: expiry, edit and session changes prevent submission
2026-09-13T15:11:19.8332550Z   ---
2026-09-13T15:11:19.8333008Z   duration_ms: 0.821751
2026-09-13T15:11:19.8333514Z   type: 'test'
2026-09-13T15:11:19.8333998Z   ...
2026-09-13T15:11:19.8335571Z # Subtest: FLIGHT: wrong identity or unavailable isolated channel cannot execute
2026-09-13T15:11:19.8336978Z ok 103 - FLIGHT: wrong identity or unavailable isolated channel cannot execute
2026-09-13T15:11:19.8337853Z   ---
2026-09-13T15:11:19.8338348Z   duration_ms: 0.369263
2026-09-13T15:11:19.8338851Z   type: 'test'
2026-09-13T15:11:19.8339309Z   ...
2026-09-13T15:11:19.8339991Z # Subtest: FLIGHT: timeout is unknown and never auto-retried
2026-09-13T15:11:19.8340878Z ok 104 - FLIGHT: timeout is unknown and never auto-retried
2026-09-13T15:11:19.8341523Z   ---
2026-09-13T15:11:19.8341979Z   duration_ms: 0.322755
2026-09-13T15:11:19.8342474Z   type: 'test'
2026-09-13T15:11:19.8342923Z   ...
2026-09-13T15:11:19.8343769Z # Subtest: RAIL: explicit confirmation consumes one quote and reads original order
2026-09-13T15:11:19.8345122Z ok 105 - RAIL: explicit confirmation consumes one quote and reads original order
2026-09-13T15:11:19.8345954Z   ---
2026-09-13T15:11:19.8346436Z   duration_ms: 0.669946
2026-09-13T15:11:19.8346980Z   type: 'test'
2026-09-13T15:11:19.8347438Z   ...
2026-09-13T15:11:19.8348295Z # Subtest: RAIL: expiry, edit and session changes prevent submission
2026-09-13T15:11:19.8349382Z ok 106 - RAIL: expiry, edit and session changes prevent submission
2026-09-13T15:11:19.8350121Z   ---
2026-09-13T15:11:19.8350601Z   duration_ms: 0.857568
2026-09-13T15:11:19.8351135Z   type: 'test'
2026-09-13T15:11:19.8351620Z   ...
2026-09-13T15:11:19.8352538Z # Subtest: RAIL: wrong identity or unavailable isolated channel cannot execute
2026-09-13T15:11:19.8353753Z ok 107 - RAIL: wrong identity or unavailable isolated channel cannot execute
2026-09-13T15:11:19.8354566Z   ---
2026-09-13T15:11:19.8356173Z   duration_ms: 0.514054
2026-09-13T15:11:19.8356714Z   type: 'test'
2026-09-13T15:11:19.8357192Z   ...
2026-09-13T15:11:19.8357877Z # Subtest: RAIL: timeout is unknown and never auto-retried
2026-09-13T15:11:19.8358790Z ok 108 - RAIL: timeout is unknown and never auto-retried
2026-09-13T15:11:19.8359458Z   ---
2026-09-13T15:11:19.8359915Z   duration_ms: 0.348574
2026-09-13T15:11:19.8360426Z   type: 'test'
2026-09-13T15:11:19.8360888Z   ...
2026-09-13T15:11:19.8361801Z # Subtest: ATTRACTION: explicit confirmation consumes one quote and reads original order
2026-09-13T15:11:19.8363132Z ok 109 - ATTRACTION: explicit confirmation consumes one quote and reads original order
2026-09-13T15:11:19.8363985Z   ---
2026-09-13T15:11:19.8364455Z   duration_ms: 1.4501
2026-09-13T15:11:19.8365148Z   type: 'test'
2026-09-13T15:11:19.8365658Z   ...
2026-09-13T15:11:19.8366472Z # Subtest: ATTRACTION: expiry, edit and session changes prevent submission
2026-09-13T15:11:19.8367611Z ok 110 - ATTRACTION: expiry, edit and session changes prevent submission
2026-09-13T15:11:19.8368374Z   ---
2026-09-13T15:11:19.8368829Z   duration_ms: 0.611527
2026-09-13T15:11:19.8369338Z   type: 'test'
2026-09-13T15:11:19.8369796Z   ...
2026-09-13T15:11:19.8370672Z # Subtest: ATTRACTION: wrong identity or unavailable isolated channel cannot execute
2026-09-13T15:11:19.8371945Z ok 111 - ATTRACTION: wrong identity or unavailable isolated channel cannot execute
2026-09-13T15:11:19.8372767Z   ---
2026-09-13T15:11:19.8373220Z   duration_ms: 0.316704
2026-09-13T15:11:19.8373920Z   type: 'test'
2026-09-13T15:11:19.8374403Z   ...
2026-09-13T15:11:19.8375478Z # Subtest: ATTRACTION: timeout is unknown and never auto-retried
2026-09-13T15:11:19.8376605Z ok 112 - ATTRACTION: timeout is unknown and never auto-retried
2026-09-13T15:11:19.8392340Z   ---
2026-09-13T15:11:19.8392937Z   duration_ms: 0.242966
2026-09-13T15:11:19.8393510Z   type: 'test'
2026-09-13T15:11:19.8393950Z   ...
2026-09-13T15:11:19.8395225Z # Subtest: RENTAL: explicit confirmation consumes one quote and reads original order
2026-09-13T15:11:19.8396623Z ok 113 - RENTAL: explicit confirmation consumes one quote and reads original order
2026-09-13T15:11:19.8397539Z   ---
2026-09-13T15:11:19.8398088Z   duration_ms: 0.575009
2026-09-13T15:11:19.8403248Z   type: 'test'
2026-09-13T15:11:19.8404174Z   ...
2026-09-13T15:11:19.8405292Z # Subtest: RENTAL: expiry, edit and session changes prevent submission
2026-09-13T15:11:19.8406415Z ok 114 - RENTAL: expiry, edit and session changes prevent submission
2026-09-13T15:11:19.8407186Z   ---
2026-09-13T15:11:19.8407657Z   duration_ms: 1.238533
2026-09-13T15:11:19.8408176Z   type: 'test'
2026-09-13T15:11:19.8408646Z   ...
2026-09-13T15:11:19.8409488Z # Subtest: RENTAL: wrong identity or unavailable isolated channel cannot execute
2026-09-13T15:11:19.8410694Z ok 115 - RENTAL: wrong identity or unavailable isolated channel cannot execute
2026-09-13T15:11:19.8411484Z   ---
2026-09-13T15:11:19.8411946Z   duration_ms: 0.372909
2026-09-13T15:11:19.8412449Z   type: 'test'
2026-09-13T15:11:19.8412905Z   ...
2026-09-13T15:11:19.8413610Z # Subtest: RENTAL: timeout is unknown and never auto-retried
2026-09-13T15:11:19.8414553Z ok 116 - RENTAL: timeout is unknown and never auto-retried
2026-09-13T15:11:19.8415565Z   ---
2026-09-13T15:11:19.8416043Z   duration_ms: 0.260258
2026-09-13T15:11:19.8416566Z   type: 'test'
2026-09-13T15:11:19.8417039Z   ...
2026-09-13T15:11:19.8417934Z # Subtest: invalid replacement quote destroys old consent; dates are canonical
2026-09-13T15:11:19.8419145Z ok 117 - invalid replacement quote destroys old consent; dates are canonical
2026-09-13T15:11:19.8419944Z   ---
2026-09-13T15:11:19.8420414Z   duration_ms: 0.513734
2026-09-13T15:11:19.8420921Z   type: 'test'
2026-09-13T15:11:19.8421377Z   ...
2026-09-13T15:11:19.8421984Z # Subtest: double submit makes only one mutation
2026-09-13T15:11:19.8422765Z ok 118 - double submit makes only one mutation
2026-09-13T15:11:19.8423376Z   ---
2026-09-13T15:11:19.8423831Z   duration_ms: 0.367049
2026-09-13T15:11:19.8424336Z   type: 'test'
2026-09-13T15:11:19.8424791Z   ...
2026-09-13T15:11:19.8425981Z # Subtest: multi-leg flight requires selection and binds the selected leg
2026-09-13T15:11:19.8427197Z ok 119 - multi-leg flight requires selection and binds the selected leg
2026-09-13T15:11:19.8428008Z   ---
2026-09-13T15:11:19.8428491Z   duration_ms: 0.720953
2026-09-13T15:11:19.8429042Z   type: 'test'
2026-09-13T15:11:19.8429519Z   ...
2026-09-13T15:11:19.9580856Z # (node:2395) [MODULE_TYPELESS_PACKAGE_JSON] Warning: Module type of file:///home/runner/work/GO/GO/application/mobile/go-app/src/domain/changeTerms.ts is not specified and it doesn't parse as CommonJS.
2026-09-13T15:11:19.9599608Z # Reparsing as ES module because module syntax was detected. This incurs a performance overhead.
2026-09-13T15:11:19.9613309Z # To eliminate this warning, add "type": "module" to /home/runner/work/GO/GO/application/mobile/go-app/package.json.
2026-09-13T15:11:19.9627943Z # (Use `node --trace-warnings ...` to show where the warning was created)
2026-09-13T15:11:19.9653224Z # Subtest: hotel lower price discloses loss, no fee and original fixed deadline
2026-09-13T15:11:19.9681919Z ok 120 - hotel lower price discloses loss, no fee and original fixed deadline
2026-09-13T15:11:19.9707042Z   ---
2026-09-13T15:11:19.9707601Z   duration_ms: 22.399429
2026-09-13T15:11:19.9725456Z   type: 'test'
2026-09-13T15:11:19.9736949Z   ...
2026-09-13T15:11:19.9740262Z # Subtest: missing or inconsistent hotel financial terms are not confirmable
2026-09-13T15:11:19.9741804Z ok 121 - missing or inconsistent hotel financial terms are not confirmable
2026-09-13T15:11:19.9742581Z   ---
2026-09-13T15:11:19.9743010Z   duration_ms: 0.871064
2026-09-13T15:11:19.9743478Z   type: 'test'
2026-09-13T15:11:19.9743890Z   ...
2026-09-13T15:11:19.9744745Z # Subtest: flight and rail disclose transport identity and reject inconsistent fee sums
2026-09-13T15:11:19.9768081Z ok 122 - flight and rail disclose transport identity and reject inconsistent fee sums
2026-09-13T15:11:19.9786390Z   ---
2026-09-13T15:11:19.9806014Z   duration_ms: 0.414447
2026-09-13T15:11:19.9818289Z   type: 'test'
2026-09-13T15:11:19.9852638Z   ...
2026-09-13T15:11:19.9855839Z # Subtest: rental lower cost specifies original payment and validates the rate calculation
2026-09-13T15:11:19.9886164Z ok 123 - rental lower cost specifies original payment and validates the rate calculation
2026-09-13T15:11:19.9905441Z   ---
2026-09-13T15:11:19.9925745Z   duration_ms: 0.330029
2026-09-13T15:11:19.9926337Z   type: 'test'
2026-09-13T15:11:19.9945342Z   ...
2026-09-13T15:11:19.9965844Z # Subtest: attraction free change never silently accepts a newly introduced charge
2026-09-13T15:11:19.9986027Z ok 124 - attraction free change never silently accepts a newly introduced charge
2026-09-13T15:11:19.9986954Z   ---
2026-09-13T15:11:20.0005466Z   duration_ms: 0.347562
2026-09-13T15:11:20.0006062Z   type: 'test'
2026-09-13T15:11:20.0006527Z   ...
2026-09-13T15:11:20.0797456Z # (node:2402) [MODULE_TYPELESS_PACKAGE_JSON] Warning: Module type of file:///home/runner/work/GO/GO/application/mobile/go-app/src/domain/tripFacts.ts is not specified and it doesn't parse as CommonJS.
2026-09-13T15:11:20.0816193Z # Reparsing as ES module because module syntax was detected. This incurs a performance overhead.
2026-09-13T15:11:20.0828507Z # To eliminate this warning, add "type": "module" to /home/runner/work/GO/GO/application/mobile/go-app/package.json.
2026-09-13T15:11:20.0846360Z # (Use `node --trace-warnings ...` to show where the warning was created)
2026-09-13T15:11:20.0850187Z # Subtest: Direct navigation preserves the owned reservation identity
2026-09-13T15:11:20.0851453Z ok 125 - Direct navigation preserves the owned reservation identity
2026-09-13T15:11:20.0852474Z   ---
2026-09-13T15:11:20.0852958Z   duration_ms: 2.112834
2026-09-13T15:11:20.0853479Z   type: 'test'
2026-09-13T15:11:20.0854241Z   ...
2026-09-13T15:11:20.0855470Z # Subtest: Direct details read only the canonical reservation and matching events
2026-09-13T15:11:20.0864231Z ok 126 - Direct details read only the canonical reservation and matching events
2026-09-13T15:11:20.0865415Z   ---
2026-09-13T15:11:20.0865877Z   duration_ms: 0.564269
2026-09-13T15:11:20.0866480Z   type: 'test'
2026-09-13T15:11:20.0866997Z   ...
2026-09-13T15:11:20.0896298Z # Subtest: Direct mismatched or missing records cannot display confirmation
2026-09-13T15:11:20.0915913Z ok 127 - Direct mismatched or missing records cannot display confirmation
2026-09-13T15:11:20.0935925Z   ---
2026-09-13T15:11:20.0951586Z   duration_ms: 0.822593
2026-09-13T15:11:20.0962308Z   type: 'test'
2026-09-13T15:11:20.0962782Z   ...
2026-09-13T15:11:20.2337631Z # (node:2409) [MODULE_TYPELESS_PACKAGE_JSON] Warning: Module type of file:///home/runner/work/GO/GO/application/mobile/go-app/src/domain/orderActions.ts is not specified and it doesn't parse as CommonJS.
2026-09-13T15:11:20.2340496Z # Reparsing as ES module because module syntax was detected. This incurs a performance overhead.
2026-09-13T15:11:20.2366272Z # To eliminate this warning, add "type": "module" to /home/runner/work/GO/GO/application/mobile/go-app/package.json.
2026-09-13T15:11:20.2376060Z # (Use `node --trace-warnings ...` to show where the warning was created)
2026-09-13T15:11:20.2394040Z # Subtest: hotel cancellation sends the displayed quote identity without silently creating another quote
2026-09-13T15:11:20.2406242Z ok 128 - hotel cancellation sends the displayed quote identity without silently creating another quote
2026-09-13T15:11:20.2425528Z   ---
2026-09-13T15:11:20.2445926Z   duration_ms: 3.642272
2026-09-13T15:11:20.2457920Z   type: 'test'
2026-09-13T15:11:20.2459599Z   ...
2026-09-13T15:11:20.2460798Z # Subtest: hotel server rejects a stale accepted quote without replacing it or retrying cancellation
2026-09-13T15:11:20.2462359Z ok 129 - hotel server rejects a stale accepted quote without replacing it or retrying cancellation
2026-09-13T15:11:20.2463316Z   ---
2026-09-13T15:11:20.2463833Z   duration_ms: 1.163343
2026-09-13T15:11:20.2464389Z   type: 'test'
2026-09-13T15:11:20.2465171Z   ...
2026-09-13T15:11:20.2466272Z # Subtest: hotel malformed, expired or foreign accepted quote cannot send cancellation
2026-09-13T15:11:20.2467955Z ok 130 - hotel malformed, expired or foreign accepted quote cannot send cancellation
2026-09-13T15:11:20.2469291Z   ---
2026-09-13T15:11:20.2469783Z   duration_ms: 1.095264
2026-09-13T15:11:20.2470403Z   type: 'test'
2026-09-13T15:11:20.2470927Z   ...
2026-09-13T15:11:20.4089744Z # (node:2416) [MODULE_TYPELESS_PACKAGE_JSON] Warning: Module type of file:///home/runner/work/GO/GO/application/mobile/go-app/src/domain/orderActions.ts is not specified and it doesn't parse as CommonJS.
2026-09-13T15:11:20.4092649Z # Reparsing as ES module because module syntax was detected. This incurs a performance overhead.
2026-09-13T15:11:20.4116724Z # To eliminate this warning, add "type": "module" to /home/runner/work/GO/GO/application/mobile/go-app/package.json.
2026-09-13T15:11:20.4135989Z # (Use `node --trace-warnings ...` to show where the warning was created)
2026-09-13T15:11:20.4226208Z # Subtest: HOTEL: payment binds fresh amount and re-reads the same order after lost response
2026-09-13T15:11:20.4257898Z ok 131 - HOTEL: payment binds fresh amount and re-reads the same order after lost response
2026-09-13T15:11:20.4286386Z   ---
2026-09-13T15:11:20.4319221Z   duration_ms: 3.378868
2026-09-13T15:11:20.4337882Z   type: 'test'
2026-09-13T15:11:20.4347811Z   ...
2026-09-13T15:11:20.4360114Z # Subtest: HOTEL: changed amount and unavailable channel cannot execute payment
2026-09-13T15:11:20.4379375Z ok 132 - HOTEL: changed amount and unavailable channel cannot execute payment
2026-09-13T15:11:20.4430875Z   ---
2026-09-13T15:11:20.4450680Z   duration_ms: 0.869822
2026-09-13T15:11:20.4465457Z   type: 'test'
2026-09-13T15:11:20.4497663Z   ...
2026-09-13T15:11:20.4516172Z # Subtest: HOTEL: refund confirms quoted amount, submits once and does not invent refunded state
2026-09-13T15:11:20.4535945Z ok 133 - HOTEL: refund confirms quoted amount, submits once and does not invent refunded state
2026-09-13T15:11:20.4541402Z   ---
2026-09-13T15:11:20.4565593Z   duration_ms: 1.733162
2026-09-13T15:11:20.4566072Z   type: 'test'
2026-09-13T15:11:20.4575652Z   ...
2026-09-13T15:11:20.4576666Z # Subtest: HOTEL: changed refund terms need reconfirmation before any cancellation
2026-09-13T15:11:20.4578094Z ok 134 - HOTEL: changed refund terms need reconfirmation before any cancellation
2026-09-13T15:11:20.4578942Z   ---
2026-09-13T15:11:20.4579455Z   duration_ms: 0.531326
2026-09-13T15:11:20.4580009Z   type: 'test'
2026-09-13T15:11:20.4580503Z   ...
2026-09-13T15:11:20.4581475Z # Subtest: FLIGHT: payment binds fresh amount and re-reads the same order after lost response
2026-09-13T15:11:20.4582868Z ok 135 - FLIGHT: payment binds fresh amount and re-reads the same order after lost response
2026-09-13T15:11:20.4584182Z   ---
2026-09-13T15:11:20.4584698Z   duration_ms: 0.316023
2026-09-13T15:11:20.4585528Z   type: 'test'
2026-09-13T15:11:20.4586028Z   ...
2026-09-13T15:11:20.4586902Z # Subtest: FLIGHT: changed amount and unavailable channel cannot execute payment
2026-09-13T15:11:20.4588140Z ok 136 - FLIGHT: changed amount and unavailable channel cannot execute payment
2026-09-13T15:11:20.4588963Z   ---
2026-09-13T15:11:20.4589449Z   duration_ms: 0.315462
2026-09-13T15:11:20.4589994Z   type: 'test'
2026-09-13T15:11:20.4590480Z   ...
2026-09-13T15:11:20.4591482Z # Subtest: FLIGHT: refund confirms quoted amount, submits once and does not invent refunded state
2026-09-13T15:11:20.4593369Z ok 137 - FLIGHT: refund confirms quoted amount, submits once and does not invent refunded state
2026-09-13T15:11:20.4594324Z   ---
2026-09-13T15:11:20.4595263Z   duration_ms: 0.699723
2026-09-13T15:11:20.4595826Z   type: 'test'
2026-09-13T15:11:20.4596318Z   ...
2026-09-13T15:11:20.4597221Z # Subtest: FLIGHT: changed refund terms need reconfirmation before any cancellation
2026-09-13T15:11:20.4598491Z ok 138 - FLIGHT: changed refund terms need reconfirmation before any cancellation
2026-09-13T15:11:20.4599322Z   ---
2026-09-13T15:11:20.4599802Z   duration_ms: 0.288852
2026-09-13T15:11:20.4600334Z   type: 'test'
2026-09-13T15:11:20.4600816Z   ...
2026-09-13T15:11:20.4601754Z # Subtest: RAIL: payment binds fresh amount and re-reads the same order after lost response
2026-09-13T15:11:20.4603306Z ok 139 - RAIL: payment binds fresh amount and re-reads the same order after lost response
2026-09-13T15:11:20.4604191Z   ---
2026-09-13T15:11:20.4604672Z   duration_ms: 0.585358
2026-09-13T15:11:20.4605594Z   type: 'test'
2026-09-13T15:11:20.4606310Z   ...
2026-09-13T15:11:20.4615940Z # Subtest: RAIL: changed amount and unavailable channel cannot execute payment
2026-09-13T15:11:20.4617340Z ok 140 - RAIL: changed amount and unavailable channel cannot execute payment
2026-09-13T15:11:20.4618189Z   ---
2026-09-13T15:11:20.4618682Z   duration_ms: 0.690596
2026-09-13T15:11:20.4619213Z   type: 'test'
2026-09-13T15:11:20.4619686Z   ...
2026-09-13T15:11:20.4620637Z # Subtest: RAIL: refund confirms quoted amount, submits once and does not invent refunded state
2026-09-13T15:11:20.4621991Z ok 141 - RAIL: refund confirms quoted amount, submits once and does not invent refunded state
2026-09-13T15:11:20.4622949Z   ---
2026-09-13T15:11:20.4623440Z   duration_ms: 0.672321
2026-09-13T15:11:20.4623963Z   type: 'test'
2026-09-13T15:11:20.4624462Z   ...
2026-09-13T15:11:20.4625554Z # Subtest: RAIL: changed refund terms need reconfirmation before any cancellation
2026-09-13T15:11:20.4626839Z ok 142 - RAIL: changed refund terms need reconfirmation before any cancellation
2026-09-13T15:11:20.4627674Z   ---
2026-09-13T15:11:20.4628167Z   duration_ms: 0.382938
2026-09-13T15:11:20.4628709Z   type: 'test'
2026-09-13T15:11:20.4629206Z   ...
2026-09-13T15:11:20.4630182Z # Subtest: RENTAL: payment binds fresh amount and re-reads the same order after lost response
2026-09-13T15:11:20.4631655Z ok 143 - RENTAL: payment binds fresh amount and re-reads the same order after lost response
2026-09-13T15:11:20.4632561Z   ---
2026-09-13T15:11:20.4633056Z   duration_ms: 0.262382
2026-09-13T15:11:20.4633588Z   type: 'test'
2026-09-13T15:11:20.4634074Z   ...
2026-09-13T15:11:20.4635341Z # Subtest: RENTAL: changed amount and unavailable channel cannot execute payment
2026-09-13T15:11:20.4636666Z ok 144 - RENTAL: changed amount and unavailable channel cannot execute payment
2026-09-13T15:11:20.4637571Z   ---
2026-09-13T15:11:20.4638083Z   duration_ms: 0.373881
2026-09-13T15:11:20.4638640Z   type: 'test'
2026-09-13T15:11:20.4639268Z   ...
2026-09-13T15:11:20.4640338Z # Subtest: RENTAL: refund confirms quoted amount, submits once and does not invent refunded state
2026-09-13T15:11:20.4641831Z ok 145 - RENTAL: refund confirms quoted amount, submits once and does not invent refunded state
2026-09-13T15:11:20.4642775Z   ---
2026-09-13T15:11:20.4643277Z   duration_ms: 0.423234
2026-09-13T15:11:20.4643903Z   type: 'test'
2026-09-13T15:11:20.4644467Z   ...
2026-09-13T15:11:20.4645700Z # Subtest: RENTAL: changed refund terms need reconfirmation before any cancellation
2026-09-13T15:11:20.4647002Z ok 146 - RENTAL: changed refund terms need reconfirmation before any cancellation
2026-09-13T15:11:20.4647850Z   ---
2026-09-13T15:11:20.4648335Z   duration_ms: 0.209162
2026-09-13T15:11:20.4648872Z   type: 'test'
2026-09-13T15:11:20.4649355Z   ...
2026-09-13T15:11:20.4650308Z # Subtest: RIDE: payment binds fresh amount and re-reads the same order after lost response
2026-09-13T15:11:20.4651875Z ok 147 - RIDE: payment binds fresh amount and re-reads the same order after lost response
2026-09-13T15:11:20.4652778Z   ---
2026-09-13T15:11:20.4653273Z   duration_ms: 0.340659
2026-09-13T15:11:20.4653805Z   type: 'test'
2026-09-13T15:11:20.4654290Z   ...
2026-09-13T15:11:20.4656138Z # Subtest: RIDE: changed amount and unavailable channel cannot execute payment
2026-09-13T15:11:20.4657402Z ok 148 - RIDE: changed amount and unavailable channel cannot execute payment
2026-09-13T15:11:20.4658219Z   ---
2026-09-13T15:11:20.4658715Z   duration_ms: 0.28247
2026-09-13T15:11:20.4659245Z   type: 'test'
2026-09-13T15:11:20.4659732Z   ...
2026-09-13T15:11:20.4660718Z # Subtest: RIDE: refund confirms quoted amount, submits once and does not invent refunded state
2026-09-13T15:11:20.4662140Z ok 149 - RIDE: refund confirms quoted amount, submits once and does not invent refunded state
2026-09-13T15:11:20.4663248Z   ---
2026-09-13T15:11:20.4663737Z   duration_ms: 0.475993
2026-09-13T15:11:20.4664274Z   type: 'test'
2026-09-13T15:11:20.4664765Z   ...
2026-09-13T15:11:20.4666100Z # Subtest: RIDE: changed refund terms need reconfirmation before any cancellation
2026-09-13T15:11:20.4667467Z ok 150 - RIDE: changed refund terms need reconfirmation before any cancellation
2026-09-13T15:11:20.4668426Z   ---
2026-09-13T15:11:20.4669016Z   duration_ms: 0.205836
2026-09-13T15:11:20.4669641Z   type: 'test'
2026-09-13T15:11:20.4670221Z   ...
2026-09-13T15:11:20.4671333Z # Subtest: ATTRACTION: payment binds fresh amount and re-reads the same order after lost response
2026-09-13T15:11:20.4672930Z ok 151 - ATTRACTION: payment binds fresh amount and re-reads the same order after lost response
2026-09-13T15:11:20.4673929Z   ---
2026-09-13T15:11:20.4674483Z   duration_ms: 0.254568
2026-09-13T15:11:20.4675353Z   type: 'test'
2026-09-13T15:11:20.4675956Z   ...
2026-09-13T15:11:20.4676926Z # Subtest: ATTRACTION: changed amount and unavailable channel cannot execute payment
2026-09-13T15:11:20.4678307Z ok 152 - ATTRACTION: changed amount and unavailable channel cannot execute payment
2026-09-13T15:11:20.4679157Z   ---
2026-09-13T15:11:20.4679676Z   duration_ms: 0.300815
2026-09-13T15:11:20.4680254Z   type: 'test'
2026-09-13T15:11:20.4680830Z   ...
2026-09-13T15:11:20.4681990Z # Subtest: ATTRACTION: refund confirms quoted amount, submits once and does not invent refunded state
2026-09-13T15:11:20.4683457Z ok 153 - ATTRACTION: refund confirms quoted amount, submits once and does not invent refunded state
2026-09-13T15:11:20.4684603Z   ---
2026-09-13T15:11:20.4685327Z   duration_ms: 0.37896
2026-09-13T15:11:20.4686274Z   type: 'test'
2026-09-13T15:11:20.4687011Z   ...
2026-09-13T15:11:20.4688470Z # Subtest: ATTRACTION: changed refund terms need reconfirmation before any cancellation
2026-09-13T15:11:20.4690152Z ok 154 - ATTRACTION: changed refund terms need reconfirmation before any cancellation
2026-09-13T15:11:20.4691328Z   ---
2026-09-13T15:11:20.4707034Z   duration_ms: 0.286578
2026-09-13T15:11:20.4707737Z   type: 'test'
2026-09-13T15:11:20.4708335Z   ...
2026-09-13T15:11:20.4709332Z # Subtest: identity substitution and concurrent payment submission are blocked
2026-09-13T15:11:20.4710719Z ok 155 - identity substitution and concurrent payment submission are blocked
2026-09-13T15:11:20.4711586Z   ---
2026-09-13T15:11:20.4712096Z   duration_ms: 0.648146
2026-09-13T15:11:20.4712648Z   type: 'test'
2026-09-13T15:11:20.4713141Z   ...
2026-09-13T15:11:20.4714028Z # Subtest: screen/session change prevents a mutation after read-only preflight
2026-09-13T15:11:20.4715606Z ok 156 - screen/session change prevents a mutation after read-only preflight
2026-09-13T15:11:20.4716535Z   ---
2026-09-13T15:11:20.4717039Z   duration_ms: 0.355006
2026-09-13T15:11:20.4717608Z   type: 'test'
2026-09-13T15:11:20.4718123Z   ...
2026-09-13T15:11:20.4719253Z # Subtest: all six booking intents use explicit vault identities with stable keys and no fabricated people
2026-09-13T15:11:20.4720906Z ok 157 - all six booking intents use explicit vault identities with stable keys and no fabricated people
2026-09-13T15:11:20.4721936Z   ---
2026-09-13T15:11:20.4722714Z   duration_ms: 5.214511
2026-09-13T15:11:20.4723321Z   type: 'test'
2026-09-13T15:11:20.4723836Z   ...
2026-09-13T15:11:20.4725090Z # Subtest: portable request fingerprint matches standard SHA-256 for Unicode and block boundaries
2026-09-13T15:11:20.4726628Z ok 158 - portable request fingerprint matches standard SHA-256 for Unicode and block boundaries
2026-09-13T15:11:20.4727699Z   ---
2026-09-13T15:11:20.4728249Z   duration_ms: 2.521059
2026-09-13T15:11:20.4728861Z   type: 'test'
2026-09-13T15:11:20.4729430Z   ...
2026-09-13T15:11:20.6153967Z # (node:2423) [MODULE_TYPELESS_PACKAGE_JSON] Warning: Module type of file:///home/runner/work/GO/GO/application/mobile/go-app/src/api/transport.ts is not specified and it doesn't parse as CommonJS.
2026-09-13T15:11:20.6156572Z # Reparsing as ES module because module syntax was detected. This incurs a performance overhead.
2026-09-13T15:11:20.6190864Z # To eliminate this warning, add "type": "module" to /home/runner/work/GO/GO/application/mobile/go-app/package.json.
2026-09-13T15:11:20.6192541Z # (Use `node --trace-warnings ...` to show where the warning was created)
2026-09-13T15:11:20.6220687Z # Subtest: logout immediately invalidates old UI and blocks orders while remote revocation is pending
2026-09-13T15:11:20.6245985Z ok 159 - logout immediately invalidates old UI and blocks orders while remote revocation is pending
2026-09-13T15:11:20.6247042Z   ---
2026-09-13T15:11:20.6265540Z   duration_ms: 33.679841
2026-09-13T15:11:20.6285552Z   type: 'test'
2026-09-13T15:11:20.6305548Z   ...
2026-09-13T15:11:20.6306431Z # Subtest: read started before logout cannot return old account data
2026-09-13T15:11:20.6325853Z ok 160 - read started before logout cannot return old account data
2026-09-13T15:11:20.6345564Z   ---
2026-09-13T15:11:20.6358100Z   duration_ms: 2.023847
2026-09-13T15:11:20.6372699Z   type: 'test'
2026-09-13T15:11:20.6406977Z   ...
2026-09-13T15:11:20.6442525Z # Subtest: clear blocks stale stored credentials before slow deletion completes
2026-09-13T15:11:20.6480873Z ok 161 - clear blocks stale stored credentials before slow deletion completes
2026-09-13T15:11:20.6495733Z   ---
2026-09-13T15:11:20.6506686Z   duration_ms: 8.397163
2026-09-13T15:11:20.6526773Z   type: 'test'
2026-09-13T15:11:20.6545320Z   ...
2026-09-13T15:11:20.6553934Z # Subtest: logout supersedes a login waiting for secure storage without dispatching login
2026-09-13T15:11:20.6555649Z ok 162 - logout supersedes a login waiting for secure storage without dispatching login
2026-09-13T15:11:20.6556562Z   ---
2026-09-13T15:11:20.6557042Z   duration_ms: 1.907067
2026-09-13T15:11:20.6557654Z   type: 'test'
2026-09-13T15:11:20.6558083Z   ...
2026-09-13T15:11:20.6558899Z # Subtest: late failed logout cannot clear a later successful account login
2026-09-13T15:11:20.6560040Z ok 163 - late failed logout cannot clear a later successful account login
2026-09-13T15:11:20.6560842Z   ---
2026-09-13T15:11:20.6561307Z   duration_ms: 2.516
2026-09-13T15:11:20.6561814Z   type: 'test'
2026-09-13T15:11:20.6562271Z   ...
2026-09-13T15:11:20.6563093Z # Subtest: missing refresh token after 401 invalidates the authenticated UI
2026-09-13T15:11:20.6564231Z ok 164 - missing refresh token after 401 invalidates the authenticated UI
2026-09-13T15:11:20.6565238Z   ---
2026-09-13T15:11:20.6566031Z   duration_ms: 1.645156
2026-09-13T15:11:20.6566510Z   type: 'test'
2026-09-13T15:11:20.6568981Z   ...
2026-09-13T15:11:20.6569940Z # Subtest: 401 after successful refresh invalidates the session without a third request
2026-09-13T15:11:20.6571254Z ok 165 - 401 after successful refresh invalidates the session without a third request
2026-09-13T15:11:20.6572103Z   ---
2026-09-13T15:11:20.6572572Z   duration_ms: 3.143948
2026-09-13T15:11:20.6573084Z   type: 'test'
2026-09-13T15:11:20.6573544Z   ...
2026-09-13T15:11:20.6574332Z # Subtest: a permission denial does not clear an otherwise valid account
2026-09-13T15:11:20.6575831Z ok 166 - a permission denial does not clear an otherwise valid account
2026-09-13T15:11:20.6576590Z   ---
2026-09-13T15:11:20.6577371Z   duration_ms: 1.080437
2026-09-13T15:11:20.6577915Z   type: 'test'
2026-09-13T15:11:20.6578380Z   ...
2026-09-13T15:11:20.6579263Z # Subtest: a broken UI subscriber cannot prevent token clearing or other subscribers
2026-09-13T15:11:20.6580524Z ok 167 - a broken UI subscriber cannot prevent token clearing or other subscribers
2026-09-13T15:11:20.6581348Z   ---
2026-09-13T15:11:20.6581812Z   duration_ms: 0.643377
2026-09-13T15:11:20.6582323Z   type: 'test'
2026-09-13T15:11:20.6582788Z   ...
2026-09-13T15:11:20.6583678Z # Subtest: failed token persistence cannot expose a partially saved login to requests
2026-09-13T15:11:20.6586037Z ok 168 - failed token persistence cannot expose a partially saved login to requests
2026-09-13T15:11:20.6587382Z   ---
2026-09-13T15:11:20.6605655Z   duration_ms: 1.470889
2026-09-13T15:11:20.6616090Z   type: 'test'
2026-09-13T15:11:20.6628610Z   ...
2026-09-13T15:11:20.6646195Z # Subtest: temporary refresh outage preserves the session and never retries the business mutation
2026-09-13T15:11:20.6671219Z ok 169 - temporary refresh outage preserves the session and never retries the business mutation
2026-09-13T15:11:20.6695461Z   ---
2026-09-13T15:11:20.6696055Z   duration_ms: 1.213677
2026-09-13T15:11:20.6713708Z   type: 'test'
2026-09-13T15:11:20.6714332Z   ...
2026-09-13T15:11:20.6727339Z # Subtest: a successful HTTP response without revocation evidence is not remote logout success
2026-09-13T15:11:20.6731609Z ok 170 - a successful HTTP response without revocation evidence is not remote logout success
2026-09-13T15:11:20.6745877Z   ---
2026-09-13T15:11:20.6746419Z   duration_ms: 0.557025
2026-09-13T15:11:20.6747016Z   type: 'test'
2026-09-13T15:11:20.6747561Z   ...
2026-09-13T15:11:20.7888876Z # (node:2430) [MODULE_TYPELESS_PACKAGE_JSON] Warning: Module type of file:///home/runner/work/GO/GO/application/mobile/go-app/src/domain/stayCreditActions.ts is not specified and it doesn't parse as CommonJS.
2026-09-13T15:11:20.7908876Z # Reparsing as ES module because module syntax was detected. This incurs a performance overhead.
2026-09-13T15:11:20.7926298Z # To eliminate this warning, add "type": "module" to /home/runner/work/GO/GO/application/mobile/go-app/package.json.
2026-09-13T15:11:20.7942548Z # (Use `node --trace-warnings ...` to show where the warning was created)
2026-09-13T15:11:20.7966113Z # Subtest: native conversion sends exactly the displayed quote and explicit consent
2026-09-13T15:11:20.7976288Z ok 171 - native conversion sends exactly the displayed quote and explicit consent
2026-09-13T15:11:20.8005401Z   ---
2026-09-13T15:11:20.8006066Z   duration_ms: 4.560315
2026-09-13T15:11:20.8025462Z   type: 'test'
2026-09-13T15:11:20.8039517Z   ...
2026-09-13T15:11:20.8056336Z # Subtest: native lost conversion response reads original order without resending cancellation
2026-09-13T15:11:20.8057866Z ok 172 - native lost conversion response reads original order without resending cancellation
2026-09-13T15:11:20.8058782Z   ---
2026-09-13T15:11:20.8059267Z   duration_ms: 0.763833
2026-09-13T15:11:20.8059785Z   type: 'test'
2026-09-13T15:11:20.8060230Z   ...
2026-09-13T15:11:20.8061031Z # Subtest: native stale quote remains rejected and is never silently replaced
2026-09-13T15:11:20.8062204Z ok 173 - native stale quote remains rejected and is never silently replaced
2026-09-13T15:11:20.8062970Z   ---
2026-09-13T15:11:20.8063402Z   duration_ms: 0.734488
2026-09-13T15:11:20.8063886Z   type: 'test'
2026-09-13T15:11:20.8064313Z   ...
2026-09-13T15:11:20.8065411Z # Subtest: native expired, cross-order, wrong-currency or renewed-year quote cannot submit
2026-09-13T15:11:20.8066796Z ok 174 - native expired, cross-order, wrong-currency or renewed-year quote cannot submit
2026-09-13T15:11:20.8067669Z   ---
2026-09-13T15:11:20.8068108Z   duration_ms: 1.055059
2026-09-13T15:11:20.8068569Z   type: 'test'
2026-09-13T15:11:20.8068978Z   ...
2026-09-13T15:11:20.9677688Z # (node:2437) [MODULE_TYPELESS_PACKAGE_JSON] Warning: Module type of file:///home/runner/work/GO/GO/application/mobile/go-app/src/api/transport.ts is not specified and it doesn't parse as CommonJS.
2026-09-13T15:11:20.9696134Z # Reparsing as ES module because module syntax was detected. This incurs a performance overhead.
2026-09-13T15:11:20.9721596Z # To eliminate this warning, add "type": "module" to /home/runner/work/GO/GO/application/mobile/go-app/package.json.
2026-09-13T15:11:20.9745785Z # (Use `node --trace-warnings ...` to show where the warning was created)
2026-09-13T15:11:20.9758921Z # Subtest: concurrent expired mutations share one refresh and retain each original idempotency key/body
2026-09-13T15:11:20.9787878Z ok 175 - concurrent expired mutations share one refresh and retain each original idempotency key/body
2026-09-13T15:11:20.9801513Z   ---
2026-09-13T15:11:20.9813620Z   duration_ms: 39.899358
2026-09-13T15:11:20.9835392Z   type: 'test'
2026-09-13T15:11:20.9855402Z   ...
2026-09-13T15:11:20.9865980Z # Subtest: a mutation with lost response is uncertain and is never automatically retried
2026-09-13T15:11:20.9875875Z ok 176 - a mutation with lost response is uncertain and is never automatically retried
2026-09-13T15:11:20.9903098Z   ---
2026-09-13T15:11:20.9921060Z   duration_ms: 1.208477
2026-09-13T15:11:20.9935529Z   type: 'test'
2026-09-13T15:11:20.9948695Z   ...
2026-09-13T15:11:20.9976120Z # Subtest: account change discards pending reads and refresh tokens from the old account
2026-09-13T15:11:20.9995971Z ok 177 - account change discards pending reads and refresh tokens from the old account
2026-09-13T15:11:21.0009852Z   ---
2026-09-13T15:11:21.0031755Z   duration_ms: 2.128102
2026-09-13T15:11:21.0033188Z   type: 'test'
2026-09-13T15:11:21.0035721Z   ...
2026-09-13T15:11:21.0036627Z # Subtest: refresh rejection invalidates current session and notifies the UI
2026-09-13T15:11:21.0038116Z ok 178 - refresh rejection invalidates current session and notifies the UI
2026-09-13T15:11:21.0038933Z   ---
2026-09-13T15:11:21.0039366Z   duration_ms: 2.211117
2026-09-13T15:11:21.0039849Z   type: 'test'
2026-09-13T15:11:21.0040305Z   ...
2026-09-13T15:11:21.0041191Z # Subtest: logout revokes remotely and still clears locally after a transport failure
2026-09-13T15:11:21.0042487Z ok 179 - logout revokes remotely and still clears locally after a transport failure
2026-09-13T15:11:21.0043299Z   ---
2026-09-13T15:11:21.0043727Z   duration_ms: 0.653977
2026-09-13T15:11:21.0044208Z   type: 'test'
2026-09-13T15:11:21.0044631Z   ...
2026-09-13T15:11:21.0045573Z # Subtest: a previous logout cannot clear a newly logged-in account
2026-09-13T15:11:21.0046587Z ok 180 - a previous logout cannot clear a newly logged-in account
2026-09-13T15:11:21.0047272Z   ---
2026-09-13T15:11:21.0047698Z   duration_ms: 1.356295
2026-09-13T15:11:21.0048169Z   type: 'test'
2026-09-13T15:11:21.0048597Z   ...
2026-09-13T15:11:21.0049603Z # Subtest: only chosen API-relative paths are requested and caller auth cannot override the session
2026-09-13T15:11:21.0051091Z ok 181 - only chosen API-relative paths are requested and caller auth cannot override the session
2026-09-13T15:11:21.0052004Z   ---
2026-09-13T15:11:21.0052442Z   duration_ms: 1.106295
2026-09-13T15:11:21.0052933Z   type: 'test'
2026-09-13T15:11:21.0053356Z   ...
2026-09-13T15:11:21.0054415Z # Subtest: aborted mutations before dispatch are known not sent; malformed successful responses are uncertain
2026-09-13T15:11:21.0056295Z ok 182 - aborted mutations before dispatch are known not sent; malformed successful responses are uncertain
2026-09-13T15:11:21.0057338Z   ---
2026-09-13T15:11:21.0057830Z   duration_ms: 1.100104
2026-09-13T15:11:21.0058325Z   type: 'test'
2026-09-13T15:11:21.0058796Z   ...
2026-09-13T15:11:21.1029494Z # (node:2444) [MODULE_TYPELESS_PACKAGE_JSON] Warning: Module type of file:///home/runner/work/GO/GO/application/mobile/go-app/src/domain/tripFacts.ts is not specified and it doesn't parse as CommonJS.
2026-09-13T15:11:21.1035974Z # Reparsing as ES module because module syntax was detected. This incurs a performance overhead.
2026-09-13T15:11:21.1056634Z # To eliminate this warning, add "type": "module" to /home/runner/work/GO/GO/application/mobile/go-app/package.json.
2026-09-13T15:11:21.1074748Z # (Use `node --trace-warnings ...` to show where the warning was created)
2026-09-13T15:11:21.1096784Z # Subtest: native navigation binds all six verticals to an owned canonical identity
2026-09-13T15:11:21.1113375Z ok 183 - native navigation binds all six verticals to an owned canonical identity
2026-09-13T15:11:21.1122561Z   ---
2026-09-13T15:11:21.1145444Z   duration_ms: 2.31343
2026-09-13T15:11:21.1159200Z   type: 'test'
2026-09-13T15:11:21.1194197Z   ...
2026-09-13T15:11:21.1195366Z # Subtest: native check-in renders each passenger and leg independently
2026-09-13T15:11:21.1213312Z ok 184 - native check-in renders each passenger and leg independently
2026-09-13T15:11:21.1220835Z   ---
2026-09-13T15:11:21.1235927Z   duration_ms: 0.674214
2026-09-13T15:11:21.1236491Z   type: 'test'
2026-09-13T15:11:21.1236962Z   ...
2026-09-13T15:11:21.1237909Z # Subtest: missing, stale, duplicate, future or wrong-order check-in evidence is unverified
2026-09-13T15:11:21.1239163Z ok 185 - missing, stale, duplicate, future or wrong-order check-in evidence is unverified
2026-09-13T15:11:21.1239930Z   ---
2026-09-13T15:11:21.1240342Z   duration_ms: 0.507512
2026-09-13T15:11:21.1240803Z   type: 'test'
2026-09-13T15:11:21.1241211Z   ...
2026-09-13T15:11:21.1241888Z # Subtest: only safe HTTPS links are offered by native travel facts
2026-09-13T15:11:21.1242838Z ok 186 - only safe HTTPS links are offered by native travel facts
2026-09-13T15:11:21.1243596Z   ---
2026-09-13T15:11:21.1244028Z   duration_ms: 0.242555
2026-09-13T15:11:21.1244501Z   type: 'test'
2026-09-13T15:11:21.1246148Z   ...
2026-09-13T15:11:21.1246874Z # Subtest: native rental details never request ride tracking
2026-09-13T15:11:21.1247778Z ok 187 - native rental details never request ride tracking
2026-09-13T15:11:21.1248424Z   ---
2026-09-13T15:11:21.1248833Z   duration_ms: 0.361077
2026-09-13T15:11:21.1249291Z   type: 'test'
2026-09-13T15:11:21.1249696Z   ...
2026-09-13T15:11:21.1250411Z # Subtest: ride tracking failure cannot hide the existing ride order
2026-09-13T15:11:21.1251391Z ok 188 - ride tracking failure cannot hide the existing ride order
2026-09-13T15:11:21.1252054Z   ---
2026-09-13T15:11:21.1252457Z   duration_ms: 0.300023
2026-09-13T15:11:21.1252903Z   type: 'test'
2026-09-13T15:11:21.1253313Z   ...
2026-09-13T15:11:21.1254078Z # Subtest: tracking and order identity mismatches cannot render another order
2026-09-13T15:11:21.1255524Z ok 189 - tracking and order identity mismatches cannot render another order
2026-09-13T15:11:21.1256316Z   ---
2026-09-13T15:11:21.1256801Z   duration_ms: 0.790142
2026-09-13T15:11:21.1257323Z   type: 'test'
2026-09-13T15:11:21.1257816Z   ...
2026-09-13T15:11:21.1856200Z # Subtest: rail order preserves party, immutable prebook and original total through payment cancellation
2026-09-13T15:11:21.1859369Z ok 190 - rail order preserves party, immutable prebook and original total through payment cancellation
2026-09-13T15:11:21.1865787Z   ---
2026-09-13T15:11:21.1866463Z   duration_ms: 3.759282
2026-09-13T15:11:21.1867189Z   type: 'test'
2026-09-13T15:11:21.1867813Z   ...
2026-09-13T15:11:21.1868956Z # Subtest: attraction order uses the quoted slot, quantity and prebook and shows eligibility
2026-09-13T15:11:21.1870575Z ok 191 - attraction order uses the quoted slot, quantity and prebook and shows eligibility
2026-09-13T15:11:21.1871644Z   ---
2026-09-13T15:11:21.1872258Z   duration_ms: 0.501601
2026-09-13T15:11:21.1872941Z   type: 'test'
2026-09-13T15:11:21.1873531Z   ...
2026-09-13T15:11:21.1874538Z # Subtest: cancelling confirmation step 1 never creates an order or payment
2026-09-13T15:11:21.1876199Z ok 192 - cancelling confirmation step 1 never creates an order or payment
2026-09-13T15:11:21.1877151Z   ---
2026-09-13T15:11:21.1878062Z   duration_ms: 0.225624
2026-09-13T15:11:21.1879063Z   type: 'test'
2026-09-13T15:11:21.1880020Z   ...
2026-09-13T15:11:21.1881682Z # Subtest: cancelling confirmation step 2 never creates an order or payment
2026-09-13T15:11:21.1883593Z ok 193 - cancelling confirmation step 2 never creates an order or payment
2026-09-13T15:11:21.1884503Z   ---
2026-09-13T15:11:21.1885309Z   duration_ms: 0.401283
2026-09-13T15:11:21.1885936Z   type: 'test'
2026-09-13T15:11:21.1886480Z   ...
2026-09-13T15:11:21.1887320Z # Subtest: cancelled party selection cannot reach order creation
2026-09-13T15:11:21.1888478Z ok 194 - cancelled party selection cannot reach order creation
2026-09-13T15:11:21.1889332Z   ---
2026-09-13T15:11:21.1889887Z   duration_ms: 0.299562
2026-09-13T15:11:21.1890472Z   type: 'test'
2026-09-13T15:11:21.1891022Z   ...
2026-09-13T15:11:21.1892030Z # Subtest: quote that expires during traveler selection cannot create or pay an order
2026-09-13T15:11:21.1893476Z ok 195 - quote that expires during traveler selection cannot create or pay an order
2026-09-13T15:11:21.1894762Z   ---
2026-09-13T15:11:21.1895525Z   duration_ms: 0.808808
2026-09-13T15:11:21.1896109Z   type: 'test'
2026-09-13T15:11:21.1896633Z   ...
2026-09-13T15:11:21.1897358Z # Subtest: missing final consent never creates an order
2026-09-13T15:11:21.1928178Z ok 196 - missing final consent never creates an order
2026-09-13T15:11:21.1940499Z   ---
2026-09-13T15:11:21.1941874Z   duration_ms: 0.480552
2026-09-13T15:11:21.1942527Z   type: 'test'
2026-09-13T15:11:21.1943086Z   ...
2026-09-13T15:11:21.1943969Z # Subtest: different people are required for every quoted place
2026-09-13T15:11:21.1945370Z ok 197 - different people are required for every quoted place
2026-09-13T15:11:21.1946279Z   ---
2026-09-13T15:11:21.1947159Z   duration_ms: 0.37852
2026-09-13T15:11:21.1947964Z   type: 'test'
2026-09-13T15:11:21.1948551Z   ...
2026-09-13T15:11:21.1949503Z # Subtest: an uncertain payment still opens the existing order for recovery
2026-09-13T15:11:21.1950814Z ok 198 - an uncertain payment still opens the existing order for recovery
2026-09-13T15:11:21.1951702Z   ---
2026-09-13T15:11:21.1952270Z   duration_ms: 1.612816
2026-09-13T15:11:21.1952907Z   type: 'test'
2026-09-13T15:11:21.1953466Z   ...
2026-09-13T15:11:21.1954465Z # Subtest: repeated clicks cannot start a second booking while confirmation is open
2026-09-13T15:11:21.1956186Z ok 199 - repeated clicks cannot start a second booking while confirmation is open
2026-09-13T15:11:21.1957162Z   ---
2026-09-13T15:11:21.1957739Z   duration_ms: 0.494498
2026-09-13T15:11:21.1958400Z   type: 'test'
2026-09-13T15:11:21.1958986Z   ...
2026-09-13T15:11:21.1960016Z # Subtest: mismatched total, journey or slot is refused before any traveler consent
2026-09-13T15:11:21.1976428Z ok 200 - mismatched total, journey or slot is refused before any traveler consent
2026-09-13T15:11:21.1978546Z   ---
2026-09-13T15:11:21.1979075Z   duration_ms: 0.394059
2026-09-13T15:11:21.1979676Z   type: 'test'
2026-09-13T15:11:21.1980239Z   ...
2026-09-13T15:11:21.2649375Z # Subtest: cancelling date selection never requests a quote or payment
2026-09-13T15:11:21.2659240Z ok 201 - cancelling date selection never requests a quote or payment
2026-09-13T15:11:21.2661487Z   ---
2026-09-13T15:11:21.2662432Z   duration_ms: 2.129124
2026-09-13T15:11:21.2663167Z   type: 'test'
2026-09-13T15:11:21.2663814Z   ...
2026-09-13T15:11:21.2664778Z # Subtest: ride changes continue to use their separate workflow
2026-09-13T15:11:21.2666460Z ok 202 - ride changes continue to use their separate workflow
2026-09-13T15:11:21.2667308Z   ---
2026-09-13T15:11:21.2667869Z   duration_ms: 1.526454
2026-09-13T15:11:21.2668465Z   type: 'test'
2026-09-13T15:11:21.2669027Z   ...
2026-09-13T15:11:21.2669894Z # Subtest: viewing a rental quote does not execute the change
2026-09-13T15:11:21.2670964Z ok 203 - viewing a rental quote does not execute the change
2026-09-13T15:11:21.2671735Z   ---
2026-09-13T15:11:21.2672275Z   duration_ms: 0.872597
2026-09-13T15:11:21.2672886Z   type: 'test'
2026-09-13T15:11:21.2673420Z   ...
2026-09-13T15:11:21.2688043Z # Subtest: confirmed refund difference retains its sign and server quote identity
2026-09-13T15:11:21.2698380Z ok 204 - confirmed refund difference retains its sign and server quote identity
2026-09-13T15:11:21.2701616Z   ---
2026-09-13T15:11:21.2702245Z   duration_ms: 1.65801
2026-09-13T15:11:21.2702934Z   type: 'test'
2026-09-13T15:11:21.2703583Z   ...
2026-09-13T15:11:21.2704598Z # Subtest: unchecked amount consent blocks executing a displayed quote
2026-09-13T15:11:21.2706260Z ok 205 - unchecked amount consent blocks executing a displayed quote
2026-09-13T15:11:21.2707256Z   ---
2026-09-13T15:11:21.2707929Z   duration_ms: 1.162471
2026-09-13T15:11:21.2708639Z   type: 'test'
2026-09-13T15:11:21.2709347Z   ...
2026-09-13T15:11:21.2710405Z # Subtest: the shared amount formatter preserves cents on confirmation screens
2026-09-13T15:11:21.2711899Z ok 206 - the shared amount formatter preserves cents on confirmation screens
2026-09-13T15:11:21.2713269Z   ---
2026-09-13T15:11:21.2713912Z   duration_ms: 14.485824
2026-09-13T15:11:21.2714625Z   type: 'test'
2026-09-13T15:11:21.2715684Z   ...
2026-09-13T15:11:21.3287460Z # Subtest: consumer: concurrent expired reads refresh once and preserve namespace
2026-09-13T15:11:21.3295737Z ok 207 - consumer: concurrent expired reads refresh once and preserve namespace
2026-09-13T15:11:21.3306148Z   ---
2026-09-13T15:11:21.3306825Z   duration_ms: 9.945287
2026-09-13T15:11:21.3307469Z   type: 'test'
2026-09-13T15:11:21.3308042Z   ...
2026-09-13T15:11:21.3309033Z # Subtest: consumer: a mutation without idempotency is never replayed after renewal
2026-09-13T15:11:21.3310405Z ok 208 - consumer: a mutation without idempotency is never replayed after renewal
2026-09-13T15:11:21.3311338Z   ---
2026-09-13T15:11:21.3311884Z   duration_ms: 1.54021
2026-09-13T15:11:21.3312487Z   type: 'test'
2026-09-13T15:11:21.3313057Z   ...
2026-09-13T15:11:21.3313939Z # Subtest: consumer: an idempotent retry retains the original key and body
2026-09-13T15:11:21.3315545Z ok 209 - consumer: an idempotent retry retains the original key and body
2026-09-13T15:11:21.3316543Z   ---
2026-09-13T15:11:21.3317153Z   duration_ms: 0.90621
2026-09-13T15:11:21.3317850Z   type: 'test'
2026-09-13T15:11:21.3318475Z   ...
2026-09-13T15:11:21.3319451Z # Subtest: consumer: failed refresh stops without retrying the operation
2026-09-13T15:11:21.3320820Z ok 210 - consumer: failed refresh stops without retrying the operation
2026-09-13T15:11:21.3321728Z   ---
2026-09-13T15:11:21.3322263Z   duration_ms: 0.945103
2026-09-13T15:11:21.3322841Z   type: 'test'
2026-09-13T15:11:21.3323375Z   ...
2026-09-13T15:11:21.3437496Z # Subtest: console: concurrent expired reads refresh once and preserve namespace
2026-09-13T15:11:21.3448897Z ok 211 - console: concurrent expired reads refresh once and preserve namespace
2026-09-13T15:11:21.3454788Z   ---
2026-09-13T15:11:21.3455775Z   duration_ms: 4.862642
2026-09-13T15:11:21.3456683Z   type: 'test'
2026-09-13T15:11:21.3457367Z   ...
2026-09-13T15:11:21.3458481Z # Subtest: console: a mutation without idempotency is never replayed after renewal
2026-09-13T15:11:21.3460276Z ok 212 - console: a mutation without idempotency is never replayed after renewal
2026-09-13T15:11:21.3461342Z   ---
2026-09-13T15:11:21.3462021Z   duration_ms: 1.114932
2026-09-13T15:11:21.3462731Z   type: 'test'
2026-09-13T15:11:21.3463371Z   ...
2026-09-13T15:11:21.3464385Z # Subtest: console: an idempotent retry retains the original key and body
2026-09-13T15:11:21.3466157Z ok 213 - console: an idempotent retry retains the original key and body
2026-09-13T15:11:21.3467342Z   ---
2026-09-13T15:11:21.3468015Z   duration_ms: 0.869191
2026-09-13T15:11:21.3468723Z   type: 'test'
2026-09-13T15:11:21.3469372Z   ...
2026-09-13T15:11:21.3470629Z # Subtest: console: failed refresh stops without retrying the operation
2026-09-13T15:11:21.3472152Z ok 214 - console: failed refresh stops without retrying the operation
2026-09-13T15:11:21.3473155Z   ---
2026-09-13T15:11:21.3473843Z   duration_ms: 0.738415
2026-09-13T15:11:21.3474545Z   type: 'test'
2026-09-13T15:11:21.3475433Z   ...
2026-09-13T15:11:21.3477028Z # Subtest: consumer logout failure preserves account and current page; success clears all private state
2026-09-13T15:11:21.3479094Z ok 215 - consumer logout failure preserves account and current page; success clears all private state
2026-09-13T15:11:21.3480334Z   ---
2026-09-13T15:11:21.3481225Z   duration_ms: 1.258441
2026-09-13T15:11:21.3482105Z   type: 'test'
2026-09-13T15:11:21.3482766Z   ...
2026-09-13T15:11:21.3483866Z # Subtest: console logout failure is surfaced instead of silently reporting success
2026-09-13T15:11:21.3485804Z ok 216 - console logout failure is surfaced instead of silently reporting success
2026-09-13T15:11:21.3486868Z   ---
2026-09-13T15:11:21.3487516Z   duration_ms: 1.825916
2026-09-13T15:11:21.3488501Z   type: 'test'
2026-09-13T15:11:21.3489152Z   ...
2026-09-13T15:11:21.3490239Z # Subtest: console requests work when randomUUID is unavailable in an HTTP preview
2026-09-13T15:11:21.3492411Z ok 217 - console requests work when randomUUID is unavailable in an HTTP preview
2026-09-13T15:11:21.3493385Z   ---
2026-09-13T15:11:21.3493993Z   duration_ms: 1.026716
2026-09-13T15:11:21.3494637Z   type: 'test'
2026-09-13T15:11:21.3495580Z   ...
2026-09-13T15:11:21.3496611Z # Subtest: console login binds the requested account type before establishing a session
2026-09-13T15:11:21.3497992Z ok 218 - console login binds the requested account type before establishing a session
2026-09-13T15:11:21.3500134Z   ---
2026-09-13T15:11:21.3500669Z   duration_ms: 0.885601
2026-09-13T15:11:21.3501209Z   type: 'test'
2026-09-13T15:11:21.3501696Z   ...
2026-09-13T15:11:21.3514782Z # Subtest: a changed console actor clears the stale UI and never refreshes or retries
2026-09-13T15:11:21.3520161Z ok 219 - a changed console actor clears the stale UI and never refreshes or retries
2026-09-13T15:11:21.3521260Z   ---
2026-09-13T15:11:21.3521917Z   duration_ms: 0.79431
2026-09-13T15:11:21.3522593Z   type: 'test'
2026-09-13T15:11:21.3523156Z   ...
2026-09-13T15:11:21.3524148Z # Subtest: consumer: expired access can renew once to revoke its own session
2026-09-13T15:11:21.3538386Z ok 220 - consumer: expired access can renew once to revoke its own session
2026-09-13T15:11:21.3549455Z   ---
2026-09-13T15:11:21.3550107Z   duration_ms: 1.439881
2026-09-13T15:11:21.3550705Z   type: 'test'
2026-09-13T15:11:21.3551234Z   ...
2026-09-13T15:11:21.3552151Z # Subtest: console: expired access can renew once to revoke its own session
2026-09-13T15:11:21.3553344Z ok 221 - console: expired access can renew once to revoke its own session
2026-09-13T15:11:21.3554201Z   ---
2026-09-13T15:11:21.3554800Z   duration_ms: 0.740289
2026-09-13T15:11:21.3555740Z   type: 'test'
2026-09-13T15:11:21.3556381Z   ...
2026-09-13T15:11:21.4156904Z # Subtest: unverified check-in never exposes links or boarding passes
2026-09-13T15:11:21.4163771Z ok 222 - unverified check-in never exposes links or boarding passes
2026-09-13T15:11:21.4176344Z   ---
2026-09-13T15:11:21.4212138Z   duration_ms: 3.240499
2026-09-13T15:11:21.4221019Z   type: 'test'
2026-09-13T15:11:21.4221678Z   ...
2026-09-13T15:11:21.4222920Z # Subtest: per-traveler boarding pass appears only for the verified pass state
2026-09-13T15:11:21.4224513Z ok 223 - per-traveler boarding pass appears only for the verified pass state
2026-09-13T15:11:21.4225825Z   ---
2026-09-13T15:11:21.4228486Z   duration_ms: 0.98626
2026-09-13T15:11:21.4229110Z   type: 'test'
2026-09-13T15:11:21.4229861Z   ...
2026-09-13T15:11:21.4230807Z # Subtest: invalid URL schemes and credentials do not become customer links
2026-09-13T15:11:21.4232061Z ok 224 - invalid URL schemes and credentials do not become customer links
2026-09-13T15:11:21.4232924Z   ---
2026-09-13T15:11:21.4233521Z   duration_ms: 0.871665
2026-09-13T15:11:21.4234226Z   type: 'test'
2026-09-13T15:11:21.4235148Z   ...
2026-09-13T15:11:21.4236256Z # Subtest: unknown fleet outcome clearly separates confirmed and proposed times
2026-09-13T15:11:21.4237760Z ok 225 - unknown fleet outcome clearly separates confirmed and proposed times
2026-09-13T15:11:21.4238814Z   ---
2026-09-13T15:11:21.4239483Z   duration_ms: 0.823194
2026-09-13T15:11:21.4240480Z   type: 'test'
2026-09-13T15:11:21.4241163Z   ...
2026-09-13T15:11:21.4242140Z # Subtest: cancelled tracking confirmation sends no binding mutation
2026-09-13T15:11:21.4243480Z ok 226 - cancelled tracking confirmation sends no binding mutation
2026-09-13T15:11:21.4244461Z   ---
2026-09-13T15:11:21.4245506Z   duration_ms: 0.965271
2026-09-13T15:11:21.4246243Z   type: 'test'
2026-09-13T15:11:21.4246890Z   ...
2026-09-13T15:11:21.4248122Z # Subtest: checked consent sends exact displayed revision and server authority, never wait overrides
2026-09-13T15:11:21.4249943Z ok 227 - checked consent sends exact displayed revision and server authority, never wait overrides
2026-09-13T15:11:21.4251126Z   ---
2026-09-13T15:11:21.4251778Z   duration_ms: 0.938761
2026-09-13T15:11:21.4252479Z   type: 'test'
2026-09-13T15:11:21.4253442Z   ...
2026-09-13T15:11:21.4254335Z # Subtest: missing consent prevents any tracking write
2026-09-13T15:11:21.4255812Z ok 228 - missing consent prevents any tracking write
2026-09-13T15:11:21.4256710Z   ---
2026-09-13T15:11:21.4257355Z   duration_ms: 1.269892
2026-09-13T15:11:21.4258037Z   type: 'test'
2026-09-13T15:11:21.4258673Z   ...
2026-09-13T15:11:21.4259691Z # Subtest: no authorized source does not open an unusable confirmation dialog
2026-09-13T15:11:21.4261134Z ok 229 - no authorized source does not open an unusable confirmation dialog
2026-09-13T15:11:21.4262119Z   ---
2026-09-13T15:11:21.4262741Z   duration_ms: 0.712085
2026-09-13T15:11:21.4263443Z   type: 'test'
2026-09-13T15:11:21.4264070Z   ...
2026-09-13T15:11:21.4265404Z # Subtest: waiting protection is conditional and shows the actual event allowance
2026-09-13T15:11:21.4266950Z ok 230 - waiting protection is conditional and shows the actual event allowance
2026-09-13T15:11:21.4268046Z   ---
2026-09-13T15:11:21.4268718Z   duration_ms: 0.976702
2026-09-13T15:11:21.4269412Z   type: 'test'
2026-09-13T15:11:21.4270067Z   ...
2026-09-13T15:11:21.4271113Z # Subtest: late check-in response cannot populate a detached screen
2026-09-13T15:11:21.4272492Z ok 231 - late check-in response cannot populate a detached screen
2026-09-13T15:11:21.4273438Z   ---
2026-09-13T15:11:21.4274082Z   duration_ms: 13.016345
2026-09-13T15:11:21.4274800Z   type: 'test'
2026-09-13T15:11:21.4275714Z   ...
2026-09-13T15:11:21.4988820Z # Subtest: HOTEL_CATALOG: reopen the existing order without a new order or payment
2026-09-13T15:11:21.4995322Z ok 232 - HOTEL_CATALOG: reopen the existing order without a new order or payment
2026-09-13T15:11:21.5012310Z   ---
2026-09-13T15:11:21.5012936Z   duration_ms: 3.507059
2026-09-13T15:11:21.5013579Z   type: 'test'
2026-09-13T15:11:21.5014133Z   ...
2026-09-13T15:11:21.5015595Z # Subtest: HOTEL_DIRECT: reopen the existing order without a new order or payment
2026-09-13T15:11:21.5018960Z ok 233 - HOTEL_DIRECT: reopen the existing order without a new order or payment
2026-09-13T15:11:21.5020165Z   ---
2026-09-13T15:11:21.5021015Z   duration_ms: 1.394276
2026-09-13T15:11:21.5021790Z   type: 'test'
2026-09-13T15:11:21.5022348Z   ...
2026-09-13T15:11:21.5023361Z # Subtest: FLIGHT: reopen the existing order without a new order or payment
2026-09-13T15:11:21.5024703Z ok 234 - FLIGHT: reopen the existing order without a new order or payment
2026-09-13T15:11:21.5025953Z   ---
2026-09-13T15:11:21.5026487Z   duration_ms: 0.707777
2026-09-13T15:11:21.5027081Z   type: 'test'
2026-09-13T15:11:21.5027609Z   ...
2026-09-13T15:11:21.5028550Z # Subtest: RAIL: reopen the existing order without a new order or payment
2026-09-13T15:11:21.5029836Z ok 235 - RAIL: reopen the existing order without a new order or payment
2026-09-13T15:11:21.5030707Z   ---
2026-09-13T15:11:21.5031247Z   duration_ms: 0.761568
2026-09-13T15:11:21.5031841Z   type: 'test'
2026-09-13T15:11:21.5032373Z   ...
2026-09-13T15:11:21.5037350Z # Subtest: RIDE: reopen the existing order without a new order or payment
2026-09-13T15:11:21.5054714Z ok 236 - RIDE: reopen the existing order without a new order or payment
2026-09-13T15:11:21.5070787Z   ---
2026-09-13T15:11:21.5071725Z   duration_ms: 0.60221
2026-09-13T15:11:21.5072383Z   type: 'test'
2026-09-13T15:11:21.5072936Z   ...
2026-09-13T15:11:21.5073855Z # Subtest: RENTAL: reopen the existing order without a new order or payment
2026-09-13T15:11:21.5078649Z ok 237 - RENTAL: reopen the existing order without a new order or payment
2026-09-13T15:11:21.5079584Z   ---
2026-09-13T15:11:21.5080151Z   duration_ms: 0.63965
2026-09-13T15:11:21.5080770Z   type: 'test'
2026-09-13T15:11:21.5081302Z   ...
2026-09-13T15:11:21.5082269Z # Subtest: ATTRACTION: reopen the existing order without a new order or payment
2026-09-13T15:11:21.5083927Z ok 238 - ATTRACTION: reopen the existing order without a new order or payment
2026-09-13T15:11:21.5085148Z   ---
2026-09-13T15:11:21.5086012Z   duration_ms: 0.697118
2026-09-13T15:11:21.5087141Z   type: 'test'
2026-09-13T15:11:21.5087641Z   ...
2026-09-13T15:11:21.5088660Z # Subtest: untrusted evidence URLs and unsupported identities never select an endpoint
2026-09-13T15:11:21.5090058Z ok 239 - untrusted evidence URLs and unsupported identities never select an endpoint
2026-09-13T15:11:21.5090927Z   ---
2026-09-13T15:11:21.5091371Z   duration_ms: 1.02342
2026-09-13T15:11:21.5091865Z   type: 'test'
2026-09-13T15:11:21.5092300Z   ...
2026-09-13T15:11:21.5093096Z # Subtest: card output escapes content and uses current canonical status
2026-09-13T15:11:21.5094210Z ok 240 - card output escapes content and uses current canonical status
2026-09-13T15:11:21.5095219Z   ---
2026-09-13T15:11:21.5095717Z   duration_ms: 1.038909
2026-09-13T15:11:21.5096261Z   type: 'test'
2026-09-13T15:11:21.5096769Z   ...
2026-09-13T15:11:21.5097615Z # Subtest: an order response cannot populate a different order or vertical
2026-09-13T15:11:21.5098924Z ok 241 - an order response cannot populate a different order or vertical
2026-09-13T15:11:21.5099868Z   ---
2026-09-13T15:11:21.5100399Z   duration_ms: 2.405643
2026-09-13T15:11:21.5100981Z   type: 'test'
2026-09-13T15:11:21.5101499Z   ...
2026-09-13T15:11:21.5102323Z # Subtest: late order response cannot overwrite a new screen
2026-09-13T15:11:21.5103436Z ok 242 - late order response cannot overwrite a new screen
2026-09-13T15:11:21.5104249Z   ---
2026-09-13T15:11:21.5104798Z   duration_ms: 0.743234
2026-09-13T15:11:21.5105645Z   type: 'test'
2026-09-13T15:11:21.5106183Z   ...
2026-09-13T15:11:21.5107146Z # Subtest: continuing payment re-reads amount and uses the original order only
2026-09-13T15:11:21.5108538Z ok 243 - continuing payment re-reads amount and uses the original order only
2026-09-13T15:11:21.5109504Z   ---
2026-09-13T15:11:21.5110101Z   duration_ms: 0.903576
2026-09-13T15:11:21.5110797Z   type: 'test'
2026-09-13T15:11:21.5111326Z   ...
2026-09-13T15:11:21.5112317Z # Subtest: already paid or expired orders cannot invoke payment from a stale card
2026-09-13T15:11:21.5113794Z ok 244 - already paid or expired orders cannot invoke payment from a stale card
2026-09-13T15:11:21.5114754Z   ---
2026-09-13T15:11:21.5115595Z   duration_ms: 1.648843
2026-09-13T15:11:21.5116418Z   type: 'test'
2026-09-13T15:11:21.5116973Z   ...
2026-09-13T15:11:21.5117921Z # Subtest: payment timeout reads the same order and never silently resends
2026-09-13T15:11:21.5119213Z ok 245 - payment timeout reads the same order and never silently resends
2026-09-13T15:11:21.5120090Z   ---
2026-09-13T15:11:21.5120633Z   duration_ms: 0.788289
2026-09-13T15:11:21.5121193Z   type: 'test'
2026-09-13T15:11:21.5121754Z   ...
2026-09-13T15:11:21.5122641Z # Subtest: leaving before the fresh order read prevents a payment dialog
2026-09-13T15:11:21.5123880Z ok 246 - leaving before the fresh order read prevents a payment dialog
2026-09-13T15:11:21.5124739Z   ---
2026-09-13T15:11:21.5125552Z   duration_ms: 0.617138
2026-09-13T15:11:21.5126150Z   type: 'test'
2026-09-13T15:11:21.5126688Z   ...
2026-09-13T15:11:21.5127576Z # Subtest: real app dispatch uses every existing enriched order renderer
2026-09-13T15:11:21.5128829Z ok 247 - real app dispatch uses every existing enriched order renderer
2026-09-13T15:11:21.5129747Z   ---
2026-09-13T15:11:21.5130597Z   duration_ms: 4.64308
2026-09-13T15:11:21.5131251Z   type: 'test'
2026-09-13T15:11:21.5131787Z   ...
2026-09-13T15:11:21.5680105Z # Subtest: closing permission confirmation sends no permission mutation
2026-09-13T15:11:21.5736206Z ok 248 - closing permission confirmation sends no permission mutation
2026-09-13T15:11:21.5744124Z   ---
2026-09-13T15:11:21.5744754Z   duration_ms: 4.310245
2026-09-13T15:11:21.5745685Z   type: 'test'
2026-09-13T15:11:21.5746235Z   ...
2026-09-13T15:11:21.5747265Z # Subtest: source disconnect remains explicit and retains server-directed semantics
2026-09-13T15:11:21.5748773Z ok 249 - source disconnect remains explicit and retains server-directed semantics
2026-09-13T15:11:21.5749629Z   ---
2026-09-13T15:11:21.5750082Z   duration_ms: 2.342845
2026-09-13T15:11:21.5750956Z   type: 'test'
2026-09-13T15:11:21.5751418Z   ...
2026-09-13T15:11:21.5752356Z # Subtest: person edit binds the displayed revision and leaves a blank birth date untouched
2026-09-13T15:11:21.5753893Z ok 250 - person edit binds the displayed revision and leaves a blank birth date untouched
2026-09-13T15:11:21.5755234Z   ---
2026-09-13T15:11:21.5755794Z   duration_ms: 1.083272
2026-09-13T15:11:21.5756395Z   type: 'test'
2026-09-13T15:11:21.5756948Z   ...
2026-09-13T15:11:21.5758186Z # Subtest: sensitive import inspection happens only after explicit confirmation, with no implicit acceptance
2026-09-13T15:11:21.5760090Z ok 251 - sensitive import inspection happens only after explicit confirmation, with no implicit acceptance
2026-09-13T15:11:21.5761198Z   ---
2026-09-13T15:11:21.5761744Z   duration_ms: 8.100516
2026-09-13T15:11:21.5762317Z   type: 'test'
2026-09-13T15:11:21.5762842Z   ...
2026-09-13T15:11:21.5763620Z # Subtest: untrusted imported content is escaped before display
2026-09-13T15:11:21.5764777Z ok 252 - untrusted imported content is escaped before display
2026-09-13T15:11:21.5765892Z   ---
2026-09-13T15:11:21.5766440Z   duration_ms: 2.328819
2026-09-13T15:11:21.5767048Z   type: 'test'
2026-09-13T15:11:21.5767578Z   ...
2026-09-13T15:11:21.5774056Z # Subtest: duplicate submits during a pending mutation call the server once
2026-09-13T15:11:21.5782458Z ok 253 - duplicate submits during a pending mutation call the server once
2026-09-13T15:11:21.5783570Z   ---
2026-09-13T15:11:21.5784112Z   duration_ms: 2.255712
2026-09-13T15:11:21.5784696Z   type: 'test'
2026-09-13T15:11:21.5785501Z   ...
2026-09-13T15:11:21.5786586Z # Subtest: import reassignment binds traveler and item revision and does not accept content
2026-09-13T15:11:21.5788219Z ok 254 - import reassignment binds traveler and item revision and does not accept content
2026-09-13T15:11:21.5789257Z   ---
2026-09-13T15:11:21.5789739Z   duration_ms: 1.838259
2026-09-13T15:11:21.5790321Z   type: 'test'
2026-09-13T15:11:21.5790880Z   ...
2026-09-13T15:11:21.6360364Z # Subtest: RAIL cancellation requires explicit confirmation
2026-09-13T15:11:21.6398966Z ok 255 - RAIL cancellation requires explicit confirmation
2026-09-13T15:11:21.6400211Z   ---
2026-09-13T15:11:21.6400856Z   duration_ms: 2.105109
2026-09-13T15:11:21.6401572Z   type: 'test'
2026-09-13T15:11:21.6402170Z   ...
2026-09-13T15:11:21.6403061Z # Subtest: RAIL response loss still reloads persisted order
2026-09-13T15:11:21.6404257Z ok 256 - RAIL response loss still reloads persisted order
2026-09-13T15:11:21.6407371Z   ---
2026-09-13T15:11:21.6408766Z   duration_ms: 1.969494
2026-09-13T15:11:21.6423628Z   type: 'test'
2026-09-13T15:11:21.6424308Z   ...
2026-09-13T15:11:21.6426682Z # Subtest: RAIL paid or uncertain orders cannot open unpaid cancellation
2026-09-13T15:11:21.6428083Z ok 257 - RAIL paid or uncertain orders cannot open unpaid cancellation
2026-09-13T15:11:21.6429072Z   ---
2026-09-13T15:11:21.6429689Z   duration_ms: 2.49461
2026-09-13T15:11:21.6430385Z   type: 'test'
2026-09-13T15:11:21.6431025Z   ...
2026-09-13T15:11:21.6431972Z # Subtest: ATTRACTION cancellation requires explicit confirmation
2026-09-13T15:11:21.6433582Z ok 258 - ATTRACTION cancellation requires explicit confirmation
2026-09-13T15:11:21.6434532Z   ---
2026-09-13T15:11:21.6435325Z   duration_ms: 0.730601
2026-09-13T15:11:21.6435886Z   type: 'test'
2026-09-13T15:11:21.6436411Z   ...
2026-09-13T15:11:21.6437267Z # Subtest: ATTRACTION response loss still reloads persisted order
2026-09-13T15:11:21.6438468Z ok 259 - ATTRACTION response loss still reloads persisted order
2026-09-13T15:11:21.6439353Z   ---
2026-09-13T15:11:21.6439906Z   duration_ms: 0.801714
2026-09-13T15:11:21.6440541Z   type: 'test'
2026-09-13T15:11:21.6441081Z   ...
2026-09-13T15:11:21.6442075Z # Subtest: ATTRACTION paid or uncertain orders cannot open unpaid cancellation
2026-09-13T15:11:21.6443439Z ok 260 - ATTRACTION paid or uncertain orders cannot open unpaid cancellation
2026-09-13T15:11:21.6444397Z   ---
2026-09-13T15:11:21.6445626Z   duration_ms: 2.301627
2026-09-13T15:11:21.6446291Z   type: 'test'
2026-09-13T15:11:21.6446894Z   ...
2026-09-13T15:11:21.6933720Z # Subtest: new unpaid reservation displays its frozen UTC deadline
2026-09-13T15:11:21.6950394Z ok 261 - new unpaid reservation displays its frozen UTC deadline
2026-09-13T15:11:21.6951762Z   ---
2026-09-13T15:11:21.6952438Z   duration_ms: 1.680603
2026-09-13T15:11:21.6953140Z   type: 'test'
2026-09-13T15:11:21.6953807Z   ...
2026-09-13T15:11:21.6954687Z # Subtest: legacy orders never receive a fabricated deadline
2026-09-13T15:11:21.6956348Z ok 262 - legacy orders never receive a fabricated deadline
2026-09-13T15:11:21.6957265Z   ---
2026-09-13T15:11:21.6957942Z   duration_ms: 0.323287
2026-09-13T15:11:21.6958669Z   type: 'test'
2026-09-13T15:11:21.6959314Z   ...
2026-09-13T15:11:21.6968699Z # Subtest: expiry display relies on persisted server state instead of browser clock
2026-09-13T15:11:21.6982748Z ok 263 - expiry display relies on persisted server state instead of browser clock
2026-09-13T15:11:21.6983866Z   ---
2026-09-13T15:11:21.6984579Z   duration_ms: 0.292108
2026-09-13T15:11:21.6985540Z   type: 'test'
2026-09-13T15:11:21.6986155Z   ...
2026-09-13T15:11:21.6987124Z # Subtest: started and uncertain payment keeps its reservation message
2026-09-13T15:11:21.6988442Z ok 264 - started and uncertain payment keeps its reservation message
2026-09-13T15:11:21.6989360Z   ---
2026-09-13T15:11:21.6989955Z   duration_ms: 1.811789
2026-09-13T15:11:21.6990606Z   type: 'test'
2026-09-13T15:11:21.6991247Z   ...
2026-09-13T15:11:21.7512237Z # Subtest: RAIL: opening recovery does not send a refund until confirmed
2026-09-13T15:11:21.7529412Z ok 265 - RAIL: opening recovery does not send a refund until confirmed
2026-09-13T15:11:21.7536297Z   ---
2026-09-13T15:11:21.7536898Z   duration_ms: 2.162476
2026-09-13T15:11:21.7537583Z   type: 'test'
2026-09-13T15:11:21.7538345Z   ...
2026-09-13T15:11:21.7539292Z # Subtest: RAIL: failed response still reloads persisted order state
2026-09-13T15:11:21.7540509Z ok 266 - RAIL: failed response still reloads persisted order state
2026-09-13T15:11:21.7541334Z   ---
2026-09-13T15:11:21.7541872Z   duration_ms: 2.048105
2026-09-13T15:11:21.7542475Z   type: 'test'
2026-09-13T15:11:21.7543082Z   ...
2026-09-13T15:11:21.7544085Z # Subtest: ATTRACTION: opening recovery does not send a refund until confirmed
2026-09-13T15:11:21.7545823Z ok 267 - ATTRACTION: opening recovery does not send a refund until confirmed
2026-09-13T15:11:21.7546872Z   ---
2026-09-13T15:11:21.7547518Z   duration_ms: 0.819317
2026-09-13T15:11:21.7548264Z   type: 'test'
2026-09-13T15:11:21.7549110Z   ...
2026-09-13T15:11:21.7550192Z # Subtest: ATTRACTION: failed response still reloads persisted order state
2026-09-13T15:11:21.7552304Z ok 268 - ATTRACTION: failed response still reloads persisted order state
2026-09-13T15:11:21.7553339Z   ---
2026-09-13T15:11:21.7553988Z   duration_ms: 0.742894
2026-09-13T15:11:21.7554674Z   type: 'test'
2026-09-13T15:11:21.7555718Z   ...
2026-09-13T15:11:21.7565878Z # Subtest: busy recovery gives a customer message and refreshes the existing order
2026-09-13T15:11:21.7571964Z ok 269 - busy recovery gives a customer message and refreshes the existing order
2026-09-13T15:11:21.7573458Z   ---
2026-09-13T15:11:21.7574191Z   duration_ms: 0.789872
2026-09-13T15:11:21.7575257Z   type: 'test'
2026-09-13T15:11:21.7575959Z   ...
2026-09-13T15:11:21.7577135Z # Subtest: rail interrupted change confirms the original quote instead of creating another
2026-09-13T15:11:21.7578848Z ok 270 - rail interrupted change confirms the original quote instead of creating another
2026-09-13T15:11:21.7579997Z   ---
2026-09-13T15:11:21.7580648Z   duration_ms: 1.057363
2026-09-13T15:11:21.7581366Z   type: 'test'
2026-09-13T15:11:21.7582020Z   ...
2026-09-13T15:11:21.7640588Z 1..270
2026-09-13T15:11:21.7641570Z # tests 270
2026-09-13T15:11:21.7642469Z # suites 0
2026-09-13T15:11:21.7643107Z # pass 270
2026-09-13T15:11:21.7643720Z # fail 0
2026-09-13T15:11:21.7644343Z # cancelled 0
2026-09-13T15:11:21.7645616Z # skipped 0
2026-09-13T15:11:21.7646272Z # todo 0
2026-09-13T15:11:21.7646949Z # duration_ms 3428.832334
2026-09-13T15:11:21.7754616Z ##[group]Run python -B -m unittest discover -s control-plane/depth40-compat-v2/tests -v 2>&1 | tee "$RUNNER_TEMP/evidence/compatibility.log"
2026-09-13T15:11:21.7756172Z [36;1mpython -B -m unittest discover -s control-plane/depth40-compat-v2/tests -v 2>&1 | tee "$RUNNER_TEMP/evidence/compatibility.log"[0m
2026-09-13T15:11:21.7793486Z shell: /usr/bin/bash --noprofile --norc -e -o pipefail {0}
2026-09-13T15:11:21.7793844Z env:
2026-09-13T15:11:21.7794064Z   PYTHONDONTWRITEBYTECODE: 1
2026-09-13T15:11:21.7794393Z   pythonLocation: /opt/hostedtoolcache/Python/3.13.5/x64
2026-09-13T15:11:21.7795121Z   PKG_CONFIG_PATH: /opt/hostedtoolcache/Python/3.13.5/x64/lib/pkgconfig
2026-09-13T15:11:21.7795603Z   Python_ROOT_DIR: /opt/hostedtoolcache/Python/3.13.5/x64
2026-09-13T15:11:21.7795993Z   Python2_ROOT_DIR: /opt/hostedtoolcache/Python/3.13.5/x64
2026-09-13T15:11:21.7796401Z   Python3_ROOT_DIR: /opt/hostedtoolcache/Python/3.13.5/x64
2026-09-13T15:11:21.7796829Z   LD_LIBRARY_PATH: /opt/hostedtoolcache/Python/3.13.5/x64/lib
2026-09-13T15:11:21.7797162Z ##[endgroup]
2026-09-13T15:11:22.3562674Z test_collector_uses_bound_candidate_paths_and_head (test_compatibility.Compatibility.test_collector_uses_bound_candidate_paths_and_head) ... ok
2026-09-13T15:11:22.3681860Z test_consumed_source_cannot_be_replayed (test_compatibility.Compatibility.test_consumed_source_cannot_be_replayed) ... ok
2026-09-13T15:11:22.3699741Z test_digest_resolving_to_wrong_config_rejected_before_mutation (test_compatibility.Compatibility.test_digest_resolving_to_wrong_config_rejected_before_mutation) ... ok
2026-09-13T15:11:22.3748869Z test_distinct_config_and_registry_digests_are_accepted (test_compatibility.Compatibility.test_distinct_config_and_registry_digests_are_accepted) ... ok
2026-09-13T15:11:22.3842485Z test_entrypoint_rejects_unsealed_site_without_docker_call (test_compatibility.Compatibility.test_entrypoint_rejects_unsealed_site_without_docker_call) ... ok
2026-09-13T15:11:22.3865867Z test_expired_recovery_plan_rejected (test_compatibility.Compatibility.test_expired_recovery_plan_rejected) ... ok
2026-09-13T15:11:22.3883066Z test_extra_service_rejected (test_compatibility.Compatibility.test_extra_service_rejected) ... ok
2026-09-13T15:11:22.3997672Z test_failed_deploy_not_promoted_to_successful_rollback_source (test_compatibility.Compatibility.test_failed_deploy_not_promoted_to_successful_rollback_source) ... ok
2026-09-13T15:11:22.4015378Z test_missing_persistent_media_rejected (test_compatibility.Compatibility.test_missing_persistent_media_rejected) ... ok
2026-09-13T15:11:22.4038858Z test_missing_restore_evidence_rejected (test_compatibility.Compatibility.test_missing_restore_evidence_rejected) ... ok
2026-09-13T15:11:22.4093785Z test_modified_source_signature_rejected (test_compatibility.Compatibility.test_modified_source_signature_rejected) ... ok
2026-09-13T15:11:22.4159238Z test_mutation_failure_retains_previous_state_and_failure_record (test_compatibility.Compatibility.test_mutation_failure_retains_previous_state_and_failure_record) ... ok
2026-09-13T15:11:22.4165895Z test_old_pythonpath_rejected (test_compatibility.Compatibility.test_old_pythonpath_rejected) ... ok
2026-09-13T15:11:22.4183009Z test_old_worker_command_rejected (test_compatibility.Compatibility.test_old_worker_command_rejected) ... ok
2026-09-13T15:11:22.4248128Z test_previous_runtime_record_drift_rejected (test_compatibility.Compatibility.test_previous_runtime_record_drift_rejected) ... ok
2026-09-13T15:11:22.4262218Z test_production_site_binding_rejected (test_compatibility.Compatibility.test_production_site_binding_rejected) ... ok
2026-09-13T15:11:22.4279558Z test_profile_drift_rejected (test_compatibility.Compatibility.test_profile_drift_rejected) ... ok
2026-09-13T15:11:22.4296663Z test_pulling_policy_rejected (test_compatibility.Compatibility.test_pulling_policy_rejected) ... ok
2026-09-13T15:11:22.4320467Z test_recovery_preparation_signature_and_binding (test_compatibility.Compatibility.test_recovery_preparation_signature_and_binding) ... ok
2026-09-13T15:11:22.4397158Z test_replaced_protected_container_rejected_before_rollback (test_compatibility.Compatibility.test_replaced_protected_container_rejected_before_rollback) ... ok
2026-09-13T15:11:22.4486215Z test_rollback_drives_recorded_images_and_checks_identity (test_compatibility.Compatibility.test_rollback_drives_recorded_images_and_checks_identity) ... ok
2026-09-13T15:11:22.4511450Z test_tampered_recovery_signature_rejected (test_compatibility.Compatibility.test_tampered_recovery_signature_rejected) ... ok
2026-09-13T15:11:22.4526237Z test_unbound_profile_rejected (test_compatibility.Compatibility.test_unbound_profile_rejected) ... ok
2026-09-13T15:11:22.4646781Z test_unhealthy_api_cannot_return_rollback_pass (test_compatibility.Compatibility.test_unhealthy_api_cannot_return_rollback_pass) ... ok
2026-09-13T15:11:22.4666317Z test_unplanned_schema_transition_rejected (test_compatibility.Compatibility.test_unplanned_schema_transition_rejected) ... ok
2026-09-13T15:11:22.4680930Z test_unsealed_site_binding_rejected (test_compatibility.Compatibility.test_unsealed_site_binding_rejected) ... ok
2026-09-13T15:11:22.4732465Z test_worker_restart_during_observation_rejected (test_compatibility.Compatibility.test_worker_restart_during_observation_rejected) ... ok
2026-09-13T15:11:22.4846541Z test_wrong_image_cannot_return_rollback_pass (test_compatibility.Compatibility.test_wrong_image_cannot_return_rollback_pass) ... ok
2026-09-13T15:11:22.4852135Z test_domain_or_unknown_type_rejected (test_compatibility.CriticalColumns.test_domain_or_unknown_type_rejected) ... ok
2026-09-13T15:11:22.4853619Z test_exact_widths (test_compatibility.CriticalColumns.test_exact_widths) ... ok
2026-09-13T15:11:22.4855391Z test_missing_column_rejected (test_compatibility.CriticalColumns.test_missing_column_rejected) ... ok
2026-09-13T15:11:22.4856956Z test_narrow_varchar_rejected (test_compatibility.CriticalColumns.test_narrow_varchar_rejected) ... ok
2026-09-13T15:11:22.4858683Z test_non_character_null_width_rejected (test_compatibility.CriticalColumns.test_non_character_null_width_rejected) ... ok
2026-09-13T15:11:22.4860206Z test_unbounded_text (test_compatibility.CriticalColumns.test_unbounded_text) ... ok
2026-09-13T15:11:22.4860976Z 
2026-09-13T15:11:22.4861509Z ----------------------------------------------------------------------
2026-09-13T15:11:22.4862268Z Ran 34 tests in 0.138s
2026-09-13T15:11:22.4862915Z 
2026-09-13T15:11:22.4863204Z OK
2026-09-13T15:11:22.5182154Z ##[group]Run tree=$(python -c 'import json,os; print(json.load(open(os.environ["RUNNER_TEMP"]+"/evidence/source/RETENTION_RESULT.json"))["source_tree_sha256"])')
2026-09-13T15:11:22.5184178Z [36;1mtree=$(python -c 'import json,os; print(json.load(open(os.environ["RUNNER_TEMP"]+"/evidence/source/RETENTION_RESULT.json"))["source_tree_sha256"])')[0m
2026-09-13T15:11:22.5187014Z [36;1mpython -B application/scripts/acceptance_smoke.py --source application --fingerprint "$RUNNER_TEMP/evidence/source/SOURCE_FINGERPRINT.json" --expected-tree "$tree" --evidence "$RUNNER_TEMP/evidence/http"[0m
2026-09-13T15:11:22.5242298Z shell: /usr/bin/bash --noprofile --norc -e -o pipefail {0}
2026-09-13T15:11:22.5242946Z env:
2026-09-13T15:11:22.5243351Z   PYTHONDONTWRITEBYTECODE: 1
2026-09-13T15:11:22.5243969Z   pythonLocation: /opt/hostedtoolcache/Python/3.13.5/x64
2026-09-13T15:11:22.5244794Z   PKG_CONFIG_PATH: /opt/hostedtoolcache/Python/3.13.5/x64/lib/pkgconfig
2026-09-13T15:11:22.5246035Z   Python_ROOT_DIR: /opt/hostedtoolcache/Python/3.13.5/x64
2026-09-13T15:11:22.5246781Z   Python2_ROOT_DIR: /opt/hostedtoolcache/Python/3.13.5/x64
2026-09-13T15:11:22.5247521Z   Python3_ROOT_DIR: /opt/hostedtoolcache/Python/3.13.5/x64
2026-09-13T15:11:22.5248270Z   LD_LIBRARY_PATH: /opt/hostedtoolcache/Python/3.13.5/x64/lib
2026-09-13T15:11:22.5248891Z ##[endgroup]
2026-09-13T15:11:37.2776797Z {"checks_passed": 150, "failed": 0, "http_requests": 88, "scope": "LIVE_LOOPBACK_HTTP_ONLY", "browser_gate": "HOLD"}
2026-09-13T15:11:37.2989087Z Node 20 is being deprecated. This workflow is running with Node 24 by default. If you need to temporarily use Node 20, you can set the ACTIONS_ALLOW_USE_UNSECURE_NODE_VERSION=true environment variable. For more information see: https://github.blog/changelog/2025-09-19-deprecation-of-node-20-on-github-actions-runners/
2026-09-13T15:11:37.2990399Z ##[group]Run actions/upload-artifact@v4
2026-09-13T15:11:37.2990679Z with:
2026-09-13T15:11:37.2991044Z   name: canonical-frontend-http-compat-9f28f822110e187c22baf82391063c8b05c039c1
2026-09-13T15:11:37.2991502Z   path: /home/runner/work/_temp/evidence
2026-09-13T15:11:37.2991784Z   if-no-files-found: error
2026-09-13T15:11:37.2992030Z   compression-level: 6
2026-09-13T15:11:37.2992262Z   overwrite: false
2026-09-13T15:11:37.2992485Z   include-hidden-files: false
2026-09-13T15:11:37.2992729Z env:
2026-09-13T15:11:37.2992938Z   PYTHONDONTWRITEBYTECODE: 1
2026-09-13T15:11:37.2993261Z   pythonLocation: /opt/hostedtoolcache/Python/3.13.5/x64
2026-09-13T15:11:37.2993750Z   PKG_CONFIG_PATH: /opt/hostedtoolcache/Python/3.13.5/x64/lib/pkgconfig
2026-09-13T15:11:37.2994174Z   Python_ROOT_DIR: /opt/hostedtoolcache/Python/3.13.5/x64
2026-09-13T15:11:37.2994552Z   Python2_ROOT_DIR: /opt/hostedtoolcache/Python/3.13.5/x64
2026-09-13T15:11:37.2995245Z   Python3_ROOT_DIR: /opt/hostedtoolcache/Python/3.13.5/x64
2026-09-13T15:11:37.2995642Z   LD_LIBRARY_PATH: /opt/hostedtoolcache/Python/3.13.5/x64/lib
2026-09-13T15:11:37.2995969Z ##[endgroup]
2026-09-13T15:11:37.4712604Z (node:2526) [DEP0040] DeprecationWarning: The `punycode` module is deprecated. Please use a userland alternative instead.
2026-09-13T15:11:37.4714388Z (Use `node --trace-deprecation ...` to show where the warning was created)
2026-09-13T15:11:37.4867802Z With the provided path, there will be 8 files uploaded
2026-09-13T15:11:37.4869173Z Artifact name is valid!
2026-09-13T15:11:37.4870053Z Root directory input is valid!
2026-09-13T15:11:37.8490395Z Beginning upload of artifact content to blob storage
2026-09-13T15:11:37.8947572Z (node:2526) [DEP0169] DeprecationWarning: `url.parse()` behavior is not standardized and prone to errors that have security implications. Use the WHATWG URL API instead. CVEs are not issued for `url.parse()` vulnerabilities.
2026-09-13T15:11:38.2211436Z Uploaded bytes 87619
2026-09-13T15:11:38.2853870Z Finished uploading artifact content to blob storage!
2026-09-13T15:11:38.2855867Z SHA256 digest of uploaded artifact zip is 403b1f8611e2ec173d286eba34ff41ca70eebc70de16e7917530ac3416ae8d52
2026-09-13T15:11:38.2858055Z Finalizing artifact upload
2026-09-13T15:11:38.5307891Z Artifact canonical-frontend-http-compat-9f28f822110e187c22baf82391063c8b05c039c1.zip successfully finalized. Artifact ID 10319219958
2026-09-13T15:11:38.5310726Z Artifact canonical-frontend-http-compat-9f28f822110e187c22baf82391063c8b05c039c1 has been successfully uploaded! Final size is 87619 bytes. Artifact ID is 10319219958
2026-09-13T15:11:38.5313190Z Artifact download URL: https://github.com/yuguangzhi3836-glitch/GO/actions/runs/34764800483/artifacts/10319219958
2026-09-13T15:11:38.5537948Z Node 20 is being deprecated. This workflow is running with Node 24 by default. If you need to temporarily use Node 20, you can set the ACTIONS_ALLOW_USE_UNSECURE_NODE_VERSION=true environment variable. For more information see: https://github.blog/changelog/2025-09-19-deprecation-of-node-20-on-github-actions-runners/
2026-09-13T15:11:38.5540111Z Post job cleanup.
2026-09-13T15:11:38.6914186Z (node:2538) [DEP0040] DeprecationWarning: The `punycode` module is deprecated. Please use a userland alternative instead.
2026-09-13T15:11:38.6915429Z (Use `node --trace-deprecation ...` to show where the warning was created)
2026-09-13T15:11:38.7147589Z Node 20 is being deprecated. This workflow is running with Node 24 by default. If you need to temporarily use Node 20, you can set the ACTIONS_ALLOW_USE_UNSECURE_NODE_VERSION=true environment variable. For more information see: https://github.blog/changelog/2025-09-19-deprecation-of-node-20-on-github-actions-runners/
2026-09-13T15:11:38.7149977Z Post job cleanup.
2026-09-13T15:11:38.8957374Z (node:2546) [DEP0040] DeprecationWarning: The `punycode` module is deprecated. Please use a userland alternative instead.
2026-09-13T15:11:38.8976738Z (Use `node --trace-deprecation ...` to show where the warning was created)
2026-09-13T15:11:38.9206093Z Node 20 is being deprecated. This workflow is running with Node 24 by default. If you need to temporarily use Node 20, you can set the ACTIONS_ALLOW_USE_UNSECURE_NODE_VERSION=true environment variable. For more information see: https://github.blog/changelog/2025-09-19-deprecation-of-node-20-on-github-actions-runners/
2026-09-13T15:11:38.9208298Z Post job cleanup.
2026-09-13T15:11:39.0255743Z [command]/usr/bin/git version
2026-09-13T15:11:39.0322659Z git version 2.55.0
2026-09-13T15:11:39.0396609Z Temporarily overriding HOME='/home/runner/work/_temp/58f56c4c-be3c-4a32-83ef-7cfb3982899d' before making global git config changes
2026-09-13T15:11:39.0398793Z Adding repository directory to the temporary git global config as a safe directory
2026-09-13T15:11:39.0405829Z [command]/usr/bin/git config --global --add safe.directory /home/runner/work/GO/GO
2026-09-13T15:11:39.0489904Z [command]/usr/bin/git config --local --name-only --get-regexp core\.sshCommand
2026-09-13T15:11:39.0559784Z [command]/usr/bin/git submodule foreach --recursive sh -c "git config --local --name-only --get-regexp 'core\.sshCommand' && git config --local --unset-all 'core.sshCommand' || :"
2026-09-13T15:11:39.1016872Z [command]/usr/bin/git config --local --name-only --get-regexp http\.https\:\/\/github\.com\/\.extraheader
2026-09-13T15:11:39.1079652Z [command]/usr/bin/git submodule foreach --recursive sh -c "git config --local --name-only --get-regexp 'http\.https\:\/\/github\.com\/\.extraheader' && git config --local --unset-all 'http.https://github.com/.extraheader' || :"
2026-09-13T15:11:39.1652340Z [command]/usr/bin/git config --local --name-only --get-regexp ^includeIf\.gitdir:
2026-09-13T15:11:39.1784670Z [command]/usr/bin/git submodule foreach --recursive git config --local --show-origin --name-only --get-regexp remote.origin.url
2026-09-13T15:11:39.3595465Z Cleaning up orphan processes
2026-09-13T15:11:39.3863297Z ##[warning]Node.js 20 is deprecated. The following actions target Node.js 20 but are being forced to run on Node.js 24: actions/checkout@v4, actions/setup-node@v4, actions/setup-python@v5, actions/upload-artifact@v4. For more information see: https://github.blog/changelog/2025-09-19-deprecation-of-node-20-on-github-actions-runners/
