2026-09-13T15:10:32.0716416Z Current runner version: '2.337.0'
2026-09-13T15:10:32.0733246Z ##[group]Runner Image Provisioner
2026-09-13T15:10:32.0733930Z Hosted Compute Agent
2026-09-13T15:10:32.0734380Z Version: 20260828.587
2026-09-13T15:10:32.0734945Z Commit: abac92662cab4cc7352de4f9f9d2e2419aad9c29
2026-09-13T15:10:32.0735478Z Build Date: 2026-08-28T16:44:25Z
2026-09-13T15:10:32.0735962Z Worker ID: {3b6eae2e-7a40-4b7d-8984-68df8267f1c8}
2026-09-13T15:10:32.0736443Z Azure Region: centralus
2026-09-13T15:10:32.0736914Z ##[endgroup]
2026-09-13T15:10:32.0737878Z ##[group]Operating System
2026-09-13T15:10:32.0738315Z Ubuntu
2026-09-13T15:10:32.0738669Z 24.04.5
2026-09-13T15:10:32.0739198Z LTS
2026-09-13T15:10:32.0739607Z ##[endgroup]
2026-09-13T15:10:32.0739983Z ##[group]Runner Image
2026-09-13T15:10:32.0740418Z Image: ubuntu-24.04
2026-09-13T15:10:32.0740820Z Version: 20260907.300.1
2026-09-13T15:10:32.0741731Z Included Software: https://github.com/actions/runner-images/blob/ubuntu24/20260907.300/images/ubuntu/Ubuntu2404-Readme.md
2026-09-13T15:10:32.0742785Z Image Release: https://github.com/actions/runner-images/releases/tag/ubuntu24%2F20260907.300
2026-09-13T15:10:32.0743438Z ##[endgroup]
2026-09-13T15:10:32.0744241Z ##[group]GITHUB_TOKEN Permissions
2026-09-13T15:10:32.0745875Z Contents: read
2026-09-13T15:10:32.0746287Z Metadata: read
2026-09-13T15:10:32.0746706Z ##[endgroup]
2026-09-13T15:10:32.0748172Z Secret source: Actions
2026-09-13T15:10:32.0748993Z Cache mode: write
2026-09-13T15:10:32.0749552Z Prepare workflow directory
2026-09-13T15:10:32.2125883Z Prepare all required actions
2026-09-13T15:10:32.2175894Z Getting action download info
2026-09-13T15:10:32.4224873Z Download action repository 'actions/checkout@v4' (SHA:11d5960a326750d5838078e36cf38b85af677262)
2026-09-13T15:10:32.5246825Z Download action repository 'actions/setup-node@v4' (SHA:49933ea5288caeca8642d1e84afbd3f7d6820020)
2026-09-13T15:10:32.7156708Z Download action repository 'actions/upload-artifact@v4' (SHA:ea165f8d65b6e75b540449e92b4886f43607fa02)
2026-09-13T15:10:33.1770644Z Complete job name: mobile-source-and-native-linking
2026-09-13T15:10:33.4589906Z Node 20 is being deprecated. This workflow is running with Node 24 by default. If you need to temporarily use Node 20, you can set the ACTIONS_ALLOW_USE_UNSECURE_NODE_VERSION=true environment variable. For more information see: https://github.blog/changelog/2025-09-19-deprecation-of-node-20-on-github-actions-runners/
2026-09-13T15:10:33.4596175Z ##[group]Run actions/checkout@v4
2026-09-13T15:10:33.4596682Z with:
2026-09-13T15:10:33.4597037Z   ref: 9f28f822110e187c22baf82391063c8b05c039c1
2026-09-13T15:10:33.4597494Z   persist-credentials: false
2026-09-13T15:10:33.4597901Z   repository: yuguangzhi3836-glitch/GO
2026-09-13T15:10:33.4601215Z   token: ***
2026-09-13T15:10:33.4601553Z   ssh-strict: true
2026-09-13T15:10:33.4601880Z   ssh-user: git
2026-09-13T15:10:33.4602205Z   clean: true
2026-09-13T15:10:33.4602542Z   sparse-checkout-cone-mode: true
2026-09-13T15:10:33.4602931Z   fetch-depth: 1
2026-09-13T15:10:33.4603291Z   fetch-tags: false
2026-09-13T15:10:33.4603688Z   show-progress: true
2026-09-13T15:10:33.4604039Z   lfs: false
2026-09-13T15:10:33.4604357Z   submodules: false
2026-09-13T15:10:33.4604700Z   set-safe-directory: true
2026-09-13T15:10:33.4605083Z   allow-unsafe-pr-checkout: false
2026-09-13T15:10:33.4605581Z env:
2026-09-13T15:10:33.4605877Z   CI: 1
2026-09-13T15:10:33.4606189Z   EXPO_NO_TELEMETRY: 1
2026-09-13T15:10:33.4606532Z   EXPO_DEBUG: 1
2026-09-13T15:10:33.4606880Z   PYTHONDONTWRITEBYTECODE: 1
2026-09-13T15:10:33.4607253Z ##[endgroup]
2026-09-13T15:10:33.5458394Z Syncing repository: yuguangzhi3836-glitch/GO
2026-09-13T15:10:33.5464067Z ##[group]Getting Git version info
2026-09-13T15:10:33.5465192Z Working directory is '/home/runner/work/GO/GO'
2026-09-13T15:10:33.5468622Z [command]/usr/bin/git version
2026-09-13T15:10:33.5663192Z git version 2.55.0
2026-09-13T15:10:33.5683193Z ##[endgroup]
2026-09-13T15:10:33.5700298Z Temporarily overriding HOME='/home/runner/work/_temp/c0b4b5be-0ba4-4702-b88d-c59741c7a09b' before making global git config changes
2026-09-13T15:10:33.5705186Z Adding repository directory to the temporary git global config as a safe directory
2026-09-13T15:10:33.5707520Z [command]/usr/bin/git config --global --add safe.directory /home/runner/work/GO/GO
2026-09-13T15:10:33.5799990Z Deleting the contents of '/home/runner/work/GO/GO'
2026-09-13T15:10:33.5820015Z ##[group]Initializing the repository
2026-09-13T15:10:33.5820633Z [command]/usr/bin/git init /home/runner/work/GO/GO
2026-09-13T15:10:33.5900009Z hint: Using 'master' as the name for the initial branch. This default branch name
2026-09-13T15:10:33.5940102Z hint: will change to "main" in Git 3.0. To configure the initial branch name
2026-09-13T15:10:33.5941574Z hint: to use in all of your new repositories, which will suppress this warning,
2026-09-13T15:10:33.5942805Z hint: call:
2026-09-13T15:10:33.5943338Z hint:
2026-09-13T15:10:33.5944023Z hint: 	git config --global init.defaultBranch <name>
2026-09-13T15:10:33.5945594Z hint:
2026-09-13T15:10:33.5946403Z hint: Names commonly chosen instead of 'master' are 'main', 'trunk' and
2026-09-13T15:10:33.5947347Z hint: 'development'. The just-created branch can be renamed via this command:
2026-09-13T15:10:33.5950474Z hint:
2026-09-13T15:10:33.5951079Z hint: 	git branch -m <name>
2026-09-13T15:10:33.5951961Z hint:
2026-09-13T15:10:33.5952680Z hint: Disable this message with "git config set advice.defaultBranchName false"
2026-09-13T15:10:33.5968677Z Initialized empty Git repository in /home/runner/work/GO/GO/.git/
2026-09-13T15:10:33.6031313Z [command]/usr/bin/git remote add origin https://github.com/yuguangzhi3836-glitch/GO
2026-09-13T15:10:33.6046376Z ##[endgroup]
2026-09-13T15:10:33.6047301Z ##[group]Disabling automatic garbage collection
2026-09-13T15:10:33.6048093Z [command]/usr/bin/git config --local gc.auto 0
2026-09-13T15:10:33.6053967Z ##[endgroup]
2026-09-13T15:10:33.6054839Z ##[group]Setting up auth
2026-09-13T15:10:33.6055628Z [command]/usr/bin/git config --local --name-only --get-regexp core\.sshCommand
2026-09-13T15:10:33.6058612Z [command]/usr/bin/git submodule foreach --recursive sh -c "git config --local --name-only --get-regexp 'core\.sshCommand' && git config --local --unset-all 'core.sshCommand' || :"
2026-09-13T15:10:33.7693222Z [command]/usr/bin/git config --local --name-only --get-regexp http\.https\:\/\/github\.com\/\.extraheader
2026-09-13T15:10:33.7718651Z [command]/usr/bin/git submodule foreach --recursive sh -c "git config --local --name-only --get-regexp 'http\.https\:\/\/github\.com\/\.extraheader' && git config --local --unset-all 'http.https://github.com/.extraheader' || :"
2026-09-13T15:10:33.7864732Z [command]/usr/bin/git config --local --name-only --get-regexp ^includeIf\.gitdir:
2026-09-13T15:10:33.7882848Z [command]/usr/bin/git submodule foreach --recursive git config --local --show-origin --name-only --get-regexp remote.origin.url
2026-09-13T15:10:33.8018840Z [command]/usr/bin/git config --local http.https://github.com/.extraheader AUTHORIZATION: basic ***
2026-09-13T15:10:33.8043386Z ##[endgroup]
2026-09-13T15:10:33.8044807Z ##[group]Fetching the repository
2026-09-13T15:10:33.8052254Z [command]/usr/bin/git -c protocol.version=2 fetch --no-tags --prune --no-recurse-submodules --depth=1 origin 9f28f822110e187c22baf82391063c8b05c039c1
2026-09-13T15:10:50.2358370Z From https://github.com/yuguangzhi3836-glitch/GO
2026-09-13T15:10:50.2359698Z  * branch            9f28f822110e187c22baf82391063c8b05c039c1 -> FETCH_HEAD
2026-09-13T15:10:50.2361830Z ##[endgroup]
2026-09-13T15:10:50.2362401Z ##[group]Determining the checkout info
2026-09-13T15:10:50.2364653Z ##[endgroup]
2026-09-13T15:10:50.2370201Z [command]/usr/bin/git sparse-checkout disable
2026-09-13T15:10:50.2415952Z [command]/usr/bin/git config --local --unset-all extensions.worktreeConfig
2026-09-13T15:10:50.2445991Z ##[group]Checking out the ref
2026-09-13T15:10:50.2449095Z [command]/usr/bin/git checkout --progress --force 9f28f822110e187c22baf82391063c8b05c039c1
2026-09-13T15:10:51.6811482Z Updating files:  33% (1635/4944)
2026-09-13T15:10:51.6820985Z Updating files:  34% (1681/4944)
2026-09-13T15:10:51.6832545Z Updating files:  35% (1731/4944)
2026-09-13T15:10:51.6842942Z Updating files:  36% (1780/4944)
2026-09-13T15:10:51.6917473Z Updating files:  37% (1830/4944)
2026-09-13T15:10:51.6945230Z Updating files:  38% (1879/4944)
2026-09-13T15:10:51.6984055Z Updating files:  39% (1929/4944)
2026-09-13T15:10:51.7009810Z Updating files:  40% (1978/4944)
2026-09-13T15:10:51.7018337Z Updating files:  41% (2028/4944)
2026-09-13T15:10:51.7030050Z Updating files:  42% (2077/4944)
2026-09-13T15:10:51.7042892Z Updating files:  43% (2126/4944)
2026-09-13T15:10:51.7056825Z Updating files:  44% (2176/4944)
2026-09-13T15:10:51.7071310Z Updating files:  45% (2225/4944)
2026-09-13T15:10:51.7085038Z Updating files:  46% (2275/4944)
2026-09-13T15:10:51.7096552Z Updating files:  47% (2324/4944)
2026-09-13T15:10:51.7110194Z Updating files:  48% (2374/4944)
2026-09-13T15:10:51.7131384Z Updating files:  49% (2423/4944)
2026-09-13T15:10:51.7154383Z Updating files:  50% (2472/4944)
2026-09-13T15:10:51.7170701Z Updating files:  51% (2522/4944)
2026-09-13T15:10:51.7190187Z Updating files:  52% (2571/4944)
2026-09-13T15:10:51.7216095Z Updating files:  53% (2621/4944)
2026-09-13T15:10:51.7231202Z Updating files:  54% (2670/4944)
2026-09-13T15:10:51.7248080Z Updating files:  55% (2720/4944)
2026-09-13T15:10:51.7266003Z Updating files:  56% (2769/4944)
2026-09-13T15:10:51.7281295Z Updating files:  57% (2819/4944)
2026-09-13T15:10:51.7295450Z Updating files:  58% (2868/4944)
2026-09-13T15:10:51.7311615Z Updating files:  59% (2917/4944)
2026-09-13T15:10:51.7564210Z Updating files:  60% (2967/4944)
2026-09-13T15:10:51.8573962Z Updating files:  61% (3016/4944)
2026-09-13T15:10:51.8585363Z Updating files:  62% (3066/4944)
2026-09-13T15:10:51.8617047Z Updating files:  63% (3115/4944)
2026-09-13T15:10:51.9429426Z Updating files:  64% (3165/4944)
2026-09-13T15:10:52.0122555Z Updating files:  65% (3214/4944)
2026-09-13T15:10:52.1890369Z Updating files:  66% (3264/4944)
2026-09-13T15:10:52.2561634Z Updating files:  67% (3313/4944)
2026-09-13T15:10:52.3352626Z Updating files:  67% (3317/4944)
2026-09-13T15:10:52.3371042Z Updating files:  68% (3362/4944)
2026-09-13T15:10:52.3479532Z Updating files:  69% (3412/4944)
2026-09-13T15:10:52.3490038Z Updating files:  70% (3461/4944)
2026-09-13T15:10:52.3504012Z Updating files:  71% (3511/4944)
2026-09-13T15:10:52.3615941Z Updating files:  72% (3560/4944)
2026-09-13T15:10:52.3628553Z Updating files:  73% (3610/4944)
2026-09-13T15:10:52.3638859Z Updating files:  74% (3659/4944)
2026-09-13T15:10:52.3652550Z Updating files:  75% (3708/4944)
2026-09-13T15:10:52.3675219Z Updating files:  76% (3758/4944)
2026-09-13T15:10:52.3772936Z Updating files:  77% (3807/4944)
2026-09-13T15:10:52.3787646Z Updating files:  78% (3857/4944)
2026-09-13T15:10:52.3812966Z Updating files:  79% (3906/4944)
2026-09-13T15:10:52.3905530Z Updating files:  80% (3956/4944)
2026-09-13T15:10:52.3999094Z Updating files:  81% (4005/4944)
2026-09-13T15:10:52.5279459Z Updating files:  82% (4055/4944)
2026-09-13T15:10:52.6648595Z Updating files:  83% (4104/4944)
2026-09-13T15:10:53.0599248Z Updating files:  84% (4153/4944)
2026-09-13T15:10:53.1752030Z Updating files:  85% (4203/4944)
2026-09-13T15:10:53.1849504Z Updating files:  86% (4252/4944)
2026-09-13T15:10:53.1939898Z Updating files:  87% (4302/4944)
2026-09-13T15:10:53.1950599Z Updating files:  88% (4351/4944)
2026-09-13T15:10:53.1960829Z Updating files:  89% (4401/4944)
2026-09-13T15:10:53.1979531Z Updating files:  90% (4450/4944)
2026-09-13T15:10:53.2128062Z Updating files:  91% (4500/4944)
2026-09-13T15:10:53.2200557Z Updating files:  92% (4549/4944)
2026-09-13T15:10:53.2210365Z Updating files:  93% (4598/4944)
2026-09-13T15:10:53.2221424Z Updating files:  94% (4648/4944)
2026-09-13T15:10:53.2313058Z Updating files:  95% (4697/4944)
2026-09-13T15:10:53.2404447Z Updating files:  96% (4747/4944)
2026-09-13T15:10:53.2416810Z Updating files:  97% (4796/4944)
2026-09-13T15:10:53.2503370Z Updating files:  98% (4846/4944)
2026-09-13T15:10:53.2508437Z Updating files:  98% (4880/4944)
2026-09-13T15:10:53.2519443Z Updating files:  99% (4895/4944)
2026-09-13T15:10:53.2521551Z Updating files: 100% (4944/4944)
2026-09-13T15:10:53.2522047Z Updating files: 100% (4944/4944), done.
2026-09-13T15:10:53.3133600Z Note: switching to '9f28f822110e187c22baf82391063c8b05c039c1'.
2026-09-13T15:10:53.3135018Z 
2026-09-13T15:10:53.3135416Z You are in 'detached HEAD' state. You can look around, make experimental
2026-09-13T15:10:53.3135957Z changes and commit them, and you can discard any commits you make in this
2026-09-13T15:10:53.3136521Z state without impacting any branches by switching back to a branch.
2026-09-13T15:10:53.3136886Z 
2026-09-13T15:10:53.3137168Z If you want to create a new branch to retain commits you create, you may
2026-09-13T15:10:53.3137704Z do so (now or later) by using -c with the switch command. Example:
2026-09-13T15:10:53.3138050Z 
2026-09-13T15:10:53.3138316Z   git switch -c <new-branch-name>
2026-09-13T15:10:53.3138565Z 
2026-09-13T15:10:53.3138976Z Or undo this operation with:
2026-09-13T15:10:53.3139259Z 
2026-09-13T15:10:53.3139417Z   git switch -
2026-09-13T15:10:53.3139613Z 
2026-09-13T15:10:53.3139871Z Turn off this advice by setting config variable advice.detachedHead to false
2026-09-13T15:10:53.3140223Z 
2026-09-13T15:10:53.3140556Z HEAD is now at 9f28f82 V7: close six Cell P1 gaps with inherited repairs and scoped evidence
2026-09-13T15:10:53.5357558Z ##[endgroup]
2026-09-13T15:10:53.5401830Z [command]/usr/bin/git log -1 --format=%H
2026-09-13T15:10:53.5438366Z 9f28f822110e187c22baf82391063c8b05c039c1
2026-09-13T15:10:53.5440865Z ##[group]Removing auth
2026-09-13T15:10:53.5441475Z [command]/usr/bin/git config --local --name-only --get-regexp core\.sshCommand
2026-09-13T15:10:53.5464689Z [command]/usr/bin/git submodule foreach --recursive sh -c "git config --local --name-only --get-regexp 'core\.sshCommand' && git config --local --unset-all 'core.sshCommand' || :"
2026-09-13T15:10:53.5635960Z [command]/usr/bin/git config --local --name-only --get-regexp http\.https\:\/\/github\.com\/\.extraheader
2026-09-13T15:10:53.5649817Z http.https://github.com/.extraheader
2026-09-13T15:10:53.5663327Z [command]/usr/bin/git config --local --unset-all http.https://github.com/.extraheader
2026-09-13T15:10:53.6395983Z [command]/usr/bin/git submodule foreach --recursive sh -c "git config --local --name-only --get-regexp 'http\.https\:\/\/github\.com\/\.extraheader' && git config --local --unset-all 'http.https://github.com/.extraheader' || :"
2026-09-13T15:10:53.6573573Z [command]/usr/bin/git config --local --name-only --get-regexp ^includeIf\.gitdir:
2026-09-13T15:10:53.6599734Z [command]/usr/bin/git submodule foreach --recursive git config --local --show-origin --name-only --get-regexp remote.origin.url
2026-09-13T15:10:53.6749530Z ##[endgroup]
2026-09-13T15:10:53.8948580Z Node 20 is being deprecated. This workflow is running with Node 24 by default. If you need to temporarily use Node 20, you can set the ACTIONS_ALLOW_USE_UNSECURE_NODE_VERSION=true environment variable. For more information see: https://github.blog/changelog/2025-09-19-deprecation-of-node-20-on-github-actions-runners/
2026-09-13T15:10:53.8949859Z ##[group]Run actions/setup-node@v4
2026-09-13T15:10:53.8950063Z with:
2026-09-13T15:10:53.8950229Z   node-version: 22.22.0
2026-09-13T15:10:53.8950408Z   always-auth: false
2026-09-13T15:10:53.8950590Z   check-latest: false
2026-09-13T15:10:53.8952468Z   token: ***
2026-09-13T15:10:53.8952631Z env:
2026-09-13T15:10:53.8952780Z   CI: 1
2026-09-13T15:10:53.8952940Z   EXPO_NO_TELEMETRY: 1
2026-09-13T15:10:53.8953117Z   EXPO_DEBUG: 1
2026-09-13T15:10:53.8953298Z   PYTHONDONTWRITEBYTECODE: 1
2026-09-13T15:10:53.8953494Z ##[endgroup]
2026-09-13T15:10:54.0692451Z Attempting to download 22.22.0...
2026-09-13T15:10:54.0809256Z (node:2006) [DEP0040] DeprecationWarning: The `punycode` module is deprecated. Please use a userland alternative instead.
2026-09-13T15:10:54.0810163Z (Use `node --trace-deprecation ...` to show where the warning was created)
2026-09-13T15:10:54.7826096Z Acquiring 22.22.0 - x64 from https://github.com/actions/node-versions/releases/download/22.22.0-20981702931/node-22.22.0-linux-x64.tar.gz
2026-09-13T15:10:55.4034444Z Extracting ...
2026-09-13T15:10:55.4147725Z [command]/usr/bin/tar xz --strip 1 --warning=no-unknown-keyword --overwrite -C /home/runner/work/_temp/a9aa5b85-0941-404b-b2ca-21920d90143f -f /home/runner/work/_temp/e2fc3cfd-81a7-43f0-b741-c8daf2d9be81
2026-09-13T15:10:56.4949488Z Adding to the cache ...
2026-09-13T15:11:05.4300440Z ##[group]Environment details
2026-09-13T15:11:05.6800129Z node: v22.22.0
2026-09-13T15:11:05.6809669Z npm: 10.9.4
2026-09-13T15:11:05.6810100Z yarn: 1.22.22
2026-09-13T15:11:05.6810981Z ##[endgroup]
2026-09-13T15:11:05.7089671Z ##[group]Run python ci/retention/verify_source.py "$RUNNER_TEMP/evidence/source"
2026-09-13T15:11:05.7090149Z [36;1mpython ci/retention/verify_source.py "$RUNNER_TEMP/evidence/source"[0m
2026-09-13T15:11:05.7090488Z [36;1mcp -a application/mobile/go-app "$RUNNER_TEMP/mobile"[0m
2026-09-13T15:11:05.7116985Z shell: /usr/bin/bash --noprofile --norc -e -o pipefail {0}
2026-09-13T15:11:05.7117251Z env:
2026-09-13T15:11:05.7117399Z   CI: 1
2026-09-13T15:11:05.7117559Z   EXPO_NO_TELEMETRY: 1
2026-09-13T15:11:05.7117727Z   EXPO_DEBUG: 1
2026-09-13T15:11:05.7117894Z   PYTHONDONTWRITEBYTECODE: 1
2026-09-13T15:11:05.7118077Z ##[endgroup]
2026-09-13T15:11:05.7867674Z {"source_files": 1332, "source_tree_sha256": "20b8b9b547636b47ab627f2adf8adc562deb01e07bce224e4705e838c92e7eb2", "unchanged_parent_files": 1188, "new_files": 61, "repaired_existing_files": 83, "compatibility_files_unchanged": 19, "checkpoint_commit": "9f28f822110e187c22baf82391063c8b05c039c1", "byte_retention": "PASS", "full_feature_retention": "HOLD_APPROVAL_BLOCKED_PROVIDER_GUARD", "deployment": "NOT_RUN", "production": "HOLD"}
2026-09-13T15:11:05.8086212Z ##[group]Run npm ci --ignore-scripts --no-audit --no-fund
2026-09-13T15:11:05.8086585Z [36;1mnpm ci --ignore-scripts --no-audit --no-fund[0m
2026-09-13T15:11:05.8105542Z shell: /usr/bin/bash --noprofile --norc -e -o pipefail {0}
2026-09-13T15:11:05.8105792Z env:
2026-09-13T15:11:05.8105937Z   CI: 1
2026-09-13T15:11:05.8106091Z   EXPO_NO_TELEMETRY: 1
2026-09-13T15:11:05.8106269Z   EXPO_DEBUG: 1
2026-09-13T15:11:05.8106436Z   PYTHONDONTWRITEBYTECODE: 1
2026-09-13T15:11:05.8106618Z ##[endgroup]
2026-09-13T15:11:07.2347492Z npm warn deprecated rimraf@3.0.2: Rimraf versions prior to v4 are no longer supported
2026-09-13T15:11:07.5597094Z npm warn deprecated uuid@7.0.3: uuid@10 and below is no longer supported.  For ESM codebases, update to uuid@latest.  For CommonJS codebases, use uuid@11 (but be aware this version will likely be deprecated in 2028).
2026-09-13T15:11:08.0634054Z npm warn deprecated inflight@1.0.6: This module is not supported, and leaks memory. Do not use it. Check out lru-cache if you want a good and tested way to coalesce async requests by a key value, which is much more comprehensive and powerful.
2026-09-13T15:11:09.1021241Z npm warn deprecated glob@10.5.0: Old versions of glob are not supported, and contain widely publicized security vulnerabilities, which have been fixed in the current version. Please update. Support for old versions may be purchased (at exorbitant rates) by contacting i@izs.me
2026-09-13T15:11:09.4329747Z npm warn deprecated glob@7.2.3: Old versions of glob are not supported, and contain widely publicized security vulnerabilities, which have been fixed in the current version. Please update. Support for old versions may be purchased (at exorbitant rates) by contacting i@izs.me
2026-09-13T15:11:09.5066274Z npm warn deprecated glob@7.2.3: Old versions of glob are not supported, and contain widely publicized security vulnerabilities, which have been fixed in the current version. Please update. Support for old versions may be purchased (at exorbitant rates) by contacting i@izs.me
2026-09-13T15:11:09.5090798Z npm warn deprecated glob@7.2.3: Old versions of glob are not supported, and contain widely publicized security vulnerabilities, which have been fixed in the current version. Please update. Support for old versions may be purchased (at exorbitant rates) by contacting i@izs.me
2026-09-13T15:11:09.7713636Z npm warn deprecated glob@7.2.3: Old versions of glob are not supported, and contain widely publicized security vulnerabilities, which have been fixed in the current version. Please update. Support for old versions may be purchased (at exorbitant rates) by contacting i@izs.me
2026-09-13T15:11:16.8619604Z 
2026-09-13T15:11:16.8647475Z added 727 packages in 11s
2026-09-13T15:11:16.9022251Z ##[group]Run npm run typecheck 2>&1 | tee "$RUNNER_TEMP/evidence/typecheck.log"
2026-09-13T15:11:16.9022753Z [36;1mnpm run typecheck 2>&1 | tee "$RUNNER_TEMP/evidence/typecheck.log"[0m
2026-09-13T15:11:16.9023153Z [36;1mnpm run test:contract 2>&1 | tee "$RUNNER_TEMP/evidence/mobile-contract.log"[0m
2026-09-13T15:11:16.9044849Z shell: /usr/bin/bash --noprofile --norc -e -o pipefail {0}
2026-09-13T15:11:16.9045121Z env:
2026-09-13T15:11:16.9045313Z   CI: 1
2026-09-13T15:11:16.9045477Z   EXPO_NO_TELEMETRY: 1
2026-09-13T15:11:16.9045667Z   EXPO_DEBUG: 1
2026-09-13T15:11:16.9045851Z   PYTHONDONTWRITEBYTECODE: 1
2026-09-13T15:11:16.9046052Z ##[endgroup]
2026-09-13T15:11:16.9754482Z 
2026-09-13T15:11:16.9755227Z > go-consumer-mobile@3.1.0-vi-consumer-ui-candidate typecheck
2026-09-13T15:11:16.9755862Z > tsc --noEmit
2026-09-13T15:11:16.9756166Z 
2026-09-13T15:11:20.2293986Z 
2026-09-13T15:11:20.2299873Z > go-consumer-mobile@3.1.0-vi-consumer-ui-candidate test:contract
2026-09-13T15:11:20.2305989Z > node scripts/contract-check.mjs
2026-09-13T15:11:20.2306378Z 
2026-09-13T15:11:20.2493362Z Sprint 1Z mobile contract: PASS
2026-09-13T15:11:20.2700633Z ##[group]Run node scripts/native-modules-check.mjs 2>&1 | tee "$RUNNER_TEMP/evidence/native-modules-js.log"
2026-09-13T15:11:20.2701394Z [36;1mnode scripts/native-modules-check.mjs 2>&1 | tee "$RUNNER_TEMP/evidence/native-modules-js.log"[0m
2026-09-13T15:11:20.2725980Z shell: /usr/bin/bash --noprofile --norc -e -o pipefail {0}
2026-09-13T15:11:20.2726336Z env:
2026-09-13T15:11:20.2726533Z   CI: 1
2026-09-13T15:11:20.2726731Z   EXPO_NO_TELEMETRY: 1
2026-09-13T15:11:20.2726957Z   EXPO_DEBUG: 1
2026-09-13T15:11:20.2727191Z   PYTHONDONTWRITEBYTECODE: 1
2026-09-13T15:11:20.2727460Z ##[endgroup]
2026-09-13T15:11:20.3944429Z {
2026-09-13T15:11:20.3945139Z   "platform": "apple",
2026-09-13T15:11:20.3945565Z   "cwd": ".",
2026-09-13T15:11:20.3945879Z   "required": [
2026-09-13T15:11:20.3946189Z     "expo",
2026-09-13T15:11:20.3946526Z     "expo-modules-core",
2026-09-13T15:11:20.3946894Z     "expo-asset",
2026-09-13T15:11:20.3947248Z     "expo-file-system",
2026-09-13T15:11:20.3947779Z     "expo-font",
2026-09-13T15:11:20.3948149Z     "expo-keep-awake"
2026-09-13T15:11:20.3970926Z   ],
2026-09-13T15:11:20.3971710Z   "missing": [],
2026-09-13T15:11:20.3972163Z   "outside": [],
2026-09-13T15:11:20.3972508Z   "modules": {
2026-09-13T15:11:20.3972820Z     "expo": {
2026-09-13T15:11:20.3973242Z       "version": "53.0.27",
2026-09-13T15:11:20.3977708Z       "path": "/home/runner/work/_temp/mobile/node_modules/expo"
2026-09-13T15:11:20.3978253Z     },
2026-09-13T15:11:20.3978607Z     "expo-modules-core": {
2026-09-13T15:11:20.3979693Z       "version": "2.5.0",
2026-09-13T15:11:20.3980205Z       "path": "/home/runner/work/_temp/mobile/node_modules/expo-modules-core"
2026-09-13T15:11:20.3980713Z     },
2026-09-13T15:11:20.3981024Z     "expo-asset": {
2026-09-13T15:11:20.3981369Z       "version": "11.1.7",
2026-09-13T15:11:20.3981823Z       "path": "/home/runner/work/_temp/mobile/node_modules/expo-asset"
2026-09-13T15:11:20.3982261Z     },
2026-09-13T15:11:20.3982569Z     "expo-file-system": {
2026-09-13T15:11:20.3982954Z       "version": "18.1.11",
2026-09-13T15:11:20.3983458Z       "path": "/home/runner/work/_temp/mobile/node_modules/expo-file-system"
2026-09-13T15:11:20.3983943Z     },
2026-09-13T15:11:20.3984257Z     "expo-font": {
2026-09-13T15:11:20.3984586Z       "version": "13.3.2",
2026-09-13T15:11:20.3985061Z       "path": "/home/runner/work/_temp/mobile/node_modules/expo-font"
2026-09-13T15:11:20.3985691Z     },
2026-09-13T15:11:20.3986005Z     "expo-keep-awake": {
2026-09-13T15:11:20.3986355Z       "version": "14.1.4",
2026-09-13T15:11:20.3986838Z       "path": "/home/runner/work/_temp/mobile/node_modules/expo-keep-awake"
2026-09-13T15:11:20.3987312Z     }
2026-09-13T15:11:20.3987604Z   }
2026-09-13T15:11:20.3987972Z }
2026-09-13T15:11:20.4871864Z {
2026-09-13T15:11:20.4874181Z   "platform": "android",
2026-09-13T15:11:20.4878104Z   "cwd": ".",
2026-09-13T15:11:20.4878507Z   "required": [
2026-09-13T15:11:20.4879072Z     "expo",
2026-09-13T15:11:20.4879582Z     "expo-modules-core",
2026-09-13T15:11:20.4880000Z     "expo-asset",
2026-09-13T15:11:20.4897332Z     "expo-file-system",
2026-09-13T15:11:20.4898145Z     "expo-font",
2026-09-13T15:11:20.4898481Z     "expo-keep-awake"
2026-09-13T15:11:20.4898978Z   ],
2026-09-13T15:11:20.4899302Z   "missing": [],
2026-09-13T15:11:20.4899604Z   "outside": [],
2026-09-13T15:11:20.4899934Z   "modules": {
2026-09-13T15:11:20.4900214Z     "expo": {
2026-09-13T15:11:20.4900513Z       "version": "53.0.27",
2026-09-13T15:11:20.4900944Z       "path": "/home/runner/work/_temp/mobile/node_modules/expo"
2026-09-13T15:11:20.4901340Z     },
2026-09-13T15:11:20.4901625Z     "expo-modules-core": {
2026-09-13T15:11:20.4901949Z       "version": "2.5.0",
2026-09-13T15:11:20.4903154Z       "path": "/home/runner/work/_temp/mobile/node_modules/expo-modules-core"
2026-09-13T15:11:20.4903618Z     },
2026-09-13T15:11:20.4903905Z     "expo-asset": {
2026-09-13T15:11:20.4904206Z       "version": "11.1.7",
2026-09-13T15:11:20.4904861Z       "path": "/home/runner/work/_temp/mobile/node_modules/expo-asset"
2026-09-13T15:11:20.4905486Z     },
2026-09-13T15:11:20.4905897Z     "expo-file-system": {
2026-09-13T15:11:20.4906318Z       "version": "18.1.11",
2026-09-13T15:11:20.4906841Z       "path": "/home/runner/work/_temp/mobile/node_modules/expo-file-system"
2026-09-13T15:11:20.4907281Z     },
2026-09-13T15:11:20.4907630Z     "expo-font": {
2026-09-13T15:11:20.4909974Z       "version": "13.3.2",
2026-09-13T15:11:20.4910490Z       "path": "/home/runner/work/_temp/mobile/node_modules/expo-font"
2026-09-13T15:11:20.4910985Z     },
2026-09-13T15:11:20.4911277Z     "expo-keep-awake": {
2026-09-13T15:11:20.4911514Z       "version": "14.1.4",
2026-09-13T15:11:20.4911887Z       "path": "/home/runner/work/_temp/mobile/node_modules/expo-keep-awake"
2026-09-13T15:11:20.4913440Z     }
2026-09-13T15:11:20.4913696Z   }
2026-09-13T15:11:20.4913958Z }
2026-09-13T15:11:20.5042483Z ##[group]Run npx --no-install expo prebuild --no-install --platform all 2>&1 | tee "$RUNNER_TEMP/evidence/prebuild.log"
2026-09-13T15:11:20.5043057Z [36;1mnpx --no-install expo prebuild --no-install --platform all 2>&1 | tee "$RUNNER_TEMP/evidence/prebuild.log"[0m
2026-09-13T15:11:20.5061379Z shell: /usr/bin/bash --noprofile --norc -e -o pipefail {0}
2026-09-13T15:11:20.5061631Z env:
2026-09-13T15:11:20.5061782Z   CI: 1
2026-09-13T15:11:20.5061930Z   EXPO_NO_TELEMETRY: 1
2026-09-13T15:11:20.5062104Z   EXPO_DEBUG: 1
2026-09-13T15:11:20.5062275Z   PYTHONDONTWRITEBYTECODE: 1
2026-09-13T15:11:20.5062461Z ##[endgroup]
2026-09-13T15:11:20.7524224Z 2026-09-13T15:11:20.750Z expo:env /home/runner/work/_temp/mobile/.env does not exist, skipping this env file
2026-09-13T15:11:20.7530490Z 2026-09-13T15:11:20.750Z expo:env /home/runner/work/_temp/mobile/.env.development does not exist, skipping this env file
2026-09-13T15:11:20.7550294Z 2026-09-13T15:11:20.750Z expo:env /home/runner/work/_temp/mobile/.env.local does not exist, skipping this env file
2026-09-13T15:11:20.7609874Z 2026-09-13T15:11:20.750Z expo:env /home/runner/work/_temp/mobile/.env.development.local does not exist, skipping this env file
2026-09-13T15:11:20.9190767Z - Creating native directories (./ios and ./android)
2026-09-13T15:11:21.2450655Z 2026-09-13T15:11:21.244Z expo:utils:npm Run: npm view expo-template-bare-minimum@sdk-53 dist --json
2026-09-13T15:11:21.2459427Z 2026-09-13T15:11:21.245Z expo:utils:npm Fetch from URL: https://registry.npmjs.org/expo-template-bare-minimum/-/expo-template-bare-minimum-53.0.42.tgz
2026-09-13T15:11:21.4436877Z 2026-09-13T15:11:21.443Z expo:prebuild:copyTemplateFiles All platforms have an internal gitignore: true
2026-09-13T15:11:21.6405385Z 2026-09-13T15:11:21.640Z expo:prebuild:copyTemplateFiles Got files to transform: ["ios/Podfile","app.json","android/settings.gradle","android/build.gradle","android/app/src/main/AndroidManifest.xml","android/app/src/debug/AndroidManifest.xml","ios/GO.xcodeproj/project.pbxproj","ios/GO.xcodeproj/xcshareddata/xcschemes/GO.xcscheme","android/app/build.gradle","ios/GO.xcodeproj/project.xcworkspace/contents.xcworkspacedata","android/app/src/main/res/values/styles.xml","android/app/src/main/res/values/strings.xml","android/app/src/main/res/values/colors.xml","android/app/src/main/res/drawable/rn_edit_text_material.xml","android/app/src/main/res/drawable/ic_launcher_background.xml","android/app/src/main/java/com/go/MainApplication.kt","android/app/src/main/java/com/go/MainActivity.kt"]
2026-09-13T15:11:21.6421578Z 2026-09-13T15:11:21.642Z expo:prebuild:copyTemplateFiles Renaming app name in file: /home/runner/work/_temp/mobile/ios/Podfile
2026-09-13T15:11:21.6425344Z 2026-09-13T15:11:21.642Z expo:prebuild:copyTemplateFiles Renaming app name in file: /home/runner/work/_temp/mobile/app.json
2026-09-13T15:11:21.6427211Z 2026-09-13T15:11:21.642Z expo:prebuild:copyTemplateFiles Renaming app name in file: /home/runner/work/_temp/mobile/android/settings.gradle
2026-09-13T15:11:21.6428516Z 2026-09-13T15:11:21.642Z expo:prebuild:copyTemplateFiles Renaming app name in file: /home/runner/work/_temp/mobile/android/build.gradle
2026-09-13T15:11:21.6431044Z 2026-09-13T15:11:21.642Z expo:prebuild:copyTemplateFiles Renaming app name in file: /home/runner/work/_temp/mobile/android/app/src/main/AndroidManifest.xml
2026-09-13T15:11:21.6433819Z 2026-09-13T15:11:21.642Z expo:prebuild:copyTemplateFiles Renaming app name in file: /home/runner/work/_temp/mobile/android/app/src/debug/AndroidManifest.xml
2026-09-13T15:11:21.6435156Z 2026-09-13T15:11:21.642Z expo:prebuild:copyTemplateFiles Renaming app name in file: /home/runner/work/_temp/mobile/ios/GO.xcodeproj/xcshareddata/xcschemes/GO.xcscheme
2026-09-13T15:11:21.6436914Z 2026-09-13T15:11:21.642Z expo:prebuild:copyTemplateFiles Renaming app name in file: /home/runner/work/_temp/mobile/android/app/build.gradle
2026-09-13T15:11:21.6438319Z 2026-09-13T15:11:21.642Z expo:prebuild:copyTemplateFiles Renaming app name in file: /home/runner/work/_temp/mobile/ios/GO.xcodeproj/project.pbxproj
2026-09-13T15:11:21.6439815Z 2026-09-13T15:11:21.642Z expo:prebuild:copyTemplateFiles Renaming app name in file: /home/runner/work/_temp/mobile/android/app/src/main/res/values/styles.xml
2026-09-13T15:11:21.6441287Z 2026-09-13T15:11:21.642Z expo:prebuild:copyTemplateFiles Renaming app name in file: /home/runner/work/_temp/mobile/ios/GO.xcodeproj/project.xcworkspace/contents.xcworkspacedata
2026-09-13T15:11:21.6442623Z 2026-09-13T15:11:21.642Z expo:prebuild:copyTemplateFiles Renaming app name in file: /home/runner/work/_temp/mobile/android/app/src/main/res/values/strings.xml
2026-09-13T15:11:21.6443879Z 2026-09-13T15:11:21.642Z expo:prebuild:copyTemplateFiles Renaming app name in file: /home/runner/work/_temp/mobile/android/app/src/main/res/values/colors.xml
2026-09-13T15:11:21.6445240Z 2026-09-13T15:11:21.642Z expo:prebuild:copyTemplateFiles Renaming app name in file: /home/runner/work/_temp/mobile/android/app/src/main/res/drawable/rn_edit_text_material.xml
2026-09-13T15:11:21.6446681Z 2026-09-13T15:11:21.642Z expo:prebuild:copyTemplateFiles Renaming app name in file: /home/runner/work/_temp/mobile/android/app/src/main/res/drawable/ic_launcher_background.xml
2026-09-13T15:11:21.6448009Z 2026-09-13T15:11:21.642Z expo:prebuild:copyTemplateFiles Renaming app name in file: /home/runner/work/_temp/mobile/android/app/src/main/java/com/go/MainApplication.kt
2026-09-13T15:11:21.6449527Z 2026-09-13T15:11:21.642Z expo:prebuild:copyTemplateFiles Renaming app name in file: /home/runner/work/_temp/mobile/android/app/src/main/java/com/go/MainActivity.kt
2026-09-13T15:11:21.6451085Z ✔ Created native directories
2026-09-13T15:11:21.6451564Z - Updating package.json
2026-09-13T15:11:21.6473556Z › Using react-native@0.79.0 instead of recommended react-native@0.79.6.
2026-09-13T15:11:21.6474357Z - Updating package.json
2026-09-13T15:11:21.6474906Z ✔ Updated package.json | no changes
2026-09-13T15:11:21.7333658Z 2026-09-13T15:11:21.733Z expo:config-plugins:ios:maps Google Maps API Key: null
2026-09-13T15:11:21.7380583Z 2026-09-13T15:11:21.737Z expo:prebuild-config:expo-splash-screen:ios config: undefined
2026-09-13T15:11:21.7406805Z 2026-09-13T15:11:21.740Z expo:prebuild-config Skipping unlinked auto plugin: expo-firebase-analytics
2026-09-13T15:11:21.7408015Z 2026-09-13T15:11:21.740Z expo:prebuild-config Skipping unlinked auto plugin: expo-firebase-core
2026-09-13T15:11:21.7409094Z 2026-09-13T15:11:21.740Z expo:prebuild-config Skipping unlinked auto plugin: expo-google-sign-in
2026-09-13T15:11:21.7410071Z 2026-09-13T15:11:21.740Z expo:prebuild-config Skipping unlinked auto plugin: expo-app-auth
2026-09-13T15:11:21.7410827Z 2026-09-13T15:11:21.740Z expo:prebuild-config Skipping unlinked auto plugin: expo-av
2026-09-13T15:11:21.7411614Z 2026-09-13T15:11:21.740Z expo:prebuild-config Skipping unlinked auto plugin: expo-background-fetch
2026-09-13T15:11:21.7412445Z 2026-09-13T15:11:21.740Z expo:prebuild-config Skipping unlinked auto plugin: expo-brightness
2026-09-13T15:11:21.7413269Z 2026-09-13T15:11:21.740Z expo:prebuild-config Skipping unlinked auto plugin: expo-calendar
2026-09-13T15:11:21.7414060Z 2026-09-13T15:11:21.740Z expo:prebuild-config Skipping unlinked auto plugin: expo-camera
2026-09-13T15:11:21.7414871Z 2026-09-13T15:11:21.740Z expo:prebuild-config Skipping unlinked auto plugin: expo-cellular
2026-09-13T15:11:21.7415624Z 2026-09-13T15:11:21.740Z expo:prebuild-config Skipping unlinked auto plugin: expo-dev-menu
2026-09-13T15:11:21.7416423Z 2026-09-13T15:11:21.740Z expo:prebuild-config Skipping unlinked auto plugin: expo-dev-launcher
2026-09-13T15:11:21.7417280Z 2026-09-13T15:11:21.740Z expo:prebuild-config Skipping unlinked auto plugin: expo-image-picker
2026-09-13T15:11:21.7419771Z 2026-09-13T15:11:21.741Z expo:prebuild-config Skipping unlinked auto plugin: expo-location
2026-09-13T15:11:21.7420678Z 2026-09-13T15:11:21.741Z expo:prebuild-config Skipping unlinked auto plugin: expo-media-library
2026-09-13T15:11:21.7421743Z 2026-09-13T15:11:21.741Z expo:prebuild-config Skipping unlinked auto plugin: expo-screen-orientation
2026-09-13T15:11:21.7422552Z 2026-09-13T15:11:21.741Z expo:prebuild-config Skipping unlinked auto plugin: expo-sensors
2026-09-13T15:11:21.7423341Z 2026-09-13T15:11:21.741Z expo:prebuild-config Skipping unlinked auto plugin: expo-task-manager
2026-09-13T15:11:21.7424212Z 2026-09-13T15:11:21.741Z expo:prebuild-config Skipping unlinked auto plugin: expo-local-authentication
2026-09-13T15:11:21.7523165Z » android: EDGE_TO_EDGE_PLUGIN: No configuration found for `edgeToEdgeEnabled` field in the project app config, falling back to false. In Android 16+ (targetSdkVersion 36) it will no longer be possible to disable edge-to-edge. Learn more: https://expo.fyi/edge-to-edge-rollout
2026-09-13T15:11:21.7560834Z 2026-09-13T15:11:21.755Z expo:config-plugins:mod-compiler run in order: dangerous, xcodeproj, infoPlist, entitlements, podfile, appDelegate, expoPlist, podfileProperties, splashScreenStoryboard
2026-09-13T15:11:21.7589212Z ios.dangerous: withDefaultBaseMods ➜ withIosBaseMods ➜ withGeneratedBaseMods ➜ withIosDangerousBaseMod
2026-09-13T15:11:21.7590500Z 2026-09-13T15:11:21.758Z expo:config-plugins:base-mods mods.ios.dangerous: file path: [skipped]
2026-09-13T15:11:21.7591608Z ios.dangerous: withIosExpoPlugins ➜ withPlugins ➜ withStaticPlugin ➜ withIosIcons ➜ withDangerousMod
2026-09-13T15:11:21.7592451Z » ios: icon: No icon is defined in the Expo config.
2026-09-13T15:11:21.8448069Z ios.dangerous: withStaticPlugin ➜ withIosSplashScreen ➜ withPlugins ➜ withStaticPlugin ➜ withIosSplashColors ➜ withDangerousMod
2026-09-13T15:11:21.8467725Z 2026-09-13T15:11:21.846Z expo:prebuild-config:expo-splash-screen:ios:splash-colorset create colors contents.json: /home/runner/work/_temp/mobile/ios/GO/Images.xcassets/SplashScreenBackground.colorset
2026-09-13T15:11:21.8469410Z 2026-09-13T15:11:21.846Z expo:prebuild-config:expo-splash-screen:ios:splash-colorset use colors: [
2026-09-13T15:11:21.8470024Z   {
2026-09-13T15:11:21.8470429Z     color: { components: [Object], 'color-space': 'srgb' },
2026-09-13T15:11:21.8471153Z     idiom: 'universal'
2026-09-13T15:11:21.8471546Z   }
2026-09-13T15:11:21.8471788Z ]
2026-09-13T15:11:21.8472783Z ios.dangerous: withStaticPlugin ➜ withIosSplashScreen ➜ withPlugins ➜ withStaticPlugin ➜ withIosSplashAssets ➜ withDangerousMod
2026-09-13T15:11:21.8490464Z ios.xcodeproj: withDefaultBaseMods ➜ withIosBaseMods ➜ withGeneratedBaseMods ➜ withIosXcodeprojBaseMod
2026-09-13T15:11:21.8491698Z 2026-09-13T15:11:21.848Z expo:config-plugins:base-mods mods.ios.xcodeproj: file path: /home/runner/work/_temp/mobile/ios/GO.xcodeproj/project.pbxproj
2026-09-13T15:11:21.8751222Z ios.xcodeproj: withIosExpoPlugins ➜ withPlugins ➜ withStaticPlugin ➜ withDevelopmentTeam ➜ withXcodeProject
2026-09-13T15:11:21.8794277Z ios.xcodeproj: withIosExpoPlugins ➜ withPlugins ➜ withStaticPlugin ➜ withLocales ➜ withXcodeProject
2026-09-13T15:11:21.8799851Z ios.xcodeproj: withIosExpoPlugins ➜ withPlugins ➜ withStaticPlugin ➜ withBitcode ➜ withXcodeProject
2026-09-13T15:11:21.8800936Z ios.xcodeproj: withIosExpoPlugins ➜ withPlugins ➜ withStaticPlugin ➜ withDeviceFamily ➜ withXcodeProject
2026-09-13T15:11:21.8801996Z ios.xcodeproj: withIosExpoPlugins ➜ withPlugins ➜ withStaticPlugin ➜ withGoogleServicesFile ➜ withXcodeProject
2026-09-13T15:11:21.8802975Z ios.xcodeproj: withIosExpoPlugins ➜ withPlugins ➜ withStaticPlugin ➜ withProductName ➜ withXcodeProject
2026-09-13T15:11:21.8803957Z ios.xcodeproj: withIosExpoPlugins ➜ withPlugins ➜ withStaticPlugin ➜ withBundleIdentifier ➜ withXcodeProject
2026-09-13T15:11:21.8805053Z ios.xcodeproj: withStaticPlugin ➜ withIosSplashScreen ➜ withPlugins ➜ withStaticPlugin ➜ withIosSplashXcodeProject ➜ withXcodeProject
2026-09-13T15:11:21.8806298Z ios.xcodeproj: withStaticPlugin ➜ withRunOnce ➜ withNotifications ➜ withNotificationsIOS ➜ withNotificationSounds ➜ withXcodeProject
2026-09-13T15:11:21.8882073Z ios.infoPlist: withDefaultBaseMods ➜ withIosBaseMods ➜ withGeneratedBaseMods ➜ withIosInfoPlistBaseMod
2026-09-13T15:11:21.9144218Z 2026-09-13T15:11:21.914Z expo:config-plugins:base-mods mods.ios.infoPlist: file path: /home/runner/work/_temp/mobile/ios/GO/Info.plist
2026-09-13T15:11:21.9284579Z ios.infoPlist: withIosExpoPlugins ➜ withPlugins ➜ withStaticPlugin ➜ withVersion ➜ withInfoPlist
2026-09-13T15:11:21.9285853Z ios.infoPlist: withIosExpoPlugins ➜ withPlugins ➜ withStaticPlugin ➜ withBuildNumber ➜ withInfoPlist
2026-09-13T15:11:21.9288532Z ios.infoPlist: withIosExpoPlugins ➜ withPlugins ➜ withStaticPlugin ➜ withUsesNonExemptEncryption ➜ withInfoPlist
2026-09-13T15:11:21.9290064Z ios.infoPlist: withIosExpoPlugins ➜ withPlugins ➜ withStaticPlugin ➜ withScheme ➜ withInfoPlist
2026-09-13T15:11:21.9291237Z ios.infoPlist: withIosExpoPlugins ➜ withPlugins ➜ withStaticPlugin ➜ withRequiresFullScreen ➜ withInfoPlist
2026-09-13T15:11:21.9292336Z ios.infoPlist: withIosExpoPlugins ➜ withPlugins ➜ withStaticPlugin ➜ withOrientation ➜ withInfoPlist
2026-09-13T15:11:21.9293367Z ios.infoPlist: withIosExpoPlugins ➜ withPlugins ➜ withStaticPlugin ➜ withDisplayName ➜ withInfoPlist
2026-09-13T15:11:21.9294338Z ios.infoPlist: withIosExpoPlugins ➜ withPlugins ➜ withStaticPlugin ➜ withGoogle ➜ withInfoPlist
2026-09-13T15:11:21.9295530Z ios.infoPlist: withStaticPlugin ➜ withIosSplashScreen ➜ withPlugins ➜ withStaticPlugin ➜ withIosSplashInfoPlist ➜ withInfoPlist
2026-09-13T15:11:21.9296774Z 2026-09-13T15:11:21.929Z expo:prebuild-config:expo-splash-screen:ios:infoPlist isDarkModeEnabled:  false
2026-09-13T15:11:21.9297758Z ios.infoPlist: withFallback ➜ withPlugins ➜ withStaticPlugin ➜ withIosUserInterfaceStyle ➜ withInfoPlist
2026-09-13T15:11:21.9299276Z ios.infoPlist: withFallback ➜ withPlugins ➜ withStaticPlugin ➜ withIosRootViewBackgroundColor ➜ withInfoPlist
2026-09-13T15:11:21.9300293Z ios.infoPlist: withFallback ➜ withPlugins ➜ withStaticPlugin ➜ withIosAdMob ➜ withInfoPlist
2026-09-13T15:11:21.9301301Z ios.infoPlist: withFallback ➜ withPlugins ➜ withStaticPlugin ➜ withMaps ➜ withGoogleMapsKey ➜ withInfoPlist
2026-09-13T15:11:21.9302285Z ios.infoPlist: withStaticPlugin ➜ withRunOnce ➜ withSecureStore ➜ withIosPermissions ➜ withInfoPlist
2026-09-13T15:11:21.9303415Z 2026-09-13T15:11:21.929Z expo:config-plugins:ios:permissions Setting "NSFaceIDUsageDescription" to "Allow $(PRODUCT_NAME) to access your Face ID biometric data."
2026-09-13T15:11:21.9325572Z ios.entitlements: withDefaultBaseMods ➜ withIosBaseMods ➜ withGeneratedBaseMods ➜ withIosEntitlementsBaseMod
2026-09-13T15:11:21.9504141Z 2026-09-13T15:11:21.950Z expo:config-plugins:base-mods mods.ios.entitlements: file path: /home/runner/work/_temp/mobile/ios/GO/GO.entitlements
2026-09-13T15:11:21.9519738Z ios.entitlements: withIosExpoPlugins ➜ withPlugins ➜ withStaticPlugin ➜ withAssociatedDomains ➜ withEntitlementsPlist
2026-09-13T15:11:21.9550111Z ios.entitlements: withStaticPlugin ➜ withExpoContacts ➜ withRunOnce ➜ withAccessesContactNotes ➜ withEntitlementsPlist
2026-09-13T15:11:21.9551790Z ios.entitlements: withStaticPlugin ➜ withExpoAppleAuthentication ➜ withRunOnce ➜ withAppleSignInWarning ➜ withEntitlementsPlist
2026-09-13T15:11:21.9553127Z ios.entitlements: withStaticPlugin ➜ withRunOnce ➜ withNotifications ➜ withNotificationsIOS ➜ withEntitlementsPlist
2026-09-13T15:11:21.9554312Z ios.podfile: withDefaultBaseMods ➜ withIosBaseMods ➜ withGeneratedBaseMods ➜ withIosPodfileBaseMod
2026-09-13T15:11:21.9555389Z 2026-09-13T15:11:21.952Z expo:config-plugins:base-mods mods.ios.podfile: file path: /home/runner/work/_temp/mobile/ios/Podfile
2026-09-13T15:11:21.9556497Z ios.podfile: withFallback ➜ withPlugins ➜ withStaticPlugin ➜ withMaps ➜ withMapsCocoaPods ➜ withPodfile
2026-09-13T15:11:21.9557361Z 2026-09-13T15:11:21.952Z expo:config-plugins:ios:maps Is Expo Autolinked: true
2026-09-13T15:11:21.9558132Z 2026-09-13T15:11:21.953Z expo:config-plugins:ios:maps react-native-maps path: null
2026-09-13T15:11:21.9559355Z ios.appDelegate: withDefaultBaseMods ➜ withIosBaseMods ➜ withGeneratedBaseMods ➜ withIosAppDelegateBaseMod
2026-09-13T15:11:21.9560759Z 2026-09-13T15:11:21.954Z expo:config-plugins:base-mods mods.ios.appDelegate: file path: /home/runner/work/_temp/mobile/ios/GO/AppDelegate.swift
2026-09-13T15:11:21.9562012Z ios.appDelegate: withFallback ➜ withPlugins ➜ withStaticPlugin ➜ withMaps ➜ withGoogleMapsAppDelegate ➜ withAppDelegate
2026-09-13T15:11:21.9566359Z ios.expoPlist: withDefaultBaseMods ➜ withIosBaseMods ➜ withGeneratedBaseMods ➜ withIosExpoPlistBaseMod
2026-09-13T15:11:21.9567660Z 2026-09-13T15:11:21.956Z expo:config-plugins:base-mods mods.ios.expoPlist: file path: /home/runner/work/_temp/mobile/ios/GO/Supporting/Expo.plist
2026-09-13T15:11:21.9593555Z ios.expoPlist: withUnversionedUpdates ➜ withUpdates ➜ withPlugins ➜ withStaticPlugin ➜ withUpdatesPlist ➜ withExpoPlist
2026-09-13T15:11:21.9606005Z ios.podfileProperties: withDefaultBaseMods ➜ withIosBaseMods ➜ withGeneratedBaseMods ➜ withIosPodfilePropertiesBaseMod
2026-09-13T15:11:21.9607515Z 2026-09-13T15:11:21.960Z expo:config-plugins:base-mods mods.ios.podfileProperties: file path: /home/runner/work/_temp/mobile/ios/Podfile.properties.json
2026-09-13T15:11:21.9610482Z ios.podfileProperties: withIosExpoPlugins ➜ withPlugins ➜ withStaticPlugin ➜ withNewArchEnabledPodfileProps ➜ withPodfileProperties
2026-09-13T15:11:21.9611946Z ios.podfileProperties: withIosExpoPlugins ➜ withPlugins ➜ withStaticPlugin ➜ withJsEnginePodfileProps ➜ withPodfileProperties
2026-09-13T15:11:21.9613288Z ios.podfileProperties: withUnversionedUpdates ➜ withUpdates ➜ withPlugins ➜ withStaticPlugin ➜ withUpdatesNativeDebugPodfileProps ➜ withPodfileProperties
2026-09-13T15:11:21.9618366Z ios.splashScreenStoryboard: withPlugins ➜ withStaticPlugin ➜ withIosSplashScreenStoryboardBaseMod ➜ withGeneratedBaseMods ➜ withIosSplashScreenStoryboardBaseMod
2026-09-13T15:11:21.9620768Z 2026-09-13T15:11:21.961Z expo:config-plugins:base-mods mods.ios.splashScreenStoryboard: file path: /home/runner/work/_temp/mobile/ios/GO/SplashScreen.storyboard
2026-09-13T15:11:21.9706709Z ios.splashScreenStoryboard: withStaticPlugin ➜ withIosSplashScreen ➜ withPlugins ➜ withStaticPlugin ➜ withIosSplashScreenImage ➜ withIosSplashScreenStoryboard
2026-09-13T15:11:21.9711365Z 2026-09-13T15:11:21.970Z expo:prebuild-config:expo-splash-screen:ios:InterfaceBuilder Remove all splash screen image elements
2026-09-13T15:11:21.9712920Z 2026-09-13T15:11:21.971Z expo:prebuild-config:expo-splash-screen:ios:InterfaceBuilder Removing existing IB item with id EXPO-SplashScreen, from: [
2026-09-13T15:11:21.9713667Z   {
2026-09-13T15:11:21.9714009Z     '$': {
2026-09-13T15:11:21.9714348Z       clipsSubviews: 'YES',
2026-09-13T15:11:21.9714766Z       userInteractionEnabled: 'NO',
2026-09-13T15:11:21.9715224Z       contentMode: 'scaleAspectFit',
2026-09-13T15:11:21.9715673Z       horizontalHuggingPriority: '251',
2026-09-13T15:11:21.9716111Z       verticalHuggingPriority: '251',
2026-09-13T15:11:21.9716520Z       image: 'SplashScreen',
2026-09-13T15:11:21.9717001Z       translatesAutoresizingMaskIntoConstraints: 'NO',
2026-09-13T15:11:21.9717490Z       id: 'EXPO-SplashScreen',
2026-09-13T15:11:21.9717872Z       userLabel: 'SplashScreen'
2026-09-13T15:11:21.9718210Z     },
2026-09-13T15:11:21.9718522Z     rect: [ [Object] ],
2026-09-13T15:11:21.9719106Z     accessibility: [ [Object] ]
2026-09-13T15:11:21.9719453Z   }
2026-09-13T15:11:21.9719738Z ]
2026-09-13T15:11:21.9739281Z 2026-09-13T15:11:21.973Z expo:config-plugins:mod-compiler run in order: dangerous, manifest, colors, strings, gradleProperties, styles, colorsNight, settingsGradle, projectBuildGradle, appBuildGradle
2026-09-13T15:11:21.9741178Z android.dangerous: withDefaultBaseMods ➜ withAndroidBaseMods ➜ withGeneratedBaseMods ➜ withAndroidDangerousBaseMod
2026-09-13T15:11:21.9742224Z 2026-09-13T15:11:21.973Z expo:config-plugins:base-mods mods.android.dangerous: file path: [skipped]
2026-09-13T15:11:21.9743280Z android.dangerous: withAndroidExpoPlugins ➜ withPlugins ➜ withStaticPlugin ➜ withPackageRefactor ➜ withDangerousMod
2026-09-13T15:11:21.9752310Z 2026-09-13T15:11:21.975Z expo:config-plugins:android:package Found package "null" for type "debug"
2026-09-13T15:11:21.9764993Z 2026-09-13T15:11:21.976Z expo:config-plugins:android:package Found package "com.go" for type "main"
2026-09-13T15:11:21.9766350Z 2026-09-13T15:11:21.976Z expo:config-plugins:android:package Refactor "com.go" to "travel.go.consumer" for type "main"
2026-09-13T15:11:21.9776958Z 2026-09-13T15:11:21.977Z expo:config-plugins:android:package Error updating "/home/runner/work/_temp/mobile/android/app/BUCK" for type "main"
2026-09-13T15:11:21.9782291Z 2026-09-13T15:11:21.978Z expo:config-plugins:android:package Found package "null" for type "release"
2026-09-13T15:11:21.9783808Z android.dangerous: withAndroidExpoPlugins ➜ withPlugins ➜ withStaticPlugin ➜ withGoogleServicesFile ➜ withDangerousMod
2026-09-13T15:11:21.9785167Z android.dangerous: withAndroidExpoPlugins ➜ withPlugins ➜ withStaticPlugin ➜ withLocales ➜ withDangerousMod
2026-09-13T15:11:21.9786474Z android.dangerous: withStaticPlugin ➜ withAndroidSplashScreen ➜ withPlugins ➜ withStaticPlugin ➜ withAndroidSplashDrawables ➜ withDangerousMod
2026-09-13T15:11:21.9788010Z android.dangerous: withStaticPlugin ➜ withAndroidSplashScreen ➜ withPlugins ➜ withStaticPlugin ➜ withAndroidSplashImages ➜ withDangerousMod
2026-09-13T15:11:21.9789660Z android.dangerous: withStaticPlugin ➜ withRunOnce ➜ withNotifications ➜ withNotificationsAndroid ➜ withNotificationSounds ➜ withDangerousMod
2026-09-13T15:11:21.9791064Z android.dangerous: withStaticPlugin ➜ withRunOnce ➜ withNotifications ➜ withNotificationsAndroid ➜ withNotificationIcons ➜ withDangerousMod
2026-09-13T15:11:21.9792310Z android.manifest: withDefaultBaseMods ➜ withAndroidBaseMods ➜ withGeneratedBaseMods ➜ withAndroidManifestBaseMod
2026-09-13T15:11:21.9793726Z 2026-09-13T15:11:21.978Z expo:config-plugins:base-mods mods.android.manifest: file path: /home/runner/work/_temp/mobile/android/app/src/main/AndroidManifest.xml
2026-09-13T15:11:21.9805289Z android.manifest: withAndroidExpoPlugins ➜ withPlugins ➜ withStaticPlugin ➜ withPermissions ➜ withAndroidManifest
2026-09-13T15:11:21.9830159Z android.manifest: withAndroidExpoPlugins ➜ withPlugins ➜ withStaticPlugin ➜ withOrientation ➜ withAndroidManifest
2026-09-13T15:11:21.9839944Z android.manifest: withAndroidExpoPlugins ➜ withPlugins ➜ withStaticPlugin ➜ withScheme ➜ withAndroidManifest
2026-09-13T15:11:21.9850159Z android.manifest: withAndroidExpoPlugins ➜ withPlugins ➜ withStaticPlugin ➜ withAndroidIntentFilters ➜ withAndroidManifest
2026-09-13T15:11:21.9870032Z android.manifest: withAndroidExpoPlugins ➜ withPlugins ➜ withStaticPlugin ➜ withWindowSoftInputMode ➜ withAndroidManifest
2026-09-13T15:11:21.9881625Z android.manifest: withAndroidExpoPlugins ➜ withPlugins ➜ withStaticPlugin ➜ withAllowBackup ➜ withAndroidManifest
2026-09-13T15:11:21.9910349Z android.manifest: withStaticPlugin ➜ withRunOnce ➜ withFileSystem ➜ withPermissions ➜ withAndroidManifest
2026-09-13T15:11:21.9911893Z android.manifest: withUnversionedUpdates ➜ withUpdates ➜ withPlugins ➜ withStaticPlugin ➜ withUpdatesManifest ➜ withAndroidManifest
2026-09-13T15:11:21.9929927Z android.manifest: withFallback ➜ withPlugins ➜ withStaticPlugin ➜ withAndroidAdMob ➜ withAndroidManifest
2026-09-13T15:11:21.9949912Z android.manifest: withFallback ➜ withPlugins ➜ withStaticPlugin ➜ withGoogleMapsApiKey ➜ withAndroidManifest
2026-09-13T15:11:21.9956151Z android.manifest: withStaticPlugin ➜ withRunOnce ➜ withNotifications ➜ withNotificationsAndroid ➜ withNotificationManifest ➜ withAndroidManifest
2026-09-13T15:11:21.9957409Z android.manifest: withStaticPlugin ➜ withRunOnce ➜ withSecureStore ➜ withAndroidManifest
2026-09-13T15:11:21.9958538Z android.colors: withDefaultBaseMods ➜ withAndroidBaseMods ➜ withGeneratedBaseMods ➜ withAndroidColorsBaseMod
2026-09-13T15:11:21.9960021Z 2026-09-13T15:11:21.992Z expo:config-plugins:base-mods mods.android.colors: file path: /home/runner/work/_temp/mobile/android/app/src/main/res/values/colors.xml
2026-09-13T15:11:21.9974851Z android.colors: withAndroidExpoPlugins ➜ withPlugins ➜ withStaticPlugin ➜ withPrimaryColor ➜ withPrimaryColorColors ➜ withAndroidColors
2026-09-13T15:11:21.9986294Z android.colors: withAndroidExpoPlugins ➜ withPlugins ➜ withStaticPlugin ➜ withStatusBar ➜ withStatusBarColors ➜ withAndroidColors
2026-09-13T15:11:21.9989910Z android.colors: withFallback ➜ withPlugins ➜ withStaticPlugin ➜ withNavigationBar ➜ withNavigationBarColors ➜ withAndroidColors
2026-09-13T15:11:22.0000202Z android.colors: withStaticPlugin ➜ withAndroidSplashScreen ➜ withPlugins ➜ withStaticPlugin ➜ withAndroidSplashStyles ➜ withAndroidColors
2026-09-13T15:11:22.0001663Z android.colors: withFallback ➜ withPlugins ➜ withStaticPlugin ➜ withAndroidRootViewBackgroundColor ➜ withRootViewBackgroundColorColors ➜ withAndroidColors
2026-09-13T15:11:22.0004407Z android.colors: withStaticPlugin ➜ withRunOnce ➜ withNotifications ➜ withNotificationsAndroid ➜ withNotificationIconColor ➜ withAndroidColors
2026-09-13T15:11:22.0005760Z android.strings: withDefaultBaseMods ➜ withAndroidBaseMods ➜ withGeneratedBaseMods ➜ withAndroidStringsBaseMod
2026-09-13T15:11:22.0007262Z 2026-09-13T15:11:22.000Z expo:config-plugins:base-mods mods.android.strings: file path: /home/runner/work/_temp/mobile/android/app/src/main/res/values/strings.xml
2026-09-13T15:11:22.0010243Z android.strings: withAndroidExpoPlugins ➜ withPlugins ➜ withStaticPlugin ➜ withName ➜ withStringsXml
2026-09-13T15:11:22.0012255Z android.strings: withStaticPlugin ➜ withAndroidSplashScreen ➜ withPlugins ➜ withStaticPlugin ➜ withAndroidSplashStrings ➜ withStringsXml
2026-09-13T15:11:22.0013721Z android.strings: withFallback ➜ withPlugins ➜ withStaticPlugin ➜ withAndroidUserInterfaceStyle ➜ withStringsXml
2026-09-13T15:11:22.0014949Z » android: userInterfaceStyle: Install expo-system-ui in your project to enable this feature.
2026-09-13T15:11:22.0016091Z android.strings: withUnversionedUpdates ➜ withUpdates ➜ withPlugins ➜ withStaticPlugin ➜ withRuntimeVersionResource ➜ withStringsXml
2026-09-13T15:11:22.0020155Z android.gradleProperties: withDefaultBaseMods ➜ withAndroidBaseMods ➜ withGeneratedBaseMods ➜ withAndroidGradlePropertiesBaseMod
2026-09-13T15:11:22.0021517Z 2026-09-13T15:11:22.001Z expo:config-plugins:base-mods mods.android.gradleProperties: file path: /home/runner/work/_temp/mobile/android/gradle.properties
2026-09-13T15:11:22.0030598Z android.gradleProperties: withStaticPlugin ➜ withEdgeToEdge ➜ withEdgeToEdgeEnabledGradleProperties ➜ withGradleProperties
2026-09-13T15:11:22.0031678Z android.gradleProperties: withAndroidExpoPlugins ➜ withPlugins ➜ withStaticPlugin ➜ withNewArchEnabledGradleProps ➜ withGradleProperties
2026-09-13T15:11:22.0032710Z android.gradleProperties: withAndroidExpoPlugins ➜ withPlugins ➜ withStaticPlugin ➜ withJsEngineGradleProps ➜ withGradleProperties
2026-09-13T15:11:22.0033578Z android.gradleProperties: withUnversionedUpdates ➜ withUpdates ➜ withPlugins ➜ withStaticPlugin ➜ withUpdatesNativeDebugGradleProps ➜ withGradleProperties
2026-09-13T15:11:22.0036929Z android.styles: withDefaultBaseMods ➜ withAndroidBaseMods ➜ withGeneratedBaseMods ➜ withAndroidStylesBaseMod
2026-09-13T15:11:22.0038666Z 2026-09-13T15:11:22.003Z expo:config-plugins:base-mods mods.android.styles: file path: /home/runner/work/_temp/mobile/android/app/src/main/res/values/styles.xml
2026-09-13T15:11:22.0042768Z android.styles: withStaticPlugin ➜ withEdgeToEdge ➜ withRestoreDefaultTheme ➜ withAndroidStyles
2026-09-13T15:11:22.0044163Z android.styles: withStaticPlugin ➜ withEdgeToEdge ➜ withConfigureEdgeToEdgeEnforcement ➜ withAndroidStyles
2026-09-13T15:11:22.0045451Z android.styles: withAndroidExpoPlugins ➜ withPlugins ➜ withStaticPlugin ➜ withPrimaryColor ➜ withPrimaryColorStyles ➜ withAndroidStyles
2026-09-13T15:11:22.0046868Z android.styles: withAndroidExpoPlugins ➜ withPlugins ➜ withStaticPlugin ➜ withStatusBar ➜ withStatusBarStyles ➜ withAndroidStyles
2026-09-13T15:11:22.0048196Z android.styles: withFallback ➜ withPlugins ➜ withStaticPlugin ➜ withNavigationBar ➜ withNavigationBarStyles ➜ withAndroidStyles
2026-09-13T15:11:22.0049906Z android.styles: withStaticPlugin ➜ withAndroidSplashScreen ➜ withPlugins ➜ withStaticPlugin ➜ withAndroidSplashStyles ➜ withAndroidStyles
2026-09-13T15:11:22.0051609Z android.styles: withFallback ➜ withPlugins ➜ withStaticPlugin ➜ withAndroidRootViewBackgroundColor ➜ withRootViewBackgroundColorStyles ➜ withAndroidStyles
2026-09-13T15:11:22.0056699Z android.colorsNight: withDefaultBaseMods ➜ withAndroidBaseMods ➜ withGeneratedBaseMods ➜ withAndroidColorsNightBaseMod
2026-09-13T15:11:22.0058364Z 2026-09-13T15:11:22.005Z expo:config-plugins:base-mods mods.android.colorsNight: file path: /home/runner/work/_temp/mobile/android/app/src/main/res/values-night/colors.xml
2026-09-13T15:11:22.0064406Z android.colorsNight: withStaticPlugin ➜ withAndroidSplashScreen ➜ withPlugins ➜ withStaticPlugin ➜ withAndroidSplashStyles ➜ withAndroidColorsNight
2026-09-13T15:11:22.0067699Z android.settingsGradle: withDefaultBaseMods ➜ withAndroidBaseMods ➜ withGeneratedBaseMods ➜ withAndroidSettingsGradleBaseMod
2026-09-13T15:11:22.0069318Z 2026-09-13T15:11:22.006Z expo:config-plugins:base-mods mods.android.settingsGradle: file path: /home/runner/work/_temp/mobile/android/settings.gradle
2026-09-13T15:11:22.0070906Z android.settingsGradle: withAndroidExpoPlugins ➜ withPlugins ➜ withStaticPlugin ➜ withNameSettingsGradle ➜ withSettingsGradle
2026-09-13T15:11:22.0074519Z android.projectBuildGradle: withDefaultBaseMods ➜ withAndroidBaseMods ➜ withGeneratedBaseMods ➜ withAndroidProjectBuildGradleBaseMod
2026-09-13T15:11:22.0076219Z 2026-09-13T15:11:22.007Z expo:config-plugins:base-mods mods.android.projectBuildGradle: file path: /home/runner/work/_temp/mobile/android/build.gradle
2026-09-13T15:11:22.0077978Z android.projectBuildGradle: withAndroidExpoPlugins ➜ withPlugins ➜ withStaticPlugin ➜ withSdk52ReactNative78CompatAndroid ➜ withSdk52ReactNative78CompatAndroidProjectGradle ➜ withProjectBuildGradle
2026-09-13T15:11:22.0079727Z android.projectBuildGradle: withAndroidExpoPlugins ➜ withPlugins ➜ withStaticPlugin ➜ withSdk52ReactNative77CompatAndroid ➜ withProjectBuildGradle
2026-09-13T15:11:22.0080909Z android.projectBuildGradle: withAndroidExpoPlugins ➜ withPlugins ➜ withStaticPlugin ➜ withClassPath ➜ withProjectBuildGradle
2026-09-13T15:11:22.0083942Z android.appBuildGradle: withDefaultBaseMods ➜ withAndroidBaseMods ➜ withGeneratedBaseMods ➜ withAndroidAppBuildGradleBaseMod
2026-09-13T15:11:22.0085525Z 2026-09-13T15:11:22.008Z expo:config-plugins:base-mods mods.android.appBuildGradle: file path: /home/runner/work/_temp/mobile/android/app/build.gradle
2026-09-13T15:11:22.0087329Z android.appBuildGradle: withAndroidExpoPlugins ➜ withPlugins ➜ withStaticPlugin ➜ withSdk52ReactNative78CompatAndroid ➜ withSdk52ReactNative78CompatAndroidAppGradle ➜ withAppBuildGradle
2026-09-13T15:11:22.0089993Z android.appBuildGradle: withAndroidExpoPlugins ➜ withPlugins ➜ withStaticPlugin ➜ withVersion ➜ withAppBuildGradle
2026-09-13T15:11:22.0091287Z android.appBuildGradle: withAndroidExpoPlugins ➜ withPlugins ➜ withStaticPlugin ➜ withPackageGradle ➜ withAppBuildGradle
2026-09-13T15:11:22.0092488Z android.appBuildGradle: withAndroidExpoPlugins ➜ withPlugins ➜ withStaticPlugin ➜ withApplyPlugin ➜ withAppBuildGradle
2026-09-13T15:11:22.0101331Z 
2026-09-13T15:11:22.0101670Z Evaluated config:
2026-09-13T15:11:22.0102095Z {
2026-09-13T15:11:22.0102510Z   name: [32m'GO'[39m,
2026-09-13T15:11:22.0102903Z   slug: [32m'go-consumer'[39m,
2026-09-13T15:11:22.0103251Z   scheme: [32m'go'[39m,
2026-09-13T15:11:22.0103590Z   version: [32m'1.1.0'[39m,
2026-09-13T15:11:22.0103979Z   orientation: [32m'portrait'[39m,
2026-09-13T15:11:22.0104468Z   userInterfaceStyle: [32m'light'[39m,
2026-09-13T15:11:22.0104856Z   plugins: [
2026-09-13T15:11:22.0105221Z     [32m'expo-secure-store'[39m,
2026-09-13T15:11:22.0105585Z     [32m'expo-notifications'[39m
2026-09-13T15:11:22.0105919Z   ],
2026-09-13T15:11:22.0106248Z   description: [90mundefined[39m,
2026-09-13T15:11:22.0106726Z   sdkVersion: [32m'53.0.0'[39m,
2026-09-13T15:11:22.0107094Z   platforms: [
2026-09-13T15:11:22.0107452Z     [32m'ios'[39m,
2026-09-13T15:11:22.0107876Z     [32m'android'[39m
2026-09-13T15:11:22.0108182Z   ],
2026-09-13T15:11:22.0108442Z   ios: {
2026-09-13T15:11:22.0109174Z     supportsTablet: [33mfalse[39m,
2026-09-13T15:11:22.0109747Z     bundleIdentifier: [32m'travel.go.consumer'[39m,
2026-09-13T15:11:22.0110234Z     associatedDomains: [
2026-09-13T15:11:22.0110699Z       [32m'applinks:go.travel'[39m
2026-09-13T15:11:22.0111100Z     ],
2026-09-13T15:11:22.0111524Z     buildNumber: [32m'1'[39m,
2026-09-13T15:11:22.0111940Z     infoPlist: {
2026-09-13T15:11:22.0112478Z       CADisableMinimumFrameDurationOnPhone: [33mtrue[39m,
2026-09-13T15:11:22.0113217Z       CFBundleDevelopmentRegion: [32m'$(DEVELOPMENT_LANGUAGE)'[39m,
2026-09-13T15:11:22.0113916Z       CFBundleExecutable: [32m'$(EXECUTABLE_NAME)'[39m,
2026-09-13T15:11:22.0114583Z       CFBundleIdentifier: [32m'$(PRODUCT_BUNDLE_IDENTIFIER)'[39m,
2026-09-13T15:11:22.0115234Z       CFBundleInfoDictionaryVersion: [32m'6.0'[39m,
2026-09-13T15:11:22.0115810Z       CFBundleName: [32m'$(PRODUCT_NAME)'[39m,
2026-09-13T15:11:22.0116476Z       CFBundlePackageType: [32m'$(PRODUCT_BUNDLE_PACKAGE_TYPE)'[39m,
2026-09-13T15:11:22.0117145Z       CFBundleShortVersionString: [32m'1.1.0'[39m,
2026-09-13T15:11:22.0117734Z       CFBundleSignature: [32m'????'[39m,
2026-09-13T15:11:22.0118242Z       CFBundleVersion: [32m'1'[39m,
2026-09-13T15:11:22.0118913Z       LSRequiresIPhoneOS: [33mtrue[39m,
2026-09-13T15:11:22.0119489Z       LSMinimumSystemVersion: [32m'12.0'[39m,
2026-09-13T15:11:22.0120094Z       UILaunchStoryboardName: [32m'SplashScreen'[39m,
2026-09-13T15:11:22.0120597Z       UIRequiredDeviceCapabilities: [
2026-09-13T15:11:22.0121196Z         [32m'arm64'[39m
2026-09-13T15:11:22.0121585Z       ],
2026-09-13T15:11:22.0122142Z       UIStatusBarStyle: [32m'UIStatusBarStyleDefault'[39m,
2026-09-13T15:11:22.0122680Z       UISupportedInterfaceOrientations: [
2026-09-13T15:11:22.0123269Z         [32m'UIInterfaceOrientationPortrait'[39m,
2026-09-13T15:11:22.0123904Z         [32m'UIInterfaceOrientationPortraitUpsideDown'[39m
2026-09-13T15:11:22.0124436Z       ],
2026-09-13T15:11:22.0125002Z       UIViewControllerBasedStatusBarAppearance: [33mfalse[39m,
2026-09-13T15:11:22.0125531Z       CFBundleURLTypes: [
2026-09-13T15:11:22.0125932Z         {
2026-09-13T15:11:22.0126323Z           CFBundleURLSchemes: [
2026-09-13T15:11:22.0126809Z             [32m'go'[39m,
2026-09-13T15:11:22.0127354Z             [32m'travel.go.consumer'[39m
2026-09-13T15:11:22.0127800Z           ]
2026-09-13T15:11:22.0128150Z         }
2026-09-13T15:11:22.0128537Z       ],
2026-09-13T15:11:22.0129181Z       UIRequiresFullScreen: [33mfalse[39m,
2026-09-13T15:11:22.0129793Z       CFBundleDisplayName: [32m'GO'[39m,
2026-09-13T15:11:22.0130377Z       UIUserInterfaceStyle: [32m'Light'[39m,
2026-09-13T15:11:22.0131256Z       NSFaceIDUsageDescription: [32m'Allow $(PRODUCT_NAME) to access your Face ID biometric data.'[39m,
2026-09-13T15:11:22.0132013Z       NSAppTransportSecurity: {
2026-09-13T15:11:22.0132632Z         NSAllowsArbitraryLoads: [33mfalse[39m,
2026-09-13T15:11:22.0133234Z         NSAllowsLocalNetworking: [33mtrue[39m
2026-09-13T15:11:22.0133738Z       }
2026-09-13T15:11:22.0134108Z     },
2026-09-13T15:11:22.0134497Z     entitlements: {
2026-09-13T15:11:22.0135200Z       [32m'com.apple.developer.associated-domains'[39m: [
2026-09-13T15:11:22.0135832Z         [32m'applinks:go.travel'[39m
2026-09-13T15:11:22.0136273Z       ],
2026-09-13T15:11:22.0136799Z       [32m'aps-environment'[39m: [32m'development'[39m
2026-09-13T15:11:22.0137286Z     }
2026-09-13T15:11:22.0137661Z   },
2026-09-13T15:11:22.0138075Z   android: {
2026-09-13T15:11:22.0138538Z     package: [32m'travel.go.consumer'[39m,
2026-09-13T15:11:22.0139107Z     intentFilters: [
2026-09-13T15:11:22.0139507Z       {
2026-09-13T15:11:22.0139943Z         action: [32m'VIEW'[39m,
2026-09-13T15:11:22.0140430Z         autoVerify: [33mtrue[39m,
2026-09-13T15:11:22.0140881Z         data: [
2026-09-13T15:11:22.0141252Z           {
2026-09-13T15:11:22.0141689Z             scheme: [32m'https'[39m,
2026-09-13T15:11:22.0142334Z             host: [32m'go.travel'[39m,
2026-09-13T15:11:22.0142856Z             pathPrefix: [32m'/app'[39m
2026-09-13T15:11:22.0143261Z           }
2026-09-13T15:11:22.0143570Z         ],
2026-09-13T15:11:22.0143918Z         category: [
2026-09-13T15:11:22.0144387Z           [32m'BROWSABLE'[39m,
2026-09-13T15:11:22.0144866Z           [32m'DEFAULT'[39m
2026-09-13T15:11:22.0145295Z         ]
2026-09-13T15:11:22.0145688Z       },
2026-09-13T15:11:22.0146051Z       {
2026-09-13T15:11:22.0146487Z         action: [32m'VIEW'[39m,
2026-09-13T15:11:22.0146911Z         data: [
2026-09-13T15:11:22.0147272Z           {
2026-09-13T15:11:22.0147698Z             scheme: [32m'go'[39m
2026-09-13T15:11:22.0148116Z           }
2026-09-13T15:11:22.0148522Z         ],
2026-09-13T15:11:22.0149063Z         category: [
2026-09-13T15:11:22.0149497Z           [32m'BROWSABLE'[39m,
2026-09-13T15:11:22.0149945Z           [32m'DEFAULT'[39m
2026-09-13T15:11:22.0150359Z         ]
2026-09-13T15:11:22.0150712Z       }
2026-09-13T15:11:22.0151062Z     ],
2026-09-13T15:11:22.0151517Z     versionCode: [33m1[39m,
2026-09-13T15:11:22.0151971Z     permissions: [
2026-09-13T15:11:22.0152482Z       [32m'android.permission.READ_EXTERNAL_STORAGE'[39m,
2026-09-13T15:11:22.0153203Z       [32m'android.permission.WRITE_EXTERNAL_STORAGE'[39m,
2026-09-13T15:11:22.0153824Z       [32m'android.permission.INTERNET'[39m
2026-09-13T15:11:22.0154299Z     ]
2026-09-13T15:11:22.0154651Z   },
2026-09-13T15:11:22.0155014Z   extra: {
2026-09-13T15:11:22.0155735Z     apiBaseUrl: [32m'http://localhost:8000'[39m,
2026-09-13T15:11:22.0156354Z     environment: [32m'development'[39m,
2026-09-13T15:11:22.0156793Z     eas: {
2026-09-13T15:11:22.0157313Z       projectId: [32m'REPLACE_WITH_EAS_PROJECT_ID'[39m
2026-09-13T15:11:22.0157793Z     }
2026-09-13T15:11:22.0158168Z   },
2026-09-13T15:11:22.0195039Z   _internal: {
2026-09-13T15:11:22.0195670Z     isDebug: [33mtrue[39m,
2026-09-13T15:11:22.0196215Z     projectRoot: [32m'/home/runner/work/_temp/mobile'[39m,
2026-09-13T15:11:22.0200478Z     dynamicConfigPath: [32m'/home/runner/work/_temp/mobile/app.config.js'[39m,
2026-09-13T15:11:22.0201157Z     staticConfigPath: [32m'/home/runner/work/_temp/mobile/app.json'[39m,
2026-09-13T15:11:22.0201828Z     packageJsonPath: [32m'/home/runner/work/_temp/mobile/package.json'[39m,
2026-09-13T15:11:22.0202297Z     autolinkedModules: [
2026-09-13T15:11:22.0202644Z       [32m'expo'[39m,
2026-09-13T15:11:22.0202989Z       [32m'expo-application'[39m,
2026-09-13T15:11:22.0203410Z       [32m'expo-asset'[39m,
2026-09-13T15:11:22.0203791Z       [32m'expo-constants'[39m,
2026-09-13T15:11:22.0204159Z       [32m'expo-device'[39m,
2026-09-13T15:11:22.0204581Z       [32m'expo-file-system'[39m,
2026-09-13T15:11:22.0204887Z       [32m'expo-font'[39m,
2026-09-13T15:11:22.0205287Z       [32m'expo-keep-awake'[39m,
2026-09-13T15:11:22.0205677Z       [32m'expo-linking'[39m,
2026-09-13T15:11:22.0206060Z       [32m'expo-modules-core'[39m,
2026-09-13T15:11:22.0206458Z       [32m'expo-notifications'[39m,
2026-09-13T15:11:22.0206872Z       [32m'expo-secure-store'[39m
2026-09-13T15:11:22.0207179Z     ],
2026-09-13T15:11:22.0207651Z     templateChecksum: [32m'e8c2dcbacab46345952f39da13edf59f'[39m,
2026-09-13T15:11:22.0208082Z     pluginHistory: {
2026-09-13T15:11:22.0208477Z       [32m'expo-secure-store'[39m: {
2026-09-13T15:11:22.0209027Z         name: [32m'expo-secure-store'[39m,
2026-09-13T15:11:22.0209570Z         version: [32m'14.2.4'[39m
2026-09-13T15:11:22.0209925Z       },
2026-09-13T15:11:22.0210273Z       [32m'expo-notifications'[39m: {
2026-09-13T15:11:22.0210710Z         name: [32m'expo-notifications'[39m,
2026-09-13T15:11:22.0211201Z         version: [32m'0.31.5'[39m
2026-09-13T15:11:22.0212727Z       },
2026-09-13T15:11:22.0213058Z       [32m'react-native-maps'[39m: {
2026-09-13T15:11:22.0213478Z         name: [32m'react-native-maps'[39m,
2026-09-13T15:11:22.0213848Z         version: [32m'UNVERSIONED'[39m
2026-09-13T15:11:22.0214156Z       },
2026-09-13T15:11:22.0214616Z       [32m'expo-ads-admob'[39m: {
2026-09-13T15:11:22.0214994Z         name: [32m'expo-ads-admob'[39m,
2026-09-13T15:11:22.0215390Z         version: [32m'UNVERSIONED'[39m
2026-09-13T15:11:22.0215691Z       },
2026-09-13T15:11:22.0216042Z       [32m'expo-apple-authentication'[39m: {
2026-09-13T15:11:22.0216520Z         name: [32m'expo-apple-authentication'[39m,
2026-09-13T15:11:22.0216975Z         version: [32m'UNVERSIONED'[39m
2026-09-13T15:11:22.0217315Z       },
2026-09-13T15:11:22.0217637Z       [32m'expo-contacts'[39m: {
2026-09-13T15:11:22.0218009Z         name: [32m'expo-contacts'[39m,
2026-09-13T15:11:22.0218387Z         version: [32m'UNVERSIONED'[39m
2026-09-13T15:11:22.0218871Z       },
2026-09-13T15:11:22.0219329Z       [32m'expo-updates'[39m: {
2026-09-13T15:11:22.0219717Z         name: [32m'expo-updates'[39m,
2026-09-13T15:11:22.0220144Z         version: [32m'UNVERSIONED'[39m
2026-09-13T15:11:22.0220458Z       },
2026-09-13T15:11:22.0220857Z       [32m'expo-document-picker'[39m: {
2026-09-13T15:11:22.0221283Z         name: [32m'expo-document-picker'[39m,
2026-09-13T15:11:22.0221751Z         version: [32m'UNVERSIONED'[39m
2026-09-13T15:11:22.0222087Z       },
2026-09-13T15:11:22.0222425Z       [32m'expo-system-ui'[39m: {
2026-09-13T15:11:22.0222839Z         name: [32m'expo-system-ui'[39m,
2026-09-13T15:11:22.0223279Z         version: [32m'UNVERSIONED'[39m
2026-09-13T15:11:22.0223595Z       },
2026-09-13T15:11:22.0223952Z       [32m'expo-splash-screen'[39m: {
2026-09-13T15:11:22.0224544Z         name: [32m'expo-splash-screen'[39m,
2026-09-13T15:11:22.0224988Z         version: [32m'UNVERSIONED'[39m
2026-09-13T15:11:22.0225327Z       },
2026-09-13T15:11:22.0225689Z       [32m'expo-navigation-bar'[39m: {
2026-09-13T15:11:22.0226120Z         name: [32m'expo-navigation-bar'[39m,
2026-09-13T15:11:22.0226551Z         version: [32m'UNVERSIONED'[39m
2026-09-13T15:11:22.0226893Z       },
2026-09-13T15:11:22.0227251Z       [32m'expo-file-system'[39m: {
2026-09-13T15:11:22.0227676Z         name: [32m'expo-file-system'[39m,
2026-09-13T15:11:22.0228117Z         version: [32m'18.1.11'[39m
2026-09-13T15:11:22.0228437Z       }
2026-09-13T15:11:22.0228699Z     },
2026-09-13T15:11:22.0229888Z     modResults: {
2026-09-13T15:11:22.0230174Z       ios: {
2026-09-13T15:11:22.0230456Z         splashScreenStoryboard: {
2026-09-13T15:11:22.0230749Z           document: {
2026-09-13T15:11:22.0240532Z             [32m'$'[39m: {
2026-09-13T15:11:22.0241183Z               type: [32m'com.apple.InterfaceBuilder3.CocoaTouch.Storyboard.XIB'[39m,
2026-09-13T15:11:22.0241708Z               version: [32m'3.0'[39m,
2026-09-13T15:11:22.0242145Z               toolsVersion: [32m'32700.99.1234'[39m,
2026-09-13T15:11:22.0242592Z               targetRuntime: [32m'iOS.CocoaTouch'[39m,
2026-09-13T15:11:22.0243043Z               propertyAccessControl: [32m'none'[39m,
2026-09-13T15:11:22.0243526Z               useAutolayout: [32m'YES'[39m,
2026-09-13T15:11:22.0244008Z               launchScreen: [32m'YES'[39m,
2026-09-13T15:11:22.0244419Z               useTraitCollections: [32m'YES'[39m,
2026-09-13T15:11:22.0244819Z               useSafeAreas: [32m'YES'[39m,
2026-09-13T15:11:22.0245211Z               colorMatched: [32m'YES'[39m,
2026-09-13T15:11:22.0245688Z               initialViewController: [32m'EXPO-VIEWCONTROLLER-1'[39m
2026-09-13T15:11:22.0246094Z             },
2026-09-13T15:11:22.0246364Z             device: [
2026-09-13T15:11:22.0246679Z               {
2026-09-13T15:11:22.0247011Z                 [32m'$'[39m: {
2026-09-13T15:11:22.0247493Z                   id: [32m'retina6_12'[39m,
2026-09-13T15:11:22.0247940Z                   orientation: [32m'portrait'[39m,
2026-09-13T15:11:22.0248337Z                   appearance: [32m'light'[39m
2026-09-13T15:11:22.0248597Z                 }
2026-09-13T15:11:22.0249021Z               }
2026-09-13T15:11:22.0249227Z             ],
2026-09-13T15:11:22.0249437Z             dependencies: [
2026-09-13T15:11:22.0249823Z               {
2026-09-13T15:11:22.0250033Z                 deployment: [
2026-09-13T15:11:22.0250236Z                   {
2026-09-13T15:11:22.0250443Z                     [32m'$'[39m: {
2026-09-13T15:11:22.0250690Z                       identifier: [32m'iOS'[39m
2026-09-13T15:11:22.0250883Z                     }
2026-09-13T15:11:22.0251041Z                   }
2026-09-13T15:11:22.0251188Z                 ],
2026-09-13T15:11:22.0251343Z                 plugIn: [
2026-09-13T15:11:22.0251506Z                   {
2026-09-13T15:11:22.0251695Z                     [32m'$'[39m: {
2026-09-13T15:11:22.0252042Z                       identifier: [32m'com.apple.InterfaceBuilder.IBCocoaTouchPlugin'[39m,
2026-09-13T15:11:22.0252394Z                       version: [32m'22685'[39m
2026-09-13T15:11:22.0252585Z                     }
2026-09-13T15:11:22.0252736Z                   }
2026-09-13T15:11:22.0252881Z                 ],
2026-09-13T15:11:22.0253039Z                 capability: [
2026-09-13T15:11:22.0253210Z                   {
2026-09-13T15:11:22.0253406Z                     [32m'$'[39m: {
2026-09-13T15:11:22.0253652Z                       name: [32m'Named colors'[39m,
2026-09-13T15:11:22.0253928Z                       minToolsVersion: [32m'9.0'[39m
2026-09-13T15:11:22.0254130Z                     }
2026-09-13T15:11:22.0254285Z                   },
2026-09-13T15:11:22.0254435Z                   {
2026-09-13T15:11:22.0254689Z                     [32m'$'[39m: {
2026-09-13T15:11:22.0254960Z                       name: [32m'Safe area layout guides'[39m,
2026-09-13T15:11:22.0255313Z                       minToolsVersion: [32m'9.0'[39m
2026-09-13T15:11:22.0255518Z                     }
2026-09-13T15:11:22.0255676Z                   },
2026-09-13T15:11:22.0255829Z                   {
2026-09-13T15:11:22.0256031Z                     [32m'$'[39m: {
2026-09-13T15:11:22.0256336Z                       name: [32m'documents saved in the Xcode 8 format'[39m,
2026-09-13T15:11:22.0256654Z                       minToolsVersion: [32m'8.0'[39m
2026-09-13T15:11:22.0256856Z                     }
2026-09-13T15:11:22.0257010Z                   }
2026-09-13T15:11:22.0257156Z                 ]
2026-09-13T15:11:22.0257357Z               }
2026-09-13T15:11:22.0257506Z             ],
2026-09-13T15:11:22.0257655Z             scenes: [
2026-09-13T15:11:22.0257807Z               {
2026-09-13T15:11:22.0257962Z                 scene: [
2026-09-13T15:11:22.0258125Z                   {
2026-09-13T15:11:22.0258323Z                     [32m'$'[39m: {
2026-09-13T15:11:22.0258580Z                       sceneID: [32m'EXPO-SCENE-1'[39m
2026-09-13T15:11:22.0259025Z                     },
2026-09-13T15:11:22.0259253Z                     objects: [
2026-09-13T15:11:22.0259466Z                       {
2026-09-13T15:11:22.0259695Z                         viewController: [
2026-09-13T15:11:22.0259901Z                           {
2026-09-13T15:11:22.0260135Z                             [32m'$'[39m: {
2026-09-13T15:11:22.0260489Z                               storyboardIdentifier: [32m'SplashScreenViewController'[39m,
2026-09-13T15:11:22.0260853Z                               id: [32m'EXPO-VIEWCONTROLLER-1'[39m,
2026-09-13T15:11:22.0261172Z                               sceneMemberID: [32m'viewController'[39m
2026-09-13T15:11:22.0261414Z                             },
2026-09-13T15:11:22.0261602Z                             view: [
2026-09-13T15:11:22.0261794Z                               {
2026-09-13T15:11:22.0262017Z                                 [32m'$'[39m: {
2026-09-13T15:11:22.0262283Z                                   key: [32m'view'[39m,
2026-09-13T15:11:22.0262579Z                                   userInteractionEnabled: [32m'NO'[39m,
2026-09-13T15:11:22.0262900Z                                   contentMode: [32m'scaleToFill'[39m,
2026-09-13T15:11:22.0263234Z                                   insetsLayoutMarginsFromSafeArea: [32m'NO'[39m,
2026-09-13T15:11:22.0263629Z                                   id: [32m'EXPO-ContainerView'[39m,
2026-09-13T15:11:22.0263934Z                                   userLabel: [32m'ContainerView'[39m
2026-09-13T15:11:22.0264173Z                                 },
2026-09-13T15:11:22.0264383Z                                 rect: [
2026-09-13T15:11:22.0264584Z                                   {
2026-09-13T15:11:22.0264828Z                                     [32m'$'[39m: {
2026-09-13T15:11:22.0265102Z                                       key: [32m'frame'[39m,
2026-09-13T15:11:22.0265384Z                                       x: [32m'0.0'[39m,
2026-09-13T15:11:22.0265652Z                                       y: [32m'0.0'[39m,
2026-09-13T15:11:22.0265937Z                                       width: [32m'393'[39m,
2026-09-13T15:11:22.0266218Z                                       height: [32m'852'[39m
2026-09-13T15:11:22.0266444Z                                     }
2026-09-13T15:11:22.0266642Z                                   }
2026-09-13T15:11:22.0266840Z                                 ],
2026-09-13T15:11:22.0267063Z                                 autoresizingMask: [
2026-09-13T15:11:22.0267282Z                                   {
2026-09-13T15:11:22.0267516Z                                     [32m'$'[39m: {
2026-09-13T15:11:22.0267855Z                                       key: [32m'autoresizingMask'[39m,
2026-09-13T15:11:22.0268166Z                                       flexibleMaxX: [32m'YES'[39m,
2026-09-13T15:11:22.0268464Z                                       flexibleMaxY: [32m'YES'[39m
2026-09-13T15:11:22.0271878Z                                     }
2026-09-13T15:11:22.0272268Z                                   }
2026-09-13T15:11:22.0272556Z                                 ],
2026-09-13T15:11:22.0272958Z                                 subviews: [
2026-09-13T15:11:22.0273297Z                                   {
2026-09-13T15:11:22.0273628Z                                     imageView: []
2026-09-13T15:11:22.0273891Z                                   }
2026-09-13T15:11:22.0274165Z                                 ],
2026-09-13T15:11:22.0274441Z                                 viewLayoutGuide: [
2026-09-13T15:11:22.0274713Z                                   {
2026-09-13T15:11:22.0275089Z                                     [32m'$'[39m: {
2026-09-13T15:11:22.0275465Z                                       key: [32m'safeArea'[39m,
2026-09-13T15:11:22.0275898Z                                       id: [32m'Rmq-lb-GrQ'[39m
2026-09-13T15:11:22.0276193Z                                     }
2026-09-13T15:11:22.0276455Z                                   }
2026-09-13T15:11:22.0276725Z                                 ],
2026-09-13T15:11:22.0277013Z                                 constraints: [
2026-09-13T15:11:22.0277275Z                                   {
2026-09-13T15:11:22.0277554Z                                     constraint: [
2026-09-13T15:11:22.0277820Z                                       {
2026-09-13T15:11:22.0278138Z                                         [32m'$'[39m: {
2026-09-13T15:11:22.0278524Z                                           firstItem: [32m'EXPO-SplashScreen'[39m,
2026-09-13T15:11:22.0279208Z                                           firstAttribute: [32m'centerY'[39m,
2026-09-13T15:11:22.0279639Z                                           secondItem: [32m'EXPO-ContainerView'[39m,
2026-09-13T15:11:22.0280071Z                                           secondAttribute: [32m'centerY'[39m,
2026-09-13T15:11:22.0280483Z                                           id: [32m'0VC-Wk-OaO'[39m
2026-09-13T15:11:22.0280793Z                                         }
2026-09-13T15:11:22.0281070Z                                       },
2026-09-13T15:11:22.0281333Z                                       {
2026-09-13T15:11:22.0281654Z                                         [32m'$'[39m: {
2026-09-13T15:11:22.0282058Z                                           firstItem: [32m'EXPO-SplashScreen'[39m,
2026-09-13T15:11:22.0282669Z                                           firstAttribute: [32m'centerX'[39m,
2026-09-13T15:11:22.0283119Z                                           secondItem: [32m'EXPO-ContainerView'[39m,
2026-09-13T15:11:22.0283572Z                                           secondAttribute: [32m'centerX'[39m,
2026-09-13T15:11:22.0284029Z                                           id: [32m'zR4-NK-mVN'[39m
2026-09-13T15:11:22.0284453Z                                         }
2026-09-13T15:11:22.0284752Z                                       }
2026-09-13T15:11:22.0285045Z                                     ]
2026-09-13T15:11:22.0285327Z                                   }
2026-09-13T15:11:22.0285603Z                                 ]
2026-09-13T15:11:22.0285871Z                               }
2026-09-13T15:11:22.0286123Z                             ]
2026-09-13T15:11:22.0286353Z                           }
2026-09-13T15:11:22.0286587Z                         ],
2026-09-13T15:11:22.0286848Z                         placeholder: [
2026-09-13T15:11:22.0287119Z                           {
2026-09-13T15:11:22.0287416Z                             [32m'$'[39m: {
2026-09-13T15:11:22.0287884Z                               placeholderIdentifier: [32m'IBFirstResponder'[39m,
2026-09-13T15:11:22.0288360Z                               id: [32m'EXPO-PLACEHOLDER-1'[39m,
2026-09-13T15:11:22.0288945Z                               userLabel: [32m'First Responder'[39m,
2026-09-13T15:11:22.0289400Z                               sceneMemberID: [32m'firstResponder'[39m
2026-09-13T15:11:22.0289800Z                             }
2026-09-13T15:11:22.0290042Z                           }
2026-09-13T15:11:22.0290264Z                         ]
2026-09-13T15:11:22.0290482Z                       }
2026-09-13T15:11:22.0290694Z                     ],
2026-09-13T15:11:22.0290906Z                     point: [
2026-09-13T15:11:22.0291134Z                       {
2026-09-13T15:11:22.0291409Z                         [32m'$'[39m: {
2026-09-13T15:11:22.0291783Z                           key: [32m'canvasLocation'[39m,
2026-09-13T15:11:22.0292136Z                           x: [32m'0.0'[39m,
2026-09-13T15:11:22.0292468Z                           y: [32m'0.0'[39m
2026-09-13T15:11:22.0292727Z                         }
2026-09-13T15:11:22.0292942Z                       }
2026-09-13T15:11:22.0293147Z                     ]
2026-09-13T15:11:22.0293349Z                   }
2026-09-13T15:11:22.0293548Z                 ]
2026-09-13T15:11:22.0293733Z               }
2026-09-13T15:11:22.0293931Z             ],
2026-09-13T15:11:22.0294132Z             resources: [
2026-09-13T15:11:22.0294349Z               {
2026-09-13T15:11:22.0294622Z                 image: [
2026-09-13T15:11:22.0294829Z                   {
2026-09-13T15:11:22.0295109Z                     [32m'$'[39m: {
2026-09-13T15:11:22.0295456Z                       name: [32m'SplashScreenLogo'[39m,
2026-09-13T15:11:22.0295813Z                       width: [32m'100'[39m,
2026-09-13T15:11:22.0296188Z                       height: [32m'90.333335876464844'[39m
2026-09-13T15:11:22.0296482Z                     }
2026-09-13T15:11:22.0296683Z                   }
2026-09-13T15:11:22.0296878Z                 ]
2026-09-13T15:11:22.0297069Z               }
2026-09-13T15:11:22.0297259Z             ]
2026-09-13T15:11:22.0297446Z           }
2026-09-13T15:11:22.0297644Z         }
2026-09-13T15:11:22.0297823Z       }
2026-09-13T15:11:22.0297998Z     }
2026-09-13T15:11:22.0298259Z   },
2026-09-13T15:11:22.0298469Z   runtimeVersion: {
2026-09-13T15:11:22.0298940Z     policy: [32m'appVersion'[39m
2026-09-13T15:11:22.0299202Z   },
2026-09-13T15:11:22.0299396Z   updates: {
2026-09-13T15:11:22.0299675Z     fallbackToCacheTimeout: [33m0[39m
2026-09-13T15:11:22.0299942Z   },
2026-09-13T15:11:22.0300114Z   mods: {
2026-09-13T15:11:22.0300294Z     ios: {
2026-09-13T15:11:22.0300554Z       infoPlist: [AsyncFunction: interceptingMod] {
2026-09-13T15:11:22.0300934Z         isProvider: [33mtrue[39m,
2026-09-13T15:11:22.0301381Z         isIntrospective: [33mtrue[39m
2026-09-13T15:11:22.0301649Z       },
2026-09-13T15:11:22.0301922Z       entitlements: [AsyncFunction: interceptingMod] {
2026-09-13T15:11:22.0302285Z         isProvider: [33mtrue[39m,
2026-09-13T15:11:22.0302602Z         isIntrospective: [33mtrue[39m
2026-09-13T15:11:22.0302851Z       },
2026-09-13T15:11:22.0303069Z       xcodeproj: [AsyncFunction: interceptingMod] {
2026-09-13T15:11:22.0303497Z         isProvider: [33mtrue[39m
2026-09-13T15:11:22.0303771Z       },
2026-09-13T15:11:22.0304017Z       podfile: [AsyncFunction: interceptingMod] {
2026-09-13T15:11:22.0304328Z         isProvider: [33mtrue[39m
2026-09-13T15:11:22.0304542Z       },
2026-09-13T15:11:22.0304773Z       appDelegate: [AsyncFunction: interceptingMod] {
2026-09-13T15:11:22.0305091Z         isProvider: [33mtrue[39m
2026-09-13T15:11:22.0305354Z       },
2026-09-13T15:11:22.0305595Z       expoPlist: [AsyncFunction: interceptingMod] {
2026-09-13T15:11:22.0305942Z         isProvider: [33mtrue[39m,
2026-09-13T15:11:22.0307542Z         isIntrospective: [33mtrue[39m
2026-09-13T15:11:22.0307780Z       },
2026-09-13T15:11:22.0308068Z       podfileProperties: [AsyncFunction: interceptingMod] {
2026-09-13T15:11:22.0308445Z         isProvider: [33mtrue[39m,
2026-09-13T15:11:22.0308953Z         isIntrospective: [33mtrue[39m
2026-09-13T15:11:22.0309214Z       },
2026-09-13T15:11:22.0309481Z       dangerous: [AsyncFunction: interceptingMod] {
2026-09-13T15:11:22.0309824Z         isProvider: [33mtrue[39m
2026-09-13T15:11:22.0310176Z       },
2026-09-13T15:11:22.0310465Z       splashScreenStoryboard: [AsyncFunction: interceptingMod] {
2026-09-13T15:11:22.0310802Z         isProvider: [33mtrue[39m,
2026-09-13T15:11:22.0311113Z         isIntrospective: [33mtrue[39m
2026-09-13T15:11:22.0311342Z       }
2026-09-13T15:11:22.0311507Z     },
2026-09-13T15:11:22.0311655Z     android: {
2026-09-13T15:11:22.0311854Z       manifest: [AsyncFunction: interceptingMod] {
2026-09-13T15:11:22.0312114Z         isProvider: [33mtrue[39m,
2026-09-13T15:11:22.0312364Z         isIntrospective: [33mtrue[39m
2026-09-13T15:11:22.0312550Z       },
2026-09-13T15:11:22.0312738Z       colors: [AsyncFunction: interceptingMod] {
2026-09-13T15:11:22.0312997Z         isProvider: [33mtrue[39m,
2026-09-13T15:11:22.0313229Z         isIntrospective: [33mtrue[39m
2026-09-13T15:11:22.0313428Z       },
2026-09-13T15:11:22.0313624Z       dangerous: [AsyncFunction: interceptingMod] {
2026-09-13T15:11:22.0313885Z         isProvider: [33mtrue[39m
2026-09-13T15:11:22.0314067Z       },
2026-09-13T15:11:22.0314256Z       strings: [AsyncFunction: interceptingMod] {
2026-09-13T15:11:22.0314519Z         isProvider: [33mtrue[39m,
2026-09-13T15:11:22.0314754Z         isIntrospective: [33mtrue[39m
2026-09-13T15:11:22.0314939Z       },
2026-09-13T15:11:22.0315161Z       gradleProperties: [AsyncFunction: interceptingMod] {
2026-09-13T15:11:22.0315436Z         isProvider: [33mtrue[39m,
2026-09-13T15:11:22.0315680Z         isIntrospective: [33mtrue[39m
2026-09-13T15:11:22.0315868Z       },
2026-09-13T15:11:22.0316053Z       styles: [AsyncFunction: interceptingMod] {
2026-09-13T15:11:22.0316308Z         isProvider: [33mtrue[39m,
2026-09-13T15:11:22.0316542Z         isIntrospective: [33mtrue[39m
2026-09-13T15:11:22.0316728Z       },
2026-09-13T15:11:22.0316940Z       colorsNight: [AsyncFunction: interceptingMod] {
2026-09-13T15:11:22.0317198Z         isProvider: [33mtrue[39m,
2026-09-13T15:11:22.0317431Z         isIntrospective: [33mtrue[39m
2026-09-13T15:11:22.0317615Z       },
2026-09-13T15:11:22.0317818Z       settingsGradle: [AsyncFunction: interceptingMod] {
2026-09-13T15:11:22.0318079Z         isProvider: [33mtrue[39m
2026-09-13T15:11:22.0318266Z       },
2026-09-13T15:11:22.0318480Z       projectBuildGradle: [AsyncFunction: interceptingMod] {
2026-09-13T15:11:22.0318956Z         isProvider: [33mtrue[39m
2026-09-13T15:11:22.0319212Z       },
2026-09-13T15:11:22.0319471Z       appBuildGradle: [AsyncFunction: interceptingMod] {
2026-09-13T15:11:22.0319891Z         isProvider: [33mtrue[39m
2026-09-13T15:11:22.0320089Z       }
2026-09-13T15:11:22.0320229Z     }
2026-09-13T15:11:22.0320373Z   },
2026-09-13T15:11:22.0320525Z   androidStatusBar: {
2026-09-13T15:11:22.0320749Z     backgroundColor: [32m'#ffffff'[39m
2026-09-13T15:11:22.0320936Z   }
2026-09-13T15:11:22.0321078Z }
2026-09-13T15:11:22.0321164Z 
2026-09-13T15:11:22.0321250Z Finished prebuild
2026-09-13T15:11:22.0321502Z 2026-09-13T15:11:22.010Z expo:prebuild Skipped pod install
2026-09-13T15:11:22.0473382Z ##[group]Run node scripts/native-modules-check.mjs --native 2>&1 | tee "$RUNNER_TEMP/evidence/native-modules-generated.log"
2026-09-13T15:11:22.0474300Z [36;1mnode scripts/native-modules-check.mjs --native 2>&1 | tee "$RUNNER_TEMP/evidence/native-modules-generated.log"[0m
2026-09-13T15:11:22.0497289Z shell: /usr/bin/bash --noprofile --norc -e -o pipefail {0}
2026-09-13T15:11:22.0497548Z env:
2026-09-13T15:11:22.0497704Z   CI: 1
2026-09-13T15:11:22.0497854Z   EXPO_NO_TELEMETRY: 1
2026-09-13T15:11:22.0498022Z   EXPO_DEBUG: 1
2026-09-13T15:11:22.0498193Z   PYTHONDONTWRITEBYTECODE: 1
2026-09-13T15:11:22.0498428Z ##[endgroup]
2026-09-13T15:11:22.1810542Z {
2026-09-13T15:11:22.1810761Z   "platform": "apple",
2026-09-13T15:11:22.1810955Z   "cwd": ".",
2026-09-13T15:11:22.1811115Z   "required": [
2026-09-13T15:11:22.1811268Z     "expo",
2026-09-13T15:11:22.1811427Z     "expo-modules-core",
2026-09-13T15:11:22.1811602Z     "expo-asset",
2026-09-13T15:11:22.1811828Z     "expo-file-system",
2026-09-13T15:11:22.1812117Z     "expo-font",
2026-09-13T15:11:22.1812277Z     "expo-keep-awake"
2026-09-13T15:11:22.1812435Z   ],
2026-09-13T15:11:22.1812574Z   "missing": [],
2026-09-13T15:11:22.1812732Z   "outside": [],
2026-09-13T15:11:22.1812878Z   "modules": {
2026-09-13T15:11:22.1813024Z     "expo": {
2026-09-13T15:11:22.1813181Z       "version": "53.0.27",
2026-09-13T15:11:22.1813434Z       "path": "/home/runner/work/_temp/mobile/node_modules/expo"
2026-09-13T15:11:22.1813668Z     },
2026-09-13T15:11:22.1813832Z     "expo-modules-core": {
2026-09-13T15:11:22.1814012Z       "version": "2.5.0",
2026-09-13T15:11:22.1814283Z       "path": "/home/runner/work/_temp/mobile/node_modules/expo-modules-core"
2026-09-13T15:11:22.1814534Z     },
2026-09-13T15:11:22.1814682Z     "expo-asset": {
2026-09-13T15:11:22.1814845Z       "version": "11.1.7",
2026-09-13T15:11:22.1815104Z       "path": "/home/runner/work/_temp/mobile/node_modules/expo-asset"
2026-09-13T15:11:22.1815342Z     },
2026-09-13T15:11:22.1815505Z     "expo-file-system": {
2026-09-13T15:11:22.1815681Z       "version": "18.1.11",
2026-09-13T15:11:22.1815946Z       "path": "/home/runner/work/_temp/mobile/node_modules/expo-file-system"
2026-09-13T15:11:22.1816190Z     },
2026-09-13T15:11:22.1816339Z     "expo-font": {
2026-09-13T15:11:22.1816499Z       "version": "13.3.2",
2026-09-13T15:11:22.1816741Z       "path": "/home/runner/work/_temp/mobile/node_modules/expo-font"
2026-09-13T15:11:22.1816973Z     },
2026-09-13T15:11:22.1817123Z     "expo-keep-awake": {
2026-09-13T15:11:22.1817292Z       "version": "14.1.4",
2026-09-13T15:11:22.1817556Z       "path": "/home/runner/work/_temp/mobile/node_modules/expo-keep-awake"
2026-09-13T15:11:22.1817804Z     }
2026-09-13T15:11:22.1817942Z   }
2026-09-13T15:11:22.1818078Z }
2026-09-13T15:11:22.2744439Z {
2026-09-13T15:11:22.2750060Z   "platform": "apple",
2026-09-13T15:11:22.2750650Z   "cwd": "ios",
2026-09-13T15:11:22.2750995Z   "required": [
2026-09-13T15:11:22.2751304Z     "expo",
2026-09-13T15:11:22.2751636Z     "expo-modules-core",
2026-09-13T15:11:22.2751940Z     "expo-asset",
2026-09-13T15:11:22.2752244Z     "expo-file-system",
2026-09-13T15:11:22.2752566Z     "expo-font",
2026-09-13T15:11:22.2752883Z     "expo-keep-awake"
2026-09-13T15:11:22.2753203Z   ],
2026-09-13T15:11:22.2753500Z   "missing": [],
2026-09-13T15:11:22.2753803Z   "outside": [],
2026-09-13T15:11:22.2754102Z   "modules": {
2026-09-13T15:11:22.2754395Z     "expo": {
2026-09-13T15:11:22.2754715Z       "version": "53.0.27",
2026-09-13T15:11:22.2755173Z       "path": "/home/runner/work/_temp/mobile/node_modules/expo"
2026-09-13T15:11:22.2755605Z     },
2026-09-13T15:11:22.2755916Z     "expo-modules-core": {
2026-09-13T15:11:22.2756279Z       "version": "2.5.0",
2026-09-13T15:11:22.2756780Z       "path": "/home/runner/work/_temp/mobile/node_modules/expo-modules-core"
2026-09-13T15:11:22.2757224Z     },
2026-09-13T15:11:22.2757506Z     "expo-asset": {
2026-09-13T15:11:22.2757830Z       "version": "11.1.7",
2026-09-13T15:11:22.2758529Z       "path": "/home/runner/work/_temp/mobile/node_modules/expo-asset"
2026-09-13T15:11:22.2759276Z     },
2026-09-13T15:11:22.2759548Z     "expo-file-system": {
2026-09-13T15:11:22.2759832Z       "version": "18.1.11",
2026-09-13T15:11:22.2760232Z       "path": "/home/runner/work/_temp/mobile/node_modules/expo-file-system"
2026-09-13T15:11:22.2760607Z     },
2026-09-13T15:11:22.2760864Z     "expo-font": {
2026-09-13T15:11:22.2761136Z       "version": "13.3.2",
2026-09-13T15:11:22.2761513Z       "path": "/home/runner/work/_temp/mobile/node_modules/expo-font"
2026-09-13T15:11:22.2762005Z     },
2026-09-13T15:11:22.2775133Z     "expo-keep-awake": {
2026-09-13T15:11:22.2775574Z       "version": "14.1.4",
2026-09-13T15:11:22.2776094Z       "path": "/home/runner/work/_temp/mobile/node_modules/expo-keep-awake"
2026-09-13T15:11:22.2776556Z     }
2026-09-13T15:11:22.2776850Z   }
2026-09-13T15:11:22.2777148Z }
2026-09-13T15:11:22.3624260Z {
2026-09-13T15:11:22.3624949Z   "platform": "android",
2026-09-13T15:11:22.3631337Z   "cwd": ".",
2026-09-13T15:11:22.3631929Z   "required": [
2026-09-13T15:11:22.3632227Z     "expo",
2026-09-13T15:11:22.3632545Z     "expo-modules-core",
2026-09-13T15:11:22.3632872Z     "expo-asset",
2026-09-13T15:11:22.3633180Z     "expo-file-system",
2026-09-13T15:11:22.3633493Z     "expo-font",
2026-09-13T15:11:22.3633787Z     "expo-keep-awake"
2026-09-13T15:11:22.3634093Z   ],
2026-09-13T15:11:22.3634366Z   "missing": [],
2026-09-13T15:11:22.3634647Z   "outside": [],
2026-09-13T15:11:22.3634935Z   "modules": {
2026-09-13T15:11:22.3635224Z     "expo": {
2026-09-13T15:11:22.3635529Z       "version": "53.0.27",
2026-09-13T15:11:22.3635971Z       "path": "/home/runner/work/_temp/mobile/node_modules/expo"
2026-09-13T15:11:22.3636391Z     },
2026-09-13T15:11:22.3636700Z     "expo-modules-core": {
2026-09-13T15:11:22.3637026Z       "version": "2.5.0",
2026-09-13T15:11:22.3637495Z       "path": "/home/runner/work/_temp/mobile/node_modules/expo-modules-core"
2026-09-13T15:11:22.3637956Z     },
2026-09-13T15:11:22.3638250Z     "expo-asset": {
2026-09-13T15:11:22.3638573Z       "version": "11.1.7",
2026-09-13T15:11:22.3639260Z       "path": "/home/runner/work/_temp/mobile/node_modules/expo-asset"
2026-09-13T15:11:22.3639674Z     },
2026-09-13T15:11:22.3639981Z     "expo-file-system": {
2026-09-13T15:11:22.3640326Z       "version": "18.1.11",
2026-09-13T15:11:22.3640813Z       "path": "/home/runner/work/_temp/mobile/node_modules/expo-file-system"
2026-09-13T15:11:22.3641274Z     },
2026-09-13T15:11:22.3641579Z     "expo-font": {
2026-09-13T15:11:22.3641896Z       "version": "13.3.2",
2026-09-13T15:11:22.3642345Z       "path": "/home/runner/work/_temp/mobile/node_modules/expo-font"
2026-09-13T15:11:22.3642779Z     },
2026-09-13T15:11:22.3643076Z     "expo-keep-awake": {
2026-09-13T15:11:22.3643421Z       "version": "14.1.4",
2026-09-13T15:11:22.3643876Z       "path": "/home/runner/work/_temp/mobile/node_modules/expo-keep-awake"
2026-09-13T15:11:22.3644318Z     }
2026-09-13T15:11:22.3644596Z   }
2026-09-13T15:11:22.3644861Z }
2026-09-13T15:11:22.4564224Z {
2026-09-13T15:11:22.4564759Z   "platform": "android",
2026-09-13T15:11:22.4565182Z   "cwd": "android",
2026-09-13T15:11:22.4565508Z   "required": [
2026-09-13T15:11:22.4565775Z     "expo",
2026-09-13T15:11:22.4566111Z     "expo-modules-core",
2026-09-13T15:11:22.4566432Z     "expo-asset",
2026-09-13T15:11:22.4566701Z     "expo-file-system",
2026-09-13T15:11:22.4566959Z     "expo-font",
2026-09-13T15:11:22.4567242Z     "expo-keep-awake"
2026-09-13T15:11:22.4569329Z   ],
2026-09-13T15:11:22.4569950Z   "missing": [],
2026-09-13T15:11:22.4570333Z   "outside": [],
2026-09-13T15:11:22.4570699Z   "modules": {
2026-09-13T15:11:22.4571034Z     "expo": {
2026-09-13T15:11:22.4571421Z       "version": "53.0.27",
2026-09-13T15:11:22.4571963Z       "path": "/home/runner/work/_temp/mobile/node_modules/expo"
2026-09-13T15:11:22.4572471Z     },
2026-09-13T15:11:22.4572875Z     "expo-modules-core": {
2026-09-13T15:11:22.4573307Z       "version": "2.5.0",
2026-09-13T15:11:22.4574069Z       "path": "/home/runner/work/_temp/mobile/node_modules/expo-modules-core"
2026-09-13T15:11:22.4574609Z     },
2026-09-13T15:11:22.4574937Z     "expo-asset": {
2026-09-13T15:11:22.4575242Z       "version": "11.1.7",
2026-09-13T15:11:22.4575938Z       "path": "/home/runner/work/_temp/mobile/node_modules/expo-asset"
2026-09-13T15:11:22.4576375Z     },
2026-09-13T15:11:22.4576590Z     "expo-file-system": {
2026-09-13T15:11:22.4576818Z       "version": "18.1.11",
2026-09-13T15:11:22.4577187Z       "path": "/home/runner/work/_temp/mobile/node_modules/expo-file-system"
2026-09-13T15:11:22.4577514Z     },
2026-09-13T15:11:22.4577689Z     "expo-font": {
2026-09-13T15:11:22.4577888Z       "version": "13.3.2",
2026-09-13T15:11:22.4578200Z       "path": "/home/runner/work/_temp/mobile/node_modules/expo-font"
2026-09-13T15:11:22.4578442Z     },
2026-09-13T15:11:22.4578596Z     "expo-keep-awake": {
2026-09-13T15:11:22.4578988Z       "version": "14.1.4",
2026-09-13T15:11:22.4579342Z       "path": "/home/runner/work/_temp/mobile/node_modules/expo-keep-awake"
2026-09-13T15:11:22.4579823Z     }
2026-09-13T15:11:22.4580005Z   }
2026-09-13T15:11:22.4580156Z }
2026-09-13T15:11:22.4904561Z Node 20 is being deprecated. This workflow is running with Node 24 by default. If you need to temporarily use Node 20, you can set the ACTIONS_ALLOW_USE_UNSECURE_NODE_VERSION=true environment variable. For more information see: https://github.blog/changelog/2025-09-19-deprecation-of-node-20-on-github-actions-runners/
2026-09-13T15:11:22.4905414Z ##[group]Run actions/upload-artifact@v4
2026-09-13T15:11:22.4905622Z with:
2026-09-13T15:11:22.4905873Z   name: canonical-mobile-linking-9f28f822110e187c22baf82391063c8b05c039c1
2026-09-13T15:11:22.4906181Z   path: /home/runner/work/_temp/evidence
2026-09-13T15:11:22.4906390Z   if-no-files-found: error
2026-09-13T15:11:22.4906574Z   compression-level: 6
2026-09-13T15:11:22.4906745Z   overwrite: false
2026-09-13T15:11:22.4906914Z   include-hidden-files: false
2026-09-13T15:11:22.4907090Z env:
2026-09-13T15:11:22.4907230Z   CI: 1
2026-09-13T15:11:22.4907384Z   EXPO_NO_TELEMETRY: 1
2026-09-13T15:11:22.4907548Z   EXPO_DEBUG: 1
2026-09-13T15:11:22.4907762Z   PYTHONDONTWRITEBYTECODE: 1
2026-09-13T15:11:22.4907935Z ##[endgroup]
2026-09-13T15:11:22.6103886Z (node:2226) [DEP0040] DeprecationWarning: The `punycode` module is deprecated. Please use a userland alternative instead.
2026-09-13T15:11:22.6104877Z (Use `node --trace-deprecation ...` to show where the warning was created)
2026-09-13T15:11:22.6320160Z With the provided path, there will be 7 files uploaded
2026-09-13T15:11:22.6331798Z Artifact name is valid!
2026-09-13T15:11:22.6332410Z Root directory input is valid!
2026-09-13T15:11:22.9060018Z Beginning upload of artifact content to blob storage
2026-09-13T15:11:22.9300907Z (node:2226) [DEP0169] DeprecationWarning: `url.parse()` behavior is not standardized and prone to errors that have security implications. Use the WHATWG URL API instead. CVEs are not issued for `url.parse()` vulnerabilities.
2026-09-13T15:11:23.1301394Z Uploaded bytes 72019
2026-09-13T15:11:23.1725407Z Finished uploading artifact content to blob storage!
2026-09-13T15:11:23.1726555Z SHA256 digest of uploaded artifact zip is ac69e4a921935e6755367de99fa3dc7409d3a08dd535340893b818880d1987af
2026-09-13T15:11:23.1727238Z Finalizing artifact upload
2026-09-13T15:11:23.3761088Z Artifact canonical-mobile-linking-9f28f822110e187c22baf82391063c8b05c039c1.zip successfully finalized. Artifact ID 10319804503
2026-09-13T15:11:23.3762400Z Artifact canonical-mobile-linking-9f28f822110e187c22baf82391063c8b05c039c1 has been successfully uploaded! Final size is 72019 bytes. Artifact ID is 10319804503
2026-09-13T15:11:23.3766156Z Artifact download URL: https://github.com/yuguangzhi3836-glitch/GO/actions/runs/34764800494/artifacts/10319804503
2026-09-13T15:11:23.4280689Z Node 20 is being deprecated. This workflow is running with Node 24 by default. If you need to temporarily use Node 20, you can set the ACTIONS_ALLOW_USE_UNSECURE_NODE_VERSION=true environment variable. For more information see: https://github.blog/changelog/2025-09-19-deprecation-of-node-20-on-github-actions-runners/
2026-09-13T15:11:23.4281518Z Post job cleanup.
2026-09-13T15:11:23.5190354Z (node:2238) [DEP0040] DeprecationWarning: The `punycode` module is deprecated. Please use a userland alternative instead.
2026-09-13T15:11:23.5191394Z (Use `node --trace-deprecation ...` to show where the warning was created)
2026-09-13T15:11:23.6261007Z Node 20 is being deprecated. This workflow is running with Node 24 by default. If you need to temporarily use Node 20, you can set the ACTIONS_ALLOW_USE_UNSECURE_NODE_VERSION=true environment variable. For more information see: https://github.blog/changelog/2025-09-19-deprecation-of-node-20-on-github-actions-runners/
2026-09-13T15:11:23.6261815Z Post job cleanup.
2026-09-13T15:11:23.6930595Z [command]/usr/bin/git version
2026-09-13T15:11:23.6990834Z git version 2.55.0
2026-09-13T15:11:23.7070955Z Temporarily overriding HOME='/home/runner/work/_temp/09d80bb2-808c-443f-9d56-130a515bd121' before making global git config changes
2026-09-13T15:11:23.7084649Z Adding repository directory to the temporary git global config as a safe directory
2026-09-13T15:11:23.7092998Z [command]/usr/bin/git config --global --add safe.directory /home/runner/work/GO/GO
2026-09-13T15:11:23.7094794Z [command]/usr/bin/git config --local --name-only --get-regexp core\.sshCommand
2026-09-13T15:11:23.7096955Z [command]/usr/bin/git submodule foreach --recursive sh -c "git config --local --name-only --get-regexp 'core\.sshCommand' && git config --local --unset-all 'core.sshCommand' || :"
2026-09-13T15:11:23.7346025Z [command]/usr/bin/git config --local --name-only --get-regexp http\.https\:\/\/github\.com\/\.extraheader
2026-09-13T15:11:23.7400496Z [command]/usr/bin/git submodule foreach --recursive sh -c "git config --local --name-only --get-regexp 'http\.https\:\/\/github\.com\/\.extraheader' && git config --local --unset-all 'http.https://github.com/.extraheader' || :"
2026-09-13T15:11:23.7696158Z [command]/usr/bin/git config --local --name-only --get-regexp ^includeIf\.gitdir:
2026-09-13T15:11:23.7743521Z [command]/usr/bin/git submodule foreach --recursive git config --local --show-origin --name-only --get-regexp remote.origin.url
2026-09-13T15:11:23.8032193Z Cleaning up orphan processes
2026-09-13T15:11:23.8206298Z ##[warning]Node.js 20 is deprecated. The following actions target Node.js 20 but are being forced to run on Node.js 24: actions/checkout@v4, actions/setup-node@v4, actions/upload-artifact@v4. For more information see: https://github.blog/changelog/2025-09-19-deprecation-of-node-20-on-github-actions-runners/
