2026-09-10T03:18:25.8498378Z Current runner version: '2.337.0'
2026-09-10T03:18:25.8534551Z ##[group]Runner Image Provisioner
2026-09-10T03:18:25.8536589Z Hosted Compute Agent
2026-09-10T03:18:25.8537531Z Version: 20260828.587
2026-09-10T03:18:25.8538650Z Commit: abac92662cab4cc7352de4f9f9d2e2419aad9c29
2026-09-10T03:18:25.8539832Z Build Date: 2026-08-28T16:44:25Z
2026-09-10T03:18:25.8540921Z Worker ID: {002c2da0-69aa-4c31-95fd-af02a0c7914f}
2026-09-10T03:18:25.8542269Z Azure Region: centralus
2026-09-10T03:18:25.8543193Z ##[endgroup]
2026-09-10T03:18:25.8545814Z ##[group]Operating System
2026-09-10T03:18:25.8546842Z Ubuntu
2026-09-10T03:18:25.8547710Z 22.04.5
2026-09-10T03:18:25.8548654Z LTS
2026-09-10T03:18:25.8549473Z ##[endgroup]
2026-09-10T03:18:25.8550356Z ##[group]Runner Image
2026-09-10T03:18:25.8551514Z Image: ubuntu-22.04
2026-09-10T03:18:25.8552481Z Version: 20260831.284.1
2026-09-10T03:18:25.8555150Z Included Software: https://github.com/actions/runner-images/blob/ubuntu22/20260831.284/images/ubuntu/Ubuntu2204-Readme.md
2026-09-10T03:18:25.8557759Z Image Release: https://github.com/actions/runner-images/releases/tag/ubuntu22%2F20260831.284
2026-09-10T03:18:25.8559559Z ##[endgroup]
2026-09-10T03:18:25.8561338Z ##[group]GITHUB_TOKEN Permissions
2026-09-10T03:18:25.8564288Z Contents: read
2026-09-10T03:18:25.8565489Z Metadata: read
2026-09-10T03:18:25.8566536Z ##[endgroup]
2026-09-10T03:18:25.8569648Z Secret source: Actions
2026-09-10T03:18:25.8571221Z Cache mode: write
2026-09-10T03:18:25.8572451Z Prepare workflow directory
2026-09-10T03:18:25.9453229Z Prepare all required actions
2026-09-10T03:18:25.9522854Z Getting action download info
2026-09-10T03:18:26.2855835Z Download action repository 'actions/checkout@v4' (SHA:11d5960a326750d5838078e36cf38b85af677262)
2026-09-10T03:18:26.3963161Z Download action repository 'actions/setup-python@v5' (SHA:a26af69be951a213d495a4c3e4e4022e16d87065)
2026-09-10T03:18:26.5038088Z Download action repository 'actions/setup-node@v4' (SHA:49933ea5288caeca8642d1e84afbd3f7d6820020)
2026-09-10T03:18:26.6055831Z Download action repository 'actions/upload-artifact@v4' (SHA:ea165f8d65b6e75b540449e92b4886f43607fa02)
2026-09-10T03:18:26.8699344Z Complete job name: isolated
2026-09-10T03:18:26.9617432Z Node 20 is being deprecated. This workflow is running with Node 24 by default. If you need to temporarily use Node 20, you can set the ACTIONS_ALLOW_USE_UNSECURE_NODE_VERSION=true environment variable. For more information see: https://github.blog/changelog/2025-09-19-deprecation-of-node-20-on-github-actions-runners/
2026-09-10T03:18:26.9627146Z ##[group]Run actions/checkout@v4
2026-09-10T03:18:26.9627926Z with:
2026-09-10T03:18:26.9628432Z   ref: 2d538fb839509a0dd5604af6767c69988346e262
2026-09-10T03:18:26.9629059Z   path: tooling
2026-09-10T03:18:26.9629545Z   persist-credentials: false
2026-09-10T03:18:26.9630134Z   repository: yuguangzhi3836-glitch/GO
2026-09-10T03:18:26.9634991Z   token: ***
2026-09-10T03:18:26.9635557Z   ssh-strict: true
2026-09-10T03:18:26.9636051Z   ssh-user: git
2026-09-10T03:18:26.9636547Z   clean: true
2026-09-10T03:18:26.9637037Z   sparse-checkout-cone-mode: true
2026-09-10T03:18:26.9637602Z   fetch-depth: 1
2026-09-10T03:18:26.9638127Z   fetch-tags: false
2026-09-10T03:18:26.9638639Z   show-progress: true
2026-09-10T03:18:26.9639129Z   lfs: false
2026-09-10T03:18:26.9639577Z   submodules: false
2026-09-10T03:18:26.9640068Z   set-safe-directory: true
2026-09-10T03:18:26.9640621Z   allow-unsafe-pr-checkout: false
2026-09-10T03:18:26.9641457Z env:
2026-09-10T03:18:26.9642028Z   SEALED_CANDIDATE: ea2a51ddead6eaed472b1f301cbb8bfa96f67616
2026-09-10T03:18:26.9643039Z   EXPECTED_SOURCE_TREE: a67a70cd2442e67ece9c9b2795b049c6aea2ba4d882448b912eb7eb996d4459c
2026-09-10T03:18:26.9643913Z ##[endgroup]
2026-09-10T03:18:27.1030455Z Syncing repository: yuguangzhi3836-glitch/GO
2026-09-10T03:18:27.1035880Z ##[group]Getting Git version info
2026-09-10T03:18:27.1038232Z Working directory is '/home/runner/work/GO/GO/tooling'
2026-09-10T03:18:27.1042597Z [command]/usr/bin/git version
2026-09-10T03:18:27.1205416Z git version 2.55.0
2026-09-10T03:18:27.1230315Z ##[endgroup]
2026-09-10T03:18:27.1239794Z Temporarily overriding HOME='/home/runner/work/_temp/389c3840-66ae-40ce-907c-e2292f80967e' before making global git config changes
2026-09-10T03:18:27.1242622Z Adding repository directory to the temporary git global config as a safe directory
2026-09-10T03:18:27.1245535Z [command]/usr/bin/git config --global --add safe.directory /home/runner/work/GO/GO/tooling
2026-09-10T03:18:27.1294885Z ##[group]Initializing the repository
2026-09-10T03:18:27.1317857Z [command]/usr/bin/git init /home/runner/work/GO/GO/tooling
2026-09-10T03:18:27.1452675Z hint: Using 'master' as the name for the initial branch. This default branch name
2026-09-10T03:18:27.1455264Z hint: will change to "main" in Git 3.0. To configure the initial branch name
2026-09-10T03:18:27.1458023Z hint: to use in all of your new repositories, which will suppress this warning,
2026-09-10T03:18:27.1460415Z hint: call:
2026-09-10T03:18:27.1462620Z hint:
2026-09-10T03:18:27.1464133Z hint: 	git config --global init.defaultBranch <name>
2026-09-10T03:18:27.1466179Z hint:
2026-09-10T03:18:27.1469328Z hint: Names commonly chosen instead of 'master' are 'main', 'trunk' and
2026-09-10T03:18:27.1471730Z hint: 'development'. The just-created branch can be renamed via this command:
2026-09-10T03:18:27.1473375Z hint:
2026-09-10T03:18:27.1474971Z hint: 	git branch -m <name>
2026-09-10T03:18:27.1477840Z hint:
2026-09-10T03:18:27.1480188Z hint: Disable this message with "git config set advice.defaultBranchName false"
2026-09-10T03:18:27.1482971Z Initialized empty Git repository in /home/runner/work/GO/GO/tooling/.git/
2026-09-10T03:18:27.1488439Z [command]/usr/bin/git remote add origin https://github.com/yuguangzhi3836-glitch/GO
2026-09-10T03:18:27.1492489Z ##[endgroup]
2026-09-10T03:18:27.1494435Z ##[group]Disabling automatic garbage collection
2026-09-10T03:18:27.1498906Z [command]/usr/bin/git config --local gc.auto 0
2026-09-10T03:18:27.1603327Z ##[endgroup]
2026-09-10T03:18:27.1613194Z ##[group]Setting up auth
2026-09-10T03:18:27.1614953Z [command]/usr/bin/git config --local --name-only --get-regexp core\.sshCommand
2026-09-10T03:18:27.1653933Z [command]/usr/bin/git submodule foreach --recursive sh -c "git config --local --name-only --get-regexp 'core\.sshCommand' && git config --local --unset-all 'core.sshCommand' || :"
2026-09-10T03:18:27.2131095Z [command]/usr/bin/git config --local --name-only --get-regexp http\.https\:\/\/github\.com\/\.extraheader
2026-09-10T03:18:27.2217573Z [command]/usr/bin/git submodule foreach --recursive sh -c "git config --local --name-only --get-regexp 'http\.https\:\/\/github\.com\/\.extraheader' && git config --local --unset-all 'http.https://github.com/.extraheader' || :"
2026-09-10T03:18:27.2657510Z [command]/usr/bin/git config --local --name-only --get-regexp ^includeIf\.gitdir:
2026-09-10T03:18:27.2718504Z [command]/usr/bin/git submodule foreach --recursive git config --local --show-origin --name-only --get-regexp remote.origin.url
2026-09-10T03:18:27.3052102Z [command]/usr/bin/git config --local http.https://github.com/.extraheader AUTHORIZATION: basic ***
2026-09-10T03:18:27.3101563Z ##[endgroup]
2026-09-10T03:18:27.3103567Z ##[group]Fetching the repository
2026-09-10T03:18:27.3112459Z [command]/usr/bin/git -c protocol.version=2 fetch --no-tags --prune --no-recurse-submodules --depth=1 origin 2d538fb839509a0dd5604af6767c69988346e262
2026-09-10T03:18:31.9461067Z From https://github.com/yuguangzhi3836-glitch/GO
2026-09-10T03:18:31.9462427Z  * branch            2d538fb839509a0dd5604af6767c69988346e262 -> FETCH_HEAD
2026-09-10T03:18:31.9496003Z ##[endgroup]
2026-09-10T03:18:31.9528446Z ##[group]Determining the checkout info
2026-09-10T03:18:31.9529681Z ##[endgroup]
2026-09-10T03:18:31.9530651Z [command]/usr/bin/git sparse-checkout disable
2026-09-10T03:18:31.9556002Z [command]/usr/bin/git config --local --unset-all extensions.worktreeConfig
2026-09-10T03:18:31.9603877Z ##[group]Checking out the ref
2026-09-10T03:18:31.9615382Z [command]/usr/bin/git checkout --progress --force 2d538fb839509a0dd5604af6767c69988346e262
2026-09-10T03:18:32.3719290Z Note: switching to '2d538fb839509a0dd5604af6767c69988346e262'.
2026-09-10T03:18:32.3721635Z 
2026-09-10T03:18:32.3733290Z You are in 'detached HEAD' state. You can look around, make experimental
2026-09-10T03:18:32.3734556Z changes and commit them, and you can discard any commits you make in this
2026-09-10T03:18:32.3755655Z state without impacting any branches by switching back to a branch.
2026-09-10T03:18:32.3756492Z 
2026-09-10T03:18:32.3760662Z If you want to create a new branch to retain commits you create, you may
2026-09-10T03:18:32.3785630Z do so (now or later) by using -c with the switch command. Example:
2026-09-10T03:18:32.3791150Z 
2026-09-10T03:18:32.3804998Z   git switch -c <new-branch-name>
2026-09-10T03:18:32.3821028Z 
2026-09-10T03:18:32.3821650Z Or undo this operation with:
2026-09-10T03:18:32.3822133Z 
2026-09-10T03:18:32.3822443Z   git switch -
2026-09-10T03:18:32.3823080Z 
2026-09-10T03:18:32.3826868Z Turn off this advice by setting config variable advice.detachedHead to false
2026-09-10T03:18:32.3828056Z 
2026-09-10T03:18:32.3828860Z HEAD is now at 2d538fb Prepare isolated DEPTH33 acceptance with frozen parent chain and refund regression evidence
2026-09-10T03:18:32.3832392Z ##[endgroup]
2026-09-10T03:18:32.3882245Z [command]/usr/bin/git log -1 --format=%H
2026-09-10T03:18:32.3917510Z 2d538fb839509a0dd5604af6767c69988346e262
2026-09-10T03:18:32.3928959Z ##[group]Removing auth
2026-09-10T03:18:32.3943362Z [command]/usr/bin/git config --local --name-only --get-regexp core\.sshCommand
2026-09-10T03:18:32.3997776Z [command]/usr/bin/git submodule foreach --recursive sh -c "git config --local --name-only --get-regexp 'core\.sshCommand' && git config --local --unset-all 'core.sshCommand' || :"
2026-09-10T03:18:32.4286957Z [command]/usr/bin/git config --local --name-only --get-regexp http\.https\:\/\/github\.com\/\.extraheader
2026-09-10T03:18:32.4322582Z http.https://github.com/.extraheader
2026-09-10T03:18:32.4331229Z [command]/usr/bin/git config --local --unset-all http.https://github.com/.extraheader
2026-09-10T03:18:32.4377408Z [command]/usr/bin/git submodule foreach --recursive sh -c "git config --local --name-only --get-regexp 'http\.https\:\/\/github\.com\/\.extraheader' && git config --local --unset-all 'http.https://github.com/.extraheader' || :"
2026-09-10T03:18:32.4685699Z [command]/usr/bin/git config --local --name-only --get-regexp ^includeIf\.gitdir:
2026-09-10T03:18:32.4719074Z [command]/usr/bin/git submodule foreach --recursive git config --local --show-origin --name-only --get-regexp remote.origin.url
2026-09-10T03:18:32.5033918Z ##[endgroup]
2026-09-10T03:18:32.5319903Z Node 20 is being deprecated. This workflow is running with Node 24 by default. If you need to temporarily use Node 20, you can set the ACTIONS_ALLOW_USE_UNSECURE_NODE_VERSION=true environment variable. For more information see: https://github.blog/changelog/2025-09-19-deprecation-of-node-20-on-github-actions-runners/
2026-09-10T03:18:32.5322005Z ##[group]Run actions/checkout@v4
2026-09-10T03:18:32.5322271Z with:
2026-09-10T03:18:32.5322527Z   ref: ea2a51ddead6eaed472b1f301cbb8bfa96f67616
2026-09-10T03:18:32.5322836Z   path: candidate
2026-09-10T03:18:32.5323066Z   persist-credentials: false
2026-09-10T03:18:32.5323339Z   repository: yuguangzhi3836-glitch/GO
2026-09-10T03:18:32.5326441Z   token: ***
2026-09-10T03:18:32.5326675Z   ssh-strict: true
2026-09-10T03:18:32.5326898Z   ssh-user: git
2026-09-10T03:18:32.5327101Z   clean: true
2026-09-10T03:18:32.5327327Z   sparse-checkout-cone-mode: true
2026-09-10T03:18:32.5327591Z   fetch-depth: 1
2026-09-10T03:18:32.5327860Z   fetch-tags: false
2026-09-10T03:18:32.5328085Z   show-progress: true
2026-09-10T03:18:32.5328302Z   lfs: false
2026-09-10T03:18:32.5328503Z   submodules: false
2026-09-10T03:18:32.5328721Z   set-safe-directory: true
2026-09-10T03:18:32.5328976Z   allow-unsafe-pr-checkout: false
2026-09-10T03:18:32.5329231Z env:
2026-09-10T03:18:32.5329502Z   SEALED_CANDIDATE: ea2a51ddead6eaed472b1f301cbb8bfa96f67616
2026-09-10T03:18:32.5330254Z   EXPECTED_SOURCE_TREE: a67a70cd2442e67ece9c9b2795b049c6aea2ba4d882448b912eb7eb996d4459c
2026-09-10T03:18:32.5330697Z ##[endgroup]
2026-09-10T03:18:32.6365543Z Syncing repository: yuguangzhi3836-glitch/GO
2026-09-10T03:18:32.6366848Z ##[group]Getting Git version info
2026-09-10T03:18:32.6367669Z Working directory is '/home/runner/work/GO/GO/candidate'
2026-09-10T03:18:32.6407524Z [command]/usr/bin/git version
2026-09-10T03:18:32.6476587Z git version 2.55.0
2026-09-10T03:18:32.6538470Z ##[endgroup]
2026-09-10T03:18:32.6541611Z Temporarily overriding HOME='/home/runner/work/_temp/1bbbe860-32ee-4fb0-9157-ceb692120558' before making global git config changes
2026-09-10T03:18:32.6543090Z Adding repository directory to the temporary git global config as a safe directory
2026-09-10T03:18:32.6544304Z [command]/usr/bin/git config --global --add safe.directory /home/runner/work/GO/GO/candidate
2026-09-10T03:18:32.6619410Z ##[group]Initializing the repository
2026-09-10T03:18:32.6620411Z [command]/usr/bin/git init /home/runner/work/GO/GO/candidate
2026-09-10T03:18:32.6709064Z hint: Using 'master' as the name for the initial branch. This default branch name
2026-09-10T03:18:32.6746153Z hint: will change to "main" in Git 3.0. To configure the initial branch name
2026-09-10T03:18:32.6765655Z hint: to use in all of your new repositories, which will suppress this warning,
2026-09-10T03:18:32.6777523Z hint: call:
2026-09-10T03:18:32.6825504Z hint:
2026-09-10T03:18:32.6848887Z hint: 	git config --global init.defaultBranch <name>
2026-09-10T03:18:32.6861531Z hint:
2026-09-10T03:18:32.6876188Z hint: Names commonly chosen instead of 'master' are 'main', 'trunk' and
2026-09-10T03:18:32.6877313Z hint: 'development'. The just-created branch can be renamed via this command:
2026-09-10T03:18:32.6878248Z hint:
2026-09-10T03:18:32.6878836Z hint: 	git branch -m <name>
2026-09-10T03:18:32.6880395Z hint:
2026-09-10T03:18:32.6881138Z hint: Disable this message with "git config set advice.defaultBranchName false"
2026-09-10T03:18:32.6882354Z Initialized empty Git repository in /home/runner/work/GO/GO/candidate/.git/
2026-09-10T03:18:32.6884881Z [command]/usr/bin/git remote add origin https://github.com/yuguangzhi3836-glitch/GO
2026-09-10T03:18:32.6886960Z ##[endgroup]
2026-09-10T03:18:32.6887744Z ##[group]Disabling automatic garbage collection
2026-09-10T03:18:32.6888493Z [command]/usr/bin/git config --local gc.auto 0
2026-09-10T03:18:32.6890203Z ##[endgroup]
2026-09-10T03:18:32.6890930Z ##[group]Setting up auth
2026-09-10T03:18:32.6891724Z [command]/usr/bin/git config --local --name-only --get-regexp core\.sshCommand
2026-09-10T03:18:32.6967907Z [command]/usr/bin/git submodule foreach --recursive sh -c "git config --local --name-only --get-regexp 'core\.sshCommand' && git config --local --unset-all 'core.sshCommand' || :"
2026-09-10T03:18:32.7408924Z [command]/usr/bin/git config --local --name-only --get-regexp http\.https\:\/\/github\.com\/\.extraheader
2026-09-10T03:18:32.7484558Z [command]/usr/bin/git submodule foreach --recursive sh -c "git config --local --name-only --get-regexp 'http\.https\:\/\/github\.com\/\.extraheader' && git config --local --unset-all 'http.https://github.com/.extraheader' || :"
2026-09-10T03:18:32.8026843Z [command]/usr/bin/git config --local --name-only --get-regexp ^includeIf\.gitdir:
2026-09-10T03:18:32.8120399Z [command]/usr/bin/git submodule foreach --recursive git config --local --show-origin --name-only --get-regexp remote.origin.url
2026-09-10T03:18:32.8585321Z [command]/usr/bin/git config --local http.https://github.com/.extraheader AUTHORIZATION: basic ***
2026-09-10T03:18:32.8665814Z ##[endgroup]
2026-09-10T03:18:32.8666945Z ##[group]Fetching the repository
2026-09-10T03:18:32.8676714Z [command]/usr/bin/git -c protocol.version=2 fetch --no-tags --prune --no-recurse-submodules --depth=1 origin ea2a51ddead6eaed472b1f301cbb8bfa96f67616
2026-09-10T03:18:38.0980816Z From https://github.com/yuguangzhi3836-glitch/GO
2026-09-10T03:18:38.0981780Z  * branch            ea2a51ddead6eaed472b1f301cbb8bfa96f67616 -> FETCH_HEAD
2026-09-10T03:18:38.0994276Z ##[endgroup]
2026-09-10T03:18:38.0996035Z ##[group]Determining the checkout info
2026-09-10T03:18:38.0996918Z ##[endgroup]
2026-09-10T03:18:38.0999827Z [command]/usr/bin/git sparse-checkout disable
2026-09-10T03:18:38.1055352Z [command]/usr/bin/git config --local --unset-all extensions.worktreeConfig
2026-09-10T03:18:38.1111612Z ##[group]Checking out the ref
2026-09-10T03:18:38.1116543Z [command]/usr/bin/git checkout --progress --force ea2a51ddead6eaed472b1f301cbb8bfa96f67616
2026-09-10T03:18:38.5229334Z Note: switching to 'ea2a51ddead6eaed472b1f301cbb8bfa96f67616'.
2026-09-10T03:18:38.5230210Z 
2026-09-10T03:18:38.5316605Z You are in 'detached HEAD' state. You can look around, make experimental
2026-09-10T03:18:38.5317835Z changes and commit them, and you can discard any commits you make in this
2026-09-10T03:18:38.5319446Z state without impacting any branches by switching back to a branch.
2026-09-10T03:18:38.5320042Z 
2026-09-10T03:18:38.5325625Z If you want to create a new branch to retain commits you create, you may
2026-09-10T03:18:38.5326691Z do so (now or later) by using -c with the switch command. Example:
2026-09-10T03:18:38.5329243Z 
2026-09-10T03:18:38.5329461Z   git switch -c <new-branch-name>
2026-09-10T03:18:38.5329763Z 
2026-09-10T03:18:38.5329937Z Or undo this operation with:
2026-09-10T03:18:38.5330196Z 
2026-09-10T03:18:38.5330348Z   git switch -
2026-09-10T03:18:38.5330551Z 
2026-09-10T03:18:38.5330894Z Turn off this advice by setting config variable advice.detachedHead to false
2026-09-10T03:18:38.5331402Z 
2026-09-10T03:18:38.5331880Z HEAD is now at ea2a51d Archive DEPTH33 mobility refund consent and durable ride recovery candidate
2026-09-10T03:18:38.5399351Z ##[endgroup]
2026-09-10T03:18:38.5418934Z [command]/usr/bin/git log -1 --format=%H
2026-09-10T03:18:38.5458267Z ea2a51ddead6eaed472b1f301cbb8bfa96f67616
2026-09-10T03:18:38.5480288Z ##[group]Removing auth
2026-09-10T03:18:38.5485423Z [command]/usr/bin/git config --local --name-only --get-regexp core\.sshCommand
2026-09-10T03:18:38.5556668Z [command]/usr/bin/git submodule foreach --recursive sh -c "git config --local --name-only --get-regexp 'core\.sshCommand' && git config --local --unset-all 'core.sshCommand' || :"
2026-09-10T03:18:38.5839856Z [command]/usr/bin/git config --local --name-only --get-regexp http\.https\:\/\/github\.com\/\.extraheader
2026-09-10T03:18:38.5915440Z http.https://github.com/.extraheader
2026-09-10T03:18:38.5916850Z [command]/usr/bin/git config --local --unset-all http.https://github.com/.extraheader
2026-09-10T03:18:38.5968750Z [command]/usr/bin/git submodule foreach --recursive sh -c "git config --local --name-only --get-regexp 'http\.https\:\/\/github\.com\/\.extraheader' && git config --local --unset-all 'http.https://github.com/.extraheader' || :"
2026-09-10T03:18:38.6260948Z [command]/usr/bin/git config --local --name-only --get-regexp ^includeIf\.gitdir:
2026-09-10T03:18:38.6387936Z [command]/usr/bin/git submodule foreach --recursive git config --local --show-origin --name-only --get-regexp remote.origin.url
2026-09-10T03:18:38.6659591Z ##[endgroup]
2026-09-10T03:18:38.6850819Z Node 20 is being deprecated. This workflow is running with Node 24 by default. If you need to temporarily use Node 20, you can set the ACTIONS_ALLOW_USE_UNSECURE_NODE_VERSION=true environment variable. For more information see: https://github.blog/changelog/2025-09-19-deprecation-of-node-20-on-github-actions-runners/
2026-09-10T03:18:38.6852040Z ##[group]Run actions/setup-python@v5
2026-09-10T03:18:38.6852309Z with:
2026-09-10T03:18:38.6852539Z   python-version: 3.13.5
2026-09-10T03:18:38.6852785Z   check-latest: false
2026-09-10T03:18:38.6855833Z   token: ***
2026-09-10T03:18:38.6856064Z   update-environment: true
2026-09-10T03:18:38.6856317Z   allow-prereleases: false
2026-09-10T03:18:38.6856547Z   freethreaded: false
2026-09-10T03:18:38.6856773Z env:
2026-09-10T03:18:38.6857042Z   SEALED_CANDIDATE: ea2a51ddead6eaed472b1f301cbb8bfa96f67616
2026-09-10T03:18:38.6857779Z   EXPECTED_SOURCE_TREE: a67a70cd2442e67ece9c9b2795b049c6aea2ba4d882448b912eb7eb996d4459c
2026-09-10T03:18:38.6858246Z ##[endgroup]
2026-09-10T03:18:38.8358510Z ##[group]Installed versions
2026-09-10T03:18:38.8370770Z Version 3.13.5 was not found in the local cache
2026-09-10T03:18:38.8482693Z (node:2024) [DEP0040] DeprecationWarning: The `punycode` module is deprecated. Please use a userland alternative instead.
2026-09-10T03:18:38.8484284Z (Use `node --trace-deprecation ...` to show where the warning was created)
2026-09-10T03:18:39.6549315Z Version 3.13.5 is available for downloading
2026-09-10T03:18:39.6550504Z Download from "https://github.com/actions/python-versions/releases/download/3.13.5-15601068749/python-3.13.5-linux-22.04-x64.tar.gz"
2026-09-10T03:18:41.2211230Z Extract downloaded archive
2026-09-10T03:18:41.2388997Z [command]/usr/bin/tar xz --warning=no-unknown-keyword --overwrite -C /home/runner/work/_temp/247838d5-64fd-4fe7-bb79-c849025807ba -f /home/runner/work/_temp/e6141cf6-e1c3-4fb0-b266-4d370649e597
2026-09-10T03:18:43.8367289Z Execute installation script
2026-09-10T03:18:43.8522769Z Check if Python hostedtoolcache folder exist...
2026-09-10T03:18:43.8536321Z Create Python 3.13.5 folder
2026-09-10T03:18:43.8549626Z Copy Python binaries to hostedtoolcache folder
2026-09-10T03:18:44.7925325Z Create additional symlinks (Required for the UsePythonVersion Azure Pipelines task and the setup-python GitHub Action)
2026-09-10T03:18:44.8000823Z Upgrading pip...
2026-09-10T03:18:47.6594986Z Looking in links: /tmp/tmp2lrd2vy1
2026-09-10T03:18:47.6596291Z Requirement already satisfied: pip in /opt/hostedtoolcache/Python/3.13.5/x64/lib/python3.13/site-packages (25.1.1)
2026-09-10T03:18:48.8333015Z Collecting pip
2026-09-10T03:18:48.8834545Z Downloading pip-26.2.1-py3-none-any.whl.metadata (4.6 kB)
2026-09-10T03:18:48.9050751Z Downloading pip-26.2.1-py3-none-any.whl (1.8 MB)
2026-09-10T03:18:48.9833528Z ━━━━━━━━━━━━━━━━━━━━━━━━━━━━━━━━━━━━━━━━ 1.8/1.8 MB 37.1 MB/s eta 0:00:00
2026-09-10T03:18:48.9834495Z 
2026-09-10T03:18:49.0018351Z Installing collected packages: pip
2026-09-10T03:18:49.0025839Z Attempting uninstall: pip
2026-09-10T03:18:49.0065535Z Found existing installation: pip 25.1.1
2026-09-10T03:18:49.0402931Z Uninstalling pip-25.1.1:
2026-09-10T03:18:49.0466579Z Successfully uninstalled pip-25.1.1
2026-09-10T03:18:50.0626916Z Successfully installed pip-26.2.1
2026-09-10T03:18:50.1221222Z Create complete file
2026-09-10T03:18:50.1267670Z Successfully set up CPython (3.13.5)
2026-09-10T03:18:50.1268674Z ##[endgroup]
2026-09-10T03:18:50.1538136Z Node 20 is being deprecated. This workflow is running with Node 24 by default. If you need to temporarily use Node 20, you can set the ACTIONS_ALLOW_USE_UNSECURE_NODE_VERSION=true environment variable. For more information see: https://github.blog/changelog/2025-09-19-deprecation-of-node-20-on-github-actions-runners/
2026-09-10T03:18:50.1539374Z ##[group]Run actions/setup-node@v4
2026-09-10T03:18:50.1539634Z with:
2026-09-10T03:18:50.1539860Z   node-version: 22.22.0
2026-09-10T03:18:50.1540090Z   always-auth: false
2026-09-10T03:18:50.1540309Z   check-latest: false
2026-09-10T03:18:50.1542934Z   token: ***
2026-09-10T03:18:50.1543136Z env:
2026-09-10T03:18:50.1543407Z   SEALED_CANDIDATE: ea2a51ddead6eaed472b1f301cbb8bfa96f67616
2026-09-10T03:18:50.1543912Z   EXPECTED_SOURCE_TREE: a67a70cd2442e67ece9c9b2795b049c6aea2ba4d882448b912eb7eb996d4459c
2026-09-10T03:18:50.1544410Z   pythonLocation: /opt/hostedtoolcache/Python/3.13.5/x64
2026-09-10T03:18:50.1545196Z   PKG_CONFIG_PATH: /opt/hostedtoolcache/Python/3.13.5/x64/lib/pkgconfig
2026-09-10T03:18:50.1545633Z   Python_ROOT_DIR: /opt/hostedtoolcache/Python/3.13.5/x64
2026-09-10T03:18:50.1546009Z   Python2_ROOT_DIR: /opt/hostedtoolcache/Python/3.13.5/x64
2026-09-10T03:18:50.1546372Z   Python3_ROOT_DIR: /opt/hostedtoolcache/Python/3.13.5/x64
2026-09-10T03:18:50.1546742Z   LD_LIBRARY_PATH: /opt/hostedtoolcache/Python/3.13.5/x64/lib
2026-09-10T03:18:50.1547066Z ##[endgroup]
2026-09-10T03:18:50.3143630Z Attempting to download 22.22.0...
2026-09-10T03:18:50.3254240Z (node:2073) [DEP0040] DeprecationWarning: The `punycode` module is deprecated. Please use a userland alternative instead.
2026-09-10T03:18:50.3257484Z (Use `node --trace-deprecation ...` to show where the warning was created)
2026-09-10T03:18:51.0792726Z Acquiring 22.22.0 - x64 from https://github.com/actions/node-versions/releases/download/22.22.0-20981702931/node-22.22.0-linux-x64.tar.gz
2026-09-10T03:18:51.7802279Z Extracting ...
2026-09-10T03:18:51.7952777Z [command]/usr/bin/tar xz --strip 1 --warning=no-unknown-keyword --overwrite -C /home/runner/work/_temp/3a6fcfd1-3574-42ae-bc1c-17b387dd4151 -f /home/runner/work/_temp/6487c889-a76f-41fe-bb43-bdfb0b5f4b49
2026-09-10T03:18:53.2414225Z Adding to the cache ...
2026-09-10T03:18:56.2190138Z ##[group]Environment details
2026-09-10T03:18:56.5586217Z node: v22.22.0
2026-09-10T03:18:56.5586927Z npm: 10.9.4
2026-09-10T03:18:56.5587211Z yarn: 1.22.22
2026-09-10T03:18:56.5587914Z ##[endgroup]
2026-09-10T03:18:56.5794077Z ##[group]Run mkdir -p evidence
2026-09-10T03:18:56.5794458Z [36;1mmkdir -p evidence[0m
2026-09-10T03:18:56.5795181Z [36;1mgit -C candidate rev-parse HEAD | tee evidence/candidate-commit.txt[0m
2026-09-10T03:18:56.5795696Z [36;1mtest "$(git -C candidate rev-parse HEAD)" = "$SEALED_CANDIDATE"[0m
2026-09-10T03:18:56.5796762Z [36;1mpython -c 'import hashlib,json,pathlib;p=pathlib.Path("candidate/deliverables/CP11_DEPTH33_MOBILITY_REFUND_20260910");m=json.loads((p/"MANIFEST.json").read_text());assert hashlib.sha256((p/"DELTA.json").read_bytes()).hexdigest()==m["delta_sha256"]'[0m
2026-09-10T03:18:56.6113074Z shell: /usr/bin/bash --noprofile --norc -e -o pipefail {0}
2026-09-10T03:18:56.6113450Z env:
2026-09-10T03:18:56.6113749Z   SEALED_CANDIDATE: ea2a51ddead6eaed472b1f301cbb8bfa96f67616
2026-09-10T03:18:56.6114248Z   EXPECTED_SOURCE_TREE: a67a70cd2442e67ece9c9b2795b049c6aea2ba4d882448b912eb7eb996d4459c
2026-09-10T03:18:56.6115127Z   pythonLocation: /opt/hostedtoolcache/Python/3.13.5/x64
2026-09-10T03:18:56.6115567Z   PKG_CONFIG_PATH: /opt/hostedtoolcache/Python/3.13.5/x64/lib/pkgconfig
2026-09-10T03:18:56.6115993Z   Python_ROOT_DIR: /opt/hostedtoolcache/Python/3.13.5/x64
2026-09-10T03:18:56.6116360Z   Python2_ROOT_DIR: /opt/hostedtoolcache/Python/3.13.5/x64
2026-09-10T03:18:56.6116724Z   Python3_ROOT_DIR: /opt/hostedtoolcache/Python/3.13.5/x64
2026-09-10T03:18:56.6117094Z   LD_LIBRARY_PATH: /opt/hostedtoolcache/Python/3.13.5/x64/lib
2026-09-10T03:18:56.6117432Z ##[endgroup]
2026-09-10T03:18:56.6302673Z ea2a51ddead6eaed472b1f301cbb8bfa96f67616
2026-09-10T03:18:56.6670528Z ##[group]Run python tooling/ci/depth33/materialize_parent.py \
2026-09-10T03:18:56.6671029Z [36;1mpython tooling/ci/depth33/materialize_parent.py \[0m
2026-09-10T03:18:56.6671464Z [36;1m  --depth26 candidate/deliverables/CP11_DEPTH26_20260909 \[0m
2026-09-10T03:18:56.6671897Z [36;1m  --depth27 candidate/deliverables/CP11_DEPTH27_20260909 \[0m
2026-09-10T03:18:56.6672350Z [36;1m  --depth28 candidate/deliverables/CP11_DEPTH28_V14_INTEGRATION_20260909 \[0m
2026-09-10T03:18:56.6672925Z [36;1m  --output "$GITHUB_WORKSPACE/restored-parent" | tee evidence/parent-restore.log[0m
2026-09-10T03:18:56.6673518Z [36;1mpython candidate/deliverables/CP11_DEPTH29_TRIP_REENTRY_20260909/restore_depth29.py \[0m
2026-09-10T03:18:56.6674037Z [36;1m  --parent "$GITHUB_WORKSPACE/restored-parent" \[0m
2026-09-10T03:18:56.6674502Z [36;1m  --output "$GITHUB_WORKSPACE/restored-depth29" | tee evidence/depth29-restore.log[0m
2026-09-10T03:18:56.6675899Z [36;1mpython candidate/deliverables/CP11_DEPTH30_NATIVE_PAYMENT_20260909/restore_depth30.py \[0m
2026-09-10T03:18:56.6676406Z [36;1m  --parent "$GITHUB_WORKSPACE/restored-depth29" \[0m
2026-09-10T03:18:56.6676867Z [36;1m  --output "$GITHUB_WORKSPACE/restored-depth30" | tee evidence/depth30-restore.log[0m
2026-09-10T03:18:56.6677448Z [36;1mpython candidate/deliverables/CP11_DEPTH31_CONSENT_DIRECT_20260910/restore_delta.py \[0m
2026-09-10T03:18:56.6677923Z [36;1m  --parent "$GITHUB_WORKSPACE/restored-depth30" \[0m
2026-09-10T03:18:56.6678572Z [36;1m  --package candidate/deliverables/CP11_DEPTH31_CONSENT_DIRECT_20260910 \[0m
2026-09-10T03:18:56.6679110Z [36;1m  --output "$GITHUB_WORKSPACE/restored-depth31" | tee evidence/depth31-restore.log[0m
2026-09-10T03:18:56.6679717Z [36;1mpython candidate/deliverables/CP11_DEPTH32R2_CHANGE_TERMS_REFUND_20260910/restore_delta.py \[0m
2026-09-10T03:18:56.6680223Z [36;1m  --parent "$GITHUB_WORKSPACE/restored-depth31" \[0m
2026-09-10T03:18:56.6680668Z [36;1m  --package candidate/deliverables/CP11_DEPTH32R2_CHANGE_TERMS_REFUND_20260910 \[0m
2026-09-10T03:18:56.6681241Z [36;1m  --output "$GITHUB_WORKSPACE/restored-depth32r2" | tee evidence/depth32r2-restore.log[0m
2026-09-10T03:18:56.6681823Z [36;1mpython candidate/deliverables/CP11_DEPTH33_MOBILITY_REFUND_20260910/restore_delta.py \[0m
2026-09-10T03:18:56.6682303Z [36;1m  --parent "$GITHUB_WORKSPACE/restored-depth32r2" \[0m
2026-09-10T03:18:56.6682744Z [36;1m  --package candidate/deliverables/CP11_DEPTH33_MOBILITY_REFUND_20260910 \[0m
2026-09-10T03:18:56.6683235Z [36;1m  --output "$GITHUB_WORKSPACE/restored" | tee evidence/restore.log[0m
2026-09-10T03:18:56.6762483Z shell: /usr/bin/bash --noprofile --norc -e -o pipefail {0}
2026-09-10T03:18:56.6762833Z env:
2026-09-10T03:18:56.6763125Z   SEALED_CANDIDATE: ea2a51ddead6eaed472b1f301cbb8bfa96f67616
2026-09-10T03:18:56.6763638Z   EXPECTED_SOURCE_TREE: a67a70cd2442e67ece9c9b2795b049c6aea2ba4d882448b912eb7eb996d4459c
2026-09-10T03:18:56.6764184Z   pythonLocation: /opt/hostedtoolcache/Python/3.13.5/x64
2026-09-10T03:18:56.6764599Z   PKG_CONFIG_PATH: /opt/hostedtoolcache/Python/3.13.5/x64/lib/pkgconfig
2026-09-10T03:18:56.6765255Z   Python_ROOT_DIR: /opt/hostedtoolcache/Python/3.13.5/x64
2026-09-10T03:18:56.6765630Z   Python2_ROOT_DIR: /opt/hostedtoolcache/Python/3.13.5/x64
2026-09-10T03:18:56.6766001Z   Python3_ROOT_DIR: /opt/hostedtoolcache/Python/3.13.5/x64
2026-09-10T03:18:56.6766372Z   LD_LIBRARY_PATH: /opt/hostedtoolcache/Python/3.13.5/x64/lib
2026-09-10T03:18:56.6766710Z ##[endgroup]
2026-09-10T03:18:57.4974624Z {
2026-09-10T03:18:57.4975455Z   "restored_files_verified": 1081,
2026-09-10T03:18:57.4975925Z   "parent_files_verified": 1077,
2026-09-10T03:18:57.4976624Z   "source_tree_sha256": "7f8be7894c15f42e311610cccaaf8590402cd9ae1facca77956379a5aec43952",
2026-09-10T03:18:57.4977586Z   "delta_sha256": "f95e9541757f0051815373611b0230ee1bcc58201a451e6b99261754110e98ab",
2026-09-10T03:18:57.4978345Z   "output": "/tmp/go-offline-lineage-ksfmcrg0/depth27",
2026-09-10T03:18:57.4979272Z   "FINAL_RELEASE_GATE": "HOLD"
2026-09-10T03:18:57.4979635Z }
2026-09-10T03:18:57.8251431Z {
2026-09-10T03:18:57.8252600Z   "restored_files_verified": 1093,
2026-09-10T03:18:57.8253431Z   "parent_files_verified": 1081,
2026-09-10T03:18:57.8259132Z   "source_tree_sha256": "3a8440e2d74e1dc4f86509686968683f98bec4b78c9f0ca0e43a02dedeac285f",
2026-09-10T03:18:57.8260489Z   "delta_sha256": "98f006935a421b99aa4ea35c1f43ec0186b04bfc262e01b46f3d4f341d13a109",
2026-09-10T03:18:57.8261519Z   "output": "/home/runner/work/GO/GO/restored-parent",
2026-09-10T03:18:57.8267584Z   "FINAL_RELEASE_GATE": "HOLD"
2026-09-10T03:18:57.8268307Z }
2026-09-10T03:18:57.9632985Z {"verified_files": 1093, "result": "PASS", "scope": "offline archive materialization only", "independent_ci": false, "release_gate": "HOLD"}
2026-09-10T03:18:58.3072233Z {
2026-09-10T03:18:58.3073331Z   "parent_files_verified": 1201,
2026-09-10T03:18:58.3074115Z   "restored_files_verified": 1207,
2026-09-10T03:18:58.3075281Z   "source_tree_sha256": "ffcea37a3d2ce626026571c1d16eb7be190bd1b048b6b8dfd0d6c8164f2b556c",
2026-09-10T03:18:58.3076445Z   "delta_sha256": "df32a08b8e330e36c95a53d576bad00f22203cfec566145dd830856d2da5540b",
2026-09-10T03:18:58.3077376Z   "scope": "offline source materialization only",
2026-09-10T03:18:58.3078025Z   "independent_ci": false,
2026-09-10T03:18:58.3078595Z   "FINAL_RELEASE_GATE": "HOLD"
2026-09-10T03:18:58.3079107Z }
2026-09-10T03:18:58.6417349Z {
2026-09-10T03:18:58.6418478Z   "parent_files_verified": 1207,
2026-09-10T03:18:58.6419499Z   "restored_files_verified": 1222,
2026-09-10T03:18:58.6420628Z   "source_tree_sha256": "f576c976bfe8f34d3182ba232fe1290c374346106c602a4fffe4935366f7a961",
2026-09-10T03:18:58.6421897Z   "delta_sha256": "6803c349f241feae33a879d91243bc6bb1ff23c77701f98d69a0ec06d9b5d107",
2026-09-10T03:18:58.6430197Z   "scope": "offline source materialization only",
2026-09-10T03:18:58.6431010Z   "independent_ci": false,
2026-09-10T03:18:58.6431676Z   "FINAL_RELEASE_GATE": "HOLD"
2026-09-10T03:18:58.6432264Z }
2026-09-10T03:18:59.0125819Z {"verified_files": 1232, "source_tree_sha256": "2b9095df2e9a58f8f5ac6861c514163cbbc9e135def204c4e2d5edb65b3f68e0", "parent_verified_files": 1222, "changed_files": 28, "environment": "offline restoration only", "release_gate": "HOLD"}
2026-09-10T03:18:59.3502580Z {"verified_files": 1236, "source_tree_sha256": "a309bdda03e0621a7be5622463a92bcfe728238f28c4ea6c212c6be43c875c11", "parent_verified_files": 1232, "changed_files": 11, "environment": "offline restoration only", "release_gate": "HOLD"}
2026-09-10T03:18:59.7150322Z {"verified_files": 1239, "source_tree_sha256": "a67a70cd2442e67ece9c9b2795b049c6aea2ba4d882448b912eb7eb996d4459c", "parent_verified_files": 1236, "changed_files": 9, "environment": "offline restoration only", "release_gate": "HOLD"}
2026-09-10T03:18:59.7257953Z ##[group]Run python tooling/ci/depth33/dependencies.py --repository candidate --output dependencies | tee evidence/dependencies.json
2026-09-10T03:18:59.7258907Z [36;1mpython tooling/ci/depth33/dependencies.py --repository candidate --output dependencies | tee evidence/dependencies.json[0m
2026-09-10T03:18:59.7259486Z [36;1mpython -m venv isolated-runtime[0m
2026-09-10T03:18:59.7260138Z [36;1misolated-runtime/bin/python -m pip install --no-index --no-deps --find-links dependencies/wheelhouse -r tooling/ci/depth33/requirements.lock[0m
2026-09-10T03:18:59.7260885Z [36;1misolated-runtime/bin/python -m pip freeze > evidence/pip-freeze.txt[0m
2026-09-10T03:18:59.7338383Z shell: /usr/bin/bash --noprofile --norc -e -o pipefail {0}
2026-09-10T03:18:59.7338761Z env:
2026-09-10T03:18:59.7339035Z   SEALED_CANDIDATE: ea2a51ddead6eaed472b1f301cbb8bfa96f67616
2026-09-10T03:18:59.7339536Z   EXPECTED_SOURCE_TREE: a67a70cd2442e67ece9c9b2795b049c6aea2ba4d882448b912eb7eb996d4459c
2026-09-10T03:18:59.7340086Z   pythonLocation: /opt/hostedtoolcache/Python/3.13.5/x64
2026-09-10T03:18:59.7340502Z   PKG_CONFIG_PATH: /opt/hostedtoolcache/Python/3.13.5/x64/lib/pkgconfig
2026-09-10T03:18:59.7340920Z   Python_ROOT_DIR: /opt/hostedtoolcache/Python/3.13.5/x64
2026-09-10T03:18:59.7341289Z   Python2_ROOT_DIR: /opt/hostedtoolcache/Python/3.13.5/x64
2026-09-10T03:18:59.7341665Z   Python3_ROOT_DIR: /opt/hostedtoolcache/Python/3.13.5/x64
2026-09-10T03:18:59.7342041Z   LD_LIBRARY_PATH: /opt/hostedtoolcache/Python/3.13.5/x64/lib
2026-09-10T03:18:59.7342375Z ##[endgroup]
2026-09-10T03:19:00.0143194Z {"archive_sha256": "b13a76ab9351f81da70e8e2c8873c20141abe953cd3f96aeb181ef86a34b58dd", "verified_wheels": 37, "source": "pinned GO repository ci/dependency_parts only", "application_source_restored": false}
2026-09-10T03:19:03.3456757Z Looking in links: dependencies/wheelhouse
2026-09-10T03:19:03.3556680Z Processing ./dependencies/wheelhouse/alembic-1.16.5-py3-none-any.whl (from -r tooling/ci/depth33/requirements.lock (line 1))
2026-09-10T03:19:03.3610832Z Processing ./dependencies/wheelhouse/annotated_doc-0.0.4-py3-none-any.whl (from -r tooling/ci/depth33/requirements.lock (line 2))
2026-09-10T03:19:03.3639708Z Processing ./dependencies/wheelhouse/annotated_types-0.7.0-py3-none-any.whl (from -r tooling/ci/depth33/requirements.lock (line 3))
2026-09-10T03:19:03.3671874Z Processing ./dependencies/wheelhouse/anyio-4.13.0-py3-none-any.whl (from -r tooling/ci/depth33/requirements.lock (line 4))
2026-09-10T03:19:03.3712788Z Processing ./dependencies/wheelhouse/certifi-2026.5.20-py3-none-any.whl (from -r tooling/ci/depth33/requirements.lock (line 5))
2026-09-10T03:19:03.3738919Z Processing ./dependencies/wheelhouse/cffi-2.0.0-cp313-cp313-manylinux_2_17_x86_64.whl (from -r tooling/ci/depth33/requirements.lock (line 6))
2026-09-10T03:19:03.3766851Z Processing ./dependencies/wheelhouse/click-8.5.0-py3-none-any.whl (from -r tooling/ci/depth33/requirements.lock (line 7))
2026-09-10T03:19:03.3799741Z Processing ./dependencies/wheelhouse/cryptography-46.0.4-cp311-abi3-manylinux_2_34_x86_64.whl (from -r tooling/ci/depth33/requirements.lock (line 8))
2026-09-10T03:19:03.3920773Z Processing ./dependencies/wheelhouse/fastapi-0.128.2-py3-none-any.whl (from -r tooling/ci/depth33/requirements.lock (line 9))
2026-09-10T03:19:03.4009771Z Processing ./dependencies/wheelhouse/greenlet-3.5.1-cp313-cp313-manylinux_2_24_x86_64.whl (from -r tooling/ci/depth33/requirements.lock (line 10))
2026-09-10T03:19:03.4053940Z Processing ./dependencies/wheelhouse/h11-0.16.0-py3-none-any.whl (from -r tooling/ci/depth33/requirements.lock (line 11))
2026-09-10T03:19:03.4081828Z Processing ./dependencies/wheelhouse/httpcore-1.0.9-py3-none-any.whl (from -r tooling/ci/depth33/requirements.lock (line 12))
2026-09-10T03:19:03.4126479Z Processing ./dependencies/wheelhouse/httpx-0.28.1-py3-none-any.whl (from -r tooling/ci/depth33/requirements.lock (line 13))
2026-09-10T03:19:03.4165051Z Processing ./dependencies/wheelhouse/idna-3.17-py3-none-any.whl (from -r tooling/ci/depth33/requirements.lock (line 14))
2026-09-10T03:19:03.4197057Z Processing ./dependencies/wheelhouse/iniconfig-2.3.0-py3-none-any.whl (from -r tooling/ci/depth33/requirements.lock (line 15))
2026-09-10T03:19:03.4221278Z Processing ./dependencies/wheelhouse/mako-1.3.10-py3-none-any.whl (from -r tooling/ci/depth33/requirements.lock (line 16))
2026-09-10T03:19:03.4252928Z Processing ./dependencies/wheelhouse/markupsafe-3.0.3-cp313-cp313-manylinux2014_x86_64.manylinux_2_17_x86_64.manylinux_2_28_x86_64.whl (from -r tooling/ci/depth33/requirements.lock (line 17))
2026-09-10T03:19:03.4280578Z Processing ./dependencies/wheelhouse/packaging-25.0-py3-none-any.whl (from -r tooling/ci/depth33/requirements.lock (line 18))
2026-09-10T03:19:03.4309241Z Processing ./dependencies/wheelhouse/pillow-12.3.0-cp313-cp313-manylinux_2_27_x86_64.whl (from -r tooling/ci/depth33/requirements.lock (line 19))
2026-09-10T03:19:03.4437381Z Processing ./dependencies/wheelhouse/pluggy-1.6.0-py3-none-any.whl (from -r tooling/ci/depth33/requirements.lock (line 20))
2026-09-10T03:19:03.4479229Z Processing ./dependencies/wheelhouse/psycopg_binary-3.2.10-cp313-cp313-manylinux2014_x86_64.manylinux_2_17_x86_64.whl (from -r tooling/ci/depth33/requirements.lock (line 21))
2026-09-10T03:19:03.4552969Z Processing ./dependencies/wheelhouse/psycopg-3.2.10-py3-none-any.whl (from -r tooling/ci/depth33/requirements.lock (line 22))
2026-09-10T03:19:03.4624411Z Processing ./dependencies/wheelhouse/pycparser-3.0-py3-none-any.whl (from -r tooling/ci/depth33/requirements.lock (line 23))
2026-09-10T03:19:03.4651954Z Processing ./dependencies/wheelhouse/pydantic_settings-2.14.1-py3-none-any.whl (from -r tooling/ci/depth33/requirements.lock (line 24))
2026-09-10T03:19:03.4689071Z Processing ./dependencies/wheelhouse/pydantic-2.13.4-py3-none-any.whl (from -r tooling/ci/depth33/requirements.lock (line 25))
2026-09-10T03:19:03.4780492Z Processing ./dependencies/wheelhouse/pydantic_core-2.46.4-cp313-cp313-manylinux_2_17_x86_64.whl (from -r tooling/ci/depth33/requirements.lock (line 26))
2026-09-10T03:19:03.4839952Z Processing ./dependencies/wheelhouse/Pygments-2.20.0-py3-none-any.whl (from -r tooling/ci/depth33/requirements.lock (line 27))
2026-09-10T03:19:03.4936312Z Processing ./dependencies/wheelhouse/PyJWT-2.13.0-py3-none-any.whl (from -r tooling/ci/depth33/requirements.lock (line 28))
2026-09-10T03:19:03.4964026Z Processing ./dependencies/wheelhouse/pytest_asyncio-1.3.0-py3-none-any.whl (from -r tooling/ci/depth33/requirements.lock (line 29))
2026-09-10T03:19:03.4999405Z Processing ./dependencies/wheelhouse/pytest-9.0.2-py3-none-any.whl (from -r tooling/ci/depth33/requirements.lock (line 30))
2026-09-10T03:19:03.5061282Z Processing ./dependencies/wheelhouse/python_dotenv-1.2.2-py3-none-any.whl (from -r tooling/ci/depth33/requirements.lock (line 31))
2026-09-10T03:19:03.5102933Z Processing ./dependencies/wheelhouse/redis-5.2.1-py3-none-any.whl (from -r tooling/ci/depth33/requirements.lock (line 32))
2026-09-10T03:19:03.5142052Z Processing ./dependencies/wheelhouse/SQLAlchemy-2.0.50-cp313-cp313-manylinux_2_17_x86_64.whl (from -r tooling/ci/depth33/requirements.lock (line 33))
2026-09-10T03:19:03.5338481Z Processing ./dependencies/wheelhouse/starlette-0.50.0-py3-none-any.whl (from -r tooling/ci/depth33/requirements.lock (line 34))
2026-09-10T03:19:03.5377746Z Processing ./dependencies/wheelhouse/typing_inspection-0.4.2-py3-none-any.whl (from -r tooling/ci/depth33/requirements.lock (line 35))
2026-09-10T03:19:03.5402211Z Processing ./dependencies/wheelhouse/typing_extensions-4.16.0-py3-none-any.whl (from -r tooling/ci/depth33/requirements.lock (line 36))
2026-09-10T03:19:03.5428044Z Processing ./dependencies/wheelhouse/uvicorn-0.35.0-py3-none-any.whl (from -r tooling/ci/depth33/requirements.lock (line 37))
2026-09-10T03:19:03.5777480Z Installing collected packages: uvicorn, typing-inspection, typing_extensions, starlette, SQLAlchemy, redis, python-dotenv, pytest-asyncio, pytest, PyJWT, Pygments, pydantic-settings, pydantic_core, pydantic, pycparser, psycopg-binary, psycopg, pluggy, Pillow, packaging, MarkupSafe, Mako, iniconfig, idna, httpx, httpcore, h11, greenlet, fastapi, cryptography, click, cffi, certifi, anyio, annotated-types, annotated-doc, alembic
2026-09-10T03:19:09.1069801Z 
2026-09-10T03:19:09.1124482Z Successfully installed Mako-1.3.10 MarkupSafe-3.0.3 Pillow-12.3.0 PyJWT-2.13.0 Pygments-2.20.0 SQLAlchemy-2.0.50 alembic-1.16.5 annotated-doc-0.0.4 annotated-types-0.7.0 anyio-4.13.0 certifi-2026.5.20 cffi-2.0.0 click-8.5.0 cryptography-46.0.4 fastapi-0.128.2 greenlet-3.5.1 h11-0.16.0 httpcore-1.0.9 httpx-0.28.1 idna-3.17 iniconfig-2.3.0 packaging-25.0 pluggy-1.6.0 psycopg-3.2.10 psycopg-binary-3.2.10 pycparser-3.0 pydantic-2.13.4 pydantic-settings-2.14.1 pydantic_core-2.46.4 pytest-9.0.2 pytest-asyncio-1.3.0 python-dotenv-1.2.2 redis-5.2.1 starlette-0.50.0 typing-inspection-0.4.2 typing_extensions-4.16.0 uvicorn-0.35.0
2026-09-10T03:19:09.4486956Z ##[group]Run isolated-runtime/bin/python - <<'PY'
2026-09-10T03:19:09.4487808Z [36;1misolated-runtime/bin/python - <<'PY'[0m
2026-09-10T03:19:09.4488419Z [36;1mimport hashlib,json,os,pathlib,subprocess,sys[0m
2026-09-10T03:19:09.4489507Z [36;1mfp=json.loads(pathlib.Path('candidate/deliverables/CP11_DEPTH33_MOBILITY_REFUND_20260910/SOURCE_FINGERPRINT.json').read_text())[0m
2026-09-10T03:19:09.4490541Z [36;1mfor name,expected in fp.items():[0m
2026-09-10T03:19:09.4491239Z [36;1m    assert hashlib.sha256((pathlib.Path('restored')/name).read_bytes()).hexdigest()==expected,name[0m
2026-09-10T03:19:09.4491913Z [36;1mtree=hashlib.sha256(''.join(f'{k}\0{v}\n' for k,v in sorted(fp.items())).encode()).hexdigest()[0m
2026-09-10T03:19:09.4492509Z [36;1massert tree==os.environ['EXPECTED_SOURCE_TREE'] and len(fp)==1239[0m
2026-09-10T03:19:09.4494175Z [36;1mresult={'candidate':os.environ['SEALED_CANDIDATE'],'source_tree_sha256':tree,'verified_files':len(fp),'python':sys.version,'node':subprocess.check_output(['node','--version'],text=True).strip(),'environment':'GitHub disposable runner; SQLite TestClient and VM/native pure functions; no service credentials','three_end_real_ux_login':'HOLD','six_vertical_real_e2e':'HOLD','sealed_node_gate':'HOLD','final_release':'HOLD','deployed':False}[0m
2026-09-10T03:19:09.4496258Z [36;1mpathlib.Path('evidence/source-lineage.json').write_text(json.dumps(result,indent=2)+'\n')[0m
2026-09-10T03:19:09.4496737Z [36;1mprint(json.dumps(result))[0m
2026-09-10T03:19:09.4497013Z [36;1mPY[0m
2026-09-10T03:19:09.4579460Z shell: /usr/bin/bash --noprofile --norc -e -o pipefail {0}
2026-09-10T03:19:09.4579822Z env:
2026-09-10T03:19:09.4580110Z   SEALED_CANDIDATE: ea2a51ddead6eaed472b1f301cbb8bfa96f67616
2026-09-10T03:19:09.4580645Z   EXPECTED_SOURCE_TREE: a67a70cd2442e67ece9c9b2795b049c6aea2ba4d882448b912eb7eb996d4459c
2026-09-10T03:19:09.4581863Z   pythonLocation: /opt/hostedtoolcache/Python/3.13.5/x64
2026-09-10T03:19:09.4582555Z   PKG_CONFIG_PATH: /opt/hostedtoolcache/Python/3.13.5/x64/lib/pkgconfig
2026-09-10T03:19:09.4583212Z   Python_ROOT_DIR: /opt/hostedtoolcache/Python/3.13.5/x64
2026-09-10T03:19:09.4583583Z   Python2_ROOT_DIR: /opt/hostedtoolcache/Python/3.13.5/x64
2026-09-10T03:19:09.4583954Z   Python3_ROOT_DIR: /opt/hostedtoolcache/Python/3.13.5/x64
2026-09-10T03:19:09.4584321Z   LD_LIBRARY_PATH: /opt/hostedtoolcache/Python/3.13.5/x64/lib
2026-09-10T03:19:09.4584656Z ##[endgroup]
2026-09-10T03:19:09.5633927Z {"candidate": "ea2a51ddead6eaed472b1f301cbb8bfa96f67616", "source_tree_sha256": "a67a70cd2442e67ece9c9b2795b049c6aea2ba4d882448b912eb7eb996d4459c", "verified_files": 1239, "python": "3.13.5 (main, Jun 12 2025, 03:51:15) [GCC 11.4.0]", "node": "v22.22.0", "environment": "GitHub disposable runner; SQLite TestClient and VM/native pure functions; no service credentials", "three_end_real_ux_login": "HOLD", "six_vertical_real_e2e": "HOLD", "sealed_node_gate": "HOLD", "final_release": "HOLD", "deployed": false}
2026-09-10T03:19:09.5738967Z ##[group]Run ../isolated-runtime/bin/python -m pytest tests/test_depth29_trip_reentry.py tests/test_depth27_session_isolation.py tests/test_consumer_unified_lifecycle.py tests/test_master03_closure.py tests/test_sprint3e_unified_trips.py tests/test_depth05_money_retries.py tests/test_depth19_travel_facts.py tests/test_depth20_api_fulfillment.py tests/test_depth21_refund_recovery.py tests/test_depth22_rail_resolution.py tests/test_depth23_capacity.py tests/test_depth24_expiry.py tests/test_depth30_native_api_contract.py tests/test_depth31_refund_consent.py tests/test_depth32_flight_refund_consent.py tests/test_depth33_mobility_refund_consent.py tests/test_sprint3c_mobility.py tests/test_depth06_rental_settlement.py tests/test_depth19_ride_sync.py --junitxml=../evidence/backend.xml | tee ../evidence/backend.log
2026-09-10T03:19:09.5748176Z [36;1m../isolated-runtime/bin/python -m pytest tests/test_depth29_trip_reentry.py tests/test_depth27_session_isolation.py tests/test_consumer_unified_lifecycle.py tests/test_master03_closure.py tests/test_sprint3e_unified_trips.py tests/test_depth05_money_retries.py tests/test_depth19_travel_facts.py tests/test_depth20_api_fulfillment.py tests/test_depth21_refund_recovery.py tests/test_depth22_rail_resolution.py tests/test_depth23_capacity.py tests/test_depth24_expiry.py tests/test_depth30_native_api_contract.py tests/test_depth31_refund_consent.py tests/test_depth32_flight_refund_consent.py tests/test_depth33_mobility_refund_consent.py tests/test_sprint3c_mobility.py tests/test_depth06_rental_settlement.py tests/test_depth19_ride_sync.py --junitxml=../evidence/backend.xml | tee ../evidence/backend.log[0m
2026-09-10T03:19:09.5861973Z shell: /usr/bin/bash --noprofile --norc -e -o pipefail {0}
2026-09-10T03:19:09.5862550Z env:
2026-09-10T03:19:09.5862995Z   SEALED_CANDIDATE: ea2a51ddead6eaed472b1f301cbb8bfa96f67616
2026-09-10T03:19:09.5863852Z   EXPECTED_SOURCE_TREE: a67a70cd2442e67ece9c9b2795b049c6aea2ba4d882448b912eb7eb996d4459c
2026-09-10T03:19:09.5865084Z   pythonLocation: /opt/hostedtoolcache/Python/3.13.5/x64
2026-09-10T03:19:09.5865782Z   PKG_CONFIG_PATH: /opt/hostedtoolcache/Python/3.13.5/x64/lib/pkgconfig
2026-09-10T03:19:09.5866477Z   Python_ROOT_DIR: /opt/hostedtoolcache/Python/3.13.5/x64
2026-09-10T03:19:09.5867091Z   Python2_ROOT_DIR: /opt/hostedtoolcache/Python/3.13.5/x64
2026-09-10T03:19:09.5867713Z   Python3_ROOT_DIR: /opt/hostedtoolcache/Python/3.13.5/x64
2026-09-10T03:19:09.5868334Z   LD_LIBRARY_PATH: /opt/hostedtoolcache/Python/3.13.5/x64/lib
2026-09-10T03:19:09.5868854Z ##[endgroup]
2026-09-10T03:19:43.6227453Z ........................................................................ [ 30%]
2026-09-10T03:20:08.2489098Z ........................................................................ [ 60%]
2026-09-10T03:20:36.1355955Z ........................................................................ [ 91%]
2026-09-10T03:20:41.3883674Z .....................                                                    [100%]
2026-09-10T03:20:41.3885042Z =============================== warnings summary ===============================
2026-09-10T03:20:41.3885999Z tests/test_depth20_api_fulfillment.py: 5 warnings
2026-09-10T03:20:41.3886807Z tests/test_depth21_refund_recovery.py: 5 warnings
2026-09-10T03:20:41.3887559Z tests/test_depth22_rail_resolution.py: 5 warnings
2026-09-10T03:20:41.3888280Z tests/test_depth23_capacity.py: 5 warnings
2026-09-10T03:20:41.3888956Z tests/test_depth24_expiry.py: 5 warnings
2026-09-10T03:20:41.3891149Z   /home/runner/work/GO/GO/isolated-runtime/lib/python3.13/site-packages/alembic/config.py:598: DeprecationWarning: No path_separator found in configuration; falling back to legacy splitting on spaces, commas, and colons for prepend_sys_path.  Consider adding path_separator=os to Alembic config.
2026-09-10T03:20:41.3893095Z     util.warn_deprecated(
2026-09-10T03:20:41.3893410Z 
2026-09-10T03:20:41.3893954Z -- Docs: https://docs.pytest.org/en/stable/how-to/capture-warnings.html
2026-09-10T03:20:41.3895454Z 237 passed, 25 warnings in 88.86s (0:01:28)
2026-09-10T03:20:43.2991573Z ##[group]Run node --experimental-strip-types --test --test-reporter=spec --test-reporter-destination=../evidence/frontend.log --test-reporter=junit --test-reporter-destination=../evidence/frontend.xml tests_frontend/*.test.mjs
2026-09-10T03:20:43.2994233Z [36;1mnode --experimental-strip-types --test --test-reporter=spec --test-reporter-destination=../evidence/frontend.log --test-reporter=junit --test-reporter-destination=../evidence/frontend.xml tests_frontend/*.test.mjs[0m
2026-09-10T03:20:43.2995858Z [36;1mcat ../evidence/frontend.log[0m
2026-09-10T03:20:43.3073592Z shell: /usr/bin/bash --noprofile --norc -e -o pipefail {0}
2026-09-10T03:20:43.3073942Z env:
2026-09-10T03:20:43.3074220Z   SEALED_CANDIDATE: ea2a51ddead6eaed472b1f301cbb8bfa96f67616
2026-09-10T03:20:43.3074938Z   EXPECTED_SOURCE_TREE: a67a70cd2442e67ece9c9b2795b049c6aea2ba4d882448b912eb7eb996d4459c
2026-09-10T03:20:43.3075471Z   pythonLocation: /opt/hostedtoolcache/Python/3.13.5/x64
2026-09-10T03:20:43.3075939Z   PKG_CONFIG_PATH: /opt/hostedtoolcache/Python/3.13.5/x64/lib/pkgconfig
2026-09-10T03:20:43.3076370Z   Python_ROOT_DIR: /opt/hostedtoolcache/Python/3.13.5/x64
2026-09-10T03:20:43.3076740Z   Python2_ROOT_DIR: /opt/hostedtoolcache/Python/3.13.5/x64
2026-09-10T03:20:43.3077109Z   Python3_ROOT_DIR: /opt/hostedtoolcache/Python/3.13.5/x64
2026-09-10T03:20:43.3077473Z   LD_LIBRARY_PATH: /opt/hostedtoolcache/Python/3.13.5/x64/lib
2026-09-10T03:20:43.3077793Z ##[endgroup]
2026-09-10T03:20:45.9130534Z ✔ HTTP helper retains CSRF together with idempotency header (3.506987ms)
2026-09-10T03:20:45.9135101Z ✔ Escape cancels traveler selection without authorizing or creating an order (8.741373ms)
2026-09-10T03:20:45.9139064Z ✔ rental consent is bound to the selected traveler, field and purpose (2.315497ms)
2026-09-10T03:20:45.9156308Z ✔ payment is cancelled without any checkout mutation (1.521528ms)
2026-09-10T03:20:45.9157659Z ✔ a failed confirmed payment stays visible and can be retried (1.686437ms)
2026-09-10T03:20:45.9158971Z ✔ cancelling a party selection creates no order or grant (2.183417ms)
2026-09-10T03:20:45.9160198Z ✔ a party must contain the exact number of different travelers (2.148155ms)
2026-09-10T03:20:45.9161533Z ✔ party confirmation returns only the explicitly selected traveler references (1.885498ms)
2026-09-10T03:20:45.9162844Z ✔ party selection cannot submit without confirming adult travelers and purpose (2.964808ms)
2026-09-10T03:20:45.9164107Z ✔ consumer uses locked V14 main and compact artwork with responsive selection (1.865658ms)
2026-09-10T03:20:45.9165807Z ✔ supplier and admin share the locked reverse V14 compact lockup (1.287605ms)
2026-09-10T03:20:45.9166815Z ✔ all three entry documents advance cache tokens together (0.32439ms)
2026-09-10T03:20:45.9167864Z ✔ GO subbrands use V14 geometry with a deliberately recessive GO tier (0.31095ms)
2026-09-10T03:20:45.9168776Z ✔ legacy runtime asset names also resolve to locked V14 geometry (0.432433ms)
2026-09-10T03:20:45.9169856Z ✔ cancel review shows every cash component and exact fee basis before submission (19.239207ms)
2026-09-10T03:20:45.9170607Z ✔ closing cancel review never sends cancellation or reloads as completed (0.905528ms)
2026-09-10T03:20:45.9171271Z ✔ unchecked money confirmation cannot submit a cash action (1.24457ms)
2026-09-10T03:20:45.9171987Z ✔ change confirmation keeps paid room value, incremental difference and fee separate (1.084698ms)
2026-09-10T03:20:45.9172735Z ✔ cancelled date selection does not request new inventory or a payment (0.808722ms)
2026-09-10T03:20:45.9173467Z ✔ displayed quote hash stays bound across asynchronous source mutation (0.859128ms)
2026-09-10T03:20:45.9174169Z ✔ unknown supplier progress offers query only and binds the saved operation (1.088645ms)
2026-09-10T03:20:45.9175493Z ✔ cancel confirmed and refund pending remain distinct in the customer progress card (0.756773ms)
2026-09-10T03:20:45.9177562Z ✔ credit conversion waits for explicit quoted consent and does not claim an unknown cancellation succeeded (5.166463ms)
2026-09-10T03:20:45.9179050Z ✔ canceling traveler selection sends no redemption or automatic identity (1.096035ms)
2026-09-10T03:20:45.9180090Z ✔ redemption network retry binds the same quote and explicitly selected traveler (2.250579ms)
2026-09-10T03:20:45.9180920Z ✔ unknown booking and pending refund remain distinct from completed credit restoration (0.846468ms)
2026-09-10T03:20:45.9181669Z ✔ canceling a supplementary payment dialog re-enables the action (16.005614ms)
2026-09-10T03:20:45.9182401Z ✔ conversion separates prior cash refunds and forfeiture from retained credit (2.096557ms)
2026-09-10T03:20:45.9183265Z ✔ forfeiture conversion confirmation stays bound to the displayed quote after source object changes (1.034943ms)
2026-09-10T03:20:45.9184108Z ✔ credit detail keeps original excluded value visible after redemption changes (0.928572ms)
2026-09-10T03:20:45.9185119Z ✔ historical credit without a forfeiture breakdown never renders invalid amounts (1.23872ms)
2026-09-10T03:20:45.9185933Z ✔ fare confirmation separates fee tiers, cooling, change and property credit terms (2.494017ms)
2026-09-10T03:20:45.9186596Z ✔ cancelling fare confirmation has no accepted contract (1.945939ms)
2026-09-10T03:20:45.9187300Z ✔ accepted hash remains bound to the rules displayed before asynchronous state changes (0.821741ms)
2026-09-10T03:20:45.9188091Z ✔ declining hotel rules never selects or authorizes a traveler or creates an order (1.609501ms)
2026-09-10T03:20:45.9188932Z ✔ accepted hotel contract is included with selected traveler and stable booking request identity (1.133922ms)
2026-09-10T03:20:45.9189652Z ✔ supplier money and percentage inputs use exact minor units (1.127653ms)
2026-09-10T03:20:45.9190373Z ✔ supplier lost-response retry keeps request identity and sends only the claimed cause (6.198652ms)
2026-09-10T03:20:45.9191163Z ✔ supplier duplicate clicks while a request is pending cannot create another request (1.650884ms)
2026-09-10T03:20:45.9192081Z ✔ unknown supplier cancellation shows approved refund waiting for confirmation, without a resend button (18.082711ms)
2026-09-10T03:20:45.9192922Z ✔ hotel funds distinguish frozen, charged, released and refunded cent amounts (16.626141ms)
2026-09-10T03:20:45.9193655Z ✔ only approved pending refunds expose retry and all server labels are escaped (0.48368ms)
2026-09-10T03:20:45.9194362Z ✔ unknown funding shows reconciliation instead of a false payment claim (0.478422ms)
2026-09-10T03:20:45.9195260Z ✔ trip links only open the exact canonical owned direct-reservation path (0.379544ms)
2026-09-10T03:20:45.9195857Z ✔ closing a stay complaint form makes no request (1.144198ms)
2026-09-10T03:20:45.9196538Z ✔ complaint retries reuse the same request identity and have no refund approval fields (1.619156ms)
2026-09-10T03:20:45.9197296Z ✔ blank complaints and duplicate submission clicks cannot send extra requests (0.91396ms)
2026-09-10T03:20:45.9198171Z ✔ closing hotel authorization leaves funds untouched (2.065459ms)
2026-09-10T03:20:45.9198821Z ✔ hotel checkout requires confirmation and binds the complete stay amount (2.511343ms)
2026-09-10T03:20:45.9199585Z ✔ a second click cannot create another hotel authorization while the first is pending (0.950446ms)
2026-09-10T03:20:45.9200288Z ✔ a failed hotel authorization remains visible and can be retried (0.865467ms)
2026-09-10T03:20:45.9200962Z ✔ conversion clearly shows capture and value and closing does not convert (22.217576ms)
2026-09-10T03:20:45.9201637Z ✔ conversion retry keeps original quote, amount and original expiry (2.011348ms)
2026-09-10T03:20:45.9202326Z ✔ redemption uses server quote policy and displays forfeiture before consent (1.469108ms)
2026-09-10T03:20:45.9203029Z ✔ redemption confirms a fresh traveler and only releases hotel fields (1.689322ms)
2026-09-10T03:20:45.9203704Z ✔ double click and Escape cannot duplicate or dismiss pending redemption (8.477935ms)
2026-09-10T03:20:45.9204452Z ✔ credit list filters property and disables frozen, expired or reconciliation credits (1.258911ms)
2026-09-10T03:20:45.9205569Z ✔ a cancellation quote never cancels a booking and closing preserves it (22.201421ms)
2026-09-10T03:20:45.9206331Z ✔ fee consent binds the server quote and keeps frozen release separate from cash refund (1.947421ms)
2026-09-10T03:20:45.9207068Z ✔ interrupted cancellation retry uses exactly the same quote and fee (1.336188ms)
2026-09-10T03:20:45.9207727Z ✔ double clicks cannot settle twice while a cancellation is pending (1.239963ms)
2026-09-10T03:20:45.9208420Z ✔ unavailable fare actions have no executable buttons and rule text is escaped (1.138019ms)
2026-09-10T03:20:45.9209114Z ✔ date changes quote first and require fresh consent after editing dates (2.169537ms)
2026-09-10T03:20:45.9209794Z ✔ extension keeps check-in fixed and explains replacement authorization (2.355427ms)
2026-09-10T03:20:45.9210522Z ✔ independent review requires an explicit checked attestation and chosen proof (2.225742ms)
2026-09-10T03:20:45.9211335Z ✔ review submits the exact evidence snapshot and no caller-selected money (0.8209ms)
2026-09-10T03:20:45.9212130Z ✔ customer sees completed original refund separately from pending extra payment (15.146867ms)
2026-09-10T03:20:45.9212916Z ✔ unapproved guest liability is a review hold without a refund promise or pay button (0.241896ms)
2026-09-10T03:20:45.9213718Z ✔ zero captured payment explains authorization release and completed case has no retry (0.367826ms)
2026-09-10T03:20:45.9214517Z ✔ finance entry converts decimal currency without fractional cents or silent rounding (0.45687ms)
2026-09-10T03:20:45.9215966Z (node:2679) [MODULE_TYPELESS_PACKAGE_JSON] Warning: Module type of file:///home/runner/work/GO/GO/restored/mobile/go-app/src/domain/changeActions.ts is not specified and it doesn't parse as CommonJS.
2026-09-10T03:20:45.9217028Z Reparsing as ES module because module syntax was detected. This incurs a performance overhead.
2026-09-10T03:20:45.9217811Z To eliminate this warning, add "type": "module" to /home/runner/work/GO/GO/restored/mobile/go-app/package.json.
2026-09-10T03:20:45.9218502Z (Use `node --trace-warnings ...` to show where the warning was created)
2026-09-10T03:20:45.9219195Z ✔ HOTEL: explicit confirmation consumes one quote and reads original order (6.599227ms)
2026-09-10T03:20:45.9219855Z ✔ HOTEL: expiry, edit and session changes prevent submission (1.113532ms)
2026-09-10T03:20:45.9220502Z ✔ HOTEL: wrong identity or unavailable isolated channel cannot execute (0.725936ms)
2026-09-10T03:20:45.9221092Z ✔ HOTEL: timeout is unknown and never auto-retried (0.627568ms)
2026-09-10T03:20:45.9221727Z ✔ FLIGHT: explicit confirmation consumes one quote and reads original order (0.693537ms)
2026-09-10T03:20:45.9222411Z ✔ FLIGHT: expiry, edit and session changes prevent submission (0.679786ms)
2026-09-10T03:20:45.9223616Z ✔ FLIGHT: wrong identity or unavailable isolated channel cannot execute (0.322657ms)
2026-09-10T03:20:45.9224843Z ✔ FLIGHT: timeout is unknown and never auto-retried (0.276437ms)
2026-09-10T03:20:45.9225834Z ✔ RAIL: explicit confirmation consumes one quote and reads original order (0.620647ms)
2026-09-10T03:20:45.9226507Z ✔ RAIL: expiry, edit and session changes prevent submission (0.897595ms)
2026-09-10T03:20:45.9227166Z ✔ RAIL: wrong identity or unavailable isolated channel cannot execute (0.52317ms)
2026-09-10T03:20:45.9227759Z ✔ RAIL: timeout is unknown and never auto-retried (0.265691ms)
2026-09-10T03:20:45.9228419Z ✔ ATTRACTION: explicit confirmation consumes one quote and reads original order (2.659316ms)
2026-09-10T03:20:45.9229136Z ✔ ATTRACTION: expiry, edit and session changes prevent submission (0.396999ms)
2026-09-10T03:20:45.9229836Z ✔ ATTRACTION: wrong identity or unavailable isolated channel cannot execute (0.295787ms)
2026-09-10T03:20:45.9230488Z ✔ ATTRACTION: timeout is unknown and never auto-retried (1.488658ms)
2026-09-10T03:20:45.9231137Z ✔ RENTAL: explicit confirmation consumes one quote and reads original order (0.545004ms)
2026-09-10T03:20:45.9231814Z ✔ RENTAL: expiry, edit and session changes prevent submission (0.508178ms)
2026-09-10T03:20:45.9232610Z ✔ RENTAL: wrong identity or unavailable isolated channel cannot execute (0.323669ms)
2026-09-10T03:20:45.9233210Z ✔ RENTAL: timeout is unknown and never auto-retried (0.357911ms)
2026-09-10T03:20:45.9233835Z ✔ invalid replacement quote destroys old consent; dates are canonical (0.468167ms)
2026-09-10T03:20:45.9234385Z ✔ double submit makes only one mutation (0.365362ms)
2026-09-10T03:20:45.9235654Z (node:2686) [MODULE_TYPELESS_PACKAGE_JSON] Warning: Module type of file:///home/runner/work/GO/GO/restored/mobile/go-app/src/domain/changeTerms.ts is not specified and it doesn't parse as CommonJS.
2026-09-10T03:20:45.9236707Z Reparsing as ES module because module syntax was detected. This incurs a performance overhead.
2026-09-10T03:20:45.9237559Z To eliminate this warning, add "type": "module" to /home/runner/work/GO/GO/restored/mobile/go-app/package.json.
2026-09-10T03:20:45.9238240Z (Use `node --trace-warnings ...` to show where the warning was created)
2026-09-10T03:20:45.9238955Z ✔ hotel lower price still discloses the nonrefundable loss and separate fee (1.360415ms)
2026-09-10T03:20:45.9239667Z ✔ missing or inconsistent hotel financial terms are not confirmable (0.622621ms)
2026-09-10T03:20:45.9240388Z ✔ flight and rail disclose transport identity and reject inconsistent fee sums (0.517412ms)
2026-09-10T03:20:45.9241182Z ✔ rental lower cost specifies original payment and validates the rate calculation (0.329557ms)
2026-09-10T03:20:45.9241930Z ✔ attraction free change never silently accepts a newly introduced charge (0.266292ms)
2026-09-10T03:20:45.9243055Z (node:2693) [MODULE_TYPELESS_PACKAGE_JSON] Warning: Module type of file:///home/runner/work/GO/GO/restored/mobile/go-app/src/domain/tripFacts.ts is not specified and it doesn't parse as CommonJS.
2026-09-10T03:20:45.9244075Z Reparsing as ES module because module syntax was detected. This incurs a performance overhead.
2026-09-10T03:20:45.9245203Z To eliminate this warning, add "type": "module" to /home/runner/work/GO/GO/restored/mobile/go-app/package.json.
2026-09-10T03:20:45.9245905Z (Use `node --trace-warnings ...` to show where the warning was created)
2026-09-10T03:20:45.9246528Z ✔ Direct navigation preserves the owned reservation identity (1.942313ms)
2026-09-10T03:20:45.9247207Z ✔ Direct details read only the canonical reservation and matching events (0.505142ms)
2026-09-10T03:20:45.9247878Z ✔ Direct mismatched or missing records cannot display confirmation (0.758045ms)
2026-09-10T03:20:45.9248987Z (node:2700) [MODULE_TYPELESS_PACKAGE_JSON] Warning: Module type of file:///home/runner/work/GO/GO/restored/mobile/go-app/src/domain/orderActions.ts is not specified and it doesn't parse as CommonJS.
2026-09-10T03:20:45.9250028Z Reparsing as ES module because module syntax was detected. This incurs a performance overhead.
2026-09-10T03:20:45.9250780Z To eliminate this warning, add "type": "module" to /home/runner/work/GO/GO/restored/mobile/go-app/package.json.
2026-09-10T03:20:45.9251614Z (Use `node --trace-warnings ...` to show where the warning was created)
2026-09-10T03:20:45.9252329Z ✔ HOTEL: payment binds fresh amount and re-reads the same order after lost response (3.30391ms)
2026-09-10T03:20:45.9253065Z ✔ HOTEL: changed amount and unavailable channel cannot execute payment (1.351581ms)
2026-09-10T03:20:45.9253827Z ✔ HOTEL: refund confirms quoted amount, submits once and does not invent refunded state (1.971538ms)
2026-09-10T03:20:45.9254575Z ✔ HOTEL: changed refund terms need reconfirmation before any cancellation (0.521217ms)
2026-09-10T03:20:45.9255448Z ✔ FLIGHT: payment binds fresh amount and re-reads the same order after lost response (0.266863ms)
2026-09-10T03:20:45.9256174Z ✔ FLIGHT: changed amount and unavailable channel cannot execute payment (0.26486ms)
2026-09-10T03:20:45.9256944Z ✔ FLIGHT: refund confirms quoted amount, submits once and does not invent refunded state (0.648739ms)
2026-09-10T03:20:45.9257694Z ✔ FLIGHT: changed refund terms need reconfirmation before any cancellation (0.246162ms)
2026-09-10T03:20:45.9258593Z ✔ RAIL: payment binds fresh amount and re-reads the same order after lost response (0.507146ms)
2026-09-10T03:20:45.9259303Z ✔ RAIL: changed amount and unavailable channel cannot execute payment (0.664183ms)
2026-09-10T03:20:45.9260051Z ✔ RAIL: refund confirms quoted amount, submits once and does not invent refunded state (1.237188ms)
2026-09-10T03:20:45.9260808Z ✔ RAIL: changed refund terms need reconfirmation before any cancellation (0.285701ms)
2026-09-10T03:20:45.9261558Z ✔ RENTAL: payment binds fresh amount and re-reads the same order after lost response (2.213954ms)
2026-09-10T03:20:45.9262275Z ✔ RENTAL: changed amount and unavailable channel cannot execute payment (0.378902ms)
2026-09-10T03:20:45.9263027Z ✔ RENTAL: refund confirms quoted amount, submits once and does not invent refunded state (0.401997ms)
2026-09-10T03:20:45.9263768Z ✔ RENTAL: changed refund terms need reconfirmation before any cancellation (0.186411ms)
2026-09-10T03:20:45.9264536Z ✔ RIDE: payment binds fresh amount and re-reads the same order after lost response (0.270058ms)
2026-09-10T03:20:45.9265359Z ✔ RIDE: changed amount and unavailable channel cannot execute payment (0.212241ms)
2026-09-10T03:20:45.9266102Z ✔ RIDE: refund confirms quoted amount, submits once and does not invent refunded state (0.447206ms)
2026-09-10T03:20:45.9266827Z ✔ RIDE: changed refund terms need reconfirmation before any cancellation (0.184128ms)
2026-09-10T03:20:45.9267586Z ✔ ATTRACTION: payment binds fresh amount and re-reads the same order after lost response (0.177348ms)
2026-09-10T03:20:45.9268354Z ✔ ATTRACTION: changed amount and unavailable channel cannot execute payment (0.829643ms)
2026-09-10T03:20:45.9269174Z ✔ ATTRACTION: refund confirms quoted amount, submits once and does not invent refunded state (0.39707ms)
2026-09-10T03:20:45.9269973Z ✔ ATTRACTION: changed refund terms need reconfirmation before any cancellation (0.173242ms)
2026-09-10T03:20:45.9270700Z ✔ identity substitution and concurrent payment submission are blocked (0.548018ms)
2026-09-10T03:20:45.9271403Z ✔ screen/session change prevents a mutation after read-only preflight (0.305852ms)
2026-09-10T03:20:45.9272227Z ✔ all six booking intents use explicit vault identities with stable keys and no fabricated people (5.081625ms)
2026-09-10T03:20:45.9273101Z ✔ portable request fingerprint matches standard SHA-256 for Unicode and block boundaries (2.308507ms)
2026-09-10T03:20:45.9274273Z (node:2707) [MODULE_TYPELESS_PACKAGE_JSON] Warning: Module type of file:///home/runner/work/GO/GO/restored/mobile/go-app/src/api/transport.ts is not specified and it doesn't parse as CommonJS.
2026-09-10T03:20:45.9275437Z Reparsing as ES module because module syntax was detected. This incurs a performance overhead.
2026-09-10T03:20:45.9276217Z To eliminate this warning, add "type": "module" to /home/runner/work/GO/GO/restored/mobile/go-app/package.json.
2026-09-10T03:20:45.9276878Z (Use `node --trace-warnings ...` to show where the warning was created)
2026-09-10T03:20:45.9277880Z ✔ concurrent expired mutations share one refresh and retain each original idempotency key/body (33.825738ms)
2026-09-10T03:20:45.9278690Z ✔ a mutation with lost response is uncertain and is never automatically retried (1.160693ms)
2026-09-10T03:20:45.9279449Z ✔ account change discards pending reads and refresh tokens from the old account (2.031388ms)
2026-09-10T03:20:45.9280170Z ✔ refresh rejection invalidates current session and notifies the UI (1.994643ms)
2026-09-10T03:20:45.9280876Z ✔ logout revokes remotely and still clears locally after a transport failure (0.507386ms)
2026-09-10T03:20:45.9281525Z ✔ a previous logout cannot clear a newly logged-in account (1.511052ms)
2026-09-10T03:20:45.9282293Z ✔ only chosen API-relative paths are requested and caller auth cannot override the session (1.019881ms)
2026-09-10T03:20:45.9283190Z ✔ aborted mutations before dispatch are known not sent; malformed successful responses are uncertain (1.10585ms)
2026-09-10T03:20:45.9284565Z (node:2714) [MODULE_TYPELESS_PACKAGE_JSON] Warning: Module type of file:///home/runner/work/GO/GO/restored/mobile/go-app/src/domain/tripFacts.ts is not specified and it doesn't parse as CommonJS.
2026-09-10T03:20:45.9285736Z Reparsing as ES module because module syntax was detected. This incurs a performance overhead.
2026-09-10T03:20:45.9286538Z To eliminate this warning, add "type": "module" to /home/runner/work/GO/GO/restored/mobile/go-app/package.json.
2026-09-10T03:20:45.9287201Z (Use `node --trace-warnings ...` to show where the warning was created)
2026-09-10T03:20:45.9287892Z ✔ native navigation binds all six verticals to an owned canonical identity (2.270159ms)
2026-09-10T03:20:45.9288570Z ✔ native check-in renders each passenger and leg independently (0.784244ms)
2026-09-10T03:20:45.9289295Z ✔ missing, stale, duplicate, future or wrong-order check-in evidence is unverified (0.514047ms)
2026-09-10T03:20:45.9289957Z ✔ only safe HTTPS links are offered by native travel facts (0.265662ms)
2026-09-10T03:20:45.9290524Z ✔ native rental details never request ride tracking (0.390449ms)
2026-09-10T03:20:45.9291114Z ✔ ride tracking failure cannot hide the existing ride order (0.354786ms)
2026-09-10T03:20:45.9291757Z ✔ tracking and order identity mismatches cannot render another order (0.833339ms)
2026-09-10T03:20:45.9292564Z ✔ rail order preserves party, immutable prebook and original total through payment cancellation (3.815623ms)
2026-09-10T03:20:45.9293383Z ✔ attraction order uses the quoted slot, quantity and prebook and shows eligibility (0.478814ms)
2026-09-10T03:20:45.9294104Z ✔ cancelling confirmation step 1 never creates an order or payment (0.249407ms)
2026-09-10T03:20:45.9294867Z ✔ cancelling confirmation step 2 never creates an order or payment (0.343619ms)
2026-09-10T03:20:45.9295475Z ✔ cancelled party selection cannot reach order creation (0.276097ms)
2026-09-10T03:20:45.9296142Z ✔ quote that expires during traveler selection cannot create or pay an order (0.782652ms)
2026-09-10T03:20:45.9296755Z ✔ missing final consent never creates an order (0.481617ms)
2026-09-10T03:20:45.9297298Z ✔ different people are required for every quoted place (0.374095ms)
2026-09-10T03:20:45.9297916Z ✔ an uncertain payment still opens the existing order for recovery (1.656852ms)
2026-09-10T03:20:45.9298591Z ✔ repeated clicks cannot start a second booking while confirmation is open (0.509009ms)
2026-09-10T03:20:45.9299294Z ✔ mismatched total, journey or slot is refused before any traveler consent (0.369738ms)
2026-09-10T03:20:45.9299927Z ✔ cancelling date selection never requests a quote or payment (2.13154ms)
2026-09-10T03:20:45.9300504Z ✔ ride changes continue to use their separate workflow (1.747169ms)
2026-09-10T03:20:45.9301051Z ✔ viewing a rental quote does not execute the change (0.884626ms)
2026-09-10T03:20:45.9301679Z ✔ confirmed refund difference retains its sign and server quote identity (1.722952ms)
2026-09-10T03:20:45.9302327Z ✔ unchecked amount consent blocks executing a displayed quote (1.180783ms)
2026-09-10T03:20:45.9303149Z ✔ the shared amount formatter preserves cents on confirmation screens (15.674304ms)
2026-09-10T03:20:45.9303858Z ✔ consumer: concurrent expired reads refresh once and preserve namespace (9.388369ms)
2026-09-10T03:20:45.9304576Z ✔ consumer: a mutation without idempotency is never replayed after renewal (1.343559ms)
2026-09-10T03:20:45.9305363Z ✔ consumer: an idempotent retry retains the original key and body (0.889904ms)
2026-09-10T03:20:45.9305999Z ✔ consumer: failed refresh stops without retrying the operation (0.931286ms)
2026-09-10T03:20:45.9306656Z ✔ console: concurrent expired reads refresh once and preserve namespace (3.563702ms)
2026-09-10T03:20:45.9307358Z ✔ console: a mutation without idempotency is never replayed after renewal (0.838657ms)
2026-09-10T03:20:45.9308027Z ✔ console: an idempotent retry retains the original key and body (0.817285ms)
2026-09-10T03:20:45.9308660Z ✔ console: failed refresh stops without retrying the operation (0.679005ms)
2026-09-10T03:20:45.9309440Z ✔ consumer logout failure preserves account and current page; success clears all private state (1.280444ms)
2026-09-10T03:20:45.9310478Z ✔ console logout failure is surfaced instead of silently reporting success (1.872558ms)
2026-09-10T03:20:45.9311186Z ✔ console requests work when randomUUID is unavailable in an HTTP preview (1.055033ms)
2026-09-10T03:20:45.9311907Z ✔ console login binds the requested account type before establishing a session (0.868571ms)
2026-09-10T03:20:45.9312630Z ✔ a changed console actor clears the stale UI and never refreshes or retries (0.783583ms)
2026-09-10T03:20:45.9313319Z ✔ consumer: expired access can renew once to revoke its own session (1.408448ms)
2026-09-10T03:20:45.9313958Z ✔ console: expired access can renew once to revoke its own session (0.769442ms)
2026-09-10T03:20:45.9314581Z ✔ unverified check-in never exposes links or boarding passes (3.360596ms)
2026-09-10T03:20:45.9315357Z ✔ per-traveler boarding pass appears only for the verified pass state (1.017086ms)
2026-09-10T03:20:45.9316036Z ✔ invalid URL schemes and credentials do not become customer links (0.906239ms)
2026-09-10T03:20:45.9316722Z ✔ unknown fleet outcome clearly separates confirmed and proposed times (1.004186ms)
2026-09-10T03:20:45.9317366Z ✔ cancelled tracking confirmation sends no binding mutation (0.984817ms)
2026-09-10T03:20:45.9318110Z ✔ checked consent sends exact displayed revision and server authority, never wait overrides (0.996706ms)
2026-09-10T03:20:45.9318755Z ✔ missing consent prevents any tracking write (1.272382ms)
2026-09-10T03:20:45.9319335Z ✔ no authorized source does not open an unusable confirmation dialog (0.7617ms)
2026-09-10T03:20:45.9320012Z ✔ waiting protection is conditional and shows the actual event allowance (1.035655ms)
2026-09-10T03:20:45.9320648Z ✔ late check-in response cannot populate a detached screen (9.853973ms)
2026-09-10T03:20:45.9321303Z ✔ HOTEL_CATALOG: reopen the existing order without a new order or payment (3.338983ms)
2026-09-10T03:20:45.9321990Z ✔ HOTEL_DIRECT: reopen the existing order without a new order or payment (1.449579ms)
2026-09-10T03:20:45.9322639Z ✔ FLIGHT: reopen the existing order without a new order or payment (0.690052ms)
2026-09-10T03:20:45.9323265Z ✔ RAIL: reopen the existing order without a new order or payment (0.773118ms)
2026-09-10T03:20:45.9323874Z ✔ RIDE: reopen the existing order without a new order or payment (0.656572ms)
2026-09-10T03:20:45.9324481Z ✔ RENTAL: reopen the existing order without a new order or payment (0.675019ms)
2026-09-10T03:20:45.9325233Z ✔ ATTRACTION: reopen the existing order without a new order or payment (0.706176ms)
2026-09-10T03:20:45.9325944Z ✔ untrusted evidence URLs and unsupported identities never select an endpoint (0.987512ms)
2026-09-10T03:20:45.9326640Z ✔ card output escapes content and uses current canonical status (1.112701ms)
2026-09-10T03:20:45.9327267Z ✔ an order response cannot populate a different order or vertical (2.491283ms)
2026-09-10T03:20:45.9327835Z ✔ late order response cannot overwrite a new screen (0.812437ms)
2026-09-10T03:20:45.9329184Z ✔ continuing payment re-reads amount and uses the original order only (0.888011ms)
2026-09-10T03:20:45.9330325Z ✔ already paid or expired orders cannot invoke payment from a stale card (1.684204ms)
2026-09-10T03:20:45.9331457Z ✔ payment timeout reads the same order and never silently resends (0.804385ms)
2026-09-10T03:20:45.9332425Z ✔ leaving before the fresh order read prevents a payment dialog (0.657603ms)
2026-09-10T03:20:45.9333062Z ✔ real app dispatch uses every existing enriched order renderer (3.781801ms)
2026-09-10T03:20:45.9333696Z ✔ closing permission confirmation sends no permission mutation (4.304801ms)
2026-09-10T03:20:45.9334386Z ✔ source disconnect remains explicit and retains server-directed semantics (2.314886ms)
2026-09-10T03:20:45.9335400Z ✔ person edit binds the displayed revision and leaves a blank birth date untouched (1.131479ms)
2026-09-10T03:20:45.9336277Z ✔ sensitive import inspection happens only after explicit confirmation, with no implicit acceptance (7.590224ms)
2026-09-10T03:20:45.9337386Z ✔ untrusted imported content is escaped before display (1.84105ms)
2026-09-10T03:20:45.9338048Z ✔ duplicate submits during a pending mutation call the server once (1.676663ms)
2026-09-10T03:20:45.9338806Z ✔ import reassignment binds traveler and item revision and does not accept content (1.294395ms)
2026-09-10T03:20:45.9339462Z ✔ RAIL cancellation requires explicit confirmation (2.103457ms)
2026-09-10T03:20:45.9339978Z ✔ RAIL response loss still reloads persisted order (2.132601ms)
2026-09-10T03:20:45.9340558Z ✔ RAIL paid or uncertain orders cannot open unpaid cancellation (2.617383ms)
2026-09-10T03:20:45.9341152Z ✔ ATTRACTION cancellation requires explicit confirmation (0.739357ms)
2026-09-10T03:20:45.9341722Z ✔ ATTRACTION response loss still reloads persisted order (0.850305ms)
2026-09-10T03:20:45.9342347Z ✔ ATTRACTION paid or uncertain orders cannot open unpaid cancellation (2.749173ms)
2026-09-10T03:20:45.9342991Z ✔ new unpaid reservation displays its frozen UTC deadline (1.158349ms)
2026-09-10T03:20:45.9343565Z ✔ legacy orders never receive a fabricated deadline (0.201864ms)
2026-09-10T03:20:45.9344207Z ✔ expiry display relies on persisted server state instead of browser clock (0.170327ms)
2026-09-10T03:20:45.9344989Z ✔ started and uncertain payment keeps its reservation message (1.01986ms)
2026-09-10T03:20:45.9345630Z ✔ RAIL: opening recovery does not send a refund until confirmed (2.114664ms)
2026-09-10T03:20:45.9346253Z ✔ RAIL: failed response still reloads persisted order state (2.054302ms)
2026-09-10T03:20:45.9346896Z ✔ ATTRACTION: opening recovery does not send a refund until confirmed (0.826619ms)
2026-09-10T03:20:45.9347560Z ✔ ATTRACTION: failed response still reloads persisted order state (0.743043ms)
2026-09-10T03:20:45.9348238Z ✔ busy recovery gives a customer message and refreshes the existing order (0.83401ms)
2026-09-10T03:20:45.9348976Z ✔ rail interrupted change confirms the original quote instead of creating another (1.136567ms)
2026-09-10T03:20:45.9349473Z ℹ tests 224
2026-09-10T03:20:45.9349690Z ℹ suites 0
2026-09-10T03:20:45.9349935Z ℹ pass 224
2026-09-10T03:20:45.9350156Z ℹ fail 0
2026-09-10T03:20:45.9350365Z ℹ cancelled 0
2026-09-10T03:20:45.9350584Z ℹ skipped 0
2026-09-10T03:20:45.9350797Z ℹ todo 0
2026-09-10T03:20:45.9351280Z ℹ duration_ms 2543.032513
2026-09-10T03:20:45.9407663Z ##[group]Run python tooling/ci/depth33/export_evidence.py
2026-09-10T03:20:45.9408098Z [36;1mpython tooling/ci/depth33/export_evidence.py[0m
2026-09-10T03:20:45.9484393Z shell: /usr/bin/bash --noprofile --norc -e -o pipefail {0}
2026-09-10T03:20:45.9485032Z env:
2026-09-10T03:20:45.9485337Z   SEALED_CANDIDATE: ea2a51ddead6eaed472b1f301cbb8bfa96f67616
2026-09-10T03:20:45.9485846Z   EXPECTED_SOURCE_TREE: a67a70cd2442e67ece9c9b2795b049c6aea2ba4d882448b912eb7eb996d4459c
2026-09-10T03:20:45.9486356Z   pythonLocation: /opt/hostedtoolcache/Python/3.13.5/x64
2026-09-10T03:20:45.9486770Z   PKG_CONFIG_PATH: /opt/hostedtoolcache/Python/3.13.5/x64/lib/pkgconfig
2026-09-10T03:20:45.9487429Z   Python_ROOT_DIR: /opt/hostedtoolcache/Python/3.13.5/x64
2026-09-10T03:20:45.9487798Z   Python2_ROOT_DIR: /opt/hostedtoolcache/Python/3.13.5/x64
2026-09-10T03:20:45.9488166Z   Python3_ROOT_DIR: /opt/hostedtoolcache/Python/3.13.5/x64
2026-09-10T03:20:45.9488578Z   LD_LIBRARY_PATH: /opt/hostedtoolcache/Python/3.13.5/x64/lib
2026-09-10T03:20:45.9488896Z ##[endgroup]
2026-09-10T03:20:46.0360649Z SOURCE_VERIFIED_AFTER_TESTS 1239
2026-09-10T03:20:46.0361866Z GO_EVIDENCE_FILE_BEGIN source-lineage.json 534 32a713b26051b615111889713c81b1f88de6fc5390d1b81b6a9abc7158f3479b
2026-09-10T03:20:46.0368458Z GO_EVIDENCE_B64 ewogICJjYW5kaWRhdGUiOiAiZWEyYTUxZGRlYWQ2ZWFlZDQ3MmIxZjMwMWNiYjhiZmE5NmY2NzYxNiIsCiAgInNvdXJjZV90cmVlX3NoYTI1NiI6ICJhNjdhNzBjZDI0NDJlNjdlY2U5YzliMjc5NWIwNDljNmFlYTJiYTRkODgyNDQ4YjkxMmViN2ViOTk2ZDQ0NTljIiwKICAidmVyaWZpZWRfZmlsZXMiOiAxMjM5LAogICJweXRob24iOiAiMy4xMy41IChtYWluLCBKdW4gMTIgMjAyNSwgMDM6NTE6MTUpIFtHQ0MgMTEuNC4wXSIsCiAgIm5vZGUiOiAidjIyLjIyLjAiLAogICJlbnZpcm9ubWVudCI6ICJHaXRIdWIgZGlzcG9zYWJs
2026-09-10T03:20:46.0388496Z GO_EVIDENCE_B64 ZSBydW5uZXI7IFNRTGl0ZSBUZXN0Q2xpZW50IGFuZCBWTS9uYXRpdmUgcHVyZSBmdW5jdGlvbnM7IG5vIHNlcnZpY2UgY3JlZGVudGlhbHMiLAogICJ0aHJlZV9lbmRfcmVhbF91eF9sb2dpbiI6ICJIT0xEIiwKICAic2l4X3ZlcnRpY2FsX3JlYWxfZTJlIjogIkhPTEQiLAogICJzZWFsZWRfbm9kZV9nYXRlIjogIkhPTEQiLAogICJmaW5hbF9yZWxlYXNlIjogIkhPTEQiLAogICJkZXBsb3llZCI6IGZhbHNlCn0K
2026-09-10T03:20:46.0392453Z GO_EVIDENCE_FILE_END source-lineage.json
2026-09-10T03:20:46.0393529Z GO_EVIDENCE_FILE_BEGIN backend.xml 32891 c2055592969eadc1cf3bacddcfd75809d9f134410661602c931667ece3991b5f
2026-09-10T03:20:46.0400021Z GO_EVIDENCE_B64 PD94bWwgdmVyc2lvbj0iMS4wIiBlbmNvZGluZz0idXRmLTgiPz48dGVzdHN1aXRlcyBuYW1lPSJweXRlc3QgdGVzdHMiPjx0ZXN0c3VpdGUgbmFtZT0icHl0ZXN0IiBlcnJvcnM9IjAiIGZhaWx1cmVzPSIwIiBza2lwcGVkPSIwIiB0ZXN0cz0iMjM3IiB0aW1lPSI4OC44NTQiIHRpbWVzdGFtcD0iMjAyNi0wOS0xMFQwMzoxOToxMC4yOTc3NjcrMDA6MDAiIGhvc3RuYW1lPSJydW5uZXJ2bTl4ZzJkIj48dGVzdGNhc2UgY2xhc3NuYW1lPSJ0ZXN0cy50ZXN0X2RlcHRoMjlfdHJpcF9yZWVudHJ5IiBuYW1lPSJ0ZXN0X3NpeF9jcmVh
2026-09-10T03:20:46.0411385Z GO_EVIDENCE_B64 dGVkX29yZGVyc19yZW1haW5fcmVhY2hhYmxlX2JlZm9yZV9hbmRfYWZ0ZXJfY2hlY2tvdXQiIHRpbWU9IjkuNDIxIiAvPjx0ZXN0Y2FzZSBjbGFzc25hbWU9InRlc3RzLnRlc3RfZGVwdGgyOV90cmlwX3JlZW50cnkiIG5hbWU9InRlc3RfaG9zdGVkX3Jlc2VydmF0aW9uX3VzZXNfb3duZXJfYmluZGluZ19hbmRfZGlyZWN0X25hdmlnYXRpb24iIHRpbWU9IjAuNzY5IiAvPjx0ZXN0Y2FzZSBjbGFzc25hbWU9InRlc3RzLnRlc3RfZGVwdGgyOV90cmlwX3JlZW50cnkiIG5hbWU9InRlc3RfdHJpcF9yZWFkc19kb19ub3Rfd3JpdGVf
2026-09-10T03:20:46.0422264Z GO_EVIDENCE_B64 b3JfdHVybl9pbmplY3RlZF91cmxzX2ludG9fbmF2aWdhdGlvbiIgdGltZT0iMC40MDQiIC8+PHRlc3RjYXNlIGNsYXNzbmFtZT0idGVzdHMudGVzdF9kZXB0aDI5X3RyaXBfcmVlbnRyeSIgbmFtZT0idGVzdF9zdGFsZV9saWZlY3ljbGVfZG9lc19ub3RfbWFza19uZXdfbmF0aXZlX3N0YXRlX29yX2luZmVyX3BheW1lbnQiIHRpbWU9IjAuNTc3IiAvPjx0ZXN0Y2FzZSBjbGFzc25hbWU9InRlc3RzLnRlc3RfZGVwdGgyOV90cmlwX3JlZW50cnkiIG5hbWU9InRlc3RfdHJpcF9yZWFkX2Nhbm5vdF9ieXBhc3NfZXhpc3RpbmdfcHJv
2026-09-10T03:20:46.0432965Z GO_EVIDENCE_B64 ZHVjdGlvbl90cnV0aF9nYXRlIiB0aW1lPSIwLjU1MSIgLz48dGVzdGNhc2UgY2xhc3NuYW1lPSJ0ZXN0cy50ZXN0X2RlcHRoMjdfc2Vzc2lvbl9pc29sYXRpb24iIG5hbWU9InRlc3RfY29uc3VtZXJfYW5kX2NvbnNvbGVfY2FuX2NvZXhpc3RfYW5kX2xvZ291dF9pbmRlcGVuZGVudGx5W3N1cHBsaWVyX293bmVyLWNoYW5nZS1tZS1zdXBwbGllcl0iIHRpbWU9IjAuNDM4IiAvPjx0ZXN0Y2FzZSBjbGFzc25hbWU9InRlc3RzLnRlc3RfZGVwdGgyN19zZXNzaW9uX2lzb2xhdGlvbiIgbmFtZT0idGVzdF9jb25zdW1lcl9hbmRfY29u
2026-09-10T03:20:46.0441562Z GO_EVIDENCE_B64 c29sZV9jYW5fY29leGlzdF9hbmRfbG9nb3V0X2luZGVwZW5kZW50bHlbZ29fYWRtaW4tY2hhbmdlLW1lLWFkbWluXSIgdGltZT0iMC40MTkiIC8+PHRlc3RjYXNlIGNsYXNzbmFtZT0idGVzdHMudGVzdF9kZXB0aDI3X3Nlc3Npb25faXNvbGF0aW9uIiBuYW1lPSJ0ZXN0X2NvbnNvbGVfbG9nb3V0X2RvZXNfbm90X2ZhbGxfYmFja190b19jb25zdW1lcl9zZXNzaW9uIiB0aW1lPSIwLjQxMiIgLz48dGVzdGNhc2UgY2xhc3NuYW1lPSJ0ZXN0cy50ZXN0X2RlcHRoMjdfc2Vzc2lvbl9pc29sYXRpb24iIG5hbWU9InRlc3RfY29uc3Vt
2026-09-10T03:20:46.0451835Z GO_EVIDENCE_B64 ZXJfcmVmcmVzaF91c2VzX293bl9jc3JmX3dpdGhfY29uc29sZV9jb29raWVfcHJlc2VudCIgdGltZT0iMC40MDAiIC8+PHRlc3RjYXNlIGNsYXNzbmFtZT0idGVzdHMudGVzdF9kZXB0aDI3X3Nlc3Npb25faXNvbGF0aW9uIiBuYW1lPSJ0ZXN0X290aGVyX3Njb3BlX2NzcmZfY2Fubm90X2xvZ291dF9jb25zdW1lciIgdGltZT0iMC4zOTciIC8+PHRlc3RjYXNlIGNsYXNzbmFtZT0idGVzdHMudGVzdF9kZXB0aDI3X3Nlc3Npb25faXNvbGF0aW9uIiBuYW1lPSJ0ZXN0X3NoYXJlZF9lbmRwb2ludF91c2VzX2V4cGxpY2l0X3Njb3Bl
2026-09-10T03:20:46.0459951Z GO_EVIDENCE_B64 X2FuZF9yZWplY3RzX2FtYmlndWl0eSIgdGltZT0iMC40MDAiIC8+PHRlc3RjYXNlIGNsYXNzbmFtZT0idGVzdHMudGVzdF9kZXB0aDI3X3Nlc3Npb25faXNvbGF0aW9uIiBuYW1lPSJ0ZXN0X2hlYWRlcl9jYW5ub3RfY2hhbmdlX2ZpeGVkX3JvdXRlX3Njb3BlX29yX2dyYW50X3Blcm1pc3Npb25zIiB0aW1lPSIwLjQwMyIgLz48dGVzdGNhc2UgY2xhc3NuYW1lPSJ0ZXN0cy50ZXN0X2RlcHRoMjdfc2Vzc2lvbl9pc29sYXRpb24iIG5hbWU9InRlc3RfZXhwaXJlZF9jb25zb2xlX2FjY2Vzc19kb2VzX25vdF9zaGFkb3dfY29uc3Vt
2026-09-10T03:20:46.0465973Z GO_EVIDENCE_B64 ZXIiIHRpbWU9IjAuMzk3IiAvPjx0ZXN0Y2FzZSBjbGFzc25hbWU9InRlc3RzLnRlc3RfZGVwdGgyN19zZXNzaW9uX2lzb2xhdGlvbiIgbmFtZT0idGVzdF9iZWFyZXJfaWRlbnRpdHlfc3RheXNfYXV0aG9yaXRhdGl2ZSIgdGltZT0iMC40MDAiIC8+PHRlc3RjYXNlIGNsYXNzbmFtZT0idGVzdHMudGVzdF9kZXB0aDI3X3Nlc3Npb25faXNvbGF0aW9uIiBuYW1lPSJ0ZXN0X3dyb25nX2NvbnNvbGVfbG9naW5fZG9lc19ub3RfcmVwbGFjZV9leGlzdGluZ19zZXNzaW9uIiB0aW1lPSIwLjQ3NSIgLz48dGVzdGNhc2UgY2xhc3NuYW1l
2026-09-10T03:20:46.0471670Z GO_EVIDENCE_B64 PSJ0ZXN0cy50ZXN0X2RlcHRoMjdfc2Vzc2lvbl9pc29sYXRpb24iIG5hbWU9InRlc3Rfb3RoZXJfY29uc29sZV90YWJfaWRlbnRpdHlfY2hhbmdlX2lzX2RldGVjdGVkX2JlZm9yZV9hY3Rpb24iIHRpbWU9IjAuNjY3IiAvPjx0ZXN0Y2FzZSBjbGFzc25hbWU9InRlc3RzLnRlc3RfY29uc3VtZXJfdW5pZmllZF9saWZlY3ljbGUiIG5hbWU9InRlc3RfZWFjaF92ZXJ0aWNhbF9yZXF1aXJlc19jb21wbGV0ZV9ldmlkZW5jZWRfZmFjdCIgdGltZT0iMC4xMTgiIC8+PHRlc3RjYXNlIGNsYXNzbmFtZT0idGVzdHMudGVzdF9jb25zdW1l
2026-09-10T03:20:46.0478172Z GO_EVIDENCE_B64 cl91bmlmaWVkX2xpZmVjeWNsZSIgbmFtZT0idGVzdF9taXNzaW5nX2V2aWRlbmNlX2FuZF9pbnZhbGlkX3N0YXRlX2ZhaWxfY2xvc2VkIiB0aW1lPSIwLjA4MyIgLz48dGVzdGNhc2UgY2xhc3NuYW1lPSJ0ZXN0cy50ZXN0X2NvbnN1bWVyX3VuaWZpZWRfbGlmZWN5Y2xlIiBuYW1lPSJ0ZXN0X3N0YWxlX3ZlcnRpY2FsX2ZhY3RfY2Fubm90X292ZXJ3cml0ZV9uZXdlcl90cnV0aF9hbmRfYWNjb3VudF9pc29sYXRlZCIgdGltZT0iMC4xMDciIC8+PHRlc3RjYXNlIGNsYXNzbmFtZT0idGVzdHMudGVzdF9tYXN0ZXIwM19jbG9zdXJl
2026-09-10T03:20:46.0483774Z GO_EVIDENCE_B64 IiBuYW1lPSJ0ZXN0X2V4cG9ydF9pc19leHBsaWNpdF9vd25lcl9zY29wZWRfYW5kX2NvbXBhbmlvbl9wZXJtaXNzaW9uX2JvdW5kIiB0aW1lPSIwLjIwMCIgLz48dGVzdGNhc2UgY2xhc3NuYW1lPSJ0ZXN0cy50ZXN0X21hc3RlcjAzX2Nsb3N1cmUiIG5hbWU9InRlc3RfdHJhdmVsZXJfZGVsZXRlX2VyYXNlc19yZXVzYWJsZV9zZW5zaXRpdmVfZGF0YV9hbmRfcmV2b2tlc19jb25zZW50IiB0aW1lPSIwLjE0NCIgLz48dGVzdGNhc2UgY2xhc3NuYW1lPSJ0ZXN0cy50ZXN0X21hc3RlcjAzX2Nsb3N1cmUiIG5hbWU9InRlc3Rfc2Ft
2026-09-10T03:20:46.0489668Z GO_EVIDENCE_B64 ZV9uYW1lX2RvZXNfbm90X21lcmdlX2Rpc3RpbmN0X3Blb3BsZSIgdGltZT0iMC4xNDIiIC8+PHRlc3RjYXNlIGNsYXNzbmFtZT0idGVzdHMudGVzdF9tYXN0ZXIwM19jbG9zdXJlIiBuYW1lPSJ0ZXN0X3VudXNhYmxlX3NlbnNpdGl2ZV9mYWN0X2lzX25ldmVyX3JlbGVhc2VkW3Bhc3RdIiB0aW1lPSIwLjEzNSIgLz48dGVzdGNhc2UgY2xhc3NuYW1lPSJ0ZXN0cy50ZXN0X21hc3RlcjAzX2Nsb3N1cmUiIG5hbWU9InRlc3RfdW51c2FibGVfc2Vuc2l0aXZlX2ZhY3RfaXNfbmV2ZXJfcmVsZWFzZWRbZnV0dXJlXSIgdGltZT0iMC4x
2026-09-10T03:20:46.0495604Z GO_EVIDENCE_B64 MzMiIC8+PHRlc3RjYXNlIGNsYXNzbmFtZT0idGVzdHMudGVzdF9tYXN0ZXIwM19jbG9zdXJlIiBuYW1lPSJ0ZXN0X3VudXNhYmxlX3NlbnNpdGl2ZV9mYWN0X2lzX25ldmVyX3JlbGVhc2VkW21hbGZvcm1lZF0iIHRpbWU9IjAuMTMzIiAvPjx0ZXN0Y2FzZSBjbGFzc25hbWU9InRlc3RzLnRlc3RfbWFzdGVyMDNfY2xvc3VyZSIgbmFtZT0idGVzdF9hdXRvbm9teV93aXRob3V0X3F1YWxpZmljYXRpb25fcmVnaXN0cnlfaXNfZGVuaWVkIiB0aW1lPSIwLjA4MyIgLz48dGVzdGNhc2UgY2xhc3NuYW1lPSJ0ZXN0cy50ZXN0X21hc3Rl
2026-09-10T03:20:46.0501515Z GO_EVIDENCE_B64 cjAzX2Nsb3N1cmUiIG5hbWU9InRlc3RfYWxsX3NpeF9leHBsaWNpdF9jaGVja291dHNfYmluZF9hbW91bnRfYW5kX2NhcHR1cmVfb25jZSIgdGltZT0iMS4zNDEiIC8+PHRlc3RjYXNlIGNsYXNzbmFtZT0idGVzdHMudGVzdF9zcHJpbnQzZV91bmlmaWVkX3RyaXBzIiBuYW1lPSJ0ZXN0X3VuaWZpZWRfZ29fdHJpcHNfc2l4X3ZlcnRpY2FscyIgdGltZT0iMC40MjkiIC8+PHRlc3RjYXNlIGNsYXNzbmFtZT0idGVzdHMudGVzdF9zcHJpbnQzZV91bmlmaWVkX3RyaXBzIiBuYW1lPSJ0ZXN0X2Nyb3NzX2FjY291bnRfam91cm5leV9p
2026-09-10T03:20:46.0507418Z GO_EVIDENCE_B64 c29sYXRpb24iIHRpbWU9IjAuNjYyIiAvPjx0ZXN0Y2FzZSBjbGFzc25hbWU9InRlc3RzLnRlc3RfZGVwdGgwNV9tb25leV9yZXRyaWVzIiBuYW1lPSJ0ZXN0X3JlbGVhc2VkX2F1dGhvcml6YXRpb25fY2Fubm90X2JlX2NhcHR1cmVkX2xhdGVyIiB0aW1lPSIwLjExMyIgLz48dGVzdGNhc2UgY2xhc3NuYW1lPSJ0ZXN0cy50ZXN0X2RlcHRoMDVfbW9uZXlfcmV0cmllcyIgbmFtZT0idGVzdF9jYXB0dXJlZF9hdXRob3JpemF0aW9uX2Nhbm5vdF9iZV9yZWxlYXNlZF9hc191bnVzZWQiIHRpbWU9IjAuMTEzIiAvPjx0ZXN0Y2FzZSBj
2026-09-10T03:20:46.0513185Z GO_EVIDENCE_B64 bGFzc25hbWU9InRlc3RzLnRlc3RfZGVwdGgwNV9tb25leV9yZXRyaWVzIiBuYW1lPSJ0ZXN0X2lkZW1wb3RlbmN5X2tleV9jYW5ub3RfYmVfcmV1c2VkX2Zvcl9hX2RpZmZlcmVudF9tb25leV9pbnN0cnVjdGlvbltyb290XSIgdGltZT0iMC4xMTciIC8+PHRlc3RjYXNlIGNsYXNzbmFtZT0idGVzdHMudGVzdF9kZXB0aDA1X21vbmV5X3JldHJpZXMiIG5hbWU9InRlc3RfaWRlbXBvdGVuY3lfa2V5X2Nhbm5vdF9iZV9yZXVzZWRfZm9yX2FfZGlmZmVyZW50X21vbmV5X2luc3RydWN0aW9uW2Ftb3VudF0iIHRpbWU9IjAuMTE0IiAv
2026-09-10T03:20:46.0519009Z GO_EVIDENCE_B64 Pjx0ZXN0Y2FzZSBjbGFzc25hbWU9InRlc3RzLnRlc3RfZGVwdGgwNV9tb25leV9yZXRyaWVzIiBuYW1lPSJ0ZXN0X2lkZW1wb3RlbmN5X2tleV9jYW5ub3RfYmVfcmV1c2VkX2Zvcl9hX2RpZmZlcmVudF9tb25leV9pbnN0cnVjdGlvblt0eXBlXSIgdGltZT0iMC4xMTQiIC8+PHRlc3RjYXNlIGNsYXNzbmFtZT0idGVzdHMudGVzdF9kZXB0aDA1X21vbmV5X3JldHJpZXMiIG5hbWU9InRlc3RfaWRlbXBvdGVuY3lfa2V5X2Nhbm5vdF9iZV9yZXVzZWRfZm9yX2FfZGlmZmVyZW50X21vbmV5X2luc3RydWN0aW9uW3BhcmVudF0iIHRp
2026-09-10T03:20:46.0524844Z GO_EVIDENCE_B64 bWU9IjAuMTE0IiAvPjx0ZXN0Y2FzZSBjbGFzc25hbWU9InRlc3RzLnRlc3RfZGVwdGgwNV9tb25leV9yZXRyaWVzIiBuYW1lPSJ0ZXN0X3NpbXVsdGFuZW91c19yZWZ1bmRzX3ByZXNlcnZlX2J1ZGdldF9hbmRfcmV0cnlfaWRlbnRpdHlbRmFsc2VdIiB0aW1lPSIwLjEzMiIgLz48dGVzdGNhc2UgY2xhc3NuYW1lPSJ0ZXN0cy50ZXN0X2RlcHRoMDVfbW9uZXlfcmV0cmllcyIgbmFtZT0idGVzdF9zaW11bHRhbmVvdXNfcmVmdW5kc19wcmVzZXJ2ZV9idWRnZXRfYW5kX3JldHJ5X2lkZW50aXR5W1RydWVdIiB0aW1lPSIwLjEzMCIg
2026-09-10T03:20:46.0530582Z GO_EVIDENCE_B64 Lz48dGVzdGNhc2UgY2xhc3NuYW1lPSJ0ZXN0cy50ZXN0X2RlcHRoMTlfdHJhdmVsX2ZhY3RzIiBuYW1lPSJ0ZXN0X3JlYWRfaXNfb3duZXJfc2NvcGVkX2FuZF9kb2VzX25vdF9pbnZlbnRfb3Jfd3JpdGVfZmFjdCIgdGltZT0iMC4xMTAiIC8+PHRlc3RjYXNlIGNsYXNzbmFtZT0idGVzdHMudGVzdF9kZXB0aDE5X3RyYXZlbF9mYWN0cyIgbmFtZT0idGVzdF9mb3VyX2NlbGxzX2FuZF9vZmZpY2lhbF9jb3JyZWN0aW9uX3VzZV9zb3VyY2Vfb3JkZXJfbm90X3N0YXRlX3JhbmsiIHRpbWU9IjAuNjAyIiAvPjx0ZXN0Y2FzZSBjbGFz
2026-09-10T03:20:46.0536576Z GO_EVIDENCE_B64 c25hbWU9InRlc3RzLnRlc3RfZGVwdGgxOV90cmF2ZWxfZmFjdHMiIG5hbWU9InRlc3RfdW5zaWduZWRfbGVnYWN5X3NvdXJjZV9zdHJpbmdfaXNfbm90X2F1dGhvcml0eSIgdGltZT0iMC4xMDUiIC8+PHRlc3RjYXNlIGNsYXNzbmFtZT0idGVzdHMudGVzdF9kZXB0aDE5X3RyYXZlbF9mYWN0cyIgbmFtZT0idGVzdF9zaWduYXR1cmVfYmluZHNfZXhhY3RfYm9keV9hbmRfZXZlbnRfaWRlbnRpdHkiIHRpbWU9IjAuMTIwIiAvPjx0ZXN0Y2FzZSBjbGFzc25hbWU9InRlc3RzLnRlc3RfZGVwdGgxOV90cmF2ZWxfZmFjdHMiIG5hbWU9
2026-09-10T03:20:46.0542364Z GO_EVIDENCE_B64 InRlc3RfdW50cnVzdGVkX2xpbmtzX2Nhbm5vdF9iZWNvbWVfb2ZmaWNpYWxbamF2YXNjcmlwdDphbGVydCgxKV0iIHRpbWU9IjAuMTExIiAvPjx0ZXN0Y2FzZSBjbGFzc25hbWU9InRlc3RzLnRlc3RfZGVwdGgxOV90cmF2ZWxfZmFjdHMiIG5hbWU9InRlc3RfdW50cnVzdGVkX2xpbmtzX2Nhbm5vdF9iZWNvbWVfb2ZmaWNpYWxbaHR0cDovL2FpcmxpbmUuZXhhbXBsZS9wYXNzXSIgdGltZT0iMC4xMTAiIC8+PHRlc3RjYXNlIGNsYXNzbmFtZT0idGVzdHMudGVzdF9kZXB0aDE5X3RyYXZlbF9mYWN0cyIgbmFtZT0idGVzdF91bnRy
2026-09-10T03:20:46.0548193Z GO_EVIDENCE_B64 dXN0ZWRfbGlua3NfY2Fubm90X2JlY29tZV9vZmZpY2lhbFtodHRwczovL2FpcmxpbmUuZXhhbXBsZS5ldmlsLnRlc3QvcGFzc10iIHRpbWU9IjAuMTEwIiAvPjx0ZXN0Y2FzZSBjbGFzc25hbWU9InRlc3RzLnRlc3RfZGVwdGgxOV90cmF2ZWxfZmFjdHMiIG5hbWU9InRlc3RfdW50cnVzdGVkX2xpbmtzX2Nhbm5vdF9iZWNvbWVfb2ZmaWNpYWxbaHR0cHM6Ly91c2VyQGFpcmxpbmUuZXhhbXBsZS9wYXNzXSIgdGltZT0iMC4xMTMiIC8+PHRlc3RjYXNlIGNsYXNzbmFtZT0idGVzdHMudGVzdF9kZXB0aDE5X3RyYXZlbF9mYWN0cyIg
2026-09-10T03:20:46.0554003Z GO_EVIDENCE_B64 bmFtZT0idGVzdF91bnRydXN0ZWRfbGlua3NfY2Fubm90X2JlY29tZV9vZmZpY2lhbFtodHRwczovL2FpcmxpbmUuZXhhbXBsZTo4MDgwL3Bhc3NdIiB0aW1lPSIwLjExMiIgLz48dGVzdGNhc2UgY2xhc3NuYW1lPSJ0ZXN0cy50ZXN0X2RlcHRoMTlfdHJhdmVsX2ZhY3RzIiBuYW1lPSJ0ZXN0X3VudHJ1c3RlZF9saW5rc19jYW5ub3RfYmVjb21lX29mZmljaWFsW2h0dHBzOi8vYWlybGluZS5leGFtcGxlL1xucGFzc10iIHRpbWU9IjAuMTExIiAvPjx0ZXN0Y2FzZSBjbGFzc25hbWU9InRlc3RzLnRlc3RfZGVwdGgxOV90cmF2ZWxf
2026-09-10T03:20:46.0559759Z GO_EVIDENCE_B64 ZmFjdHMiIG5hbWU9InRlc3RfdW50cnVzdGVkX2xpbmtzX2Nhbm5vdF9iZWNvbWVfb2ZmaWNpYWxbaHR0cHM6Ly9ldmlsLmV4YW1wbGUvcGFzc10iIHRpbWU9IjAuMTEwIiAvPjx0ZXN0Y2FzZSBjbGFzc25hbWU9InRlc3RzLnRlc3RfZGVwdGgxOV90cmF2ZWxfZmFjdHMiIG5hbWU9InRlc3RfaW5kZXBlbmRlbnRfcmV2aWV3X3JldmlzaW9uX2FuZF9yZXZvY2F0aW9uX3JlbW92ZV9wYXNzX29uX3JlYWQiIHRpbWU9IjAuMTIxIiAvPjx0ZXN0Y2FzZSBjbGFzc25hbWU9InRlc3RzLnRlc3RfZGVwdGgxOV90cmF2ZWxfZmFjdHMiIG5h
2026-09-10T03:20:46.0565761Z GO_EVIDENCE_B64 bWU9InRlc3RfbWFrZXJfY2Fubm90X2FwcHJvdmVfYW5kX3JlZ2lzdGVyZWRfa2V5X2Nhbm5vdF9zaWxlbnRseV9jaGFuZ2UiIHRpbWU9IjAuMTE1IiAvPjx0ZXN0Y2FzZSBjbGFzc25hbWU9InRlc3RzLnRlc3RfZGVwdGgxOV90cmF2ZWxfZmFjdHMiIG5hbWU9InRlc3RfY2hhbmdlZF9vcmRlcl9uZXZlcl9yZXVzZXNfcHJpb3JfcGFzc1t0aWNrZXRdIiB0aW1lPSIwLjExOCIgLz48dGVzdGNhc2UgY2xhc3NuYW1lPSJ0ZXN0cy50ZXN0X2RlcHRoMTlfdHJhdmVsX2ZhY3RzIiBuYW1lPSJ0ZXN0X2NoYW5nZWRfb3JkZXJfbmV2ZXJf
2026-09-10T03:20:46.0571477Z GO_EVIDENCE_B64 cmV1c2VzX3ByaW9yX3Bhc3NbaXRpbmVyYXJ5XSIgdGltZT0iMC4xMTYiIC8+PHRlc3RjYXNlIGNsYXNzbmFtZT0idGVzdHMudGVzdF9kZXB0aDE5X3RyYXZlbF9mYWN0cyIgbmFtZT0idGVzdF9jaGFuZ2VkX29yZGVyX25ldmVyX3JldXNlc19wcmlvcl9wYXNzW3RyYXZlbGVyXSIgdGltZT0iMC4xMTkiIC8+PHRlc3RjYXNlIGNsYXNzbmFtZT0idGVzdHMudGVzdF9kZXB0aDE5X3RyYXZlbF9mYWN0cyIgbmFtZT0idGVzdF9jaGFuZ2VkX29yZGVyX25ldmVyX3JldXNlc19wcmlvcl9wYXNzW3JlZnVuZF0iIHRpbWU9IjAuMTIwIiAv
2026-09-10T03:20:46.0577252Z GO_EVIDENCE_B64 Pjx0ZXN0Y2FzZSBjbGFzc25hbWU9InRlc3RzLnRlc3RfZGVwdGgxOV90cmF2ZWxfZmFjdHMiIG5hbWU9InRlc3RfZmFjdF92YWxpZGl0eV93aW5kb3dbZXhwaXJlZF0iIHRpbWU9IjAuMTEyIiAvPjx0ZXN0Y2FzZSBjbGFzc25hbWU9InRlc3RzLnRlc3RfZGVwdGgxOV90cmF2ZWxfZmFjdHMiIG5hbWU9InRlc3RfZmFjdF92YWxpZGl0eV93aW5kb3dbZnV0dXJlXSIgdGltZT0iMC4xMTIiIC8+PHRlc3RjYXNlIGNsYXNzbmFtZT0idGVzdHMudGVzdF9kZXB0aDE5X3RyYXZlbF9mYWN0cyIgbmFtZT0idGVzdF9mYWN0X3ZhbGlkaXR5
2026-09-10T03:20:46.0582911Z GO_EVIDENCE_B64 X3dpbmRvd1t0b29fb2xkXSIgdGltZT0iMC4xMTIiIC8+PHRlc3RjYXNlIGNsYXNzbmFtZT0idGVzdHMudGVzdF9kZXB0aDE5X3RyYXZlbF9mYWN0cyIgbmFtZT0idGVzdF9mYWN0X3ZhbGlkaXR5X3dpbmRvd1tiZXlvbmRfYXV0aG9yaXR5XSIgdGltZT0iMC4xMTQiIC8+PHRlc3RjYXNlIGNsYXNzbmFtZT0idGVzdHMudGVzdF9kZXB0aDE5X3RyYXZlbF9mYWN0cyIgbmFtZT0idGVzdF9ub19mYWxsYmFja190b19vbGRlcl9mYWN0X3doZW5fbmV3ZXN0X2lzX2V4cGlyZWRfb3JfY29ycnVwdCIgdGltZT0iMC4xMjMiIC8+PHRlc3Rj
2026-09-10T03:20:46.0588731Z GO_EVIDENCE_B64 YXNlIGNsYXNzbmFtZT0idGVzdHMudGVzdF9kZXB0aDE5X3RyYXZlbF9mYWN0cyIgbmFtZT0idGVzdF9zZXF1ZW5jZV9hbmRfcHJvdmlkZXJfc3dpdGNoX2FyZV9leHBsaWNpdCIgdGltZT0iMC4xMjYiIC8+PHRlc3RjYXNlIGNsYXNzbmFtZT0idGVzdHMudGVzdF9kZXB0aDE5X3RyYXZlbF9mYWN0cyIgbmFtZT0idGVzdF9jYXJyaWVyX3Njb3BlX2FuZF9wcm9kdWN0aW9uX2dhdGUiIHRpbWU9IjAuMTEzIiAvPjx0ZXN0Y2FzZSBjbGFzc25hbWU9InRlc3RzLnRlc3RfZGVwdGgyMF9hcGlfZnVsZmlsbG1lbnQiIG5hbWU9InRlc3Rf
2026-09-10T03:20:46.0594433Z GO_EVIDENCE_B64 cmFpbF9zdXBwbGllcl9jYW5ub3RfdGlja2V0X3dyb25nX2NvdW50X29yX2ludmFsaWRfaWRlbnRpdGllc1t0aWNrZXRzMF0iIHRpbWU9IjAuNDc3IiAvPjx0ZXN0Y2FzZSBjbGFzc25hbWU9InRlc3RzLnRlc3RfZGVwdGgyMF9hcGlfZnVsZmlsbG1lbnQiIG5hbWU9InRlc3RfcmFpbF9zdXBwbGllcl9jYW5ub3RfdGlja2V0X3dyb25nX2NvdW50X29yX2ludmFsaWRfaWRlbnRpdGllc1t0aWNrZXRzMV0iIHRpbWU9IjAuNDc2IiAvPjx0ZXN0Y2FzZSBjbGFzc25hbWU9InRlc3RzLnRlc3RfZGVwdGgyMF9hcGlfZnVsZmlsbG1lbnQi
2026-09-10T03:20:46.0600154Z GO_EVIDENCE_B64 IG5hbWU9InRlc3RfcmFpbF9zdXBwbGllcl9jYW5ub3RfdGlja2V0X3dyb25nX2NvdW50X29yX2ludmFsaWRfaWRlbnRpdGllc1t0aWNrZXRzMl0iIHRpbWU9IjAuNDcxIiAvPjx0ZXN0Y2FzZSBjbGFzc25hbWU9InRlc3RzLnRlc3RfZGVwdGgyMF9hcGlfZnVsZmlsbG1lbnQiIG5hbWU9InRlc3RfcmFpbF9zdXBwbGllcl9jYW5ub3RfdGlja2V0X3dyb25nX2NvdW50X29yX2ludmFsaWRfaWRlbnRpdGllc1t0aWNrZXRzM10iIHRpbWU9IjAuNDc4IiAvPjx0ZXN0Y2FzZSBjbGFzc25hbWU9InRlc3RzLnRlc3RfZGVwdGgyMF9hcGlf
2026-09-10T03:20:46.0606002Z GO_EVIDENCE_B64 ZnVsZmlsbG1lbnQiIG5hbWU9InRlc3RfcmFpbF9zdXBwbGllcl9jYW5ub3RfdGlja2V0X3dyb25nX2NvdW50X29yX2ludmFsaWRfaWRlbnRpdGllc1t0aWNrZXRzNF0iIHRpbWU9IjAuNTA1IiAvPjx0ZXN0Y2FzZSBjbGFzc25hbWU9InRlc3RzLnRlc3RfZGVwdGgyMF9hcGlfZnVsZmlsbG1lbnQiIG5hbWU9InRlc3RfY29uZmlybWVkX3JhaWxfdGlja2V0c19yZXBsYXlfZXhhY3RseV9hbmRfY2Fubm90X2JlX3JlcGxhY2VkIiB0aW1lPSIwLjQ5NiIgLz48dGVzdGNhc2UgY2xhc3NuYW1lPSJ0ZXN0cy50ZXN0X2RlcHRoMjBfYXBp
2026-09-10T03:20:46.0611645Z GO_EVIDENCE_B64 X2Z1bGZpbGxtZW50IiBuYW1lPSJ0ZXN0X211bHRpX3BlcnNvbl9jaGFuZ2VfcmVmdW5kX3JldHVybnNfdG9fb3JpZ2luYWxfYW5kX2FkanVzdG1lbnRfY2FwdHVyZXMiIHRpbWU9IjAuNTU5IiAvPjx0ZXN0Y2FzZSBjbGFzc25hbWU9InRlc3RzLnRlc3RfZGVwdGgyMF9hcGlfZnVsZmlsbG1lbnQiIG5hbWU9InRlc3RfYnVzaW5lc3NfY2xhc3NfY2hhbmdlX3VzZXNfcXVvdGVkX3plcm9fZmVlIiB0aW1lPSIwLjQ4MSIgLz48dGVzdGNhc2UgY2xhc3NuYW1lPSJ0ZXN0cy50ZXN0X2RlcHRoMjBfYXBpX2Z1bGZpbGxtZW50IiBuYW1l
2026-09-10T03:20:46.0617437Z GO_EVIDENCE_B64 PSJ0ZXN0X3dyb25nX3JlaXNzdWVkX3BhcnR5X2Nhbm5vdF9jYXB0dXJlX2FkanVzdG1lbnQiIHRpbWU9IjAuNTMxIiAvPjx0ZXN0Y2FzZSBjbGFzc25hbWU9InRlc3RzLnRlc3RfZGVwdGgyMF9hcGlfZnVsZmlsbG1lbnQiIG5hbWU9InRlc3RfbWlzc2luZ19jb25maXJtZWRfYWRqdXN0bWVudF9jYW5ub3RfbWFya19jaGFuZ2VfZXhlY3V0ZWQiIHRpbWU9IjAuNTIyIiAvPjx0ZXN0Y2FzZSBjbGFzc25hbWU9InRlc3RzLnRlc3RfZGVwdGgyMF9hcGlfZnVsZmlsbG1lbnQiIG5hbWU9InRlc3Rfc2lnbmVkX2luX3ByZWJvb2tfY2Fu
2026-09-10T03:20:46.0623269Z GO_EVIDENCE_B64 bm90X2JlX2NsYWltZWRfYnlfYW5vdGhlcl9jb25zdW1lciIgdGltZT0iMC42ODkiIC8+PHRlc3RjYXNlIGNsYXNzbmFtZT0idGVzdHMudGVzdF9kZXB0aDIwX2FwaV9mdWxmaWxsbWVudCIgbmFtZT0idGVzdF9yYWlsX2h0dHBfcmVqZWN0c19hbWJpZ3VvdXNfb3JfdW5zdXBwb3J0ZWRfcXVhbnRpdGllc1tUcnVlXSIgdGltZT0iMC4xNzAiIC8+PHRlc3RjYXNlIGNsYXNzbmFtZT0idGVzdHMudGVzdF9kZXB0aDIwX2FwaV9mdWxmaWxsbWVudCIgbmFtZT0idGVzdF9yYWlsX2h0dHBfcmVqZWN0c19hbWJpZ3VvdXNfb3JfdW5zdXBw
2026-09-10T03:20:46.0629034Z GO_EVIDENCE_B64 b3J0ZWRfcXVhbnRpdGllc1sxLjJdIiB0aW1lPSIwLjE2OSIgLz48dGVzdGNhc2UgY2xhc3NuYW1lPSJ0ZXN0cy50ZXN0X2RlcHRoMjBfYXBpX2Z1bGZpbGxtZW50IiBuYW1lPSJ0ZXN0X3JhaWxfaHR0cF9yZWplY3RzX2FtYmlndW91c19vcl91bnN1cHBvcnRlZF9xdWFudGl0aWVzWzJdIiB0aW1lPSIwLjE3MiIgLz48dGVzdGNhc2UgY2xhc3NuYW1lPSJ0ZXN0cy50ZXN0X2RlcHRoMjBfYXBpX2Z1bGZpbGxtZW50IiBuYW1lPSJ0ZXN0X3JhaWxfaHR0cF9yZWplY3RzX2FtYmlndW91c19vcl91bnN1cHBvcnRlZF9xdWFudGl0aWVz
2026-09-10T03:20:46.0634631Z GO_EVIDENCE_B64 WzBdIiB0aW1lPSIwLjE3MiIgLz48dGVzdGNhc2UgY2xhc3NuYW1lPSJ0ZXN0cy50ZXN0X2RlcHRoMjBfYXBpX2Z1bGZpbGxtZW50IiBuYW1lPSJ0ZXN0X3JhaWxfaHR0cF9yZWplY3RzX2FtYmlndW91c19vcl91bnN1cHBvcnRlZF9xdWFudGl0aWVzWzEwXSIgdGltZT0iMC4xNzIiIC8+PHRlc3RjYXNlIGNsYXNzbmFtZT0idGVzdHMudGVzdF9kZXB0aDIwX2FwaV9mdWxmaWxsbWVudCIgbmFtZT0idGVzdF9pbnZhbGlkX2F1dGhlbnRpY2F0aW9uX25ldmVyX2ZhbGxzX2JhY2tfdG9fYW5vbnltb3VzX3F1b3RlIiB0aW1lPSIwLjE1
2026-09-10T03:20:46.0640401Z GO_EVIDENCE_B64 MCIgLz48dGVzdGNhc2UgY2xhc3NuYW1lPSJ0ZXN0cy50ZXN0X2RlcHRoMjBfYXBpX2Z1bGZpbGxtZW50IiBuYW1lPSJ0ZXN0X2NoYW5nZWRfdmF1bHRfaWRlbnRpdHlfd2l0aF9zYW1lX25hbWVfY2Fubm90X3JldXNlX3ByZWJvb2siIHRpbWU9IjAuMTMwIiAvPjx0ZXN0Y2FzZSBjbGFzc25hbWU9InRlc3RzLnRlc3RfZGVwdGgyMF9hcGlfZnVsZmlsbG1lbnQiIG5hbWU9InRlc3RfbWlncmF0aW9uX3JvdW5kdHJpcF9wcmVzZXJ2ZXNfaGlzdG9yeV9hbmRfcmVmdXNlc19wcmVib29rX2V2aWRlbmNlX2xvc3MiIHRpbWU9IjAuNDM1
2026-09-10T03:20:46.0646164Z GO_EVIDENCE_B64 IiAvPjx0ZXN0Y2FzZSBjbGFzc25hbWU9InRlc3RzLnRlc3RfZGVwdGgyMV9yZWZ1bmRfcmVjb3ZlcnkiIG5hbWU9InRlc3RfcmVmdW5kX3JldHJ5X3JldHVybnNfc2FtZV9yZWNlaXB0X2FuZF9vbmVfbW9uZXlfbW92ZW1lbnRbUkFJTF0iIHRpbWU9IjAuMTkyIiAvPjx0ZXN0Y2FzZSBjbGFzc25hbWU9InRlc3RzLnRlc3RfZGVwdGgyMV9yZWZ1bmRfcmVjb3ZlcnkiIG5hbWU9InRlc3RfcmVmdW5kX3JldHJ5X3JldHVybnNfc2FtZV9yZWNlaXB0X2FuZF9vbmVfbW9uZXlfbW92ZW1lbnRbQVRUUkFDVElPTl0iIHRpbWU9IjAuMTcy
2026-09-10T03:20:46.0651880Z GO_EVIDENCE_B64 IiAvPjx0ZXN0Y2FzZSBjbGFzc25hbWU9InRlc3RzLnRlc3RfZGVwdGgyMV9yZWZ1bmRfcmVjb3ZlcnkiIG5hbWU9InRlc3RfbW9uZXlfY29uZmlybWVkX3RoZW5fb3JkZXJfY29tbWl0X2ZhaWx1cmVfcmVjb3ZlcnNfd2l0aG91dF9yZWZ1bmRfcmVzZW5kW1JBSUxdIiB0aW1lPSIwLjIwMSIgLz48dGVzdGNhc2UgY2xhc3NuYW1lPSJ0ZXN0cy50ZXN0X2RlcHRoMjFfcmVmdW5kX3JlY292ZXJ5IiBuYW1lPSJ0ZXN0X21vbmV5X2NvbmZpcm1lZF90aGVuX29yZGVyX2NvbW1pdF9mYWlsdXJlX3JlY292ZXJzX3dpdGhvdXRfcmVmdW5k
2026-09-10T03:20:46.0657826Z GO_EVIDENCE_B64 X3Jlc2VuZFtBVFRSQUNUSU9OXSIgdGltZT0iMC4xODEiIC8+PHRlc3RjYXNlIGNsYXNzbmFtZT0idGVzdHMudGVzdF9kZXB0aDIxX3JlZnVuZF9yZWNvdmVyeSIgbmFtZT0idGVzdF9jb25jdXJyZW50X3JlZnVuZF9oYXNfb25lX2V4ZWN1dG9yX2FuZF9ibG9ja3NfY2hhbmdlX29yX3JlZGVlbVtSQUlMXSIgdGltZT0iMC4xODgiIC8+PHRlc3RjYXNlIGNsYXNzbmFtZT0idGVzdHMudGVzdF9kZXB0aDIxX3JlZnVuZF9yZWNvdmVyeSIgbmFtZT0idGVzdF9jb25jdXJyZW50X3JlZnVuZF9oYXNfb25lX2V4ZWN1dG9yX2FuZF9ibG9j
2026-09-10T03:20:46.0663567Z GO_EVIDENCE_B64 a3NfY2hhbmdlX29yX3JlZGVlbVtBVFRSQUNUSU9OXSIgdGltZT0iMC4xNzYiIC8+PHRlc3RjYXNlIGNsYXNzbmFtZT0idGVzdHMudGVzdF9kZXB0aDIxX3JlZnVuZF9yZWNvdmVyeSIgbmFtZT0idGVzdF91bmtub3duX21vbmV5X3JlbWFpbnNfcGVuZGluZ19hbmRfY2Fubm90X2NoYW5nZVtSQUlMXSIgdGltZT0iMC4xNzMiIC8+PHRlc3RjYXNlIGNsYXNzbmFtZT0idGVzdHMudGVzdF9kZXB0aDIxX3JlZnVuZF9yZWNvdmVyeSIgbmFtZT0idGVzdF91bmtub3duX21vbmV5X3JlbWFpbnNfcGVuZGluZ19hbmRfY2Fubm90X2NoYW5n
2026-09-10T03:20:46.0669386Z GO_EVIDENCE_B64 ZVtBVFRSQUNUSU9OXSIgdGltZT0iMC4xNjAiIC8+PHRlc3RjYXNlIGNsYXNzbmFtZT0idGVzdHMudGVzdF9kZXB0aDIxX3JlZnVuZF9yZWNvdmVyeSIgbmFtZT0idGVzdF9mYWJyaWNhdGVkX2NvbmZpcm1hdGlvbl9jYW5ub3RfY29tcGxldGVfcmVmdW5kW1JBSUxdIiB0aW1lPSIwLjE3NSIgLz48dGVzdGNhc2UgY2xhc3NuYW1lPSJ0ZXN0cy50ZXN0X2RlcHRoMjFfcmVmdW5kX3JlY292ZXJ5IiBuYW1lPSJ0ZXN0X2ZhYnJpY2F0ZWRfY29uZmlybWF0aW9uX2Nhbm5vdF9jb21wbGV0ZV9yZWZ1bmRbQVRUUkFDVElPTl0iIHRpbWU9
2026-09-10T03:20:46.0675387Z GO_EVIDENCE_B64 IjAuMTU3IiAvPjx0ZXN0Y2FzZSBjbGFzc25hbWU9InRlc3RzLnRlc3RfZGVwdGgyMV9yZWZ1bmRfcmVjb3ZlcnkiIG5hbWU9InRlc3RfcmVmdW5kX3JlY2VpcHRfZm9yX2Fub3RoZXJfb3JkZXJfY2Fubm90X2NvbXBsZXRlX3RoaXNfb3JkZXJbUkFJTF0iIHRpbWU9IjAuMjUxIiAvPjx0ZXN0Y2FzZSBjbGFzc25hbWU9InRlc3RzLnRlc3RfZGVwdGgyMV9yZWZ1bmRfcmVjb3ZlcnkiIG5hbWU9InRlc3RfcmVmdW5kX3JlY2VpcHRfZm9yX2Fub3RoZXJfb3JkZXJfY2Fubm90X2NvbXBsZXRlX3RoaXNfb3JkZXJbQVRUUkFDVElPTl0i
2026-09-10T03:20:46.0681071Z GO_EVIDENCE_B64 IHRpbWU9IjAuMjE3IiAvPjx0ZXN0Y2FzZSBjbGFzc25hbWU9InRlc3RzLnRlc3RfZGVwdGgyMV9yZWZ1bmRfcmVjb3ZlcnkiIG5hbWU9InRlc3RfcHJvY2Vzc19leGl0X2FmdGVyX21vbmV5X2Nhbl9yZXN1bWVfb25seV9hZnRlcl9sZWFzZV9leHBpcnlbUkFJTF0iIHRpbWU9IjIuMzE3IiAvPjx0ZXN0Y2FzZSBjbGFzc25hbWU9InRlc3RzLnRlc3RfZGVwdGgyMV9yZWZ1bmRfcmVjb3ZlcnkiIG5hbWU9InRlc3RfcHJvY2Vzc19leGl0X2FmdGVyX21vbmV5X2Nhbl9yZXN1bWVfb25seV9hZnRlcl9sZWFzZV9leHBpcnlbQVRUUkFD
2026-09-10T03:20:46.0686849Z GO_EVIDENCE_B64 VElPTl0iIHRpbWU9IjIuMzA5IiAvPjx0ZXN0Y2FzZSBjbGFzc25hbWU9InRlc3RzLnRlc3RfZGVwdGgyMV9yZWZ1bmRfcmVjb3ZlcnkiIG5hbWU9InRlc3RfcmFpbF9jaGFuZ2VfcmVzZXJ2ZXNfb3JkZXJfYmVmb3JlX2F1dGhvcml6YXRpb25fYW5kX3Jlc3VtZXNfYWZ0ZXJfY3Jhc2giIHRpbWU9IjAuMTk0IiAvPjx0ZXN0Y2FzZSBjbGFzc25hbWU9InRlc3RzLnRlc3RfZGVwdGgyMV9yZWZ1bmRfcmVjb3ZlcnkiIG5hbWU9InRlc3RfbXV0YXRlZF9mcm96ZW5fcXVvdGVfaXNfcmVqZWN0ZWRfYmVmb3JlX21vcmVfbW9uZXlfbW92
2026-09-10T03:20:46.0692554Z GO_EVIDENCE_B64 ZXMiIHRpbWU9IjAuMTc1IiAvPjx0ZXN0Y2FzZSBjbGFzc25hbWU9InRlc3RzLnRlc3RfZGVwdGgyMV9yZWZ1bmRfcmVjb3ZlcnkiIG5hbWU9InRlc3RfbWlncmF0aW9uX3JvdW5kdHJpcF9wcmVzZXJ2ZXNfcHJpb3JfaGlzdG9yeV9hbmRfYmxvY2tzX2pvdXJuYWxfbG9zcyIgdGltZT0iMC4xOTAiIC8+PHRlc3RjYXNlIGNsYXNzbmFtZT0idGVzdHMudGVzdF9kZXB0aDIyX3JhaWxfcmVzb2x1dGlvbiIgbmFtZT0idGVzdF9leGFjdF9yZXBsYXlfYW5kX2NvbmZsaWN0aW5nX2RlY2lzaW9uW1RJQ0tFVEVEXSIgdGltZT0iMC4yMTci
2026-09-10T03:20:46.0698353Z GO_EVIDENCE_B64 IC8+PHRlc3RjYXNlIGNsYXNzbmFtZT0idGVzdHMudGVzdF9kZXB0aDIyX3JhaWxfcmVzb2x1dGlvbiIgbmFtZT0idGVzdF9leGFjdF9yZXBsYXlfYW5kX2NvbmZsaWN0aW5nX2RlY2lzaW9uW0ZBSUxFRF0iIHRpbWU9IjAuMjE2IiAvPjx0ZXN0Y2FzZSBjbGFzc25hbWU9InRlc3RzLnRlc3RfZGVwdGgyMl9yYWlsX3Jlc29sdXRpb24iIG5hbWU9InRlc3RfY29tbWl0X2ZhaWx1cmVfYWZ0ZXJfbW9uZXlfcmVjb3ZlcnNbVElDS0VURURdIiB0aW1lPSIwLjIyNiIgLz48dGVzdGNhc2UgY2xhc3NuYW1lPSJ0ZXN0cy50ZXN0X2RlcHRo
2026-09-10T03:20:46.0703990Z GO_EVIDENCE_B64 MjJfcmFpbF9yZXNvbHV0aW9uIiBuYW1lPSJ0ZXN0X2NvbW1pdF9mYWlsdXJlX2FmdGVyX21vbmV5X3JlY292ZXJzW0ZBSUxFRF0iIHRpbWU9IjAuMjI1IiAvPjx0ZXN0Y2FzZSBjbGFzc25hbWU9InRlc3RzLnRlc3RfZGVwdGgyMl9yYWlsX3Jlc29sdXRpb24iIG5hbWU9InRlc3RfY29uY3VycmVudF9vcHBvc2l0ZV9kZWNpc2lvbl9uZXZlcl9kaXNwYXRjaGVzX21vbmV5W1RJQ0tFVEVEXSIgdGltZT0iMC4yMTgiIC8+PHRlc3RjYXNlIGNsYXNzbmFtZT0idGVzdHMudGVzdF9kZXB0aDIyX3JhaWxfcmVzb2x1dGlvbiIgbmFtZT0i
2026-09-10T03:20:46.0709857Z GO_EVIDENCE_B64 dGVzdF9jb25jdXJyZW50X29wcG9zaXRlX2RlY2lzaW9uX25ldmVyX2Rpc3BhdGNoZXNfbW9uZXlbRkFJTEVEXSIgdGltZT0iMC4yMTciIC8+PHRlc3RjYXNlIGNsYXNzbmFtZT0idGVzdHMudGVzdF9kZXB0aDIyX3JhaWxfcmVzb2x1dGlvbiIgbmFtZT0idGVzdF9wcm9jZXNzX2V4aXRfYWZ0ZXJfbW9uZXlfcmVjb3ZlcnNbVElDS0VURURdIiB0aW1lPSIyLjM3MyIgLz48dGVzdGNhc2UgY2xhc3NuYW1lPSJ0ZXN0cy50ZXN0X2RlcHRoMjJfcmFpbF9yZXNvbHV0aW9uIiBuYW1lPSJ0ZXN0X3Byb2Nlc3NfZXhpdF9hZnRlcl9tb25l
2026-09-10T03:20:46.0715592Z GO_EVIDENCE_B64 eV9yZWNvdmVyc1tGQUlMRURdIiB0aW1lPSIyLjM2OSIgLz48dGVzdGNhc2UgY2xhc3NuYW1lPSJ0ZXN0cy50ZXN0X2RlcHRoMjJfcmFpbF9yZXNvbHV0aW9uIiBuYW1lPSJ0ZXN0X3ByaW9yX3JlcGxheV9jYW5ub3RfbW9kaWZ5X25leHRfY2hhbmdlIiB0aW1lPSIwLjI0MiIgLz48dGVzdGNhc2UgY2xhc3NuYW1lPSJ0ZXN0cy50ZXN0X2RlcHRoMjJfcmFpbF9yZXNvbHV0aW9uIiBuYW1lPSJ0ZXN0X2Zyb3plbl9pZGVudGl0eV9jYW5ub3RfYmVfcmVwbGFjZWRbdGlja2V0XSIgdGltZT0iMC4yMDAiIC8+PHRlc3RjYXNlIGNsYXNz
2026-09-10T03:20:46.0721514Z GO_EVIDENCE_B64 bmFtZT0idGVzdHMudGVzdF9kZXB0aDIyX3JhaWxfcmVzb2x1dGlvbiIgbmFtZT0idGVzdF9mcm96ZW5faWRlbnRpdHlfY2Fubm90X2JlX3JlcGxhY2VkW3F1b3RlXSIgdGltZT0iMC4yMDIiIC8+PHRlc3RjYXNlIGNsYXNzbmFtZT0idGVzdHMudGVzdF9kZXB0aDIyX3JhaWxfcmVzb2x1dGlvbiIgbmFtZT0idGVzdF9mcm96ZW5faWRlbnRpdHlfY2Fubm90X2JlX3JlcGxhY2VkW293bmVyXSIgdGltZT0iMC4yMDIiIC8+PHRlc3RjYXNlIGNsYXNzbmFtZT0idGVzdHMudGVzdF9kZXB0aDIyX3JhaWxfcmVzb2x1dGlvbiIgbmFtZT0i
2026-09-10T03:20:46.0727571Z GO_EVIDENCE_B64 dGVzdF9mcm96ZW5faWRlbnRpdHlfY2Fubm90X2JlX3JlcGxhY2VkW2hhc2hdIiB0aW1lPSIwLjIwMiIgLz48dGVzdGNhc2UgY2xhc3NuYW1lPSJ0ZXN0cy50ZXN0X2RlcHRoMjJfcmFpbF9yZXNvbHV0aW9uIiBuYW1lPSJ0ZXN0X2ZhYnJpY2F0ZWRfbW9uZXlfc3RheXNfcGVuZGluZ1tUSUNLRVRFRF0iIHRpbWU9IjAuMjAzIiAvPjx0ZXN0Y2FzZSBjbGFzc25hbWU9InRlc3RzLnRlc3RfZGVwdGgyMl9yYWlsX3Jlc29sdXRpb24iIG5hbWU9InRlc3RfZmFicmljYXRlZF9tb25leV9zdGF5c19wZW5kaW5nW0ZBSUxFRF0iIHRpbWU9
2026-09-10T03:20:46.0733180Z GO_EVIDENCE_B64 IjAuMjA0IiAvPjx0ZXN0Y2FzZSBjbGFzc25hbWU9InRlc3RzLnRlc3RfZGVwdGgyMl9yYWlsX3Jlc29sdXRpb24iIG5hbWU9InRlc3Rfc3RhbGVfd29ya2VyX2Nhbm5vdF9jb21taXQiIHRpbWU9IjAuMjIwIiAvPjx0ZXN0Y2FzZSBjbGFzc25hbWU9InRlc3RzLnRlc3RfZGVwdGgyMl9yYWlsX3Jlc29sdXRpb24iIG5hbWU9InRlc3RfbWlncmF0aW9uX3JldGFpbnNfbm9uZW1wdHlfam91cm5hbCIgdGltZT0iMC4xOTkiIC8+PHRlc3RjYXNlIGNsYXNzbmFtZT0idGVzdHMudGVzdF9kZXB0aDIyX3JhaWxfcmVzb2x1dGlvbiIgbmFt
2026-09-10T03:20:46.0738960Z GO_EVIDENCE_B64 ZT0idGVzdF9xdW90ZV9pZF9yZXF1aXJlZF93aGVuX2RlbGF5ZWRfcmVzcG9uc2VfaXNfYW1iaWd1b3VzIiB0aW1lPSIwLjIzNyIgLz48dGVzdGNhc2UgY2xhc3NuYW1lPSJ0ZXN0cy50ZXN0X2RlcHRoMjJfcmFpbF9yZXNvbHV0aW9uIiBuYW1lPSJ0ZXN0X21vbmV5X3JlY2VpcHRfZnJvbV9vdGhlcl9vcmRlcl9yZWplY3RlZCIgdGltZT0iMC4zMDEiIC8+PHRlc3RjYXNlIGNsYXNzbmFtZT0idGVzdHMudGVzdF9kZXB0aDIyX3JhaWxfcmVzb2x1dGlvbiIgbmFtZT0idGVzdF9xdW90ZV9pZF9mcm9tX290aGVyX29yZGVyX2Nhbm5v
2026-09-10T03:20:46.0744601Z GO_EVIDENCE_B64 dF9kaXNwYXRjaF9tb25leSIgdGltZT0iMC4yOTEiIC8+PHRlc3RjYXNlIGNsYXNzbmFtZT0idGVzdHMudGVzdF9kZXB0aDIyX3JhaWxfcmVzb2x1dGlvbiIgbmFtZT0idGVzdF9hZG1pbl9yb3V0ZV9yZXF1aXJlc19hdXRoX2FuZF9jb25mbGljdHNfYXJlXzQwOSIgdGltZT0iMC4xNTMiIC8+PHRlc3RjYXNlIGNsYXNzbmFtZT0idGVzdHMudGVzdF9kZXB0aDIzX2NhcGFjaXR5IiBuYW1lPSJ0ZXN0X2NvbmN1cnJlbnRfZGlzdGluY3RfcXVvdGVzX3NoYXJlX29uZV9jYXBhY2l0eVtSQUlMLTktMl0iIHRpbWU9IjAuMjIwIiAvPjx0
2026-09-10T03:20:46.0750406Z GO_EVIDENCE_B64 ZXN0Y2FzZSBjbGFzc25hbWU9InRlc3RzLnRlc3RfZGVwdGgyM19jYXBhY2l0eSIgbmFtZT0idGVzdF9jb25jdXJyZW50X2Rpc3RpbmN0X3F1b3Rlc19zaGFyZV9vbmVfY2FwYWNpdHlbQVRUUkFDVElPTi0xMi0yXSIgdGltZT0iMC4xNzYiIC8+PHRlc3RjYXNlIGNsYXNzbmFtZT0idGVzdHMudGVzdF9kZXB0aDIzX2NhcGFjaXR5IiBuYW1lPSJ0ZXN0X2NhbmNlbF91bnBhaWRfcmVsZWFzZXNfb25jZV9hbmRfYmxvY2tzX2xhdGVyX3BheW1lbnRbUkFJTF0iIHRpbWU9IjAuMTQzIiAvPjx0ZXN0Y2FzZSBjbGFzc25hbWU9InRlc3Rz
2026-09-10T03:20:46.0756148Z GO_EVIDENCE_B64 LnRlc3RfZGVwdGgyM19jYXBhY2l0eSIgbmFtZT0idGVzdF9jYW5jZWxfdW5wYWlkX3JlbGVhc2VzX29uY2VfYW5kX2Jsb2Nrc19sYXRlcl9wYXltZW50W0FUVFJBQ1RJT05dIiB0aW1lPSIwLjEzMyIgLz48dGVzdGNhc2UgY2xhc3NuYW1lPSJ0ZXN0cy50ZXN0X2RlcHRoMjNfY2FwYWNpdHkiIG5hbWU9InRlc3RfcGF5bWVudF9zdGFydGVkX2Nhbm5vdF9yZWxlYXNlX2NhcGFjaXR5W1JBSUxdIiB0aW1lPSIwLjE3MCIgLz48dGVzdGNhc2UgY2xhc3NuYW1lPSJ0ZXN0cy50ZXN0X2RlcHRoMjNfY2FwYWNpdHkiIG5hbWU9InRlc3Rf
2026-09-10T03:20:46.0761754Z GO_EVIDENCE_B64 cGF5bWVudF9zdGFydGVkX2Nhbm5vdF9yZWxlYXNlX2NhcGFjaXR5W0FUVFJBQ1RJT05dIiB0aW1lPSIwLjE0NiIgLz48dGVzdGNhc2UgY2xhc3NuYW1lPSJ0ZXN0cy50ZXN0X2RlcHRoMjNfY2FwYWNpdHkiIG5hbWU9InRlc3RfcmVmdW5kX29ubHlfcmVsZWFzZXNfYWZ0ZXJfY29uZmlybWVkX21vbmV5W1JBSUxdIiB0aW1lPSIwLjE5NiIgLz48dGVzdGNhc2UgY2xhc3NuYW1lPSJ0ZXN0cy50ZXN0X2RlcHRoMjNfY2FwYWNpdHkiIG5hbWU9InRlc3RfcmVmdW5kX29ubHlfcmVsZWFzZXNfYWZ0ZXJfY29uZmlybWVkX21vbmV5W0FU
2026-09-10T03:20:46.0767750Z GO_EVIDENCE_B64 VFJBQ1RJT05dIiB0aW1lPSIwLjE4MSIgLz48dGVzdGNhc2UgY2xhc3NuYW1lPSJ0ZXN0cy50ZXN0X2RlcHRoMjNfY2FwYWNpdHkiIG5hbWU9InRlc3RfcmFpbF9jaGFuZ2VfaG9sZHNfYm90aF9kYXRlc191bnRpbF9yZXN1bHRfdGhlbl9yZWxlYXNlc19jb3JyZWN0X3Bvb2xbVElDS0VURURdIiB0aW1lPSIwLjI0MSIgLz48dGVzdGNhc2UgY2xhc3NuYW1lPSJ0ZXN0cy50ZXN0X2RlcHRoMjNfY2FwYWNpdHkiIG5hbWU9InRlc3RfcmFpbF9jaGFuZ2VfaG9sZHNfYm90aF9kYXRlc191bnRpbF9yZXN1bHRfdGhlbl9yZWxlYXNlc19j
2026-09-10T03:20:46.0775260Z GO_EVIDENCE_B64 b3JyZWN0X3Bvb2xbRkFJTEVEXSIgdGltZT0iMC4yMzgiIC8+PHRlc3RjYXNlIGNsYXNzbmFtZT0idGVzdHMudGVzdF9kZXB0aDIzX2NhcGFjaXR5IiBuYW1lPSJ0ZXN0X2F0dHJhY3Rpb25fY2hhbmdlX2FuZF9yZWRlbXB0aW9uX3JldGFpbl9jdXJyZW50X3Nlc3Npb25fY2FwYWNpdHkiIHRpbWU9IjAuMjEzIiAvPjx0ZXN0Y2FzZSBjbGFzc25hbWU9InRlc3RzLnRlc3RfZGVwdGgyM19jYXBhY2l0eSIgbmFtZT0idGVzdF9hdHRyYWN0aW9uX3NhbWVfc2Vzc2lvbl9jaGFuZ2VfZG9lc19ub3RfZG91YmxlX3Jlc2VydmUiIHRpbWU9
2026-09-10T03:20:46.0786048Z GO_EVIDENCE_B64 IjAuMTg3IiAvPjx0ZXN0Y2FzZSBjbGFzc25hbWU9InRlc3RzLnRlc3RfZGVwdGgyM19jYXBhY2l0eSIgbmFtZT0idGVzdF9kYXRlX2FuZF9zZXNzaW9uX3Bvb2xzX2FyZV9pc29sYXRlZCIgdGltZT0iMC4xNDgiIC8+PHRlc3RjYXNlIGNsYXNzbmFtZT0idGVzdHMudGVzdF9kZXB0aDIzX2NhcGFjaXR5IiBuYW1lPSJ0ZXN0X3NhbWVfcHJlYm9va19yZXBsYXlfZG9lc19ub3RfYWxsb2NhdGVfdHdpY2UiIHRpbWU9IjAuMTMyIiAvPjx0ZXN0Y2FzZSBjbGFzc25hbWU9InRlc3RzLnRlc3RfZGVwdGgyM19jYXBhY2l0eSIgbmFtZT0i
2026-09-10T03:20:46.0791775Z GO_EVIDENCE_B64 dGVzdF90cmFpbl9jYXBhY2l0eV9pc19zaGFyZWRfYWNyb3NzX292ZXJsYXBwaW5nX3N0YXRpb25fcXVlcmllcyIgdGltZT0iMC4xMzQiIC8+PHRlc3RjYXNlIGNsYXNzbmFtZT0idGVzdHMudGVzdF9kZXB0aDIzX2NhcGFjaXR5IiBuYW1lPSJ0ZXN0X21pZ3JhdGlvbl9ibG9ja3NfYWxsb2NhdGVkX2hpc3RvcnlfbG9zcyIgdGltZT0iMC4yMTQiIC8+PHRlc3RjYXNlIGNsYXNzbmFtZT0idGVzdHMudGVzdF9kZXB0aDIzX2NhcGFjaXR5IiBuYW1lPSJ0ZXN0X2xlZ2FjeV9vcmRlcnNfYXJlX25vdF9zaWxlbnRseV9pZ25vcmVkW1JB
2026-09-10T03:20:46.0797687Z GO_EVIDENCE_B64 SUxdIiB0aW1lPSIwLjEzNiIgLz48dGVzdGNhc2UgY2xhc3NuYW1lPSJ0ZXN0cy50ZXN0X2RlcHRoMjNfY2FwYWNpdHkiIG5hbWU9InRlc3RfbGVnYWN5X29yZGVyc19hcmVfbm90X3NpbGVudGx5X2lnbm9yZWRbQVRUUkFDVElPTl0iIHRpbWU9IjAuMTIzIiAvPjx0ZXN0Y2FzZSBjbGFzc25hbWU9InRlc3RzLnRlc3RfZGVwdGgyM19jYXBhY2l0eSIgbmFtZT0idGVzdF9vcmRlcl9jb21taXRfZmFpbHVyZV9yb2xsc19iYWNrX2NhcGFjaXR5IiB0aW1lPSIwLjEzNCIgLz48dGVzdGNhc2UgY2xhc3NuYW1lPSJ0ZXN0cy50ZXN0X2Rl
2026-09-10T03:20:46.0803346Z GO_EVIDENCE_B64 cHRoMjNfY2FwYWNpdHkiIG5hbWU9InRlc3RfY2FwYWNpdHlfc3Vydml2ZXNfcHJvY2Vzc19leGl0IiB0aW1lPSIyLjQyMCIgLz48dGVzdGNhc2UgY2xhc3NuYW1lPSJ0ZXN0cy50ZXN0X2RlcHRoMjNfY2FwYWNpdHkiIG5hbWU9InRlc3Rfc3RhcnRlZF9wYXltZW50X3dpbnNfcmFjZV9hZ2FpbnN0X3VucGFpZF9jYW5jZWxsYXRpb24iIHRpbWU9IjAuMTUzIiAvPjx0ZXN0Y2FzZSBjbGFzc25hbWU9InRlc3RzLnRlc3RfZGVwdGgyM19jYXBhY2l0eSIgbmFtZT0idGVzdF9hdHRyYWN0aW9uX2NoYW5nZV9jYW5ub3RfcmVzZXJ2ZV9m
2026-09-10T03:20:46.0809295Z GO_EVIDENCE_B64 dWxsX3RhcmdldCIgdGltZT0iMC4xNzIiIC8+PHRlc3RjYXNlIGNsYXNzbmFtZT0idGVzdHMudGVzdF9kZXB0aDIzX2NhcGFjaXR5IiBuYW1lPSJ0ZXN0X3JhaWxfY2hhbmdlX3RhcmdldF9mdWxsX3JlamVjdHNfYmVmb3JlX3N1cHBsZW1lbnRhbF9hdXRob3JpemF0aW9uIiB0aW1lPSIwLjI0MiIgLz48dGVzdGNhc2UgY2xhc3NuYW1lPSJ0ZXN0cy50ZXN0X2RlcHRoMjRfZXhwaXJ5IiBuYW1lPSJ0ZXN0X25ld19kZWFkbGluZV9pc19mcm96ZW5fYW5kX2xlZ2FjeV9oYXNfbm9uZVtSQUlMXSIgdGltZT0iMC4xMzUiIC8+PHRlc3Rj
2026-09-10T03:20:46.0815152Z GO_EVIDENCE_B64 YXNlIGNsYXNzbmFtZT0idGVzdHMudGVzdF9kZXB0aDI0X2V4cGlyeSIgbmFtZT0idGVzdF9uZXdfZGVhZGxpbmVfaXNfZnJvemVuX2FuZF9sZWdhY3lfaGFzX25vbmVbQVRUUkFDVElPTl0iIHRpbWU9IjAuMTI0IiAvPjx0ZXN0Y2FzZSBjbGFzc25hbWU9InRlc3RzLnRlc3RfZGVwdGgyNF9leHBpcnkiIG5hbWU9InRlc3RfZXhwaXJhdGlvbl9yZWxlYXNlc19vbmNlX3dpdGhfbmF0aXZlX2V2aWRlbmNlW1JBSUxdIiB0aW1lPSIwLjE0NSIgLz48dGVzdGNhc2UgY2xhc3NuYW1lPSJ0ZXN0cy50ZXN0X2RlcHRoMjRfZXhwaXJ5IiBu
2026-09-10T03:20:46.0820872Z GO_EVIDENCE_B64 YW1lPSJ0ZXN0X2V4cGlyYXRpb25fcmVsZWFzZXNfb25jZV93aXRoX25hdGl2ZV9ldmlkZW5jZVtBVFRSQUNUSU9OXSIgdGltZT0iMC4xMzkiIC8+PHRlc3RjYXNlIGNsYXNzbmFtZT0idGVzdHMudGVzdF9kZXB0aDI0X2V4cGlyeSIgbmFtZT0idGVzdF9kdWVfcGF5bWVudF9yZWplY3RlZF9iZWZvcmVfd29ya2VyX3J1bnNbUkFJTF0iIHRpbWU9IjAuMTQyIiAvPjx0ZXN0Y2FzZSBjbGFzc25hbWU9InRlc3RzLnRlc3RfZGVwdGgyNF9leHBpcnkiIG5hbWU9InRlc3RfZHVlX3BheW1lbnRfcmVqZWN0ZWRfYmVmb3JlX3dvcmtlcl9y
2026-09-10T03:20:46.0826842Z GO_EVIDENCE_B64 dW5zW0FUVFJBQ1RJT05dIiB0aW1lPSIwLjEzNSIgLz48dGVzdGNhc2UgY2xhc3NuYW1lPSJ0ZXN0cy50ZXN0X2RlcHRoMjRfZXhwaXJ5IiBuYW1lPSJ0ZXN0X2V4YWN0X2RlYWRsaW5lX3VzZXNfZGF0YWJhc2VfdGltZSIgdGltZT0iMC4xMzYiIC8+PHRlc3RjYXNlIGNsYXNzbmFtZT0idGVzdHMudGVzdF9kZXB0aDI0X2V4cGlyeSIgbmFtZT0idGVzdF9hbnlfc3RhcnRlZF9wYXltZW50X3JldGFpbnNfY2FwYWNpdHlbUkVRVUlSRVNfQ0hBTk5FTF9TRUxFQ1RJT04tUkFJTF0iIHRpbWU9IjAuMTQzIiAvPjx0ZXN0Y2FzZSBjbGFz
2026-09-10T03:20:46.0832472Z GO_EVIDENCE_B64 c25hbWU9InRlc3RzLnRlc3RfZGVwdGgyNF9leHBpcnkiIG5hbWU9InRlc3RfYW55X3N0YXJ0ZWRfcGF5bWVudF9yZXRhaW5zX2NhcGFjaXR5W1JFUVVJUkVTX0NIQU5ORUxfU0VMRUNUSU9OLUFUVFJBQ1RJT05dIiB0aW1lPSIwLjEzNCIgLz48dGVzdGNhc2UgY2xhc3NuYW1lPSJ0ZXN0cy50ZXN0X2RlcHRoMjRfZXhwaXJ5IiBuYW1lPSJ0ZXN0X2FueV9zdGFydGVkX3BheW1lbnRfcmV0YWluc19jYXBhY2l0eVtVTktOT1dOX0VYVEVSTkFMX1NUQVRFLVJBSUxdIiB0aW1lPSIwLjE0MyIgLz48dGVzdGNhc2UgY2xhc3NuYW1lPSJ0
2026-09-10T03:20:46.0838510Z GO_EVIDENCE_B64 ZXN0cy50ZXN0X2RlcHRoMjRfZXhwaXJ5IiBuYW1lPSJ0ZXN0X2FueV9zdGFydGVkX3BheW1lbnRfcmV0YWluc19jYXBhY2l0eVtVTktOT1dOX0VYVEVSTkFMX1NUQVRFLUFUVFJBQ1RJT05dIiB0aW1lPSIwLjEzNCIgLz48dGVzdGNhc2UgY2xhc3NuYW1lPSJ0ZXN0cy50ZXN0X2RlcHRoMjRfZXhwaXJ5IiBuYW1lPSJ0ZXN0X2FueV9zdGFydGVkX3BheW1lbnRfcmV0YWluc19jYXBhY2l0eVtGQUlMRUQtUkFJTF0iIHRpbWU9IjAuMTQ1IiAvPjx0ZXN0Y2FzZSBjbGFzc25hbWU9InRlc3RzLnRlc3RfZGVwdGgyNF9leHBpcnkiIG5h
2026-09-10T03:20:46.0844166Z GO_EVIDENCE_B64 bWU9InRlc3RfYW55X3N0YXJ0ZWRfcGF5bWVudF9yZXRhaW5zX2NhcGFjaXR5W0ZBSUxFRC1BVFRSQUNUSU9OXSIgdGltZT0iMC4xMzciIC8+PHRlc3RjYXNlIGNsYXNzbmFtZT0idGVzdHMudGVzdF9kZXB0aDI0X2V4cGlyeSIgbmFtZT0idGVzdF9tYW51YWxfY2FuY2VsX2ZpbmFsaXplc19kZWFkbGluZVtSQUlMXSIgdGltZT0iMC4xNDkiIC8+PHRlc3RjYXNlIGNsYXNzbmFtZT0idGVzdHMudGVzdF9kZXB0aDI0X2V4cGlyeSIgbmFtZT0idGVzdF9tYW51YWxfY2FuY2VsX2ZpbmFsaXplc19kZWFkbGluZVtBVFRSQUNUSU9OXSIg
2026-09-10T03:20:46.0849960Z GO_EVIDENCE_B64 dGltZT0iMC4xMzMiIC8+PHRlc3RjYXNlIGNsYXNzbmFtZT0idGVzdHMudGVzdF9kZXB0aDI0X2V4cGlyeSIgbmFtZT0idGVzdF90d29fZXhwaXJ5X3dvcmtlcnNfcmVsZWFzZV9vbmNlW1JBSUxdIiB0aW1lPSIwLjE1MiIgLz48dGVzdGNhc2UgY2xhc3NuYW1lPSJ0ZXN0cy50ZXN0X2RlcHRoMjRfZXhwaXJ5IiBuYW1lPSJ0ZXN0X3R3b19leHBpcnlfd29ya2Vyc19yZWxlYXNlX29uY2VbQVRUUkFDVElPTl0iIHRpbWU9IjAuMTQzIiAvPjx0ZXN0Y2FzZSBjbGFzc25hbWU9InRlc3RzLnRlc3RfZGVwdGgyNF9leHBpcnkiIG5hbWU9
2026-09-10T03:20:46.0855693Z GO_EVIDENCE_B64 InRlc3RfcGF5bWVudF9yb290X3dpbnNfYmVmb3JlX3N3ZWVwX2FuZF9jYXB0dXJlX3Jlc3VtZXMiIHRpbWU9IjAuMTUyIiAvPjx0ZXN0Y2FzZSBjbGFzc25hbWU9InRlc3RzLnRlc3RfZGVwdGgyNF9leHBpcnkiIG5hbWU9InRlc3RfZXhwaXJ5X3dpbnNfb3JkZXJfbG9ja19hZ2FpbnN0X3BheW1lbnQiIHRpbWU9IjAuMTY4IiAvPjx0ZXN0Y2FzZSBjbGFzc25hbWU9InRlc3RzLnRlc3RfZGVwdGgyNF9leHBpcnkiIG5hbWU9InRlc3RfZXhwaXJ5X3JlY292ZXJzX2Zyb21fYWN0dWFsX3Byb2Nlc3NfZXhpdFtGYWxzZV0iIHRpbWU9
2026-09-10T03:20:46.0861369Z GO_EVIDENCE_B64 IjIuNDI3IiAvPjx0ZXN0Y2FzZSBjbGFzc25hbWU9InRlc3RzLnRlc3RfZGVwdGgyNF9leHBpcnkiIG5hbWU9InRlc3RfZXhwaXJ5X3JlY292ZXJzX2Zyb21fYWN0dWFsX3Byb2Nlc3NfZXhpdFtUcnVlXSIgdGltZT0iMi40NTciIC8+PHRlc3RjYXNlIGNsYXNzbmFtZT0idGVzdHMudGVzdF9kZXB0aDI0X2V4cGlyeSIgbmFtZT0idGVzdF9icm9rZW5fZGVhZGxpbmVfaXNfcXVhcmFudGluZWRfd2l0aG91dF9zdGFydmluZ19nb29kX29yZGVyIiB0aW1lPSIwLjE4NyIgLz48dGVzdGNhc2UgY2xhc3NuYW1lPSJ0ZXN0cy50ZXN0X2Rl
2026-09-10T03:20:46.0867116Z GO_EVIDENCE_B64 cHRoMjRfZXhwaXJ5IiBuYW1lPSJ0ZXN0X21pc3NpbmdfY2xhaW1faXNfbm90X3JlcG9ydGVkX2FzX3N1Y2Nlc3NmdWxfcmVsZWFzZSIgdGltZT0iMC4xMzUiIC8+PHRlc3RjYXNlIGNsYXNzbmFtZT0idGVzdHMudGVzdF9kZXB0aDI0X2V4cGlyeSIgbmFtZT0idGVzdF9yYWlsX2NoZWNrb3V0X2RvZXNfbm90X2ZhYnJpY2F0ZV9hdXRob3JpemVkX3N0YXRlX29uX3ByZV9yb290X2ZhaWx1cmUiIHRpbWU9IjAuMTQ0IiAvPjx0ZXN0Y2FzZSBjbGFzc25hbWU9InRlc3RzLnRlc3RfZGVwdGgyNF9leHBpcnkiIG5hbWU9InRlc3Rfb25l
2026-09-10T03:20:46.0872733Z GO_EVIDENCE_B64 X3Nob3Rfd29ya2VyX3J1bnNfYWdhaW5zdF9kdXJhYmxlX2RhdGFiYXNlIiB0aW1lPSIzLjA3NiIgLz48dGVzdGNhc2UgY2xhc3NuYW1lPSJ0ZXN0cy50ZXN0X2RlcHRoMjRfZXhwaXJ5IiBuYW1lPSJ0ZXN0X3dvcmtlcl9yZWNoZWNrc19leGlzdGluZ19pbnRlbnRfZXZlbl9pZl9kZWFkbGluZV9pc19vcGVuIiB0aW1lPSIwLjE0MiIgLz48dGVzdGNhc2UgY2xhc3NuYW1lPSJ0ZXN0cy50ZXN0X2RlcHRoMjRfZXhwaXJ5IiBuYW1lPSJ0ZXN0X2ZhaWxlZF9leHBpcnlfcm9sbHNfYmFja19hbmRfZG9lc19ub3RfYmxvY2tfbmV4dF9j
2026-09-10T03:20:46.0878635Z GO_EVIDENCE_B64 YW5kaWRhdGUiIHRpbWU9IjAuMTY2IiAvPjx0ZXN0Y2FzZSBjbGFzc25hbWU9InRlc3RzLnRlc3RfZGVwdGgyNF9leHBpcnkiIG5hbWU9InRlc3Rfd29ya2VyX2JhdGNoX2lzX2JvdW5kZWRfYW5kX3Jlc3RhcnRzX2Zyb21fdW5maW5pc2hlZF9vcmRlcnMiIHRpbWU9IjAuMTYwIiAvPjx0ZXN0Y2FzZSBjbGFzc25hbWU9InRlc3RzLnRlc3RfZGVwdGgyNF9leHBpcnkiIG5hbWU9InRlc3RfYXBwbGljYXRpb25fbGlmZXNwYW5fc3RhcnRzX2V4cGlyeV93b3JrZXIiIHRpbWU9IjAuMTYxIiAvPjx0ZXN0Y2FzZSBjbGFzc25hbWU9InRl
2026-09-10T03:20:46.0884322Z GO_EVIDENCE_B64 c3RzLnRlc3RfZGVwdGgyNF9leHBpcnkiIG5hbWU9InRlc3RfbWlncmF0aW9uX3ByZXNlcnZlc19hbGxfZGVhZGxpbmVfaGlzdG9yeSIgdGltZT0iMC4xOTIiIC8+PHRlc3RjYXNlIGNsYXNzbmFtZT0idGVzdHMudGVzdF9kZXB0aDMwX25hdGl2ZV9hcGlfY29udHJhY3QiIG5hbWU9InRlc3RfbmF0aXZlX3NpeF92ZXJ0aWNhbF9jcmVhdGlvbl9wYXltZW50X2FuZF9yZWZ1bmRfY29udHJhY3RzIiB0aW1lPSI1Ljc3NyIgLz48dGVzdGNhc2UgY2xhc3NuYW1lPSJ0ZXN0cy50ZXN0X2RlcHRoMzFfcmVmdW5kX2NvbnNlbnQiIG5hbWU9
2026-09-10T03:20:46.0890179Z GO_EVIDENCE_B64 InRlc3RfY29uZmlybWVkX3JlZnVuZF9iaW5kc19vd25lcl9vcmRlcl90ZXJtc19hbmRfcmVwbGF5W1JBSUxdIiB0aW1lPSIwLjE5NiIgLz48dGVzdGNhc2UgY2xhc3NuYW1lPSJ0ZXN0cy50ZXN0X2RlcHRoMzFfcmVmdW5kX2NvbnNlbnQiIG5hbWU9InRlc3RfY29uZmlybWVkX3JlZnVuZF9iaW5kc19vd25lcl9vcmRlcl90ZXJtc19hbmRfcmVwbGF5W0FUVFJBQ1RJT05dIiB0aW1lPSIwLjE3NiIgLz48dGVzdGNhc2UgY2xhc3NuYW1lPSJ0ZXN0cy50ZXN0X2RlcHRoMzFfcmVmdW5kX2NvbnNlbnQiIG5hbWU9InRlc3RfcXVvdGVf
2026-09-10T03:20:46.0895857Z GO_EVIDENCE_B64 aXNfcmVjaGVja2VkX2luc2lkZV9vcmRlcl9sb2NrX2JlZm9yZV9tb25leVtSQUlMXSIgdGltZT0iMC4xNzQiIC8+PHRlc3RjYXNlIGNsYXNzbmFtZT0idGVzdHMudGVzdF9kZXB0aDMxX3JlZnVuZF9jb25zZW50IiBuYW1lPSJ0ZXN0X3F1b3RlX2lzX3JlY2hlY2tlZF9pbnNpZGVfb3JkZXJfbG9ja19iZWZvcmVfbW9uZXlbQVRUUkFDVElPTl0iIHRpbWU9IjAuMTU0IiAvPjx0ZXN0Y2FzZSBjbGFzc25hbWU9InRlc3RzLnRlc3RfZGVwdGgzMV9yZWZ1bmRfY29uc2VudCIgbmFtZT0idGVzdF9jb25maXJtZWRfZW5kcG9pbnRfYm9k
2026-09-10T03:20:46.0901480Z GO_EVIDENCE_B64 eV9pc19zdHJpY3RbYm9keTBdIiB0aW1lPSIwLjA4NSIgLz48dGVzdGNhc2UgY2xhc3NuYW1lPSJ0ZXN0cy50ZXN0X2RlcHRoMzFfcmVmdW5kX2NvbnNlbnQiIG5hbWU9InRlc3RfY29uZmlybWVkX2VuZHBvaW50X2JvZHlfaXNfc3RyaWN0W2JvZHkxXSIgdGltZT0iMC4wODUiIC8+PHRlc3RjYXNlIGNsYXNzbmFtZT0idGVzdHMudGVzdF9kZXB0aDMxX3JlZnVuZF9jb25zZW50IiBuYW1lPSJ0ZXN0X2NvbmZpcm1lZF9lbmRwb2ludF9ib2R5X2lzX3N0cmljdFtib2R5Ml0iIHRpbWU9IjAuMDg0IiAvPjx0ZXN0Y2FzZSBjbGFzc25h
2026-09-10T03:20:46.0907186Z GO_EVIDENCE_B64 bWU9InRlc3RzLnRlc3RfZGVwdGgzMV9yZWZ1bmRfY29uc2VudCIgbmFtZT0idGVzdF9jb25maXJtZWRfZW5kcG9pbnRfYm9keV9pc19zdHJpY3RbYm9keTNdIiB0aW1lPSIwLjA4NiIgLz48dGVzdGNhc2UgY2xhc3NuYW1lPSJ0ZXN0cy50ZXN0X2RlcHRoMzFfcmVmdW5kX2NvbnNlbnQiIG5hbWU9InRlc3RfY29uZmlybWVkX2VuZHBvaW50X2JvZHlfaXNfc3RyaWN0W2JvZHk0XSIgdGltZT0iMC4wODQiIC8+PHRlc3RjYXNlIGNsYXNzbmFtZT0idGVzdHMudGVzdF9kZXB0aDMyX2ZsaWdodF9yZWZ1bmRfY29uc2VudCIgbmFtZT0i
2026-09-10T03:20:46.0912858Z GO_EVIDENCE_B64 dGVzdF9mbGlnaHRfcmVmdW5kX2NvbnNlbnRfYW5kX3JlcGxheV9oYXZlX29uZV9tb25leV9pZGVudGl0eSIgdGltZT0iMC4xNjYiIC8+PHRlc3RjYXNlIGNsYXNzbmFtZT0idGVzdHMudGVzdF9kZXB0aDMyX2ZsaWdodF9yZWZ1bmRfY29uc2VudCIgbmFtZT0idGVzdF9jaGFuZ2VkX29yZGVyX2ludmFsaWRhdGVzX29sZF9mbGlnaHRfcmVmdW5kX3F1b3RlW2Ftb3VudF0iIHRpbWU9IjAuMTQ2IiAvPjx0ZXN0Y2FzZSBjbGFzc25hbWU9InRlc3RzLnRlc3RfZGVwdGgzMl9mbGlnaHRfcmVmdW5kX2NvbnNlbnQiIG5hbWU9InRlc3Rf
2026-09-10T03:20:46.0918621Z GO_EVIDENCE_B64 Y2hhbmdlZF9vcmRlcl9pbnZhbGlkYXRlc19vbGRfZmxpZ2h0X3JlZnVuZF9xdW90ZVtyZXZpc2lvbl0iIHRpbWU9IjAuMTQ3IiAvPjx0ZXN0Y2FzZSBjbGFzc25hbWU9InRlc3RzLnRlc3RfZGVwdGgzMl9mbGlnaHRfcmVmdW5kX2NvbnNlbnQiIG5hbWU9InRlc3RfZmxpZ2h0X3RpbWVvdXRfa2VlcHNfZnJvemVuX2NvbnNlbnRfYW5kX3Jlc3VtZXNfb3JpZ2luYWxfbW9uZXlfa2V5IiB0aW1lPSIwLjE2NyIgLz48dGVzdGNhc2UgY2xhc3NuYW1lPSJ0ZXN0cy50ZXN0X2RlcHRoMzJfZmxpZ2h0X3JlZnVuZF9jb25zZW50IiBuYW1l
2026-09-10T03:20:46.0924168Z GO_EVIDENCE_B64 PSJ0ZXN0X211dGF0ZWRfY29uc2VudF9yZWNvcmRfYmxvY2tzX3JlY292ZXJ5IiB0aW1lPSIwLjE1MiIgLz48dGVzdGNhc2UgY2xhc3NuYW1lPSJ0ZXN0cy50ZXN0X2RlcHRoMzJfZmxpZ2h0X3JlZnVuZF9jb25zZW50IiBuYW1lPSJ0ZXN0X2hpc3RvcmljYWxfcGVuZGluZ19yZWZ1bmRfZG9lc19ub3RfaW52ZW50X2NvbnNlbnQiIHRpbWU9IjAuMTYwIiAvPjx0ZXN0Y2FzZSBjbGFzc25hbWU9InRlc3RzLnRlc3RfZGVwdGgzM19tb2JpbGl0eV9yZWZ1bmRfY29uc2VudCIgbmFtZT0idGVzdF9tb2JpbGl0eV9leGFjdF9jb25zZW50
2026-09-10T03:20:46.0929974Z GO_EVIDENCE_B64 X3JlcGxheV9hbmRfb3duZXJfYmluZGluZ1tSSURFXSIgdGltZT0iMC4xNTkiIC8+PHRlc3RjYXNlIGNsYXNzbmFtZT0idGVzdHMudGVzdF9kZXB0aDMzX21vYmlsaXR5X3JlZnVuZF9jb25zZW50IiBuYW1lPSJ0ZXN0X21vYmlsaXR5X2V4YWN0X2NvbnNlbnRfcmVwbGF5X2FuZF9vd25lcl9iaW5kaW5nW1JFTlRBTF0iIHRpbWU9IjAuMTc3IiAvPjx0ZXN0Y2FzZSBjbGFzc25hbWU9InRlc3RzLnRlc3RfZGVwdGgzM19tb2JpbGl0eV9yZWZ1bmRfY29uc2VudCIgbmFtZT0idGVzdF9tb2JpbGl0eV9vcmRlcl9jaGFuZ2VfcmVxdWly
2026-09-10T03:20:46.0935727Z GO_EVIDENCE_B64 ZXNfbmV3X3JlZnVuZF9jb25zZW50W1JJREVdIiB0aW1lPSIwLjE0MiIgLz48dGVzdGNhc2UgY2xhc3NuYW1lPSJ0ZXN0cy50ZXN0X2RlcHRoMzNfbW9iaWxpdHlfcmVmdW5kX2NvbnNlbnQiIG5hbWU9InRlc3RfbW9iaWxpdHlfb3JkZXJfY2hhbmdlX3JlcXVpcmVzX25ld19yZWZ1bmRfY29uc2VudFtSRU5UQUxdIiB0aW1lPSIwLjE0MiIgLz48dGVzdGNhc2UgY2xhc3NuYW1lPSJ0ZXN0cy50ZXN0X2RlcHRoMzNfbW9iaWxpdHlfcmVmdW5kX2NvbnNlbnQiIG5hbWU9InRlc3RfbW9iaWxpdHlfY3Jhc2hfYWZ0ZXJfbW9uZXlfa2Vl
2026-09-10T03:20:46.0941414Z GO_EVIDENCE_B64 cHNfcGVuZGluZ19hbmRfcmVjb3ZlcnNfb25jZVtSSURFXSIgdGltZT0iMC4xNTkiIC8+PHRlc3RjYXNlIGNsYXNzbmFtZT0idGVzdHMudGVzdF9kZXB0aDMzX21vYmlsaXR5X3JlZnVuZF9jb25zZW50IiBuYW1lPSJ0ZXN0X21vYmlsaXR5X2NyYXNoX2FmdGVyX21vbmV5X2tlZXBzX3BlbmRpbmdfYW5kX3JlY292ZXJzX29uY2VbUkVOVEFMXSIgdGltZT0iMC4xNzUiIC8+PHRlc3RjYXNlIGNsYXNzbmFtZT0idGVzdHMudGVzdF9kZXB0aDMzX21vYmlsaXR5X3JlZnVuZF9jb25zZW50IiBuYW1lPSJ0ZXN0X3JpZGVfcGVuZGluZ19y
2026-09-10T03:20:46.0947300Z GO_EVIDENCE_B64 ZWZ1bmRfYmxvY2tzX2Z1bGZpbGxtZW50X2FuZF9tb2RpZmljYXRpb24iIHRpbWU9IjAuMTU1IiAvPjx0ZXN0Y2FzZSBjbGFzc25hbWU9InRlc3RzLnRlc3RfZGVwdGgzM19tb2JpbGl0eV9yZWZ1bmRfY29uc2VudCIgbmFtZT0idGVzdF9yaWRlX2ZhYnJpY2F0ZWRfbW9uZXlfcmVjZWlwdF9kb2VzX25vdF9jb21wbGV0ZV9vcmRlciIgdGltZT0iMC4xNDciIC8+PHRlc3RjYXNlIGNsYXNzbmFtZT0idGVzdHMudGVzdF9kZXB0aDMzX21vYmlsaXR5X3JlZnVuZF9jb25zZW50IiBuYW1lPSJ0ZXN0X3JlbnRhbF9jaGFuZ2VkX3NldHRs
2026-09-10T03:20:46.0952886Z GO_EVIDENCE_B64 ZW1lbnRfcGxhbl9jYW5ub3RfcmVzdW1lIiB0aW1lPSIwLjE2NiIgLz48dGVzdGNhc2UgY2xhc3NuYW1lPSJ0ZXN0cy50ZXN0X3NwcmludDNjX21vYmlsaXR5IiBuYW1lPSJ0ZXN0X3JpZGVfYW5kX3JlbnRhbF9nb2xkZW5fcGF0aCIgdGltZT0iMC45MTkiIC8+PHRlc3RjYXNlIGNsYXNzbmFtZT0idGVzdHMudGVzdF9kZXB0aDA2X3JlbnRhbF9zZXR0bGVtZW50IiBuYW1lPSJ0ZXN0X2xvbmdlcl9zaG9ydGVyX2xvbmdlcl90aGVuX2NhbmNlbF9yZXR1cm5zX2V2ZXJ5X2NhcHR1cmVfb25jZSIgdGltZT0iMC41NDciIC8+PHRlc3Rj
2026-09-10T03:20:46.0958601Z GO_EVIDENCE_B64 YXNlIGNsYXNzbmFtZT0idGVzdHMudGVzdF9kZXB0aDA2X3JlbnRhbF9zZXR0bGVtZW50IiBuYW1lPSJ0ZXN0X3F1b3RlX2lzX2V4cGxpY2l0X2JvdW5kX3RvX2Ftb3VudF9vd25lcl9hbmRfZGF0ZXMiIHRpbWU9IjAuNDU3IiAvPjx0ZXN0Y2FzZSBjbGFzc25hbWU9InRlc3RzLnRlc3RfZGVwdGgwNl9yZW50YWxfc2V0dGxlbWVudCIgbmFtZT0idGVzdF9leHBpcmVkX3F1b3RlX2FuZF9taXNtYXRjaGVkX29yZGVyX2RvX25vdF9tb3ZlX21vbmV5IiB0aW1lPSIwLjQ0NiIgLz48dGVzdGNhc2UgY2xhc3NuYW1lPSJ0ZXN0cy50ZXN0
2026-09-10T03:20:46.0964211Z GO_EVIDENCE_B64 X2RlcHRoMDZfcmVudGFsX3NldHRsZW1lbnQiIG5hbWU9InRlc3RfdG9wdXBfZmFpbHVyZV9pc19yZWNvdmVyYWJsZV9hbmRfYmxvY2tzX2NvbXBldGluZ19hY3Rpb25zIiB0aW1lPSIwLjQ3OSIgLz48dGVzdGNhc2UgY2xhc3NuYW1lPSJ0ZXN0cy50ZXN0X2RlcHRoMDZfcmVudGFsX3NldHRsZW1lbnQiIG5hbWU9InRlc3RfcGFydGlhbF9yZWZ1bmRfd29ya2VyX3Jlc3RhcnRfcmV1c2VzX2Zyb3plbl9hbGxvY2F0aW9uc1tzaG9ydGVuXSIgdGltZT0iMC41MjEiIC8+PHRlc3RjYXNlIGNsYXNzbmFtZT0idGVzdHMudGVzdF9kZXB0
2026-09-10T03:20:46.0969953Z GO_EVIDENCE_B64 aDA2X3JlbnRhbF9zZXR0bGVtZW50IiBuYW1lPSJ0ZXN0X3BhcnRpYWxfcmVmdW5kX3dvcmtlcl9yZXN0YXJ0X3JldXNlc19mcm96ZW5fYWxsb2NhdGlvbnNbY2FuY2VsXSIgdGltZT0iMC41MDUiIC8+PHRlc3RjYXNlIGNsYXNzbmFtZT0idGVzdHMudGVzdF9kZXB0aDA2X3JlbnRhbF9zZXR0bGVtZW50IiBuYW1lPSJ0ZXN0X2NvbXBldGluZ19xdW90ZXNfb25seV9vbmVfY2FuX2NoYW5nZV9vcmRlciIgdGltZT0iMC41MDAiIC8+PHRlc3RjYXNlIGNsYXNzbmFtZT0idGVzdHMudGVzdF9kZXB0aDA2X3JlbnRhbF9zZXR0bGVtZW50
2026-09-10T03:20:46.0975652Z GO_EVIDENCE_B64 IiBuYW1lPSJ0ZXN0X3NhbWVfcXVvdGVfY29uY3VycmVudF9yZXRyaWVzX2NoYXJnZV9vbmNlIiB0aW1lPSIwLjQ5MyIgLz48dGVzdGNhc2UgY2xhc3NuYW1lPSJ0ZXN0cy50ZXN0X2RlcHRoMDZfcmVudGFsX3NldHRsZW1lbnQiIG5hbWU9InRlc3RfZXF1YWxfcHJpY2VfY2hhbmdlX2RvZXNfbm90X2FkZF9tb25leV9tb3ZlbWVudHMiIHRpbWU9IjAuNDU4IiAvPjx0ZXN0Y2FzZSBjbGFzc25hbWU9InRlc3RzLnRlc3RfZGVwdGgwNl9yZW50YWxfc2V0dGxlbWVudCIgbmFtZT0idGVzdF9zdGFnaW5nX2Nhbm5vdF9ydW5fcmVudGFs
2026-09-10T03:20:46.0981501Z GO_EVIDENCE_B64 X3NpbXVsYXRvciIgdGltZT0iMC40MzkiIC8+PHRlc3RjYXNlIGNsYXNzbmFtZT0idGVzdHMudGVzdF9kZXB0aDE5X3JpZGVfc3luYyIgbmFtZT0idGVzdF9leGFjdF9kYXRlX2FpcnBvcnRfY2xvc2VkX2FuZF9kaXNhYmxlZF9yaWRlc19hcmVfaXNvbGF0ZWQiIHRpbWU9IjAuMTcyIiAvPjx0ZXN0Y2FzZSBjbGFzc25hbWU9InRlc3RzLnRlc3RfZGVwdGgxOV9yaWRlX3N5bmMiIG5hbWU9InRlc3RfY3VzdG9tZXJfY2Fubm90X2F1dGhvcml6ZV93YWl0aW5nX3Rlcm1zW2luY2x1ZGVkX3dhaXRfbWludXRlcy05OTldIiB0aW1lPSIw
2026-09-10T03:20:46.0987229Z GO_EVIDENCE_B64 LjEyMSIgLz48dGVzdGNhc2UgY2xhc3NuYW1lPSJ0ZXN0cy50ZXN0X2RlcHRoMTlfcmlkZV9zeW5jIiBuYW1lPSJ0ZXN0X2N1c3RvbWVyX2Nhbm5vdF9hdXRob3JpemVfd2FpdGluZ190ZXJtc1tkZWxheV9wcm90ZWN0aW9uX2ZyZWVfd2FpdF9taW51dGVzLTk5OV0iIHRpbWU9IjAuMTIxIiAvPjx0ZXN0Y2FzZSBjbGFzc25hbWU9InRlc3RzLnRlc3RfZGVwdGgxOV9yaWRlX3N5bmMiIG5hbWU9InRlc3RfY3VzdG9tZXJfY2Fubm90X2F1dGhvcml6ZV93YWl0aW5nX3Rlcm1zW21heF9mcmVlX3dhaXRfbWludXRlcy05OTldIiB0aW1l
2026-09-10T03:20:46.0992796Z GO_EVIDENCE_B64 PSIwLjExOSIgLz48dGVzdGNhc2UgY2xhc3NuYW1lPSJ0ZXN0cy50ZXN0X2RlcHRoMTlfcmlkZV9zeW5jIiBuYW1lPSJ0ZXN0X2N1c3RvbWVyX2Nhbm5vdF9hdXRob3JpemVfd2FpdGluZ190ZXJtc1tzdXBwbGllcl9ydWxlX3NuYXBzaG90LXZhbHVlM10iIHRpbWU9IjAuMTIwIiAvPjx0ZXN0Y2FzZSBjbGFzc25hbWU9InRlc3RzLnRlc3RfZGVwdGgxOV9yaWRlX3N5bmMiIG5hbWU9InRlc3RfcG9saWN5X29wdF9pbl9pc19ib3VuZGVkX2FuZF9wcm9wb3NhbF9kb2VzX25vdF9jaGFuZ2VfY29uZmlybWVkX3RpbWUiIHRpbWU9IjAu
2026-09-10T03:20:46.0998627Z GO_EVIDENCE_B64 MTQ5IiAvPjx0ZXN0Y2FzZSBjbGFzc25hbWU9InRlc3RzLnRlc3RfZGVwdGgxOV9yaWRlX3N5bmMiIG5hbWU9InRlc3RfcG9saWN5X21pc3Npbmdfb3JfY2hhbmdlZF9jYW5ub3RfYmVjb21lX2F1dGhvcml6ZWQiIHRpbWU9IjAuMTIxIiAvPjx0ZXN0Y2FzZSBjbGFzc25hbWU9InRlc3RzLnRlc3RfZGVwdGgxOV9yaWRlX3N5bmMiIG5hbWU9InRlc3RfdW5rbm93bl9hZnRlcl9mbGVldF9hY2NlcHRhbmNlX3Jlb3BlbnNfcmVjZWlwdF9hbmRfcXVlcmllc19vbmx5IiB0aW1lPSIwLjE0NiIgLz48dGVzdGNhc2UgY2xhc3NuYW1lPSJ0
2026-09-10T03:20:46.1004209Z GO_EVIDENCE_B64 ZXN0cy50ZXN0X2RlcHRoMTlfcmlkZV9zeW5jIiBuYW1lPSJ0ZXN0X3NpZ2tpbGxfYWZ0ZXJfY29tbWl0dGVkX3Byb3ZpZGVyX3JlY2VpcHRfcmVjb3ZlcnNfd2l0aG91dF9yZXNlbmQiIHRpbWU9IjAuMjEzIiAvPjx0ZXN0Y2FzZSBjbGFzc25hbWU9InRlc3RzLnRlc3RfZGVwdGgxOV9yaWRlX3N5bmMiIG5hbWU9InRlc3RfY3Jhc2hfYmVmb3JlX2Rpc3BhdGNoX2tlZXBzX3Vua25vd25fd2l0aG91dF9ibGluZF9yZXNlbmQiIHRpbWU9IjAuMTUyIiAvPjx0ZXN0Y2FzZSBjbGFzc25hbWU9InRlc3RzLnRlc3RfZGVwdGgxOV9yaWRl
2026-09-10T03:20:46.1009905Z GO_EVIDENCE_B64 X3N5bmMiIG5hbWU9InRlc3RfcGFyYWxsZWxfcHJvY2Vzc29yc19uZXZlcl9zZW5kX3NhbWVfaW50ZW50X3R3aWNlIiB0aW1lPSIwLjI2NCIgLz48dGVzdGNhc2UgY2xhc3NuYW1lPSJ0ZXN0cy50ZXN0X2RlcHRoMTlfcmlkZV9zeW5jIiBuYW1lPSJ0ZXN0X2ZsZWV0X3JlamVjdGlvbl9hbmRfd3JvbmdfY29uZmlybWF0aW9uX2RvX25vdF9jaGFuZ2VfY3VzdG9tZXJfdGltZSIgdGltZT0iMC4xMzgiIC8+PHRlc3RjYXNlIGNsYXNzbmFtZT0idGVzdHMudGVzdF9kZXB0aDE5X3JpZGVfc3luYyIgbmFtZT0idGVzdF9jdXJyZW50X2F1
2026-09-10T03:20:46.1015618Z GO_EVIDENCE_B64 dGhvcml0eV9iaW5kaW5nX29yZGVyX2FuZF9wb2xpY3lfcmVjaGVja2VkX2JlZm9yZV9kaXNwYXRjaFtyZXZva2VdIiB0aW1lPSIwLjEzMyIgLz48dGVzdGNhc2UgY2xhc3NuYW1lPSJ0ZXN0cy50ZXN0X2RlcHRoMTlfcmlkZV9zeW5jIiBuYW1lPSJ0ZXN0X2N1cnJlbnRfYXV0aG9yaXR5X2JpbmRpbmdfb3JkZXJfYW5kX3BvbGljeV9yZWNoZWNrZWRfYmVmb3JlX2Rpc3BhdGNoW2Rpc2FibGVdIiB0aW1lPSIwLjEzMyIgLz48dGVzdGNhc2UgY2xhc3NuYW1lPSJ0ZXN0cy50ZXN0X2RlcHRoMTlfcmlkZV9zeW5jIiBuYW1lPSJ0ZXN0
2026-09-10T03:20:46.1021263Z GO_EVIDENCE_B64 X2N1cnJlbnRfYXV0aG9yaXR5X2JpbmRpbmdfb3JkZXJfYW5kX3BvbGljeV9yZWNoZWNrZWRfYmVmb3JlX2Rpc3BhdGNoW21hbnVhbF90aW1lXSIgdGltZT0iMC4xMzQiIC8+PHRlc3RjYXNlIGNsYXNzbmFtZT0idGVzdHMudGVzdF9kZXB0aDE5X3JpZGVfc3luYyIgbmFtZT0idGVzdF9jdXJyZW50X2F1dGhvcml0eV9iaW5kaW5nX29yZGVyX2FuZF9wb2xpY3lfcmVjaGVja2VkX2JlZm9yZV9kaXNwYXRjaFtjbG9zZV0iIHRpbWU9IjAuMTMzIiAvPjx0ZXN0Y2FzZSBjbGFzc25hbWU9InRlc3RzLnRlc3RfZGVwdGgxOV9yaWRlX3N5
2026-09-10T03:20:46.1027023Z GO_EVIDENCE_B64 bmMiIG5hbWU9InRlc3RfY3VycmVudF9hdXRob3JpdHlfYmluZGluZ19vcmRlcl9hbmRfcG9saWN5X3JlY2hlY2tlZF9iZWZvcmVfZGlzcGF0Y2hbcG9saWN5XSIgdGltZT0iMC4xMzIiIC8+PHRlc3RjYXNlIGNsYXNzbmFtZT0idGVzdHMudGVzdF9kZXB0aDE5X3JpZGVfc3luYyIgbmFtZT0idGVzdF9yZXZva2VkX2R1cmluZ19leHRlcm5hbF9jYWxsX3JlY29yZHNfaG9sZF93aXRob3V0X2ZhYnJpY2F0ZWRfbG9jYWxfc3VjY2VzcyIgdGltZT0iMC4xNDAiIC8+PHRlc3RjYXNlIGNsYXNzbmFtZT0idGVzdHMudGVzdF9kZXB0aDE5
2026-09-10T03:20:46.1032730Z GO_EVIDENCE_B64 X3JpZGVfc3luYyIgbmFtZT0idGVzdF9uZXdfZmFjdF9zdXBlcnNlZGVzX3BlbmRpbmdfYW5kX2V2ZW50X3JlcGxheV9jYW5ub3RfbWF0Y2hfbGF0ZXJfYmluZGluZ3MiIHRpbWU9IjAuMTUyIiAvPjx0ZXN0Y2FzZSBjbGFzc25hbWU9InRlc3RzLnRlc3RfZGVwdGgxOV9yaWRlX3N5bmMiIG5hbWU9InRlc3RfY3VzdG9tZXJfYmluZGluZ19yZXZpc2lvbl9hbmRfb3duZXJzaGlwX2lzb2xhdGlvbiIgdGltZT0iMC4xMjMiIC8+PHRlc3RjYXNlIGNsYXNzbmFtZT0idGVzdHMudGVzdF9kZXB0aDE5X3JpZGVfc3luYyIgbmFtZT0idGVz
2026-09-10T03:20:46.1038671Z GO_EVIDENCE_B64 dF91bmJvdW5kX29yX2luY29uc2lzdGVudF9mbGVldF9yZWNlaXB0X25ldmVyX2NvbmZpcm1zW2hhc2hdIiB0aW1lPSIwLjEzNCIgLz48dGVzdGNhc2UgY2xhc3NuYW1lPSJ0ZXN0cy50ZXN0X2RlcHRoMTlfcmlkZV9zeW5jIiBuYW1lPSJ0ZXN0X3VuYm91bmRfb3JfaW5jb25zaXN0ZW50X2ZsZWV0X3JlY2VpcHRfbmV2ZXJfY29uZmlybXNbdGltZV0iIHRpbWU9IjAuMTQyIiAvPjx0ZXN0Y2FzZSBjbGFzc25hbWU9InRlc3RzLnRlc3RfZGVwdGgxOV9yaWRlX3N5bmMiIG5hbWU9InRlc3RfdW5ib3VuZF9vcl9pbmNvbnNpc3RlbnRf
2026-09-10T03:20:46.1044248Z GO_EVIDENCE_B64 ZmxlZXRfcmVjZWlwdF9uZXZlcl9jb25maXJtc1tyZWZlcmVuY2VdIiB0aW1lPSIwLjEzOCIgLz48dGVzdGNhc2UgY2xhc3NuYW1lPSJ0ZXN0cy50ZXN0X2RlcHRoMTlfcmlkZV9zeW5jIiBuYW1lPSJ0ZXN0X2Jvb2tpbmdfZW50cnlfc2F2ZXNfc2VydmVyX3BvbGljeV9hbmRfdHJhY2tpbmdfdG9nZXRoZXIiIHRpbWU9IjAuMTIwIiAvPjx0ZXN0Y2FzZSBjbGFzc25hbWU9InRlc3RzLnRlc3RfZGVwdGgxOV9yaWRlX3N5bmMiIG5hbWU9InRlc3RfcmV2b2tlZF9zb3VyY2VfaXNfdmlzaWJsZV9hc191bmF2YWlsYWJsZV93aXRob3V0
2026-09-10T03:20:46.1050142Z GO_EVIDENCE_B64 X211dGF0aW5nX2JpbmRpbmciIHRpbWU9IjAuMTI0IiAvPjx0ZXN0Y2FzZSBjbGFzc25hbWU9InRlc3RzLnRlc3RfZGVwdGgxOV9yaWRlX3N5bmMiIG5hbWU9InRlc3RfbGVnYWN5X2xvY2FsX3BpY2t1cF9pc19vcGFxdWVfdW50aWxfZXhwbGljaXRfZmxlZXRfY29uZmlybWF0aW9uIiB0aW1lPSIwLjE0NCIgLz48dGVzdGNhc2UgY2xhc3NuYW1lPSJ0ZXN0cy50ZXN0X2RlcHRoMTlfcmlkZV9zeW5jIiBuYW1lPSJ0ZXN0X2RlbGF5X3Byb3RlY3Rpb25fZG9lc19ub3RfZ3JhbnRfZXh0cmFfd2FpdF9mb3Jfbm9uX2RlbGF5X2ZhY3Rz
2026-09-10T03:20:46.1055826Z GO_EVIDENCE_B64 W0VBUkxZXSIgdGltZT0iMC4xMzkiIC8+PHRlc3RjYXNlIGNsYXNzbmFtZT0idGVzdHMudGVzdF9kZXB0aDE5X3JpZGVfc3luYyIgbmFtZT0idGVzdF9kZWxheV9wcm90ZWN0aW9uX2RvZXNfbm90X2dyYW50X2V4dHJhX3dhaXRfZm9yX25vbl9kZWxheV9mYWN0c1tMQU5ERURdIiB0aW1lPSIwLjEzOCIgLz48dGVzdGNhc2UgY2xhc3NuYW1lPSJ0ZXN0cy50ZXN0X2RlcHRoMTlfcmlkZV9zeW5jIiBuYW1lPSJ0ZXN0X2RlbGF5X3Byb3RlY3Rpb25fZG9lc19ub3RfZ3JhbnRfZXh0cmFfd2FpdF9mb3Jfbm9uX2RlbGF5X2ZhY3RzW0NP
2026-09-10T03:20:46.1060174Z GO_EVIDENCE_B64 UlJFQ1RFRF0iIHRpbWU9IjAuMTM3IiAvPjx0ZXN0Y2FzZSBjbGFzc25hbWU9InRlc3RzLnRlc3RfZGVwdGgxOV9yaWRlX3N5bmMiIG5hbWU9InRlc3RfY29ycmVjdGlvbl93aXRoZHJhd3NfcHJldmlvdXNfZGVsYXlfcHJvdGVjdGlvbl9iZWZvcmVfZGlzcGF0Y2giIHRpbWU9IjAuMTQ1IiAvPjwvdGVzdHN1aXRlPjwvdGVzdHN1aXRlcz4=
2026-09-10T03:20:46.1061831Z GO_EVIDENCE_FILE_END backend.xml
2026-09-10T03:20:46.1062436Z GO_EVIDENCE_FILE_BEGIN frontend.xml 27821 80d9ad235cf3f0a0c758d03255cd7c81b81810f191dbb96850c420c801033fcf
2026-09-10T03:20:46.1065992Z GO_EVIDENCE_B64 PD94bWwgdmVyc2lvbj0iMS4wIiBlbmNvZGluZz0idXRmLTgiPz4KPHRlc3RzdWl0ZXM+Cgk8dGVzdGNhc2UgbmFtZT0iSFRUUCBoZWxwZXIgcmV0YWlucyBDU1JGIHRvZ2V0aGVyIHdpdGggaWRlbXBvdGVuY3kgaGVhZGVyIiB0aW1lPSIwLjAwMzUwNyIgY2xhc3NuYW1lPSJ0ZXN0Ii8+Cgk8dGVzdGNhc2UgbmFtZT0iRXNjYXBlIGNhbmNlbHMgdHJhdmVsZXIgc2VsZWN0aW9uIHdpdGhvdXQgYXV0aG9yaXppbmcgb3IgY3JlYXRpbmcgYW4gb3JkZXIiIHRpbWU9IjAuMDA4NzQxIiBjbGFzc25hbWU9InRlc3QiLz4KCTx0ZXN0Y2Fz
2026-09-10T03:20:46.1071765Z GO_EVIDENCE_B64 ZSBuYW1lPSJyZW50YWwgY29uc2VudCBpcyBib3VuZCB0byB0aGUgc2VsZWN0ZWQgdHJhdmVsZXIsIGZpZWxkIGFuZCBwdXJwb3NlIiB0aW1lPSIwLjAwMjMxNSIgY2xhc3NuYW1lPSJ0ZXN0Ii8+Cgk8dGVzdGNhc2UgbmFtZT0icGF5bWVudCBpcyBjYW5jZWxsZWQgd2l0aG91dCBhbnkgY2hlY2tvdXQgbXV0YXRpb24iIHRpbWU9IjAuMDAxNTIyIiBjbGFzc25hbWU9InRlc3QiLz4KCTx0ZXN0Y2FzZSBuYW1lPSJhIGZhaWxlZCBjb25maXJtZWQgcGF5bWVudCBzdGF5cyB2aXNpYmxlIGFuZCBjYW4gYmUgcmV0cmllZCIgdGltZT0i
2026-09-10T03:20:46.1077664Z GO_EVIDENCE_B64 MC4wMDE2ODYiIGNsYXNzbmFtZT0idGVzdCIvPgoJPHRlc3RjYXNlIG5hbWU9ImNhbmNlbGxpbmcgYSBwYXJ0eSBzZWxlY3Rpb24gY3JlYXRlcyBubyBvcmRlciBvciBncmFudCIgdGltZT0iMC4wMDIxODMiIGNsYXNzbmFtZT0idGVzdCIvPgoJPHRlc3RjYXNlIG5hbWU9ImEgcGFydHkgbXVzdCBjb250YWluIHRoZSBleGFjdCBudW1iZXIgb2YgZGlmZmVyZW50IHRyYXZlbGVycyIgdGltZT0iMC4wMDIxNDgiIGNsYXNzbmFtZT0idGVzdCIvPgoJPHRlc3RjYXNlIG5hbWU9InBhcnR5IGNvbmZpcm1hdGlvbiByZXR1cm5zIG9ubHkg
2026-09-10T03:20:46.1083504Z GO_EVIDENCE_B64 dGhlIGV4cGxpY2l0bHkgc2VsZWN0ZWQgdHJhdmVsZXIgcmVmZXJlbmNlcyIgdGltZT0iMC4wMDE4ODUiIGNsYXNzbmFtZT0idGVzdCIvPgoJPHRlc3RjYXNlIG5hbWU9InBhcnR5IHNlbGVjdGlvbiBjYW5ub3Qgc3VibWl0IHdpdGhvdXQgY29uZmlybWluZyBhZHVsdCB0cmF2ZWxlcnMgYW5kIHB1cnBvc2UiIHRpbWU9IjAuMDAyOTY1IiBjbGFzc25hbWU9InRlc3QiLz4KCTx0ZXN0Y2FzZSBuYW1lPSJjb25zdW1lciB1c2VzIGxvY2tlZCBWMTQgbWFpbiBhbmQgY29tcGFjdCBhcnR3b3JrIHdpdGggcmVzcG9uc2l2ZSBzZWxlY3Rp
2026-09-10T03:20:46.1089547Z GO_EVIDENCE_B64 b24iIHRpbWU9IjAuMDAxODY2IiBjbGFzc25hbWU9InRlc3QiLz4KCTx0ZXN0Y2FzZSBuYW1lPSJzdXBwbGllciBhbmQgYWRtaW4gc2hhcmUgdGhlIGxvY2tlZCByZXZlcnNlIFYxNCBjb21wYWN0IGxvY2t1cCIgdGltZT0iMC4wMDEyODgiIGNsYXNzbmFtZT0idGVzdCIvPgoJPHRlc3RjYXNlIG5hbWU9ImFsbCB0aHJlZSBlbnRyeSBkb2N1bWVudHMgYWR2YW5jZSBjYWNoZSB0b2tlbnMgdG9nZXRoZXIiIHRpbWU9IjAuMDAwMzI0IiBjbGFzc25hbWU9InRlc3QiLz4KCTx0ZXN0Y2FzZSBuYW1lPSJHTyBzdWJicmFuZHMgdXNlIFYx
2026-09-10T03:20:46.1095798Z GO_EVIDENCE_B64 NCBnZW9tZXRyeSB3aXRoIGEgZGVsaWJlcmF0ZWx5IHJlY2Vzc2l2ZSBHTyB0aWVyIiB0aW1lPSIwLjAwMDMxMSIgY2xhc3NuYW1lPSJ0ZXN0Ii8+Cgk8dGVzdGNhc2UgbmFtZT0ibGVnYWN5IHJ1bnRpbWUgYXNzZXQgbmFtZXMgYWxzbyByZXNvbHZlIHRvIGxvY2tlZCBWMTQgZ2VvbWV0cnkiIHRpbWU9IjAuMDAwNDMyIiBjbGFzc25hbWU9InRlc3QiLz4KCTx0ZXN0Y2FzZSBuYW1lPSJjYW5jZWwgcmV2aWV3IHNob3dzIGV2ZXJ5IGNhc2ggY29tcG9uZW50IGFuZCBleGFjdCBmZWUgYmFzaXMgYmVmb3JlIHN1Ym1pc3Npb24iIHRp
2026-09-10T03:20:46.1101680Z GO_EVIDENCE_B64 bWU9IjAuMDE5MjM5IiBjbGFzc25hbWU9InRlc3QiLz4KCTx0ZXN0Y2FzZSBuYW1lPSJjbG9zaW5nIGNhbmNlbCByZXZpZXcgbmV2ZXIgc2VuZHMgY2FuY2VsbGF0aW9uIG9yIHJlbG9hZHMgYXMgY29tcGxldGVkIiB0aW1lPSIwLjAwMDkwNiIgY2xhc3NuYW1lPSJ0ZXN0Ii8+Cgk8dGVzdGNhc2UgbmFtZT0idW5jaGVja2VkIG1vbmV5IGNvbmZpcm1hdGlvbiBjYW5ub3Qgc3VibWl0IGEgY2FzaCBhY3Rpb24iIHRpbWU9IjAuMDAxMjQ1IiBjbGFzc25hbWU9InRlc3QiLz4KCTx0ZXN0Y2FzZSBuYW1lPSJjaGFuZ2UgY29uZmlybWF0
2026-09-10T03:20:46.1107623Z GO_EVIDENCE_B64 aW9uIGtlZXBzIHBhaWQgcm9vbSB2YWx1ZSwgaW5jcmVtZW50YWwgZGlmZmVyZW5jZSBhbmQgZmVlIHNlcGFyYXRlIiB0aW1lPSIwLjAwMTA4NSIgY2xhc3NuYW1lPSJ0ZXN0Ii8+Cgk8dGVzdGNhc2UgbmFtZT0iY2FuY2VsbGVkIGRhdGUgc2VsZWN0aW9uIGRvZXMgbm90IHJlcXVlc3QgbmV3IGludmVudG9yeSBvciBhIHBheW1lbnQiIHRpbWU9IjAuMDAwODA5IiBjbGFzc25hbWU9InRlc3QiLz4KCTx0ZXN0Y2FzZSBuYW1lPSJkaXNwbGF5ZWQgcXVvdGUgaGFzaCBzdGF5cyBib3VuZCBhY3Jvc3MgYXN5bmNocm9ub3VzIHNvdXJj
2026-09-10T03:20:46.1113407Z GO_EVIDENCE_B64 ZSBtdXRhdGlvbiIgdGltZT0iMC4wMDA4NTkiIGNsYXNzbmFtZT0idGVzdCIvPgoJPHRlc3RjYXNlIG5hbWU9InVua25vd24gc3VwcGxpZXIgcHJvZ3Jlc3Mgb2ZmZXJzIHF1ZXJ5IG9ubHkgYW5kIGJpbmRzIHRoZSBzYXZlZCBvcGVyYXRpb24iIHRpbWU9IjAuMDAxMDg5IiBjbGFzc25hbWU9InRlc3QiLz4KCTx0ZXN0Y2FzZSBuYW1lPSJjYW5jZWwgY29uZmlybWVkIGFuZCByZWZ1bmQgcGVuZGluZyByZW1haW4gZGlzdGluY3QgaW4gdGhlIGN1c3RvbWVyIHByb2dyZXNzIGNhcmQiIHRpbWU9IjAuMDAwNzU3IiBjbGFzc25hbWU9
2026-09-10T03:20:46.1119390Z GO_EVIDENCE_B64 InRlc3QiLz4KCTx0ZXN0Y2FzZSBuYW1lPSJjcmVkaXQgY29udmVyc2lvbiB3YWl0cyBmb3IgZXhwbGljaXQgcXVvdGVkIGNvbnNlbnQgYW5kIGRvZXMgbm90IGNsYWltIGFuIHVua25vd24gY2FuY2VsbGF0aW9uIHN1Y2NlZWRlZCIgdGltZT0iMC4wMDUxNjYiIGNsYXNzbmFtZT0idGVzdCIvPgoJPHRlc3RjYXNlIG5hbWU9ImNhbmNlbGluZyB0cmF2ZWxlciBzZWxlY3Rpb24gc2VuZHMgbm8gcmVkZW1wdGlvbiBvciBhdXRvbWF0aWMgaWRlbnRpdHkiIHRpbWU9IjAuMDAxMDk2IiBjbGFzc25hbWU9InRlc3QiLz4KCTx0ZXN0Y2Fz
2026-09-10T03:20:46.1125722Z GO_EVIDENCE_B64 ZSBuYW1lPSJyZWRlbXB0aW9uIG5ldHdvcmsgcmV0cnkgYmluZHMgdGhlIHNhbWUgcXVvdGUgYW5kIGV4cGxpY2l0bHkgc2VsZWN0ZWQgdHJhdmVsZXIiIHRpbWU9IjAuMDAyMjUxIiBjbGFzc25hbWU9InRlc3QiLz4KCTx0ZXN0Y2FzZSBuYW1lPSJ1bmtub3duIGJvb2tpbmcgYW5kIHBlbmRpbmcgcmVmdW5kIHJlbWFpbiBkaXN0aW5jdCBmcm9tIGNvbXBsZXRlZCBjcmVkaXQgcmVzdG9yYXRpb24iIHRpbWU9IjAuMDAwODQ2IiBjbGFzc25hbWU9InRlc3QiLz4KCTx0ZXN0Y2FzZSBuYW1lPSJjYW5jZWxpbmcgYSBzdXBwbGVtZW50
2026-09-10T03:20:46.1131609Z GO_EVIDENCE_B64 YXJ5IHBheW1lbnQgZGlhbG9nIHJlLWVuYWJsZXMgdGhlIGFjdGlvbiIgdGltZT0iMC4wMTYwMDYiIGNsYXNzbmFtZT0idGVzdCIvPgoJPHRlc3RjYXNlIG5hbWU9ImNvbnZlcnNpb24gc2VwYXJhdGVzIHByaW9yIGNhc2ggcmVmdW5kcyBhbmQgZm9yZmVpdHVyZSBmcm9tIHJldGFpbmVkIGNyZWRpdCIgdGltZT0iMC4wMDIwOTciIGNsYXNzbmFtZT0idGVzdCIvPgoJPHRlc3RjYXNlIG5hbWU9ImZvcmZlaXR1cmUgY29udmVyc2lvbiBjb25maXJtYXRpb24gc3RheXMgYm91bmQgdG8gdGhlIGRpc3BsYXllZCBxdW90ZSBhZnRlciBz
2026-09-10T03:20:46.1137626Z GO_EVIDENCE_B64 b3VyY2Ugb2JqZWN0IGNoYW5nZXMiIHRpbWU9IjAuMDAxMDM1IiBjbGFzc25hbWU9InRlc3QiLz4KCTx0ZXN0Y2FzZSBuYW1lPSJjcmVkaXQgZGV0YWlsIGtlZXBzIG9yaWdpbmFsIGV4Y2x1ZGVkIHZhbHVlIHZpc2libGUgYWZ0ZXIgcmVkZW1wdGlvbiBjaGFuZ2VzIiB0aW1lPSIwLjAwMDkyOSIgY2xhc3NuYW1lPSJ0ZXN0Ii8+Cgk8dGVzdGNhc2UgbmFtZT0iaGlzdG9yaWNhbCBjcmVkaXQgd2l0aG91dCBhIGZvcmZlaXR1cmUgYnJlYWtkb3duIG5ldmVyIHJlbmRlcnMgaW52YWxpZCBhbW91bnRzIiB0aW1lPSIwLjAwMTIzOSIg
2026-09-10T03:20:46.1145241Z GO_EVIDENCE_B64 Y2xhc3NuYW1lPSJ0ZXN0Ii8+Cgk8dGVzdGNhc2UgbmFtZT0iZmFyZSBjb25maXJtYXRpb24gc2VwYXJhdGVzIGZlZSB0aWVycywgY29vbGluZywgY2hhbmdlIGFuZCBwcm9wZXJ0eSBjcmVkaXQgdGVybXMiIHRpbWU9IjAuMDAyNDk0IiBjbGFzc25hbWU9InRlc3QiLz4KCTx0ZXN0Y2FzZSBuYW1lPSJjYW5jZWxsaW5nIGZhcmUgY29uZmlybWF0aW9uIGhhcyBubyBhY2NlcHRlZCBjb250cmFjdCIgdGltZT0iMC4wMDE5NDYiIGNsYXNzbmFtZT0idGVzdCIvPgoJPHRlc3RjYXNlIG5hbWU9ImFjY2VwdGVkIGhhc2ggcmVtYWlucyBi
2026-09-10T03:20:46.1151048Z GO_EVIDENCE_B64 b3VuZCB0byB0aGUgcnVsZXMgZGlzcGxheWVkIGJlZm9yZSBhc3luY2hyb25vdXMgc3RhdGUgY2hhbmdlcyIgdGltZT0iMC4wMDA4MjIiIGNsYXNzbmFtZT0idGVzdCIvPgoJPHRlc3RjYXNlIG5hbWU9ImRlY2xpbmluZyBob3RlbCBydWxlcyBuZXZlciBzZWxlY3RzIG9yIGF1dGhvcml6ZXMgYSB0cmF2ZWxlciBvciBjcmVhdGVzIGFuIG9yZGVyIiB0aW1lPSIwLjAwMTYxMCIgY2xhc3NuYW1lPSJ0ZXN0Ii8+Cgk8dGVzdGNhc2UgbmFtZT0iYWNjZXB0ZWQgaG90ZWwgY29udHJhY3QgaXMgaW5jbHVkZWQgd2l0aCBzZWxlY3RlZCB0
2026-09-10T03:20:46.1157153Z GO_EVIDENCE_B64 cmF2ZWxlciBhbmQgc3RhYmxlIGJvb2tpbmcgcmVxdWVzdCBpZGVudGl0eSIgdGltZT0iMC4wMDExMzQiIGNsYXNzbmFtZT0idGVzdCIvPgoJPHRlc3RjYXNlIG5hbWU9InN1cHBsaWVyIG1vbmV5IGFuZCBwZXJjZW50YWdlIGlucHV0cyB1c2UgZXhhY3QgbWlub3IgdW5pdHMiIHRpbWU9IjAuMDAxMTI4IiBjbGFzc25hbWU9InRlc3QiLz4KCTx0ZXN0Y2FzZSBuYW1lPSJzdXBwbGllciBsb3N0LXJlc3BvbnNlIHJldHJ5IGtlZXBzIHJlcXVlc3QgaWRlbnRpdHkgYW5kIHNlbmRzIG9ubHkgdGhlIGNsYWltZWQgY2F1c2UiIHRpbWU9
2026-09-10T03:20:46.1162947Z GO_EVIDENCE_B64 IjAuMDA2MTk5IiBjbGFzc25hbWU9InRlc3QiLz4KCTx0ZXN0Y2FzZSBuYW1lPSJzdXBwbGllciBkdXBsaWNhdGUgY2xpY2tzIHdoaWxlIGEgcmVxdWVzdCBpcyBwZW5kaW5nIGNhbm5vdCBjcmVhdGUgYW5vdGhlciByZXF1ZXN0IiB0aW1lPSIwLjAwMTY1MSIgY2xhc3NuYW1lPSJ0ZXN0Ii8+Cgk8dGVzdGNhc2UgbmFtZT0idW5rbm93biBzdXBwbGllciBjYW5jZWxsYXRpb24gc2hvd3MgYXBwcm92ZWQgcmVmdW5kIHdhaXRpbmcgZm9yIGNvbmZpcm1hdGlvbiwgd2l0aG91dCBhIHJlc2VuZCBidXR0b24iIHRpbWU9IjAuMDE4MDgz
2026-09-10T03:20:46.1168791Z GO_EVIDENCE_B64 IiBjbGFzc25hbWU9InRlc3QiLz4KCTx0ZXN0Y2FzZSBuYW1lPSJob3RlbCBmdW5kcyBkaXN0aW5ndWlzaCBmcm96ZW4sIGNoYXJnZWQsIHJlbGVhc2VkIGFuZCByZWZ1bmRlZCBjZW50IGFtb3VudHMiIHRpbWU9IjAuMDE2NjI2IiBjbGFzc25hbWU9InRlc3QiLz4KCTx0ZXN0Y2FzZSBuYW1lPSJvbmx5IGFwcHJvdmVkIHBlbmRpbmcgcmVmdW5kcyBleHBvc2UgcmV0cnkgYW5kIGFsbCBzZXJ2ZXIgbGFiZWxzIGFyZSBlc2NhcGVkIiB0aW1lPSIwLjAwMDQ4NCIgY2xhc3NuYW1lPSJ0ZXN0Ii8+Cgk8dGVzdGNhc2UgbmFtZT0idW5r
2026-09-10T03:20:46.1174486Z GO_EVIDENCE_B64 bm93biBmdW5kaW5nIHNob3dzIHJlY29uY2lsaWF0aW9uIGluc3RlYWQgb2YgYSBmYWxzZSBwYXltZW50IGNsYWltIiB0aW1lPSIwLjAwMDQ3OCIgY2xhc3NuYW1lPSJ0ZXN0Ii8+Cgk8dGVzdGNhc2UgbmFtZT0idHJpcCBsaW5rcyBvbmx5IG9wZW4gdGhlIGV4YWN0IGNhbm9uaWNhbCBvd25lZCBkaXJlY3QtcmVzZXJ2YXRpb24gcGF0aCIgdGltZT0iMC4wMDAzODAiIGNsYXNzbmFtZT0idGVzdCIvPgoJPHRlc3RjYXNlIG5hbWU9ImNsb3NpbmcgYSBzdGF5IGNvbXBsYWludCBmb3JtIG1ha2VzIG5vIHJlcXVlc3QiIHRpbWU9IjAu
2026-09-10T03:20:46.1180292Z GO_EVIDENCE_B64 MDAxMTQ0IiBjbGFzc25hbWU9InRlc3QiLz4KCTx0ZXN0Y2FzZSBuYW1lPSJjb21wbGFpbnQgcmV0cmllcyByZXVzZSB0aGUgc2FtZSByZXF1ZXN0IGlkZW50aXR5IGFuZCBoYXZlIG5vIHJlZnVuZCBhcHByb3ZhbCBmaWVsZHMiIHRpbWU9IjAuMDAxNjE5IiBjbGFzc25hbWU9InRlc3QiLz4KCTx0ZXN0Y2FzZSBuYW1lPSJibGFuayBjb21wbGFpbnRzIGFuZCBkdXBsaWNhdGUgc3VibWlzc2lvbiBjbGlja3MgY2Fubm90IHNlbmQgZXh0cmEgcmVxdWVzdHMiIHRpbWU9IjAuMDAwOTE0IiBjbGFzc25hbWU9InRlc3QiLz4KCTx0ZXN0
2026-09-10T03:20:46.1186143Z GO_EVIDENCE_B64 Y2FzZSBuYW1lPSJjbG9zaW5nIGhvdGVsIGF1dGhvcml6YXRpb24gbGVhdmVzIGZ1bmRzIHVudG91Y2hlZCIgdGltZT0iMC4wMDIwNjUiIGNsYXNzbmFtZT0idGVzdCIvPgoJPHRlc3RjYXNlIG5hbWU9ImhvdGVsIGNoZWNrb3V0IHJlcXVpcmVzIGNvbmZpcm1hdGlvbiBhbmQgYmluZHMgdGhlIGNvbXBsZXRlIHN0YXkgYW1vdW50IiB0aW1lPSIwLjAwMjUxMSIgY2xhc3NuYW1lPSJ0ZXN0Ii8+Cgk8dGVzdGNhc2UgbmFtZT0iYSBzZWNvbmQgY2xpY2sgY2Fubm90IGNyZWF0ZSBhbm90aGVyIGhvdGVsIGF1dGhvcml6YXRpb24gd2hp
2026-09-10T03:20:46.1191941Z GO_EVIDENCE_B64 bGUgdGhlIGZpcnN0IGlzIHBlbmRpbmciIHRpbWU9IjAuMDAwOTUwIiBjbGFzc25hbWU9InRlc3QiLz4KCTx0ZXN0Y2FzZSBuYW1lPSJhIGZhaWxlZCBob3RlbCBhdXRob3JpemF0aW9uIHJlbWFpbnMgdmlzaWJsZSBhbmQgY2FuIGJlIHJldHJpZWQiIHRpbWU9IjAuMDAwODY1IiBjbGFzc25hbWU9InRlc3QiLz4KCTx0ZXN0Y2FzZSBuYW1lPSJjb252ZXJzaW9uIGNsZWFybHkgc2hvd3MgY2FwdHVyZSBhbmQgdmFsdWUgYW5kIGNsb3NpbmcgZG9lcyBub3QgY29udmVydCIgdGltZT0iMC4wMjIyMTgiIGNsYXNzbmFtZT0idGVzdCIv
2026-09-10T03:20:46.1197966Z GO_EVIDENCE_B64 PgoJPHRlc3RjYXNlIG5hbWU9ImNvbnZlcnNpb24gcmV0cnkga2VlcHMgb3JpZ2luYWwgcXVvdGUsIGFtb3VudCBhbmQgb3JpZ2luYWwgZXhwaXJ5IiB0aW1lPSIwLjAwMjAxMSIgY2xhc3NuYW1lPSJ0ZXN0Ii8+Cgk8dGVzdGNhc2UgbmFtZT0icmVkZW1wdGlvbiB1c2VzIHNlcnZlciBxdW90ZSBwb2xpY3kgYW5kIGRpc3BsYXlzIGZvcmZlaXR1cmUgYmVmb3JlIGNvbnNlbnQiIHRpbWU9IjAuMDAxNDY5IiBjbGFzc25hbWU9InRlc3QiLz4KCTx0ZXN0Y2FzZSBuYW1lPSJyZWRlbXB0aW9uIGNvbmZpcm1zIGEgZnJlc2ggdHJhdmVs
2026-09-10T03:20:46.1203714Z GO_EVIDENCE_B64 ZXIgYW5kIG9ubHkgcmVsZWFzZXMgaG90ZWwgZmllbGRzIiB0aW1lPSIwLjAwMTY4OSIgY2xhc3NuYW1lPSJ0ZXN0Ii8+Cgk8dGVzdGNhc2UgbmFtZT0iZG91YmxlIGNsaWNrIGFuZCBFc2NhcGUgY2Fubm90IGR1cGxpY2F0ZSBvciBkaXNtaXNzIHBlbmRpbmcgcmVkZW1wdGlvbiIgdGltZT0iMC4wMDg0NzgiIGNsYXNzbmFtZT0idGVzdCIvPgoJPHRlc3RjYXNlIG5hbWU9ImNyZWRpdCBsaXN0IGZpbHRlcnMgcHJvcGVydHkgYW5kIGRpc2FibGVzIGZyb3plbiwgZXhwaXJlZCBvciByZWNvbmNpbGlhdGlvbiBjcmVkaXRzIiB0aW1l
2026-09-10T03:20:46.1209768Z GO_EVIDENCE_B64 PSIwLjAwMTI1OSIgY2xhc3NuYW1lPSJ0ZXN0Ii8+Cgk8dGVzdGNhc2UgbmFtZT0iYSBjYW5jZWxsYXRpb24gcXVvdGUgbmV2ZXIgY2FuY2VscyBhIGJvb2tpbmcgYW5kIGNsb3NpbmcgcHJlc2VydmVzIGl0IiB0aW1lPSIwLjAyMjIwMSIgY2xhc3NuYW1lPSJ0ZXN0Ii8+Cgk8dGVzdGNhc2UgbmFtZT0iZmVlIGNvbnNlbnQgYmluZHMgdGhlIHNlcnZlciBxdW90ZSBhbmQga2VlcHMgZnJvemVuIHJlbGVhc2Ugc2VwYXJhdGUgZnJvbSBjYXNoIHJlZnVuZCIgdGltZT0iMC4wMDE5NDciIGNsYXNzbmFtZT0idGVzdCIvPgoJPHRlc3Rj
2026-09-10T03:20:46.1215666Z GO_EVIDENCE_B64 YXNlIG5hbWU9ImludGVycnVwdGVkIGNhbmNlbGxhdGlvbiByZXRyeSB1c2VzIGV4YWN0bHkgdGhlIHNhbWUgcXVvdGUgYW5kIGZlZSIgdGltZT0iMC4wMDEzMzYiIGNsYXNzbmFtZT0idGVzdCIvPgoJPHRlc3RjYXNlIG5hbWU9ImRvdWJsZSBjbGlja3MgY2Fubm90IHNldHRsZSB0d2ljZSB3aGlsZSBhIGNhbmNlbGxhdGlvbiBpcyBwZW5kaW5nIiB0aW1lPSIwLjAwMTI0MCIgY2xhc3NuYW1lPSJ0ZXN0Ii8+Cgk8dGVzdGNhc2UgbmFtZT0idW5hdmFpbGFibGUgZmFyZSBhY3Rpb25zIGhhdmUgbm8gZXhlY3V0YWJsZSBidXR0b25z
2026-09-10T03:20:46.1221662Z GO_EVIDENCE_B64 IGFuZCBydWxlIHRleHQgaXMgZXNjYXBlZCIgdGltZT0iMC4wMDExMzgiIGNsYXNzbmFtZT0idGVzdCIvPgoJPHRlc3RjYXNlIG5hbWU9ImRhdGUgY2hhbmdlcyBxdW90ZSBmaXJzdCBhbmQgcmVxdWlyZSBmcmVzaCBjb25zZW50IGFmdGVyIGVkaXRpbmcgZGF0ZXMiIHRpbWU9IjAuMDAyMTcwIiBjbGFzc25hbWU9InRlc3QiLz4KCTx0ZXN0Y2FzZSBuYW1lPSJleHRlbnNpb24ga2VlcHMgY2hlY2staW4gZml4ZWQgYW5kIGV4cGxhaW5zIHJlcGxhY2VtZW50IGF1dGhvcml6YXRpb24iIHRpbWU9IjAuMDAyMzU1IiBjbGFzc25hbWU9
2026-09-10T03:20:46.1227592Z GO_EVIDENCE_B64 InRlc3QiLz4KCTx0ZXN0Y2FzZSBuYW1lPSJpbmRlcGVuZGVudCByZXZpZXcgcmVxdWlyZXMgYW4gZXhwbGljaXQgY2hlY2tlZCBhdHRlc3RhdGlvbiBhbmQgY2hvc2VuIHByb29mIiB0aW1lPSIwLjAwMjIyNiIgY2xhc3NuYW1lPSJ0ZXN0Ii8+Cgk8dGVzdGNhc2UgbmFtZT0icmV2aWV3IHN1Ym1pdHMgdGhlIGV4YWN0IGV2aWRlbmNlIHNuYXBzaG90IGFuZCBubyBjYWxsZXItc2VsZWN0ZWQgbW9uZXkiIHRpbWU9IjAuMDAwODIxIiBjbGFzc25hbWU9InRlc3QiLz4KCTx0ZXN0Y2FzZSBuYW1lPSJjdXN0b21lciBzZWVzIGNvbXBs
2026-09-10T03:20:46.1233398Z GO_EVIDENCE_B64 ZXRlZCBvcmlnaW5hbCByZWZ1bmQgc2VwYXJhdGVseSBmcm9tIHBlbmRpbmcgZXh0cmEgcGF5bWVudCIgdGltZT0iMC4wMTUxNDciIGNsYXNzbmFtZT0idGVzdCIvPgoJPHRlc3RjYXNlIG5hbWU9InVuYXBwcm92ZWQgZ3Vlc3QgbGlhYmlsaXR5IGlzIGEgcmV2aWV3IGhvbGQgd2l0aG91dCBhIHJlZnVuZCBwcm9taXNlIG9yIHBheSBidXR0b24iIHRpbWU9IjAuMDAwMjQyIiBjbGFzc25hbWU9InRlc3QiLz4KCTx0ZXN0Y2FzZSBuYW1lPSJ6ZXJvIGNhcHR1cmVkIHBheW1lbnQgZXhwbGFpbnMgYXV0aG9yaXphdGlvbiByZWxlYXNl
2026-09-10T03:20:46.1239308Z GO_EVIDENCE_B64 IGFuZCBjb21wbGV0ZWQgY2FzZSBoYXMgbm8gcmV0cnkiIHRpbWU9IjAuMDAwMzY4IiBjbGFzc25hbWU9InRlc3QiLz4KCTx0ZXN0Y2FzZSBuYW1lPSJmaW5hbmNlIGVudHJ5IGNvbnZlcnRzIGRlY2ltYWwgY3VycmVuY3kgd2l0aG91dCBmcmFjdGlvbmFsIGNlbnRzIG9yIHNpbGVudCByb3VuZGluZyIgdGltZT0iMC4wMDA0NTciIGNsYXNzbmFtZT0idGVzdCIvPgoJPHRlc3RjYXNlIG5hbWU9IkhPVEVMOiBleHBsaWNpdCBjb25maXJtYXRpb24gY29uc3VtZXMgb25lIHF1b3RlIGFuZCByZWFkcyBvcmlnaW5hbCBvcmRlciIgdGlt
2026-09-10T03:20:46.1245154Z GO_EVIDENCE_B64 ZT0iMC4wMDY1OTkiIGNsYXNzbmFtZT0idGVzdCIvPgoJPHRlc3RjYXNlIG5hbWU9IkhPVEVMOiBleHBpcnksIGVkaXQgYW5kIHNlc3Npb24gY2hhbmdlcyBwcmV2ZW50IHN1Ym1pc3Npb24iIHRpbWU9IjAuMDAxMTE0IiBjbGFzc25hbWU9InRlc3QiLz4KCTx0ZXN0Y2FzZSBuYW1lPSJIT1RFTDogd3JvbmcgaWRlbnRpdHkgb3IgdW5hdmFpbGFibGUgaXNvbGF0ZWQgY2hhbm5lbCBjYW5ub3QgZXhlY3V0ZSIgdGltZT0iMC4wMDA3MjYiIGNsYXNzbmFtZT0idGVzdCIvPgoJPHRlc3RjYXNlIG5hbWU9IkhPVEVMOiB0aW1lb3V0IGlz
2026-09-10T03:20:46.1251068Z GO_EVIDENCE_B64 IHVua25vd24gYW5kIG5ldmVyIGF1dG8tcmV0cmllZCIgdGltZT0iMC4wMDA2MjgiIGNsYXNzbmFtZT0idGVzdCIvPgoJPHRlc3RjYXNlIG5hbWU9IkZMSUdIVDogZXhwbGljaXQgY29uZmlybWF0aW9uIGNvbnN1bWVzIG9uZSBxdW90ZSBhbmQgcmVhZHMgb3JpZ2luYWwgb3JkZXIiIHRpbWU9IjAuMDAwNjk0IiBjbGFzc25hbWU9InRlc3QiLz4KCTx0ZXN0Y2FzZSBuYW1lPSJGTElHSFQ6IGV4cGlyeSwgZWRpdCBhbmQgc2Vzc2lvbiBjaGFuZ2VzIHByZXZlbnQgc3VibWlzc2lvbiIgdGltZT0iMC4wMDA2ODAiIGNsYXNzbmFtZT0i
2026-09-10T03:20:46.1256968Z GO_EVIDENCE_B64 dGVzdCIvPgoJPHRlc3RjYXNlIG5hbWU9IkZMSUdIVDogd3JvbmcgaWRlbnRpdHkgb3IgdW5hdmFpbGFibGUgaXNvbGF0ZWQgY2hhbm5lbCBjYW5ub3QgZXhlY3V0ZSIgdGltZT0iMC4wMDAzMjMiIGNsYXNzbmFtZT0idGVzdCIvPgoJPHRlc3RjYXNlIG5hbWU9IkZMSUdIVDogdGltZW91dCBpcyB1bmtub3duIGFuZCBuZXZlciBhdXRvLXJldHJpZWQiIHRpbWU9IjAuMDAwMjc2IiBjbGFzc25hbWU9InRlc3QiLz4KCTx0ZXN0Y2FzZSBuYW1lPSJSQUlMOiBleHBsaWNpdCBjb25maXJtYXRpb24gY29uc3VtZXMgb25lIHF1b3RlIGFu
2026-09-10T03:20:46.1262806Z GO_EVIDENCE_B64 ZCByZWFkcyBvcmlnaW5hbCBvcmRlciIgdGltZT0iMC4wMDA2MjEiIGNsYXNzbmFtZT0idGVzdCIvPgoJPHRlc3RjYXNlIG5hbWU9IlJBSUw6IGV4cGlyeSwgZWRpdCBhbmQgc2Vzc2lvbiBjaGFuZ2VzIHByZXZlbnQgc3VibWlzc2lvbiIgdGltZT0iMC4wMDA4OTgiIGNsYXNzbmFtZT0idGVzdCIvPgoJPHRlc3RjYXNlIG5hbWU9IlJBSUw6IHdyb25nIGlkZW50aXR5IG9yIHVuYXZhaWxhYmxlIGlzb2xhdGVkIGNoYW5uZWwgY2Fubm90IGV4ZWN1dGUiIHRpbWU9IjAuMDAwNTIzIiBjbGFzc25hbWU9InRlc3QiLz4KCTx0ZXN0Y2Fz
2026-09-10T03:20:46.1268799Z GO_EVIDENCE_B64 ZSBuYW1lPSJSQUlMOiB0aW1lb3V0IGlzIHVua25vd24gYW5kIG5ldmVyIGF1dG8tcmV0cmllZCIgdGltZT0iMC4wMDAyNjYiIGNsYXNzbmFtZT0idGVzdCIvPgoJPHRlc3RjYXNlIG5hbWU9IkFUVFJBQ1RJT046IGV4cGxpY2l0IGNvbmZpcm1hdGlvbiBjb25zdW1lcyBvbmUgcXVvdGUgYW5kIHJlYWRzIG9yaWdpbmFsIG9yZGVyIiB0aW1lPSIwLjAwMjY1OSIgY2xhc3NuYW1lPSJ0ZXN0Ii8+Cgk8dGVzdGNhc2UgbmFtZT0iQVRUUkFDVElPTjogZXhwaXJ5LCBlZGl0IGFuZCBzZXNzaW9uIGNoYW5nZXMgcHJldmVudCBzdWJtaXNz
2026-09-10T03:20:46.1274508Z GO_EVIDENCE_B64 aW9uIiB0aW1lPSIwLjAwMDM5NyIgY2xhc3NuYW1lPSJ0ZXN0Ii8+Cgk8dGVzdGNhc2UgbmFtZT0iQVRUUkFDVElPTjogd3JvbmcgaWRlbnRpdHkgb3IgdW5hdmFpbGFibGUgaXNvbGF0ZWQgY2hhbm5lbCBjYW5ub3QgZXhlY3V0ZSIgdGltZT0iMC4wMDAyOTYiIGNsYXNzbmFtZT0idGVzdCIvPgoJPHRlc3RjYXNlIG5hbWU9IkFUVFJBQ1RJT046IHRpbWVvdXQgaXMgdW5rbm93biBhbmQgbmV2ZXIgYXV0by1yZXRyaWVkIiB0aW1lPSIwLjAwMTQ4OSIgY2xhc3NuYW1lPSJ0ZXN0Ii8+Cgk8dGVzdGNhc2UgbmFtZT0iUkVOVEFMOiBl
2026-09-10T03:20:46.1280364Z GO_EVIDENCE_B64 eHBsaWNpdCBjb25maXJtYXRpb24gY29uc3VtZXMgb25lIHF1b3RlIGFuZCByZWFkcyBvcmlnaW5hbCBvcmRlciIgdGltZT0iMC4wMDA1NDUiIGNsYXNzbmFtZT0idGVzdCIvPgoJPHRlc3RjYXNlIG5hbWU9IlJFTlRBTDogZXhwaXJ5LCBlZGl0IGFuZCBzZXNzaW9uIGNoYW5nZXMgcHJldmVudCBzdWJtaXNzaW9uIiB0aW1lPSIwLjAwMDUwOCIgY2xhc3NuYW1lPSJ0ZXN0Ii8+Cgk8dGVzdGNhc2UgbmFtZT0iUkVOVEFMOiB3cm9uZyBpZGVudGl0eSBvciB1bmF2YWlsYWJsZSBpc29sYXRlZCBjaGFubmVsIGNhbm5vdCBleGVjdXRl
2026-09-10T03:20:46.1286218Z GO_EVIDENCE_B64 IiB0aW1lPSIwLjAwMDMyNCIgY2xhc3NuYW1lPSJ0ZXN0Ii8+Cgk8dGVzdGNhc2UgbmFtZT0iUkVOVEFMOiB0aW1lb3V0IGlzIHVua25vd24gYW5kIG5ldmVyIGF1dG8tcmV0cmllZCIgdGltZT0iMC4wMDAzNTgiIGNsYXNzbmFtZT0idGVzdCIvPgoJPHRlc3RjYXNlIG5hbWU9ImludmFsaWQgcmVwbGFjZW1lbnQgcXVvdGUgZGVzdHJveXMgb2xkIGNvbnNlbnQ7IGRhdGVzIGFyZSBjYW5vbmljYWwiIHRpbWU9IjAuMDAwNDY4IiBjbGFzc25hbWU9InRlc3QiLz4KCTx0ZXN0Y2FzZSBuYW1lPSJkb3VibGUgc3VibWl0IG1ha2VzIG9u
2026-09-10T03:20:46.1291898Z GO_EVIDENCE_B64 bHkgb25lIG11dGF0aW9uIiB0aW1lPSIwLjAwMDM2NSIgY2xhc3NuYW1lPSJ0ZXN0Ii8+Cgk8dGVzdGNhc2UgbmFtZT0iaG90ZWwgbG93ZXIgcHJpY2Ugc3RpbGwgZGlzY2xvc2VzIHRoZSBub25yZWZ1bmRhYmxlIGxvc3MgYW5kIHNlcGFyYXRlIGZlZSIgdGltZT0iMC4wMDEzNjAiIGNsYXNzbmFtZT0idGVzdCIvPgoJPHRlc3RjYXNlIG5hbWU9Im1pc3Npbmcgb3IgaW5jb25zaXN0ZW50IGhvdGVsIGZpbmFuY2lhbCB0ZXJtcyBhcmUgbm90IGNvbmZpcm1hYmxlIiB0aW1lPSIwLjAwMDYyMyIgY2xhc3NuYW1lPSJ0ZXN0Ii8+Cgk8
2026-09-10T03:20:46.1297710Z GO_EVIDENCE_B64 dGVzdGNhc2UgbmFtZT0iZmxpZ2h0IGFuZCByYWlsIGRpc2Nsb3NlIHRyYW5zcG9ydCBpZGVudGl0eSBhbmQgcmVqZWN0IGluY29uc2lzdGVudCBmZWUgc3VtcyIgdGltZT0iMC4wMDA1MTciIGNsYXNzbmFtZT0idGVzdCIvPgoJPHRlc3RjYXNlIG5hbWU9InJlbnRhbCBsb3dlciBjb3N0IHNwZWNpZmllcyBvcmlnaW5hbCBwYXltZW50IGFuZCB2YWxpZGF0ZXMgdGhlIHJhdGUgY2FsY3VsYXRpb24iIHRpbWU9IjAuMDAwMzMwIiBjbGFzc25hbWU9InRlc3QiLz4KCTx0ZXN0Y2FzZSBuYW1lPSJhdHRyYWN0aW9uIGZyZWUgY2hhbmdl
2026-09-10T03:20:46.1303694Z GO_EVIDENCE_B64 IG5ldmVyIHNpbGVudGx5IGFjY2VwdHMgYSBuZXdseSBpbnRyb2R1Y2VkIGNoYXJnZSIgdGltZT0iMC4wMDAyNjYiIGNsYXNzbmFtZT0idGVzdCIvPgoJPHRlc3RjYXNlIG5hbWU9IkRpcmVjdCBuYXZpZ2F0aW9uIHByZXNlcnZlcyB0aGUgb3duZWQgcmVzZXJ2YXRpb24gaWRlbnRpdHkiIHRpbWU9IjAuMDAxOTQyIiBjbGFzc25hbWU9InRlc3QiLz4KCTx0ZXN0Y2FzZSBuYW1lPSJEaXJlY3QgZGV0YWlscyByZWFkIG9ubHkgdGhlIGNhbm9uaWNhbCByZXNlcnZhdGlvbiBhbmQgbWF0Y2hpbmcgZXZlbnRzIiB0aW1lPSIwLjAwMDUw
2026-09-10T03:20:46.1309619Z GO_EVIDENCE_B64 NSIgY2xhc3NuYW1lPSJ0ZXN0Ii8+Cgk8dGVzdGNhc2UgbmFtZT0iRGlyZWN0IG1pc21hdGNoZWQgb3IgbWlzc2luZyByZWNvcmRzIGNhbm5vdCBkaXNwbGF5IGNvbmZpcm1hdGlvbiIgdGltZT0iMC4wMDA3NTgiIGNsYXNzbmFtZT0idGVzdCIvPgoJPHRlc3RjYXNlIG5hbWU9IkhPVEVMOiBwYXltZW50IGJpbmRzIGZyZXNoIGFtb3VudCBhbmQgcmUtcmVhZHMgdGhlIHNhbWUgb3JkZXIgYWZ0ZXIgbG9zdCByZXNwb25zZSIgdGltZT0iMC4wMDMzMDQiIGNsYXNzbmFtZT0idGVzdCIvPgoJPHRlc3RjYXNlIG5hbWU9IkhPVEVMOiBj
2026-09-10T03:20:46.1315439Z GO_EVIDENCE_B64 aGFuZ2VkIGFtb3VudCBhbmQgdW5hdmFpbGFibGUgY2hhbm5lbCBjYW5ub3QgZXhlY3V0ZSBwYXltZW50IiB0aW1lPSIwLjAwMTM1MiIgY2xhc3NuYW1lPSJ0ZXN0Ii8+Cgk8dGVzdGNhc2UgbmFtZT0iSE9URUw6IHJlZnVuZCBjb25maXJtcyBxdW90ZWQgYW1vdW50LCBzdWJtaXRzIG9uY2UgYW5kIGRvZXMgbm90IGludmVudCByZWZ1bmRlZCBzdGF0ZSIgdGltZT0iMC4wMDE5NzIiIGNsYXNzbmFtZT0idGVzdCIvPgoJPHRlc3RjYXNlIG5hbWU9IkhPVEVMOiBjaGFuZ2VkIHJlZnVuZCB0ZXJtcyBuZWVkIHJlY29uZmlybWF0aW9u
2026-09-10T03:20:46.1321324Z GO_EVIDENCE_B64 IGJlZm9yZSBhbnkgY2FuY2VsbGF0aW9uIiB0aW1lPSIwLjAwMDUyMSIgY2xhc3NuYW1lPSJ0ZXN0Ii8+Cgk8dGVzdGNhc2UgbmFtZT0iRkxJR0hUOiBwYXltZW50IGJpbmRzIGZyZXNoIGFtb3VudCBhbmQgcmUtcmVhZHMgdGhlIHNhbWUgb3JkZXIgYWZ0ZXIgbG9zdCByZXNwb25zZSIgdGltZT0iMC4wMDAyNjciIGNsYXNzbmFtZT0idGVzdCIvPgoJPHRlc3RjYXNlIG5hbWU9IkZMSUdIVDogY2hhbmdlZCBhbW91bnQgYW5kIHVuYXZhaWxhYmxlIGNoYW5uZWwgY2Fubm90IGV4ZWN1dGUgcGF5bWVudCIgdGltZT0iMC4wMDAyNjUi
2026-09-10T03:20:46.1327182Z GO_EVIDENCE_B64 IGNsYXNzbmFtZT0idGVzdCIvPgoJPHRlc3RjYXNlIG5hbWU9IkZMSUdIVDogcmVmdW5kIGNvbmZpcm1zIHF1b3RlZCBhbW91bnQsIHN1Ym1pdHMgb25jZSBhbmQgZG9lcyBub3QgaW52ZW50IHJlZnVuZGVkIHN0YXRlIiB0aW1lPSIwLjAwMDY0OSIgY2xhc3NuYW1lPSJ0ZXN0Ii8+Cgk8dGVzdGNhc2UgbmFtZT0iRkxJR0hUOiBjaGFuZ2VkIHJlZnVuZCB0ZXJtcyBuZWVkIHJlY29uZmlybWF0aW9uIGJlZm9yZSBhbnkgY2FuY2VsbGF0aW9uIiB0aW1lPSIwLjAwMDI0NiIgY2xhc3NuYW1lPSJ0ZXN0Ii8+Cgk8dGVzdGNhc2UgbmFt
2026-09-10T03:20:46.1332927Z GO_EVIDENCE_B64 ZT0iUkFJTDogcGF5bWVudCBiaW5kcyBmcmVzaCBhbW91bnQgYW5kIHJlLXJlYWRzIHRoZSBzYW1lIG9yZGVyIGFmdGVyIGxvc3QgcmVzcG9uc2UiIHRpbWU9IjAuMDAwNTA3IiBjbGFzc25hbWU9InRlc3QiLz4KCTx0ZXN0Y2FzZSBuYW1lPSJSQUlMOiBjaGFuZ2VkIGFtb3VudCBhbmQgdW5hdmFpbGFibGUgY2hhbm5lbCBjYW5ub3QgZXhlY3V0ZSBwYXltZW50IiB0aW1lPSIwLjAwMDY2NCIgY2xhc3NuYW1lPSJ0ZXN0Ii8+Cgk8dGVzdGNhc2UgbmFtZT0iUkFJTDogcmVmdW5kIGNvbmZpcm1zIHF1b3RlZCBhbW91bnQsIHN1Ym1p
2026-09-10T03:20:46.1338859Z GO_EVIDENCE_B64 dHMgb25jZSBhbmQgZG9lcyBub3QgaW52ZW50IHJlZnVuZGVkIHN0YXRlIiB0aW1lPSIwLjAwMTIzNyIgY2xhc3NuYW1lPSJ0ZXN0Ii8+Cgk8dGVzdGNhc2UgbmFtZT0iUkFJTDogY2hhbmdlZCByZWZ1bmQgdGVybXMgbmVlZCByZWNvbmZpcm1hdGlvbiBiZWZvcmUgYW55IGNhbmNlbGxhdGlvbiIgdGltZT0iMC4wMDAyODYiIGNsYXNzbmFtZT0idGVzdCIvPgoJPHRlc3RjYXNlIG5hbWU9IlJFTlRBTDogcGF5bWVudCBiaW5kcyBmcmVzaCBhbW91bnQgYW5kIHJlLXJlYWRzIHRoZSBzYW1lIG9yZGVyIGFmdGVyIGxvc3QgcmVzcG9u
2026-09-10T03:20:46.1344598Z GO_EVIDENCE_B64 c2UiIHRpbWU9IjAuMDAyMjE0IiBjbGFzc25hbWU9InRlc3QiLz4KCTx0ZXN0Y2FzZSBuYW1lPSJSRU5UQUw6IGNoYW5nZWQgYW1vdW50IGFuZCB1bmF2YWlsYWJsZSBjaGFubmVsIGNhbm5vdCBleGVjdXRlIHBheW1lbnQiIHRpbWU9IjAuMDAwMzc5IiBjbGFzc25hbWU9InRlc3QiLz4KCTx0ZXN0Y2FzZSBuYW1lPSJSRU5UQUw6IHJlZnVuZCBjb25maXJtcyBxdW90ZWQgYW1vdW50LCBzdWJtaXRzIG9uY2UgYW5kIGRvZXMgbm90IGludmVudCByZWZ1bmRlZCBzdGF0ZSIgdGltZT0iMC4wMDA0MDIiIGNsYXNzbmFtZT0idGVzdCIv
2026-09-10T03:20:46.1350472Z GO_EVIDENCE_B64 PgoJPHRlc3RjYXNlIG5hbWU9IlJFTlRBTDogY2hhbmdlZCByZWZ1bmQgdGVybXMgbmVlZCByZWNvbmZpcm1hdGlvbiBiZWZvcmUgYW55IGNhbmNlbGxhdGlvbiIgdGltZT0iMC4wMDAxODYiIGNsYXNzbmFtZT0idGVzdCIvPgoJPHRlc3RjYXNlIG5hbWU9IlJJREU6IHBheW1lbnQgYmluZHMgZnJlc2ggYW1vdW50IGFuZCByZS1yZWFkcyB0aGUgc2FtZSBvcmRlciBhZnRlciBsb3N0IHJlc3BvbnNlIiB0aW1lPSIwLjAwMDI3MCIgY2xhc3NuYW1lPSJ0ZXN0Ii8+Cgk8dGVzdGNhc2UgbmFtZT0iUklERTogY2hhbmdlZCBhbW91bnQg
2026-09-10T03:20:46.1356400Z GO_EVIDENCE_B64 YW5kIHVuYXZhaWxhYmxlIGNoYW5uZWwgY2Fubm90IGV4ZWN1dGUgcGF5bWVudCIgdGltZT0iMC4wMDAyMTIiIGNsYXNzbmFtZT0idGVzdCIvPgoJPHRlc3RjYXNlIG5hbWU9IlJJREU6IHJlZnVuZCBjb25maXJtcyBxdW90ZWQgYW1vdW50LCBzdWJtaXRzIG9uY2UgYW5kIGRvZXMgbm90IGludmVudCByZWZ1bmRlZCBzdGF0ZSIgdGltZT0iMC4wMDA0NDciIGNsYXNzbmFtZT0idGVzdCIvPgoJPHRlc3RjYXNlIG5hbWU9IlJJREU6IGNoYW5nZWQgcmVmdW5kIHRlcm1zIG5lZWQgcmVjb25maXJtYXRpb24gYmVmb3JlIGFueSBjYW5j
2026-09-10T03:20:46.1362334Z GO_EVIDENCE_B64 ZWxsYXRpb24iIHRpbWU9IjAuMDAwMTg0IiBjbGFzc25hbWU9InRlc3QiLz4KCTx0ZXN0Y2FzZSBuYW1lPSJBVFRSQUNUSU9OOiBwYXltZW50IGJpbmRzIGZyZXNoIGFtb3VudCBhbmQgcmUtcmVhZHMgdGhlIHNhbWUgb3JkZXIgYWZ0ZXIgbG9zdCByZXNwb25zZSIgdGltZT0iMC4wMDAxNzciIGNsYXNzbmFtZT0idGVzdCIvPgoJPHRlc3RjYXNlIG5hbWU9IkFUVFJBQ1RJT046IGNoYW5nZWQgYW1vdW50IGFuZCB1bmF2YWlsYWJsZSBjaGFubmVsIGNhbm5vdCBleGVjdXRlIHBheW1lbnQiIHRpbWU9IjAuMDAwODMwIiBjbGFzc25h
2026-09-10T03:20:46.1368218Z GO_EVIDENCE_B64 bWU9InRlc3QiLz4KCTx0ZXN0Y2FzZSBuYW1lPSJBVFRSQUNUSU9OOiByZWZ1bmQgY29uZmlybXMgcXVvdGVkIGFtb3VudCwgc3VibWl0cyBvbmNlIGFuZCBkb2VzIG5vdCBpbnZlbnQgcmVmdW5kZWQgc3RhdGUiIHRpbWU9IjAuMDAwMzk3IiBjbGFzc25hbWU9InRlc3QiLz4KCTx0ZXN0Y2FzZSBuYW1lPSJBVFRSQUNUSU9OOiBjaGFuZ2VkIHJlZnVuZCB0ZXJtcyBuZWVkIHJlY29uZmlybWF0aW9uIGJlZm9yZSBhbnkgY2FuY2VsbGF0aW9uIiB0aW1lPSIwLjAwMDE3MyIgY2xhc3NuYW1lPSJ0ZXN0Ii8+Cgk8dGVzdGNhc2UgbmFt
2026-09-10T03:20:46.1374090Z GO_EVIDENCE_B64 ZT0iaWRlbnRpdHkgc3Vic3RpdHV0aW9uIGFuZCBjb25jdXJyZW50IHBheW1lbnQgc3VibWlzc2lvbiBhcmUgYmxvY2tlZCIgdGltZT0iMC4wMDA1NDgiIGNsYXNzbmFtZT0idGVzdCIvPgoJPHRlc3RjYXNlIG5hbWU9InNjcmVlbi9zZXNzaW9uIGNoYW5nZSBwcmV2ZW50cyBhIG11dGF0aW9uIGFmdGVyIHJlYWQtb25seSBwcmVmbGlnaHQiIHRpbWU9IjAuMDAwMzA2IiBjbGFzc25hbWU9InRlc3QiLz4KCTx0ZXN0Y2FzZSBuYW1lPSJhbGwgc2l4IGJvb2tpbmcgaW50ZW50cyB1c2UgZXhwbGljaXQgdmF1bHQgaWRlbnRpdGllcyB3
2026-09-10T03:20:46.1380013Z GO_EVIDENCE_B64 aXRoIHN0YWJsZSBrZXlzIGFuZCBubyBmYWJyaWNhdGVkIHBlb3BsZSIgdGltZT0iMC4wMDUwODIiIGNsYXNzbmFtZT0idGVzdCIvPgoJPHRlc3RjYXNlIG5hbWU9InBvcnRhYmxlIHJlcXVlc3QgZmluZ2VycHJpbnQgbWF0Y2hlcyBzdGFuZGFyZCBTSEEtMjU2IGZvciBVbmljb2RlIGFuZCBibG9jayBib3VuZGFyaWVzIiB0aW1lPSIwLjAwMjMwOSIgY2xhc3NuYW1lPSJ0ZXN0Ii8+Cgk8dGVzdGNhc2UgbmFtZT0iY29uY3VycmVudCBleHBpcmVkIG11dGF0aW9ucyBzaGFyZSBvbmUgcmVmcmVzaCBhbmQgcmV0YWluIGVhY2ggb3Jp
2026-09-10T03:20:46.1386156Z GO_EVIDENCE_B64 Z2luYWwgaWRlbXBvdGVuY3kga2V5L2JvZHkiIHRpbWU9IjAuMDMzODI2IiBjbGFzc25hbWU9InRlc3QiLz4KCTx0ZXN0Y2FzZSBuYW1lPSJhIG11dGF0aW9uIHdpdGggbG9zdCByZXNwb25zZSBpcyB1bmNlcnRhaW4gYW5kIGlzIG5ldmVyIGF1dG9tYXRpY2FsbHkgcmV0cmllZCIgdGltZT0iMC4wMDExNjEiIGNsYXNzbmFtZT0idGVzdCIvPgoJPHRlc3RjYXNlIG5hbWU9ImFjY291bnQgY2hhbmdlIGRpc2NhcmRzIHBlbmRpbmcgcmVhZHMgYW5kIHJlZnJlc2ggdG9rZW5zIGZyb20gdGhlIG9sZCBhY2NvdW50IiB0aW1lPSIwLjAw
2026-09-10T03:20:46.1391882Z GO_EVIDENCE_B64 MjAzMSIgY2xhc3NuYW1lPSJ0ZXN0Ii8+Cgk8dGVzdGNhc2UgbmFtZT0icmVmcmVzaCByZWplY3Rpb24gaW52YWxpZGF0ZXMgY3VycmVudCBzZXNzaW9uIGFuZCBub3RpZmllcyB0aGUgVUkiIHRpbWU9IjAuMDAxOTk1IiBjbGFzc25hbWU9InRlc3QiLz4KCTx0ZXN0Y2FzZSBuYW1lPSJsb2dvdXQgcmV2b2tlcyByZW1vdGVseSBhbmQgc3RpbGwgY2xlYXJzIGxvY2FsbHkgYWZ0ZXIgYSB0cmFuc3BvcnQgZmFpbHVyZSIgdGltZT0iMC4wMDA1MDciIGNsYXNzbmFtZT0idGVzdCIvPgoJPHRlc3RjYXNlIG5hbWU9ImEgcHJldmlvdXMg
2026-09-10T03:20:46.1397840Z GO_EVIDENCE_B64 bG9nb3V0IGNhbm5vdCBjbGVhciBhIG5ld2x5IGxvZ2dlZC1pbiBhY2NvdW50IiB0aW1lPSIwLjAwMTUxMSIgY2xhc3NuYW1lPSJ0ZXN0Ii8+Cgk8dGVzdGNhc2UgbmFtZT0ib25seSBjaG9zZW4gQVBJLXJlbGF0aXZlIHBhdGhzIGFyZSByZXF1ZXN0ZWQgYW5kIGNhbGxlciBhdXRoIGNhbm5vdCBvdmVycmlkZSB0aGUgc2Vzc2lvbiIgdGltZT0iMC4wMDEwMjAiIGNsYXNzbmFtZT0idGVzdCIvPgoJPHRlc3RjYXNlIG5hbWU9ImFib3J0ZWQgbXV0YXRpb25zIGJlZm9yZSBkaXNwYXRjaCBhcmUga25vd24gbm90IHNlbnQ7IG1hbGZv
2026-09-10T03:20:46.1403526Z GO_EVIDENCE_B64 cm1lZCBzdWNjZXNzZnVsIHJlc3BvbnNlcyBhcmUgdW5jZXJ0YWluIiB0aW1lPSIwLjAwMTEwNiIgY2xhc3NuYW1lPSJ0ZXN0Ii8+Cgk8dGVzdGNhc2UgbmFtZT0ibmF0aXZlIG5hdmlnYXRpb24gYmluZHMgYWxsIHNpeCB2ZXJ0aWNhbHMgdG8gYW4gb3duZWQgY2Fub25pY2FsIGlkZW50aXR5IiB0aW1lPSIwLjAwMjI3MCIgY2xhc3NuYW1lPSJ0ZXN0Ii8+Cgk8dGVzdGNhc2UgbmFtZT0ibmF0aXZlIGNoZWNrLWluIHJlbmRlcnMgZWFjaCBwYXNzZW5nZXIgYW5kIGxlZyBpbmRlcGVuZGVudGx5IiB0aW1lPSIwLjAwMDc4NCIgY2xh
2026-09-10T03:20:46.1409375Z GO_EVIDENCE_B64 c3NuYW1lPSJ0ZXN0Ii8+Cgk8dGVzdGNhc2UgbmFtZT0ibWlzc2luZywgc3RhbGUsIGR1cGxpY2F0ZSwgZnV0dXJlIG9yIHdyb25nLW9yZGVyIGNoZWNrLWluIGV2aWRlbmNlIGlzIHVudmVyaWZpZWQiIHRpbWU9IjAuMDAwNTE0IiBjbGFzc25hbWU9InRlc3QiLz4KCTx0ZXN0Y2FzZSBuYW1lPSJvbmx5IHNhZmUgSFRUUFMgbGlua3MgYXJlIG9mZmVyZWQgYnkgbmF0aXZlIHRyYXZlbCBmYWN0cyIgdGltZT0iMC4wMDAyNjYiIGNsYXNzbmFtZT0idGVzdCIvPgoJPHRlc3RjYXNlIG5hbWU9Im5hdGl2ZSByZW50YWwgZGV0YWlscyBu
2026-09-10T03:20:46.1415366Z GO_EVIDENCE_B64 ZXZlciByZXF1ZXN0IHJpZGUgdHJhY2tpbmciIHRpbWU9IjAuMDAwMzkwIiBjbGFzc25hbWU9InRlc3QiLz4KCTx0ZXN0Y2FzZSBuYW1lPSJyaWRlIHRyYWNraW5nIGZhaWx1cmUgY2Fubm90IGhpZGUgdGhlIGV4aXN0aW5nIHJpZGUgb3JkZXIiIHRpbWU9IjAuMDAwMzU1IiBjbGFzc25hbWU9InRlc3QiLz4KCTx0ZXN0Y2FzZSBuYW1lPSJ0cmFja2luZyBhbmQgb3JkZXIgaWRlbnRpdHkgbWlzbWF0Y2hlcyBjYW5ub3QgcmVuZGVyIGFub3RoZXIgb3JkZXIiIHRpbWU9IjAuMDAwODMzIiBjbGFzc25hbWU9InRlc3QiLz4KCTx0ZXN0
2026-09-10T03:20:46.1421148Z GO_EVIDENCE_B64 Y2FzZSBuYW1lPSJyYWlsIG9yZGVyIHByZXNlcnZlcyBwYXJ0eSwgaW1tdXRhYmxlIHByZWJvb2sgYW5kIG9yaWdpbmFsIHRvdGFsIHRocm91Z2ggcGF5bWVudCBjYW5jZWxsYXRpb24iIHRpbWU9IjAuMDAzODE2IiBjbGFzc25hbWU9InRlc3QiLz4KCTx0ZXN0Y2FzZSBuYW1lPSJhdHRyYWN0aW9uIG9yZGVyIHVzZXMgdGhlIHF1b3RlZCBzbG90LCBxdWFudGl0eSBhbmQgcHJlYm9vayBhbmQgc2hvd3MgZWxpZ2liaWxpdHkiIHRpbWU9IjAuMDAwNDc5IiBjbGFzc25hbWU9InRlc3QiLz4KCTx0ZXN0Y2FzZSBuYW1lPSJjYW5jZWxs
2026-09-10T03:20:46.1427298Z GO_EVIDENCE_B64 aW5nIGNvbmZpcm1hdGlvbiBzdGVwIDEgbmV2ZXIgY3JlYXRlcyBhbiBvcmRlciBvciBwYXltZW50IiB0aW1lPSIwLjAwMDI0OSIgY2xhc3NuYW1lPSJ0ZXN0Ii8+Cgk8dGVzdGNhc2UgbmFtZT0iY2FuY2VsbGluZyBjb25maXJtYXRpb24gc3RlcCAyIG5ldmVyIGNyZWF0ZXMgYW4gb3JkZXIgb3IgcGF5bWVudCIgdGltZT0iMC4wMDAzNDQiIGNsYXNzbmFtZT0idGVzdCIvPgoJPHRlc3RjYXNlIG5hbWU9ImNhbmNlbGxlZCBwYXJ0eSBzZWxlY3Rpb24gY2Fubm90IHJlYWNoIG9yZGVyIGNyZWF0aW9uIiB0aW1lPSIwLjAwMDI3NiIg
2026-09-10T03:20:46.1433062Z GO_EVIDENCE_B64 Y2xhc3NuYW1lPSJ0ZXN0Ii8+Cgk8dGVzdGNhc2UgbmFtZT0icXVvdGUgdGhhdCBleHBpcmVzIGR1cmluZyB0cmF2ZWxlciBzZWxlY3Rpb24gY2Fubm90IGNyZWF0ZSBvciBwYXkgYW4gb3JkZXIiIHRpbWU9IjAuMDAwNzgzIiBjbGFzc25hbWU9InRlc3QiLz4KCTx0ZXN0Y2FzZSBuYW1lPSJtaXNzaW5nIGZpbmFsIGNvbnNlbnQgbmV2ZXIgY3JlYXRlcyBhbiBvcmRlciIgdGltZT0iMC4wMDA0ODIiIGNsYXNzbmFtZT0idGVzdCIvPgoJPHRlc3RjYXNlIG5hbWU9ImRpZmZlcmVudCBwZW9wbGUgYXJlIHJlcXVpcmVkIGZvciBldmVy
2026-09-10T03:20:46.1438933Z GO_EVIDENCE_B64 eSBxdW90ZWQgcGxhY2UiIHRpbWU9IjAuMDAwMzc0IiBjbGFzc25hbWU9InRlc3QiLz4KCTx0ZXN0Y2FzZSBuYW1lPSJhbiB1bmNlcnRhaW4gcGF5bWVudCBzdGlsbCBvcGVucyB0aGUgZXhpc3Rpbmcgb3JkZXIgZm9yIHJlY292ZXJ5IiB0aW1lPSIwLjAwMTY1NyIgY2xhc3NuYW1lPSJ0ZXN0Ii8+Cgk8dGVzdGNhc2UgbmFtZT0icmVwZWF0ZWQgY2xpY2tzIGNhbm5vdCBzdGFydCBhIHNlY29uZCBib29raW5nIHdoaWxlIGNvbmZpcm1hdGlvbiBpcyBvcGVuIiB0aW1lPSIwLjAwMDUwOSIgY2xhc3NuYW1lPSJ0ZXN0Ii8+Cgk8dGVz
2026-09-10T03:20:46.1444607Z GO_EVIDENCE_B64 dGNhc2UgbmFtZT0ibWlzbWF0Y2hlZCB0b3RhbCwgam91cm5leSBvciBzbG90IGlzIHJlZnVzZWQgYmVmb3JlIGFueSB0cmF2ZWxlciBjb25zZW50IiB0aW1lPSIwLjAwMDM3MCIgY2xhc3NuYW1lPSJ0ZXN0Ii8+Cgk8dGVzdGNhc2UgbmFtZT0iY2FuY2VsbGluZyBkYXRlIHNlbGVjdGlvbiBuZXZlciByZXF1ZXN0cyBhIHF1b3RlIG9yIHBheW1lbnQiIHRpbWU9IjAuMDAyMTMyIiBjbGFzc25hbWU9InRlc3QiLz4KCTx0ZXN0Y2FzZSBuYW1lPSJyaWRlIGNoYW5nZXMgY29udGludWUgdG8gdXNlIHRoZWlyIHNlcGFyYXRlIHdvcmtm
2026-09-10T03:20:46.1450381Z GO_EVIDENCE_B64 bG93IiB0aW1lPSIwLjAwMTc0NyIgY2xhc3NuYW1lPSJ0ZXN0Ii8+Cgk8dGVzdGNhc2UgbmFtZT0idmlld2luZyBhIHJlbnRhbCBxdW90ZSBkb2VzIG5vdCBleGVjdXRlIHRoZSBjaGFuZ2UiIHRpbWU9IjAuMDAwODg1IiBjbGFzc25hbWU9InRlc3QiLz4KCTx0ZXN0Y2FzZSBuYW1lPSJjb25maXJtZWQgcmVmdW5kIGRpZmZlcmVuY2UgcmV0YWlucyBpdHMgc2lnbiBhbmQgc2VydmVyIHF1b3RlIGlkZW50aXR5IiB0aW1lPSIwLjAwMTcyMyIgY2xhc3NuYW1lPSJ0ZXN0Ii8+Cgk8dGVzdGNhc2UgbmFtZT0idW5jaGVja2VkIGFtb3Vu
2026-09-10T03:20:46.1456195Z GO_EVIDENCE_B64 dCBjb25zZW50IGJsb2NrcyBleGVjdXRpbmcgYSBkaXNwbGF5ZWQgcXVvdGUiIHRpbWU9IjAuMDAxMTgxIiBjbGFzc25hbWU9InRlc3QiLz4KCTx0ZXN0Y2FzZSBuYW1lPSJ0aGUgc2hhcmVkIGFtb3VudCBmb3JtYXR0ZXIgcHJlc2VydmVzIGNlbnRzIG9uIGNvbmZpcm1hdGlvbiBzY3JlZW5zIiB0aW1lPSIwLjAxNTY3NCIgY2xhc3NuYW1lPSJ0ZXN0Ii8+Cgk8dGVzdGNhc2UgbmFtZT0iY29uc3VtZXI6IGNvbmN1cnJlbnQgZXhwaXJlZCByZWFkcyByZWZyZXNoIG9uY2UgYW5kIHByZXNlcnZlIG5hbWVzcGFjZSIgdGltZT0iMC4w
2026-09-10T03:20:46.1462021Z GO_EVIDENCE_B64 MDkzODgiIGNsYXNzbmFtZT0idGVzdCIvPgoJPHRlc3RjYXNlIG5hbWU9ImNvbnN1bWVyOiBhIG11dGF0aW9uIHdpdGhvdXQgaWRlbXBvdGVuY3kgaXMgbmV2ZXIgcmVwbGF5ZWQgYWZ0ZXIgcmVuZXdhbCIgdGltZT0iMC4wMDEzNDQiIGNsYXNzbmFtZT0idGVzdCIvPgoJPHRlc3RjYXNlIG5hbWU9ImNvbnN1bWVyOiBhbiBpZGVtcG90ZW50IHJldHJ5IHJldGFpbnMgdGhlIG9yaWdpbmFsIGtleSBhbmQgYm9keSIgdGltZT0iMC4wMDA4OTAiIGNsYXNzbmFtZT0idGVzdCIvPgoJPHRlc3RjYXNlIG5hbWU9ImNvbnN1bWVyOiBmYWls
2026-09-10T03:20:46.1468068Z GO_EVIDENCE_B64 ZWQgcmVmcmVzaCBzdG9wcyB3aXRob3V0IHJldHJ5aW5nIHRoZSBvcGVyYXRpb24iIHRpbWU9IjAuMDAwOTMxIiBjbGFzc25hbWU9InRlc3QiLz4KCTx0ZXN0Y2FzZSBuYW1lPSJjb25zb2xlOiBjb25jdXJyZW50IGV4cGlyZWQgcmVhZHMgcmVmcmVzaCBvbmNlIGFuZCBwcmVzZXJ2ZSBuYW1lc3BhY2UiIHRpbWU9IjAuMDAzNTY0IiBjbGFzc25hbWU9InRlc3QiLz4KCTx0ZXN0Y2FzZSBuYW1lPSJjb25zb2xlOiBhIG11dGF0aW9uIHdpdGhvdXQgaWRlbXBvdGVuY3kgaXMgbmV2ZXIgcmVwbGF5ZWQgYWZ0ZXIgcmVuZXdhbCIgdGlt
2026-09-10T03:20:46.1473760Z GO_EVIDENCE_B64 ZT0iMC4wMDA4MzkiIGNsYXNzbmFtZT0idGVzdCIvPgoJPHRlc3RjYXNlIG5hbWU9ImNvbnNvbGU6IGFuIGlkZW1wb3RlbnQgcmV0cnkgcmV0YWlucyB0aGUgb3JpZ2luYWwga2V5IGFuZCBib2R5IiB0aW1lPSIwLjAwMDgxNyIgY2xhc3NuYW1lPSJ0ZXN0Ii8+Cgk8dGVzdGNhc2UgbmFtZT0iY29uc29sZTogZmFpbGVkIHJlZnJlc2ggc3RvcHMgd2l0aG91dCByZXRyeWluZyB0aGUgb3BlcmF0aW9uIiB0aW1lPSIwLjAwMDY3OSIgY2xhc3NuYW1lPSJ0ZXN0Ii8+Cgk8dGVzdGNhc2UgbmFtZT0iY29uc3VtZXIgbG9nb3V0IGZhaWx1
2026-09-10T03:20:46.1479725Z GO_EVIDENCE_B64 cmUgcHJlc2VydmVzIGFjY291bnQgYW5kIGN1cnJlbnQgcGFnZTsgc3VjY2VzcyBjbGVhcnMgYWxsIHByaXZhdGUgc3RhdGUiIHRpbWU9IjAuMDAxMjgwIiBjbGFzc25hbWU9InRlc3QiLz4KCTx0ZXN0Y2FzZSBuYW1lPSJjb25zb2xlIGxvZ291dCBmYWlsdXJlIGlzIHN1cmZhY2VkIGluc3RlYWQgb2Ygc2lsZW50bHkgcmVwb3J0aW5nIHN1Y2Nlc3MiIHRpbWU9IjAuMDAxODczIiBjbGFzc25hbWU9InRlc3QiLz4KCTx0ZXN0Y2FzZSBuYW1lPSJjb25zb2xlIHJlcXVlc3RzIHdvcmsgd2hlbiByYW5kb21VVUlEIGlzIHVuYXZhaWxh
2026-09-10T03:20:46.1485593Z GO_EVIDENCE_B64 YmxlIGluIGFuIEhUVFAgcHJldmlldyIgdGltZT0iMC4wMDEwNTUiIGNsYXNzbmFtZT0idGVzdCIvPgoJPHRlc3RjYXNlIG5hbWU9ImNvbnNvbGUgbG9naW4gYmluZHMgdGhlIHJlcXVlc3RlZCBhY2NvdW50IHR5cGUgYmVmb3JlIGVzdGFibGlzaGluZyBhIHNlc3Npb24iIHRpbWU9IjAuMDAwODY5IiBjbGFzc25hbWU9InRlc3QiLz4KCTx0ZXN0Y2FzZSBuYW1lPSJhIGNoYW5nZWQgY29uc29sZSBhY3RvciBjbGVhcnMgdGhlIHN0YWxlIFVJIGFuZCBuZXZlciByZWZyZXNoZXMgb3IgcmV0cmllcyIgdGltZT0iMC4wMDA3ODQiIGNs
2026-09-10T03:20:46.1491371Z GO_EVIDENCE_B64 YXNzbmFtZT0idGVzdCIvPgoJPHRlc3RjYXNlIG5hbWU9ImNvbnN1bWVyOiBleHBpcmVkIGFjY2VzcyBjYW4gcmVuZXcgb25jZSB0byByZXZva2UgaXRzIG93biBzZXNzaW9uIiB0aW1lPSIwLjAwMTQwOCIgY2xhc3NuYW1lPSJ0ZXN0Ii8+Cgk8dGVzdGNhc2UgbmFtZT0iY29uc29sZTogZXhwaXJlZCBhY2Nlc3MgY2FuIHJlbmV3IG9uY2UgdG8gcmV2b2tlIGl0cyBvd24gc2Vzc2lvbiIgdGltZT0iMC4wMDA3NjkiIGNsYXNzbmFtZT0idGVzdCIvPgoJPHRlc3RjYXNlIG5hbWU9InVudmVyaWZpZWQgY2hlY2staW4gbmV2ZXIgZXhw
2026-09-10T03:20:46.1497216Z GO_EVIDENCE_B64 b3NlcyBsaW5rcyBvciBib2FyZGluZyBwYXNzZXMiIHRpbWU9IjAuMDAzMzYxIiBjbGFzc25hbWU9InRlc3QiLz4KCTx0ZXN0Y2FzZSBuYW1lPSJwZXItdHJhdmVsZXIgYm9hcmRpbmcgcGFzcyBhcHBlYXJzIG9ubHkgZm9yIHRoZSB2ZXJpZmllZCBwYXNzIHN0YXRlIiB0aW1lPSIwLjAwMTAxNyIgY2xhc3NuYW1lPSJ0ZXN0Ii8+Cgk8dGVzdGNhc2UgbmFtZT0iaW52YWxpZCBVUkwgc2NoZW1lcyBhbmQgY3JlZGVudGlhbHMgZG8gbm90IGJlY29tZSBjdXN0b21lciBsaW5rcyIgdGltZT0iMC4wMDA5MDYiIGNsYXNzbmFtZT0idGVz
2026-09-10T03:20:46.1502934Z GO_EVIDENCE_B64 dCIvPgoJPHRlc3RjYXNlIG5hbWU9InVua25vd24gZmxlZXQgb3V0Y29tZSBjbGVhcmx5IHNlcGFyYXRlcyBjb25maXJtZWQgYW5kIHByb3Bvc2VkIHRpbWVzIiB0aW1lPSIwLjAwMTAwNCIgY2xhc3NuYW1lPSJ0ZXN0Ii8+Cgk8dGVzdGNhc2UgbmFtZT0iY2FuY2VsbGVkIHRyYWNraW5nIGNvbmZpcm1hdGlvbiBzZW5kcyBubyBiaW5kaW5nIG11dGF0aW9uIiB0aW1lPSIwLjAwMDk4NSIgY2xhc3NuYW1lPSJ0ZXN0Ii8+Cgk8dGVzdGNhc2UgbmFtZT0iY2hlY2tlZCBjb25zZW50IHNlbmRzIGV4YWN0IGRpc3BsYXllZCByZXZpc2lv
2026-09-10T03:20:46.1510108Z GO_EVIDENCE_B64 biBhbmQgc2VydmVyIGF1dGhvcml0eSwgbmV2ZXIgd2FpdCBvdmVycmlkZXMiIHRpbWU9IjAuMDAwOTk3IiBjbGFzc25hbWU9InRlc3QiLz4KCTx0ZXN0Y2FzZSBuYW1lPSJtaXNzaW5nIGNvbnNlbnQgcHJldmVudHMgYW55IHRyYWNraW5nIHdyaXRlIiB0aW1lPSIwLjAwMTI3MiIgY2xhc3NuYW1lPSJ0ZXN0Ii8+Cgk8dGVzdGNhc2UgbmFtZT0ibm8gYXV0aG9yaXplZCBzb3VyY2UgZG9lcyBub3Qgb3BlbiBhbiB1bnVzYWJsZSBjb25maXJtYXRpb24gZGlhbG9nIiB0aW1lPSIwLjAwMDc2MiIgY2xhc3NuYW1lPSJ0ZXN0Ii8+Cgk8
2026-09-10T03:20:46.1515956Z GO_EVIDENCE_B64 dGVzdGNhc2UgbmFtZT0id2FpdGluZyBwcm90ZWN0aW9uIGlzIGNvbmRpdGlvbmFsIGFuZCBzaG93cyB0aGUgYWN0dWFsIGV2ZW50IGFsbG93YW5jZSIgdGltZT0iMC4wMDEwMzYiIGNsYXNzbmFtZT0idGVzdCIvPgoJPHRlc3RjYXNlIG5hbWU9ImxhdGUgY2hlY2staW4gcmVzcG9uc2UgY2Fubm90IHBvcHVsYXRlIGEgZGV0YWNoZWQgc2NyZWVuIiB0aW1lPSIwLjAwOTg1NCIgY2xhc3NuYW1lPSJ0ZXN0Ii8+Cgk8dGVzdGNhc2UgbmFtZT0iSE9URUxfQ0FUQUxPRzogcmVvcGVuIHRoZSBleGlzdGluZyBvcmRlciB3aXRob3V0IGEg
2026-09-10T03:20:46.1521853Z GO_EVIDENCE_B64 bmV3IG9yZGVyIG9yIHBheW1lbnQiIHRpbWU9IjAuMDAzMzM5IiBjbGFzc25hbWU9InRlc3QiLz4KCTx0ZXN0Y2FzZSBuYW1lPSJIT1RFTF9ESVJFQ1Q6IHJlb3BlbiB0aGUgZXhpc3Rpbmcgb3JkZXIgd2l0aG91dCBhIG5ldyBvcmRlciBvciBwYXltZW50IiB0aW1lPSIwLjAwMTQ1MCIgY2xhc3NuYW1lPSJ0ZXN0Ii8+Cgk8dGVzdGNhc2UgbmFtZT0iRkxJR0hUOiByZW9wZW4gdGhlIGV4aXN0aW5nIG9yZGVyIHdpdGhvdXQgYSBuZXcgb3JkZXIgb3IgcGF5bWVudCIgdGltZT0iMC4wMDA2OTAiIGNsYXNzbmFtZT0idGVzdCIvPgoJ
2026-09-10T03:20:46.1527661Z GO_EVIDENCE_B64 PHRlc3RjYXNlIG5hbWU9IlJBSUw6IHJlb3BlbiB0aGUgZXhpc3Rpbmcgb3JkZXIgd2l0aG91dCBhIG5ldyBvcmRlciBvciBwYXltZW50IiB0aW1lPSIwLjAwMDc3MyIgY2xhc3NuYW1lPSJ0ZXN0Ii8+Cgk8dGVzdGNhc2UgbmFtZT0iUklERTogcmVvcGVuIHRoZSBleGlzdGluZyBvcmRlciB3aXRob3V0IGEgbmV3IG9yZGVyIG9yIHBheW1lbnQiIHRpbWU9IjAuMDAwNjU3IiBjbGFzc25hbWU9InRlc3QiLz4KCTx0ZXN0Y2FzZSBuYW1lPSJSRU5UQUw6IHJlb3BlbiB0aGUgZXhpc3Rpbmcgb3JkZXIgd2l0aG91dCBhIG5ldyBvcmRl
2026-09-10T03:20:46.1533423Z GO_EVIDENCE_B64 ciBvciBwYXltZW50IiB0aW1lPSIwLjAwMDY3NSIgY2xhc3NuYW1lPSJ0ZXN0Ii8+Cgk8dGVzdGNhc2UgbmFtZT0iQVRUUkFDVElPTjogcmVvcGVuIHRoZSBleGlzdGluZyBvcmRlciB3aXRob3V0IGEgbmV3IG9yZGVyIG9yIHBheW1lbnQiIHRpbWU9IjAuMDAwNzA2IiBjbGFzc25hbWU9InRlc3QiLz4KCTx0ZXN0Y2FzZSBuYW1lPSJ1bnRydXN0ZWQgZXZpZGVuY2UgVVJMcyBhbmQgdW5zdXBwb3J0ZWQgaWRlbnRpdGllcyBuZXZlciBzZWxlY3QgYW4gZW5kcG9pbnQiIHRpbWU9IjAuMDAwOTg4IiBjbGFzc25hbWU9InRlc3QiLz4K
2026-09-10T03:20:46.1539418Z GO_EVIDENCE_B64 CTx0ZXN0Y2FzZSBuYW1lPSJjYXJkIG91dHB1dCBlc2NhcGVzIGNvbnRlbnQgYW5kIHVzZXMgY3VycmVudCBjYW5vbmljYWwgc3RhdHVzIiB0aW1lPSIwLjAwMTExMyIgY2xhc3NuYW1lPSJ0ZXN0Ii8+Cgk8dGVzdGNhc2UgbmFtZT0iYW4gb3JkZXIgcmVzcG9uc2UgY2Fubm90IHBvcHVsYXRlIGEgZGlmZmVyZW50IG9yZGVyIG9yIHZlcnRpY2FsIiB0aW1lPSIwLjAwMjQ5MSIgY2xhc3NuYW1lPSJ0ZXN0Ii8+Cgk8dGVzdGNhc2UgbmFtZT0ibGF0ZSBvcmRlciByZXNwb25zZSBjYW5ub3Qgb3ZlcndyaXRlIGEgbmV3IHNjcmVlbiIg
2026-09-10T03:20:46.1545278Z GO_EVIDENCE_B64 dGltZT0iMC4wMDA4MTIiIGNsYXNzbmFtZT0idGVzdCIvPgoJPHRlc3RjYXNlIG5hbWU9ImNvbnRpbnVpbmcgcGF5bWVudCByZS1yZWFkcyBhbW91bnQgYW5kIHVzZXMgdGhlIG9yaWdpbmFsIG9yZGVyIG9ubHkiIHRpbWU9IjAuMDAwODg4IiBjbGFzc25hbWU9InRlc3QiLz4KCTx0ZXN0Y2FzZSBuYW1lPSJhbHJlYWR5IHBhaWQgb3IgZXhwaXJlZCBvcmRlcnMgY2Fubm90IGludm9rZSBwYXltZW50IGZyb20gYSBzdGFsZSBjYXJkIiB0aW1lPSIwLjAwMTY4NCIgY2xhc3NuYW1lPSJ0ZXN0Ii8+Cgk8dGVzdGNhc2UgbmFtZT0icGF5
2026-09-10T03:20:46.1551109Z GO_EVIDENCE_B64 bWVudCB0aW1lb3V0IHJlYWRzIHRoZSBzYW1lIG9yZGVyIGFuZCBuZXZlciBzaWxlbnRseSByZXNlbmRzIiB0aW1lPSIwLjAwMDgwNCIgY2xhc3NuYW1lPSJ0ZXN0Ii8+Cgk8dGVzdGNhc2UgbmFtZT0ibGVhdmluZyBiZWZvcmUgdGhlIGZyZXNoIG9yZGVyIHJlYWQgcHJldmVudHMgYSBwYXltZW50IGRpYWxvZyIgdGltZT0iMC4wMDA2NTgiIGNsYXNzbmFtZT0idGVzdCIvPgoJPHRlc3RjYXNlIG5hbWU9InJlYWwgYXBwIGRpc3BhdGNoIHVzZXMgZXZlcnkgZXhpc3RpbmcgZW5yaWNoZWQgb3JkZXIgcmVuZGVyZXIiIHRpbWU9IjAu
2026-09-10T03:20:46.1556929Z GO_EVIDENCE_B64 MDAzNzgyIiBjbGFzc25hbWU9InRlc3QiLz4KCTx0ZXN0Y2FzZSBuYW1lPSJjbG9zaW5nIHBlcm1pc3Npb24gY29uZmlybWF0aW9uIHNlbmRzIG5vIHBlcm1pc3Npb24gbXV0YXRpb24iIHRpbWU9IjAuMDA0MzA1IiBjbGFzc25hbWU9InRlc3QiLz4KCTx0ZXN0Y2FzZSBuYW1lPSJzb3VyY2UgZGlzY29ubmVjdCByZW1haW5zIGV4cGxpY2l0IGFuZCByZXRhaW5zIHNlcnZlci1kaXJlY3RlZCBzZW1hbnRpY3MiIHRpbWU9IjAuMDAyMzE1IiBjbGFzc25hbWU9InRlc3QiLz4KCTx0ZXN0Y2FzZSBuYW1lPSJwZXJzb24gZWRpdCBiaW5k
2026-09-10T03:20:46.1562667Z GO_EVIDENCE_B64 cyB0aGUgZGlzcGxheWVkIHJldmlzaW9uIGFuZCBsZWF2ZXMgYSBibGFuayBiaXJ0aCBkYXRlIHVudG91Y2hlZCIgdGltZT0iMC4wMDExMzEiIGNsYXNzbmFtZT0idGVzdCIvPgoJPHRlc3RjYXNlIG5hbWU9InNlbnNpdGl2ZSBpbXBvcnQgaW5zcGVjdGlvbiBoYXBwZW5zIG9ubHkgYWZ0ZXIgZXhwbGljaXQgY29uZmlybWF0aW9uLCB3aXRoIG5vIGltcGxpY2l0IGFjY2VwdGFuY2UiIHRpbWU9IjAuMDA3NTkwIiBjbGFzc25hbWU9InRlc3QiLz4KCTx0ZXN0Y2FzZSBuYW1lPSJ1bnRydXN0ZWQgaW1wb3J0ZWQgY29udGVudCBpcyBl
2026-09-10T03:20:46.1568568Z GO_EVIDENCE_B64 c2NhcGVkIGJlZm9yZSBkaXNwbGF5IiB0aW1lPSIwLjAwMTg0MSIgY2xhc3NuYW1lPSJ0ZXN0Ii8+Cgk8dGVzdGNhc2UgbmFtZT0iZHVwbGljYXRlIHN1Ym1pdHMgZHVyaW5nIGEgcGVuZGluZyBtdXRhdGlvbiBjYWxsIHRoZSBzZXJ2ZXIgb25jZSIgdGltZT0iMC4wMDE2NzciIGNsYXNzbmFtZT0idGVzdCIvPgoJPHRlc3RjYXNlIG5hbWU9ImltcG9ydCByZWFzc2lnbm1lbnQgYmluZHMgdHJhdmVsZXIgYW5kIGl0ZW0gcmV2aXNpb24gYW5kIGRvZXMgbm90IGFjY2VwdCBjb250ZW50IiB0aW1lPSIwLjAwMTI5NCIgY2xhc3NuYW1l
2026-09-10T03:20:46.1574450Z GO_EVIDENCE_B64 PSJ0ZXN0Ii8+Cgk8dGVzdGNhc2UgbmFtZT0iUkFJTCBjYW5jZWxsYXRpb24gcmVxdWlyZXMgZXhwbGljaXQgY29uZmlybWF0aW9uIiB0aW1lPSIwLjAwMjEwMyIgY2xhc3NuYW1lPSJ0ZXN0Ii8+Cgk8dGVzdGNhc2UgbmFtZT0iUkFJTCByZXNwb25zZSBsb3NzIHN0aWxsIHJlbG9hZHMgcGVyc2lzdGVkIG9yZGVyIiB0aW1lPSIwLjAwMjEzMyIgY2xhc3NuYW1lPSJ0ZXN0Ii8+Cgk8dGVzdGNhc2UgbmFtZT0iUkFJTCBwYWlkIG9yIHVuY2VydGFpbiBvcmRlcnMgY2Fubm90IG9wZW4gdW5wYWlkIGNhbmNlbGxhdGlvbiIgdGltZT0i
2026-09-10T03:20:46.1580548Z GO_EVIDENCE_B64 MC4wMDI2MTciIGNsYXNzbmFtZT0idGVzdCIvPgoJPHRlc3RjYXNlIG5hbWU9IkFUVFJBQ1RJT04gY2FuY2VsbGF0aW9uIHJlcXVpcmVzIGV4cGxpY2l0IGNvbmZpcm1hdGlvbiIgdGltZT0iMC4wMDA3MzkiIGNsYXNzbmFtZT0idGVzdCIvPgoJPHRlc3RjYXNlIG5hbWU9IkFUVFJBQ1RJT04gcmVzcG9uc2UgbG9zcyBzdGlsbCByZWxvYWRzIHBlcnNpc3RlZCBvcmRlciIgdGltZT0iMC4wMDA4NTAiIGNsYXNzbmFtZT0idGVzdCIvPgoJPHRlc3RjYXNlIG5hbWU9IkFUVFJBQ1RJT04gcGFpZCBvciB1bmNlcnRhaW4gb3JkZXJzIGNh
2026-09-10T03:20:46.1586538Z GO_EVIDENCE_B64 bm5vdCBvcGVuIHVucGFpZCBjYW5jZWxsYXRpb24iIHRpbWU9IjAuMDAyNzQ5IiBjbGFzc25hbWU9InRlc3QiLz4KCTx0ZXN0Y2FzZSBuYW1lPSJuZXcgdW5wYWlkIHJlc2VydmF0aW9uIGRpc3BsYXlzIGl0cyBmcm96ZW4gVVRDIGRlYWRsaW5lIiB0aW1lPSIwLjAwMTE1OCIgY2xhc3NuYW1lPSJ0ZXN0Ii8+Cgk8dGVzdGNhc2UgbmFtZT0ibGVnYWN5IG9yZGVycyBuZXZlciByZWNlaXZlIGEgZmFicmljYXRlZCBkZWFkbGluZSIgdGltZT0iMC4wMDAyMDIiIGNsYXNzbmFtZT0idGVzdCIvPgoJPHRlc3RjYXNlIG5hbWU9ImV4cGly
2026-09-10T03:20:46.1592503Z GO_EVIDENCE_B64 eSBkaXNwbGF5IHJlbGllcyBvbiBwZXJzaXN0ZWQgc2VydmVyIHN0YXRlIGluc3RlYWQgb2YgYnJvd3NlciBjbG9jayIgdGltZT0iMC4wMDAxNzAiIGNsYXNzbmFtZT0idGVzdCIvPgoJPHRlc3RjYXNlIG5hbWU9InN0YXJ0ZWQgYW5kIHVuY2VydGFpbiBwYXltZW50IGtlZXBzIGl0cyByZXNlcnZhdGlvbiBtZXNzYWdlIiB0aW1lPSIwLjAwMTAyMCIgY2xhc3NuYW1lPSJ0ZXN0Ii8+Cgk8dGVzdGNhc2UgbmFtZT0iUkFJTDogb3BlbmluZyByZWNvdmVyeSBkb2VzIG5vdCBzZW5kIGEgcmVmdW5kIHVudGlsIGNvbmZpcm1lZCIgdGlt
2026-09-10T03:20:46.1598503Z GO_EVIDENCE_B64 ZT0iMC4wMDIxMTUiIGNsYXNzbmFtZT0idGVzdCIvPgoJPHRlc3RjYXNlIG5hbWU9IlJBSUw6IGZhaWxlZCByZXNwb25zZSBzdGlsbCByZWxvYWRzIHBlcnNpc3RlZCBvcmRlciBzdGF0ZSIgdGltZT0iMC4wMDIwNTQiIGNsYXNzbmFtZT0idGVzdCIvPgoJPHRlc3RjYXNlIG5hbWU9IkFUVFJBQ1RJT046IG9wZW5pbmcgcmVjb3ZlcnkgZG9lcyBub3Qgc2VuZCBhIHJlZnVuZCB1bnRpbCBjb25maXJtZWQiIHRpbWU9IjAuMDAwODI3IiBjbGFzc25hbWU9InRlc3QiLz4KCTx0ZXN0Y2FzZSBuYW1lPSJBVFRSQUNUSU9OOiBmYWlsZWQg
2026-09-10T03:20:46.1604324Z GO_EVIDENCE_B64 cmVzcG9uc2Ugc3RpbGwgcmVsb2FkcyBwZXJzaXN0ZWQgb3JkZXIgc3RhdGUiIHRpbWU9IjAuMDAwNzQzIiBjbGFzc25hbWU9InRlc3QiLz4KCTx0ZXN0Y2FzZSBuYW1lPSJidXN5IHJlY292ZXJ5IGdpdmVzIGEgY3VzdG9tZXIgbWVzc2FnZSBhbmQgcmVmcmVzaGVzIHRoZSBleGlzdGluZyBvcmRlciIgdGltZT0iMC4wMDA4MzQiIGNsYXNzbmFtZT0idGVzdCIvPgoJPHRlc3RjYXNlIG5hbWU9InJhaWwgaW50ZXJydXB0ZWQgY2hhbmdlIGNvbmZpcm1zIHRoZSBvcmlnaW5hbCBxdW90ZSBpbnN0ZWFkIG9mIGNyZWF0aW5nIGFub3Ro
2026-09-10T03:20:46.1609204Z GO_EVIDENCE_B64 ZXIiIHRpbWU9IjAuMDAxMTM3IiBjbGFzc25hbWU9InRlc3QiLz4KCTwhLS0gdGVzdHMgMjI0IC0tPgoJPCEtLSBzdWl0ZXMgMCAtLT4KCTwhLS0gcGFzcyAyMjQgLS0+Cgk8IS0tIGZhaWwgMCAtLT4KCTwhLS0gY2FuY2VsbGVkIDAgLS0+Cgk8IS0tIHNraXBwZWQgMCAtLT4KCTwhLS0gdG9kbyAwIC0tPgoJPCEtLSBkdXJhdGlvbl9tcyAyNTQzLjAzMjUxMyAtLT4KPC90ZXN0c3VpdGVzPgo=
2026-09-10T03:20:46.1611183Z GO_EVIDENCE_FILE_END frontend.xml
2026-09-10T03:20:46.1679323Z Node 20 is being deprecated. This workflow is running with Node 24 by default. If you need to temporarily use Node 20, you can set the ACTIONS_ALLOW_USE_UNSECURE_NODE_VERSION=true environment variable. For more information see: https://github.blog/changelog/2025-09-19-deprecation-of-node-20-on-github-actions-runners/
2026-09-10T03:20:46.1680541Z ##[group]Run actions/upload-artifact@v4
2026-09-10T03:20:46.1680818Z with:
2026-09-10T03:20:46.1681052Z   name: GO-DEPTH33-isolated-34432816747
2026-09-10T03:20:46.1681316Z   path: evidence/
2026-09-10T03:20:46.1681543Z   if-no-files-found: error
2026-09-10T03:20:46.1681785Z   retention-days: 90
2026-09-10T03:20:46.1682017Z   compression-level: 6
2026-09-10T03:20:46.1682239Z   overwrite: false
2026-09-10T03:20:46.1682458Z   include-hidden-files: false
2026-09-10T03:20:46.1682702Z env:
2026-09-10T03:20:46.1682963Z   SEALED_CANDIDATE: ea2a51ddead6eaed472b1f301cbb8bfa96f67616
2026-09-10T03:20:46.1683500Z   EXPECTED_SOURCE_TREE: a67a70cd2442e67ece9c9b2795b049c6aea2ba4d882448b912eb7eb996d4459c
2026-09-10T03:20:46.1684005Z   pythonLocation: /opt/hostedtoolcache/Python/3.13.5/x64
2026-09-10T03:20:46.1684422Z   PKG_CONFIG_PATH: /opt/hostedtoolcache/Python/3.13.5/x64/lib/pkgconfig
2026-09-10T03:20:46.1685171Z   Python_ROOT_DIR: /opt/hostedtoolcache/Python/3.13.5/x64
2026-09-10T03:20:46.1685546Z   Python2_ROOT_DIR: /opt/hostedtoolcache/Python/3.13.5/x64
2026-09-10T03:20:46.1685903Z   Python3_ROOT_DIR: /opt/hostedtoolcache/Python/3.13.5/x64
2026-09-10T03:20:46.1686263Z   LD_LIBRARY_PATH: /opt/hostedtoolcache/Python/3.13.5/x64/lib
2026-09-10T03:20:46.1686585Z ##[endgroup]
2026-09-10T03:20:46.3796558Z (node:2789) [DEP0040] DeprecationWarning: The `punycode` module is deprecated. Please use a userland alternative instead.
2026-09-10T03:20:46.3798054Z (Use `node --trace-deprecation ...` to show where the warning was created)
2026-09-10T03:20:46.7366269Z (node:2789) [DEP0169] DeprecationWarning: `url.parse()` behavior is not standardized and prone to errors that have security implications. Use the WHATWG URL API instead. CVEs are not issued for `url.parse()` vulnerabilities.
2026-09-10T03:20:47.3434238Z With the provided path, there will be 14 files uploaded
2026-09-10T03:20:47.3435184Z Artifact name is valid!
2026-09-10T03:20:47.3435609Z Root directory input is valid!
2026-09-10T03:20:47.3452267Z Beginning upload of artifact content to blob storage
2026-09-10T03:20:47.3453626Z Uploaded bytes 23143
2026-09-10T03:20:47.3454285Z Finished uploading artifact content to blob storage!
2026-09-10T03:20:47.3455710Z SHA256 digest of uploaded artifact zip is e884e12b5bcc37bf9791a9178fc09654be9225bd3f3791bef5cfb126638d06ad
2026-09-10T03:20:47.3456787Z Finalizing artifact upload
2026-09-10T03:20:47.3459255Z Artifact GO-DEPTH33-isolated-34432816747.zip successfully finalized. Artifact ID 10135144176
2026-09-10T03:20:47.3460900Z Artifact GO-DEPTH33-isolated-34432816747 has been successfully uploaded! Final size is 23143 bytes. Artifact ID is 10135144176
2026-09-10T03:20:47.3462814Z Artifact download URL: https://github.com/yuguangzhi3836-glitch/GO/actions/runs/34432816747/artifacts/10135144176
2026-09-10T03:20:47.3548700Z Node 20 is being deprecated. This workflow is running with Node 24 by default. If you need to temporarily use Node 20, you can set the ACTIONS_ALLOW_USE_UNSECURE_NODE_VERSION=true environment variable. For more information see: https://github.blog/changelog/2025-09-19-deprecation-of-node-20-on-github-actions-runners/
2026-09-10T03:20:47.3549883Z Post job cleanup.
2026-09-10T03:20:47.4988430Z (node:2801) [DEP0040] DeprecationWarning: The `punycode` module is deprecated. Please use a userland alternative instead.
2026-09-10T03:20:47.4990564Z (Use `node --trace-deprecation ...` to show where the warning was created)
2026-09-10T03:20:47.5191526Z Node 20 is being deprecated. This workflow is running with Node 24 by default. If you need to temporarily use Node 20, you can set the ACTIONS_ALLOW_USE_UNSECURE_NODE_VERSION=true environment variable. For more information see: https://github.blog/changelog/2025-09-19-deprecation-of-node-20-on-github-actions-runners/
2026-09-10T03:20:47.5193680Z Post job cleanup.
2026-09-10T03:20:47.7095370Z (node:2809) [DEP0040] DeprecationWarning: The `punycode` module is deprecated. Please use a userland alternative instead.
2026-09-10T03:20:47.7096907Z (Use `node --trace-deprecation ...` to show where the warning was created)
2026-09-10T03:20:47.7215726Z Node 20 is being deprecated. This workflow is running with Node 24 by default. If you need to temporarily use Node 20, you can set the ACTIONS_ALLOW_USE_UNSECURE_NODE_VERSION=true environment variable. For more information see: https://github.blog/changelog/2025-09-19-deprecation-of-node-20-on-github-actions-runners/
2026-09-10T03:20:47.7217824Z Post job cleanup.
2026-09-10T03:20:48.0453267Z [command]/usr/bin/git version
2026-09-10T03:20:48.0453827Z git version 2.55.0
2026-09-10T03:20:48.0457171Z Temporarily overriding HOME='/home/runner/work/_temp/45eb60fd-c1cd-4d70-be4f-9345d4bd9fa9' before making global git config changes
2026-09-10T03:20:48.0458309Z Adding repository directory to the temporary git global config as a safe directory
2026-09-10T03:20:48.0459279Z [command]/usr/bin/git config --global --add safe.directory /home/runner/work/GO/GO/candidate
2026-09-10T03:20:48.0460714Z [command]/usr/bin/git config --local --name-only --get-regexp core\.sshCommand
2026-09-10T03:20:48.0462373Z [command]/usr/bin/git submodule foreach --recursive sh -c "git config --local --name-only --get-regexp 'core\.sshCommand' && git config --local --unset-all 'core.sshCommand' || :"
2026-09-10T03:20:48.0464099Z [command]/usr/bin/git config --local --name-only --get-regexp http\.https\:\/\/github\.com\/\.extraheader
2026-09-10T03:20:48.0469849Z [command]/usr/bin/git submodule foreach --recursive sh -c "git config --local --name-only --get-regexp 'http\.https\:\/\/github\.com\/\.extraheader' && git config --local --unset-all 'http.https://github.com/.extraheader' || :"
2026-09-10T03:20:48.0471682Z [command]/usr/bin/git config --local --name-only --get-regexp ^includeIf\.gitdir:
2026-09-10T03:20:48.0473494Z [command]/usr/bin/git submodule foreach --recursive git config --local --show-origin --name-only --get-regexp remote.origin.url
2026-09-10T03:20:48.0543404Z Node 20 is being deprecated. This workflow is running with Node 24 by default. If you need to temporarily use Node 20, you can set the ACTIONS_ALLOW_USE_UNSECURE_NODE_VERSION=true environment variable. For more information see: https://github.blog/changelog/2025-09-19-deprecation-of-node-20-on-github-actions-runners/
2026-09-10T03:20:48.0544591Z Post job cleanup.
2026-09-10T03:20:48.1641217Z [command]/usr/bin/git version
2026-09-10T03:20:48.1773963Z git version 2.55.0
2026-09-10T03:20:48.1889879Z Temporarily overriding HOME='/home/runner/work/_temp/4a1a8c9a-3cc2-49f8-831b-2832ec7e63c1' before making global git config changes
2026-09-10T03:20:48.1891474Z Adding repository directory to the temporary git global config as a safe directory
2026-09-10T03:20:48.1926192Z [command]/usr/bin/git config --global --add safe.directory /home/runner/work/GO/GO/tooling
2026-09-10T03:20:48.2015672Z [command]/usr/bin/git config --local --name-only --get-regexp core\.sshCommand
2026-09-10T03:20:48.2136879Z [command]/usr/bin/git submodule foreach --recursive sh -c "git config --local --name-only --get-regexp 'core\.sshCommand' && git config --local --unset-all 'core.sshCommand' || :"
2026-09-10T03:20:48.2956280Z [command]/usr/bin/git config --local --name-only --get-regexp http\.https\:\/\/github\.com\/\.extraheader
2026-09-10T03:20:48.3030790Z [command]/usr/bin/git submodule foreach --recursive sh -c "git config --local --name-only --get-regexp 'http\.https\:\/\/github\.com\/\.extraheader' && git config --local --unset-all 'http.https://github.com/.extraheader' || :"
2026-09-10T03:20:48.3480740Z [command]/usr/bin/git config --local --name-only --get-regexp ^includeIf\.gitdir:
2026-09-10T03:20:48.3556280Z [command]/usr/bin/git submodule foreach --recursive git config --local --show-origin --name-only --get-regexp remote.origin.url
2026-09-10T03:20:48.4086204Z Cleaning up orphan processes
2026-09-10T03:20:48.4377674Z ##[warning]Node.js 20 is deprecated. The following actions target Node.js 20 but are being forced to run on Node.js 24: actions/checkout@v4, actions/setup-node@v4, actions/setup-python@v5, actions/upload-artifact@v4. For more information see: https://github.blog/changelog/2025-09-19-deprecation-of-node-20-on-github-actions-runners/
