2026-09-10T03:31:02.9355059Z Current runner version: '2.337.0'
2026-09-10T03:31:02.9397334Z ##[group]Runner Image Provisioner
2026-09-10T03:31:02.9398693Z Hosted Compute Agent
2026-09-10T03:31:02.9399643Z Version: 20260828.587
2026-09-10T03:31:02.9400984Z Commit: abac92662cab4cc7352de4f9f9d2e2419aad9c29
2026-09-10T03:31:02.9402332Z Build Date: 2026-08-28T16:44:25Z
2026-09-10T03:31:02.9403638Z Worker ID: {ae3c0c00-d05f-4618-b9b1-94eb1b8d7e1e}
2026-09-10T03:31:02.9404890Z Azure Region: eastus2
2026-09-10T03:31:02.9406139Z ##[endgroup]
2026-09-10T03:31:02.9408413Z ##[group]Operating System
2026-09-10T03:31:02.9409493Z Ubuntu
2026-09-10T03:31:02.9410489Z 22.04.5
2026-09-10T03:31:02.9411427Z LTS
2026-09-10T03:31:02.9412340Z ##[endgroup]
2026-09-10T03:31:02.9413428Z ##[group]Runner Image
2026-09-10T03:31:02.9414601Z Image: ubuntu-22.04
2026-09-10T03:31:02.9415956Z Version: 20260907.292.1
2026-09-10T03:31:02.9418285Z Included Software: https://github.com/actions/runner-images/blob/ubuntu22/20260907.292/images/ubuntu/Ubuntu2204-Readme.md
2026-09-10T03:31:02.9421211Z Image Release: https://github.com/actions/runner-images/releases/tag/ubuntu22%2F20260907.292
2026-09-10T03:31:02.9423005Z ##[endgroup]
2026-09-10T03:31:02.9424965Z ##[group]GITHUB_TOKEN Permissions
2026-09-10T03:31:02.9428452Z Contents: read
2026-09-10T03:31:02.9429513Z Metadata: read
2026-09-10T03:31:02.9430495Z ##[endgroup]
2026-09-10T03:31:02.9433506Z Secret source: Actions
2026-09-10T03:31:02.9435249Z Cache mode: write
2026-09-10T03:31:02.9437024Z Prepare workflow directory
2026-09-10T03:31:03.0003764Z Prepare all required actions
2026-09-10T03:31:03.0073980Z Getting action download info
2026-09-10T03:31:03.2244705Z Download action repository 'actions/checkout@v4' (SHA:11d5960a326750d5838078e36cf38b85af677262)
2026-09-10T03:31:03.3198463Z Download action repository 'actions/setup-python@v5' (SHA:a26af69be951a213d495a4c3e4e4022e16d87065)
2026-09-10T03:31:03.4198138Z Download action repository 'actions/setup-node@v4' (SHA:49933ea5288caeca8642d1e84afbd3f7d6820020)
2026-09-10T03:31:03.5446185Z Download action repository 'actions/upload-artifact@v4' (SHA:ea165f8d65b6e75b540449e92b4886f43607fa02)
2026-09-10T03:31:03.7841149Z Complete job name: isolated
2026-09-10T03:31:03.8663378Z Node 20 is being deprecated. This workflow is running with Node 24 by default. If you need to temporarily use Node 20, you can set the ACTIONS_ALLOW_USE_UNSECURE_NODE_VERSION=true environment variable. For more information see: https://github.blog/changelog/2025-09-19-deprecation-of-node-20-on-github-actions-runners/
2026-09-10T03:31:03.8672511Z ##[group]Run actions/checkout@v4
2026-09-10T03:31:03.8673289Z with:
2026-09-10T03:31:03.8673778Z   ref: 2b009653239c0d0d0ffa86472c20a48728071a41
2026-09-10T03:31:03.8674381Z   path: tooling
2026-09-10T03:31:03.8674844Z   persist-credentials: false
2026-09-10T03:31:03.8675691Z   repository: yuguangzhi3836-glitch/GO
2026-09-10T03:31:03.8679613Z   token: ***
2026-09-10T03:31:03.8680066Z   ssh-strict: true
2026-09-10T03:31:03.8680514Z   ssh-user: git
2026-09-10T03:31:03.8680951Z   clean: true
2026-09-10T03:31:03.8681445Z   sparse-checkout-cone-mode: true
2026-09-10T03:31:03.8681982Z   fetch-depth: 1
2026-09-10T03:31:03.8682477Z   fetch-tags: false
2026-09-10T03:31:03.8682934Z   show-progress: true
2026-09-10T03:31:03.8683409Z   lfs: false
2026-09-10T03:31:03.8683843Z   submodules: false
2026-09-10T03:31:03.8684307Z   set-safe-directory: true
2026-09-10T03:31:03.8684821Z   allow-unsafe-pr-checkout: false
2026-09-10T03:31:03.8685906Z env:
2026-09-10T03:31:03.8686467Z   SEALED_CANDIDATE: ab9f39518de107e05c95b800839bd5f7c229ea23
2026-09-10T03:31:03.8687432Z   EXPECTED_SOURCE_TREE: 5983df038740e93936256da389f828488572dce5bbabc732326796a2c5c26356
2026-09-10T03:31:03.8688256Z ##[endgroup]
2026-09-10T03:31:04.2177122Z Syncing repository: yuguangzhi3836-glitch/GO
2026-09-10T03:31:04.2179717Z ##[group]Getting Git version info
2026-09-10T03:31:04.2180767Z Working directory is '/home/runner/work/GO/GO/tooling'
2026-09-10T03:31:04.2182293Z [command]/usr/bin/git version
2026-09-10T03:31:04.2183711Z git version 2.55.0
2026-09-10T03:31:04.2186546Z ##[endgroup]
2026-09-10T03:31:04.2192403Z Temporarily overriding HOME='/home/runner/work/_temp/a420cd3c-5326-47ee-9e7e-06da5b265c04' before making global git config changes
2026-09-10T03:31:04.2196521Z Adding repository directory to the temporary git global config as a safe directory
2026-09-10T03:31:04.2198356Z [command]/usr/bin/git config --global --add safe.directory /home/runner/work/GO/GO/tooling
2026-09-10T03:31:04.2201359Z ##[group]Initializing the repository
2026-09-10T03:31:04.2202418Z [command]/usr/bin/git init /home/runner/work/GO/GO/tooling
2026-09-10T03:31:04.2203822Z hint: Using 'master' as the name for the initial branch. This default branch name
2026-09-10T03:31:04.2205793Z hint: will change to "main" in Git 3.0. To configure the initial branch name
2026-09-10T03:31:04.2207308Z hint: to use in all of your new repositories, which will suppress this warning,
2026-09-10T03:31:04.2208515Z hint: call:
2026-09-10T03:31:04.2209168Z hint:
2026-09-10T03:31:04.2209998Z hint: 	git config --global init.defaultBranch <name>
2026-09-10T03:31:04.2210956Z hint:
2026-09-10T03:31:04.2211917Z hint: Names commonly chosen instead of 'master' are 'main', 'trunk' and
2026-09-10T03:31:04.2213403Z hint: 'development'. The just-created branch can be renamed via this command:
2026-09-10T03:31:04.2214523Z hint:
2026-09-10T03:31:04.2215548Z hint: 	git branch -m <name>
2026-09-10T03:31:04.2216331Z hint:
2026-09-10T03:31:04.2217352Z hint: Disable this message with "git config set advice.defaultBranchName false"
2026-09-10T03:31:04.2218943Z Initialized empty Git repository in /home/runner/work/GO/GO/tooling/.git/
2026-09-10T03:31:04.2221523Z [command]/usr/bin/git remote add origin https://github.com/yuguangzhi3836-glitch/GO
2026-09-10T03:31:04.2224479Z ##[endgroup]
2026-09-10T03:31:04.2225865Z ##[group]Disabling automatic garbage collection
2026-09-10T03:31:04.2226943Z [command]/usr/bin/git config --local gc.auto 0
2026-09-10T03:31:04.2229191Z ##[endgroup]
2026-09-10T03:31:04.2230356Z ##[group]Setting up auth
2026-09-10T03:31:04.2231640Z [command]/usr/bin/git config --local --name-only --get-regexp core\.sshCommand
2026-09-10T03:31:04.2235784Z [command]/usr/bin/git submodule foreach --recursive sh -c "git config --local --name-only --get-regexp 'core\.sshCommand' && git config --local --unset-all 'core.sshCommand' || :"
2026-09-10T03:31:04.2239701Z [command]/usr/bin/git config --local --name-only --get-regexp http\.https\:\/\/github\.com\/\.extraheader
2026-09-10T03:31:04.2243755Z [command]/usr/bin/git submodule foreach --recursive sh -c "git config --local --name-only --get-regexp 'http\.https\:\/\/github\.com\/\.extraheader' && git config --local --unset-all 'http.https://github.com/.extraheader' || :"
2026-09-10T03:31:04.2361673Z [command]/usr/bin/git config --local --name-only --get-regexp ^includeIf\.gitdir:
2026-09-10T03:31:04.2409327Z [command]/usr/bin/git submodule foreach --recursive git config --local --show-origin --name-only --get-regexp remote.origin.url
2026-09-10T03:31:04.2712141Z [command]/usr/bin/git config --local http.https://github.com/.extraheader AUTHORIZATION: basic ***
2026-09-10T03:31:04.2763007Z ##[endgroup]
2026-09-10T03:31:04.2765134Z ##[group]Fetching the repository
2026-09-10T03:31:04.2774720Z [command]/usr/bin/git -c protocol.version=2 fetch --no-tags --prune --no-recurse-submodules --depth=1 origin 2b009653239c0d0d0ffa86472c20a48728071a41
2026-09-10T03:31:06.6260256Z From https://github.com/yuguangzhi3836-glitch/GO
2026-09-10T03:31:06.6267452Z  * branch            2b009653239c0d0d0ffa86472c20a48728071a41 -> FETCH_HEAD
2026-09-10T03:31:06.6272562Z ##[endgroup]
2026-09-10T03:31:06.6274156Z ##[group]Determining the checkout info
2026-09-10T03:31:06.6276361Z ##[endgroup]
2026-09-10T03:31:06.6277616Z [command]/usr/bin/git sparse-checkout disable
2026-09-10T03:31:06.6332288Z [command]/usr/bin/git config --local --unset-all extensions.worktreeConfig
2026-09-10T03:31:06.6384920Z ##[group]Checking out the ref
2026-09-10T03:31:06.6388028Z [command]/usr/bin/git checkout --progress --force 2b009653239c0d0d0ffa86472c20a48728071a41
2026-09-10T03:31:07.0556434Z Note: switching to '2b009653239c0d0d0ffa86472c20a48728071a41'.
2026-09-10T03:31:07.0566316Z 
2026-09-10T03:31:07.0566944Z You are in 'detached HEAD' state. You can look around, make experimental
2026-09-10T03:31:07.0567988Z changes and commit them, and you can discard any commits you make in this
2026-09-10T03:31:07.0568986Z state without impacting any branches by switching back to a branch.
2026-09-10T03:31:07.0569672Z 
2026-09-10T03:31:07.0570252Z If you want to create a new branch to retain commits you create, you may
2026-09-10T03:31:07.0571197Z do so (now or later) by using -c with the switch command. Example:
2026-09-10T03:31:07.0571830Z 
2026-09-10T03:31:07.0572214Z   git switch -c <new-branch-name>
2026-09-10T03:31:07.0572777Z 
2026-09-10T03:31:07.0573182Z Or undo this operation with:
2026-09-10T03:31:07.0573688Z 
2026-09-10T03:31:07.0574040Z   git switch -
2026-09-10T03:31:07.0574700Z 
2026-09-10T03:31:07.0575557Z Turn off this advice by setting config variable advice.detachedHead to false
2026-09-10T03:31:07.0576270Z 
2026-09-10T03:31:07.0577098Z HEAD is now at 2b00965 Prepare isolated DEPTH34 exact hotel quote and native API acceptance
2026-09-10T03:31:07.0623108Z ##[endgroup]
2026-09-10T03:31:07.0682083Z [command]/usr/bin/git log -1 --format=%H
2026-09-10T03:31:07.0718774Z 2b009653239c0d0d0ffa86472c20a48728071a41
2026-09-10T03:31:07.0727991Z ##[group]Removing auth
2026-09-10T03:31:07.0732376Z [command]/usr/bin/git config --local --name-only --get-regexp core\.sshCommand
2026-09-10T03:31:07.0774822Z [command]/usr/bin/git submodule foreach --recursive sh -c "git config --local --name-only --get-regexp 'core\.sshCommand' && git config --local --unset-all 'core.sshCommand' || :"
2026-09-10T03:31:07.1079737Z [command]/usr/bin/git config --local --name-only --get-regexp http\.https\:\/\/github\.com\/\.extraheader
2026-09-10T03:31:07.1116524Z http.https://github.com/.extraheader
2026-09-10T03:31:07.1124173Z [command]/usr/bin/git config --local --unset-all http.https://github.com/.extraheader
2026-09-10T03:31:07.1169271Z [command]/usr/bin/git submodule foreach --recursive sh -c "git config --local --name-only --get-regexp 'http\.https\:\/\/github\.com\/\.extraheader' && git config --local --unset-all 'http.https://github.com/.extraheader' || :"
2026-09-10T03:31:07.1469569Z [command]/usr/bin/git config --local --name-only --get-regexp ^includeIf\.gitdir:
2026-09-10T03:31:07.1510987Z [command]/usr/bin/git submodule foreach --recursive git config --local --show-origin --name-only --get-regexp remote.origin.url
2026-09-10T03:31:07.1819550Z ##[endgroup]
2026-09-10T03:31:07.2109677Z Node 20 is being deprecated. This workflow is running with Node 24 by default. If you need to temporarily use Node 20, you can set the ACTIONS_ALLOW_USE_UNSECURE_NODE_VERSION=true environment variable. For more information see: https://github.blog/changelog/2025-09-19-deprecation-of-node-20-on-github-actions-runners/
2026-09-10T03:31:07.2111424Z ##[group]Run actions/checkout@v4
2026-09-10T03:31:07.2111728Z with:
2026-09-10T03:31:07.2111977Z   ref: ab9f39518de107e05c95b800839bd5f7c229ea23
2026-09-10T03:31:07.2112281Z   path: candidate
2026-09-10T03:31:07.2112522Z   persist-credentials: false
2026-09-10T03:31:07.2112802Z   repository: yuguangzhi3836-glitch/GO
2026-09-10T03:31:07.2115158Z   token: ***
2026-09-10T03:31:07.2115689Z   ssh-strict: true
2026-09-10T03:31:07.2115926Z   ssh-user: git
2026-09-10T03:31:07.2116141Z   clean: true
2026-09-10T03:31:07.2116375Z   sparse-checkout-cone-mode: true
2026-09-10T03:31:07.2116651Z   fetch-depth: 1
2026-09-10T03:31:07.2116920Z   fetch-tags: false
2026-09-10T03:31:07.2117157Z   show-progress: true
2026-09-10T03:31:07.2117388Z   lfs: false
2026-09-10T03:31:07.2117600Z   submodules: false
2026-09-10T03:31:07.2117832Z   set-safe-directory: true
2026-09-10T03:31:07.2118100Z   allow-unsafe-pr-checkout: false
2026-09-10T03:31:07.2118375Z env:
2026-09-10T03:31:07.2118655Z   SEALED_CANDIDATE: ab9f39518de107e05c95b800839bd5f7c229ea23
2026-09-10T03:31:07.2119398Z   EXPECTED_SOURCE_TREE: 5983df038740e93936256da389f828488572dce5bbabc732326796a2c5c26356
2026-09-10T03:31:07.2119832Z ##[endgroup]
2026-09-10T03:31:07.3152374Z Syncing repository: yuguangzhi3836-glitch/GO
2026-09-10T03:31:07.3153550Z ##[group]Getting Git version info
2026-09-10T03:31:07.3154243Z Working directory is '/home/runner/work/GO/GO/candidate'
2026-09-10T03:31:07.3226819Z [command]/usr/bin/git version
2026-09-10T03:31:07.3289949Z git version 2.55.0
2026-09-10T03:31:07.3396639Z ##[endgroup]
2026-09-10T03:31:07.3416790Z Temporarily overriding HOME='/home/runner/work/_temp/e081b810-d1a1-458f-ac91-2f4851f50a6c' before making global git config changes
2026-09-10T03:31:07.3436393Z Adding repository directory to the temporary git global config as a safe directory
2026-09-10T03:31:07.3437824Z [command]/usr/bin/git config --global --add safe.directory /home/runner/work/GO/GO/candidate
2026-09-10T03:31:07.3487073Z ##[group]Initializing the repository
2026-09-10T03:31:07.3516505Z [command]/usr/bin/git init /home/runner/work/GO/GO/candidate
2026-09-10T03:31:07.3522253Z hint: Using 'master' as the name for the initial branch. This default branch name
2026-09-10T03:31:07.3523420Z hint: will change to "main" in Git 3.0. To configure the initial branch name
2026-09-10T03:31:07.3524460Z hint: to use in all of your new repositories, which will suppress this warning,
2026-09-10T03:31:07.3525493Z hint: call:
2026-09-10T03:31:07.3526231Z hint:
2026-09-10T03:31:07.3526864Z hint: 	git config --global init.defaultBranch <name>
2026-09-10T03:31:07.3546281Z hint:
2026-09-10T03:31:07.3566586Z hint: Names commonly chosen instead of 'master' are 'main', 'trunk' and
2026-09-10T03:31:07.3587035Z hint: 'development'. The just-created branch can be renamed via this command:
2026-09-10T03:31:07.3591174Z hint:
2026-09-10T03:31:07.3610625Z hint: 	git branch -m <name>
2026-09-10T03:31:07.3629137Z hint:
2026-09-10T03:31:07.3646616Z hint: Disable this message with "git config set advice.defaultBranchName false"
2026-09-10T03:31:07.3664876Z Initialized empty Git repository in /home/runner/work/GO/GO/candidate/.git/
2026-09-10T03:31:07.3694223Z [command]/usr/bin/git remote add origin https://github.com/yuguangzhi3836-glitch/GO
2026-09-10T03:31:07.3696785Z ##[endgroup]
2026-09-10T03:31:07.3716390Z ##[group]Disabling automatic garbage collection
2026-09-10T03:31:07.3717378Z [command]/usr/bin/git config --local gc.auto 0
2026-09-10T03:31:07.3776330Z ##[endgroup]
2026-09-10T03:31:07.3788125Z ##[group]Setting up auth
2026-09-10T03:31:07.3796341Z [command]/usr/bin/git config --local --name-only --get-regexp core\.sshCommand
2026-09-10T03:31:07.3857323Z [command]/usr/bin/git submodule foreach --recursive sh -c "git config --local --name-only --get-regexp 'core\.sshCommand' && git config --local --unset-all 'core.sshCommand' || :"
2026-09-10T03:31:07.4126728Z [command]/usr/bin/git config --local --name-only --get-regexp http\.https\:\/\/github\.com\/\.extraheader
2026-09-10T03:31:07.4161123Z [command]/usr/bin/git submodule foreach --recursive sh -c "git config --local --name-only --get-regexp 'http\.https\:\/\/github\.com\/\.extraheader' && git config --local --unset-all 'http.https://github.com/.extraheader' || :"
2026-09-10T03:31:07.4776403Z [command]/usr/bin/git config --local --name-only --get-regexp ^includeIf\.gitdir:
2026-09-10T03:31:07.4888458Z [command]/usr/bin/git submodule foreach --recursive git config --local --show-origin --name-only --get-regexp remote.origin.url
2026-09-10T03:31:07.5437521Z [command]/usr/bin/git config --local http.https://github.com/.extraheader AUTHORIZATION: basic ***
2026-09-10T03:31:07.5516290Z ##[endgroup]
2026-09-10T03:31:07.5536443Z ##[group]Fetching the repository
2026-09-10T03:31:07.5543578Z [command]/usr/bin/git -c protocol.version=2 fetch --no-tags --prune --no-recurse-submodules --depth=1 origin ab9f39518de107e05c95b800839bd5f7c229ea23
2026-09-10T03:31:09.6151164Z From https://github.com/yuguangzhi3836-glitch/GO
2026-09-10T03:31:09.6151922Z  * branch            ab9f39518de107e05c95b800839bd5f7c229ea23 -> FETCH_HEAD
2026-09-10T03:31:09.6181152Z ##[endgroup]
2026-09-10T03:31:09.6182105Z ##[group]Determining the checkout info
2026-09-10T03:31:09.6194644Z ##[endgroup]
2026-09-10T03:31:09.6195553Z [command]/usr/bin/git sparse-checkout disable
2026-09-10T03:31:09.6236652Z [command]/usr/bin/git config --local --unset-all extensions.worktreeConfig
2026-09-10T03:31:09.6290020Z ##[group]Checking out the ref
2026-09-10T03:31:09.6292514Z [command]/usr/bin/git checkout --progress --force ab9f39518de107e05c95b800839bd5f7c229ea23
2026-09-10T03:31:10.0256787Z Note: switching to 'ab9f39518de107e05c95b800839bd5f7c229ea23'.
2026-09-10T03:31:10.0274767Z 
2026-09-10T03:31:10.0275674Z You are in 'detached HEAD' state. You can look around, make experimental
2026-09-10T03:31:10.0276936Z changes and commit them, and you can discard any commits you make in this
2026-09-10T03:31:10.0292154Z state without impacting any branches by switching back to a branch.
2026-09-10T03:31:10.0292950Z 
2026-09-10T03:31:10.0293720Z If you want to create a new branch to retain commits you create, you may
2026-09-10T03:31:10.0294758Z do so (now or later) by using -c with the switch command. Example:
2026-09-10T03:31:10.0315806Z 
2026-09-10T03:31:10.0316358Z   git switch -c <new-branch-name>
2026-09-10T03:31:10.0318511Z 
2026-09-10T03:31:10.0336250Z Or undo this operation with:
2026-09-10T03:31:10.0336736Z 
2026-09-10T03:31:10.0337049Z   git switch -
2026-09-10T03:31:10.0337416Z 
2026-09-10T03:31:10.0337896Z Turn off this advice by setting config variable advice.detachedHead to false
2026-09-10T03:31:10.0338631Z 
2026-09-10T03:31:10.0339247Z HEAD is now at ab9f395 Archive DEPTH34 hotel cancellation preserving exact customer accepted quote
2026-09-10T03:31:10.0341950Z ##[endgroup]
2026-09-10T03:31:10.0456101Z [command]/usr/bin/git log -1 --format=%H
2026-09-10T03:31:10.0476083Z ab9f39518de107e05c95b800839bd5f7c229ea23
2026-09-10T03:31:10.0516282Z ##[group]Removing auth
2026-09-10T03:31:10.0533432Z [command]/usr/bin/git config --local --name-only --get-regexp core\.sshCommand
2026-09-10T03:31:10.0576880Z [command]/usr/bin/git submodule foreach --recursive sh -c "git config --local --name-only --get-regexp 'core\.sshCommand' && git config --local --unset-all 'core.sshCommand' || :"
2026-09-10T03:31:10.0907694Z [command]/usr/bin/git config --local --name-only --get-regexp http\.https\:\/\/github\.com\/\.extraheader
2026-09-10T03:31:10.0949252Z http.https://github.com/.extraheader
2026-09-10T03:31:10.0971619Z [command]/usr/bin/git config --local --unset-all http.https://github.com/.extraheader
2026-09-10T03:31:10.1022359Z [command]/usr/bin/git submodule foreach --recursive sh -c "git config --local --name-only --get-regexp 'http\.https\:\/\/github\.com\/\.extraheader' && git config --local --unset-all 'http.https://github.com/.extraheader' || :"
2026-09-10T03:31:10.1348914Z [command]/usr/bin/git config --local --name-only --get-regexp ^includeIf\.gitdir:
2026-09-10T03:31:10.1392390Z [command]/usr/bin/git submodule foreach --recursive git config --local --show-origin --name-only --get-regexp remote.origin.url
2026-09-10T03:31:10.1717018Z ##[endgroup]
2026-09-10T03:31:10.1910293Z Node 20 is being deprecated. This workflow is running with Node 24 by default. If you need to temporarily use Node 20, you can set the ACTIONS_ALLOW_USE_UNSECURE_NODE_VERSION=true environment variable. For more information see: https://github.blog/changelog/2025-09-19-deprecation-of-node-20-on-github-actions-runners/
2026-09-10T03:31:10.1911478Z ##[group]Run actions/setup-python@v5
2026-09-10T03:31:10.1911752Z with:
2026-09-10T03:31:10.1911969Z   python-version: 3.13.5
2026-09-10T03:31:10.1912218Z   check-latest: false
2026-09-10T03:31:10.1914588Z   token: ***
2026-09-10T03:31:10.1914820Z   update-environment: true
2026-09-10T03:31:10.1915085Z   allow-prereleases: false
2026-09-10T03:31:10.1915576Z   freethreaded: false
2026-09-10T03:31:10.1915850Z env:
2026-09-10T03:31:10.1916118Z   SEALED_CANDIDATE: ab9f39518de107e05c95b800839bd5f7c229ea23
2026-09-10T03:31:10.1916841Z   EXPECTED_SOURCE_TREE: 5983df038740e93936256da389f828488572dce5bbabc732326796a2c5c26356
2026-09-10T03:31:10.1917298Z ##[endgroup]
2026-09-10T03:31:10.3727924Z (node:2026) [DEP0040] DeprecationWarning: The `punycode` module is deprecated. Please use a userland alternative instead.
2026-09-10T03:31:10.3729029Z (Use `node --trace-deprecation ...` to show where the warning was created)
2026-09-10T03:31:10.3730604Z ##[group]Installed versions
2026-09-10T03:31:10.3734457Z Version 3.13.5 was not found in the local cache
2026-09-10T03:31:10.8988976Z Version 3.13.5 is available for downloading
2026-09-10T03:31:10.9015129Z Download from "https://github.com/actions/python-versions/releases/download/3.13.5-15601068749/python-3.13.5-linux-22.04-x64.tar.gz"
2026-09-10T03:31:11.9033599Z Extract downloaded archive
2026-09-10T03:31:11.9222943Z [command]/usr/bin/tar xz --warning=no-unknown-keyword --overwrite -C /home/runner/work/_temp/a68f903d-10a5-42ef-b3c2-42849621d666 -f /home/runner/work/_temp/1f30e0de-5bab-4903-8627-a535d19e12d7
2026-09-10T03:31:14.5227108Z Execute installation script
2026-09-10T03:31:14.5372421Z Check if Python hostedtoolcache folder exist...
2026-09-10T03:31:14.5381095Z Create Python 3.13.5 folder
2026-09-10T03:31:14.5397455Z Copy Python binaries to hostedtoolcache folder
2026-09-10T03:31:15.2546680Z Create additional symlinks (Required for the UsePythonVersion Azure Pipelines task and the setup-python GitHub Action)
2026-09-10T03:31:15.2619305Z Upgrading pip...
2026-09-10T03:31:18.3888851Z Looking in links: /tmp/tmp_099r_yb
2026-09-10T03:31:18.3893847Z Requirement already satisfied: pip in /opt/hostedtoolcache/Python/3.13.5/x64/lib/python3.13/site-packages (25.1.1)
2026-09-10T03:31:19.5767199Z Collecting pip
2026-09-10T03:31:19.6053850Z Downloading pip-26.2.1-py3-none-any.whl.metadata (4.6 kB)
2026-09-10T03:31:19.6218931Z Downloading pip-26.2.1-py3-none-any.whl (1.8 MB)
2026-09-10T03:31:19.6597830Z ━━━━━━━━━━━━━━━━━━━━━━━━━━━━━━━━━━━━━━━━ 1.8/1.8 MB 74.3 MB/s eta 0:00:00
2026-09-10T03:31:19.6617684Z 
2026-09-10T03:31:19.6794251Z Installing collected packages: pip
2026-09-10T03:31:19.6797123Z Attempting uninstall: pip
2026-09-10T03:31:19.6836226Z Found existing installation: pip 25.1.1
2026-09-10T03:31:19.7189391Z Uninstalling pip-25.1.1:
2026-09-10T03:31:19.7253097Z Successfully uninstalled pip-25.1.1
2026-09-10T03:31:20.7700511Z Successfully installed pip-26.2.1
2026-09-10T03:31:20.8380469Z Create complete file
2026-09-10T03:31:20.8427101Z Successfully set up CPython (3.13.5)
2026-09-10T03:31:20.8428105Z ##[endgroup]
2026-09-10T03:31:20.8675589Z Node 20 is being deprecated. This workflow is running with Node 24 by default. If you need to temporarily use Node 20, you can set the ACTIONS_ALLOW_USE_UNSECURE_NODE_VERSION=true environment variable. For more information see: https://github.blog/changelog/2025-09-19-deprecation-of-node-20-on-github-actions-runners/
2026-09-10T03:31:20.8676841Z ##[group]Run actions/setup-node@v4
2026-09-10T03:31:20.8677108Z with:
2026-09-10T03:31:20.8677322Z   node-version: 22.22.0
2026-09-10T03:31:20.8677595Z   always-auth: false
2026-09-10T03:31:20.8677838Z   check-latest: false
2026-09-10T03:31:20.8680089Z   token: ***
2026-09-10T03:31:20.8680299Z env:
2026-09-10T03:31:20.8680572Z   SEALED_CANDIDATE: ab9f39518de107e05c95b800839bd5f7c229ea23
2026-09-10T03:31:20.8681055Z   EXPECTED_SOURCE_TREE: 5983df038740e93936256da389f828488572dce5bbabc732326796a2c5c26356
2026-09-10T03:31:20.8681547Z   pythonLocation: /opt/hostedtoolcache/Python/3.13.5/x64
2026-09-10T03:31:20.8682048Z   PKG_CONFIG_PATH: /opt/hostedtoolcache/Python/3.13.5/x64/lib/pkgconfig
2026-09-10T03:31:20.8682476Z   Python_ROOT_DIR: /opt/hostedtoolcache/Python/3.13.5/x64
2026-09-10T03:31:20.8682847Z   Python2_ROOT_DIR: /opt/hostedtoolcache/Python/3.13.5/x64
2026-09-10T03:31:20.8683216Z   Python3_ROOT_DIR: /opt/hostedtoolcache/Python/3.13.5/x64
2026-09-10T03:31:20.8683583Z   LD_LIBRARY_PATH: /opt/hostedtoolcache/Python/3.13.5/x64/lib
2026-09-10T03:31:20.8683913Z ##[endgroup]
2026-09-10T03:31:21.0298062Z Attempting to download 22.22.0...
2026-09-10T03:31:21.0411000Z (node:2076) [DEP0040] DeprecationWarning: The `punycode` module is deprecated. Please use a userland alternative instead.
2026-09-10T03:31:21.0412466Z (Use `node --trace-deprecation ...` to show where the warning was created)
2026-09-10T03:31:21.5497955Z Acquiring 22.22.0 - x64 from https://github.com/actions/node-versions/releases/download/22.22.0-20981702931/node-22.22.0-linux-x64.tar.gz
2026-09-10T03:31:22.0809709Z Extracting ...
2026-09-10T03:31:22.0967018Z [command]/usr/bin/tar xz --strip 1 --warning=no-unknown-keyword --overwrite -C /home/runner/work/_temp/884ce15d-abd6-45d1-8330-8ca7511e58c3 -f /home/runner/work/_temp/2ba41adc-a0f6-402a-a6ec-d66f9241be51
2026-09-10T03:31:23.5669962Z Adding to the cache ...
2026-09-10T03:31:26.3401549Z ##[group]Environment details
2026-09-10T03:31:26.6306904Z node: v22.22.0
2026-09-10T03:31:26.6307593Z npm: 10.9.4
2026-09-10T03:31:26.6308199Z yarn: 1.22.22
2026-09-10T03:31:26.6309017Z ##[endgroup]
2026-09-10T03:31:26.6507163Z ##[group]Run mkdir -p evidence
2026-09-10T03:31:26.6507589Z [36;1mmkdir -p evidence[0m
2026-09-10T03:31:26.6507995Z [36;1mgit -C candidate rev-parse HEAD | tee evidence/candidate-commit.txt[0m
2026-09-10T03:31:26.6508502Z [36;1mtest "$(git -C candidate rev-parse HEAD)" = "$SEALED_CANDIDATE"[0m
2026-09-10T03:31:26.6509582Z [36;1mpython -c 'import hashlib,json,pathlib;p=pathlib.Path("candidate/deliverables/CP11_DEPTH34_HOTEL_QUOTE_IDENTITY_20260910");m=json.loads((p/"MANIFEST.json").read_text());assert hashlib.sha256((p/"DELTA.json").read_bytes()).hexdigest()==m["delta_sha256"]'[0m
2026-09-10T03:31:26.7158705Z shell: /usr/bin/bash --noprofile --norc -e -o pipefail {0}
2026-09-10T03:31:26.7159094Z env:
2026-09-10T03:31:26.7159381Z   SEALED_CANDIDATE: ab9f39518de107e05c95b800839bd5f7c229ea23
2026-09-10T03:31:26.7159882Z   EXPECTED_SOURCE_TREE: 5983df038740e93936256da389f828488572dce5bbabc732326796a2c5c26356
2026-09-10T03:31:26.7160445Z   pythonLocation: /opt/hostedtoolcache/Python/3.13.5/x64
2026-09-10T03:31:26.7160874Z   PKG_CONFIG_PATH: /opt/hostedtoolcache/Python/3.13.5/x64/lib/pkgconfig
2026-09-10T03:31:26.7161358Z   Python_ROOT_DIR: /opt/hostedtoolcache/Python/3.13.5/x64
2026-09-10T03:31:26.7161738Z   Python2_ROOT_DIR: /opt/hostedtoolcache/Python/3.13.5/x64
2026-09-10T03:31:26.7162121Z   Python3_ROOT_DIR: /opt/hostedtoolcache/Python/3.13.5/x64
2026-09-10T03:31:26.7162514Z   LD_LIBRARY_PATH: /opt/hostedtoolcache/Python/3.13.5/x64/lib
2026-09-10T03:31:26.7162857Z ##[endgroup]
2026-09-10T03:31:26.7347681Z ab9f39518de107e05c95b800839bd5f7c229ea23
2026-09-10T03:31:26.7728030Z ##[group]Run python tooling/ci/depth34/materialize_parent.py \
2026-09-10T03:31:26.7728542Z [36;1mpython tooling/ci/depth34/materialize_parent.py \[0m
2026-09-10T03:31:26.7728991Z [36;1m  --depth26 candidate/deliverables/CP11_DEPTH26_20260909 \[0m
2026-09-10T03:31:26.7729417Z [36;1m  --depth27 candidate/deliverables/CP11_DEPTH27_20260909 \[0m
2026-09-10T03:31:26.7729909Z [36;1m  --depth28 candidate/deliverables/CP11_DEPTH28_V14_INTEGRATION_20260909 \[0m
2026-09-10T03:31:26.7730489Z [36;1m  --output "$GITHUB_WORKSPACE/restored-parent" | tee evidence/parent-restore.log[0m
2026-09-10T03:31:26.7731093Z [36;1mpython candidate/deliverables/CP11_DEPTH29_TRIP_REENTRY_20260909/restore_depth29.py \[0m
2026-09-10T03:31:26.7731595Z [36;1m  --parent "$GITHUB_WORKSPACE/restored-parent" \[0m
2026-09-10T03:31:26.7732056Z [36;1m  --output "$GITHUB_WORKSPACE/restored-depth29" | tee evidence/depth29-restore.log[0m
2026-09-10T03:31:26.7732708Z [36;1mpython candidate/deliverables/CP11_DEPTH30_NATIVE_PAYMENT_20260909/restore_depth30.py \[0m
2026-09-10T03:31:26.7733215Z [36;1m  --parent "$GITHUB_WORKSPACE/restored-depth29" \[0m
2026-09-10T03:31:26.7733672Z [36;1m  --output "$GITHUB_WORKSPACE/restored-depth30" | tee evidence/depth30-restore.log[0m
2026-09-10T03:31:26.7734268Z [36;1mpython candidate/deliverables/CP11_DEPTH31_CONSENT_DIRECT_20260910/restore_delta.py \[0m
2026-09-10T03:31:26.7734771Z [36;1m  --parent "$GITHUB_WORKSPACE/restored-depth30" \[0m
2026-09-10T03:31:26.7735766Z [36;1m  --package candidate/deliverables/CP11_DEPTH31_CONSENT_DIRECT_20260910 \[0m
2026-09-10T03:31:26.7736322Z [36;1m  --output "$GITHUB_WORKSPACE/restored-depth31" | tee evidence/depth31-restore.log[0m
2026-09-10T03:31:26.7736941Z [36;1mpython candidate/deliverables/CP11_DEPTH32R2_CHANGE_TERMS_REFUND_20260910/restore_delta.py \[0m
2026-09-10T03:31:26.7737466Z [36;1m  --parent "$GITHUB_WORKSPACE/restored-depth31" \[0m
2026-09-10T03:31:26.7737921Z [36;1m  --package candidate/deliverables/CP11_DEPTH32R2_CHANGE_TERMS_REFUND_20260910 \[0m
2026-09-10T03:31:26.7738503Z [36;1m  --output "$GITHUB_WORKSPACE/restored-depth32r2" | tee evidence/depth32r2-restore.log[0m
2026-09-10T03:31:26.7739102Z [36;1mpython candidate/deliverables/CP11_DEPTH33_MOBILITY_REFUND_20260910/restore_delta.py \[0m
2026-09-10T03:31:26.7739601Z [36;1m  --parent "$GITHUB_WORKSPACE/restored-depth32r2" \[0m
2026-09-10T03:31:26.7740049Z [36;1m  --package candidate/deliverables/CP11_DEPTH33_MOBILITY_REFUND_20260910 \[0m
2026-09-10T03:31:26.7740603Z [36;1m  --output "$GITHUB_WORKSPACE/restored-depth33" | tee evidence/depth33-restore.log[0m
2026-09-10T03:31:26.7741226Z [36;1mpython candidate/deliverables/CP11_DEPTH34_HOTEL_QUOTE_IDENTITY_20260910/restore_delta.py \[0m
2026-09-10T03:31:26.7741742Z [36;1m  --parent "$GITHUB_WORKSPACE/restored-depth33" \[0m
2026-09-10T03:31:26.7742198Z [36;1m  --package candidate/deliverables/CP11_DEPTH34_HOTEL_QUOTE_IDENTITY_20260910 \[0m
2026-09-10T03:31:26.7742715Z [36;1m  --output "$GITHUB_WORKSPACE/restored" | tee evidence/restore.log[0m
2026-09-10T03:31:26.7824525Z shell: /usr/bin/bash --noprofile --norc -e -o pipefail {0}
2026-09-10T03:31:26.7824873Z env:
2026-09-10T03:31:26.7825149Z   SEALED_CANDIDATE: ab9f39518de107e05c95b800839bd5f7c229ea23
2026-09-10T03:31:26.7825843Z   EXPECTED_SOURCE_TREE: 5983df038740e93936256da389f828488572dce5bbabc732326796a2c5c26356
2026-09-10T03:31:26.7826332Z   pythonLocation: /opt/hostedtoolcache/Python/3.13.5/x64
2026-09-10T03:31:26.7826766Z   PKG_CONFIG_PATH: /opt/hostedtoolcache/Python/3.13.5/x64/lib/pkgconfig
2026-09-10T03:31:26.7827190Z   Python_ROOT_DIR: /opt/hostedtoolcache/Python/3.13.5/x64
2026-09-10T03:31:26.7827564Z   Python2_ROOT_DIR: /opt/hostedtoolcache/Python/3.13.5/x64
2026-09-10T03:31:26.7827925Z   Python3_ROOT_DIR: /opt/hostedtoolcache/Python/3.13.5/x64
2026-09-10T03:31:26.7828291Z   LD_LIBRARY_PATH: /opt/hostedtoolcache/Python/3.13.5/x64/lib
2026-09-10T03:31:26.7828625Z ##[endgroup]
2026-09-10T03:31:27.5776856Z {
2026-09-10T03:31:27.5806724Z   "restored_files_verified": 1081,
2026-09-10T03:31:27.5826047Z   "parent_files_verified": 1077,
2026-09-10T03:31:27.5846328Z   "source_tree_sha256": "7f8be7894c15f42e311610cccaaf8590402cd9ae1facca77956379a5aec43952",
2026-09-10T03:31:27.5866429Z   "delta_sha256": "f95e9541757f0051815373611b0230ee1bcc58201a451e6b99261754110e98ab",
2026-09-10T03:31:27.5896235Z   "output": "/tmp/go-offline-lineage-i75yykur/depth27",
2026-09-10T03:31:27.5906702Z   "FINAL_RELEASE_GATE": "HOLD"
2026-09-10T03:31:27.5925872Z }
2026-09-10T03:31:27.9156020Z {
2026-09-10T03:31:27.9157018Z   "restored_files_verified": 1093,
2026-09-10T03:31:27.9157822Z   "parent_files_verified": 1081,
2026-09-10T03:31:27.9168007Z   "source_tree_sha256": "3a8440e2d74e1dc4f86509686968683f98bec4b78c9f0ca0e43a02dedeac285f",
2026-09-10T03:31:27.9169394Z   "delta_sha256": "98f006935a421b99aa4ea35c1f43ec0186b04bfc262e01b46f3d4f341d13a109",
2026-09-10T03:31:27.9170484Z   "output": "/home/runner/work/GO/GO/restored-parent",
2026-09-10T03:31:27.9176169Z   "FINAL_RELEASE_GATE": "HOLD"
2026-09-10T03:31:27.9176804Z }
2026-09-10T03:31:28.0510033Z {"verified_files": 1093, "result": "PASS", "scope": "offline archive materialization only", "independent_ci": false, "release_gate": "HOLD"}
2026-09-10T03:31:28.3829171Z {
2026-09-10T03:31:28.3830199Z   "parent_files_verified": 1201,
2026-09-10T03:31:28.3830983Z   "restored_files_verified": 1207,
2026-09-10T03:31:28.3831903Z   "source_tree_sha256": "ffcea37a3d2ce626026571c1d16eb7be190bd1b048b6b8dfd0d6c8164f2b556c",
2026-09-10T03:31:28.3833411Z   "delta_sha256": "df32a08b8e330e36c95a53d576bad00f22203cfec566145dd830856d2da5540b",
2026-09-10T03:31:28.3834343Z   "scope": "offline source materialization only",
2026-09-10T03:31:28.3835017Z   "independent_ci": false,
2026-09-10T03:31:28.3835838Z   "FINAL_RELEASE_GATE": "HOLD"
2026-09-10T03:31:28.3836372Z }
2026-09-10T03:31:28.7247277Z {
2026-09-10T03:31:28.7248503Z   "parent_files_verified": 1207,
2026-09-10T03:31:28.7249342Z   "restored_files_verified": 1222,
2026-09-10T03:31:28.7250492Z   "source_tree_sha256": "f576c976bfe8f34d3182ba232fe1290c374346106c602a4fffe4935366f7a961",
2026-09-10T03:31:28.7251761Z   "delta_sha256": "6803c349f241feae33a879d91243bc6bb1ff23c77701f98d69a0ec06d9b5d107",
2026-09-10T03:31:28.7260752Z   "scope": "offline source materialization only",
2026-09-10T03:31:28.7261572Z   "independent_ci": false,
2026-09-10T03:31:28.7262244Z   "FINAL_RELEASE_GATE": "HOLD"
2026-09-10T03:31:28.7262864Z }
2026-09-10T03:31:29.0468047Z {"verified_files": 1232, "source_tree_sha256": "2b9095df2e9a58f8f5ac6861c514163cbbc9e135def204c4e2d5edb65b3f68e0", "parent_verified_files": 1222, "changed_files": 28, "environment": "offline restoration only", "release_gate": "HOLD"}
2026-09-10T03:31:29.4228153Z {"verified_files": 1236, "source_tree_sha256": "a309bdda03e0621a7be5622463a92bcfe728238f28c4ea6c212c6be43c875c11", "parent_verified_files": 1232, "changed_files": 11, "environment": "offline restoration only", "release_gate": "HOLD"}
2026-09-10T03:31:29.7846567Z {"verified_files": 1239, "source_tree_sha256": "a67a70cd2442e67ece9c9b2795b049c6aea2ba4d882448b912eb7eb996d4459c", "parent_verified_files": 1236, "changed_files": 9, "environment": "offline restoration only", "release_gate": "HOLD"}
2026-09-10T03:31:30.1289813Z {"verified_files": 1241, "source_tree_sha256": "5983df038740e93936256da389f828488572dce5bbabc732326796a2c5c26356", "parent_verified_files": 1239, "changed_files": 6, "environment": "offline restoration only", "release_gate": "HOLD"}
2026-09-10T03:31:30.1405205Z ##[group]Run python tooling/ci/depth34/dependencies.py --repository candidate --output dependencies | tee evidence/dependencies.json
2026-09-10T03:31:30.1406490Z [36;1mpython tooling/ci/depth34/dependencies.py --repository candidate --output dependencies | tee evidence/dependencies.json[0m
2026-09-10T03:31:30.1407097Z [36;1mpython -m venv isolated-runtime[0m
2026-09-10T03:31:30.1407751Z [36;1misolated-runtime/bin/python -m pip install --no-index --no-deps --find-links dependencies/wheelhouse -r tooling/ci/depth34/requirements.lock[0m
2026-09-10T03:31:30.1408507Z [36;1misolated-runtime/bin/python -m pip freeze > evidence/pip-freeze.txt[0m
2026-09-10T03:31:30.1486259Z shell: /usr/bin/bash --noprofile --norc -e -o pipefail {0}
2026-09-10T03:31:30.1486618Z env:
2026-09-10T03:31:30.1486900Z   SEALED_CANDIDATE: ab9f39518de107e05c95b800839bd5f7c229ea23
2026-09-10T03:31:30.1487401Z   EXPECTED_SOURCE_TREE: 5983df038740e93936256da389f828488572dce5bbabc732326796a2c5c26356
2026-09-10T03:31:30.1487979Z   pythonLocation: /opt/hostedtoolcache/Python/3.13.5/x64
2026-09-10T03:31:30.1488398Z   PKG_CONFIG_PATH: /opt/hostedtoolcache/Python/3.13.5/x64/lib/pkgconfig
2026-09-10T03:31:30.1488813Z   Python_ROOT_DIR: /opt/hostedtoolcache/Python/3.13.5/x64
2026-09-10T03:31:30.1489184Z   Python2_ROOT_DIR: /opt/hostedtoolcache/Python/3.13.5/x64
2026-09-10T03:31:30.1489551Z   Python3_ROOT_DIR: /opt/hostedtoolcache/Python/3.13.5/x64
2026-09-10T03:31:30.1489922Z   LD_LIBRARY_PATH: /opt/hostedtoolcache/Python/3.13.5/x64/lib
2026-09-10T03:31:30.1490268Z ##[endgroup]
2026-09-10T03:31:30.4296056Z {"archive_sha256": "b13a76ab9351f81da70e8e2c8873c20141abe953cd3f96aeb181ef86a34b58dd", "verified_wheels": 37, "source": "pinned GO repository ci/dependency_parts only", "application_source_restored": false}
2026-09-10T03:31:33.9295980Z Looking in links: dependencies/wheelhouse
2026-09-10T03:31:33.9406710Z Processing ./dependencies/wheelhouse/alembic-1.16.5-py3-none-any.whl (from -r tooling/ci/depth34/requirements.lock (line 1))
2026-09-10T03:31:33.9460671Z Processing ./dependencies/wheelhouse/annotated_doc-0.0.4-py3-none-any.whl (from -r tooling/ci/depth34/requirements.lock (line 2))
2026-09-10T03:31:33.9488171Z Processing ./dependencies/wheelhouse/annotated_types-0.7.0-py3-none-any.whl (from -r tooling/ci/depth34/requirements.lock (line 3))
2026-09-10T03:31:33.9518680Z Processing ./dependencies/wheelhouse/anyio-4.13.0-py3-none-any.whl (from -r tooling/ci/depth34/requirements.lock (line 4))
2026-09-10T03:31:33.9559071Z Processing ./dependencies/wheelhouse/certifi-2026.5.20-py3-none-any.whl (from -r tooling/ci/depth34/requirements.lock (line 5))
2026-09-10T03:31:33.9583786Z Processing ./dependencies/wheelhouse/cffi-2.0.0-cp313-cp313-manylinux_2_17_x86_64.whl (from -r tooling/ci/depth34/requirements.lock (line 6))
2026-09-10T03:31:33.9619319Z Processing ./dependencies/wheelhouse/click-8.5.0-py3-none-any.whl (from -r tooling/ci/depth34/requirements.lock (line 7))
2026-09-10T03:31:33.9643053Z Processing ./dependencies/wheelhouse/cryptography-46.0.4-cp311-abi3-manylinux_2_34_x86_64.whl (from -r tooling/ci/depth34/requirements.lock (line 8))
2026-09-10T03:31:33.9763547Z Processing ./dependencies/wheelhouse/fastapi-0.128.2-py3-none-any.whl (from -r tooling/ci/depth34/requirements.lock (line 9))
2026-09-10T03:31:33.9852734Z Processing ./dependencies/wheelhouse/greenlet-3.5.1-cp313-cp313-manylinux_2_24_x86_64.whl (from -r tooling/ci/depth34/requirements.lock (line 10))
2026-09-10T03:31:33.9897025Z Processing ./dependencies/wheelhouse/h11-0.16.0-py3-none-any.whl (from -r tooling/ci/depth34/requirements.lock (line 11))
2026-09-10T03:31:33.9924120Z Processing ./dependencies/wheelhouse/httpcore-1.0.9-py3-none-any.whl (from -r tooling/ci/depth34/requirements.lock (line 12))
2026-09-10T03:31:33.9968551Z Processing ./dependencies/wheelhouse/httpx-0.28.1-py3-none-any.whl (from -r tooling/ci/depth34/requirements.lock (line 13))
2026-09-10T03:31:34.0007087Z Processing ./dependencies/wheelhouse/idna-3.17-py3-none-any.whl (from -r tooling/ci/depth34/requirements.lock (line 14))
2026-09-10T03:31:34.0038498Z Processing ./dependencies/wheelhouse/iniconfig-2.3.0-py3-none-any.whl (from -r tooling/ci/depth34/requirements.lock (line 15))
2026-09-10T03:31:34.0062212Z Processing ./dependencies/wheelhouse/mako-1.3.10-py3-none-any.whl (from -r tooling/ci/depth34/requirements.lock (line 16))
2026-09-10T03:31:34.0092326Z Processing ./dependencies/wheelhouse/markupsafe-3.0.3-cp313-cp313-manylinux2014_x86_64.manylinux_2_17_x86_64.manylinux_2_28_x86_64.whl (from -r tooling/ci/depth34/requirements.lock (line 17))
2026-09-10T03:31:34.0116218Z Processing ./dependencies/wheelhouse/packaging-25.0-py3-none-any.whl (from -r tooling/ci/depth34/requirements.lock (line 18))
2026-09-10T03:31:34.0143570Z Processing ./dependencies/wheelhouse/pillow-12.3.0-cp313-cp313-manylinux_2_27_x86_64.whl (from -r tooling/ci/depth34/requirements.lock (line 19))
2026-09-10T03:31:34.0282827Z Processing ./dependencies/wheelhouse/pluggy-1.6.0-py3-none-any.whl (from -r tooling/ci/depth34/requirements.lock (line 20))
2026-09-10T03:31:34.0313581Z Processing ./dependencies/wheelhouse/psycopg_binary-3.2.10-cp313-cp313-manylinux2014_x86_64.manylinux_2_17_x86_64.whl (from -r tooling/ci/depth34/requirements.lock (line 21))
2026-09-10T03:31:34.0386922Z Processing ./dependencies/wheelhouse/psycopg-3.2.10-py3-none-any.whl (from -r tooling/ci/depth34/requirements.lock (line 22))
2026-09-10T03:31:34.0457944Z Processing ./dependencies/wheelhouse/pycparser-3.0-py3-none-any.whl (from -r tooling/ci/depth34/requirements.lock (line 23))
2026-09-10T03:31:34.0484435Z Processing ./dependencies/wheelhouse/pydantic_settings-2.14.1-py3-none-any.whl (from -r tooling/ci/depth34/requirements.lock (line 24))
2026-09-10T03:31:34.0520658Z Processing ./dependencies/wheelhouse/pydantic-2.13.4-py3-none-any.whl (from -r tooling/ci/depth34/requirements.lock (line 25))
2026-09-10T03:31:34.0613478Z Processing ./dependencies/wheelhouse/pydantic_core-2.46.4-cp313-cp313-manylinux_2_17_x86_64.whl (from -r tooling/ci/depth34/requirements.lock (line 26))
2026-09-10T03:31:34.0678348Z Processing ./dependencies/wheelhouse/Pygments-2.20.0-py3-none-any.whl (from -r tooling/ci/depth34/requirements.lock (line 27))
2026-09-10T03:31:34.0777912Z Processing ./dependencies/wheelhouse/PyJWT-2.13.0-py3-none-any.whl (from -r tooling/ci/depth34/requirements.lock (line 28))
2026-09-10T03:31:34.0805812Z Processing ./dependencies/wheelhouse/pytest_asyncio-1.3.0-py3-none-any.whl (from -r tooling/ci/depth34/requirements.lock (line 29))
2026-09-10T03:31:34.0840224Z Processing ./dependencies/wheelhouse/pytest-9.0.2-py3-none-any.whl (from -r tooling/ci/depth34/requirements.lock (line 30))
2026-09-10T03:31:34.0901633Z Processing ./dependencies/wheelhouse/python_dotenv-1.2.2-py3-none-any.whl (from -r tooling/ci/depth34/requirements.lock (line 31))
2026-09-10T03:31:34.0946119Z Processing ./dependencies/wheelhouse/redis-5.2.1-py3-none-any.whl (from -r tooling/ci/depth34/requirements.lock (line 32))
2026-09-10T03:31:34.0985169Z Processing ./dependencies/wheelhouse/SQLAlchemy-2.0.50-cp313-cp313-manylinux_2_17_x86_64.whl (from -r tooling/ci/depth34/requirements.lock (line 33))
2026-09-10T03:31:34.1182475Z Processing ./dependencies/wheelhouse/starlette-0.50.0-py3-none-any.whl (from -r tooling/ci/depth34/requirements.lock (line 34))
2026-09-10T03:31:34.1221616Z Processing ./dependencies/wheelhouse/typing_inspection-0.4.2-py3-none-any.whl (from -r tooling/ci/depth34/requirements.lock (line 35))
2026-09-10T03:31:34.1246277Z Processing ./dependencies/wheelhouse/typing_extensions-4.16.0-py3-none-any.whl (from -r tooling/ci/depth34/requirements.lock (line 36))
2026-09-10T03:31:34.1270454Z Processing ./dependencies/wheelhouse/uvicorn-0.35.0-py3-none-any.whl (from -r tooling/ci/depth34/requirements.lock (line 37))
2026-09-10T03:31:34.1616300Z Installing collected packages: uvicorn, typing-inspection, typing_extensions, starlette, SQLAlchemy, redis, python-dotenv, pytest-asyncio, pytest, PyJWT, Pygments, pydantic-settings, pydantic_core, pydantic, pycparser, psycopg-binary, psycopg, pluggy, Pillow, packaging, MarkupSafe, Mako, iniconfig, idna, httpx, httpcore, h11, greenlet, fastapi, cryptography, click, cffi, certifi, anyio, annotated-types, annotated-doc, alembic
2026-09-10T03:31:39.7711988Z 
2026-09-10T03:31:39.7766522Z Successfully installed Mako-1.3.10 MarkupSafe-3.0.3 Pillow-12.3.0 PyJWT-2.13.0 Pygments-2.20.0 SQLAlchemy-2.0.50 alembic-1.16.5 annotated-doc-0.0.4 annotated-types-0.7.0 anyio-4.13.0 certifi-2026.5.20 cffi-2.0.0 click-8.5.0 cryptography-46.0.4 fastapi-0.128.2 greenlet-3.5.1 h11-0.16.0 httpcore-1.0.9 httpx-0.28.1 idna-3.17 iniconfig-2.3.0 packaging-25.0 pluggy-1.6.0 psycopg-3.2.10 psycopg-binary-3.2.10 pycparser-3.0 pydantic-2.13.4 pydantic-settings-2.14.1 pydantic_core-2.46.4 pytest-9.0.2 pytest-asyncio-1.3.0 python-dotenv-1.2.2 redis-5.2.1 starlette-0.50.0 typing-inspection-0.4.2 typing_extensions-4.16.0 uvicorn-0.35.0
2026-09-10T03:31:40.1151417Z ##[group]Run isolated-runtime/bin/python - <<'PY'
2026-09-10T03:31:40.1152083Z [36;1misolated-runtime/bin/python - <<'PY'[0m
2026-09-10T03:31:40.1152714Z [36;1mimport hashlib,json,os,pathlib,subprocess,sys[0m
2026-09-10T03:31:40.1153832Z [36;1mfp=json.loads(pathlib.Path('candidate/deliverables/CP11_DEPTH34_HOTEL_QUOTE_IDENTITY_20260910/SOURCE_FINGERPRINT.json').read_text())[0m
2026-09-10T03:31:40.1154866Z [36;1mfor name,expected in fp.items():[0m
2026-09-10T03:31:40.1156041Z [36;1m    assert hashlib.sha256((pathlib.Path('restored')/name).read_bytes()).hexdigest()==expected,name[0m
2026-09-10T03:31:40.1157040Z [36;1mtree=hashlib.sha256(''.join(f'{k}\0{v}\n' for k,v in sorted(fp.items())).encode()).hexdigest()[0m
2026-09-10T03:31:40.1157892Z [36;1massert tree==os.environ['EXPECTED_SOURCE_TREE'] and len(fp)==1241[0m
2026-09-10T03:31:40.1160553Z [36;1mresult={'candidate':os.environ['SEALED_CANDIDATE'],'source_tree_sha256':tree,'verified_files':len(fp),'python':sys.version,'node':subprocess.check_output(['node','--version'],text=True).strip(),'environment':'GitHub disposable runner; SQLite TestClient and VM/native pure functions; no service credentials','three_end_real_ux_login':'HOLD','six_vertical_real_e2e':'HOLD','sealed_node_gate':'HOLD','final_release':'HOLD','deployed':False}[0m
2026-09-10T03:31:40.1163749Z [36;1mpathlib.Path('evidence/source-lineage.json').write_text(json.dumps(result,indent=2)+'\n')[0m
2026-09-10T03:31:40.1164525Z [36;1mprint(json.dumps(result))[0m
2026-09-10T03:31:40.1164944Z [36;1mPY[0m
2026-09-10T03:31:40.1259516Z shell: /usr/bin/bash --noprofile --norc -e -o pipefail {0}
2026-09-10T03:31:40.1259889Z env:
2026-09-10T03:31:40.1260182Z   SEALED_CANDIDATE: ab9f39518de107e05c95b800839bd5f7c229ea23
2026-09-10T03:31:40.1260679Z   EXPECTED_SOURCE_TREE: 5983df038740e93936256da389f828488572dce5bbabc732326796a2c5c26356
2026-09-10T03:31:40.1261179Z   pythonLocation: /opt/hostedtoolcache/Python/3.13.5/x64
2026-09-10T03:31:40.1261612Z   PKG_CONFIG_PATH: /opt/hostedtoolcache/Python/3.13.5/x64/lib/pkgconfig
2026-09-10T03:31:40.1262043Z   Python_ROOT_DIR: /opt/hostedtoolcache/Python/3.13.5/x64
2026-09-10T03:31:40.1262419Z   Python2_ROOT_DIR: /opt/hostedtoolcache/Python/3.13.5/x64
2026-09-10T03:31:40.1262817Z   Python3_ROOT_DIR: /opt/hostedtoolcache/Python/3.13.5/x64
2026-09-10T03:31:40.1263221Z   LD_LIBRARY_PATH: /opt/hostedtoolcache/Python/3.13.5/x64/lib
2026-09-10T03:31:40.1263560Z ##[endgroup]
2026-09-10T03:31:40.2251726Z {"candidate": "ab9f39518de107e05c95b800839bd5f7c229ea23", "source_tree_sha256": "5983df038740e93936256da389f828488572dce5bbabc732326796a2c5c26356", "verified_files": 1241, "python": "3.13.5 (main, Jun 12 2025, 03:51:15) [GCC 11.4.0]", "node": "v22.22.0", "environment": "GitHub disposable runner; SQLite TestClient and VM/native pure functions; no service credentials", "three_end_real_ux_login": "HOLD", "six_vertical_real_e2e": "HOLD", "sealed_node_gate": "HOLD", "final_release": "HOLD", "deployed": false}
2026-09-10T03:31:40.2347926Z ##[group]Run ../isolated-runtime/bin/python -m pytest tests/test_depth34_hotel_quote_read.py tests/test_depth14_cash_fare_api.py tests/test_depth30_native_api_contract.py --junitxml=../evidence/backend.xml | tee ../evidence/backend.log
2026-09-10T03:31:40.2350465Z [36;1m../isolated-runtime/bin/python -m pytest tests/test_depth34_hotel_quote_read.py tests/test_depth14_cash_fare_api.py tests/test_depth30_native_api_contract.py --junitxml=../evidence/backend.xml | tee ../evidence/backend.log[0m
2026-09-10T03:31:40.2438737Z shell: /usr/bin/bash --noprofile --norc -e -o pipefail {0}
2026-09-10T03:31:40.2439110Z env:
2026-09-10T03:31:40.2439399Z   SEALED_CANDIDATE: ab9f39518de107e05c95b800839bd5f7c229ea23
2026-09-10T03:31:40.2439910Z   EXPECTED_SOURCE_TREE: 5983df038740e93936256da389f828488572dce5bbabc732326796a2c5c26356
2026-09-10T03:31:40.2440416Z   pythonLocation: /opt/hostedtoolcache/Python/3.13.5/x64
2026-09-10T03:31:40.2441029Z   PKG_CONFIG_PATH: /opt/hostedtoolcache/Python/3.13.5/x64/lib/pkgconfig
2026-09-10T03:31:40.2441667Z   Python_ROOT_DIR: /opt/hostedtoolcache/Python/3.13.5/x64
2026-09-10T03:31:40.2442254Z   Python2_ROOT_DIR: /opt/hostedtoolcache/Python/3.13.5/x64
2026-09-10T03:31:40.2442862Z   Python3_ROOT_DIR: /opt/hostedtoolcache/Python/3.13.5/x64
2026-09-10T03:31:40.2443392Z   LD_LIBRARY_PATH: /opt/hostedtoolcache/Python/3.13.5/x64/lib
2026-09-10T03:31:40.2443733Z ##[endgroup]
2026-09-10T03:32:00.1570796Z FFFF....F                                                                [100%]
2026-09-10T03:32:00.1572837Z =================================== FAILURES ===================================
2026-09-10T03:32:00.1574046Z _ test_exact_quote_read_is_immutable_and_does_not_create_new_quote_or_execute __
2026-09-10T03:32:00.1575080Z   + Exception Group Traceback (most recent call last):
2026-09-10T03:32:00.1576690Z   |   File "/home/runner/work/GO/GO/isolated-runtime/lib/python3.13/site-packages/starlette/_utils.py", line 79, in collapse_excgroups
2026-09-10T03:32:00.1577902Z   |     yield
2026-09-10T03:32:00.1579092Z   |   File "/home/runner/work/GO/GO/isolated-runtime/lib/python3.13/site-packages/starlette/middleware/base.py", line 192, in __call__
2026-09-10T03:32:00.1583220Z   |     async with anyio.create_task_group() as task_group:
2026-09-10T03:32:00.1584071Z   |                ~~~~~~~~~~~~~~~~~~~~~~~^^
2026-09-10T03:32:00.1585561Z   |   File "/home/runner/work/GO/GO/isolated-runtime/lib/python3.13/site-packages/anyio/_backends/_asyncio.py", line 799, in __aexit__
2026-09-10T03:32:00.1586907Z   |     raise BaseExceptionGroup(
2026-09-10T03:32:00.1587703Z   |         "unhandled errors in a TaskGroup", self._exceptions
2026-09-10T03:32:00.1588450Z   |     ) from None
2026-09-10T03:32:00.1589235Z   | ExceptionGroup: unhandled errors in a TaskGroup (1 sub-exception)
2026-09-10T03:32:00.1590114Z   +-+---------------- 1 ----------------
2026-09-10T03:32:00.1590807Z     | Traceback (most recent call last):
2026-09-10T03:32:00.1592036Z     |   File "/home/runner/work/GO/GO/isolated-runtime/lib/python3.13/site-packages/_pytest/runner.py", line 353, in from_call
2026-09-10T03:32:00.1593195Z     |     result: TResult | None = func()
2026-09-10T03:32:00.1593891Z     |                              ~~~~^^
2026-09-10T03:32:00.1595055Z     |   File "/home/runner/work/GO/GO/isolated-runtime/lib/python3.13/site-packages/_pytest/runner.py", line 245, in <lambda>
2026-09-10T03:32:00.1596466Z     |     lambda: runtest_hook(item=item, **kwds),
2026-09-10T03:32:00.1597215Z     |             ~~~~~~~~~~~~^^^^^^^^^^^^^^^^^^^
2026-09-10T03:32:00.1598403Z     |   File "/home/runner/work/GO/GO/isolated-runtime/lib/python3.13/site-packages/pluggy/_hooks.py", line 512, in __call__
2026-09-10T03:32:00.1599382Z     |     return self._hookexec(self.name, self._hookimpls.copy(), kwargs, firstresult)
2026-09-10T03:32:00.1600055Z     |            ~~~~~~~~~~~~~~^^^^^^^^^^^^^^^^^^^^^^^^^^^^^^^^^^^^^^^^^^^^^^^^^^^^^^^^
2026-09-10T03:32:00.1601154Z     |   File "/home/runner/work/GO/GO/isolated-runtime/lib/python3.13/site-packages/pluggy/_manager.py", line 120, in _hookexec
2026-09-10T03:32:00.1602006Z     |     return self._inner_hookexec(hook_name, methods, kwargs, firstresult)
2026-09-10T03:32:00.1602627Z     |            ~~~~~~~~~~~~~~~~~~~~^^^^^^^^^^^^^^^^^^^^^^^^^^^^^^^^^^^^^^^^^
2026-09-10T03:32:00.1603437Z     |   File "/home/runner/work/GO/GO/isolated-runtime/lib/python3.13/site-packages/pluggy/_callers.py", line 167, in _multicall
2026-09-10T03:32:00.1604137Z     |     raise exception
2026-09-10T03:32:00.1604903Z     |   File "/home/runner/work/GO/GO/isolated-runtime/lib/python3.13/site-packages/pluggy/_callers.py", line 139, in _multicall
2026-09-10T03:32:00.1606329Z     |     teardown.throw(exception)
2026-09-10T03:32:00.1606819Z     |     ~~~~~~~~~~~~~~^^^^^^^^^^^
2026-09-10T03:32:00.1607804Z     |   File "/home/runner/work/GO/GO/isolated-runtime/lib/python3.13/site-packages/_pytest/logging.py", line 850, in pytest_runtest_call
2026-09-10T03:32:00.1608717Z     |     yield
2026-09-10T03:32:00.1609603Z     |   File "/home/runner/work/GO/GO/isolated-runtime/lib/python3.13/site-packages/pluggy/_callers.py", line 139, in _multicall
2026-09-10T03:32:00.1610561Z     |     teardown.throw(exception)
2026-09-10T03:32:00.1611037Z     |     ~~~~~~~~~~~~~~^^^^^^^^^^^
2026-09-10T03:32:00.1612031Z     |   File "/home/runner/work/GO/GO/isolated-runtime/lib/python3.13/site-packages/_pytest/capture.py", line 900, in pytest_runtest_call
2026-09-10T03:32:00.1612978Z     |     return (yield)
2026-09-10T03:32:00.1613346Z     |             ^^^^^
2026-09-10T03:32:00.1614279Z     |   File "/home/runner/work/GO/GO/isolated-runtime/lib/python3.13/site-packages/pluggy/_callers.py", line 139, in _multicall
2026-09-10T03:32:00.1615232Z     |     teardown.throw(exception)
2026-09-10T03:32:00.1615895Z     |     ~~~~~~~~~~~~~~^^^^^^^^^^^
2026-09-10T03:32:00.1616885Z     |   File "/home/runner/work/GO/GO/isolated-runtime/lib/python3.13/site-packages/_pytest/skipping.py", line 268, in pytest_runtest_call
2026-09-10T03:32:00.1617836Z     |     return (yield)
2026-09-10T03:32:00.1618190Z     |             ^^^^^
2026-09-10T03:32:00.1619082Z     |   File "/home/runner/work/GO/GO/isolated-runtime/lib/python3.13/site-packages/pluggy/_callers.py", line 121, in _multicall
2026-09-10T03:32:00.1620277Z     |     res = hook_impl.function(*args)
2026-09-10T03:32:00.1621324Z     |   File "/home/runner/work/GO/GO/isolated-runtime/lib/python3.13/site-packages/_pytest/runner.py", line 179, in pytest_runtest_call
2026-09-10T03:32:00.1622248Z     |     item.runtest()
2026-09-10T03:32:00.1622608Z     |     ~~~~~~~~~~~~^^
2026-09-10T03:32:00.1623482Z     |   File "/home/runner/work/GO/GO/isolated-runtime/lib/python3.13/site-packages/_pytest/python.py", line 1720, in runtest
2026-09-10T03:32:00.1624446Z     |     self.ihook.pytest_pyfunc_call(pyfuncitem=self)
2026-09-10T03:32:00.1625013Z     |     ~~~~~~~~~~~~~~~~~~~~~~~~~~~~~^^^^^^^^^^^^^^^^^
2026-09-10T03:32:00.1646556Z     |   File "/home/runner/work/GO/GO/isolated-runtime/lib/python3.13/site-packages/pluggy/_hooks.py", line 512, in __call__
2026-09-10T03:32:00.1647789Z     |     return self._hookexec(self.name, self._hookimpls.copy(), kwargs, firstresult)
2026-09-10T03:32:00.1648633Z     |            ~~~~~~~~~~~~~~^^^^^^^^^^^^^^^^^^^^^^^^^^^^^^^^^^^^^^^^^^^^^^^^^^^^^^^^
2026-09-10T03:32:00.1649745Z     |   File "/home/runner/work/GO/GO/isolated-runtime/lib/python3.13/site-packages/pluggy/_manager.py", line 120, in _hookexec
2026-09-10T03:32:00.1650895Z     |     return self._inner_hookexec(hook_name, methods, kwargs, firstresult)
2026-09-10T03:32:00.1651644Z     |            ~~~~~~~~~~~~~~~~~~~~^^^^^^^^^^^^^^^^^^^^^^^^^^^^^^^^^^^^^^^^^
2026-09-10T03:32:00.1652704Z     |   File "/home/runner/work/GO/GO/isolated-runtime/lib/python3.13/site-packages/pluggy/_callers.py", line 167, in _multicall
2026-09-10T03:32:00.1653600Z     |     raise exception
2026-09-10T03:32:00.1654526Z     |   File "/home/runner/work/GO/GO/isolated-runtime/lib/python3.13/site-packages/pluggy/_callers.py", line 139, in _multicall
2026-09-10T03:32:00.1660097Z     |     teardown.throw(exception)
2026-09-10T03:32:00.1660716Z     |     ~~~~~~~~~~~~~~^^^^^^^^^^^
2026-09-10T03:32:00.1661829Z     |   File "/home/runner/work/GO/GO/isolated-runtime/lib/python3.13/site-packages/pluggy/_callers.py", line 53, in run_old_style_hookwrapper
2026-09-10T03:32:00.1662881Z     |     return result.get_result()
2026-09-10T03:32:00.1663338Z     |            ~~~~~~~~~~~~~~~~~^^
2026-09-10T03:32:00.1664311Z     |   File "/home/runner/work/GO/GO/isolated-runtime/lib/python3.13/site-packages/pluggy/_result.py", line 103, in get_result
2026-09-10T03:32:00.1666528Z     |     raise exc.with_traceback(tb)
2026-09-10T03:32:00.1667687Z     |   File "/home/runner/work/GO/GO/isolated-runtime/lib/python3.13/site-packages/pluggy/_callers.py", line 38, in run_old_style_hookwrapper
2026-09-10T03:32:00.1668668Z     |     res = yield
2026-09-10T03:32:00.1669024Z     |           ^^^^^
2026-09-10T03:32:00.1669924Z     |   File "/home/runner/work/GO/GO/isolated-runtime/lib/python3.13/site-packages/pluggy/_callers.py", line 121, in _multicall
2026-09-10T03:32:00.1670898Z     |     res = hook_impl.function(*args)
2026-09-10T03:32:00.1674541Z     |   File "/home/runner/work/GO/GO/isolated-runtime/lib/python3.13/site-packages/_pytest/python.py", line 166, in pytest_pyfunc_call
2026-09-10T03:32:00.1675795Z     |     result = testfunction(**testargs)
2026-09-10T03:32:00.1677059Z     |   File "/home/runner/work/GO/GO/restored/tests/test_depth34_hotel_quote_read.py", line 18, in test_exact_quote_read_is_immutable_and_does_not_create_new_quote_or_execute
2026-09-10T03:32:00.1678278Z     |     for _ in range(2):assert data(client.get(path,headers=h))==q
2026-09-10T03:32:00.1678903Z     |                                   ~~~~~~~~~~^^^^^^^^^^^^^^^^
2026-09-10T03:32:00.1679852Z     |   File "/home/runner/work/GO/GO/isolated-runtime/lib/python3.13/site-packages/starlette/testclient.py", line 473, in get
2026-09-10T03:32:00.1680717Z     |     return super().get(
2026-09-10T03:32:00.1681079Z     |            ~~~~~~~~~~~^
2026-09-10T03:32:00.1681404Z     |         url,
2026-09-10T03:32:00.1681684Z     |         ^^^^
2026-09-10T03:32:00.1681976Z     |     ...<6 lines>...
2026-09-10T03:32:00.1682356Z     |         extensions=extensions,
2026-09-10T03:32:00.1683014Z     |         ^^^^^^^^^^^^^^^^^^^^^^
2026-09-10T03:32:00.1683353Z     |     )
2026-09-10T03:32:00.1683609Z     |     ^
2026-09-10T03:32:00.1684335Z     |   File "/home/runner/work/GO/GO/isolated-runtime/lib/python3.13/site-packages/httpx/_client.py", line 1053, in get
2026-09-10T03:32:00.1685143Z     |     return self.request(
2026-09-10T03:32:00.1685695Z     |            ~~~~~~~~~~~~^
2026-09-10T03:32:00.1686008Z     |         "GET",
2026-09-10T03:32:00.1686296Z     |         ^^^^^^
2026-09-10T03:32:00.1686586Z     |     ...<7 lines>...
2026-09-10T03:32:00.1686947Z     |         extensions=extensions,
2026-09-10T03:32:00.1687348Z     |         ^^^^^^^^^^^^^^^^^^^^^^
2026-09-10T03:32:00.1687681Z     |     )
2026-09-10T03:32:00.1687940Z     |     ^
2026-09-10T03:32:00.1688750Z     |   File "/home/runner/work/GO/GO/isolated-runtime/lib/python3.13/site-packages/starlette/testclient.py", line 445, in request
2026-09-10T03:32:00.1689598Z     |     return super().request(
2026-09-10T03:32:00.1689998Z     |            ~~~~~~~~~~~~~~~^
2026-09-10T03:32:00.1690317Z     |         method,
2026-09-10T03:32:00.1690608Z     |         ^^^^^^^
2026-09-10T03:32:00.1690891Z     |     ...<11 lines>...
2026-09-10T03:32:00.1691247Z     |         extensions=extensions,
2026-09-10T03:32:00.1691625Z     |         ^^^^^^^^^^^^^^^^^^^^^^
2026-09-10T03:32:00.1691957Z     |     )
2026-09-10T03:32:00.1692220Z     |     ^
2026-09-10T03:32:00.1692980Z     |   File "/home/runner/work/GO/GO/isolated-runtime/lib/python3.13/site-packages/httpx/_client.py", line 825, in request
2026-09-10T03:32:00.1693951Z     |     return self.send(request, auth=auth, follow_redirects=follow_redirects)
2026-09-10T03:32:00.1694608Z     |            ~~~~~~~~~^^^^^^^^^^^^^^^^^^^^^^^^^^^^^^^^^^^^^^^^^^^^^^^^^^^^^^^
2026-09-10T03:32:00.1695845Z     |   File "/home/runner/work/GO/GO/isolated-runtime/lib/python3.13/site-packages/httpx/_client.py", line 914, in send
2026-09-10T03:32:00.1696667Z     |     response = self._send_handling_auth(
2026-09-10T03:32:00.1697063Z     |         request,
2026-09-10T03:32:00.1697363Z     |     ...<2 lines>...
2026-09-10T03:32:00.1697669Z     |         history=[],
2026-09-10T03:32:00.1697977Z     |     )
2026-09-10T03:32:00.1698784Z     |   File "/home/runner/work/GO/GO/isolated-runtime/lib/python3.13/site-packages/httpx/_client.py", line 942, in _send_handling_auth
2026-09-10T03:32:00.1699680Z     |     response = self._send_handling_redirects(
2026-09-10T03:32:00.1700091Z     |         request,
2026-09-10T03:32:00.1700460Z     |         follow_redirects=follow_redirects,
2026-09-10T03:32:00.1700895Z     |         history=history,
2026-09-10T03:32:00.1701222Z     |     )
2026-09-10T03:32:00.1702073Z     |   File "/home/runner/work/GO/GO/isolated-runtime/lib/python3.13/site-packages/httpx/_client.py", line 979, in _send_handling_redirects
2026-09-10T03:32:00.1703012Z     |     response = self._send_single_request(request)
2026-09-10T03:32:00.1703984Z     |   File "/home/runner/work/GO/GO/isolated-runtime/lib/python3.13/site-packages/httpx/_client.py", line 1014, in _send_single_request
2026-09-10T03:32:00.1704913Z     |     response = transport.handle_request(request)
2026-09-10T03:32:00.1706033Z     |   File "/home/runner/work/GO/GO/isolated-runtime/lib/python3.13/site-packages/starlette/testclient.py", line 348, in handle_request
2026-09-10T03:32:00.1706820Z     |     raise exc
2026-09-10T03:32:00.1707642Z     |   File "/home/runner/work/GO/GO/isolated-runtime/lib/python3.13/site-packages/starlette/testclient.py", line 345, in handle_request
2026-09-10T03:32:00.1709262Z     |     portal.call(self.app, scope, receive, send)
2026-09-10T03:32:00.1709748Z     |     ~~~~~~~~~~~^^^^^^^^^^^^^^^^^^^^^^^^^^^^^^^^
2026-09-10T03:32:00.1710630Z     |   File "/home/runner/work/GO/GO/isolated-runtime/lib/python3.13/site-packages/anyio/from_thread.py", line 334, in call
2026-09-10T03:32:00.1711598Z     |     return cast(T_Retval, self.start_task_soon(func, *args).result())
2026-09-10T03:32:00.1712217Z     |                           ~~~~~~~~~~~~~~~~~~~~~~~~~~~~~~~~~~~~~~~~^^
2026-09-10T03:32:00.1713331Z     |   File "/opt/hostedtoolcache/Python/3.13.5/x64/lib/python3.13/concurrent/futures/_base.py", line 456, in result
2026-09-10T03:32:00.1714104Z     |     return self.__get_result()
2026-09-10T03:32:00.1714498Z     |            ~~~~~~~~~~~~~~~~~^^
2026-09-10T03:32:00.1715445Z     |   File "/opt/hostedtoolcache/Python/3.13.5/x64/lib/python3.13/concurrent/futures/_base.py", line 401, in __get_result
2026-09-10T03:32:00.1716240Z     |     raise self._exception
2026-09-10T03:32:00.1717097Z     |   File "/home/runner/work/GO/GO/isolated-runtime/lib/python3.13/site-packages/anyio/from_thread.py", line 259, in _call_func
2026-09-10T03:32:00.1717955Z     |     retval = await retval_or_awaitable
2026-09-10T03:32:00.1718383Z     |              ^^^^^^^^^^^^^^^^^^^^^^^^^
2026-09-10T03:32:00.1719263Z     |   File "/home/runner/work/GO/GO/isolated-runtime/lib/python3.13/site-packages/fastapi/applications.py", line 1138, in __call__
2026-09-10T03:32:00.1720164Z     |     await super().__call__(scope, receive, send)
2026-09-10T03:32:00.1721097Z     |   File "/home/runner/work/GO/GO/isolated-runtime/lib/python3.13/site-packages/starlette/applications.py", line 107, in __call__
2026-09-10T03:32:00.1722012Z     |     await self.middleware_stack(scope, receive, send)
2026-09-10T03:32:00.1723002Z     |   File "/home/runner/work/GO/GO/isolated-runtime/lib/python3.13/site-packages/starlette/middleware/errors.py", line 186, in __call__
2026-09-10T03:32:00.1723853Z     |     raise exc
2026-09-10T03:32:00.1724685Z     |   File "/home/runner/work/GO/GO/isolated-runtime/lib/python3.13/site-packages/starlette/middleware/errors.py", line 164, in __call__
2026-09-10T03:32:00.1725725Z     |     await self.app(scope, receive, _send)
2026-09-10T03:32:00.1726869Z     |   File "/home/runner/work/GO/GO/isolated-runtime/lib/python3.13/site-packages/starlette/middleware/base.py", line 191, in __call__
2026-09-10T03:32:00.1727810Z     |     with recv_stream, send_stream, collapse_excgroups():
2026-09-10T03:32:00.1728353Z     |                                    ~~~~~~~~~~~~~~~~~~^^
2026-09-10T03:32:00.1729118Z     |   File "/opt/hostedtoolcache/Python/3.13.5/x64/lib/python3.13/contextlib.py", line 162, in __exit__
2026-09-10T03:32:00.1729798Z     |     self.gen.throw(value)
2026-09-10T03:32:00.1730159Z     |     ~~~~~~~~~~~~~~^^^^^^^
2026-09-10T03:32:00.1731110Z     |   File "/home/runner/work/GO/GO/isolated-runtime/lib/python3.13/site-packages/starlette/_utils.py", line 85, in collapse_excgroups
2026-09-10T03:32:00.1731910Z     |     raise exc
2026-09-10T03:32:00.1732743Z     |   File "/home/runner/work/GO/GO/isolated-runtime/lib/python3.13/site-packages/starlette/middleware/base.py", line 193, in __call__
2026-09-10T03:32:00.1733727Z     |     response = await self.dispatch_func(request, call_next)
2026-09-10T03:32:00.1734266Z     |                ^^^^^^^^^^^^^^^^^^^^^^^^^^^^^^^^^^^^^^^^^^^^
2026-09-10T03:32:00.1734930Z     |   File "/home/runner/work/GO/GO/restored/src/go_hotel/main.py", line 282, in dispatch
2026-09-10T03:32:00.1735737Z     |     response=await call_next(request)
2026-09-10T03:32:00.1736152Z     |              ^^^^^^^^^^^^^^^^^^^^^^^^
2026-09-10T03:32:00.1737066Z     |   File "/home/runner/work/GO/GO/isolated-runtime/lib/python3.13/site-packages/starlette/middleware/base.py", line 168, in call_next
2026-09-10T03:32:00.1738053Z     |     raise app_exc from app_exc.__cause__ or app_exc.__context__
2026-09-10T03:32:00.1739038Z     |   File "/home/runner/work/GO/GO/isolated-runtime/lib/python3.13/site-packages/starlette/middleware/base.py", line 144, in coro
2026-09-10T03:32:00.1739981Z     |     await self.app(scope, receive_or_disconnect, send_no_error)
2026-09-10T03:32:00.1740995Z     |   File "/home/runner/work/GO/GO/isolated-runtime/lib/python3.13/site-packages/starlette/middleware/base.py", line 191, in __call__
2026-09-10T03:32:00.1741932Z     |     with recv_stream, send_stream, collapse_excgroups():
2026-09-10T03:32:00.1742442Z     |                                    ~~~~~~~~~~~~~~~~~~^^
2026-09-10T03:32:00.1743362Z     |   File "/opt/hostedtoolcache/Python/3.13.5/x64/lib/python3.13/contextlib.py", line 162, in __exit__
2026-09-10T03:32:00.1744064Z     |     self.gen.throw(value)
2026-09-10T03:32:00.1744416Z     |     ~~~~~~~~~~~~~~^^^^^^^
2026-09-10T03:32:00.1745270Z     |   File "/home/runner/work/GO/GO/isolated-runtime/lib/python3.13/site-packages/starlette/_utils.py", line 85, in collapse_excgroups
2026-09-10T03:32:00.1746229Z     |     raise exc
2026-09-10T03:32:00.1747058Z     |   File "/home/runner/work/GO/GO/isolated-runtime/lib/python3.13/site-packages/starlette/middleware/base.py", line 193, in __call__
2026-09-10T03:32:00.1748012Z     |     response = await self.dispatch_func(request, call_next)
2026-09-10T03:32:00.1748565Z     |                ^^^^^^^^^^^^^^^^^^^^^^^^^^^^^^^^^^^^^^^^^^^^
2026-09-10T03:32:00.1749212Z     |   File "/home/runner/work/GO/GO/restored/src/go_hotel/main.py", line 253, in dispatch
2026-09-10T03:32:00.1749847Z     |     response=await call_next(request)
2026-09-10T03:32:00.1750263Z     |              ^^^^^^^^^^^^^^^^^^^^^^^^
2026-09-10T03:32:00.1751165Z     |   File "/home/runner/work/GO/GO/isolated-runtime/lib/python3.13/site-packages/starlette/middleware/base.py", line 168, in call_next
2026-09-10T03:32:00.1752129Z     |     raise app_exc from app_exc.__cause__ or app_exc.__context__
2026-09-10T03:32:00.1753115Z     |   File "/home/runner/work/GO/GO/isolated-runtime/lib/python3.13/site-packages/starlette/middleware/base.py", line 144, in coro
2026-09-10T03:32:00.1754050Z     |     await self.app(scope, receive_or_disconnect, send_no_error)
2026-09-10T03:32:00.1755055Z     |   File "/home/runner/work/GO/GO/isolated-runtime/lib/python3.13/site-packages/starlette/middleware/base.py", line 191, in __call__
2026-09-10T03:32:00.1756311Z     |     with recv_stream, send_stream, collapse_excgroups():
2026-09-10T03:32:00.1756821Z     |                                    ~~~~~~~~~~~~~~~~~~^^
2026-09-10T03:32:00.1757579Z     |   File "/opt/hostedtoolcache/Python/3.13.5/x64/lib/python3.13/contextlib.py", line 162, in __exit__
2026-09-10T03:32:00.1758262Z     |     self.gen.throw(value)
2026-09-10T03:32:00.1758608Z     |     ~~~~~~~~~~~~~~^^^^^^^
2026-09-10T03:32:00.1759539Z     |   File "/home/runner/work/GO/GO/isolated-runtime/lib/python3.13/site-packages/starlette/_utils.py", line 85, in collapse_excgroups
2026-09-10T03:32:00.1760572Z     |     raise exc
2026-09-10T03:32:00.1761383Z     |   File "/home/runner/work/GO/GO/isolated-runtime/lib/python3.13/site-packages/starlette/middleware/base.py", line 193, in __call__
2026-09-10T03:32:00.1762321Z     |     response = await self.dispatch_func(request, call_next)
2026-09-10T03:32:00.1762846Z     |                ^^^^^^^^^^^^^^^^^^^^^^^^^^^^^^^^^^^^^^^^^^^^
2026-09-10T03:32:00.1763504Z     |   File "/home/runner/work/GO/GO/restored/src/go_hotel/main.py", line 207, in dispatch
2026-09-10T03:32:00.1764157Z     |     response=await call_next(request)
2026-09-10T03:32:00.1764573Z     |              ^^^^^^^^^^^^^^^^^^^^^^^^
2026-09-10T03:32:00.1765674Z     |   File "/home/runner/work/GO/GO/isolated-runtime/lib/python3.13/site-packages/starlette/middleware/base.py", line 168, in call_next
2026-09-10T03:32:00.1766636Z     |     raise app_exc from app_exc.__cause__ or app_exc.__context__
2026-09-10T03:32:00.1767631Z     |   File "/home/runner/work/GO/GO/isolated-runtime/lib/python3.13/site-packages/starlette/middleware/base.py", line 144, in coro
2026-09-10T03:32:00.1768585Z     |     await self.app(scope, receive_or_disconnect, send_no_error)
2026-09-10T03:32:00.1769634Z     |   File "/home/runner/work/GO/GO/isolated-runtime/lib/python3.13/site-packages/starlette/middleware/exceptions.py", line 63, in __call__
2026-09-10T03:32:00.1770714Z     |     await wrap_app_handling_exceptions(self.app, conn)(scope, receive, send)
2026-09-10T03:32:00.1771834Z     |   File "/home/runner/work/GO/GO/isolated-runtime/lib/python3.13/site-packages/starlette/_exception_handler.py", line 53, in wrapped_app
2026-09-10T03:32:00.1772854Z     |     raise exc
2026-09-10T03:32:00.1773706Z     |   File "/home/runner/work/GO/GO/isolated-runtime/lib/python3.13/site-packages/starlette/_exception_handler.py", line 42, in wrapped_app
2026-09-10T03:32:00.1774595Z     |     await app(scope, receive, sender)
2026-09-10T03:32:00.1775809Z     |   File "/home/runner/work/GO/GO/isolated-runtime/lib/python3.13/site-packages/fastapi/middleware/asyncexitstack.py", line 18, in __call__
2026-09-10T03:32:00.1776746Z     |     await self.app(scope, receive, send)
2026-09-10T03:32:00.1777633Z     |   File "/home/runner/work/GO/GO/isolated-runtime/lib/python3.13/site-packages/starlette/routing.py", line 716, in __call__
2026-09-10T03:32:00.1778538Z     |     await self.middleware_stack(scope, receive, send)
2026-09-10T03:32:00.1779444Z     |   File "/home/runner/work/GO/GO/isolated-runtime/lib/python3.13/site-packages/starlette/routing.py", line 736, in app
2026-09-10T03:32:00.1780296Z     |     await route.handle(scope, receive, send)
2026-09-10T03:32:00.1781198Z     |   File "/home/runner/work/GO/GO/isolated-runtime/lib/python3.13/site-packages/starlette/routing.py", line 290, in handle
2026-09-10T03:32:00.1782019Z     |     await self.app(scope, receive, send)
2026-09-10T03:32:00.1782858Z     |   File "/home/runner/work/GO/GO/isolated-runtime/lib/python3.13/site-packages/fastapi/routing.py", line 115, in app
2026-09-10T03:32:00.1783842Z     |     await wrap_app_handling_exceptions(app, request)(scope, receive, send)
2026-09-10T03:32:00.1784961Z     |   File "/home/runner/work/GO/GO/isolated-runtime/lib/python3.13/site-packages/starlette/_exception_handler.py", line 53, in wrapped_app
2026-09-10T03:32:00.1785953Z     |     raise exc
2026-09-10T03:32:00.1786988Z     |   File "/home/runner/work/GO/GO/isolated-runtime/lib/python3.13/site-packages/starlette/_exception_handler.py", line 42, in wrapped_app
2026-09-10T03:32:00.1787891Z     |     await app(scope, receive, sender)
2026-09-10T03:32:00.1788743Z     |   File "/home/runner/work/GO/GO/isolated-runtime/lib/python3.13/site-packages/fastapi/routing.py", line 101, in app
2026-09-10T03:32:00.1789555Z     |     response = await f(request)
2026-09-10T03:32:00.1789941Z     |                ^^^^^^^^^^^^^^^^
2026-09-10T03:32:00.1790734Z     |   File "/home/runner/work/GO/GO/isolated-runtime/lib/python3.13/site-packages/fastapi/routing.py", line 355, in app
2026-09-10T03:32:00.1791568Z     |     raw_response = await run_endpoint_function(
2026-09-10T03:32:00.1792038Z     |                    ^^^^^^^^^^^^^^^^^^^^^^^^^^^^
2026-09-10T03:32:00.1792425Z     |     ...<3 lines>...
2026-09-10T03:32:00.1792736Z     |     )
2026-09-10T03:32:00.1792994Z     |     ^
2026-09-10T03:32:00.1793821Z     |   File "/home/runner/work/GO/GO/isolated-runtime/lib/python3.13/site-packages/fastapi/routing.py", line 245, in run_endpoint_function
2026-09-10T03:32:00.1794811Z     |     return await run_in_threadpool(dependant.call, **values)
2026-09-10T03:32:00.1795515Z     |            ^^^^^^^^^^^^^^^^^^^^^^^^^^^^^^^^^^^^^^^^^^^^^^^^^
2026-09-10T03:32:00.1796493Z     |   File "/home/runner/work/GO/GO/isolated-runtime/lib/python3.13/site-packages/starlette/concurrency.py", line 32, in run_in_threadpool
2026-09-10T03:32:00.1797406Z     |     return await anyio.to_thread.run_sync(func)
2026-09-10T03:32:00.1797882Z     |            ^^^^^^^^^^^^^^^^^^^^^^^^^^^^^^^^^^^^
2026-09-10T03:32:00.1798727Z     |   File "/home/runner/work/GO/GO/isolated-runtime/lib/python3.13/site-packages/anyio/to_thread.py", line 63, in run_sync
2026-09-10T03:32:00.1799640Z     |     return await get_async_backend().run_sync_in_worker_thread(
2026-09-10T03:32:00.1800199Z     |            ^^^^^^^^^^^^^^^^^^^^^^^^^^^^^^^^^^^^^^^^^^^^^^^^^^^^
2026-09-10T03:32:00.1800803Z     |         func, args, abandon_on_cancel=abandon_on_cancel, limiter=limiter
2026-09-10T03:32:00.1801461Z     |         ^^^^^^^^^^^^^^^^^^^^^^^^^^^^^^^^^^^^^^^^^^^^^^^^^^^^^^^^^^^^^^^^
2026-09-10T03:32:00.1801886Z     |     )
2026-09-10T03:32:00.1802140Z     |     ^
2026-09-10T03:32:00.1803039Z     |   File "/home/runner/work/GO/GO/isolated-runtime/lib/python3.13/site-packages/anyio/_backends/_asyncio.py", line 2518, in run_sync_in_worker_thread
2026-09-10T03:32:00.1804154Z     |     return await future
2026-09-10T03:32:00.1804490Z     |            ^^^^^^^^^^^^
2026-09-10T03:32:00.1805439Z     |   File "/home/runner/work/GO/GO/isolated-runtime/lib/python3.13/site-packages/anyio/_backends/_asyncio.py", line 1002, in run
2026-09-10T03:32:00.1806276Z     |     result = context.run(func, *args)
2026-09-10T03:32:00.1807122Z     |   File "/home/runner/work/GO/GO/restored/src/go_hotel/api/routes/mobile.py", line 96, in mobile_existing_cancel_quote
2026-09-10T03:32:00.1807923Z     |     with SessionLocal() as s:
2026-09-10T03:32:00.1808277Z     |          ^^^^^^^^^^^^
2026-09-10T03:32:00.1808695Z     | NameError: name 'SessionLocal' is not defined
2026-09-10T03:32:00.1809172Z     +------------------------------------
2026-09-10T03:32:00.1809433Z 
2026-09-10T03:32:00.1809820Z The above exception was the direct cause of the following exception:
2026-09-10T03:32:00.1810244Z 
2026-09-10T03:32:00.1810459Z Traceback (most recent call last):
2026-09-10T03:32:00.1811656Z   File "/home/runner/work/GO/GO/restored/tests/test_depth34_hotel_quote_read.py", line 18, in test_exact_quote_read_is_immutable_and_does_not_create_new_quote_or_execute
2026-09-10T03:32:00.1812815Z     for _ in range(2):assert data(client.get(path,headers=h))==q
2026-09-10T03:32:00.1813381Z                                   ~~~~~~~~~~^^^^^^^^^^^^^^^^
2026-09-10T03:32:00.1814298Z   File "/home/runner/work/GO/GO/isolated-runtime/lib/python3.13/site-packages/starlette/testclient.py", line 473, in get
2026-09-10T03:32:00.1815061Z     return super().get(
2026-09-10T03:32:00.1815517Z            ~~~~~~~~~~~^
2026-09-10T03:32:00.1815818Z         url,
2026-09-10T03:32:00.1816293Z         ^^^^
2026-09-10T03:32:00.1816565Z     ...<6 lines>...
2026-09-10T03:32:00.1816897Z         extensions=extensions,
2026-09-10T03:32:00.1817259Z         ^^^^^^^^^^^^^^^^^^^^^^
2026-09-10T03:32:00.1817571Z     )
2026-09-10T03:32:00.1817822Z     ^
2026-09-10T03:32:00.1818553Z   File "/home/runner/work/GO/GO/isolated-runtime/lib/python3.13/site-packages/httpx/_client.py", line 1053, in get
2026-09-10T03:32:00.1819273Z     return self.request(
2026-09-10T03:32:00.1819586Z            ~~~~~~~~~~~~^
2026-09-10T03:32:00.1819884Z         "GET",
2026-09-10T03:32:00.1820153Z         ^^^^^^
2026-09-10T03:32:00.1820425Z     ...<7 lines>...
2026-09-10T03:32:00.1820745Z         extensions=extensions,
2026-09-10T03:32:00.1821098Z         ^^^^^^^^^^^^^^^^^^^^^^
2026-09-10T03:32:00.1821397Z     )
2026-09-10T03:32:00.1821644Z     ^
2026-09-10T03:32:00.1822411Z   File "/home/runner/work/GO/GO/isolated-runtime/lib/python3.13/site-packages/starlette/testclient.py", line 445, in request
2026-09-10T03:32:00.1823230Z     return super().request(
2026-09-10T03:32:00.1823557Z            ~~~~~~~~~~~~~~~^
2026-09-10T03:32:00.1823860Z         method,
2026-09-10T03:32:00.1824122Z         ^^^^^^^
2026-09-10T03:32:00.1824391Z     ...<11 lines>...
2026-09-10T03:32:00.1824724Z         extensions=extensions,
2026-09-10T03:32:00.1825072Z         ^^^^^^^^^^^^^^^^^^^^^^
2026-09-10T03:32:00.1825506Z     )
2026-09-10T03:32:00.1825747Z     ^
2026-09-10T03:32:00.1826469Z   File "/home/runner/work/GO/GO/isolated-runtime/lib/python3.13/site-packages/httpx/_client.py", line 825, in request
2026-09-10T03:32:00.1827416Z     return self.send(request, auth=auth, follow_redirects=follow_redirects)
2026-09-10T03:32:00.1828048Z            ~~~~~~~~~^^^^^^^^^^^^^^^^^^^^^^^^^^^^^^^^^^^^^^^^^^^^^^^^^^^^^^^
2026-09-10T03:32:00.1828912Z   File "/home/runner/work/GO/GO/isolated-runtime/lib/python3.13/site-packages/httpx/_client.py", line 914, in send
2026-09-10T03:32:00.1829691Z     response = self._send_handling_auth(
2026-09-10T03:32:00.1830057Z         request,
2026-09-10T03:32:00.1830343Z     ...<2 lines>...
2026-09-10T03:32:00.1830625Z         history=[],
2026-09-10T03:32:00.1830958Z     )
2026-09-10T03:32:00.1831760Z   File "/home/runner/work/GO/GO/isolated-runtime/lib/python3.13/site-packages/httpx/_client.py", line 942, in _send_handling_auth
2026-09-10T03:32:00.1832910Z     response = self._send_handling_redirects(
2026-09-10T03:32:00.1833295Z         request,
2026-09-10T03:32:00.1833628Z         follow_redirects=follow_redirects,
2026-09-10T03:32:00.1834017Z         history=history,
2026-09-10T03:32:00.1834315Z     )
2026-09-10T03:32:00.1835144Z   File "/home/runner/work/GO/GO/isolated-runtime/lib/python3.13/site-packages/httpx/_client.py", line 979, in _send_handling_redirects
2026-09-10T03:32:00.1836200Z     response = self._send_single_request(request)
2026-09-10T03:32:00.1837192Z   File "/home/runner/work/GO/GO/isolated-runtime/lib/python3.13/site-packages/httpx/_client.py", line 1014, in _send_single_request
2026-09-10T03:32:00.1838097Z     response = transport.handle_request(request)
2026-09-10T03:32:00.1839059Z   File "/home/runner/work/GO/GO/isolated-runtime/lib/python3.13/site-packages/starlette/testclient.py", line 348, in handle_request
2026-09-10T03:32:00.1839866Z     raise exc
2026-09-10T03:32:00.1840704Z   File "/home/runner/work/GO/GO/isolated-runtime/lib/python3.13/site-packages/starlette/testclient.py", line 345, in handle_request
2026-09-10T03:32:00.1841582Z     portal.call(self.app, scope, receive, send)
2026-09-10T03:32:00.1842062Z     ~~~~~~~~~~~^^^^^^^^^^^^^^^^^^^^^^^^^^^^^^^^
2026-09-10T03:32:00.1842908Z   File "/home/runner/work/GO/GO/isolated-runtime/lib/python3.13/site-packages/anyio/from_thread.py", line 334, in call
2026-09-10T03:32:00.1843829Z     return cast(T_Retval, self.start_task_soon(func, *args).result())
2026-09-10T03:32:00.1844420Z                           ~~~~~~~~~~~~~~~~~~~~~~~~~~~~~~~~~~~~~~~~^^
2026-09-10T03:32:00.1845591Z   File "/opt/hostedtoolcache/Python/3.13.5/x64/lib/python3.13/concurrent/futures/_base.py", line 456, in result
2026-09-10T03:32:00.1846355Z     return self.__get_result()
2026-09-10T03:32:00.1846714Z            ~~~~~~~~~~~~~~~~~^^
2026-09-10T03:32:00.1847462Z   File "/opt/hostedtoolcache/Python/3.13.5/x64/lib/python3.13/concurrent/futures/_base.py", line 401, in __get_result
2026-09-10T03:32:00.1848230Z     raise self._exception
2026-09-10T03:32:00.1849056Z   File "/home/runner/work/GO/GO/isolated-runtime/lib/python3.13/site-packages/anyio/from_thread.py", line 259, in _call_func
2026-09-10T03:32:00.1849876Z     retval = await retval_or_awaitable
2026-09-10T03:32:00.1850272Z              ^^^^^^^^^^^^^^^^^^^^^^^^^
2026-09-10T03:32:00.1851162Z   File "/home/runner/work/GO/GO/isolated-runtime/lib/python3.13/site-packages/fastapi/applications.py", line 1138, in __call__
2026-09-10T03:32:00.1852042Z     await super().__call__(scope, receive, send)
2026-09-10T03:32:00.1852989Z   File "/home/runner/work/GO/GO/isolated-runtime/lib/python3.13/site-packages/starlette/applications.py", line 107, in __call__
2026-09-10T03:32:00.1853884Z     await self.middleware_stack(scope, receive, send)
2026-09-10T03:32:00.1854906Z   File "/home/runner/work/GO/GO/isolated-runtime/lib/python3.13/site-packages/starlette/middleware/errors.py", line 186, in __call__
2026-09-10T03:32:00.1855891Z     raise exc
2026-09-10T03:32:00.1856705Z   File "/home/runner/work/GO/GO/isolated-runtime/lib/python3.13/site-packages/starlette/middleware/errors.py", line 164, in __call__
2026-09-10T03:32:00.1857565Z     await self.app(scope, receive, _send)
2026-09-10T03:32:00.1858476Z   File "/home/runner/work/GO/GO/isolated-runtime/lib/python3.13/site-packages/starlette/middleware/base.py", line 191, in __call__
2026-09-10T03:32:00.1859401Z     with recv_stream, send_stream, collapse_excgroups():
2026-09-10T03:32:00.1859914Z                                    ~~~~~~~~~~~~~~~~~~^^
2026-09-10T03:32:00.1860894Z   File "/opt/hostedtoolcache/Python/3.13.5/x64/lib/python3.13/contextlib.py", line 162, in __exit__
2026-09-10T03:32:00.1892908Z     self.gen.throw(value)
2026-09-10T03:32:00.1893374Z     ~~~~~~~~~~~~~~^^^^^^^
2026-09-10T03:32:00.1894304Z   File "/home/runner/work/GO/GO/isolated-runtime/lib/python3.13/site-packages/starlette/_utils.py", line 85, in collapse_excgroups
2026-09-10T03:32:00.1895709Z     raise exc
2026-09-10T03:32:00.1896561Z   File "/home/runner/work/GO/GO/isolated-runtime/lib/python3.13/site-packages/starlette/middleware/base.py", line 193, in __call__
2026-09-10T03:32:00.1897502Z     response = await self.dispatch_func(request, call_next)
2026-09-10T03:32:00.1898028Z                ^^^^^^^^^^^^^^^^^^^^^^^^^^^^^^^^^^^^^^^^^^^^
2026-09-10T03:32:00.1898708Z   File "/home/runner/work/GO/GO/restored/src/go_hotel/main.py", line 282, in dispatch
2026-09-10T03:32:00.1899338Z     response=await call_next(request)
2026-09-10T03:32:00.1899726Z              ^^^^^^^^^^^^^^^^^^^^^^^^
2026-09-10T03:32:00.1900623Z   File "/home/runner/work/GO/GO/isolated-runtime/lib/python3.13/site-packages/starlette/middleware/base.py", line 168, in call_next
2026-09-10T03:32:00.1901654Z     raise app_exc from app_exc.__cause__ or app_exc.__context__
2026-09-10T03:32:00.1902636Z   File "/home/runner/work/GO/GO/isolated-runtime/lib/python3.13/site-packages/starlette/middleware/base.py", line 144, in coro
2026-09-10T03:32:00.1903578Z     await self.app(scope, receive_or_disconnect, send_no_error)
2026-09-10T03:32:00.1904577Z   File "/home/runner/work/GO/GO/isolated-runtime/lib/python3.13/site-packages/starlette/middleware/base.py", line 191, in __call__
2026-09-10T03:32:00.1911628Z     with recv_stream, send_stream, collapse_excgroups():
2026-09-10T03:32:00.1912182Z                                    ~~~~~~~~~~~~~~~~~~^^
2026-09-10T03:32:00.1912955Z   File "/opt/hostedtoolcache/Python/3.13.5/x64/lib/python3.13/contextlib.py", line 162, in __exit__
2026-09-10T03:32:00.1913651Z     self.gen.throw(value)
2026-09-10T03:32:00.1913996Z     ~~~~~~~~~~~~~~^^^^^^^
2026-09-10T03:32:00.1915179Z   File "/home/runner/work/GO/GO/isolated-runtime/lib/python3.13/site-packages/starlette/_utils.py", line 85, in collapse_excgroups
2026-09-10T03:32:00.1916360Z     raise exc
2026-09-10T03:32:00.1917218Z   File "/home/runner/work/GO/GO/isolated-runtime/lib/python3.13/site-packages/starlette/middleware/base.py", line 193, in __call__
2026-09-10T03:32:00.1918183Z     response = await self.dispatch_func(request, call_next)
2026-09-10T03:32:00.1918717Z                ^^^^^^^^^^^^^^^^^^^^^^^^^^^^^^^^^^^^^^^^^^^^
2026-09-10T03:32:00.1919392Z   File "/home/runner/work/GO/GO/restored/src/go_hotel/main.py", line 253, in dispatch
2026-09-10T03:32:00.1920025Z     response=await call_next(request)
2026-09-10T03:32:00.1920444Z              ^^^^^^^^^^^^^^^^^^^^^^^^
2026-09-10T03:32:00.1921343Z   File "/home/runner/work/GO/GO/isolated-runtime/lib/python3.13/site-packages/starlette/middleware/base.py", line 168, in call_next
2026-09-10T03:32:00.1922341Z     raise app_exc from app_exc.__cause__ or app_exc.__context__
2026-09-10T03:32:00.1923330Z   File "/home/runner/work/GO/GO/isolated-runtime/lib/python3.13/site-packages/starlette/middleware/base.py", line 144, in coro
2026-09-10T03:32:00.1924275Z     await self.app(scope, receive_or_disconnect, send_no_error)
2026-09-10T03:32:00.1925478Z   File "/home/runner/work/GO/GO/isolated-runtime/lib/python3.13/site-packages/starlette/middleware/base.py", line 191, in __call__
2026-09-10T03:32:00.1926441Z     with recv_stream, send_stream, collapse_excgroups():
2026-09-10T03:32:00.1926964Z                                    ~~~~~~~~~~~~~~~~~~^^
2026-09-10T03:32:00.1927720Z   File "/opt/hostedtoolcache/Python/3.13.5/x64/lib/python3.13/contextlib.py", line 162, in __exit__
2026-09-10T03:32:00.1928387Z     self.gen.throw(value)
2026-09-10T03:32:00.1928712Z     ~~~~~~~~~~~~~~^^^^^^^
2026-09-10T03:32:00.1929569Z   File "/home/runner/work/GO/GO/isolated-runtime/lib/python3.13/site-packages/starlette/_utils.py", line 85, in collapse_excgroups
2026-09-10T03:32:00.1930374Z     raise exc
2026-09-10T03:32:00.1931326Z   File "/home/runner/work/GO/GO/isolated-runtime/lib/python3.13/site-packages/starlette/middleware/base.py", line 193, in __call__
2026-09-10T03:32:00.1932301Z     response = await self.dispatch_func(request, call_next)
2026-09-10T03:32:00.1932845Z                ^^^^^^^^^^^^^^^^^^^^^^^^^^^^^^^^^^^^^^^^^^^^
2026-09-10T03:32:00.1933747Z   File "/home/runner/work/GO/GO/restored/src/go_hotel/main.py", line 207, in dispatch
2026-09-10T03:32:00.1934386Z     response=await call_next(request)
2026-09-10T03:32:00.1934799Z              ^^^^^^^^^^^^^^^^^^^^^^^^
2026-09-10T03:32:00.1935958Z   File "/home/runner/work/GO/GO/isolated-runtime/lib/python3.13/site-packages/starlette/middleware/base.py", line 168, in call_next
2026-09-10T03:32:00.1936985Z     raise app_exc from app_exc.__cause__ or app_exc.__context__
2026-09-10T03:32:00.1937993Z   File "/home/runner/work/GO/GO/isolated-runtime/lib/python3.13/site-packages/starlette/middleware/base.py", line 144, in coro
2026-09-10T03:32:00.1938935Z     await self.app(scope, receive_or_disconnect, send_no_error)
2026-09-10T03:32:00.1940033Z   File "/home/runner/work/GO/GO/isolated-runtime/lib/python3.13/site-packages/starlette/middleware/exceptions.py", line 63, in __call__
2026-09-10T03:32:00.1941099Z     await wrap_app_handling_exceptions(self.app, conn)(scope, receive, send)
2026-09-10T03:32:00.1942243Z   File "/home/runner/work/GO/GO/isolated-runtime/lib/python3.13/site-packages/starlette/_exception_handler.py", line 53, in wrapped_app
2026-09-10T03:32:00.1943113Z     raise exc
2026-09-10T03:32:00.1944008Z   File "/home/runner/work/GO/GO/isolated-runtime/lib/python3.13/site-packages/starlette/_exception_handler.py", line 42, in wrapped_app
2026-09-10T03:32:00.1944931Z     await app(scope, receive, sender)
2026-09-10T03:32:00.1946157Z   File "/home/runner/work/GO/GO/isolated-runtime/lib/python3.13/site-packages/fastapi/middleware/asyncexitstack.py", line 18, in __call__
2026-09-10T03:32:00.1947155Z     await self.app(scope, receive, send)
2026-09-10T03:32:00.1948296Z   File "/home/runner/work/GO/GO/isolated-runtime/lib/python3.13/site-packages/starlette/routing.py", line 716, in __call__
2026-09-10T03:32:00.1949224Z     await self.middleware_stack(scope, receive, send)
2026-09-10T03:32:00.1950220Z   File "/home/runner/work/GO/GO/isolated-runtime/lib/python3.13/site-packages/starlette/routing.py", line 736, in app
2026-09-10T03:32:00.1951090Z     await route.handle(scope, receive, send)
2026-09-10T03:32:00.1952046Z   File "/home/runner/work/GO/GO/isolated-runtime/lib/python3.13/site-packages/starlette/routing.py", line 290, in handle
2026-09-10T03:32:00.1952900Z     await self.app(scope, receive, send)
2026-09-10T03:32:00.1953795Z   File "/home/runner/work/GO/GO/isolated-runtime/lib/python3.13/site-packages/fastapi/routing.py", line 115, in app
2026-09-10T03:32:00.1954767Z     await wrap_app_handling_exceptions(app, request)(scope, receive, send)
2026-09-10T03:32:00.1956174Z   File "/home/runner/work/GO/GO/isolated-runtime/lib/python3.13/site-packages/starlette/_exception_handler.py", line 53, in wrapped_app
2026-09-10T03:32:00.1957095Z     raise exc
2026-09-10T03:32:00.1957951Z   File "/home/runner/work/GO/GO/isolated-runtime/lib/python3.13/site-packages/starlette/_exception_handler.py", line 42, in wrapped_app
2026-09-10T03:32:00.1958853Z     await app(scope, receive, sender)
2026-09-10T03:32:00.1959729Z   File "/home/runner/work/GO/GO/isolated-runtime/lib/python3.13/site-packages/fastapi/routing.py", line 101, in app
2026-09-10T03:32:00.1960555Z     response = await f(request)
2026-09-10T03:32:00.1960952Z                ^^^^^^^^^^^^^^^^
2026-09-10T03:32:00.1961780Z   File "/home/runner/work/GO/GO/isolated-runtime/lib/python3.13/site-packages/fastapi/routing.py", line 355, in app
2026-09-10T03:32:00.1962649Z     raw_response = await run_endpoint_function(
2026-09-10T03:32:00.1963138Z                    ^^^^^^^^^^^^^^^^^^^^^^^^^^^^
2026-09-10T03:32:00.1963534Z     ...<3 lines>...
2026-09-10T03:32:00.1963813Z     )
2026-09-10T03:32:00.1964079Z     ^
2026-09-10T03:32:00.1965009Z   File "/home/runner/work/GO/GO/isolated-runtime/lib/python3.13/site-packages/fastapi/routing.py", line 245, in run_endpoint_function
2026-09-10T03:32:00.1966198Z     return await run_in_threadpool(dependant.call, **values)
2026-09-10T03:32:00.1966783Z            ^^^^^^^^^^^^^^^^^^^^^^^^^^^^^^^^^^^^^^^^^^^^^^^^^
2026-09-10T03:32:00.1968113Z   File "/home/runner/work/GO/GO/isolated-runtime/lib/python3.13/site-packages/starlette/concurrency.py", line 32, in run_in_threadpool
2026-09-10T03:32:00.1969107Z     return await anyio.to_thread.run_sync(func)
2026-09-10T03:32:00.1969573Z            ^^^^^^^^^^^^^^^^^^^^^^^^^^^^^^^^^^^^
2026-09-10T03:32:00.1970495Z   File "/home/runner/work/GO/GO/isolated-runtime/lib/python3.13/site-packages/anyio/to_thread.py", line 63, in run_sync
2026-09-10T03:32:00.1971487Z     return await get_async_backend().run_sync_in_worker_thread(
2026-09-10T03:32:00.1972079Z            ^^^^^^^^^^^^^^^^^^^^^^^^^^^^^^^^^^^^^^^^^^^^^^^^^^^^
2026-09-10T03:32:00.1972698Z         func, args, abandon_on_cancel=abandon_on_cancel, limiter=limiter
2026-09-10T03:32:00.1973345Z         ^^^^^^^^^^^^^^^^^^^^^^^^^^^^^^^^^^^^^^^^^^^^^^^^^^^^^^^^^^^^^^^^
2026-09-10T03:32:00.1973794Z     )
2026-09-10T03:32:00.1974052Z     ^
2026-09-10T03:32:00.1975048Z   File "/home/runner/work/GO/GO/isolated-runtime/lib/python3.13/site-packages/anyio/_backends/_asyncio.py", line 2518, in run_sync_in_worker_thread
2026-09-10T03:32:00.1976219Z     return await future
2026-09-10T03:32:00.1976534Z            ^^^^^^^^^^^^
2026-09-10T03:32:00.1977421Z   File "/home/runner/work/GO/GO/isolated-runtime/lib/python3.13/site-packages/anyio/_backends/_asyncio.py", line 1002, in run
2026-09-10T03:32:00.1978345Z     result = context.run(func, *args)
2026-09-10T03:32:00.1979317Z   File "/home/runner/work/GO/GO/restored/src/go_hotel/api/routes/mobile.py", line 96, in mobile_existing_cancel_quote
2026-09-10T03:32:00.1980148Z     with SessionLocal() as s:
2026-09-10T03:32:00.1980509Z          ^^^^^^^^^^^^
2026-09-10T03:32:00.1980970Z NameError: name 'SessionLocal' is not defined
2026-09-10T03:32:00.1981287Z 
2026-09-10T03:32:00.1981934Z The above exception was the direct cause of the following exception:
2026-09-10T03:32:00.1982394Z 
2026-09-10T03:32:00.1982803Z client = <starlette.testclient.TestClient object at 0x7fbc09488d70>
2026-09-10T03:32:00.1983256Z 
2026-09-10T03:32:00.1983735Z     def test_exact_quote_read_is_immutable_and_does_not_create_new_quote_or_execute(client):
2026-09-10T03:32:00.1984564Z         h,oid=signed_booking(client);q=quote(client,h,oid)
2026-09-10T03:32:00.1985409Z         path=f'/v1/mobile/orders/{oid}/cancellation-quotes/{q["quote_id"]}'
2026-09-10T03:32:00.1986252Z >       for _ in range(2):assert data(client.get(path,headers=h))==q
2026-09-10T03:32:00.1986903Z                                       ^^^^^^^^^^^^^^^^^^^^^^^^^^
2026-09-10T03:32:00.1987221Z 
2026-09-10T03:32:00.1987479Z tests/test_depth34_hotel_quote_read.py:18: 
2026-09-10T03:32:00.1988132Z _ _ _ _ _ _ _ _ _ _ _ _ _ _ _ _ _ _ _ _ _ _ _ _ _ _ _ _ _ _ _ _ _ _ _ _ _ _ _ _ 
2026-09-10T03:32:00.1989053Z ../isolated-runtime/lib/python3.13/site-packages/starlette/testclient.py:473: in get
2026-09-10T03:32:00.1989715Z     return super().get(
2026-09-10T03:32:00.1990387Z ../isolated-runtime/lib/python3.13/site-packages/httpx/_client.py:1053: in get
2026-09-10T03:32:00.1991052Z     return self.request(
2026-09-10T03:32:00.1991811Z ../isolated-runtime/lib/python3.13/site-packages/starlette/testclient.py:445: in request
2026-09-10T03:32:00.1992487Z     return super().request(
2026-09-10T03:32:00.1993227Z ../isolated-runtime/lib/python3.13/site-packages/httpx/_client.py:825: in request
2026-09-10T03:32:00.1994016Z     return self.send(request, auth=auth, follow_redirects=follow_redirects)
2026-09-10T03:32:00.1994650Z            ^^^^^^^^^^^^^^^^^^^^^^^^^^^^^^^^^^^^^^^^^^^^^^^^^^^^^^^^^^^^^^^^
2026-09-10T03:32:00.1996252Z ../isolated-runtime/lib/python3.13/site-packages/httpx/_client.py:914: in send
2026-09-10T03:32:00.1996879Z     response = self._send_handling_auth(
2026-09-10T03:32:00.1997663Z ../isolated-runtime/lib/python3.13/site-packages/httpx/_client.py:942: in _send_handling_auth
2026-09-10T03:32:00.1998362Z     response = self._send_handling_redirects(
2026-09-10T03:32:00.1999195Z ../isolated-runtime/lib/python3.13/site-packages/httpx/_client.py:979: in _send_handling_redirects
2026-09-10T03:32:00.2000140Z     response = self._send_single_request(request)
2026-09-10T03:32:00.2000608Z                ^^^^^^^^^^^^^^^^^^^^^^^^^^^^^^^^^^
2026-09-10T03:32:00.2001390Z ../isolated-runtime/lib/python3.13/site-packages/httpx/_client.py:1014: in _send_single_request
2026-09-10T03:32:00.2002086Z     response = transport.handle_request(request)
2026-09-10T03:32:00.2002580Z                ^^^^^^^^^^^^^^^^^^^^^^^^^^^^^^^^^
2026-09-10T03:32:00.2003370Z ../isolated-runtime/lib/python3.13/site-packages/starlette/testclient.py:348: in handle_request
2026-09-10T03:32:00.2003995Z     raise exc
2026-09-10T03:32:00.2004685Z ../isolated-runtime/lib/python3.13/site-packages/starlette/testclient.py:345: in handle_request
2026-09-10T03:32:00.2005559Z     portal.call(self.app, scope, receive, send)
2026-09-10T03:32:00.2006288Z ../isolated-runtime/lib/python3.13/site-packages/anyio/from_thread.py:334: in call
2026-09-10T03:32:00.2007037Z     return cast(T_Retval, self.start_task_soon(func, *args).result())
2026-09-10T03:32:00.2007623Z                           ^^^^^^^^^^^^^^^^^^^^^^^^^^^^^^^^^^^^^^^^^^
2026-09-10T03:32:00.2008434Z /opt/hostedtoolcache/Python/3.13.5/x64/lib/python3.13/concurrent/futures/_base.py:456: in result
2026-09-10T03:32:00.2009099Z     return self.__get_result()
2026-09-10T03:32:00.2009454Z            ^^^^^^^^^^^^^^^^^^^
2026-09-10T03:32:00.2010221Z /opt/hostedtoolcache/Python/3.13.5/x64/lib/python3.13/concurrent/futures/_base.py:401: in __get_result
2026-09-10T03:32:00.2010903Z     raise self._exception
2026-09-10T03:32:00.2011593Z ../isolated-runtime/lib/python3.13/site-packages/anyio/from_thread.py:259: in _call_func
2026-09-10T03:32:00.2012264Z     retval = await retval_or_awaitable
2026-09-10T03:32:00.2012891Z              ^^^^^^^^^^^^^^^^^^^^^^^^^
2026-09-10T03:32:00.2013607Z ../isolated-runtime/lib/python3.13/site-packages/fastapi/applications.py:1138: in __call__
2026-09-10T03:32:00.2014306Z     await super().__call__(scope, receive, send)
2026-09-10T03:32:00.2015124Z ../isolated-runtime/lib/python3.13/site-packages/starlette/applications.py:107: in __call__
2026-09-10T03:32:00.2015996Z     await self.middleware_stack(scope, receive, send)
2026-09-10T03:32:00.2016827Z ../isolated-runtime/lib/python3.13/site-packages/starlette/middleware/errors.py:186: in __call__
2026-09-10T03:32:00.2017479Z     raise exc
2026-09-10T03:32:00.2018151Z ../isolated-runtime/lib/python3.13/site-packages/starlette/middleware/errors.py:164: in __call__
2026-09-10T03:32:00.2018834Z     await self.app(scope, receive, _send)
2026-09-10T03:32:00.2019594Z ../isolated-runtime/lib/python3.13/site-packages/starlette/middleware/base.py:191: in __call__
2026-09-10T03:32:00.2020344Z     with recv_stream, send_stream, collapse_excgroups():
2026-09-10T03:32:00.2020858Z                                    ^^^^^^^^^^^^^^^^^^^^
2026-09-10T03:32:00.2021564Z /opt/hostedtoolcache/Python/3.13.5/x64/lib/python3.13/contextlib.py:162: in __exit__
2026-09-10T03:32:00.2022148Z     self.gen.throw(value)
2026-09-10T03:32:00.2022889Z ../isolated-runtime/lib/python3.13/site-packages/starlette/_utils.py:85: in collapse_excgroups
2026-09-10T03:32:00.2023500Z     raise exc
2026-09-10T03:32:00.2024169Z ../isolated-runtime/lib/python3.13/site-packages/starlette/middleware/base.py:193: in __call__
2026-09-10T03:32:00.2024919Z     response = await self.dispatch_func(request, call_next)
2026-09-10T03:32:00.2025602Z                ^^^^^^^^^^^^^^^^^^^^^^^^^^^^^^^^^^^^^^^^^^^^
2026-09-10T03:32:00.2026089Z src/go_hotel/main.py:282: in dispatch
2026-09-10T03:32:00.2026504Z     response=await call_next(request)
2026-09-10T03:32:00.2026904Z              ^^^^^^^^^^^^^^^^^^^^^^^^
2026-09-10T03:32:00.2027657Z ../isolated-runtime/lib/python3.13/site-packages/starlette/middleware/base.py:168: in call_next
2026-09-10T03:32:00.2028439Z     raise app_exc from app_exc.__cause__ or app_exc.__context__
2026-09-10T03:32:00.2029282Z ../isolated-runtime/lib/python3.13/site-packages/starlette/middleware/base.py:144: in coro
2026-09-10T03:32:00.2030273Z     await self.app(scope, receive_or_disconnect, send_no_error)
2026-09-10T03:32:00.2031200Z ../isolated-runtime/lib/python3.13/site-packages/starlette/middleware/base.py:191: in __call__
2026-09-10T03:32:00.2031950Z     with recv_stream, send_stream, collapse_excgroups():
2026-09-10T03:32:00.2032435Z                                    ^^^^^^^^^^^^^^^^^^^^
2026-09-10T03:32:00.2033180Z /opt/hostedtoolcache/Python/3.13.5/x64/lib/python3.13/contextlib.py:162: in __exit__
2026-09-10T03:32:00.2033760Z     self.gen.throw(value)
2026-09-10T03:32:00.2034474Z ../isolated-runtime/lib/python3.13/site-packages/starlette/_utils.py:85: in collapse_excgroups
2026-09-10T03:32:00.2035085Z     raise exc
2026-09-10T03:32:00.2035888Z ../isolated-runtime/lib/python3.13/site-packages/starlette/middleware/base.py:193: in __call__
2026-09-10T03:32:00.2036637Z     response = await self.dispatch_func(request, call_next)
2026-09-10T03:32:00.2037155Z                ^^^^^^^^^^^^^^^^^^^^^^^^^^^^^^^^^^^^^^^^^^^^
2026-09-10T03:32:00.2037626Z src/go_hotel/main.py:253: in dispatch
2026-09-10T03:32:00.2038033Z     response=await call_next(request)
2026-09-10T03:32:00.2038421Z              ^^^^^^^^^^^^^^^^^^^^^^^^
2026-09-10T03:32:00.2039178Z ../isolated-runtime/lib/python3.13/site-packages/starlette/middleware/base.py:168: in call_next
2026-09-10T03:32:00.2039964Z     raise app_exc from app_exc.__cause__ or app_exc.__context__
2026-09-10T03:32:00.2040769Z ../isolated-runtime/lib/python3.13/site-packages/starlette/middleware/base.py:144: in coro
2026-09-10T03:32:00.2041534Z     await self.app(scope, receive_or_disconnect, send_no_error)
2026-09-10T03:32:00.2042401Z ../isolated-runtime/lib/python3.13/site-packages/starlette/middleware/base.py:191: in __call__
2026-09-10T03:32:00.2043377Z     with recv_stream, send_stream, collapse_excgroups():
2026-09-10T03:32:00.2043889Z                                    ^^^^^^^^^^^^^^^^^^^^
2026-09-10T03:32:00.2044584Z /opt/hostedtoolcache/Python/3.13.5/x64/lib/python3.13/contextlib.py:162: in __exit__
2026-09-10T03:32:00.2045170Z     self.gen.throw(value)
2026-09-10T03:32:00.2046031Z ../isolated-runtime/lib/python3.13/site-packages/starlette/_utils.py:85: in collapse_excgroups
2026-09-10T03:32:00.2046644Z     raise exc
2026-09-10T03:32:00.2047317Z ../isolated-runtime/lib/python3.13/site-packages/starlette/middleware/base.py:193: in __call__
2026-09-10T03:32:00.2048060Z     response = await self.dispatch_func(request, call_next)
2026-09-10T03:32:00.2048565Z                ^^^^^^^^^^^^^^^^^^^^^^^^^^^^^^^^^^^^^^^^^^^^
2026-09-10T03:32:00.2049025Z src/go_hotel/main.py:207: in dispatch
2026-09-10T03:32:00.2049433Z     response=await call_next(request)
2026-09-10T03:32:00.2049840Z              ^^^^^^^^^^^^^^^^^^^^^^^^
2026-09-10T03:32:00.2050583Z ../isolated-runtime/lib/python3.13/site-packages/starlette/middleware/base.py:168: in call_next
2026-09-10T03:32:00.2051354Z     raise app_exc from app_exc.__cause__ or app_exc.__context__
2026-09-10T03:32:00.2052173Z ../isolated-runtime/lib/python3.13/site-packages/starlette/middleware/base.py:144: in coro
2026-09-10T03:32:00.2052936Z     await self.app(scope, receive_or_disconnect, send_no_error)
2026-09-10T03:32:00.2053836Z ../isolated-runtime/lib/python3.13/site-packages/starlette/middleware/exceptions.py:63: in __call__
2026-09-10T03:32:00.2054732Z     await wrap_app_handling_exceptions(self.app, conn)(scope, receive, send)
2026-09-10T03:32:00.2055869Z ../isolated-runtime/lib/python3.13/site-packages/starlette/_exception_handler.py:53: in wrapped_app
2026-09-10T03:32:00.2056523Z     raise exc
2026-09-10T03:32:00.2057209Z ../isolated-runtime/lib/python3.13/site-packages/starlette/_exception_handler.py:42: in wrapped_app
2026-09-10T03:32:00.2057931Z     await app(scope, receive, sender)
2026-09-10T03:32:00.2058762Z ../isolated-runtime/lib/python3.13/site-packages/fastapi/middleware/asyncexitstack.py:18: in __call__
2026-09-10T03:32:00.2059495Z     await self.app(scope, receive, send)
2026-09-10T03:32:00.2060231Z ../isolated-runtime/lib/python3.13/site-packages/starlette/routing.py:716: in __call__
2026-09-10T03:32:00.2061123Z     await self.middleware_stack(scope, receive, send)
2026-09-10T03:32:00.2061865Z ../isolated-runtime/lib/python3.13/site-packages/starlette/routing.py:736: in app
2026-09-10T03:32:00.2062517Z     await route.handle(scope, receive, send)
2026-09-10T03:32:00.2063241Z ../isolated-runtime/lib/python3.13/site-packages/starlette/routing.py:290: in handle
2026-09-10T03:32:00.2063879Z     await self.app(scope, receive, send)
2026-09-10T03:32:00.2064568Z ../isolated-runtime/lib/python3.13/site-packages/fastapi/routing.py:115: in app
2026-09-10T03:32:00.2065507Z     await wrap_app_handling_exceptions(app, request)(scope, receive, send)
2026-09-10T03:32:00.2066497Z ../isolated-runtime/lib/python3.13/site-packages/starlette/_exception_handler.py:53: in wrapped_app
2026-09-10T03:32:00.2067145Z     raise exc
2026-09-10T03:32:00.2067831Z ../isolated-runtime/lib/python3.13/site-packages/starlette/_exception_handler.py:42: in wrapped_app
2026-09-10T03:32:00.2068545Z     await app(scope, receive, sender)
2026-09-10T03:32:00.2069208Z ../isolated-runtime/lib/python3.13/site-packages/fastapi/routing.py:101: in app
2026-09-10T03:32:00.2069817Z     response = await f(request)
2026-09-10T03:32:00.2070184Z                ^^^^^^^^^^^^^^^^
2026-09-10T03:32:00.2070803Z ../isolated-runtime/lib/python3.13/site-packages/fastapi/routing.py:355: in app
2026-09-10T03:32:00.2071443Z     raw_response = await run_endpoint_function(
2026-09-10T03:32:00.2072268Z ../isolated-runtime/lib/python3.13/site-packages/fastapi/routing.py:245: in run_endpoint_function
2026-09-10T03:32:00.2073070Z     return await run_in_threadpool(dependant.call, **values)
2026-09-10T03:32:00.2073598Z            ^^^^^^^^^^^^^^^^^^^^^^^^^^^^^^^^^^^^^^^^^^^^^^^^^
2026-09-10T03:32:00.2074611Z ../isolated-runtime/lib/python3.13/site-packages/starlette/concurrency.py:32: in run_in_threadpool
2026-09-10T03:32:00.2075480Z     return await anyio.to_thread.run_sync(func)
2026-09-10T03:32:00.2075921Z            ^^^^^^^^^^^^^^^^^^^^^^^^^^^^^^^^^^^^
2026-09-10T03:32:00.2076631Z ../isolated-runtime/lib/python3.13/site-packages/anyio/to_thread.py:63: in run_sync
2026-09-10T03:32:00.2077342Z     return await get_async_backend().run_sync_in_worker_thread(
2026-09-10T03:32:00.2078307Z ../isolated-runtime/lib/python3.13/site-packages/anyio/_backends/_asyncio.py:2518: in run_sync_in_worker_thread
2026-09-10T03:32:00.2079030Z     return await future
2026-09-10T03:32:00.2079337Z            ^^^^^^^^^^^^
2026-09-10T03:32:00.2080009Z ../isolated-runtime/lib/python3.13/site-packages/anyio/_backends/_asyncio.py:1002: in run
2026-09-10T03:32:00.2080672Z     result = context.run(func, *args)
2026-09-10T03:32:00.2081065Z              ^^^^^^^^^^^^^^^^^^^^^^^^
2026-09-10T03:32:00.2081613Z _ _ _ _ _ _ _ _ _ _ _ _ _ _ _ _ _ _ _ _ _ _ _ _ _ _ _ _ _ _ _ _ _ _ _ _ _ _ _ _ 
2026-09-10T03:32:00.2081961Z 
2026-09-10T03:32:00.2082149Z order_id = 'ord_4052c590ce3143ef'
2026-09-10T03:32:00.2082612Z quote_id = 'cq_fc4785164e7746fd8f01126757c8a509'
2026-09-10T03:32:00.2084399Z p = Principal(user_id='usr_98d6fd09cbdd4dc4bf7793bd9efcb81e', username='cash-fare14-owner@example.com', actor_type='CONSUM...5e9a23996f5642c6b1c996169f0d2154', permissions={'consumer:book', 'consumer:wallet', 'consumer:read', 'consumer:write'})
2026-09-10T03:32:00.2086978Z 
2026-09-10T03:32:00.2087346Z     @router.get('/v1/mobile/orders/{order_id}/cancellation-quotes/{quote_id}')
2026-09-10T03:32:00.2088223Z     def mobile_existing_cancel_quote(order_id:str,quote_id:str,p=Depends(consumer_principal)):
2026-09-10T03:32:00.2089132Z         """Read the exact displayed quote; never replace customer consent with a new quote."""
2026-09-10T03:32:00.2089776Z         assert_consumer_order(p,order_id)
2026-09-10T03:32:00.2090420Z         from go_hotel.services.catalog_cash_fare import checked_quote, quote_public
2026-09-10T03:32:00.2091044Z >       with SessionLocal() as s:
2026-09-10T03:32:00.2091414Z              ^^^^^^^^^^^^
2026-09-10T03:32:00.2091871Z E       NameError: name 'SessionLocal' is not defined
2026-09-10T03:32:00.2092401Z 
2026-09-10T03:32:00.2092650Z src/go_hotel/api/routes/mobile.py:96: NameError
2026-09-10T03:32:00.2093298Z ----------------------------- Captured stdout call -----------------------------
2026-09-10T03:32:00.2095577Z {"ts":"2026-09-10T03:31:51.780246+00:00","level":"INFO","logger":"go.runtime","message":"http_request","request_id":"req_43b71f14d65340c0b9a52a70a15f981c","trace_id":"tr_f2b84b6d4854450bb7def77362f921f7","path":"/v1/consumer/auth/register","method":"POST","status_code":200,"duration_ms":568.3}
2026-09-10T03:32:00.2097830Z {"ts":"2026-09-10T03:31:51.781355+00:00","level":"INFO","logger":"httpx","message":"HTTP Request: POST http://testserver/v1/consumer/auth/register \"HTTP/1.1 200 OK\""}
2026-09-10T03:32:00.2100205Z {"ts":"2026-09-10T03:31:51.863307+00:00","level":"INFO","logger":"go.runtime","message":"http_request","request_id":"req_4a52e8dd4d9f4ed69afbd32bb063168f","trace_id":"tr_d6be4c97986f47d0beb19109d86299d6","path":"/v1/mobile/auth/login","method":"POST","status_code":200,"duration_ms":80.9}
2026-09-10T03:32:00.2102379Z {"ts":"2026-09-10T03:31:51.863921+00:00","level":"INFO","logger":"httpx","message":"HTTP Request: POST http://testserver/v1/mobile/auth/login \"HTTP/1.1 200 OK\""}
2026-09-10T03:32:00.2104727Z {"ts":"2026-09-10T03:31:51.897060+00:00","level":"INFO","logger":"go.runtime","message":"http_request","request_id":"req_3f53c856d884496b924ede1a0790b9cc","trace_id":"tr_dad0411a7f474493b6a7a2272805b5c6","path":"/v1/search/hotels","method":"POST","status_code":200,"duration_ms":32.36}
2026-09-10T03:32:00.2107094Z {"ts":"2026-09-10T03:31:51.897609+00:00","level":"INFO","logger":"httpx","message":"HTTP Request: POST http://testserver/v1/search/hotels \"HTTP/1.1 200 OK\""}
2026-09-10T03:32:00.2109676Z {"ts":"2026-09-10T03:31:51.912333+00:00","level":"INFO","logger":"go.runtime","message":"http_request","request_id":"req_1e750f7fc3a34da4bc330c2df1b2a148","trace_id":"tr_26d72058a80f4cfc9f1e9cd4022d770b","path":"/v1/offers/off_a119a3edbeca4dee/prebook","method":"POST","status_code":200,"duration_ms":14.01}
2026-09-10T03:32:00.2112016Z {"ts":"2026-09-10T03:31:51.912865+00:00","level":"INFO","logger":"httpx","message":"HTTP Request: POST http://testserver/v1/offers/off_a119a3edbeca4dee/prebook \"HTTP/1.1 200 OK\""}
2026-09-10T03:32:00.2114414Z {"ts":"2026-09-10T03:31:51.931093+00:00","level":"INFO","logger":"go.runtime","message":"http_request","request_id":"req_e56780724ae4451a86068b9cd7750ff9","trace_id":"tr_ddc0e450fd6c40689659b0bda85056d5","path":"/v1/consumer/orders","method":"POST","status_code":200,"duration_ms":17.51}
2026-09-10T03:32:00.2116701Z {"ts":"2026-09-10T03:31:51.931633+00:00","level":"INFO","logger":"httpx","message":"HTTP Request: POST http://testserver/v1/consumer/orders \"HTTP/1.1 200 OK\""}
2026-09-10T03:32:00.2119300Z {"ts":"2026-09-10T03:31:52.047718+00:00","level":"INFO","logger":"go.runtime","message":"http_request","request_id":"req_5052fffcbb4d4992998299a24aacee4a","trace_id":"tr_e63dc81422be47868532f1e30ddd16aa","path":"/v1/mobile/orders/ord_4052c590ce3143ef/cancellation-quote","method":"POST","status_code":200,"duration_ms":35.87}
2026-09-10T03:32:00.2121881Z {"ts":"2026-09-10T03:31:52.048338+00:00","level":"INFO","logger":"httpx","message":"HTTP Request: POST http://testserver/v1/mobile/orders/ord_4052c590ce3143ef/cancellation-quote \"HTTP/1.1 200 OK\""}
2026-09-10T03:32:00.2211805Z {"ts":"2026-09-10T03:31:52.053207+00:00","level":"ERROR","logger":"go.runtime","message":"request_failed","trace_id":"tr_c71a961430f44095ae688bdeec298373","path":"/v1/mobile/orders/ord_4052c590ce3143ef/cancellation-quotes/cq_fc4785164e7746fd8f01126757c8a509","method":"GET","duration_ms":4.06,"exception":"  + Exception Group Traceback (most recent call last):\n  |   File \"/home/runner/work/GO/GO/isolated-runtime/lib/python3.13/site-packages/starlette/_utils.py\", line 79, in collapse_excgroups\n  |     yield\n  |   File \"/home/runner/work/GO/GO/isolated-runtime/lib/python3.13/site-packages/starlette/middleware/base.py\", line 192, in __call__\n  |     async with anyio.create_task_group() as task_group:\n  |                ~~~~~~~~~~~~~~~~~~~~~~~^^\n  |   File \"/home/runner/work/GO/GO/isolated-runtime/lib/python3.13/site-packages/anyio/_backends/_asyncio.py\", line 799, in __aexit__\n  |     raise BaseExceptionGroup(\n  |         \"unhandled errors in a TaskGroup\", self._exceptions\n  |     ) from None\n  | ExceptionGroup: unhandled errors in a TaskGroup (1 sub-exception)\n  +-+---------------- 1 ----------------\n    | Traceback (most recent call last):\n    |   File \"/home/runner/work/GO/GO/restored/src/go_hotel/main.py\", line 282, in dispatch\n    |     response=await call_next(request)\n    |              ^^^^^^^^^^^^^^^^^^^^^^^^\n    |   File \"/home/runner/work/GO/GO/isolated-runtime/lib/python3.13/site-packages/starlette/middleware/base.py\", line 168, in call_next\n    |     raise app_exc from app_exc.__cause__ or app_exc.__context__\n    |   File \"/home/runner/work/GO/GO/isolated-runtime/lib/python3.13/site-packages/starlette/middleware/base.py\", line 144, in coro\n    |     await self.app(scope, receive_or_disconnect, send_no_error)\n    |   File \"/home/runner/work/GO/GO/isolated-runtime/lib/python3.13/site-packages/starlette/middleware/base.py\", line 191, in __call__\n    |     with recv_stream, send_stream, collapse_excgroups():\n    |                                    ~~~~~~~~~~~~~~~~~~^^\n    |   File \"/opt/hostedtoolcache/Python/3.13.5/x64/lib/python3.13/contextlib.py\", line 162, in __exit__\n    |     self.gen.throw(value)\n    |     ~~~~~~~~~~~~~~^^^^^^^\n    |   File \"/home/runner/work/GO/GO/isolated-runtime/lib/python3.13/site-packages/starlette/_utils.py\", line 85, in collapse_excgroups\n    |     raise exc\n    |   File \"/home/runner/work/GO/GO/isolated-runtime/lib/python3.13/site-packages/starlette/middleware/base.py\", line 193, in __call__\n    |     response = await self.dispatch_func(request, call_next)\n    |                ^^^^^^^^^^^^^^^^^^^^^^^^^^^^^^^^^^^^^^^^^^^^\n    |   File \"/home/runner/work/GO/GO/restored/src/go_hotel/main.py\", line 253, in dispatch\n    |     response=await call_next(request)\n    |              ^^^^^^^^^^^^^^^^^^^^^^^^\n    |   File \"/home/runner/work/GO/GO/isolated-runtime/lib/python3.13/site-packages/starlette/middleware/base.py\", line 168, in call_next\n    |     raise app_exc from app_exc.__cause__ or app_exc.__context__\n    |   File \"/home/runner/work/GO/GO/isolated-runtime/lib/python3.13/site-packages/starlette/middleware/base.py\", line 144, in coro\n    |     await self.app(scope, receive_or_disconnect, send_no_error)\n    |   File \"/home/runner/work/GO/GO/isolated-runtime/lib/python3.13/site-packages/starlette/middleware/base.py\", line 191, in __call__\n    |     with recv_stream, send_stream, collapse_excgroups():\n    |                                    ~~~~~~~~~~~~~~~~~~^^\n    |   File \"/opt/hostedtoolcache/Python/3.13.5/x64/lib/python3.13/contextlib.py\", line 162, in __exit__\n    |     self.gen.throw(value)\n    |     ~~~~~~~~~~~~~~^^^^^^^\n    |   File \"/home/runner/work/GO/GO/isolated-runtime/lib/python3.13/site-packages/starlette/_utils.py\", line 85, in collapse_excgroups\n    |     raise exc\n    |   File \"/home/runner/work/GO/GO/isolated-runtime/lib/python3.13/site-packages/starlette/middleware/base.py\", line 193, in __call__\n    |     response = await self.dispatch_func(request, call_next)\n    |                ^^^^^^^^^^^^^^^^^^^^^^^^^^^^^^^^^^^^^^^^^^^^\n    |   File \"/home/runner/work/GO/GO/restored/src/go_hotel/main.py\", line 207, in dispatch\n    |     response=await call_next(request)\n    |              ^^^^^^^^^^^^^^^^^^^^^^^^\n    |   File \"/home/runner/work/GO/GO/isolated-runtime/lib/python3.13/site-packages/starlette/middleware/base.py\", line 168, in call_next\n    |     raise app_exc from app_exc.__cause__ or app_exc.__context__\n    |   File \"/home/runner/work/GO/GO/isolated-runtime/lib/python3.13/site-packages/starlette/middleware/base.py\", line 144, in coro\n    |     await self.app(scope, receive_or_disconnect, send_no_error)\n    |   File \"/home/runner/work/GO/GO/isolated-runtime/lib/python3.13/site-packages/starlette/middleware/exceptions.py\", line 63, in __call__\n    |     await wrap_app_handling_exceptions(self.app, conn)(scope, receive, send)\n    |   File \"/home/runner/work/GO/GO/isolated-runtime/lib/python3.13/site-packages/starlette/_exception_handler.py\", line 53, in wrapped_app\n    |     raise exc\n    |   File \"/home/runner/work/GO/GO/isolated-runtime/lib/python3.13/site-packages/starlette/_exception_handler.py\", line 42, in wrapped_app\n    |     await app(scope, receive, sender)\n    |   File \"/home/runner/work/GO/GO/isolated-runtime/lib/python3.13/site-packages/fastapi/middleware/asyncexitstack.py\", line 18, in __call__\n    |     await self.app(scope, receive, send)\n    |   File \"/home/runner/work/GO/GO/isolated-runtime/lib/python3.13/site-packages/starlette/routing.py\", line 716, in __call__\n    |     await self.middleware_stack(scope, receive, send)\n    |   File \"/home/runner/work/GO/GO/isolated-runtime/lib/python3.13/site-packages/starlette/routing.py\", line 736, in app\n    |     await route.handle(scope, receive, send)\n    |   File \"/home/runner/work/GO/GO/isolated-runtime/lib/python3.13/site-packages/starlette/routing.py\", line 290, in handle\n    |     await self.app(scope, receive, send)\n    |   File \"/home/runner/work/GO/GO/isolated-runtime/lib/python3.13/site-packages/fastapi/routing.py\", line 115, in app\n    |     await wrap_app_handling_exceptions(app, request)(scope, receive, send)\n    |   File \"/home/runner/work/GO/GO/isolated-runtime/lib/python3.13/site-packages/starlette/_exception_handler.py\", line 53, in wrapped_app\n    |     raise exc\n    |   File \"/home/runner/work/GO/GO/isolated-runtime/lib/python3.13/site-packages/starlette/_exception_handler.py\", line 42, in wrapped_app\n    |     await app(scope, receive, sender)\n    |   File \"/home/runner/work/GO/GO/isolated-runtime/lib/python3.13/site-packages/fastapi/routing.py\", line 101, in app\n    |     response = await f(request)\n    |                ^^^^^^^^^^^^^^^^\n    |   File \"/home/runner/work/GO/GO/isolated-runtime/lib/python3.13/site-packages/fastapi/routing.py\", line 355, in app\n    |     raw_response = await run_endpoint_function(\n    |                    ^^^^^^^^^^^^^^^^^^^^^^^^^^^^\n    |     ...<3 lines>...\n    |     )\n    |     ^\n    |   File \"/home/runner/work/GO/GO/isolated-runtime/lib/python3.13/site-packages/fastapi/routing.py\", line 245, in run_endpoint_function\n    |     return await run_in_threadpool(dependant.call, **values)\n    |            ^^^^^^^^^^^^^^^^^^^^^^^^^^^^^^^^^^^^^^^^^^^^^^^^^\n    |   File \"/home/runner/work/GO/GO/isolated-runtime/lib/python3.13/site-packages/starlette/concurrency.py\", line 32, in run_in_threadpool\n    |     return await anyio.to_thread.run_sync(func)\n    |            ^^^^^^^^^^^^^^^^^^^^^^^^^^^^^^^^^^^^\n    |   File \"/home/runner/work/GO/GO/isolated-runtime/lib/python3.13/site-packages/anyio/to_thread.py\", line 63, in run_sync\n    |     return await get_async_backend().run_sync_in_worker_thread(\n    |            ^^^^^^^^^^^^^^^^^^^^^^^^^^^^^^^^^^^^^^^^^^^^^^^^^^^^\n    |         func, args, abandon_on_cancel=abandon_on_cancel, limiter=limiter\n    |         ^^^^^^^^^^^^^^^^^^^^^^^^^^^^^^^^^^^^^^^^^^^^^^^^^^^^^^^^^^^^^^^^\n    |     )\n    |     ^\n    |   File \"/home/runner/work/GO/GO/isolated-runtime/lib/python3.13/site-packages/anyio/_backends/_asyncio.py\", line 2518, in run_sync_in_worker_thread\n    |     return await future\n    |            ^^^^^^^^^^^^\n    |   File \"/home/runner/work/GO/GO/isolated-runtime/lib/python3.13/site-packages/anyio/_backends/_asyncio.py\", line 1002, in run\n    |     result = context.run(func, *args)\n    |   File \"/home/runner/work/GO/GO/restored/src/go_hotel/api/routes/mobile.py\", line 96, in mobile_existing_cancel_quote\n    |     with SessionLocal() as s:\n    |          ^^^^^^^^^^^^\n    | NameError: name 'SessionLocal' is not defined\n    +------------------------------------\n\nThe above exception was the direct cause of the following exception:\n\nTraceback (most recent call last):\n  File \"/home/runner/work/GO/GO/restored/src/go_hotel/main.py\", line 282, in dispatch\n    response=await call_next(request)\n             ^^^^^^^^^^^^^^^^^^^^^^^^\n  File \"/home/runner/work/GO/GO/isolated-runtime/lib/python3.13/site-packages/starlette/middleware/base.py\", line 168, in call_next\n    raise app_exc from app_exc.__cause__ or app_exc.__context__\n  File \"/home/runner/work/GO/GO/isolated-runtime/lib/python3.13/site-packages/starlette/middleware/base.py\", line 144, in coro\n    await self.app(scope, receive_or_disconnect, send_no_error)\n  File \"/home/runner/work/GO/GO/isolated-runtime/lib/python3.13/site-packages/starlette/middleware/base.py\", line 191, in __call__\n    with recv_stream, send_stream, collapse_excgroups():\n                                   ~~~~~~~~~~~~~~~~~~^^\n  File \"/opt/hostedtoolcache/Python/3.13.5/x64/lib/python3.13/contextlib.py\", line 162, in __exit__\n    self.gen.throw(value)\n    ~~~~~~~~~~~~~~^^^^^^^\n  File \"/home/runner/work/GO/GO/isolated-runtime/lib/python3.13/site-packages/starlette/_utils.py\", line 85, in collapse_excgroups\n    raise exc\n  File \"/home/runner/work/GO/GO/isolated-runtime/lib/python3.13/site-packages/starlette/middleware/base.py\", line 193, in __call__\n    response = await self.dispatch_func(request, call_next)\n               ^^^^^^^^^^^^^^^^^^^^^^^^^^^^^^^^^^^^^^^^^^^^\n  File \"/home/runner/work/GO/GO/restored/src/go_hotel/main.py\", line 253, in dispatch\n    response=await call_next(request)\n             ^^^^^^^^^^^^^^^^^^^^^^^^\n  File \"/home/runner/work/GO/GO/isolated-runtime/lib/python3.13/site-packages/starlette/middleware/base.py\", line 168, in call_next\n    raise app_exc from app_exc.__cause__ or app_exc.__context__\n  File \"/home/runner/work/GO/GO/isolated-runtime/lib/python3.13/site-packages/starlette/middleware/base.py\", line 144, in coro\n    await self.app(scope, receive_or_disconnect, send_no_error)\n  File \"/home/runner/work/GO/GO/isolated-runtime/lib/python3.13/site-packages/starlette/middleware/base.py\", line 191, in __call__\n    with recv_stream, send_stream, collapse_excgroups():\n                                   ~~~~~~~~~~~~~~~~~~^^\n  File \"/opt/hostedtoolcache/Python/3.13.5/x64/lib/python3.13/contextlib.py\", line 162, in __exit__\n    self.gen.throw(value)\n    ~~~~~~~~~~~~~~^^^^^^^\n  File \"/home/runner/work/GO/GO/isolated-runtime/lib/python3.13/site-packages/starlette/_utils.py\", line 85, in collapse_excgroups\n    raise exc\n  File \"/home/runner/work/GO/GO/isolated-runtime/lib/python3.13/site-packages/starlette/middleware/base.py\", line 193, in __call__\n    response = await self.dispatch_func(request, call_next)\n               ^^^^^^^^^^^^^^^^^^^^^^^^^^^^^^^^^^^^^^^^^^^^\n  File \"/home/runner/work/GO/GO/restored/src/go_hotel/main.py\", line 207, in dispatch\n    response=await call_next(request)\n             ^^^^^^^^^^^^^^^^^^^^^^^^\n  File \"/home/runner/work/GO/GO/isolated-runtime/lib/python3.13/site-packages/starlette/middleware/base.py\", line 168, in call_next\n    raise app_exc from app_exc.__cause__ or app_exc.__context__\n  File \"/home/runner/work/GO/GO/isolated-runtime/lib/python3.13/site-packages/starlette/middleware/base.py\", line 144, in coro\n    await self.app(scope, receive_or_disconnect, send_no_error)\n  File \"/home/runner/work/GO/GO/isolated-runtime/lib/python3.13/site-packages/starlette/middleware/exceptions.py\", line 63, in __call__\n    await wrap_app_handling_exceptions(self.app, conn)(scope, receive, send)\n  File \"/home/runner/work/GO/GO/isolated-runtime/lib/python3.13/site-packages/starlette/_exception_handler.py\", line 53, in wrapped_app\n    raise exc\n  File \"/home/runner/work/GO/GO/isolated-runtime/lib/python3.13/site-packages/starlette/_exception_handler.py\", line 42, in wrapped_app\n    await app(scope, receive, sender)\n  File \"/home/runner/work/GO/GO/isolated-runtime/lib/python3.13/site-packages/fastapi/middleware/asyncexitstack.py\", line 18, in __call__\n    await self.app(scope, receive, send)\n  File \"/home/runner/work/GO/GO/isolated-runtime/lib/python3.13/site-packages/starlette/routing.py\", line 716, in __call__\n    await self.middleware_stack(scope, receive, send)\n  File \"/home/runner/work/GO/GO/isolated-runtime/lib/python3.13/site-packages/starlette/routing.py\", line 736, in app\n    await route.handle(scope, receive, send)\n  File \"/home/runner/work/GO/GO/isolated-runtime/lib/python3.13/site-packages/starlette/routing.py\", line 290, in handle\n    await self.app(scope, receive, send)\n  File \"/home/runner/work/GO/GO/isolated-runtime/lib/python3.13/site-packages/fastapi/routing.py\", line 115, in app\n    await wrap_app_handling_exceptions(app, request)(scope, receive, send)\n  File \"/home/runner/work/GO/GO/isolated-runtime/lib/python3.13/site-packages/starlette/_exception_handler.py\", line 53, in wrapped_app\n    raise exc\n  File \"/home/runner/work/GO/GO/isolated-runtime/lib/python3.13/site-packages/starlette/_exception_handler.py\", line 42, in wrapped_app\n    await app(scope, receive, sender)\n  File \"/home/runner/work/GO/GO/isolated-runtime/lib/python3.13/site-packages/fastapi/routing.py\", line 101, in app\n    response = await f(request)\n               ^^^^^^^^^^^^^^^^\n  File \"/home/runner/work/GO/GO/isolated-runtime/lib/python3.13/site-packages/fastapi/routing.py\", line 355, in app\n    raw_response = await run_endpoint_function(\n                   ^^^^^^^^^^^^^^^^^^^^^^^^^^^^\n    ...<3 lines>...\n    )\n    ^\n  File \"/home/runner/work/GO/GO/isolated-runtime/lib/python3.13/site-packages/fastapi/routing.py\", line 245, in run_endpoint_function\n    return await run_in_threadpool(dependant.call, **values)\n           ^^^^^^^^^^^^^^^^^^^^^^^^^^^^^^^^^^^^^^^^^^^^^^^^^\n  File \"/home/runner/work/GO/GO/isolated-runtime/lib/python3.13/site-packages/starlette/concurrency.py\", line 32, in run_in_threadpool\n    return await anyio.to_thread.run_sync(func)\n           ^^^^^^^^^^^^^^^^^^^^^^^^^^^^^^^^^^^^\n  File \"/home/runner/work/GO/GO/isolated-runtime/lib/python3.13/site-packages/anyio/to_thread.py\", line 63, in run_sync\n    return await get_async_backend().run_sync_in_worker_thread(\n           ^^^^^^^^^^^^^^^^^^^^^^^^^^^^^^^^^^^^^^^^^^^^^^^^^^^^\n        func, args, abandon_on_cancel=abandon_on_cancel, limiter=limiter\n        ^^^^^^^^^^^^^^^^^^^^^^^^^^^^^^^^^^^^^^^^^^^^^^^^^^^^^^^^^^^^^^^^\n    )\n    ^\n  File \"/home/runner/work/GO/GO/isolated-runtime/lib/python3.13/site-packages/anyio/_backends/_asyncio.py\", line 2518, in run_sync_in_worker_thread\n    return await future\n           ^^^^^^^^^^^^\n  File \"/home/runner/work/GO/GO/isolated-runtime/lib/python3.13/site-packages/anyio/_backends/_asyncio.py\", line 1002, in run\n    result = context.run(func, *args)\n  File \"/home/runner/work/GO/GO/restored/src/go_hotel/api/routes/mobile.py\", line 96, in mobile_existing_cancel_quote\n    with SessionLocal() as s:\n         ^^^^^^^^^^^^\nNameError: name 'SessionLocal' is not defined"}
2026-09-10T03:32:00.2279256Z ------------------------------ Captured log call -------------------------------
2026-09-10T03:32:00.2279919Z INFO     go.runtime:main.py:293 http_request
2026-09-10T03:32:00.2280802Z INFO     httpx:_client.py:1025 HTTP Request: POST http://testserver/v1/consumer/auth/register "HTTP/1.1 200 OK"
2026-09-10T03:32:00.2281593Z INFO     go.runtime:main.py:293 http_request
2026-09-10T03:32:00.2282408Z INFO     httpx:_client.py:1025 HTTP Request: POST http://testserver/v1/mobile/auth/login "HTTP/1.1 200 OK"
2026-09-10T03:32:00.2283161Z INFO     go.runtime:main.py:293 http_request
2026-09-10T03:32:00.2283956Z INFO     httpx:_client.py:1025 HTTP Request: POST http://testserver/v1/search/hotels "HTTP/1.1 200 OK"
2026-09-10T03:32:00.2284698Z INFO     go.runtime:main.py:293 http_request
2026-09-10T03:32:00.2285868Z INFO     httpx:_client.py:1025 HTTP Request: POST http://testserver/v1/offers/off_a119a3edbeca4dee/prebook "HTTP/1.1 200 OK"
2026-09-10T03:32:00.2286709Z INFO     go.runtime:main.py:293 http_request
2026-09-10T03:32:00.2287541Z INFO     httpx:_client.py:1025 HTTP Request: POST http://testserver/v1/consumer/orders "HTTP/1.1 200 OK"
2026-09-10T03:32:00.2288513Z INFO     go.runtime:main.py:293 http_request
2026-09-10T03:32:00.2289567Z INFO     httpx:_client.py:1025 HTTP Request: POST http://testserver/v1/mobile/orders/ord_4052c590ce3143ef/cancellation-quote "HTTP/1.1 200 OK"
2026-09-10T03:32:00.2290526Z ERROR    go.runtime:main.py:285 request_failed
2026-09-10T03:32:00.2291054Z   + Exception Group Traceback (most recent call last):
2026-09-10T03:32:00.2292063Z   |   File "/home/runner/work/GO/GO/isolated-runtime/lib/python3.13/site-packages/starlette/_utils.py", line 79, in collapse_excgroups
2026-09-10T03:32:00.2292873Z   |     yield
2026-09-10T03:32:00.2293669Z   |   File "/home/runner/work/GO/GO/isolated-runtime/lib/python3.13/site-packages/starlette/middleware/base.py", line 192, in __call__
2026-09-10T03:32:00.2294596Z   |     async with anyio.create_task_group() as task_group:
2026-09-10T03:32:00.2295076Z   |                ~~~~~~~~~~~~~~~~~~~~~~~^^
2026-09-10T03:32:00.2296138Z   |   File "/home/runner/work/GO/GO/isolated-runtime/lib/python3.13/site-packages/anyio/_backends/_asyncio.py", line 799, in __aexit__
2026-09-10T03:32:00.2297015Z   |     raise BaseExceptionGroup(
2026-09-10T03:32:00.2297529Z   |         "unhandled errors in a TaskGroup", self._exceptions
2026-09-10T03:32:00.2298002Z   |     ) from None
2026-09-10T03:32:00.2298520Z   | ExceptionGroup: unhandled errors in a TaskGroup (1 sub-exception)
2026-09-10T03:32:00.2299093Z   +-+---------------- 1 ----------------
2026-09-10T03:32:00.2299534Z     | Traceback (most recent call last):
2026-09-10T03:32:00.2300220Z     |   File "/home/runner/work/GO/GO/restored/src/go_hotel/main.py", line 282, in dispatch
2026-09-10T03:32:00.2300884Z     |     response=await call_next(request)
2026-09-10T03:32:00.2301512Z     |              ^^^^^^^^^^^^^^^^^^^^^^^^
2026-09-10T03:32:00.2302481Z     |   File "/home/runner/work/GO/GO/isolated-runtime/lib/python3.13/site-packages/starlette/middleware/base.py", line 168, in call_next
2026-09-10T03:32:00.2303510Z     |     raise app_exc from app_exc.__cause__ or app_exc.__context__
2026-09-10T03:32:00.2304520Z     |   File "/home/runner/work/GO/GO/isolated-runtime/lib/python3.13/site-packages/starlette/middleware/base.py", line 144, in coro
2026-09-10T03:32:00.2305762Z     |     await self.app(scope, receive_or_disconnect, send_no_error)
2026-09-10T03:32:00.2306830Z     |   File "/home/runner/work/GO/GO/isolated-runtime/lib/python3.13/site-packages/starlette/middleware/base.py", line 191, in __call__
2026-09-10T03:32:00.2307844Z     |     with recv_stream, send_stream, collapse_excgroups():
2026-09-10T03:32:00.2308403Z     |                                    ~~~~~~~~~~~~~~~~~~^^
2026-09-10T03:32:00.2309206Z     |   File "/opt/hostedtoolcache/Python/3.13.5/x64/lib/python3.13/contextlib.py", line 162, in __exit__
2026-09-10T03:32:00.2309929Z     |     self.gen.throw(value)
2026-09-10T03:32:00.2310297Z     |     ~~~~~~~~~~~~~~^^^^^^^
2026-09-10T03:32:00.2311183Z     |   File "/home/runner/work/GO/GO/isolated-runtime/lib/python3.13/site-packages/starlette/_utils.py", line 85, in collapse_excgroups
2026-09-10T03:32:00.2312035Z     |     raise exc
2026-09-10T03:32:00.2312933Z     |   File "/home/runner/work/GO/GO/isolated-runtime/lib/python3.13/site-packages/starlette/middleware/base.py", line 193, in __call__
2026-09-10T03:32:00.2313938Z     |     response = await self.dispatch_func(request, call_next)
2026-09-10T03:32:00.2314509Z     |                ^^^^^^^^^^^^^^^^^^^^^^^^^^^^^^^^^^^^^^^^^^^^
2026-09-10T03:32:00.2315219Z     |   File "/home/runner/work/GO/GO/restored/src/go_hotel/main.py", line 253, in dispatch
2026-09-10T03:32:00.2316026Z     |     response=await call_next(request)
2026-09-10T03:32:00.2316467Z     |              ^^^^^^^^^^^^^^^^^^^^^^^^
2026-09-10T03:32:00.2317446Z     |   File "/home/runner/work/GO/GO/isolated-runtime/lib/python3.13/site-packages/starlette/middleware/base.py", line 168, in call_next
2026-09-10T03:32:00.2318473Z     |     raise app_exc from app_exc.__cause__ or app_exc.__context__
2026-09-10T03:32:00.2319738Z     |   File "/home/runner/work/GO/GO/isolated-runtime/lib/python3.13/site-packages/starlette/middleware/base.py", line 144, in coro
2026-09-10T03:32:00.2320741Z     |     await self.app(scope, receive_or_disconnect, send_no_error)
2026-09-10T03:32:00.2321780Z     |   File "/home/runner/work/GO/GO/isolated-runtime/lib/python3.13/site-packages/starlette/middleware/base.py", line 191, in __call__
2026-09-10T03:32:00.2322718Z     |     with recv_stream, send_stream, collapse_excgroups():
2026-09-10T03:32:00.2323229Z     |                                    ~~~~~~~~~~~~~~~~~~^^
2026-09-10T03:32:00.2323976Z     |   File "/opt/hostedtoolcache/Python/3.13.5/x64/lib/python3.13/contextlib.py", line 162, in __exit__
2026-09-10T03:32:00.2324674Z     |     self.gen.throw(value)
2026-09-10T03:32:00.2325028Z     |     ~~~~~~~~~~~~~~^^^^^^^
2026-09-10T03:32:00.2326220Z     |   File "/home/runner/work/GO/GO/isolated-runtime/lib/python3.13/site-packages/starlette/_utils.py", line 85, in collapse_excgroups
2026-09-10T03:32:00.2327040Z     |     raise exc
2026-09-10T03:32:00.2327875Z     |   File "/home/runner/work/GO/GO/isolated-runtime/lib/python3.13/site-packages/starlette/middleware/base.py", line 193, in __call__
2026-09-10T03:32:00.2328833Z     |     response = await self.dispatch_func(request, call_next)
2026-09-10T03:32:00.2329378Z     |                ^^^^^^^^^^^^^^^^^^^^^^^^^^^^^^^^^^^^^^^^^^^^
2026-09-10T03:32:00.2330045Z     |   File "/home/runner/work/GO/GO/restored/src/go_hotel/main.py", line 207, in dispatch
2026-09-10T03:32:00.2330684Z     |     response=await call_next(request)
2026-09-10T03:32:00.2331192Z     |              ^^^^^^^^^^^^^^^^^^^^^^^^
2026-09-10T03:32:00.2332271Z     |   File "/home/runner/work/GO/GO/isolated-runtime/lib/python3.13/site-packages/starlette/middleware/base.py", line 168, in call_next
2026-09-10T03:32:00.2333236Z     |     raise app_exc from app_exc.__cause__ or app_exc.__context__
2026-09-10T03:32:00.2334203Z     |   File "/home/runner/work/GO/GO/isolated-runtime/lib/python3.13/site-packages/starlette/middleware/base.py", line 144, in coro
2026-09-10T03:32:00.2335143Z     |     await self.app(scope, receive_or_disconnect, send_no_error)
2026-09-10T03:32:00.2336322Z     |   File "/home/runner/work/GO/GO/isolated-runtime/lib/python3.13/site-packages/starlette/middleware/exceptions.py", line 63, in __call__
2026-09-10T03:32:00.2337378Z     |     await wrap_app_handling_exceptions(self.app, conn)(scope, receive, send)
2026-09-10T03:32:00.2338482Z     |   File "/home/runner/work/GO/GO/isolated-runtime/lib/python3.13/site-packages/starlette/_exception_handler.py", line 53, in wrapped_app
2026-09-10T03:32:00.2339322Z     |     raise exc
2026-09-10T03:32:00.2340189Z     |   File "/home/runner/work/GO/GO/isolated-runtime/lib/python3.13/site-packages/starlette/_exception_handler.py", line 42, in wrapped_app
2026-09-10T03:32:00.2341117Z     |     await app(scope, receive, sender)
2026-09-10T03:32:00.2342107Z     |   File "/home/runner/work/GO/GO/isolated-runtime/lib/python3.13/site-packages/fastapi/middleware/asyncexitstack.py", line 18, in __call__
2026-09-10T03:32:00.2343060Z     |     await self.app(scope, receive, send)
2026-09-10T03:32:00.2343984Z     |   File "/home/runner/work/GO/GO/isolated-runtime/lib/python3.13/site-packages/starlette/routing.py", line 716, in __call__
2026-09-10T03:32:00.2344889Z     |     await self.middleware_stack(scope, receive, send)
2026-09-10T03:32:00.2346023Z     |   File "/home/runner/work/GO/GO/isolated-runtime/lib/python3.13/site-packages/starlette/routing.py", line 736, in app
2026-09-10T03:32:00.2346869Z     |     await route.handle(scope, receive, send)
2026-09-10T03:32:00.2347780Z     |   File "/home/runner/work/GO/GO/isolated-runtime/lib/python3.13/site-packages/starlette/routing.py", line 290, in handle
2026-09-10T03:32:00.2348626Z     |     await self.app(scope, receive, send)
2026-09-10T03:32:00.2349469Z     |   File "/home/runner/work/GO/GO/isolated-runtime/lib/python3.13/site-packages/fastapi/routing.py", line 115, in app
2026-09-10T03:32:00.2350667Z     |     await wrap_app_handling_exceptions(app, request)(scope, receive, send)
2026-09-10T03:32:00.2351799Z     |   File "/home/runner/work/GO/GO/isolated-runtime/lib/python3.13/site-packages/starlette/_exception_handler.py", line 53, in wrapped_app
2026-09-10T03:32:00.2352645Z     |     raise exc
2026-09-10T03:32:00.2353495Z     |   File "/home/runner/work/GO/GO/isolated-runtime/lib/python3.13/site-packages/starlette/_exception_handler.py", line 42, in wrapped_app
2026-09-10T03:32:00.2354394Z     |     await app(scope, receive, sender)
2026-09-10T03:32:00.2355232Z     |   File "/home/runner/work/GO/GO/isolated-runtime/lib/python3.13/site-packages/fastapi/routing.py", line 101, in app
2026-09-10T03:32:00.2356204Z     |     response = await f(request)
2026-09-10T03:32:00.2356619Z     |                ^^^^^^^^^^^^^^^^
2026-09-10T03:32:00.2357416Z     |   File "/home/runner/work/GO/GO/isolated-runtime/lib/python3.13/site-packages/fastapi/routing.py", line 355, in app
2026-09-10T03:32:00.2358254Z     |     raw_response = await run_endpoint_function(
2026-09-10T03:32:00.2358719Z     |                    ^^^^^^^^^^^^^^^^^^^^^^^^^^^^
2026-09-10T03:32:00.2359109Z     |     ...<3 lines>...
2026-09-10T03:32:00.2359417Z     |     )
2026-09-10T03:32:00.2359673Z     |     ^
2026-09-10T03:32:00.2360487Z     |   File "/home/runner/work/GO/GO/isolated-runtime/lib/python3.13/site-packages/fastapi/routing.py", line 245, in run_endpoint_function
2026-09-10T03:32:00.2361460Z     |     return await run_in_threadpool(dependant.call, **values)
2026-09-10T03:32:00.2362013Z     |            ^^^^^^^^^^^^^^^^^^^^^^^^^^^^^^^^^^^^^^^^^^^^^^^^^
2026-09-10T03:32:00.2363239Z     |   File "/home/runner/work/GO/GO/isolated-runtime/lib/python3.13/site-packages/starlette/concurrency.py", line 32, in run_in_threadpool
2026-09-10T03:32:00.2364158Z     |     return await anyio.to_thread.run_sync(func)
2026-09-10T03:32:00.2364619Z     |            ^^^^^^^^^^^^^^^^^^^^^^^^^^^^^^^^^^^^
2026-09-10T03:32:00.2365684Z     |   File "/home/runner/work/GO/GO/isolated-runtime/lib/python3.13/site-packages/anyio/to_thread.py", line 63, in run_sync
2026-09-10T03:32:00.2366523Z     |     return await get_async_backend().run_sync_in_worker_thread(
2026-09-10T03:32:00.2367077Z     |            ^^^^^^^^^^^^^^^^^^^^^^^^^^^^^^^^^^^^^^^^^^^^^^^^^^^^
2026-09-10T03:32:00.2367668Z     |         func, args, abandon_on_cancel=abandon_on_cancel, limiter=limiter
2026-09-10T03:32:00.2368266Z     |         ^^^^^^^^^^^^^^^^^^^^^^^^^^^^^^^^^^^^^^^^^^^^^^^^^^^^^^^^^^^^^^^^
2026-09-10T03:32:00.2368695Z     |     )
2026-09-10T03:32:00.2368958Z     |     ^
2026-09-10T03:32:00.2369846Z     |   File "/home/runner/work/GO/GO/isolated-runtime/lib/python3.13/site-packages/anyio/_backends/_asyncio.py", line 2518, in run_sync_in_worker_thread
2026-09-10T03:32:00.2370774Z     |     return await future
2026-09-10T03:32:00.2371120Z     |            ^^^^^^^^^^^^
2026-09-10T03:32:00.2371928Z     |   File "/home/runner/work/GO/GO/isolated-runtime/lib/python3.13/site-packages/anyio/_backends/_asyncio.py", line 1002, in run
2026-09-10T03:32:00.2373017Z     |     result = context.run(func, *args)
2026-09-10T03:32:00.2373858Z     |   File "/home/runner/work/GO/GO/restored/src/go_hotel/api/routes/mobile.py", line 96, in mobile_existing_cancel_quote
2026-09-10T03:32:00.2374628Z     |     with SessionLocal() as s:
2026-09-10T03:32:00.2374976Z     |          ^^^^^^^^^^^^
2026-09-10T03:32:00.2375543Z     | NameError: name 'SessionLocal' is not defined
2026-09-10T03:32:00.2376005Z     +------------------------------------
2026-09-10T03:32:00.2376259Z 
2026-09-10T03:32:00.2376641Z The above exception was the direct cause of the following exception:
2026-09-10T03:32:00.2377058Z 
2026-09-10T03:32:00.2377260Z Traceback (most recent call last):
2026-09-10T03:32:00.2377937Z   File "/home/runner/work/GO/GO/restored/src/go_hotel/main.py", line 282, in dispatch
2026-09-10T03:32:00.2378577Z     response=await call_next(request)
2026-09-10T03:32:00.2378969Z              ^^^^^^^^^^^^^^^^^^^^^^^^
2026-09-10T03:32:00.2380197Z   File "/home/runner/work/GO/GO/isolated-runtime/lib/python3.13/site-packages/starlette/middleware/base.py", line 168, in call_next
2026-09-10T03:32:00.2381221Z     raise app_exc from app_exc.__cause__ or app_exc.__context__
2026-09-10T03:32:00.2382218Z   File "/home/runner/work/GO/GO/isolated-runtime/lib/python3.13/site-packages/starlette/middleware/base.py", line 144, in coro
2026-09-10T03:32:00.2383149Z     await self.app(scope, receive_or_disconnect, send_no_error)
2026-09-10T03:32:00.2384135Z   File "/home/runner/work/GO/GO/isolated-runtime/lib/python3.13/site-packages/starlette/middleware/base.py", line 191, in __call__
2026-09-10T03:32:00.2385072Z     with recv_stream, send_stream, collapse_excgroups():
2026-09-10T03:32:00.2385796Z                                    ~~~~~~~~~~~~~~~~~~^^
2026-09-10T03:32:00.2386537Z   File "/opt/hostedtoolcache/Python/3.13.5/x64/lib/python3.13/contextlib.py", line 162, in __exit__
2026-09-10T03:32:00.2387181Z     self.gen.throw(value)
2026-09-10T03:32:00.2387511Z     ~~~~~~~~~~~~~~^^^^^^^
2026-09-10T03:32:00.2388364Z   File "/home/runner/work/GO/GO/isolated-runtime/lib/python3.13/site-packages/starlette/_utils.py", line 85, in collapse_excgroups
2026-09-10T03:32:00.2389134Z     raise exc
2026-09-10T03:32:00.2389940Z   File "/home/runner/work/GO/GO/isolated-runtime/lib/python3.13/site-packages/starlette/middleware/base.py", line 193, in __call__
2026-09-10T03:32:00.2390839Z     response = await self.dispatch_func(request, call_next)
2026-09-10T03:32:00.2391358Z                ^^^^^^^^^^^^^^^^^^^^^^^^^^^^^^^^^^^^^^^^^^^^
2026-09-10T03:32:00.2392030Z   File "/home/runner/work/GO/GO/restored/src/go_hotel/main.py", line 253, in dispatch
2026-09-10T03:32:00.2392652Z     response=await call_next(request)
2026-09-10T03:32:00.2393275Z              ^^^^^^^^^^^^^^^^^^^^^^^^
2026-09-10T03:32:00.2394156Z   File "/home/runner/work/GO/GO/isolated-runtime/lib/python3.13/site-packages/starlette/middleware/base.py", line 168, in call_next
2026-09-10T03:32:00.2395131Z     raise app_exc from app_exc.__cause__ or app_exc.__context__
2026-09-10T03:32:00.2396343Z   File "/home/runner/work/GO/GO/isolated-runtime/lib/python3.13/site-packages/starlette/middleware/base.py", line 144, in coro
2026-09-10T03:32:00.2397286Z     await self.app(scope, receive_or_disconnect, send_no_error)
2026-09-10T03:32:00.2398283Z   File "/home/runner/work/GO/GO/isolated-runtime/lib/python3.13/site-packages/starlette/middleware/base.py", line 191, in __call__
2026-09-10T03:32:00.2399175Z     with recv_stream, send_stream, collapse_excgroups():
2026-09-10T03:32:00.2399687Z                                    ~~~~~~~~~~~~~~~~~~^^
2026-09-10T03:32:00.2400428Z   File "/opt/hostedtoolcache/Python/3.13.5/x64/lib/python3.13/contextlib.py", line 162, in __exit__
2026-09-10T03:32:00.2401078Z     self.gen.throw(value)
2026-09-10T03:32:00.2401397Z     ~~~~~~~~~~~~~~^^^^^^^
2026-09-10T03:32:00.2402242Z   File "/home/runner/work/GO/GO/isolated-runtime/lib/python3.13/site-packages/starlette/_utils.py", line 85, in collapse_excgroups
2026-09-10T03:32:00.2403053Z     raise exc
2026-09-10T03:32:00.2403853Z   File "/home/runner/work/GO/GO/isolated-runtime/lib/python3.13/site-packages/starlette/middleware/base.py", line 193, in __call__
2026-09-10T03:32:00.2404785Z     response = await self.dispatch_func(request, call_next)
2026-09-10T03:32:00.2405539Z                ^^^^^^^^^^^^^^^^^^^^^^^^^^^^^^^^^^^^^^^^^^^^
2026-09-10T03:32:00.2406196Z   File "/home/runner/work/GO/GO/restored/src/go_hotel/main.py", line 207, in dispatch
2026-09-10T03:32:00.2406930Z     response=await call_next(request)
2026-09-10T03:32:00.2407354Z              ^^^^^^^^^^^^^^^^^^^^^^^^
2026-09-10T03:32:00.2408328Z   File "/home/runner/work/GO/GO/isolated-runtime/lib/python3.13/site-packages/starlette/middleware/base.py", line 168, in call_next
2026-09-10T03:32:00.2409401Z     raise app_exc from app_exc.__cause__ or app_exc.__context__
2026-09-10T03:32:00.2410507Z   File "/home/runner/work/GO/GO/isolated-runtime/lib/python3.13/site-packages/starlette/middleware/base.py", line 144, in coro
2026-09-10T03:32:00.2411796Z     await self.app(scope, receive_or_disconnect, send_no_error)
2026-09-10T03:32:00.2413042Z   File "/home/runner/work/GO/GO/isolated-runtime/lib/python3.13/site-packages/starlette/middleware/exceptions.py", line 63, in __call__
2026-09-10T03:32:00.2414273Z     await wrap_app_handling_exceptions(self.app, conn)(scope, receive, send)
2026-09-10T03:32:00.2415685Z   File "/home/runner/work/GO/GO/isolated-runtime/lib/python3.13/site-packages/starlette/_exception_handler.py", line 53, in wrapped_app
2026-09-10T03:32:00.2416647Z     raise exc
2026-09-10T03:32:00.2417657Z   File "/home/runner/work/GO/GO/isolated-runtime/lib/python3.13/site-packages/starlette/_exception_handler.py", line 42, in wrapped_app
2026-09-10T03:32:00.2418556Z     await app(scope, receive, sender)
2026-09-10T03:32:00.2419519Z   File "/home/runner/work/GO/GO/isolated-runtime/lib/python3.13/site-packages/fastapi/middleware/asyncexitstack.py", line 18, in __call__
2026-09-10T03:32:00.2420463Z     await self.app(scope, receive, send)
2026-09-10T03:32:00.2421354Z   File "/home/runner/work/GO/GO/isolated-runtime/lib/python3.13/site-packages/starlette/routing.py", line 716, in __call__
2026-09-10T03:32:00.2422208Z     await self.middleware_stack(scope, receive, send)
2026-09-10T03:32:00.2423085Z   File "/home/runner/work/GO/GO/isolated-runtime/lib/python3.13/site-packages/starlette/routing.py", line 736, in app
2026-09-10T03:32:00.2423882Z     await route.handle(scope, receive, send)
2026-09-10T03:32:00.2424733Z   File "/home/runner/work/GO/GO/isolated-runtime/lib/python3.13/site-packages/starlette/routing.py", line 290, in handle
2026-09-10T03:32:00.2425836Z     await self.app(scope, receive, send)
2026-09-10T03:32:00.2426918Z   File "/home/runner/work/GO/GO/isolated-runtime/lib/python3.13/site-packages/fastapi/routing.py", line 115, in app
2026-09-10T03:32:00.2428511Z     await wrap_app_handling_exceptions(app, request)(scope, receive, send)
2026-09-10T03:32:00.2429643Z   File "/home/runner/work/GO/GO/isolated-runtime/lib/python3.13/site-packages/starlette/_exception_handler.py", line 53, in wrapped_app
2026-09-10T03:32:00.2430473Z     raise exc
2026-09-10T03:32:00.2431411Z   File "/home/runner/work/GO/GO/isolated-runtime/lib/python3.13/site-packages/starlette/_exception_handler.py", line 42, in wrapped_app
2026-09-10T03:32:00.2432281Z     await app(scope, receive, sender)
2026-09-10T03:32:00.2433087Z   File "/home/runner/work/GO/GO/isolated-runtime/lib/python3.13/site-packages/fastapi/routing.py", line 101, in app
2026-09-10T03:32:00.2433848Z     response = await f(request)
2026-09-10T03:32:00.2434237Z                ^^^^^^^^^^^^^^^^
2026-09-10T03:32:00.2435012Z   File "/home/runner/work/GO/GO/isolated-runtime/lib/python3.13/site-packages/fastapi/routing.py", line 355, in app
2026-09-10T03:32:00.2436054Z     raw_response = await run_endpoint_function(
2026-09-10T03:32:00.2436512Z                    ^^^^^^^^^^^^^^^^^^^^^^^^^^^^
2026-09-10T03:32:00.2436890Z     ...<3 lines>...
2026-09-10T03:32:00.2437175Z     )
2026-09-10T03:32:00.2437428Z     ^
2026-09-10T03:32:00.2438254Z   File "/home/runner/work/GO/GO/isolated-runtime/lib/python3.13/site-packages/fastapi/routing.py", line 245, in run_endpoint_function
2026-09-10T03:32:00.2439201Z     return await run_in_threadpool(dependant.call, **values)
2026-09-10T03:32:00.2439731Z            ^^^^^^^^^^^^^^^^^^^^^^^^^^^^^^^^^^^^^^^^^^^^^^^^^
2026-09-10T03:32:00.2440719Z   File "/home/runner/work/GO/GO/isolated-runtime/lib/python3.13/site-packages/starlette/concurrency.py", line 32, in run_in_threadpool
2026-09-10T03:32:00.2441602Z     return await anyio.to_thread.run_sync(func)
2026-09-10T03:32:00.2442053Z            ^^^^^^^^^^^^^^^^^^^^^^^^^^^^^^^^^^^^
2026-09-10T03:32:00.2442902Z   File "/home/runner/work/GO/GO/isolated-runtime/lib/python3.13/site-packages/anyio/to_thread.py", line 63, in run_sync
2026-09-10T03:32:00.2443780Z     return await get_async_backend().run_sync_in_worker_thread(
2026-09-10T03:32:00.2444306Z            ^^^^^^^^^^^^^^^^^^^^^^^^^^^^^^^^^^^^^^^^^^^^^^^^^^^^
2026-09-10T03:32:00.2445113Z         func, args, abandon_on_cancel=abandon_on_cancel, limiter=limiter
2026-09-10T03:32:00.2445931Z         ^^^^^^^^^^^^^^^^^^^^^^^^^^^^^^^^^^^^^^^^^^^^^^^^^^^^^^^^^^^^^^^^
2026-09-10T03:32:00.2446348Z     )
2026-09-10T03:32:00.2446596Z     ^
2026-09-10T03:32:00.2447508Z   File "/home/runner/work/GO/GO/isolated-runtime/lib/python3.13/site-packages/anyio/_backends/_asyncio.py", line 2518, in run_sync_in_worker_thread
2026-09-10T03:32:00.2448365Z     return await future
2026-09-10T03:32:00.2448664Z            ^^^^^^^^^^^^
2026-09-10T03:32:00.2449408Z   File "/home/runner/work/GO/GO/isolated-runtime/lib/python3.13/site-packages/anyio/_backends/_asyncio.py", line 1002, in run
2026-09-10T03:32:00.2450207Z     result = context.run(func, *args)
2026-09-10T03:32:00.2451050Z   File "/home/runner/work/GO/GO/restored/src/go_hotel/api/routes/mobile.py", line 96, in mobile_existing_cancel_quote
2026-09-10T03:32:00.2451784Z     with SessionLocal() as s:
2026-09-10T03:32:00.2452139Z          ^^^^^^^^^^^^
2026-09-10T03:32:00.2452559Z NameError: name 'SessionLocal' is not defined
2026-09-10T03:32:00.2453234Z __________ test_new_quote_does_not_replace_original_accepted_identity __________
2026-09-10T03:32:00.2453867Z   + Exception Group Traceback (most recent call last):
2026-09-10T03:32:00.2454812Z   |   File "/home/runner/work/GO/GO/isolated-runtime/lib/python3.13/site-packages/starlette/_utils.py", line 79, in collapse_excgroups
2026-09-10T03:32:00.2455761Z   |     yield
2026-09-10T03:32:00.2456537Z   |   File "/home/runner/work/GO/GO/isolated-runtime/lib/python3.13/site-packages/starlette/middleware/base.py", line 192, in __call__
2026-09-10T03:32:00.2457444Z   |     async with anyio.create_task_group() as task_group:
2026-09-10T03:32:00.2458138Z   |                ~~~~~~~~~~~~~~~~~~~~~~~^^
2026-09-10T03:32:00.2459405Z   |   File "/home/runner/work/GO/GO/isolated-runtime/lib/python3.13/site-packages/anyio/_backends/_asyncio.py", line 799, in __aexit__
2026-09-10T03:32:00.2460355Z   |     raise BaseExceptionGroup(
2026-09-10T03:32:00.2461003Z   |         "unhandled errors in a TaskGroup", self._exceptions
2026-09-10T03:32:00.2461677Z   |     ) from None
2026-09-10T03:32:00.2462212Z   | ExceptionGroup: unhandled errors in a TaskGroup (1 sub-exception)
2026-09-10T03:32:00.2462833Z   +-+---------------- 1 ----------------
2026-09-10T03:32:00.2463278Z     | Traceback (most recent call last):
2026-09-10T03:32:00.2464192Z     |   File "/home/runner/work/GO/GO/isolated-runtime/lib/python3.13/site-packages/_pytest/runner.py", line 353, in from_call
2026-09-10T03:32:00.2465091Z     |     result: TResult | None = func()
2026-09-10T03:32:00.2465879Z     |                              ~~~~^^
2026-09-10T03:32:00.2466826Z     |   File "/home/runner/work/GO/GO/isolated-runtime/lib/python3.13/site-packages/_pytest/runner.py", line 245, in <lambda>
2026-09-10T03:32:00.2467808Z     |     lambda: runtest_hook(item=item, **kwds),
2026-09-10T03:32:00.2468272Z     |             ~~~~~~~~~~~~^^^^^^^^^^^^^^^^^^^
2026-09-10T03:32:00.2469139Z     |   File "/home/runner/work/GO/GO/isolated-runtime/lib/python3.13/site-packages/pluggy/_hooks.py", line 512, in __call__
2026-09-10T03:32:00.2470130Z     |     return self._hookexec(self.name, self._hookimpls.copy(), kwargs, firstresult)
2026-09-10T03:32:00.2470848Z     |            ~~~~~~~~~~~~~~^^^^^^^^^^^^^^^^^^^^^^^^^^^^^^^^^^^^^^^^^^^^^^^^^^^^^^^^
2026-09-10T03:32:00.2471766Z     |   File "/home/runner/work/GO/GO/isolated-runtime/lib/python3.13/site-packages/pluggy/_manager.py", line 120, in _hookexec
2026-09-10T03:32:00.2472758Z     |     return self._inner_hookexec(hook_name, methods, kwargs, firstresult)
2026-09-10T03:32:00.2473459Z     |            ~~~~~~~~~~~~~~~~~~~~^^^^^^^^^^^^^^^^^^^^^^^^^^^^^^^^^^^^^^^^^
2026-09-10T03:32:00.2474367Z     |   File "/home/runner/work/GO/GO/isolated-runtime/lib/python3.13/site-packages/pluggy/_callers.py", line 167, in _multicall
2026-09-10T03:32:00.2475177Z     |     raise exception
2026-09-10T03:32:00.2476467Z     |   File "/home/runner/work/GO/GO/isolated-runtime/lib/python3.13/site-packages/pluggy/_callers.py", line 139, in _multicall
2026-09-10T03:32:00.2477260Z     |     teardown.throw(exception)
2026-09-10T03:32:00.2477645Z     |     ~~~~~~~~~~~~~~^^^^^^^^^^^
2026-09-10T03:32:00.2478532Z     |   File "/home/runner/work/GO/GO/isolated-runtime/lib/python3.13/site-packages/_pytest/logging.py", line 850, in pytest_runtest_call
2026-09-10T03:32:00.2479352Z     |     yield
2026-09-10T03:32:00.2480721Z     |   File "/home/runner/work/GO/GO/isolated-runtime/lib/python3.13/site-packages/pluggy/_callers.py", line 139, in _multicall
2026-09-10T03:32:00.2481712Z     |     teardown.throw(exception)
2026-09-10T03:32:00.2482092Z     |     ~~~~~~~~~~~~~~^^^^^^^^^^^
2026-09-10T03:32:00.2483190Z     |   File "/home/runner/work/GO/GO/isolated-runtime/lib/python3.13/site-packages/_pytest/capture.py", line 900, in pytest_runtest_call
2026-09-10T03:32:00.2484128Z     |     return (yield)
2026-09-10T03:32:00.2484506Z     |             ^^^^^
2026-09-10T03:32:00.2485726Z     |   File "/home/runner/work/GO/GO/isolated-runtime/lib/python3.13/site-packages/pluggy/_callers.py", line 139, in _multicall
2026-09-10T03:32:00.2486692Z     |     teardown.throw(exception)
2026-09-10T03:32:00.2487145Z     |     ~~~~~~~~~~~~~~^^^^^^^^^^^
2026-09-10T03:32:00.2488234Z     |   File "/home/runner/work/GO/GO/isolated-runtime/lib/python3.13/site-packages/_pytest/skipping.py", line 268, in pytest_runtest_call
2026-09-10T03:32:00.2489065Z     |     return (yield)
2026-09-10T03:32:00.2489379Z     |             ^^^^^
2026-09-10T03:32:00.2490155Z     |   File "/home/runner/work/GO/GO/isolated-runtime/lib/python3.13/site-packages/pluggy/_callers.py", line 121, in _multicall
2026-09-10T03:32:00.2490972Z     |     res = hook_impl.function(*args)
2026-09-10T03:32:00.2492135Z     |   File "/home/runner/work/GO/GO/isolated-runtime/lib/python3.13/site-packages/_pytest/runner.py", line 179, in pytest_runtest_call
2026-09-10T03:32:00.2492969Z     |     item.runtest()
2026-09-10T03:32:00.2493288Z     |     ~~~~~~~~~~~~^^
2026-09-10T03:32:00.2494029Z     |   File "/home/runner/work/GO/GO/isolated-runtime/lib/python3.13/site-packages/_pytest/python.py", line 1720, in runtest
2026-09-10T03:32:00.2494875Z     |     self.ihook.pytest_pyfunc_call(pyfuncitem=self)
2026-09-10T03:32:00.2495576Z     |     ~~~~~~~~~~~~~~~~~~~~~~~~~~~~~^^^^^^^^^^^^^^^^^
2026-09-10T03:32:00.2496445Z     |   File "/home/runner/work/GO/GO/isolated-runtime/lib/python3.13/site-packages/pluggy/_hooks.py", line 512, in __call__
2026-09-10T03:32:00.2497580Z     |     return self._hookexec(self.name, self._hookimpls.copy(), kwargs, firstresult)
2026-09-10T03:32:00.2498357Z     |            ~~~~~~~~~~~~~~^^^^^^^^^^^^^^^^^^^^^^^^^^^^^^^^^^^^^^^^^^^^^^^^^^^^^^^^
2026-09-10T03:32:00.2499373Z     |   File "/home/runner/work/GO/GO/isolated-runtime/lib/python3.13/site-packages/pluggy/_manager.py", line 120, in _hookexec
2026-09-10T03:32:00.2500344Z     |     return self._inner_hookexec(hook_name, methods, kwargs, firstresult)
2026-09-10T03:32:00.2501013Z     |            ~~~~~~~~~~~~~~~~~~~~^^^^^^^^^^^^^^^^^^^^^^^^^^^^^^^^^^^^^^^^^
2026-09-10T03:32:00.2501932Z     |   File "/home/runner/work/GO/GO/isolated-runtime/lib/python3.13/site-packages/pluggy/_callers.py", line 167, in _multicall
2026-09-10T03:32:00.2502696Z     |     raise exception
2026-09-10T03:32:00.2503498Z     |   File "/home/runner/work/GO/GO/isolated-runtime/lib/python3.13/site-packages/pluggy/_callers.py", line 139, in _multicall
2026-09-10T03:32:00.2504275Z     |     teardown.throw(exception)
2026-09-10T03:32:00.2504670Z     |     ~~~~~~~~~~~~~~^^^^^^^^^^^
2026-09-10T03:32:00.2505797Z     |   File "/home/runner/work/GO/GO/isolated-runtime/lib/python3.13/site-packages/pluggy/_callers.py", line 53, in run_old_style_hookwrapper
2026-09-10T03:32:00.2506654Z     |     return result.get_result()
2026-09-10T03:32:00.2507057Z     |            ~~~~~~~~~~~~~~~~~^^
2026-09-10T03:32:00.2507852Z     |   File "/home/runner/work/GO/GO/isolated-runtime/lib/python3.13/site-packages/pluggy/_result.py", line 103, in get_result
2026-09-10T03:32:00.2508879Z     |     raise exc.with_traceback(tb)
2026-09-10T03:32:00.2509785Z     |   File "/home/runner/work/GO/GO/isolated-runtime/lib/python3.13/site-packages/pluggy/_callers.py", line 38, in run_old_style_hookwrapper
2026-09-10T03:32:00.2510588Z     |     res = yield
2026-09-10T03:32:00.2510886Z     |           ^^^^^
2026-09-10T03:32:00.2511643Z     |   File "/home/runner/work/GO/GO/isolated-runtime/lib/python3.13/site-packages/pluggy/_callers.py", line 121, in _multicall
2026-09-10T03:32:00.2512439Z     |     res = hook_impl.function(*args)
2026-09-10T03:32:00.2513312Z     |   File "/home/runner/work/GO/GO/isolated-runtime/lib/python3.13/site-packages/_pytest/python.py", line 166, in pytest_pyfunc_call
2026-09-10T03:32:00.2514171Z     |     result = testfunction(**testargs)
2026-09-10T03:32:00.2515166Z     |   File "/home/runner/work/GO/GO/restored/tests/test_depth34_hotel_quote_read.py", line 33, in test_new_quote_does_not_replace_original_accepted_identity
2026-09-10T03:32:00.2516433Z     |     assert data(client.get(path,headers=h))==accepted
2026-09-10T03:32:00.2516999Z     |                 ~~~~~~~~~~^^^^^^^^^^^^^^^^
2026-09-10T03:32:00.2518345Z     |   File "/home/runner/work/GO/GO/isolated-runtime/lib/python3.13/site-packages/starlette/testclient.py", line 473, in get
2026-09-10T03:32:00.2519148Z     |     return super().get(
2026-09-10T03:32:00.2519507Z     |            ~~~~~~~~~~~^
2026-09-10T03:32:00.2519836Z     |         url,
2026-09-10T03:32:00.2520121Z     |         ^^^^
2026-09-10T03:32:00.2520431Z     |     ...<6 lines>...
2026-09-10T03:32:00.2520818Z     |         extensions=extensions,
2026-09-10T03:32:00.2521222Z     |         ^^^^^^^^^^^^^^^^^^^^^^
2026-09-10T03:32:00.2521564Z     |     )
2026-09-10T03:32:00.2522065Z     |     ^
2026-09-10T03:32:00.2522782Z     |   File "/home/runner/work/GO/GO/isolated-runtime/lib/python3.13/site-packages/httpx/_client.py", line 1053, in get
2026-09-10T03:32:00.2523575Z     |     return self.request(
2026-09-10T03:32:00.2523941Z     |            ~~~~~~~~~~~~^
2026-09-10T03:32:00.2524276Z     |         "GET",
2026-09-10T03:32:00.2524556Z     |         ^^^^^^
2026-09-10T03:32:00.2524838Z     |     ...<7 lines>...
2026-09-10T03:32:00.2525199Z     |         extensions=extensions,
2026-09-10T03:32:00.2526211Z     |         ^^^^^^^^^^^^^^^^^^^^^^
2026-09-10T03:32:00.2526545Z     |     )
2026-09-10T03:32:00.2526806Z     |     ^
2026-09-10T03:32:00.2527546Z     |   File "/home/runner/work/GO/GO/isolated-runtime/lib/python3.13/site-packages/starlette/testclient.py", line 445, in request
2026-09-10T03:32:00.2528326Z     |     return super().request(
2026-09-10T03:32:00.2528696Z     |            ~~~~~~~~~~~~~~~^
2026-09-10T03:32:00.2529013Z     |         method,
2026-09-10T03:32:00.2529316Z     |         ^^^^^^^
2026-09-10T03:32:00.2529622Z     |     ...<11 lines>...
2026-09-10T03:32:00.2529982Z     |         extensions=extensions,
2026-09-10T03:32:00.2530354Z     |         ^^^^^^^^^^^^^^^^^^^^^^
2026-09-10T03:32:00.2530693Z     |     )
2026-09-10T03:32:00.2531029Z     |     ^
2026-09-10T03:32:00.2531758Z     |   File "/home/runner/work/GO/GO/isolated-runtime/lib/python3.13/site-packages/httpx/_client.py", line 825, in request
2026-09-10T03:32:00.2532686Z     |     return self.send(request, auth=auth, follow_redirects=follow_redirects)
2026-09-10T03:32:00.2533365Z     |            ~~~~~~~~~^^^^^^^^^^^^^^^^^^^^^^^^^^^^^^^^^^^^^^^^^^^^^^^^^^^^^^^
2026-09-10T03:32:00.2534224Z     |   File "/home/runner/work/GO/GO/isolated-runtime/lib/python3.13/site-packages/httpx/_client.py", line 914, in send
2026-09-10T03:32:00.2535007Z     |     response = self._send_handling_auth(
2026-09-10T03:32:00.2535550Z     |         request,
2026-09-10T03:32:00.2535861Z     |     ...<2 lines>...
2026-09-10T03:32:00.2536174Z     |         history=[],
2026-09-10T03:32:00.2536466Z     |     )
2026-09-10T03:32:00.2537268Z     |   File "/home/runner/work/GO/GO/isolated-runtime/lib/python3.13/site-packages/httpx/_client.py", line 942, in _send_handling_auth
2026-09-10T03:32:00.2538367Z     |     response = self._send_handling_redirects(
2026-09-10T03:32:00.2538779Z     |         request,
2026-09-10T03:32:00.2539153Z     |         follow_redirects=follow_redirects,
2026-09-10T03:32:00.2539573Z     |         history=history,
2026-09-10T03:32:00.2539893Z     |     )
2026-09-10T03:32:00.2540713Z     |   File "/home/runner/work/GO/GO/isolated-runtime/lib/python3.13/site-packages/httpx/_client.py", line 979, in _send_handling_redirects
2026-09-10T03:32:00.2541611Z     |     response = self._send_single_request(request)
2026-09-10T03:32:00.2542544Z     |   File "/home/runner/work/GO/GO/isolated-runtime/lib/python3.13/site-packages/httpx/_client.py", line 1014, in _send_single_request
2026-09-10T03:32:00.2543428Z     |     response = transport.handle_request(request)
2026-09-10T03:32:00.2544356Z     |   File "/home/runner/work/GO/GO/isolated-runtime/lib/python3.13/site-packages/starlette/testclient.py", line 348, in handle_request
2026-09-10T03:32:00.2545136Z     |     raise exc
2026-09-10T03:32:00.2546188Z     |   File "/home/runner/work/GO/GO/isolated-runtime/lib/python3.13/site-packages/starlette/testclient.py", line 345, in handle_request
2026-09-10T03:32:00.2547053Z     |     portal.call(self.app, scope, receive, send)
2026-09-10T03:32:00.2547583Z     |     ~~~~~~~~~~~^^^^^^^^^^^^^^^^^^^^^^^^^^^^^^^^
2026-09-10T03:32:00.2548396Z     |   File "/home/runner/work/GO/GO/isolated-runtime/lib/python3.13/site-packages/anyio/from_thread.py", line 334, in call
2026-09-10T03:32:00.2549318Z     |     return cast(T_Retval, self.start_task_soon(func, *args).result())
2026-09-10T03:32:00.2549924Z     |                           ~~~~~~~~~~~~~~~~~~~~~~~~~~~~~~~~~~~~~~~~^^
2026-09-10T03:32:00.2550971Z     |   File "/opt/hostedtoolcache/Python/3.13.5/x64/lib/python3.13/concurrent/futures/_base.py", line 456, in result
2026-09-10T03:32:00.2551713Z     |     return self.__get_result()
2026-09-10T03:32:00.2552088Z     |            ~~~~~~~~~~~~~~~~~^^
2026-09-10T03:32:00.2552888Z     |   File "/opt/hostedtoolcache/Python/3.13.5/x64/lib/python3.13/concurrent/futures/_base.py", line 401, in __get_result
2026-09-10T03:32:00.2568018Z     |     raise self._exception
2026-09-10T03:32:00.2568922Z     |   File "/home/runner/work/GO/GO/isolated-runtime/lib/python3.13/site-packages/anyio/from_thread.py", line 259, in _call_func
2026-09-10T03:32:00.2569770Z     |     retval = await retval_or_awaitable
2026-09-10T03:32:00.2570220Z     |              ^^^^^^^^^^^^^^^^^^^^^^^^^
2026-09-10T03:32:00.2571108Z     |   File "/home/runner/work/GO/GO/isolated-runtime/lib/python3.13/site-packages/fastapi/applications.py", line 1138, in __call__
2026-09-10T03:32:00.2571994Z     |     await super().__call__(scope, receive, send)
2026-09-10T03:32:00.2572942Z     |   File "/home/runner/work/GO/GO/isolated-runtime/lib/python3.13/site-packages/starlette/applications.py", line 107, in __call__
2026-09-10T03:32:00.2573852Z     |     await self.middleware_stack(scope, receive, send)
2026-09-10T03:32:00.2574833Z     |   File "/home/runner/work/GO/GO/isolated-runtime/lib/python3.13/site-packages/starlette/middleware/errors.py", line 186, in __call__
2026-09-10T03:32:00.2575903Z     |     raise exc
2026-09-10T03:32:00.2576712Z     |   File "/home/runner/work/GO/GO/isolated-runtime/lib/python3.13/site-packages/starlette/middleware/errors.py", line 164, in __call__
2026-09-10T03:32:00.2577562Z     |     await self.app(scope, receive, _send)
2026-09-10T03:32:00.2578477Z     |   File "/home/runner/work/GO/GO/isolated-runtime/lib/python3.13/site-packages/starlette/middleware/base.py", line 191, in __call__
2026-09-10T03:32:00.2579392Z     |     with recv_stream, send_stream, collapse_excgroups():
2026-09-10T03:32:00.2579924Z     |                                    ~~~~~~~~~~~~~~~~~~^^
2026-09-10T03:32:00.2580673Z     |   File "/opt/hostedtoolcache/Python/3.13.5/x64/lib/python3.13/contextlib.py", line 162, in __exit__
2026-09-10T03:32:00.2581359Z     |     self.gen.throw(value)
2026-09-10T03:32:00.2581984Z     |     ~~~~~~~~~~~~~~^^^^^^^
2026-09-10T03:32:00.2582813Z     |   File "/home/runner/work/GO/GO/isolated-runtime/lib/python3.13/site-packages/starlette/_utils.py", line 85, in collapse_excgroups
2026-09-10T03:32:00.2583855Z     |     raise exc
2026-09-10T03:32:00.2584642Z     |   File "/home/runner/work/GO/GO/isolated-runtime/lib/python3.13/site-packages/starlette/middleware/base.py", line 193, in __call__
2026-09-10T03:32:00.2585692Z     |     response = await self.dispatch_func(request, call_next)
2026-09-10T03:32:00.2586231Z     |                ^^^^^^^^^^^^^^^^^^^^^^^^^^^^^^^^^^^^^^^^^^^^
2026-09-10T03:32:00.2586911Z     |   File "/home/runner/work/GO/GO/restored/src/go_hotel/main.py", line 282, in dispatch
2026-09-10T03:32:00.2587537Z     |     response=await call_next(request)
2026-09-10T03:32:00.2587964Z     |              ^^^^^^^^^^^^^^^^^^^^^^^^
2026-09-10T03:32:00.2588895Z     |   File "/home/runner/work/GO/GO/isolated-runtime/lib/python3.13/site-packages/starlette/middleware/base.py", line 168, in call_next
2026-09-10T03:32:00.2589877Z     |     raise app_exc from app_exc.__cause__ or app_exc.__context__
2026-09-10T03:32:00.2590859Z     |   File "/home/runner/work/GO/GO/isolated-runtime/lib/python3.13/site-packages/starlette/middleware/base.py", line 144, in coro
2026-09-10T03:32:00.2591793Z     |     await self.app(scope, receive_or_disconnect, send_no_error)
2026-09-10T03:32:00.2592762Z     |   File "/home/runner/work/GO/GO/isolated-runtime/lib/python3.13/site-packages/starlette/middleware/base.py", line 191, in __call__
2026-09-10T03:32:00.2593669Z     |     with recv_stream, send_stream, collapse_excgroups():
2026-09-10T03:32:00.2594179Z     |                                    ~~~~~~~~~~~~~~~~~~^^
2026-09-10T03:32:00.2595124Z     |   File "/opt/hostedtoolcache/Python/3.13.5/x64/lib/python3.13/contextlib.py", line 162, in __exit__
2026-09-10T03:32:00.2595949Z     |     self.gen.throw(value)
2026-09-10T03:32:00.2596310Z     |     ~~~~~~~~~~~~~~^^^^^^^
2026-09-10T03:32:00.2597132Z     |   File "/home/runner/work/GO/GO/isolated-runtime/lib/python3.13/site-packages/starlette/_utils.py", line 85, in collapse_excgroups
2026-09-10T03:32:00.2597906Z     |     raise exc
2026-09-10T03:32:00.2598697Z     |   File "/home/runner/work/GO/GO/isolated-runtime/lib/python3.13/site-packages/starlette/middleware/base.py", line 193, in __call__
2026-09-10T03:32:00.2599630Z     |     response = await self.dispatch_func(request, call_next)
2026-09-10T03:32:00.2600168Z     |                ^^^^^^^^^^^^^^^^^^^^^^^^^^^^^^^^^^^^^^^^^^^^
2026-09-10T03:32:00.2600804Z     |   File "/home/runner/work/GO/GO/restored/src/go_hotel/main.py", line 253, in dispatch
2026-09-10T03:32:00.2601442Z     |     response=await call_next(request)
2026-09-10T03:32:00.2601866Z     |              ^^^^^^^^^^^^^^^^^^^^^^^^
2026-09-10T03:32:00.2602747Z     |   File "/home/runner/work/GO/GO/isolated-runtime/lib/python3.13/site-packages/starlette/middleware/base.py", line 168, in call_next
2026-09-10T03:32:00.2603682Z     |     raise app_exc from app_exc.__cause__ or app_exc.__context__
2026-09-10T03:32:00.2604617Z     |   File "/home/runner/work/GO/GO/isolated-runtime/lib/python3.13/site-packages/starlette/middleware/base.py", line 144, in coro
2026-09-10T03:32:00.2605676Z     |     await self.app(scope, receive_or_disconnect, send_no_error)
2026-09-10T03:32:00.2606655Z     |   File "/home/runner/work/GO/GO/isolated-runtime/lib/python3.13/site-packages/starlette/middleware/base.py", line 191, in __call__
2026-09-10T03:32:00.2607543Z     |     with recv_stream, send_stream, collapse_excgroups():
2026-09-10T03:32:00.2608045Z     |                                    ~~~~~~~~~~~~~~~~~~^^
2026-09-10T03:32:00.2608769Z     |   File "/opt/hostedtoolcache/Python/3.13.5/x64/lib/python3.13/contextlib.py", line 162, in __exit__
2026-09-10T03:32:00.2609459Z     |     self.gen.throw(value)
2026-09-10T03:32:00.2609816Z     |     ~~~~~~~~~~~~~~^^^^^^^
2026-09-10T03:32:00.2610643Z     |   File "/home/runner/work/GO/GO/isolated-runtime/lib/python3.13/site-packages/starlette/_utils.py", line 85, in collapse_excgroups
2026-09-10T03:32:00.2611618Z     |     raise exc
2026-09-10T03:32:00.2612238Z     |   File "/home/runner/work/GO/GO/isolated-runtime/lib/python3.13/site-packages/starlette/middleware/base.py", line 193, in __call__
2026-09-10T03:32:00.2612523Z     |     response = await self.dispatch_func(request, call_next)
2026-09-10T03:32:00.2612727Z     |                ^^^^^^^^^^^^^^^^^^^^^^^^^^^^^^^^^^^^^^^^^^^^
2026-09-10T03:32:00.2613118Z     |   File "/home/runner/work/GO/GO/restored/src/go_hotel/main.py", line 207, in dispatch
2026-09-10T03:32:00.2613305Z     |     response=await call_next(request)
2026-09-10T03:32:00.2613460Z     |              ^^^^^^^^^^^^^^^^^^^^^^^^
2026-09-10T03:32:00.2614116Z     |   File "/home/runner/work/GO/GO/isolated-runtime/lib/python3.13/site-packages/starlette/middleware/base.py", line 168, in call_next
2026-09-10T03:32:00.2614396Z     |     raise app_exc from app_exc.__cause__ or app_exc.__context__
2026-09-10T03:32:00.2615005Z     |   File "/home/runner/work/GO/GO/isolated-runtime/lib/python3.13/site-packages/starlette/middleware/base.py", line 144, in coro
2026-09-10T03:32:00.2615470Z     |     await self.app(scope, receive_or_disconnect, send_no_error)
2026-09-10T03:32:00.2616144Z     |   File "/home/runner/work/GO/GO/isolated-runtime/lib/python3.13/site-packages/starlette/middleware/exceptions.py", line 63, in __call__
2026-09-10T03:32:00.2616512Z     |     await wrap_app_handling_exceptions(self.app, conn)(scope, receive, send)
2026-09-10T03:32:00.2617167Z     |   File "/home/runner/work/GO/GO/isolated-runtime/lib/python3.13/site-packages/starlette/_exception_handler.py", line 53, in wrapped_app
2026-09-10T03:32:00.2617306Z     |     raise exc
2026-09-10T03:32:00.2618188Z     |   File "/home/runner/work/GO/GO/isolated-runtime/lib/python3.13/site-packages/starlette/_exception_handler.py", line 42, in wrapped_app
2026-09-10T03:32:00.2618392Z     |     await app(scope, receive, sender)
2026-09-10T03:32:00.2619068Z     |   File "/home/runner/work/GO/GO/isolated-runtime/lib/python3.13/site-packages/fastapi/middleware/asyncexitstack.py", line 18, in __call__
2026-09-10T03:32:00.2619263Z     |     await self.app(scope, receive, send)
2026-09-10T03:32:00.2619878Z     |   File "/home/runner/work/GO/GO/isolated-runtime/lib/python3.13/site-packages/starlette/routing.py", line 716, in __call__
2026-09-10T03:32:00.2620127Z     |     await self.middleware_stack(scope, receive, send)
2026-09-10T03:32:00.2620700Z     |   File "/home/runner/work/GO/GO/isolated-runtime/lib/python3.13/site-packages/starlette/routing.py", line 736, in app
2026-09-10T03:32:00.2620909Z     |     await route.handle(scope, receive, send)
2026-09-10T03:32:00.2621485Z     |   File "/home/runner/work/GO/GO/isolated-runtime/lib/python3.13/site-packages/starlette/routing.py", line 290, in handle
2026-09-10T03:32:00.2621688Z     |     await self.app(scope, receive, send)
2026-09-10T03:32:00.2622232Z     |   File "/home/runner/work/GO/GO/isolated-runtime/lib/python3.13/site-packages/fastapi/routing.py", line 115, in app
2026-09-10T03:32:00.2622585Z     |     await wrap_app_handling_exceptions(app, request)(scope, receive, send)
2026-09-10T03:32:00.2623271Z     |   File "/home/runner/work/GO/GO/isolated-runtime/lib/python3.13/site-packages/starlette/_exception_handler.py", line 53, in wrapped_app
2026-09-10T03:32:00.2623390Z     |     raise exc
2026-09-10T03:32:00.2624044Z     |   File "/home/runner/work/GO/GO/isolated-runtime/lib/python3.13/site-packages/starlette/_exception_handler.py", line 42, in wrapped_app
2026-09-10T03:32:00.2624232Z     |     await app(scope, receive, sender)
2026-09-10T03:32:00.2624767Z     |   File "/home/runner/work/GO/GO/isolated-runtime/lib/python3.13/site-packages/fastapi/routing.py", line 101, in app
2026-09-10T03:32:00.2624965Z     |     response = await f(request)
2026-09-10T03:32:00.2625129Z     |                ^^^^^^^^^^^^^^^^
2026-09-10T03:32:00.2625800Z     |   File "/home/runner/work/GO/GO/isolated-runtime/lib/python3.13/site-packages/fastapi/routing.py", line 355, in app
2026-09-10T03:32:00.2626210Z     |     raw_response = await run_endpoint_function(
2026-09-10T03:32:00.2626399Z     |                    ^^^^^^^^^^^^^^^^^^^^^^^^^^^^
2026-09-10T03:32:00.2626546Z     |     ...<3 lines>...
2026-09-10T03:32:00.2626672Z     |     )
2026-09-10T03:32:00.2626785Z     |     ^
2026-09-10T03:32:00.2627468Z     |   File "/home/runner/work/GO/GO/isolated-runtime/lib/python3.13/site-packages/fastapi/routing.py", line 245, in run_endpoint_function
2026-09-10T03:32:00.2627747Z     |     return await run_in_threadpool(dependant.call, **values)
2026-09-10T03:32:00.2627944Z     |            ^^^^^^^^^^^^^^^^^^^^^^^^^^^^^^^^^^^^^^^^^^^^^^^^^
2026-09-10T03:32:00.2628620Z     |   File "/home/runner/work/GO/GO/isolated-runtime/lib/python3.13/site-packages/starlette/concurrency.py", line 32, in run_in_threadpool
2026-09-10T03:32:00.2628832Z     |     return await anyio.to_thread.run_sync(func)
2026-09-10T03:32:00.2629005Z     |            ^^^^^^^^^^^^^^^^^^^^^^^^^^^^^^^^^^^^
2026-09-10T03:32:00.2629592Z     |   File "/home/runner/work/GO/GO/isolated-runtime/lib/python3.13/site-packages/anyio/to_thread.py", line 63, in run_sync
2026-09-10T03:32:00.2629881Z     |     return await get_async_backend().run_sync_in_worker_thread(
2026-09-10T03:32:00.2630094Z     |            ^^^^^^^^^^^^^^^^^^^^^^^^^^^^^^^^^^^^^^^^^^^^^^^^^^^^
2026-09-10T03:32:00.2630414Z     |         func, args, abandon_on_cancel=abandon_on_cancel, limiter=limiter
2026-09-10T03:32:00.2630657Z     |         ^^^^^^^^^^^^^^^^^^^^^^^^^^^^^^^^^^^^^^^^^^^^^^^^^^^^^^^^^^^^^^^^
2026-09-10T03:32:00.2630771Z     |     )
2026-09-10T03:32:00.2630977Z     |     ^
2026-09-10T03:32:00.2631881Z     |   File "/home/runner/work/GO/GO/isolated-runtime/lib/python3.13/site-packages/anyio/_backends/_asyncio.py", line 2518, in run_sync_in_worker_thread
2026-09-10T03:32:00.2632021Z     |     return await future
2026-09-10T03:32:00.2632150Z     |            ^^^^^^^^^^^^
2026-09-10T03:32:00.2632748Z     |   File "/home/runner/work/GO/GO/isolated-runtime/lib/python3.13/site-packages/anyio/_backends/_asyncio.py", line 1002, in run
2026-09-10T03:32:00.2632942Z     |     result = context.run(func, *args)
2026-09-10T03:32:00.2633507Z     |   File "/home/runner/work/GO/GO/restored/src/go_hotel/api/routes/mobile.py", line 96, in mobile_existing_cancel_quote
2026-09-10T03:32:00.2633680Z     |     with SessionLocal() as s:
2026-09-10T03:32:00.2633799Z     |          ^^^^^^^^^^^^
2026-09-10T03:32:00.2634030Z     | NameError: name 'SessionLocal' is not defined
2026-09-10T03:32:00.2634207Z     +------------------------------------
2026-09-10T03:32:00.2634225Z 
2026-09-10T03:32:00.2634591Z The above exception was the direct cause of the following exception:
2026-09-10T03:32:00.2634602Z 
2026-09-10T03:32:00.2634810Z Traceback (most recent call last):
2026-09-10T03:32:00.2635771Z   File "/home/runner/work/GO/GO/restored/tests/test_depth34_hotel_quote_read.py", line 33, in test_new_quote_does_not_replace_original_accepted_identity
2026-09-10T03:32:00.2636022Z     assert data(client.get(path,headers=h))==accepted
2026-09-10T03:32:00.2636187Z                 ~~~~~~~~~~^^^^^^^^^^^^^^^^
2026-09-10T03:32:00.2636799Z   File "/home/runner/work/GO/GO/isolated-runtime/lib/python3.13/site-packages/starlette/testclient.py", line 473, in get
2026-09-10T03:32:00.2636948Z     return super().get(
2026-09-10T03:32:00.2637069Z            ~~~~~~~~~~~^
2026-09-10T03:32:00.2637196Z         url,
2026-09-10T03:32:00.2637315Z         ^^^^
2026-09-10T03:32:00.2637440Z     ...<6 lines>...
2026-09-10T03:32:00.2637617Z         extensions=extensions,
2026-09-10T03:32:00.2637758Z         ^^^^^^^^^^^^^^^^^^^^^^
2026-09-10T03:32:00.2637877Z     )
2026-09-10T03:32:00.2637994Z     ^
2026-09-10T03:32:00.2638562Z   File "/home/runner/work/GO/GO/isolated-runtime/lib/python3.13/site-packages/httpx/_client.py", line 1053, in get
2026-09-10T03:32:00.2638712Z     return self.request(
2026-09-10T03:32:00.2638851Z            ~~~~~~~~~~~~^
2026-09-10T03:32:00.2638968Z         "GET",
2026-09-10T03:32:00.2639285Z         ^^^^^^
2026-09-10T03:32:00.2639415Z     ...<7 lines>...
2026-09-10T03:32:00.2639567Z         extensions=extensions,
2026-09-10T03:32:00.2639714Z         ^^^^^^^^^^^^^^^^^^^^^^
2026-09-10T03:32:00.2639828Z     )
2026-09-10T03:32:00.2639935Z     ^
2026-09-10T03:32:00.2640574Z   File "/home/runner/work/GO/GO/isolated-runtime/lib/python3.13/site-packages/starlette/testclient.py", line 445, in request
2026-09-10T03:32:00.2640719Z     return super().request(
2026-09-10T03:32:00.2640840Z            ~~~~~~~~~~~~~~~^
2026-09-10T03:32:00.2640984Z         method,
2026-09-10T03:32:00.2641116Z         ^^^^^^^
2026-09-10T03:32:00.2641243Z     ...<11 lines>...
2026-09-10T03:32:00.2641403Z         extensions=extensions,
2026-09-10T03:32:00.2641544Z         ^^^^^^^^^^^^^^^^^^^^^^
2026-09-10T03:32:00.2641667Z     )
2026-09-10T03:32:00.2641784Z     ^
2026-09-10T03:32:00.2642366Z   File "/home/runner/work/GO/GO/isolated-runtime/lib/python3.13/site-packages/httpx/_client.py", line 825, in request
2026-09-10T03:32:00.2642715Z     return self.send(request, auth=auth, follow_redirects=follow_redirects)
2026-09-10T03:32:00.2642963Z            ~~~~~~~~~^^^^^^^^^^^^^^^^^^^^^^^^^^^^^^^^^^^^^^^^^^^^^^^^^^^^^^^
2026-09-10T03:32:00.2643529Z   File "/home/runner/work/GO/GO/isolated-runtime/lib/python3.13/site-packages/httpx/_client.py", line 914, in send
2026-09-10T03:32:00.2643717Z     response = self._send_handling_auth(
2026-09-10T03:32:00.2643843Z         request,
2026-09-10T03:32:00.2643965Z     ...<2 lines>...
2026-09-10T03:32:00.2644088Z         history=[],
2026-09-10T03:32:00.2644215Z     )
2026-09-10T03:32:00.2644852Z   File "/home/runner/work/GO/GO/isolated-runtime/lib/python3.13/site-packages/httpx/_client.py", line 942, in _send_handling_auth
2026-09-10T03:32:00.2645051Z     response = self._send_handling_redirects(
2026-09-10T03:32:00.2645512Z         request,
2026-09-10T03:32:00.2645713Z         follow_redirects=follow_redirects,
2026-09-10T03:32:00.2645842Z         history=history,
2026-09-10T03:32:00.2645956Z     )
2026-09-10T03:32:00.2646633Z   File "/home/runner/work/GO/GO/isolated-runtime/lib/python3.13/site-packages/httpx/_client.py", line 979, in _send_handling_redirects
2026-09-10T03:32:00.2646844Z     response = self._send_single_request(request)
2026-09-10T03:32:00.2647512Z   File "/home/runner/work/GO/GO/isolated-runtime/lib/python3.13/site-packages/httpx/_client.py", line 1014, in _send_single_request
2026-09-10T03:32:00.2647729Z     response = transport.handle_request(request)
2026-09-10T03:32:00.2648390Z   File "/home/runner/work/GO/GO/isolated-runtime/lib/python3.13/site-packages/starlette/testclient.py", line 348, in handle_request
2026-09-10T03:32:00.2648518Z     raise exc
2026-09-10T03:32:00.2649175Z   File "/home/runner/work/GO/GO/isolated-runtime/lib/python3.13/site-packages/starlette/testclient.py", line 345, in handle_request
2026-09-10T03:32:00.2649403Z     portal.call(self.app, scope, receive, send)
2026-09-10T03:32:00.2649577Z     ~~~~~~~~~~~^^^^^^^^^^^^^^^^^^^^^^^^^^^^^^^^
2026-09-10T03:32:00.2650163Z   File "/home/runner/work/GO/GO/isolated-runtime/lib/python3.13/site-packages/anyio/from_thread.py", line 334, in call
2026-09-10T03:32:00.2650465Z     return cast(T_Retval, self.start_task_soon(func, *args).result())
2026-09-10T03:32:00.2650692Z                           ~~~~~~~~~~~~~~~~~~~~~~~~~~~~~~~~~~~~~~~~^^
2026-09-10T03:32:00.2651234Z   File "/opt/hostedtoolcache/Python/3.13.5/x64/lib/python3.13/concurrent/futures/_base.py", line 456, in result
2026-09-10T03:32:00.2651405Z     return self.__get_result()
2026-09-10T03:32:00.2651556Z            ~~~~~~~~~~~~~~~~~^^
2026-09-10T03:32:00.2652130Z   File "/opt/hostedtoolcache/Python/3.13.5/x64/lib/python3.13/concurrent/futures/_base.py", line 401, in __get_result
2026-09-10T03:32:00.2652293Z     raise self._exception
2026-09-10T03:32:00.2652904Z   File "/home/runner/work/GO/GO/isolated-runtime/lib/python3.13/site-packages/anyio/from_thread.py", line 259, in _call_func
2026-09-10T03:32:00.2653094Z     retval = await retval_or_awaitable
2026-09-10T03:32:00.2653430Z              ^^^^^^^^^^^^^^^^^^^^^^^^^
2026-09-10T03:32:00.2654055Z   File "/home/runner/work/GO/GO/isolated-runtime/lib/python3.13/site-packages/fastapi/applications.py", line 1138, in __call__
2026-09-10T03:32:00.2654266Z     await super().__call__(scope, receive, send)
2026-09-10T03:32:00.2654871Z   File "/home/runner/work/GO/GO/isolated-runtime/lib/python3.13/site-packages/starlette/applications.py", line 107, in __call__
2026-09-10T03:32:00.2655122Z     await self.middleware_stack(scope, receive, send)
2026-09-10T03:32:00.2655911Z   File "/home/runner/work/GO/GO/isolated-runtime/lib/python3.13/site-packages/starlette/middleware/errors.py", line 186, in __call__
2026-09-10T03:32:00.2656049Z     raise exc
2026-09-10T03:32:00.2656692Z   File "/home/runner/work/GO/GO/isolated-runtime/lib/python3.13/site-packages/starlette/middleware/errors.py", line 164, in __call__
2026-09-10T03:32:00.2656901Z     await self.app(scope, receive, _send)
2026-09-10T03:32:00.2657555Z   File "/home/runner/work/GO/GO/isolated-runtime/lib/python3.13/site-packages/starlette/middleware/base.py", line 191, in __call__
2026-09-10T03:32:00.2657827Z     with recv_stream, send_stream, collapse_excgroups():
2026-09-10T03:32:00.2658029Z                                    ~~~~~~~~~~~~~~~~~~^^
2026-09-10T03:32:00.2658532Z   File "/opt/hostedtoolcache/Python/3.13.5/x64/lib/python3.13/contextlib.py", line 162, in __exit__
2026-09-10T03:32:00.2658681Z     self.gen.throw(value)
2026-09-10T03:32:00.2658802Z     ~~~~~~~~~~~~~~^^^^^^^
2026-09-10T03:32:00.2659466Z   File "/home/runner/work/GO/GO/isolated-runtime/lib/python3.13/site-packages/starlette/_utils.py", line 85, in collapse_excgroups
2026-09-10T03:32:00.2659604Z     raise exc
2026-09-10T03:32:00.2660473Z   File "/home/runner/work/GO/GO/isolated-runtime/lib/python3.13/site-packages/starlette/middleware/base.py", line 193, in __call__
2026-09-10T03:32:00.2660740Z     response = await self.dispatch_func(request, call_next)
2026-09-10T03:32:00.2660946Z                ^^^^^^^^^^^^^^^^^^^^^^^^^^^^^^^^^^^^^^^^^^^^
2026-09-10T03:32:00.2661356Z   File "/home/runner/work/GO/GO/restored/src/go_hotel/main.py", line 282, in dispatch
2026-09-10T03:32:00.2661536Z     response=await call_next(request)
2026-09-10T03:32:00.2661703Z              ^^^^^^^^^^^^^^^^^^^^^^^^
2026-09-10T03:32:00.2662373Z   File "/home/runner/work/GO/GO/isolated-runtime/lib/python3.13/site-packages/starlette/middleware/base.py", line 168, in call_next
2026-09-10T03:32:00.2662682Z     raise app_exc from app_exc.__cause__ or app_exc.__context__
2026-09-10T03:32:00.2663314Z   File "/home/runner/work/GO/GO/isolated-runtime/lib/python3.13/site-packages/starlette/middleware/base.py", line 144, in coro
2026-09-10T03:32:00.2663600Z     await self.app(scope, receive_or_disconnect, send_no_error)
2026-09-10T03:32:00.2664254Z   File "/home/runner/work/GO/GO/isolated-runtime/lib/python3.13/site-packages/starlette/middleware/base.py", line 191, in __call__
2026-09-10T03:32:00.2664499Z     with recv_stream, send_stream, collapse_excgroups():
2026-09-10T03:32:00.2664710Z                                    ~~~~~~~~~~~~~~~~~~^^
2026-09-10T03:32:00.2665201Z   File "/opt/hostedtoolcache/Python/3.13.5/x64/lib/python3.13/contextlib.py", line 162, in __exit__
2026-09-10T03:32:00.2665502Z     self.gen.throw(value)
2026-09-10T03:32:00.2665624Z     ~~~~~~~~~~~~~~^^^^^^^
2026-09-10T03:32:00.2666272Z   File "/home/runner/work/GO/GO/isolated-runtime/lib/python3.13/site-packages/starlette/_utils.py", line 85, in collapse_excgroups
2026-09-10T03:32:00.2666411Z     raise exc
2026-09-10T03:32:00.2667038Z   File "/home/runner/work/GO/GO/isolated-runtime/lib/python3.13/site-packages/starlette/middleware/base.py", line 193, in __call__
2026-09-10T03:32:00.2667300Z     response = await self.dispatch_func(request, call_next)
2026-09-10T03:32:00.2667510Z                ^^^^^^^^^^^^^^^^^^^^^^^^^^^^^^^^^^^^^^^^^^^^
2026-09-10T03:32:00.2667902Z   File "/home/runner/work/GO/GO/restored/src/go_hotel/main.py", line 253, in dispatch
2026-09-10T03:32:00.2668081Z     response=await call_next(request)
2026-09-10T03:32:00.2668460Z              ^^^^^^^^^^^^^^^^^^^^^^^^
2026-09-10T03:32:00.2669133Z   File "/home/runner/work/GO/GO/isolated-runtime/lib/python3.13/site-packages/starlette/middleware/base.py", line 168, in call_next
2026-09-10T03:32:00.2669456Z     raise app_exc from app_exc.__cause__ or app_exc.__context__
2026-09-10T03:32:00.2670091Z   File "/home/runner/work/GO/GO/isolated-runtime/lib/python3.13/site-packages/starlette/middleware/base.py", line 144, in coro
2026-09-10T03:32:00.2670361Z     await self.app(scope, receive_or_disconnect, send_no_error)
2026-09-10T03:32:00.2671008Z   File "/home/runner/work/GO/GO/isolated-runtime/lib/python3.13/site-packages/starlette/middleware/base.py", line 191, in __call__
2026-09-10T03:32:00.2671264Z     with recv_stream, send_stream, collapse_excgroups():
2026-09-10T03:32:00.2671463Z                                    ~~~~~~~~~~~~~~~~~~^^
2026-09-10T03:32:00.2671921Z   File "/opt/hostedtoolcache/Python/3.13.5/x64/lib/python3.13/contextlib.py", line 162, in __exit__
2026-09-10T03:32:00.2672070Z     self.gen.throw(value)
2026-09-10T03:32:00.2672198Z     ~~~~~~~~~~~~~~^^^^^^^
2026-09-10T03:32:00.2672843Z   File "/home/runner/work/GO/GO/isolated-runtime/lib/python3.13/site-packages/starlette/_utils.py", line 85, in collapse_excgroups
2026-09-10T03:32:00.2672979Z     raise exc
2026-09-10T03:32:00.2673608Z   File "/home/runner/work/GO/GO/isolated-runtime/lib/python3.13/site-packages/starlette/middleware/base.py", line 193, in __call__
2026-09-10T03:32:00.2673876Z     response = await self.dispatch_func(request, call_next)
2026-09-10T03:32:00.2674082Z                ^^^^^^^^^^^^^^^^^^^^^^^^^^^^^^^^^^^^^^^^^^^^
2026-09-10T03:32:00.2674482Z   File "/home/runner/work/GO/GO/restored/src/go_hotel/main.py", line 207, in dispatch
2026-09-10T03:32:00.2674877Z     response=await call_next(request)
2026-09-10T03:32:00.2675041Z              ^^^^^^^^^^^^^^^^^^^^^^^^
2026-09-10T03:32:00.2675846Z   File "/home/runner/work/GO/GO/isolated-runtime/lib/python3.13/site-packages/starlette/middleware/base.py", line 168, in call_next
2026-09-10T03:32:00.2676174Z     raise app_exc from app_exc.__cause__ or app_exc.__context__
2026-09-10T03:32:00.2676796Z   File "/home/runner/work/GO/GO/isolated-runtime/lib/python3.13/site-packages/starlette/middleware/base.py", line 144, in coro
2026-09-10T03:32:00.2677068Z     await self.app(scope, receive_or_disconnect, send_no_error)
2026-09-10T03:32:00.2677750Z   File "/home/runner/work/GO/GO/isolated-runtime/lib/python3.13/site-packages/starlette/middleware/exceptions.py", line 63, in __call__
2026-09-10T03:32:00.2678109Z     await wrap_app_handling_exceptions(self.app, conn)(scope, receive, send)
2026-09-10T03:32:00.2678797Z   File "/home/runner/work/GO/GO/isolated-runtime/lib/python3.13/site-packages/starlette/_exception_handler.py", line 53, in wrapped_app
2026-09-10T03:32:00.2678925Z     raise exc
2026-09-10T03:32:00.2679594Z   File "/home/runner/work/GO/GO/isolated-runtime/lib/python3.13/site-packages/starlette/_exception_handler.py", line 42, in wrapped_app
2026-09-10T03:32:00.2679791Z     await app(scope, receive, sender)
2026-09-10T03:32:00.2680476Z   File "/home/runner/work/GO/GO/isolated-runtime/lib/python3.13/site-packages/fastapi/middleware/asyncexitstack.py", line 18, in __call__
2026-09-10T03:32:00.2680680Z     await self.app(scope, receive, send)
2026-09-10T03:32:00.2681293Z   File "/home/runner/work/GO/GO/isolated-runtime/lib/python3.13/site-packages/starlette/routing.py", line 716, in __call__
2026-09-10T03:32:00.2681544Z     await self.middleware_stack(scope, receive, send)
2026-09-10T03:32:00.2682108Z   File "/home/runner/work/GO/GO/isolated-runtime/lib/python3.13/site-packages/starlette/routing.py", line 736, in app
2026-09-10T03:32:00.2682321Z     await route.handle(scope, receive, send)
2026-09-10T03:32:00.2682923Z   File "/home/runner/work/GO/GO/isolated-runtime/lib/python3.13/site-packages/starlette/routing.py", line 290, in handle
2026-09-10T03:32:00.2683106Z     await self.app(scope, receive, send)
2026-09-10T03:32:00.2683834Z   File "/home/runner/work/GO/GO/isolated-runtime/lib/python3.13/site-packages/fastapi/routing.py", line 115, in app
2026-09-10T03:32:00.2684174Z     await wrap_app_handling_exceptions(app, request)(scope, receive, send)
2026-09-10T03:32:00.2684844Z   File "/home/runner/work/GO/GO/isolated-runtime/lib/python3.13/site-packages/starlette/_exception_handler.py", line 53, in wrapped_app
2026-09-10T03:32:00.2684975Z     raise exc
2026-09-10T03:32:00.2685790Z   File "/home/runner/work/GO/GO/isolated-runtime/lib/python3.13/site-packages/starlette/_exception_handler.py", line 42, in wrapped_app
2026-09-10T03:32:00.2685982Z     await app(scope, receive, sender)
2026-09-10T03:32:00.2686547Z   File "/home/runner/work/GO/GO/isolated-runtime/lib/python3.13/site-packages/fastapi/routing.py", line 101, in app
2026-09-10T03:32:00.2686711Z     response = await f(request)
2026-09-10T03:32:00.2686869Z                ^^^^^^^^^^^^^^^^
2026-09-10T03:32:00.2687414Z   File "/home/runner/work/GO/GO/isolated-runtime/lib/python3.13/site-packages/fastapi/routing.py", line 355, in app
2026-09-10T03:32:00.2687635Z     raw_response = await run_endpoint_function(
2026-09-10T03:32:00.2687801Z                    ^^^^^^^^^^^^^^^^^^^^^^^^^^^^
2026-09-10T03:32:00.2687928Z     ...<3 lines>...
2026-09-10T03:32:00.2688043Z     )
2026-09-10T03:32:00.2688158Z     ^
2026-09-10T03:32:00.2688829Z   File "/home/runner/work/GO/GO/isolated-runtime/lib/python3.13/site-packages/fastapi/routing.py", line 245, in run_endpoint_function
2026-09-10T03:32:00.2689115Z     return await run_in_threadpool(dependant.call, **values)
2026-09-10T03:32:00.2689311Z            ^^^^^^^^^^^^^^^^^^^^^^^^^^^^^^^^^^^^^^^^^^^^^^^^^
2026-09-10T03:32:00.2690204Z   File "/home/runner/work/GO/GO/isolated-runtime/lib/python3.13/site-packages/starlette/concurrency.py", line 32, in run_in_threadpool
2026-09-10T03:32:00.2690421Z     return await anyio.to_thread.run_sync(func)
2026-09-10T03:32:00.2690592Z            ^^^^^^^^^^^^^^^^^^^^^^^^^^^^^^^^^^^^
2026-09-10T03:32:00.2691216Z   File "/home/runner/work/GO/GO/isolated-runtime/lib/python3.13/site-packages/anyio/to_thread.py", line 63, in run_sync
2026-09-10T03:32:00.2691504Z     return await get_async_backend().run_sync_in_worker_thread(
2026-09-10T03:32:00.2691713Z            ^^^^^^^^^^^^^^^^^^^^^^^^^^^^^^^^^^^^^^^^^^^^^^^^^^^^
2026-09-10T03:32:00.2692021Z         func, args, abandon_on_cancel=abandon_on_cancel, limiter=limiter
2026-09-10T03:32:00.2692253Z         ^^^^^^^^^^^^^^^^^^^^^^^^^^^^^^^^^^^^^^^^^^^^^^^^^^^^^^^^^^^^^^^^
2026-09-10T03:32:00.2692376Z     )
2026-09-10T03:32:00.2692489Z     ^
2026-09-10T03:32:00.2693258Z   File "/home/runner/work/GO/GO/isolated-runtime/lib/python3.13/site-packages/anyio/_backends/_asyncio.py", line 2518, in run_sync_in_worker_thread
2026-09-10T03:32:00.2693407Z     return await future
2026-09-10T03:32:00.2693539Z            ^^^^^^^^^^^^
2026-09-10T03:32:00.2694164Z   File "/home/runner/work/GO/GO/isolated-runtime/lib/python3.13/site-packages/anyio/_backends/_asyncio.py", line 1002, in run
2026-09-10T03:32:00.2694360Z     result = context.run(func, *args)
2026-09-10T03:32:00.2694950Z   File "/home/runner/work/GO/GO/restored/src/go_hotel/api/routes/mobile.py", line 96, in mobile_existing_cancel_quote
2026-09-10T03:32:00.2695122Z     with SessionLocal() as s:
2026-09-10T03:32:00.2695258Z          ^^^^^^^^^^^^
2026-09-10T03:32:00.2695653Z NameError: name 'SessionLocal' is not defined
2026-09-10T03:32:00.2695677Z 
2026-09-10T03:32:00.2696034Z The above exception was the direct cause of the following exception:
2026-09-10T03:32:00.2696046Z 
2026-09-10T03:32:00.2696425Z client = <starlette.testclient.TestClient object at 0x7fbc122e2490>
2026-09-10T03:32:00.2696437Z 
2026-09-10T03:32:00.2696773Z     def test_new_quote_does_not_replace_original_accepted_identity(client):
2026-09-10T03:32:00.2697183Z         h,oid=signed_booking(client);accepted=quote(client,h,oid);new=quote(client,h,oid)
2026-09-10T03:32:00.2697428Z         assert accepted['quote_hash']!=new['quote_hash']
2026-09-10T03:32:00.2697787Z         path=f'/v1/mobile/orders/{oid}/cancellation-quotes/{accepted["quote_id"]}'
2026-09-10T03:32:00.2698257Z >       assert data(client.get(path,headers=h))==accepted
2026-09-10T03:32:00.2698441Z                     ^^^^^^^^^^^^^^^^^^^^^^^^^^
2026-09-10T03:32:00.2698452Z 
2026-09-10T03:32:00.2698689Z tests/test_depth34_hotel_quote_read.py:33: 
2026-09-10T03:32:00.2699019Z _ _ _ _ _ _ _ _ _ _ _ _ _ _ _ _ _ _ _ _ _ _ _ _ _ _ _ _ _ _ _ _ _ _ _ _ _ _ _ _ 
2026-09-10T03:32:00.2699504Z ../isolated-runtime/lib/python3.13/site-packages/starlette/testclient.py:473: in get
2026-09-10T03:32:00.2699650Z     return super().get(
2026-09-10T03:32:00.2700066Z ../isolated-runtime/lib/python3.13/site-packages/httpx/_client.py:1053: in get
2026-09-10T03:32:00.2700209Z     return self.request(
2026-09-10T03:32:00.2700694Z ../isolated-runtime/lib/python3.13/site-packages/starlette/testclient.py:445: in request
2026-09-10T03:32:00.2700846Z     return super().request(
2026-09-10T03:32:00.2701294Z ../isolated-runtime/lib/python3.13/site-packages/httpx/_client.py:825: in request
2026-09-10T03:32:00.2701629Z     return self.send(request, auth=auth, follow_redirects=follow_redirects)
2026-09-10T03:32:00.2701864Z            ^^^^^^^^^^^^^^^^^^^^^^^^^^^^^^^^^^^^^^^^^^^^^^^^^^^^^^^^^^^^^^^^
2026-09-10T03:32:00.2702310Z ../isolated-runtime/lib/python3.13/site-packages/httpx/_client.py:914: in send
2026-09-10T03:32:00.2702503Z     response = self._send_handling_auth(
2026-09-10T03:32:00.2703049Z ../isolated-runtime/lib/python3.13/site-packages/httpx/_client.py:942: in _send_handling_auth
2026-09-10T03:32:00.2703267Z     response = self._send_handling_redirects(
2026-09-10T03:32:00.2703799Z ../isolated-runtime/lib/python3.13/site-packages/httpx/_client.py:979: in _send_handling_redirects
2026-09-10T03:32:00.2704207Z     response = self._send_single_request(request)
2026-09-10T03:32:00.2704401Z                ^^^^^^^^^^^^^^^^^^^^^^^^^^^^^^^^^^
2026-09-10T03:32:00.2704914Z ../isolated-runtime/lib/python3.13/site-packages/httpx/_client.py:1014: in _send_single_request
2026-09-10T03:32:00.2705151Z     response = transport.handle_request(request)
2026-09-10T03:32:00.2705477Z                ^^^^^^^^^^^^^^^^^^^^^^^^^^^^^^^^^
2026-09-10T03:32:00.2705992Z ../isolated-runtime/lib/python3.13/site-packages/starlette/testclient.py:348: in handle_request
2026-09-10T03:32:00.2706122Z     raise exc
2026-09-10T03:32:00.2706648Z ../isolated-runtime/lib/python3.13/site-packages/starlette/testclient.py:345: in handle_request
2026-09-10T03:32:00.2706858Z     portal.call(self.app, scope, receive, send)
2026-09-10T03:32:00.2707298Z ../isolated-runtime/lib/python3.13/site-packages/anyio/from_thread.py:334: in call
2026-09-10T03:32:00.2707600Z     return cast(T_Retval, self.start_task_soon(func, *args).result())
2026-09-10T03:32:00.2707825Z                           ^^^^^^^^^^^^^^^^^^^^^^^^^^^^^^^^^^^^^^^^^^
2026-09-10T03:32:00.2708367Z /opt/hostedtoolcache/Python/3.13.5/x64/lib/python3.13/concurrent/futures/_base.py:456: in result
2026-09-10T03:32:00.2708537Z     return self.__get_result()
2026-09-10T03:32:00.2708690Z            ^^^^^^^^^^^^^^^^^^^
2026-09-10T03:32:00.2709253Z /opt/hostedtoolcache/Python/3.13.5/x64/lib/python3.13/concurrent/futures/_base.py:401: in __get_result
2026-09-10T03:32:00.2709394Z     raise self._exception
2026-09-10T03:32:00.2709847Z ../isolated-runtime/lib/python3.13/site-packages/anyio/from_thread.py:259: in _call_func
2026-09-10T03:32:00.2710030Z     retval = await retval_or_awaitable
2026-09-10T03:32:00.2710178Z              ^^^^^^^^^^^^^^^^^^^^^^^^^
2026-09-10T03:32:00.2710651Z ../isolated-runtime/lib/python3.13/site-packages/fastapi/applications.py:1138: in __call__
2026-09-10T03:32:00.2710851Z     await super().__call__(scope, receive, send)
2026-09-10T03:32:00.2711330Z ../isolated-runtime/lib/python3.13/site-packages/starlette/applications.py:107: in __call__
2026-09-10T03:32:00.2711560Z     await self.middleware_stack(scope, receive, send)
2026-09-10T03:32:00.2712065Z ../isolated-runtime/lib/python3.13/site-packages/starlette/middleware/errors.py:186: in __call__
2026-09-10T03:32:00.2712402Z     raise exc
2026-09-10T03:32:00.2712900Z ../isolated-runtime/lib/python3.13/site-packages/starlette/middleware/errors.py:164: in __call__
2026-09-10T03:32:00.2713083Z     await self.app(scope, receive, _send)
2026-09-10T03:32:00.2713562Z ../isolated-runtime/lib/python3.13/site-packages/starlette/middleware/base.py:191: in __call__
2026-09-10T03:32:00.2713807Z     with recv_stream, send_stream, collapse_excgroups():
2026-09-10T03:32:00.2714001Z                                    ^^^^^^^^^^^^^^^^^^^^
2026-09-10T03:32:00.2714427Z /opt/hostedtoolcache/Python/3.13.5/x64/lib/python3.13/contextlib.py:162: in __exit__
2026-09-10T03:32:00.2714564Z     self.gen.throw(value)
2026-09-10T03:32:00.2715068Z ../isolated-runtime/lib/python3.13/site-packages/starlette/_utils.py:85: in collapse_excgroups
2026-09-10T03:32:00.2715183Z     raise exc
2026-09-10T03:32:00.2715851Z ../isolated-runtime/lib/python3.13/site-packages/starlette/middleware/base.py:193: in __call__
2026-09-10T03:32:00.2716122Z     response = await self.dispatch_func(request, call_next)
2026-09-10T03:32:00.2716308Z                ^^^^^^^^^^^^^^^^^^^^^^^^^^^^^^^^^^^^^^^^^^^^
2026-09-10T03:32:00.2716514Z src/go_hotel/main.py:282: in dispatch
2026-09-10T03:32:00.2716696Z     response=await call_next(request)
2026-09-10T03:32:00.2716854Z              ^^^^^^^^^^^^^^^^^^^^^^^^
2026-09-10T03:32:00.2717397Z ../isolated-runtime/lib/python3.13/site-packages/starlette/middleware/base.py:168: in call_next
2026-09-10T03:32:00.2717658Z     raise app_exc from app_exc.__cause__ or app_exc.__context__
2026-09-10T03:32:00.2718135Z ../isolated-runtime/lib/python3.13/site-packages/starlette/middleware/base.py:144: in coro
2026-09-10T03:32:00.2718401Z     await self.app(scope, receive_or_disconnect, send_no_error)
2026-09-10T03:32:00.2719076Z ../isolated-runtime/lib/python3.13/site-packages/starlette/middleware/base.py:191: in __call__
2026-09-10T03:32:00.2719324Z     with recv_stream, send_stream, collapse_excgroups():
2026-09-10T03:32:00.2719523Z                                    ^^^^^^^^^^^^^^^^^^^^
2026-09-10T03:32:00.2719948Z /opt/hostedtoolcache/Python/3.13.5/x64/lib/python3.13/contextlib.py:162: in __exit__
2026-09-10T03:32:00.2720090Z     self.gen.throw(value)
2026-09-10T03:32:00.2720578Z ../isolated-runtime/lib/python3.13/site-packages/starlette/_utils.py:85: in collapse_excgroups
2026-09-10T03:32:00.2720694Z     raise exc
2026-09-10T03:32:00.2721180Z ../isolated-runtime/lib/python3.13/site-packages/starlette/middleware/base.py:193: in __call__
2026-09-10T03:32:00.2721428Z     response = await self.dispatch_func(request, call_next)
2026-09-10T03:32:00.2721615Z                ^^^^^^^^^^^^^^^^^^^^^^^^^^^^^^^^^^^^^^^^^^^^
2026-09-10T03:32:00.2721814Z src/go_hotel/main.py:253: in dispatch
2026-09-10T03:32:00.2721994Z     response=await call_next(request)
2026-09-10T03:32:00.2722140Z              ^^^^^^^^^^^^^^^^^^^^^^^^
2026-09-10T03:32:00.2722640Z ../isolated-runtime/lib/python3.13/site-packages/starlette/middleware/base.py:168: in call_next
2026-09-10T03:32:00.2722906Z     raise app_exc from app_exc.__cause__ or app_exc.__context__
2026-09-10T03:32:00.2723366Z ../isolated-runtime/lib/python3.13/site-packages/starlette/middleware/base.py:144: in coro
2026-09-10T03:32:00.2723629Z     await self.app(scope, receive_or_disconnect, send_no_error)
2026-09-10T03:32:00.2724110Z ../isolated-runtime/lib/python3.13/site-packages/starlette/middleware/base.py:191: in __call__
2026-09-10T03:32:00.2724334Z     with recv_stream, send_stream, collapse_excgroups():
2026-09-10T03:32:00.2724520Z                                    ^^^^^^^^^^^^^^^^^^^^
2026-09-10T03:32:00.2724940Z /opt/hostedtoolcache/Python/3.13.5/x64/lib/python3.13/contextlib.py:162: in __exit__
2026-09-10T03:32:00.2725071Z     self.gen.throw(value)
2026-09-10T03:32:00.2725722Z ../isolated-runtime/lib/python3.13/site-packages/starlette/_utils.py:85: in collapse_excgroups
2026-09-10T03:32:00.2725841Z     raise exc
2026-09-10T03:32:00.2726323Z ../isolated-runtime/lib/python3.13/site-packages/starlette/middleware/base.py:193: in __call__
2026-09-10T03:32:00.2726755Z     response = await self.dispatch_func(request, call_next)
2026-09-10T03:32:00.2726936Z                ^^^^^^^^^^^^^^^^^^^^^^^^^^^^^^^^^^^^^^^^^^^^
2026-09-10T03:32:00.2727136Z src/go_hotel/main.py:207: in dispatch
2026-09-10T03:32:00.2727306Z     response=await call_next(request)
2026-09-10T03:32:00.2727456Z              ^^^^^^^^^^^^^^^^^^^^^^^^
2026-09-10T03:32:00.2727954Z ../isolated-runtime/lib/python3.13/site-packages/starlette/middleware/base.py:168: in call_next
2026-09-10T03:32:00.2728208Z     raise app_exc from app_exc.__cause__ or app_exc.__context__
2026-09-10T03:32:00.2728665Z ../isolated-runtime/lib/python3.13/site-packages/starlette/middleware/base.py:144: in coro
2026-09-10T03:32:00.2728942Z     await self.app(scope, receive_or_disconnect, send_no_error)
2026-09-10T03:32:00.2729480Z ../isolated-runtime/lib/python3.13/site-packages/starlette/middleware/exceptions.py:63: in __call__
2026-09-10T03:32:00.2729809Z     await wrap_app_handling_exceptions(self.app, conn)(scope, receive, send)
2026-09-10T03:32:00.2730351Z ../isolated-runtime/lib/python3.13/site-packages/starlette/_exception_handler.py:53: in wrapped_app
2026-09-10T03:32:00.2730483Z     raise exc
2026-09-10T03:32:00.2731056Z ../isolated-runtime/lib/python3.13/site-packages/starlette/_exception_handler.py:42: in wrapped_app
2026-09-10T03:32:00.2731238Z     await app(scope, receive, sender)
2026-09-10T03:32:00.2731786Z ../isolated-runtime/lib/python3.13/site-packages/fastapi/middleware/asyncexitstack.py:18: in __call__
2026-09-10T03:32:00.2731963Z     await self.app(scope, receive, send)
2026-09-10T03:32:00.2732411Z ../isolated-runtime/lib/python3.13/site-packages/starlette/routing.py:716: in __call__
2026-09-10T03:32:00.2732833Z     await self.middleware_stack(scope, receive, send)
2026-09-10T03:32:00.2733260Z ../isolated-runtime/lib/python3.13/site-packages/starlette/routing.py:736: in app
2026-09-10T03:32:00.2733454Z     await route.handle(scope, receive, send)
2026-09-10T03:32:00.2733895Z ../isolated-runtime/lib/python3.13/site-packages/starlette/routing.py:290: in handle
2026-09-10T03:32:00.2734067Z     await self.app(scope, receive, send)
2026-09-10T03:32:00.2734488Z ../isolated-runtime/lib/python3.13/site-packages/fastapi/routing.py:115: in app
2026-09-10T03:32:00.2734818Z     await wrap_app_handling_exceptions(app, request)(scope, receive, send)
2026-09-10T03:32:00.2735493Z ../isolated-runtime/lib/python3.13/site-packages/starlette/_exception_handler.py:53: in wrapped_app
2026-09-10T03:32:00.2735622Z     raise exc
2026-09-10T03:32:00.2736133Z ../isolated-runtime/lib/python3.13/site-packages/starlette/_exception_handler.py:42: in wrapped_app
2026-09-10T03:32:00.2736311Z     await app(scope, receive, sender)
2026-09-10T03:32:00.2736726Z ../isolated-runtime/lib/python3.13/site-packages/fastapi/routing.py:101: in app
2026-09-10T03:32:00.2736885Z     response = await f(request)
2026-09-10T03:32:00.2737040Z                ^^^^^^^^^^^^^^^^
2026-09-10T03:32:00.2737444Z ../isolated-runtime/lib/python3.13/site-packages/fastapi/routing.py:355: in app
2026-09-10T03:32:00.2737652Z     raw_response = await run_endpoint_function(
2026-09-10T03:32:00.2738169Z ../isolated-runtime/lib/python3.13/site-packages/fastapi/routing.py:245: in run_endpoint_function
2026-09-10T03:32:00.2738435Z     return await run_in_threadpool(dependant.call, **values)
2026-09-10T03:32:00.2738632Z            ^^^^^^^^^^^^^^^^^^^^^^^^^^^^^^^^^^^^^^^^^^^^^^^^^
2026-09-10T03:32:00.2739163Z ../isolated-runtime/lib/python3.13/site-packages/starlette/concurrency.py:32: in run_in_threadpool
2026-09-10T03:32:00.2739368Z     return await anyio.to_thread.run_sync(func)
2026-09-10T03:32:00.2739533Z            ^^^^^^^^^^^^^^^^^^^^^^^^^^^^^^^^^^^^
2026-09-10T03:32:00.2739982Z ../isolated-runtime/lib/python3.13/site-packages/anyio/to_thread.py:63: in run_sync
2026-09-10T03:32:00.2740249Z     return await get_async_backend().run_sync_in_worker_thread(
2026-09-10T03:32:00.2740845Z ../isolated-runtime/lib/python3.13/site-packages/anyio/_backends/_asyncio.py:2518: in run_sync_in_worker_thread
2026-09-10T03:32:00.2741187Z     return await future
2026-09-10T03:32:00.2741316Z            ^^^^^^^^^^^^
2026-09-10T03:32:00.2741777Z ../isolated-runtime/lib/python3.13/site-packages/anyio/_backends/_asyncio.py:1002: in run
2026-09-10T03:32:00.2741958Z     result = context.run(func, *args)
2026-09-10T03:32:00.2742114Z              ^^^^^^^^^^^^^^^^^^^^^^^^
2026-09-10T03:32:00.2742422Z _ _ _ _ _ _ _ _ _ _ _ _ _ _ _ _ _ _ _ _ _ _ _ _ _ _ _ _ _ _ _ _ _ _ _ _ _ _ _ _ 
2026-09-10T03:32:00.2742437Z 
2026-09-10T03:32:00.2742625Z order_id = 'ord_7703d084c11e4c62'
2026-09-10T03:32:00.2742871Z quote_id = 'cq_450adff0509e406dbc2455aeeaf46f80'
2026-09-10T03:32:00.2744261Z p = Principal(user_id='usr_ddb62cea9e5f49b5a1a0c3d115412cf4', username='cash-fare14-owner@example.com', actor_type='CONSUM...df67f88df413444382cc458f58d6382e', permissions={'consumer:book', 'consumer:wallet', 'consumer:read', 'consumer:write'})
2026-09-10T03:32:00.2744276Z 
2026-09-10T03:32:00.2744620Z     @router.get('/v1/mobile/orders/{order_id}/cancellation-quotes/{quote_id}')
2026-09-10T03:32:00.2745055Z     def mobile_existing_cancel_quote(order_id:str,quote_id:str,p=Depends(consumer_principal)):
2026-09-10T03:32:00.2745587Z         """Read the exact displayed quote; never replace customer consent with a new quote."""
2026-09-10T03:32:00.2745775Z         assert_consumer_order(p,order_id)
2026-09-10T03:32:00.2746133Z         from go_hotel.services.catalog_cash_fare import checked_quote, quote_public
2026-09-10T03:32:00.2746313Z >       with SessionLocal() as s:
2026-09-10T03:32:00.2746447Z              ^^^^^^^^^^^^
2026-09-10T03:32:00.2746706Z E       NameError: name 'SessionLocal' is not defined
2026-09-10T03:32:00.2746718Z 
2026-09-10T03:32:00.2747124Z src/go_hotel/api/routes/mobile.py:96: NameError
2026-09-10T03:32:00.2747494Z ----------------------------- Captured stdout call -----------------------------
2026-09-10T03:32:00.2749083Z {"ts":"2026-09-10T03:31:52.873318+00:00","level":"INFO","logger":"go.runtime","message":"http_request","request_id":"req_d5e94968d71646b59ce772c24ceac900","trace_id":"tr_7d075e762330406db98e17fcff7f3f3b","path":"/v1/consumer/auth/register","method":"POST","status_code":200,"duration_ms":164.87}
2026-09-10T03:32:00.2749995Z {"ts":"2026-09-10T03:31:52.874085+00:00","level":"INFO","logger":"httpx","message":"HTTP Request: POST http://testserver/v1/consumer/auth/register \"HTTP/1.1 200 OK\""}
2026-09-10T03:32:00.2751636Z {"ts":"2026-09-10T03:31:52.954824+00:00","level":"INFO","logger":"go.runtime","message":"http_request","request_id":"req_70cd8d24167643bb8407d6d192ed7f12","trace_id":"tr_08eca2c9b80e4961a1fdf8e9bc5423a7","path":"/v1/mobile/auth/login","method":"POST","status_code":200,"duration_ms":79.73}
2026-09-10T03:32:00.2752547Z {"ts":"2026-09-10T03:31:52.955380+00:00","level":"INFO","logger":"httpx","message":"HTTP Request: POST http://testserver/v1/mobile/auth/login \"HTTP/1.1 200 OK\""}
2026-09-10T03:32:00.2754155Z {"ts":"2026-09-10T03:31:52.971460+00:00","level":"INFO","logger":"go.runtime","message":"http_request","request_id":"req_cac6d49fe42d4769980ceae0e975356c","trace_id":"tr_5165f3a6dc6142e9a5560d98054068c4","path":"/v1/search/hotels","method":"POST","status_code":200,"duration_ms":15.3}
2026-09-10T03:32:00.2755020Z {"ts":"2026-09-10T03:31:52.971991+00:00","level":"INFO","logger":"httpx","message":"HTTP Request: POST http://testserver/v1/search/hotels \"HTTP/1.1 200 OK\""}
2026-09-10T03:32:00.2756995Z {"ts":"2026-09-10T03:31:52.983183+00:00","level":"INFO","logger":"go.runtime","message":"http_request","request_id":"req_fc4e25796bf341a9ada35b1377253d6a","trace_id":"tr_be04081f13cc4b4aadb223aeebf22f29","path":"/v1/offers/off_15b769bb6e0743ad/prebook","method":"POST","status_code":200,"duration_ms":10.47}
2026-09-10T03:32:00.2758021Z {"ts":"2026-09-10T03:31:52.983692+00:00","level":"INFO","logger":"httpx","message":"HTTP Request: POST http://testserver/v1/offers/off_15b769bb6e0743ad/prebook \"HTTP/1.1 200 OK\""}
2026-09-10T03:32:00.2759659Z {"ts":"2026-09-10T03:31:52.996651+00:00","level":"INFO","logger":"go.runtime","message":"http_request","request_id":"req_4081a959b38c4154a7a7a2c9bee1f8c1","trace_id":"tr_8f3617d717b345aba0097c67031598f4","path":"/v1/consumer/orders","method":"POST","status_code":200,"duration_ms":12.26}
2026-09-10T03:32:00.2760755Z {"ts":"2026-09-10T03:31:52.997142+00:00","level":"INFO","logger":"httpx","message":"HTTP Request: POST http://testserver/v1/consumer/orders \"HTTP/1.1 200 OK\""}
2026-09-10T03:32:00.2762688Z {"ts":"2026-09-10T03:31:53.059984+00:00","level":"INFO","logger":"go.runtime","message":"http_request","request_id":"req_4ea507a2223544ab84f2f1aa29d5f8a7","trace_id":"tr_117fe60441e04452a9b3da695418cd11","path":"/v1/mobile/orders/ord_7703d084c11e4c62/cancellation-quote","method":"POST","status_code":200,"duration_ms":18.12}
2026-09-10T03:32:00.2763817Z {"ts":"2026-09-10T03:31:53.060512+00:00","level":"INFO","logger":"httpx","message":"HTTP Request: POST http://testserver/v1/mobile/orders/ord_7703d084c11e4c62/cancellation-quote \"HTTP/1.1 200 OK\""}
2026-09-10T03:32:00.2765847Z {"ts":"2026-09-10T03:31:53.078341+00:00","level":"INFO","logger":"go.runtime","message":"http_request","request_id":"req_319766a99e3849debaebe9291d0e0563","trace_id":"tr_0599e56355ef41a4bd7777948750acde","path":"/v1/mobile/orders/ord_7703d084c11e4c62/cancellation-quote","method":"POST","status_code":200,"duration_ms":17.11}
2026-09-10T03:32:00.2766978Z {"ts":"2026-09-10T03:31:53.078868+00:00","level":"INFO","logger":"httpx","message":"HTTP Request: POST http://testserver/v1/mobile/orders/ord_7703d084c11e4c62/cancellation-quote \"HTTP/1.1 200 OK\""}
2026-09-10T03:32:00.2855974Z {"ts":"2026-09-10T03:31:53.083166+00:00","level":"ERROR","logger":"go.runtime","message":"request_failed","trace_id":"tr_1628a2b82d1946f28d9ccd04d5a00cb3","path":"/v1/mobile/orders/ord_7703d084c11e4c62/cancellation-quotes/cq_450adff0509e406dbc2455aeeaf46f80","method":"GET","duration_ms":3.63,"exception":"  + Exception Group Traceback (most recent call last):\n  |   File \"/home/runner/work/GO/GO/isolated-runtime/lib/python3.13/site-packages/starlette/_utils.py\", line 79, in collapse_excgroups\n  |     yield\n  |   File \"/home/runner/work/GO/GO/isolated-runtime/lib/python3.13/site-packages/starlette/middleware/base.py\", line 192, in __call__\n  |     async with anyio.create_task_group() as task_group:\n  |                ~~~~~~~~~~~~~~~~~~~~~~~^^\n  |   File \"/home/runner/work/GO/GO/isolated-runtime/lib/python3.13/site-packages/anyio/_backends/_asyncio.py\", line 799, in __aexit__\n  |     raise BaseExceptionGroup(\n  |         \"unhandled errors in a TaskGroup\", self._exceptions\n  |     ) from None\n  | ExceptionGroup: unhandled errors in a TaskGroup (1 sub-exception)\n  +-+---------------- 1 ----------------\n    | Traceback (most recent call last):\n    |   File \"/home/runner/work/GO/GO/restored/src/go_hotel/main.py\", line 282, in dispatch\n    |     response=await call_next(request)\n    |              ^^^^^^^^^^^^^^^^^^^^^^^^\n    |   File \"/home/runner/work/GO/GO/isolated-runtime/lib/python3.13/site-packages/starlette/middleware/base.py\", line 168, in call_next\n    |     raise app_exc from app_exc.__cause__ or app_exc.__context__\n    |   File \"/home/runner/work/GO/GO/isolated-runtime/lib/python3.13/site-packages/starlette/middleware/base.py\", line 144, in coro\n    |     await self.app(scope, receive_or_disconnect, send_no_error)\n    |   File \"/home/runner/work/GO/GO/isolated-runtime/lib/python3.13/site-packages/starlette/middleware/base.py\", line 191, in __call__\n    |     with recv_stream, send_stream, collapse_excgroups():\n    |                                    ~~~~~~~~~~~~~~~~~~^^\n    |   File \"/opt/hostedtoolcache/Python/3.13.5/x64/lib/python3.13/contextlib.py\", line 162, in __exit__\n    |     self.gen.throw(value)\n    |     ~~~~~~~~~~~~~~^^^^^^^\n    |   File \"/home/runner/work/GO/GO/isolated-runtime/lib/python3.13/site-packages/starlette/_utils.py\", line 85, in collapse_excgroups\n    |     raise exc\n    |   File \"/home/runner/work/GO/GO/isolated-runtime/lib/python3.13/site-packages/starlette/middleware/base.py\", line 193, in __call__\n    |     response = await self.dispatch_func(request, call_next)\n    |                ^^^^^^^^^^^^^^^^^^^^^^^^^^^^^^^^^^^^^^^^^^^^\n    |   File \"/home/runner/work/GO/GO/restored/src/go_hotel/main.py\", line 253, in dispatch\n    |     response=await call_next(request)\n    |              ^^^^^^^^^^^^^^^^^^^^^^^^\n    |   File \"/home/runner/work/GO/GO/isolated-runtime/lib/python3.13/site-packages/starlette/middleware/base.py\", line 168, in call_next\n    |     raise app_exc from app_exc.__cause__ or app_exc.__context__\n    |   File \"/home/runner/work/GO/GO/isolated-runtime/lib/python3.13/site-packages/starlette/middleware/base.py\", line 144, in coro\n    |     await self.app(scope, receive_or_disconnect, send_no_error)\n    |   File \"/home/runner/work/GO/GO/isolated-runtime/lib/python3.13/site-packages/starlette/middleware/base.py\", line 191, in __call__\n    |     with recv_stream, send_stream, collapse_excgroups():\n    |                                    ~~~~~~~~~~~~~~~~~~^^\n    |   File \"/opt/hostedtoolcache/Python/3.13.5/x64/lib/python3.13/contextlib.py\", line 162, in __exit__\n    |     self.gen.throw(value)\n    |     ~~~~~~~~~~~~~~^^^^^^^\n    |   File \"/home/runner/work/GO/GO/isolated-runtime/lib/python3.13/site-packages/starlette/_utils.py\", line 85, in collapse_excgroups\n    |     raise exc\n    |   File \"/home/runner/work/GO/GO/isolated-runtime/lib/python3.13/site-packages/starlette/middleware/base.py\", line 193, in __call__\n    |     response = await self.dispatch_func(request, call_next)\n    |                ^^^^^^^^^^^^^^^^^^^^^^^^^^^^^^^^^^^^^^^^^^^^\n    |   File \"/home/runner/work/GO/GO/restored/src/go_hotel/main.py\", line 207, in dispatch\n    |     response=await call_next(request)\n    |              ^^^^^^^^^^^^^^^^^^^^^^^^\n    |   File \"/home/runner/work/GO/GO/isolated-runtime/lib/python3.13/site-packages/starlette/middleware/base.py\", line 168, in call_next\n    |     raise app_exc from app_exc.__cause__ or app_exc.__context__\n    |   File \"/home/runner/work/GO/GO/isolated-runtime/lib/python3.13/site-packages/starlette/middleware/base.py\", line 144, in coro\n    |     await self.app(scope, receive_or_disconnect, send_no_error)\n    |   File \"/home/runner/work/GO/GO/isolated-runtime/lib/python3.13/site-packages/starlette/middleware/exceptions.py\", line 63, in __call__\n    |     await wrap_app_handling_exceptions(self.app, conn)(scope, receive, send)\n    |   File \"/home/runner/work/GO/GO/isolated-runtime/lib/python3.13/site-packages/starlette/_exception_handler.py\", line 53, in wrapped_app\n    |     raise exc\n    |   File \"/home/runner/work/GO/GO/isolated-runtime/lib/python3.13/site-packages/starlette/_exception_handler.py\", line 42, in wrapped_app\n    |     await app(scope, receive, sender)\n    |   File \"/home/runner/work/GO/GO/isolated-runtime/lib/python3.13/site-packages/fastapi/middleware/asyncexitstack.py\", line 18, in __call__\n    |     await self.app(scope, receive, send)\n    |   File \"/home/runner/work/GO/GO/isolated-runtime/lib/python3.13/site-packages/starlette/routing.py\", line 716, in __call__\n    |     await self.middleware_stack(scope, receive, send)\n    |   File \"/home/runner/work/GO/GO/isolated-runtime/lib/python3.13/site-packages/starlette/routing.py\", line 736, in app\n    |     await route.handle(scope, receive, send)\n    |   File \"/home/runner/work/GO/GO/isolated-runtime/lib/python3.13/site-packages/starlette/routing.py\", line 290, in handle\n    |     await self.app(scope, receive, send)\n    |   File \"/home/runner/work/GO/GO/isolated-runtime/lib/python3.13/site-packages/fastapi/routing.py\", line 115, in app\n    |     await wrap_app_handling_exceptions(app, request)(scope, receive, send)\n    |   File \"/home/runner/work/GO/GO/isolated-runtime/lib/python3.13/site-packages/starlette/_exception_handler.py\", line 53, in wrapped_app\n    |     raise exc\n    |   File \"/home/runner/work/GO/GO/isolated-runtime/lib/python3.13/site-packages/starlette/_exception_handler.py\", line 42, in wrapped_app\n    |     await app(scope, receive, sender)\n    |   File \"/home/runner/work/GO/GO/isolated-runtime/lib/python3.13/site-packages/fastapi/routing.py\", line 101, in app\n    |     response = await f(request)\n    |                ^^^^^^^^^^^^^^^^\n    |   File \"/home/runner/work/GO/GO/isolated-runtime/lib/python3.13/site-packages/fastapi/routing.py\", line 355, in app\n    |     raw_response = await run_endpoint_function(\n    |                    ^^^^^^^^^^^^^^^^^^^^^^^^^^^^\n    |     ...<3 lines>...\n    |     )\n    |     ^\n    |   File \"/home/runner/work/GO/GO/isolated-runtime/lib/python3.13/site-packages/fastapi/routing.py\", line 245, in run_endpoint_function\n    |     return await run_in_threadpool(dependant.call, **values)\n    |            ^^^^^^^^^^^^^^^^^^^^^^^^^^^^^^^^^^^^^^^^^^^^^^^^^\n    |   File \"/home/runner/work/GO/GO/isolated-runtime/lib/python3.13/site-packages/starlette/concurrency.py\", line 32, in run_in_threadpool\n    |     return await anyio.to_thread.run_sync(func)\n    |            ^^^^^^^^^^^^^^^^^^^^^^^^^^^^^^^^^^^^\n    |   File \"/home/runner/work/GO/GO/isolated-runtime/lib/python3.13/site-packages/anyio/to_thread.py\", line 63, in run_sync\n    |     return await get_async_backend().run_sync_in_worker_thread(\n    |            ^^^^^^^^^^^^^^^^^^^^^^^^^^^^^^^^^^^^^^^^^^^^^^^^^^^^\n    |         func, args, abandon_on_cancel=abandon_on_cancel, limiter=limiter\n    |         ^^^^^^^^^^^^^^^^^^^^^^^^^^^^^^^^^^^^^^^^^^^^^^^^^^^^^^^^^^^^^^^^\n    |     )\n    |     ^\n    |   File \"/home/runner/work/GO/GO/isolated-runtime/lib/python3.13/site-packages/anyio/_backends/_asyncio.py\", line 2518, in run_sync_in_worker_thread\n    |     return await future\n    |            ^^^^^^^^^^^^\n    |   File \"/home/runner/work/GO/GO/isolated-runtime/lib/python3.13/site-packages/anyio/_backends/_asyncio.py\", line 1002, in run\n    |     result = context.run(func, *args)\n    |   File \"/home/runner/work/GO/GO/restored/src/go_hotel/api/routes/mobile.py\", line 96, in mobile_existing_cancel_quote\n    |     with SessionLocal() as s:\n    |          ^^^^^^^^^^^^\n    | NameError: name 'SessionLocal' is not defined\n    +------------------------------------\n\nThe above exception was the direct cause of the following exception:\n\nTraceback (most recent call last):\n  File \"/home/runner/work/GO/GO/restored/src/go_hotel/main.py\", line 282, in dispatch\n    response=await call_next(request)\n             ^^^^^^^^^^^^^^^^^^^^^^^^\n  File \"/home/runner/work/GO/GO/isolated-runtime/lib/python3.13/site-packages/starlette/middleware/base.py\", line 168, in call_next\n    raise app_exc from app_exc.__cause__ or app_exc.__context__\n  File \"/home/runner/work/GO/GO/isolated-runtime/lib/python3.13/site-packages/starlette/middleware/base.py\", line 144, in coro\n    await self.app(scope, receive_or_disconnect, send_no_error)\n  File \"/home/runner/work/GO/GO/isolated-runtime/lib/python3.13/site-packages/starlette/middleware/base.py\", line 191, in __call__\n    with recv_stream, send_stream, collapse_excgroups():\n                                   ~~~~~~~~~~~~~~~~~~^^\n  File \"/opt/hostedtoolcache/Python/3.13.5/x64/lib/python3.13/contextlib.py\", line 162, in __exit__\n    self.gen.throw(value)\n    ~~~~~~~~~~~~~~^^^^^^^\n  File \"/home/runner/work/GO/GO/isolated-runtime/lib/python3.13/site-packages/starlette/_utils.py\", line 85, in collapse_excgroups\n    raise exc\n  File \"/home/runner/work/GO/GO/isolated-runtime/lib/python3.13/site-packages/starlette/middleware/base.py\", line 193, in __call__\n    response = await self.dispatch_func(request, call_next)\n               ^^^^^^^^^^^^^^^^^^^^^^^^^^^^^^^^^^^^^^^^^^^^\n  File \"/home/runner/work/GO/GO/restored/src/go_hotel/main.py\", line 253, in dispatch\n    response=await call_next(request)\n             ^^^^^^^^^^^^^^^^^^^^^^^^\n  File \"/home/runner/work/GO/GO/isolated-runtime/lib/python3.13/site-packages/starlette/middleware/base.py\", line 168, in call_next\n    raise app_exc from app_exc.__cause__ or app_exc.__context__\n  File \"/home/runner/work/GO/GO/isolated-runtime/lib/python3.13/site-packages/starlette/middleware/base.py\", line 144, in coro\n    await self.app(scope, receive_or_disconnect, send_no_error)\n  File \"/home/runner/work/GO/GO/isolated-runtime/lib/python3.13/site-packages/starlette/middleware/base.py\", line 191, in __call__\n    with recv_stream, send_stream, collapse_excgroups():\n                                   ~~~~~~~~~~~~~~~~~~^^\n  File \"/opt/hostedtoolcache/Python/3.13.5/x64/lib/python3.13/contextlib.py\", line 162, in __exit__\n    self.gen.throw(value)\n    ~~~~~~~~~~~~~~^^^^^^^\n  File \"/home/runner/work/GO/GO/isolated-runtime/lib/python3.13/site-packages/starlette/_utils.py\", line 85, in collapse_excgroups\n    raise exc\n  File \"/home/runner/work/GO/GO/isolated-runtime/lib/python3.13/site-packages/starlette/middleware/base.py\", line 193, in __call__\n    response = await self.dispatch_func(request, call_next)\n               ^^^^^^^^^^^^^^^^^^^^^^^^^^^^^^^^^^^^^^^^^^^^\n  File \"/home/runner/work/GO/GO/restored/src/go_hotel/main.py\", line 207, in dispatch\n    response=await call_next(request)\n             ^^^^^^^^^^^^^^^^^^^^^^^^\n  File \"/home/runner/work/GO/GO/isolated-runtime/lib/python3.13/site-packages/starlette/middleware/base.py\", line 168, in call_next\n    raise app_exc from app_exc.__cause__ or app_exc.__context__\n  File \"/home/runner/work/GO/GO/isolated-runtime/lib/python3.13/site-packages/starlette/middleware/base.py\", line 144, in coro\n    await self.app(scope, receive_or_disconnect, send_no_error)\n  File \"/home/runner/work/GO/GO/isolated-runtime/lib/python3.13/site-packages/starlette/middleware/exceptions.py\", line 63, in __call__\n    await wrap_app_handling_exceptions(self.app, conn)(scope, receive, send)\n  File \"/home/runner/work/GO/GO/isolated-runtime/lib/python3.13/site-packages/starlette/_exception_handler.py\", line 53, in wrapped_app\n    raise exc\n  File \"/home/runner/work/GO/GO/isolated-runtime/lib/python3.13/site-packages/starlette/_exception_handler.py\", line 42, in wrapped_app\n    await app(scope, receive, sender)\n  File \"/home/runner/work/GO/GO/isolated-runtime/lib/python3.13/site-packages/fastapi/middleware/asyncexitstack.py\", line 18, in __call__\n    await self.app(scope, receive, send)\n  File \"/home/runner/work/GO/GO/isolated-runtime/lib/python3.13/site-packages/starlette/routing.py\", line 716, in __call__\n    await self.middleware_stack(scope, receive, send)\n  File \"/home/runner/work/GO/GO/isolated-runtime/lib/python3.13/site-packages/starlette/routing.py\", line 736, in app\n    await route.handle(scope, receive, send)\n  File \"/home/runner/work/GO/GO/isolated-runtime/lib/python3.13/site-packages/starlette/routing.py\", line 290, in handle\n    await self.app(scope, receive, send)\n  File \"/home/runner/work/GO/GO/isolated-runtime/lib/python3.13/site-packages/fastapi/routing.py\", line 115, in app\n    await wrap_app_handling_exceptions(app, request)(scope, receive, send)\n  File \"/home/runner/work/GO/GO/isolated-runtime/lib/python3.13/site-packages/starlette/_exception_handler.py\", line 53, in wrapped_app\n    raise exc\n  File \"/home/runner/work/GO/GO/isolated-runtime/lib/python3.13/site-packages/starlette/_exception_handler.py\", line 42, in wrapped_app\n    await app(scope, receive, sender)\n  File \"/home/runner/work/GO/GO/isolated-runtime/lib/python3.13/site-packages/fastapi/routing.py\", line 101, in app\n    response = await f(request)\n               ^^^^^^^^^^^^^^^^\n  File \"/home/runner/work/GO/GO/isolated-runtime/lib/python3.13/site-packages/fastapi/routing.py\", line 355, in app\n    raw_response = await run_endpoint_function(\n                   ^^^^^^^^^^^^^^^^^^^^^^^^^^^^\n    ...<3 lines>...\n    )\n    ^\n  File \"/home/runner/work/GO/GO/isolated-runtime/lib/python3.13/site-packages/fastapi/routing.py\", line 245, in run_endpoint_function\n    return await run_in_threadpool(dependant.call, **values)\n           ^^^^^^^^^^^^^^^^^^^^^^^^^^^^^^^^^^^^^^^^^^^^^^^^^\n  File \"/home/runner/work/GO/GO/isolated-runtime/lib/python3.13/site-packages/starlette/concurrency.py\", line 32, in run_in_threadpool\n    return await anyio.to_thread.run_sync(func)\n           ^^^^^^^^^^^^^^^^^^^^^^^^^^^^^^^^^^^^\n  File \"/home/runner/work/GO/GO/isolated-runtime/lib/python3.13/site-packages/anyio/to_thread.py\", line 63, in run_sync\n    return await get_async_backend().run_sync_in_worker_thread(\n           ^^^^^^^^^^^^^^^^^^^^^^^^^^^^^^^^^^^^^^^^^^^^^^^^^^^^\n        func, args, abandon_on_cancel=abandon_on_cancel, limiter=limiter\n        ^^^^^^^^^^^^^^^^^^^^^^^^^^^^^^^^^^^^^^^^^^^^^^^^^^^^^^^^^^^^^^^^\n    )\n    ^\n  File \"/home/runner/work/GO/GO/isolated-runtime/lib/python3.13/site-packages/anyio/_backends/_asyncio.py\", line 2518, in run_sync_in_worker_thread\n    return await future\n           ^^^^^^^^^^^^\n  File \"/home/runner/work/GO/GO/isolated-runtime/lib/python3.13/site-packages/anyio/_backends/_asyncio.py\", line 1002, in run\n    result = context.run(func, *args)\n  File \"/home/runner/work/GO/GO/restored/src/go_hotel/api/routes/mobile.py\", line 96, in mobile_existing_cancel_quote\n    with SessionLocal() as s:\n         ^^^^^^^^^^^^\nNameError: name 'SessionLocal' is not defined"}
2026-09-10T03:32:00.2857052Z ------------------------------ Captured log call -------------------------------
2026-09-10T03:32:00.2857309Z INFO     go.runtime:main.py:293 http_request
2026-09-10T03:32:00.2857975Z INFO     httpx:_client.py:1025 HTTP Request: POST http://testserver/v1/consumer/auth/register "HTTP/1.1 200 OK"
2026-09-10T03:32:00.2858214Z INFO     go.runtime:main.py:293 http_request
2026-09-10T03:32:00.2858796Z INFO     httpx:_client.py:1025 HTTP Request: POST http://testserver/v1/mobile/auth/login "HTTP/1.1 200 OK"
2026-09-10T03:32:00.2859056Z INFO     go.runtime:main.py:293 http_request
2026-09-10T03:32:00.2859788Z INFO     httpx:_client.py:1025 HTTP Request: POST http://testserver/v1/search/hotels "HTTP/1.1 200 OK"
2026-09-10T03:32:00.2860028Z INFO     go.runtime:main.py:293 http_request
2026-09-10T03:32:00.2860719Z INFO     httpx:_client.py:1025 HTTP Request: POST http://testserver/v1/offers/off_15b769bb6e0743ad/prebook "HTTP/1.1 200 OK"
2026-09-10T03:32:00.2860950Z INFO     go.runtime:main.py:293 http_request
2026-09-10T03:32:00.2861518Z INFO     httpx:_client.py:1025 HTTP Request: POST http://testserver/v1/consumer/orders "HTTP/1.1 200 OK"
2026-09-10T03:32:00.2861745Z INFO     go.runtime:main.py:293 http_request
2026-09-10T03:32:00.2862556Z INFO     httpx:_client.py:1025 HTTP Request: POST http://testserver/v1/mobile/orders/ord_7703d084c11e4c62/cancellation-quote "HTTP/1.1 200 OK"
2026-09-10T03:32:00.2862795Z INFO     go.runtime:main.py:293 http_request
2026-09-10T03:32:00.2863575Z INFO     httpx:_client.py:1025 HTTP Request: POST http://testserver/v1/mobile/orders/ord_7703d084c11e4c62/cancellation-quote "HTTP/1.1 200 OK"
2026-09-10T03:32:00.2863833Z ERROR    go.runtime:main.py:285 request_failed
2026-09-10T03:32:00.2864098Z   + Exception Group Traceback (most recent call last):
2026-09-10T03:32:00.2864794Z   |   File "/home/runner/work/GO/GO/isolated-runtime/lib/python3.13/site-packages/starlette/_utils.py", line 79, in collapse_excgroups
2026-09-10T03:32:00.2864918Z   |     yield
2026-09-10T03:32:00.2865782Z   |   File "/home/runner/work/GO/GO/isolated-runtime/lib/python3.13/site-packages/starlette/middleware/base.py", line 192, in __call__
2026-09-10T03:32:00.2866055Z   |     async with anyio.create_task_group() as task_group:
2026-09-10T03:32:00.2866222Z   |                ~~~~~~~~~~~~~~~~~~~~~~~^^
2026-09-10T03:32:00.2866876Z   |   File "/home/runner/work/GO/GO/isolated-runtime/lib/python3.13/site-packages/anyio/_backends/_asyncio.py", line 799, in __aexit__
2026-09-10T03:32:00.2867077Z   |     raise BaseExceptionGroup(
2026-09-10T03:32:00.2867354Z   |         "unhandled errors in a TaskGroup", self._exceptions
2026-09-10T03:32:00.2867493Z   |     ) from None
2026-09-10T03:32:00.2867837Z   | ExceptionGroup: unhandled errors in a TaskGroup (1 sub-exception)
2026-09-10T03:32:00.2868015Z   +-+---------------- 1 ----------------
2026-09-10T03:32:00.2868397Z     | Traceback (most recent call last):
2026-09-10T03:32:00.2868825Z     |   File "/home/runner/work/GO/GO/restored/src/go_hotel/main.py", line 282, in dispatch
2026-09-10T03:32:00.2869014Z     |     response=await call_next(request)
2026-09-10T03:32:00.2869190Z     |              ^^^^^^^^^^^^^^^^^^^^^^^^
2026-09-10T03:32:00.2869885Z     |   File "/home/runner/work/GO/GO/isolated-runtime/lib/python3.13/site-packages/starlette/middleware/base.py", line 168, in call_next
2026-09-10T03:32:00.2870178Z     |     raise app_exc from app_exc.__cause__ or app_exc.__context__
2026-09-10T03:32:00.2870827Z     |   File "/home/runner/work/GO/GO/isolated-runtime/lib/python3.13/site-packages/starlette/middleware/base.py", line 144, in coro
2026-09-10T03:32:00.2871138Z     |     await self.app(scope, receive_or_disconnect, send_no_error)
2026-09-10T03:32:00.2871780Z     |   File "/home/runner/work/GO/GO/isolated-runtime/lib/python3.13/site-packages/starlette/middleware/base.py", line 191, in __call__
2026-09-10T03:32:00.2872070Z     |     with recv_stream, send_stream, collapse_excgroups():
2026-09-10T03:32:00.2872291Z     |                                    ~~~~~~~~~~~~~~~~~~^^
2026-09-10T03:32:00.2872784Z     |   File "/opt/hostedtoolcache/Python/3.13.5/x64/lib/python3.13/contextlib.py", line 162, in __exit__
2026-09-10T03:32:00.2872969Z     |     self.gen.throw(value)
2026-09-10T03:32:00.2873128Z     |     ~~~~~~~~~~~~~~^^^^^^^
2026-09-10T03:32:00.2873817Z     |   File "/home/runner/work/GO/GO/isolated-runtime/lib/python3.13/site-packages/starlette/_utils.py", line 85, in collapse_excgroups
2026-09-10T03:32:00.2873962Z     |     raise exc
2026-09-10T03:32:00.2874827Z     |   File "/home/runner/work/GO/GO/isolated-runtime/lib/python3.13/site-packages/starlette/middleware/base.py", line 193, in __call__
2026-09-10T03:32:00.2875122Z     |     response = await self.dispatch_func(request, call_next)
2026-09-10T03:32:00.2875494Z     |                ^^^^^^^^^^^^^^^^^^^^^^^^^^^^^^^^^^^^^^^^^^^^
2026-09-10T03:32:00.2875915Z     |   File "/home/runner/work/GO/GO/restored/src/go_hotel/main.py", line 253, in dispatch
2026-09-10T03:32:00.2876113Z     |     response=await call_next(request)
2026-09-10T03:32:00.2876294Z     |              ^^^^^^^^^^^^^^^^^^^^^^^^
2026-09-10T03:32:00.2876965Z     |   File "/home/runner/work/GO/GO/isolated-runtime/lib/python3.13/site-packages/starlette/middleware/base.py", line 168, in call_next
2026-09-10T03:32:00.2877250Z     |     raise app_exc from app_exc.__cause__ or app_exc.__context__
2026-09-10T03:32:00.2877894Z     |   File "/home/runner/work/GO/GO/isolated-runtime/lib/python3.13/site-packages/starlette/middleware/base.py", line 144, in coro
2026-09-10T03:32:00.2878180Z     |     await self.app(scope, receive_or_disconnect, send_no_error)
2026-09-10T03:32:00.2878869Z     |   File "/home/runner/work/GO/GO/isolated-runtime/lib/python3.13/site-packages/starlette/middleware/base.py", line 191, in __call__
2026-09-10T03:32:00.2879131Z     |     with recv_stream, send_stream, collapse_excgroups():
2026-09-10T03:32:00.2879368Z     |                                    ~~~~~~~~~~~~~~~~~~^^
2026-09-10T03:32:00.2879845Z     |   File "/opt/hostedtoolcache/Python/3.13.5/x64/lib/python3.13/contextlib.py", line 162, in __exit__
2026-09-10T03:32:00.2880018Z     |     self.gen.throw(value)
2026-09-10T03:32:00.2880185Z     |     ~~~~~~~~~~~~~~^^^^^^^
2026-09-10T03:32:00.2880861Z     |   File "/home/runner/work/GO/GO/isolated-runtime/lib/python3.13/site-packages/starlette/_utils.py", line 85, in collapse_excgroups
2026-09-10T03:32:00.2880986Z     |     raise exc
2026-09-10T03:32:00.2881632Z     |   File "/home/runner/work/GO/GO/isolated-runtime/lib/python3.13/site-packages/starlette/middleware/base.py", line 193, in __call__
2026-09-10T03:32:00.2881932Z     |     response = await self.dispatch_func(request, call_next)
2026-09-10T03:32:00.2882142Z     |                ^^^^^^^^^^^^^^^^^^^^^^^^^^^^^^^^^^^^^^^^^^^^
2026-09-10T03:32:00.2882571Z     |   File "/home/runner/work/GO/GO/restored/src/go_hotel/main.py", line 207, in dispatch
2026-09-10T03:32:00.2882968Z     |     response=await call_next(request)
2026-09-10T03:32:00.2883133Z     |              ^^^^^^^^^^^^^^^^^^^^^^^^
2026-09-10T03:32:00.2883808Z     |   File "/home/runner/work/GO/GO/isolated-runtime/lib/python3.13/site-packages/starlette/middleware/base.py", line 168, in call_next
2026-09-10T03:32:00.2884089Z     |     raise app_exc from app_exc.__cause__ or app_exc.__context__
2026-09-10T03:32:00.2884702Z     |   File "/home/runner/work/GO/GO/isolated-runtime/lib/python3.13/site-packages/starlette/middleware/base.py", line 144, in coro
2026-09-10T03:32:00.2885029Z     |     await self.app(scope, receive_or_disconnect, send_no_error)
2026-09-10T03:32:00.2885894Z     |   File "/home/runner/work/GO/GO/isolated-runtime/lib/python3.13/site-packages/starlette/middleware/exceptions.py", line 63, in __call__
2026-09-10T03:32:00.2886256Z     |     await wrap_app_handling_exceptions(self.app, conn)(scope, receive, send)
2026-09-10T03:32:00.2886967Z     |   File "/home/runner/work/GO/GO/isolated-runtime/lib/python3.13/site-packages/starlette/_exception_handler.py", line 53, in wrapped_app
2026-09-10T03:32:00.2887105Z     |     raise exc
2026-09-10T03:32:00.2887774Z     |   File "/home/runner/work/GO/GO/isolated-runtime/lib/python3.13/site-packages/starlette/_exception_handler.py", line 42, in wrapped_app
2026-09-10T03:32:00.2887969Z     |     await app(scope, receive, sender)
2026-09-10T03:32:00.2888685Z     |   File "/home/runner/work/GO/GO/isolated-runtime/lib/python3.13/site-packages/fastapi/middleware/asyncexitstack.py", line 18, in __call__
2026-09-10T03:32:00.2888892Z     |     await self.app(scope, receive, send)
2026-09-10T03:32:00.2889684Z     |   File "/home/runner/work/GO/GO/isolated-runtime/lib/python3.13/site-packages/starlette/routing.py", line 716, in __call__
2026-09-10T03:32:00.2889967Z     |     await self.middleware_stack(scope, receive, send)
2026-09-10T03:32:00.2890559Z     |   File "/home/runner/work/GO/GO/isolated-runtime/lib/python3.13/site-packages/starlette/routing.py", line 736, in app
2026-09-10T03:32:00.2890793Z     |     await route.handle(scope, receive, send)
2026-09-10T03:32:00.2891392Z     |   File "/home/runner/work/GO/GO/isolated-runtime/lib/python3.13/site-packages/starlette/routing.py", line 290, in handle
2026-09-10T03:32:00.2891590Z     |     await self.app(scope, receive, send)
2026-09-10T03:32:00.2892183Z     |   File "/home/runner/work/GO/GO/isolated-runtime/lib/python3.13/site-packages/fastapi/routing.py", line 115, in app
2026-09-10T03:32:00.2892535Z     |     await wrap_app_handling_exceptions(app, request)(scope, receive, send)
2026-09-10T03:32:00.2893250Z     |   File "/home/runner/work/GO/GO/isolated-runtime/lib/python3.13/site-packages/starlette/_exception_handler.py", line 53, in wrapped_app
2026-09-10T03:32:00.2893381Z     |     raise exc
2026-09-10T03:32:00.2894063Z     |   File "/home/runner/work/GO/GO/isolated-runtime/lib/python3.13/site-packages/starlette/_exception_handler.py", line 42, in wrapped_app
2026-09-10T03:32:00.2894260Z     |     await app(scope, receive, sender)
2026-09-10T03:32:00.2894826Z     |   File "/home/runner/work/GO/GO/isolated-runtime/lib/python3.13/site-packages/fastapi/routing.py", line 101, in app
2026-09-10T03:32:00.2895018Z     |     response = await f(request)
2026-09-10T03:32:00.2895187Z     |                ^^^^^^^^^^^^^^^^
2026-09-10T03:32:00.2895908Z     |   File "/home/runner/work/GO/GO/isolated-runtime/lib/python3.13/site-packages/fastapi/routing.py", line 355, in app
2026-09-10T03:32:00.2896130Z     |     raw_response = await run_endpoint_function(
2026-09-10T03:32:00.2896331Z     |                    ^^^^^^^^^^^^^^^^^^^^^^^^^^^^
2026-09-10T03:32:00.2896466Z     |     ...<3 lines>...
2026-09-10T03:32:00.2896595Z     |     )
2026-09-10T03:32:00.2896718Z     |     ^
2026-09-10T03:32:00.2897396Z     |   File "/home/runner/work/GO/GO/isolated-runtime/lib/python3.13/site-packages/fastapi/routing.py", line 245, in run_endpoint_function
2026-09-10T03:32:00.2897867Z     |     return await run_in_threadpool(dependant.call, **values)
2026-09-10T03:32:00.2898098Z     |            ^^^^^^^^^^^^^^^^^^^^^^^^^^^^^^^^^^^^^^^^^^^^^^^^^
2026-09-10T03:32:00.2898793Z     |   File "/home/runner/work/GO/GO/isolated-runtime/lib/python3.13/site-packages/starlette/concurrency.py", line 32, in run_in_threadpool
2026-09-10T03:32:00.2899014Z     |     return await anyio.to_thread.run_sync(func)
2026-09-10T03:32:00.2899196Z     |            ^^^^^^^^^^^^^^^^^^^^^^^^^^^^^^^^^^^^
2026-09-10T03:32:00.2899789Z     |   File "/home/runner/work/GO/GO/isolated-runtime/lib/python3.13/site-packages/anyio/to_thread.py", line 63, in run_sync
2026-09-10T03:32:00.2900091Z     |     return await get_async_backend().run_sync_in_worker_thread(
2026-09-10T03:32:00.2900324Z     |            ^^^^^^^^^^^^^^^^^^^^^^^^^^^^^^^^^^^^^^^^^^^^^^^^^^^^
2026-09-10T03:32:00.2900633Z     |         func, args, abandon_on_cancel=abandon_on_cancel, limiter=limiter
2026-09-10T03:32:00.2900874Z     |         ^^^^^^^^^^^^^^^^^^^^^^^^^^^^^^^^^^^^^^^^^^^^^^^^^^^^^^^^^^^^^^^^
2026-09-10T03:32:00.2901005Z     |     )
2026-09-10T03:32:00.2901119Z     |     ^
2026-09-10T03:32:00.2901870Z     |   File "/home/runner/work/GO/GO/isolated-runtime/lib/python3.13/site-packages/anyio/_backends/_asyncio.py", line 2518, in run_sync_in_worker_thread
2026-09-10T03:32:00.2902018Z     |     return await future
2026-09-10T03:32:00.2902141Z     |            ^^^^^^^^^^^^
2026-09-10T03:32:00.2902771Z     |   File "/home/runner/work/GO/GO/isolated-runtime/lib/python3.13/site-packages/anyio/_backends/_asyncio.py", line 1002, in run
2026-09-10T03:32:00.2902965Z     |     result = context.run(func, *args)
2026-09-10T03:32:00.2903728Z     |   File "/home/runner/work/GO/GO/restored/src/go_hotel/api/routes/mobile.py", line 96, in mobile_existing_cancel_quote
2026-09-10T03:32:00.2903911Z     |     with SessionLocal() as s:
2026-09-10T03:32:00.2904048Z     |          ^^^^^^^^^^^^
2026-09-10T03:32:00.2904259Z     | NameError: name 'SessionLocal' is not defined
2026-09-10T03:32:00.2904442Z     +------------------------------------
2026-09-10T03:32:00.2904459Z 
2026-09-10T03:32:00.2904825Z The above exception was the direct cause of the following exception:
2026-09-10T03:32:00.2904837Z 
2026-09-10T03:32:00.2905039Z Traceback (most recent call last):
2026-09-10T03:32:00.2905607Z   File "/home/runner/work/GO/GO/restored/src/go_hotel/main.py", line 282, in dispatch
2026-09-10T03:32:00.2905805Z     response=await call_next(request)
2026-09-10T03:32:00.2905962Z              ^^^^^^^^^^^^^^^^^^^^^^^^
2026-09-10T03:32:00.2906617Z   File "/home/runner/work/GO/GO/isolated-runtime/lib/python3.13/site-packages/starlette/middleware/base.py", line 168, in call_next
2026-09-10T03:32:00.2906956Z     raise app_exc from app_exc.__cause__ or app_exc.__context__
2026-09-10T03:32:00.2907625Z   File "/home/runner/work/GO/GO/isolated-runtime/lib/python3.13/site-packages/starlette/middleware/base.py", line 144, in coro
2026-09-10T03:32:00.2907898Z     await self.app(scope, receive_or_disconnect, send_no_error)
2026-09-10T03:32:00.2908576Z   File "/home/runner/work/GO/GO/isolated-runtime/lib/python3.13/site-packages/starlette/middleware/base.py", line 191, in __call__
2026-09-10T03:32:00.2908837Z     with recv_stream, send_stream, collapse_excgroups():
2026-09-10T03:32:00.2909039Z                                    ~~~~~~~~~~~~~~~~~~^^
2026-09-10T03:32:00.2909741Z   File "/opt/hostedtoolcache/Python/3.13.5/x64/lib/python3.13/contextlib.py", line 162, in __exit__
2026-09-10T03:32:00.2909890Z     self.gen.throw(value)
2026-09-10T03:32:00.2910024Z     ~~~~~~~~~~~~~~^^^^^^^
2026-09-10T03:32:00.2910681Z   File "/home/runner/work/GO/GO/isolated-runtime/lib/python3.13/site-packages/starlette/_utils.py", line 85, in collapse_excgroups
2026-09-10T03:32:00.2910826Z     raise exc
2026-09-10T03:32:00.2911474Z   File "/home/runner/work/GO/GO/isolated-runtime/lib/python3.13/site-packages/starlette/middleware/base.py", line 193, in __call__
2026-09-10T03:32:00.2911734Z     response = await self.dispatch_func(request, call_next)
2026-09-10T03:32:00.2912135Z                ^^^^^^^^^^^^^^^^^^^^^^^^^^^^^^^^^^^^^^^^^^^^
2026-09-10T03:32:00.2912523Z   File "/home/runner/work/GO/GO/restored/src/go_hotel/main.py", line 253, in dispatch
2026-09-10T03:32:00.2912713Z     response=await call_next(request)
2026-09-10T03:32:00.2912869Z              ^^^^^^^^^^^^^^^^^^^^^^^^
2026-09-10T03:32:00.2913548Z   File "/home/runner/work/GO/GO/isolated-runtime/lib/python3.13/site-packages/starlette/middleware/base.py", line 168, in call_next
2026-09-10T03:32:00.2913865Z     raise app_exc from app_exc.__cause__ or app_exc.__context__
2026-09-10T03:32:00.2914498Z   File "/home/runner/work/GO/GO/isolated-runtime/lib/python3.13/site-packages/starlette/middleware/base.py", line 144, in coro
2026-09-10T03:32:00.2914786Z     await self.app(scope, receive_or_disconnect, send_no_error)
2026-09-10T03:32:00.2915583Z   File "/home/runner/work/GO/GO/isolated-runtime/lib/python3.13/site-packages/starlette/middleware/base.py", line 191, in __call__
2026-09-10T03:32:00.2915855Z     with recv_stream, send_stream, collapse_excgroups():
2026-09-10T03:32:00.2916047Z                                    ~~~~~~~~~~~~~~~~~~^^
2026-09-10T03:32:00.2916524Z   File "/opt/hostedtoolcache/Python/3.13.5/x64/lib/python3.13/contextlib.py", line 162, in __exit__
2026-09-10T03:32:00.2916673Z     self.gen.throw(value)
2026-09-10T03:32:00.2916794Z     ~~~~~~~~~~~~~~^^^^^^^
2026-09-10T03:32:00.2917450Z   File "/home/runner/work/GO/GO/isolated-runtime/lib/python3.13/site-packages/starlette/_utils.py", line 85, in collapse_excgroups
2026-09-10T03:32:00.2917594Z     raise exc
2026-09-10T03:32:00.2918238Z   File "/home/runner/work/GO/GO/isolated-runtime/lib/python3.13/site-packages/starlette/middleware/base.py", line 193, in __call__
2026-09-10T03:32:00.2918716Z     response = await self.dispatch_func(request, call_next)
2026-09-10T03:32:00.2918929Z                ^^^^^^^^^^^^^^^^^^^^^^^^^^^^^^^^^^^^^^^^^^^^
2026-09-10T03:32:00.2919347Z   File "/home/runner/work/GO/GO/restored/src/go_hotel/main.py", line 207, in dispatch
2026-09-10T03:32:00.2919524Z     response=await call_next(request)
2026-09-10T03:32:00.2919691Z              ^^^^^^^^^^^^^^^^^^^^^^^^
2026-09-10T03:32:00.2920345Z   File "/home/runner/work/GO/GO/isolated-runtime/lib/python3.13/site-packages/starlette/middleware/base.py", line 168, in call_next
2026-09-10T03:32:00.2920653Z     raise app_exc from app_exc.__cause__ or app_exc.__context__
2026-09-10T03:32:00.2921245Z   File "/home/runner/work/GO/GO/isolated-runtime/lib/python3.13/site-packages/starlette/middleware/base.py", line 144, in coro
2026-09-10T03:32:00.2921524Z     await self.app(scope, receive_or_disconnect, send_no_error)
2026-09-10T03:32:00.2922218Z   File "/home/runner/work/GO/GO/isolated-runtime/lib/python3.13/site-packages/starlette/middleware/exceptions.py", line 63, in __call__
2026-09-10T03:32:00.2922565Z     await wrap_app_handling_exceptions(self.app, conn)(scope, receive, send)
2026-09-10T03:32:00.2923235Z   File "/home/runner/work/GO/GO/isolated-runtime/lib/python3.13/site-packages/starlette/_exception_handler.py", line 53, in wrapped_app
2026-09-10T03:32:00.2923379Z     raise exc
2026-09-10T03:32:00.2924050Z   File "/home/runner/work/GO/GO/isolated-runtime/lib/python3.13/site-packages/starlette/_exception_handler.py", line 42, in wrapped_app
2026-09-10T03:32:00.2924236Z     await app(scope, receive, sender)
2026-09-10T03:32:00.2924931Z   File "/home/runner/work/GO/GO/isolated-runtime/lib/python3.13/site-packages/fastapi/middleware/asyncexitstack.py", line 18, in __call__
2026-09-10T03:32:00.2925123Z     await self.app(scope, receive, send)
2026-09-10T03:32:00.2926563Z   File "/home/runner/work/GO/GO/isolated-runtime/lib/python3.13/site-packages/starlette/routing.py", line 716, in __call__
2026-09-10T03:32:00.2926805Z     await self.middleware_stack(scope, receive, send)
2026-09-10T03:32:00.2927389Z   File "/home/runner/work/GO/GO/isolated-runtime/lib/python3.13/site-packages/starlette/routing.py", line 736, in app
2026-09-10T03:32:00.2927598Z     await route.handle(scope, receive, send)
2026-09-10T03:32:00.2928396Z   File "/home/runner/work/GO/GO/isolated-runtime/lib/python3.13/site-packages/starlette/routing.py", line 290, in handle
2026-09-10T03:32:00.2928572Z     await self.app(scope, receive, send)
2026-09-10T03:32:00.2929120Z   File "/home/runner/work/GO/GO/isolated-runtime/lib/python3.13/site-packages/fastapi/routing.py", line 115, in app
2026-09-10T03:32:00.2929527Z     await wrap_app_handling_exceptions(app, request)(scope, receive, send)
2026-09-10T03:32:00.2930205Z   File "/home/runner/work/GO/GO/isolated-runtime/lib/python3.13/site-packages/starlette/_exception_handler.py", line 53, in wrapped_app
2026-09-10T03:32:00.2930332Z     raise exc
2026-09-10T03:32:00.2931013Z   File "/home/runner/work/GO/GO/isolated-runtime/lib/python3.13/site-packages/starlette/_exception_handler.py", line 42, in wrapped_app
2026-09-10T03:32:00.2931199Z     await app(scope, receive, sender)
2026-09-10T03:32:00.2931775Z   File "/home/runner/work/GO/GO/isolated-runtime/lib/python3.13/site-packages/fastapi/routing.py", line 101, in app
2026-09-10T03:32:00.2931969Z     response = await f(request)
2026-09-10T03:32:00.2932131Z                ^^^^^^^^^^^^^^^^
2026-09-10T03:32:00.2932667Z   File "/home/runner/work/GO/GO/isolated-runtime/lib/python3.13/site-packages/fastapi/routing.py", line 355, in app
2026-09-10T03:32:00.2932867Z     raw_response = await run_endpoint_function(
2026-09-10T03:32:00.2933036Z                    ^^^^^^^^^^^^^^^^^^^^^^^^^^^^
2026-09-10T03:32:00.2933161Z     ...<3 lines>...
2026-09-10T03:32:00.2933270Z     )
2026-09-10T03:32:00.2933383Z     ^
2026-09-10T03:32:00.2934039Z   File "/home/runner/work/GO/GO/isolated-runtime/lib/python3.13/site-packages/fastapi/routing.py", line 245, in run_endpoint_function
2026-09-10T03:32:00.2934487Z     return await run_in_threadpool(dependant.call, **values)
2026-09-10T03:32:00.2934697Z            ^^^^^^^^^^^^^^^^^^^^^^^^^^^^^^^^^^^^^^^^^^^^^^^^^
2026-09-10T03:32:00.2935524Z   File "/home/runner/work/GO/GO/isolated-runtime/lib/python3.13/site-packages/starlette/concurrency.py", line 32, in run_in_threadpool
2026-09-10T03:32:00.2935737Z     return await anyio.to_thread.run_sync(func)
2026-09-10T03:32:00.2935899Z            ^^^^^^^^^^^^^^^^^^^^^^^^^^^^^^^^^^^^
2026-09-10T03:32:00.2936511Z   File "/home/runner/work/GO/GO/isolated-runtime/lib/python3.13/site-packages/anyio/to_thread.py", line 63, in run_sync
2026-09-10T03:32:00.2936791Z     return await get_async_backend().run_sync_in_worker_thread(
2026-09-10T03:32:00.2936990Z            ^^^^^^^^^^^^^^^^^^^^^^^^^^^^^^^^^^^^^^^^^^^^^^^^^^^^
2026-09-10T03:32:00.2937296Z         func, args, abandon_on_cancel=abandon_on_cancel, limiter=limiter
2026-09-10T03:32:00.2937515Z         ^^^^^^^^^^^^^^^^^^^^^^^^^^^^^^^^^^^^^^^^^^^^^^^^^^^^^^^^^^^^^^^^
2026-09-10T03:32:00.2937625Z     )
2026-09-10T03:32:00.2937760Z     ^
2026-09-10T03:32:00.2938516Z   File "/home/runner/work/GO/GO/isolated-runtime/lib/python3.13/site-packages/anyio/_backends/_asyncio.py", line 2518, in run_sync_in_worker_thread
2026-09-10T03:32:00.2938663Z     return await future
2026-09-10T03:32:00.2938792Z            ^^^^^^^^^^^^
2026-09-10T03:32:00.2939404Z   File "/home/runner/work/GO/GO/isolated-runtime/lib/python3.13/site-packages/anyio/_backends/_asyncio.py", line 1002, in run
2026-09-10T03:32:00.2939586Z     result = context.run(func, *args)
2026-09-10T03:32:00.2940158Z   File "/home/runner/work/GO/GO/restored/src/go_hotel/api/routes/mobile.py", line 96, in mobile_existing_cancel_quote
2026-09-10T03:32:00.2940307Z     with SessionLocal() as s:
2026-09-10T03:32:00.2940433Z          ^^^^^^^^^^^^
2026-09-10T03:32:00.2940675Z NameError: name 'SessionLocal' is not defined
2026-09-10T03:32:00.2941093Z _________ test_corrupted_stored_quote_cannot_be_read_as_customer_terms _________
2026-09-10T03:32:00.2941343Z   + Exception Group Traceback (most recent call last):
2026-09-10T03:32:00.2941974Z   |   File "/home/runner/work/GO/GO/isolated-runtime/lib/python3.13/site-packages/starlette/_utils.py", line 79, in collapse_excgroups
2026-09-10T03:32:00.2942343Z   |     yield
2026-09-10T03:32:00.2942968Z   |   File "/home/runner/work/GO/GO/isolated-runtime/lib/python3.13/site-packages/starlette/middleware/base.py", line 192, in __call__
2026-09-10T03:32:00.2943207Z   |     async with anyio.create_task_group() as task_group:
2026-09-10T03:32:00.2943385Z   |                ~~~~~~~~~~~~~~~~~~~~~~~^^
2026-09-10T03:32:00.2944013Z   |   File "/home/runner/work/GO/GO/isolated-runtime/lib/python3.13/site-packages/anyio/_backends/_asyncio.py", line 799, in __aexit__
2026-09-10T03:32:00.2944183Z   |     raise BaseExceptionGroup(
2026-09-10T03:32:00.2944434Z   |         "unhandled errors in a TaskGroup", self._exceptions
2026-09-10T03:32:00.2944566Z   |     ) from None
2026-09-10T03:32:00.2944884Z   | ExceptionGroup: unhandled errors in a TaskGroup (1 sub-exception)
2026-09-10T03:32:00.2945062Z   +-+---------------- 1 ----------------
2026-09-10T03:32:00.2945253Z     | Traceback (most recent call last):
2026-09-10T03:32:00.2946023Z     |   File "/home/runner/work/GO/GO/isolated-runtime/lib/python3.13/site-packages/_pytest/runner.py", line 353, in from_call
2026-09-10T03:32:00.2946229Z     |     result: TResult | None = func()
2026-09-10T03:32:00.2946396Z     |                              ~~~~^^
2026-09-10T03:32:00.2946966Z     |   File "/home/runner/work/GO/GO/isolated-runtime/lib/python3.13/site-packages/_pytest/runner.py", line 245, in <lambda>
2026-09-10T03:32:00.2947180Z     |     lambda: runtest_hook(item=item, **kwds),
2026-09-10T03:32:00.2947362Z     |             ~~~~~~~~~~~~^^^^^^^^^^^^^^^^^^^
2026-09-10T03:32:00.2947916Z     |   File "/home/runner/work/GO/GO/isolated-runtime/lib/python3.13/site-packages/pluggy/_hooks.py", line 512, in __call__
2026-09-10T03:32:00.2948482Z     |     return self._hookexec(self.name, self._hookimpls.copy(), kwargs, firstresult)
2026-09-10T03:32:00.2948747Z     |            ~~~~~~~~~~~~~~^^^^^^^^^^^^^^^^^^^^^^^^^^^^^^^^^^^^^^^^^^^^^^^^^^^^^^^^
2026-09-10T03:32:00.2949324Z     |   File "/home/runner/work/GO/GO/isolated-runtime/lib/python3.13/site-packages/pluggy/_manager.py", line 120, in _hookexec
2026-09-10T03:32:00.2949664Z     |     return self._inner_hookexec(hook_name, methods, kwargs, firstresult)
2026-09-10T03:32:00.2949910Z     |            ~~~~~~~~~~~~~~~~~~~~^^^^^^^^^^^^^^^^^^^^^^^^^^^^^^^^^^^^^^^^^
2026-09-10T03:32:00.2950486Z     |   File "/home/runner/work/GO/GO/isolated-runtime/lib/python3.13/site-packages/pluggy/_callers.py", line 167, in _multicall
2026-09-10T03:32:00.2950633Z     |     raise exception
2026-09-10T03:32:00.2951221Z     |   File "/home/runner/work/GO/GO/isolated-runtime/lib/python3.13/site-packages/pluggy/_callers.py", line 139, in _multicall
2026-09-10T03:32:00.2951395Z     |     teardown.throw(exception)
2026-09-10T03:32:00.2951556Z     |     ~~~~~~~~~~~~~~^^^^^^^^^^^
2026-09-10T03:32:00.2952204Z     |   File "/home/runner/work/GO/GO/isolated-runtime/lib/python3.13/site-packages/_pytest/logging.py", line 850, in pytest_runtest_call
2026-09-10T03:32:00.2952322Z     |     yield
2026-09-10T03:32:00.2952909Z     |   File "/home/runner/work/GO/GO/isolated-runtime/lib/python3.13/site-packages/pluggy/_callers.py", line 139, in _multicall
2026-09-10T03:32:00.2953083Z     |     teardown.throw(exception)
2026-09-10T03:32:00.2953231Z     |     ~~~~~~~~~~~~~~^^^^^^^^^^^
2026-09-10T03:32:00.2953868Z     |   File "/home/runner/work/GO/GO/isolated-runtime/lib/python3.13/site-packages/_pytest/capture.py", line 900, in pytest_runtest_call
2026-09-10T03:32:00.2954008Z     |     return (yield)
2026-09-10T03:32:00.2954127Z     |             ^^^^^
2026-09-10T03:32:00.2954709Z     |   File "/home/runner/work/GO/GO/isolated-runtime/lib/python3.13/site-packages/pluggy/_callers.py", line 139, in _multicall
2026-09-10T03:32:00.2954888Z     |     teardown.throw(exception)
2026-09-10T03:32:00.2955039Z     |     ~~~~~~~~~~~~~~^^^^^^^^^^^
2026-09-10T03:32:00.2955835Z     |   File "/home/runner/work/GO/GO/isolated-runtime/lib/python3.13/site-packages/_pytest/skipping.py", line 268, in pytest_runtest_call
2026-09-10T03:32:00.2956158Z     |     return (yield)
2026-09-10T03:32:00.2956280Z     |             ^^^^^
2026-09-10T03:32:00.2956867Z     |   File "/home/runner/work/GO/GO/isolated-runtime/lib/python3.13/site-packages/pluggy/_callers.py", line 121, in _multicall
2026-09-10T03:32:00.2957050Z     |     res = hook_impl.function(*args)
2026-09-10T03:32:00.2957679Z     |   File "/home/runner/work/GO/GO/isolated-runtime/lib/python3.13/site-packages/_pytest/runner.py", line 179, in pytest_runtest_call
2026-09-10T03:32:00.2957818Z     |     item.runtest()
2026-09-10T03:32:00.2957945Z     |     ~~~~~~~~~~~~^^
2026-09-10T03:32:00.2958503Z     |   File "/home/runner/work/GO/GO/isolated-runtime/lib/python3.13/site-packages/_pytest/python.py", line 1720, in runtest
2026-09-10T03:32:00.2958761Z     |     self.ihook.pytest_pyfunc_call(pyfuncitem=self)
2026-09-10T03:32:00.2958962Z     |     ~~~~~~~~~~~~~~~~~~~~~~~~~~~~~^^^^^^^^^^^^^^^^^
2026-09-10T03:32:00.2959521Z     |   File "/home/runner/work/GO/GO/isolated-runtime/lib/python3.13/site-packages/pluggy/_hooks.py", line 512, in __call__
2026-09-10T03:32:00.2959901Z     |     return self._hookexec(self.name, self._hookimpls.copy(), kwargs, firstresult)
2026-09-10T03:32:00.2960161Z     |            ~~~~~~~~~~~~~~^^^^^^^^^^^^^^^^^^^^^^^^^^^^^^^^^^^^^^^^^^^^^^^^^^^^^^^^
2026-09-10T03:32:00.2960741Z     |   File "/home/runner/work/GO/GO/isolated-runtime/lib/python3.13/site-packages/pluggy/_manager.py", line 120, in _hookexec
2026-09-10T03:32:00.2961063Z     |     return self._inner_hookexec(hook_name, methods, kwargs, firstresult)
2026-09-10T03:32:00.2961309Z     |            ~~~~~~~~~~~~~~~~~~~~^^^^^^^^^^^^^^^^^^^^^^^^^^^^^^^^^^^^^^^^^
2026-09-10T03:32:00.2961897Z     |   File "/home/runner/work/GO/GO/isolated-runtime/lib/python3.13/site-packages/pluggy/_callers.py", line 167, in _multicall
2026-09-10T03:32:00.2962212Z     |     raise exception
2026-09-10T03:32:00.2962801Z     |   File "/home/runner/work/GO/GO/isolated-runtime/lib/python3.13/site-packages/pluggy/_callers.py", line 139, in _multicall
2026-09-10T03:32:00.2962986Z     |     teardown.throw(exception)
2026-09-10T03:32:00.2963135Z     |     ~~~~~~~~~~~~~~^^^^^^^^^^^
2026-09-10T03:32:00.2963801Z     |   File "/home/runner/work/GO/GO/isolated-runtime/lib/python3.13/site-packages/pluggy/_callers.py", line 53, in run_old_style_hookwrapper
2026-09-10T03:32:00.2963978Z     |     return result.get_result()
2026-09-10T03:32:00.2964126Z     |            ~~~~~~~~~~~~~~~~~^^
2026-09-10T03:32:00.2964704Z     |   File "/home/runner/work/GO/GO/isolated-runtime/lib/python3.13/site-packages/pluggy/_result.py", line 103, in get_result
2026-09-10T03:32:00.2964891Z     |     raise exc.with_traceback(tb)
2026-09-10T03:32:00.2965705Z     |   File "/home/runner/work/GO/GO/isolated-runtime/lib/python3.13/site-packages/pluggy/_callers.py", line 38, in run_old_style_hookwrapper
2026-09-10T03:32:00.2965845Z     |     res = yield
2026-09-10T03:32:00.2965968Z     |           ^^^^^
2026-09-10T03:32:00.2966536Z     |   File "/home/runner/work/GO/GO/isolated-runtime/lib/python3.13/site-packages/pluggy/_callers.py", line 121, in _multicall
2026-09-10T03:32:00.2966727Z     |     res = hook_impl.function(*args)
2026-09-10T03:32:00.2967358Z     |   File "/home/runner/work/GO/GO/isolated-runtime/lib/python3.13/site-packages/_pytest/python.py", line 166, in pytest_pyfunc_call
2026-09-10T03:32:00.2967545Z     |     result = testfunction(**testargs)
2026-09-10T03:32:00.2968309Z     |   File "/home/runner/work/GO/GO/restored/tests/test_depth34_hotel_quote_read.py", line 43, in test_corrupted_stored_quote_cannot_be_read_as_customer_terms
2026-09-10T03:32:00.2968745Z     |     r=client.get(f'/v1/mobile/orders/{oid}/cancellation-quotes/{q["quote_id"]}',headers=h)
2026-09-10T03:32:00.2969337Z     |   File "/home/runner/work/GO/GO/isolated-runtime/lib/python3.13/site-packages/starlette/testclient.py", line 473, in get
2026-09-10T03:32:00.2969486Z     |     return super().get(
2026-09-10T03:32:00.2969619Z     |            ~~~~~~~~~~~^
2026-09-10T03:32:00.2969739Z     |         url,
2026-09-10T03:32:00.2970082Z     |         ^^^^
2026-09-10T03:32:00.2970218Z     |     ...<6 lines>...
2026-09-10T03:32:00.2970385Z     |         extensions=extensions,
2026-09-10T03:32:00.2970546Z     |         ^^^^^^^^^^^^^^^^^^^^^^
2026-09-10T03:32:00.2970672Z     |     )
2026-09-10T03:32:00.2970787Z     |     ^
2026-09-10T03:32:00.2971345Z     |   File "/home/runner/work/GO/GO/isolated-runtime/lib/python3.13/site-packages/httpx/_client.py", line 1053, in get
2026-09-10T03:32:00.2971520Z     |     return self.request(
2026-09-10T03:32:00.2971665Z     |            ~~~~~~~~~~~~^
2026-09-10T03:32:00.2971795Z     |         "GET",
2026-09-10T03:32:00.2971914Z     |         ^^^^^^
2026-09-10T03:32:00.2972047Z     |     ...<7 lines>...
2026-09-10T03:32:00.2972221Z     |         extensions=extensions,
2026-09-10T03:32:00.2972377Z     |         ^^^^^^^^^^^^^^^^^^^^^^
2026-09-10T03:32:00.2972501Z     |     )
2026-09-10T03:32:00.2972624Z     |     ^
2026-09-10T03:32:00.2973225Z     |   File "/home/runner/work/GO/GO/isolated-runtime/lib/python3.13/site-packages/starlette/testclient.py", line 445, in request
2026-09-10T03:32:00.2973405Z     |     return super().request(
2026-09-10T03:32:00.2973558Z     |            ~~~~~~~~~~~~~~~^
2026-09-10T03:32:00.2973675Z     |         method,
2026-09-10T03:32:00.2973802Z     |         ^^^^^^^
2026-09-10T03:32:00.2973933Z     |     ...<11 lines>...
2026-09-10T03:32:00.2974093Z     |         extensions=extensions,
2026-09-10T03:32:00.2974247Z     |         ^^^^^^^^^^^^^^^^^^^^^^
2026-09-10T03:32:00.2974357Z     |     )
2026-09-10T03:32:00.2974475Z     |     ^
2026-09-10T03:32:00.2975040Z     |   File "/home/runner/work/GO/GO/isolated-runtime/lib/python3.13/site-packages/httpx/_client.py", line 825, in request
2026-09-10T03:32:00.2975697Z     |     return self.send(request, auth=auth, follow_redirects=follow_redirects)
2026-09-10T03:32:00.2975945Z     |            ~~~~~~~~~^^^^^^^^^^^^^^^^^^^^^^^^^^^^^^^^^^^^^^^^^^^^^^^^^^^^^^^
2026-09-10T03:32:00.2976493Z     |   File "/home/runner/work/GO/GO/isolated-runtime/lib/python3.13/site-packages/httpx/_client.py", line 914, in send
2026-09-10T03:32:00.2976705Z     |     response = self._send_handling_auth(
2026-09-10T03:32:00.2976828Z     |         request,
2026-09-10T03:32:00.2976960Z     |     ...<2 lines>...
2026-09-10T03:32:00.2977083Z     |         history=[],
2026-09-10T03:32:00.2977203Z     |     )
2026-09-10T03:32:00.2977832Z     |   File "/home/runner/work/GO/GO/isolated-runtime/lib/python3.13/site-packages/httpx/_client.py", line 942, in _send_handling_auth
2026-09-10T03:32:00.2978040Z     |     response = self._send_handling_redirects(
2026-09-10T03:32:00.2978170Z     |         request,
2026-09-10T03:32:00.2978377Z     |         follow_redirects=follow_redirects,
2026-09-10T03:32:00.2978531Z     |         history=history,
2026-09-10T03:32:00.2978660Z     |     )
2026-09-10T03:32:00.2979317Z     |   File "/home/runner/work/GO/GO/isolated-runtime/lib/python3.13/site-packages/httpx/_client.py", line 979, in _send_handling_redirects
2026-09-10T03:32:00.2979548Z     |     response = self._send_single_request(request)
2026-09-10T03:32:00.2980195Z     |   File "/home/runner/work/GO/GO/isolated-runtime/lib/python3.13/site-packages/httpx/_client.py", line 1014, in _send_single_request
2026-09-10T03:32:00.2980430Z     |     response = transport.handle_request(request)
2026-09-10T03:32:00.2981064Z     |   File "/home/runner/work/GO/GO/isolated-runtime/lib/python3.13/site-packages/starlette/testclient.py", line 348, in handle_request
2026-09-10T03:32:00.2981199Z     |     raise exc
2026-09-10T03:32:00.2981842Z     |   File "/home/runner/work/GO/GO/isolated-runtime/lib/python3.13/site-packages/starlette/testclient.py", line 345, in handle_request
2026-09-10T03:32:00.2982062Z     |     portal.call(self.app, scope, receive, send)
2026-09-10T03:32:00.2982261Z     |     ~~~~~~~~~~~^^^^^^^^^^^^^^^^^^^^^^^^^^^^^^^^
2026-09-10T03:32:00.2982835Z     |   File "/home/runner/work/GO/GO/isolated-runtime/lib/python3.13/site-packages/anyio/from_thread.py", line 334, in call
2026-09-10T03:32:00.2983336Z     |     return cast(T_Retval, self.start_task_soon(func, *args).result())
2026-09-10T03:32:00.2983571Z     |                           ~~~~~~~~~~~~~~~~~~~~~~~~~~~~~~~~~~~~~~~~^^
2026-09-10T03:32:00.2984114Z     |   File "/opt/hostedtoolcache/Python/3.13.5/x64/lib/python3.13/concurrent/futures/_base.py", line 456, in result
2026-09-10T03:32:00.2984288Z     |     return self.__get_result()
2026-09-10T03:32:00.2984440Z     |            ~~~~~~~~~~~~~~~~~^^
2026-09-10T03:32:00.2985004Z     |   File "/opt/hostedtoolcache/Python/3.13.5/x64/lib/python3.13/concurrent/futures/_base.py", line 401, in __get_result
2026-09-10T03:32:00.2985174Z     |     raise self._exception
2026-09-10T03:32:00.2985935Z     |   File "/home/runner/work/GO/GO/isolated-runtime/lib/python3.13/site-packages/anyio/from_thread.py", line 259, in _call_func
2026-09-10T03:32:00.2986135Z     |     retval = await retval_or_awaitable
2026-09-10T03:32:00.2986308Z     |              ^^^^^^^^^^^^^^^^^^^^^^^^^
2026-09-10T03:32:00.2986938Z     |   File "/home/runner/work/GO/GO/isolated-runtime/lib/python3.13/site-packages/fastapi/applications.py", line 1138, in __call__
2026-09-10T03:32:00.2987159Z     |     await super().__call__(scope, receive, send)
2026-09-10T03:32:00.2987783Z     |   File "/home/runner/work/GO/GO/isolated-runtime/lib/python3.13/site-packages/starlette/applications.py", line 107, in __call__
2026-09-10T03:32:00.2988023Z     |     await self.middleware_stack(scope, receive, send)
2026-09-10T03:32:00.2988674Z     |   File "/home/runner/work/GO/GO/isolated-runtime/lib/python3.13/site-packages/starlette/middleware/errors.py", line 186, in __call__
2026-09-10T03:32:00.2988800Z     |     raise exc
2026-09-10T03:32:00.2989612Z     |   File "/home/runner/work/GO/GO/isolated-runtime/lib/python3.13/site-packages/starlette/middleware/errors.py", line 164, in __call__
2026-09-10T03:32:00.2989827Z     |     await self.app(scope, receive, _send)
2026-09-10T03:32:00.2990471Z     |   File "/home/runner/work/GO/GO/isolated-runtime/lib/python3.13/site-packages/starlette/middleware/base.py", line 191, in __call__
2026-09-10T03:32:00.2990733Z     |     with recv_stream, send_stream, collapse_excgroups():
2026-09-10T03:32:00.2990944Z     |                                    ~~~~~~~~~~~~~~~~~~^^
2026-09-10T03:32:00.2991438Z     |   File "/opt/hostedtoolcache/Python/3.13.5/x64/lib/python3.13/contextlib.py", line 162, in __exit__
2026-09-10T03:32:00.2991602Z     |     self.gen.throw(value)
2026-09-10T03:32:00.2991760Z     |     ~~~~~~~~~~~~~~^^^^^^^
2026-09-10T03:32:00.2992415Z     |   File "/home/runner/work/GO/GO/isolated-runtime/lib/python3.13/site-packages/starlette/_utils.py", line 85, in collapse_excgroups
2026-09-10T03:32:00.2992533Z     |     raise exc
2026-09-10T03:32:00.2993177Z     |   File "/home/runner/work/GO/GO/isolated-runtime/lib/python3.13/site-packages/starlette/middleware/base.py", line 193, in __call__
2026-09-10T03:32:00.2993452Z     |     response = await self.dispatch_func(request, call_next)
2026-09-10T03:32:00.2993654Z     |                ^^^^^^^^^^^^^^^^^^^^^^^^^^^^^^^^^^^^^^^^^^^^
2026-09-10T03:32:00.2994056Z     |   File "/home/runner/work/GO/GO/restored/src/go_hotel/main.py", line 282, in dispatch
2026-09-10T03:32:00.2994246Z     |     response=await call_next(request)
2026-09-10T03:32:00.2994406Z     |              ^^^^^^^^^^^^^^^^^^^^^^^^
2026-09-10T03:32:00.2995059Z     |   File "/home/runner/work/GO/GO/isolated-runtime/lib/python3.13/site-packages/starlette/middleware/base.py", line 168, in call_next
2026-09-10T03:32:00.2995489Z     |     raise app_exc from app_exc.__cause__ or app_exc.__context__
2026-09-10T03:32:00.2996101Z     |   File "/home/runner/work/GO/GO/isolated-runtime/lib/python3.13/site-packages/starlette/middleware/base.py", line 144, in coro
2026-09-10T03:32:00.2996393Z     |     await self.app(scope, receive_or_disconnect, send_no_error)
2026-09-10T03:32:00.2997046Z     |   File "/home/runner/work/GO/GO/isolated-runtime/lib/python3.13/site-packages/starlette/middleware/base.py", line 191, in __call__
2026-09-10T03:32:00.2997683Z     |     with recv_stream, send_stream, collapse_excgroups():
2026-09-10T03:32:00.2997885Z     |                                    ~~~~~~~~~~~~~~~~~~^^
2026-09-10T03:32:00.2998364Z     |   File "/opt/hostedtoolcache/Python/3.13.5/x64/lib/python3.13/contextlib.py", line 162, in __exit__
2026-09-10T03:32:00.2998532Z     |     self.gen.throw(value)
2026-09-10T03:32:00.2998677Z     |     ~~~~~~~~~~~~~~^^^^^^^
2026-09-10T03:32:00.2999333Z     |   File "/home/runner/work/GO/GO/isolated-runtime/lib/python3.13/site-packages/starlette/_utils.py", line 85, in collapse_excgroups
2026-09-10T03:32:00.2999464Z     |     raise exc
2026-09-10T03:32:00.3000117Z     |   File "/home/runner/work/GO/GO/isolated-runtime/lib/python3.13/site-packages/starlette/middleware/base.py", line 193, in __call__
2026-09-10T03:32:00.3000392Z     |     response = await self.dispatch_func(request, call_next)
2026-09-10T03:32:00.3000602Z     |                ^^^^^^^^^^^^^^^^^^^^^^^^^^^^^^^^^^^^^^^^^^^^
2026-09-10T03:32:00.3000999Z     |   File "/home/runner/work/GO/GO/restored/src/go_hotel/main.py", line 253, in dispatch
2026-09-10T03:32:00.3001197Z     |     response=await call_next(request)
2026-09-10T03:32:00.3001367Z     |              ^^^^^^^^^^^^^^^^^^^^^^^^
2026-09-10T03:32:00.3002024Z     |   File "/home/runner/work/GO/GO/isolated-runtime/lib/python3.13/site-packages/starlette/middleware/base.py", line 168, in call_next
2026-09-10T03:32:00.3002308Z     |     raise app_exc from app_exc.__cause__ or app_exc.__context__
2026-09-10T03:32:00.3002931Z     |   File "/home/runner/work/GO/GO/isolated-runtime/lib/python3.13/site-packages/starlette/middleware/base.py", line 144, in coro
2026-09-10T03:32:00.3003212Z     |     await self.app(scope, receive_or_disconnect, send_no_error)
2026-09-10T03:32:00.3004053Z     |   File "/home/runner/work/GO/GO/isolated-runtime/lib/python3.13/site-packages/starlette/middleware/base.py", line 191, in __call__
2026-09-10T03:32:00.3004310Z     |     with recv_stream, send_stream, collapse_excgroups():
2026-09-10T03:32:00.3004510Z     |                                    ~~~~~~~~~~~~~~~~~~^^
2026-09-10T03:32:00.3004992Z     |   File "/opt/hostedtoolcache/Python/3.13.5/x64/lib/python3.13/contextlib.py", line 162, in __exit__
2026-09-10T03:32:00.3005161Z     |     self.gen.throw(value)
2026-09-10T03:32:00.3005444Z     |     ~~~~~~~~~~~~~~^^^^^^^
2026-09-10T03:32:00.3006116Z     |   File "/home/runner/work/GO/GO/isolated-runtime/lib/python3.13/site-packages/starlette/_utils.py", line 85, in collapse_excgroups
2026-09-10T03:32:00.3006250Z     |     raise exc
2026-09-10T03:32:00.3006900Z     |   File "/home/runner/work/GO/GO/isolated-runtime/lib/python3.13/site-packages/starlette/middleware/base.py", line 193, in __call__
2026-09-10T03:32:00.3007187Z     |     response = await self.dispatch_func(request, call_next)
2026-09-10T03:32:00.3007397Z     |                ^^^^^^^^^^^^^^^^^^^^^^^^^^^^^^^^^^^^^^^^^^^^
2026-09-10T03:32:00.3007780Z     |   File "/home/runner/work/GO/GO/restored/src/go_hotel/main.py", line 207, in dispatch
2026-09-10T03:32:00.3007980Z     |     response=await call_next(request)
2026-09-10T03:32:00.3008151Z     |              ^^^^^^^^^^^^^^^^^^^^^^^^
2026-09-10T03:32:00.3008806Z     |   File "/home/runner/work/GO/GO/isolated-runtime/lib/python3.13/site-packages/starlette/middleware/base.py", line 168, in call_next
2026-09-10T03:32:00.3009096Z     |     raise app_exc from app_exc.__cause__ or app_exc.__context__
2026-09-10T03:32:00.3009737Z     |   File "/home/runner/work/GO/GO/isolated-runtime/lib/python3.13/site-packages/starlette/middleware/base.py", line 144, in coro
2026-09-10T03:32:00.3010030Z     |     await self.app(scope, receive_or_disconnect, send_no_error)
2026-09-10T03:32:00.3010730Z     |   File "/home/runner/work/GO/GO/isolated-runtime/lib/python3.13/site-packages/starlette/middleware/exceptions.py", line 63, in __call__
2026-09-10T03:32:00.3011104Z     |     await wrap_app_handling_exceptions(self.app, conn)(scope, receive, send)
2026-09-10T03:32:00.3011980Z     |   File "/home/runner/work/GO/GO/isolated-runtime/lib/python3.13/site-packages/starlette/_exception_handler.py", line 53, in wrapped_app
2026-09-10T03:32:00.3012101Z     |     raise exc
2026-09-10T03:32:00.3012806Z     |   File "/home/runner/work/GO/GO/isolated-runtime/lib/python3.13/site-packages/starlette/_exception_handler.py", line 42, in wrapped_app
2026-09-10T03:32:00.3013004Z     |     await app(scope, receive, sender)
2026-09-10T03:32:00.3013702Z     |   File "/home/runner/work/GO/GO/isolated-runtime/lib/python3.13/site-packages/fastapi/middleware/asyncexitstack.py", line 18, in __call__
2026-09-10T03:32:00.3013914Z     |     await self.app(scope, receive, send)
2026-09-10T03:32:00.3014534Z     |   File "/home/runner/work/GO/GO/isolated-runtime/lib/python3.13/site-packages/starlette/routing.py", line 716, in __call__
2026-09-10T03:32:00.3014779Z     |     await self.middleware_stack(scope, receive, send)
2026-09-10T03:32:00.3015518Z     |   File "/home/runner/work/GO/GO/isolated-runtime/lib/python3.13/site-packages/starlette/routing.py", line 736, in app
2026-09-10T03:32:00.3015759Z     |     await route.handle(scope, receive, send)
2026-09-10T03:32:00.3016369Z     |   File "/home/runner/work/GO/GO/isolated-runtime/lib/python3.13/site-packages/starlette/routing.py", line 290, in handle
2026-09-10T03:32:00.3016588Z     |     await self.app(scope, receive, send)
2026-09-10T03:32:00.3017208Z     |   File "/home/runner/work/GO/GO/isolated-runtime/lib/python3.13/site-packages/fastapi/routing.py", line 115, in app
2026-09-10T03:32:00.3017590Z     |     await wrap_app_handling_exceptions(app, request)(scope, receive, send)
2026-09-10T03:32:00.3018318Z     |   File "/home/runner/work/GO/GO/isolated-runtime/lib/python3.13/site-packages/starlette/_exception_handler.py", line 53, in wrapped_app
2026-09-10T03:32:00.3018648Z     |     raise exc
2026-09-10T03:32:00.3019384Z     |   File "/home/runner/work/GO/GO/isolated-runtime/lib/python3.13/site-packages/starlette/_exception_handler.py", line 42, in wrapped_app
2026-09-10T03:32:00.3019591Z     |     await app(scope, receive, sender)
2026-09-10T03:32:00.3020226Z     |   File "/home/runner/work/GO/GO/isolated-runtime/lib/python3.13/site-packages/fastapi/routing.py", line 101, in app
2026-09-10T03:32:00.3020423Z     |     response = await f(request)
2026-09-10T03:32:00.3020568Z     |                ^^^^^^^^^^^^^^^^
2026-09-10T03:32:00.3021119Z     |   File "/home/runner/work/GO/GO/isolated-runtime/lib/python3.13/site-packages/fastapi/routing.py", line 355, in app
2026-09-10T03:32:00.3021339Z     |     raw_response = await run_endpoint_function(
2026-09-10T03:32:00.3021509Z     |                    ^^^^^^^^^^^^^^^^^^^^^^^^^^^^
2026-09-10T03:32:00.3021637Z     |     ...<3 lines>...
2026-09-10T03:32:00.3021750Z     |     )
2026-09-10T03:32:00.3021860Z     |     ^
2026-09-10T03:32:00.3022543Z     |   File "/home/runner/work/GO/GO/isolated-runtime/lib/python3.13/site-packages/fastapi/routing.py", line 245, in run_endpoint_function
2026-09-10T03:32:00.3022824Z     |     return await run_in_threadpool(dependant.call, **values)
2026-09-10T03:32:00.3023025Z     |            ^^^^^^^^^^^^^^^^^^^^^^^^^^^^^^^^^^^^^^^^^^^^^^^^^
2026-09-10T03:32:00.3023701Z     |   File "/home/runner/work/GO/GO/isolated-runtime/lib/python3.13/site-packages/starlette/concurrency.py", line 32, in run_in_threadpool
2026-09-10T03:32:00.3023923Z     |     return await anyio.to_thread.run_sync(func)
2026-09-10T03:32:00.3024110Z     |            ^^^^^^^^^^^^^^^^^^^^^^^^^^^^^^^^^^^^
2026-09-10T03:32:00.3024702Z     |   File "/home/runner/work/GO/GO/isolated-runtime/lib/python3.13/site-packages/anyio/to_thread.py", line 63, in run_sync
2026-09-10T03:32:00.3025002Z     |     return await get_async_backend().run_sync_in_worker_thread(
2026-09-10T03:32:00.3025209Z     |            ^^^^^^^^^^^^^^^^^^^^^^^^^^^^^^^^^^^^^^^^^^^^^^^^^^^^
2026-09-10T03:32:00.3025673Z     |         func, args, abandon_on_cancel=abandon_on_cancel, limiter=limiter
2026-09-10T03:32:00.3025910Z     |         ^^^^^^^^^^^^^^^^^^^^^^^^^^^^^^^^^^^^^^^^^^^^^^^^^^^^^^^^^^^^^^^^
2026-09-10T03:32:00.3026229Z     |     )
2026-09-10T03:32:00.3026351Z     |     ^
2026-09-10T03:32:00.3027075Z     |   File "/home/runner/work/GO/GO/isolated-runtime/lib/python3.13/site-packages/anyio/_backends/_asyncio.py", line 2518, in run_sync_in_worker_thread
2026-09-10T03:32:00.3027214Z     |     return await future
2026-09-10T03:32:00.3027346Z     |            ^^^^^^^^^^^^
2026-09-10T03:32:00.3028029Z     |   File "/home/runner/work/GO/GO/isolated-runtime/lib/python3.13/site-packages/anyio/_backends/_asyncio.py", line 1002, in run
2026-09-10T03:32:00.3028228Z     |     result = context.run(func, *args)
2026-09-10T03:32:00.3028798Z     |   File "/home/runner/work/GO/GO/restored/src/go_hotel/api/routes/mobile.py", line 96, in mobile_existing_cancel_quote
2026-09-10T03:32:00.3028986Z     |     with SessionLocal() as s:
2026-09-10T03:32:00.3029107Z     |          ^^^^^^^^^^^^
2026-09-10T03:32:00.3029338Z     | NameError: name 'SessionLocal' is not defined
2026-09-10T03:32:00.3029517Z     +------------------------------------
2026-09-10T03:32:00.3029532Z 
2026-09-10T03:32:00.3029871Z The above exception was the direct cause of the following exception:
2026-09-10T03:32:00.3029882Z 
2026-09-10T03:32:00.3030084Z Traceback (most recent call last):
2026-09-10T03:32:00.3030867Z   File "/home/runner/work/GO/GO/restored/tests/test_depth34_hotel_quote_read.py", line 43, in test_corrupted_stored_quote_cannot_be_read_as_customer_terms
2026-09-10T03:32:00.3031260Z     r=client.get(f'/v1/mobile/orders/{oid}/cancellation-quotes/{q["quote_id"]}',headers=h)
2026-09-10T03:32:00.3031867Z   File "/home/runner/work/GO/GO/isolated-runtime/lib/python3.13/site-packages/starlette/testclient.py", line 473, in get
2026-09-10T03:32:00.3032013Z     return super().get(
2026-09-10T03:32:00.3032323Z            ~~~~~~~~~~~^
2026-09-10T03:32:00.3032449Z         url,
2026-09-10T03:32:00.3032571Z         ^^^^
2026-09-10T03:32:00.3032683Z     ...<6 lines>...
2026-09-10T03:32:00.3032849Z         extensions=extensions,
2026-09-10T03:32:00.3033005Z         ^^^^^^^^^^^^^^^^^^^^^^
2026-09-10T03:32:00.3033116Z     )
2026-09-10T03:32:00.3033233Z     ^
2026-09-10T03:32:00.3033785Z   File "/home/runner/work/GO/GO/isolated-runtime/lib/python3.13/site-packages/httpx/_client.py", line 1053, in get
2026-09-10T03:32:00.3033916Z     return self.request(
2026-09-10T03:32:00.3034039Z            ~~~~~~~~~~~~^
2026-09-10T03:32:00.3034157Z         "GET",
2026-09-10T03:32:00.3034260Z         ^^^^^^
2026-09-10T03:32:00.3034379Z     ...<7 lines>...
2026-09-10T03:32:00.3034533Z         extensions=extensions,
2026-09-10T03:32:00.3034669Z         ^^^^^^^^^^^^^^^^^^^^^^
2026-09-10T03:32:00.3034783Z     )
2026-09-10T03:32:00.3034888Z     ^
2026-09-10T03:32:00.3035645Z   File "/home/runner/work/GO/GO/isolated-runtime/lib/python3.13/site-packages/starlette/testclient.py", line 445, in request
2026-09-10T03:32:00.3035792Z     return super().request(
2026-09-10T03:32:00.3035916Z            ~~~~~~~~~~~~~~~^
2026-09-10T03:32:00.3036021Z         method,
2026-09-10T03:32:00.3036144Z         ^^^^^^^
2026-09-10T03:32:00.3036260Z     ...<11 lines>...
2026-09-10T03:32:00.3036427Z         extensions=extensions,
2026-09-10T03:32:00.3036575Z         ^^^^^^^^^^^^^^^^^^^^^^
2026-09-10T03:32:00.3036680Z     )
2026-09-10T03:32:00.3036798Z     ^
2026-09-10T03:32:00.3037375Z   File "/home/runner/work/GO/GO/isolated-runtime/lib/python3.13/site-packages/httpx/_client.py", line 825, in request
2026-09-10T03:32:00.3037716Z     return self.send(request, auth=auth, follow_redirects=follow_redirects)
2026-09-10T03:32:00.3037952Z            ~~~~~~~~~^^^^^^^^^^^^^^^^^^^^^^^^^^^^^^^^^^^^^^^^^^^^^^^^^^^^^^^
2026-09-10T03:32:00.3038517Z   File "/home/runner/work/GO/GO/isolated-runtime/lib/python3.13/site-packages/httpx/_client.py", line 914, in send
2026-09-10T03:32:00.3038714Z     response = self._send_handling_auth(
2026-09-10T03:32:00.3038833Z         request,
2026-09-10T03:32:00.3038967Z     ...<2 lines>...
2026-09-10T03:32:00.3039095Z         history=[],
2026-09-10T03:32:00.3039394Z     )
2026-09-10T03:32:00.3040058Z   File "/home/runner/work/GO/GO/isolated-runtime/lib/python3.13/site-packages/httpx/_client.py", line 942, in _send_handling_auth
2026-09-10T03:32:00.3040263Z     response = self._send_handling_redirects(
2026-09-10T03:32:00.3040380Z         request,
2026-09-10T03:32:00.3040565Z         follow_redirects=follow_redirects,
2026-09-10T03:32:00.3040701Z         history=history,
2026-09-10T03:32:00.3040810Z     )
2026-09-10T03:32:00.3041496Z   File "/home/runner/work/GO/GO/isolated-runtime/lib/python3.13/site-packages/httpx/_client.py", line 979, in _send_handling_redirects
2026-09-10T03:32:00.3041724Z     response = self._send_single_request(request)
2026-09-10T03:32:00.3042382Z   File "/home/runner/work/GO/GO/isolated-runtime/lib/python3.13/site-packages/httpx/_client.py", line 1014, in _send_single_request
2026-09-10T03:32:00.3042613Z     response = transport.handle_request(request)
2026-09-10T03:32:00.3043265Z   File "/home/runner/work/GO/GO/isolated-runtime/lib/python3.13/site-packages/starlette/testclient.py", line 348, in handle_request
2026-09-10T03:32:00.3043408Z     raise exc
2026-09-10T03:32:00.3044060Z   File "/home/runner/work/GO/GO/isolated-runtime/lib/python3.13/site-packages/starlette/testclient.py", line 345, in handle_request
2026-09-10T03:32:00.3044280Z     portal.call(self.app, scope, receive, send)
2026-09-10T03:32:00.3044461Z     ~~~~~~~~~~~^^^^^^^^^^^^^^^^^^^^^^^^^^^^^^^^
2026-09-10T03:32:00.3045046Z   File "/home/runner/work/GO/GO/isolated-runtime/lib/python3.13/site-packages/anyio/from_thread.py", line 334, in call
2026-09-10T03:32:00.3045503Z     return cast(T_Retval, self.start_task_soon(func, *args).result())
2026-09-10T03:32:00.3045753Z                           ~~~~~~~~~~~~~~~~~~~~~~~~~~~~~~~~~~~~~~~~^^
2026-09-10T03:32:00.3046499Z   File "/opt/hostedtoolcache/Python/3.13.5/x64/lib/python3.13/concurrent/futures/_base.py", line 456, in result
2026-09-10T03:32:00.3046667Z     return self.__get_result()
2026-09-10T03:32:00.3046821Z            ~~~~~~~~~~~~~~~~~^^
2026-09-10T03:32:00.3047424Z   File "/opt/hostedtoolcache/Python/3.13.5/x64/lib/python3.13/concurrent/futures/_base.py", line 401, in __get_result
2026-09-10T03:32:00.3047587Z     raise self._exception
2026-09-10T03:32:00.3048204Z   File "/home/runner/work/GO/GO/isolated-runtime/lib/python3.13/site-packages/anyio/from_thread.py", line 259, in _call_func
2026-09-10T03:32:00.3048389Z     retval = await retval_or_awaitable
2026-09-10T03:32:00.3048538Z              ^^^^^^^^^^^^^^^^^^^^^^^^^
2026-09-10T03:32:00.3049182Z   File "/home/runner/work/GO/GO/isolated-runtime/lib/python3.13/site-packages/fastapi/applications.py", line 1138, in __call__
2026-09-10T03:32:00.3049401Z     await super().__call__(scope, receive, send)
2026-09-10T03:32:00.3050063Z   File "/home/runner/work/GO/GO/isolated-runtime/lib/python3.13/site-packages/starlette/applications.py", line 107, in __call__
2026-09-10T03:32:00.3050304Z     await self.middleware_stack(scope, receive, send)
2026-09-10T03:32:00.3050996Z   File "/home/runner/work/GO/GO/isolated-runtime/lib/python3.13/site-packages/starlette/middleware/errors.py", line 186, in __call__
2026-09-10T03:32:00.3051139Z     raise exc
2026-09-10T03:32:00.3051764Z   File "/home/runner/work/GO/GO/isolated-runtime/lib/python3.13/site-packages/starlette/middleware/errors.py", line 164, in __call__
2026-09-10T03:32:00.3051947Z     await self.app(scope, receive, _send)
2026-09-10T03:32:00.3052581Z   File "/home/runner/work/GO/GO/isolated-runtime/lib/python3.13/site-packages/starlette/middleware/base.py", line 191, in __call__
2026-09-10T03:32:00.3052837Z     with recv_stream, send_stream, collapse_excgroups():
2026-09-10T03:32:00.3053047Z                                    ~~~~~~~~~~~~~~~~~~^^
2026-09-10T03:32:00.3053560Z   File "/opt/hostedtoolcache/Python/3.13.5/x64/lib/python3.13/contextlib.py", line 162, in __exit__
2026-09-10T03:32:00.3053719Z     self.gen.throw(value)
2026-09-10T03:32:00.3053847Z     ~~~~~~~~~~~~~~^^^^^^^
2026-09-10T03:32:00.3054490Z   File "/home/runner/work/GO/GO/isolated-runtime/lib/python3.13/site-packages/starlette/_utils.py", line 85, in collapse_excgroups
2026-09-10T03:32:00.3054819Z     raise exc
2026-09-10T03:32:00.3055585Z   File "/home/runner/work/GO/GO/isolated-runtime/lib/python3.13/site-packages/starlette/middleware/base.py", line 193, in __call__
2026-09-10T03:32:00.3055835Z     response = await self.dispatch_func(request, call_next)
2026-09-10T03:32:00.3056012Z                ^^^^^^^^^^^^^^^^^^^^^^^^^^^^^^^^^^^^^^^^^^^^
2026-09-10T03:32:00.3056397Z   File "/home/runner/work/GO/GO/restored/src/go_hotel/main.py", line 282, in dispatch
2026-09-10T03:32:00.3056575Z     response=await call_next(request)
2026-09-10T03:32:00.3056719Z              ^^^^^^^^^^^^^^^^^^^^^^^^
2026-09-10T03:32:00.3057356Z   File "/home/runner/work/GO/GO/isolated-runtime/lib/python3.13/site-packages/starlette/middleware/base.py", line 168, in call_next
2026-09-10T03:32:00.3057661Z     raise app_exc from app_exc.__cause__ or app_exc.__context__
2026-09-10T03:32:00.3058253Z   File "/home/runner/work/GO/GO/isolated-runtime/lib/python3.13/site-packages/starlette/middleware/base.py", line 144, in coro
2026-09-10T03:32:00.3058514Z     await self.app(scope, receive_or_disconnect, send_no_error)
2026-09-10T03:32:00.3059133Z   File "/home/runner/work/GO/GO/isolated-runtime/lib/python3.13/site-packages/starlette/middleware/base.py", line 191, in __call__
2026-09-10T03:32:00.3059371Z     with recv_stream, send_stream, collapse_excgroups():
2026-09-10T03:32:00.3059554Z                                    ~~~~~~~~~~~~~~~~~~^^
2026-09-10T03:32:00.3060016Z   File "/opt/hostedtoolcache/Python/3.13.5/x64/lib/python3.13/contextlib.py", line 162, in __exit__
2026-09-10T03:32:00.3060160Z     self.gen.throw(value)
2026-09-10T03:32:00.3060274Z     ~~~~~~~~~~~~~~^^^^^^^
2026-09-10T03:32:00.3061101Z   File "/home/runner/work/GO/GO/isolated-runtime/lib/python3.13/site-packages/starlette/_utils.py", line 85, in collapse_excgroups
2026-09-10T03:32:00.3061237Z     raise exc
2026-09-10T03:32:00.3061853Z   File "/home/runner/work/GO/GO/isolated-runtime/lib/python3.13/site-packages/starlette/middleware/base.py", line 193, in __call__
2026-09-10T03:32:00.3062103Z     response = await self.dispatch_func(request, call_next)
2026-09-10T03:32:00.3062292Z                ^^^^^^^^^^^^^^^^^^^^^^^^^^^^^^^^^^^^^^^^^^^^
2026-09-10T03:32:00.3062668Z   File "/home/runner/work/GO/GO/restored/src/go_hotel/main.py", line 253, in dispatch
2026-09-10T03:32:00.3062846Z     response=await call_next(request)
2026-09-10T03:32:00.3062992Z              ^^^^^^^^^^^^^^^^^^^^^^^^
2026-09-10T03:32:00.3063614Z   File "/home/runner/work/GO/GO/isolated-runtime/lib/python3.13/site-packages/starlette/middleware/base.py", line 168, in call_next
2026-09-10T03:32:00.3063915Z     raise app_exc from app_exc.__cause__ or app_exc.__context__
2026-09-10T03:32:00.3064529Z   File "/home/runner/work/GO/GO/isolated-runtime/lib/python3.13/site-packages/starlette/middleware/base.py", line 144, in coro
2026-09-10T03:32:00.3064804Z     await self.app(scope, receive_or_disconnect, send_no_error)
2026-09-10T03:32:00.3065589Z   File "/home/runner/work/GO/GO/isolated-runtime/lib/python3.13/site-packages/starlette/middleware/base.py", line 191, in __call__
2026-09-10T03:32:00.3065833Z     with recv_stream, send_stream, collapse_excgroups():
2026-09-10T03:32:00.3066011Z                                    ~~~~~~~~~~~~~~~~~~^^
2026-09-10T03:32:00.3066481Z   File "/opt/hostedtoolcache/Python/3.13.5/x64/lib/python3.13/contextlib.py", line 162, in __exit__
2026-09-10T03:32:00.3066628Z     self.gen.throw(value)
2026-09-10T03:32:00.3066741Z     ~~~~~~~~~~~~~~^^^^^^^
2026-09-10T03:32:00.3067414Z   File "/home/runner/work/GO/GO/isolated-runtime/lib/python3.13/site-packages/starlette/_utils.py", line 85, in collapse_excgroups
2026-09-10T03:32:00.3067549Z     raise exc
2026-09-10T03:32:00.3068216Z   File "/home/runner/work/GO/GO/isolated-runtime/lib/python3.13/site-packages/starlette/middleware/base.py", line 193, in __call__
2026-09-10T03:32:00.3068462Z     response = await self.dispatch_func(request, call_next)
2026-09-10T03:32:00.3068829Z                ^^^^^^^^^^^^^^^^^^^^^^^^^^^^^^^^^^^^^^^^^^^^
2026-09-10T03:32:00.3069222Z   File "/home/runner/work/GO/GO/restored/src/go_hotel/main.py", line 207, in dispatch
2026-09-10T03:32:00.3069390Z     response=await call_next(request)
2026-09-10T03:32:00.3069550Z              ^^^^^^^^^^^^^^^^^^^^^^^^
2026-09-10T03:32:00.3070202Z   File "/home/runner/work/GO/GO/isolated-runtime/lib/python3.13/site-packages/starlette/middleware/base.py", line 168, in call_next
2026-09-10T03:32:00.3070510Z     raise app_exc from app_exc.__cause__ or app_exc.__context__
2026-09-10T03:32:00.3071126Z   File "/home/runner/work/GO/GO/isolated-runtime/lib/python3.13/site-packages/starlette/middleware/base.py", line 144, in coro
2026-09-10T03:32:00.3071411Z     await self.app(scope, receive_or_disconnect, send_no_error)
2026-09-10T03:32:00.3072093Z   File "/home/runner/work/GO/GO/isolated-runtime/lib/python3.13/site-packages/starlette/middleware/exceptions.py", line 63, in __call__
2026-09-10T03:32:00.3072452Z     await wrap_app_handling_exceptions(self.app, conn)(scope, receive, send)
2026-09-10T03:32:00.3073116Z   File "/home/runner/work/GO/GO/isolated-runtime/lib/python3.13/site-packages/starlette/_exception_handler.py", line 53, in wrapped_app
2026-09-10T03:32:00.3073252Z     raise exc
2026-09-10T03:32:00.3073925Z   File "/home/runner/work/GO/GO/isolated-runtime/lib/python3.13/site-packages/starlette/_exception_handler.py", line 42, in wrapped_app
2026-09-10T03:32:00.3074108Z     await app(scope, receive, sender)
2026-09-10T03:32:00.3074812Z   File "/home/runner/work/GO/GO/isolated-runtime/lib/python3.13/site-packages/fastapi/middleware/asyncexitstack.py", line 18, in __call__
2026-09-10T03:32:00.3075005Z     await self.app(scope, receive, send)
2026-09-10T03:32:00.3075956Z   File "/home/runner/work/GO/GO/isolated-runtime/lib/python3.13/site-packages/starlette/routing.py", line 716, in __call__
2026-09-10T03:32:00.3076194Z     await self.middleware_stack(scope, receive, send)
2026-09-10T03:32:00.3076816Z   File "/home/runner/work/GO/GO/isolated-runtime/lib/python3.13/site-packages/starlette/routing.py", line 736, in app
2026-09-10T03:32:00.3077034Z     await route.handle(scope, receive, send)
2026-09-10T03:32:00.3077615Z   File "/home/runner/work/GO/GO/isolated-runtime/lib/python3.13/site-packages/starlette/routing.py", line 290, in handle
2026-09-10T03:32:00.3077792Z     await self.app(scope, receive, send)
2026-09-10T03:32:00.3078337Z   File "/home/runner/work/GO/GO/isolated-runtime/lib/python3.13/site-packages/fastapi/routing.py", line 115, in app
2026-09-10T03:32:00.3078668Z     await wrap_app_handling_exceptions(app, request)(scope, receive, send)
2026-09-10T03:32:00.3079359Z   File "/home/runner/work/GO/GO/isolated-runtime/lib/python3.13/site-packages/starlette/_exception_handler.py", line 53, in wrapped_app
2026-09-10T03:32:00.3079485Z     raise exc
2026-09-10T03:32:00.3080135Z   File "/home/runner/work/GO/GO/isolated-runtime/lib/python3.13/site-packages/starlette/_exception_handler.py", line 42, in wrapped_app
2026-09-10T03:32:00.3080329Z     await app(scope, receive, sender)
2026-09-10T03:32:00.3080867Z   File "/home/runner/work/GO/GO/isolated-runtime/lib/python3.13/site-packages/fastapi/routing.py", line 101, in app
2026-09-10T03:32:00.3081029Z     response = await f(request)
2026-09-10T03:32:00.3081185Z                ^^^^^^^^^^^^^^^^
2026-09-10T03:32:00.3081728Z   File "/home/runner/work/GO/GO/isolated-runtime/lib/python3.13/site-packages/fastapi/routing.py", line 355, in app
2026-09-10T03:32:00.3081932Z     raw_response = await run_endpoint_function(
2026-09-10T03:32:00.3082109Z                    ^^^^^^^^^^^^^^^^^^^^^^^^^^^^
2026-09-10T03:32:00.3082236Z     ...<3 lines>...
2026-09-10T03:32:00.3082346Z     )
2026-09-10T03:32:00.3082462Z     ^
2026-09-10T03:32:00.3083114Z   File "/home/runner/work/GO/GO/isolated-runtime/lib/python3.13/site-packages/fastapi/routing.py", line 245, in run_endpoint_function
2026-09-10T03:32:00.3083385Z     return await run_in_threadpool(dependant.call, **values)
2026-09-10T03:32:00.3083818Z            ^^^^^^^^^^^^^^^^^^^^^^^^^^^^^^^^^^^^^^^^^^^^^^^^^
2026-09-10T03:32:00.3084472Z   File "/home/runner/work/GO/GO/isolated-runtime/lib/python3.13/site-packages/starlette/concurrency.py", line 32, in run_in_threadpool
2026-09-10T03:32:00.3084681Z     return await anyio.to_thread.run_sync(func)
2026-09-10T03:32:00.3084846Z            ^^^^^^^^^^^^^^^^^^^^^^^^^^^^^^^^^^^^
2026-09-10T03:32:00.3085573Z   File "/home/runner/work/GO/GO/isolated-runtime/lib/python3.13/site-packages/anyio/to_thread.py", line 63, in run_sync
2026-09-10T03:32:00.3085853Z     return await get_async_backend().run_sync_in_worker_thread(
2026-09-10T03:32:00.3086045Z            ^^^^^^^^^^^^^^^^^^^^^^^^^^^^^^^^^^^^^^^^^^^^^^^^^^^^
2026-09-10T03:32:00.3086351Z         func, args, abandon_on_cancel=abandon_on_cancel, limiter=limiter
2026-09-10T03:32:00.3086564Z         ^^^^^^^^^^^^^^^^^^^^^^^^^^^^^^^^^^^^^^^^^^^^^^^^^^^^^^^^^^^^^^^^
2026-09-10T03:32:00.3086670Z     )
2026-09-10T03:32:00.3086797Z     ^
2026-09-10T03:32:00.3087541Z   File "/home/runner/work/GO/GO/isolated-runtime/lib/python3.13/site-packages/anyio/_backends/_asyncio.py", line 2518, in run_sync_in_worker_thread
2026-09-10T03:32:00.3087670Z     return await future
2026-09-10T03:32:00.3087796Z            ^^^^^^^^^^^^
2026-09-10T03:32:00.3088404Z   File "/home/runner/work/GO/GO/isolated-runtime/lib/python3.13/site-packages/anyio/_backends/_asyncio.py", line 1002, in run
2026-09-10T03:32:00.3088578Z     result = context.run(func, *args)
2026-09-10T03:32:00.3089152Z   File "/home/runner/work/GO/GO/restored/src/go_hotel/api/routes/mobile.py", line 96, in mobile_existing_cancel_quote
2026-09-10T03:32:00.3089301Z     with SessionLocal() as s:
2026-09-10T03:32:00.3089428Z          ^^^^^^^^^^^^
2026-09-10T03:32:00.3089848Z NameError: name 'SessionLocal' is not defined
2026-09-10T03:32:00.3089865Z 
2026-09-10T03:32:00.3090223Z The above exception was the direct cause of the following exception:
2026-09-10T03:32:00.3090234Z 
2026-09-10T03:32:00.3090607Z client = <starlette.testclient.TestClient object at 0x7fbc08dd2c10>
2026-09-10T03:32:00.3090618Z 
2026-09-10T03:32:00.3090948Z     def test_corrupted_stored_quote_cannot_be_read_as_customer_terms(client):
2026-09-10T03:32:00.3091194Z         h,oid=signed_booking(client);q=quote(client,h,oid)
2026-09-10T03:32:00.3091382Z         with SessionLocal.begin() as s:
2026-09-10T03:32:00.3091807Z             row=s.get(Quote,q['quote_id']);row.payload_json={**row.payload_json,'refund_amount_minor':1}
2026-09-10T03:32:00.3092296Z >       r=client.get(f'/v1/mobile/orders/{oid}/cancellation-quotes/{q["quote_id"]}',headers=h)
2026-09-10T03:32:00.3092567Z           ^^^^^^^^^^^^^^^^^^^^^^^^^^^^^^^^^^^^^^^^^^^^^^^^^^^^^^^^^^^^^^^^^^^^^^^^^^^^^^^^^^^^
2026-09-10T03:32:00.3092578Z 
2026-09-10T03:32:00.3092821Z tests/test_depth34_hotel_quote_read.py:43: 
2026-09-10T03:32:00.3093152Z _ _ _ _ _ _ _ _ _ _ _ _ _ _ _ _ _ _ _ _ _ _ _ _ _ _ _ _ _ _ _ _ _ _ _ _ _ _ _ _ 
2026-09-10T03:32:00.3093616Z ../isolated-runtime/lib/python3.13/site-packages/starlette/testclient.py:473: in get
2026-09-10T03:32:00.3093750Z     return super().get(
2026-09-10T03:32:00.3094168Z ../isolated-runtime/lib/python3.13/site-packages/httpx/_client.py:1053: in get
2026-09-10T03:32:00.3094307Z     return self.request(
2026-09-10T03:32:00.3094756Z ../isolated-runtime/lib/python3.13/site-packages/starlette/testclient.py:445: in request
2026-09-10T03:32:00.3094894Z     return super().request(
2026-09-10T03:32:00.3095477Z ../isolated-runtime/lib/python3.13/site-packages/httpx/_client.py:825: in request
2026-09-10T03:32:00.3095816Z     return self.send(request, auth=auth, follow_redirects=follow_redirects)
2026-09-10T03:32:00.3096039Z            ^^^^^^^^^^^^^^^^^^^^^^^^^^^^^^^^^^^^^^^^^^^^^^^^^^^^^^^^^^^^^^^^
2026-09-10T03:32:00.3096453Z ../isolated-runtime/lib/python3.13/site-packages/httpx/_client.py:914: in send
2026-09-10T03:32:00.3096630Z     response = self._send_handling_auth(
2026-09-10T03:32:00.3097120Z ../isolated-runtime/lib/python3.13/site-packages/httpx/_client.py:942: in _send_handling_auth
2026-09-10T03:32:00.3097513Z     response = self._send_handling_redirects(
2026-09-10T03:32:00.3098025Z ../isolated-runtime/lib/python3.13/site-packages/httpx/_client.py:979: in _send_handling_redirects
2026-09-10T03:32:00.3098239Z     response = self._send_single_request(request)
2026-09-10T03:32:00.3181173Z                ^^^^^^^^^^^^^^^^^^^^^^^^^^^^^^^^^^
2026-09-10T03:32:00.3181910Z ../isolated-runtime/lib/python3.13/site-packages/httpx/_client.py:1014: in _send_single_request
2026-09-10T03:32:00.3182145Z     response = transport.handle_request(request)
2026-09-10T03:32:00.3182313Z                ^^^^^^^^^^^^^^^^^^^^^^^^^^^^^^^^^
2026-09-10T03:32:00.3182853Z ../isolated-runtime/lib/python3.13/site-packages/starlette/testclient.py:348: in handle_request
2026-09-10T03:32:00.3183009Z     raise exc
2026-09-10T03:32:00.3183546Z ../isolated-runtime/lib/python3.13/site-packages/starlette/testclient.py:345: in handle_request
2026-09-10T03:32:00.3183760Z     portal.call(self.app, scope, receive, send)
2026-09-10T03:32:00.3184210Z ../isolated-runtime/lib/python3.13/site-packages/anyio/from_thread.py:334: in call
2026-09-10T03:32:00.3184495Z     return cast(T_Retval, self.start_task_soon(func, *args).result())
2026-09-10T03:32:00.3184711Z                           ^^^^^^^^^^^^^^^^^^^^^^^^^^^^^^^^^^^^^^^^^^
2026-09-10T03:32:00.3185235Z /opt/hostedtoolcache/Python/3.13.5/x64/lib/python3.13/concurrent/futures/_base.py:456: in result
2026-09-10T03:32:00.3185680Z     return self.__get_result()
2026-09-10T03:32:00.3185834Z            ^^^^^^^^^^^^^^^^^^^
2026-09-10T03:32:00.3186388Z /opt/hostedtoolcache/Python/3.13.5/x64/lib/python3.13/concurrent/futures/_base.py:401: in __get_result
2026-09-10T03:32:00.3186524Z     raise self._exception
2026-09-10T03:32:00.3187418Z ../isolated-runtime/lib/python3.13/site-packages/anyio/from_thread.py:259: in _call_func
2026-09-10T03:32:00.3187600Z     retval = await retval_or_awaitable
2026-09-10T03:32:00.3187758Z              ^^^^^^^^^^^^^^^^^^^^^^^^^
2026-09-10T03:32:00.3188248Z ../isolated-runtime/lib/python3.13/site-packages/fastapi/applications.py:1138: in __call__
2026-09-10T03:32:00.3188447Z     await super().__call__(scope, receive, send)
2026-09-10T03:32:00.3188920Z ../isolated-runtime/lib/python3.13/site-packages/starlette/applications.py:107: in __call__
2026-09-10T03:32:00.3189152Z     await self.middleware_stack(scope, receive, send)
2026-09-10T03:32:00.3189658Z ../isolated-runtime/lib/python3.13/site-packages/starlette/middleware/errors.py:186: in __call__
2026-09-10T03:32:00.3189781Z     raise exc
2026-09-10T03:32:00.3190282Z ../isolated-runtime/lib/python3.13/site-packages/starlette/middleware/errors.py:164: in __call__
2026-09-10T03:32:00.3190464Z     await self.app(scope, receive, _send)
2026-09-10T03:32:00.3190983Z ../isolated-runtime/lib/python3.13/site-packages/starlette/middleware/base.py:191: in __call__
2026-09-10T03:32:00.3191229Z     with recv_stream, send_stream, collapse_excgroups():
2026-09-10T03:32:00.3191412Z                                    ^^^^^^^^^^^^^^^^^^^^
2026-09-10T03:32:00.3191852Z /opt/hostedtoolcache/Python/3.13.5/x64/lib/python3.13/contextlib.py:162: in __exit__
2026-09-10T03:32:00.3191993Z     self.gen.throw(value)
2026-09-10T03:32:00.3192489Z ../isolated-runtime/lib/python3.13/site-packages/starlette/_utils.py:85: in collapse_excgroups
2026-09-10T03:32:00.3192612Z     raise exc
2026-09-10T03:32:00.3193104Z ../isolated-runtime/lib/python3.13/site-packages/starlette/middleware/base.py:193: in __call__
2026-09-10T03:32:00.3193355Z     response = await self.dispatch_func(request, call_next)
2026-09-10T03:32:00.3193551Z                ^^^^^^^^^^^^^^^^^^^^^^^^^^^^^^^^^^^^^^^^^^^^
2026-09-10T03:32:00.3193763Z src/go_hotel/main.py:282: in dispatch
2026-09-10T03:32:00.3193934Z     response=await call_next(request)
2026-09-10T03:32:00.3194101Z              ^^^^^^^^^^^^^^^^^^^^^^^^
2026-09-10T03:32:00.3194599Z ../isolated-runtime/lib/python3.13/site-packages/starlette/middleware/base.py:168: in call_next
2026-09-10T03:32:00.3195078Z     raise app_exc from app_exc.__cause__ or app_exc.__context__
2026-09-10T03:32:00.3196845Z ../isolated-runtime/lib/python3.13/site-packages/starlette/middleware/base.py:144: in coro
2026-09-10T03:32:00.3197121Z     await self.app(scope, receive_or_disconnect, send_no_error)
2026-09-10T03:32:00.3197625Z ../isolated-runtime/lib/python3.13/site-packages/starlette/middleware/base.py:191: in __call__
2026-09-10T03:32:00.3197867Z     with recv_stream, send_stream, collapse_excgroups():
2026-09-10T03:32:00.3198053Z                                    ^^^^^^^^^^^^^^^^^^^^
2026-09-10T03:32:00.3198501Z /opt/hostedtoolcache/Python/3.13.5/x64/lib/python3.13/contextlib.py:162: in __exit__
2026-09-10T03:32:00.3198648Z     self.gen.throw(value)
2026-09-10T03:32:00.3199155Z ../isolated-runtime/lib/python3.13/site-packages/starlette/_utils.py:85: in collapse_excgroups
2026-09-10T03:32:00.3199280Z     raise exc
2026-09-10T03:32:00.3199775Z ../isolated-runtime/lib/python3.13/site-packages/starlette/middleware/base.py:193: in __call__
2026-09-10T03:32:00.3200032Z     response = await self.dispatch_func(request, call_next)
2026-09-10T03:32:00.3200229Z                ^^^^^^^^^^^^^^^^^^^^^^^^^^^^^^^^^^^^^^^^^^^^
2026-09-10T03:32:00.3200439Z src/go_hotel/main.py:253: in dispatch
2026-09-10T03:32:00.3200607Z     response=await call_next(request)
2026-09-10T03:32:00.3200765Z              ^^^^^^^^^^^^^^^^^^^^^^^^
2026-09-10T03:32:00.3201274Z ../isolated-runtime/lib/python3.13/site-packages/starlette/middleware/base.py:168: in call_next
2026-09-10T03:32:00.3201528Z     raise app_exc from app_exc.__cause__ or app_exc.__context__
2026-09-10T03:32:00.3202007Z ../isolated-runtime/lib/python3.13/site-packages/starlette/middleware/base.py:144: in coro
2026-09-10T03:32:00.3202466Z     await self.app(scope, receive_or_disconnect, send_no_error)
2026-09-10T03:32:00.3202962Z ../isolated-runtime/lib/python3.13/site-packages/starlette/middleware/base.py:191: in __call__
2026-09-10T03:32:00.3203200Z     with recv_stream, send_stream, collapse_excgroups():
2026-09-10T03:32:00.3203403Z                                    ^^^^^^^^^^^^^^^^^^^^
2026-09-10T03:32:00.3203864Z /opt/hostedtoolcache/Python/3.13.5/x64/lib/python3.13/contextlib.py:162: in __exit__
2026-09-10T03:32:00.3204012Z     self.gen.throw(value)
2026-09-10T03:32:00.3204515Z ../isolated-runtime/lib/python3.13/site-packages/starlette/_utils.py:85: in collapse_excgroups
2026-09-10T03:32:00.3204643Z     raise exc
2026-09-10T03:32:00.3205142Z ../isolated-runtime/lib/python3.13/site-packages/starlette/middleware/base.py:193: in __call__
2026-09-10T03:32:00.3206537Z     response = await self.dispatch_func(request, call_next)
2026-09-10T03:32:00.3206743Z                ^^^^^^^^^^^^^^^^^^^^^^^^^^^^^^^^^^^^^^^^^^^^
2026-09-10T03:32:00.3206947Z src/go_hotel/main.py:207: in dispatch
2026-09-10T03:32:00.3207123Z     response=await call_next(request)
2026-09-10T03:32:00.3207281Z              ^^^^^^^^^^^^^^^^^^^^^^^^
2026-09-10T03:32:00.3207791Z ../isolated-runtime/lib/python3.13/site-packages/starlette/middleware/base.py:168: in call_next
2026-09-10T03:32:00.3208052Z     raise app_exc from app_exc.__cause__ or app_exc.__context__
2026-09-10T03:32:00.3208528Z ../isolated-runtime/lib/python3.13/site-packages/starlette/middleware/base.py:144: in coro
2026-09-10T03:32:00.3208793Z     await self.app(scope, receive_or_disconnect, send_no_error)
2026-09-10T03:32:00.3209330Z ../isolated-runtime/lib/python3.13/site-packages/starlette/middleware/exceptions.py:63: in __call__
2026-09-10T03:32:00.3209673Z     await wrap_app_handling_exceptions(self.app, conn)(scope, receive, send)
2026-09-10T03:32:00.3210215Z ../isolated-runtime/lib/python3.13/site-packages/starlette/_exception_handler.py:53: in wrapped_app
2026-09-10T03:32:00.3210329Z     raise exc
2026-09-10T03:32:00.3210867Z ../isolated-runtime/lib/python3.13/site-packages/starlette/_exception_handler.py:42: in wrapped_app
2026-09-10T03:32:00.3211044Z     await app(scope, receive, sender)
2026-09-10T03:32:00.3211590Z ../isolated-runtime/lib/python3.13/site-packages/fastapi/middleware/asyncexitstack.py:18: in __call__
2026-09-10T03:32:00.3211975Z     await self.app(scope, receive, send)
2026-09-10T03:32:00.3212439Z ../isolated-runtime/lib/python3.13/site-packages/starlette/routing.py:716: in __call__
2026-09-10T03:32:00.3212660Z     await self.middleware_stack(scope, receive, send)
2026-09-10T03:32:00.3213098Z ../isolated-runtime/lib/python3.13/site-packages/starlette/routing.py:736: in app
2026-09-10T03:32:00.3213302Z     await route.handle(scope, receive, send)
2026-09-10T03:32:00.3213744Z ../isolated-runtime/lib/python3.13/site-packages/starlette/routing.py:290: in handle
2026-09-10T03:32:00.3213926Z     await self.app(scope, receive, send)
2026-09-10T03:32:00.3214351Z ../isolated-runtime/lib/python3.13/site-packages/fastapi/routing.py:115: in app
2026-09-10T03:32:00.3214675Z     await wrap_app_handling_exceptions(app, request)(scope, receive, send)
2026-09-10T03:32:00.3215213Z ../isolated-runtime/lib/python3.13/site-packages/starlette/_exception_handler.py:53: in wrapped_app
2026-09-10T03:32:00.3215498Z     raise exc
2026-09-10T03:32:00.3216023Z ../isolated-runtime/lib/python3.13/site-packages/starlette/_exception_handler.py:42: in wrapped_app
2026-09-10T03:32:00.3216202Z     await app(scope, receive, sender)
2026-09-10T03:32:00.3216607Z ../isolated-runtime/lib/python3.13/site-packages/fastapi/routing.py:101: in app
2026-09-10T03:32:00.3216775Z     response = await f(request)
2026-09-10T03:32:00.3216924Z                ^^^^^^^^^^^^^^^^
2026-09-10T03:32:00.3217326Z ../isolated-runtime/lib/python3.13/site-packages/fastapi/routing.py:355: in app
2026-09-10T03:32:00.3217533Z     raw_response = await run_endpoint_function(
2026-09-10T03:32:00.3218060Z ../isolated-runtime/lib/python3.13/site-packages/fastapi/routing.py:245: in run_endpoint_function
2026-09-10T03:32:00.3218505Z     return await run_in_threadpool(dependant.call, **values)
2026-09-10T03:32:00.3218709Z            ^^^^^^^^^^^^^^^^^^^^^^^^^^^^^^^^^^^^^^^^^^^^^^^^^
2026-09-10T03:32:00.3219244Z ../isolated-runtime/lib/python3.13/site-packages/starlette/concurrency.py:32: in run_in_threadpool
2026-09-10T03:32:00.3219446Z     return await anyio.to_thread.run_sync(func)
2026-09-10T03:32:00.3219615Z            ^^^^^^^^^^^^^^^^^^^^^^^^^^^^^^^^^^^^
2026-09-10T03:32:00.3220060Z ../isolated-runtime/lib/python3.13/site-packages/anyio/to_thread.py:63: in run_sync
2026-09-10T03:32:00.3220322Z     return await get_async_backend().run_sync_in_worker_thread(
2026-09-10T03:32:00.3220938Z ../isolated-runtime/lib/python3.13/site-packages/anyio/_backends/_asyncio.py:2518: in run_sync_in_worker_thread
2026-09-10T03:32:00.3221076Z     return await future
2026-09-10T03:32:00.3221192Z            ^^^^^^^^^^^^
2026-09-10T03:32:00.3221668Z ../isolated-runtime/lib/python3.13/site-packages/anyio/_backends/_asyncio.py:1002: in run
2026-09-10T03:32:00.3221854Z     result = context.run(func, *args)
2026-09-10T03:32:00.3222008Z              ^^^^^^^^^^^^^^^^^^^^^^^^
2026-09-10T03:32:00.3222332Z _ _ _ _ _ _ _ _ _ _ _ _ _ _ _ _ _ _ _ _ _ _ _ _ _ _ _ _ _ _ _ _ _ _ _ _ _ _ _ _ 
2026-09-10T03:32:00.3222353Z 
2026-09-10T03:32:00.3222541Z order_id = 'ord_675d7d4e771048be'
2026-09-10T03:32:00.3222782Z quote_id = 'cq_de52dba50b1d4e8bae0df51088e6306b'
2026-09-10T03:32:00.3224187Z p = Principal(user_id='usr_19bffe34051c4022aaa648458bb6c136', username='cash-fare14-owner@example.com', actor_type='CONSUM...900103cf6414452c920de51f32b5a5bd', permissions={'consumer:book', 'consumer:wallet', 'consumer:read', 'consumer:write'})
2026-09-10T03:32:00.3224203Z 
2026-09-10T03:32:00.3224544Z     @router.get('/v1/mobile/orders/{order_id}/cancellation-quotes/{quote_id}')
2026-09-10T03:32:00.3225047Z     def mobile_existing_cancel_quote(order_id:str,quote_id:str,p=Depends(consumer_principal)):
2026-09-10T03:32:00.3225592Z         """Read the exact displayed quote; never replace customer consent with a new quote."""
2026-09-10T03:32:00.3225779Z         assert_consumer_order(p,order_id)
2026-09-10T03:32:00.3226130Z         from go_hotel.services.catalog_cash_fare import checked_quote, quote_public
2026-09-10T03:32:00.3226509Z >       with SessionLocal() as s:
2026-09-10T03:32:00.3226637Z              ^^^^^^^^^^^^
2026-09-10T03:32:00.3226891Z E       NameError: name 'SessionLocal' is not defined
2026-09-10T03:32:00.3226902Z 
2026-09-10T03:32:00.3227142Z src/go_hotel/api/routes/mobile.py:96: NameError
2026-09-10T03:32:00.3227509Z ----------------------------- Captured stdout call -----------------------------
2026-09-10T03:32:00.3229107Z {"ts":"2026-09-10T03:31:53.817678+00:00","level":"INFO","logger":"go.runtime","message":"http_request","request_id":"req_49fa0e8d5293417896872c386618da1f","trace_id":"tr_0a69a248c7c64d98bcc30455307d9cb0","path":"/v1/consumer/auth/register","method":"POST","status_code":200,"duration_ms":167.89}
2026-09-10T03:32:00.3229986Z {"ts":"2026-09-10T03:31:53.818400+00:00","level":"INFO","logger":"httpx","message":"HTTP Request: POST http://testserver/v1/consumer/auth/register \"HTTP/1.1 200 OK\""}
2026-09-10T03:32:00.3231541Z {"ts":"2026-09-10T03:31:53.899976+00:00","level":"INFO","logger":"go.runtime","message":"http_request","request_id":"req_729072dc390d42b8818cb64c4308a482","trace_id":"tr_44677b48f80e4c93bdb9bfd869b3c9e3","path":"/v1/mobile/auth/login","method":"POST","status_code":200,"duration_ms":80.6}
2026-09-10T03:32:00.3232375Z {"ts":"2026-09-10T03:31:53.900523+00:00","level":"INFO","logger":"httpx","message":"HTTP Request: POST http://testserver/v1/mobile/auth/login \"HTTP/1.1 200 OK\""}
2026-09-10T03:32:00.3233880Z {"ts":"2026-09-10T03:31:53.916620+00:00","level":"INFO","logger":"go.runtime","message":"http_request","request_id":"req_d4f39f481ad1416d8357af1e780f5b81","trace_id":"tr_0c7892a9166b4291be0aee4c5023e8a1","path":"/v1/search/hotels","method":"POST","status_code":200,"duration_ms":15.29}
2026-09-10T03:32:00.3234852Z {"ts":"2026-09-10T03:31:53.917109+00:00","level":"INFO","logger":"httpx","message":"HTTP Request: POST http://testserver/v1/search/hotels \"HTTP/1.1 200 OK\""}
2026-09-10T03:32:00.3236647Z {"ts":"2026-09-10T03:31:53.927199+00:00","level":"INFO","logger":"go.runtime","message":"http_request","request_id":"req_b1a0ae658c4944aeaf14ea9ad05dfa40","trace_id":"tr_d04b0d6035c74fe3ba66ce12e7bd657e","path":"/v1/offers/off_982ea1257a8f4148/prebook","method":"POST","status_code":200,"duration_ms":9.36}
2026-09-10T03:32:00.3237579Z {"ts":"2026-09-10T03:31:53.927698+00:00","level":"INFO","logger":"httpx","message":"HTTP Request: POST http://testserver/v1/offers/off_982ea1257a8f4148/prebook \"HTTP/1.1 200 OK\""}
2026-09-10T03:32:00.3239084Z {"ts":"2026-09-10T03:31:53.940163+00:00","level":"INFO","logger":"go.runtime","message":"http_request","request_id":"req_ce1474eb2247413d8bcfd5b07928d5fc","trace_id":"tr_262fcfe5f6ee498b87f802b80b0c21ba","path":"/v1/consumer/orders","method":"POST","status_code":200,"duration_ms":11.79}
2026-09-10T03:32:00.3239904Z {"ts":"2026-09-10T03:31:53.940662+00:00","level":"INFO","logger":"httpx","message":"HTTP Request: POST http://testserver/v1/consumer/orders \"HTTP/1.1 200 OK\""}
2026-09-10T03:32:00.3241651Z {"ts":"2026-09-10T03:31:54.002516+00:00","level":"INFO","logger":"go.runtime","message":"http_request","request_id":"req_f70ed33112db430399a357cc34e3aa22","trace_id":"tr_02a2f1b40cb145ef9e7725c8b0dc5640","path":"/v1/mobile/orders/ord_675d7d4e771048be/cancellation-quote","method":"POST","status_code":200,"duration_ms":18.51}
2026-09-10T03:32:00.3242676Z {"ts":"2026-09-10T03:31:54.003090+00:00","level":"INFO","logger":"httpx","message":"HTTP Request: POST http://testserver/v1/mobile/orders/ord_675d7d4e771048be/cancellation-quote \"HTTP/1.1 200 OK\""}
2026-09-10T03:32:00.3327252Z {"ts":"2026-09-10T03:31:54.009947+00:00","level":"ERROR","logger":"go.runtime","message":"request_failed","trace_id":"tr_f49ac71c895c4447b1f89e9016dc06a6","path":"/v1/mobile/orders/ord_675d7d4e771048be/cancellation-quotes/cq_de52dba50b1d4e8bae0df51088e6306b","method":"GET","duration_ms":3.28,"exception":"  + Exception Group Traceback (most recent call last):\n  |   File \"/home/runner/work/GO/GO/isolated-runtime/lib/python3.13/site-packages/starlette/_utils.py\", line 79, in collapse_excgroups\n  |     yield\n  |   File \"/home/runner/work/GO/GO/isolated-runtime/lib/python3.13/site-packages/starlette/middleware/base.py\", line 192, in __call__\n  |     async with anyio.create_task_group() as task_group:\n  |                ~~~~~~~~~~~~~~~~~~~~~~~^^\n  |   File \"/home/runner/work/GO/GO/isolated-runtime/lib/python3.13/site-packages/anyio/_backends/_asyncio.py\", line 799, in __aexit__\n  |     raise BaseExceptionGroup(\n  |         \"unhandled errors in a TaskGroup\", self._exceptions\n  |     ) from None\n  | ExceptionGroup: unhandled errors in a TaskGroup (1 sub-exception)\n  +-+---------------- 1 ----------------\n    | Traceback (most recent call last):\n    |   File \"/home/runner/work/GO/GO/restored/src/go_hotel/main.py\", line 282, in dispatch\n    |     response=await call_next(request)\n    |              ^^^^^^^^^^^^^^^^^^^^^^^^\n    |   File \"/home/runner/work/GO/GO/isolated-runtime/lib/python3.13/site-packages/starlette/middleware/base.py\", line 168, in call_next\n    |     raise app_exc from app_exc.__cause__ or app_exc.__context__\n    |   File \"/home/runner/work/GO/GO/isolated-runtime/lib/python3.13/site-packages/starlette/middleware/base.py\", line 144, in coro\n    |     await self.app(scope, receive_or_disconnect, send_no_error)\n    |   File \"/home/runner/work/GO/GO/isolated-runtime/lib/python3.13/site-packages/starlette/middleware/base.py\", line 191, in __call__\n    |     with recv_stream, send_stream, collapse_excgroups():\n    |                                    ~~~~~~~~~~~~~~~~~~^^\n    |   File \"/opt/hostedtoolcache/Python/3.13.5/x64/lib/python3.13/contextlib.py\", line 162, in __exit__\n    |     self.gen.throw(value)\n    |     ~~~~~~~~~~~~~~^^^^^^^\n    |   File \"/home/runner/work/GO/GO/isolated-runtime/lib/python3.13/site-packages/starlette/_utils.py\", line 85, in collapse_excgroups\n    |     raise exc\n    |   File \"/home/runner/work/GO/GO/isolated-runtime/lib/python3.13/site-packages/starlette/middleware/base.py\", line 193, in __call__\n    |     response = await self.dispatch_func(request, call_next)\n    |                ^^^^^^^^^^^^^^^^^^^^^^^^^^^^^^^^^^^^^^^^^^^^\n    |   File \"/home/runner/work/GO/GO/restored/src/go_hotel/main.py\", line 253, in dispatch\n    |     response=await call_next(request)\n    |              ^^^^^^^^^^^^^^^^^^^^^^^^\n    |   File \"/home/runner/work/GO/GO/isolated-runtime/lib/python3.13/site-packages/starlette/middleware/base.py\", line 168, in call_next\n    |     raise app_exc from app_exc.__cause__ or app_exc.__context__\n    |   File \"/home/runner/work/GO/GO/isolated-runtime/lib/python3.13/site-packages/starlette/middleware/base.py\", line 144, in coro\n    |     await self.app(scope, receive_or_disconnect, send_no_error)\n    |   File \"/home/runner/work/GO/GO/isolated-runtime/lib/python3.13/site-packages/starlette/middleware/base.py\", line 191, in __call__\n    |     with recv_stream, send_stream, collapse_excgroups():\n    |                                    ~~~~~~~~~~~~~~~~~~^^\n    |   File \"/opt/hostedtoolcache/Python/3.13.5/x64/lib/python3.13/contextlib.py\", line 162, in __exit__\n    |     self.gen.throw(value)\n    |     ~~~~~~~~~~~~~~^^^^^^^\n    |   File \"/home/runner/work/GO/GO/isolated-runtime/lib/python3.13/site-packages/starlette/_utils.py\", line 85, in collapse_excgroups\n    |     raise exc\n    |   File \"/home/runner/work/GO/GO/isolated-runtime/lib/python3.13/site-packages/starlette/middleware/base.py\", line 193, in __call__\n    |     response = await self.dispatch_func(request, call_next)\n    |                ^^^^^^^^^^^^^^^^^^^^^^^^^^^^^^^^^^^^^^^^^^^^\n    |   File \"/home/runner/work/GO/GO/restored/src/go_hotel/main.py\", line 207, in dispatch\n    |     response=await call_next(request)\n    |              ^^^^^^^^^^^^^^^^^^^^^^^^\n    |   File \"/home/runner/work/GO/GO/isolated-runtime/lib/python3.13/site-packages/starlette/middleware/base.py\", line 168, in call_next\n    |     raise app_exc from app_exc.__cause__ or app_exc.__context__\n    |   File \"/home/runner/work/GO/GO/isolated-runtime/lib/python3.13/site-packages/starlette/middleware/base.py\", line 144, in coro\n    |     await self.app(scope, receive_or_disconnect, send_no_error)\n    |   File \"/home/runner/work/GO/GO/isolated-runtime/lib/python3.13/site-packages/starlette/middleware/exceptions.py\", line 63, in __call__\n    |     await wrap_app_handling_exceptions(self.app, conn)(scope, receive, send)\n    |   File \"/home/runner/work/GO/GO/isolated-runtime/lib/python3.13/site-packages/starlette/_exception_handler.py\", line 53, in wrapped_app\n    |     raise exc\n    |   File \"/home/runner/work/GO/GO/isolated-runtime/lib/python3.13/site-packages/starlette/_exception_handler.py\", line 42, in wrapped_app\n    |     await app(scope, receive, sender)\n    |   File \"/home/runner/work/GO/GO/isolated-runtime/lib/python3.13/site-packages/fastapi/middleware/asyncexitstack.py\", line 18, in __call__\n    |     await self.app(scope, receive, send)\n    |   File \"/home/runner/work/GO/GO/isolated-runtime/lib/python3.13/site-packages/starlette/routing.py\", line 716, in __call__\n    |     await self.middleware_stack(scope, receive, send)\n    |   File \"/home/runner/work/GO/GO/isolated-runtime/lib/python3.13/site-packages/starlette/routing.py\", line 736, in app\n    |     await route.handle(scope, receive, send)\n    |   File \"/home/runner/work/GO/GO/isolated-runtime/lib/python3.13/site-packages/starlette/routing.py\", line 290, in handle\n    |     await self.app(scope, receive, send)\n    |   File \"/home/runner/work/GO/GO/isolated-runtime/lib/python3.13/site-packages/fastapi/routing.py\", line 115, in app\n    |     await wrap_app_handling_exceptions(app, request)(scope, receive, send)\n    |   File \"/home/runner/work/GO/GO/isolated-runtime/lib/python3.13/site-packages/starlette/_exception_handler.py\", line 53, in wrapped_app\n    |     raise exc\n    |   File \"/home/runner/work/GO/GO/isolated-runtime/lib/python3.13/site-packages/starlette/_exception_handler.py\", line 42, in wrapped_app\n    |     await app(scope, receive, sender)\n    |   File \"/home/runner/work/GO/GO/isolated-runtime/lib/python3.13/site-packages/fastapi/routing.py\", line 101, in app\n    |     response = await f(request)\n    |                ^^^^^^^^^^^^^^^^\n    |   File \"/home/runner/work/GO/GO/isolated-runtime/lib/python3.13/site-packages/fastapi/routing.py\", line 355, in app\n    |     raw_response = await run_endpoint_function(\n    |                    ^^^^^^^^^^^^^^^^^^^^^^^^^^^^\n    |     ...<3 lines>...\n    |     )\n    |     ^\n    |   File \"/home/runner/work/GO/GO/isolated-runtime/lib/python3.13/site-packages/fastapi/routing.py\", line 245, in run_endpoint_function\n    |     return await run_in_threadpool(dependant.call, **values)\n    |            ^^^^^^^^^^^^^^^^^^^^^^^^^^^^^^^^^^^^^^^^^^^^^^^^^\n    |   File \"/home/runner/work/GO/GO/isolated-runtime/lib/python3.13/site-packages/starlette/concurrency.py\", line 32, in run_in_threadpool\n    |     return await anyio.to_thread.run_sync(func)\n    |            ^^^^^^^^^^^^^^^^^^^^^^^^^^^^^^^^^^^^\n    |   File \"/home/runner/work/GO/GO/isolated-runtime/lib/python3.13/site-packages/anyio/to_thread.py\", line 63, in run_sync\n    |     return await get_async_backend().run_sync_in_worker_thread(\n    |            ^^^^^^^^^^^^^^^^^^^^^^^^^^^^^^^^^^^^^^^^^^^^^^^^^^^^\n    |         func, args, abandon_on_cancel=abandon_on_cancel, limiter=limiter\n    |         ^^^^^^^^^^^^^^^^^^^^^^^^^^^^^^^^^^^^^^^^^^^^^^^^^^^^^^^^^^^^^^^^\n    |     )\n    |     ^\n    |   File \"/home/runner/work/GO/GO/isolated-runtime/lib/python3.13/site-packages/anyio/_backends/_asyncio.py\", line 2518, in run_sync_in_worker_thread\n    |     return await future\n    |            ^^^^^^^^^^^^\n    |   File \"/home/runner/work/GO/GO/isolated-runtime/lib/python3.13/site-packages/anyio/_backends/_asyncio.py\", line 1002, in run\n    |     result = context.run(func, *args)\n    |   File \"/home/runner/work/GO/GO/restored/src/go_hotel/api/routes/mobile.py\", line 96, in mobile_existing_cancel_quote\n    |     with SessionLocal() as s:\n    |          ^^^^^^^^^^^^\n    | NameError: name 'SessionLocal' is not defined\n    +------------------------------------\n\nThe above exception was the direct cause of the following exception:\n\nTraceback (most recent call last):\n  File \"/home/runner/work/GO/GO/restored/src/go_hotel/main.py\", line 282, in dispatch\n    response=await call_next(request)\n             ^^^^^^^^^^^^^^^^^^^^^^^^\n  File \"/home/runner/work/GO/GO/isolated-runtime/lib/python3.13/site-packages/starlette/middleware/base.py\", line 168, in call_next\n    raise app_exc from app_exc.__cause__ or app_exc.__context__\n  File \"/home/runner/work/GO/GO/isolated-runtime/lib/python3.13/site-packages/starlette/middleware/base.py\", line 144, in coro\n    await self.app(scope, receive_or_disconnect, send_no_error)\n  File \"/home/runner/work/GO/GO/isolated-runtime/lib/python3.13/site-packages/starlette/middleware/base.py\", line 191, in __call__\n    with recv_stream, send_stream, collapse_excgroups():\n                                   ~~~~~~~~~~~~~~~~~~^^\n  File \"/opt/hostedtoolcache/Python/3.13.5/x64/lib/python3.13/contextlib.py\", line 162, in __exit__\n    self.gen.throw(value)\n    ~~~~~~~~~~~~~~^^^^^^^\n  File \"/home/runner/work/GO/GO/isolated-runtime/lib/python3.13/site-packages/starlette/_utils.py\", line 85, in collapse_excgroups\n    raise exc\n  File \"/home/runner/work/GO/GO/isolated-runtime/lib/python3.13/site-packages/starlette/middleware/base.py\", line 193, in __call__\n    response = await self.dispatch_func(request, call_next)\n               ^^^^^^^^^^^^^^^^^^^^^^^^^^^^^^^^^^^^^^^^^^^^\n  File \"/home/runner/work/GO/GO/restored/src/go_hotel/main.py\", line 253, in dispatch\n    response=await call_next(request)\n             ^^^^^^^^^^^^^^^^^^^^^^^^\n  File \"/home/runner/work/GO/GO/isolated-runtime/lib/python3.13/site-packages/starlette/middleware/base.py\", line 168, in call_next\n    raise app_exc from app_exc.__cause__ or app_exc.__context__\n  File \"/home/runner/work/GO/GO/isolated-runtime/lib/python3.13/site-packages/starlette/middleware/base.py\", line 144, in coro\n    await self.app(scope, receive_or_disconnect, send_no_error)\n  File \"/home/runner/work/GO/GO/isolated-runtime/lib/python3.13/site-packages/starlette/middleware/base.py\", line 191, in __call__\n    with recv_stream, send_stream, collapse_excgroups():\n                                   ~~~~~~~~~~~~~~~~~~^^\n  File \"/opt/hostedtoolcache/Python/3.13.5/x64/lib/python3.13/contextlib.py\", line 162, in __exit__\n    self.gen.throw(value)\n    ~~~~~~~~~~~~~~^^^^^^^\n  File \"/home/runner/work/GO/GO/isolated-runtime/lib/python3.13/site-packages/starlette/_utils.py\", line 85, in collapse_excgroups\n    raise exc\n  File \"/home/runner/work/GO/GO/isolated-runtime/lib/python3.13/site-packages/starlette/middleware/base.py\", line 193, in __call__\n    response = await self.dispatch_func(request, call_next)\n               ^^^^^^^^^^^^^^^^^^^^^^^^^^^^^^^^^^^^^^^^^^^^\n  File \"/home/runner/work/GO/GO/restored/src/go_hotel/main.py\", line 207, in dispatch\n    response=await call_next(request)\n             ^^^^^^^^^^^^^^^^^^^^^^^^\n  File \"/home/runner/work/GO/GO/isolated-runtime/lib/python3.13/site-packages/starlette/middleware/base.py\", line 168, in call_next\n    raise app_exc from app_exc.__cause__ or app_exc.__context__\n  File \"/home/runner/work/GO/GO/isolated-runtime/lib/python3.13/site-packages/starlette/middleware/base.py\", line 144, in coro\n    await self.app(scope, receive_or_disconnect, send_no_error)\n  File \"/home/runner/work/GO/GO/isolated-runtime/lib/python3.13/site-packages/starlette/middleware/exceptions.py\", line 63, in __call__\n    await wrap_app_handling_exceptions(self.app, conn)(scope, receive, send)\n  File \"/home/runner/work/GO/GO/isolated-runtime/lib/python3.13/site-packages/starlette/_exception_handler.py\", line 53, in wrapped_app\n    raise exc\n  File \"/home/runner/work/GO/GO/isolated-runtime/lib/python3.13/site-packages/starlette/_exception_handler.py\", line 42, in wrapped_app\n    await app(scope, receive, sender)\n  File \"/home/runner/work/GO/GO/isolated-runtime/lib/python3.13/site-packages/fastapi/middleware/asyncexitstack.py\", line 18, in __call__\n    await self.app(scope, receive, send)\n  File \"/home/runner/work/GO/GO/isolated-runtime/lib/python3.13/site-packages/starlette/routing.py\", line 716, in __call__\n    await self.middleware_stack(scope, receive, send)\n  File \"/home/runner/work/GO/GO/isolated-runtime/lib/python3.13/site-packages/starlette/routing.py\", line 736, in app\n    await route.handle(scope, receive, send)\n  File \"/home/runner/work/GO/GO/isolated-runtime/lib/python3.13/site-packages/starlette/routing.py\", line 290, in handle\n    await self.app(scope, receive, send)\n  File \"/home/runner/work/GO/GO/isolated-runtime/lib/python3.13/site-packages/fastapi/routing.py\", line 115, in app\n    await wrap_app_handling_exceptions(app, request)(scope, receive, send)\n  File \"/home/runner/work/GO/GO/isolated-runtime/lib/python3.13/site-packages/starlette/_exception_handler.py\", line 53, in wrapped_app\n    raise exc\n  File \"/home/runner/work/GO/GO/isolated-runtime/lib/python3.13/site-packages/starlette/_exception_handler.py\", line 42, in wrapped_app\n    await app(scope, receive, sender)\n  File \"/home/runner/work/GO/GO/isolated-runtime/lib/python3.13/site-packages/fastapi/routing.py\", line 101, in app\n    response = await f(request)\n               ^^^^^^^^^^^^^^^^\n  File \"/home/runner/work/GO/GO/isolated-runtime/lib/python3.13/site-packages/fastapi/routing.py\", line 355, in app\n    raw_response = await run_endpoint_function(\n                   ^^^^^^^^^^^^^^^^^^^^^^^^^^^^\n    ...<3 lines>...\n    )\n    ^\n  File \"/home/runner/work/GO/GO/isolated-runtime/lib/python3.13/site-packages/fastapi/routing.py\", line 245, in run_endpoint_function\n    return await run_in_threadpool(dependant.call, **values)\n           ^^^^^^^^^^^^^^^^^^^^^^^^^^^^^^^^^^^^^^^^^^^^^^^^^\n  File \"/home/runner/work/GO/GO/isolated-runtime/lib/python3.13/site-packages/starlette/concurrency.py\", line 32, in run_in_threadpool\n    return await anyio.to_thread.run_sync(func)\n           ^^^^^^^^^^^^^^^^^^^^^^^^^^^^^^^^^^^^\n  File \"/home/runner/work/GO/GO/isolated-runtime/lib/python3.13/site-packages/anyio/to_thread.py\", line 63, in run_sync\n    return await get_async_backend().run_sync_in_worker_thread(\n           ^^^^^^^^^^^^^^^^^^^^^^^^^^^^^^^^^^^^^^^^^^^^^^^^^^^^\n        func, args, abandon_on_cancel=abandon_on_cancel, limiter=limiter\n        ^^^^^^^^^^^^^^^^^^^^^^^^^^^^^^^^^^^^^^^^^^^^^^^^^^^^^^^^^^^^^^^^\n    )\n    ^\n  File \"/home/runner/work/GO/GO/isolated-runtime/lib/python3.13/site-packages/anyio/_backends/_asyncio.py\", line 2518, in run_sync_in_worker_thread\n    return await future\n           ^^^^^^^^^^^^\n  File \"/home/runner/work/GO/GO/isolated-runtime/lib/python3.13/site-packages/anyio/_backends/_asyncio.py\", line 1002, in run\n    result = context.run(func, *args)\n  File \"/home/runner/work/GO/GO/restored/src/go_hotel/api/routes/mobile.py\", line 96, in mobile_existing_cancel_quote\n    with SessionLocal() as s:\n         ^^^^^^^^^^^^\nNameError: name 'SessionLocal' is not defined"}
2026-09-10T03:32:00.3328283Z ------------------------------ Captured log call -------------------------------
2026-09-10T03:32:00.3328524Z INFO     go.runtime:main.py:293 http_request
2026-09-10T03:32:00.3329134Z INFO     httpx:_client.py:1025 HTTP Request: POST http://testserver/v1/consumer/auth/register "HTTP/1.1 200 OK"
2026-09-10T03:32:00.3329369Z INFO     go.runtime:main.py:293 http_request
2026-09-10T03:32:00.3329914Z INFO     httpx:_client.py:1025 HTTP Request: POST http://testserver/v1/mobile/auth/login "HTTP/1.1 200 OK"
2026-09-10T03:32:00.3330142Z INFO     go.runtime:main.py:293 http_request
2026-09-10T03:32:00.3330671Z INFO     httpx:_client.py:1025 HTTP Request: POST http://testserver/v1/search/hotels "HTTP/1.1 200 OK"
2026-09-10T03:32:00.3330886Z INFO     go.runtime:main.py:293 http_request
2026-09-10T03:32:00.3331534Z INFO     httpx:_client.py:1025 HTTP Request: POST http://testserver/v1/offers/off_982ea1257a8f4148/prebook "HTTP/1.1 200 OK"
2026-09-10T03:32:00.3331917Z INFO     go.runtime:main.py:293 http_request
2026-09-10T03:32:00.3332447Z INFO     httpx:_client.py:1025 HTTP Request: POST http://testserver/v1/consumer/orders "HTTP/1.1 200 OK"
2026-09-10T03:32:00.3332671Z INFO     go.runtime:main.py:293 http_request
2026-09-10T03:32:00.3333431Z INFO     httpx:_client.py:1025 HTTP Request: POST http://testserver/v1/mobile/orders/ord_675d7d4e771048be/cancellation-quote "HTTP/1.1 200 OK"
2026-09-10T03:32:00.3333683Z ERROR    go.runtime:main.py:285 request_failed
2026-09-10T03:32:00.3333929Z   + Exception Group Traceback (most recent call last):
2026-09-10T03:32:00.3334590Z   |   File "/home/runner/work/GO/GO/isolated-runtime/lib/python3.13/site-packages/starlette/_utils.py", line 79, in collapse_excgroups
2026-09-10T03:32:00.3334726Z   |     yield
2026-09-10T03:32:00.3335522Z   |   File "/home/runner/work/GO/GO/isolated-runtime/lib/python3.13/site-packages/starlette/middleware/base.py", line 192, in __call__
2026-09-10T03:32:00.3335788Z   |     async with anyio.create_task_group() as task_group:
2026-09-10T03:32:00.3335955Z   |                ~~~~~~~~~~~~~~~~~~~~~~~^^
2026-09-10T03:32:00.3336589Z   |   File "/home/runner/work/GO/GO/isolated-runtime/lib/python3.13/site-packages/anyio/_backends/_asyncio.py", line 799, in __aexit__
2026-09-10T03:32:00.3336777Z   |     raise BaseExceptionGroup(
2026-09-10T03:32:00.3337028Z   |         "unhandled errors in a TaskGroup", self._exceptions
2026-09-10T03:32:00.3337164Z   |     ) from None
2026-09-10T03:32:00.3337483Z   | ExceptionGroup: unhandled errors in a TaskGroup (1 sub-exception)
2026-09-10T03:32:00.3337662Z   +-+---------------- 1 ----------------
2026-09-10T03:32:00.3337844Z     | Traceback (most recent call last):
2026-09-10T03:32:00.3338488Z     |   File "/home/runner/work/GO/GO/restored/src/go_hotel/main.py", line 282, in dispatch
2026-09-10T03:32:00.3338688Z     |     response=await call_next(request)
2026-09-10T03:32:00.3338852Z     |              ^^^^^^^^^^^^^^^^^^^^^^^^
2026-09-10T03:32:00.3339512Z     |   File "/home/runner/work/GO/GO/isolated-runtime/lib/python3.13/site-packages/starlette/middleware/base.py", line 168, in call_next
2026-09-10T03:32:00.3339789Z     |     raise app_exc from app_exc.__cause__ or app_exc.__context__
2026-09-10T03:32:00.3340404Z     |   File "/home/runner/work/GO/GO/isolated-runtime/lib/python3.13/site-packages/starlette/middleware/base.py", line 144, in coro
2026-09-10T03:32:00.3340685Z     |     await self.app(scope, receive_or_disconnect, send_no_error)
2026-09-10T03:32:00.3341303Z     |   File "/home/runner/work/GO/GO/isolated-runtime/lib/python3.13/site-packages/starlette/middleware/base.py", line 191, in __call__
2026-09-10T03:32:00.3341562Z     |     with recv_stream, send_stream, collapse_excgroups():
2026-09-10T03:32:00.3341768Z     |                                    ~~~~~~~~~~~~~~~~~~^^
2026-09-10T03:32:00.3342235Z     |   File "/opt/hostedtoolcache/Python/3.13.5/x64/lib/python3.13/contextlib.py", line 162, in __exit__
2026-09-10T03:32:00.3342413Z     |     self.gen.throw(value)
2026-09-10T03:32:00.3342567Z     |     ~~~~~~~~~~~~~~^^^^^^^
2026-09-10T03:32:00.3343197Z     |   File "/home/runner/work/GO/GO/isolated-runtime/lib/python3.13/site-packages/starlette/_utils.py", line 85, in collapse_excgroups
2026-09-10T03:32:00.3343333Z     |     raise exc
2026-09-10T03:32:00.3343972Z     |   File "/home/runner/work/GO/GO/isolated-runtime/lib/python3.13/site-packages/starlette/middleware/base.py", line 193, in __call__
2026-09-10T03:32:00.3344248Z     |     response = await self.dispatch_func(request, call_next)
2026-09-10T03:32:00.3344456Z     |                ^^^^^^^^^^^^^^^^^^^^^^^^^^^^^^^^^^^^^^^^^^^^
2026-09-10T03:32:00.3344850Z     |   File "/home/runner/work/GO/GO/restored/src/go_hotel/main.py", line 253, in dispatch
2026-09-10T03:32:00.3345035Z     |     response=await call_next(request)
2026-09-10T03:32:00.3345202Z     |              ^^^^^^^^^^^^^^^^^^^^^^^^
2026-09-10T03:32:00.3346008Z     |   File "/home/runner/work/GO/GO/isolated-runtime/lib/python3.13/site-packages/starlette/middleware/base.py", line 168, in call_next
2026-09-10T03:32:00.3346471Z     |     raise app_exc from app_exc.__cause__ or app_exc.__context__
2026-09-10T03:32:00.3347093Z     |   File "/home/runner/work/GO/GO/isolated-runtime/lib/python3.13/site-packages/starlette/middleware/base.py", line 144, in coro
2026-09-10T03:32:00.3347385Z     |     await self.app(scope, receive_or_disconnect, send_no_error)
2026-09-10T03:32:00.3348019Z     |   File "/home/runner/work/GO/GO/isolated-runtime/lib/python3.13/site-packages/starlette/middleware/base.py", line 191, in __call__
2026-09-10T03:32:00.3348278Z     |     with recv_stream, send_stream, collapse_excgroups():
2026-09-10T03:32:00.3348491Z     |                                    ~~~~~~~~~~~~~~~~~~^^
2026-09-10T03:32:00.3348951Z     |   File "/opt/hostedtoolcache/Python/3.13.5/x64/lib/python3.13/contextlib.py", line 162, in __exit__
2026-09-10T03:32:00.3349126Z     |     self.gen.throw(value)
2026-09-10T03:32:00.3349287Z     |     ~~~~~~~~~~~~~~^^^^^^^
2026-09-10T03:32:00.3349915Z     |   File "/home/runner/work/GO/GO/isolated-runtime/lib/python3.13/site-packages/starlette/_utils.py", line 85, in collapse_excgroups
2026-09-10T03:32:00.3350056Z     |     raise exc
2026-09-10T03:32:00.3350694Z     |   File "/home/runner/work/GO/GO/isolated-runtime/lib/python3.13/site-packages/starlette/middleware/base.py", line 193, in __call__
2026-09-10T03:32:00.3350952Z     |     response = await self.dispatch_func(request, call_next)
2026-09-10T03:32:00.3351164Z     |                ^^^^^^^^^^^^^^^^^^^^^^^^^^^^^^^^^^^^^^^^^^^^
2026-09-10T03:32:00.3351545Z     |   File "/home/runner/work/GO/GO/restored/src/go_hotel/main.py", line 207, in dispatch
2026-09-10T03:32:00.3351916Z     |     response=await call_next(request)
2026-09-10T03:32:00.3352089Z     |              ^^^^^^^^^^^^^^^^^^^^^^^^
2026-09-10T03:32:00.3352750Z     |   File "/home/runner/work/GO/GO/isolated-runtime/lib/python3.13/site-packages/starlette/middleware/base.py", line 168, in call_next
2026-09-10T03:32:00.3353038Z     |     raise app_exc from app_exc.__cause__ or app_exc.__context__
2026-09-10T03:32:00.3353644Z     |   File "/home/runner/work/GO/GO/isolated-runtime/lib/python3.13/site-packages/starlette/middleware/base.py", line 144, in coro
2026-09-10T03:32:00.3353930Z     |     await self.app(scope, receive_or_disconnect, send_no_error)
2026-09-10T03:32:00.3354634Z     |   File "/home/runner/work/GO/GO/isolated-runtime/lib/python3.13/site-packages/starlette/middleware/exceptions.py", line 63, in __call__
2026-09-10T03:32:00.3355000Z     |     await wrap_app_handling_exceptions(self.app, conn)(scope, receive, send)
2026-09-10T03:32:00.3355843Z     |   File "/home/runner/work/GO/GO/isolated-runtime/lib/python3.13/site-packages/starlette/_exception_handler.py", line 53, in wrapped_app
2026-09-10T03:32:00.3355976Z     |     raise exc
2026-09-10T03:32:00.3356640Z     |   File "/home/runner/work/GO/GO/isolated-runtime/lib/python3.13/site-packages/starlette/_exception_handler.py", line 42, in wrapped_app
2026-09-10T03:32:00.3356842Z     |     await app(scope, receive, sender)
2026-09-10T03:32:00.3357546Z     |   File "/home/runner/work/GO/GO/isolated-runtime/lib/python3.13/site-packages/fastapi/middleware/asyncexitstack.py", line 18, in __call__
2026-09-10T03:32:00.3357745Z     |     await self.app(scope, receive, send)
2026-09-10T03:32:00.3358367Z     |   File "/home/runner/work/GO/GO/isolated-runtime/lib/python3.13/site-packages/starlette/routing.py", line 716, in __call__
2026-09-10T03:32:00.3358633Z     |     await self.middleware_stack(scope, receive, send)
2026-09-10T03:32:00.3359207Z     |   File "/home/runner/work/GO/GO/isolated-runtime/lib/python3.13/site-packages/starlette/routing.py", line 736, in app
2026-09-10T03:32:00.3359431Z     |     await route.handle(scope, receive, send)
2026-09-10T03:32:00.3360029Z     |   File "/home/runner/work/GO/GO/isolated-runtime/lib/python3.13/site-packages/starlette/routing.py", line 290, in handle
2026-09-10T03:32:00.3360429Z     |     await self.app(scope, receive, send)
2026-09-10T03:32:00.3360989Z     |   File "/home/runner/work/GO/GO/isolated-runtime/lib/python3.13/site-packages/fastapi/routing.py", line 115, in app
2026-09-10T03:32:00.3361348Z     |     await wrap_app_handling_exceptions(app, request)(scope, receive, send)
2026-09-10T03:32:00.3362052Z     |   File "/home/runner/work/GO/GO/isolated-runtime/lib/python3.13/site-packages/starlette/_exception_handler.py", line 53, in wrapped_app
2026-09-10T03:32:00.3362182Z     |     raise exc
2026-09-10T03:32:00.3362876Z     |   File "/home/runner/work/GO/GO/isolated-runtime/lib/python3.13/site-packages/starlette/_exception_handler.py", line 42, in wrapped_app
2026-09-10T03:32:00.3363072Z     |     await app(scope, receive, sender)
2026-09-10T03:32:00.3363601Z     |   File "/home/runner/work/GO/GO/isolated-runtime/lib/python3.13/site-packages/fastapi/routing.py", line 101, in app
2026-09-10T03:32:00.3363778Z     |     response = await f(request)
2026-09-10T03:32:00.3363937Z     |                ^^^^^^^^^^^^^^^^
2026-09-10T03:32:00.3364480Z     |   File "/home/runner/work/GO/GO/isolated-runtime/lib/python3.13/site-packages/fastapi/routing.py", line 355, in app
2026-09-10T03:32:00.3364709Z     |     raw_response = await run_endpoint_function(
2026-09-10T03:32:00.3364897Z     |                    ^^^^^^^^^^^^^^^^^^^^^^^^^^^^
2026-09-10T03:32:00.3365031Z     |     ...<3 lines>...
2026-09-10T03:32:00.3365163Z     |     )
2026-09-10T03:32:00.3365443Z     |     ^
2026-09-10T03:32:00.3366124Z     |   File "/home/runner/work/GO/GO/isolated-runtime/lib/python3.13/site-packages/fastapi/routing.py", line 245, in run_endpoint_function
2026-09-10T03:32:00.3366413Z     |     return await run_in_threadpool(dependant.call, **values)
2026-09-10T03:32:00.3366828Z     |            ^^^^^^^^^^^^^^^^^^^^^^^^^^^^^^^^^^^^^^^^^^^^^^^^^
2026-09-10T03:32:00.3367531Z     |   File "/home/runner/work/GO/GO/isolated-runtime/lib/python3.13/site-packages/starlette/concurrency.py", line 32, in run_in_threadpool
2026-09-10T03:32:00.3367764Z     |     return await anyio.to_thread.run_sync(func)
2026-09-10T03:32:00.3367950Z     |            ^^^^^^^^^^^^^^^^^^^^^^^^^^^^^^^^^^^^
2026-09-10T03:32:00.3368533Z     |   File "/home/runner/work/GO/GO/isolated-runtime/lib/python3.13/site-packages/anyio/to_thread.py", line 63, in run_sync
2026-09-10T03:32:00.3368830Z     |     return await get_async_backend().run_sync_in_worker_thread(
2026-09-10T03:32:00.3369061Z     |            ^^^^^^^^^^^^^^^^^^^^^^^^^^^^^^^^^^^^^^^^^^^^^^^^^^^^
2026-09-10T03:32:00.3369383Z     |         func, args, abandon_on_cancel=abandon_on_cancel, limiter=limiter
2026-09-10T03:32:00.3369621Z     |         ^^^^^^^^^^^^^^^^^^^^^^^^^^^^^^^^^^^^^^^^^^^^^^^^^^^^^^^^^^^^^^^^
2026-09-10T03:32:00.3369748Z     |     )
2026-09-10T03:32:00.3369867Z     |     ^
2026-09-10T03:32:00.3370641Z     |   File "/home/runner/work/GO/GO/isolated-runtime/lib/python3.13/site-packages/anyio/_backends/_asyncio.py", line 2518, in run_sync_in_worker_thread
2026-09-10T03:32:00.3370797Z     |     return await future
2026-09-10T03:32:00.3370918Z     |            ^^^^^^^^^^^^
2026-09-10T03:32:00.3371545Z     |   File "/home/runner/work/GO/GO/isolated-runtime/lib/python3.13/site-packages/anyio/_backends/_asyncio.py", line 1002, in run
2026-09-10T03:32:00.3371740Z     |     result = context.run(func, *args)
2026-09-10T03:32:00.3372308Z     |   File "/home/runner/work/GO/GO/restored/src/go_hotel/api/routes/mobile.py", line 96, in mobile_existing_cancel_quote
2026-09-10T03:32:00.3372495Z     |     with SessionLocal() as s:
2026-09-10T03:32:00.3372638Z     |          ^^^^^^^^^^^^
2026-09-10T03:32:00.3372862Z     | NameError: name 'SessionLocal' is not defined
2026-09-10T03:32:00.3373058Z     +------------------------------------
2026-09-10T03:32:00.3373075Z 
2026-09-10T03:32:00.3373468Z The above exception was the direct cause of the following exception:
2026-09-10T03:32:00.3373480Z 
2026-09-10T03:32:00.3373683Z Traceback (most recent call last):
2026-09-10T03:32:00.3374323Z   File "/home/runner/work/GO/GO/restored/src/go_hotel/main.py", line 282, in dispatch
2026-09-10T03:32:00.3374523Z     response=await call_next(request)
2026-09-10T03:32:00.3374679Z              ^^^^^^^^^^^^^^^^^^^^^^^^
2026-09-10T03:32:00.3375512Z   File "/home/runner/work/GO/GO/isolated-runtime/lib/python3.13/site-packages/starlette/middleware/base.py", line 168, in call_next
2026-09-10T03:32:00.3375868Z     raise app_exc from app_exc.__cause__ or app_exc.__context__
2026-09-10T03:32:00.3376528Z   File "/home/runner/work/GO/GO/isolated-runtime/lib/python3.13/site-packages/starlette/middleware/base.py", line 144, in coro
2026-09-10T03:32:00.3376809Z     await self.app(scope, receive_or_disconnect, send_no_error)
2026-09-10T03:32:00.3377502Z   File "/home/runner/work/GO/GO/isolated-runtime/lib/python3.13/site-packages/starlette/middleware/base.py", line 191, in __call__
2026-09-10T03:32:00.3377762Z     with recv_stream, send_stream, collapse_excgroups():
2026-09-10T03:32:00.3377967Z                                    ~~~~~~~~~~~~~~~~~~^^
2026-09-10T03:32:00.3378455Z   File "/opt/hostedtoolcache/Python/3.13.5/x64/lib/python3.13/contextlib.py", line 162, in __exit__
2026-09-10T03:32:00.3378603Z     self.gen.throw(value)
2026-09-10T03:32:00.3378747Z     ~~~~~~~~~~~~~~^^^^^^^
2026-09-10T03:32:00.3379424Z   File "/home/runner/work/GO/GO/isolated-runtime/lib/python3.13/site-packages/starlette/_utils.py", line 85, in collapse_excgroups
2026-09-10T03:32:00.3379561Z     raise exc
2026-09-10T03:32:00.3380219Z   File "/home/runner/work/GO/GO/isolated-runtime/lib/python3.13/site-packages/starlette/middleware/base.py", line 193, in __call__
2026-09-10T03:32:00.3380500Z     response = await self.dispatch_func(request, call_next)
2026-09-10T03:32:00.3380696Z                ^^^^^^^^^^^^^^^^^^^^^^^^^^^^^^^^^^^^^^^^^^^^
2026-09-10T03:32:00.3381327Z   File "/home/runner/work/GO/GO/restored/src/go_hotel/main.py", line 253, in dispatch
2026-09-10T03:32:00.3381528Z     response=await call_next(request)
2026-09-10T03:32:00.3381688Z              ^^^^^^^^^^^^^^^^^^^^^^^^
2026-09-10T03:32:00.3382377Z   File "/home/runner/work/GO/GO/isolated-runtime/lib/python3.13/site-packages/starlette/middleware/base.py", line 168, in call_next
2026-09-10T03:32:00.3382717Z     raise app_exc from app_exc.__cause__ or app_exc.__context__
2026-09-10T03:32:00.3383362Z   File "/home/runner/work/GO/GO/isolated-runtime/lib/python3.13/site-packages/starlette/middleware/base.py", line 144, in coro
2026-09-10T03:32:00.3383638Z     await self.app(scope, receive_or_disconnect, send_no_error)
2026-09-10T03:32:00.3384321Z   File "/home/runner/work/GO/GO/isolated-runtime/lib/python3.13/site-packages/starlette/middleware/base.py", line 191, in __call__
2026-09-10T03:32:00.3384575Z     with recv_stream, send_stream, collapse_excgroups():
2026-09-10T03:32:00.3384767Z                                    ~~~~~~~~~~~~~~~~~~^^
2026-09-10T03:32:00.3385235Z   File "/opt/hostedtoolcache/Python/3.13.5/x64/lib/python3.13/contextlib.py", line 162, in __exit__
2026-09-10T03:32:00.3385528Z     self.gen.throw(value)
2026-09-10T03:32:00.3385648Z     ~~~~~~~~~~~~~~^^^^^^^
2026-09-10T03:32:00.3386300Z   File "/home/runner/work/GO/GO/isolated-runtime/lib/python3.13/site-packages/starlette/_utils.py", line 85, in collapse_excgroups
2026-09-10T03:32:00.3386470Z     raise exc
2026-09-10T03:32:00.3387121Z   File "/home/runner/work/GO/GO/isolated-runtime/lib/python3.13/site-packages/starlette/middleware/base.py", line 193, in __call__
2026-09-10T03:32:00.3387363Z     response = await self.dispatch_func(request, call_next)
2026-09-10T03:32:00.3387560Z                ^^^^^^^^^^^^^^^^^^^^^^^^^^^^^^^^^^^^^^^^^^^^
2026-09-10T03:32:00.3387937Z   File "/home/runner/work/GO/GO/restored/src/go_hotel/main.py", line 207, in dispatch
2026-09-10T03:32:00.3388123Z     response=await call_next(request)
2026-09-10T03:32:00.3388295Z              ^^^^^^^^^^^^^^^^^^^^^^^^
2026-09-10T03:32:00.3388953Z   File "/home/runner/work/GO/GO/isolated-runtime/lib/python3.13/site-packages/starlette/middleware/base.py", line 168, in call_next
2026-09-10T03:32:00.3389453Z     raise app_exc from app_exc.__cause__ or app_exc.__context__
2026-09-10T03:32:00.3390114Z   File "/home/runner/work/GO/GO/isolated-runtime/lib/python3.13/site-packages/starlette/middleware/base.py", line 144, in coro
2026-09-10T03:32:00.3390399Z     await self.app(scope, receive_or_disconnect, send_no_error)
2026-09-10T03:32:00.3391131Z   File "/home/runner/work/GO/GO/isolated-runtime/lib/python3.13/site-packages/starlette/middleware/exceptions.py", line 63, in __call__
2026-09-10T03:32:00.3391490Z     await wrap_app_handling_exceptions(self.app, conn)(scope, receive, send)
2026-09-10T03:32:00.3392172Z   File "/home/runner/work/GO/GO/isolated-runtime/lib/python3.13/site-packages/starlette/_exception_handler.py", line 53, in wrapped_app
2026-09-10T03:32:00.3392318Z     raise exc
2026-09-10T03:32:00.3393005Z   File "/home/runner/work/GO/GO/isolated-runtime/lib/python3.13/site-packages/starlette/_exception_handler.py", line 42, in wrapped_app
2026-09-10T03:32:00.3393186Z     await app(scope, receive, sender)
2026-09-10T03:32:00.3393897Z   File "/home/runner/work/GO/GO/isolated-runtime/lib/python3.13/site-packages/fastapi/middleware/asyncexitstack.py", line 18, in __call__
2026-09-10T03:32:00.3394093Z     await self.app(scope, receive, send)
2026-09-10T03:32:00.3394721Z   File "/home/runner/work/GO/GO/isolated-runtime/lib/python3.13/site-packages/starlette/routing.py", line 716, in __call__
2026-09-10T03:32:00.3394960Z     await self.middleware_stack(scope, receive, send)
2026-09-10T03:32:00.3395706Z   File "/home/runner/work/GO/GO/isolated-runtime/lib/python3.13/site-packages/starlette/routing.py", line 736, in app
2026-09-10T03:32:00.3395928Z     await route.handle(scope, receive, send)
2026-09-10T03:32:00.3396749Z   File "/home/runner/work/GO/GO/isolated-runtime/lib/python3.13/site-packages/starlette/routing.py", line 290, in handle
2026-09-10T03:32:00.3396934Z     await self.app(scope, receive, send)
2026-09-10T03:32:00.3397503Z   File "/home/runner/work/GO/GO/isolated-runtime/lib/python3.13/site-packages/fastapi/routing.py", line 115, in app
2026-09-10T03:32:00.3397860Z     await wrap_app_handling_exceptions(app, request)(scope, receive, send)
2026-09-10T03:32:00.3398550Z   File "/home/runner/work/GO/GO/isolated-runtime/lib/python3.13/site-packages/starlette/_exception_handler.py", line 53, in wrapped_app
2026-09-10T03:32:00.3398678Z     raise exc
2026-09-10T03:32:00.3399373Z   File "/home/runner/work/GO/GO/isolated-runtime/lib/python3.13/site-packages/starlette/_exception_handler.py", line 42, in wrapped_app
2026-09-10T03:32:00.3399567Z     await app(scope, receive, sender)
2026-09-10T03:32:00.3400126Z   File "/home/runner/work/GO/GO/isolated-runtime/lib/python3.13/site-packages/fastapi/routing.py", line 101, in app
2026-09-10T03:32:00.3400313Z     response = await f(request)
2026-09-10T03:32:00.3400471Z                ^^^^^^^^^^^^^^^^
2026-09-10T03:32:00.3401024Z   File "/home/runner/work/GO/GO/isolated-runtime/lib/python3.13/site-packages/fastapi/routing.py", line 355, in app
2026-09-10T03:32:00.3401242Z     raw_response = await run_endpoint_function(
2026-09-10T03:32:00.3401422Z                    ^^^^^^^^^^^^^^^^^^^^^^^^^^^^
2026-09-10T03:32:00.3401551Z     ...<3 lines>...
2026-09-10T03:32:00.3401667Z     )
2026-09-10T03:32:00.3401788Z     ^
2026-09-10T03:32:00.3402486Z   File "/home/runner/work/GO/GO/isolated-runtime/lib/python3.13/site-packages/fastapi/routing.py", line 245, in run_endpoint_function
2026-09-10T03:32:00.3402753Z     return await run_in_threadpool(dependant.call, **values)
2026-09-10T03:32:00.3402957Z            ^^^^^^^^^^^^^^^^^^^^^^^^^^^^^^^^^^^^^^^^^^^^^^^^^
2026-09-10T03:32:00.3403642Z   File "/home/runner/work/GO/GO/isolated-runtime/lib/python3.13/site-packages/starlette/concurrency.py", line 32, in run_in_threadpool
2026-09-10T03:32:00.3403854Z     return await anyio.to_thread.run_sync(func)
2026-09-10T03:32:00.3404041Z            ^^^^^^^^^^^^^^^^^^^^^^^^^^^^^^^^^^^^
2026-09-10T03:32:00.3404640Z   File "/home/runner/work/GO/GO/isolated-runtime/lib/python3.13/site-packages/anyio/to_thread.py", line 63, in run_sync
2026-09-10T03:32:00.3405115Z     return await get_async_backend().run_sync_in_worker_thread(
2026-09-10T03:32:00.3405457Z            ^^^^^^^^^^^^^^^^^^^^^^^^^^^^^^^^^^^^^^^^^^^^^^^^^^^^
2026-09-10T03:32:00.3405776Z         func, args, abandon_on_cancel=abandon_on_cancel, limiter=limiter
2026-09-10T03:32:00.3406005Z         ^^^^^^^^^^^^^^^^^^^^^^^^^^^^^^^^^^^^^^^^^^^^^^^^^^^^^^^^^^^^^^^^
2026-09-10T03:32:00.3406121Z     )
2026-09-10T03:32:00.3406237Z     ^
2026-09-10T03:32:00.3407013Z   File "/home/runner/work/GO/GO/isolated-runtime/lib/python3.13/site-packages/anyio/_backends/_asyncio.py", line 2518, in run_sync_in_worker_thread
2026-09-10T03:32:00.3407149Z     return await future
2026-09-10T03:32:00.3407282Z            ^^^^^^^^^^^^
2026-09-10T03:32:00.3407922Z   File "/home/runner/work/GO/GO/isolated-runtime/lib/python3.13/site-packages/anyio/_backends/_asyncio.py", line 1002, in run
2026-09-10T03:32:00.3408104Z     result = context.run(func, *args)
2026-09-10T03:32:00.3408720Z   File "/home/runner/work/GO/GO/restored/src/go_hotel/api/routes/mobile.py", line 96, in mobile_existing_cancel_quote
2026-09-10T03:32:00.3408883Z     with SessionLocal() as s:
2026-09-10T03:32:00.3409011Z          ^^^^^^^^^^^^
2026-09-10T03:32:00.3409281Z NameError: name 'SessionLocal' is not defined
2026-09-10T03:32:00.3409731Z __ test_current_order_revision_still_rechecked_at_execution_with_same_amount ___
2026-09-10T03:32:00.3409963Z   + Exception Group Traceback (most recent call last):
2026-09-10T03:32:00.3410629Z   |   File "/home/runner/work/GO/GO/isolated-runtime/lib/python3.13/site-packages/starlette/_utils.py", line 79, in collapse_excgroups
2026-09-10T03:32:00.3410763Z   |     yield
2026-09-10T03:32:00.3411608Z   |   File "/home/runner/work/GO/GO/isolated-runtime/lib/python3.13/site-packages/starlette/middleware/base.py", line 192, in __call__
2026-09-10T03:32:00.3411868Z   |     async with anyio.create_task_group() as task_group:
2026-09-10T03:32:00.3412043Z   |                ~~~~~~~~~~~~~~~~~~~~~~~^^
2026-09-10T03:32:00.3412670Z   |   File "/home/runner/work/GO/GO/isolated-runtime/lib/python3.13/site-packages/anyio/_backends/_asyncio.py", line 799, in __aexit__
2026-09-10T03:32:00.3412851Z   |     raise BaseExceptionGroup(
2026-09-10T03:32:00.3413104Z   |         "unhandled errors in a TaskGroup", self._exceptions
2026-09-10T03:32:00.3413233Z   |     ) from None
2026-09-10T03:32:00.3413579Z   | ExceptionGroup: unhandled errors in a TaskGroup (1 sub-exception)
2026-09-10T03:32:00.3413758Z   +-+---------------- 1 ----------------
2026-09-10T03:32:00.3413935Z     | Traceback (most recent call last):
2026-09-10T03:32:00.3414529Z     |   File "/home/runner/work/GO/GO/isolated-runtime/lib/python3.13/site-packages/_pytest/runner.py", line 353, in from_call
2026-09-10T03:32:00.3414723Z     |     result: TResult | None = func()
2026-09-10T03:32:00.3414893Z     |                              ~~~~^^
2026-09-10T03:32:00.3415654Z     |   File "/home/runner/work/GO/GO/isolated-runtime/lib/python3.13/site-packages/_pytest/runner.py", line 245, in <lambda>
2026-09-10T03:32:00.3415883Z     |     lambda: runtest_hook(item=item, **kwds),
2026-09-10T03:32:00.3416061Z     |             ~~~~~~~~~~~~^^^^^^^^^^^^^^^^^^^
2026-09-10T03:32:00.3416655Z     |   File "/home/runner/work/GO/GO/isolated-runtime/lib/python3.13/site-packages/pluggy/_hooks.py", line 512, in __call__
2026-09-10T03:32:00.3417047Z     |     return self._hookexec(self.name, self._hookimpls.copy(), kwargs, firstresult)
2026-09-10T03:32:00.3417307Z     |            ~~~~~~~~~~~~~~^^^^^^^^^^^^^^^^^^^^^^^^^^^^^^^^^^^^^^^^^^^^^^^^^^^^^^^^
2026-09-10T03:32:00.3417897Z     |   File "/home/runner/work/GO/GO/isolated-runtime/lib/python3.13/site-packages/pluggy/_manager.py", line 120, in _hookexec
2026-09-10T03:32:00.3418250Z     |     return self._inner_hookexec(hook_name, methods, kwargs, firstresult)
2026-09-10T03:32:00.3418502Z     |            ~~~~~~~~~~~~~~~~~~~~^^^^^^^^^^^^^^^^^^^^^^^^^^^^^^^^^^^^^^^^^
2026-09-10T03:32:00.3419285Z     |   File "/home/runner/work/GO/GO/isolated-runtime/lib/python3.13/site-packages/pluggy/_callers.py", line 167, in _multicall
2026-09-10T03:32:00.3419428Z     |     raise exception
2026-09-10T03:32:00.3420028Z     |   File "/home/runner/work/GO/GO/isolated-runtime/lib/python3.13/site-packages/pluggy/_callers.py", line 139, in _multicall
2026-09-10T03:32:00.3420211Z     |     teardown.throw(exception)
2026-09-10T03:32:00.3420379Z     |     ~~~~~~~~~~~~~~^^^^^^^^^^^
2026-09-10T03:32:00.3421033Z     |   File "/home/runner/work/GO/GO/isolated-runtime/lib/python3.13/site-packages/_pytest/logging.py", line 850, in pytest_runtest_call
2026-09-10T03:32:00.3421153Z     |     yield
2026-09-10T03:32:00.3421810Z     |   File "/home/runner/work/GO/GO/isolated-runtime/lib/python3.13/site-packages/pluggy/_callers.py", line 139, in _multicall
2026-09-10T03:32:00.3421988Z     |     teardown.throw(exception)
2026-09-10T03:32:00.3422137Z     |     ~~~~~~~~~~~~~~^^^^^^^^^^^
2026-09-10T03:32:00.3422780Z     |   File "/home/runner/work/GO/GO/isolated-runtime/lib/python3.13/site-packages/_pytest/capture.py", line 900, in pytest_runtest_call
2026-09-10T03:32:00.3422923Z     |     return (yield)
2026-09-10T03:32:00.3423042Z     |             ^^^^^
2026-09-10T03:32:00.3423631Z     |   File "/home/runner/work/GO/GO/isolated-runtime/lib/python3.13/site-packages/pluggy/_callers.py", line 139, in _multicall
2026-09-10T03:32:00.3423813Z     |     teardown.throw(exception)
2026-09-10T03:32:00.3423964Z     |     ~~~~~~~~~~~~~~^^^^^^^^^^^
2026-09-10T03:32:00.3424618Z     |   File "/home/runner/work/GO/GO/isolated-runtime/lib/python3.13/site-packages/_pytest/skipping.py", line 268, in pytest_runtest_call
2026-09-10T03:32:00.3424753Z     |     return (yield)
2026-09-10T03:32:00.3424874Z     |             ^^^^^
2026-09-10T03:32:00.3425806Z     |   File "/home/runner/work/GO/GO/isolated-runtime/lib/python3.13/site-packages/pluggy/_callers.py", line 121, in _multicall
2026-09-10T03:32:00.3426005Z     |     res = hook_impl.function(*args)
2026-09-10T03:32:00.3426628Z     |   File "/home/runner/work/GO/GO/isolated-runtime/lib/python3.13/site-packages/_pytest/runner.py", line 179, in pytest_runtest_call
2026-09-10T03:32:00.3426774Z     |     item.runtest()
2026-09-10T03:32:00.3426899Z     |     ~~~~~~~~~~~~^^
2026-09-10T03:32:00.3427497Z     |   File "/home/runner/work/GO/GO/isolated-runtime/lib/python3.13/site-packages/_pytest/python.py", line 1720, in runtest
2026-09-10T03:32:00.3427753Z     |     self.ihook.pytest_pyfunc_call(pyfuncitem=self)
2026-09-10T03:32:00.3427957Z     |     ~~~~~~~~~~~~~~~~~~~~~~~~~~~~~^^^^^^^^^^^^^^^^^
2026-09-10T03:32:00.3428550Z     |   File "/home/runner/work/GO/GO/isolated-runtime/lib/python3.13/site-packages/pluggy/_hooks.py", line 512, in __call__
2026-09-10T03:32:00.3428942Z     |     return self._hookexec(self.name, self._hookimpls.copy(), kwargs, firstresult)
2026-09-10T03:32:00.3429195Z     |            ~~~~~~~~~~~~~~^^^^^^^^^^^^^^^^^^^^^^^^^^^^^^^^^^^^^^^^^^^^^^^^^^^^^^^^
2026-09-10T03:32:00.3429767Z     |   File "/home/runner/work/GO/GO/isolated-runtime/lib/python3.13/site-packages/pluggy/_manager.py", line 120, in _hookexec
2026-09-10T03:32:00.3430098Z     |     return self._inner_hookexec(hook_name, methods, kwargs, firstresult)
2026-09-10T03:32:00.3430342Z     |            ~~~~~~~~~~~~~~~~~~~~^^^^^^^^^^^^^^^^^^^^^^^^^^^^^^^^^^^^^^^^^
2026-09-10T03:32:00.3430950Z     |   File "/home/runner/work/GO/GO/isolated-runtime/lib/python3.13/site-packages/pluggy/_callers.py", line 167, in _multicall
2026-09-10T03:32:00.3431095Z     |     raise exception
2026-09-10T03:32:00.3431702Z     |   File "/home/runner/work/GO/GO/isolated-runtime/lib/python3.13/site-packages/pluggy/_callers.py", line 139, in _multicall
2026-09-10T03:32:00.3431878Z     |     teardown.throw(exception)
2026-09-10T03:32:00.3432051Z     |     ~~~~~~~~~~~~~~^^^^^^^^^^^
2026-09-10T03:32:00.3432751Z     |   File "/home/runner/work/GO/GO/isolated-runtime/lib/python3.13/site-packages/pluggy/_callers.py", line 53, in run_old_style_hookwrapper
2026-09-10T03:32:00.3433146Z     |     return result.get_result()
2026-09-10T03:32:00.3433307Z     |            ~~~~~~~~~~~~~~~~~^^
2026-09-10T03:32:00.3433917Z     |   File "/home/runner/work/GO/GO/isolated-runtime/lib/python3.13/site-packages/pluggy/_result.py", line 103, in get_result
2026-09-10T03:32:00.3434094Z     |     raise exc.with_traceback(tb)
2026-09-10T03:32:00.3434772Z     |   File "/home/runner/work/GO/GO/isolated-runtime/lib/python3.13/site-packages/pluggy/_callers.py", line 38, in run_old_style_hookwrapper
2026-09-10T03:32:00.3434911Z     |     res = yield
2026-09-10T03:32:00.3435023Z     |           ^^^^^
2026-09-10T03:32:00.3435765Z     |   File "/home/runner/work/GO/GO/isolated-runtime/lib/python3.13/site-packages/pluggy/_callers.py", line 121, in _multicall
2026-09-10T03:32:00.3435960Z     |     res = hook_impl.function(*args)
2026-09-10T03:32:00.3436611Z     |   File "/home/runner/work/GO/GO/isolated-runtime/lib/python3.13/site-packages/_pytest/python.py", line 166, in pytest_pyfunc_call
2026-09-10T03:32:00.3436800Z     |     result = testfunction(**testargs)
2026-09-10T03:32:00.3437634Z     |   File "/home/runner/work/GO/GO/restored/tests/test_depth34_hotel_quote_read.py", line 52, in test_current_order_revision_still_rechecked_at_execution_with_same_amount
2026-09-10T03:32:00.3437864Z     |     assert data(client.get(path,headers=h))==q
2026-09-10T03:32:00.3438038Z     |                 ~~~~~~~~~~^^^^^^^^^^^^^^^^
2026-09-10T03:32:00.3438641Z     |   File "/home/runner/work/GO/GO/isolated-runtime/lib/python3.13/site-packages/starlette/testclient.py", line 473, in get
2026-09-10T03:32:00.3438786Z     |     return super().get(
2026-09-10T03:32:00.3438904Z     |            ~~~~~~~~~~~^
2026-09-10T03:32:00.3439031Z     |         url,
2026-09-10T03:32:00.3439165Z     |         ^^^^
2026-09-10T03:32:00.3439479Z     |     ...<6 lines>...
2026-09-10T03:32:00.3439664Z     |         extensions=extensions,
2026-09-10T03:32:00.3439813Z     |         ^^^^^^^^^^^^^^^^^^^^^^
2026-09-10T03:32:00.3439938Z     |     )
2026-09-10T03:32:00.3440068Z     |     ^
2026-09-10T03:32:00.3440623Z     |   File "/home/runner/work/GO/GO/isolated-runtime/lib/python3.13/site-packages/httpx/_client.py", line 1053, in get
2026-09-10T03:32:00.3440798Z     |     return self.request(
2026-09-10T03:32:00.3440956Z     |            ~~~~~~~~~~~~^
2026-09-10T03:32:00.3441073Z     |         "GET",
2026-09-10T03:32:00.3441206Z     |         ^^^^^^
2026-09-10T03:32:00.3441338Z     |     ...<7 lines>...
2026-09-10T03:32:00.3441493Z     |         extensions=extensions,
2026-09-10T03:32:00.3441644Z     |         ^^^^^^^^^^^^^^^^^^^^^^
2026-09-10T03:32:00.3441751Z     |     )
2026-09-10T03:32:00.3441878Z     |     ^
2026-09-10T03:32:00.3442501Z     |   File "/home/runner/work/GO/GO/isolated-runtime/lib/python3.13/site-packages/starlette/testclient.py", line 445, in request
2026-09-10T03:32:00.3442662Z     |     return super().request(
2026-09-10T03:32:00.3442818Z     |            ~~~~~~~~~~~~~~~^
2026-09-10T03:32:00.3442952Z     |         method,
2026-09-10T03:32:00.3443080Z     |         ^^^^^^^
2026-09-10T03:32:00.3443218Z     |     ...<11 lines>...
2026-09-10T03:32:00.3443386Z     |         extensions=extensions,
2026-09-10T03:32:00.3443542Z     |         ^^^^^^^^^^^^^^^^^^^^^^
2026-09-10T03:32:00.3443666Z     |     )
2026-09-10T03:32:00.3443793Z     |     ^
2026-09-10T03:32:00.3444354Z     |   File "/home/runner/work/GO/GO/isolated-runtime/lib/python3.13/site-packages/httpx/_client.py", line 825, in request
2026-09-10T03:32:00.3444713Z     |     return self.send(request, auth=auth, follow_redirects=follow_redirects)
2026-09-10T03:32:00.3444958Z     |            ~~~~~~~~~^^^^^^^^^^^^^^^^^^^^^^^^^^^^^^^^^^^^^^^^^^^^^^^^^^^^^^^
2026-09-10T03:32:00.3445667Z     |   File "/home/runner/work/GO/GO/isolated-runtime/lib/python3.13/site-packages/httpx/_client.py", line 914, in send
2026-09-10T03:32:00.3445879Z     |     response = self._send_handling_auth(
2026-09-10T03:32:00.3446013Z     |         request,
2026-09-10T03:32:00.3446134Z     |     ...<2 lines>...
2026-09-10T03:32:00.3446450Z     |         history=[],
2026-09-10T03:32:00.3446580Z     |     )
2026-09-10T03:32:00.3447222Z     |   File "/home/runner/work/GO/GO/isolated-runtime/lib/python3.13/site-packages/httpx/_client.py", line 942, in _send_handling_auth
2026-09-10T03:32:00.3447444Z     |     response = self._send_handling_redirects(
2026-09-10T03:32:00.3447574Z     |         request,
2026-09-10T03:32:00.3447770Z     |         follow_redirects=follow_redirects,
2026-09-10T03:32:00.3447930Z     |         history=history,
2026-09-10T03:32:00.3448039Z     |     )
2026-09-10T03:32:00.3448706Z     |   File "/home/runner/work/GO/GO/isolated-runtime/lib/python3.13/site-packages/httpx/_client.py", line 979, in _send_handling_redirects
2026-09-10T03:32:00.3448945Z     |     response = self._send_single_request(request)
2026-09-10T03:32:00.3449606Z     |   File "/home/runner/work/GO/GO/isolated-runtime/lib/python3.13/site-packages/httpx/_client.py", line 1014, in _send_single_request
2026-09-10T03:32:00.3449828Z     |     response = transport.handle_request(request)
2026-09-10T03:32:00.3450497Z     |   File "/home/runner/work/GO/GO/isolated-runtime/lib/python3.13/site-packages/starlette/testclient.py", line 348, in handle_request
2026-09-10T03:32:00.3450633Z     |     raise exc
2026-09-10T03:32:00.3451255Z     |   File "/home/runner/work/GO/GO/isolated-runtime/lib/python3.13/site-packages/starlette/testclient.py", line 345, in handle_request
2026-09-10T03:32:00.3451479Z     |     portal.call(self.app, scope, receive, send)
2026-09-10T03:32:00.3451675Z     |     ~~~~~~~~~~~^^^^^^^^^^^^^^^^^^^^^^^^^^^^^^^^
2026-09-10T03:32:00.3452232Z     |   File "/home/runner/work/GO/GO/isolated-runtime/lib/python3.13/site-packages/anyio/from_thread.py", line 334, in call
2026-09-10T03:32:00.3452736Z     |     return cast(T_Retval, self.start_task_soon(func, *args).result())
2026-09-10T03:32:00.3452983Z     |                           ~~~~~~~~~~~~~~~~~~~~~~~~~~~~~~~~~~~~~~~~^^
2026-09-10T03:32:00.3453519Z     |   File "/opt/hostedtoolcache/Python/3.13.5/x64/lib/python3.13/concurrent/futures/_base.py", line 456, in result
2026-09-10T03:32:00.3453705Z     |     return self.__get_result()
2026-09-10T03:32:00.3453864Z     |            ~~~~~~~~~~~~~~~~~^^
2026-09-10T03:32:00.3454423Z     |   File "/opt/hostedtoolcache/Python/3.13.5/x64/lib/python3.13/concurrent/futures/_base.py", line 401, in __get_result
2026-09-10T03:32:00.3454594Z     |     raise self._exception
2026-09-10T03:32:00.3455205Z     |   File "/home/runner/work/GO/GO/isolated-runtime/lib/python3.13/site-packages/anyio/from_thread.py", line 259, in _call_func
2026-09-10T03:32:00.3455546Z     |     retval = await retval_or_awaitable
2026-09-10T03:32:00.3455719Z     |              ^^^^^^^^^^^^^^^^^^^^^^^^^
2026-09-10T03:32:00.3456351Z     |   File "/home/runner/work/GO/GO/isolated-runtime/lib/python3.13/site-packages/fastapi/applications.py", line 1138, in __call__
2026-09-10T03:32:00.3456564Z     |     await super().__call__(scope, receive, send)
2026-09-10T03:32:00.3457199Z     |   File "/home/runner/work/GO/GO/isolated-runtime/lib/python3.13/site-packages/starlette/applications.py", line 107, in __call__
2026-09-10T03:32:00.3457458Z     |     await self.middleware_stack(scope, receive, send)
2026-09-10T03:32:00.3458101Z     |   File "/home/runner/work/GO/GO/isolated-runtime/lib/python3.13/site-packages/starlette/middleware/errors.py", line 186, in __call__
2026-09-10T03:32:00.3458239Z     |     raise exc
2026-09-10T03:32:00.3458896Z     |   File "/home/runner/work/GO/GO/isolated-runtime/lib/python3.13/site-packages/starlette/middleware/errors.py", line 164, in __call__
2026-09-10T03:32:00.3459093Z     |     await self.app(scope, receive, _send)
2026-09-10T03:32:00.3459758Z     |   File "/home/runner/work/GO/GO/isolated-runtime/lib/python3.13/site-packages/starlette/middleware/base.py", line 191, in __call__
2026-09-10T03:32:00.3460019Z     |     with recv_stream, send_stream, collapse_excgroups():
2026-09-10T03:32:00.3460229Z     |                                    ~~~~~~~~~~~~~~~~~~^^
2026-09-10T03:32:00.3460924Z     |   File "/opt/hostedtoolcache/Python/3.13.5/x64/lib/python3.13/contextlib.py", line 162, in __exit__
2026-09-10T03:32:00.3461101Z     |     self.gen.throw(value)
2026-09-10T03:32:00.3461252Z     |     ~~~~~~~~~~~~~~^^^^^^^
2026-09-10T03:32:00.3461866Z     |   File "/home/runner/work/GO/GO/isolated-runtime/lib/python3.13/site-packages/starlette/_utils.py", line 85, in collapse_excgroups
2026-09-10T03:32:00.3461988Z     |     raise exc
2026-09-10T03:32:00.3462581Z     |   File "/home/runner/work/GO/GO/isolated-runtime/lib/python3.13/site-packages/starlette/middleware/base.py", line 193, in __call__
2026-09-10T03:32:00.3462834Z     |     response = await self.dispatch_func(request, call_next)
2026-09-10T03:32:00.3463041Z     |                ^^^^^^^^^^^^^^^^^^^^^^^^^^^^^^^^^^^^^^^^^^^^
2026-09-10T03:32:00.3463440Z     |   File "/home/runner/work/GO/GO/restored/src/go_hotel/main.py", line 282, in dispatch
2026-09-10T03:32:00.3463628Z     |     response=await call_next(request)
2026-09-10T03:32:00.3463805Z     |              ^^^^^^^^^^^^^^^^^^^^^^^^
2026-09-10T03:32:00.3464450Z     |   File "/home/runner/work/GO/GO/isolated-runtime/lib/python3.13/site-packages/starlette/middleware/base.py", line 168, in call_next
2026-09-10T03:32:00.3464744Z     |     raise app_exc from app_exc.__cause__ or app_exc.__context__
2026-09-10T03:32:00.3465525Z     |   File "/home/runner/work/GO/GO/isolated-runtime/lib/python3.13/site-packages/starlette/middleware/base.py", line 144, in coro
2026-09-10T03:32:00.3465822Z     |     await self.app(scope, receive_or_disconnect, send_no_error)
2026-09-10T03:32:00.3466464Z     |   File "/home/runner/work/GO/GO/isolated-runtime/lib/python3.13/site-packages/starlette/middleware/base.py", line 191, in __call__
2026-09-10T03:32:00.3466899Z     |     with recv_stream, send_stream, collapse_excgroups():
2026-09-10T03:32:00.3467109Z     |                                    ~~~~~~~~~~~~~~~~~~^^
2026-09-10T03:32:00.3467557Z     |   File "/opt/hostedtoolcache/Python/3.13.5/x64/lib/python3.13/contextlib.py", line 162, in __exit__
2026-09-10T03:32:00.3467732Z     |     self.gen.throw(value)
2026-09-10T03:32:00.3467876Z     |     ~~~~~~~~~~~~~~^^^^^^^
2026-09-10T03:32:00.3468498Z     |   File "/home/runner/work/GO/GO/isolated-runtime/lib/python3.13/site-packages/starlette/_utils.py", line 85, in collapse_excgroups
2026-09-10T03:32:00.3468630Z     |     raise exc
2026-09-10T03:32:00.3469282Z     |   File "/home/runner/work/GO/GO/isolated-runtime/lib/python3.13/site-packages/starlette/middleware/base.py", line 193, in __call__
2026-09-10T03:32:00.3469553Z     |     response = await self.dispatch_func(request, call_next)
2026-09-10T03:32:00.3469770Z     |                ^^^^^^^^^^^^^^^^^^^^^^^^^^^^^^^^^^^^^^^^^^^^
2026-09-10T03:32:00.3470183Z     |   File "/home/runner/work/GO/GO/restored/src/go_hotel/main.py", line 253, in dispatch
2026-09-10T03:32:00.3470373Z     |     response=await call_next(request)
2026-09-10T03:32:00.3470537Z     |              ^^^^^^^^^^^^^^^^^^^^^^^^
2026-09-10T03:32:00.3471203Z     |   File "/home/runner/work/GO/GO/isolated-runtime/lib/python3.13/site-packages/starlette/middleware/base.py", line 168, in call_next
2026-09-10T03:32:00.3471484Z     |     raise app_exc from app_exc.__cause__ or app_exc.__context__
2026-09-10T03:32:00.3472120Z     |   File "/home/runner/work/GO/GO/isolated-runtime/lib/python3.13/site-packages/starlette/middleware/base.py", line 144, in coro
2026-09-10T03:32:00.3472419Z     |     await self.app(scope, receive_or_disconnect, send_no_error)
2026-09-10T03:32:00.3473061Z     |   File "/home/runner/work/GO/GO/isolated-runtime/lib/python3.13/site-packages/starlette/middleware/base.py", line 191, in __call__
2026-09-10T03:32:00.3473315Z     |     with recv_stream, send_stream, collapse_excgroups():
2026-09-10T03:32:00.3473530Z     |                                    ~~~~~~~~~~~~~~~~~~^^
2026-09-10T03:32:00.3474020Z     |   File "/opt/hostedtoolcache/Python/3.13.5/x64/lib/python3.13/contextlib.py", line 162, in __exit__
2026-09-10T03:32:00.3474387Z     |     self.gen.throw(value)
2026-09-10T03:32:00.3474543Z     |     ~~~~~~~~~~~~~~^^^^^^^
2026-09-10T03:32:00.3475201Z     |   File "/home/runner/work/GO/GO/isolated-runtime/lib/python3.13/site-packages/starlette/_utils.py", line 85, in collapse_excgroups
2026-09-10T03:32:00.3475471Z     |     raise exc
2026-09-10T03:32:00.3476104Z     |   File "/home/runner/work/GO/GO/isolated-runtime/lib/python3.13/site-packages/starlette/middleware/base.py", line 193, in __call__
2026-09-10T03:32:00.3476387Z     |     response = await self.dispatch_func(request, call_next)
2026-09-10T03:32:00.3476596Z     |                ^^^^^^^^^^^^^^^^^^^^^^^^^^^^^^^^^^^^^^^^^^^^
2026-09-10T03:32:00.3477001Z     |   File "/home/runner/work/GO/GO/restored/src/go_hotel/main.py", line 207, in dispatch
2026-09-10T03:32:00.3477199Z     |     response=await call_next(request)
2026-09-10T03:32:00.3477359Z     |              ^^^^^^^^^^^^^^^^^^^^^^^^
2026-09-10T03:32:00.3478011Z     |   File "/home/runner/work/GO/GO/isolated-runtime/lib/python3.13/site-packages/starlette/middleware/base.py", line 168, in call_next
2026-09-10T03:32:00.3478308Z     |     raise app_exc from app_exc.__cause__ or app_exc.__context__
2026-09-10T03:32:00.3478935Z     |   File "/home/runner/work/GO/GO/isolated-runtime/lib/python3.13/site-packages/starlette/middleware/base.py", line 144, in coro
2026-09-10T03:32:00.3479240Z     |     await self.app(scope, receive_or_disconnect, send_no_error)
2026-09-10T03:32:00.3479956Z     |   File "/home/runner/work/GO/GO/isolated-runtime/lib/python3.13/site-packages/starlette/middleware/exceptions.py", line 63, in __call__
2026-09-10T03:32:00.3480299Z     |     await wrap_app_handling_exceptions(self.app, conn)(scope, receive, send)
2026-09-10T03:32:00.3481232Z     |   File "/home/runner/work/GO/GO/isolated-runtime/lib/python3.13/site-packages/starlette/_exception_handler.py", line 53, in wrapped_app
2026-09-10T03:32:00.3481381Z     |     raise exc
2026-09-10T03:32:00.3482058Z     |   File "/home/runner/work/GO/GO/isolated-runtime/lib/python3.13/site-packages/starlette/_exception_handler.py", line 42, in wrapped_app
2026-09-10T03:32:00.3482259Z     |     await app(scope, receive, sender)
2026-09-10T03:32:00.3482953Z     |   File "/home/runner/work/GO/GO/isolated-runtime/lib/python3.13/site-packages/fastapi/middleware/asyncexitstack.py", line 18, in __call__
2026-09-10T03:32:00.3483155Z     |     await self.app(scope, receive, send)
2026-09-10T03:32:00.3483735Z     |   File "/home/runner/work/GO/GO/isolated-runtime/lib/python3.13/site-packages/starlette/routing.py", line 716, in __call__
2026-09-10T03:32:00.3483994Z     |     await self.middleware_stack(scope, receive, send)
2026-09-10T03:32:00.3484581Z     |   File "/home/runner/work/GO/GO/isolated-runtime/lib/python3.13/site-packages/starlette/routing.py", line 736, in app
2026-09-10T03:32:00.3484818Z     |     await route.handle(scope, receive, send)
2026-09-10T03:32:00.3485571Z     |   File "/home/runner/work/GO/GO/isolated-runtime/lib/python3.13/site-packages/starlette/routing.py", line 290, in handle
2026-09-10T03:32:00.3485780Z     |     await self.app(scope, receive, send)
2026-09-10T03:32:00.3486336Z     |   File "/home/runner/work/GO/GO/isolated-runtime/lib/python3.13/site-packages/fastapi/routing.py", line 115, in app
2026-09-10T03:32:00.3486690Z     |     await wrap_app_handling_exceptions(app, request)(scope, receive, send)
2026-09-10T03:32:00.3487368Z     |   File "/home/runner/work/GO/GO/isolated-runtime/lib/python3.13/site-packages/starlette/_exception_handler.py", line 53, in wrapped_app
2026-09-10T03:32:00.3487492Z     |     raise exc
2026-09-10T03:32:00.3488167Z     |   File "/home/runner/work/GO/GO/isolated-runtime/lib/python3.13/site-packages/starlette/_exception_handler.py", line 42, in wrapped_app
2026-09-10T03:32:00.3488365Z     |     await app(scope, receive, sender)
2026-09-10T03:32:00.3488914Z     |   File "/home/runner/work/GO/GO/isolated-runtime/lib/python3.13/site-packages/fastapi/routing.py", line 101, in app
2026-09-10T03:32:00.3489097Z     |     response = await f(request)
2026-09-10T03:32:00.3489471Z     |                ^^^^^^^^^^^^^^^^
2026-09-10T03:32:00.3490017Z     |   File "/home/runner/work/GO/GO/isolated-runtime/lib/python3.13/site-packages/fastapi/routing.py", line 355, in app
2026-09-10T03:32:00.3490244Z     |     raw_response = await run_endpoint_function(
2026-09-10T03:32:00.3490426Z     |                    ^^^^^^^^^^^^^^^^^^^^^^^^^^^^
2026-09-10T03:32:00.3490555Z     |     ...<3 lines>...
2026-09-10T03:32:00.3490681Z     |     )
2026-09-10T03:32:00.3490800Z     |     ^
2026-09-10T03:32:00.3491444Z     |   File "/home/runner/work/GO/GO/isolated-runtime/lib/python3.13/site-packages/fastapi/routing.py", line 245, in run_endpoint_function
2026-09-10T03:32:00.3491728Z     |     return await run_in_threadpool(dependant.call, **values)
2026-09-10T03:32:00.3491945Z     |            ^^^^^^^^^^^^^^^^^^^^^^^^^^^^^^^^^^^^^^^^^^^^^^^^^
2026-09-10T03:32:00.3492609Z     |   File "/home/runner/work/GO/GO/isolated-runtime/lib/python3.13/site-packages/starlette/concurrency.py", line 32, in run_in_threadpool
2026-09-10T03:32:00.3492837Z     |     return await anyio.to_thread.run_sync(func)
2026-09-10T03:32:00.3493015Z     |            ^^^^^^^^^^^^^^^^^^^^^^^^^^^^^^^^^^^^
2026-09-10T03:32:00.3493607Z     |   File "/home/runner/work/GO/GO/isolated-runtime/lib/python3.13/site-packages/anyio/to_thread.py", line 63, in run_sync
2026-09-10T03:32:00.3493934Z     |     return await get_async_backend().run_sync_in_worker_thread(
2026-09-10T03:32:00.3494159Z     |            ^^^^^^^^^^^^^^^^^^^^^^^^^^^^^^^^^^^^^^^^^^^^^^^^^^^^
2026-09-10T03:32:00.3494480Z     |         func, args, abandon_on_cancel=abandon_on_cancel, limiter=limiter
2026-09-10T03:32:00.3494716Z     |         ^^^^^^^^^^^^^^^^^^^^^^^^^^^^^^^^^^^^^^^^^^^^^^^^^^^^^^^^^^^^^^^^
2026-09-10T03:32:00.3495015Z     |     )
2026-09-10T03:32:00.3495128Z     |     ^
2026-09-10T03:32:00.3496013Z     |   File "/home/runner/work/GO/GO/isolated-runtime/lib/python3.13/site-packages/anyio/_backends/_asyncio.py", line 2518, in run_sync_in_worker_thread
2026-09-10T03:32:00.3496167Z     |     return await future
2026-09-10T03:32:00.3496292Z     |            ^^^^^^^^^^^^
2026-09-10T03:32:00.3496904Z     |   File "/home/runner/work/GO/GO/isolated-runtime/lib/python3.13/site-packages/anyio/_backends/_asyncio.py", line 1002, in run
2026-09-10T03:32:00.3497100Z     |     result = context.run(func, *args)
2026-09-10T03:32:00.3497646Z     |   File "/home/runner/work/GO/GO/restored/src/go_hotel/api/routes/mobile.py", line 96, in mobile_existing_cancel_quote
2026-09-10T03:32:00.3497823Z     |     with SessionLocal() as s:
2026-09-10T03:32:00.3497964Z     |          ^^^^^^^^^^^^
2026-09-10T03:32:00.3498184Z     | NameError: name 'SessionLocal' is not defined
2026-09-10T03:32:00.3498365Z     +------------------------------------
2026-09-10T03:32:00.3498387Z 
2026-09-10T03:32:00.3498749Z The above exception was the direct cause of the following exception:
2026-09-10T03:32:00.3498761Z 
2026-09-10T03:32:00.3498961Z Traceback (most recent call last):
2026-09-10T03:32:00.3499854Z   File "/home/runner/work/GO/GO/restored/tests/test_depth34_hotel_quote_read.py", line 52, in test_current_order_revision_still_rechecked_at_execution_with_same_amount
2026-09-10T03:32:00.3500070Z     assert data(client.get(path,headers=h))==q
2026-09-10T03:32:00.3500242Z                 ~~~~~~~~~~^^^^^^^^^^^^^^^^
2026-09-10T03:32:00.3500855Z   File "/home/runner/work/GO/GO/isolated-runtime/lib/python3.13/site-packages/starlette/testclient.py", line 473, in get
2026-09-10T03:32:00.3501012Z     return super().get(
2026-09-10T03:32:00.3501145Z            ~~~~~~~~~~~^
2026-09-10T03:32:00.3501266Z         url,
2026-09-10T03:32:00.3501390Z         ^^^^
2026-09-10T03:32:00.3501521Z     ...<6 lines>...
2026-09-10T03:32:00.3501690Z         extensions=extensions,
2026-09-10T03:32:00.3501851Z         ^^^^^^^^^^^^^^^^^^^^^^
2026-09-10T03:32:00.3501966Z     )
2026-09-10T03:32:00.3502090Z     ^
2026-09-10T03:32:00.3502675Z   File "/home/runner/work/GO/GO/isolated-runtime/lib/python3.13/site-packages/httpx/_client.py", line 1053, in get
2026-09-10T03:32:00.3503031Z     return self.request(
2026-09-10T03:32:00.3503149Z            ~~~~~~~~~~~~^
2026-09-10T03:32:00.3503279Z         "GET",
2026-09-10T03:32:00.3503394Z         ^^^^^^
2026-09-10T03:32:00.3503522Z     ...<7 lines>...
2026-09-10T03:32:00.3503693Z         extensions=extensions,
2026-09-10T03:32:00.3503844Z         ^^^^^^^^^^^^^^^^^^^^^^
2026-09-10T03:32:00.3503970Z     )
2026-09-10T03:32:00.3504096Z     ^
2026-09-10T03:32:00.3504702Z   File "/home/runner/work/GO/GO/isolated-runtime/lib/python3.13/site-packages/starlette/testclient.py", line 445, in request
2026-09-10T03:32:00.3504848Z     return super().request(
2026-09-10T03:32:00.3504977Z            ~~~~~~~~~~~~~~~^
2026-09-10T03:32:00.3505097Z         method,
2026-09-10T03:32:00.3505227Z         ^^^^^^^
2026-09-10T03:32:00.3505501Z     ...<11 lines>...
2026-09-10T03:32:00.3505660Z         extensions=extensions,
2026-09-10T03:32:00.3505817Z         ^^^^^^^^^^^^^^^^^^^^^^
2026-09-10T03:32:00.3505929Z     )
2026-09-10T03:32:00.3506048Z     ^
2026-09-10T03:32:00.3506635Z   File "/home/runner/work/GO/GO/isolated-runtime/lib/python3.13/site-packages/httpx/_client.py", line 825, in request
2026-09-10T03:32:00.3506972Z     return self.send(request, auth=auth, follow_redirects=follow_redirects)
2026-09-10T03:32:00.3507199Z            ~~~~~~~~~^^^^^^^^^^^^^^^^^^^^^^^^^^^^^^^^^^^^^^^^^^^^^^^^^^^^^^^
2026-09-10T03:32:00.3507778Z   File "/home/runner/work/GO/GO/isolated-runtime/lib/python3.13/site-packages/httpx/_client.py", line 914, in send
2026-09-10T03:32:00.3507969Z     response = self._send_handling_auth(
2026-09-10T03:32:00.3508086Z         request,
2026-09-10T03:32:00.3508217Z     ...<2 lines>...
2026-09-10T03:32:00.3508343Z         history=[],
2026-09-10T03:32:00.3508452Z     )
2026-09-10T03:32:00.3509302Z   File "/home/runner/work/GO/GO/isolated-runtime/lib/python3.13/site-packages/httpx/_client.py", line 942, in _send_handling_auth
2026-09-10T03:32:00.3509520Z     response = self._send_handling_redirects(
2026-09-10T03:32:00.3509642Z         request,
2026-09-10T03:32:00.3509829Z         follow_redirects=follow_redirects,
2026-09-10T03:32:00.3509967Z         history=history,
2026-09-10T03:32:00.3510075Z     )
2026-09-10T03:32:00.3510735Z   File "/home/runner/work/GO/GO/isolated-runtime/lib/python3.13/site-packages/httpx/_client.py", line 979, in _send_handling_redirects
2026-09-10T03:32:00.3510959Z     response = self._send_single_request(request)
2026-09-10T03:32:00.3511612Z   File "/home/runner/work/GO/GO/isolated-runtime/lib/python3.13/site-packages/httpx/_client.py", line 1014, in _send_single_request
2026-09-10T03:32:00.3511821Z     response = transport.handle_request(request)
2026-09-10T03:32:00.3512476Z   File "/home/runner/work/GO/GO/isolated-runtime/lib/python3.13/site-packages/starlette/testclient.py", line 348, in handle_request
2026-09-10T03:32:00.3512607Z     raise exc
2026-09-10T03:32:00.3513243Z   File "/home/runner/work/GO/GO/isolated-runtime/lib/python3.13/site-packages/starlette/testclient.py", line 345, in handle_request
2026-09-10T03:32:00.3513467Z     portal.call(self.app, scope, receive, send)
2026-09-10T03:32:00.3513643Z     ~~~~~~~~~~~^^^^^^^^^^^^^^^^^^^^^^^^^^^^^^^^
2026-09-10T03:32:00.3514209Z   File "/home/runner/work/GO/GO/isolated-runtime/lib/python3.13/site-packages/anyio/from_thread.py", line 334, in call
2026-09-10T03:32:00.3514516Z     return cast(T_Retval, self.start_task_soon(func, *args).result())
2026-09-10T03:32:00.3514746Z                           ~~~~~~~~~~~~~~~~~~~~~~~~~~~~~~~~~~~~~~~~^^
2026-09-10T03:32:00.3515423Z   File "/opt/hostedtoolcache/Python/3.13.5/x64/lib/python3.13/concurrent/futures/_base.py", line 456, in result
2026-09-10T03:32:00.3515590Z     return self.__get_result()
2026-09-10T03:32:00.3515751Z            ~~~~~~~~~~~~~~~~~^^
2026-09-10T03:32:00.3516314Z   File "/opt/hostedtoolcache/Python/3.13.5/x64/lib/python3.13/concurrent/futures/_base.py", line 401, in __get_result
2026-09-10T03:32:00.3516461Z     raise self._exception
2026-09-10T03:32:00.3517280Z   File "/home/runner/work/GO/GO/isolated-runtime/lib/python3.13/site-packages/anyio/from_thread.py", line 259, in _call_func
2026-09-10T03:32:00.3517473Z     retval = await retval_or_awaitable
2026-09-10T03:32:00.3517641Z              ^^^^^^^^^^^^^^^^^^^^^^^^^
2026-09-10T03:32:00.3518272Z   File "/home/runner/work/GO/GO/isolated-runtime/lib/python3.13/site-packages/fastapi/applications.py", line 1138, in __call__
2026-09-10T03:32:00.3518497Z     await super().__call__(scope, receive, send)
2026-09-10T03:32:00.3519138Z   File "/home/runner/work/GO/GO/isolated-runtime/lib/python3.13/site-packages/starlette/applications.py", line 107, in __call__
2026-09-10T03:32:00.3519376Z     await self.middleware_stack(scope, receive, send)
2026-09-10T03:32:00.3520109Z   File "/home/runner/work/GO/GO/isolated-runtime/lib/python3.13/site-packages/starlette/middleware/errors.py", line 186, in __call__
2026-09-10T03:32:00.3520247Z     raise exc
2026-09-10T03:32:00.3520901Z   File "/home/runner/work/GO/GO/isolated-runtime/lib/python3.13/site-packages/starlette/middleware/errors.py", line 164, in __call__
2026-09-10T03:32:00.3521099Z     await self.app(scope, receive, _send)
2026-09-10T03:32:00.3521725Z   File "/home/runner/work/GO/GO/isolated-runtime/lib/python3.13/site-packages/starlette/middleware/base.py", line 191, in __call__
2026-09-10T03:32:00.3521982Z     with recv_stream, send_stream, collapse_excgroups():
2026-09-10T03:32:00.3522181Z                                    ~~~~~~~~~~~~~~~~~~^^
2026-09-10T03:32:00.3522642Z   File "/opt/hostedtoolcache/Python/3.13.5/x64/lib/python3.13/contextlib.py", line 162, in __exit__
2026-09-10T03:32:00.3522785Z     self.gen.throw(value)
2026-09-10T03:32:00.3522913Z     ~~~~~~~~~~~~~~^^^^^^^
2026-09-10T03:32:00.3523736Z   File "/home/runner/work/GO/GO/isolated-runtime/lib/python3.13/site-packages/starlette/_utils.py", line 85, in collapse_excgroups
2026-09-10T03:32:00.3523880Z     raise exc
2026-09-10T03:32:00.3524511Z   File "/home/runner/work/GO/GO/isolated-runtime/lib/python3.13/site-packages/starlette/middleware/base.py", line 193, in __call__
2026-09-10T03:32:00.3524770Z     response = await self.dispatch_func(request, call_next)
2026-09-10T03:32:00.3524960Z                ^^^^^^^^^^^^^^^^^^^^^^^^^^^^^^^^^^^^^^^^^^^^
2026-09-10T03:32:00.3525517Z   File "/home/runner/work/GO/GO/restored/src/go_hotel/main.py", line 282, in dispatch
2026-09-10T03:32:00.3525707Z     response=await call_next(request)
2026-09-10T03:32:00.3525860Z              ^^^^^^^^^^^^^^^^^^^^^^^^
2026-09-10T03:32:00.3526516Z   File "/home/runner/work/GO/GO/isolated-runtime/lib/python3.13/site-packages/starlette/middleware/base.py", line 168, in call_next
2026-09-10T03:32:00.3526844Z     raise app_exc from app_exc.__cause__ or app_exc.__context__
2026-09-10T03:32:00.3527478Z   File "/home/runner/work/GO/GO/isolated-runtime/lib/python3.13/site-packages/starlette/middleware/base.py", line 144, in coro
2026-09-10T03:32:00.3527736Z     await self.app(scope, receive_or_disconnect, send_no_error)
2026-09-10T03:32:00.3528384Z   File "/home/runner/work/GO/GO/isolated-runtime/lib/python3.13/site-packages/starlette/middleware/base.py", line 191, in __call__
2026-09-10T03:32:00.3528625Z     with recv_stream, send_stream, collapse_excgroups():
2026-09-10T03:32:00.3528827Z                                    ~~~~~~~~~~~~~~~~~~^^
2026-09-10T03:32:00.3529292Z   File "/opt/hostedtoolcache/Python/3.13.5/x64/lib/python3.13/contextlib.py", line 162, in __exit__
2026-09-10T03:32:00.3529435Z     self.gen.throw(value)
2026-09-10T03:32:00.3529562Z     ~~~~~~~~~~~~~~^^^^^^^
2026-09-10T03:32:00.3530223Z   File "/home/runner/work/GO/GO/isolated-runtime/lib/python3.13/site-packages/starlette/_utils.py", line 85, in collapse_excgroups
2026-09-10T03:32:00.3530361Z     raise exc
2026-09-10T03:32:00.3530996Z   File "/home/runner/work/GO/GO/isolated-runtime/lib/python3.13/site-packages/starlette/middleware/base.py", line 193, in __call__
2026-09-10T03:32:00.3531254Z     response = await self.dispatch_func(request, call_next)
2026-09-10T03:32:00.3531623Z                ^^^^^^^^^^^^^^^^^^^^^^^^^^^^^^^^^^^^^^^^^^^^
2026-09-10T03:32:00.3532012Z   File "/home/runner/work/GO/GO/restored/src/go_hotel/main.py", line 253, in dispatch
2026-09-10T03:32:00.3532195Z     response=await call_next(request)
2026-09-10T03:32:00.3532344Z              ^^^^^^^^^^^^^^^^^^^^^^^^
2026-09-10T03:32:00.3533013Z   File "/home/runner/work/GO/GO/isolated-runtime/lib/python3.13/site-packages/starlette/middleware/base.py", line 168, in call_next
2026-09-10T03:32:00.3533338Z     raise app_exc from app_exc.__cause__ or app_exc.__context__
2026-09-10T03:32:00.3533980Z   File "/home/runner/work/GO/GO/isolated-runtime/lib/python3.13/site-packages/starlette/middleware/base.py", line 144, in coro
2026-09-10T03:32:00.3534249Z     await self.app(scope, receive_or_disconnect, send_no_error)
2026-09-10T03:32:00.3534915Z   File "/home/runner/work/GO/GO/isolated-runtime/lib/python3.13/site-packages/starlette/middleware/base.py", line 191, in __call__
2026-09-10T03:32:00.3535164Z     with recv_stream, send_stream, collapse_excgroups():
2026-09-10T03:32:00.3535494Z                                    ~~~~~~~~~~~~~~~~~~^^
2026-09-10T03:32:00.3535968Z   File "/opt/hostedtoolcache/Python/3.13.5/x64/lib/python3.13/contextlib.py", line 162, in __exit__
2026-09-10T03:32:00.3536112Z     self.gen.throw(value)
2026-09-10T03:32:00.3536227Z     ~~~~~~~~~~~~~~^^^^^^^
2026-09-10T03:32:00.3536886Z   File "/home/runner/work/GO/GO/isolated-runtime/lib/python3.13/site-packages/starlette/_utils.py", line 85, in collapse_excgroups
2026-09-10T03:32:00.3537021Z     raise exc
2026-09-10T03:32:00.3537659Z   File "/home/runner/work/GO/GO/isolated-runtime/lib/python3.13/site-packages/starlette/middleware/base.py", line 193, in __call__
2026-09-10T03:32:00.3537918Z     response = await self.dispatch_func(request, call_next)
2026-09-10T03:32:00.3538320Z                ^^^^^^^^^^^^^^^^^^^^^^^^^^^^^^^^^^^^^^^^^^^^
2026-09-10T03:32:00.3538720Z   File "/home/runner/work/GO/GO/restored/src/go_hotel/main.py", line 207, in dispatch
2026-09-10T03:32:00.3538894Z     response=await call_next(request)
2026-09-10T03:32:00.3539052Z              ^^^^^^^^^^^^^^^^^^^^^^^^
2026-09-10T03:32:00.3539690Z   File "/home/runner/work/GO/GO/isolated-runtime/lib/python3.13/site-packages/starlette/middleware/base.py", line 168, in call_next
2026-09-10T03:32:00.3539986Z     raise app_exc from app_exc.__cause__ or app_exc.__context__
2026-09-10T03:32:00.3540594Z   File "/home/runner/work/GO/GO/isolated-runtime/lib/python3.13/site-packages/starlette/middleware/base.py", line 144, in coro
2026-09-10T03:32:00.3540863Z     await self.app(scope, receive_or_disconnect, send_no_error)
2026-09-10T03:32:00.3541539Z   File "/home/runner/work/GO/GO/isolated-runtime/lib/python3.13/site-packages/starlette/middleware/exceptions.py", line 63, in __call__
2026-09-10T03:32:00.3541887Z     await wrap_app_handling_exceptions(self.app, conn)(scope, receive, send)
2026-09-10T03:32:00.3542551Z   File "/home/runner/work/GO/GO/isolated-runtime/lib/python3.13/site-packages/starlette/_exception_handler.py", line 53, in wrapped_app
2026-09-10T03:32:00.3542688Z     raise exc
2026-09-10T03:32:00.3543372Z   File "/home/runner/work/GO/GO/isolated-runtime/lib/python3.13/site-packages/starlette/_exception_handler.py", line 42, in wrapped_app
2026-09-10T03:32:00.3543555Z     await app(scope, receive, sender)
2026-09-10T03:32:00.3544227Z   File "/home/runner/work/GO/GO/isolated-runtime/lib/python3.13/site-packages/fastapi/middleware/asyncexitstack.py", line 18, in __call__
2026-09-10T03:32:00.3544418Z     await self.app(scope, receive, send)
2026-09-10T03:32:00.3545005Z   File "/home/runner/work/GO/GO/isolated-runtime/lib/python3.13/site-packages/starlette/routing.py", line 716, in __call__
2026-09-10T03:32:00.3545258Z     await self.middleware_stack(scope, receive, send)
2026-09-10T03:32:00.3545986Z   File "/home/runner/work/GO/GO/isolated-runtime/lib/python3.13/site-packages/starlette/routing.py", line 736, in app
2026-09-10T03:32:00.3546198Z     await route.handle(scope, receive, send)
2026-09-10T03:32:00.3546980Z   File "/home/runner/work/GO/GO/isolated-runtime/lib/python3.13/site-packages/starlette/routing.py", line 290, in handle
2026-09-10T03:32:00.3547166Z     await self.app(scope, receive, send)
2026-09-10T03:32:00.3547725Z   File "/home/runner/work/GO/GO/isolated-runtime/lib/python3.13/site-packages/fastapi/routing.py", line 115, in app
2026-09-10T03:32:00.3548060Z     await wrap_app_handling_exceptions(app, request)(scope, receive, send)
2026-09-10T03:32:00.3548744Z   File "/home/runner/work/GO/GO/isolated-runtime/lib/python3.13/site-packages/starlette/_exception_handler.py", line 53, in wrapped_app
2026-09-10T03:32:00.3548864Z     raise exc
2026-09-10T03:32:00.3549530Z   File "/home/runner/work/GO/GO/isolated-runtime/lib/python3.13/site-packages/starlette/_exception_handler.py", line 42, in wrapped_app
2026-09-10T03:32:00.3549715Z     await app(scope, receive, sender)
2026-09-10T03:32:00.3550247Z   File "/home/runner/work/GO/GO/isolated-runtime/lib/python3.13/site-packages/fastapi/routing.py", line 101, in app
2026-09-10T03:32:00.3550420Z     response = await f(request)
2026-09-10T03:32:00.3550574Z                ^^^^^^^^^^^^^^^^
2026-09-10T03:32:00.3551120Z   File "/home/runner/work/GO/GO/isolated-runtime/lib/python3.13/site-packages/fastapi/routing.py", line 355, in app
2026-09-10T03:32:00.3551343Z     raw_response = await run_endpoint_function(
2026-09-10T03:32:00.3551534Z                    ^^^^^^^^^^^^^^^^^^^^^^^^^^^^
2026-09-10T03:32:00.3551659Z     ...<3 lines>...
2026-09-10T03:32:00.3551771Z     )
2026-09-10T03:32:00.3551885Z     ^
2026-09-10T03:32:00.3552567Z   File "/home/runner/work/GO/GO/isolated-runtime/lib/python3.13/site-packages/fastapi/routing.py", line 245, in run_endpoint_function
2026-09-10T03:32:00.3552832Z     return await run_in_threadpool(dependant.call, **values)
2026-09-10T03:32:00.3553216Z            ^^^^^^^^^^^^^^^^^^^^^^^^^^^^^^^^^^^^^^^^^^^^^^^^^
2026-09-10T03:32:00.3553886Z   File "/home/runner/work/GO/GO/isolated-runtime/lib/python3.13/site-packages/starlette/concurrency.py", line 32, in run_in_threadpool
2026-09-10T03:32:00.3554111Z     return await anyio.to_thread.run_sync(func)
2026-09-10T03:32:00.3554275Z            ^^^^^^^^^^^^^^^^^^^^^^^^^^^^^^^^^^^^
2026-09-10T03:32:00.3554845Z   File "/home/runner/work/GO/GO/isolated-runtime/lib/python3.13/site-packages/anyio/to_thread.py", line 63, in run_sync
2026-09-10T03:32:00.3555128Z     return await get_async_backend().run_sync_in_worker_thread(
2026-09-10T03:32:00.3555481Z            ^^^^^^^^^^^^^^^^^^^^^^^^^^^^^^^^^^^^^^^^^^^^^^^^^^^^
2026-09-10T03:32:00.3555791Z         func, args, abandon_on_cancel=abandon_on_cancel, limiter=limiter
2026-09-10T03:32:00.3556007Z         ^^^^^^^^^^^^^^^^^^^^^^^^^^^^^^^^^^^^^^^^^^^^^^^^^^^^^^^^^^^^^^^^
2026-09-10T03:32:00.3556118Z     )
2026-09-10T03:32:00.3556242Z     ^
2026-09-10T03:32:00.3556984Z   File "/home/runner/work/GO/GO/isolated-runtime/lib/python3.13/site-packages/anyio/_backends/_asyncio.py", line 2518, in run_sync_in_worker_thread
2026-09-10T03:32:00.3557123Z     return await future
2026-09-10T03:32:00.3557261Z            ^^^^^^^^^^^^
2026-09-10T03:32:00.3557872Z   File "/home/runner/work/GO/GO/isolated-runtime/lib/python3.13/site-packages/anyio/_backends/_asyncio.py", line 1002, in run
2026-09-10T03:32:00.3558055Z     result = context.run(func, *args)
2026-09-10T03:32:00.3558620Z   File "/home/runner/work/GO/GO/restored/src/go_hotel/api/routes/mobile.py", line 96, in mobile_existing_cancel_quote
2026-09-10T03:32:00.3558778Z     with SessionLocal() as s:
2026-09-10T03:32:00.3558917Z          ^^^^^^^^^^^^
2026-09-10T03:32:00.3559163Z NameError: name 'SessionLocal' is not defined
2026-09-10T03:32:00.3559178Z 
2026-09-10T03:32:00.3559547Z The above exception was the direct cause of the following exception:
2026-09-10T03:32:00.3559559Z 
2026-09-10T03:32:00.3559945Z client = <starlette.testclient.TestClient object at 0x7fbc06c3b360>
2026-09-10T03:32:00.3559959Z 
2026-09-10T03:32:00.3560372Z     def test_current_order_revision_still_rechecked_at_execution_with_same_amount(client):
2026-09-10T03:32:00.3560821Z         h,oid=signed_booking(client);q=quote(client,h,oid)
2026-09-10T03:32:00.3561131Z         with SessionLocal.begin() as s:s.get(OrderRow,oid).version+=1
2026-09-10T03:32:00.3561439Z         path=f'/v1/mobile/orders/{oid}/cancellation-quotes/{q["quote_id"]}'
2026-09-10T03:32:00.3561704Z >       assert data(client.get(path,headers=h))==q
2026-09-10T03:32:00.3561885Z                     ^^^^^^^^^^^^^^^^^^^^^^^^^^
2026-09-10T03:32:00.3561896Z 
2026-09-10T03:32:00.3562120Z tests/test_depth34_hotel_quote_read.py:52: 
2026-09-10T03:32:00.3562461Z _ _ _ _ _ _ _ _ _ _ _ _ _ _ _ _ _ _ _ _ _ _ _ _ _ _ _ _ _ _ _ _ _ _ _ _ _ _ _ _ 
2026-09-10T03:32:00.3562946Z ../isolated-runtime/lib/python3.13/site-packages/starlette/testclient.py:473: in get
2026-09-10T03:32:00.3563089Z     return super().get(
2026-09-10T03:32:00.3563530Z ../isolated-runtime/lib/python3.13/site-packages/httpx/_client.py:1053: in get
2026-09-10T03:32:00.3563678Z     return self.request(
2026-09-10T03:32:00.3564160Z ../isolated-runtime/lib/python3.13/site-packages/starlette/testclient.py:445: in request
2026-09-10T03:32:00.3564318Z     return super().request(
2026-09-10T03:32:00.3564774Z ../isolated-runtime/lib/python3.13/site-packages/httpx/_client.py:825: in request
2026-09-10T03:32:00.3565097Z     return self.send(request, auth=auth, follow_redirects=follow_redirects)
2026-09-10T03:32:00.3565481Z            ^^^^^^^^^^^^^^^^^^^^^^^^^^^^^^^^^^^^^^^^^^^^^^^^^^^^^^^^^^^^^^^^
2026-09-10T03:32:00.3565904Z ../isolated-runtime/lib/python3.13/site-packages/httpx/_client.py:914: in send
2026-09-10T03:32:00.3566083Z     response = self._send_handling_auth(
2026-09-10T03:32:00.3566573Z ../isolated-runtime/lib/python3.13/site-packages/httpx/_client.py:942: in _send_handling_auth
2026-09-10T03:32:00.3566967Z     response = self._send_handling_redirects(
2026-09-10T03:32:00.3567517Z ../isolated-runtime/lib/python3.13/site-packages/httpx/_client.py:979: in _send_handling_redirects
2026-09-10T03:32:00.3567739Z     response = self._send_single_request(request)
2026-09-10T03:32:00.3567924Z                ^^^^^^^^^^^^^^^^^^^^^^^^^^^^^^^^^^
2026-09-10T03:32:00.3568450Z ../isolated-runtime/lib/python3.13/site-packages/httpx/_client.py:1014: in _send_single_request
2026-09-10T03:32:00.3568666Z     response = transport.handle_request(request)
2026-09-10T03:32:00.3568847Z                ^^^^^^^^^^^^^^^^^^^^^^^^^^^^^^^^^
2026-09-10T03:32:00.3569374Z ../isolated-runtime/lib/python3.13/site-packages/starlette/testclient.py:348: in handle_request
2026-09-10T03:32:00.3569504Z     raise exc
2026-09-10T03:32:00.3570011Z ../isolated-runtime/lib/python3.13/site-packages/starlette/testclient.py:345: in handle_request
2026-09-10T03:32:00.3570236Z     portal.call(self.app, scope, receive, send)
2026-09-10T03:32:00.3570703Z ../isolated-runtime/lib/python3.13/site-packages/anyio/from_thread.py:334: in call
2026-09-10T03:32:00.3570995Z     return cast(T_Retval, self.start_task_soon(func, *args).result())
2026-09-10T03:32:00.3571225Z                           ^^^^^^^^^^^^^^^^^^^^^^^^^^^^^^^^^^^^^^^^^^
2026-09-10T03:32:00.3571780Z /opt/hostedtoolcache/Python/3.13.5/x64/lib/python3.13/concurrent/futures/_base.py:456: in result
2026-09-10T03:32:00.3571946Z     return self.__get_result()
2026-09-10T03:32:00.3572107Z            ^^^^^^^^^^^^^^^^^^^
2026-09-10T03:32:00.3572685Z /opt/hostedtoolcache/Python/3.13.5/x64/lib/python3.13/concurrent/futures/_base.py:401: in __get_result
2026-09-10T03:32:00.3572827Z     raise self._exception
2026-09-10T03:32:00.3573306Z ../isolated-runtime/lib/python3.13/site-packages/anyio/from_thread.py:259: in _call_func
2026-09-10T03:32:00.3573496Z     retval = await retval_or_awaitable
2026-09-10T03:32:00.3573653Z              ^^^^^^^^^^^^^^^^^^^^^^^^^
2026-09-10T03:32:00.3574146Z ../isolated-runtime/lib/python3.13/site-packages/fastapi/applications.py:1138: in __call__
2026-09-10T03:32:00.3574356Z     await super().__call__(scope, receive, send)
2026-09-10T03:32:00.3574832Z ../isolated-runtime/lib/python3.13/site-packages/starlette/applications.py:107: in __call__
2026-09-10T03:32:00.3575473Z     await self.middleware_stack(scope, receive, send)
2026-09-10T03:32:00.3575996Z ../isolated-runtime/lib/python3.13/site-packages/starlette/middleware/errors.py:186: in __call__
2026-09-10T03:32:00.3576109Z     raise exc
2026-09-10T03:32:00.3576640Z ../isolated-runtime/lib/python3.13/site-packages/starlette/middleware/errors.py:164: in __call__
2026-09-10T03:32:00.3576830Z     await self.app(scope, receive, _send)
2026-09-10T03:32:00.3577322Z ../isolated-runtime/lib/python3.13/site-packages/starlette/middleware/base.py:191: in __call__
2026-09-10T03:32:00.3577576Z     with recv_stream, send_stream, collapse_excgroups():
2026-09-10T03:32:00.3577775Z                                    ^^^^^^^^^^^^^^^^^^^^
2026-09-10T03:32:00.3578224Z /opt/hostedtoolcache/Python/3.13.5/x64/lib/python3.13/contextlib.py:162: in __exit__
2026-09-10T03:32:00.3578366Z     self.gen.throw(value)
2026-09-10T03:32:00.3578870Z ../isolated-runtime/lib/python3.13/site-packages/starlette/_utils.py:85: in collapse_excgroups
2026-09-10T03:32:00.3579012Z     raise exc
2026-09-10T03:32:00.3579504Z ../isolated-runtime/lib/python3.13/site-packages/starlette/middleware/base.py:193: in __call__
2026-09-10T03:32:00.3579758Z     response = await self.dispatch_func(request, call_next)
2026-09-10T03:32:00.3579954Z                ^^^^^^^^^^^^^^^^^^^^^^^^^^^^^^^^^^^^^^^^^^^^
2026-09-10T03:32:00.3580162Z src/go_hotel/main.py:282: in dispatch
2026-09-10T03:32:00.3580334Z     response=await call_next(request)
2026-09-10T03:32:00.3580512Z              ^^^^^^^^^^^^^^^^^^^^^^^^
2026-09-10T03:32:00.3581046Z ../isolated-runtime/lib/python3.13/site-packages/starlette/middleware/base.py:168: in call_next
2026-09-10T03:32:00.3581310Z     raise app_exc from app_exc.__cause__ or app_exc.__context__
2026-09-10T03:32:00.3581985Z ../isolated-runtime/lib/python3.13/site-packages/starlette/middleware/base.py:144: in coro
2026-09-10T03:32:00.3582259Z     await self.app(scope, receive_or_disconnect, send_no_error)
2026-09-10T03:32:00.3582775Z ../isolated-runtime/lib/python3.13/site-packages/starlette/middleware/base.py:191: in __call__
2026-09-10T03:32:00.3583018Z     with recv_stream, send_stream, collapse_excgroups():
2026-09-10T03:32:00.3583212Z                                    ^^^^^^^^^^^^^^^^^^^^
2026-09-10T03:32:00.3583660Z /opt/hostedtoolcache/Python/3.13.5/x64/lib/python3.13/contextlib.py:162: in __exit__
2026-09-10T03:32:00.3583803Z     self.gen.throw(value)
2026-09-10T03:32:00.3584792Z ../isolated-runtime/lib/python3.13/site-packages/starlette/_utils.py:85: in collapse_excgroups
2026-09-10T03:32:00.3584917Z     raise exc
2026-09-10T03:32:00.3585537Z ../isolated-runtime/lib/python3.13/site-packages/starlette/middleware/base.py:193: in __call__
2026-09-10T03:32:00.3585797Z     response = await self.dispatch_func(request, call_next)
2026-09-10T03:32:00.3585989Z                ^^^^^^^^^^^^^^^^^^^^^^^^^^^^^^^^^^^^^^^^^^^^
2026-09-10T03:32:00.3586207Z src/go_hotel/main.py:253: in dispatch
2026-09-10T03:32:00.3586386Z     response=await call_next(request)
2026-09-10T03:32:00.3586559Z              ^^^^^^^^^^^^^^^^^^^^^^^^
2026-09-10T03:32:00.3587075Z ../isolated-runtime/lib/python3.13/site-packages/starlette/middleware/base.py:168: in call_next
2026-09-10T03:32:00.3587346Z     raise app_exc from app_exc.__cause__ or app_exc.__context__
2026-09-10T03:32:00.3587839Z ../isolated-runtime/lib/python3.13/site-packages/starlette/middleware/base.py:144: in coro
2026-09-10T03:32:00.3588103Z     await self.app(scope, receive_or_disconnect, send_no_error)
2026-09-10T03:32:00.3588604Z ../isolated-runtime/lib/python3.13/site-packages/starlette/middleware/base.py:191: in __call__
2026-09-10T03:32:00.3588853Z     with recv_stream, send_stream, collapse_excgroups():
2026-09-10T03:32:00.3589046Z                                    ^^^^^^^^^^^^^^^^^^^^
2026-09-10T03:32:00.3589485Z /opt/hostedtoolcache/Python/3.13.5/x64/lib/python3.13/contextlib.py:162: in __exit__
2026-09-10T03:32:00.3589633Z     self.gen.throw(value)
2026-09-10T03:32:00.3590135Z ../isolated-runtime/lib/python3.13/site-packages/starlette/_utils.py:85: in collapse_excgroups
2026-09-10T03:32:00.3590447Z     raise exc
2026-09-10T03:32:00.3590943Z ../isolated-runtime/lib/python3.13/site-packages/starlette/middleware/base.py:193: in __call__
2026-09-10T03:32:00.3591191Z     response = await self.dispatch_func(request, call_next)
2026-09-10T03:32:00.3591376Z                ^^^^^^^^^^^^^^^^^^^^^^^^^^^^^^^^^^^^^^^^^^^^
2026-09-10T03:32:00.3591588Z src/go_hotel/main.py:207: in dispatch
2026-09-10T03:32:00.3591767Z     response=await call_next(request)
2026-09-10T03:32:00.3591914Z              ^^^^^^^^^^^^^^^^^^^^^^^^
2026-09-10T03:32:00.3592434Z ../isolated-runtime/lib/python3.13/site-packages/starlette/middleware/base.py:168: in call_next
2026-09-10T03:32:00.3592698Z     raise app_exc from app_exc.__cause__ or app_exc.__context__
2026-09-10T03:32:00.3593167Z ../isolated-runtime/lib/python3.13/site-packages/starlette/middleware/base.py:144: in coro
2026-09-10T03:32:00.3593437Z     await self.app(scope, receive_or_disconnect, send_no_error)
2026-09-10T03:32:00.3594005Z ../isolated-runtime/lib/python3.13/site-packages/starlette/middleware/exceptions.py:63: in __call__
2026-09-10T03:32:00.3594349Z     await wrap_app_handling_exceptions(self.app, conn)(scope, receive, send)
2026-09-10T03:32:00.3594891Z ../isolated-runtime/lib/python3.13/site-packages/starlette/_exception_handler.py:53: in wrapped_app
2026-09-10T03:32:00.3595012Z     raise exc
2026-09-10T03:32:00.3595701Z ../isolated-runtime/lib/python3.13/site-packages/starlette/_exception_handler.py:42: in wrapped_app
2026-09-10T03:32:00.3595894Z     await app(scope, receive, sender)
2026-09-10T03:32:00.3596446Z ../isolated-runtime/lib/python3.13/site-packages/fastapi/middleware/asyncexitstack.py:18: in __call__
2026-09-10T03:32:00.3596838Z     await self.app(scope, receive, send)
2026-09-10T03:32:00.3597307Z ../isolated-runtime/lib/python3.13/site-packages/starlette/routing.py:716: in __call__
2026-09-10T03:32:00.3597536Z     await self.middleware_stack(scope, receive, send)
2026-09-10T03:32:00.3597979Z ../isolated-runtime/lib/python3.13/site-packages/starlette/routing.py:736: in app
2026-09-10T03:32:00.3598179Z     await route.handle(scope, receive, send)
2026-09-10T03:32:00.3598634Z ../isolated-runtime/lib/python3.13/site-packages/starlette/routing.py:290: in handle
2026-09-10T03:32:00.3598817Z     await self.app(scope, receive, send)
2026-09-10T03:32:00.3599234Z ../isolated-runtime/lib/python3.13/site-packages/fastapi/routing.py:115: in app
2026-09-10T03:32:00.3599562Z     await wrap_app_handling_exceptions(app, request)(scope, receive, send)
2026-09-10T03:32:00.3600116Z ../isolated-runtime/lib/python3.13/site-packages/starlette/_exception_handler.py:53: in wrapped_app
2026-09-10T03:32:00.3600248Z     raise exc
2026-09-10T03:32:00.3600807Z ../isolated-runtime/lib/python3.13/site-packages/starlette/_exception_handler.py:42: in wrapped_app
2026-09-10T03:32:00.3600995Z     await app(scope, receive, sender)
2026-09-10T03:32:00.3601403Z ../isolated-runtime/lib/python3.13/site-packages/fastapi/routing.py:101: in app
2026-09-10T03:32:00.3601574Z     response = await f(request)
2026-09-10T03:32:00.3601729Z                ^^^^^^^^^^^^^^^^
2026-09-10T03:32:00.3602133Z ../isolated-runtime/lib/python3.13/site-packages/fastapi/routing.py:355: in app
2026-09-10T03:32:00.3602335Z     raw_response = await run_endpoint_function(
2026-09-10T03:32:00.3602877Z ../isolated-runtime/lib/python3.13/site-packages/fastapi/routing.py:245: in run_endpoint_function
2026-09-10T03:32:00.3603139Z     return await run_in_threadpool(dependant.call, **values)
2026-09-10T03:32:00.3603331Z            ^^^^^^^^^^^^^^^^^^^^^^^^^^^^^^^^^^^^^^^^^^^^^^^^^
2026-09-10T03:32:00.3603879Z ../isolated-runtime/lib/python3.13/site-packages/starlette/concurrency.py:32: in run_in_threadpool
2026-09-10T03:32:00.3604090Z     return await anyio.to_thread.run_sync(func)
2026-09-10T03:32:00.3604253Z            ^^^^^^^^^^^^^^^^^^^^^^^^^^^^^^^^^^^^
2026-09-10T03:32:00.3604705Z ../isolated-runtime/lib/python3.13/site-packages/anyio/to_thread.py:63: in run_sync
2026-09-10T03:32:00.3605171Z     return await get_async_backend().run_sync_in_worker_thread(
2026-09-10T03:32:00.3605970Z ../isolated-runtime/lib/python3.13/site-packages/anyio/_backends/_asyncio.py:2518: in run_sync_in_worker_thread
2026-09-10T03:32:00.3606109Z     return await future
2026-09-10T03:32:00.3606225Z            ^^^^^^^^^^^^
2026-09-10T03:32:00.3606713Z ../isolated-runtime/lib/python3.13/site-packages/anyio/_backends/_asyncio.py:1002: in run
2026-09-10T03:32:00.3606898Z     result = context.run(func, *args)
2026-09-10T03:32:00.3607051Z              ^^^^^^^^^^^^^^^^^^^^^^^^
2026-09-10T03:32:00.3607372Z _ _ _ _ _ _ _ _ _ _ _ _ _ _ _ _ _ _ _ _ _ _ _ _ _ _ _ _ _ _ _ _ _ _ _ _ _ _ _ _ 
2026-09-10T03:32:00.3607385Z 
2026-09-10T03:32:00.3607584Z order_id = 'ord_1a14d67db1a149d2'
2026-09-10T03:32:00.3607834Z quote_id = 'cq_935b58bf51444266abd1bebb8dc2bacf'
2026-09-10T03:32:00.3609270Z p = Principal(user_id='usr_fcc87b0205c54ce7a8c09dad7ce81c7f', username='cash-fare14-owner@example.com', actor_type='CONSUM...d1c58aacead342ed87590f089620d662', permissions={'consumer:book', 'consumer:wallet', 'consumer:read', 'consumer:write'})
2026-09-10T03:32:00.3609292Z 
2026-09-10T03:32:00.3609635Z     @router.get('/v1/mobile/orders/{order_id}/cancellation-quotes/{quote_id}')
2026-09-10T03:32:00.3610250Z     def mobile_existing_cancel_quote(order_id:str,quote_id:str,p=Depends(consumer_principal)):
2026-09-10T03:32:00.3610697Z         """Read the exact displayed quote; never replace customer consent with a new quote."""
2026-09-10T03:32:00.3611005Z         assert_consumer_order(p,order_id)
2026-09-10T03:32:00.3611510Z         from go_hotel.services.catalog_cash_fare import checked_quote, quote_public
2026-09-10T03:32:00.3611755Z >       with SessionLocal() as s:
2026-09-10T03:32:00.3612487Z              ^^^^^^^^^^^^
2026-09-10T03:32:00.3612812Z E       NameError: name 'SessionLocal' is not defined
2026-09-10T03:32:00.3612825Z 
2026-09-10T03:32:00.3613201Z src/go_hotel/api/routes/mobile.py:96: NameError
2026-09-10T03:32:00.3613698Z ----------------------------- Captured stdout call -----------------------------
2026-09-10T03:32:00.3615643Z {"ts":"2026-09-10T03:31:54.750858+00:00","level":"INFO","logger":"go.runtime","message":"http_request","request_id":"req_9f3c183ef3084766ba1213fb525401fa","trace_id":"tr_65e56c076fae49e18aa31203e1869182","path":"/v1/consumer/auth/register","method":"POST","status_code":200,"duration_ms":169.42}
2026-09-10T03:32:00.3616787Z {"ts":"2026-09-10T03:31:54.751680+00:00","level":"INFO","logger":"httpx","message":"HTTP Request: POST http://testserver/v1/consumer/auth/register \"HTTP/1.1 200 OK\""}
2026-09-10T03:32:00.3618533Z {"ts":"2026-09-10T03:31:54.833847+00:00","level":"INFO","logger":"go.runtime","message":"http_request","request_id":"req_42a3e33c83ff4663b7aa5c17bc5f03f6","trace_id":"tr_5d1d3f9bf98a4e979a5061185ae9199b","path":"/v1/mobile/auth/login","method":"POST","status_code":200,"duration_ms":81.19}
2026-09-10T03:32:00.3619504Z {"ts":"2026-09-10T03:31:54.834437+00:00","level":"INFO","logger":"httpx","message":"HTTP Request: POST http://testserver/v1/mobile/auth/login \"HTTP/1.1 200 OK\""}
2026-09-10T03:32:00.3621098Z {"ts":"2026-09-10T03:31:54.850427+00:00","level":"INFO","logger":"go.runtime","message":"http_request","request_id":"req_3e5bed7648684a508d5a8c7338fa47bd","trace_id":"tr_80ee4ea74c7844be91316ee061ce1e86","path":"/v1/search/hotels","method":"POST","status_code":200,"duration_ms":15.15}
2026-09-10T03:32:00.3622067Z {"ts":"2026-09-10T03:31:54.850953+00:00","level":"INFO","logger":"httpx","message":"HTTP Request: POST http://testserver/v1/search/hotels \"HTTP/1.1 200 OK\""}
2026-09-10T03:32:00.3623903Z {"ts":"2026-09-10T03:31:54.861425+00:00","level":"INFO","logger":"go.runtime","message":"http_request","request_id":"req_63a2d4a5209f44b6ac58ed9f98f2f4b0","trace_id":"tr_3c19f5fc74c3455d8d369ee4f7ce4705","path":"/v1/offers/off_39c64f280b104889/prebook","method":"POST","status_code":200,"duration_ms":9.7}
2026-09-10T03:32:00.3624980Z {"ts":"2026-09-10T03:31:54.861948+00:00","level":"INFO","logger":"httpx","message":"HTTP Request: POST http://testserver/v1/offers/off_39c64f280b104889/prebook \"HTTP/1.1 200 OK\""}
2026-09-10T03:32:00.3627007Z {"ts":"2026-09-10T03:31:54.874667+00:00","level":"INFO","logger":"go.runtime","message":"http_request","request_id":"req_953b64ee7f7a4d2d821cf300134f9b38","trace_id":"tr_bcac250c5aed471f89aaa1e75f6f369a","path":"/v1/consumer/orders","method":"POST","status_code":200,"duration_ms":11.99}
2026-09-10T03:32:00.3627895Z {"ts":"2026-09-10T03:31:54.875144+00:00","level":"INFO","logger":"httpx","message":"HTTP Request: POST http://testserver/v1/consumer/orders \"HTTP/1.1 200 OK\""}
2026-09-10T03:32:00.3629929Z {"ts":"2026-09-10T03:31:54.937706+00:00","level":"INFO","logger":"go.runtime","message":"http_request","request_id":"req_6355583d64014fe3a6292c885879dd8c","trace_id":"tr_ebb1405cbadb4e2f853efd8c0b7e50b1","path":"/v1/mobile/orders/ord_1a14d67db1a149d2/cancellation-quote","method":"POST","status_code":200,"duration_ms":18.0}
2026-09-10T03:32:00.3631088Z {"ts":"2026-09-10T03:31:54.938232+00:00","level":"INFO","logger":"httpx","message":"HTTP Request: POST http://testserver/v1/mobile/orders/ord_1a14d67db1a149d2/cancellation-quote \"HTTP/1.1 200 OK\""}
2026-09-10T03:32:00.3718583Z {"ts":"2026-09-10T03:31:54.944122+00:00","level":"ERROR","logger":"go.runtime","message":"request_failed","trace_id":"tr_c441ff3a3e5f4ed3b6c85cc22fdb1a12","path":"/v1/mobile/orders/ord_1a14d67db1a149d2/cancellation-quotes/cq_935b58bf51444266abd1bebb8dc2bacf","method":"GET","duration_ms":3.24,"exception":"  + Exception Group Traceback (most recent call last):\n  |   File \"/home/runner/work/GO/GO/isolated-runtime/lib/python3.13/site-packages/starlette/_utils.py\", line 79, in collapse_excgroups\n  |     yield\n  |   File \"/home/runner/work/GO/GO/isolated-runtime/lib/python3.13/site-packages/starlette/middleware/base.py\", line 192, in __call__\n  |     async with anyio.create_task_group() as task_group:\n  |                ~~~~~~~~~~~~~~~~~~~~~~~^^\n  |   File \"/home/runner/work/GO/GO/isolated-runtime/lib/python3.13/site-packages/anyio/_backends/_asyncio.py\", line 799, in __aexit__\n  |     raise BaseExceptionGroup(\n  |         \"unhandled errors in a TaskGroup\", self._exceptions\n  |     ) from None\n  | ExceptionGroup: unhandled errors in a TaskGroup (1 sub-exception)\n  +-+---------------- 1 ----------------\n    | Traceback (most recent call last):\n    |   File \"/home/runner/work/GO/GO/restored/src/go_hotel/main.py\", line 282, in dispatch\n    |     response=await call_next(request)\n    |              ^^^^^^^^^^^^^^^^^^^^^^^^\n    |   File \"/home/runner/work/GO/GO/isolated-runtime/lib/python3.13/site-packages/starlette/middleware/base.py\", line 168, in call_next\n    |     raise app_exc from app_exc.__cause__ or app_exc.__context__\n    |   File \"/home/runner/work/GO/GO/isolated-runtime/lib/python3.13/site-packages/starlette/middleware/base.py\", line 144, in coro\n    |     await self.app(scope, receive_or_disconnect, send_no_error)\n    |   File \"/home/runner/work/GO/GO/isolated-runtime/lib/python3.13/site-packages/starlette/middleware/base.py\", line 191, in __call__\n    |     with recv_stream, send_stream, collapse_excgroups():\n    |                                    ~~~~~~~~~~~~~~~~~~^^\n    |   File \"/opt/hostedtoolcache/Python/3.13.5/x64/lib/python3.13/contextlib.py\", line 162, in __exit__\n    |     self.gen.throw(value)\n    |     ~~~~~~~~~~~~~~^^^^^^^\n    |   File \"/home/runner/work/GO/GO/isolated-runtime/lib/python3.13/site-packages/starlette/_utils.py\", line 85, in collapse_excgroups\n    |     raise exc\n    |   File \"/home/runner/work/GO/GO/isolated-runtime/lib/python3.13/site-packages/starlette/middleware/base.py\", line 193, in __call__\n    |     response = await self.dispatch_func(request, call_next)\n    |                ^^^^^^^^^^^^^^^^^^^^^^^^^^^^^^^^^^^^^^^^^^^^\n    |   File \"/home/runner/work/GO/GO/restored/src/go_hotel/main.py\", line 253, in dispatch\n    |     response=await call_next(request)\n    |              ^^^^^^^^^^^^^^^^^^^^^^^^\n    |   File \"/home/runner/work/GO/GO/isolated-runtime/lib/python3.13/site-packages/starlette/middleware/base.py\", line 168, in call_next\n    |     raise app_exc from app_exc.__cause__ or app_exc.__context__\n    |   File \"/home/runner/work/GO/GO/isolated-runtime/lib/python3.13/site-packages/starlette/middleware/base.py\", line 144, in coro\n    |     await self.app(scope, receive_or_disconnect, send_no_error)\n    |   File \"/home/runner/work/GO/GO/isolated-runtime/lib/python3.13/site-packages/starlette/middleware/base.py\", line 191, in __call__\n    |     with recv_stream, send_stream, collapse_excgroups():\n    |                                    ~~~~~~~~~~~~~~~~~~^^\n    |   File \"/opt/hostedtoolcache/Python/3.13.5/x64/lib/python3.13/contextlib.py\", line 162, in __exit__\n    |     self.gen.throw(value)\n    |     ~~~~~~~~~~~~~~^^^^^^^\n    |   File \"/home/runner/work/GO/GO/isolated-runtime/lib/python3.13/site-packages/starlette/_utils.py\", line 85, in collapse_excgroups\n    |     raise exc\n    |   File \"/home/runner/work/GO/GO/isolated-runtime/lib/python3.13/site-packages/starlette/middleware/base.py\", line 193, in __call__\n    |     response = await self.dispatch_func(request, call_next)\n    |                ^^^^^^^^^^^^^^^^^^^^^^^^^^^^^^^^^^^^^^^^^^^^\n    |   File \"/home/runner/work/GO/GO/restored/src/go_hotel/main.py\", line 207, in dispatch\n    |     response=await call_next(request)\n    |              ^^^^^^^^^^^^^^^^^^^^^^^^\n    |   File \"/home/runner/work/GO/GO/isolated-runtime/lib/python3.13/site-packages/starlette/middleware/base.py\", line 168, in call_next\n    |     raise app_exc from app_exc.__cause__ or app_exc.__context__\n    |   File \"/home/runner/work/GO/GO/isolated-runtime/lib/python3.13/site-packages/starlette/middleware/base.py\", line 144, in coro\n    |     await self.app(scope, receive_or_disconnect, send_no_error)\n    |   File \"/home/runner/work/GO/GO/isolated-runtime/lib/python3.13/site-packages/starlette/middleware/exceptions.py\", line 63, in __call__\n    |     await wrap_app_handling_exceptions(self.app, conn)(scope, receive, send)\n    |   File \"/home/runner/work/GO/GO/isolated-runtime/lib/python3.13/site-packages/starlette/_exception_handler.py\", line 53, in wrapped_app\n    |     raise exc\n    |   File \"/home/runner/work/GO/GO/isolated-runtime/lib/python3.13/site-packages/starlette/_exception_handler.py\", line 42, in wrapped_app\n    |     await app(scope, receive, sender)\n    |   File \"/home/runner/work/GO/GO/isolated-runtime/lib/python3.13/site-packages/fastapi/middleware/asyncexitstack.py\", line 18, in __call__\n    |     await self.app(scope, receive, send)\n    |   File \"/home/runner/work/GO/GO/isolated-runtime/lib/python3.13/site-packages/starlette/routing.py\", line 716, in __call__\n    |     await self.middleware_stack(scope, receive, send)\n    |   File \"/home/runner/work/GO/GO/isolated-runtime/lib/python3.13/site-packages/starlette/routing.py\", line 736, in app\n    |     await route.handle(scope, receive, send)\n    |   File \"/home/runner/work/GO/GO/isolated-runtime/lib/python3.13/site-packages/starlette/routing.py\", line 290, in handle\n    |     await self.app(scope, receive, send)\n    |   File \"/home/runner/work/GO/GO/isolated-runtime/lib/python3.13/site-packages/fastapi/routing.py\", line 115, in app\n    |     await wrap_app_handling_exceptions(app, request)(scope, receive, send)\n    |   File \"/home/runner/work/GO/GO/isolated-runtime/lib/python3.13/site-packages/starlette/_exception_handler.py\", line 53, in wrapped_app\n    |     raise exc\n    |   File \"/home/runner/work/GO/GO/isolated-runtime/lib/python3.13/site-packages/starlette/_exception_handler.py\", line 42, in wrapped_app\n    |     await app(scope, receive, sender)\n    |   File \"/home/runner/work/GO/GO/isolated-runtime/lib/python3.13/site-packages/fastapi/routing.py\", line 101, in app\n    |     response = await f(request)\n    |                ^^^^^^^^^^^^^^^^\n    |   File \"/home/runner/work/GO/GO/isolated-runtime/lib/python3.13/site-packages/fastapi/routing.py\", line 355, in app\n    |     raw_response = await run_endpoint_function(\n    |                    ^^^^^^^^^^^^^^^^^^^^^^^^^^^^\n    |     ...<3 lines>...\n    |     )\n    |     ^\n    |   File \"/home/runner/work/GO/GO/isolated-runtime/lib/python3.13/site-packages/fastapi/routing.py\", line 245, in run_endpoint_function\n    |     return await run_in_threadpool(dependant.call, **values)\n    |            ^^^^^^^^^^^^^^^^^^^^^^^^^^^^^^^^^^^^^^^^^^^^^^^^^\n    |   File \"/home/runner/work/GO/GO/isolated-runtime/lib/python3.13/site-packages/starlette/concurrency.py\", line 32, in run_in_threadpool\n    |     return await anyio.to_thread.run_sync(func)\n    |            ^^^^^^^^^^^^^^^^^^^^^^^^^^^^^^^^^^^^\n    |   File \"/home/runner/work/GO/GO/isolated-runtime/lib/python3.13/site-packages/anyio/to_thread.py\", line 63, in run_sync\n    |     return await get_async_backend().run_sync_in_worker_thread(\n    |            ^^^^^^^^^^^^^^^^^^^^^^^^^^^^^^^^^^^^^^^^^^^^^^^^^^^^\n    |         func, args, abandon_on_cancel=abandon_on_cancel, limiter=limiter\n    |         ^^^^^^^^^^^^^^^^^^^^^^^^^^^^^^^^^^^^^^^^^^^^^^^^^^^^^^^^^^^^^^^^\n    |     )\n    |     ^\n    |   File \"/home/runner/work/GO/GO/isolated-runtime/lib/python3.13/site-packages/anyio/_backends/_asyncio.py\", line 2518, in run_sync_in_worker_thread\n    |     return await future\n    |            ^^^^^^^^^^^^\n    |   File \"/home/runner/work/GO/GO/isolated-runtime/lib/python3.13/site-packages/anyio/_backends/_asyncio.py\", line 1002, in run\n    |     result = context.run(func, *args)\n    |   File \"/home/runner/work/GO/GO/restored/src/go_hotel/api/routes/mobile.py\", line 96, in mobile_existing_cancel_quote\n    |     with SessionLocal() as s:\n    |          ^^^^^^^^^^^^\n    | NameError: name 'SessionLocal' is not defined\n    +------------------------------------\n\nThe above exception was the direct cause of the following exception:\n\nTraceback (most recent call last):\n  File \"/home/runner/work/GO/GO/restored/src/go_hotel/main.py\", line 282, in dispatch\n    response=await call_next(request)\n             ^^^^^^^^^^^^^^^^^^^^^^^^\n  File \"/home/runner/work/GO/GO/isolated-runtime/lib/python3.13/site-packages/starlette/middleware/base.py\", line 168, in call_next\n    raise app_exc from app_exc.__cause__ or app_exc.__context__\n  File \"/home/runner/work/GO/GO/isolated-runtime/lib/python3.13/site-packages/starlette/middleware/base.py\", line 144, in coro\n    await self.app(scope, receive_or_disconnect, send_no_error)\n  File \"/home/runner/work/GO/GO/isolated-runtime/lib/python3.13/site-packages/starlette/middleware/base.py\", line 191, in __call__\n    with recv_stream, send_stream, collapse_excgroups():\n                                   ~~~~~~~~~~~~~~~~~~^^\n  File \"/opt/hostedtoolcache/Python/3.13.5/x64/lib/python3.13/contextlib.py\", line 162, in __exit__\n    self.gen.throw(value)\n    ~~~~~~~~~~~~~~^^^^^^^\n  File \"/home/runner/work/GO/GO/isolated-runtime/lib/python3.13/site-packages/starlette/_utils.py\", line 85, in collapse_excgroups\n    raise exc\n  File \"/home/runner/work/GO/GO/isolated-runtime/lib/python3.13/site-packages/starlette/middleware/base.py\", line 193, in __call__\n    response = await self.dispatch_func(request, call_next)\n               ^^^^^^^^^^^^^^^^^^^^^^^^^^^^^^^^^^^^^^^^^^^^\n  File \"/home/runner/work/GO/GO/restored/src/go_hotel/main.py\", line 253, in dispatch\n    response=await call_next(request)\n             ^^^^^^^^^^^^^^^^^^^^^^^^\n  File \"/home/runner/work/GO/GO/isolated-runtime/lib/python3.13/site-packages/starlette/middleware/base.py\", line 168, in call_next\n    raise app_exc from app_exc.__cause__ or app_exc.__context__\n  File \"/home/runner/work/GO/GO/isolated-runtime/lib/python3.13/site-packages/starlette/middleware/base.py\", line 144, in coro\n    await self.app(scope, receive_or_disconnect, send_no_error)\n  File \"/home/runner/work/GO/GO/isolated-runtime/lib/python3.13/site-packages/starlette/middleware/base.py\", line 191, in __call__\n    with recv_stream, send_stream, collapse_excgroups():\n                                   ~~~~~~~~~~~~~~~~~~^^\n  File \"/opt/hostedtoolcache/Python/3.13.5/x64/lib/python3.13/contextlib.py\", line 162, in __exit__\n    self.gen.throw(value)\n    ~~~~~~~~~~~~~~^^^^^^^\n  File \"/home/runner/work/GO/GO/isolated-runtime/lib/python3.13/site-packages/starlette/_utils.py\", line 85, in collapse_excgroups\n    raise exc\n  File \"/home/runner/work/GO/GO/isolated-runtime/lib/python3.13/site-packages/starlette/middleware/base.py\", line 193, in __call__\n    response = await self.dispatch_func(request, call_next)\n               ^^^^^^^^^^^^^^^^^^^^^^^^^^^^^^^^^^^^^^^^^^^^\n  File \"/home/runner/work/GO/GO/restored/src/go_hotel/main.py\", line 207, in dispatch\n    response=await call_next(request)\n             ^^^^^^^^^^^^^^^^^^^^^^^^\n  File \"/home/runner/work/GO/GO/isolated-runtime/lib/python3.13/site-packages/starlette/middleware/base.py\", line 168, in call_next\n    raise app_exc from app_exc.__cause__ or app_exc.__context__\n  File \"/home/runner/work/GO/GO/isolated-runtime/lib/python3.13/site-packages/starlette/middleware/base.py\", line 144, in coro\n    await self.app(scope, receive_or_disconnect, send_no_error)\n  File \"/home/runner/work/GO/GO/isolated-runtime/lib/python3.13/site-packages/starlette/middleware/exceptions.py\", line 63, in __call__\n    await wrap_app_handling_exceptions(self.app, conn)(scope, receive, send)\n  File \"/home/runner/work/GO/GO/isolated-runtime/lib/python3.13/site-packages/starlette/_exception_handler.py\", line 53, in wrapped_app\n    raise exc\n  File \"/home/runner/work/GO/GO/isolated-runtime/lib/python3.13/site-packages/starlette/_exception_handler.py\", line 42, in wrapped_app\n    await app(scope, receive, sender)\n  File \"/home/runner/work/GO/GO/isolated-runtime/lib/python3.13/site-packages/fastapi/middleware/asyncexitstack.py\", line 18, in __call__\n    await self.app(scope, receive, send)\n  File \"/home/runner/work/GO/GO/isolated-runtime/lib/python3.13/site-packages/starlette/routing.py\", line 716, in __call__\n    await self.middleware_stack(scope, receive, send)\n  File \"/home/runner/work/GO/GO/isolated-runtime/lib/python3.13/site-packages/starlette/routing.py\", line 736, in app\n    await route.handle(scope, receive, send)\n  File \"/home/runner/work/GO/GO/isolated-runtime/lib/python3.13/site-packages/starlette/routing.py\", line 290, in handle\n    await self.app(scope, receive, send)\n  File \"/home/runner/work/GO/GO/isolated-runtime/lib/python3.13/site-packages/fastapi/routing.py\", line 115, in app\n    await wrap_app_handling_exceptions(app, request)(scope, receive, send)\n  File \"/home/runner/work/GO/GO/isolated-runtime/lib/python3.13/site-packages/starlette/_exception_handler.py\", line 53, in wrapped_app\n    raise exc\n  File \"/home/runner/work/GO/GO/isolated-runtime/lib/python3.13/site-packages/starlette/_exception_handler.py\", line 42, in wrapped_app\n    await app(scope, receive, sender)\n  File \"/home/runner/work/GO/GO/isolated-runtime/lib/python3.13/site-packages/fastapi/routing.py\", line 101, in app\n    response = await f(request)\n               ^^^^^^^^^^^^^^^^\n  File \"/home/runner/work/GO/GO/isolated-runtime/lib/python3.13/site-packages/fastapi/routing.py\", line 355, in app\n    raw_response = await run_endpoint_function(\n                   ^^^^^^^^^^^^^^^^^^^^^^^^^^^^\n    ...<3 lines>...\n    )\n    ^\n  File \"/home/runner/work/GO/GO/isolated-runtime/lib/python3.13/site-packages/fastapi/routing.py\", line 245, in run_endpoint_function\n    return await run_in_threadpool(dependant.call, **values)\n           ^^^^^^^^^^^^^^^^^^^^^^^^^^^^^^^^^^^^^^^^^^^^^^^^^\n  File \"/home/runner/work/GO/GO/isolated-runtime/lib/python3.13/site-packages/starlette/concurrency.py\", line 32, in run_in_threadpool\n    return await anyio.to_thread.run_sync(func)\n           ^^^^^^^^^^^^^^^^^^^^^^^^^^^^^^^^^^^^\n  File \"/home/runner/work/GO/GO/isolated-runtime/lib/python3.13/site-packages/anyio/to_thread.py\", line 63, in run_sync\n    return await get_async_backend().run_sync_in_worker_thread(\n           ^^^^^^^^^^^^^^^^^^^^^^^^^^^^^^^^^^^^^^^^^^^^^^^^^^^^\n        func, args, abandon_on_cancel=abandon_on_cancel, limiter=limiter\n        ^^^^^^^^^^^^^^^^^^^^^^^^^^^^^^^^^^^^^^^^^^^^^^^^^^^^^^^^^^^^^^^^\n    )\n    ^\n  File \"/home/runner/work/GO/GO/isolated-runtime/lib/python3.13/site-packages/anyio/_backends/_asyncio.py\", line 2518, in run_sync_in_worker_thread\n    return await future\n           ^^^^^^^^^^^^\n  File \"/home/runner/work/GO/GO/isolated-runtime/lib/python3.13/site-packages/anyio/_backends/_asyncio.py\", line 1002, in run\n    result = context.run(func, *args)\n  File \"/home/runner/work/GO/GO/restored/src/go_hotel/api/routes/mobile.py\", line 96, in mobile_existing_cancel_quote\n    with SessionLocal() as s:\n         ^^^^^^^^^^^^\nNameError: name 'SessionLocal' is not defined"}
2026-09-10T03:32:00.3719933Z ------------------------------ Captured log call -------------------------------
2026-09-10T03:32:00.3720228Z INFO     go.runtime:main.py:293 http_request
2026-09-10T03:32:00.3721085Z INFO     httpx:_client.py:1025 HTTP Request: POST http://testserver/v1/consumer/auth/register "HTTP/1.1 200 OK"
2026-09-10T03:32:00.3721432Z INFO     go.runtime:main.py:293 http_request
2026-09-10T03:32:00.3722045Z INFO     httpx:_client.py:1025 HTTP Request: POST http://testserver/v1/mobile/auth/login "HTTP/1.1 200 OK"
2026-09-10T03:32:00.3722374Z INFO     go.runtime:main.py:293 http_request
2026-09-10T03:32:00.3723097Z INFO     httpx:_client.py:1025 HTTP Request: POST http://testserver/v1/search/hotels "HTTP/1.1 200 OK"
2026-09-10T03:32:00.3723394Z INFO     go.runtime:main.py:293 http_request
2026-09-10T03:32:00.3724142Z INFO     httpx:_client.py:1025 HTTP Request: POST http://testserver/v1/offers/off_39c64f280b104889/prebook "HTTP/1.1 200 OK"
2026-09-10T03:32:00.3724548Z INFO     go.runtime:main.py:293 http_request
2026-09-10T03:32:00.3725208Z INFO     httpx:_client.py:1025 HTTP Request: POST http://testserver/v1/consumer/orders "HTTP/1.1 200 OK"
2026-09-10T03:32:00.3725838Z INFO     go.runtime:main.py:293 http_request
2026-09-10T03:32:00.3726676Z INFO     httpx:_client.py:1025 HTTP Request: POST http://testserver/v1/mobile/orders/ord_1a14d67db1a149d2/cancellation-quote "HTTP/1.1 200 OK"
2026-09-10T03:32:00.3727017Z ERROR    go.runtime:main.py:285 request_failed
2026-09-10T03:32:00.3727356Z   + Exception Group Traceback (most recent call last):
2026-09-10T03:32:00.3728103Z   |   File "/home/runner/work/GO/GO/isolated-runtime/lib/python3.13/site-packages/starlette/_utils.py", line 79, in collapse_excgroups
2026-09-10T03:32:00.3728364Z   |     yield
2026-09-10T03:32:00.3729120Z   |   File "/home/runner/work/GO/GO/isolated-runtime/lib/python3.13/site-packages/starlette/middleware/base.py", line 192, in __call__
2026-09-10T03:32:00.3729473Z   |     async with anyio.create_task_group() as task_group:
2026-09-10T03:32:00.3729712Z   |                ~~~~~~~~~~~~~~~~~~~~~~~^^
2026-09-10T03:32:00.3730884Z   |   File "/home/runner/work/GO/GO/isolated-runtime/lib/python3.13/site-packages/anyio/_backends/_asyncio.py", line 799, in __aexit__
2026-09-10T03:32:00.3731276Z   |     raise BaseExceptionGroup(
2026-09-10T03:32:00.3731575Z   |         "unhandled errors in a TaskGroup", self._exceptions
2026-09-10T03:32:00.3731809Z   |     ) from None
2026-09-10T03:32:00.3732253Z   | ExceptionGroup: unhandled errors in a TaskGroup (1 sub-exception)
2026-09-10T03:32:00.3732442Z   +-+---------------- 1 ----------------
2026-09-10T03:32:00.3732831Z     | Traceback (most recent call last):
2026-09-10T03:32:00.3733322Z     |   File "/home/runner/work/GO/GO/restored/src/go_hotel/main.py", line 282, in dispatch
2026-09-10T03:32:00.3733575Z     |     response=await call_next(request)
2026-09-10T03:32:00.3733838Z     |              ^^^^^^^^^^^^^^^^^^^^^^^^
2026-09-10T03:32:00.3734666Z     |   File "/home/runner/work/GO/GO/isolated-runtime/lib/python3.13/site-packages/starlette/middleware/base.py", line 168, in call_next
2026-09-10T03:32:00.3735017Z     |     raise app_exc from app_exc.__cause__ or app_exc.__context__
2026-09-10T03:32:00.3736112Z     |   File "/home/runner/work/GO/GO/isolated-runtime/lib/python3.13/site-packages/starlette/middleware/base.py", line 144, in coro
2026-09-10T03:32:00.3736499Z     |     await self.app(scope, receive_or_disconnect, send_no_error)
2026-09-10T03:32:00.3737164Z     |   File "/home/runner/work/GO/GO/isolated-runtime/lib/python3.13/site-packages/starlette/middleware/base.py", line 191, in __call__
2026-09-10T03:32:00.3737580Z     |     with recv_stream, send_stream, collapse_excgroups():
2026-09-10T03:32:00.3737926Z     |                                    ~~~~~~~~~~~~~~~~~~^^
2026-09-10T03:32:00.3738439Z     |   File "/opt/hostedtoolcache/Python/3.13.5/x64/lib/python3.13/contextlib.py", line 162, in __exit__
2026-09-10T03:32:00.3738709Z     |     self.gen.throw(value)
2026-09-10T03:32:00.3738942Z     |     ~~~~~~~~~~~~~~^^^^^^^
2026-09-10T03:32:00.3739696Z     |   File "/home/runner/work/GO/GO/isolated-runtime/lib/python3.13/site-packages/starlette/_utils.py", line 85, in collapse_excgroups
2026-09-10T03:32:00.3739985Z     |     raise exc
2026-09-10T03:32:00.3740712Z     |   File "/home/runner/work/GO/GO/isolated-runtime/lib/python3.13/site-packages/starlette/middleware/base.py", line 193, in __call__
2026-09-10T03:32:00.3741078Z     |     response = await self.dispatch_func(request, call_next)
2026-09-10T03:32:00.3741298Z     |                ^^^^^^^^^^^^^^^^^^^^^^^^^^^^^^^^^^^^^^^^^^^^
2026-09-10T03:32:00.3741915Z     |   File "/home/runner/work/GO/GO/restored/src/go_hotel/main.py", line 253, in dispatch
2026-09-10T03:32:00.3742211Z     |     response=await call_next(request)
2026-09-10T03:32:00.3742425Z     |              ^^^^^^^^^^^^^^^^^^^^^^^^
2026-09-10T03:32:00.3743339Z     |   File "/home/runner/work/GO/GO/isolated-runtime/lib/python3.13/site-packages/starlette/middleware/base.py", line 168, in call_next
2026-09-10T03:32:00.3743799Z     |     raise app_exc from app_exc.__cause__ or app_exc.__context__
2026-09-10T03:32:00.3744467Z     |   File "/home/runner/work/GO/GO/isolated-runtime/lib/python3.13/site-packages/starlette/middleware/base.py", line 144, in coro
2026-09-10T03:32:00.3744851Z     |     await self.app(scope, receive_or_disconnect, send_no_error)
2026-09-10T03:32:00.3745803Z     |   File "/home/runner/work/GO/GO/isolated-runtime/lib/python3.13/site-packages/starlette/middleware/base.py", line 191, in __call__
2026-09-10T03:32:00.3746096Z     |     with recv_stream, send_stream, collapse_excgroups():
2026-09-10T03:32:00.3746495Z     |                                    ~~~~~~~~~~~~~~~~~~^^
2026-09-10T03:32:00.3747073Z     |   File "/opt/hostedtoolcache/Python/3.13.5/x64/lib/python3.13/contextlib.py", line 162, in __exit__
2026-09-10T03:32:00.3747281Z     |     self.gen.throw(value)
2026-09-10T03:32:00.3747537Z     |     ~~~~~~~~~~~~~~^^^^^^^
2026-09-10T03:32:00.3748260Z     |   File "/home/runner/work/GO/GO/isolated-runtime/lib/python3.13/site-packages/starlette/_utils.py", line 85, in collapse_excgroups
2026-09-10T03:32:00.3748566Z     |     raise exc
2026-09-10T03:32:00.3749327Z     |   File "/home/runner/work/GO/GO/isolated-runtime/lib/python3.13/site-packages/starlette/middleware/base.py", line 193, in __call__
2026-09-10T03:32:00.3749687Z     |     response = await self.dispatch_func(request, call_next)
2026-09-10T03:32:00.3749932Z     |                ^^^^^^^^^^^^^^^^^^^^^^^^^^^^^^^^^^^^^^^^^^^^
2026-09-10T03:32:00.3750410Z     |   File "/home/runner/work/GO/GO/restored/src/go_hotel/main.py", line 207, in dispatch
2026-09-10T03:32:00.3750817Z     |     response=await call_next(request)
2026-09-10T03:32:00.3751027Z     |              ^^^^^^^^^^^^^^^^^^^^^^^^
2026-09-10T03:32:00.3751786Z     |   File "/home/runner/work/GO/GO/isolated-runtime/lib/python3.13/site-packages/starlette/middleware/base.py", line 168, in call_next
2026-09-10T03:32:00.3752196Z     |     raise app_exc from app_exc.__cause__ or app_exc.__context__
2026-09-10T03:32:00.3753012Z     |   File "/home/runner/work/GO/GO/isolated-runtime/lib/python3.13/site-packages/starlette/middleware/base.py", line 144, in coro
2026-09-10T03:32:00.3753554Z     |     await self.app(scope, receive_or_disconnect, send_no_error)
2026-09-10T03:32:00.3754371Z     |   File "/home/runner/work/GO/GO/isolated-runtime/lib/python3.13/site-packages/starlette/middleware/exceptions.py", line 63, in __call__
2026-09-10T03:32:00.3754882Z     |     await wrap_app_handling_exceptions(self.app, conn)(scope, receive, send)
2026-09-10T03:32:00.3755845Z     |   File "/home/runner/work/GO/GO/isolated-runtime/lib/python3.13/site-packages/starlette/_exception_handler.py", line 53, in wrapped_app
2026-09-10T03:32:00.3756148Z     |     raise exc
2026-09-10T03:32:00.3756969Z     |   File "/home/runner/work/GO/GO/isolated-runtime/lib/python3.13/site-packages/starlette/_exception_handler.py", line 42, in wrapped_app
2026-09-10T03:32:00.3757218Z     |     await app(scope, receive, sender)
2026-09-10T03:32:00.3758073Z     |   File "/home/runner/work/GO/GO/isolated-runtime/lib/python3.13/site-packages/fastapi/middleware/asyncexitstack.py", line 18, in __call__
2026-09-10T03:32:00.3758450Z     |     await self.app(scope, receive, send)
2026-09-10T03:32:00.3759304Z     |   File "/home/runner/work/GO/GO/isolated-runtime/lib/python3.13/site-packages/starlette/routing.py", line 716, in __call__
2026-09-10T03:32:00.3759616Z     |     await self.middleware_stack(scope, receive, send)
2026-09-10T03:32:00.3760363Z     |   File "/home/runner/work/GO/GO/isolated-runtime/lib/python3.13/site-packages/starlette/routing.py", line 736, in app
2026-09-10T03:32:00.3760701Z     |     await route.handle(scope, receive, send)
2026-09-10T03:32:00.3761357Z     |   File "/home/runner/work/GO/GO/isolated-runtime/lib/python3.13/site-packages/starlette/routing.py", line 290, in handle
2026-09-10T03:32:00.3761786Z     |     await self.app(scope, receive, send)
2026-09-10T03:32:00.3762705Z     |   File "/home/runner/work/GO/GO/isolated-runtime/lib/python3.13/site-packages/fastapi/routing.py", line 115, in app
2026-09-10T03:32:00.3763122Z     |     await wrap_app_handling_exceptions(app, request)(scope, receive, send)
2026-09-10T03:32:00.3763943Z     |   File "/home/runner/work/GO/GO/isolated-runtime/lib/python3.13/site-packages/starlette/_exception_handler.py", line 53, in wrapped_app
2026-09-10T03:32:00.3764248Z     |     raise exc
2026-09-10T03:32:00.3765052Z     |   File "/home/runner/work/GO/GO/isolated-runtime/lib/python3.13/site-packages/starlette/_exception_handler.py", line 42, in wrapped_app
2026-09-10T03:32:00.3765507Z     |     await app(scope, receive, sender)
2026-09-10T03:32:00.3766197Z     |   File "/home/runner/work/GO/GO/isolated-runtime/lib/python3.13/site-packages/fastapi/routing.py", line 101, in app
2026-09-10T03:32:00.3766432Z     |     response = await f(request)
2026-09-10T03:32:00.3766781Z     |                ^^^^^^^^^^^^^^^^
2026-09-10T03:32:00.3767526Z     |   File "/home/runner/work/GO/GO/isolated-runtime/lib/python3.13/site-packages/fastapi/routing.py", line 355, in app
2026-09-10T03:32:00.3767859Z     |     raw_response = await run_endpoint_function(
2026-09-10T03:32:00.3768106Z     |                    ^^^^^^^^^^^^^^^^^^^^^^^^^^^^
2026-09-10T03:32:00.3768326Z     |     ...<3 lines>...
2026-09-10T03:32:00.3768577Z     |     )
2026-09-10T03:32:00.3768858Z     |     ^
2026-09-10T03:32:00.3769693Z     |   File "/home/runner/work/GO/GO/isolated-runtime/lib/python3.13/site-packages/fastapi/routing.py", line 245, in run_endpoint_function
2026-09-10T03:32:00.3770039Z     |     return await run_in_threadpool(dependant.call, **values)
2026-09-10T03:32:00.3770340Z     |            ^^^^^^^^^^^^^^^^^^^^^^^^^^^^^^^^^^^^^^^^^^^^^^^^^
2026-09-10T03:32:00.3771293Z     |   File "/home/runner/work/GO/GO/isolated-runtime/lib/python3.13/site-packages/starlette/concurrency.py", line 32, in run_in_threadpool
2026-09-10T03:32:00.3771642Z     |     return await anyio.to_thread.run_sync(func)
2026-09-10T03:32:00.3771890Z     |            ^^^^^^^^^^^^^^^^^^^^^^^^^^^^^^^^^^^^
2026-09-10T03:32:00.3772612Z     |   File "/home/runner/work/GO/GO/isolated-runtime/lib/python3.13/site-packages/anyio/to_thread.py", line 63, in run_sync
2026-09-10T03:32:00.3773292Z     |     return await get_async_backend().run_sync_in_worker_thread(
2026-09-10T03:32:00.3773584Z     |            ^^^^^^^^^^^^^^^^^^^^^^^^^^^^^^^^^^^^^^^^^^^^^^^^^^^^
2026-09-10T03:32:00.3774019Z     |         func, args, abandon_on_cancel=abandon_on_cancel, limiter=limiter
2026-09-10T03:32:00.3774361Z     |         ^^^^^^^^^^^^^^^^^^^^^^^^^^^^^^^^^^^^^^^^^^^^^^^^^^^^^^^^^^^^^^^^
2026-09-10T03:32:00.3774553Z     |     )
2026-09-10T03:32:00.3774830Z     |     ^
2026-09-10T03:32:00.3775952Z     |   File "/home/runner/work/GO/GO/isolated-runtime/lib/python3.13/site-packages/anyio/_backends/_asyncio.py", line 2518, in run_sync_in_worker_thread
2026-09-10T03:32:00.3776301Z     |     return await future
2026-09-10T03:32:00.3776595Z     |            ^^^^^^^^^^^^
2026-09-10T03:32:00.3777335Z     |   File "/home/runner/work/GO/GO/isolated-runtime/lib/python3.13/site-packages/anyio/_backends/_asyncio.py", line 1002, in run
2026-09-10T03:32:00.3777683Z     |     result = context.run(func, *args)
2026-09-10T03:32:00.3778414Z     |   File "/home/runner/work/GO/GO/restored/src/go_hotel/api/routes/mobile.py", line 96, in mobile_existing_cancel_quote
2026-09-10T03:32:00.3778705Z     |     with SessionLocal() as s:
2026-09-10T03:32:00.3778909Z     |          ^^^^^^^^^^^^
2026-09-10T03:32:00.3779226Z     | NameError: name 'SessionLocal' is not defined
2026-09-10T03:32:00.3779624Z     +------------------------------------
2026-09-10T03:32:00.3779641Z 
2026-09-10T03:32:00.3780066Z The above exception was the direct cause of the following exception:
2026-09-10T03:32:00.3780078Z 
2026-09-10T03:32:00.3780414Z Traceback (most recent call last):
2026-09-10T03:32:00.3780922Z   File "/home/runner/work/GO/GO/restored/src/go_hotel/main.py", line 282, in dispatch
2026-09-10T03:32:00.3781438Z     response=await call_next(request)
2026-09-10T03:32:00.3781689Z              ^^^^^^^^^^^^^^^^^^^^^^^^
2026-09-10T03:32:00.3782503Z   File "/home/runner/work/GO/GO/isolated-runtime/lib/python3.13/site-packages/starlette/middleware/base.py", line 168, in call_next
2026-09-10T03:32:00.3782945Z     raise app_exc from app_exc.__cause__ or app_exc.__context__
2026-09-10T03:32:00.3783655Z   File "/home/runner/work/GO/GO/isolated-runtime/lib/python3.13/site-packages/starlette/middleware/base.py", line 144, in coro
2026-09-10T03:32:00.3784127Z     await self.app(scope, receive_or_disconnect, send_no_error)
2026-09-10T03:32:00.3784968Z   File "/home/runner/work/GO/GO/isolated-runtime/lib/python3.13/site-packages/starlette/middleware/base.py", line 191, in __call__
2026-09-10T03:32:00.3785551Z     with recv_stream, send_stream, collapse_excgroups():
2026-09-10T03:32:00.3785811Z                                    ~~~~~~~~~~~~~~~~~~^^
2026-09-10T03:32:00.3786408Z   File "/opt/hostedtoolcache/Python/3.13.5/x64/lib/python3.13/contextlib.py", line 162, in __exit__
2026-09-10T03:32:00.3786769Z     self.gen.throw(value)
2026-09-10T03:32:00.3786965Z     ~~~~~~~~~~~~~~^^^^^^^
2026-09-10T03:32:00.3787743Z   File "/home/runner/work/GO/GO/isolated-runtime/lib/python3.13/site-packages/starlette/_utils.py", line 85, in collapse_excgroups
2026-09-10T03:32:00.3787990Z     raise exc
2026-09-10T03:32:00.3788834Z   File "/home/runner/work/GO/GO/isolated-runtime/lib/python3.13/site-packages/starlette/middleware/base.py", line 193, in __call__
2026-09-10T03:32:00.3789193Z     response = await self.dispatch_func(request, call_next)
2026-09-10T03:32:00.3789507Z                ^^^^^^^^^^^^^^^^^^^^^^^^^^^^^^^^^^^^^^^^^^^^
2026-09-10T03:32:00.3790026Z   File "/home/runner/work/GO/GO/restored/src/go_hotel/main.py", line 253, in dispatch
2026-09-10T03:32:00.3790295Z     response=await call_next(request)
2026-09-10T03:32:00.3790589Z              ^^^^^^^^^^^^^^^^^^^^^^^^
2026-09-10T03:32:00.3791435Z   File "/home/runner/work/GO/GO/isolated-runtime/lib/python3.13/site-packages/starlette/middleware/base.py", line 168, in call_next
2026-09-10T03:32:00.3791866Z     raise app_exc from app_exc.__cause__ or app_exc.__context__
2026-09-10T03:32:00.3792759Z   File "/home/runner/work/GO/GO/isolated-runtime/lib/python3.13/site-packages/starlette/middleware/base.py", line 144, in coro
2026-09-10T03:32:00.3793121Z     await self.app(scope, receive_or_disconnect, send_no_error)
2026-09-10T03:32:00.3794041Z   File "/home/runner/work/GO/GO/isolated-runtime/lib/python3.13/site-packages/starlette/middleware/base.py", line 191, in __call__
2026-09-10T03:32:00.3794409Z     with recv_stream, send_stream, collapse_excgroups():
2026-09-10T03:32:00.3794667Z                                    ~~~~~~~~~~~~~~~~~~^^
2026-09-10T03:32:00.3795489Z   File "/opt/hostedtoolcache/Python/3.13.5/x64/lib/python3.13/contextlib.py", line 162, in __exit__
2026-09-10T03:32:00.3795846Z     self.gen.throw(value)
2026-09-10T03:32:00.3796066Z     ~~~~~~~~~~~~~~^^^^^^^
2026-09-10T03:32:00.3796839Z   File "/home/runner/work/GO/GO/isolated-runtime/lib/python3.13/site-packages/starlette/_utils.py", line 85, in collapse_excgroups
2026-09-10T03:32:00.3797072Z     raise exc
2026-09-10T03:32:00.3797822Z   File "/home/runner/work/GO/GO/isolated-runtime/lib/python3.13/site-packages/starlette/middleware/base.py", line 193, in __call__
2026-09-10T03:32:00.3798197Z     response = await self.dispatch_func(request, call_next)
2026-09-10T03:32:00.3798517Z                ^^^^^^^^^^^^^^^^^^^^^^^^^^^^^^^^^^^^^^^^^^^^
2026-09-10T03:32:00.3799025Z   File "/home/runner/work/GO/GO/restored/src/go_hotel/main.py", line 207, in dispatch
2026-09-10T03:32:00.3799325Z     response=await call_next(request)
2026-09-10T03:32:00.3799501Z              ^^^^^^^^^^^^^^^^^^^^^^^^
2026-09-10T03:32:00.3800354Z   File "/home/runner/work/GO/GO/isolated-runtime/lib/python3.13/site-packages/starlette/middleware/base.py", line 168, in call_next
2026-09-10T03:32:00.3800936Z     raise app_exc from app_exc.__cause__ or app_exc.__context__
2026-09-10T03:32:00.3801615Z   File "/home/runner/work/GO/GO/isolated-runtime/lib/python3.13/site-packages/starlette/middleware/base.py", line 144, in coro
2026-09-10T03:32:00.3801994Z     await self.app(scope, receive_or_disconnect, send_no_error)
2026-09-10T03:32:00.3802828Z   File "/home/runner/work/GO/GO/isolated-runtime/lib/python3.13/site-packages/starlette/middleware/exceptions.py", line 63, in __call__
2026-09-10T03:32:00.3803294Z     await wrap_app_handling_exceptions(self.app, conn)(scope, receive, send)
2026-09-10T03:32:00.3804010Z   File "/home/runner/work/GO/GO/isolated-runtime/lib/python3.13/site-packages/starlette/_exception_handler.py", line 53, in wrapped_app
2026-09-10T03:32:00.3804266Z     raise exc
2026-09-10T03:32:00.3804995Z   File "/home/runner/work/GO/GO/isolated-runtime/lib/python3.13/site-packages/starlette/_exception_handler.py", line 42, in wrapped_app
2026-09-10T03:32:00.3805642Z     await app(scope, receive, sender)
2026-09-10T03:32:00.3806395Z   File "/home/runner/work/GO/GO/isolated-runtime/lib/python3.13/site-packages/fastapi/middleware/asyncexitstack.py", line 18, in __call__
2026-09-10T03:32:00.3806709Z     await self.app(scope, receive, send)
2026-09-10T03:32:00.3807408Z   File "/home/runner/work/GO/GO/isolated-runtime/lib/python3.13/site-packages/starlette/routing.py", line 716, in __call__
2026-09-10T03:32:00.3807804Z     await self.middleware_stack(scope, receive, send)
2026-09-10T03:32:00.3808464Z   File "/home/runner/work/GO/GO/isolated-runtime/lib/python3.13/site-packages/starlette/routing.py", line 736, in app
2026-09-10T03:32:00.3808788Z     await route.handle(scope, receive, send)
2026-09-10T03:32:00.3809478Z   File "/home/runner/work/GO/GO/isolated-runtime/lib/python3.13/site-packages/starlette/routing.py", line 290, in handle
2026-09-10T03:32:00.3809740Z     await self.app(scope, receive, send)
2026-09-10T03:32:00.3810420Z   File "/home/runner/work/GO/GO/isolated-runtime/lib/python3.13/site-packages/fastapi/routing.py", line 115, in app
2026-09-10T03:32:00.3810909Z     await wrap_app_handling_exceptions(app, request)(scope, receive, send)
2026-09-10T03:32:00.3811678Z   File "/home/runner/work/GO/GO/isolated-runtime/lib/python3.13/site-packages/starlette/_exception_handler.py", line 53, in wrapped_app
2026-09-10T03:32:00.3812411Z     raise exc
2026-09-10T03:32:00.3813085Z   File "/home/runner/work/GO/GO/isolated-runtime/lib/python3.13/site-packages/starlette/_exception_handler.py", line 42, in wrapped_app
2026-09-10T03:32:00.3813494Z     await app(scope, receive, sender)
2026-09-10T03:32:00.3814131Z   File "/home/runner/work/GO/GO/isolated-runtime/lib/python3.13/site-packages/fastapi/routing.py", line 101, in app
2026-09-10T03:32:00.3814412Z     response = await f(request)
2026-09-10T03:32:00.3814610Z                ^^^^^^^^^^^^^^^^
2026-09-10T03:32:00.3815494Z   File "/home/runner/work/GO/GO/isolated-runtime/lib/python3.13/site-packages/fastapi/routing.py", line 355, in app
2026-09-10T03:32:00.3815858Z     raw_response = await run_endpoint_function(
2026-09-10T03:32:00.3816083Z                    ^^^^^^^^^^^^^^^^^^^^^^^^^^^^
2026-09-10T03:32:00.3816313Z     ...<3 lines>...
2026-09-10T03:32:00.3816512Z     )
2026-09-10T03:32:00.3816770Z     ^
2026-09-10T03:32:00.3817621Z   File "/home/runner/work/GO/GO/isolated-runtime/lib/python3.13/site-packages/fastapi/routing.py", line 245, in run_endpoint_function
2026-09-10T03:32:00.3818020Z     return await run_in_threadpool(dependant.call, **values)
2026-09-10T03:32:00.3818278Z            ^^^^^^^^^^^^^^^^^^^^^^^^^^^^^^^^^^^^^^^^^^^^^^^^^
2026-09-10T03:32:00.3819097Z   File "/home/runner/work/GO/GO/isolated-runtime/lib/python3.13/site-packages/starlette/concurrency.py", line 32, in run_in_threadpool
2026-09-10T03:32:00.3819555Z     return await anyio.to_thread.run_sync(func)
2026-09-10T03:32:00.3819841Z            ^^^^^^^^^^^^^^^^^^^^^^^^^^^^^^^^^^^^
2026-09-10T03:32:00.3820498Z   File "/home/runner/work/GO/GO/isolated-runtime/lib/python3.13/site-packages/anyio/to_thread.py", line 63, in run_sync
2026-09-10T03:32:00.3821092Z     return await get_async_backend().run_sync_in_worker_thread(
2026-09-10T03:32:00.3821473Z            ^^^^^^^^^^^^^^^^^^^^^^^^^^^^^^^^^^^^^^^^^^^^^^^^^^^^
2026-09-10T03:32:00.3821847Z         func, args, abandon_on_cancel=abandon_on_cancel, limiter=limiter
2026-09-10T03:32:00.3822189Z         ^^^^^^^^^^^^^^^^^^^^^^^^^^^^^^^^^^^^^^^^^^^^^^^^^^^^^^^^^^^^^^^^
2026-09-10T03:32:00.3822444Z     )
2026-09-10T03:32:00.3822613Z     ^
2026-09-10T03:32:00.3823543Z   File "/home/runner/work/GO/GO/isolated-runtime/lib/python3.13/site-packages/anyio/_backends/_asyncio.py", line 2518, in run_sync_in_worker_thread
2026-09-10T03:32:00.3823829Z     return await future
2026-09-10T03:32:00.3824008Z            ^^^^^^^^^^^^
2026-09-10T03:32:00.3824782Z   File "/home/runner/work/GO/GO/isolated-runtime/lib/python3.13/site-packages/anyio/_backends/_asyncio.py", line 1002, in run
2026-09-10T03:32:00.3825042Z     result = context.run(func, *args)
2026-09-10T03:32:00.3826101Z   File "/home/runner/work/GO/GO/restored/src/go_hotel/api/routes/mobile.py", line 96, in mobile_existing_cancel_quote
2026-09-10T03:32:00.3826306Z     with SessionLocal() as s:
2026-09-10T03:32:00.3826571Z          ^^^^^^^^^^^^
2026-09-10T03:32:00.3826930Z NameError: name 'SessionLocal' is not defined
2026-09-10T03:32:00.3827376Z ________ test_native_six_vertical_creation_payment_and_refund_contracts ________
2026-09-10T03:32:00.3827839Z   + Exception Group Traceback (most recent call last):
2026-09-10T03:32:00.3828610Z   |   File "/home/runner/work/GO/GO/isolated-runtime/lib/python3.13/site-packages/starlette/_utils.py", line 79, in collapse_excgroups
2026-09-10T03:32:00.3828803Z   |     yield
2026-09-10T03:32:00.3829572Z   |   File "/home/runner/work/GO/GO/isolated-runtime/lib/python3.13/site-packages/starlette/middleware/base.py", line 192, in __call__
2026-09-10T03:32:00.3830010Z   |     async with anyio.create_task_group() as task_group:
2026-09-10T03:32:00.3830257Z   |                ~~~~~~~~~~~~~~~~~~~~~~~^^
2026-09-10T03:32:00.3831049Z   |   File "/home/runner/work/GO/GO/isolated-runtime/lib/python3.13/site-packages/anyio/_backends/_asyncio.py", line 799, in __aexit__
2026-09-10T03:32:00.3831347Z   |     raise BaseExceptionGroup(
2026-09-10T03:32:00.3831648Z   |         "unhandled errors in a TaskGroup", self._exceptions
2026-09-10T03:32:00.3832210Z   |     ) from None
2026-09-10T03:32:00.3832711Z   | ExceptionGroup: unhandled errors in a TaskGroup (1 sub-exception)
2026-09-10T03:32:00.3832946Z   +-+---------------- 1 ----------------
2026-09-10T03:32:00.3833243Z     | Traceback (most recent call last):
2026-09-10T03:32:00.3833875Z     |   File "/home/runner/work/GO/GO/isolated-runtime/lib/python3.13/site-packages/_pytest/runner.py", line 353, in from_call
2026-09-10T03:32:00.3847316Z     |     result: TResult | None = func()
2026-09-10T03:32:00.3847556Z     |                              ~~~~^^
2026-09-10T03:32:00.3848202Z     |   File "/home/runner/work/GO/GO/isolated-runtime/lib/python3.13/site-packages/_pytest/runner.py", line 245, in <lambda>
2026-09-10T03:32:00.3848442Z     |     lambda: runtest_hook(item=item, **kwds),
2026-09-10T03:32:00.3848627Z     |             ~~~~~~~~~~~~^^^^^^^^^^^^^^^^^^^
2026-09-10T03:32:00.3849244Z     |   File "/home/runner/work/GO/GO/isolated-runtime/lib/python3.13/site-packages/pluggy/_hooks.py", line 512, in __call__
2026-09-10T03:32:00.3849663Z     |     return self._hookexec(self.name, self._hookimpls.copy(), kwargs, firstresult)
2026-09-10T03:32:00.3849935Z     |            ~~~~~~~~~~~~~~^^^^^^^^^^^^^^^^^^^^^^^^^^^^^^^^^^^^^^^^^^^^^^^^^^^^^^^^
2026-09-10T03:32:00.3850552Z     |   File "/home/runner/work/GO/GO/isolated-runtime/lib/python3.13/site-packages/pluggy/_manager.py", line 120, in _hookexec
2026-09-10T03:32:00.3850918Z     |     return self._inner_hookexec(hook_name, methods, kwargs, firstresult)
2026-09-10T03:32:00.3851181Z     |            ~~~~~~~~~~~~~~~~~~~~^^^^^^^^^^^^^^^^^^^^^^^^^^^^^^^^^^^^^^^^^
2026-09-10T03:32:00.3852039Z     |   File "/home/runner/work/GO/GO/isolated-runtime/lib/python3.13/site-packages/pluggy/_callers.py", line 167, in _multicall
2026-09-10T03:32:00.3852210Z     |     raise exception
2026-09-10T03:32:00.3852856Z     |   File "/home/runner/work/GO/GO/isolated-runtime/lib/python3.13/site-packages/pluggy/_callers.py", line 139, in _multicall
2026-09-10T03:32:00.3853047Z     |     teardown.throw(exception)
2026-09-10T03:32:00.3853213Z     |     ~~~~~~~~~~~~~~^^^^^^^^^^^
2026-09-10T03:32:00.3853866Z     |   File "/home/runner/work/GO/GO/isolated-runtime/lib/python3.13/site-packages/_pytest/logging.py", line 850, in pytest_runtest_call
2026-09-10T03:32:00.3853993Z     |     yield
2026-09-10T03:32:00.3854611Z     |   File "/home/runner/work/GO/GO/isolated-runtime/lib/python3.13/site-packages/pluggy/_callers.py", line 139, in _multicall
2026-09-10T03:32:00.3854798Z     |     teardown.throw(exception)
2026-09-10T03:32:00.3854946Z     |     ~~~~~~~~~~~~~~^^^^^^^^^^^
2026-09-10T03:32:00.3855922Z     |   File "/home/runner/work/GO/GO/isolated-runtime/lib/python3.13/site-packages/_pytest/capture.py", line 900, in pytest_runtest_call
2026-09-10T03:32:00.3856075Z     |     return (yield)
2026-09-10T03:32:00.3856201Z     |             ^^^^^
2026-09-10T03:32:00.3856810Z     |   File "/home/runner/work/GO/GO/isolated-runtime/lib/python3.13/site-packages/pluggy/_callers.py", line 139, in _multicall
2026-09-10T03:32:00.3856995Z     |     teardown.throw(exception)
2026-09-10T03:32:00.3857136Z     |     ~~~~~~~~~~~~~~^^^^^^^^^^^
2026-09-10T03:32:00.3857806Z     |   File "/home/runner/work/GO/GO/isolated-runtime/lib/python3.13/site-packages/_pytest/skipping.py", line 268, in pytest_runtest_call
2026-09-10T03:32:00.3857949Z     |     return (yield)
2026-09-10T03:32:00.3858074Z     |             ^^^^^
2026-09-10T03:32:00.3858659Z     |   File "/home/runner/work/GO/GO/isolated-runtime/lib/python3.13/site-packages/pluggy/_callers.py", line 121, in _multicall
2026-09-10T03:32:00.3858852Z     |     res = hook_impl.function(*args)
2026-09-10T03:32:00.3859519Z     |   File "/home/runner/work/GO/GO/isolated-runtime/lib/python3.13/site-packages/_pytest/runner.py", line 179, in pytest_runtest_call
2026-09-10T03:32:00.3859670Z     |     item.runtest()
2026-09-10T03:32:00.3859802Z     |     ~~~~~~~~~~~~^^
2026-09-10T03:32:00.3860366Z     |   File "/home/runner/work/GO/GO/isolated-runtime/lib/python3.13/site-packages/_pytest/python.py", line 1720, in runtest
2026-09-10T03:32:00.3860836Z     |     self.ihook.pytest_pyfunc_call(pyfuncitem=self)
2026-09-10T03:32:00.3861042Z     |     ~~~~~~~~~~~~~~~~~~~~~~~~~~~~~^^^^^^^^^^^^^^^^^
2026-09-10T03:32:00.3861629Z     |   File "/home/runner/work/GO/GO/isolated-runtime/lib/python3.13/site-packages/pluggy/_hooks.py", line 512, in __call__
2026-09-10T03:32:00.3862007Z     |     return self._hookexec(self.name, self._hookimpls.copy(), kwargs, firstresult)
2026-09-10T03:32:00.3862274Z     |            ~~~~~~~~~~~~~~^^^^^^^^^^^^^^^^^^^^^^^^^^^^^^^^^^^^^^^^^^^^^^^^^^^^^^^^
2026-09-10T03:32:00.3862907Z     |   File "/home/runner/work/GO/GO/isolated-runtime/lib/python3.13/site-packages/pluggy/_manager.py", line 120, in _hookexec
2026-09-10T03:32:00.3863245Z     |     return self._inner_hookexec(hook_name, methods, kwargs, firstresult)
2026-09-10T03:32:00.3863500Z     |            ~~~~~~~~~~~~~~~~~~~~^^^^^^^^^^^^^^^^^^^^^^^^^^^^^^^^^^^^^^^^^
2026-09-10T03:32:00.3864128Z     |   File "/home/runner/work/GO/GO/isolated-runtime/lib/python3.13/site-packages/pluggy/_callers.py", line 167, in _multicall
2026-09-10T03:32:00.3864275Z     |     raise exception
2026-09-10T03:32:00.3864877Z     |   File "/home/runner/work/GO/GO/isolated-runtime/lib/python3.13/site-packages/pluggy/_callers.py", line 139, in _multicall
2026-09-10T03:32:00.3865065Z     |     teardown.throw(exception)
2026-09-10T03:32:00.3865217Z     |     ~~~~~~~~~~~~~~^^^^^^^^^^^
2026-09-10T03:32:00.3866167Z     |   File "/home/runner/work/GO/GO/isolated-runtime/lib/python3.13/site-packages/pluggy/_callers.py", line 53, in run_old_style_hookwrapper
2026-09-10T03:32:00.3866361Z     |     return result.get_result()
2026-09-10T03:32:00.3866732Z     |            ~~~~~~~~~~~~~~~~~^^
2026-09-10T03:32:00.3867312Z     |   File "/home/runner/work/GO/GO/isolated-runtime/lib/python3.13/site-packages/pluggy/_result.py", line 103, in get_result
2026-09-10T03:32:00.3867516Z     |     raise exc.with_traceback(tb)
2026-09-10T03:32:00.3868198Z     |   File "/home/runner/work/GO/GO/isolated-runtime/lib/python3.13/site-packages/pluggy/_callers.py", line 38, in run_old_style_hookwrapper
2026-09-10T03:32:00.3868335Z     |     res = yield
2026-09-10T03:32:00.3868463Z     |           ^^^^^
2026-09-10T03:32:00.3869032Z     |   File "/home/runner/work/GO/GO/isolated-runtime/lib/python3.13/site-packages/pluggy/_callers.py", line 121, in _multicall
2026-09-10T03:32:00.3869227Z     |     res = hook_impl.function(*args)
2026-09-10T03:32:00.3869892Z     |   File "/home/runner/work/GO/GO/isolated-runtime/lib/python3.13/site-packages/_pytest/python.py", line 166, in pytest_pyfunc_call
2026-09-10T03:32:00.3870084Z     |     result = testfunction(**testargs)
2026-09-10T03:32:00.3870875Z     |   File "/home/runner/work/GO/GO/restored/tests/test_depth30_native_api_contract.py", line 72, in test_native_six_vertical_creation_payment_and_refund_contracts
2026-09-10T03:32:00.3871214Z     |     refunded=bridge(client,headers,{**task,'action':'refund'})
2026-09-10T03:32:00.3871737Z     |   File "/home/runner/work/GO/GO/restored/tests/test_depth30_native_api_contract.py", line 31, in bridge
2026-09-10T03:32:00.3872309Z     |     response=client.request(call['method'],call['path'],headers={**headers,**call['headers']},json=call['body'])
2026-09-10T03:32:00.3872955Z     |   File "/home/runner/work/GO/GO/isolated-runtime/lib/python3.13/site-packages/starlette/testclient.py", line 445, in request
2026-09-10T03:32:00.3873140Z     |     return super().request(
2026-09-10T03:32:00.3873295Z     |            ~~~~~~~~~~~~~~~^
2026-09-10T03:32:00.3873429Z     |         method,
2026-09-10T03:32:00.3873546Z     |         ^^^^^^^
2026-09-10T03:32:00.3873693Z     |     ...<11 lines>...
2026-09-10T03:32:00.3873878Z     |         extensions=extensions,
2026-09-10T03:32:00.3874029Z     |         ^^^^^^^^^^^^^^^^^^^^^^
2026-09-10T03:32:00.3874155Z     |     )
2026-09-10T03:32:00.3874284Z     |     ^
2026-09-10T03:32:00.3874881Z     |   File "/home/runner/work/GO/GO/isolated-runtime/lib/python3.13/site-packages/httpx/_client.py", line 825, in request
2026-09-10T03:32:00.3875641Z     |     return self.send(request, auth=auth, follow_redirects=follow_redirects)
2026-09-10T03:32:00.3875889Z     |            ~~~~~~~~~^^^^^^^^^^^^^^^^^^^^^^^^^^^^^^^^^^^^^^^^^^^^^^^^^^^^^^^
2026-09-10T03:32:00.3876466Z     |   File "/home/runner/work/GO/GO/isolated-runtime/lib/python3.13/site-packages/httpx/_client.py", line 914, in send
2026-09-10T03:32:00.3876680Z     |     response = self._send_handling_auth(
2026-09-10T03:32:00.3876820Z     |         request,
2026-09-10T03:32:00.3876953Z     |     ...<2 lines>...
2026-09-10T03:32:00.3877087Z     |         history=[],
2026-09-10T03:32:00.3877207Z     |     )
2026-09-10T03:32:00.3877845Z     |   File "/home/runner/work/GO/GO/isolated-runtime/lib/python3.13/site-packages/httpx/_client.py", line 942, in _send_handling_auth
2026-09-10T03:32:00.3878079Z     |     response = self._send_handling_redirects(
2026-09-10T03:32:00.3878221Z     |         request,
2026-09-10T03:32:00.3878424Z     |         follow_redirects=follow_redirects,
2026-09-10T03:32:00.3878603Z     |         history=history,
2026-09-10T03:32:00.3878728Z     |     )
2026-09-10T03:32:00.3879397Z     |   File "/home/runner/work/GO/GO/isolated-runtime/lib/python3.13/site-packages/httpx/_client.py", line 979, in _send_handling_redirects
2026-09-10T03:32:00.3879649Z     |     response = self._send_single_request(request)
2026-09-10T03:32:00.3880319Z     |   File "/home/runner/work/GO/GO/isolated-runtime/lib/python3.13/site-packages/httpx/_client.py", line 1014, in _send_single_request
2026-09-10T03:32:00.3880541Z     |     response = transport.handle_request(request)
2026-09-10T03:32:00.3881389Z     |   File "/home/runner/work/GO/GO/isolated-runtime/lib/python3.13/site-packages/starlette/testclient.py", line 348, in handle_request
2026-09-10T03:32:00.3881536Z     |     raise exc
2026-09-10T03:32:00.3882182Z     |   File "/home/runner/work/GO/GO/isolated-runtime/lib/python3.13/site-packages/starlette/testclient.py", line 345, in handle_request
2026-09-10T03:32:00.3882411Z     |     portal.call(self.app, scope, receive, send)
2026-09-10T03:32:00.3882605Z     |     ~~~~~~~~~~~^^^^^^^^^^^^^^^^^^^^^^^^^^^^^^^^
2026-09-10T03:32:00.3883190Z     |   File "/home/runner/work/GO/GO/isolated-runtime/lib/python3.13/site-packages/anyio/from_thread.py", line 334, in call
2026-09-10T03:32:00.3883520Z     |     return cast(T_Retval, self.start_task_soon(func, *args).result())
2026-09-10T03:32:00.3883759Z     |                           ~~~~~~~~~~~~~~~~~~~~~~~~~~~~~~~~~~~~~~~~^^
2026-09-10T03:32:00.3884285Z     |   File "/opt/hostedtoolcache/Python/3.13.5/x64/lib/python3.13/concurrent/futures/_base.py", line 456, in result
2026-09-10T03:32:00.3884483Z     |     return self.__get_result()
2026-09-10T03:32:00.3884650Z     |            ~~~~~~~~~~~~~~~~~^^
2026-09-10T03:32:00.3885214Z     |   File "/opt/hostedtoolcache/Python/3.13.5/x64/lib/python3.13/concurrent/futures/_base.py", line 401, in __get_result
2026-09-10T03:32:00.3885539Z     |     raise self._exception
2026-09-10T03:32:00.3886144Z     |   File "/home/runner/work/GO/GO/isolated-runtime/lib/python3.13/site-packages/anyio/from_thread.py", line 259, in _call_func
2026-09-10T03:32:00.3886343Z     |     retval = await retval_or_awaitable
2026-09-10T03:32:00.3886525Z     |              ^^^^^^^^^^^^^^^^^^^^^^^^^
2026-09-10T03:32:00.3887173Z     |   File "/home/runner/work/GO/GO/isolated-runtime/lib/python3.13/site-packages/fastapi/applications.py", line 1138, in __call__
2026-09-10T03:32:00.3887383Z     |     await super().__call__(scope, receive, send)
2026-09-10T03:32:00.3888022Z     |   File "/home/runner/work/GO/GO/isolated-runtime/lib/python3.13/site-packages/starlette/applications.py", line 107, in __call__
2026-09-10T03:32:00.3888292Z     |     await self.middleware_stack(scope, receive, send)
2026-09-10T03:32:00.3888971Z     |   File "/home/runner/work/GO/GO/isolated-runtime/lib/python3.13/site-packages/starlette/middleware/errors.py", line 186, in __call__
2026-09-10T03:32:00.3889276Z     |     raise exc
2026-09-10T03:32:00.3889942Z     |   File "/home/runner/work/GO/GO/isolated-runtime/lib/python3.13/site-packages/starlette/middleware/errors.py", line 164, in __call__
2026-09-10T03:32:00.3890157Z     |     await self.app(scope, receive, _send)
2026-09-10T03:32:00.3890801Z     |   File "/home/runner/work/GO/GO/isolated-runtime/lib/python3.13/site-packages/starlette/middleware/base.py", line 191, in __call__
2026-09-10T03:32:00.3891063Z     |     with recv_stream, send_stream, collapse_excgroups():
2026-09-10T03:32:00.3891276Z     |                                    ~~~~~~~~~~~~~~~~~~^^
2026-09-10T03:32:00.3891765Z     |   File "/opt/hostedtoolcache/Python/3.13.5/x64/lib/python3.13/contextlib.py", line 162, in __exit__
2026-09-10T03:32:00.3891946Z     |     self.gen.throw(value)
2026-09-10T03:32:00.3892106Z     |     ~~~~~~~~~~~~~~^^^^^^^
2026-09-10T03:32:00.3892734Z     |   File "/home/runner/work/GO/GO/isolated-runtime/lib/python3.13/site-packages/starlette/_utils.py", line 85, in collapse_excgroups
2026-09-10T03:32:00.3892874Z     |     raise exc
2026-09-10T03:32:00.3893534Z     |   File "/home/runner/work/GO/GO/isolated-runtime/lib/python3.13/site-packages/starlette/middleware/base.py", line 193, in __call__
2026-09-10T03:32:00.3893812Z     |     response = await self.dispatch_func(request, call_next)
2026-09-10T03:32:00.3894031Z     |                ^^^^^^^^^^^^^^^^^^^^^^^^^^^^^^^^^^^^^^^^^^^^
2026-09-10T03:32:00.3894427Z     |   File "/home/runner/work/GO/GO/restored/src/go_hotel/main.py", line 282, in dispatch
2026-09-10T03:32:00.3894608Z     |     response=await call_next(request)
2026-09-10T03:32:00.3894793Z     |              ^^^^^^^^^^^^^^^^^^^^^^^^
2026-09-10T03:32:00.3895782Z     |   File "/home/runner/work/GO/GO/isolated-runtime/lib/python3.13/site-packages/starlette/middleware/base.py", line 168, in call_next
2026-09-10T03:32:00.3896077Z     |     raise app_exc from app_exc.__cause__ or app_exc.__context__
2026-09-10T03:32:00.3896713Z     |   File "/home/runner/work/GO/GO/isolated-runtime/lib/python3.13/site-packages/starlette/middleware/base.py", line 144, in coro
2026-09-10T03:32:00.3897013Z     |     await self.app(scope, receive_or_disconnect, send_no_error)
2026-09-10T03:32:00.3897652Z     |   File "/home/runner/work/GO/GO/isolated-runtime/lib/python3.13/site-packages/starlette/middleware/base.py", line 191, in __call__
2026-09-10T03:32:00.3897921Z     |     with recv_stream, send_stream, collapse_excgroups():
2026-09-10T03:32:00.3898126Z     |                                    ~~~~~~~~~~~~~~~~~~^^
2026-09-10T03:32:00.3898597Z     |   File "/opt/hostedtoolcache/Python/3.13.5/x64/lib/python3.13/contextlib.py", line 162, in __exit__
2026-09-10T03:32:00.3898775Z     |     self.gen.throw(value)
2026-09-10T03:32:00.3898939Z     |     ~~~~~~~~~~~~~~^^^^^^^
2026-09-10T03:32:00.3899578Z     |   File "/home/runner/work/GO/GO/isolated-runtime/lib/python3.13/site-packages/starlette/_utils.py", line 85, in collapse_excgroups
2026-09-10T03:32:00.3899716Z     |     raise exc
2026-09-10T03:32:00.3900370Z     |   File "/home/runner/work/GO/GO/isolated-runtime/lib/python3.13/site-packages/starlette/middleware/base.py", line 193, in __call__
2026-09-10T03:32:00.3900642Z     |     response = await self.dispatch_func(request, call_next)
2026-09-10T03:32:00.3900857Z     |                ^^^^^^^^^^^^^^^^^^^^^^^^^^^^^^^^^^^^^^^^^^^^
2026-09-10T03:32:00.3901249Z     |   File "/home/runner/work/GO/GO/restored/src/go_hotel/main.py", line 253, in dispatch
2026-09-10T03:32:00.3901431Z     |     response=await call_next(request)
2026-09-10T03:32:00.3901602Z     |              ^^^^^^^^^^^^^^^^^^^^^^^^
2026-09-10T03:32:00.3902279Z     |   File "/home/runner/work/GO/GO/isolated-runtime/lib/python3.13/site-packages/starlette/middleware/base.py", line 168, in call_next
2026-09-10T03:32:00.3902577Z     |     raise app_exc from app_exc.__cause__ or app_exc.__context__
2026-09-10T03:32:00.3903188Z     |   File "/home/runner/work/GO/GO/isolated-runtime/lib/python3.13/site-packages/starlette/middleware/base.py", line 144, in coro
2026-09-10T03:32:00.3903671Z     |     await self.app(scope, receive_or_disconnect, send_no_error)
2026-09-10T03:32:00.3904322Z     |   File "/home/runner/work/GO/GO/isolated-runtime/lib/python3.13/site-packages/starlette/middleware/base.py", line 191, in __call__
2026-09-10T03:32:00.3904573Z     |     with recv_stream, send_stream, collapse_excgroups():
2026-09-10T03:32:00.3904785Z     |                                    ~~~~~~~~~~~~~~~~~~^^
2026-09-10T03:32:00.3905240Z     |   File "/opt/hostedtoolcache/Python/3.13.5/x64/lib/python3.13/contextlib.py", line 162, in __exit__
2026-09-10T03:32:00.3905567Z     |     self.gen.throw(value)
2026-09-10T03:32:00.3905725Z     |     ~~~~~~~~~~~~~~^^^^^^^
2026-09-10T03:32:00.3906384Z     |   File "/home/runner/work/GO/GO/isolated-runtime/lib/python3.13/site-packages/starlette/_utils.py", line 85, in collapse_excgroups
2026-09-10T03:32:00.3906503Z     |     raise exc
2026-09-10T03:32:00.3907115Z     |   File "/home/runner/work/GO/GO/isolated-runtime/lib/python3.13/site-packages/starlette/middleware/base.py", line 193, in __call__
2026-09-10T03:32:00.3907407Z     |     response = await self.dispatch_func(request, call_next)
2026-09-10T03:32:00.3907614Z     |                ^^^^^^^^^^^^^^^^^^^^^^^^^^^^^^^^^^^^^^^^^^^^
2026-09-10T03:32:00.3908021Z     |   File "/home/runner/work/GO/GO/restored/src/go_hotel/main.py", line 207, in dispatch
2026-09-10T03:32:00.3908212Z     |     response=await call_next(request)
2026-09-10T03:32:00.3908374Z     |              ^^^^^^^^^^^^^^^^^^^^^^^^
2026-09-10T03:32:00.3909000Z     |   File "/home/runner/work/GO/GO/isolated-runtime/lib/python3.13/site-packages/starlette/middleware/base.py", line 168, in call_next
2026-09-10T03:32:00.3909491Z     |     raise app_exc from app_exc.__cause__ or app_exc.__context__
2026-09-10T03:32:00.3910116Z     |   File "/home/runner/work/GO/GO/isolated-runtime/lib/python3.13/site-packages/starlette/middleware/base.py", line 144, in coro
2026-09-10T03:32:00.3910409Z     |     await self.app(scope, receive_or_disconnect, send_no_error)
2026-09-10T03:32:00.3911091Z     |   File "/home/runner/work/GO/GO/isolated-runtime/lib/python3.13/site-packages/starlette/middleware/exceptions.py", line 63, in __call__
2026-09-10T03:32:00.3911452Z     |     await wrap_app_handling_exceptions(self.app, conn)(scope, receive, send)
2026-09-10T03:32:00.3912137Z     |   File "/home/runner/work/GO/GO/isolated-runtime/lib/python3.13/site-packages/starlette/_exception_handler.py", line 53, in wrapped_app
2026-09-10T03:32:00.3912269Z     |     raise exc
2026-09-10T03:32:00.3912933Z     |   File "/home/runner/work/GO/GO/isolated-runtime/lib/python3.13/site-packages/starlette/_exception_handler.py", line 42, in wrapped_app
2026-09-10T03:32:00.3913125Z     |     await app(scope, receive, sender)
2026-09-10T03:32:00.3913828Z     |   File "/home/runner/work/GO/GO/isolated-runtime/lib/python3.13/site-packages/fastapi/middleware/asyncexitstack.py", line 18, in __call__
2026-09-10T03:32:00.3914029Z     |     await self.app(scope, receive, send)
2026-09-10T03:32:00.3914617Z     |   File "/home/runner/work/GO/GO/isolated-runtime/lib/python3.13/site-packages/starlette/routing.py", line 716, in __call__
2026-09-10T03:32:00.3914874Z     |     await self.middleware_stack(scope, receive, send)
2026-09-10T03:32:00.3915675Z     |   File "/home/runner/work/GO/GO/isolated-runtime/lib/python3.13/site-packages/starlette/routing.py", line 736, in app
2026-09-10T03:32:00.3915882Z     |     await route.handle(scope, receive, send)
2026-09-10T03:32:00.3916470Z     |   File "/home/runner/work/GO/GO/isolated-runtime/lib/python3.13/site-packages/starlette/routing.py", line 290, in handle
2026-09-10T03:32:00.3916668Z     |     await self.app(scope, receive, send)
2026-09-10T03:32:00.3917257Z     |   File "/home/runner/work/GO/GO/isolated-runtime/lib/python3.13/site-packages/fastapi/routing.py", line 115, in app
2026-09-10T03:32:00.3917616Z     |     await wrap_app_handling_exceptions(app, request)(scope, receive, send)
2026-09-10T03:32:00.3918515Z     |   File "/home/runner/work/GO/GO/isolated-runtime/lib/python3.13/site-packages/starlette/_exception_handler.py", line 53, in wrapped_app
2026-09-10T03:32:00.3918639Z     |     raise exc
2026-09-10T03:32:00.3919316Z     |   File "/home/runner/work/GO/GO/isolated-runtime/lib/python3.13/site-packages/starlette/_exception_handler.py", line 42, in wrapped_app
2026-09-10T03:32:00.3919505Z     |     await app(scope, receive, sender)
2026-09-10T03:32:00.3920058Z     |   File "/home/runner/work/GO/GO/isolated-runtime/lib/python3.13/site-packages/fastapi/routing.py", line 101, in app
2026-09-10T03:32:00.3920242Z     |     response = await f(request)
2026-09-10T03:32:00.3920404Z     |                ^^^^^^^^^^^^^^^^
2026-09-10T03:32:00.3920953Z     |   File "/home/runner/work/GO/GO/isolated-runtime/lib/python3.13/site-packages/fastapi/routing.py", line 355, in app
2026-09-10T03:32:00.3921182Z     |     raw_response = await run_endpoint_function(
2026-09-10T03:32:00.3921387Z     |                    ^^^^^^^^^^^^^^^^^^^^^^^^^^^^
2026-09-10T03:32:00.3921513Z     |     ...<3 lines>...
2026-09-10T03:32:00.3921641Z     |     )
2026-09-10T03:32:00.3921760Z     |     ^
2026-09-10T03:32:00.3922421Z     |   File "/home/runner/work/GO/GO/isolated-runtime/lib/python3.13/site-packages/fastapi/routing.py", line 245, in run_endpoint_function
2026-09-10T03:32:00.3922706Z     |     return await run_in_threadpool(dependant.call, **values)
2026-09-10T03:32:00.3922927Z     |            ^^^^^^^^^^^^^^^^^^^^^^^^^^^^^^^^^^^^^^^^^^^^^^^^^
2026-09-10T03:32:00.3923608Z     |   File "/home/runner/work/GO/GO/isolated-runtime/lib/python3.13/site-packages/starlette/concurrency.py", line 32, in run_in_threadpool
2026-09-10T03:32:00.3923838Z     |     return await anyio.to_thread.run_sync(func)
2026-09-10T03:32:00.3924211Z     |            ^^^^^^^^^^^^^^^^^^^^^^^^^^^^^^^^^^^^
2026-09-10T03:32:00.3924794Z     |   File "/home/runner/work/GO/GO/isolated-runtime/lib/python3.13/site-packages/anyio/to_thread.py", line 63, in run_sync
2026-09-10T03:32:00.3925104Z     |     return await get_async_backend().run_sync_in_worker_thread(
2026-09-10T03:32:00.3925476Z     |            ^^^^^^^^^^^^^^^^^^^^^^^^^^^^^^^^^^^^^^^^^^^^^^^^^^^^
2026-09-10T03:32:00.3925793Z     |         func, args, abandon_on_cancel=abandon_on_cancel, limiter=limiter
2026-09-10T03:32:00.3926024Z     |         ^^^^^^^^^^^^^^^^^^^^^^^^^^^^^^^^^^^^^^^^^^^^^^^^^^^^^^^^^^^^^^^^
2026-09-10T03:32:00.3926146Z     |     )
2026-09-10T03:32:00.3926257Z     |     ^
2026-09-10T03:32:00.3927000Z     |   File "/home/runner/work/GO/GO/isolated-runtime/lib/python3.13/site-packages/anyio/_backends/_asyncio.py", line 2518, in run_sync_in_worker_thread
2026-09-10T03:32:00.3927154Z     |     return await future
2026-09-10T03:32:00.3927285Z     |            ^^^^^^^^^^^^
2026-09-10T03:32:00.3927901Z     |   File "/home/runner/work/GO/GO/isolated-runtime/lib/python3.13/site-packages/anyio/_backends/_asyncio.py", line 1002, in run
2026-09-10T03:32:00.3928092Z     |     result = context.run(func, *args)
2026-09-10T03:32:00.3928665Z     |   File "/home/runner/work/GO/GO/restored/src/go_hotel/api/routes/mobile.py", line 96, in mobile_existing_cancel_quote
2026-09-10T03:32:00.3928836Z     |     with SessionLocal() as s:
2026-09-10T03:32:00.3928971Z     |          ^^^^^^^^^^^^
2026-09-10T03:32:00.3929198Z     | NameError: name 'SessionLocal' is not defined
2026-09-10T03:32:00.3929381Z     +------------------------------------
2026-09-10T03:32:00.3929397Z 
2026-09-10T03:32:00.3929777Z The above exception was the direct cause of the following exception:
2026-09-10T03:32:00.3929790Z 
2026-09-10T03:32:00.3930004Z Traceback (most recent call last):
2026-09-10T03:32:00.3930874Z   File "/home/runner/work/GO/GO/restored/tests/test_depth30_native_api_contract.py", line 72, in test_native_six_vertical_creation_payment_and_refund_contracts
2026-09-10T03:32:00.3931178Z     refunded=bridge(client,headers,{**task,'action':'refund'})
2026-09-10T03:32:00.3931694Z   File "/home/runner/work/GO/GO/restored/tests/test_depth30_native_api_contract.py", line 31, in bridge
2026-09-10T03:32:00.3932416Z     response=client.request(call['method'],call['path'],headers={**headers,**call['headers']},json=call['body'])
2026-09-10T03:32:00.3933052Z   File "/home/runner/work/GO/GO/isolated-runtime/lib/python3.13/site-packages/starlette/testclient.py", line 445, in request
2026-09-10T03:32:00.3933204Z     return super().request(
2026-09-10T03:32:00.3933340Z            ~~~~~~~~~~~~~~~^
2026-09-10T03:32:00.3933457Z         method,
2026-09-10T03:32:00.3933579Z         ^^^^^^^
2026-09-10T03:32:00.3933718Z     ...<11 lines>...
2026-09-10T03:32:00.3933880Z         extensions=extensions,
2026-09-10T03:32:00.3934035Z         ^^^^^^^^^^^^^^^^^^^^^^
2026-09-10T03:32:00.3934146Z     )
2026-09-10T03:32:00.3934268Z     ^
2026-09-10T03:32:00.3934866Z   File "/home/runner/work/GO/GO/isolated-runtime/lib/python3.13/site-packages/httpx/_client.py", line 825, in request
2026-09-10T03:32:00.3935216Z     return self.send(request, auth=auth, follow_redirects=follow_redirects)
2026-09-10T03:32:00.3935614Z            ~~~~~~~~~^^^^^^^^^^^^^^^^^^^^^^^^^^^^^^^^^^^^^^^^^^^^^^^^^^^^^^^
2026-09-10T03:32:00.3936184Z   File "/home/runner/work/GO/GO/isolated-runtime/lib/python3.13/site-packages/httpx/_client.py", line 914, in send
2026-09-10T03:32:00.3936374Z     response = self._send_handling_auth(
2026-09-10T03:32:00.3936497Z         request,
2026-09-10T03:32:00.3936631Z     ...<2 lines>...
2026-09-10T03:32:00.3936771Z         history=[],
2026-09-10T03:32:00.3936881Z     )
2026-09-10T03:32:00.3937532Z   File "/home/runner/work/GO/GO/isolated-runtime/lib/python3.13/site-packages/httpx/_client.py", line 942, in _send_handling_auth
2026-09-10T03:32:00.3937733Z     response = self._send_handling_redirects(
2026-09-10T03:32:00.3937849Z         request,
2026-09-10T03:32:00.3938226Z         follow_redirects=follow_redirects,
2026-09-10T03:32:00.3938364Z         history=history,
2026-09-10T03:32:00.3938470Z     )
2026-09-10T03:32:00.3939157Z   File "/home/runner/work/GO/GO/isolated-runtime/lib/python3.13/site-packages/httpx/_client.py", line 979, in _send_handling_redirects
2026-09-10T03:32:00.3939388Z     response = self._send_single_request(request)
2026-09-10T03:32:00.3940031Z   File "/home/runner/work/GO/GO/isolated-runtime/lib/python3.13/site-packages/httpx/_client.py", line 1014, in _send_single_request
2026-09-10T03:32:00.3940253Z     response = transport.handle_request(request)
2026-09-10T03:32:00.3940919Z   File "/home/runner/work/GO/GO/isolated-runtime/lib/python3.13/site-packages/starlette/testclient.py", line 348, in handle_request
2026-09-10T03:32:00.3941058Z     raise exc
2026-09-10T03:32:00.3941713Z   File "/home/runner/work/GO/GO/isolated-runtime/lib/python3.13/site-packages/starlette/testclient.py", line 345, in handle_request
2026-09-10T03:32:00.3941944Z     portal.call(self.app, scope, receive, send)
2026-09-10T03:32:00.3942126Z     ~~~~~~~~~~~^^^^^^^^^^^^^^^^^^^^^^^^^^^^^^^^
2026-09-10T03:32:00.3942708Z   File "/home/runner/work/GO/GO/isolated-runtime/lib/python3.13/site-packages/anyio/from_thread.py", line 334, in call
2026-09-10T03:32:00.3943009Z     return cast(T_Retval, self.start_task_soon(func, *args).result())
2026-09-10T03:32:00.3943229Z                           ~~~~~~~~~~~~~~~~~~~~~~~~~~~~~~~~~~~~~~~~^^
2026-09-10T03:32:00.3943769Z   File "/opt/hostedtoolcache/Python/3.13.5/x64/lib/python3.13/concurrent/futures/_base.py", line 456, in result
2026-09-10T03:32:00.3943930Z     return self.__get_result()
2026-09-10T03:32:00.3944086Z            ~~~~~~~~~~~~~~~~~^^
2026-09-10T03:32:00.3944664Z   File "/opt/hostedtoolcache/Python/3.13.5/x64/lib/python3.13/concurrent/futures/_base.py", line 401, in __get_result
2026-09-10T03:32:00.3944819Z     raise self._exception
2026-09-10T03:32:00.3945597Z   File "/home/runner/work/GO/GO/isolated-runtime/lib/python3.13/site-packages/anyio/from_thread.py", line 259, in _call_func
2026-09-10T03:32:00.3945787Z     retval = await retval_or_awaitable
2026-09-10T03:32:00.3945950Z              ^^^^^^^^^^^^^^^^^^^^^^^^^
2026-09-10T03:32:00.3946752Z   File "/home/runner/work/GO/GO/isolated-runtime/lib/python3.13/site-packages/fastapi/applications.py", line 1138, in __call__
2026-09-10T03:32:00.3946969Z     await super().__call__(scope, receive, send)
2026-09-10T03:32:00.3947609Z   File "/home/runner/work/GO/GO/isolated-runtime/lib/python3.13/site-packages/starlette/applications.py", line 107, in __call__
2026-09-10T03:32:00.3947840Z     await self.middleware_stack(scope, receive, send)
2026-09-10T03:32:00.3948509Z   File "/home/runner/work/GO/GO/isolated-runtime/lib/python3.13/site-packages/starlette/middleware/errors.py", line 186, in __call__
2026-09-10T03:32:00.3948644Z     raise exc
2026-09-10T03:32:00.3949334Z   File "/home/runner/work/GO/GO/isolated-runtime/lib/python3.13/site-packages/starlette/middleware/errors.py", line 164, in __call__
2026-09-10T03:32:00.3949517Z     await self.app(scope, receive, _send)
2026-09-10T03:32:00.3950158Z   File "/home/runner/work/GO/GO/isolated-runtime/lib/python3.13/site-packages/starlette/middleware/base.py", line 191, in __call__
2026-09-10T03:32:00.3950420Z     with recv_stream, send_stream, collapse_excgroups():
2026-09-10T03:32:00.3950620Z                                    ~~~~~~~~~~~~~~~~~~^^
2026-09-10T03:32:00.3951088Z   File "/opt/hostedtoolcache/Python/3.13.5/x64/lib/python3.13/contextlib.py", line 162, in __exit__
2026-09-10T03:32:00.3951238Z     self.gen.throw(value)
2026-09-10T03:32:00.3951361Z     ~~~~~~~~~~~~~~^^^^^^^
2026-09-10T03:32:00.3952007Z   File "/home/runner/work/GO/GO/isolated-runtime/lib/python3.13/site-packages/starlette/_utils.py", line 85, in collapse_excgroups
2026-09-10T03:32:00.3952139Z     raise exc
2026-09-10T03:32:00.3952959Z   File "/home/runner/work/GO/GO/isolated-runtime/lib/python3.13/site-packages/starlette/middleware/base.py", line 193, in __call__
2026-09-10T03:32:00.3953224Z     response = await self.dispatch_func(request, call_next)
2026-09-10T03:32:00.3953412Z                ^^^^^^^^^^^^^^^^^^^^^^^^^^^^^^^^^^^^^^^^^^^^
2026-09-10T03:32:00.3953822Z   File "/home/runner/work/GO/GO/restored/src/go_hotel/main.py", line 282, in dispatch
2026-09-10T03:32:00.3954018Z     response=await call_next(request)
2026-09-10T03:32:00.3954175Z              ^^^^^^^^^^^^^^^^^^^^^^^^
2026-09-10T03:32:00.3954846Z   File "/home/runner/work/GO/GO/isolated-runtime/lib/python3.13/site-packages/starlette/middleware/base.py", line 168, in call_next
2026-09-10T03:32:00.3955162Z     raise app_exc from app_exc.__cause__ or app_exc.__context__
2026-09-10T03:32:00.3955933Z   File "/home/runner/work/GO/GO/isolated-runtime/lib/python3.13/site-packages/starlette/middleware/base.py", line 144, in coro
2026-09-10T03:32:00.3956199Z     await self.app(scope, receive_or_disconnect, send_no_error)
2026-09-10T03:32:00.3956842Z   File "/home/runner/work/GO/GO/isolated-runtime/lib/python3.13/site-packages/starlette/middleware/base.py", line 191, in __call__
2026-09-10T03:32:00.3957089Z     with recv_stream, send_stream, collapse_excgroups():
2026-09-10T03:32:00.3957303Z                                    ~~~~~~~~~~~~~~~~~~^^
2026-09-10T03:32:00.3957769Z   File "/opt/hostedtoolcache/Python/3.13.5/x64/lib/python3.13/contextlib.py", line 162, in __exit__
2026-09-10T03:32:00.3957916Z     self.gen.throw(value)
2026-09-10T03:32:00.3958044Z     ~~~~~~~~~~~~~~^^^^^^^
2026-09-10T03:32:00.3958683Z   File "/home/runner/work/GO/GO/isolated-runtime/lib/python3.13/site-packages/starlette/_utils.py", line 85, in collapse_excgroups
2026-09-10T03:32:00.3958816Z     raise exc
2026-09-10T03:32:00.3959450Z   File "/home/runner/work/GO/GO/isolated-runtime/lib/python3.13/site-packages/starlette/middleware/base.py", line 193, in __call__
2026-09-10T03:32:00.3959709Z     response = await self.dispatch_func(request, call_next)
2026-09-10T03:32:00.3959899Z                ^^^^^^^^^^^^^^^^^^^^^^^^^^^^^^^^^^^^^^^^^^^^
2026-09-10T03:32:00.3960302Z   File "/home/runner/work/GO/GO/restored/src/go_hotel/main.py", line 253, in dispatch
2026-09-10T03:32:00.3960485Z     response=await call_next(request)
2026-09-10T03:32:00.3960829Z              ^^^^^^^^^^^^^^^^^^^^^^^^
2026-09-10T03:32:00.3961490Z   File "/home/runner/work/GO/GO/isolated-runtime/lib/python3.13/site-packages/starlette/middleware/base.py", line 168, in call_next
2026-09-10T03:32:00.3961801Z     raise app_exc from app_exc.__cause__ or app_exc.__context__
2026-09-10T03:32:00.3962417Z   File "/home/runner/work/GO/GO/isolated-runtime/lib/python3.13/site-packages/starlette/middleware/base.py", line 144, in coro
2026-09-10T03:32:00.3962680Z     await self.app(scope, receive_or_disconnect, send_no_error)
2026-09-10T03:32:00.3963314Z   File "/home/runner/work/GO/GO/isolated-runtime/lib/python3.13/site-packages/starlette/middleware/base.py", line 191, in __call__
2026-09-10T03:32:00.3963556Z     with recv_stream, send_stream, collapse_excgroups():
2026-09-10T03:32:00.3963753Z                                    ~~~~~~~~~~~~~~~~~~^^
2026-09-10T03:32:00.3964234Z   File "/opt/hostedtoolcache/Python/3.13.5/x64/lib/python3.13/contextlib.py", line 162, in __exit__
2026-09-10T03:32:00.3964392Z     self.gen.throw(value)
2026-09-10T03:32:00.3964511Z     ~~~~~~~~~~~~~~^^^^^^^
2026-09-10T03:32:00.3965155Z   File "/home/runner/work/GO/GO/isolated-runtime/lib/python3.13/site-packages/starlette/_utils.py", line 85, in collapse_excgroups
2026-09-10T03:32:00.3965434Z     raise exc
2026-09-10T03:32:00.3966081Z   File "/home/runner/work/GO/GO/isolated-runtime/lib/python3.13/site-packages/starlette/middleware/base.py", line 193, in __call__
2026-09-10T03:32:00.3966322Z     response = await self.dispatch_func(request, call_next)
2026-09-10T03:32:00.3966522Z                ^^^^^^^^^^^^^^^^^^^^^^^^^^^^^^^^^^^^^^^^^^^^
2026-09-10T03:32:00.3966909Z   File "/home/runner/work/GO/GO/restored/src/go_hotel/main.py", line 207, in dispatch
2026-09-10T03:32:00.3967079Z     response=await call_next(request)
2026-09-10T03:32:00.3967422Z              ^^^^^^^^^^^^^^^^^^^^^^^^
2026-09-10T03:32:00.3968097Z   File "/home/runner/work/GO/GO/isolated-runtime/lib/python3.13/site-packages/starlette/middleware/base.py", line 168, in call_next
2026-09-10T03:32:00.3968407Z     raise app_exc from app_exc.__cause__ or app_exc.__context__
2026-09-10T03:32:00.3969000Z   File "/home/runner/work/GO/GO/isolated-runtime/lib/python3.13/site-packages/starlette/middleware/base.py", line 144, in coro
2026-09-10T03:32:00.3969268Z     await self.app(scope, receive_or_disconnect, send_no_error)
2026-09-10T03:32:00.3969947Z   File "/home/runner/work/GO/GO/isolated-runtime/lib/python3.13/site-packages/starlette/middleware/exceptions.py", line 63, in __call__
2026-09-10T03:32:00.3970290Z     await wrap_app_handling_exceptions(self.app, conn)(scope, receive, send)
2026-09-10T03:32:00.3970987Z   File "/home/runner/work/GO/GO/isolated-runtime/lib/python3.13/site-packages/starlette/_exception_handler.py", line 53, in wrapped_app
2026-09-10T03:32:00.3971130Z     raise exc
2026-09-10T03:32:00.3971803Z   File "/home/runner/work/GO/GO/isolated-runtime/lib/python3.13/site-packages/starlette/_exception_handler.py", line 42, in wrapped_app
2026-09-10T03:32:00.3971995Z     await app(scope, receive, sender)
2026-09-10T03:32:00.3972674Z   File "/home/runner/work/GO/GO/isolated-runtime/lib/python3.13/site-packages/fastapi/middleware/asyncexitstack.py", line 18, in __call__
2026-09-10T03:32:00.3972864Z     await self.app(scope, receive, send)
2026-09-10T03:32:00.3973456Z   File "/home/runner/work/GO/GO/isolated-runtime/lib/python3.13/site-packages/starlette/routing.py", line 716, in __call__
2026-09-10T03:32:00.3973689Z     await self.middleware_stack(scope, receive, send)
2026-09-10T03:32:00.3974242Z   File "/home/runner/work/GO/GO/isolated-runtime/lib/python3.13/site-packages/starlette/routing.py", line 736, in app
2026-09-10T03:32:00.3974447Z     await route.handle(scope, receive, send)
2026-09-10T03:32:00.3975024Z   File "/home/runner/work/GO/GO/isolated-runtime/lib/python3.13/site-packages/starlette/routing.py", line 290, in handle
2026-09-10T03:32:00.3975202Z     await self.app(scope, receive, send)
2026-09-10T03:32:00.3975932Z   File "/home/runner/work/GO/GO/isolated-runtime/lib/python3.13/site-packages/fastapi/routing.py", line 115, in app
2026-09-10T03:32:00.3976480Z     await wrap_app_handling_exceptions(app, request)(scope, receive, send)
2026-09-10T03:32:00.3977160Z   File "/home/runner/work/GO/GO/isolated-runtime/lib/python3.13/site-packages/starlette/_exception_handler.py", line 53, in wrapped_app
2026-09-10T03:32:00.3977286Z     raise exc
2026-09-10T03:32:00.3977951Z   File "/home/runner/work/GO/GO/isolated-runtime/lib/python3.13/site-packages/starlette/_exception_handler.py", line 42, in wrapped_app
2026-09-10T03:32:00.3978139Z     await app(scope, receive, sender)
2026-09-10T03:32:00.3978682Z   File "/home/runner/work/GO/GO/isolated-runtime/lib/python3.13/site-packages/fastapi/routing.py", line 101, in app
2026-09-10T03:32:00.3978861Z     response = await f(request)
2026-09-10T03:32:00.3979016Z                ^^^^^^^^^^^^^^^^
2026-09-10T03:32:00.3979566Z   File "/home/runner/work/GO/GO/isolated-runtime/lib/python3.13/site-packages/fastapi/routing.py", line 355, in app
2026-09-10T03:32:00.3979776Z     raw_response = await run_endpoint_function(
2026-09-10T03:32:00.3979953Z                    ^^^^^^^^^^^^^^^^^^^^^^^^^^^^
2026-09-10T03:32:00.3980077Z     ...<3 lines>...
2026-09-10T03:32:00.3980188Z     )
2026-09-10T03:32:00.3980306Z     ^
2026-09-10T03:32:00.3980964Z   File "/home/runner/work/GO/GO/isolated-runtime/lib/python3.13/site-packages/fastapi/routing.py", line 245, in run_endpoint_function
2026-09-10T03:32:00.3981230Z     return await run_in_threadpool(dependant.call, **values)
2026-09-10T03:32:00.3981432Z            ^^^^^^^^^^^^^^^^^^^^^^^^^^^^^^^^^^^^^^^^^^^^^^^^^
2026-09-10T03:32:00.3982100Z   File "/home/runner/work/GO/GO/isolated-runtime/lib/python3.13/site-packages/starlette/concurrency.py", line 32, in run_in_threadpool
2026-09-10T03:32:00.3982533Z     return await anyio.to_thread.run_sync(func)
2026-09-10T03:32:00.3982704Z            ^^^^^^^^^^^^^^^^^^^^^^^^^^^^^^^^^^^^
2026-09-10T03:32:00.3983274Z   File "/home/runner/work/GO/GO/isolated-runtime/lib/python3.13/site-packages/anyio/to_thread.py", line 63, in run_sync
2026-09-10T03:32:00.3983557Z     return await get_async_backend().run_sync_in_worker_thread(
2026-09-10T03:32:00.3983750Z            ^^^^^^^^^^^^^^^^^^^^^^^^^^^^^^^^^^^^^^^^^^^^^^^^^^^^
2026-09-10T03:32:00.3984052Z         func, args, abandon_on_cancel=abandon_on_cancel, limiter=limiter
2026-09-10T03:32:00.3984274Z         ^^^^^^^^^^^^^^^^^^^^^^^^^^^^^^^^^^^^^^^^^^^^^^^^^^^^^^^^^^^^^^^^
2026-09-10T03:32:00.3984385Z     )
2026-09-10T03:32:00.3984502Z     ^
2026-09-10T03:32:00.3985247Z   File "/home/runner/work/GO/GO/isolated-runtime/lib/python3.13/site-packages/anyio/_backends/_asyncio.py", line 2518, in run_sync_in_worker_thread
2026-09-10T03:32:00.3985550Z     return await future
2026-09-10T03:32:00.3985678Z            ^^^^^^^^^^^^
2026-09-10T03:32:00.3986299Z   File "/home/runner/work/GO/GO/isolated-runtime/lib/python3.13/site-packages/anyio/_backends/_asyncio.py", line 1002, in run
2026-09-10T03:32:00.3986484Z     result = context.run(func, *args)
2026-09-10T03:32:00.3987055Z   File "/home/runner/work/GO/GO/restored/src/go_hotel/api/routes/mobile.py", line 96, in mobile_existing_cancel_quote
2026-09-10T03:32:00.3987209Z     with SessionLocal() as s:
2026-09-10T03:32:00.3987340Z          ^^^^^^^^^^^^
2026-09-10T03:32:00.3987582Z NameError: name 'SessionLocal' is not defined
2026-09-10T03:32:00.3987595Z 
2026-09-10T03:32:00.3987956Z The above exception was the direct cause of the following exception:
2026-09-10T03:32:00.3987968Z 
2026-09-10T03:32:00.3988337Z client = <starlette.testclient.TestClient object at 0x7fbc08de8270>
2026-09-10T03:32:00.3988349Z 
2026-09-10T03:32:00.3988702Z     def test_native_six_vertical_creation_payment_and_refund_contracts(client):
2026-09-10T03:32:00.3988907Z         email='native-depth30@example.test'
2026-09-10T03:32:00.3989648Z         registered=client.post('/v1/consumer/auth/register',json={'email':email,'password':'StrongPass123!','display_name':'ISOLATED NATIVE TEST'})
2026-09-10T03:32:00.3989898Z         assert registered.status_code==200,registered.text
2026-09-10T03:32:00.3990335Z         uid=registered.json()['data']['profile']['user_id']
2026-09-10T03:32:00.3990932Z         token=client.post('/v1/mobile/auth/login',json={'email':email,'password':'StrongPass123!'}).json()['data']['access_token']
2026-09-10T03:32:00.3991264Z         client.cookies.clear();headers={'Authorization':'Bearer '+token}
2026-09-10T03:32:00.3991489Z         tid=profile(uid,name='ISOLATED TEST TRAVELER')
2026-09-10T03:32:00.3992003Z         vault.grant_consent(uid,{'traveler_id':tid,'purpose':'RENTAL_BOOKING','scope':['DRIVER_LICENSE_NUMBER']})
2026-09-10T03:32:00.3992483Z         day=(date.today()+timedelta(days=10)).isoformat();end=(date.today()+timedelta(days=13)).isoformat()
2026-09-10T03:32:00.3992659Z         def post(path,body=None):
2026-09-10T03:32:00.3993168Z             r=client.post(path,headers=headers,json=body);assert r.status_code==200,r.text;return r.json()['data']
2026-09-10T03:32:00.3993297Z         tasks={}
2026-09-10T03:32:00.3994152Z         hotel=post('/v1/search/hotels',{'destination':{'city_code':'TYO'},'stay':{'check_in':day,'check_out':end},'occupancy':{'rooms':1,'adults':1,'children':0},'currency':'CNY'})['hotels'][0]
2026-09-10T03:32:00.3994540Z         pb=post(f"/v1/offers/{hotel['best_offer']['offer_id']}/prebook",{'currency':'CNY'})
2026-09-10T03:32:00.3994724Z         tasks['HOTEL']={'prebook':pb}
2026-09-10T03:32:00.3995772Z         for v,base,body in [('FLIGHT','/v1/flights',{'origin':'PVG','destination':'NRT','departure_date':day}),('RAIL','/v1/rail',{'origin_station':'SHA','destination_station':'HZH','travel_date':day})]:
2026-09-10T03:32:00.3996228Z             offer=post(base+'/search',body)['items'][0];pb=post(f"{base}/offers/{offer['offer_id']}/prebook")
2026-09-10T03:32:00.3996629Z             tasks[v]={'prebook':pb,'offer':offer}
2026-09-10T03:32:00.3997940Z         for v,base,body in [('RIDE','/v1/mobility/rides',{'pickup':'PVG','dropoff':'Bund','pickup_at':day+'T10:00:00','currency':'CNY'}),('RENTAL','/v1/mobility/rentals',{'pickup_location':'NRT','return_location':'NRT','pickup_at':day+'T10:00:00','return_at':end+'T10:00:00','currency':'CNY'})]:
2026-09-10T03:32:00.3998276Z             tasks[v]={'search':body,'offer':post(base+'/search',body)['items'][0]}
2026-09-10T03:32:00.3999068Z         offer=post('/v1/attractions/search',{'destination':'东京','visit_date':day})['items'][0]
2026-09-10T03:32:00.3999799Z         pb=post('/v1/attractions/prebook',{'offer_id':offer['offer_id'],'visit_date':day,'session_time':offer.get('session_time'),'quantity':1,'currency':'CNY'})
2026-09-10T03:32:00.4000164Z         tasks['ATTRACTION']={'offer':{**offer,'visit_date':day},'prebook':pb,'quantity':1}
2026-09-10T03:32:00.4000346Z         for v,params in tasks.items():
2026-09-10T03:32:00.4000773Z             create={'action':'create','vertical':v,'params':params,'userId':uid,'travelerId':tid}
2026-09-10T03:32:00.4000998Z             order=bridge(client,headers,create)['data']
2026-09-10T03:32:00.4001253Z             assert order['status']=='PAYMENT_PENDING',(v,order)
2026-09-10T03:32:00.4001626Z             assert bridge(client,headers,create)['data']['order_id']==order['order_id']
2026-09-10T03:32:00.4001850Z             task={'vertical':v,'orderId':order['order_id']}
2026-09-10T03:32:00.4002101Z             paid=bridge(client,headers,{**task,'action':'pay'})
2026-09-10T03:32:00.4002419Z             assert paid['order']['status'] in {'CONFIRMED','TICKETED'},(v,paid)
2026-09-10T03:32:00.4002646Z             assert paid['order']['order_id']==order['order_id']
2026-09-10T03:32:00.4002996Z >           refunded=bridge(client,headers,{**task,'action':'refund'})
2026-09-10T03:32:00.4003221Z                      ^^^^^^^^^^^^^^^^^^^^^^^^^^^^^^^^^^^^^^^^^^^^^^^^^
2026-09-10T03:32:00.4003234Z 
2026-09-10T03:32:00.4003489Z tests/test_depth30_native_api_contract.py:72: 
2026-09-10T03:32:00.4003814Z _ _ _ _ _ _ _ _ _ _ _ _ _ _ _ _ _ _ _ _ _ _ _ _ _ _ _ _ _ _ _ _ _ _ _ _ _ _ _ _ 
2026-09-10T03:32:00.4004106Z tests/test_depth30_native_api_contract.py:31: in bridge
2026-09-10T03:32:00.4004801Z     response=client.request(call['method'],call['path'],headers={**headers,**call['headers']},json=call['body'])
2026-09-10T03:32:00.4005114Z              ^^^^^^^^^^^^^^^^^^^^^^^^^^^^^^^^^^^^^^^^^^^^^^^^^^^^^^^^^^^^^^^^^^^^^^^^^^^^^^^^^^^^^^^^^^^^^^^^^^^
2026-09-10T03:32:00.4005758Z ../isolated-runtime/lib/python3.13/site-packages/starlette/testclient.py:445: in request
2026-09-10T03:32:00.4005900Z     return super().request(
2026-09-10T03:32:00.4006348Z ../isolated-runtime/lib/python3.13/site-packages/httpx/_client.py:825: in request
2026-09-10T03:32:00.4006691Z     return self.send(request, auth=auth, follow_redirects=follow_redirects)
2026-09-10T03:32:00.4006908Z            ^^^^^^^^^^^^^^^^^^^^^^^^^^^^^^^^^^^^^^^^^^^^^^^^^^^^^^^^^^^^^^^^
2026-09-10T03:32:00.4007348Z ../isolated-runtime/lib/python3.13/site-packages/httpx/_client.py:914: in send
2026-09-10T03:32:00.4007537Z     response = self._send_handling_auth(
2026-09-10T03:32:00.4008037Z ../isolated-runtime/lib/python3.13/site-packages/httpx/_client.py:942: in _send_handling_auth
2026-09-10T03:32:00.4008251Z     response = self._send_handling_redirects(
2026-09-10T03:32:00.4008798Z ../isolated-runtime/lib/python3.13/site-packages/httpx/_client.py:979: in _send_handling_redirects
2026-09-10T03:32:00.4009004Z     response = self._send_single_request(request)
2026-09-10T03:32:00.4009183Z                ^^^^^^^^^^^^^^^^^^^^^^^^^^^^^^^^^^
2026-09-10T03:32:00.4009698Z ../isolated-runtime/lib/python3.13/site-packages/httpx/_client.py:1014: in _send_single_request
2026-09-10T03:32:00.4009908Z     response = transport.handle_request(request)
2026-09-10T03:32:00.4010082Z                ^^^^^^^^^^^^^^^^^^^^^^^^^^^^^^^^^
2026-09-10T03:32:00.4010774Z ../isolated-runtime/lib/python3.13/site-packages/starlette/testclient.py:348: in handle_request
2026-09-10T03:32:00.4010894Z     raise exc
2026-09-10T03:32:00.4011406Z ../isolated-runtime/lib/python3.13/site-packages/starlette/testclient.py:345: in handle_request
2026-09-10T03:32:00.4011623Z     portal.call(self.app, scope, receive, send)
2026-09-10T03:32:00.4012054Z ../isolated-runtime/lib/python3.13/site-packages/anyio/from_thread.py:334: in call
2026-09-10T03:32:00.4012353Z     return cast(T_Retval, self.start_task_soon(func, *args).result())
2026-09-10T03:32:00.4012578Z                           ^^^^^^^^^^^^^^^^^^^^^^^^^^^^^^^^^^^^^^^^^^
2026-09-10T03:32:00.4013100Z /opt/hostedtoolcache/Python/3.13.5/x64/lib/python3.13/concurrent/futures/_base.py:456: in result
2026-09-10T03:32:00.4013269Z     return self.__get_result()
2026-09-10T03:32:00.4013417Z            ^^^^^^^^^^^^^^^^^^^
2026-09-10T03:32:00.4013973Z /opt/hostedtoolcache/Python/3.13.5/x64/lib/python3.13/concurrent/futures/_base.py:401: in __get_result
2026-09-10T03:32:00.4014122Z     raise self._exception
2026-09-10T03:32:00.4014598Z ../isolated-runtime/lib/python3.13/site-packages/anyio/from_thread.py:259: in _call_func
2026-09-10T03:32:00.4014791Z     retval = await retval_or_awaitable
2026-09-10T03:32:00.4014963Z              ^^^^^^^^^^^^^^^^^^^^^^^^^
2026-09-10T03:32:00.4015642Z ../isolated-runtime/lib/python3.13/site-packages/fastapi/applications.py:1138: in __call__
2026-09-10T03:32:00.4015851Z     await super().__call__(scope, receive, send)
2026-09-10T03:32:00.4016337Z ../isolated-runtime/lib/python3.13/site-packages/starlette/applications.py:107: in __call__
2026-09-10T03:32:00.4016568Z     await self.middleware_stack(scope, receive, send)
2026-09-10T03:32:00.4017095Z ../isolated-runtime/lib/python3.13/site-packages/starlette/middleware/errors.py:186: in __call__
2026-09-10T03:32:00.4017223Z     raise exc
2026-09-10T03:32:00.4017746Z ../isolated-runtime/lib/python3.13/site-packages/starlette/middleware/errors.py:164: in __call__
2026-09-10T03:32:00.4017940Z     await self.app(scope, receive, _send)
2026-09-10T03:32:00.4018459Z ../isolated-runtime/lib/python3.13/site-packages/starlette/middleware/base.py:191: in __call__
2026-09-10T03:32:00.4018699Z     with recv_stream, send_stream, collapse_excgroups():
2026-09-10T03:32:00.4019077Z                                    ^^^^^^^^^^^^^^^^^^^^
2026-09-10T03:32:00.4019534Z /opt/hostedtoolcache/Python/3.13.5/x64/lib/python3.13/contextlib.py:162: in __exit__
2026-09-10T03:32:00.4019669Z     self.gen.throw(value)
2026-09-10T03:32:00.4020178Z ../isolated-runtime/lib/python3.13/site-packages/starlette/_utils.py:85: in collapse_excgroups
2026-09-10T03:32:00.4020309Z     raise exc
2026-09-10T03:32:00.4020811Z ../isolated-runtime/lib/python3.13/site-packages/starlette/middleware/base.py:193: in __call__
2026-09-10T03:32:00.4021073Z     response = await self.dispatch_func(request, call_next)
2026-09-10T03:32:00.4021261Z                ^^^^^^^^^^^^^^^^^^^^^^^^^^^^^^^^^^^^^^^^^^^^
2026-09-10T03:32:00.4021479Z src/go_hotel/main.py:282: in dispatch
2026-09-10T03:32:00.4021670Z     response=await call_next(request)
2026-09-10T03:32:00.4021824Z              ^^^^^^^^^^^^^^^^^^^^^^^^
2026-09-10T03:32:00.4022348Z ../isolated-runtime/lib/python3.13/site-packages/starlette/middleware/base.py:168: in call_next
2026-09-10T03:32:00.4022634Z     raise app_exc from app_exc.__cause__ or app_exc.__context__
2026-09-10T03:32:00.4023116Z ../isolated-runtime/lib/python3.13/site-packages/starlette/middleware/base.py:144: in coro
2026-09-10T03:32:00.4023402Z     await self.app(scope, receive_or_disconnect, send_no_error)
2026-09-10T03:32:00.4023921Z ../isolated-runtime/lib/python3.13/site-packages/starlette/middleware/base.py:191: in __call__
2026-09-10T03:32:00.4024158Z     with recv_stream, send_stream, collapse_excgroups():
2026-09-10T03:32:00.4024351Z                                    ^^^^^^^^^^^^^^^^^^^^
2026-09-10T03:32:00.4024801Z /opt/hostedtoolcache/Python/3.13.5/x64/lib/python3.13/contextlib.py:162: in __exit__
2026-09-10T03:32:00.4024940Z     self.gen.throw(value)
2026-09-10T03:32:00.4025814Z ../isolated-runtime/lib/python3.13/site-packages/starlette/_utils.py:85: in collapse_excgroups
2026-09-10T03:32:00.4025949Z     raise exc
2026-09-10T03:32:00.4026456Z ../isolated-runtime/lib/python3.13/site-packages/starlette/middleware/base.py:193: in __call__
2026-09-10T03:32:00.4026719Z     response = await self.dispatch_func(request, call_next)
2026-09-10T03:32:00.4026918Z                ^^^^^^^^^^^^^^^^^^^^^^^^^^^^^^^^^^^^^^^^^^^^
2026-09-10T03:32:00.4027120Z src/go_hotel/main.py:253: in dispatch
2026-09-10T03:32:00.4027303Z     response=await call_next(request)
2026-09-10T03:32:00.4027467Z              ^^^^^^^^^^^^^^^^^^^^^^^^
2026-09-10T03:32:00.4027982Z ../isolated-runtime/lib/python3.13/site-packages/starlette/middleware/base.py:168: in call_next
2026-09-10T03:32:00.4028255Z     raise app_exc from app_exc.__cause__ or app_exc.__context__
2026-09-10T03:32:00.4028735Z ../isolated-runtime/lib/python3.13/site-packages/starlette/middleware/base.py:144: in coro
2026-09-10T03:32:00.4029016Z     await self.app(scope, receive_or_disconnect, send_no_error)
2026-09-10T03:32:00.4029530Z ../isolated-runtime/lib/python3.13/site-packages/starlette/middleware/base.py:191: in __call__
2026-09-10T03:32:00.4029765Z     with recv_stream, send_stream, collapse_excgroups():
2026-09-10T03:32:00.4029963Z                                    ^^^^^^^^^^^^^^^^^^^^
2026-09-10T03:32:00.4030410Z /opt/hostedtoolcache/Python/3.13.5/x64/lib/python3.13/contextlib.py:162: in __exit__
2026-09-10T03:32:00.4030545Z     self.gen.throw(value)
2026-09-10T03:32:00.4031066Z ../isolated-runtime/lib/python3.13/site-packages/starlette/_utils.py:85: in collapse_excgroups
2026-09-10T03:32:00.4031194Z     raise exc
2026-09-10T03:32:00.4031687Z ../isolated-runtime/lib/python3.13/site-packages/starlette/middleware/base.py:193: in __call__
2026-09-10T03:32:00.4031940Z     response = await self.dispatch_func(request, call_next)
2026-09-10T03:32:00.4032135Z                ^^^^^^^^^^^^^^^^^^^^^^^^^^^^^^^^^^^^^^^^^^^^
2026-09-10T03:32:00.4032342Z src/go_hotel/main.py:207: in dispatch
2026-09-10T03:32:00.4032522Z     response=await call_next(request)
2026-09-10T03:32:00.4032680Z              ^^^^^^^^^^^^^^^^^^^^^^^^
2026-09-10T03:32:00.4033182Z ../isolated-runtime/lib/python3.13/site-packages/starlette/middleware/base.py:168: in call_next
2026-09-10T03:32:00.4033640Z     raise app_exc from app_exc.__cause__ or app_exc.__context__
2026-09-10T03:32:00.4034126Z ../isolated-runtime/lib/python3.13/site-packages/starlette/middleware/base.py:144: in coro
2026-09-10T03:32:00.4034392Z     await self.app(scope, receive_or_disconnect, send_no_error)
2026-09-10T03:32:00.4034951Z ../isolated-runtime/lib/python3.13/site-packages/starlette/middleware/exceptions.py:63: in __call__
2026-09-10T03:32:00.4035460Z     await wrap_app_handling_exceptions(self.app, conn)(scope, receive, send)
2026-09-10T03:32:00.4036018Z ../isolated-runtime/lib/python3.13/site-packages/starlette/_exception_handler.py:53: in wrapped_app
2026-09-10T03:32:00.4036149Z     raise exc
2026-09-10T03:32:00.4036709Z ../isolated-runtime/lib/python3.13/site-packages/starlette/_exception_handler.py:42: in wrapped_app
2026-09-10T03:32:00.4036884Z     await app(scope, receive, sender)
2026-09-10T03:32:00.4037469Z ../isolated-runtime/lib/python3.13/site-packages/fastapi/middleware/asyncexitstack.py:18: in __call__
2026-09-10T03:32:00.4037666Z     await self.app(scope, receive, send)
2026-09-10T03:32:00.4038150Z ../isolated-runtime/lib/python3.13/site-packages/starlette/routing.py:716: in __call__
2026-09-10T03:32:00.4038394Z     await self.middleware_stack(scope, receive, send)
2026-09-10T03:32:00.4038853Z ../isolated-runtime/lib/python3.13/site-packages/starlette/routing.py:736: in app
2026-09-10T03:32:00.4039076Z     await route.handle(scope, receive, send)
2026-09-10T03:32:00.4039569Z ../isolated-runtime/lib/python3.13/site-packages/starlette/routing.py:290: in handle
2026-09-10T03:32:00.4039767Z     await self.app(scope, receive, send)
2026-09-10T03:32:00.4040433Z ../isolated-runtime/lib/python3.13/site-packages/fastapi/routing.py:115: in app
2026-09-10T03:32:00.4040800Z     await wrap_app_handling_exceptions(app, request)(scope, receive, send)
2026-09-10T03:32:00.4041370Z ../isolated-runtime/lib/python3.13/site-packages/starlette/_exception_handler.py:53: in wrapped_app
2026-09-10T03:32:00.4041509Z     raise exc
2026-09-10T03:32:00.4042111Z ../isolated-runtime/lib/python3.13/site-packages/starlette/_exception_handler.py:42: in wrapped_app
2026-09-10T03:32:00.4042303Z     await app(scope, receive, sender)
2026-09-10T03:32:00.4042769Z ../isolated-runtime/lib/python3.13/site-packages/fastapi/routing.py:101: in app
2026-09-10T03:32:00.4042934Z     response = await f(request)
2026-09-10T03:32:00.4043078Z                ^^^^^^^^^^^^^^^^
2026-09-10T03:32:00.4043503Z ../isolated-runtime/lib/python3.13/site-packages/fastapi/routing.py:355: in app
2026-09-10T03:32:00.4043717Z     raw_response = await run_endpoint_function(
2026-09-10T03:32:00.4044247Z ../isolated-runtime/lib/python3.13/site-packages/fastapi/routing.py:245: in run_endpoint_function
2026-09-10T03:32:00.4044513Z     return await run_in_threadpool(dependant.call, **values)
2026-09-10T03:32:00.4044720Z            ^^^^^^^^^^^^^^^^^^^^^^^^^^^^^^^^^^^^^^^^^^^^^^^^^
2026-09-10T03:32:00.4045246Z ../isolated-runtime/lib/python3.13/site-packages/starlette/concurrency.py:32: in run_in_threadpool
2026-09-10T03:32:00.4045598Z     return await anyio.to_thread.run_sync(func)
2026-09-10T03:32:00.4045777Z            ^^^^^^^^^^^^^^^^^^^^^^^^^^^^^^^^^^^^
2026-09-10T03:32:00.4046231Z ../isolated-runtime/lib/python3.13/site-packages/anyio/to_thread.py:63: in run_sync
2026-09-10T03:32:00.4046511Z     return await get_async_backend().run_sync_in_worker_thread(
2026-09-10T03:32:00.4047151Z ../isolated-runtime/lib/python3.13/site-packages/anyio/_backends/_asyncio.py:2518: in run_sync_in_worker_thread
2026-09-10T03:32:00.4047291Z     return await future
2026-09-10T03:32:00.4047416Z            ^^^^^^^^^^^^
2026-09-10T03:32:00.4047907Z ../isolated-runtime/lib/python3.13/site-packages/anyio/_backends/_asyncio.py:1002: in run
2026-09-10T03:32:00.4048099Z     result = context.run(func, *args)
2026-09-10T03:32:00.4048261Z              ^^^^^^^^^^^^^^^^^^^^^^^^
2026-09-10T03:32:00.4048572Z _ _ _ _ _ _ _ _ _ _ _ _ _ _ _ _ _ _ _ _ _ _ _ _ _ _ _ _ _ _ _ _ _ _ _ _ _ _ _ _ 
2026-09-10T03:32:00.4048780Z 
2026-09-10T03:32:00.4048969Z order_id = 'ord_ad65a56c94734fcd'
2026-09-10T03:32:00.4049215Z quote_id = 'cq_86c7b911dc25433e8b93e87b8a09f34f'
2026-09-10T03:32:00.4050668Z p = Principal(user_id='usr_f65c78a7a72e43e3b08cf5d92eb66628', username='native-depth30@example.test', actor_type='CONSUMER...a59988640a2a4bcba3c3439c8b793b87', permissions={'consumer:book', 'consumer:wallet', 'consumer:read', 'consumer:write'})
2026-09-10T03:32:00.4050692Z 
2026-09-10T03:32:00.4051043Z     @router.get('/v1/mobile/orders/{order_id}/cancellation-quotes/{quote_id}')
2026-09-10T03:32:00.4051502Z     def mobile_existing_cancel_quote(order_id:str,quote_id:str,p=Depends(consumer_principal)):
2026-09-10T03:32:00.4051920Z         """Read the exact displayed quote; never replace customer consent with a new quote."""
2026-09-10T03:32:00.4052097Z         assert_consumer_order(p,order_id)
2026-09-10T03:32:00.4052462Z         from go_hotel.services.catalog_cash_fare import checked_quote, quote_public
2026-09-10T03:32:00.4052669Z >       with SessionLocal() as s:
2026-09-10T03:32:00.4052792Z              ^^^^^^^^^^^^
2026-09-10T03:32:00.4053052Z E       NameError: name 'SessionLocal' is not defined
2026-09-10T03:32:00.4053063Z 
2026-09-10T03:32:00.4053304Z src/go_hotel/api/routes/mobile.py:96: NameError
2026-09-10T03:32:00.4053660Z ----------------------------- Captured stdout call -----------------------------
2026-09-10T03:32:00.4055445Z {"ts":"2026-09-10T03:31:58.502594+00:00","level":"INFO","logger":"go.runtime","message":"http_request","request_id":"req_c2c8174ba93e4ecba764427bddab41e0","trace_id":"tr_781226a87a9748e8b3bbf03c565cb7be","path":"/v1/consumer/auth/register","method":"POST","status_code":200,"duration_ms":166.88}
2026-09-10T03:32:00.4056517Z {"ts":"2026-09-10T03:31:58.503364+00:00","level":"INFO","logger":"httpx","message":"HTTP Request: POST http://testserver/v1/consumer/auth/register \"HTTP/1.1 200 OK\""}
2026-09-10T03:32:00.4058104Z {"ts":"2026-09-10T03:31:58.585979+00:00","level":"INFO","logger":"go.runtime","message":"http_request","request_id":"req_6d12f702199441f48397e70a9df4de8e","trace_id":"tr_8bfab7d92fbf4bd29efcbef4053d1b6b","path":"/v1/mobile/auth/login","method":"POST","status_code":200,"duration_ms":81.58}
2026-09-10T03:32:00.4058941Z {"ts":"2026-09-10T03:31:58.586575+00:00","level":"INFO","logger":"httpx","message":"HTTP Request: POST http://testserver/v1/mobile/auth/login \"HTTP/1.1 200 OK\""}
2026-09-10T03:32:00.4060487Z {"ts":"2026-09-10T03:31:58.650039+00:00","level":"INFO","logger":"go.runtime","message":"http_request","request_id":"req_ae25ae6832974555a8258c7dad8691ed","trace_id":"tr_3c88df21b0ee4afe9aa68d5f25c87ed1","path":"/v1/search/hotels","method":"POST","status_code":200,"duration_ms":15.68}
2026-09-10T03:32:00.4061319Z {"ts":"2026-09-10T03:31:58.650620+00:00","level":"INFO","logger":"httpx","message":"HTTP Request: POST http://testserver/v1/search/hotels \"HTTP/1.1 200 OK\""}
2026-09-10T03:32:00.4063006Z {"ts":"2026-09-10T03:31:58.660731+00:00","level":"INFO","logger":"go.runtime","message":"http_request","request_id":"req_c979b9a2f8a14d16b3d792d2b7dd944a","trace_id":"tr_603aead003e1475da5b4aa10b53efda2","path":"/v1/offers/off_e743b16931094063/prebook","method":"POST","status_code":200,"duration_ms":9.36}
2026-09-10T03:32:00.4063956Z {"ts":"2026-09-10T03:31:58.661238+00:00","level":"INFO","logger":"httpx","message":"HTTP Request: POST http://testserver/v1/offers/off_e743b16931094063/prebook \"HTTP/1.1 200 OK\""}
2026-09-10T03:32:00.4065665Z {"ts":"2026-09-10T03:31:58.666839+00:00","level":"INFO","logger":"go.runtime","message":"http_request","request_id":"req_99f1b9f8ca4a40cbb38264d8476a9ebc","trace_id":"tr_c41f47732d804be3aad4626b9436d66f","path":"/v1/flights/search","method":"POST","status_code":200,"duration_ms":4.87}
2026-09-10T03:32:00.4066466Z {"ts":"2026-09-10T03:31:58.667332+00:00","level":"INFO","logger":"httpx","message":"HTTP Request: POST http://testserver/v1/flights/search \"HTTP/1.1 200 OK\""}
2026-09-10T03:32:00.4068438Z {"ts":"2026-09-10T03:31:58.673594+00:00","level":"INFO","logger":"go.runtime","message":"http_request","request_id":"req_242f7cba7fb549ba8270384cb7ec9e0d","trace_id":"tr_31d31d1eea894b9382f19a1ebebc75f8","path":"/v1/flights/offers/flt_off_86bdc5cc15a74cd9/prebook","method":"POST","status_code":200,"duration_ms":5.48}
2026-09-10T03:32:00.4069497Z {"ts":"2026-09-10T03:31:58.674085+00:00","level":"INFO","logger":"httpx","message":"HTTP Request: POST http://testserver/v1/flights/offers/flt_off_86bdc5cc15a74cd9/prebook \"HTTP/1.1 200 OK\""}
2026-09-10T03:32:00.4071056Z {"ts":"2026-09-10T03:31:58.686965+00:00","level":"INFO","logger":"go.runtime","message":"http_request","request_id":"req_318dca25512b41c192a37d20014e090f","trace_id":"tr_bea3e48db3584d8b8bd022e14047a4e7","path":"/v1/rail/search","method":"POST","status_code":200,"duration_ms":12.14}
2026-09-10T03:32:00.4071862Z {"ts":"2026-09-10T03:31:58.687460+00:00","level":"INFO","logger":"httpx","message":"HTTP Request: POST http://testserver/v1/rail/search \"HTTP/1.1 200 OK\""}
2026-09-10T03:32:00.4073633Z {"ts":"2026-09-10T03:31:58.702043+00:00","level":"INFO","logger":"go.runtime","message":"http_request","request_id":"req_1bd7f8f560824ae69837c7fd47d93c06","trace_id":"tr_23e0627f66834d8c91642aa72117bc52","path":"/v1/rail/offers/rail_off_f30a2c63c47c451d/prebook","method":"POST","status_code":200,"duration_ms":13.85}
2026-09-10T03:32:00.4074630Z {"ts":"2026-09-10T03:31:58.702561+00:00","level":"INFO","logger":"httpx","message":"HTTP Request: POST http://testserver/v1/rail/offers/rail_off_f30a2c63c47c451d/prebook \"HTTP/1.1 200 OK\""}
2026-09-10T03:32:00.4076510Z {"ts":"2026-09-10T03:31:58.705478+00:00","level":"INFO","logger":"go.runtime","message":"http_request","request_id":"req_a4d17f62563a4d00a19fa3e18bfd444c","trace_id":"tr_82a072da50314284a314a5788a0b611a","path":"/v1/mobility/rides/search","method":"POST","status_code":200,"duration_ms":2.22}
2026-09-10T03:32:00.4077419Z {"ts":"2026-09-10T03:31:58.705956+00:00","level":"INFO","logger":"httpx","message":"HTTP Request: POST http://testserver/v1/mobility/rides/search \"HTTP/1.1 200 OK\""}
2026-09-10T03:32:00.4079028Z {"ts":"2026-09-10T03:31:58.708464+00:00","level":"INFO","logger":"go.runtime","message":"http_request","request_id":"req_69da4a071bb948f1a492ab9c46135b9e","trace_id":"tr_6066c792fc494c00847996181de031fc","path":"/v1/mobility/rentals/search","method":"POST","status_code":200,"duration_ms":1.8}
2026-09-10T03:32:00.4079919Z {"ts":"2026-09-10T03:31:58.708936+00:00","level":"INFO","logger":"httpx","message":"HTTP Request: POST http://testserver/v1/mobility/rentals/search \"HTTP/1.1 200 OK\""}
2026-09-10T03:32:00.4081508Z {"ts":"2026-09-10T03:31:58.722673+00:00","level":"INFO","logger":"go.runtime","message":"http_request","request_id":"req_ff7f9e3f039f4aaf8d45fd1d86b4a8d9","trace_id":"tr_be94029f9c10405981d049f859eb9398","path":"/v1/attractions/search","method":"POST","status_code":200,"duration_ms":13.05}
2026-09-10T03:32:00.4082347Z {"ts":"2026-09-10T03:31:58.723163+00:00","level":"INFO","logger":"httpx","message":"HTTP Request: POST http://testserver/v1/attractions/search \"HTTP/1.1 200 OK\""}
2026-09-10T03:32:00.4083940Z {"ts":"2026-09-10T03:31:58.732652+00:00","level":"INFO","logger":"go.runtime","message":"http_request","request_id":"req_04a10821a86c4a919932f6d880480011","trace_id":"tr_b9687fdff2a841a98226747793fde59e","path":"/v1/attractions/prebook","method":"POST","status_code":200,"duration_ms":8.78}
2026-09-10T03:32:00.4084783Z {"ts":"2026-09-10T03:31:58.733141+00:00","level":"INFO","logger":"httpx","message":"HTTP Request: POST http://testserver/v1/attractions/prebook \"HTTP/1.1 200 OK\""}
2026-09-10T03:32:00.4086485Z {"ts":"2026-09-10T03:31:58.885496+00:00","level":"INFO","logger":"go.runtime","message":"http_request","request_id":"req_f46664379b434af9957de68391e29102","trace_id":"tr_b4cb6a63cb6a4259bb37a0c7658aff69","path":"/v1/consumer/orders","method":"POST","status_code":200,"duration_ms":51.7}
2026-09-10T03:32:00.4087332Z {"ts":"2026-09-10T03:31:58.886233+00:00","level":"INFO","logger":"httpx","message":"HTTP Request: POST http://testserver/v1/consumer/orders \"HTTP/1.1 200 OK\""}
2026-09-10T03:32:00.4089093Z {"ts":"2026-09-10T03:31:59.034070+00:00","level":"INFO","logger":"go.runtime","message":"http_request","request_id":"req_7aaefa29967a44a8a16b2adb807b72ae","trace_id":"tr_e74f3877c2504536883aa966f076bbbe","path":"/v1/consumer/orders","method":"POST","status_code":200,"duration_ms":12.73}
2026-09-10T03:32:00.4089943Z {"ts":"2026-09-10T03:31:59.034755+00:00","level":"INFO","logger":"httpx","message":"HTTP Request: POST http://testserver/v1/consumer/orders \"HTTP/1.1 200 OK\""}
2026-09-10T03:32:00.4091680Z {"ts":"2026-09-10T03:31:59.200251+00:00","level":"INFO","logger":"go.runtime","message":"http_request","request_id":"req_61ee3442c7c7435e964e9f05b0b0d1de","trace_id":"tr_8cb21b3d9fc94cdcb88cdb433dcdc34c","path":"/v1/consumer/orders/ord_ad65a56c94734fcd/detail","method":"GET","status_code":200,"duration_ms":44.08}
2026-09-10T03:32:00.4092669Z {"ts":"2026-09-10T03:31:59.201030+00:00","level":"INFO","logger":"httpx","message":"HTTP Request: GET http://testserver/v1/consumer/orders/ord_ad65a56c94734fcd/detail \"HTTP/1.1 200 OK\""}
2026-09-10T03:32:00.4094378Z {"ts":"2026-09-10T03:31:59.227825+00:00","level":"INFO","logger":"go.runtime","message":"http_request","request_id":"req_080c772973894d8996e980566907ca90","trace_id":"tr_0a065bb57aa843ab8b30e8e154aa61c1","path":"/v1/consumer/orders/ord_ad65a56c94734fcd/detail","method":"GET","status_code":200,"duration_ms":12.26}
2026-09-10T03:32:00.4095506Z {"ts":"2026-09-10T03:31:59.228465+00:00","level":"INFO","logger":"httpx","message":"HTTP Request: GET http://testserver/v1/consumer/orders/ord_ad65a56c94734fcd/detail \"HTTP/1.1 200 OK\""}
2026-09-10T03:32:00.4097381Z {"ts":"2026-09-10T03:31:59.245799+00:00","level":"INFO","logger":"go.runtime","message":"http_request","request_id":"req_28b5c4fb71784ed4bc2825d81a95f44b","trace_id":"tr_9bf549e44f034b1089d65e2726d10343","path":"/v1/consumer/checkout-capabilities","method":"GET","status_code":200,"duration_ms":4.98}
2026-09-10T03:32:00.4098295Z {"ts":"2026-09-10T03:31:59.246406+00:00","level":"INFO","logger":"httpx","message":"HTTP Request: GET http://testserver/v1/consumer/checkout-capabilities \"HTTP/1.1 200 OK\""}
2026-09-10T03:32:00.4100067Z {"ts":"2026-09-10T03:31:59.316674+00:00","level":"INFO","logger":"go.runtime","message":"http_request","request_id":"req_cbc0b82c42024376843105e212dc7401","trace_id":"tr_2d21bde007b14de5a3e8ae99cffb3a79","path":"/v1/consumer/checkout/HOTEL/ord_ad65a56c94734fcd","method":"POST","status_code":200,"duration_ms":68.62}
2026-09-10T03:32:00.4101052Z {"ts":"2026-09-10T03:31:59.317444+00:00","level":"INFO","logger":"httpx","message":"HTTP Request: POST http://testserver/v1/consumer/checkout/HOTEL/ord_ad65a56c94734fcd \"HTTP/1.1 200 OK\""}
2026-09-10T03:32:00.4102750Z {"ts":"2026-09-10T03:31:59.330898+00:00","level":"INFO","logger":"go.runtime","message":"http_request","request_id":"req_bdbbdb132df24f2880b4c745cc2ef287","trace_id":"tr_ddcf141045d14322b69854410c34ec45","path":"/v1/consumer/orders/ord_ad65a56c94734fcd/detail","method":"GET","status_code":200,"duration_ms":11.82}
2026-09-10T03:32:00.4103716Z {"ts":"2026-09-10T03:31:59.331419+00:00","level":"INFO","logger":"httpx","message":"HTTP Request: GET http://testserver/v1/consumer/orders/ord_ad65a56c94734fcd/detail \"HTTP/1.1 200 OK\""}
2026-09-10T03:32:00.4105588Z {"ts":"2026-09-10T03:31:59.544638+00:00","level":"INFO","logger":"go.runtime","message":"http_request","request_id":"req_4d2066aa290940e798e3c75a11560869","trace_id":"tr_3191c9e8e9f04205a81163bfbb0afa7b","path":"/v1/consumer/orders/ord_ad65a56c94734fcd/detail","method":"GET","status_code":200,"duration_ms":39.52}
2026-09-10T03:32:00.4106551Z {"ts":"2026-09-10T03:31:59.545836+00:00","level":"INFO","logger":"httpx","message":"HTTP Request: GET http://testserver/v1/consumer/orders/ord_ad65a56c94734fcd/detail \"HTTP/1.1 200 OK\""}
2026-09-10T03:32:00.4108316Z {"ts":"2026-09-10T03:31:59.663788+00:00","level":"INFO","logger":"go.runtime","message":"http_request","request_id":"req_a8b55aa552754784a9dacafa711bb194","trace_id":"tr_80143b4eb5514ec0872322c2c10cbb5e","path":"/v1/mobile/orders/ord_ad65a56c94734fcd/cancellation-quote","method":"POST","status_code":200,"duration_ms":90.62}
2026-09-10T03:32:00.4109565Z {"ts":"2026-09-10T03:31:59.664471+00:00","level":"INFO","logger":"httpx","message":"HTTP Request: POST http://testserver/v1/mobile/orders/ord_ad65a56c94734fcd/cancellation-quote \"HTTP/1.1 200 OK\""}
2026-09-10T03:32:00.4111246Z {"ts":"2026-09-10T03:31:59.684894+00:00","level":"INFO","logger":"go.runtime","message":"http_request","request_id":"req_f7abf5240e054cd4afbf48941b057ae3","trace_id":"tr_a5d68d3c2b324fc993bd21f7b9e7bab5","path":"/v1/consumer/orders/ord_ad65a56c94734fcd/detail","method":"GET","status_code":200,"duration_ms":14.78}
2026-09-10T03:32:00.4112189Z {"ts":"2026-09-10T03:31:59.685391+00:00","level":"INFO","logger":"httpx","message":"HTTP Request: GET http://testserver/v1/consumer/orders/ord_ad65a56c94734fcd/detail \"HTTP/1.1 200 OK\""}
2026-09-10T03:32:00.4198915Z {"ts":"2026-09-10T03:31:59.707924+00:00","level":"ERROR","logger":"go.runtime","message":"request_failed","trace_id":"tr_3b7ceee087a04841bcad9192c9a3edf6","path":"/v1/mobile/orders/ord_ad65a56c94734fcd/cancellation-quotes/cq_86c7b911dc25433e8b93e87b8a09f34f","method":"GET","duration_ms":14.71,"exception":"  + Exception Group Traceback (most recent call last):\n  |   File \"/home/runner/work/GO/GO/isolated-runtime/lib/python3.13/site-packages/starlette/_utils.py\", line 79, in collapse_excgroups\n  |     yield\n  |   File \"/home/runner/work/GO/GO/isolated-runtime/lib/python3.13/site-packages/starlette/middleware/base.py\", line 192, in __call__\n  |     async with anyio.create_task_group() as task_group:\n  |                ~~~~~~~~~~~~~~~~~~~~~~~^^\n  |   File \"/home/runner/work/GO/GO/isolated-runtime/lib/python3.13/site-packages/anyio/_backends/_asyncio.py\", line 799, in __aexit__\n  |     raise BaseExceptionGroup(\n  |         \"unhandled errors in a TaskGroup\", self._exceptions\n  |     ) from None\n  | ExceptionGroup: unhandled errors in a TaskGroup (1 sub-exception)\n  +-+---------------- 1 ----------------\n    | Traceback (most recent call last):\n    |   File \"/home/runner/work/GO/GO/restored/src/go_hotel/main.py\", line 282, in dispatch\n    |     response=await call_next(request)\n    |              ^^^^^^^^^^^^^^^^^^^^^^^^\n    |   File \"/home/runner/work/GO/GO/isolated-runtime/lib/python3.13/site-packages/starlette/middleware/base.py\", line 168, in call_next\n    |     raise app_exc from app_exc.__cause__ or app_exc.__context__\n    |   File \"/home/runner/work/GO/GO/isolated-runtime/lib/python3.13/site-packages/starlette/middleware/base.py\", line 144, in coro\n    |     await self.app(scope, receive_or_disconnect, send_no_error)\n    |   File \"/home/runner/work/GO/GO/isolated-runtime/lib/python3.13/site-packages/starlette/middleware/base.py\", line 191, in __call__\n    |     with recv_stream, send_stream, collapse_excgroups():\n    |                                    ~~~~~~~~~~~~~~~~~~^^\n    |   File \"/opt/hostedtoolcache/Python/3.13.5/x64/lib/python3.13/contextlib.py\", line 162, in __exit__\n    |     self.gen.throw(value)\n    |     ~~~~~~~~~~~~~~^^^^^^^\n    |   File \"/home/runner/work/GO/GO/isolated-runtime/lib/python3.13/site-packages/starlette/_utils.py\", line 85, in collapse_excgroups\n    |     raise exc\n    |   File \"/home/runner/work/GO/GO/isolated-runtime/lib/python3.13/site-packages/starlette/middleware/base.py\", line 193, in __call__\n    |     response = await self.dispatch_func(request, call_next)\n    |                ^^^^^^^^^^^^^^^^^^^^^^^^^^^^^^^^^^^^^^^^^^^^\n    |   File \"/home/runner/work/GO/GO/restored/src/go_hotel/main.py\", line 253, in dispatch\n    |     response=await call_next(request)\n    |              ^^^^^^^^^^^^^^^^^^^^^^^^\n    |   File \"/home/runner/work/GO/GO/isolated-runtime/lib/python3.13/site-packages/starlette/middleware/base.py\", line 168, in call_next\n    |     raise app_exc from app_exc.__cause__ or app_exc.__context__\n    |   File \"/home/runner/work/GO/GO/isolated-runtime/lib/python3.13/site-packages/starlette/middleware/base.py\", line 144, in coro\n    |     await self.app(scope, receive_or_disconnect, send_no_error)\n    |   File \"/home/runner/work/GO/GO/isolated-runtime/lib/python3.13/site-packages/starlette/middleware/base.py\", line 191, in __call__\n    |     with recv_stream, send_stream, collapse_excgroups():\n    |                                    ~~~~~~~~~~~~~~~~~~^^\n    |   File \"/opt/hostedtoolcache/Python/3.13.5/x64/lib/python3.13/contextlib.py\", line 162, in __exit__\n    |     self.gen.throw(value)\n    |     ~~~~~~~~~~~~~~^^^^^^^\n    |   File \"/home/runner/work/GO/GO/isolated-runtime/lib/python3.13/site-packages/starlette/_utils.py\", line 85, in collapse_excgroups\n    |     raise exc\n    |   File \"/home/runner/work/GO/GO/isolated-runtime/lib/python3.13/site-packages/starlette/middleware/base.py\", line 193, in __call__\n    |     response = await self.dispatch_func(request, call_next)\n    |                ^^^^^^^^^^^^^^^^^^^^^^^^^^^^^^^^^^^^^^^^^^^^\n    |   File \"/home/runner/work/GO/GO/restored/src/go_hotel/main.py\", line 207, in dispatch\n    |     response=await call_next(request)\n    |              ^^^^^^^^^^^^^^^^^^^^^^^^\n    |   File \"/home/runner/work/GO/GO/isolated-runtime/lib/python3.13/site-packages/starlette/middleware/base.py\", line 168, in call_next\n    |     raise app_exc from app_exc.__cause__ or app_exc.__context__\n    |   File \"/home/runner/work/GO/GO/isolated-runtime/lib/python3.13/site-packages/starlette/middleware/base.py\", line 144, in coro\n    |     await self.app(scope, receive_or_disconnect, send_no_error)\n    |   File \"/home/runner/work/GO/GO/isolated-runtime/lib/python3.13/site-packages/starlette/middleware/exceptions.py\", line 63, in __call__\n    |     await wrap_app_handling_exceptions(self.app, conn)(scope, receive, send)\n    |   File \"/home/runner/work/GO/GO/isolated-runtime/lib/python3.13/site-packages/starlette/_exception_handler.py\", line 53, in wrapped_app\n    |     raise exc\n    |   File \"/home/runner/work/GO/GO/isolated-runtime/lib/python3.13/site-packages/starlette/_exception_handler.py\", line 42, in wrapped_app\n    |     await app(scope, receive, sender)\n    |   File \"/home/runner/work/GO/GO/isolated-runtime/lib/python3.13/site-packages/fastapi/middleware/asyncexitstack.py\", line 18, in __call__\n    |     await self.app(scope, receive, send)\n    |   File \"/home/runner/work/GO/GO/isolated-runtime/lib/python3.13/site-packages/starlette/routing.py\", line 716, in __call__\n    |     await self.middleware_stack(scope, receive, send)\n    |   File \"/home/runner/work/GO/GO/isolated-runtime/lib/python3.13/site-packages/starlette/routing.py\", line 736, in app\n    |     await route.handle(scope, receive, send)\n    |   File \"/home/runner/work/GO/GO/isolated-runtime/lib/python3.13/site-packages/starlette/routing.py\", line 290, in handle\n    |     await self.app(scope, receive, send)\n    |   File \"/home/runner/work/GO/GO/isolated-runtime/lib/python3.13/site-packages/fastapi/routing.py\", line 115, in app\n    |     await wrap_app_handling_exceptions(app, request)(scope, receive, send)\n    |   File \"/home/runner/work/GO/GO/isolated-runtime/lib/python3.13/site-packages/starlette/_exception_handler.py\", line 53, in wrapped_app\n    |     raise exc\n    |   File \"/home/runner/work/GO/GO/isolated-runtime/lib/python3.13/site-packages/starlette/_exception_handler.py\", line 42, in wrapped_app\n    |     await app(scope, receive, sender)\n    |   File \"/home/runner/work/GO/GO/isolated-runtime/lib/python3.13/site-packages/fastapi/routing.py\", line 101, in app\n    |     response = await f(request)\n    |                ^^^^^^^^^^^^^^^^\n    |   File \"/home/runner/work/GO/GO/isolated-runtime/lib/python3.13/site-packages/fastapi/routing.py\", line 355, in app\n    |     raw_response = await run_endpoint_function(\n    |                    ^^^^^^^^^^^^^^^^^^^^^^^^^^^^\n    |     ...<3 lines>...\n    |     )\n    |     ^\n    |   File \"/home/runner/work/GO/GO/isolated-runtime/lib/python3.13/site-packages/fastapi/routing.py\", line 245, in run_endpoint_function\n    |     return await run_in_threadpool(dependant.call, **values)\n    |            ^^^^^^^^^^^^^^^^^^^^^^^^^^^^^^^^^^^^^^^^^^^^^^^^^\n    |   File \"/home/runner/work/GO/GO/isolated-runtime/lib/python3.13/site-packages/starlette/concurrency.py\", line 32, in run_in_threadpool\n    |     return await anyio.to_thread.run_sync(func)\n    |            ^^^^^^^^^^^^^^^^^^^^^^^^^^^^^^^^^^^^\n    |   File \"/home/runner/work/GO/GO/isolated-runtime/lib/python3.13/site-packages/anyio/to_thread.py\", line 63, in run_sync\n    |     return await get_async_backend().run_sync_in_worker_thread(\n    |            ^^^^^^^^^^^^^^^^^^^^^^^^^^^^^^^^^^^^^^^^^^^^^^^^^^^^\n    |         func, args, abandon_on_cancel=abandon_on_cancel, limiter=limiter\n    |         ^^^^^^^^^^^^^^^^^^^^^^^^^^^^^^^^^^^^^^^^^^^^^^^^^^^^^^^^^^^^^^^^\n    |     )\n    |     ^\n    |   File \"/home/runner/work/GO/GO/isolated-runtime/lib/python3.13/site-packages/anyio/_backends/_asyncio.py\", line 2518, in run_sync_in_worker_thread\n    |     return await future\n    |            ^^^^^^^^^^^^\n    |   File \"/home/runner/work/GO/GO/isolated-runtime/lib/python3.13/site-packages/anyio/_backends/_asyncio.py\", line 1002, in run\n    |     result = context.run(func, *args)\n    |   File \"/home/runner/work/GO/GO/restored/src/go_hotel/api/routes/mobile.py\", line 96, in mobile_existing_cancel_quote\n    |     with SessionLocal() as s:\n    |          ^^^^^^^^^^^^\n    | NameError: name 'SessionLocal' is not defined\n    +------------------------------------\n\nThe above exception was the direct cause of the following exception:\n\nTraceback (most recent call last):\n  File \"/home/runner/work/GO/GO/restored/src/go_hotel/main.py\", line 282, in dispatch\n    response=await call_next(request)\n             ^^^^^^^^^^^^^^^^^^^^^^^^\n  File \"/home/runner/work/GO/GO/isolated-runtime/lib/python3.13/site-packages/starlette/middleware/base.py\", line 168, in call_next\n    raise app_exc from app_exc.__cause__ or app_exc.__context__\n  File \"/home/runner/work/GO/GO/isolated-runtime/lib/python3.13/site-packages/starlette/middleware/base.py\", line 144, in coro\n    await self.app(scope, receive_or_disconnect, send_no_error)\n  File \"/home/runner/work/GO/GO/isolated-runtime/lib/python3.13/site-packages/starlette/middleware/base.py\", line 191, in __call__\n    with recv_stream, send_stream, collapse_excgroups():\n                                   ~~~~~~~~~~~~~~~~~~^^\n  File \"/opt/hostedtoolcache/Python/3.13.5/x64/lib/python3.13/contextlib.py\", line 162, in __exit__\n    self.gen.throw(value)\n    ~~~~~~~~~~~~~~^^^^^^^\n  File \"/home/runner/work/GO/GO/isolated-runtime/lib/python3.13/site-packages/starlette/_utils.py\", line 85, in collapse_excgroups\n    raise exc\n  File \"/home/runner/work/GO/GO/isolated-runtime/lib/python3.13/site-packages/starlette/middleware/base.py\", line 193, in __call__\n    response = await self.dispatch_func(request, call_next)\n               ^^^^^^^^^^^^^^^^^^^^^^^^^^^^^^^^^^^^^^^^^^^^\n  File \"/home/runner/work/GO/GO/restored/src/go_hotel/main.py\", line 253, in dispatch\n    response=await call_next(request)\n             ^^^^^^^^^^^^^^^^^^^^^^^^\n  File \"/home/runner/work/GO/GO/isolated-runtime/lib/python3.13/site-packages/starlette/middleware/base.py\", line 168, in call_next\n    raise app_exc from app_exc.__cause__ or app_exc.__context__\n  File \"/home/runner/work/GO/GO/isolated-runtime/lib/python3.13/site-packages/starlette/middleware/base.py\", line 144, in coro\n    await self.app(scope, receive_or_disconnect, send_no_error)\n  File \"/home/runner/work/GO/GO/isolated-runtime/lib/python3.13/site-packages/starlette/middleware/base.py\", line 191, in __call__\n    with recv_stream, send_stream, collapse_excgroups():\n                                   ~~~~~~~~~~~~~~~~~~^^\n  File \"/opt/hostedtoolcache/Python/3.13.5/x64/lib/python3.13/contextlib.py\", line 162, in __exit__\n    self.gen.throw(value)\n    ~~~~~~~~~~~~~~^^^^^^^\n  File \"/home/runner/work/GO/GO/isolated-runtime/lib/python3.13/site-packages/starlette/_utils.py\", line 85, in collapse_excgroups\n    raise exc\n  File \"/home/runner/work/GO/GO/isolated-runtime/lib/python3.13/site-packages/starlette/middleware/base.py\", line 193, in __call__\n    response = await self.dispatch_func(request, call_next)\n               ^^^^^^^^^^^^^^^^^^^^^^^^^^^^^^^^^^^^^^^^^^^^\n  File \"/home/runner/work/GO/GO/restored/src/go_hotel/main.py\", line 207, in dispatch\n    response=await call_next(request)\n             ^^^^^^^^^^^^^^^^^^^^^^^^\n  File \"/home/runner/work/GO/GO/isolated-runtime/lib/python3.13/site-packages/starlette/middleware/base.py\", line 168, in call_next\n    raise app_exc from app_exc.__cause__ or app_exc.__context__\n  File \"/home/runner/work/GO/GO/isolated-runtime/lib/python3.13/site-packages/starlette/middleware/base.py\", line 144, in coro\n    await self.app(scope, receive_or_disconnect, send_no_error)\n  File \"/home/runner/work/GO/GO/isolated-runtime/lib/python3.13/site-packages/starlette/middleware/exceptions.py\", line 63, in __call__\n    await wrap_app_handling_exceptions(self.app, conn)(scope, receive, send)\n  File \"/home/runner/work/GO/GO/isolated-runtime/lib/python3.13/site-packages/starlette/_exception_handler.py\", line 53, in wrapped_app\n    raise exc\n  File \"/home/runner/work/GO/GO/isolated-runtime/lib/python3.13/site-packages/starlette/_exception_handler.py\", line 42, in wrapped_app\n    await app(scope, receive, sender)\n  File \"/home/runner/work/GO/GO/isolated-runtime/lib/python3.13/site-packages/fastapi/middleware/asyncexitstack.py\", line 18, in __call__\n    await self.app(scope, receive, send)\n  File \"/home/runner/work/GO/GO/isolated-runtime/lib/python3.13/site-packages/starlette/routing.py\", line 716, in __call__\n    await self.middleware_stack(scope, receive, send)\n  File \"/home/runner/work/GO/GO/isolated-runtime/lib/python3.13/site-packages/starlette/routing.py\", line 736, in app\n    await route.handle(scope, receive, send)\n  File \"/home/runner/work/GO/GO/isolated-runtime/lib/python3.13/site-packages/starlette/routing.py\", line 290, in handle\n    await self.app(scope, receive, send)\n  File \"/home/runner/work/GO/GO/isolated-runtime/lib/python3.13/site-packages/fastapi/routing.py\", line 115, in app\n    await wrap_app_handling_exceptions(app, request)(scope, receive, send)\n  File \"/home/runner/work/GO/GO/isolated-runtime/lib/python3.13/site-packages/starlette/_exception_handler.py\", line 53, in wrapped_app\n    raise exc\n  File \"/home/runner/work/GO/GO/isolated-runtime/lib/python3.13/site-packages/starlette/_exception_handler.py\", line 42, in wrapped_app\n    await app(scope, receive, sender)\n  File \"/home/runner/work/GO/GO/isolated-runtime/lib/python3.13/site-packages/fastapi/routing.py\", line 101, in app\n    response = await f(request)\n               ^^^^^^^^^^^^^^^^\n  File \"/home/runner/work/GO/GO/isolated-runtime/lib/python3.13/site-packages/fastapi/routing.py\", line 355, in app\n    raw_response = await run_endpoint_function(\n                   ^^^^^^^^^^^^^^^^^^^^^^^^^^^^\n    ...<3 lines>...\n    )\n    ^\n  File \"/home/runner/work/GO/GO/isolated-runtime/lib/python3.13/site-packages/fastapi/routing.py\", line 245, in run_endpoint_function\n    return await run_in_threadpool(dependant.call, **values)\n           ^^^^^^^^^^^^^^^^^^^^^^^^^^^^^^^^^^^^^^^^^^^^^^^^^\n  File \"/home/runner/work/GO/GO/isolated-runtime/lib/python3.13/site-packages/starlette/concurrency.py\", line 32, in run_in_threadpool\n    return await anyio.to_thread.run_sync(func)\n           ^^^^^^^^^^^^^^^^^^^^^^^^^^^^^^^^^^^^\n  File \"/home/runner/work/GO/GO/isolated-runtime/lib/python3.13/site-packages/anyio/to_thread.py\", line 63, in run_sync\n    return await get_async_backend().run_sync_in_worker_thread(\n           ^^^^^^^^^^^^^^^^^^^^^^^^^^^^^^^^^^^^^^^^^^^^^^^^^^^^\n        func, args, abandon_on_cancel=abandon_on_cancel, limiter=limiter\n        ^^^^^^^^^^^^^^^^^^^^^^^^^^^^^^^^^^^^^^^^^^^^^^^^^^^^^^^^^^^^^^^^\n    )\n    ^\n  File \"/home/runner/work/GO/GO/isolated-runtime/lib/python3.13/site-packages/anyio/_backends/_asyncio.py\", line 2518, in run_sync_in_worker_thread\n    return await future\n           ^^^^^^^^^^^^\n  File \"/home/runner/work/GO/GO/isolated-runtime/lib/python3.13/site-packages/anyio/_backends/_asyncio.py\", line 1002, in run\n    result = context.run(func, *args)\n  File \"/home/runner/work/GO/GO/restored/src/go_hotel/api/routes/mobile.py\", line 96, in mobile_existing_cancel_quote\n    with SessionLocal() as s:\n         ^^^^^^^^^^^^\nNameError: name 'SessionLocal' is not defined"}
2026-09-10T03:32:00.4200014Z ------------------------------ Captured log call -------------------------------
2026-09-10T03:32:00.4200257Z INFO     go.runtime:main.py:293 http_request
2026-09-10T03:32:00.4200908Z INFO     httpx:_client.py:1025 HTTP Request: POST http://testserver/v1/consumer/auth/register "HTTP/1.1 200 OK"
2026-09-10T03:32:00.4201142Z INFO     go.runtime:main.py:293 http_request
2026-09-10T03:32:00.4201719Z INFO     httpx:_client.py:1025 HTTP Request: POST http://testserver/v1/mobile/auth/login "HTTP/1.1 200 OK"
2026-09-10T03:32:00.4201957Z INFO     go.runtime:main.py:293 http_request
2026-09-10T03:32:00.4202509Z INFO     httpx:_client.py:1025 HTTP Request: POST http://testserver/v1/search/hotels "HTTP/1.1 200 OK"
2026-09-10T03:32:00.4202733Z INFO     go.runtime:main.py:293 http_request
2026-09-10T03:32:00.4203431Z INFO     httpx:_client.py:1025 HTTP Request: POST http://testserver/v1/offers/off_e743b16931094063/prebook "HTTP/1.1 200 OK"
2026-09-10T03:32:00.4203665Z INFO     go.runtime:main.py:293 http_request
2026-09-10T03:32:00.4204225Z INFO     httpx:_client.py:1025 HTTP Request: POST http://testserver/v1/flights/search "HTTP/1.1 200 OK"
2026-09-10T03:32:00.4204579Z INFO     go.runtime:main.py:293 http_request
2026-09-10T03:32:00.4205514Z INFO     httpx:_client.py:1025 HTTP Request: POST http://testserver/v1/flights/offers/flt_off_86bdc5cc15a74cd9/prebook "HTTP/1.1 200 OK"
2026-09-10T03:32:00.4205740Z INFO     go.runtime:main.py:293 http_request
2026-09-10T03:32:00.4206286Z INFO     httpx:_client.py:1025 HTTP Request: POST http://testserver/v1/rail/search "HTTP/1.1 200 OK"
2026-09-10T03:32:00.4206509Z INFO     go.runtime:main.py:293 http_request
2026-09-10T03:32:00.4207267Z INFO     httpx:_client.py:1025 HTTP Request: POST http://testserver/v1/rail/offers/rail_off_f30a2c63c47c451d/prebook "HTTP/1.1 200 OK"
2026-09-10T03:32:00.4207500Z INFO     go.runtime:main.py:293 http_request
2026-09-10T03:32:00.4208105Z INFO     httpx:_client.py:1025 HTTP Request: POST http://testserver/v1/mobility/rides/search "HTTP/1.1 200 OK"
2026-09-10T03:32:00.4208342Z INFO     go.runtime:main.py:293 http_request
2026-09-10T03:32:00.4208971Z INFO     httpx:_client.py:1025 HTTP Request: POST http://testserver/v1/mobility/rentals/search "HTTP/1.1 200 OK"
2026-09-10T03:32:00.4209193Z INFO     go.runtime:main.py:293 http_request
2026-09-10T03:32:00.4209791Z INFO     httpx:_client.py:1025 HTTP Request: POST http://testserver/v1/attractions/search "HTTP/1.1 200 OK"
2026-09-10T03:32:00.4210022Z INFO     go.runtime:main.py:293 http_request
2026-09-10T03:32:00.4210605Z INFO     httpx:_client.py:1025 HTTP Request: POST http://testserver/v1/attractions/prebook "HTTP/1.1 200 OK"
2026-09-10T03:32:00.4210842Z INFO     go.runtime:main.py:293 http_request
2026-09-10T03:32:00.4211410Z INFO     httpx:_client.py:1025 HTTP Request: POST http://testserver/v1/consumer/orders "HTTP/1.1 200 OK"
2026-09-10T03:32:00.4211635Z INFO     go.runtime:main.py:293 http_request
2026-09-10T03:32:00.4212200Z INFO     httpx:_client.py:1025 HTTP Request: POST http://testserver/v1/consumer/orders "HTTP/1.1 200 OK"
2026-09-10T03:32:00.4212441Z INFO     go.runtime:main.py:293 http_request
2026-09-10T03:32:00.4213197Z INFO     httpx:_client.py:1025 HTTP Request: GET http://testserver/v1/consumer/orders/ord_ad65a56c94734fcd/detail "HTTP/1.1 200 OK"
2026-09-10T03:32:00.4213441Z INFO     go.runtime:main.py:293 http_request
2026-09-10T03:32:00.4214184Z INFO     httpx:_client.py:1025 HTTP Request: GET http://testserver/v1/consumer/orders/ord_ad65a56c94734fcd/detail "HTTP/1.1 200 OK"
2026-09-10T03:32:00.4214608Z INFO     go.runtime:main.py:293 http_request
2026-09-10T03:32:00.4215453Z INFO     httpx:_client.py:1025 HTTP Request: GET http://testserver/v1/consumer/checkout-capabilities "HTTP/1.1 200 OK"
2026-09-10T03:32:00.4215691Z INFO     go.runtime:main.py:293 http_request
2026-09-10T03:32:00.4216411Z INFO     httpx:_client.py:1025 HTTP Request: POST http://testserver/v1/consumer/checkout/HOTEL/ord_ad65a56c94734fcd "HTTP/1.1 200 OK"
2026-09-10T03:32:00.4216635Z INFO     go.runtime:main.py:293 http_request
2026-09-10T03:32:00.4217305Z INFO     httpx:_client.py:1025 HTTP Request: GET http://testserver/v1/consumer/orders/ord_ad65a56c94734fcd/detail "HTTP/1.1 200 OK"
2026-09-10T03:32:00.4217524Z INFO     go.runtime:main.py:293 http_request
2026-09-10T03:32:00.4218197Z INFO     httpx:_client.py:1025 HTTP Request: GET http://testserver/v1/consumer/orders/ord_ad65a56c94734fcd/detail "HTTP/1.1 200 OK"
2026-09-10T03:32:00.4218425Z INFO     go.runtime:main.py:293 http_request
2026-09-10T03:32:00.4219182Z INFO     httpx:_client.py:1025 HTTP Request: POST http://testserver/v1/mobile/orders/ord_ad65a56c94734fcd/cancellation-quote "HTTP/1.1 200 OK"
2026-09-10T03:32:00.4219407Z INFO     go.runtime:main.py:293 http_request
2026-09-10T03:32:00.4220082Z INFO     httpx:_client.py:1025 HTTP Request: GET http://testserver/v1/consumer/orders/ord_ad65a56c94734fcd/detail "HTTP/1.1 200 OK"
2026-09-10T03:32:00.4220316Z ERROR    go.runtime:main.py:285 request_failed
2026-09-10T03:32:00.4220564Z   + Exception Group Traceback (most recent call last):
2026-09-10T03:32:00.4221404Z   |   File "/home/runner/work/GO/GO/isolated-runtime/lib/python3.13/site-packages/starlette/_utils.py", line 79, in collapse_excgroups
2026-09-10T03:32:00.4221530Z   |     yield
2026-09-10T03:32:00.4222166Z   |   File "/home/runner/work/GO/GO/isolated-runtime/lib/python3.13/site-packages/starlette/middleware/base.py", line 192, in __call__
2026-09-10T03:32:00.4222424Z   |     async with anyio.create_task_group() as task_group:
2026-09-10T03:32:00.4222589Z   |                ~~~~~~~~~~~~~~~~~~~~~~~^^
2026-09-10T03:32:00.4223246Z   |   File "/home/runner/work/GO/GO/isolated-runtime/lib/python3.13/site-packages/anyio/_backends/_asyncio.py", line 799, in __aexit__
2026-09-10T03:32:00.4223430Z   |     raise BaseExceptionGroup(
2026-09-10T03:32:00.4223682Z   |         "unhandled errors in a TaskGroup", self._exceptions
2026-09-10T03:32:00.4223808Z   |     ) from None
2026-09-10T03:32:00.4224127Z   | ExceptionGroup: unhandled errors in a TaskGroup (1 sub-exception)
2026-09-10T03:32:00.4224293Z   +-+---------------- 1 ----------------
2026-09-10T03:32:00.4224479Z     | Traceback (most recent call last):
2026-09-10T03:32:00.4224909Z     |   File "/home/runner/work/GO/GO/restored/src/go_hotel/main.py", line 282, in dispatch
2026-09-10T03:32:00.4225105Z     |     response=await call_next(request)
2026-09-10T03:32:00.4225269Z     |              ^^^^^^^^^^^^^^^^^^^^^^^^
2026-09-10T03:32:00.4226095Z     |   File "/home/runner/work/GO/GO/isolated-runtime/lib/python3.13/site-packages/starlette/middleware/base.py", line 168, in call_next
2026-09-10T03:32:00.4226368Z     |     raise app_exc from app_exc.__cause__ or app_exc.__context__
2026-09-10T03:32:00.4226976Z     |   File "/home/runner/work/GO/GO/isolated-runtime/lib/python3.13/site-packages/starlette/middleware/base.py", line 144, in coro
2026-09-10T03:32:00.4227249Z     |     await self.app(scope, receive_or_disconnect, send_no_error)
2026-09-10T03:32:00.4227869Z     |   File "/home/runner/work/GO/GO/isolated-runtime/lib/python3.13/site-packages/starlette/middleware/base.py", line 191, in __call__
2026-09-10T03:32:00.4228131Z     |     with recv_stream, send_stream, collapse_excgroups():
2026-09-10T03:32:00.4228337Z     |                                    ~~~~~~~~~~~~~~~~~~^^
2026-09-10T03:32:00.4228803Z     |   File "/opt/hostedtoolcache/Python/3.13.5/x64/lib/python3.13/contextlib.py", line 162, in __exit__
2026-09-10T03:32:00.4229161Z     |     self.gen.throw(value)
2026-09-10T03:32:00.4229310Z     |     ~~~~~~~~~~~~~~^^^^^^^
2026-09-10T03:32:00.4229948Z     |   File "/home/runner/work/GO/GO/isolated-runtime/lib/python3.13/site-packages/starlette/_utils.py", line 85, in collapse_excgroups
2026-09-10T03:32:00.4230079Z     |     raise exc
2026-09-10T03:32:00.4230701Z     |   File "/home/runner/work/GO/GO/isolated-runtime/lib/python3.13/site-packages/starlette/middleware/base.py", line 193, in __call__
2026-09-10T03:32:00.4230958Z     |     response = await self.dispatch_func(request, call_next)
2026-09-10T03:32:00.4231165Z     |                ^^^^^^^^^^^^^^^^^^^^^^^^^^^^^^^^^^^^^^^^^^^^
2026-09-10T03:32:00.4231556Z     |   File "/home/runner/work/GO/GO/restored/src/go_hotel/main.py", line 253, in dispatch
2026-09-10T03:32:00.4231736Z     |     response=await call_next(request)
2026-09-10T03:32:00.4231908Z     |              ^^^^^^^^^^^^^^^^^^^^^^^^
2026-09-10T03:32:00.4232544Z     |   File "/home/runner/work/GO/GO/isolated-runtime/lib/python3.13/site-packages/starlette/middleware/base.py", line 168, in call_next
2026-09-10T03:32:00.4232816Z     |     raise app_exc from app_exc.__cause__ or app_exc.__context__
2026-09-10T03:32:00.4233426Z     |   File "/home/runner/work/GO/GO/isolated-runtime/lib/python3.13/site-packages/starlette/middleware/base.py", line 144, in coro
2026-09-10T03:32:00.4233713Z     |     await self.app(scope, receive_or_disconnect, send_no_error)
2026-09-10T03:32:00.4234342Z     |   File "/home/runner/work/GO/GO/isolated-runtime/lib/python3.13/site-packages/starlette/middleware/base.py", line 191, in __call__
2026-09-10T03:32:00.4234593Z     |     with recv_stream, send_stream, collapse_excgroups():
2026-09-10T03:32:00.4234790Z     |                                    ~~~~~~~~~~~~~~~~~~^^
2026-09-10T03:32:00.4235575Z     |   File "/opt/hostedtoolcache/Python/3.13.5/x64/lib/python3.13/contextlib.py", line 162, in __exit__
2026-09-10T03:32:00.4235743Z     |     self.gen.throw(value)
2026-09-10T03:32:00.4235901Z     |     ~~~~~~~~~~~~~~^^^^^^^
2026-09-10T03:32:00.4236526Z     |   File "/home/runner/work/GO/GO/isolated-runtime/lib/python3.13/site-packages/starlette/_utils.py", line 85, in collapse_excgroups
2026-09-10T03:32:00.4236656Z     |     raise exc
2026-09-10T03:32:00.4237279Z     |   File "/home/runner/work/GO/GO/isolated-runtime/lib/python3.13/site-packages/starlette/middleware/base.py", line 193, in __call__
2026-09-10T03:32:00.4237545Z     |     response = await self.dispatch_func(request, call_next)
2026-09-10T03:32:00.4237743Z     |                ^^^^^^^^^^^^^^^^^^^^^^^^^^^^^^^^^^^^^^^^^^^^
2026-09-10T03:32:00.4238140Z     |   File "/home/runner/work/GO/GO/restored/src/go_hotel/main.py", line 207, in dispatch
2026-09-10T03:32:00.4238335Z     |     response=await call_next(request)
2026-09-10T03:32:00.4238504Z     |              ^^^^^^^^^^^^^^^^^^^^^^^^
2026-09-10T03:32:00.4239196Z     |   File "/home/runner/work/GO/GO/isolated-runtime/lib/python3.13/site-packages/starlette/middleware/base.py", line 168, in call_next
2026-09-10T03:32:00.4239496Z     |     raise app_exc from app_exc.__cause__ or app_exc.__context__
2026-09-10T03:32:00.4240132Z     |   File "/home/runner/work/GO/GO/isolated-runtime/lib/python3.13/site-packages/starlette/middleware/base.py", line 144, in coro
2026-09-10T03:32:00.4240439Z     |     await self.app(scope, receive_or_disconnect, send_no_error)
2026-09-10T03:32:00.4241182Z     |   File "/home/runner/work/GO/GO/isolated-runtime/lib/python3.13/site-packages/starlette/middleware/exceptions.py", line 63, in __call__
2026-09-10T03:32:00.4241549Z     |     await wrap_app_handling_exceptions(self.app, conn)(scope, receive, send)
2026-09-10T03:32:00.4242276Z     |   File "/home/runner/work/GO/GO/isolated-runtime/lib/python3.13/site-packages/starlette/_exception_handler.py", line 53, in wrapped_app
2026-09-10T03:32:00.4242400Z     |     raise exc
2026-09-10T03:32:00.4243102Z     |   File "/home/runner/work/GO/GO/isolated-runtime/lib/python3.13/site-packages/starlette/_exception_handler.py", line 42, in wrapped_app
2026-09-10T03:32:00.4243507Z     |     await app(scope, receive, sender)
2026-09-10T03:32:00.4244247Z     |   File "/home/runner/work/GO/GO/isolated-runtime/lib/python3.13/site-packages/fastapi/middleware/asyncexitstack.py", line 18, in __call__
2026-09-10T03:32:00.4244446Z     |     await self.app(scope, receive, send)
2026-09-10T03:32:00.4245081Z     |   File "/home/runner/work/GO/GO/isolated-runtime/lib/python3.13/site-packages/starlette/routing.py", line 716, in __call__
2026-09-10T03:32:00.4245505Z     |     await self.middleware_stack(scope, receive, send)
2026-09-10T03:32:00.4246131Z     |   File "/home/runner/work/GO/GO/isolated-runtime/lib/python3.13/site-packages/starlette/routing.py", line 736, in app
2026-09-10T03:32:00.4246350Z     |     await route.handle(scope, receive, send)
2026-09-10T03:32:00.4246974Z     |   File "/home/runner/work/GO/GO/isolated-runtime/lib/python3.13/site-packages/starlette/routing.py", line 290, in handle
2026-09-10T03:32:00.4247181Z     |     await self.app(scope, receive, send)
2026-09-10T03:32:00.4247762Z     |   File "/home/runner/work/GO/GO/isolated-runtime/lib/python3.13/site-packages/fastapi/routing.py", line 115, in app
2026-09-10T03:32:00.4248128Z     |     await wrap_app_handling_exceptions(app, request)(scope, receive, send)
2026-09-10T03:32:00.4248846Z     |   File "/home/runner/work/GO/GO/isolated-runtime/lib/python3.13/site-packages/starlette/_exception_handler.py", line 53, in wrapped_app
2026-09-10T03:32:00.4248960Z     |     raise exc
2026-09-10T03:32:00.4249682Z     |   File "/home/runner/work/GO/GO/isolated-runtime/lib/python3.13/site-packages/starlette/_exception_handler.py", line 42, in wrapped_app
2026-09-10T03:32:00.4249871Z     |     await app(scope, receive, sender)
2026-09-10T03:32:00.4250626Z     |   File "/home/runner/work/GO/GO/isolated-runtime/lib/python3.13/site-packages/fastapi/routing.py", line 101, in app
2026-09-10T03:32:00.4250815Z     |     response = await f(request)
2026-09-10T03:32:00.4250975Z     |                ^^^^^^^^^^^^^^^^
2026-09-10T03:32:00.4251576Z     |   File "/home/runner/work/GO/GO/isolated-runtime/lib/python3.13/site-packages/fastapi/routing.py", line 355, in app
2026-09-10T03:32:00.4251809Z     |     raw_response = await run_endpoint_function(
2026-09-10T03:32:00.4252001Z     |                    ^^^^^^^^^^^^^^^^^^^^^^^^^^^^
2026-09-10T03:32:00.4252127Z     |     ...<3 lines>...
2026-09-10T03:32:00.4252255Z     |     )
2026-09-10T03:32:00.4252380Z     |     ^
2026-09-10T03:32:00.4253084Z     |   File "/home/runner/work/GO/GO/isolated-runtime/lib/python3.13/site-packages/fastapi/routing.py", line 245, in run_endpoint_function
2026-09-10T03:32:00.4253384Z     |     return await run_in_threadpool(dependant.call, **values)
2026-09-10T03:32:00.4253609Z     |            ^^^^^^^^^^^^^^^^^^^^^^^^^^^^^^^^^^^^^^^^^^^^^^^^^
2026-09-10T03:32:00.4254315Z     |   File "/home/runner/work/GO/GO/isolated-runtime/lib/python3.13/site-packages/starlette/concurrency.py", line 32, in run_in_threadpool
2026-09-10T03:32:00.4254544Z     |     return await anyio.to_thread.run_sync(func)
2026-09-10T03:32:00.4254732Z     |            ^^^^^^^^^^^^^^^^^^^^^^^^^^^^^^^^^^^^
2026-09-10T03:32:00.4255485Z     |   File "/home/runner/work/GO/GO/isolated-runtime/lib/python3.13/site-packages/anyio/to_thread.py", line 63, in run_sync
2026-09-10T03:32:00.4255788Z     |     return await get_async_backend().run_sync_in_worker_thread(
2026-09-10T03:32:00.4256016Z     |            ^^^^^^^^^^^^^^^^^^^^^^^^^^^^^^^^^^^^^^^^^^^^^^^^^^^^
2026-09-10T03:32:00.4256332Z     |         func, args, abandon_on_cancel=abandon_on_cancel, limiter=limiter
2026-09-10T03:32:00.4256580Z     |         ^^^^^^^^^^^^^^^^^^^^^^^^^^^^^^^^^^^^^^^^^^^^^^^^^^^^^^^^^^^^^^^^
2026-09-10T03:32:00.4256704Z     |     )
2026-09-10T03:32:00.4256813Z     |     ^
2026-09-10T03:32:00.4257609Z     |   File "/home/runner/work/GO/GO/isolated-runtime/lib/python3.13/site-packages/anyio/_backends/_asyncio.py", line 2518, in run_sync_in_worker_thread
2026-09-10T03:32:00.4257939Z     |     return await future
2026-09-10T03:32:00.4258065Z     |            ^^^^^^^^^^^^
2026-09-10T03:32:00.4258728Z     |   File "/home/runner/work/GO/GO/isolated-runtime/lib/python3.13/site-packages/anyio/_backends/_asyncio.py", line 1002, in run
2026-09-10T03:32:00.4258919Z     |     result = context.run(func, *args)
2026-09-10T03:32:00.4259529Z     |   File "/home/runner/work/GO/GO/restored/src/go_hotel/api/routes/mobile.py", line 96, in mobile_existing_cancel_quote
2026-09-10T03:32:00.4259717Z     |     with SessionLocal() as s:
2026-09-10T03:32:00.4259852Z     |          ^^^^^^^^^^^^
2026-09-10T03:32:00.4260075Z     | NameError: name 'SessionLocal' is not defined
2026-09-10T03:32:00.4260257Z     +------------------------------------
2026-09-10T03:32:00.4260275Z 
2026-09-10T03:32:00.4260677Z The above exception was the direct cause of the following exception:
2026-09-10T03:32:00.4260689Z 
2026-09-10T03:32:00.4260897Z Traceback (most recent call last):
2026-09-10T03:32:00.4261328Z   File "/home/runner/work/GO/GO/restored/src/go_hotel/main.py", line 282, in dispatch
2026-09-10T03:32:00.4261527Z     response=await call_next(request)
2026-09-10T03:32:00.4261682Z              ^^^^^^^^^^^^^^^^^^^^^^^^
2026-09-10T03:32:00.4262392Z   File "/home/runner/work/GO/GO/isolated-runtime/lib/python3.13/site-packages/starlette/middleware/base.py", line 168, in call_next
2026-09-10T03:32:00.4262729Z     raise app_exc from app_exc.__cause__ or app_exc.__context__
2026-09-10T03:32:00.4263391Z   File "/home/runner/work/GO/GO/isolated-runtime/lib/python3.13/site-packages/starlette/middleware/base.py", line 144, in coro
2026-09-10T03:32:00.4263671Z     await self.app(scope, receive_or_disconnect, send_no_error)
2026-09-10T03:32:00.4264528Z   File "/home/runner/work/GO/GO/isolated-runtime/lib/python3.13/site-packages/starlette/middleware/base.py", line 191, in __call__
2026-09-10T03:32:00.4264801Z     with recv_stream, send_stream, collapse_excgroups():
2026-09-10T03:32:00.4265006Z                                    ~~~~~~~~~~~~~~~~~~^^
2026-09-10T03:32:00.4265647Z   File "/opt/hostedtoolcache/Python/3.13.5/x64/lib/python3.13/contextlib.py", line 162, in __exit__
2026-09-10T03:32:00.4265793Z     self.gen.throw(value)
2026-09-10T03:32:00.4265921Z     ~~~~~~~~~~~~~~^^^^^^^
2026-09-10T03:32:00.4266619Z   File "/home/runner/work/GO/GO/isolated-runtime/lib/python3.13/site-packages/starlette/_utils.py", line 85, in collapse_excgroups
2026-09-10T03:32:00.4266776Z     raise exc
2026-09-10T03:32:00.4267461Z   File "/home/runner/work/GO/GO/isolated-runtime/lib/python3.13/site-packages/starlette/middleware/base.py", line 193, in __call__
2026-09-10T03:32:00.4267729Z     response = await self.dispatch_func(request, call_next)
2026-09-10T03:32:00.4267924Z                ^^^^^^^^^^^^^^^^^^^^^^^^^^^^^^^^^^^^^^^^^^^^
2026-09-10T03:32:00.4268350Z   File "/home/runner/work/GO/GO/restored/src/go_hotel/main.py", line 253, in dispatch
2026-09-10T03:32:00.4268538Z     response=await call_next(request)
2026-09-10T03:32:00.4268697Z              ^^^^^^^^^^^^^^^^^^^^^^^^
2026-09-10T03:32:00.4269397Z   File "/home/runner/work/GO/GO/isolated-runtime/lib/python3.13/site-packages/starlette/middleware/base.py", line 168, in call_next
2026-09-10T03:32:00.4269720Z     raise app_exc from app_exc.__cause__ or app_exc.__context__
2026-09-10T03:32:00.4270376Z   File "/home/runner/work/GO/GO/isolated-runtime/lib/python3.13/site-packages/starlette/middleware/base.py", line 144, in coro
2026-09-10T03:32:00.4270644Z     await self.app(scope, receive_or_disconnect, send_no_error)
2026-09-10T03:32:00.4271330Z   File "/home/runner/work/GO/GO/isolated-runtime/lib/python3.13/site-packages/starlette/middleware/base.py", line 191, in __call__
2026-09-10T03:32:00.4271582Z     with recv_stream, send_stream, collapse_excgroups():
2026-09-10T03:32:00.4271775Z                                    ~~~~~~~~~~~~~~~~~~^^
2026-09-10T03:32:00.4272274Z   File "/opt/hostedtoolcache/Python/3.13.5/x64/lib/python3.13/contextlib.py", line 162, in __exit__
2026-09-10T03:32:00.4272419Z     self.gen.throw(value)
2026-09-10T03:32:00.4272737Z     ~~~~~~~~~~~~~~^^^^^^^
2026-09-10T03:32:00.4273434Z   File "/home/runner/work/GO/GO/isolated-runtime/lib/python3.13/site-packages/starlette/_utils.py", line 85, in collapse_excgroups
2026-09-10T03:32:00.4273567Z     raise exc
2026-09-10T03:32:00.4274235Z   File "/home/runner/work/GO/GO/isolated-runtime/lib/python3.13/site-packages/starlette/middleware/base.py", line 193, in __call__
2026-09-10T03:32:00.4274474Z     response = await self.dispatch_func(request, call_next)
2026-09-10T03:32:00.4274669Z                ^^^^^^^^^^^^^^^^^^^^^^^^^^^^^^^^^^^^^^^^^^^^
2026-09-10T03:32:00.4275059Z   File "/home/runner/work/GO/GO/restored/src/go_hotel/main.py", line 207, in dispatch
2026-09-10T03:32:00.4275241Z     response=await call_next(request)
2026-09-10T03:32:00.4275537Z              ^^^^^^^^^^^^^^^^^^^^^^^^
2026-09-10T03:32:00.4276181Z   File "/home/runner/work/GO/GO/isolated-runtime/lib/python3.13/site-packages/starlette/middleware/base.py", line 168, in call_next
2026-09-10T03:32:00.4276486Z     raise app_exc from app_exc.__cause__ or app_exc.__context__
2026-09-10T03:32:00.4277096Z   File "/home/runner/work/GO/GO/isolated-runtime/lib/python3.13/site-packages/starlette/middleware/base.py", line 144, in coro
2026-09-10T03:32:00.4277364Z     await self.app(scope, receive_or_disconnect, send_no_error)
2026-09-10T03:32:00.4278048Z   File "/home/runner/work/GO/GO/isolated-runtime/lib/python3.13/site-packages/starlette/middleware/exceptions.py", line 63, in __call__
2026-09-10T03:32:00.4278399Z     await wrap_app_handling_exceptions(self.app, conn)(scope, receive, send)
2026-09-10T03:32:00.4279067Z   File "/home/runner/work/GO/GO/isolated-runtime/lib/python3.13/site-packages/starlette/_exception_handler.py", line 53, in wrapped_app
2026-09-10T03:32:00.4279206Z     raise exc
2026-09-10T03:32:00.4280050Z   File "/home/runner/work/GO/GO/isolated-runtime/lib/python3.13/site-packages/starlette/_exception_handler.py", line 42, in wrapped_app
2026-09-10T03:32:00.4280236Z     await app(scope, receive, sender)
2026-09-10T03:32:00.4280929Z   File "/home/runner/work/GO/GO/isolated-runtime/lib/python3.13/site-packages/fastapi/middleware/asyncexitstack.py", line 18, in __call__
2026-09-10T03:32:00.4281124Z     await self.app(scope, receive, send)
2026-09-10T03:32:00.4281722Z   File "/home/runner/work/GO/GO/isolated-runtime/lib/python3.13/site-packages/starlette/routing.py", line 716, in __call__
2026-09-10T03:32:00.4281959Z     await self.middleware_stack(scope, receive, send)
2026-09-10T03:32:00.4282517Z   File "/home/runner/work/GO/GO/isolated-runtime/lib/python3.13/site-packages/starlette/routing.py", line 736, in app
2026-09-10T03:32:00.4282718Z     await route.handle(scope, receive, send)
2026-09-10T03:32:00.4283299Z   File "/home/runner/work/GO/GO/isolated-runtime/lib/python3.13/site-packages/starlette/routing.py", line 290, in handle
2026-09-10T03:32:00.4283489Z     await self.app(scope, receive, send)
2026-09-10T03:32:00.4284041Z   File "/home/runner/work/GO/GO/isolated-runtime/lib/python3.13/site-packages/fastapi/routing.py", line 115, in app
2026-09-10T03:32:00.4284376Z     await wrap_app_handling_exceptions(app, request)(scope, receive, send)
2026-09-10T03:32:00.4285048Z   File "/home/runner/work/GO/GO/isolated-runtime/lib/python3.13/site-packages/starlette/_exception_handler.py", line 53, in wrapped_app
2026-09-10T03:32:00.4285168Z     raise exc
2026-09-10T03:32:00.4285985Z   File "/home/runner/work/GO/GO/isolated-runtime/lib/python3.13/site-packages/starlette/_exception_handler.py", line 42, in wrapped_app
2026-09-10T03:32:00.4286171Z     await app(scope, receive, sender)
2026-09-10T03:32:00.4286721Z   File "/home/runner/work/GO/GO/isolated-runtime/lib/python3.13/site-packages/fastapi/routing.py", line 101, in app
2026-09-10T03:32:00.4286884Z     response = await f(request)
2026-09-10T03:32:00.4287054Z                ^^^^^^^^^^^^^^^^
2026-09-10T03:32:00.4287620Z   File "/home/runner/work/GO/GO/isolated-runtime/lib/python3.13/site-packages/fastapi/routing.py", line 355, in app
2026-09-10T03:32:00.4288012Z     raw_response = await run_endpoint_function(
2026-09-10T03:32:00.4288181Z                    ^^^^^^^^^^^^^^^^^^^^^^^^^^^^
2026-09-10T03:32:00.4288312Z     ...<3 lines>...
2026-09-10T03:32:00.4288426Z     )
2026-09-10T03:32:00.4288548Z     ^
2026-09-10T03:32:00.4289227Z   File "/home/runner/work/GO/GO/isolated-runtime/lib/python3.13/site-packages/fastapi/routing.py", line 245, in run_endpoint_function
2026-09-10T03:32:00.4289496Z     return await run_in_threadpool(dependant.call, **values)
2026-09-10T03:32:00.4289688Z            ^^^^^^^^^^^^^^^^^^^^^^^^^^^^^^^^^^^^^^^^^^^^^^^^^
2026-09-10T03:32:00.4290366Z   File "/home/runner/work/GO/GO/isolated-runtime/lib/python3.13/site-packages/starlette/concurrency.py", line 32, in run_in_threadpool
2026-09-10T03:32:00.4290581Z     return await anyio.to_thread.run_sync(func)
2026-09-10T03:32:00.4290749Z            ^^^^^^^^^^^^^^^^^^^^^^^^^^^^^^^^^^^^
2026-09-10T03:32:00.4291353Z   File "/home/runner/work/GO/GO/isolated-runtime/lib/python3.13/site-packages/anyio/to_thread.py", line 63, in run_sync
2026-09-10T03:32:00.4291643Z     return await get_async_backend().run_sync_in_worker_thread(
2026-09-10T03:32:00.4291836Z            ^^^^^^^^^^^^^^^^^^^^^^^^^^^^^^^^^^^^^^^^^^^^^^^^^^^^
2026-09-10T03:32:00.4292144Z         func, args, abandon_on_cancel=abandon_on_cancel, limiter=limiter
2026-09-10T03:32:00.4292363Z         ^^^^^^^^^^^^^^^^^^^^^^^^^^^^^^^^^^^^^^^^^^^^^^^^^^^^^^^^^^^^^^^^
2026-09-10T03:32:00.4292478Z     )
2026-09-10T03:32:00.4292596Z     ^
2026-09-10T03:32:00.4293369Z   File "/home/runner/work/GO/GO/isolated-runtime/lib/python3.13/site-packages/anyio/_backends/_asyncio.py", line 2518, in run_sync_in_worker_thread
2026-09-10T03:32:00.4293516Z     return await future
2026-09-10T03:32:00.4293643Z            ^^^^^^^^^^^^
2026-09-10T03:32:00.4294511Z   File "/home/runner/work/GO/GO/isolated-runtime/lib/python3.13/site-packages/anyio/_backends/_asyncio.py", line 1002, in run
2026-09-10T03:32:00.4294704Z     result = context.run(func, *args)
2026-09-10T03:32:00.4295471Z   File "/home/runner/work/GO/GO/restored/src/go_hotel/api/routes/mobile.py", line 96, in mobile_existing_cancel_quote
2026-09-10T03:32:00.4295628Z     with SessionLocal() as s:
2026-09-10T03:32:00.4295767Z          ^^^^^^^^^^^^
2026-09-10T03:32:02.2636743Z NameError: name 'SessionLocal' is not defined
2026-09-10T03:32:02.2656234Z =========================== short test summary info ============================
2026-09-10T03:32:02.2662541Z FAILED tests/test_depth34_hotel_quote_read.py::test_exact_quote_read_is_immutable_and_does_not_create_new_quote_or_execute - NameError: name 'SessionLocal' is not defined
2026-09-10T03:32:02.2676761Z FAILED tests/test_depth34_hotel_quote_read.py::test_new_quote_does_not_replace_original_accepted_identity - NameError: name 'SessionLocal' is not defined
2026-09-10T03:32:02.2686887Z FAILED tests/test_depth34_hotel_quote_read.py::test_corrupted_stored_quote_cannot_be_read_as_customer_terms - NameError: name 'SessionLocal' is not defined
2026-09-10T03:32:02.2689562Z FAILED tests/test_depth34_hotel_quote_read.py::test_current_order_revision_still_rechecked_at_execution_with_same_amount - NameError: name 'SessionLocal' is not defined
2026-09-10T03:32:02.2706831Z FAILED tests/test_depth30_native_api_contract.py::test_native_six_vertical_creation_payment_and_refund_contracts - NameError: name 'SessionLocal' is not defined
2026-09-10T03:32:02.2726009Z 5 failed, 4 passed in 19.23s
2026-09-10T03:32:03.8671220Z ##[error]Process completed with exit code 1.
2026-09-10T03:32:03.8731728Z ##[group]Run python tooling/ci/depth34/export_evidence.py
2026-09-10T03:32:03.8732177Z [36;1mpython tooling/ci/depth34/export_evidence.py[0m
2026-09-10T03:32:03.8808337Z shell: /usr/bin/bash --noprofile --norc -e -o pipefail {0}
2026-09-10T03:32:03.8808697Z env:
2026-09-10T03:32:03.8808987Z   SEALED_CANDIDATE: ab9f39518de107e05c95b800839bd5f7c229ea23
2026-09-10T03:32:03.8809479Z   EXPECTED_SOURCE_TREE: 5983df038740e93936256da389f828488572dce5bbabc732326796a2c5c26356
2026-09-10T03:32:03.8809986Z   pythonLocation: /opt/hostedtoolcache/Python/3.13.5/x64
2026-09-10T03:32:03.8810635Z   PKG_CONFIG_PATH: /opt/hostedtoolcache/Python/3.13.5/x64/lib/pkgconfig
2026-09-10T03:32:03.8811054Z   Python_ROOT_DIR: /opt/hostedtoolcache/Python/3.13.5/x64
2026-09-10T03:32:03.8811424Z   Python2_ROOT_DIR: /opt/hostedtoolcache/Python/3.13.5/x64
2026-09-10T03:32:03.8811798Z   Python3_ROOT_DIR: /opt/hostedtoolcache/Python/3.13.5/x64
2026-09-10T03:32:03.8812203Z   LD_LIBRARY_PATH: /opt/hostedtoolcache/Python/3.13.5/x64/lib
2026-09-10T03:32:03.8812535Z ##[endgroup]
2026-09-10T03:32:03.9681248Z SOURCE_VERIFIED_AFTER_TESTS 1241
2026-09-10T03:32:03.9682667Z GO_EVIDENCE_FILE_BEGIN source-lineage.json 534 ba7a1400c8d0763f046685596ec04d2141fe7837f3502469574ade9ed59a1b53
2026-09-10T03:32:03.9689172Z GO_EVIDENCE_B64 ewogICJjYW5kaWRhdGUiOiAiYWI5ZjM5NTE4ZGUxMDdlMDVjOTViODAwODM5YmQ1ZjdjMjI5ZWEyMyIsCiAgInNvdXJjZV90cmVlX3NoYTI1NiI6ICI1OTgzZGYwMzg3NDBlOTM5MzYyNTZkYTM4OWY4Mjg0ODg1NzJkY2U1YmJhYmM3MzIzMjY3OTZhMmM1YzI2MzU2IiwKICAidmVyaWZpZWRfZmlsZXMiOiAxMjQxLAogICJweXRob24iOiAiMy4xMy41IChtYWluLCBKdW4gMTIgMjAyNSwgMDM6NTE6MTUpIFtHQ0MgMTEuNC4wXSIsCiAgIm5vZGUiOiAidjIyLjIyLjAiLAogICJlbnZpcm9ubWVudCI6ICJHaXRIdWIgZGlzcG9zYWJs
2026-09-10T03:32:03.9694592Z GO_EVIDENCE_B64 ZSBydW5uZXI7IFNRTGl0ZSBUZXN0Q2xpZW50IGFuZCBWTS9uYXRpdmUgcHVyZSBmdW5jdGlvbnM7IG5vIHNlcnZpY2UgY3JlZGVudGlhbHMiLAogICJ0aHJlZV9lbmRfcmVhbF91eF9sb2dpbiI6ICJIT0xEIiwKICAic2l4X3ZlcnRpY2FsX3JlYWxfZTJlIjogIkhPTEQiLAogICJzZWFsZWRfbm9kZV9nYXRlIjogIkhPTEQiLAogICJmaW5hbF9yZWxlYXNlIjogIkhPTEQiLAogICJkZXBsb3llZCI6IGZhbHNlCn0K
2026-09-10T03:32:03.9728268Z GO_EVIDENCE_FILE_END source-lineage.json
2026-09-10T03:32:03.9729220Z GO_EVIDENCE_FILE_BEGIN backend.xml 206510 0f717f1e8947e3f9e79e2e36d15fdf9a62343f46e19b6f3413f1c9d79a26e68d
2026-09-10T03:32:03.9735866Z GO_EVIDENCE_B64 PD94bWwgdmVyc2lvbj0iMS4wIiBlbmNvZGluZz0idXRmLTgiPz48dGVzdHN1aXRlcyBuYW1lPSJweXRlc3QgdGVzdHMiPjx0ZXN0c3VpdGUgbmFtZT0icHl0ZXN0IiBlcnJvcnM9IjAiIGZhaWx1cmVzPSI1IiBza2lwcGVkPSIwIiB0ZXN0cz0iOSIgdGltZT0iMTkuMjE3IiB0aW1lc3RhbXA9IjIwMjYtMDktMTBUMDM6MzE6NDAuOTM4MDg3KzAwOjAwIiBob3N0bmFtZT0icnVubmVydm03ZzUyaSI+PHRlc3RjYXNlIGNsYXNzbmFtZT0idGVzdHMudGVzdF9kZXB0aDM0X2hvdGVsX3F1b3RlX3JlYWQiIG5hbWU9InRlc3RfZXhhY3Rf
2026-09-10T03:32:03.9746401Z GO_EVIDENCE_B64 cXVvdGVfcmVhZF9pc19pbW11dGFibGVfYW5kX2RvZXNfbm90X2NyZWF0ZV9uZXdfcXVvdGVfb3JfZXhlY3V0ZSIgdGltZT0iOC40ODkiPjxmYWlsdXJlIG1lc3NhZ2U9Ik5hbWVFcnJvcjogbmFtZSAnU2Vzc2lvbkxvY2FsJyBpcyBub3QgZGVmaW5lZCI+KyBFeGNlcHRpb24gR3JvdXAgVHJhY2ViYWNrIChtb3N0IHJlY2VudCBjYWxsIGxhc3QpOgogIHwgICBGaWxlICIvaG9tZS9ydW5uZXIvd29yay9HTy9HTy9pc29sYXRlZC1ydW50aW1lL2xpYi9weXRob24zLjEzL3NpdGUtcGFja2FnZXMvc3RhcmxldHRlL191dGlscy5weSIs
2026-09-10T03:32:03.9757060Z GO_EVIDENCE_B64 IGxpbmUgNzksIGluIGNvbGxhcHNlX2V4Y2dyb3VwcwogIHwgICAgIHlpZWxkCiAgfCAgIEZpbGUgIi9ob21lL3J1bm5lci93b3JrL0dPL0dPL2lzb2xhdGVkLXJ1bnRpbWUvbGliL3B5dGhvbjMuMTMvc2l0ZS1wYWNrYWdlcy9zdGFybGV0dGUvbWlkZGxld2FyZS9iYXNlLnB5IiwgbGluZSAxOTIsIGluIF9fY2FsbF9fCiAgfCAgICAgYXN5bmMgd2l0aCBhbnlpby5jcmVhdGVfdGFza19ncm91cCgpIGFzIHRhc2tfZ3JvdXA6CiAgfCAgICAgICAgICAgICAgICB+fn5+fn5+fn5+fn5+fn5+fn5+fn5+fl5eCiAgfCAgIEZpbGUgIi9o
2026-09-10T03:32:03.9767549Z GO_EVIDENCE_B64 b21lL3J1bm5lci93b3JrL0dPL0dPL2lzb2xhdGVkLXJ1bnRpbWUvbGliL3B5dGhvbjMuMTMvc2l0ZS1wYWNrYWdlcy9hbnlpby9fYmFja2VuZHMvX2FzeW5jaW8ucHkiLCBsaW5lIDc5OSwgaW4gX19hZXhpdF9fCiAgfCAgICAgcmFpc2UgQmFzZUV4Y2VwdGlvbkdyb3VwKAogIHwgICAgICAgICAidW5oYW5kbGVkIGVycm9ycyBpbiBhIFRhc2tHcm91cCIsIHNlbGYuX2V4Y2VwdGlvbnMKICB8ICAgICApIGZyb20gTm9uZQogIHwgRXhjZXB0aW9uR3JvdXA6IHVuaGFuZGxlZCBlcnJvcnMgaW4gYSBUYXNrR3JvdXAgKDEgc3ViLWV4
2026-09-10T03:32:03.9778564Z GO_EVIDENCE_B64 Y2VwdGlvbikKICArLSstLS0tLS0tLS0tLS0tLS0tIDEgLS0tLS0tLS0tLS0tLS0tLQogICAgfCBUcmFjZWJhY2sgKG1vc3QgcmVjZW50IGNhbGwgbGFzdCk6CiAgICB8ICAgRmlsZSAiL2hvbWUvcnVubmVyL3dvcmsvR08vR08vaXNvbGF0ZWQtcnVudGltZS9saWIvcHl0aG9uMy4xMy9zaXRlLXBhY2thZ2VzL19weXRlc3QvcnVubmVyLnB5IiwgbGluZSAzNTMsIGluIGZyb21fY2FsbAogICAgfCAgICAgcmVzdWx0OiBUUmVzdWx0IHwgTm9uZSA9IGZ1bmMoKQogICAgfCAgICAgICAgICAgICAgICAgICAgICAgICAgICAgIH5+fn5e
2026-09-10T03:32:03.9791634Z GO_EVIDENCE_B64 XgogICAgfCAgIEZpbGUgIi9ob21lL3J1bm5lci93b3JrL0dPL0dPL2lzb2xhdGVkLXJ1bnRpbWUvbGliL3B5dGhvbjMuMTMvc2l0ZS1wYWNrYWdlcy9fcHl0ZXN0L3J1bm5lci5weSIsIGxpbmUgMjQ1LCBpbiAmbHQ7bGFtYmRhJmd0OwogICAgfCAgICAgbGFtYmRhOiBydW50ZXN0X2hvb2soaXRlbT1pdGVtLCAqKmt3ZHMpLAogICAgfCAgICAgICAgICAgICB+fn5+fn5+fn5+fn5eXl5eXl5eXl5eXl5eXl5eXl5eCiAgICB8ICAgRmlsZSAiL2hvbWUvcnVubmVyL3dvcmsvR08vR08vaXNvbGF0ZWQtcnVudGltZS9saWIvcHl0aG9u
2026-09-10T03:32:03.9797829Z GO_EVIDENCE_B64 My4xMy9zaXRlLXBhY2thZ2VzL3BsdWdneS9faG9va3MucHkiLCBsaW5lIDUxMiwgaW4gX19jYWxsX18KICAgIHwgICAgIHJldHVybiBzZWxmLl9ob29rZXhlYyhzZWxmLm5hbWUsIHNlbGYuX2hvb2tpbXBscy5jb3B5KCksIGt3YXJncywgZmlyc3RyZXN1bHQpCiAgICB8ICAgICAgICAgICAgfn5+fn5+fn5+fn5+fn5eXl5eXl5eXl5eXl5eXl5eXl5eXl5eXl5eXl5eXl5eXl5eXl5eXl5eXl5eXl5eXl5eXl5eXl5eXgogICAgfCAgIEZpbGUgIi9ob21lL3J1bm5lci93b3JrL0dPL0dPL2lzb2xhdGVkLXJ1bnRpbWUvbGliL3B5dGhv
2026-09-10T03:32:03.9803540Z GO_EVIDENCE_B64 bjMuMTMvc2l0ZS1wYWNrYWdlcy9wbHVnZ3kvX21hbmFnZXIucHkiLCBsaW5lIDEyMCwgaW4gX2hvb2tleGVjCiAgICB8ICAgICByZXR1cm4gc2VsZi5faW5uZXJfaG9va2V4ZWMoaG9va19uYW1lLCBtZXRob2RzLCBrd2FyZ3MsIGZpcnN0cmVzdWx0KQogICAgfCAgICAgICAgICAgIH5+fn5+fn5+fn5+fn5+fn5+fn5+Xl5eXl5eXl5eXl5eXl5eXl5eXl5eXl5eXl5eXl5eXl5eXl5eXl5eXl4KICAgIHwgICBGaWxlICIvaG9tZS9ydW5uZXIvd29yay9HTy9HTy9pc29sYXRlZC1ydW50aW1lL2xpYi9weXRob24zLjEzL3NpdGUtcGFj
2026-09-10T03:32:03.9809364Z GO_EVIDENCE_B64 a2FnZXMvcGx1Z2d5L19jYWxsZXJzLnB5IiwgbGluZSAxNjcsIGluIF9tdWx0aWNhbGwKICAgIHwgICAgIHJhaXNlIGV4Y2VwdGlvbgogICAgfCAgIEZpbGUgIi9ob21lL3J1bm5lci93b3JrL0dPL0dPL2lzb2xhdGVkLXJ1bnRpbWUvbGliL3B5dGhvbjMuMTMvc2l0ZS1wYWNrYWdlcy9wbHVnZ3kvX2NhbGxlcnMucHkiLCBsaW5lIDEzOSwgaW4gX211bHRpY2FsbAogICAgfCAgICAgdGVhcmRvd24udGhyb3coZXhjZXB0aW9uKQogICAgfCAgICAgfn5+fn5+fn5+fn5+fn5eXl5eXl5eXl5eXgogICAgfCAgIEZpbGUgIi9ob21lL3J1
2026-09-10T03:32:03.9815009Z GO_EVIDENCE_B64 bm5lci93b3JrL0dPL0dPL2lzb2xhdGVkLXJ1bnRpbWUvbGliL3B5dGhvbjMuMTMvc2l0ZS1wYWNrYWdlcy9fcHl0ZXN0L2xvZ2dpbmcucHkiLCBsaW5lIDg1MCwgaW4gcHl0ZXN0X3J1bnRlc3RfY2FsbAogICAgfCAgICAgeWllbGQKICAgIHwgICBGaWxlICIvaG9tZS9ydW5uZXIvd29yay9HTy9HTy9pc29sYXRlZC1ydW50aW1lL2xpYi9weXRob24zLjEzL3NpdGUtcGFja2FnZXMvcGx1Z2d5L19jYWxsZXJzLnB5IiwgbGluZSAxMzksIGluIF9tdWx0aWNhbGwKICAgIHwgICAgIHRlYXJkb3duLnRocm93KGV4Y2VwdGlvbikKICAg
2026-09-10T03:32:03.9820907Z GO_EVIDENCE_B64 IHwgICAgIH5+fn5+fn5+fn5+fn5+Xl5eXl5eXl5eXl4KICAgIHwgICBGaWxlICIvaG9tZS9ydW5uZXIvd29yay9HTy9HTy9pc29sYXRlZC1ydW50aW1lL2xpYi9weXRob24zLjEzL3NpdGUtcGFja2FnZXMvX3B5dGVzdC9jYXB0dXJlLnB5IiwgbGluZSA5MDAsIGluIHB5dGVzdF9ydW50ZXN0X2NhbGwKICAgIHwgICAgIHJldHVybiAoeWllbGQpCiAgICB8ICAgICAgICAgICAgIF5eXl5eCiAgICB8ICAgRmlsZSAiL2hvbWUvcnVubmVyL3dvcmsvR08vR08vaXNvbGF0ZWQtcnVudGltZS9saWIvcHl0aG9uMy4xMy9zaXRlLXBhY2th
2026-09-10T03:32:03.9826786Z GO_EVIDENCE_B64 Z2VzL3BsdWdneS9fY2FsbGVycy5weSIsIGxpbmUgMTM5LCBpbiBfbXVsdGljYWxsCiAgICB8ICAgICB0ZWFyZG93bi50aHJvdyhleGNlcHRpb24pCiAgICB8ICAgICB+fn5+fn5+fn5+fn5+fl5eXl5eXl5eXl5eCiAgICB8ICAgRmlsZSAiL2hvbWUvcnVubmVyL3dvcmsvR08vR08vaXNvbGF0ZWQtcnVudGltZS9saWIvcHl0aG9uMy4xMy9zaXRlLXBhY2thZ2VzL19weXRlc3Qvc2tpcHBpbmcucHkiLCBsaW5lIDI2OCwgaW4gcHl0ZXN0X3J1bnRlc3RfY2FsbAogICAgfCAgICAgcmV0dXJuICh5aWVsZCkKICAgIHwgICAgICAgICAg
2026-09-10T03:32:03.9832404Z GO_EVIDENCE_B64 ICAgXl5eXl4KICAgIHwgICBGaWxlICIvaG9tZS9ydW5uZXIvd29yay9HTy9HTy9pc29sYXRlZC1ydW50aW1lL2xpYi9weXRob24zLjEzL3NpdGUtcGFja2FnZXMvcGx1Z2d5L19jYWxsZXJzLnB5IiwgbGluZSAxMjEsIGluIF9tdWx0aWNhbGwKICAgIHwgICAgIHJlcyA9IGhvb2tfaW1wbC5mdW5jdGlvbigqYXJncykKICAgIHwgICBGaWxlICIvaG9tZS9ydW5uZXIvd29yay9HTy9HTy9pc29sYXRlZC1ydW50aW1lL2xpYi9weXRob24zLjEzL3NpdGUtcGFja2FnZXMvX3B5dGVzdC9ydW5uZXIucHkiLCBsaW5lIDE3OSwgaW4gcHl0
2026-09-10T03:32:03.9838471Z GO_EVIDENCE_B64 ZXN0X3J1bnRlc3RfY2FsbAogICAgfCAgICAgaXRlbS5ydW50ZXN0KCkKICAgIHwgICAgIH5+fn5+fn5+fn5+fl5eCiAgICB8ICAgRmlsZSAiL2hvbWUvcnVubmVyL3dvcmsvR08vR08vaXNvbGF0ZWQtcnVudGltZS9saWIvcHl0aG9uMy4xMy9zaXRlLXBhY2thZ2VzL19weXRlc3QvcHl0aG9uLnB5IiwgbGluZSAxNzIwLCBpbiBydW50ZXN0CiAgICB8ICAgICBzZWxmLmlob29rLnB5dGVzdF9weWZ1bmNfY2FsbChweWZ1bmNpdGVtPXNlbGYpCiAgICB8ICAgICB+fn5+fn5+fn5+fn5+fn5+fn5+fn5+fn5+fn5+fl5eXl5eXl5eXl5e
2026-09-10T03:32:03.9844079Z GO_EVIDENCE_B64 Xl5eXl5eCiAgICB8ICAgRmlsZSAiL2hvbWUvcnVubmVyL3dvcmsvR08vR08vaXNvbGF0ZWQtcnVudGltZS9saWIvcHl0aG9uMy4xMy9zaXRlLXBhY2thZ2VzL3BsdWdneS9faG9va3MucHkiLCBsaW5lIDUxMiwgaW4gX19jYWxsX18KICAgIHwgICAgIHJldHVybiBzZWxmLl9ob29rZXhlYyhzZWxmLm5hbWUsIHNlbGYuX2hvb2tpbXBscy5jb3B5KCksIGt3YXJncywgZmlyc3RyZXN1bHQpCiAgICB8ICAgICAgICAgICAgfn5+fn5+fn5+fn5+fn5eXl5eXl5eXl5eXl5eXl5eXl5eXl5eXl5eXl5eXl5eXl5eXl5eXl5eXl5eXl5eXl5e
2026-09-10T03:32:03.9850254Z GO_EVIDENCE_B64 Xl5eXl5eXgogICAgfCAgIEZpbGUgIi9ob21lL3J1bm5lci93b3JrL0dPL0dPL2lzb2xhdGVkLXJ1bnRpbWUvbGliL3B5dGhvbjMuMTMvc2l0ZS1wYWNrYWdlcy9wbHVnZ3kvX21hbmFnZXIucHkiLCBsaW5lIDEyMCwgaW4gX2hvb2tleGVjCiAgICB8ICAgICByZXR1cm4gc2VsZi5faW5uZXJfaG9va2V4ZWMoaG9va19uYW1lLCBtZXRob2RzLCBrd2FyZ3MsIGZpcnN0cmVzdWx0KQogICAgfCAgICAgICAgICAgIH5+fn5+fn5+fn5+fn5+fn5+fn5+Xl5eXl5eXl5eXl5eXl5eXl5eXl5eXl5eXl5eXl5eXl5eXl5eXl5eXl4KICAgIHwg
2026-09-10T03:32:03.9856055Z GO_EVIDENCE_B64 ICBGaWxlICIvaG9tZS9ydW5uZXIvd29yay9HTy9HTy9pc29sYXRlZC1ydW50aW1lL2xpYi9weXRob24zLjEzL3NpdGUtcGFja2FnZXMvcGx1Z2d5L19jYWxsZXJzLnB5IiwgbGluZSAxNjcsIGluIF9tdWx0aWNhbGwKICAgIHwgICAgIHJhaXNlIGV4Y2VwdGlvbgogICAgfCAgIEZpbGUgIi9ob21lL3J1bm5lci93b3JrL0dPL0dPL2lzb2xhdGVkLXJ1bnRpbWUvbGliL3B5dGhvbjMuMTMvc2l0ZS1wYWNrYWdlcy9wbHVnZ3kvX2NhbGxlcnMucHkiLCBsaW5lIDEzOSwgaW4gX211bHRpY2FsbAogICAgfCAgICAgdGVhcmRvd24udGhy
2026-09-10T03:32:03.9873001Z GO_EVIDENCE_B64 b3coZXhjZXB0aW9uKQogICAgfCAgICAgfn5+fn5+fn5+fn5+fn5eXl5eXl5eXl5eXgogICAgfCAgIEZpbGUgIi9ob21lL3J1bm5lci93b3JrL0dPL0dPL2lzb2xhdGVkLXJ1bnRpbWUvbGliL3B5dGhvbjMuMTMvc2l0ZS1wYWNrYWdlcy9wbHVnZ3kvX2NhbGxlcnMucHkiLCBsaW5lIDUzLCBpbiBydW5fb2xkX3N0eWxlX2hvb2t3cmFwcGVyCiAgICB8ICAgICByZXR1cm4gcmVzdWx0LmdldF9yZXN1bHQoKQogICAgfCAgICAgICAgICAgIH5+fn5+fn5+fn5+fn5+fn5+Xl4KICAgIHwgICBGaWxlICIvaG9tZS9ydW5uZXIvd29yay9H
2026-09-10T03:32:03.9878892Z GO_EVIDENCE_B64 Ty9HTy9pc29sYXRlZC1ydW50aW1lL2xpYi9weXRob24zLjEzL3NpdGUtcGFja2FnZXMvcGx1Z2d5L19yZXN1bHQucHkiLCBsaW5lIDEwMywgaW4gZ2V0X3Jlc3VsdAogICAgfCAgICAgcmFpc2UgZXhjLndpdGhfdHJhY2ViYWNrKHRiKQogICAgfCAgIEZpbGUgIi9ob21lL3J1bm5lci93b3JrL0dPL0dPL2lzb2xhdGVkLXJ1bnRpbWUvbGliL3B5dGhvbjMuMTMvc2l0ZS1wYWNrYWdlcy9wbHVnZ3kvX2NhbGxlcnMucHkiLCBsaW5lIDM4LCBpbiBydW5fb2xkX3N0eWxlX2hvb2t3cmFwcGVyCiAgICB8ICAgICByZXMgPSB5aWVsZAog
2026-09-10T03:32:03.9884539Z GO_EVIDENCE_B64 ICAgfCAgICAgICAgICAgXl5eXl4KICAgIHwgICBGaWxlICIvaG9tZS9ydW5uZXIvd29yay9HTy9HTy9pc29sYXRlZC1ydW50aW1lL2xpYi9weXRob24zLjEzL3NpdGUtcGFja2FnZXMvcGx1Z2d5L19jYWxsZXJzLnB5IiwgbGluZSAxMjEsIGluIF9tdWx0aWNhbGwKICAgIHwgICAgIHJlcyA9IGhvb2tfaW1wbC5mdW5jdGlvbigqYXJncykKICAgIHwgICBGaWxlICIvaG9tZS9ydW5uZXIvd29yay9HTy9HTy9pc29sYXRlZC1ydW50aW1lL2xpYi9weXRob24zLjEzL3NpdGUtcGFja2FnZXMvX3B5dGVzdC9weXRob24ucHkiLCBsaW5l
2026-09-10T03:32:03.9890483Z GO_EVIDENCE_B64 IDE2NiwgaW4gcHl0ZXN0X3B5ZnVuY19jYWxsCiAgICB8ICAgICByZXN1bHQgPSB0ZXN0ZnVuY3Rpb24oKip0ZXN0YXJncykKICAgIHwgICBGaWxlICIvaG9tZS9ydW5uZXIvd29yay9HTy9HTy9yZXN0b3JlZC90ZXN0cy90ZXN0X2RlcHRoMzRfaG90ZWxfcXVvdGVfcmVhZC5weSIsIGxpbmUgMTgsIGluIHRlc3RfZXhhY3RfcXVvdGVfcmVhZF9pc19pbW11dGFibGVfYW5kX2RvZXNfbm90X2NyZWF0ZV9uZXdfcXVvdGVfb3JfZXhlY3V0ZQogICAgfCAgICAgZm9yIF8gaW4gcmFuZ2UoMik6YXNzZXJ0IGRhdGEoY2xpZW50LmdldChw
2026-09-10T03:32:03.9896363Z GO_EVIDENCE_B64 YXRoLGhlYWRlcnM9aCkpPT1xCiAgICB8ICAgICAgICAgICAgICAgICAgICAgICAgICAgICAgICAgICB+fn5+fn5+fn5+Xl5eXl5eXl5eXl5eXl5eXgogICAgfCAgIEZpbGUgIi9ob21lL3J1bm5lci93b3JrL0dPL0dPL2lzb2xhdGVkLXJ1bnRpbWUvbGliL3B5dGhvbjMuMTMvc2l0ZS1wYWNrYWdlcy9zdGFybGV0dGUvdGVzdGNsaWVudC5weSIsIGxpbmUgNDczLCBpbiBnZXQKICAgIHwgICAgIHJldHVybiBzdXBlcigpLmdldCgKICAgIHwgICAgICAgICAgICB+fn5+fn5+fn5+fl4KICAgIHwgICAgICAgICB1cmwsCiAgICB8ICAg
2026-09-10T03:32:03.9902335Z GO_EVIDENCE_B64 ICAgICAgXl5eXgogICAgfCAgICAgLi4uJmx0OzYgbGluZXMmZ3Q7Li4uCiAgICB8ICAgICAgICAgZXh0ZW5zaW9ucz1leHRlbnNpb25zLAogICAgfCAgICAgICAgIF5eXl5eXl5eXl5eXl5eXl5eXl5eXl4KICAgIHwgICAgICkKICAgIHwgICAgIF4KICAgIHwgICBGaWxlICIvaG9tZS9ydW5uZXIvd29yay9HTy9HTy9pc29sYXRlZC1ydW50aW1lL2xpYi9weXRob24zLjEzL3NpdGUtcGFja2FnZXMvaHR0cHgvX2NsaWVudC5weSIsIGxpbmUgMTA1MywgaW4gZ2V0CiAgICB8ICAgICByZXR1cm4gc2VsZi5yZXF1ZXN0KAogICAgfCAg
2026-09-10T03:32:03.9908256Z GO_EVIDENCE_B64 ICAgICAgICAgIH5+fn5+fn5+fn5+fl4KICAgIHwgICAgICAgICAiR0VUIiwKICAgIHwgICAgICAgICBeXl5eXl4KICAgIHwgICAgIC4uLiZsdDs3IGxpbmVzJmd0Oy4uLgogICAgfCAgICAgICAgIGV4dGVuc2lvbnM9ZXh0ZW5zaW9ucywKICAgIHwgICAgICAgICBeXl5eXl5eXl5eXl5eXl5eXl5eXl5eCiAgICB8ICAgICApCiAgICB8ICAgICBeCiAgICB8ICAgRmlsZSAiL2hvbWUvcnVubmVyL3dvcmsvR08vR08vaXNvbGF0ZWQtcnVudGltZS9saWIvcHl0aG9uMy4xMy9zaXRlLXBhY2thZ2VzL3N0YXJsZXR0ZS90ZXN0Y2xpZW50
2026-09-10T03:32:03.9914143Z GO_EVIDENCE_B64 LnB5IiwgbGluZSA0NDUsIGluIHJlcXVlc3QKICAgIHwgICAgIHJldHVybiBzdXBlcigpLnJlcXVlc3QoCiAgICB8ICAgICAgICAgICAgfn5+fn5+fn5+fn5+fn5+XgogICAgfCAgICAgICAgIG1ldGhvZCwKICAgIHwgICAgICAgICBeXl5eXl5eCiAgICB8ICAgICAuLi4mbHQ7MTEgbGluZXMmZ3Q7Li4uCiAgICB8ICAgICAgICAgZXh0ZW5zaW9ucz1leHRlbnNpb25zLAogICAgfCAgICAgICAgIF5eXl5eXl5eXl5eXl5eXl5eXl5eXl4KICAgIHwgICAgICkKICAgIHwgICAgIF4KICAgIHwgICBGaWxlICIvaG9tZS9ydW5uZXIvd29y
2026-09-10T03:32:03.9920025Z GO_EVIDENCE_B64 ay9HTy9HTy9pc29sYXRlZC1ydW50aW1lL2xpYi9weXRob24zLjEzL3NpdGUtcGFja2FnZXMvaHR0cHgvX2NsaWVudC5weSIsIGxpbmUgODI1LCBpbiByZXF1ZXN0CiAgICB8ICAgICByZXR1cm4gc2VsZi5zZW5kKHJlcXVlc3QsIGF1dGg9YXV0aCwgZm9sbG93X3JlZGlyZWN0cz1mb2xsb3dfcmVkaXJlY3RzKQogICAgfCAgICAgICAgICAgIH5+fn5+fn5+fl5eXl5eXl5eXl5eXl5eXl5eXl5eXl5eXl5eXl5eXl5eXl5eXl5eXl5eXl5eXl5eXl5eXl5eXl4KICAgIHwgICBGaWxlICIvaG9tZS9ydW5uZXIvd29yay9HTy9HTy9pc29s
2026-09-10T03:32:03.9926011Z GO_EVIDENCE_B64 YXRlZC1ydW50aW1lL2xpYi9weXRob24zLjEzL3NpdGUtcGFja2FnZXMvaHR0cHgvX2NsaWVudC5weSIsIGxpbmUgOTE0LCBpbiBzZW5kCiAgICB8ICAgICByZXNwb25zZSA9IHNlbGYuX3NlbmRfaGFuZGxpbmdfYXV0aCgKICAgIHwgICAgICAgICByZXF1ZXN0LAogICAgfCAgICAgLi4uJmx0OzIgbGluZXMmZ3Q7Li4uCiAgICB8ICAgICAgICAgaGlzdG9yeT1bXSwKICAgIHwgICAgICkKICAgIHwgICBGaWxlICIvaG9tZS9ydW5uZXIvd29yay9HTy9HTy9pc29sYXRlZC1ydW50aW1lL2xpYi9weXRob24zLjEzL3NpdGUtcGFja2Fn
2026-09-10T03:32:03.9931767Z GO_EVIDENCE_B64 ZXMvaHR0cHgvX2NsaWVudC5weSIsIGxpbmUgOTQyLCBpbiBfc2VuZF9oYW5kbGluZ19hdXRoCiAgICB8ICAgICByZXNwb25zZSA9IHNlbGYuX3NlbmRfaGFuZGxpbmdfcmVkaXJlY3RzKAogICAgfCAgICAgICAgIHJlcXVlc3QsCiAgICB8ICAgICAgICAgZm9sbG93X3JlZGlyZWN0cz1mb2xsb3dfcmVkaXJlY3RzLAogICAgfCAgICAgICAgIGhpc3Rvcnk9aGlzdG9yeSwKICAgIHwgICAgICkKICAgIHwgICBGaWxlICIvaG9tZS9ydW5uZXIvd29yay9HTy9HTy9pc29sYXRlZC1ydW50aW1lL2xpYi9weXRob24zLjEzL3NpdGUtcGFj
2026-09-10T03:32:03.9937667Z GO_EVIDENCE_B64 a2FnZXMvaHR0cHgvX2NsaWVudC5weSIsIGxpbmUgOTc5LCBpbiBfc2VuZF9oYW5kbGluZ19yZWRpcmVjdHMKICAgIHwgICAgIHJlc3BvbnNlID0gc2VsZi5fc2VuZF9zaW5nbGVfcmVxdWVzdChyZXF1ZXN0KQogICAgfCAgIEZpbGUgIi9ob21lL3J1bm5lci93b3JrL0dPL0dPL2lzb2xhdGVkLXJ1bnRpbWUvbGliL3B5dGhvbjMuMTMvc2l0ZS1wYWNrYWdlcy9odHRweC9fY2xpZW50LnB5IiwgbGluZSAxMDE0LCBpbiBfc2VuZF9zaW5nbGVfcmVxdWVzdAogICAgfCAgICAgcmVzcG9uc2UgPSB0cmFuc3BvcnQuaGFuZGxlX3JlcXVl
2026-09-10T03:32:03.9943356Z GO_EVIDENCE_B64 c3QocmVxdWVzdCkKICAgIHwgICBGaWxlICIvaG9tZS9ydW5uZXIvd29yay9HTy9HTy9pc29sYXRlZC1ydW50aW1lL2xpYi9weXRob24zLjEzL3NpdGUtcGFja2FnZXMvc3RhcmxldHRlL3Rlc3RjbGllbnQucHkiLCBsaW5lIDM0OCwgaW4gaGFuZGxlX3JlcXVlc3QKICAgIHwgICAgIHJhaXNlIGV4YwogICAgfCAgIEZpbGUgIi9ob21lL3J1bm5lci93b3JrL0dPL0dPL2lzb2xhdGVkLXJ1bnRpbWUvbGliL3B5dGhvbjMuMTMvc2l0ZS1wYWNrYWdlcy9zdGFybGV0dGUvdGVzdGNsaWVudC5weSIsIGxpbmUgMzQ1LCBpbiBoYW5kbGVf
2026-09-10T03:32:03.9949114Z GO_EVIDENCE_B64 cmVxdWVzdAogICAgfCAgICAgcG9ydGFsLmNhbGwoc2VsZi5hcHAsIHNjb3BlLCByZWNlaXZlLCBzZW5kKQogICAgfCAgICAgfn5+fn5+fn5+fn5eXl5eXl5eXl5eXl5eXl5eXl5eXl5eXl5eXl5eXl5eXgogICAgfCAgIEZpbGUgIi9ob21lL3J1bm5lci93b3JrL0dPL0dPL2lzb2xhdGVkLXJ1bnRpbWUvbGliL3B5dGhvbjMuMTMvc2l0ZS1wYWNrYWdlcy9hbnlpby9mcm9tX3RocmVhZC5weSIsIGxpbmUgMzM0LCBpbiBjYWxsCiAgICB8ICAgICByZXR1cm4gY2FzdChUX1JldHZhbCwgc2VsZi5zdGFydF90YXNrX3Nvb24oZnVuYywg
2026-09-10T03:32:03.9954911Z GO_EVIDENCE_B64 KmFyZ3MpLnJlc3VsdCgpKQogICAgfCAgICAgICAgICAgICAgICAgICAgICAgICAgIH5+fn5+fn5+fn5+fn5+fn5+fn5+fn5+fn5+fn5+fn5+fn5+fn5+fn5eXgogICAgfCAgIEZpbGUgIi9vcHQvaG9zdGVkdG9vbGNhY2hlL1B5dGhvbi8zLjEzLjUveDY0L2xpYi9weXRob24zLjEzL2NvbmN1cnJlbnQvZnV0dXJlcy9fYmFzZS5weSIsIGxpbmUgNDU2LCBpbiByZXN1bHQKICAgIHwgICAgIHJldHVybiBzZWxmLl9fZ2V0X3Jlc3VsdCgpCiAgICB8ICAgICAgICAgICAgfn5+fn5+fn5+fn5+fn5+fn5eXgogICAgfCAgIEZpbGUgIi9v
2026-09-10T03:32:03.9960634Z GO_EVIDENCE_B64 cHQvaG9zdGVkdG9vbGNhY2hlL1B5dGhvbi8zLjEzLjUveDY0L2xpYi9weXRob24zLjEzL2NvbmN1cnJlbnQvZnV0dXJlcy9fYmFzZS5weSIsIGxpbmUgNDAxLCBpbiBfX2dldF9yZXN1bHQKICAgIHwgICAgIHJhaXNlIHNlbGYuX2V4Y2VwdGlvbgogICAgfCAgIEZpbGUgIi9ob21lL3J1bm5lci93b3JrL0dPL0dPL2lzb2xhdGVkLXJ1bnRpbWUvbGliL3B5dGhvbjMuMTMvc2l0ZS1wYWNrYWdlcy9hbnlpby9mcm9tX3RocmVhZC5weSIsIGxpbmUgMjU5LCBpbiBfY2FsbF9mdW5jCiAgICB8ICAgICByZXR2YWwgPSBhd2FpdCByZXR2
2026-09-10T03:32:03.9966601Z GO_EVIDENCE_B64 YWxfb3JfYXdhaXRhYmxlCiAgICB8ICAgICAgICAgICAgICBeXl5eXl5eXl5eXl5eXl5eXl5eXl5eXl5eCiAgICB8ICAgRmlsZSAiL2hvbWUvcnVubmVyL3dvcmsvR08vR08vaXNvbGF0ZWQtcnVudGltZS9saWIvcHl0aG9uMy4xMy9zaXRlLXBhY2thZ2VzL2Zhc3RhcGkvYXBwbGljYXRpb25zLnB5IiwgbGluZSAxMTM4LCBpbiBfX2NhbGxfXwogICAgfCAgICAgYXdhaXQgc3VwZXIoKS5fX2NhbGxfXyhzY29wZSwgcmVjZWl2ZSwgc2VuZCkKICAgIHwgICBGaWxlICIvaG9tZS9ydW5uZXIvd29yay9HTy9HTy9pc29sYXRlZC1ydW50
2026-09-10T03:32:03.9972307Z GO_EVIDENCE_B64 aW1lL2xpYi9weXRob24zLjEzL3NpdGUtcGFja2FnZXMvc3RhcmxldHRlL2FwcGxpY2F0aW9ucy5weSIsIGxpbmUgMTA3LCBpbiBfX2NhbGxfXwogICAgfCAgICAgYXdhaXQgc2VsZi5taWRkbGV3YXJlX3N0YWNrKHNjb3BlLCByZWNlaXZlLCBzZW5kKQogICAgfCAgIEZpbGUgIi9ob21lL3J1bm5lci93b3JrL0dPL0dPL2lzb2xhdGVkLXJ1bnRpbWUvbGliL3B5dGhvbjMuMTMvc2l0ZS1wYWNrYWdlcy9zdGFybGV0dGUvbWlkZGxld2FyZS9lcnJvcnMucHkiLCBsaW5lIDE4NiwgaW4gX19jYWxsX18KICAgIHwgICAgIHJhaXNlIGV4
2026-09-10T03:32:03.9978047Z GO_EVIDENCE_B64 YwogICAgfCAgIEZpbGUgIi9ob21lL3J1bm5lci93b3JrL0dPL0dPL2lzb2xhdGVkLXJ1bnRpbWUvbGliL3B5dGhvbjMuMTMvc2l0ZS1wYWNrYWdlcy9zdGFybGV0dGUvbWlkZGxld2FyZS9lcnJvcnMucHkiLCBsaW5lIDE2NCwgaW4gX19jYWxsX18KICAgIHwgICAgIGF3YWl0IHNlbGYuYXBwKHNjb3BlLCByZWNlaXZlLCBfc2VuZCkKICAgIHwgICBGaWxlICIvaG9tZS9ydW5uZXIvd29yay9HTy9HTy9pc29sYXRlZC1ydW50aW1lL2xpYi9weXRob24zLjEzL3NpdGUtcGFja2FnZXMvc3RhcmxldHRlL21pZGRsZXdhcmUvYmFzZS5w
2026-09-10T03:32:03.9983699Z GO_EVIDENCE_B64 eSIsIGxpbmUgMTkxLCBpbiBfX2NhbGxfXwogICAgfCAgICAgd2l0aCByZWN2X3N0cmVhbSwgc2VuZF9zdHJlYW0sIGNvbGxhcHNlX2V4Y2dyb3VwcygpOgogICAgfCAgICAgICAgICAgICAgICAgICAgICAgICAgICAgICAgICAgIH5+fn5+fn5+fn5+fn5+fn5+fl5eCiAgICB8ICAgRmlsZSAiL29wdC9ob3N0ZWR0b29sY2FjaGUvUHl0aG9uLzMuMTMuNS94NjQvbGliL3B5dGhvbjMuMTMvY29udGV4dGxpYi5weSIsIGxpbmUgMTYyLCBpbiBfX2V4aXRfXwogICAgfCAgICAgc2VsZi5nZW4udGhyb3codmFsdWUpCiAgICB8ICAgICB+
2026-09-10T03:32:03.9989391Z GO_EVIDENCE_B64 fn5+fn5+fn5+fn5+fl5eXl5eXl4KICAgIHwgICBGaWxlICIvaG9tZS9ydW5uZXIvd29yay9HTy9HTy9pc29sYXRlZC1ydW50aW1lL2xpYi9weXRob24zLjEzL3NpdGUtcGFja2FnZXMvc3RhcmxldHRlL191dGlscy5weSIsIGxpbmUgODUsIGluIGNvbGxhcHNlX2V4Y2dyb3VwcwogICAgfCAgICAgcmFpc2UgZXhjCiAgICB8ICAgRmlsZSAiL2hvbWUvcnVubmVyL3dvcmsvR08vR08vaXNvbGF0ZWQtcnVudGltZS9saWIvcHl0aG9uMy4xMy9zaXRlLXBhY2thZ2VzL3N0YXJsZXR0ZS9taWRkbGV3YXJlL2Jhc2UucHkiLCBsaW5lIDE5
2026-09-10T03:32:03.9994997Z GO_EVIDENCE_B64 MywgaW4gX19jYWxsX18KICAgIHwgICAgIHJlc3BvbnNlID0gYXdhaXQgc2VsZi5kaXNwYXRjaF9mdW5jKHJlcXVlc3QsIGNhbGxfbmV4dCkKICAgIHwgICAgICAgICAgICAgICAgXl5eXl5eXl5eXl5eXl5eXl5eXl5eXl5eXl5eXl5eXl5eXl5eXl5eXl5eXl4KICAgIHwgICBGaWxlICIvaG9tZS9ydW5uZXIvd29yay9HTy9HTy9yZXN0b3JlZC9zcmMvZ29faG90ZWwvbWFpbi5weSIsIGxpbmUgMjgyLCBpbiBkaXNwYXRjaAogICAgfCAgICAgcmVzcG9uc2U9YXdhaXQgY2FsbF9uZXh0KHJlcXVlc3QpCiAgICB8ICAgICAgICAgICAg
2026-09-10T03:32:04.0000759Z GO_EVIDENCE_B64 ICBeXl5eXl5eXl5eXl5eXl5eXl5eXl5eXl4KICAgIHwgICBGaWxlICIvaG9tZS9ydW5uZXIvd29yay9HTy9HTy9pc29sYXRlZC1ydW50aW1lL2xpYi9weXRob24zLjEzL3NpdGUtcGFja2FnZXMvc3RhcmxldHRlL21pZGRsZXdhcmUvYmFzZS5weSIsIGxpbmUgMTY4LCBpbiBjYWxsX25leHQKICAgIHwgICAgIHJhaXNlIGFwcF9leGMgZnJvbSBhcHBfZXhjLl9fY2F1c2VfXyBvciBhcHBfZXhjLl9fY29udGV4dF9fCiAgICB8ICAgRmlsZSAiL2hvbWUvcnVubmVyL3dvcmsvR08vR08vaXNvbGF0ZWQtcnVudGltZS9saWIvcHl0aG9u
2026-09-10T03:32:04.0006621Z GO_EVIDENCE_B64 My4xMy9zaXRlLXBhY2thZ2VzL3N0YXJsZXR0ZS9taWRkbGV3YXJlL2Jhc2UucHkiLCBsaW5lIDE0NCwgaW4gY29ybwogICAgfCAgICAgYXdhaXQgc2VsZi5hcHAoc2NvcGUsIHJlY2VpdmVfb3JfZGlzY29ubmVjdCwgc2VuZF9ub19lcnJvcikKICAgIHwgICBGaWxlICIvaG9tZS9ydW5uZXIvd29yay9HTy9HTy9pc29sYXRlZC1ydW50aW1lL2xpYi9weXRob24zLjEzL3NpdGUtcGFja2FnZXMvc3RhcmxldHRlL21pZGRsZXdhcmUvYmFzZS5weSIsIGxpbmUgMTkxLCBpbiBfX2NhbGxfXwogICAgfCAgICAgd2l0aCByZWN2X3N0cmVh
2026-09-10T03:32:04.0012253Z GO_EVIDENCE_B64 bSwgc2VuZF9zdHJlYW0sIGNvbGxhcHNlX2V4Y2dyb3VwcygpOgogICAgfCAgICAgICAgICAgICAgICAgICAgICAgICAgICAgICAgICAgIH5+fn5+fn5+fn5+fn5+fn5+fl5eCiAgICB8ICAgRmlsZSAiL29wdC9ob3N0ZWR0b29sY2FjaGUvUHl0aG9uLzMuMTMuNS94NjQvbGliL3B5dGhvbjMuMTMvY29udGV4dGxpYi5weSIsIGxpbmUgMTYyLCBpbiBfX2V4aXRfXwogICAgfCAgICAgc2VsZi5nZW4udGhyb3codmFsdWUpCiAgICB8ICAgICB+fn5+fn5+fn5+fn5+fl5eXl5eXl4KICAgIHwgICBGaWxlICIvaG9tZS9ydW5uZXIvd29y
2026-09-10T03:32:04.0018098Z GO_EVIDENCE_B64 ay9HTy9HTy9pc29sYXRlZC1ydW50aW1lL2xpYi9weXRob24zLjEzL3NpdGUtcGFja2FnZXMvc3RhcmxldHRlL191dGlscy5weSIsIGxpbmUgODUsIGluIGNvbGxhcHNlX2V4Y2dyb3VwcwogICAgfCAgICAgcmFpc2UgZXhjCiAgICB8ICAgRmlsZSAiL2hvbWUvcnVubmVyL3dvcmsvR08vR08vaXNvbGF0ZWQtcnVudGltZS9saWIvcHl0aG9uMy4xMy9zaXRlLXBhY2thZ2VzL3N0YXJsZXR0ZS9taWRkbGV3YXJlL2Jhc2UucHkiLCBsaW5lIDE5MywgaW4gX19jYWxsX18KICAgIHwgICAgIHJlc3BvbnNlID0gYXdhaXQgc2VsZi5kaXNw
2026-09-10T03:32:04.0023754Z GO_EVIDENCE_B64 YXRjaF9mdW5jKHJlcXVlc3QsIGNhbGxfbmV4dCkKICAgIHwgICAgICAgICAgICAgICAgXl5eXl5eXl5eXl5eXl5eXl5eXl5eXl5eXl5eXl5eXl5eXl5eXl5eXl5eXl4KICAgIHwgICBGaWxlICIvaG9tZS9ydW5uZXIvd29yay9HTy9HTy9yZXN0b3JlZC9zcmMvZ29faG90ZWwvbWFpbi5weSIsIGxpbmUgMjUzLCBpbiBkaXNwYXRjaAogICAgfCAgICAgcmVzcG9uc2U9YXdhaXQgY2FsbF9uZXh0KHJlcXVlc3QpCiAgICB8ICAgICAgICAgICAgICBeXl5eXl5eXl5eXl5eXl5eXl5eXl5eXl4KICAgIHwgICBGaWxlICIvaG9tZS9ydW5u
2026-09-10T03:32:04.0029498Z GO_EVIDENCE_B64 ZXIvd29yay9HTy9HTy9pc29sYXRlZC1ydW50aW1lL2xpYi9weXRob24zLjEzL3NpdGUtcGFja2FnZXMvc3RhcmxldHRlL21pZGRsZXdhcmUvYmFzZS5weSIsIGxpbmUgMTY4LCBpbiBjYWxsX25leHQKICAgIHwgICAgIHJhaXNlIGFwcF9leGMgZnJvbSBhcHBfZXhjLl9fY2F1c2VfXyBvciBhcHBfZXhjLl9fY29udGV4dF9fCiAgICB8ICAgRmlsZSAiL2hvbWUvcnVubmVyL3dvcmsvR08vR08vaXNvbGF0ZWQtcnVudGltZS9saWIvcHl0aG9uMy4xMy9zaXRlLXBhY2thZ2VzL3N0YXJsZXR0ZS9taWRkbGV3YXJlL2Jhc2UucHkiLCBs
2026-09-10T03:32:04.0035146Z GO_EVIDENCE_B64 aW5lIDE0NCwgaW4gY29ybwogICAgfCAgICAgYXdhaXQgc2VsZi5hcHAoc2NvcGUsIHJlY2VpdmVfb3JfZGlzY29ubmVjdCwgc2VuZF9ub19lcnJvcikKICAgIHwgICBGaWxlICIvaG9tZS9ydW5uZXIvd29yay9HTy9HTy9pc29sYXRlZC1ydW50aW1lL2xpYi9weXRob24zLjEzL3NpdGUtcGFja2FnZXMvc3RhcmxldHRlL21pZGRsZXdhcmUvYmFzZS5weSIsIGxpbmUgMTkxLCBpbiBfX2NhbGxfXwogICAgfCAgICAgd2l0aCByZWN2X3N0cmVhbSwgc2VuZF9zdHJlYW0sIGNvbGxhcHNlX2V4Y2dyb3VwcygpOgogICAgfCAgICAgICAg
2026-09-10T03:32:04.0040874Z GO_EVIDENCE_B64 ICAgICAgICAgICAgICAgICAgICAgICAgICAgIH5+fn5+fn5+fn5+fn5+fn5+fl5eCiAgICB8ICAgRmlsZSAiL29wdC9ob3N0ZWR0b29sY2FjaGUvUHl0aG9uLzMuMTMuNS94NjQvbGliL3B5dGhvbjMuMTMvY29udGV4dGxpYi5weSIsIGxpbmUgMTYyLCBpbiBfX2V4aXRfXwogICAgfCAgICAgc2VsZi5nZW4udGhyb3codmFsdWUpCiAgICB8ICAgICB+fn5+fn5+fn5+fn5+fl5eXl5eXl4KICAgIHwgICBGaWxlICIvaG9tZS9ydW5uZXIvd29yay9HTy9HTy9pc29sYXRlZC1ydW50aW1lL2xpYi9weXRob24zLjEzL3NpdGUtcGFja2Fn
2026-09-10T03:32:04.0046599Z GO_EVIDENCE_B64 ZXMvc3RhcmxldHRlL191dGlscy5weSIsIGxpbmUgODUsIGluIGNvbGxhcHNlX2V4Y2dyb3VwcwogICAgfCAgICAgcmFpc2UgZXhjCiAgICB8ICAgRmlsZSAiL2hvbWUvcnVubmVyL3dvcmsvR08vR08vaXNvbGF0ZWQtcnVudGltZS9saWIvcHl0aG9uMy4xMy9zaXRlLXBhY2thZ2VzL3N0YXJsZXR0ZS9taWRkbGV3YXJlL2Jhc2UucHkiLCBsaW5lIDE5MywgaW4gX19jYWxsX18KICAgIHwgICAgIHJlc3BvbnNlID0gYXdhaXQgc2VsZi5kaXNwYXRjaF9mdW5jKHJlcXVlc3QsIGNhbGxfbmV4dCkKICAgIHwgICAgICAgICAgICAgICAg
2026-09-10T03:32:04.0052221Z GO_EVIDENCE_B64 Xl5eXl5eXl5eXl5eXl5eXl5eXl5eXl5eXl5eXl5eXl5eXl5eXl5eXl5eXl4KICAgIHwgICBGaWxlICIvaG9tZS9ydW5uZXIvd29yay9HTy9HTy9yZXN0b3JlZC9zcmMvZ29faG90ZWwvbWFpbi5weSIsIGxpbmUgMjA3LCBpbiBkaXNwYXRjaAogICAgfCAgICAgcmVzcG9uc2U9YXdhaXQgY2FsbF9uZXh0KHJlcXVlc3QpCiAgICB8ICAgICAgICAgICAgICBeXl5eXl5eXl5eXl5eXl5eXl5eXl5eXl4KICAgIHwgICBGaWxlICIvaG9tZS9ydW5uZXIvd29yay9HTy9HTy9pc29sYXRlZC1ydW50aW1lL2xpYi9weXRob24zLjEzL3NpdGUt
2026-09-10T03:32:04.0058099Z GO_EVIDENCE_B64 cGFja2FnZXMvc3RhcmxldHRlL21pZGRsZXdhcmUvYmFzZS5weSIsIGxpbmUgMTY4LCBpbiBjYWxsX25leHQKICAgIHwgICAgIHJhaXNlIGFwcF9leGMgZnJvbSBhcHBfZXhjLl9fY2F1c2VfXyBvciBhcHBfZXhjLl9fY29udGV4dF9fCiAgICB8ICAgRmlsZSAiL2hvbWUvcnVubmVyL3dvcmsvR08vR08vaXNvbGF0ZWQtcnVudGltZS9saWIvcHl0aG9uMy4xMy9zaXRlLXBhY2thZ2VzL3N0YXJsZXR0ZS9taWRkbGV3YXJlL2Jhc2UucHkiLCBsaW5lIDE0NCwgaW4gY29ybwogICAgfCAgICAgYXdhaXQgc2VsZi5hcHAoc2NvcGUsIHJl
2026-09-10T03:32:04.0063773Z GO_EVIDENCE_B64 Y2VpdmVfb3JfZGlzY29ubmVjdCwgc2VuZF9ub19lcnJvcikKICAgIHwgICBGaWxlICIvaG9tZS9ydW5uZXIvd29yay9HTy9HTy9pc29sYXRlZC1ydW50aW1lL2xpYi9weXRob24zLjEzL3NpdGUtcGFja2FnZXMvc3RhcmxldHRlL21pZGRsZXdhcmUvZXhjZXB0aW9ucy5weSIsIGxpbmUgNjMsIGluIF9fY2FsbF9fCiAgICB8ICAgICBhd2FpdCB3cmFwX2FwcF9oYW5kbGluZ19leGNlcHRpb25zKHNlbGYuYXBwLCBjb25uKShzY29wZSwgcmVjZWl2ZSwgc2VuZCkKICAgIHwgICBGaWxlICIvaG9tZS9ydW5uZXIvd29yay9HTy9HTy9p
2026-09-10T03:32:04.0069508Z GO_EVIDENCE_B64 c29sYXRlZC1ydW50aW1lL2xpYi9weXRob24zLjEzL3NpdGUtcGFja2FnZXMvc3RhcmxldHRlL19leGNlcHRpb25faGFuZGxlci5weSIsIGxpbmUgNTMsIGluIHdyYXBwZWRfYXBwCiAgICB8ICAgICByYWlzZSBleGMKICAgIHwgICBGaWxlICIvaG9tZS9ydW5uZXIvd29yay9HTy9HTy9pc29sYXRlZC1ydW50aW1lL2xpYi9weXRob24zLjEzL3NpdGUtcGFja2FnZXMvc3RhcmxldHRlL19leGNlcHRpb25faGFuZGxlci5weSIsIGxpbmUgNDIsIGluIHdyYXBwZWRfYXBwCiAgICB8ICAgICBhd2FpdCBhcHAoc2NvcGUsIHJlY2VpdmUs
2026-09-10T03:32:04.0075456Z GO_EVIDENCE_B64 IHNlbmRlcikKICAgIHwgICBGaWxlICIvaG9tZS9ydW5uZXIvd29yay9HTy9HTy9pc29sYXRlZC1ydW50aW1lL2xpYi9weXRob24zLjEzL3NpdGUtcGFja2FnZXMvZmFzdGFwaS9taWRkbGV3YXJlL2FzeW5jZXhpdHN0YWNrLnB5IiwgbGluZSAxOCwgaW4gX19jYWxsX18KICAgIHwgICAgIGF3YWl0IHNlbGYuYXBwKHNjb3BlLCByZWNlaXZlLCBzZW5kKQogICAgfCAgIEZpbGUgIi9ob21lL3J1bm5lci93b3JrL0dPL0dPL2lzb2xhdGVkLXJ1bnRpbWUvbGliL3B5dGhvbjMuMTMvc2l0ZS1wYWNrYWdlcy9zdGFybGV0dGUvcm91dGlu
2026-09-10T03:32:04.0081127Z GO_EVIDENCE_B64 Zy5weSIsIGxpbmUgNzE2LCBpbiBfX2NhbGxfXwogICAgfCAgICAgYXdhaXQgc2VsZi5taWRkbGV3YXJlX3N0YWNrKHNjb3BlLCByZWNlaXZlLCBzZW5kKQogICAgfCAgIEZpbGUgIi9ob21lL3J1bm5lci93b3JrL0dPL0dPL2lzb2xhdGVkLXJ1bnRpbWUvbGliL3B5dGhvbjMuMTMvc2l0ZS1wYWNrYWdlcy9zdGFybGV0dGUvcm91dGluZy5weSIsIGxpbmUgNzM2LCBpbiBhcHAKICAgIHwgICAgIGF3YWl0IHJvdXRlLmhhbmRsZShzY29wZSwgcmVjZWl2ZSwgc2VuZCkKICAgIHwgICBGaWxlICIvaG9tZS9ydW5uZXIvd29yay9HTy9H
2026-09-10T03:32:04.0086908Z GO_EVIDENCE_B64 Ty9pc29sYXRlZC1ydW50aW1lL2xpYi9weXRob24zLjEzL3NpdGUtcGFja2FnZXMvc3RhcmxldHRlL3JvdXRpbmcucHkiLCBsaW5lIDI5MCwgaW4gaGFuZGxlCiAgICB8ICAgICBhd2FpdCBzZWxmLmFwcChzY29wZSwgcmVjZWl2ZSwgc2VuZCkKICAgIHwgICBGaWxlICIvaG9tZS9ydW5uZXIvd29yay9HTy9HTy9pc29sYXRlZC1ydW50aW1lL2xpYi9weXRob24zLjEzL3NpdGUtcGFja2FnZXMvZmFzdGFwaS9yb3V0aW5nLnB5IiwgbGluZSAxMTUsIGluIGFwcAogICAgfCAgICAgYXdhaXQgd3JhcF9hcHBfaGFuZGxpbmdfZXhjZXB0
2026-09-10T03:32:04.0092553Z GO_EVIDENCE_B64 aW9ucyhhcHAsIHJlcXVlc3QpKHNjb3BlLCByZWNlaXZlLCBzZW5kKQogICAgfCAgIEZpbGUgIi9ob21lL3J1bm5lci93b3JrL0dPL0dPL2lzb2xhdGVkLXJ1bnRpbWUvbGliL3B5dGhvbjMuMTMvc2l0ZS1wYWNrYWdlcy9zdGFybGV0dGUvX2V4Y2VwdGlvbl9oYW5kbGVyLnB5IiwgbGluZSA1MywgaW4gd3JhcHBlZF9hcHAKICAgIHwgICAgIHJhaXNlIGV4YwogICAgfCAgIEZpbGUgIi9ob21lL3J1bm5lci93b3JrL0dPL0dPL2lzb2xhdGVkLXJ1bnRpbWUvbGliL3B5dGhvbjMuMTMvc2l0ZS1wYWNrYWdlcy9zdGFybGV0dGUvX2V4
2026-09-10T03:32:04.0098354Z GO_EVIDENCE_B64 Y2VwdGlvbl9oYW5kbGVyLnB5IiwgbGluZSA0MiwgaW4gd3JhcHBlZF9hcHAKICAgIHwgICAgIGF3YWl0IGFwcChzY29wZSwgcmVjZWl2ZSwgc2VuZGVyKQogICAgfCAgIEZpbGUgIi9ob21lL3J1bm5lci93b3JrL0dPL0dPL2lzb2xhdGVkLXJ1bnRpbWUvbGliL3B5dGhvbjMuMTMvc2l0ZS1wYWNrYWdlcy9mYXN0YXBpL3JvdXRpbmcucHkiLCBsaW5lIDEwMSwgaW4gYXBwCiAgICB8ICAgICByZXNwb25zZSA9IGF3YWl0IGYocmVxdWVzdCkKICAgIHwgICAgICAgICAgICAgICAgXl5eXl5eXl5eXl5eXl5eXgogICAgfCAgIEZpbGUg
2026-09-10T03:32:04.0103993Z GO_EVIDENCE_B64 Ii9ob21lL3J1bm5lci93b3JrL0dPL0dPL2lzb2xhdGVkLXJ1bnRpbWUvbGliL3B5dGhvbjMuMTMvc2l0ZS1wYWNrYWdlcy9mYXN0YXBpL3JvdXRpbmcucHkiLCBsaW5lIDM1NSwgaW4gYXBwCiAgICB8ICAgICByYXdfcmVzcG9uc2UgPSBhd2FpdCBydW5fZW5kcG9pbnRfZnVuY3Rpb24oCiAgICB8ICAgICAgICAgICAgICAgICAgICBeXl5eXl5eXl5eXl5eXl5eXl5eXl5eXl5eXl5eCiAgICB8ICAgICAuLi4mbHQ7MyBsaW5lcyZndDsuLi4KICAgIHwgICAgICkKICAgIHwgICAgIF4KICAgIHwgICBGaWxlICIvaG9tZS9ydW5uZXIv
2026-09-10T03:32:04.0109811Z GO_EVIDENCE_B64 d29yay9HTy9HTy9pc29sYXRlZC1ydW50aW1lL2xpYi9weXRob24zLjEzL3NpdGUtcGFja2FnZXMvZmFzdGFwaS9yb3V0aW5nLnB5IiwgbGluZSAyNDUsIGluIHJ1bl9lbmRwb2ludF9mdW5jdGlvbgogICAgfCAgICAgcmV0dXJuIGF3YWl0IHJ1bl9pbl90aHJlYWRwb29sKGRlcGVuZGFudC5jYWxsLCAqKnZhbHVlcykKICAgIHwgICAgICAgICAgICBeXl5eXl5eXl5eXl5eXl5eXl5eXl5eXl5eXl5eXl5eXl5eXl5eXl5eXl5eXl5eXl5eCiAgICB8ICAgRmlsZSAiL2hvbWUvcnVubmVyL3dvcmsvR08vR08vaXNvbGF0ZWQtcnVudGlt
2026-09-10T03:32:04.0115645Z GO_EVIDENCE_B64 ZS9saWIvcHl0aG9uMy4xMy9zaXRlLXBhY2thZ2VzL3N0YXJsZXR0ZS9jb25jdXJyZW5jeS5weSIsIGxpbmUgMzIsIGluIHJ1bl9pbl90aHJlYWRwb29sCiAgICB8ICAgICByZXR1cm4gYXdhaXQgYW55aW8udG9fdGhyZWFkLnJ1bl9zeW5jKGZ1bmMpCiAgICB8ICAgICAgICAgICAgXl5eXl5eXl5eXl5eXl5eXl5eXl5eXl5eXl5eXl5eXl5eXl5eCiAgICB8ICAgRmlsZSAiL2hvbWUvcnVubmVyL3dvcmsvR08vR08vaXNvbGF0ZWQtcnVudGltZS9saWIvcHl0aG9uMy4xMy9zaXRlLXBhY2thZ2VzL2FueWlvL3RvX3RocmVhZC5weSIs
2026-09-10T03:32:04.0121225Z GO_EVIDENCE_B64 IGxpbmUgNjMsIGluIHJ1bl9zeW5jCiAgICB8ICAgICByZXR1cm4gYXdhaXQgZ2V0X2FzeW5jX2JhY2tlbmQoKS5ydW5fc3luY19pbl93b3JrZXJfdGhyZWFkKAogICAgfCAgICAgICAgICAgIF5eXl5eXl5eXl5eXl5eXl5eXl5eXl5eXl5eXl5eXl5eXl5eXl5eXl5eXl5eXl5eXl5eXl4KICAgIHwgICAgICAgICBmdW5jLCBhcmdzLCBhYmFuZG9uX29uX2NhbmNlbD1hYmFuZG9uX29uX2NhbmNlbCwgbGltaXRlcj1saW1pdGVyCiAgICB8ICAgICAgICAgXl5eXl5eXl5eXl5eXl5eXl5eXl5eXl5eXl5eXl5eXl5eXl5eXl5eXl5eXl5e
2026-09-10T03:32:04.0127109Z GO_EVIDENCE_B64 Xl5eXl5eXl5eXl5eXl5eXl5eXgogICAgfCAgICAgKQogICAgfCAgICAgXgogICAgfCAgIEZpbGUgIi9ob21lL3J1bm5lci93b3JrL0dPL0dPL2lzb2xhdGVkLXJ1bnRpbWUvbGliL3B5dGhvbjMuMTMvc2l0ZS1wYWNrYWdlcy9hbnlpby9fYmFja2VuZHMvX2FzeW5jaW8ucHkiLCBsaW5lIDI1MTgsIGluIHJ1bl9zeW5jX2luX3dvcmtlcl90aHJlYWQKICAgIHwgICAgIHJldHVybiBhd2FpdCBmdXR1cmUKICAgIHwgICAgICAgICAgICBeXl5eXl5eXl5eXl4KICAgIHwgICBGaWxlICIvaG9tZS9ydW5uZXIvd29yay9HTy9HTy9pc29s
2026-09-10T03:32:04.0133363Z GO_EVIDENCE_B64 YXRlZC1ydW50aW1lL2xpYi9weXRob24zLjEzL3NpdGUtcGFja2FnZXMvYW55aW8vX2JhY2tlbmRzL19hc3luY2lvLnB5IiwgbGluZSAxMDAyLCBpbiBydW4KICAgIHwgICAgIHJlc3VsdCA9IGNvbnRleHQucnVuKGZ1bmMsICphcmdzKQogICAgfCAgIEZpbGUgIi9ob21lL3J1bm5lci93b3JrL0dPL0dPL3Jlc3RvcmVkL3NyYy9nb19ob3RlbC9hcGkvcm91dGVzL21vYmlsZS5weSIsIGxpbmUgOTYsIGluIG1vYmlsZV9leGlzdGluZ19jYW5jZWxfcXVvdGUKICAgIHwgICAgIHdpdGggU2Vzc2lvbkxvY2FsKCkgYXMgczoKICAgIHwg
2026-09-10T03:32:04.0139234Z GO_EVIDENCE_B64 ICAgICAgICAgXl5eXl5eXl5eXl5eCiAgICB8IE5hbWVFcnJvcjogbmFtZSAnU2Vzc2lvbkxvY2FsJyBpcyBub3QgZGVmaW5lZAogICAgKy0tLS0tLS0tLS0tLS0tLS0tLS0tLS0tLS0tLS0tLS0tLS0tLQoKVGhlIGFib3ZlIGV4Y2VwdGlvbiB3YXMgdGhlIGRpcmVjdCBjYXVzZSBvZiB0aGUgZm9sbG93aW5nIGV4Y2VwdGlvbjoKClRyYWNlYmFjayAobW9zdCByZWNlbnQgY2FsbCBsYXN0KToKICBGaWxlICIvaG9tZS9ydW5uZXIvd29yay9HTy9HTy9yZXN0b3JlZC90ZXN0cy90ZXN0X2RlcHRoMzRfaG90ZWxfcXVvdGVfcmVhZC5w
2026-09-10T03:32:04.0144915Z GO_EVIDENCE_B64 eSIsIGxpbmUgMTgsIGluIHRlc3RfZXhhY3RfcXVvdGVfcmVhZF9pc19pbW11dGFibGVfYW5kX2RvZXNfbm90X2NyZWF0ZV9uZXdfcXVvdGVfb3JfZXhlY3V0ZQogICAgZm9yIF8gaW4gcmFuZ2UoMik6YXNzZXJ0IGRhdGEoY2xpZW50LmdldChwYXRoLGhlYWRlcnM9aCkpPT1xCiAgICAgICAgICAgICAgICAgICAgICAgICAgICAgICAgICB+fn5+fn5+fn5+Xl5eXl5eXl5eXl5eXl5eXgogIEZpbGUgIi9ob21lL3J1bm5lci93b3JrL0dPL0dPL2lzb2xhdGVkLXJ1bnRpbWUvbGliL3B5dGhvbjMuMTMvc2l0ZS1wYWNrYWdlcy9zdGFy
2026-09-10T03:32:04.0150728Z GO_EVIDENCE_B64 bGV0dGUvdGVzdGNsaWVudC5weSIsIGxpbmUgNDczLCBpbiBnZXQKICAgIHJldHVybiBzdXBlcigpLmdldCgKICAgICAgICAgICB+fn5+fn5+fn5+fl4KICAgICAgICB1cmwsCiAgICAgICAgXl5eXgogICAgLi4uJmx0OzYgbGluZXMmZ3Q7Li4uCiAgICAgICAgZXh0ZW5zaW9ucz1leHRlbnNpb25zLAogICAgICAgIF5eXl5eXl5eXl5eXl5eXl5eXl5eXl4KICAgICkKICAgIF4KICBGaWxlICIvaG9tZS9ydW5uZXIvd29yay9HTy9HTy9pc29sYXRlZC1ydW50aW1lL2xpYi9weXRob24zLjEzL3NpdGUtcGFja2FnZXMvaHR0cHgvX2Ns
2026-09-10T03:32:04.0156521Z GO_EVIDENCE_B64 aWVudC5weSIsIGxpbmUgMTA1MywgaW4gZ2V0CiAgICByZXR1cm4gc2VsZi5yZXF1ZXN0KAogICAgICAgICAgIH5+fn5+fn5+fn5+fl4KICAgICAgICAiR0VUIiwKICAgICAgICBeXl5eXl4KICAgIC4uLiZsdDs3IGxpbmVzJmd0Oy4uLgogICAgICAgIGV4dGVuc2lvbnM9ZXh0ZW5zaW9ucywKICAgICAgICBeXl5eXl5eXl5eXl5eXl5eXl5eXl5eCiAgICApCiAgICBeCiAgRmlsZSAiL2hvbWUvcnVubmVyL3dvcmsvR08vR08vaXNvbGF0ZWQtcnVudGltZS9saWIvcHl0aG9uMy4xMy9zaXRlLXBhY2thZ2VzL3N0YXJsZXR0ZS90ZXN0
2026-09-10T03:32:04.0162166Z GO_EVIDENCE_B64 Y2xpZW50LnB5IiwgbGluZSA0NDUsIGluIHJlcXVlc3QKICAgIHJldHVybiBzdXBlcigpLnJlcXVlc3QoCiAgICAgICAgICAgfn5+fn5+fn5+fn5+fn5+XgogICAgICAgIG1ldGhvZCwKICAgICAgICBeXl5eXl5eCiAgICAuLi4mbHQ7MTEgbGluZXMmZ3Q7Li4uCiAgICAgICAgZXh0ZW5zaW9ucz1leHRlbnNpb25zLAogICAgICAgIF5eXl5eXl5eXl5eXl5eXl5eXl5eXl4KICAgICkKICAgIF4KICBGaWxlICIvaG9tZS9ydW5uZXIvd29yay9HTy9HTy9pc29sYXRlZC1ydW50aW1lL2xpYi9weXRob24zLjEzL3NpdGUtcGFja2FnZXMv
2026-09-10T03:32:04.0168529Z GO_EVIDENCE_B64 aHR0cHgvX2NsaWVudC5weSIsIGxpbmUgODI1LCBpbiByZXF1ZXN0CiAgICByZXR1cm4gc2VsZi5zZW5kKHJlcXVlc3QsIGF1dGg9YXV0aCwgZm9sbG93X3JlZGlyZWN0cz1mb2xsb3dfcmVkaXJlY3RzKQogICAgICAgICAgIH5+fn5+fn5+fl5eXl5eXl5eXl5eXl5eXl5eXl5eXl5eXl5eXl5eXl5eXl5eXl5eXl5eXl5eXl5eXl5eXl5eXl4KICBGaWxlICIvaG9tZS9ydW5uZXIvd29yay9HTy9HTy9pc29sYXRlZC1ydW50aW1lL2xpYi9weXRob24zLjEzL3NpdGUtcGFja2FnZXMvaHR0cHgvX2NsaWVudC5weSIsIGxpbmUgOTE0LCBp
2026-09-10T03:32:04.0174183Z GO_EVIDENCE_B64 biBzZW5kCiAgICByZXNwb25zZSA9IHNlbGYuX3NlbmRfaGFuZGxpbmdfYXV0aCgKICAgICAgICByZXF1ZXN0LAogICAgLi4uJmx0OzIgbGluZXMmZ3Q7Li4uCiAgICAgICAgaGlzdG9yeT1bXSwKICAgICkKICBGaWxlICIvaG9tZS9ydW5uZXIvd29yay9HTy9HTy9pc29sYXRlZC1ydW50aW1lL2xpYi9weXRob24zLjEzL3NpdGUtcGFja2FnZXMvaHR0cHgvX2NsaWVudC5weSIsIGxpbmUgOTQyLCBpbiBfc2VuZF9oYW5kbGluZ19hdXRoCiAgICByZXNwb25zZSA9IHNlbGYuX3NlbmRfaGFuZGxpbmdfcmVkaXJlY3RzKAogICAgICAg
2026-09-10T03:32:04.0180507Z GO_EVIDENCE_B64 IHJlcXVlc3QsCiAgICAgICAgZm9sbG93X3JlZGlyZWN0cz1mb2xsb3dfcmVkaXJlY3RzLAogICAgICAgIGhpc3Rvcnk9aGlzdG9yeSwKICAgICkKICBGaWxlICIvaG9tZS9ydW5uZXIvd29yay9HTy9HTy9pc29sYXRlZC1ydW50aW1lL2xpYi9weXRob24zLjEzL3NpdGUtcGFja2FnZXMvaHR0cHgvX2NsaWVudC5weSIsIGxpbmUgOTc5LCBpbiBfc2VuZF9oYW5kbGluZ19yZWRpcmVjdHMKICAgIHJlc3BvbnNlID0gc2VsZi5fc2VuZF9zaW5nbGVfcmVxdWVzdChyZXF1ZXN0KQogIEZpbGUgIi9ob21lL3J1bm5lci93b3JrL0dPL0dP
2026-09-10T03:32:04.0186393Z GO_EVIDENCE_B64 L2lzb2xhdGVkLXJ1bnRpbWUvbGliL3B5dGhvbjMuMTMvc2l0ZS1wYWNrYWdlcy9odHRweC9fY2xpZW50LnB5IiwgbGluZSAxMDE0LCBpbiBfc2VuZF9zaW5nbGVfcmVxdWVzdAogICAgcmVzcG9uc2UgPSB0cmFuc3BvcnQuaGFuZGxlX3JlcXVlc3QocmVxdWVzdCkKICBGaWxlICIvaG9tZS9ydW5uZXIvd29yay9HTy9HTy9pc29sYXRlZC1ydW50aW1lL2xpYi9weXRob24zLjEzL3NpdGUtcGFja2FnZXMvc3RhcmxldHRlL3Rlc3RjbGllbnQucHkiLCBsaW5lIDM0OCwgaW4gaGFuZGxlX3JlcXVlc3QKICAgIHJhaXNlIGV4YwogIEZp
2026-09-10T03:32:04.0192034Z GO_EVIDENCE_B64 bGUgIi9ob21lL3J1bm5lci93b3JrL0dPL0dPL2lzb2xhdGVkLXJ1bnRpbWUvbGliL3B5dGhvbjMuMTMvc2l0ZS1wYWNrYWdlcy9zdGFybGV0dGUvdGVzdGNsaWVudC5weSIsIGxpbmUgMzQ1LCBpbiBoYW5kbGVfcmVxdWVzdAogICAgcG9ydGFsLmNhbGwoc2VsZi5hcHAsIHNjb3BlLCByZWNlaXZlLCBzZW5kKQogICAgfn5+fn5+fn5+fn5eXl5eXl5eXl5eXl5eXl5eXl5eXl5eXl5eXl5eXl5eXgogIEZpbGUgIi9ob21lL3J1bm5lci93b3JrL0dPL0dPL2lzb2xhdGVkLXJ1bnRpbWUvbGliL3B5dGhvbjMuMTMvc2l0ZS1wYWNrYWdl
2026-09-10T03:32:04.0197825Z GO_EVIDENCE_B64 cy9hbnlpby9mcm9tX3RocmVhZC5weSIsIGxpbmUgMzM0LCBpbiBjYWxsCiAgICByZXR1cm4gY2FzdChUX1JldHZhbCwgc2VsZi5zdGFydF90YXNrX3Nvb24oZnVuYywgKmFyZ3MpLnJlc3VsdCgpKQogICAgICAgICAgICAgICAgICAgICAgICAgIH5+fn5+fn5+fn5+fn5+fn5+fn5+fn5+fn5+fn5+fn5+fn5+fn5+fn5eXgogIEZpbGUgIi9vcHQvaG9zdGVkdG9vbGNhY2hlL1B5dGhvbi8zLjEzLjUveDY0L2xpYi9weXRob24zLjEzL2NvbmN1cnJlbnQvZnV0dXJlcy9fYmFzZS5weSIsIGxpbmUgNDU2LCBpbiByZXN1bHQKICAgIHJl
2026-09-10T03:32:04.0203419Z GO_EVIDENCE_B64 dHVybiBzZWxmLl9fZ2V0X3Jlc3VsdCgpCiAgICAgICAgICAgfn5+fn5+fn5+fn5+fn5+fn5eXgogIEZpbGUgIi9vcHQvaG9zdGVkdG9vbGNhY2hlL1B5dGhvbi8zLjEzLjUveDY0L2xpYi9weXRob24zLjEzL2NvbmN1cnJlbnQvZnV0dXJlcy9fYmFzZS5weSIsIGxpbmUgNDAxLCBpbiBfX2dldF9yZXN1bHQKICAgIHJhaXNlIHNlbGYuX2V4Y2VwdGlvbgogIEZpbGUgIi9ob21lL3J1bm5lci93b3JrL0dPL0dPL2lzb2xhdGVkLXJ1bnRpbWUvbGliL3B5dGhvbjMuMTMvc2l0ZS1wYWNrYWdlcy9hbnlpby9mcm9tX3RocmVhZC5weSIs
2026-09-10T03:32:04.0209175Z GO_EVIDENCE_B64 IGxpbmUgMjU5LCBpbiBfY2FsbF9mdW5jCiAgICByZXR2YWwgPSBhd2FpdCByZXR2YWxfb3JfYXdhaXRhYmxlCiAgICAgICAgICAgICBeXl5eXl5eXl5eXl5eXl5eXl5eXl5eXl5eCiAgRmlsZSAiL2hvbWUvcnVubmVyL3dvcmsvR08vR08vaXNvbGF0ZWQtcnVudGltZS9saWIvcHl0aG9uMy4xMy9zaXRlLXBhY2thZ2VzL2Zhc3RhcGkvYXBwbGljYXRpb25zLnB5IiwgbGluZSAxMTM4LCBpbiBfX2NhbGxfXwogICAgYXdhaXQgc3VwZXIoKS5fX2NhbGxfXyhzY29wZSwgcmVjZWl2ZSwgc2VuZCkKICBGaWxlICIvaG9tZS9ydW5uZXIv
2026-09-10T03:32:04.0214802Z GO_EVIDENCE_B64 d29yay9HTy9HTy9pc29sYXRlZC1ydW50aW1lL2xpYi9weXRob24zLjEzL3NpdGUtcGFja2FnZXMvc3RhcmxldHRlL2FwcGxpY2F0aW9ucy5weSIsIGxpbmUgMTA3LCBpbiBfX2NhbGxfXwogICAgYXdhaXQgc2VsZi5taWRkbGV3YXJlX3N0YWNrKHNjb3BlLCByZWNlaXZlLCBzZW5kKQogIEZpbGUgIi9ob21lL3J1bm5lci93b3JrL0dPL0dPL2lzb2xhdGVkLXJ1bnRpbWUvbGliL3B5dGhvbjMuMTMvc2l0ZS1wYWNrYWdlcy9zdGFybGV0dGUvbWlkZGxld2FyZS9lcnJvcnMucHkiLCBsaW5lIDE4NiwgaW4gX19jYWxsX18KICAgIHJh
2026-09-10T03:32:04.0220710Z GO_EVIDENCE_B64 aXNlIGV4YwogIEZpbGUgIi9ob21lL3J1bm5lci93b3JrL0dPL0dPL2lzb2xhdGVkLXJ1bnRpbWUvbGliL3B5dGhvbjMuMTMvc2l0ZS1wYWNrYWdlcy9zdGFybGV0dGUvbWlkZGxld2FyZS9lcnJvcnMucHkiLCBsaW5lIDE2NCwgaW4gX19jYWxsX18KICAgIGF3YWl0IHNlbGYuYXBwKHNjb3BlLCByZWNlaXZlLCBfc2VuZCkKICBGaWxlICIvaG9tZS9ydW5uZXIvd29yay9HTy9HTy9pc29sYXRlZC1ydW50aW1lL2xpYi9weXRob24zLjEzL3NpdGUtcGFja2FnZXMvc3RhcmxldHRlL21pZGRsZXdhcmUvYmFzZS5weSIsIGxpbmUgMTkx
2026-09-10T03:32:04.0226450Z GO_EVIDENCE_B64 LCBpbiBfX2NhbGxfXwogICAgd2l0aCByZWN2X3N0cmVhbSwgc2VuZF9zdHJlYW0sIGNvbGxhcHNlX2V4Y2dyb3VwcygpOgogICAgICAgICAgICAgICAgICAgICAgICAgICAgICAgICAgIH5+fn5+fn5+fn5+fn5+fn5+fl5eCiAgRmlsZSAiL29wdC9ob3N0ZWR0b29sY2FjaGUvUHl0aG9uLzMuMTMuNS94NjQvbGliL3B5dGhvbjMuMTMvY29udGV4dGxpYi5weSIsIGxpbmUgMTYyLCBpbiBfX2V4aXRfXwogICAgc2VsZi5nZW4udGhyb3codmFsdWUpCiAgICB+fn5+fn5+fn5+fn5+fl5eXl5eXl4KICBGaWxlICIvaG9tZS9ydW5uZXIv
2026-09-10T03:32:04.0232239Z GO_EVIDENCE_B64 d29yay9HTy9HTy9pc29sYXRlZC1ydW50aW1lL2xpYi9weXRob24zLjEzL3NpdGUtcGFja2FnZXMvc3RhcmxldHRlL191dGlscy5weSIsIGxpbmUgODUsIGluIGNvbGxhcHNlX2V4Y2dyb3VwcwogICAgcmFpc2UgZXhjCiAgRmlsZSAiL2hvbWUvcnVubmVyL3dvcmsvR08vR08vaXNvbGF0ZWQtcnVudGltZS9saWIvcHl0aG9uMy4xMy9zaXRlLXBhY2thZ2VzL3N0YXJsZXR0ZS9taWRkbGV3YXJlL2Jhc2UucHkiLCBsaW5lIDE5MywgaW4gX19jYWxsX18KICAgIHJlc3BvbnNlID0gYXdhaXQgc2VsZi5kaXNwYXRjaF9mdW5jKHJlcXVl
2026-09-10T03:32:04.0237939Z GO_EVIDENCE_B64 c3QsIGNhbGxfbmV4dCkKICAgICAgICAgICAgICAgXl5eXl5eXl5eXl5eXl5eXl5eXl5eXl5eXl5eXl5eXl5eXl5eXl5eXl5eXl4KICBGaWxlICIvaG9tZS9ydW5uZXIvd29yay9HTy9HTy9yZXN0b3JlZC9zcmMvZ29faG90ZWwvbWFpbi5weSIsIGxpbmUgMjgyLCBpbiBkaXNwYXRjaAogICAgcmVzcG9uc2U9YXdhaXQgY2FsbF9uZXh0KHJlcXVlc3QpCiAgICAgICAgICAgICBeXl5eXl5eXl5eXl5eXl5eXl5eXl5eXl4KICBGaWxlICIvaG9tZS9ydW5uZXIvd29yay9HTy9HTy9pc29sYXRlZC1ydW50aW1lL2xpYi9weXRob24zLjEz
2026-09-10T03:32:04.0243627Z GO_EVIDENCE_B64 L3NpdGUtcGFja2FnZXMvc3RhcmxldHRlL21pZGRsZXdhcmUvYmFzZS5weSIsIGxpbmUgMTY4LCBpbiBjYWxsX25leHQKICAgIHJhaXNlIGFwcF9leGMgZnJvbSBhcHBfZXhjLl9fY2F1c2VfXyBvciBhcHBfZXhjLl9fY29udGV4dF9fCiAgRmlsZSAiL2hvbWUvcnVubmVyL3dvcmsvR08vR08vaXNvbGF0ZWQtcnVudGltZS9saWIvcHl0aG9uMy4xMy9zaXRlLXBhY2thZ2VzL3N0YXJsZXR0ZS9taWRkbGV3YXJlL2Jhc2UucHkiLCBsaW5lIDE0NCwgaW4gY29ybwogICAgYXdhaXQgc2VsZi5hcHAoc2NvcGUsIHJlY2VpdmVfb3JfZGlz
2026-09-10T03:32:04.0249403Z GO_EVIDENCE_B64 Y29ubmVjdCwgc2VuZF9ub19lcnJvcikKICBGaWxlICIvaG9tZS9ydW5uZXIvd29yay9HTy9HTy9pc29sYXRlZC1ydW50aW1lL2xpYi9weXRob24zLjEzL3NpdGUtcGFja2FnZXMvc3RhcmxldHRlL21pZGRsZXdhcmUvYmFzZS5weSIsIGxpbmUgMTkxLCBpbiBfX2NhbGxfXwogICAgd2l0aCByZWN2X3N0cmVhbSwgc2VuZF9zdHJlYW0sIGNvbGxhcHNlX2V4Y2dyb3VwcygpOgogICAgICAgICAgICAgICAgICAgICAgICAgICAgICAgICAgIH5+fn5+fn5+fn5+fn5+fn5+fl5eCiAgRmlsZSAiL29wdC9ob3N0ZWR0b29sY2FjaGUvUHl0
2026-09-10T03:32:04.0254970Z GO_EVIDENCE_B64 aG9uLzMuMTMuNS94NjQvbGliL3B5dGhvbjMuMTMvY29udGV4dGxpYi5weSIsIGxpbmUgMTYyLCBpbiBfX2V4aXRfXwogICAgc2VsZi5nZW4udGhyb3codmFsdWUpCiAgICB+fn5+fn5+fn5+fn5+fl5eXl5eXl4KICBGaWxlICIvaG9tZS9ydW5uZXIvd29yay9HTy9HTy9pc29sYXRlZC1ydW50aW1lL2xpYi9weXRob24zLjEzL3NpdGUtcGFja2FnZXMvc3RhcmxldHRlL191dGlscy5weSIsIGxpbmUgODUsIGluIGNvbGxhcHNlX2V4Y2dyb3VwcwogICAgcmFpc2UgZXhjCiAgRmlsZSAiL2hvbWUvcnVubmVyL3dvcmsvR08vR08vaXNv
2026-09-10T03:32:04.0260654Z GO_EVIDENCE_B64 bGF0ZWQtcnVudGltZS9saWIvcHl0aG9uMy4xMy9zaXRlLXBhY2thZ2VzL3N0YXJsZXR0ZS9taWRkbGV3YXJlL2Jhc2UucHkiLCBsaW5lIDE5MywgaW4gX19jYWxsX18KICAgIHJlc3BvbnNlID0gYXdhaXQgc2VsZi5kaXNwYXRjaF9mdW5jKHJlcXVlc3QsIGNhbGxfbmV4dCkKICAgICAgICAgICAgICAgXl5eXl5eXl5eXl5eXl5eXl5eXl5eXl5eXl5eXl5eXl5eXl5eXl5eXl5eXl4KICBGaWxlICIvaG9tZS9ydW5uZXIvd29yay9HTy9HTy9yZXN0b3JlZC9zcmMvZ29faG90ZWwvbWFpbi5weSIsIGxpbmUgMjUzLCBpbiBkaXNwYXRj
2026-09-10T03:32:04.0266349Z GO_EVIDENCE_B64 aAogICAgcmVzcG9uc2U9YXdhaXQgY2FsbF9uZXh0KHJlcXVlc3QpCiAgICAgICAgICAgICBeXl5eXl5eXl5eXl5eXl5eXl5eXl5eXl4KICBGaWxlICIvaG9tZS9ydW5uZXIvd29yay9HTy9HTy9pc29sYXRlZC1ydW50aW1lL2xpYi9weXRob24zLjEzL3NpdGUtcGFja2FnZXMvc3RhcmxldHRlL21pZGRsZXdhcmUvYmFzZS5weSIsIGxpbmUgMTY4LCBpbiBjYWxsX25leHQKICAgIHJhaXNlIGFwcF9leGMgZnJvbSBhcHBfZXhjLl9fY2F1c2VfXyBvciBhcHBfZXhjLl9fY29udGV4dF9fCiAgRmlsZSAiL2hvbWUvcnVubmVyL3dvcmsv
2026-09-10T03:32:04.0272129Z GO_EVIDENCE_B64 R08vR08vaXNvbGF0ZWQtcnVudGltZS9saWIvcHl0aG9uMy4xMy9zaXRlLXBhY2thZ2VzL3N0YXJsZXR0ZS9taWRkbGV3YXJlL2Jhc2UucHkiLCBsaW5lIDE0NCwgaW4gY29ybwogICAgYXdhaXQgc2VsZi5hcHAoc2NvcGUsIHJlY2VpdmVfb3JfZGlzY29ubmVjdCwgc2VuZF9ub19lcnJvcikKICBGaWxlICIvaG9tZS9ydW5uZXIvd29yay9HTy9HTy9pc29sYXRlZC1ydW50aW1lL2xpYi9weXRob24zLjEzL3NpdGUtcGFja2FnZXMvc3RhcmxldHRlL21pZGRsZXdhcmUvYmFzZS5weSIsIGxpbmUgMTkxLCBpbiBfX2NhbGxfXwogICAg
2026-09-10T03:32:04.0277786Z GO_EVIDENCE_B64 d2l0aCByZWN2X3N0cmVhbSwgc2VuZF9zdHJlYW0sIGNvbGxhcHNlX2V4Y2dyb3VwcygpOgogICAgICAgICAgICAgICAgICAgICAgICAgICAgICAgICAgIH5+fn5+fn5+fn5+fn5+fn5+fl5eCiAgRmlsZSAiL29wdC9ob3N0ZWR0b29sY2FjaGUvUHl0aG9uLzMuMTMuNS94NjQvbGliL3B5dGhvbjMuMTMvY29udGV4dGxpYi5weSIsIGxpbmUgMTYyLCBpbiBfX2V4aXRfXwogICAgc2VsZi5nZW4udGhyb3codmFsdWUpCiAgICB+fn5+fn5+fn5+fn5+fl5eXl5eXl4KICBGaWxlICIvaG9tZS9ydW5uZXIvd29yay9HTy9HTy9pc29sYXRl
2026-09-10T03:32:04.0283502Z GO_EVIDENCE_B64 ZC1ydW50aW1lL2xpYi9weXRob24zLjEzL3NpdGUtcGFja2FnZXMvc3RhcmxldHRlL191dGlscy5weSIsIGxpbmUgODUsIGluIGNvbGxhcHNlX2V4Y2dyb3VwcwogICAgcmFpc2UgZXhjCiAgRmlsZSAiL2hvbWUvcnVubmVyL3dvcmsvR08vR08vaXNvbGF0ZWQtcnVudGltZS9saWIvcHl0aG9uMy4xMy9zaXRlLXBhY2thZ2VzL3N0YXJsZXR0ZS9taWRkbGV3YXJlL2Jhc2UucHkiLCBsaW5lIDE5MywgaW4gX19jYWxsX18KICAgIHJlc3BvbnNlID0gYXdhaXQgc2VsZi5kaXNwYXRjaF9mdW5jKHJlcXVlc3QsIGNhbGxfbmV4dCkKICAg
2026-09-10T03:32:04.0289209Z GO_EVIDENCE_B64 ICAgICAgICAgICAgXl5eXl5eXl5eXl5eXl5eXl5eXl5eXl5eXl5eXl5eXl5eXl5eXl5eXl5eXl4KICBGaWxlICIvaG9tZS9ydW5uZXIvd29yay9HTy9HTy9yZXN0b3JlZC9zcmMvZ29faG90ZWwvbWFpbi5weSIsIGxpbmUgMjA3LCBpbiBkaXNwYXRjaAogICAgcmVzcG9uc2U9YXdhaXQgY2FsbF9uZXh0KHJlcXVlc3QpCiAgICAgICAgICAgICBeXl5eXl5eXl5eXl5eXl5eXl5eXl5eXl4KICBGaWxlICIvaG9tZS9ydW5uZXIvd29yay9HTy9HTy9pc29sYXRlZC1ydW50aW1lL2xpYi9weXRob24zLjEzL3NpdGUtcGFja2FnZXMvc3Rh
2026-09-10T03:32:04.0294846Z GO_EVIDENCE_B64 cmxldHRlL21pZGRsZXdhcmUvYmFzZS5weSIsIGxpbmUgMTY4LCBpbiBjYWxsX25leHQKICAgIHJhaXNlIGFwcF9leGMgZnJvbSBhcHBfZXhjLl9fY2F1c2VfXyBvciBhcHBfZXhjLl9fY29udGV4dF9fCiAgRmlsZSAiL2hvbWUvcnVubmVyL3dvcmsvR08vR08vaXNvbGF0ZWQtcnVudGltZS9saWIvcHl0aG9uMy4xMy9zaXRlLXBhY2thZ2VzL3N0YXJsZXR0ZS9taWRkbGV3YXJlL2Jhc2UucHkiLCBsaW5lIDE0NCwgaW4gY29ybwogICAgYXdhaXQgc2VsZi5hcHAoc2NvcGUsIHJlY2VpdmVfb3JfZGlzY29ubmVjdCwgc2VuZF9ub19l
2026-09-10T03:32:04.0300656Z GO_EVIDENCE_B64 cnJvcikKICBGaWxlICIvaG9tZS9ydW5uZXIvd29yay9HTy9HTy9pc29sYXRlZC1ydW50aW1lL2xpYi9weXRob24zLjEzL3NpdGUtcGFja2FnZXMvc3RhcmxldHRlL21pZGRsZXdhcmUvZXhjZXB0aW9ucy5weSIsIGxpbmUgNjMsIGluIF9fY2FsbF9fCiAgICBhd2FpdCB3cmFwX2FwcF9oYW5kbGluZ19leGNlcHRpb25zKHNlbGYuYXBwLCBjb25uKShzY29wZSwgcmVjZWl2ZSwgc2VuZCkKICBGaWxlICIvaG9tZS9ydW5uZXIvd29yay9HTy9HTy9pc29sYXRlZC1ydW50aW1lL2xpYi9weXRob24zLjEzL3NpdGUtcGFja2FnZXMvc3Rh
2026-09-10T03:32:04.0306420Z GO_EVIDENCE_B64 cmxldHRlL19leGNlcHRpb25faGFuZGxlci5weSIsIGxpbmUgNTMsIGluIHdyYXBwZWRfYXBwCiAgICByYWlzZSBleGMKICBGaWxlICIvaG9tZS9ydW5uZXIvd29yay9HTy9HTy9pc29sYXRlZC1ydW50aW1lL2xpYi9weXRob24zLjEzL3NpdGUtcGFja2FnZXMvc3RhcmxldHRlL19leGNlcHRpb25faGFuZGxlci5weSIsIGxpbmUgNDIsIGluIHdyYXBwZWRfYXBwCiAgICBhd2FpdCBhcHAoc2NvcGUsIHJlY2VpdmUsIHNlbmRlcikKICBGaWxlICIvaG9tZS9ydW5uZXIvd29yay9HTy9HTy9pc29sYXRlZC1ydW50aW1lL2xpYi9weXRo
2026-09-10T03:32:04.0312109Z GO_EVIDENCE_B64 b24zLjEzL3NpdGUtcGFja2FnZXMvZmFzdGFwaS9taWRkbGV3YXJlL2FzeW5jZXhpdHN0YWNrLnB5IiwgbGluZSAxOCwgaW4gX19jYWxsX18KICAgIGF3YWl0IHNlbGYuYXBwKHNjb3BlLCByZWNlaXZlLCBzZW5kKQogIEZpbGUgIi9ob21lL3J1bm5lci93b3JrL0dPL0dPL2lzb2xhdGVkLXJ1bnRpbWUvbGliL3B5dGhvbjMuMTMvc2l0ZS1wYWNrYWdlcy9zdGFybGV0dGUvcm91dGluZy5weSIsIGxpbmUgNzE2LCBpbiBfX2NhbGxfXwogICAgYXdhaXQgc2VsZi5taWRkbGV3YXJlX3N0YWNrKHNjb3BlLCByZWNlaXZlLCBzZW5kKQog
2026-09-10T03:32:04.0317813Z GO_EVIDENCE_B64 IEZpbGUgIi9ob21lL3J1bm5lci93b3JrL0dPL0dPL2lzb2xhdGVkLXJ1bnRpbWUvbGliL3B5dGhvbjMuMTMvc2l0ZS1wYWNrYWdlcy9zdGFybGV0dGUvcm91dGluZy5weSIsIGxpbmUgNzM2LCBpbiBhcHAKICAgIGF3YWl0IHJvdXRlLmhhbmRsZShzY29wZSwgcmVjZWl2ZSwgc2VuZCkKICBGaWxlICIvaG9tZS9ydW5uZXIvd29yay9HTy9HTy9pc29sYXRlZC1ydW50aW1lL2xpYi9weXRob24zLjEzL3NpdGUtcGFja2FnZXMvc3RhcmxldHRlL3JvdXRpbmcucHkiLCBsaW5lIDI5MCwgaW4gaGFuZGxlCiAgICBhd2FpdCBzZWxmLmFw
2026-09-10T03:32:04.0323569Z GO_EVIDENCE_B64 cChzY29wZSwgcmVjZWl2ZSwgc2VuZCkKICBGaWxlICIvaG9tZS9ydW5uZXIvd29yay9HTy9HTy9pc29sYXRlZC1ydW50aW1lL2xpYi9weXRob24zLjEzL3NpdGUtcGFja2FnZXMvZmFzdGFwaS9yb3V0aW5nLnB5IiwgbGluZSAxMTUsIGluIGFwcAogICAgYXdhaXQgd3JhcF9hcHBfaGFuZGxpbmdfZXhjZXB0aW9ucyhhcHAsIHJlcXVlc3QpKHNjb3BlLCByZWNlaXZlLCBzZW5kKQogIEZpbGUgIi9ob21lL3J1bm5lci93b3JrL0dPL0dPL2lzb2xhdGVkLXJ1bnRpbWUvbGliL3B5dGhvbjMuMTMvc2l0ZS1wYWNrYWdlcy9zdGFybGV0
2026-09-10T03:32:04.0329272Z GO_EVIDENCE_B64 dGUvX2V4Y2VwdGlvbl9oYW5kbGVyLnB5IiwgbGluZSA1MywgaW4gd3JhcHBlZF9hcHAKICAgIHJhaXNlIGV4YwogIEZpbGUgIi9ob21lL3J1bm5lci93b3JrL0dPL0dPL2lzb2xhdGVkLXJ1bnRpbWUvbGliL3B5dGhvbjMuMTMvc2l0ZS1wYWNrYWdlcy9zdGFybGV0dGUvX2V4Y2VwdGlvbl9oYW5kbGVyLnB5IiwgbGluZSA0MiwgaW4gd3JhcHBlZF9hcHAKICAgIGF3YWl0IGFwcChzY29wZSwgcmVjZWl2ZSwgc2VuZGVyKQogIEZpbGUgIi9ob21lL3J1bm5lci93b3JrL0dPL0dPL2lzb2xhdGVkLXJ1bnRpbWUvbGliL3B5dGhvbjMu
2026-09-10T03:32:04.0335046Z GO_EVIDENCE_B64 MTMvc2l0ZS1wYWNrYWdlcy9mYXN0YXBpL3JvdXRpbmcucHkiLCBsaW5lIDEwMSwgaW4gYXBwCiAgICByZXNwb25zZSA9IGF3YWl0IGYocmVxdWVzdCkKICAgICAgICAgICAgICAgXl5eXl5eXl5eXl5eXl5eXgogIEZpbGUgIi9ob21lL3J1bm5lci93b3JrL0dPL0dPL2lzb2xhdGVkLXJ1bnRpbWUvbGliL3B5dGhvbjMuMTMvc2l0ZS1wYWNrYWdlcy9mYXN0YXBpL3JvdXRpbmcucHkiLCBsaW5lIDM1NSwgaW4gYXBwCiAgICByYXdfcmVzcG9uc2UgPSBhd2FpdCBydW5fZW5kcG9pbnRfZnVuY3Rpb24oCiAgICAgICAgICAgICAgICAg
2026-09-10T03:32:04.0340796Z GO_EVIDENCE_B64 ICBeXl5eXl5eXl5eXl5eXl5eXl5eXl5eXl5eXl5eCiAgICAuLi4mbHQ7MyBsaW5lcyZndDsuLi4KICAgICkKICAgIF4KICBGaWxlICIvaG9tZS9ydW5uZXIvd29yay9HTy9HTy9pc29sYXRlZC1ydW50aW1lL2xpYi9weXRob24zLjEzL3NpdGUtcGFja2FnZXMvZmFzdGFwaS9yb3V0aW5nLnB5IiwgbGluZSAyNDUsIGluIHJ1bl9lbmRwb2ludF9mdW5jdGlvbgogICAgcmV0dXJuIGF3YWl0IHJ1bl9pbl90aHJlYWRwb29sKGRlcGVuZGFudC5jYWxsLCAqKnZhbHVlcykKICAgICAgICAgICBeXl5eXl5eXl5eXl5eXl5eXl5eXl5eXl5e
2026-09-10T03:32:04.0346495Z GO_EVIDENCE_B64 Xl5eXl5eXl5eXl5eXl5eXl5eXl5eXl5eCiAgRmlsZSAiL2hvbWUvcnVubmVyL3dvcmsvR08vR08vaXNvbGF0ZWQtcnVudGltZS9saWIvcHl0aG9uMy4xMy9zaXRlLXBhY2thZ2VzL3N0YXJsZXR0ZS9jb25jdXJyZW5jeS5weSIsIGxpbmUgMzIsIGluIHJ1bl9pbl90aHJlYWRwb29sCiAgICByZXR1cm4gYXdhaXQgYW55aW8udG9fdGhyZWFkLnJ1bl9zeW5jKGZ1bmMpCiAgICAgICAgICAgXl5eXl5eXl5eXl5eXl5eXl5eXl5eXl5eXl5eXl5eXl5eXl5eCiAgRmlsZSAiL2hvbWUvcnVubmVyL3dvcmsvR08vR08vaXNvbGF0ZWQtcnVu
2026-09-10T03:32:04.0352093Z GO_EVIDENCE_B64 dGltZS9saWIvcHl0aG9uMy4xMy9zaXRlLXBhY2thZ2VzL2FueWlvL3RvX3RocmVhZC5weSIsIGxpbmUgNjMsIGluIHJ1bl9zeW5jCiAgICByZXR1cm4gYXdhaXQgZ2V0X2FzeW5jX2JhY2tlbmQoKS5ydW5fc3luY19pbl93b3JrZXJfdGhyZWFkKAogICAgICAgICAgIF5eXl5eXl5eXl5eXl5eXl5eXl5eXl5eXl5eXl5eXl5eXl5eXl5eXl5eXl5eXl5eXl5eXl4KICAgICAgICBmdW5jLCBhcmdzLCBhYmFuZG9uX29uX2NhbmNlbD1hYmFuZG9uX29uX2NhbmNlbCwgbGltaXRlcj1saW1pdGVyCiAgICAgICAgXl5eXl5eXl5eXl5eXl5e
2026-09-10T03:32:04.0357746Z GO_EVIDENCE_B64 Xl5eXl5eXl5eXl5eXl5eXl5eXl5eXl5eXl5eXl5eXl5eXl5eXl5eXl5eXl5eXl5eXgogICAgKQogICAgXgogIEZpbGUgIi9ob21lL3J1bm5lci93b3JrL0dPL0dPL2lzb2xhdGVkLXJ1bnRpbWUvbGliL3B5dGhvbjMuMTMvc2l0ZS1wYWNrYWdlcy9hbnlpby9fYmFja2VuZHMvX2FzeW5jaW8ucHkiLCBsaW5lIDI1MTgsIGluIHJ1bl9zeW5jX2luX3dvcmtlcl90aHJlYWQKICAgIHJldHVybiBhd2FpdCBmdXR1cmUKICAgICAgICAgICBeXl5eXl5eXl5eXl4KICBGaWxlICIvaG9tZS9ydW5uZXIvd29yay9HTy9HTy9pc29sYXRlZC1y
2026-09-10T03:32:04.0363296Z GO_EVIDENCE_B64 dW50aW1lL2xpYi9weXRob24zLjEzL3NpdGUtcGFja2FnZXMvYW55aW8vX2JhY2tlbmRzL19hc3luY2lvLnB5IiwgbGluZSAxMDAyLCBpbiBydW4KICAgIHJlc3VsdCA9IGNvbnRleHQucnVuKGZ1bmMsICphcmdzKQogIEZpbGUgIi9ob21lL3J1bm5lci93b3JrL0dPL0dPL3Jlc3RvcmVkL3NyYy9nb19ob3RlbC9hcGkvcm91dGVzL21vYmlsZS5weSIsIGxpbmUgOTYsIGluIG1vYmlsZV9leGlzdGluZ19jYW5jZWxfcXVvdGUKICAgIHdpdGggU2Vzc2lvbkxvY2FsKCkgYXMgczoKICAgICAgICAgXl5eXl5eXl5eXl5eCk5hbWVFcnJv
2026-09-10T03:32:04.0369018Z GO_EVIDENCE_B64 cjogbmFtZSAnU2Vzc2lvbkxvY2FsJyBpcyBub3QgZGVmaW5lZAoKVGhlIGFib3ZlIGV4Y2VwdGlvbiB3YXMgdGhlIGRpcmVjdCBjYXVzZSBvZiB0aGUgZm9sbG93aW5nIGV4Y2VwdGlvbjoKCmNsaWVudCA9ICZsdDtzdGFybGV0dGUudGVzdGNsaWVudC5UZXN0Q2xpZW50IG9iamVjdCBhdCAweDdmYmMwOTQ4OGQ3MCZndDsKCiAgICBkZWYgdGVzdF9leGFjdF9xdW90ZV9yZWFkX2lzX2ltbXV0YWJsZV9hbmRfZG9lc19ub3RfY3JlYXRlX25ld19xdW90ZV9vcl9leGVjdXRlKGNsaWVudCk6CiAgICAgICAgaCxvaWQ9c2lnbmVkX2Jv
2026-09-10T03:32:04.0374726Z GO_EVIDENCE_B64 b2tpbmcoY2xpZW50KTtxPXF1b3RlKGNsaWVudCxoLG9pZCkKICAgICAgICBwYXRoPWYnL3YxL21vYmlsZS9vcmRlcnMve29pZH0vY2FuY2VsbGF0aW9uLXF1b3Rlcy97cVsicXVvdGVfaWQiXX0nCiZndDsgICAgICAgZm9yIF8gaW4gcmFuZ2UoMik6YXNzZXJ0IGRhdGEoY2xpZW50LmdldChwYXRoLGhlYWRlcnM9aCkpPT1xCiAgICAgICAgICAgICAgICAgICAgICAgICAgICAgICAgICAgICAgXl5eXl5eXl5eXl5eXl5eXl5eXl5eXl5eXl4KCnRlc3RzL3Rlc3RfZGVwdGgzNF9ob3RlbF9xdW90ZV9yZWFkLnB5OjE4OiAKXyBfIF8g
2026-09-10T03:32:04.0380605Z GO_EVIDENCE_B64 XyBfIF8gXyBfIF8gXyBfIF8gXyBfIF8gXyBfIF8gXyBfIF8gXyBfIF8gXyBfIF8gXyBfIF8gXyBfIF8gXyBfIF8gXyBfIF8gXyAKLi4vaXNvbGF0ZWQtcnVudGltZS9saWIvcHl0aG9uMy4xMy9zaXRlLXBhY2thZ2VzL3N0YXJsZXR0ZS90ZXN0Y2xpZW50LnB5OjQ3MzogaW4gZ2V0CiAgICByZXR1cm4gc3VwZXIoKS5nZXQoCi4uL2lzb2xhdGVkLXJ1bnRpbWUvbGliL3B5dGhvbjMuMTMvc2l0ZS1wYWNrYWdlcy9odHRweC9fY2xpZW50LnB5OjEwNTM6IGluIGdldAogICAgcmV0dXJuIHNlbGYucmVxdWVzdCgKLi4vaXNvbGF0ZWQt
2026-09-10T03:32:04.0386298Z GO_EVIDENCE_B64 cnVudGltZS9saWIvcHl0aG9uMy4xMy9zaXRlLXBhY2thZ2VzL3N0YXJsZXR0ZS90ZXN0Y2xpZW50LnB5OjQ0NTogaW4gcmVxdWVzdAogICAgcmV0dXJuIHN1cGVyKCkucmVxdWVzdCgKLi4vaXNvbGF0ZWQtcnVudGltZS9saWIvcHl0aG9uMy4xMy9zaXRlLXBhY2thZ2VzL2h0dHB4L19jbGllbnQucHk6ODI1OiBpbiByZXF1ZXN0CiAgICByZXR1cm4gc2VsZi5zZW5kKHJlcXVlc3QsIGF1dGg9YXV0aCwgZm9sbG93X3JlZGlyZWN0cz1mb2xsb3dfcmVkaXJlY3RzKQogICAgICAgICAgIF5eXl5eXl5eXl5eXl5eXl5eXl5eXl5eXl5e
2026-09-10T03:32:04.0392024Z GO_EVIDENCE_B64 Xl5eXl5eXl5eXl5eXl5eXl5eXl5eXl5eXl5eXl5eXl5eXl5eXl4KLi4vaXNvbGF0ZWQtcnVudGltZS9saWIvcHl0aG9uMy4xMy9zaXRlLXBhY2thZ2VzL2h0dHB4L19jbGllbnQucHk6OTE0OiBpbiBzZW5kCiAgICByZXNwb25zZSA9IHNlbGYuX3NlbmRfaGFuZGxpbmdfYXV0aCgKLi4vaXNvbGF0ZWQtcnVudGltZS9saWIvcHl0aG9uMy4xMy9zaXRlLXBhY2thZ2VzL2h0dHB4L19jbGllbnQucHk6OTQyOiBpbiBfc2VuZF9oYW5kbGluZ19hdXRoCiAgICByZXNwb25zZSA9IHNlbGYuX3NlbmRfaGFuZGxpbmdfcmVkaXJlY3RzKAou
2026-09-10T03:32:04.0397707Z GO_EVIDENCE_B64 Li9pc29sYXRlZC1ydW50aW1lL2xpYi9weXRob24zLjEzL3NpdGUtcGFja2FnZXMvaHR0cHgvX2NsaWVudC5weTo5Nzk6IGluIF9zZW5kX2hhbmRsaW5nX3JlZGlyZWN0cwogICAgcmVzcG9uc2UgPSBzZWxmLl9zZW5kX3NpbmdsZV9yZXF1ZXN0KHJlcXVlc3QpCiAgICAgICAgICAgICAgIF5eXl5eXl5eXl5eXl5eXl5eXl5eXl5eXl5eXl5eXl5eXl4KLi4vaXNvbGF0ZWQtcnVudGltZS9saWIvcHl0aG9uMy4xMy9zaXRlLXBhY2thZ2VzL2h0dHB4L19jbGllbnQucHk6MTAxNDogaW4gX3NlbmRfc2luZ2xlX3JlcXVlc3QKICAgIHJl
2026-09-10T03:32:04.0403305Z GO_EVIDENCE_B64 c3BvbnNlID0gdHJhbnNwb3J0LmhhbmRsZV9yZXF1ZXN0KHJlcXVlc3QpCiAgICAgICAgICAgICAgIF5eXl5eXl5eXl5eXl5eXl5eXl5eXl5eXl5eXl5eXl5eXgouLi9pc29sYXRlZC1ydW50aW1lL2xpYi9weXRob24zLjEzL3NpdGUtcGFja2FnZXMvc3RhcmxldHRlL3Rlc3RjbGllbnQucHk6MzQ4OiBpbiBoYW5kbGVfcmVxdWVzdAogICAgcmFpc2UgZXhjCi4uL2lzb2xhdGVkLXJ1bnRpbWUvbGliL3B5dGhvbjMuMTMvc2l0ZS1wYWNrYWdlcy9zdGFybGV0dGUvdGVzdGNsaWVudC5weTozNDU6IGluIGhhbmRsZV9yZXF1ZXN0CiAg
2026-09-10T03:32:04.0409101Z GO_EVIDENCE_B64 ICBwb3J0YWwuY2FsbChzZWxmLmFwcCwgc2NvcGUsIHJlY2VpdmUsIHNlbmQpCi4uL2lzb2xhdGVkLXJ1bnRpbWUvbGliL3B5dGhvbjMuMTMvc2l0ZS1wYWNrYWdlcy9hbnlpby9mcm9tX3RocmVhZC5weTozMzQ6IGluIGNhbGwKICAgIHJldHVybiBjYXN0KFRfUmV0dmFsLCBzZWxmLnN0YXJ0X3Rhc2tfc29vbihmdW5jLCAqYXJncykucmVzdWx0KCkpCiAgICAgICAgICAgICAgICAgICAgICAgICAgXl5eXl5eXl5eXl5eXl5eXl5eXl5eXl5eXl5eXl5eXl5eXl5eXl5eXl5eCi9vcHQvaG9zdGVkdG9vbGNhY2hlL1B5dGhvbi8zLjEz
2026-09-10T03:32:04.0414775Z GO_EVIDENCE_B64 LjUveDY0L2xpYi9weXRob24zLjEzL2NvbmN1cnJlbnQvZnV0dXJlcy9fYmFzZS5weTo0NTY6IGluIHJlc3VsdAogICAgcmV0dXJuIHNlbGYuX19nZXRfcmVzdWx0KCkKICAgICAgICAgICBeXl5eXl5eXl5eXl5eXl5eXl5eCi9vcHQvaG9zdGVkdG9vbGNhY2hlL1B5dGhvbi8zLjEzLjUveDY0L2xpYi9weXRob24zLjEzL2NvbmN1cnJlbnQvZnV0dXJlcy9fYmFzZS5weTo0MDE6IGluIF9fZ2V0X3Jlc3VsdAogICAgcmFpc2Ugc2VsZi5fZXhjZXB0aW9uCi4uL2lzb2xhdGVkLXJ1bnRpbWUvbGliL3B5dGhvbjMuMTMvc2l0ZS1wYWNr
2026-09-10T03:32:04.0420500Z GO_EVIDENCE_B64 YWdlcy9hbnlpby9mcm9tX3RocmVhZC5weToyNTk6IGluIF9jYWxsX2Z1bmMKICAgIHJldHZhbCA9IGF3YWl0IHJldHZhbF9vcl9hd2FpdGFibGUKICAgICAgICAgICAgIF5eXl5eXl5eXl5eXl5eXl5eXl5eXl5eXl4KLi4vaXNvbGF0ZWQtcnVudGltZS9saWIvcHl0aG9uMy4xMy9zaXRlLXBhY2thZ2VzL2Zhc3RhcGkvYXBwbGljYXRpb25zLnB5OjExMzg6IGluIF9fY2FsbF9fCiAgICBhd2FpdCBzdXBlcigpLl9fY2FsbF9fKHNjb3BlLCByZWNlaXZlLCBzZW5kKQouLi9pc29sYXRlZC1ydW50aW1lL2xpYi9weXRob24zLjEzL3Np
2026-09-10T03:32:04.0426275Z GO_EVIDENCE_B64 dGUtcGFja2FnZXMvc3RhcmxldHRlL2FwcGxpY2F0aW9ucy5weToxMDc6IGluIF9fY2FsbF9fCiAgICBhd2FpdCBzZWxmLm1pZGRsZXdhcmVfc3RhY2soc2NvcGUsIHJlY2VpdmUsIHNlbmQpCi4uL2lzb2xhdGVkLXJ1bnRpbWUvbGliL3B5dGhvbjMuMTMvc2l0ZS1wYWNrYWdlcy9zdGFybGV0dGUvbWlkZGxld2FyZS9lcnJvcnMucHk6MTg2OiBpbiBfX2NhbGxfXwogICAgcmFpc2UgZXhjCi4uL2lzb2xhdGVkLXJ1bnRpbWUvbGliL3B5dGhvbjMuMTMvc2l0ZS1wYWNrYWdlcy9zdGFybGV0dGUvbWlkZGxld2FyZS9lcnJvcnMucHk6
2026-09-10T03:32:04.0432117Z GO_EVIDENCE_B64 MTY0OiBpbiBfX2NhbGxfXwogICAgYXdhaXQgc2VsZi5hcHAoc2NvcGUsIHJlY2VpdmUsIF9zZW5kKQouLi9pc29sYXRlZC1ydW50aW1lL2xpYi9weXRob24zLjEzL3NpdGUtcGFja2FnZXMvc3RhcmxldHRlL21pZGRsZXdhcmUvYmFzZS5weToxOTE6IGluIF9fY2FsbF9fCiAgICB3aXRoIHJlY3Zfc3RyZWFtLCBzZW5kX3N0cmVhbSwgY29sbGFwc2VfZXhjZ3JvdXBzKCk6CiAgICAgICAgICAgICAgICAgICAgICAgICAgICAgICAgICAgXl5eXl5eXl5eXl5eXl5eXl5eXl4KL29wdC9ob3N0ZWR0b29sY2FjaGUvUHl0aG9uLzMuMTMu
2026-09-10T03:32:04.0437859Z GO_EVIDENCE_B64 NS94NjQvbGliL3B5dGhvbjMuMTMvY29udGV4dGxpYi5weToxNjI6IGluIF9fZXhpdF9fCiAgICBzZWxmLmdlbi50aHJvdyh2YWx1ZSkKLi4vaXNvbGF0ZWQtcnVudGltZS9saWIvcHl0aG9uMy4xMy9zaXRlLXBhY2thZ2VzL3N0YXJsZXR0ZS9fdXRpbHMucHk6ODU6IGluIGNvbGxhcHNlX2V4Y2dyb3VwcwogICAgcmFpc2UgZXhjCi4uL2lzb2xhdGVkLXJ1bnRpbWUvbGliL3B5dGhvbjMuMTMvc2l0ZS1wYWNrYWdlcy9zdGFybGV0dGUvbWlkZGxld2FyZS9iYXNlLnB5OjE5MzogaW4gX19jYWxsX18KICAgIHJlc3BvbnNlID0gYXdh
2026-09-10T03:32:04.0443643Z GO_EVIDENCE_B64 aXQgc2VsZi5kaXNwYXRjaF9mdW5jKHJlcXVlc3QsIGNhbGxfbmV4dCkKICAgICAgICAgICAgICAgXl5eXl5eXl5eXl5eXl5eXl5eXl5eXl5eXl5eXl5eXl5eXl5eXl5eXl5eXl4Kc3JjL2dvX2hvdGVsL21haW4ucHk6MjgyOiBpbiBkaXNwYXRjaAogICAgcmVzcG9uc2U9YXdhaXQgY2FsbF9uZXh0KHJlcXVlc3QpCiAgICAgICAgICAgICBeXl5eXl5eXl5eXl5eXl5eXl5eXl5eXl4KLi4vaXNvbGF0ZWQtcnVudGltZS9saWIvcHl0aG9uMy4xMy9zaXRlLXBhY2thZ2VzL3N0YXJsZXR0ZS9taWRkbGV3YXJlL2Jhc2UucHk6MTY4OiBp
2026-09-10T03:32:04.0449400Z GO_EVIDENCE_B64 biBjYWxsX25leHQKICAgIHJhaXNlIGFwcF9leGMgZnJvbSBhcHBfZXhjLl9fY2F1c2VfXyBvciBhcHBfZXhjLl9fY29udGV4dF9fCi4uL2lzb2xhdGVkLXJ1bnRpbWUvbGliL3B5dGhvbjMuMTMvc2l0ZS1wYWNrYWdlcy9zdGFybGV0dGUvbWlkZGxld2FyZS9iYXNlLnB5OjE0NDogaW4gY29ybwogICAgYXdhaXQgc2VsZi5hcHAoc2NvcGUsIHJlY2VpdmVfb3JfZGlzY29ubmVjdCwgc2VuZF9ub19lcnJvcikKLi4vaXNvbGF0ZWQtcnVudGltZS9saWIvcHl0aG9uMy4xMy9zaXRlLXBhY2thZ2VzL3N0YXJsZXR0ZS9taWRkbGV3YXJl
2026-09-10T03:32:04.0455075Z GO_EVIDENCE_B64 L2Jhc2UucHk6MTkxOiBpbiBfX2NhbGxfXwogICAgd2l0aCByZWN2X3N0cmVhbSwgc2VuZF9zdHJlYW0sIGNvbGxhcHNlX2V4Y2dyb3VwcygpOgogICAgICAgICAgICAgICAgICAgICAgICAgICAgICAgICAgIF5eXl5eXl5eXl5eXl5eXl5eXl5eCi9vcHQvaG9zdGVkdG9vbGNhY2hlL1B5dGhvbi8zLjEzLjUveDY0L2xpYi9weXRob24zLjEzL2NvbnRleHRsaWIucHk6MTYyOiBpbiBfX2V4aXRfXwogICAgc2VsZi5nZW4udGhyb3codmFsdWUpCi4uL2lzb2xhdGVkLXJ1bnRpbWUvbGliL3B5dGhvbjMuMTMvc2l0ZS1wYWNrYWdlcy9z
2026-09-10T03:32:04.0460814Z GO_EVIDENCE_B64 dGFybGV0dGUvX3V0aWxzLnB5Ojg1OiBpbiBjb2xsYXBzZV9leGNncm91cHMKICAgIHJhaXNlIGV4YwouLi9pc29sYXRlZC1ydW50aW1lL2xpYi9weXRob24zLjEzL3NpdGUtcGFja2FnZXMvc3RhcmxldHRlL21pZGRsZXdhcmUvYmFzZS5weToxOTM6IGluIF9fY2FsbF9fCiAgICByZXNwb25zZSA9IGF3YWl0IHNlbGYuZGlzcGF0Y2hfZnVuYyhyZXF1ZXN0LCBjYWxsX25leHQpCiAgICAgICAgICAgICAgIF5eXl5eXl5eXl5eXl5eXl5eXl5eXl5eXl5eXl5eXl5eXl5eXl5eXl5eXl5eCnNyYy9nb19ob3RlbC9tYWluLnB5OjI1Mzog
2026-09-10T03:32:04.0466523Z GO_EVIDENCE_B64 aW4gZGlzcGF0Y2gKICAgIHJlc3BvbnNlPWF3YWl0IGNhbGxfbmV4dChyZXF1ZXN0KQogICAgICAgICAgICAgXl5eXl5eXl5eXl5eXl5eXl5eXl5eXl5eCi4uL2lzb2xhdGVkLXJ1bnRpbWUvbGliL3B5dGhvbjMuMTMvc2l0ZS1wYWNrYWdlcy9zdGFybGV0dGUvbWlkZGxld2FyZS9iYXNlLnB5OjE2ODogaW4gY2FsbF9uZXh0CiAgICByYWlzZSBhcHBfZXhjIGZyb20gYXBwX2V4Yy5fX2NhdXNlX18gb3IgYXBwX2V4Yy5fX2NvbnRleHRfXwouLi9pc29sYXRlZC1ydW50aW1lL2xpYi9weXRob24zLjEzL3NpdGUtcGFja2FnZXMvc3Rh
2026-09-10T03:32:04.0472181Z GO_EVIDENCE_B64 cmxldHRlL21pZGRsZXdhcmUvYmFzZS5weToxNDQ6IGluIGNvcm8KICAgIGF3YWl0IHNlbGYuYXBwKHNjb3BlLCByZWNlaXZlX29yX2Rpc2Nvbm5lY3QsIHNlbmRfbm9fZXJyb3IpCi4uL2lzb2xhdGVkLXJ1bnRpbWUvbGliL3B5dGhvbjMuMTMvc2l0ZS1wYWNrYWdlcy9zdGFybGV0dGUvbWlkZGxld2FyZS9iYXNlLnB5OjE5MTogaW4gX19jYWxsX18KICAgIHdpdGggcmVjdl9zdHJlYW0sIHNlbmRfc3RyZWFtLCBjb2xsYXBzZV9leGNncm91cHMoKToKICAgICAgICAgICAgICAgICAgICAgICAgICAgICAgICAgICBeXl5eXl5eXl5e
2026-09-10T03:32:04.0477841Z GO_EVIDENCE_B64 Xl5eXl5eXl5eXgovb3B0L2hvc3RlZHRvb2xjYWNoZS9QeXRob24vMy4xMy41L3g2NC9saWIvcHl0aG9uMy4xMy9jb250ZXh0bGliLnB5OjE2MjogaW4gX19leGl0X18KICAgIHNlbGYuZ2VuLnRocm93KHZhbHVlKQouLi9pc29sYXRlZC1ydW50aW1lL2xpYi9weXRob24zLjEzL3NpdGUtcGFja2FnZXMvc3RhcmxldHRlL191dGlscy5weTo4NTogaW4gY29sbGFwc2VfZXhjZ3JvdXBzCiAgICByYWlzZSBleGMKLi4vaXNvbGF0ZWQtcnVudGltZS9saWIvcHl0aG9uMy4xMy9zaXRlLXBhY2thZ2VzL3N0YXJsZXR0ZS9taWRkbGV3YXJl
2026-09-10T03:32:04.0484016Z GO_EVIDENCE_B64 L2Jhc2UucHk6MTkzOiBpbiBfX2NhbGxfXwogICAgcmVzcG9uc2UgPSBhd2FpdCBzZWxmLmRpc3BhdGNoX2Z1bmMocmVxdWVzdCwgY2FsbF9uZXh0KQogICAgICAgICAgICAgICBeXl5eXl5eXl5eXl5eXl5eXl5eXl5eXl5eXl5eXl5eXl5eXl5eXl5eXl5eXgpzcmMvZ29faG90ZWwvbWFpbi5weToyMDc6IGluIGRpc3BhdGNoCiAgICByZXNwb25zZT1hd2FpdCBjYWxsX25leHQocmVxdWVzdCkKICAgICAgICAgICAgIF5eXl5eXl5eXl5eXl5eXl5eXl5eXl5eXgouLi9pc29sYXRlZC1ydW50aW1lL2xpYi9weXRob24zLjEzL3NpdGUt
2026-09-10T03:32:04.0489926Z GO_EVIDENCE_B64 cGFja2FnZXMvc3RhcmxldHRlL21pZGRsZXdhcmUvYmFzZS5weToxNjg6IGluIGNhbGxfbmV4dAogICAgcmFpc2UgYXBwX2V4YyBmcm9tIGFwcF9leGMuX19jYXVzZV9fIG9yIGFwcF9leGMuX19jb250ZXh0X18KLi4vaXNvbGF0ZWQtcnVudGltZS9saWIvcHl0aG9uMy4xMy9zaXRlLXBhY2thZ2VzL3N0YXJsZXR0ZS9taWRkbGV3YXJlL2Jhc2UucHk6MTQ0OiBpbiBjb3JvCiAgICBhd2FpdCBzZWxmLmFwcChzY29wZSwgcmVjZWl2ZV9vcl9kaXNjb25uZWN0LCBzZW5kX25vX2Vycm9yKQouLi9pc29sYXRlZC1ydW50aW1lL2xpYi9w
2026-09-10T03:32:04.0495801Z GO_EVIDENCE_B64 eXRob24zLjEzL3NpdGUtcGFja2FnZXMvc3RhcmxldHRlL21pZGRsZXdhcmUvZXhjZXB0aW9ucy5weTo2MzogaW4gX19jYWxsX18KICAgIGF3YWl0IHdyYXBfYXBwX2hhbmRsaW5nX2V4Y2VwdGlvbnMoc2VsZi5hcHAsIGNvbm4pKHNjb3BlLCByZWNlaXZlLCBzZW5kKQouLi9pc29sYXRlZC1ydW50aW1lL2xpYi9weXRob24zLjEzL3NpdGUtcGFja2FnZXMvc3RhcmxldHRlL19leGNlcHRpb25faGFuZGxlci5weTo1MzogaW4gd3JhcHBlZF9hcHAKICAgIHJhaXNlIGV4YwouLi9pc29sYXRlZC1ydW50aW1lL2xpYi9weXRob24zLjEz
2026-09-10T03:32:04.0501504Z GO_EVIDENCE_B64 L3NpdGUtcGFja2FnZXMvc3RhcmxldHRlL19leGNlcHRpb25faGFuZGxlci5weTo0MjogaW4gd3JhcHBlZF9hcHAKICAgIGF3YWl0IGFwcChzY29wZSwgcmVjZWl2ZSwgc2VuZGVyKQouLi9pc29sYXRlZC1ydW50aW1lL2xpYi9weXRob24zLjEzL3NpdGUtcGFja2FnZXMvZmFzdGFwaS9taWRkbGV3YXJlL2FzeW5jZXhpdHN0YWNrLnB5OjE4OiBpbiBfX2NhbGxfXwogICAgYXdhaXQgc2VsZi5hcHAoc2NvcGUsIHJlY2VpdmUsIHNlbmQpCi4uL2lzb2xhdGVkLXJ1bnRpbWUvbGliL3B5dGhvbjMuMTMvc2l0ZS1wYWNrYWdlcy9zdGFy
2026-09-10T03:32:04.0507405Z GO_EVIDENCE_B64 bGV0dGUvcm91dGluZy5weTo3MTY6IGluIF9fY2FsbF9fCiAgICBhd2FpdCBzZWxmLm1pZGRsZXdhcmVfc3RhY2soc2NvcGUsIHJlY2VpdmUsIHNlbmQpCi4uL2lzb2xhdGVkLXJ1bnRpbWUvbGliL3B5dGhvbjMuMTMvc2l0ZS1wYWNrYWdlcy9zdGFybGV0dGUvcm91dGluZy5weTo3MzY6IGluIGFwcAogICAgYXdhaXQgcm91dGUuaGFuZGxlKHNjb3BlLCByZWNlaXZlLCBzZW5kKQouLi9pc29sYXRlZC1ydW50aW1lL2xpYi9weXRob24zLjEzL3NpdGUtcGFja2FnZXMvc3RhcmxldHRlL3JvdXRpbmcucHk6MjkwOiBpbiBoYW5kbGUK
2026-09-10T03:32:04.0513102Z GO_EVIDENCE_B64 ICAgIGF3YWl0IHNlbGYuYXBwKHNjb3BlLCByZWNlaXZlLCBzZW5kKQouLi9pc29sYXRlZC1ydW50aW1lL2xpYi9weXRob24zLjEzL3NpdGUtcGFja2FnZXMvZmFzdGFwaS9yb3V0aW5nLnB5OjExNTogaW4gYXBwCiAgICBhd2FpdCB3cmFwX2FwcF9oYW5kbGluZ19leGNlcHRpb25zKGFwcCwgcmVxdWVzdCkoc2NvcGUsIHJlY2VpdmUsIHNlbmQpCi4uL2lzb2xhdGVkLXJ1bnRpbWUvbGliL3B5dGhvbjMuMTMvc2l0ZS1wYWNrYWdlcy9zdGFybGV0dGUvX2V4Y2VwdGlvbl9oYW5kbGVyLnB5OjUzOiBpbiB3cmFwcGVkX2FwcAogICAg
2026-09-10T03:32:04.0518896Z GO_EVIDENCE_B64 cmFpc2UgZXhjCi4uL2lzb2xhdGVkLXJ1bnRpbWUvbGliL3B5dGhvbjMuMTMvc2l0ZS1wYWNrYWdlcy9zdGFybGV0dGUvX2V4Y2VwdGlvbl9oYW5kbGVyLnB5OjQyOiBpbiB3cmFwcGVkX2FwcAogICAgYXdhaXQgYXBwKHNjb3BlLCByZWNlaXZlLCBzZW5kZXIpCi4uL2lzb2xhdGVkLXJ1bnRpbWUvbGliL3B5dGhvbjMuMTMvc2l0ZS1wYWNrYWdlcy9mYXN0YXBpL3JvdXRpbmcucHk6MTAxOiBpbiBhcHAKICAgIHJlc3BvbnNlID0gYXdhaXQgZihyZXF1ZXN0KQogICAgICAgICAgICAgICBeXl5eXl5eXl5eXl5eXl5eCi4uL2lzb2xh
2026-09-10T03:32:04.0524568Z GO_EVIDENCE_B64 dGVkLXJ1bnRpbWUvbGliL3B5dGhvbjMuMTMvc2l0ZS1wYWNrYWdlcy9mYXN0YXBpL3JvdXRpbmcucHk6MzU1OiBpbiBhcHAKICAgIHJhd19yZXNwb25zZSA9IGF3YWl0IHJ1bl9lbmRwb2ludF9mdW5jdGlvbigKLi4vaXNvbGF0ZWQtcnVudGltZS9saWIvcHl0aG9uMy4xMy9zaXRlLXBhY2thZ2VzL2Zhc3RhcGkvcm91dGluZy5weToyNDU6IGluIHJ1bl9lbmRwb2ludF9mdW5jdGlvbgogICAgcmV0dXJuIGF3YWl0IHJ1bl9pbl90aHJlYWRwb29sKGRlcGVuZGFudC5jYWxsLCAqKnZhbHVlcykKICAgICAgICAgICBeXl5eXl5eXl5e
2026-09-10T03:32:04.0530241Z GO_EVIDENCE_B64 Xl5eXl5eXl5eXl5eXl5eXl5eXl5eXl5eXl5eXl5eXl5eXl5eXl5eCi4uL2lzb2xhdGVkLXJ1bnRpbWUvbGliL3B5dGhvbjMuMTMvc2l0ZS1wYWNrYWdlcy9zdGFybGV0dGUvY29uY3VycmVuY3kucHk6MzI6IGluIHJ1bl9pbl90aHJlYWRwb29sCiAgICByZXR1cm4gYXdhaXQgYW55aW8udG9fdGhyZWFkLnJ1bl9zeW5jKGZ1bmMpCiAgICAgICAgICAgXl5eXl5eXl5eXl5eXl5eXl5eXl5eXl5eXl5eXl5eXl5eXl5eCi4uL2lzb2xhdGVkLXJ1bnRpbWUvbGliL3B5dGhvbjMuMTMvc2l0ZS1wYWNrYWdlcy9hbnlpby90b190aHJlYWQu
2026-09-10T03:32:04.0535988Z GO_EVIDENCE_B64 cHk6NjM6IGluIHJ1bl9zeW5jCiAgICByZXR1cm4gYXdhaXQgZ2V0X2FzeW5jX2JhY2tlbmQoKS5ydW5fc3luY19pbl93b3JrZXJfdGhyZWFkKAouLi9pc29sYXRlZC1ydW50aW1lL2xpYi9weXRob24zLjEzL3NpdGUtcGFja2FnZXMvYW55aW8vX2JhY2tlbmRzL19hc3luY2lvLnB5OjI1MTg6IGluIHJ1bl9zeW5jX2luX3dvcmtlcl90aHJlYWQKICAgIHJldHVybiBhd2FpdCBmdXR1cmUKICAgICAgICAgICBeXl5eXl5eXl5eXl4KLi4vaXNvbGF0ZWQtcnVudGltZS9saWIvcHl0aG9uMy4xMy9zaXRlLXBhY2thZ2VzL2FueWlvL19i
2026-09-10T03:32:04.0541618Z GO_EVIDENCE_B64 YWNrZW5kcy9fYXN5bmNpby5weToxMDAyOiBpbiBydW4KICAgIHJlc3VsdCA9IGNvbnRleHQucnVuKGZ1bmMsICphcmdzKQogICAgICAgICAgICAgXl5eXl5eXl5eXl5eXl5eXl5eXl5eXl5eCl8gXyBfIF8gXyBfIF8gXyBfIF8gXyBfIF8gXyBfIF8gXyBfIF8gXyBfIF8gXyBfIF8gXyBfIF8gXyBfIF8gXyBfIF8gXyBfIF8gXyBfIF8gCgpvcmRlcl9pZCA9ICdvcmRfNDA1MmM1OTBjZTMxNDNlZicKcXVvdGVfaWQgPSAnY3FfZmM0Nzg1MTY0ZTc3NDZmZDhmMDExMjY3NTdjOGE1MDknCnAgPSBQcmluY2lwYWwodXNlcl9pZD0ndXNy
2026-09-10T03:32:04.0547569Z GO_EVIDENCE_B64 Xzk4ZDZmZDA5Y2JkZDRkYzRiZjc3OTNiZDllZmNiODFlJywgdXNlcm5hbWU9J2Nhc2gtZmFyZTE0LW93bmVyQGV4YW1wbGUuY29tJywgYWN0b3JfdHlwZT0nQ09OU1VNLi4uNWU5YTIzOTk2ZjU2NDJjNmIxYzk5NjE2OWYwZDIxNTQnLCBwZXJtaXNzaW9ucz17J2NvbnN1bWVyOmJvb2snLCAnY29uc3VtZXI6d2FsbGV0JywgJ2NvbnN1bWVyOnJlYWQnLCAnY29uc3VtZXI6d3JpdGUnfSkKCiAgICBAcm91dGVyLmdldCgnL3YxL21vYmlsZS9vcmRlcnMve29yZGVyX2lkfS9jYW5jZWxsYXRpb24tcXVvdGVzL3txdW90ZV9pZH0nKQog
2026-09-10T03:32:04.0553227Z GO_EVIDENCE_B64 ICAgZGVmIG1vYmlsZV9leGlzdGluZ19jYW5jZWxfcXVvdGUob3JkZXJfaWQ6c3RyLHF1b3RlX2lkOnN0cixwPURlcGVuZHMoY29uc3VtZXJfcHJpbmNpcGFsKSk6CiAgICAgICAgIiIiUmVhZCB0aGUgZXhhY3QgZGlzcGxheWVkIHF1b3RlOyBuZXZlciByZXBsYWNlIGN1c3RvbWVyIGNvbnNlbnQgd2l0aCBhIG5ldyBxdW90ZS4iIiIKICAgICAgICBhc3NlcnRfY29uc3VtZXJfb3JkZXIocCxvcmRlcl9pZCkKICAgICAgICBmcm9tIGdvX2hvdGVsLnNlcnZpY2VzLmNhdGFsb2dfY2FzaF9mYXJlIGltcG9ydCBjaGVja2VkX3F1b3Rl
2026-09-10T03:32:04.0559004Z GO_EVIDENCE_B64 LCBxdW90ZV9wdWJsaWMKJmd0OyAgICAgICB3aXRoIFNlc3Npb25Mb2NhbCgpIGFzIHM6CiAgICAgICAgICAgICBeXl5eXl5eXl5eXl4KRSAgICAgICBOYW1lRXJyb3I6IG5hbWUgJ1Nlc3Npb25Mb2NhbCcgaXMgbm90IGRlZmluZWQKCnNyYy9nb19ob3RlbC9hcGkvcm91dGVzL21vYmlsZS5weTo5NjogTmFtZUVycm9yPC9mYWlsdXJlPjwvdGVzdGNhc2U+PHRlc3RjYXNlIGNsYXNzbmFtZT0idGVzdHMudGVzdF9kZXB0aDM0X2hvdGVsX3F1b3RlX3JlYWQiIG5hbWU9InRlc3RfbmV3X3F1b3RlX2RvZXNfbm90X3JlcGxhY2Vfb3Jp
2026-09-10T03:32:04.0564679Z GO_EVIDENCE_B64 Z2luYWxfYWNjZXB0ZWRfaWRlbnRpdHkiIHRpbWU9IjAuNTI2Ij48ZmFpbHVyZSBtZXNzYWdlPSJOYW1lRXJyb3I6IG5hbWUgJ1Nlc3Npb25Mb2NhbCcgaXMgbm90IGRlZmluZWQiPisgRXhjZXB0aW9uIEdyb3VwIFRyYWNlYmFjayAobW9zdCByZWNlbnQgY2FsbCBsYXN0KToKICB8ICAgRmlsZSAiL2hvbWUvcnVubmVyL3dvcmsvR08vR08vaXNvbGF0ZWQtcnVudGltZS9saWIvcHl0aG9uMy4xMy9zaXRlLXBhY2thZ2VzL3N0YXJsZXR0ZS9fdXRpbHMucHkiLCBsaW5lIDc5LCBpbiBjb2xsYXBzZV9leGNncm91cHMKICB8ICAgICB5
2026-09-10T03:32:04.0570457Z GO_EVIDENCE_B64 aWVsZAogIHwgICBGaWxlICIvaG9tZS9ydW5uZXIvd29yay9HTy9HTy9pc29sYXRlZC1ydW50aW1lL2xpYi9weXRob24zLjEzL3NpdGUtcGFja2FnZXMvc3RhcmxldHRlL21pZGRsZXdhcmUvYmFzZS5weSIsIGxpbmUgMTkyLCBpbiBfX2NhbGxfXwogIHwgICAgIGFzeW5jIHdpdGggYW55aW8uY3JlYXRlX3Rhc2tfZ3JvdXAoKSBhcyB0YXNrX2dyb3VwOgogIHwgICAgICAgICAgICAgICAgfn5+fn5+fn5+fn5+fn5+fn5+fn5+fn5eXgogIHwgICBGaWxlICIvaG9tZS9ydW5uZXIvd29yay9HTy9HTy9pc29sYXRlZC1ydW50aW1lL2xp
2026-09-10T03:32:04.0576208Z GO_EVIDENCE_B64 Yi9weXRob24zLjEzL3NpdGUtcGFja2FnZXMvYW55aW8vX2JhY2tlbmRzL19hc3luY2lvLnB5IiwgbGluZSA3OTksIGluIF9fYWV4aXRfXwogIHwgICAgIHJhaXNlIEJhc2VFeGNlcHRpb25Hcm91cCgKICB8ICAgICAgICAgInVuaGFuZGxlZCBlcnJvcnMgaW4gYSBUYXNrR3JvdXAiLCBzZWxmLl9leGNlcHRpb25zCiAgfCAgICAgKSBmcm9tIE5vbmUKICB8IEV4Y2VwdGlvbkdyb3VwOiB1bmhhbmRsZWQgZXJyb3JzIGluIGEgVGFza0dyb3VwICgxIHN1Yi1leGNlcHRpb24pCiAgKy0rLS0tLS0tLS0tLS0tLS0tLSAxIC0tLS0tLS0t
2026-09-10T03:32:04.0581874Z GO_EVIDENCE_B64 LS0tLS0tLS0KICAgIHwgVHJhY2ViYWNrIChtb3N0IHJlY2VudCBjYWxsIGxhc3QpOgogICAgfCAgIEZpbGUgIi9ob21lL3J1bm5lci93b3JrL0dPL0dPL2lzb2xhdGVkLXJ1bnRpbWUvbGliL3B5dGhvbjMuMTMvc2l0ZS1wYWNrYWdlcy9fcHl0ZXN0L3J1bm5lci5weSIsIGxpbmUgMzUzLCBpbiBmcm9tX2NhbGwKICAgIHwgICAgIHJlc3VsdDogVFJlc3VsdCB8IE5vbmUgPSBmdW5jKCkKICAgIHwgICAgICAgICAgICAgICAgICAgICAgICAgICAgICB+fn5+Xl4KICAgIHwgICBGaWxlICIvaG9tZS9ydW5uZXIvd29yay9HTy9HTy9p
2026-09-10T03:32:04.0587742Z GO_EVIDENCE_B64 c29sYXRlZC1ydW50aW1lL2xpYi9weXRob24zLjEzL3NpdGUtcGFja2FnZXMvX3B5dGVzdC9ydW5uZXIucHkiLCBsaW5lIDI0NSwgaW4gJmx0O2xhbWJkYSZndDsKICAgIHwgICAgIGxhbWJkYTogcnVudGVzdF9ob29rKGl0ZW09aXRlbSwgKiprd2RzKSwKICAgIHwgICAgICAgICAgICAgfn5+fn5+fn5+fn5+Xl5eXl5eXl5eXl5eXl5eXl5eXgogICAgfCAgIEZpbGUgIi9ob21lL3J1bm5lci93b3JrL0dPL0dPL2lzb2xhdGVkLXJ1bnRpbWUvbGliL3B5dGhvbjMuMTMvc2l0ZS1wYWNrYWdlcy9wbHVnZ3kvX2hvb2tzLnB5IiwgbGlu
2026-09-10T03:32:04.0593249Z GO_EVIDENCE_B64 ZSA1MTIsIGluIF9fY2FsbF9fCiAgICB8ICAgICByZXR1cm4gc2VsZi5faG9va2V4ZWMoc2VsZi5uYW1lLCBzZWxmLl9ob29raW1wbHMuY29weSgpLCBrd2FyZ3MsIGZpcnN0cmVzdWx0KQogICAgfCAgICAgICAgICAgIH5+fn5+fn5+fn5+fn5+Xl5eXl5eXl5eXl5eXl5eXl5eXl5eXl5eXl5eXl5eXl5eXl5eXl5eXl5eXl5eXl5eXl5eXl5eXl4KICAgIHwgICBGaWxlICIvaG9tZS9ydW5uZXIvd29yay9HTy9HTy9pc29sYXRlZC1ydW50aW1lL2xpYi9weXRob24zLjEzL3NpdGUtcGFja2FnZXMvcGx1Z2d5L19tYW5hZ2VyLnB5Iiwg
2026-09-10T03:32:04.0599071Z GO_EVIDENCE_B64 bGluZSAxMjAsIGluIF9ob29rZXhlYwogICAgfCAgICAgcmV0dXJuIHNlbGYuX2lubmVyX2hvb2tleGVjKGhvb2tfbmFtZSwgbWV0aG9kcywga3dhcmdzLCBmaXJzdHJlc3VsdCkKICAgIHwgICAgICAgICAgICB+fn5+fn5+fn5+fn5+fn5+fn5+fl5eXl5eXl5eXl5eXl5eXl5eXl5eXl5eXl5eXl5eXl5eXl5eXl5eXl5eCiAgICB8ICAgRmlsZSAiL2hvbWUvcnVubmVyL3dvcmsvR08vR08vaXNvbGF0ZWQtcnVudGltZS9saWIvcHl0aG9uMy4xMy9zaXRlLXBhY2thZ2VzL3BsdWdneS9fY2FsbGVycy5weSIsIGxpbmUgMTY3LCBpbiBf
2026-09-10T03:32:04.0604694Z GO_EVIDENCE_B64 bXVsdGljYWxsCiAgICB8ICAgICByYWlzZSBleGNlcHRpb24KICAgIHwgICBGaWxlICIvaG9tZS9ydW5uZXIvd29yay9HTy9HTy9pc29sYXRlZC1ydW50aW1lL2xpYi9weXRob24zLjEzL3NpdGUtcGFja2FnZXMvcGx1Z2d5L19jYWxsZXJzLnB5IiwgbGluZSAxMzksIGluIF9tdWx0aWNhbGwKICAgIHwgICAgIHRlYXJkb3duLnRocm93KGV4Y2VwdGlvbikKICAgIHwgICAgIH5+fn5+fn5+fn5+fn5+Xl5eXl5eXl5eXl4KICAgIHwgICBGaWxlICIvaG9tZS9ydW5uZXIvd29yay9HTy9HTy9pc29sYXRlZC1ydW50aW1lL2xpYi9weXRo
2026-09-10T03:32:04.0610433Z GO_EVIDENCE_B64 b24zLjEzL3NpdGUtcGFja2FnZXMvX3B5dGVzdC9sb2dnaW5nLnB5IiwgbGluZSA4NTAsIGluIHB5dGVzdF9ydW50ZXN0X2NhbGwKICAgIHwgICAgIHlpZWxkCiAgICB8ICAgRmlsZSAiL2hvbWUvcnVubmVyL3dvcmsvR08vR08vaXNvbGF0ZWQtcnVudGltZS9saWIvcHl0aG9uMy4xMy9zaXRlLXBhY2thZ2VzL3BsdWdneS9fY2FsbGVycy5weSIsIGxpbmUgMTM5LCBpbiBfbXVsdGljYWxsCiAgICB8ICAgICB0ZWFyZG93bi50aHJvdyhleGNlcHRpb24pCiAgICB8ICAgICB+fn5+fn5+fn5+fn5+fl5eXl5eXl5eXl5eCiAgICB8ICAg
2026-09-10T03:32:04.0616210Z GO_EVIDENCE_B64 RmlsZSAiL2hvbWUvcnVubmVyL3dvcmsvR08vR08vaXNvbGF0ZWQtcnVudGltZS9saWIvcHl0aG9uMy4xMy9zaXRlLXBhY2thZ2VzL19weXRlc3QvY2FwdHVyZS5weSIsIGxpbmUgOTAwLCBpbiBweXRlc3RfcnVudGVzdF9jYWxsCiAgICB8ICAgICByZXR1cm4gKHlpZWxkKQogICAgfCAgICAgICAgICAgICBeXl5eXgogICAgfCAgIEZpbGUgIi9ob21lL3J1bm5lci93b3JrL0dPL0dPL2lzb2xhdGVkLXJ1bnRpbWUvbGliL3B5dGhvbjMuMTMvc2l0ZS1wYWNrYWdlcy9wbHVnZ3kvX2NhbGxlcnMucHkiLCBsaW5lIDEzOSwgaW4gX211
2026-09-10T03:32:04.0621854Z GO_EVIDENCE_B64 bHRpY2FsbAogICAgfCAgICAgdGVhcmRvd24udGhyb3coZXhjZXB0aW9uKQogICAgfCAgICAgfn5+fn5+fn5+fn5+fn5eXl5eXl5eXl5eXgogICAgfCAgIEZpbGUgIi9ob21lL3J1bm5lci93b3JrL0dPL0dPL2lzb2xhdGVkLXJ1bnRpbWUvbGliL3B5dGhvbjMuMTMvc2l0ZS1wYWNrYWdlcy9fcHl0ZXN0L3NraXBwaW5nLnB5IiwgbGluZSAyNjgsIGluIHB5dGVzdF9ydW50ZXN0X2NhbGwKICAgIHwgICAgIHJldHVybiAoeWllbGQpCiAgICB8ICAgICAgICAgICAgIF5eXl5eCiAgICB8ICAgRmlsZSAiL2hvbWUvcnVubmVyL3dvcmsv
2026-09-10T03:32:04.0627610Z GO_EVIDENCE_B64 R08vR08vaXNvbGF0ZWQtcnVudGltZS9saWIvcHl0aG9uMy4xMy9zaXRlLXBhY2thZ2VzL3BsdWdneS9fY2FsbGVycy5weSIsIGxpbmUgMTIxLCBpbiBfbXVsdGljYWxsCiAgICB8ICAgICByZXMgPSBob29rX2ltcGwuZnVuY3Rpb24oKmFyZ3MpCiAgICB8ICAgRmlsZSAiL2hvbWUvcnVubmVyL3dvcmsvR08vR08vaXNvbGF0ZWQtcnVudGltZS9saWIvcHl0aG9uMy4xMy9zaXRlLXBhY2thZ2VzL19weXRlc3QvcnVubmVyLnB5IiwgbGluZSAxNzksIGluIHB5dGVzdF9ydW50ZXN0X2NhbGwKICAgIHwgICAgIGl0ZW0ucnVudGVzdCgp
2026-09-10T03:32:04.0633194Z GO_EVIDENCE_B64 CiAgICB8ICAgICB+fn5+fn5+fn5+fn5eXgogICAgfCAgIEZpbGUgIi9ob21lL3J1bm5lci93b3JrL0dPL0dPL2lzb2xhdGVkLXJ1bnRpbWUvbGliL3B5dGhvbjMuMTMvc2l0ZS1wYWNrYWdlcy9fcHl0ZXN0L3B5dGhvbi5weSIsIGxpbmUgMTcyMCwgaW4gcnVudGVzdAogICAgfCAgICAgc2VsZi5paG9vay5weXRlc3RfcHlmdW5jX2NhbGwocHlmdW5jaXRlbT1zZWxmKQogICAgfCAgICAgfn5+fn5+fn5+fn5+fn5+fn5+fn5+fn5+fn5+fn5eXl5eXl5eXl5eXl5eXl5eXgogICAgfCAgIEZpbGUgIi9ob21lL3J1bm5lci93b3JrL0dP
2026-09-10T03:32:04.0638946Z GO_EVIDENCE_B64 L0dPL2lzb2xhdGVkLXJ1bnRpbWUvbGliL3B5dGhvbjMuMTMvc2l0ZS1wYWNrYWdlcy9wbHVnZ3kvX2hvb2tzLnB5IiwgbGluZSA1MTIsIGluIF9fY2FsbF9fCiAgICB8ICAgICByZXR1cm4gc2VsZi5faG9va2V4ZWMoc2VsZi5uYW1lLCBzZWxmLl9ob29raW1wbHMuY29weSgpLCBrd2FyZ3MsIGZpcnN0cmVzdWx0KQogICAgfCAgICAgICAgICAgIH5+fn5+fn5+fn5+fn5+Xl5eXl5eXl5eXl5eXl5eXl5eXl5eXl5eXl5eXl5eXl5eXl5eXl5eXl5eXl5eXl5eXl5eXl5eXl4KICAgIHwgICBGaWxlICIvaG9tZS9ydW5uZXIvd29yay9H
2026-09-10T03:32:04.0644473Z GO_EVIDENCE_B64 Ty9HTy9pc29sYXRlZC1ydW50aW1lL2xpYi9weXRob24zLjEzL3NpdGUtcGFja2FnZXMvcGx1Z2d5L19tYW5hZ2VyLnB5IiwgbGluZSAxMjAsIGluIF9ob29rZXhlYwogICAgfCAgICAgcmV0dXJuIHNlbGYuX2lubmVyX2hvb2tleGVjKGhvb2tfbmFtZSwgbWV0aG9kcywga3dhcmdzLCBmaXJzdHJlc3VsdCkKICAgIHwgICAgICAgICAgICB+fn5+fn5+fn5+fn5+fn5+fn5+fl5eXl5eXl5eXl5eXl5eXl5eXl5eXl5eXl5eXl5eXl5eXl5eXl5eXl5eCiAgICB8ICAgRmlsZSAiL2hvbWUvcnVubmVyL3dvcmsvR08vR08vaXNvbGF0ZWQt
2026-09-10T03:32:04.0650725Z GO_EVIDENCE_B64 cnVudGltZS9saWIvcHl0aG9uMy4xMy9zaXRlLXBhY2thZ2VzL3BsdWdneS9fY2FsbGVycy5weSIsIGxpbmUgMTY3LCBpbiBfbXVsdGljYWxsCiAgICB8ICAgICByYWlzZSBleGNlcHRpb24KICAgIHwgICBGaWxlICIvaG9tZS9ydW5uZXIvd29yay9HTy9HTy9pc29sYXRlZC1ydW50aW1lL2xpYi9weXRob24zLjEzL3NpdGUtcGFja2FnZXMvcGx1Z2d5L19jYWxsZXJzLnB5IiwgbGluZSAxMzksIGluIF9tdWx0aWNhbGwKICAgIHwgICAgIHRlYXJkb3duLnRocm93KGV4Y2VwdGlvbikKICAgIHwgICAgIH5+fn5+fn5+fn5+fn5+Xl5e
2026-09-10T03:32:04.0656878Z GO_EVIDENCE_B64 Xl5eXl5eXl4KICAgIHwgICBGaWxlICIvaG9tZS9ydW5uZXIvd29yay9HTy9HTy9pc29sYXRlZC1ydW50aW1lL2xpYi9weXRob24zLjEzL3NpdGUtcGFja2FnZXMvcGx1Z2d5L19jYWxsZXJzLnB5IiwgbGluZSA1MywgaW4gcnVuX29sZF9zdHlsZV9ob29rd3JhcHBlcgogICAgfCAgICAgcmV0dXJuIHJlc3VsdC5nZXRfcmVzdWx0KCkKICAgIHwgICAgICAgICAgICB+fn5+fn5+fn5+fn5+fn5+fl5eCiAgICB8ICAgRmlsZSAiL2hvbWUvcnVubmVyL3dvcmsvR08vR08vaXNvbGF0ZWQtcnVudGltZS9saWIvcHl0aG9uMy4xMy9zaXRl
2026-09-10T03:32:04.0666478Z GO_EVIDENCE_B64 LXBhY2thZ2VzL3BsdWdneS9fcmVzdWx0LnB5IiwgbGluZSAxMDMsIGluIGdldF9yZXN1bHQKICAgIHwgICAgIHJhaXNlIGV4Yy53aXRoX3RyYWNlYmFjayh0YikKICAgIHwgICBGaWxlICIvaG9tZS9ydW5uZXIvd29yay9HTy9HTy9pc29sYXRlZC1ydW50aW1lL2xpYi9weXRob24zLjEzL3NpdGUtcGFja2FnZXMvcGx1Z2d5L19jYWxsZXJzLnB5IiwgbGluZSAzOCwgaW4gcnVuX29sZF9zdHlsZV9ob29rd3JhcHBlcgogICAgfCAgICAgcmVzID0geWllbGQKICAgIHwgICAgICAgICAgIF5eXl5eCiAgICB8ICAgRmlsZSAiL2hvbWUv
2026-09-10T03:32:04.0677472Z GO_EVIDENCE_B64 cnVubmVyL3dvcmsvR08vR08vaXNvbGF0ZWQtcnVudGltZS9saWIvcHl0aG9uMy4xMy9zaXRlLXBhY2thZ2VzL3BsdWdneS9fY2FsbGVycy5weSIsIGxpbmUgMTIxLCBpbiBfbXVsdGljYWxsCiAgICB8ICAgICByZXMgPSBob29rX2ltcGwuZnVuY3Rpb24oKmFyZ3MpCiAgICB8ICAgRmlsZSAiL2hvbWUvcnVubmVyL3dvcmsvR08vR08vaXNvbGF0ZWQtcnVudGltZS9saWIvcHl0aG9uMy4xMy9zaXRlLXBhY2thZ2VzL19weXRlc3QvcHl0aG9uLnB5IiwgbGluZSAxNjYsIGluIHB5dGVzdF9weWZ1bmNfY2FsbAogICAgfCAgICAgcmVz
2026-09-10T03:32:04.0688322Z GO_EVIDENCE_B64 dWx0ID0gdGVzdGZ1bmN0aW9uKCoqdGVzdGFyZ3MpCiAgICB8ICAgRmlsZSAiL2hvbWUvcnVubmVyL3dvcmsvR08vR08vcmVzdG9yZWQvdGVzdHMvdGVzdF9kZXB0aDM0X2hvdGVsX3F1b3RlX3JlYWQucHkiLCBsaW5lIDMzLCBpbiB0ZXN0X25ld19xdW90ZV9kb2VzX25vdF9yZXBsYWNlX29yaWdpbmFsX2FjY2VwdGVkX2lkZW50aXR5CiAgICB8ICAgICBhc3NlcnQgZGF0YShjbGllbnQuZ2V0KHBhdGgsaGVhZGVycz1oKSk9PWFjY2VwdGVkCiAgICB8ICAgICAgICAgICAgICAgICB+fn5+fn5+fn5+Xl5eXl5eXl5eXl5eXl5eXgog
2026-09-10T03:32:04.0699664Z GO_EVIDENCE_B64 ICAgfCAgIEZpbGUgIi9ob21lL3J1bm5lci93b3JrL0dPL0dPL2lzb2xhdGVkLXJ1bnRpbWUvbGliL3B5dGhvbjMuMTMvc2l0ZS1wYWNrYWdlcy9zdGFybGV0dGUvdGVzdGNsaWVudC5weSIsIGxpbmUgNDczLCBpbiBnZXQKICAgIHwgICAgIHJldHVybiBzdXBlcigpLmdldCgKICAgIHwgICAgICAgICAgICB+fn5+fn5+fn5+fl4KICAgIHwgICAgICAgICB1cmwsCiAgICB8ICAgICAgICAgXl5eXgogICAgfCAgICAgLi4uJmx0OzYgbGluZXMmZ3Q7Li4uCiAgICB8ICAgICAgICAgZXh0ZW5zaW9ucz1leHRlbnNpb25zLAogICAgfCAg
2026-09-10T03:32:04.0710887Z GO_EVIDENCE_B64 ICAgICAgIF5eXl5eXl5eXl5eXl5eXl5eXl5eXl4KICAgIHwgICAgICkKICAgIHwgICAgIF4KICAgIHwgICBGaWxlICIvaG9tZS9ydW5uZXIvd29yay9HTy9HTy9pc29sYXRlZC1ydW50aW1lL2xpYi9weXRob24zLjEzL3NpdGUtcGFja2FnZXMvaHR0cHgvX2NsaWVudC5weSIsIGxpbmUgMTA1MywgaW4gZ2V0CiAgICB8ICAgICByZXR1cm4gc2VsZi5yZXF1ZXN0KAogICAgfCAgICAgICAgICAgIH5+fn5+fn5+fn5+fl4KICAgIHwgICAgICAgICAiR0VUIiwKICAgIHwgICAgICAgICBeXl5eXl4KICAgIHwgICAgIC4uLiZsdDs3IGxp
2026-09-10T03:32:04.0722209Z GO_EVIDENCE_B64 bmVzJmd0Oy4uLgogICAgfCAgICAgICAgIGV4dGVuc2lvbnM9ZXh0ZW5zaW9ucywKICAgIHwgICAgICAgICBeXl5eXl5eXl5eXl5eXl5eXl5eXl5eCiAgICB8ICAgICApCiAgICB8ICAgICBeCiAgICB8ICAgRmlsZSAiL2hvbWUvcnVubmVyL3dvcmsvR08vR08vaXNvbGF0ZWQtcnVudGltZS9saWIvcHl0aG9uMy4xMy9zaXRlLXBhY2thZ2VzL3N0YXJsZXR0ZS90ZXN0Y2xpZW50LnB5IiwgbGluZSA0NDUsIGluIHJlcXVlc3QKICAgIHwgICAgIHJldHVybiBzdXBlcigpLnJlcXVlc3QoCiAgICB8ICAgICAgICAgICAgfn5+fn5+fn5+
2026-09-10T03:32:04.0733874Z GO_EVIDENCE_B64 fn5+fn5+XgogICAgfCAgICAgICAgIG1ldGhvZCwKICAgIHwgICAgICAgICBeXl5eXl5eCiAgICB8ICAgICAuLi4mbHQ7MTEgbGluZXMmZ3Q7Li4uCiAgICB8ICAgICAgICAgZXh0ZW5zaW9ucz1leHRlbnNpb25zLAogICAgfCAgICAgICAgIF5eXl5eXl5eXl5eXl5eXl5eXl5eXl4KICAgIHwgICAgICkKICAgIHwgICAgIF4KICAgIHwgICBGaWxlICIvaG9tZS9ydW5uZXIvd29yay9HTy9HTy9pc29sYXRlZC1ydW50aW1lL2xpYi9weXRob24zLjEzL3NpdGUtcGFja2FnZXMvaHR0cHgvX2NsaWVudC5weSIsIGxpbmUgODI1LCBpbiBy
2026-09-10T03:32:04.0745072Z GO_EVIDENCE_B64 ZXF1ZXN0CiAgICB8ICAgICByZXR1cm4gc2VsZi5zZW5kKHJlcXVlc3QsIGF1dGg9YXV0aCwgZm9sbG93X3JlZGlyZWN0cz1mb2xsb3dfcmVkaXJlY3RzKQogICAgfCAgICAgICAgICAgIH5+fn5+fn5+fl5eXl5eXl5eXl5eXl5eXl5eXl5eXl5eXl5eXl5eXl5eXl5eXl5eXl5eXl5eXl5eXl5eXl5eXl4KICAgIHwgICBGaWxlICIvaG9tZS9ydW5uZXIvd29yay9HTy9HTy9pc29sYXRlZC1ydW50aW1lL2xpYi9weXRob24zLjEzL3NpdGUtcGFja2FnZXMvaHR0cHgvX2NsaWVudC5weSIsIGxpbmUgOTE0LCBpbiBzZW5kCiAgICB8ICAg
2026-09-10T03:32:04.0756948Z GO_EVIDENCE_B64 ICByZXNwb25zZSA9IHNlbGYuX3NlbmRfaGFuZGxpbmdfYXV0aCgKICAgIHwgICAgICAgICByZXF1ZXN0LAogICAgfCAgICAgLi4uJmx0OzIgbGluZXMmZ3Q7Li4uCiAgICB8ICAgICAgICAgaGlzdG9yeT1bXSwKICAgIHwgICAgICkKICAgIHwgICBGaWxlICIvaG9tZS9ydW5uZXIvd29yay9HTy9HTy9pc29sYXRlZC1ydW50aW1lL2xpYi9weXRob24zLjEzL3NpdGUtcGFja2FnZXMvaHR0cHgvX2NsaWVudC5weSIsIGxpbmUgOTQyLCBpbiBfc2VuZF9oYW5kbGluZ19hdXRoCiAgICB8ICAgICByZXNwb25zZSA9IHNlbGYuX3NlbmRf
2026-09-10T03:32:04.0768393Z GO_EVIDENCE_B64 aGFuZGxpbmdfcmVkaXJlY3RzKAogICAgfCAgICAgICAgIHJlcXVlc3QsCiAgICB8ICAgICAgICAgZm9sbG93X3JlZGlyZWN0cz1mb2xsb3dfcmVkaXJlY3RzLAogICAgfCAgICAgICAgIGhpc3Rvcnk9aGlzdG9yeSwKICAgIHwgICAgICkKICAgIHwgICBGaWxlICIvaG9tZS9ydW5uZXIvd29yay9HTy9HTy9pc29sYXRlZC1ydW50aW1lL2xpYi9weXRob24zLjEzL3NpdGUtcGFja2FnZXMvaHR0cHgvX2NsaWVudC5weSIsIGxpbmUgOTc5LCBpbiBfc2VuZF9oYW5kbGluZ19yZWRpcmVjdHMKICAgIHwgICAgIHJlc3BvbnNlID0gc2Vs
2026-09-10T03:32:04.0779819Z GO_EVIDENCE_B64 Zi5fc2VuZF9zaW5nbGVfcmVxdWVzdChyZXF1ZXN0KQogICAgfCAgIEZpbGUgIi9ob21lL3J1bm5lci93b3JrL0dPL0dPL2lzb2xhdGVkLXJ1bnRpbWUvbGliL3B5dGhvbjMuMTMvc2l0ZS1wYWNrYWdlcy9odHRweC9fY2xpZW50LnB5IiwgbGluZSAxMDE0LCBpbiBfc2VuZF9zaW5nbGVfcmVxdWVzdAogICAgfCAgICAgcmVzcG9uc2UgPSB0cmFuc3BvcnQuaGFuZGxlX3JlcXVlc3QocmVxdWVzdCkKICAgIHwgICBGaWxlICIvaG9tZS9ydW5uZXIvd29yay9HTy9HTy9pc29sYXRlZC1ydW50aW1lL2xpYi9weXRob24zLjEzL3NpdGUt
2026-09-10T03:32:04.0791162Z GO_EVIDENCE_B64 cGFja2FnZXMvc3RhcmxldHRlL3Rlc3RjbGllbnQucHkiLCBsaW5lIDM0OCwgaW4gaGFuZGxlX3JlcXVlc3QKICAgIHwgICAgIHJhaXNlIGV4YwogICAgfCAgIEZpbGUgIi9ob21lL3J1bm5lci93b3JrL0dPL0dPL2lzb2xhdGVkLXJ1bnRpbWUvbGliL3B5dGhvbjMuMTMvc2l0ZS1wYWNrYWdlcy9zdGFybGV0dGUvdGVzdGNsaWVudC5weSIsIGxpbmUgMzQ1LCBpbiBoYW5kbGVfcmVxdWVzdAogICAgfCAgICAgcG9ydGFsLmNhbGwoc2VsZi5hcHAsIHNjb3BlLCByZWNlaXZlLCBzZW5kKQogICAgfCAgICAgfn5+fn5+fn5+fn5eXl5e
2026-09-10T03:32:04.0802314Z GO_EVIDENCE_B64 Xl5eXl5eXl5eXl5eXl5eXl5eXl5eXl5eXl5eXgogICAgfCAgIEZpbGUgIi9ob21lL3J1bm5lci93b3JrL0dPL0dPL2lzb2xhdGVkLXJ1bnRpbWUvbGliL3B5dGhvbjMuMTMvc2l0ZS1wYWNrYWdlcy9hbnlpby9mcm9tX3RocmVhZC5weSIsIGxpbmUgMzM0LCBpbiBjYWxsCiAgICB8ICAgICByZXR1cm4gY2FzdChUX1JldHZhbCwgc2VsZi5zdGFydF90YXNrX3Nvb24oZnVuYywgKmFyZ3MpLnJlc3VsdCgpKQogICAgfCAgICAgICAgICAgICAgICAgICAgICAgICAgIH5+fn5+fn5+fn5+fn5+fn5+fn5+fn5+fn5+fn5+fn5+fn5+fn5+
2026-09-10T03:32:04.0813352Z GO_EVIDENCE_B64 fn5eXgogICAgfCAgIEZpbGUgIi9vcHQvaG9zdGVkdG9vbGNhY2hlL1B5dGhvbi8zLjEzLjUveDY0L2xpYi9weXRob24zLjEzL2NvbmN1cnJlbnQvZnV0dXJlcy9fYmFzZS5weSIsIGxpbmUgNDU2LCBpbiByZXN1bHQKICAgIHwgICAgIHJldHVybiBzZWxmLl9fZ2V0X3Jlc3VsdCgpCiAgICB8ICAgICAgICAgICAgfn5+fn5+fn5+fn5+fn5+fn5eXgogICAgfCAgIEZpbGUgIi9vcHQvaG9zdGVkdG9vbGNhY2hlL1B5dGhvbi8zLjEzLjUveDY0L2xpYi9weXRob24zLjEzL2NvbmN1cnJlbnQvZnV0dXJlcy9fYmFzZS5weSIsIGxpbmUg
2026-09-10T03:32:04.0824446Z GO_EVIDENCE_B64 NDAxLCBpbiBfX2dldF9yZXN1bHQKICAgIHwgICAgIHJhaXNlIHNlbGYuX2V4Y2VwdGlvbgogICAgfCAgIEZpbGUgIi9ob21lL3J1bm5lci93b3JrL0dPL0dPL2lzb2xhdGVkLXJ1bnRpbWUvbGliL3B5dGhvbjMuMTMvc2l0ZS1wYWNrYWdlcy9hbnlpby9mcm9tX3RocmVhZC5weSIsIGxpbmUgMjU5LCBpbiBfY2FsbF9mdW5jCiAgICB8ICAgICByZXR2YWwgPSBhd2FpdCByZXR2YWxfb3JfYXdhaXRhYmxlCiAgICB8ICAgICAgICAgICAgICBeXl5eXl5eXl5eXl5eXl5eXl5eXl5eXl5eCiAgICB8ICAgRmlsZSAiL2hvbWUvcnVubmVy
2026-09-10T03:32:04.0834821Z GO_EVIDENCE_B64 L3dvcmsvR08vR08vaXNvbGF0ZWQtcnVudGltZS9saWIvcHl0aG9uMy4xMy9zaXRlLXBhY2thZ2VzL2Zhc3RhcGkvYXBwbGljYXRpb25zLnB5IiwgbGluZSAxMTM4LCBpbiBfX2NhbGxfXwogICAgfCAgICAgYXdhaXQgc3VwZXIoKS5fX2NhbGxfXyhzY29wZSwgcmVjZWl2ZSwgc2VuZCkKICAgIHwgICBGaWxlICIvaG9tZS9ydW5uZXIvd29yay9HTy9HTy9pc29sYXRlZC1ydW50aW1lL2xpYi9weXRob24zLjEzL3NpdGUtcGFja2FnZXMvc3RhcmxldHRlL2FwcGxpY2F0aW9ucy5weSIsIGxpbmUgMTA3LCBpbiBfX2NhbGxfXwogICAg
2026-09-10T03:32:04.0840963Z GO_EVIDENCE_B64 fCAgICAgYXdhaXQgc2VsZi5taWRkbGV3YXJlX3N0YWNrKHNjb3BlLCByZWNlaXZlLCBzZW5kKQogICAgfCAgIEZpbGUgIi9ob21lL3J1bm5lci93b3JrL0dPL0dPL2lzb2xhdGVkLXJ1bnRpbWUvbGliL3B5dGhvbjMuMTMvc2l0ZS1wYWNrYWdlcy9zdGFybGV0dGUvbWlkZGxld2FyZS9lcnJvcnMucHkiLCBsaW5lIDE4NiwgaW4gX19jYWxsX18KICAgIHwgICAgIHJhaXNlIGV4YwogICAgfCAgIEZpbGUgIi9ob21lL3J1bm5lci93b3JrL0dPL0dPL2lzb2xhdGVkLXJ1bnRpbWUvbGliL3B5dGhvbjMuMTMvc2l0ZS1wYWNrYWdlcy9z
2026-09-10T03:32:04.0847114Z GO_EVIDENCE_B64 dGFybGV0dGUvbWlkZGxld2FyZS9lcnJvcnMucHkiLCBsaW5lIDE2NCwgaW4gX19jYWxsX18KICAgIHwgICAgIGF3YWl0IHNlbGYuYXBwKHNjb3BlLCByZWNlaXZlLCBfc2VuZCkKICAgIHwgICBGaWxlICIvaG9tZS9ydW5uZXIvd29yay9HTy9HTy9pc29sYXRlZC1ydW50aW1lL2xpYi9weXRob24zLjEzL3NpdGUtcGFja2FnZXMvc3RhcmxldHRlL21pZGRsZXdhcmUvYmFzZS5weSIsIGxpbmUgMTkxLCBpbiBfX2NhbGxfXwogICAgfCAgICAgd2l0aCByZWN2X3N0cmVhbSwgc2VuZF9zdHJlYW0sIGNvbGxhcHNlX2V4Y2dyb3Vwcygp
2026-09-10T03:32:04.0852790Z GO_EVIDENCE_B64 OgogICAgfCAgICAgICAgICAgICAgICAgICAgICAgICAgICAgICAgICAgIH5+fn5+fn5+fn5+fn5+fn5+fl5eCiAgICB8ICAgRmlsZSAiL29wdC9ob3N0ZWR0b29sY2FjaGUvUHl0aG9uLzMuMTMuNS94NjQvbGliL3B5dGhvbjMuMTMvY29udGV4dGxpYi5weSIsIGxpbmUgMTYyLCBpbiBfX2V4aXRfXwogICAgfCAgICAgc2VsZi5nZW4udGhyb3codmFsdWUpCiAgICB8ICAgICB+fn5+fn5+fn5+fn5+fl5eXl5eXl4KICAgIHwgICBGaWxlICIvaG9tZS9ydW5uZXIvd29yay9HTy9HTy9pc29sYXRlZC1ydW50aW1lL2xpYi9weXRob24z
2026-09-10T03:32:04.0858664Z GO_EVIDENCE_B64 LjEzL3NpdGUtcGFja2FnZXMvc3RhcmxldHRlL191dGlscy5weSIsIGxpbmUgODUsIGluIGNvbGxhcHNlX2V4Y2dyb3VwcwogICAgfCAgICAgcmFpc2UgZXhjCiAgICB8ICAgRmlsZSAiL2hvbWUvcnVubmVyL3dvcmsvR08vR08vaXNvbGF0ZWQtcnVudGltZS9saWIvcHl0aG9uMy4xMy9zaXRlLXBhY2thZ2VzL3N0YXJsZXR0ZS9taWRkbGV3YXJlL2Jhc2UucHkiLCBsaW5lIDE5MywgaW4gX19jYWxsX18KICAgIHwgICAgIHJlc3BvbnNlID0gYXdhaXQgc2VsZi5kaXNwYXRjaF9mdW5jKHJlcXVlc3QsIGNhbGxfbmV4dCkKICAgIHwg
2026-09-10T03:32:04.0864312Z GO_EVIDENCE_B64 ICAgICAgICAgICAgICAgXl5eXl5eXl5eXl5eXl5eXl5eXl5eXl5eXl5eXl5eXl5eXl5eXl5eXl5eXl4KICAgIHwgICBGaWxlICIvaG9tZS9ydW5uZXIvd29yay9HTy9HTy9yZXN0b3JlZC9zcmMvZ29faG90ZWwvbWFpbi5weSIsIGxpbmUgMjgyLCBpbiBkaXNwYXRjaAogICAgfCAgICAgcmVzcG9uc2U9YXdhaXQgY2FsbF9uZXh0KHJlcXVlc3QpCiAgICB8ICAgICAgICAgICAgICBeXl5eXl5eXl5eXl5eXl5eXl5eXl5eXl4KICAgIHwgICBGaWxlICIvaG9tZS9ydW5uZXIvd29yay9HTy9HTy9pc29sYXRlZC1ydW50aW1lL2xpYi9w
2026-09-10T03:32:04.0870111Z GO_EVIDENCE_B64 eXRob24zLjEzL3NpdGUtcGFja2FnZXMvc3RhcmxldHRlL21pZGRsZXdhcmUvYmFzZS5weSIsIGxpbmUgMTY4LCBpbiBjYWxsX25leHQKICAgIHwgICAgIHJhaXNlIGFwcF9leGMgZnJvbSBhcHBfZXhjLl9fY2F1c2VfXyBvciBhcHBfZXhjLl9fY29udGV4dF9fCiAgICB8ICAgRmlsZSAiL2hvbWUvcnVubmVyL3dvcmsvR08vR08vaXNvbGF0ZWQtcnVudGltZS9saWIvcHl0aG9uMy4xMy9zaXRlLXBhY2thZ2VzL3N0YXJsZXR0ZS9taWRkbGV3YXJlL2Jhc2UucHkiLCBsaW5lIDE0NCwgaW4gY29ybwogICAgfCAgICAgYXdhaXQgc2Vs
2026-09-10T03:32:04.0875932Z GO_EVIDENCE_B64 Zi5hcHAoc2NvcGUsIHJlY2VpdmVfb3JfZGlzY29ubmVjdCwgc2VuZF9ub19lcnJvcikKICAgIHwgICBGaWxlICIvaG9tZS9ydW5uZXIvd29yay9HTy9HTy9pc29sYXRlZC1ydW50aW1lL2xpYi9weXRob24zLjEzL3NpdGUtcGFja2FnZXMvc3RhcmxldHRlL21pZGRsZXdhcmUvYmFzZS5weSIsIGxpbmUgMTkxLCBpbiBfX2NhbGxfXwogICAgfCAgICAgd2l0aCByZWN2X3N0cmVhbSwgc2VuZF9zdHJlYW0sIGNvbGxhcHNlX2V4Y2dyb3VwcygpOgogICAgfCAgICAgICAgICAgICAgICAgICAgICAgICAgICAgICAgICAgIH5+fn5+fn5+
2026-09-10T03:32:04.0881510Z GO_EVIDENCE_B64 fn5+fn5+fn5+fl5eCiAgICB8ICAgRmlsZSAiL29wdC9ob3N0ZWR0b29sY2FjaGUvUHl0aG9uLzMuMTMuNS94NjQvbGliL3B5dGhvbjMuMTMvY29udGV4dGxpYi5weSIsIGxpbmUgMTYyLCBpbiBfX2V4aXRfXwogICAgfCAgICAgc2VsZi5nZW4udGhyb3codmFsdWUpCiAgICB8ICAgICB+fn5+fn5+fn5+fn5+fl5eXl5eXl4KICAgIHwgICBGaWxlICIvaG9tZS9ydW5uZXIvd29yay9HTy9HTy9pc29sYXRlZC1ydW50aW1lL2xpYi9weXRob24zLjEzL3NpdGUtcGFja2FnZXMvc3RhcmxldHRlL191dGlscy5weSIsIGxpbmUgODUsIGlu
2026-09-10T03:32:04.0887394Z GO_EVIDENCE_B64 IGNvbGxhcHNlX2V4Y2dyb3VwcwogICAgfCAgICAgcmFpc2UgZXhjCiAgICB8ICAgRmlsZSAiL2hvbWUvcnVubmVyL3dvcmsvR08vR08vaXNvbGF0ZWQtcnVudGltZS9saWIvcHl0aG9uMy4xMy9zaXRlLXBhY2thZ2VzL3N0YXJsZXR0ZS9taWRkbGV3YXJlL2Jhc2UucHkiLCBsaW5lIDE5MywgaW4gX19jYWxsX18KICAgIHwgICAgIHJlc3BvbnNlID0gYXdhaXQgc2VsZi5kaXNwYXRjaF9mdW5jKHJlcXVlc3QsIGNhbGxfbmV4dCkKICAgIHwgICAgICAgICAgICAgICAgXl5eXl5eXl5eXl5eXl5eXl5eXl5eXl5eXl5eXl5eXl5eXl5e
2026-09-10T03:32:04.0893060Z GO_EVIDENCE_B64 Xl5eXl5eXl4KICAgIHwgICBGaWxlICIvaG9tZS9ydW5uZXIvd29yay9HTy9HTy9yZXN0b3JlZC9zcmMvZ29faG90ZWwvbWFpbi5weSIsIGxpbmUgMjUzLCBpbiBkaXNwYXRjaAogICAgfCAgICAgcmVzcG9uc2U9YXdhaXQgY2FsbF9uZXh0KHJlcXVlc3QpCiAgICB8ICAgICAgICAgICAgICBeXl5eXl5eXl5eXl5eXl5eXl5eXl5eXl4KICAgIHwgICBGaWxlICIvaG9tZS9ydW5uZXIvd29yay9HTy9HTy9pc29sYXRlZC1ydW50aW1lL2xpYi9weXRob24zLjEzL3NpdGUtcGFja2FnZXMvc3RhcmxldHRlL21pZGRsZXdhcmUvYmFzZS5w
2026-09-10T03:32:04.0899039Z GO_EVIDENCE_B64 eSIsIGxpbmUgMTY4LCBpbiBjYWxsX25leHQKICAgIHwgICAgIHJhaXNlIGFwcF9leGMgZnJvbSBhcHBfZXhjLl9fY2F1c2VfXyBvciBhcHBfZXhjLl9fY29udGV4dF9fCiAgICB8ICAgRmlsZSAiL2hvbWUvcnVubmVyL3dvcmsvR08vR08vaXNvbGF0ZWQtcnVudGltZS9saWIvcHl0aG9uMy4xMy9zaXRlLXBhY2thZ2VzL3N0YXJsZXR0ZS9taWRkbGV3YXJlL2Jhc2UucHkiLCBsaW5lIDE0NCwgaW4gY29ybwogICAgfCAgICAgYXdhaXQgc2VsZi5hcHAoc2NvcGUsIHJlY2VpdmVfb3JfZGlzY29ubmVjdCwgc2VuZF9ub19lcnJvcikK
2026-09-10T03:32:04.0904699Z GO_EVIDENCE_B64 ICAgIHwgICBGaWxlICIvaG9tZS9ydW5uZXIvd29yay9HTy9HTy9pc29sYXRlZC1ydW50aW1lL2xpYi9weXRob24zLjEzL3NpdGUtcGFja2FnZXMvc3RhcmxldHRlL21pZGRsZXdhcmUvYmFzZS5weSIsIGxpbmUgMTkxLCBpbiBfX2NhbGxfXwogICAgfCAgICAgd2l0aCByZWN2X3N0cmVhbSwgc2VuZF9zdHJlYW0sIGNvbGxhcHNlX2V4Y2dyb3VwcygpOgogICAgfCAgICAgICAgICAgICAgICAgICAgICAgICAgICAgICAgICAgIH5+fn5+fn5+fn5+fn5+fn5+fl5eCiAgICB8ICAgRmlsZSAiL29wdC9ob3N0ZWR0b29sY2FjaGUvUHl0
2026-09-10T03:32:04.0910423Z GO_EVIDENCE_B64 aG9uLzMuMTMuNS94NjQvbGliL3B5dGhvbjMuMTMvY29udGV4dGxpYi5weSIsIGxpbmUgMTYyLCBpbiBfX2V4aXRfXwogICAgfCAgICAgc2VsZi5nZW4udGhyb3codmFsdWUpCiAgICB8ICAgICB+fn5+fn5+fn5+fn5+fl5eXl5eXl4KICAgIHwgICBGaWxlICIvaG9tZS9ydW5uZXIvd29yay9HTy9HTy9pc29sYXRlZC1ydW50aW1lL2xpYi9weXRob24zLjEzL3NpdGUtcGFja2FnZXMvc3RhcmxldHRlL191dGlscy5weSIsIGxpbmUgODUsIGluIGNvbGxhcHNlX2V4Y2dyb3VwcwogICAgfCAgICAgcmFpc2UgZXhjCiAgICB8ICAgRmls
2026-09-10T03:32:04.0916123Z GO_EVIDENCE_B64 ZSAiL2hvbWUvcnVubmVyL3dvcmsvR08vR08vaXNvbGF0ZWQtcnVudGltZS9saWIvcHl0aG9uMy4xMy9zaXRlLXBhY2thZ2VzL3N0YXJsZXR0ZS9taWRkbGV3YXJlL2Jhc2UucHkiLCBsaW5lIDE5MywgaW4gX19jYWxsX18KICAgIHwgICAgIHJlc3BvbnNlID0gYXdhaXQgc2VsZi5kaXNwYXRjaF9mdW5jKHJlcXVlc3QsIGNhbGxfbmV4dCkKICAgIHwgICAgICAgICAgICAgICAgXl5eXl5eXl5eXl5eXl5eXl5eXl5eXl5eXl5eXl5eXl5eXl5eXl5eXl5eXl4KICAgIHwgICBGaWxlICIvaG9tZS9ydW5uZXIvd29yay9HTy9HTy9yZXN0
2026-09-10T03:32:04.0921765Z GO_EVIDENCE_B64 b3JlZC9zcmMvZ29faG90ZWwvbWFpbi5weSIsIGxpbmUgMjA3LCBpbiBkaXNwYXRjaAogICAgfCAgICAgcmVzcG9uc2U9YXdhaXQgY2FsbF9uZXh0KHJlcXVlc3QpCiAgICB8ICAgICAgICAgICAgICBeXl5eXl5eXl5eXl5eXl5eXl5eXl5eXl4KICAgIHwgICBGaWxlICIvaG9tZS9ydW5uZXIvd29yay9HTy9HTy9pc29sYXRlZC1ydW50aW1lL2xpYi9weXRob24zLjEzL3NpdGUtcGFja2FnZXMvc3RhcmxldHRlL21pZGRsZXdhcmUvYmFzZS5weSIsIGxpbmUgMTY4LCBpbiBjYWxsX25leHQKICAgIHwgICAgIHJhaXNlIGFwcF9leGMg
2026-09-10T03:32:04.0927510Z GO_EVIDENCE_B64 ZnJvbSBhcHBfZXhjLl9fY2F1c2VfXyBvciBhcHBfZXhjLl9fY29udGV4dF9fCiAgICB8ICAgRmlsZSAiL2hvbWUvcnVubmVyL3dvcmsvR08vR08vaXNvbGF0ZWQtcnVudGltZS9saWIvcHl0aG9uMy4xMy9zaXRlLXBhY2thZ2VzL3N0YXJsZXR0ZS9taWRkbGV3YXJlL2Jhc2UucHkiLCBsaW5lIDE0NCwgaW4gY29ybwogICAgfCAgICAgYXdhaXQgc2VsZi5hcHAoc2NvcGUsIHJlY2VpdmVfb3JfZGlzY29ubmVjdCwgc2VuZF9ub19lcnJvcikKICAgIHwgICBGaWxlICIvaG9tZS9ydW5uZXIvd29yay9HTy9HTy9pc29sYXRlZC1ydW50
2026-09-10T03:32:04.0933144Z GO_EVIDENCE_B64 aW1lL2xpYi9weXRob24zLjEzL3NpdGUtcGFja2FnZXMvc3RhcmxldHRlL21pZGRsZXdhcmUvZXhjZXB0aW9ucy5weSIsIGxpbmUgNjMsIGluIF9fY2FsbF9fCiAgICB8ICAgICBhd2FpdCB3cmFwX2FwcF9oYW5kbGluZ19leGNlcHRpb25zKHNlbGYuYXBwLCBjb25uKShzY29wZSwgcmVjZWl2ZSwgc2VuZCkKICAgIHwgICBGaWxlICIvaG9tZS9ydW5uZXIvd29yay9HTy9HTy9pc29sYXRlZC1ydW50aW1lL2xpYi9weXRob24zLjEzL3NpdGUtcGFja2FnZXMvc3RhcmxldHRlL19leGNlcHRpb25faGFuZGxlci5weSIsIGxpbmUgNTMs
2026-09-10T03:32:04.0939117Z GO_EVIDENCE_B64 IGluIHdyYXBwZWRfYXBwCiAgICB8ICAgICByYWlzZSBleGMKICAgIHwgICBGaWxlICIvaG9tZS9ydW5uZXIvd29yay9HTy9HTy9pc29sYXRlZC1ydW50aW1lL2xpYi9weXRob24zLjEzL3NpdGUtcGFja2FnZXMvc3RhcmxldHRlL19leGNlcHRpb25faGFuZGxlci5weSIsIGxpbmUgNDIsIGluIHdyYXBwZWRfYXBwCiAgICB8ICAgICBhd2FpdCBhcHAoc2NvcGUsIHJlY2VpdmUsIHNlbmRlcikKICAgIHwgICBGaWxlICIvaG9tZS9ydW5uZXIvd29yay9HTy9HTy9pc29sYXRlZC1ydW50aW1lL2xpYi9weXRob24zLjEzL3NpdGUtcGFj
2026-09-10T03:32:04.0944839Z GO_EVIDENCE_B64 a2FnZXMvZmFzdGFwaS9taWRkbGV3YXJlL2FzeW5jZXhpdHN0YWNrLnB5IiwgbGluZSAxOCwgaW4gX19jYWxsX18KICAgIHwgICAgIGF3YWl0IHNlbGYuYXBwKHNjb3BlLCByZWNlaXZlLCBzZW5kKQogICAgfCAgIEZpbGUgIi9ob21lL3J1bm5lci93b3JrL0dPL0dPL2lzb2xhdGVkLXJ1bnRpbWUvbGliL3B5dGhvbjMuMTMvc2l0ZS1wYWNrYWdlcy9zdGFybGV0dGUvcm91dGluZy5weSIsIGxpbmUgNzE2LCBpbiBfX2NhbGxfXwogICAgfCAgICAgYXdhaXQgc2VsZi5taWRkbGV3YXJlX3N0YWNrKHNjb3BlLCByZWNlaXZlLCBzZW5k
2026-09-10T03:32:04.0950790Z GO_EVIDENCE_B64 KQogICAgfCAgIEZpbGUgIi9ob21lL3J1bm5lci93b3JrL0dPL0dPL2lzb2xhdGVkLXJ1bnRpbWUvbGliL3B5dGhvbjMuMTMvc2l0ZS1wYWNrYWdlcy9zdGFybGV0dGUvcm91dGluZy5weSIsIGxpbmUgNzM2LCBpbiBhcHAKICAgIHwgICAgIGF3YWl0IHJvdXRlLmhhbmRsZShzY29wZSwgcmVjZWl2ZSwgc2VuZCkKICAgIHwgICBGaWxlICIvaG9tZS9ydW5uZXIvd29yay9HTy9HTy9pc29sYXRlZC1ydW50aW1lL2xpYi9weXRob24zLjEzL3NpdGUtcGFja2FnZXMvc3RhcmxldHRlL3JvdXRpbmcucHkiLCBsaW5lIDI5MCwgaW4gaGFu
2026-09-10T03:32:04.0956586Z GO_EVIDENCE_B64 ZGxlCiAgICB8ICAgICBhd2FpdCBzZWxmLmFwcChzY29wZSwgcmVjZWl2ZSwgc2VuZCkKICAgIHwgICBGaWxlICIvaG9tZS9ydW5uZXIvd29yay9HTy9HTy9pc29sYXRlZC1ydW50aW1lL2xpYi9weXRob24zLjEzL3NpdGUtcGFja2FnZXMvZmFzdGFwaS9yb3V0aW5nLnB5IiwgbGluZSAxMTUsIGluIGFwcAogICAgfCAgICAgYXdhaXQgd3JhcF9hcHBfaGFuZGxpbmdfZXhjZXB0aW9ucyhhcHAsIHJlcXVlc3QpKHNjb3BlLCByZWNlaXZlLCBzZW5kKQogICAgfCAgIEZpbGUgIi9ob21lL3J1bm5lci93b3JrL0dPL0dPL2lzb2xhdGVk
2026-09-10T03:32:04.0962266Z GO_EVIDENCE_B64 LXJ1bnRpbWUvbGliL3B5dGhvbjMuMTMvc2l0ZS1wYWNrYWdlcy9zdGFybGV0dGUvX2V4Y2VwdGlvbl9oYW5kbGVyLnB5IiwgbGluZSA1MywgaW4gd3JhcHBlZF9hcHAKICAgIHwgICAgIHJhaXNlIGV4YwogICAgfCAgIEZpbGUgIi9ob21lL3J1bm5lci93b3JrL0dPL0dPL2lzb2xhdGVkLXJ1bnRpbWUvbGliL3B5dGhvbjMuMTMvc2l0ZS1wYWNrYWdlcy9zdGFybGV0dGUvX2V4Y2VwdGlvbl9oYW5kbGVyLnB5IiwgbGluZSA0MiwgaW4gd3JhcHBlZF9hcHAKICAgIHwgICAgIGF3YWl0IGFwcChzY29wZSwgcmVjZWl2ZSwgc2VuZGVy
2026-09-10T03:32:04.0968268Z GO_EVIDENCE_B64 KQogICAgfCAgIEZpbGUgIi9ob21lL3J1bm5lci93b3JrL0dPL0dPL2lzb2xhdGVkLXJ1bnRpbWUvbGliL3B5dGhvbjMuMTMvc2l0ZS1wYWNrYWdlcy9mYXN0YXBpL3JvdXRpbmcucHkiLCBsaW5lIDEwMSwgaW4gYXBwCiAgICB8ICAgICByZXNwb25zZSA9IGF3YWl0IGYocmVxdWVzdCkKICAgIHwgICAgICAgICAgICAgICAgXl5eXl5eXl5eXl5eXl5eXgogICAgfCAgIEZpbGUgIi9ob21lL3J1bm5lci93b3JrL0dPL0dPL2lzb2xhdGVkLXJ1bnRpbWUvbGliL3B5dGhvbjMuMTMvc2l0ZS1wYWNrYWdlcy9mYXN0YXBpL3JvdXRpbmcu
2026-09-10T03:32:04.0973942Z GO_EVIDENCE_B64 cHkiLCBsaW5lIDM1NSwgaW4gYXBwCiAgICB8ICAgICByYXdfcmVzcG9uc2UgPSBhd2FpdCBydW5fZW5kcG9pbnRfZnVuY3Rpb24oCiAgICB8ICAgICAgICAgICAgICAgICAgICBeXl5eXl5eXl5eXl5eXl5eXl5eXl5eXl5eXl5eCiAgICB8ICAgICAuLi4mbHQ7MyBsaW5lcyZndDsuLi4KICAgIHwgICAgICkKICAgIHwgICAgIF4KICAgIHwgICBGaWxlICIvaG9tZS9ydW5uZXIvd29yay9HTy9HTy9pc29sYXRlZC1ydW50aW1lL2xpYi9weXRob24zLjEzL3NpdGUtcGFja2FnZXMvZmFzdGFwaS9yb3V0aW5nLnB5IiwgbGluZSAyNDUs
2026-09-10T03:32:04.0979792Z GO_EVIDENCE_B64 IGluIHJ1bl9lbmRwb2ludF9mdW5jdGlvbgogICAgfCAgICAgcmV0dXJuIGF3YWl0IHJ1bl9pbl90aHJlYWRwb29sKGRlcGVuZGFudC5jYWxsLCAqKnZhbHVlcykKICAgIHwgICAgICAgICAgICBeXl5eXl5eXl5eXl5eXl5eXl5eXl5eXl5eXl5eXl5eXl5eXl5eXl5eXl5eXl5eXl5eCiAgICB8ICAgRmlsZSAiL2hvbWUvcnVubmVyL3dvcmsvR08vR08vaXNvbGF0ZWQtcnVudGltZS9saWIvcHl0aG9uMy4xMy9zaXRlLXBhY2thZ2VzL3N0YXJsZXR0ZS9jb25jdXJyZW5jeS5weSIsIGxpbmUgMzIsIGluIHJ1bl9pbl90aHJlYWRwb29s
2026-09-10T03:32:04.0985510Z GO_EVIDENCE_B64 CiAgICB8ICAgICByZXR1cm4gYXdhaXQgYW55aW8udG9fdGhyZWFkLnJ1bl9zeW5jKGZ1bmMpCiAgICB8ICAgICAgICAgICAgXl5eXl5eXl5eXl5eXl5eXl5eXl5eXl5eXl5eXl5eXl5eXl5eCiAgICB8ICAgRmlsZSAiL2hvbWUvcnVubmVyL3dvcmsvR08vR08vaXNvbGF0ZWQtcnVudGltZS9saWIvcHl0aG9uMy4xMy9zaXRlLXBhY2thZ2VzL2FueWlvL3RvX3RocmVhZC5weSIsIGxpbmUgNjMsIGluIHJ1bl9zeW5jCiAgICB8ICAgICByZXR1cm4gYXdhaXQgZ2V0X2FzeW5jX2JhY2tlbmQoKS5ydW5fc3luY19pbl93b3JrZXJfdGhy
2026-09-10T03:32:04.0991282Z GO_EVIDENCE_B64 ZWFkKAogICAgfCAgICAgICAgICAgIF5eXl5eXl5eXl5eXl5eXl5eXl5eXl5eXl5eXl5eXl5eXl5eXl5eXl5eXl5eXl5eXl5eXl4KICAgIHwgICAgICAgICBmdW5jLCBhcmdzLCBhYmFuZG9uX29uX2NhbmNlbD1hYmFuZG9uX29uX2NhbmNlbCwgbGltaXRlcj1saW1pdGVyCiAgICB8ICAgICAgICAgXl5eXl5eXl5eXl5eXl5eXl5eXl5eXl5eXl5eXl5eXl5eXl5eXl5eXl5eXl5eXl5eXl5eXl5eXl5eXl5eXl5eXgogICAgfCAgICAgKQogICAgfCAgICAgXgogICAgfCAgIEZpbGUgIi9ob21lL3J1bm5lci93b3JrL0dPL0dPL2lzb2xh
2026-09-10T03:32:04.0997044Z GO_EVIDENCE_B64 dGVkLXJ1bnRpbWUvbGliL3B5dGhvbjMuMTMvc2l0ZS1wYWNrYWdlcy9hbnlpby9fYmFja2VuZHMvX2FzeW5jaW8ucHkiLCBsaW5lIDI1MTgsIGluIHJ1bl9zeW5jX2luX3dvcmtlcl90aHJlYWQKICAgIHwgICAgIHJldHVybiBhd2FpdCBmdXR1cmUKICAgIHwgICAgICAgICAgICBeXl5eXl5eXl5eXl4KICAgIHwgICBGaWxlICIvaG9tZS9ydW5uZXIvd29yay9HTy9HTy9pc29sYXRlZC1ydW50aW1lL2xpYi9weXRob24zLjEzL3NpdGUtcGFja2FnZXMvYW55aW8vX2JhY2tlbmRzL19hc3luY2lvLnB5IiwgbGluZSAxMDAyLCBpbiBy
2026-09-10T03:32:04.1002726Z GO_EVIDENCE_B64 dW4KICAgIHwgICAgIHJlc3VsdCA9IGNvbnRleHQucnVuKGZ1bmMsICphcmdzKQogICAgfCAgIEZpbGUgIi9ob21lL3J1bm5lci93b3JrL0dPL0dPL3Jlc3RvcmVkL3NyYy9nb19ob3RlbC9hcGkvcm91dGVzL21vYmlsZS5weSIsIGxpbmUgOTYsIGluIG1vYmlsZV9leGlzdGluZ19jYW5jZWxfcXVvdGUKICAgIHwgICAgIHdpdGggU2Vzc2lvbkxvY2FsKCkgYXMgczoKICAgIHwgICAgICAgICAgXl5eXl5eXl5eXl5eCiAgICB8IE5hbWVFcnJvcjogbmFtZSAnU2Vzc2lvbkxvY2FsJyBpcyBub3QgZGVmaW5lZAogICAgKy0tLS0tLS0t
2026-09-10T03:32:04.1008640Z GO_EVIDENCE_B64 LS0tLS0tLS0tLS0tLS0tLS0tLS0tLS0tLS0tLQoKVGhlIGFib3ZlIGV4Y2VwdGlvbiB3YXMgdGhlIGRpcmVjdCBjYXVzZSBvZiB0aGUgZm9sbG93aW5nIGV4Y2VwdGlvbjoKClRyYWNlYmFjayAobW9zdCByZWNlbnQgY2FsbCBsYXN0KToKICBGaWxlICIvaG9tZS9ydW5uZXIvd29yay9HTy9HTy9yZXN0b3JlZC90ZXN0cy90ZXN0X2RlcHRoMzRfaG90ZWxfcXVvdGVfcmVhZC5weSIsIGxpbmUgMzMsIGluIHRlc3RfbmV3X3F1b3RlX2RvZXNfbm90X3JlcGxhY2Vfb3JpZ2luYWxfYWNjZXB0ZWRfaWRlbnRpdHkKICAgIGFzc2VydCBk
2026-09-10T03:32:04.1014261Z GO_EVIDENCE_B64 YXRhKGNsaWVudC5nZXQocGF0aCxoZWFkZXJzPWgpKT09YWNjZXB0ZWQKICAgICAgICAgICAgICAgIH5+fn5+fn5+fn5eXl5eXl5eXl5eXl5eXl5eCiAgRmlsZSAiL2hvbWUvcnVubmVyL3dvcmsvR08vR08vaXNvbGF0ZWQtcnVudGltZS9saWIvcHl0aG9uMy4xMy9zaXRlLXBhY2thZ2VzL3N0YXJsZXR0ZS90ZXN0Y2xpZW50LnB5IiwgbGluZSA0NzMsIGluIGdldAogICAgcmV0dXJuIHN1cGVyKCkuZ2V0KAogICAgICAgICAgIH5+fn5+fn5+fn5+XgogICAgICAgIHVybCwKICAgICAgICBeXl5eCiAgICAuLi4mbHQ7NiBsaW5lcyZn
2026-09-10T03:32:04.1020003Z GO_EVIDENCE_B64 dDsuLi4KICAgICAgICBleHRlbnNpb25zPWV4dGVuc2lvbnMsCiAgICAgICAgXl5eXl5eXl5eXl5eXl5eXl5eXl5eXgogICAgKQogICAgXgogIEZpbGUgIi9ob21lL3J1bm5lci93b3JrL0dPL0dPL2lzb2xhdGVkLXJ1bnRpbWUvbGliL3B5dGhvbjMuMTMvc2l0ZS1wYWNrYWdlcy9odHRweC9fY2xpZW50LnB5IiwgbGluZSAxMDUzLCBpbiBnZXQKICAgIHJldHVybiBzZWxmLnJlcXVlc3QoCiAgICAgICAgICAgfn5+fn5+fn5+fn5+XgogICAgICAgICJHRVQiLAogICAgICAgIF5eXl5eXgogICAgLi4uJmx0OzcgbGluZXMmZ3Q7Li4u
2026-09-10T03:32:04.1025716Z GO_EVIDENCE_B64 CiAgICAgICAgZXh0ZW5zaW9ucz1leHRlbnNpb25zLAogICAgICAgIF5eXl5eXl5eXl5eXl5eXl5eXl5eXl4KICAgICkKICAgIF4KICBGaWxlICIvaG9tZS9ydW5uZXIvd29yay9HTy9HTy9pc29sYXRlZC1ydW50aW1lL2xpYi9weXRob24zLjEzL3NpdGUtcGFja2FnZXMvc3RhcmxldHRlL3Rlc3RjbGllbnQucHkiLCBsaW5lIDQ0NSwgaW4gcmVxdWVzdAogICAgcmV0dXJuIHN1cGVyKCkucmVxdWVzdCgKICAgICAgICAgICB+fn5+fn5+fn5+fn5+fn5eCiAgICAgICAgbWV0aG9kLAogICAgICAgIF5eXl5eXl4KICAgIC4uLiZsdDsx
2026-09-10T03:32:04.1031355Z GO_EVIDENCE_B64 MSBsaW5lcyZndDsuLi4KICAgICAgICBleHRlbnNpb25zPWV4dGVuc2lvbnMsCiAgICAgICAgXl5eXl5eXl5eXl5eXl5eXl5eXl5eXgogICAgKQogICAgXgogIEZpbGUgIi9ob21lL3J1bm5lci93b3JrL0dPL0dPL2lzb2xhdGVkLXJ1bnRpbWUvbGliL3B5dGhvbjMuMTMvc2l0ZS1wYWNrYWdlcy9odHRweC9fY2xpZW50LnB5IiwgbGluZSA4MjUsIGluIHJlcXVlc3QKICAgIHJldHVybiBzZWxmLnNlbmQocmVxdWVzdCwgYXV0aD1hdXRoLCBmb2xsb3dfcmVkaXJlY3RzPWZvbGxvd19yZWRpcmVjdHMpCiAgICAgICAgICAgfn5+fn5+
2026-09-10T03:32:04.1037023Z GO_EVIDENCE_B64 fn5+Xl5eXl5eXl5eXl5eXl5eXl5eXl5eXl5eXl5eXl5eXl5eXl5eXl5eXl5eXl5eXl5eXl5eXl5eXgogIEZpbGUgIi9ob21lL3J1bm5lci93b3JrL0dPL0dPL2lzb2xhdGVkLXJ1bnRpbWUvbGliL3B5dGhvbjMuMTMvc2l0ZS1wYWNrYWdlcy9odHRweC9fY2xpZW50LnB5IiwgbGluZSA5MTQsIGluIHNlbmQKICAgIHJlc3BvbnNlID0gc2VsZi5fc2VuZF9oYW5kbGluZ19hdXRoKAogICAgICAgIHJlcXVlc3QsCiAgICAuLi4mbHQ7MiBsaW5lcyZndDsuLi4KICAgICAgICBoaXN0b3J5PVtdLAogICAgKQogIEZpbGUgIi9ob21lL3J1
2026-09-10T03:32:04.1042577Z GO_EVIDENCE_B64 bm5lci93b3JrL0dPL0dPL2lzb2xhdGVkLXJ1bnRpbWUvbGliL3B5dGhvbjMuMTMvc2l0ZS1wYWNrYWdlcy9odHRweC9fY2xpZW50LnB5IiwgbGluZSA5NDIsIGluIF9zZW5kX2hhbmRsaW5nX2F1dGgKICAgIHJlc3BvbnNlID0gc2VsZi5fc2VuZF9oYW5kbGluZ19yZWRpcmVjdHMoCiAgICAgICAgcmVxdWVzdCwKICAgICAgICBmb2xsb3dfcmVkaXJlY3RzPWZvbGxvd19yZWRpcmVjdHMsCiAgICAgICAgaGlzdG9yeT1oaXN0b3J5LAogICAgKQogIEZpbGUgIi9ob21lL3J1bm5lci93b3JrL0dPL0dPL2lzb2xhdGVkLXJ1bnRpbWUv
2026-09-10T03:32:04.1048425Z GO_EVIDENCE_B64 bGliL3B5dGhvbjMuMTMvc2l0ZS1wYWNrYWdlcy9odHRweC9fY2xpZW50LnB5IiwgbGluZSA5NzksIGluIF9zZW5kX2hhbmRsaW5nX3JlZGlyZWN0cwogICAgcmVzcG9uc2UgPSBzZWxmLl9zZW5kX3NpbmdsZV9yZXF1ZXN0KHJlcXVlc3QpCiAgRmlsZSAiL2hvbWUvcnVubmVyL3dvcmsvR08vR08vaXNvbGF0ZWQtcnVudGltZS9saWIvcHl0aG9uMy4xMy9zaXRlLXBhY2thZ2VzL2h0dHB4L19jbGllbnQucHkiLCBsaW5lIDEwMTQsIGluIF9zZW5kX3NpbmdsZV9yZXF1ZXN0CiAgICByZXNwb25zZSA9IHRyYW5zcG9ydC5oYW5kbGVf
2026-09-10T03:32:04.1054062Z GO_EVIDENCE_B64 cmVxdWVzdChyZXF1ZXN0KQogIEZpbGUgIi9ob21lL3J1bm5lci93b3JrL0dPL0dPL2lzb2xhdGVkLXJ1bnRpbWUvbGliL3B5dGhvbjMuMTMvc2l0ZS1wYWNrYWdlcy9zdGFybGV0dGUvdGVzdGNsaWVudC5weSIsIGxpbmUgMzQ4LCBpbiBoYW5kbGVfcmVxdWVzdAogICAgcmFpc2UgZXhjCiAgRmlsZSAiL2hvbWUvcnVubmVyL3dvcmsvR08vR08vaXNvbGF0ZWQtcnVudGltZS9saWIvcHl0aG9uMy4xMy9zaXRlLXBhY2thZ2VzL3N0YXJsZXR0ZS90ZXN0Y2xpZW50LnB5IiwgbGluZSAzNDUsIGluIGhhbmRsZV9yZXF1ZXN0CiAgICBw
2026-09-10T03:32:04.1059958Z GO_EVIDENCE_B64 b3J0YWwuY2FsbChzZWxmLmFwcCwgc2NvcGUsIHJlY2VpdmUsIHNlbmQpCiAgICB+fn5+fn5+fn5+fl5eXl5eXl5eXl5eXl5eXl5eXl5eXl5eXl5eXl5eXl5eCiAgRmlsZSAiL2hvbWUvcnVubmVyL3dvcmsvR08vR08vaXNvbGF0ZWQtcnVudGltZS9saWIvcHl0aG9uMy4xMy9zaXRlLXBhY2thZ2VzL2FueWlvL2Zyb21fdGhyZWFkLnB5IiwgbGluZSAzMzQsIGluIGNhbGwKICAgIHJldHVybiBjYXN0KFRfUmV0dmFsLCBzZWxmLnN0YXJ0X3Rhc2tfc29vbihmdW5jLCAqYXJncykucmVzdWx0KCkpCiAgICAgICAgICAgICAgICAgICAg
2026-09-10T03:32:04.1065490Z GO_EVIDENCE_B64 ICAgICAgfn5+fn5+fn5+fn5+fn5+fn5+fn5+fn5+fn5+fn5+fn5+fn5+fn5+fl5eCiAgRmlsZSAiL29wdC9ob3N0ZWR0b29sY2FjaGUvUHl0aG9uLzMuMTMuNS94NjQvbGliL3B5dGhvbjMuMTMvY29uY3VycmVudC9mdXR1cmVzL19iYXNlLnB5IiwgbGluZSA0NTYsIGluIHJlc3VsdAogICAgcmV0dXJuIHNlbGYuX19nZXRfcmVzdWx0KCkKICAgICAgICAgICB+fn5+fn5+fn5+fn5+fn5+fl5eCiAgRmlsZSAiL29wdC9ob3N0ZWR0b29sY2FjaGUvUHl0aG9uLzMuMTMuNS94NjQvbGliL3B5dGhvbjMuMTMvY29uY3VycmVudC9mdXR1
2026-09-10T03:32:04.1070952Z GO_EVIDENCE_B64 cmVzL19iYXNlLnB5IiwgbGluZSA0MDEsIGluIF9fZ2V0X3Jlc3VsdAogICAgcmFpc2Ugc2VsZi5fZXhjZXB0aW9uCiAgRmlsZSAiL2hvbWUvcnVubmVyL3dvcmsvR08vR08vaXNvbGF0ZWQtcnVudGltZS9saWIvcHl0aG9uMy4xMy9zaXRlLXBhY2thZ2VzL2FueWlvL2Zyb21fdGhyZWFkLnB5IiwgbGluZSAyNTksIGluIF9jYWxsX2Z1bmMKICAgIHJldHZhbCA9IGF3YWl0IHJldHZhbF9vcl9hd2FpdGFibGUKICAgICAgICAgICAgIF5eXl5eXl5eXl5eXl5eXl5eXl5eXl5eXl4KICBGaWxlICIvaG9tZS9ydW5uZXIvd29yay9HTy9H
2026-09-10T03:32:04.1076677Z GO_EVIDENCE_B64 Ty9pc29sYXRlZC1ydW50aW1lL2xpYi9weXRob24zLjEzL3NpdGUtcGFja2FnZXMvZmFzdGFwaS9hcHBsaWNhdGlvbnMucHkiLCBsaW5lIDExMzgsIGluIF9fY2FsbF9fCiAgICBhd2FpdCBzdXBlcigpLl9fY2FsbF9fKHNjb3BlLCByZWNlaXZlLCBzZW5kKQogIEZpbGUgIi9ob21lL3J1bm5lci93b3JrL0dPL0dPL2lzb2xhdGVkLXJ1bnRpbWUvbGliL3B5dGhvbjMuMTMvc2l0ZS1wYWNrYWdlcy9zdGFybGV0dGUvYXBwbGljYXRpb25zLnB5IiwgbGluZSAxMDcsIGluIF9fY2FsbF9fCiAgICBhd2FpdCBzZWxmLm1pZGRsZXdhcmVf
2026-09-10T03:32:04.1082334Z GO_EVIDENCE_B64 c3RhY2soc2NvcGUsIHJlY2VpdmUsIHNlbmQpCiAgRmlsZSAiL2hvbWUvcnVubmVyL3dvcmsvR08vR08vaXNvbGF0ZWQtcnVudGltZS9saWIvcHl0aG9uMy4xMy9zaXRlLXBhY2thZ2VzL3N0YXJsZXR0ZS9taWRkbGV3YXJlL2Vycm9ycy5weSIsIGxpbmUgMTg2LCBpbiBfX2NhbGxfXwogICAgcmFpc2UgZXhjCiAgRmlsZSAiL2hvbWUvcnVubmVyL3dvcmsvR08vR08vaXNvbGF0ZWQtcnVudGltZS9saWIvcHl0aG9uMy4xMy9zaXRlLXBhY2thZ2VzL3N0YXJsZXR0ZS9taWRkbGV3YXJlL2Vycm9ycy5weSIsIGxpbmUgMTY0LCBpbiBf
2026-09-10T03:32:04.1088077Z GO_EVIDENCE_B64 X2NhbGxfXwogICAgYXdhaXQgc2VsZi5hcHAoc2NvcGUsIHJlY2VpdmUsIF9zZW5kKQogIEZpbGUgIi9ob21lL3J1bm5lci93b3JrL0dPL0dPL2lzb2xhdGVkLXJ1bnRpbWUvbGliL3B5dGhvbjMuMTMvc2l0ZS1wYWNrYWdlcy9zdGFybGV0dGUvbWlkZGxld2FyZS9iYXNlLnB5IiwgbGluZSAxOTEsIGluIF9fY2FsbF9fCiAgICB3aXRoIHJlY3Zfc3RyZWFtLCBzZW5kX3N0cmVhbSwgY29sbGFwc2VfZXhjZ3JvdXBzKCk6CiAgICAgICAgICAgICAgICAgICAgICAgICAgICAgICAgICAgfn5+fn5+fn5+fn5+fn5+fn5+Xl4KICBGaWxl
2026-09-10T03:32:04.1093627Z GO_EVIDENCE_B64 ICIvb3B0L2hvc3RlZHRvb2xjYWNoZS9QeXRob24vMy4xMy41L3g2NC9saWIvcHl0aG9uMy4xMy9jb250ZXh0bGliLnB5IiwgbGluZSAxNjIsIGluIF9fZXhpdF9fCiAgICBzZWxmLmdlbi50aHJvdyh2YWx1ZSkKICAgIH5+fn5+fn5+fn5+fn5+Xl5eXl5eXgogIEZpbGUgIi9ob21lL3J1bm5lci93b3JrL0dPL0dPL2lzb2xhdGVkLXJ1bnRpbWUvbGliL3B5dGhvbjMuMTMvc2l0ZS1wYWNrYWdlcy9zdGFybGV0dGUvX3V0aWxzLnB5IiwgbGluZSA4NSwgaW4gY29sbGFwc2VfZXhjZ3JvdXBzCiAgICByYWlzZSBleGMKICBGaWxlICIv
2026-09-10T03:32:04.1099446Z GO_EVIDENCE_B64 aG9tZS9ydW5uZXIvd29yay9HTy9HTy9pc29sYXRlZC1ydW50aW1lL2xpYi9weXRob24zLjEzL3NpdGUtcGFja2FnZXMvc3RhcmxldHRlL21pZGRsZXdhcmUvYmFzZS5weSIsIGxpbmUgMTkzLCBpbiBfX2NhbGxfXwogICAgcmVzcG9uc2UgPSBhd2FpdCBzZWxmLmRpc3BhdGNoX2Z1bmMocmVxdWVzdCwgY2FsbF9uZXh0KQogICAgICAgICAgICAgICBeXl5eXl5eXl5eXl5eXl5eXl5eXl5eXl5eXl5eXl5eXl5eXl5eXl5eXl5eXgogIEZpbGUgIi9ob21lL3J1bm5lci93b3JrL0dPL0dPL3Jlc3RvcmVkL3NyYy9nb19ob3RlbC9tYWlu
2026-09-10T03:32:04.1105862Z GO_EVIDENCE_B64 LnB5IiwgbGluZSAyODIsIGluIGRpc3BhdGNoCiAgICByZXNwb25zZT1hd2FpdCBjYWxsX25leHQocmVxdWVzdCkKICAgICAgICAgICAgIF5eXl5eXl5eXl5eXl5eXl5eXl5eXl5eXgogIEZpbGUgIi9ob21lL3J1bm5lci93b3JrL0dPL0dPL2lzb2xhdGVkLXJ1bnRpbWUvbGliL3B5dGhvbjMuMTMvc2l0ZS1wYWNrYWdlcy9zdGFybGV0dGUvbWlkZGxld2FyZS9iYXNlLnB5IiwgbGluZSAxNjgsIGluIGNhbGxfbmV4dAogICAgcmFpc2UgYXBwX2V4YyBmcm9tIGFwcF9leGMuX19jYXVzZV9fIG9yIGFwcF9leGMuX19jb250ZXh0X18K
2026-09-10T03:32:04.1114756Z GO_EVIDENCE_B64 ICBGaWxlICIvaG9tZS9ydW5uZXIvd29yay9HTy9HTy9pc29sYXRlZC1ydW50aW1lL2xpYi9weXRob24zLjEzL3NpdGUtcGFja2FnZXMvc3RhcmxldHRlL21pZGRsZXdhcmUvYmFzZS5weSIsIGxpbmUgMTQ0LCBpbiBjb3JvCiAgICBhd2FpdCBzZWxmLmFwcChzY29wZSwgcmVjZWl2ZV9vcl9kaXNjb25uZWN0LCBzZW5kX25vX2Vycm9yKQogIEZpbGUgIi9ob21lL3J1bm5lci93b3JrL0dPL0dPL2lzb2xhdGVkLXJ1bnRpbWUvbGliL3B5dGhvbjMuMTMvc2l0ZS1wYWNrYWdlcy9zdGFybGV0dGUvbWlkZGxld2FyZS9iYXNlLnB5Iiwg
2026-09-10T03:32:04.1120626Z GO_EVIDENCE_B64 bGluZSAxOTEsIGluIF9fY2FsbF9fCiAgICB3aXRoIHJlY3Zfc3RyZWFtLCBzZW5kX3N0cmVhbSwgY29sbGFwc2VfZXhjZ3JvdXBzKCk6CiAgICAgICAgICAgICAgICAgICAgICAgICAgICAgICAgICAgfn5+fn5+fn5+fn5+fn5+fn5+Xl4KICBGaWxlICIvb3B0L2hvc3RlZHRvb2xjYWNoZS9QeXRob24vMy4xMy41L3g2NC9saWIvcHl0aG9uMy4xMy9jb250ZXh0bGliLnB5IiwgbGluZSAxNjIsIGluIF9fZXhpdF9fCiAgICBzZWxmLmdlbi50aHJvdyh2YWx1ZSkKICAgIH5+fn5+fn5+fn5+fn5+Xl5eXl5eXgogIEZpbGUgIi9ob21l
2026-09-10T03:32:04.1126368Z GO_EVIDENCE_B64 L3J1bm5lci93b3JrL0dPL0dPL2lzb2xhdGVkLXJ1bnRpbWUvbGliL3B5dGhvbjMuMTMvc2l0ZS1wYWNrYWdlcy9zdGFybGV0dGUvX3V0aWxzLnB5IiwgbGluZSA4NSwgaW4gY29sbGFwc2VfZXhjZ3JvdXBzCiAgICByYWlzZSBleGMKICBGaWxlICIvaG9tZS9ydW5uZXIvd29yay9HTy9HTy9pc29sYXRlZC1ydW50aW1lL2xpYi9weXRob24zLjEzL3NpdGUtcGFja2FnZXMvc3RhcmxldHRlL21pZGRsZXdhcmUvYmFzZS5weSIsIGxpbmUgMTkzLCBpbiBfX2NhbGxfXwogICAgcmVzcG9uc2UgPSBhd2FpdCBzZWxmLmRpc3BhdGNoX2Z1
2026-09-10T03:32:04.1131963Z GO_EVIDENCE_B64 bmMocmVxdWVzdCwgY2FsbF9uZXh0KQogICAgICAgICAgICAgICBeXl5eXl5eXl5eXl5eXl5eXl5eXl5eXl5eXl5eXl5eXl5eXl5eXl5eXl5eXgogIEZpbGUgIi9ob21lL3J1bm5lci93b3JrL0dPL0dPL3Jlc3RvcmVkL3NyYy9nb19ob3RlbC9tYWluLnB5IiwgbGluZSAyNTMsIGluIGRpc3BhdGNoCiAgICByZXNwb25zZT1hd2FpdCBjYWxsX25leHQocmVxdWVzdCkKICAgICAgICAgICAgIF5eXl5eXl5eXl5eXl5eXl5eXl5eXl5eXgogIEZpbGUgIi9ob21lL3J1bm5lci93b3JrL0dPL0dPL2lzb2xhdGVkLXJ1bnRpbWUvbGliL3B5
2026-09-10T03:32:04.1137677Z GO_EVIDENCE_B64 dGhvbjMuMTMvc2l0ZS1wYWNrYWdlcy9zdGFybGV0dGUvbWlkZGxld2FyZS9iYXNlLnB5IiwgbGluZSAxNjgsIGluIGNhbGxfbmV4dAogICAgcmFpc2UgYXBwX2V4YyBmcm9tIGFwcF9leGMuX19jYXVzZV9fIG9yIGFwcF9leGMuX19jb250ZXh0X18KICBGaWxlICIvaG9tZS9ydW5uZXIvd29yay9HTy9HTy9pc29sYXRlZC1ydW50aW1lL2xpYi9weXRob24zLjEzL3NpdGUtcGFja2FnZXMvc3RhcmxldHRlL21pZGRsZXdhcmUvYmFzZS5weSIsIGxpbmUgMTQ0LCBpbiBjb3JvCiAgICBhd2FpdCBzZWxmLmFwcChzY29wZSwgcmVjZWl2
2026-09-10T03:32:04.1143275Z GO_EVIDENCE_B64 ZV9vcl9kaXNjb25uZWN0LCBzZW5kX25vX2Vycm9yKQogIEZpbGUgIi9ob21lL3J1bm5lci93b3JrL0dPL0dPL2lzb2xhdGVkLXJ1bnRpbWUvbGliL3B5dGhvbjMuMTMvc2l0ZS1wYWNrYWdlcy9zdGFybGV0dGUvbWlkZGxld2FyZS9iYXNlLnB5IiwgbGluZSAxOTEsIGluIF9fY2FsbF9fCiAgICB3aXRoIHJlY3Zfc3RyZWFtLCBzZW5kX3N0cmVhbSwgY29sbGFwc2VfZXhjZ3JvdXBzKCk6CiAgICAgICAgICAgICAgICAgICAgICAgICAgICAgICAgICAgfn5+fn5+fn5+fn5+fn5+fn5+Xl4KICBGaWxlICIvb3B0L2hvc3RlZHRvb2xj
2026-09-10T03:32:04.1148875Z GO_EVIDENCE_B64 YWNoZS9QeXRob24vMy4xMy41L3g2NC9saWIvcHl0aG9uMy4xMy9jb250ZXh0bGliLnB5IiwgbGluZSAxNjIsIGluIF9fZXhpdF9fCiAgICBzZWxmLmdlbi50aHJvdyh2YWx1ZSkKICAgIH5+fn5+fn5+fn5+fn5+Xl5eXl5eXgogIEZpbGUgIi9ob21lL3J1bm5lci93b3JrL0dPL0dPL2lzb2xhdGVkLXJ1bnRpbWUvbGliL3B5dGhvbjMuMTMvc2l0ZS1wYWNrYWdlcy9zdGFybGV0dGUvX3V0aWxzLnB5IiwgbGluZSA4NSwgaW4gY29sbGFwc2VfZXhjZ3JvdXBzCiAgICByYWlzZSBleGMKICBGaWxlICIvaG9tZS9ydW5uZXIvd29yay9H
2026-09-10T03:32:04.1154614Z GO_EVIDENCE_B64 Ty9HTy9pc29sYXRlZC1ydW50aW1lL2xpYi9weXRob24zLjEzL3NpdGUtcGFja2FnZXMvc3RhcmxldHRlL21pZGRsZXdhcmUvYmFzZS5weSIsIGxpbmUgMTkzLCBpbiBfX2NhbGxfXwogICAgcmVzcG9uc2UgPSBhd2FpdCBzZWxmLmRpc3BhdGNoX2Z1bmMocmVxdWVzdCwgY2FsbF9uZXh0KQogICAgICAgICAgICAgICBeXl5eXl5eXl5eXl5eXl5eXl5eXl5eXl5eXl5eXl5eXl5eXl5eXl5eXl5eXgogIEZpbGUgIi9ob21lL3J1bm5lci93b3JrL0dPL0dPL3Jlc3RvcmVkL3NyYy9nb19ob3RlbC9tYWluLnB5IiwgbGluZSAyMDcsIGlu
2026-09-10T03:32:04.1161136Z GO_EVIDENCE_B64 IGRpc3BhdGNoCiAgICByZXNwb25zZT1hd2FpdCBjYWxsX25leHQocmVxdWVzdCkKICAgICAgICAgICAgIF5eXl5eXl5eXl5eXl5eXl5eXl5eXl5eXgogIEZpbGUgIi9ob21lL3J1bm5lci93b3JrL0dPL0dPL2lzb2xhdGVkLXJ1bnRpbWUvbGliL3B5dGhvbjMuMTMvc2l0ZS1wYWNrYWdlcy9zdGFybGV0dGUvbWlkZGxld2FyZS9iYXNlLnB5IiwgbGluZSAxNjgsIGluIGNhbGxfbmV4dAogICAgcmFpc2UgYXBwX2V4YyBmcm9tIGFwcF9leGMuX19jYXVzZV9fIG9yIGFwcF9leGMuX19jb250ZXh0X18KICBGaWxlICIvaG9tZS9ydW5u
2026-09-10T03:32:04.1171978Z GO_EVIDENCE_B64 ZXIvd29yay9HTy9HTy9pc29sYXRlZC1ydW50aW1lL2xpYi9weXRob24zLjEzL3NpdGUtcGFja2FnZXMvc3RhcmxldHRlL21pZGRsZXdhcmUvYmFzZS5weSIsIGxpbmUgMTQ0LCBpbiBjb3JvCiAgICBhd2FpdCBzZWxmLmFwcChzY29wZSwgcmVjZWl2ZV9vcl9kaXNjb25uZWN0LCBzZW5kX25vX2Vycm9yKQogIEZpbGUgIi9ob21lL3J1bm5lci93b3JrL0dPL0dPL2lzb2xhdGVkLXJ1bnRpbWUvbGliL3B5dGhvbjMuMTMvc2l0ZS1wYWNrYWdlcy9zdGFybGV0dGUvbWlkZGxld2FyZS9leGNlcHRpb25zLnB5IiwgbGluZSA2MywgaW4g
2026-09-10T03:32:04.1182306Z GO_EVIDENCE_B64 X19jYWxsX18KICAgIGF3YWl0IHdyYXBfYXBwX2hhbmRsaW5nX2V4Y2VwdGlvbnMoc2VsZi5hcHAsIGNvbm4pKHNjb3BlLCByZWNlaXZlLCBzZW5kKQogIEZpbGUgIi9ob21lL3J1bm5lci93b3JrL0dPL0dPL2lzb2xhdGVkLXJ1bnRpbWUvbGliL3B5dGhvbjMuMTMvc2l0ZS1wYWNrYWdlcy9zdGFybGV0dGUvX2V4Y2VwdGlvbl9oYW5kbGVyLnB5IiwgbGluZSA1MywgaW4gd3JhcHBlZF9hcHAKICAgIHJhaXNlIGV4YwogIEZpbGUgIi9ob21lL3J1bm5lci93b3JrL0dPL0dPL2lzb2xhdGVkLXJ1bnRpbWUvbGliL3B5dGhvbjMuMTMv
2026-09-10T03:32:04.1188753Z GO_EVIDENCE_B64 c2l0ZS1wYWNrYWdlcy9zdGFybGV0dGUvX2V4Y2VwdGlvbl9oYW5kbGVyLnB5IiwgbGluZSA0MiwgaW4gd3JhcHBlZF9hcHAKICAgIGF3YWl0IGFwcChzY29wZSwgcmVjZWl2ZSwgc2VuZGVyKQogIEZpbGUgIi9ob21lL3J1bm5lci93b3JrL0dPL0dPL2lzb2xhdGVkLXJ1bnRpbWUvbGliL3B5dGhvbjMuMTMvc2l0ZS1wYWNrYWdlcy9mYXN0YXBpL21pZGRsZXdhcmUvYXN5bmNleGl0c3RhY2sucHkiLCBsaW5lIDE4LCBpbiBfX2NhbGxfXwogICAgYXdhaXQgc2VsZi5hcHAoc2NvcGUsIHJlY2VpdmUsIHNlbmQpCiAgRmlsZSAiL2hv
2026-09-10T03:32:04.1194408Z GO_EVIDENCE_B64 bWUvcnVubmVyL3dvcmsvR08vR08vaXNvbGF0ZWQtcnVudGltZS9saWIvcHl0aG9uMy4xMy9zaXRlLXBhY2thZ2VzL3N0YXJsZXR0ZS9yb3V0aW5nLnB5IiwgbGluZSA3MTYsIGluIF9fY2FsbF9fCiAgICBhd2FpdCBzZWxmLm1pZGRsZXdhcmVfc3RhY2soc2NvcGUsIHJlY2VpdmUsIHNlbmQpCiAgRmlsZSAiL2hvbWUvcnVubmVyL3dvcmsvR08vR08vaXNvbGF0ZWQtcnVudGltZS9saWIvcHl0aG9uMy4xMy9zaXRlLXBhY2thZ2VzL3N0YXJsZXR0ZS9yb3V0aW5nLnB5IiwgbGluZSA3MzYsIGluIGFwcAogICAgYXdhaXQgcm91dGUu
2026-09-10T03:32:04.1204465Z GO_EVIDENCE_B64 aGFuZGxlKHNjb3BlLCByZWNlaXZlLCBzZW5kKQogIEZpbGUgIi9ob21lL3J1bm5lci93b3JrL0dPL0dPL2lzb2xhdGVkLXJ1bnRpbWUvbGliL3B5dGhvbjMuMTMvc2l0ZS1wYWNrYWdlcy9zdGFybGV0dGUvcm91dGluZy5weSIsIGxpbmUgMjkwLCBpbiBoYW5kbGUKICAgIGF3YWl0IHNlbGYuYXBwKHNjb3BlLCByZWNlaXZlLCBzZW5kKQogIEZpbGUgIi9ob21lL3J1bm5lci93b3JrL0dPL0dPL2lzb2xhdGVkLXJ1bnRpbWUvbGliL3B5dGhvbjMuMTMvc2l0ZS1wYWNrYWdlcy9mYXN0YXBpL3JvdXRpbmcucHkiLCBsaW5lIDExNSwg
2026-09-10T03:32:04.1219236Z GO_EVIDENCE_B64 aW4gYXBwCiAgICBhd2FpdCB3cmFwX2FwcF9oYW5kbGluZ19leGNlcHRpb25zKGFwcCwgcmVxdWVzdCkoc2NvcGUsIHJlY2VpdmUsIHNlbmQpCiAgRmlsZSAiL2hvbWUvcnVubmVyL3dvcmsvR08vR08vaXNvbGF0ZWQtcnVudGltZS9saWIvcHl0aG9uMy4xMy9zaXRlLXBhY2thZ2VzL3N0YXJsZXR0ZS9fZXhjZXB0aW9uX2hhbmRsZXIucHkiLCBsaW5lIDUzLCBpbiB3cmFwcGVkX2FwcAogICAgcmFpc2UgZXhjCiAgRmlsZSAiL2hvbWUvcnVubmVyL3dvcmsvR08vR08vaXNvbGF0ZWQtcnVudGltZS9saWIvcHl0aG9uMy4xMy9zaXRl
2026-09-10T03:32:04.1227733Z GO_EVIDENCE_B64 LXBhY2thZ2VzL3N0YXJsZXR0ZS9fZXhjZXB0aW9uX2hhbmRsZXIucHkiLCBsaW5lIDQyLCBpbiB3cmFwcGVkX2FwcAogICAgYXdhaXQgYXBwKHNjb3BlLCByZWNlaXZlLCBzZW5kZXIpCiAgRmlsZSAiL2hvbWUvcnVubmVyL3dvcmsvR08vR08vaXNvbGF0ZWQtcnVudGltZS9saWIvcHl0aG9uMy4xMy9zaXRlLXBhY2thZ2VzL2Zhc3RhcGkvcm91dGluZy5weSIsIGxpbmUgMTAxLCBpbiBhcHAKICAgIHJlc3BvbnNlID0gYXdhaXQgZihyZXF1ZXN0KQogICAgICAgICAgICAgICBeXl5eXl5eXl5eXl5eXl5eCiAgRmlsZSAiL2hvbWUv
2026-09-10T03:32:04.1233693Z GO_EVIDENCE_B64 cnVubmVyL3dvcmsvR08vR08vaXNvbGF0ZWQtcnVudGltZS9saWIvcHl0aG9uMy4xMy9zaXRlLXBhY2thZ2VzL2Zhc3RhcGkvcm91dGluZy5weSIsIGxpbmUgMzU1LCBpbiBhcHAKICAgIHJhd19yZXNwb25zZSA9IGF3YWl0IHJ1bl9lbmRwb2ludF9mdW5jdGlvbigKICAgICAgICAgICAgICAgICAgIF5eXl5eXl5eXl5eXl5eXl5eXl5eXl5eXl5eXl4KICAgIC4uLiZsdDszIGxpbmVzJmd0Oy4uLgogICAgKQogICAgXgogIEZpbGUgIi9ob21lL3J1bm5lci93b3JrL0dPL0dPL2lzb2xhdGVkLXJ1bnRpbWUvbGliL3B5dGhvbjMuMTMv
2026-09-10T03:32:04.1242208Z GO_EVIDENCE_B64 c2l0ZS1wYWNrYWdlcy9mYXN0YXBpL3JvdXRpbmcucHkiLCBsaW5lIDI0NSwgaW4gcnVuX2VuZHBvaW50X2Z1bmN0aW9uCiAgICByZXR1cm4gYXdhaXQgcnVuX2luX3RocmVhZHBvb2woZGVwZW5kYW50LmNhbGwsICoqdmFsdWVzKQogICAgICAgICAgIF5eXl5eXl5eXl5eXl5eXl5eXl5eXl5eXl5eXl5eXl5eXl5eXl5eXl5eXl5eXl5eXl4KICBGaWxlICIvaG9tZS9ydW5uZXIvd29yay9HTy9HTy9pc29sYXRlZC1ydW50aW1lL2xpYi9weXRob24zLjEzL3NpdGUtcGFja2FnZXMvc3RhcmxldHRlL2NvbmN1cnJlbmN5LnB5IiwgbGlu
2026-09-10T03:32:04.1248367Z GO_EVIDENCE_B64 ZSAzMiwgaW4gcnVuX2luX3RocmVhZHBvb2wKICAgIHJldHVybiBhd2FpdCBhbnlpby50b190aHJlYWQucnVuX3N5bmMoZnVuYykKICAgICAgICAgICBeXl5eXl5eXl5eXl5eXl5eXl5eXl5eXl5eXl5eXl5eXl5eXl4KICBGaWxlICIvaG9tZS9ydW5uZXIvd29yay9HTy9HTy9pc29sYXRlZC1ydW50aW1lL2xpYi9weXRob24zLjEzL3NpdGUtcGFja2FnZXMvYW55aW8vdG9fdGhyZWFkLnB5IiwgbGluZSA2MywgaW4gcnVuX3N5bmMKICAgIHJldHVybiBhd2FpdCBnZXRfYXN5bmNfYmFja2VuZCgpLnJ1bl9zeW5jX2luX3dvcmtlcl90
2026-09-10T03:32:04.1253983Z GO_EVIDENCE_B64 aHJlYWQoCiAgICAgICAgICAgXl5eXl5eXl5eXl5eXl5eXl5eXl5eXl5eXl5eXl5eXl5eXl5eXl5eXl5eXl5eXl5eXl5eXgogICAgICAgIGZ1bmMsIGFyZ3MsIGFiYW5kb25fb25fY2FuY2VsPWFiYW5kb25fb25fY2FuY2VsLCBsaW1pdGVyPWxpbWl0ZXIKICAgICAgICBeXl5eXl5eXl5eXl5eXl5eXl5eXl5eXl5eXl5eXl5eXl5eXl5eXl5eXl5eXl5eXl5eXl5eXl5eXl5eXl5eXl5eCiAgICApCiAgICBeCiAgRmlsZSAiL2hvbWUvcnVubmVyL3dvcmsvR08vR08vaXNvbGF0ZWQtcnVudGltZS9saWIvcHl0aG9uMy4xMy9zaXRlLXBh
2026-09-10T03:32:04.1260552Z GO_EVIDENCE_B64 Y2thZ2VzL2FueWlvL19iYWNrZW5kcy9fYXN5bmNpby5weSIsIGxpbmUgMjUxOCwgaW4gcnVuX3N5bmNfaW5fd29ya2VyX3RocmVhZAogICAgcmV0dXJuIGF3YWl0IGZ1dHVyZQogICAgICAgICAgIF5eXl5eXl5eXl5eXgogIEZpbGUgIi9ob21lL3J1bm5lci93b3JrL0dPL0dPL2lzb2xhdGVkLXJ1bnRpbWUvbGliL3B5dGhvbjMuMTMvc2l0ZS1wYWNrYWdlcy9hbnlpby9fYmFja2VuZHMvX2FzeW5jaW8ucHkiLCBsaW5lIDEwMDIsIGluIHJ1bgogICAgcmVzdWx0ID0gY29udGV4dC5ydW4oZnVuYywgKmFyZ3MpCiAgRmlsZSAiL2hv
2026-09-10T03:32:04.1266305Z GO_EVIDENCE_B64 bWUvcnVubmVyL3dvcmsvR08vR08vcmVzdG9yZWQvc3JjL2dvX2hvdGVsL2FwaS9yb3V0ZXMvbW9iaWxlLnB5IiwgbGluZSA5NiwgaW4gbW9iaWxlX2V4aXN0aW5nX2NhbmNlbF9xdW90ZQogICAgd2l0aCBTZXNzaW9uTG9jYWwoKSBhcyBzOgogICAgICAgICBeXl5eXl5eXl5eXl4KTmFtZUVycm9yOiBuYW1lICdTZXNzaW9uTG9jYWwnIGlzIG5vdCBkZWZpbmVkCgpUaGUgYWJvdmUgZXhjZXB0aW9uIHdhcyB0aGUgZGlyZWN0IGNhdXNlIG9mIHRoZSBmb2xsb3dpbmcgZXhjZXB0aW9uOgoKY2xpZW50ID0gJmx0O3N0YXJsZXR0ZS50
2026-09-10T03:32:04.1272186Z GO_EVIDENCE_B64 ZXN0Y2xpZW50LlRlc3RDbGllbnQgb2JqZWN0IGF0IDB4N2ZiYzEyMmUyNDkwJmd0OwoKICAgIGRlZiB0ZXN0X25ld19xdW90ZV9kb2VzX25vdF9yZXBsYWNlX29yaWdpbmFsX2FjY2VwdGVkX2lkZW50aXR5KGNsaWVudCk6CiAgICAgICAgaCxvaWQ9c2lnbmVkX2Jvb2tpbmcoY2xpZW50KTthY2NlcHRlZD1xdW90ZShjbGllbnQsaCxvaWQpO25ldz1xdW90ZShjbGllbnQsaCxvaWQpCiAgICAgICAgYXNzZXJ0IGFjY2VwdGVkWydxdW90ZV9oYXNoJ10hPW5ld1sncXVvdGVfaGFzaCddCiAgICAgICAgcGF0aD1mJy92MS9tb2JpbGUv
2026-09-10T03:32:04.1277928Z GO_EVIDENCE_B64 b3JkZXJzL3tvaWR9L2NhbmNlbGxhdGlvbi1xdW90ZXMve2FjY2VwdGVkWyJxdW90ZV9pZCJdfScKJmd0OyAgICAgICBhc3NlcnQgZGF0YShjbGllbnQuZ2V0KHBhdGgsaGVhZGVycz1oKSk9PWFjY2VwdGVkCiAgICAgICAgICAgICAgICAgICAgXl5eXl5eXl5eXl5eXl5eXl5eXl5eXl5eXl4KCnRlc3RzL3Rlc3RfZGVwdGgzNF9ob3RlbF9xdW90ZV9yZWFkLnB5OjMzOiAKXyBfIF8gXyBfIF8gXyBfIF8gXyBfIF8gXyBfIF8gXyBfIF8gXyBfIF8gXyBfIF8gXyBfIF8gXyBfIF8gXyBfIF8gXyBfIF8gXyBfIF8gXyAKLi4vaXNvbGF0
2026-09-10T03:32:04.1283543Z GO_EVIDENCE_B64 ZWQtcnVudGltZS9saWIvcHl0aG9uMy4xMy9zaXRlLXBhY2thZ2VzL3N0YXJsZXR0ZS90ZXN0Y2xpZW50LnB5OjQ3MzogaW4gZ2V0CiAgICByZXR1cm4gc3VwZXIoKS5nZXQoCi4uL2lzb2xhdGVkLXJ1bnRpbWUvbGliL3B5dGhvbjMuMTMvc2l0ZS1wYWNrYWdlcy9odHRweC9fY2xpZW50LnB5OjEwNTM6IGluIGdldAogICAgcmV0dXJuIHNlbGYucmVxdWVzdCgKLi4vaXNvbGF0ZWQtcnVudGltZS9saWIvcHl0aG9uMy4xMy9zaXRlLXBhY2thZ2VzL3N0YXJsZXR0ZS90ZXN0Y2xpZW50LnB5OjQ0NTogaW4gcmVxdWVzdAogICAgcmV0
2026-09-10T03:32:04.1289415Z GO_EVIDENCE_B64 dXJuIHN1cGVyKCkucmVxdWVzdCgKLi4vaXNvbGF0ZWQtcnVudGltZS9saWIvcHl0aG9uMy4xMy9zaXRlLXBhY2thZ2VzL2h0dHB4L19jbGllbnQucHk6ODI1OiBpbiByZXF1ZXN0CiAgICByZXR1cm4gc2VsZi5zZW5kKHJlcXVlc3QsIGF1dGg9YXV0aCwgZm9sbG93X3JlZGlyZWN0cz1mb2xsb3dfcmVkaXJlY3RzKQogICAgICAgICAgIF5eXl5eXl5eXl5eXl5eXl5eXl5eXl5eXl5eXl5eXl5eXl5eXl5eXl5eXl5eXl5eXl5eXl5eXl5eXl5eXl5eXl4KLi4vaXNvbGF0ZWQtcnVudGltZS9saWIvcHl0aG9uMy4xMy9zaXRlLXBhY2th
2026-09-10T03:32:04.1295040Z GO_EVIDENCE_B64 Z2VzL2h0dHB4L19jbGllbnQucHk6OTE0OiBpbiBzZW5kCiAgICByZXNwb25zZSA9IHNlbGYuX3NlbmRfaGFuZGxpbmdfYXV0aCgKLi4vaXNvbGF0ZWQtcnVudGltZS9saWIvcHl0aG9uMy4xMy9zaXRlLXBhY2thZ2VzL2h0dHB4L19jbGllbnQucHk6OTQyOiBpbiBfc2VuZF9oYW5kbGluZ19hdXRoCiAgICByZXNwb25zZSA9IHNlbGYuX3NlbmRfaGFuZGxpbmdfcmVkaXJlY3RzKAouLi9pc29sYXRlZC1ydW50aW1lL2xpYi9weXRob24zLjEzL3NpdGUtcGFja2FnZXMvaHR0cHgvX2NsaWVudC5weTo5Nzk6IGluIF9zZW5kX2hhbmRs
2026-09-10T03:32:04.1300955Z GO_EVIDENCE_B64 aW5nX3JlZGlyZWN0cwogICAgcmVzcG9uc2UgPSBzZWxmLl9zZW5kX3NpbmdsZV9yZXF1ZXN0KHJlcXVlc3QpCiAgICAgICAgICAgICAgIF5eXl5eXl5eXl5eXl5eXl5eXl5eXl5eXl5eXl5eXl5eXl4KLi4vaXNvbGF0ZWQtcnVudGltZS9saWIvcHl0aG9uMy4xMy9zaXRlLXBhY2thZ2VzL2h0dHB4L19jbGllbnQucHk6MTAxNDogaW4gX3NlbmRfc2luZ2xlX3JlcXVlc3QKICAgIHJlc3BvbnNlID0gdHJhbnNwb3J0LmhhbmRsZV9yZXF1ZXN0KHJlcXVlc3QpCiAgICAgICAgICAgICAgIF5eXl5eXl5eXl5eXl5eXl5eXl5eXl5eXl5e
2026-09-10T03:32:04.1306696Z GO_EVIDENCE_B64 Xl5eXl5eXgouLi9pc29sYXRlZC1ydW50aW1lL2xpYi9weXRob24zLjEzL3NpdGUtcGFja2FnZXMvc3RhcmxldHRlL3Rlc3RjbGllbnQucHk6MzQ4OiBpbiBoYW5kbGVfcmVxdWVzdAogICAgcmFpc2UgZXhjCi4uL2lzb2xhdGVkLXJ1bnRpbWUvbGliL3B5dGhvbjMuMTMvc2l0ZS1wYWNrYWdlcy9zdGFybGV0dGUvdGVzdGNsaWVudC5weTozNDU6IGluIGhhbmRsZV9yZXF1ZXN0CiAgICBwb3J0YWwuY2FsbChzZWxmLmFwcCwgc2NvcGUsIHJlY2VpdmUsIHNlbmQpCi4uL2lzb2xhdGVkLXJ1bnRpbWUvbGliL3B5dGhvbjMuMTMvc2l0
2026-09-10T03:32:04.1313274Z GO_EVIDENCE_B64 ZS1wYWNrYWdlcy9hbnlpby9mcm9tX3RocmVhZC5weTozMzQ6IGluIGNhbGwKICAgIHJldHVybiBjYXN0KFRfUmV0dmFsLCBzZWxmLnN0YXJ0X3Rhc2tfc29vbihmdW5jLCAqYXJncykucmVzdWx0KCkpCiAgICAgICAgICAgICAgICAgICAgICAgICAgXl5eXl5eXl5eXl5eXl5eXl5eXl5eXl5eXl5eXl5eXl5eXl5eXl5eXl5eCi9vcHQvaG9zdGVkdG9vbGNhY2hlL1B5dGhvbi8zLjEzLjUveDY0L2xpYi9weXRob24zLjEzL2NvbmN1cnJlbnQvZnV0dXJlcy9fYmFzZS5weTo0NTY6IGluIHJlc3VsdAogICAgcmV0dXJuIHNlbGYuX19n
2026-09-10T03:32:04.1319063Z GO_EVIDENCE_B64 ZXRfcmVzdWx0KCkKICAgICAgICAgICBeXl5eXl5eXl5eXl5eXl5eXl5eCi9vcHQvaG9zdGVkdG9vbGNhY2hlL1B5dGhvbi8zLjEzLjUveDY0L2xpYi9weXRob24zLjEzL2NvbmN1cnJlbnQvZnV0dXJlcy9fYmFzZS5weTo0MDE6IGluIF9fZ2V0X3Jlc3VsdAogICAgcmFpc2Ugc2VsZi5fZXhjZXB0aW9uCi4uL2lzb2xhdGVkLXJ1bnRpbWUvbGliL3B5dGhvbjMuMTMvc2l0ZS1wYWNrYWdlcy9hbnlpby9mcm9tX3RocmVhZC5weToyNTk6IGluIF9jYWxsX2Z1bmMKICAgIHJldHZhbCA9IGF3YWl0IHJldHZhbF9vcl9hd2FpdGFibGUK
2026-09-10T03:32:04.1326865Z GO_EVIDENCE_B64 ICAgICAgICAgICAgIF5eXl5eXl5eXl5eXl5eXl5eXl5eXl5eXl4KLi4vaXNvbGF0ZWQtcnVudGltZS9saWIvcHl0aG9uMy4xMy9zaXRlLXBhY2thZ2VzL2Zhc3RhcGkvYXBwbGljYXRpb25zLnB5OjExMzg6IGluIF9fY2FsbF9fCiAgICBhd2FpdCBzdXBlcigpLl9fY2FsbF9fKHNjb3BlLCByZWNlaXZlLCBzZW5kKQouLi9pc29sYXRlZC1ydW50aW1lL2xpYi9weXRob24zLjEzL3NpdGUtcGFja2FnZXMvc3RhcmxldHRlL2FwcGxpY2F0aW9ucy5weToxMDc6IGluIF9fY2FsbF9fCiAgICBhd2FpdCBzZWxmLm1pZGRsZXdhcmVfc3Rh
2026-09-10T03:32:04.1333960Z GO_EVIDENCE_B64 Y2soc2NvcGUsIHJlY2VpdmUsIHNlbmQpCi4uL2lzb2xhdGVkLXJ1bnRpbWUvbGliL3B5dGhvbjMuMTMvc2l0ZS1wYWNrYWdlcy9zdGFybGV0dGUvbWlkZGxld2FyZS9lcnJvcnMucHk6MTg2OiBpbiBfX2NhbGxfXwogICAgcmFpc2UgZXhjCi4uL2lzb2xhdGVkLXJ1bnRpbWUvbGliL3B5dGhvbjMuMTMvc2l0ZS1wYWNrYWdlcy9zdGFybGV0dGUvbWlkZGxld2FyZS9lcnJvcnMucHk6MTY0OiBpbiBfX2NhbGxfXwogICAgYXdhaXQgc2VsZi5hcHAoc2NvcGUsIHJlY2VpdmUsIF9zZW5kKQouLi9pc29sYXRlZC1ydW50aW1lL2xpYi9w
2026-09-10T03:32:04.1339882Z GO_EVIDENCE_B64 eXRob24zLjEzL3NpdGUtcGFja2FnZXMvc3RhcmxldHRlL21pZGRsZXdhcmUvYmFzZS5weToxOTE6IGluIF9fY2FsbF9fCiAgICB3aXRoIHJlY3Zfc3RyZWFtLCBzZW5kX3N0cmVhbSwgY29sbGFwc2VfZXhjZ3JvdXBzKCk6CiAgICAgICAgICAgICAgICAgICAgICAgICAgICAgICAgICAgXl5eXl5eXl5eXl5eXl5eXl5eXl4KL29wdC9ob3N0ZWR0b29sY2FjaGUvUHl0aG9uLzMuMTMuNS94NjQvbGliL3B5dGhvbjMuMTMvY29udGV4dGxpYi5weToxNjI6IGluIF9fZXhpdF9fCiAgICBzZWxmLmdlbi50aHJvdyh2YWx1ZSkKLi4vaXNv
2026-09-10T03:32:04.1346135Z GO_EVIDENCE_B64 bGF0ZWQtcnVudGltZS9saWIvcHl0aG9uMy4xMy9zaXRlLXBhY2thZ2VzL3N0YXJsZXR0ZS9fdXRpbHMucHk6ODU6IGluIGNvbGxhcHNlX2V4Y2dyb3VwcwogICAgcmFpc2UgZXhjCi4uL2lzb2xhdGVkLXJ1bnRpbWUvbGliL3B5dGhvbjMuMTMvc2l0ZS1wYWNrYWdlcy9zdGFybGV0dGUvbWlkZGxld2FyZS9iYXNlLnB5OjE5MzogaW4gX19jYWxsX18KICAgIHJlc3BvbnNlID0gYXdhaXQgc2VsZi5kaXNwYXRjaF9mdW5jKHJlcXVlc3QsIGNhbGxfbmV4dCkKICAgICAgICAgICAgICAgXl5eXl5eXl5eXl5eXl5eXl5eXl5eXl5eXl5e
2026-09-10T03:32:04.1351789Z GO_EVIDENCE_B64 Xl5eXl5eXl5eXl5eXl5eXl4Kc3JjL2dvX2hvdGVsL21haW4ucHk6MjgyOiBpbiBkaXNwYXRjaAogICAgcmVzcG9uc2U9YXdhaXQgY2FsbF9uZXh0KHJlcXVlc3QpCiAgICAgICAgICAgICBeXl5eXl5eXl5eXl5eXl5eXl5eXl5eXl4KLi4vaXNvbGF0ZWQtcnVudGltZS9saWIvcHl0aG9uMy4xMy9zaXRlLXBhY2thZ2VzL3N0YXJsZXR0ZS9taWRkbGV3YXJlL2Jhc2UucHk6MTY4OiBpbiBjYWxsX25leHQKICAgIHJhaXNlIGFwcF9leGMgZnJvbSBhcHBfZXhjLl9fY2F1c2VfXyBvciBhcHBfZXhjLl9fY29udGV4dF9fCi4uL2lzb2xh
2026-09-10T03:32:04.1357619Z GO_EVIDENCE_B64 dGVkLXJ1bnRpbWUvbGliL3B5dGhvbjMuMTMvc2l0ZS1wYWNrYWdlcy9zdGFybGV0dGUvbWlkZGxld2FyZS9iYXNlLnB5OjE0NDogaW4gY29ybwogICAgYXdhaXQgc2VsZi5hcHAoc2NvcGUsIHJlY2VpdmVfb3JfZGlzY29ubmVjdCwgc2VuZF9ub19lcnJvcikKLi4vaXNvbGF0ZWQtcnVudGltZS9saWIvcHl0aG9uMy4xMy9zaXRlLXBhY2thZ2VzL3N0YXJsZXR0ZS9taWRkbGV3YXJlL2Jhc2UucHk6MTkxOiBpbiBfX2NhbGxfXwogICAgd2l0aCByZWN2X3N0cmVhbSwgc2VuZF9zdHJlYW0sIGNvbGxhcHNlX2V4Y2dyb3VwcygpOgog
2026-09-10T03:32:04.1363901Z GO_EVIDENCE_B64 ICAgICAgICAgICAgICAgICAgICAgICAgICAgICAgICAgIF5eXl5eXl5eXl5eXl5eXl5eXl5eCi9vcHQvaG9zdGVkdG9vbGNhY2hlL1B5dGhvbi8zLjEzLjUveDY0L2xpYi9weXRob24zLjEzL2NvbnRleHRsaWIucHk6MTYyOiBpbiBfX2V4aXRfXwogICAgc2VsZi5nZW4udGhyb3codmFsdWUpCi4uL2lzb2xhdGVkLXJ1bnRpbWUvbGliL3B5dGhvbjMuMTMvc2l0ZS1wYWNrYWdlcy9zdGFybGV0dGUvX3V0aWxzLnB5Ojg1OiBpbiBjb2xsYXBzZV9leGNncm91cHMKICAgIHJhaXNlIGV4YwouLi9pc29sYXRlZC1ydW50aW1lL2xpYi9w
2026-09-10T03:32:04.1370286Z GO_EVIDENCE_B64 eXRob24zLjEzL3NpdGUtcGFja2FnZXMvc3RhcmxldHRlL21pZGRsZXdhcmUvYmFzZS5weToxOTM6IGluIF9fY2FsbF9fCiAgICByZXNwb25zZSA9IGF3YWl0IHNlbGYuZGlzcGF0Y2hfZnVuYyhyZXF1ZXN0LCBjYWxsX25leHQpCiAgICAgICAgICAgICAgIF5eXl5eXl5eXl5eXl5eXl5eXl5eXl5eXl5eXl5eXl5eXl5eXl5eXl5eXl5eCnNyYy9nb19ob3RlbC9tYWluLnB5OjI1MzogaW4gZGlzcGF0Y2gKICAgIHJlc3BvbnNlPWF3YWl0IGNhbGxfbmV4dChyZXF1ZXN0KQogICAgICAgICAgICAgXl5eXl5eXl5eXl5eXl5eXl5eXl5e
2026-09-10T03:32:04.1376171Z GO_EVIDENCE_B64 Xl5eCi4uL2lzb2xhdGVkLXJ1bnRpbWUvbGliL3B5dGhvbjMuMTMvc2l0ZS1wYWNrYWdlcy9zdGFybGV0dGUvbWlkZGxld2FyZS9iYXNlLnB5OjE2ODogaW4gY2FsbF9uZXh0CiAgICByYWlzZSBhcHBfZXhjIGZyb20gYXBwX2V4Yy5fX2NhdXNlX18gb3IgYXBwX2V4Yy5fX2NvbnRleHRfXwouLi9pc29sYXRlZC1ydW50aW1lL2xpYi9weXRob24zLjEzL3NpdGUtcGFja2FnZXMvc3RhcmxldHRlL21pZGRsZXdhcmUvYmFzZS5weToxNDQ6IGluIGNvcm8KICAgIGF3YWl0IHNlbGYuYXBwKHNjb3BlLCByZWNlaXZlX29yX2Rpc2Nvbm5l
2026-09-10T03:32:04.1381825Z GO_EVIDENCE_B64 Y3QsIHNlbmRfbm9fZXJyb3IpCi4uL2lzb2xhdGVkLXJ1bnRpbWUvbGliL3B5dGhvbjMuMTMvc2l0ZS1wYWNrYWdlcy9zdGFybGV0dGUvbWlkZGxld2FyZS9iYXNlLnB5OjE5MTogaW4gX19jYWxsX18KICAgIHdpdGggcmVjdl9zdHJlYW0sIHNlbmRfc3RyZWFtLCBjb2xsYXBzZV9leGNncm91cHMoKToKICAgICAgICAgICAgICAgICAgICAgICAgICAgICAgICAgICBeXl5eXl5eXl5eXl5eXl5eXl5eXgovb3B0L2hvc3RlZHRvb2xjYWNoZS9QeXRob24vMy4xMy41L3g2NC9saWIvcHl0aG9uMy4xMy9jb250ZXh0bGliLnB5OjE2Mjog
2026-09-10T03:32:04.1387664Z GO_EVIDENCE_B64 aW4gX19leGl0X18KICAgIHNlbGYuZ2VuLnRocm93KHZhbHVlKQouLi9pc29sYXRlZC1ydW50aW1lL2xpYi9weXRob24zLjEzL3NpdGUtcGFja2FnZXMvc3RhcmxldHRlL191dGlscy5weTo4NTogaW4gY29sbGFwc2VfZXhjZ3JvdXBzCiAgICByYWlzZSBleGMKLi4vaXNvbGF0ZWQtcnVudGltZS9saWIvcHl0aG9uMy4xMy9zaXRlLXBhY2thZ2VzL3N0YXJsZXR0ZS9taWRkbGV3YXJlL2Jhc2UucHk6MTkzOiBpbiBfX2NhbGxfXwogICAgcmVzcG9uc2UgPSBhd2FpdCBzZWxmLmRpc3BhdGNoX2Z1bmMocmVxdWVzdCwgY2FsbF9uZXh0
2026-09-10T03:32:04.1393285Z GO_EVIDENCE_B64 KQogICAgICAgICAgICAgICBeXl5eXl5eXl5eXl5eXl5eXl5eXl5eXl5eXl5eXl5eXl5eXl5eXl5eXl5eXgpzcmMvZ29faG90ZWwvbWFpbi5weToyMDc6IGluIGRpc3BhdGNoCiAgICByZXNwb25zZT1hd2FpdCBjYWxsX25leHQocmVxdWVzdCkKICAgICAgICAgICAgIF5eXl5eXl5eXl5eXl5eXl5eXl5eXl5eXgouLi9pc29sYXRlZC1ydW50aW1lL2xpYi9weXRob24zLjEzL3NpdGUtcGFja2FnZXMvc3RhcmxldHRlL21pZGRsZXdhcmUvYmFzZS5weToxNjg6IGluIGNhbGxfbmV4dAogICAgcmFpc2UgYXBwX2V4YyBmcm9tIGFwcF9l
2026-09-10T03:32:04.1398960Z GO_EVIDENCE_B64 eGMuX19jYXVzZV9fIG9yIGFwcF9leGMuX19jb250ZXh0X18KLi4vaXNvbGF0ZWQtcnVudGltZS9saWIvcHl0aG9uMy4xMy9zaXRlLXBhY2thZ2VzL3N0YXJsZXR0ZS9taWRkbGV3YXJlL2Jhc2UucHk6MTQ0OiBpbiBjb3JvCiAgICBhd2FpdCBzZWxmLmFwcChzY29wZSwgcmVjZWl2ZV9vcl9kaXNjb25uZWN0LCBzZW5kX25vX2Vycm9yKQouLi9pc29sYXRlZC1ydW50aW1lL2xpYi9weXRob24zLjEzL3NpdGUtcGFja2FnZXMvc3RhcmxldHRlL21pZGRsZXdhcmUvZXhjZXB0aW9ucy5weTo2MzogaW4gX19jYWxsX18KICAgIGF3YWl0
2026-09-10T03:32:04.1404732Z GO_EVIDENCE_B64 IHdyYXBfYXBwX2hhbmRsaW5nX2V4Y2VwdGlvbnMoc2VsZi5hcHAsIGNvbm4pKHNjb3BlLCByZWNlaXZlLCBzZW5kKQouLi9pc29sYXRlZC1ydW50aW1lL2xpYi9weXRob24zLjEzL3NpdGUtcGFja2FnZXMvc3RhcmxldHRlL19leGNlcHRpb25faGFuZGxlci5weTo1MzogaW4gd3JhcHBlZF9hcHAKICAgIHJhaXNlIGV4YwouLi9pc29sYXRlZC1ydW50aW1lL2xpYi9weXRob24zLjEzL3NpdGUtcGFja2FnZXMvc3RhcmxldHRlL19leGNlcHRpb25faGFuZGxlci5weTo0MjogaW4gd3JhcHBlZF9hcHAKICAgIGF3YWl0IGFwcChzY29w
2026-09-10T03:32:04.1410533Z GO_EVIDENCE_B64 ZSwgcmVjZWl2ZSwgc2VuZGVyKQouLi9pc29sYXRlZC1ydW50aW1lL2xpYi9weXRob24zLjEzL3NpdGUtcGFja2FnZXMvZmFzdGFwaS9taWRkbGV3YXJlL2FzeW5jZXhpdHN0YWNrLnB5OjE4OiBpbiBfX2NhbGxfXwogICAgYXdhaXQgc2VsZi5hcHAoc2NvcGUsIHJlY2VpdmUsIHNlbmQpCi4uL2lzb2xhdGVkLXJ1bnRpbWUvbGliL3B5dGhvbjMuMTMvc2l0ZS1wYWNrYWdlcy9zdGFybGV0dGUvcm91dGluZy5weTo3MTY6IGluIF9fY2FsbF9fCiAgICBhd2FpdCBzZWxmLm1pZGRsZXdhcmVfc3RhY2soc2NvcGUsIHJlY2VpdmUsIHNl
2026-09-10T03:32:04.1416482Z GO_EVIDENCE_B64 bmQpCi4uL2lzb2xhdGVkLXJ1bnRpbWUvbGliL3B5dGhvbjMuMTMvc2l0ZS1wYWNrYWdlcy9zdGFybGV0dGUvcm91dGluZy5weTo3MzY6IGluIGFwcAogICAgYXdhaXQgcm91dGUuaGFuZGxlKHNjb3BlLCByZWNlaXZlLCBzZW5kKQouLi9pc29sYXRlZC1ydW50aW1lL2xpYi9weXRob24zLjEzL3NpdGUtcGFja2FnZXMvc3RhcmxldHRlL3JvdXRpbmcucHk6MjkwOiBpbiBoYW5kbGUKICAgIGF3YWl0IHNlbGYuYXBwKHNjb3BlLCByZWNlaXZlLCBzZW5kKQouLi9pc29sYXRlZC1ydW50aW1lL2xpYi9weXRob24zLjEzL3NpdGUtcGFj
2026-09-10T03:32:04.1422380Z GO_EVIDENCE_B64 a2FnZXMvZmFzdGFwaS9yb3V0aW5nLnB5OjExNTogaW4gYXBwCiAgICBhd2FpdCB3cmFwX2FwcF9oYW5kbGluZ19leGNlcHRpb25zKGFwcCwgcmVxdWVzdCkoc2NvcGUsIHJlY2VpdmUsIHNlbmQpCi4uL2lzb2xhdGVkLXJ1bnRpbWUvbGliL3B5dGhvbjMuMTMvc2l0ZS1wYWNrYWdlcy9zdGFybGV0dGUvX2V4Y2VwdGlvbl9oYW5kbGVyLnB5OjUzOiBpbiB3cmFwcGVkX2FwcAogICAgcmFpc2UgZXhjCi4uL2lzb2xhdGVkLXJ1bnRpbWUvbGliL3B5dGhvbjMuMTMvc2l0ZS1wYWNrYWdlcy9zdGFybGV0dGUvX2V4Y2VwdGlvbl9oYW5k
2026-09-10T03:32:04.1428232Z GO_EVIDENCE_B64 bGVyLnB5OjQyOiBpbiB3cmFwcGVkX2FwcAogICAgYXdhaXQgYXBwKHNjb3BlLCByZWNlaXZlLCBzZW5kZXIpCi4uL2lzb2xhdGVkLXJ1bnRpbWUvbGliL3B5dGhvbjMuMTMvc2l0ZS1wYWNrYWdlcy9mYXN0YXBpL3JvdXRpbmcucHk6MTAxOiBpbiBhcHAKICAgIHJlc3BvbnNlID0gYXdhaXQgZihyZXF1ZXN0KQogICAgICAgICAgICAgICBeXl5eXl5eXl5eXl5eXl5eCi4uL2lzb2xhdGVkLXJ1bnRpbWUvbGliL3B5dGhvbjMuMTMvc2l0ZS1wYWNrYWdlcy9mYXN0YXBpL3JvdXRpbmcucHk6MzU1OiBpbiBhcHAKICAgIHJhd19yZXNw
2026-09-10T03:32:04.1433905Z GO_EVIDENCE_B64 b25zZSA9IGF3YWl0IHJ1bl9lbmRwb2ludF9mdW5jdGlvbigKLi4vaXNvbGF0ZWQtcnVudGltZS9saWIvcHl0aG9uMy4xMy9zaXRlLXBhY2thZ2VzL2Zhc3RhcGkvcm91dGluZy5weToyNDU6IGluIHJ1bl9lbmRwb2ludF9mdW5jdGlvbgogICAgcmV0dXJuIGF3YWl0IHJ1bl9pbl90aHJlYWRwb29sKGRlcGVuZGFudC5jYWxsLCAqKnZhbHVlcykKICAgICAgICAgICBeXl5eXl5eXl5eXl5eXl5eXl5eXl5eXl5eXl5eXl5eXl5eXl5eXl5eXl5eXl5eXl5eCi4uL2lzb2xhdGVkLXJ1bnRpbWUvbGliL3B5dGhvbjMuMTMvc2l0ZS1wYWNr
2026-09-10T03:32:04.1439678Z GO_EVIDENCE_B64 YWdlcy9zdGFybGV0dGUvY29uY3VycmVuY3kucHk6MzI6IGluIHJ1bl9pbl90aHJlYWRwb29sCiAgICByZXR1cm4gYXdhaXQgYW55aW8udG9fdGhyZWFkLnJ1bl9zeW5jKGZ1bmMpCiAgICAgICAgICAgXl5eXl5eXl5eXl5eXl5eXl5eXl5eXl5eXl5eXl5eXl5eXl5eCi4uL2lzb2xhdGVkLXJ1bnRpbWUvbGliL3B5dGhvbjMuMTMvc2l0ZS1wYWNrYWdlcy9hbnlpby90b190aHJlYWQucHk6NjM6IGluIHJ1bl9zeW5jCiAgICByZXR1cm4gYXdhaXQgZ2V0X2FzeW5jX2JhY2tlbmQoKS5ydW5fc3luY19pbl93b3JrZXJfdGhyZWFkKAou
2026-09-10T03:32:04.1448055Z GO_EVIDENCE_B64 Li9pc29sYXRlZC1ydW50aW1lL2xpYi9weXRob24zLjEzL3NpdGUtcGFja2FnZXMvYW55aW8vX2JhY2tlbmRzL19hc3luY2lvLnB5OjI1MTg6IGluIHJ1bl9zeW5jX2luX3dvcmtlcl90aHJlYWQKICAgIHJldHVybiBhd2FpdCBmdXR1cmUKICAgICAgICAgICBeXl5eXl5eXl5eXl4KLi4vaXNvbGF0ZWQtcnVudGltZS9saWIvcHl0aG9uMy4xMy9zaXRlLXBhY2thZ2VzL2FueWlvL19iYWNrZW5kcy9fYXN5bmNpby5weToxMDAyOiBpbiBydW4KICAgIHJlc3VsdCA9IGNvbnRleHQucnVuKGZ1bmMsICphcmdzKQogICAgICAgICAgICAg
2026-09-10T03:32:04.1458605Z GO_EVIDENCE_B64 Xl5eXl5eXl5eXl5eXl5eXl5eXl5eXl5eCl8gXyBfIF8gXyBfIF8gXyBfIF8gXyBfIF8gXyBfIF8gXyBfIF8gXyBfIF8gXyBfIF8gXyBfIF8gXyBfIF8gXyBfIF8gXyBfIF8gXyBfIF8gCgpvcmRlcl9pZCA9ICdvcmRfNzcwM2QwODRjMTFlNGM2MicKcXVvdGVfaWQgPSAnY3FfNDUwYWRmZjA1MDllNDA2ZGJjMjQ1NWFlZWFmNDZmODAnCnAgPSBQcmluY2lwYWwodXNlcl9pZD0ndXNyX2RkYjYyY2VhOWU1ZjQ5YjVhMWEwYzNkMTE1NDEyY2Y0JywgdXNlcm5hbWU9J2Nhc2gtZmFyZTE0LW93bmVyQGV4YW1wbGUuY29tJywgYWN0b3Jf
2026-09-10T03:32:04.1469174Z GO_EVIDENCE_B64 dHlwZT0nQ09OU1VNLi4uZGY2N2Y4OGRmNDEzNDQ0MzgyY2M0NThmNThkNjM4MmUnLCBwZXJtaXNzaW9ucz17J2NvbnN1bWVyOmJvb2snLCAnY29uc3VtZXI6d2FsbGV0JywgJ2NvbnN1bWVyOnJlYWQnLCAnY29uc3VtZXI6d3JpdGUnfSkKCiAgICBAcm91dGVyLmdldCgnL3YxL21vYmlsZS9vcmRlcnMve29yZGVyX2lkfS9jYW5jZWxsYXRpb24tcXVvdGVzL3txdW90ZV9pZH0nKQogICAgZGVmIG1vYmlsZV9leGlzdGluZ19jYW5jZWxfcXVvdGUob3JkZXJfaWQ6c3RyLHF1b3RlX2lkOnN0cixwPURlcGVuZHMoY29uc3VtZXJfcHJp
2026-09-10T03:32:04.1482078Z GO_EVIDENCE_B64 bmNpcGFsKSk6CiAgICAgICAgIiIiUmVhZCB0aGUgZXhhY3QgZGlzcGxheWVkIHF1b3RlOyBuZXZlciByZXBsYWNlIGN1c3RvbWVyIGNvbnNlbnQgd2l0aCBhIG5ldyBxdW90ZS4iIiIKICAgICAgICBhc3NlcnRfY29uc3VtZXJfb3JkZXIocCxvcmRlcl9pZCkKICAgICAgICBmcm9tIGdvX2hvdGVsLnNlcnZpY2VzLmNhdGFsb2dfY2FzaF9mYXJlIGltcG9ydCBjaGVja2VkX3F1b3RlLCBxdW90ZV9wdWJsaWMKJmd0OyAgICAgICB3aXRoIFNlc3Npb25Mb2NhbCgpIGFzIHM6CiAgICAgICAgICAgICBeXl5eXl5eXl5eXl4KRSAgICAg
2026-09-10T03:32:04.1495164Z GO_EVIDENCE_B64 ICBOYW1lRXJyb3I6IG5hbWUgJ1Nlc3Npb25Mb2NhbCcgaXMgbm90IGRlZmluZWQKCnNyYy9nb19ob3RlbC9hcGkvcm91dGVzL21vYmlsZS5weTo5NjogTmFtZUVycm9yPC9mYWlsdXJlPjwvdGVzdGNhc2U+PHRlc3RjYXNlIGNsYXNzbmFtZT0idGVzdHMudGVzdF9kZXB0aDM0X2hvdGVsX3F1b3RlX3JlYWQiIG5hbWU9InRlc3RfY29ycnVwdGVkX3N0b3JlZF9xdW90ZV9jYW5ub3RfYmVfcmVhZF9hc19jdXN0b21lcl90ZXJtcyIgdGltZT0iMC41MTEiPjxmYWlsdXJlIG1lc3NhZ2U9Ik5hbWVFcnJvcjogbmFtZSAnU2Vzc2lvbkxv
2026-09-10T03:32:04.1515027Z GO_EVIDENCE_B64 Y2FsJyBpcyBub3QgZGVmaW5lZCI+KyBFeGNlcHRpb24gR3JvdXAgVHJhY2ViYWNrIChtb3N0IHJlY2VudCBjYWxsIGxhc3QpOgogIHwgICBGaWxlICIvaG9tZS9ydW5uZXIvd29yay9HTy9HTy9pc29sYXRlZC1ydW50aW1lL2xpYi9weXRob24zLjEzL3NpdGUtcGFja2FnZXMvc3RhcmxldHRlL191dGlscy5weSIsIGxpbmUgNzksIGluIGNvbGxhcHNlX2V4Y2dyb3VwcwogIHwgICAgIHlpZWxkCiAgfCAgIEZpbGUgIi9ob21lL3J1bm5lci93b3JrL0dPL0dPL2lzb2xhdGVkLXJ1bnRpbWUvbGliL3B5dGhvbjMuMTMvc2l0ZS1wYWNr
2026-09-10T03:32:04.1521035Z GO_EVIDENCE_B64 YWdlcy9zdGFybGV0dGUvbWlkZGxld2FyZS9iYXNlLnB5IiwgbGluZSAxOTIsIGluIF9fY2FsbF9fCiAgfCAgICAgYXN5bmMgd2l0aCBhbnlpby5jcmVhdGVfdGFza19ncm91cCgpIGFzIHRhc2tfZ3JvdXA6CiAgfCAgICAgICAgICAgICAgICB+fn5+fn5+fn5+fn5+fn5+fn5+fn5+fl5eCiAgfCAgIEZpbGUgIi9ob21lL3J1bm5lci93b3JrL0dPL0dPL2lzb2xhdGVkLXJ1bnRpbWUvbGliL3B5dGhvbjMuMTMvc2l0ZS1wYWNrYWdlcy9hbnlpby9fYmFja2VuZHMvX2FzeW5jaW8ucHkiLCBsaW5lIDc5OSwgaW4gX19hZXhpdF9fCiAg
2026-09-10T03:32:04.1527055Z GO_EVIDENCE_B64 fCAgICAgcmFpc2UgQmFzZUV4Y2VwdGlvbkdyb3VwKAogIHwgICAgICAgICAidW5oYW5kbGVkIGVycm9ycyBpbiBhIFRhc2tHcm91cCIsIHNlbGYuX2V4Y2VwdGlvbnMKICB8ICAgICApIGZyb20gTm9uZQogIHwgRXhjZXB0aW9uR3JvdXA6IHVuaGFuZGxlZCBlcnJvcnMgaW4gYSBUYXNrR3JvdXAgKDEgc3ViLWV4Y2VwdGlvbikKICArLSstLS0tLS0tLS0tLS0tLS0tIDEgLS0tLS0tLS0tLS0tLS0tLQogICAgfCBUcmFjZWJhY2sgKG1vc3QgcmVjZW50IGNhbGwgbGFzdCk6CiAgICB8ICAgRmlsZSAiL2hvbWUvcnVubmVyL3dvcmsv
2026-09-10T03:32:04.1532790Z GO_EVIDENCE_B64 R08vR08vaXNvbGF0ZWQtcnVudGltZS9saWIvcHl0aG9uMy4xMy9zaXRlLXBhY2thZ2VzL19weXRlc3QvcnVubmVyLnB5IiwgbGluZSAzNTMsIGluIGZyb21fY2FsbAogICAgfCAgICAgcmVzdWx0OiBUUmVzdWx0IHwgTm9uZSA9IGZ1bmMoKQogICAgfCAgICAgICAgICAgICAgICAgICAgICAgICAgICAgIH5+fn5eXgogICAgfCAgIEZpbGUgIi9ob21lL3J1bm5lci93b3JrL0dPL0dPL2lzb2xhdGVkLXJ1bnRpbWUvbGliL3B5dGhvbjMuMTMvc2l0ZS1wYWNrYWdlcy9fcHl0ZXN0L3J1bm5lci5weSIsIGxpbmUgMjQ1LCBpbiAmbHQ7
2026-09-10T03:32:04.1538668Z GO_EVIDENCE_B64 bGFtYmRhJmd0OwogICAgfCAgICAgbGFtYmRhOiBydW50ZXN0X2hvb2soaXRlbT1pdGVtLCAqKmt3ZHMpLAogICAgfCAgICAgICAgICAgICB+fn5+fn5+fn5+fn5eXl5eXl5eXl5eXl5eXl5eXl5eCiAgICB8ICAgRmlsZSAiL2hvbWUvcnVubmVyL3dvcmsvR08vR08vaXNvbGF0ZWQtcnVudGltZS9saWIvcHl0aG9uMy4xMy9zaXRlLXBhY2thZ2VzL3BsdWdneS9faG9va3MucHkiLCBsaW5lIDUxMiwgaW4gX19jYWxsX18KICAgIHwgICAgIHJldHVybiBzZWxmLl9ob29rZXhlYyhzZWxmLm5hbWUsIHNlbGYuX2hvb2tpbXBscy5jb3B5
2026-09-10T03:32:04.1544261Z GO_EVIDENCE_B64 KCksIGt3YXJncywgZmlyc3RyZXN1bHQpCiAgICB8ICAgICAgICAgICAgfn5+fn5+fn5+fn5+fn5eXl5eXl5eXl5eXl5eXl5eXl5eXl5eXl5eXl5eXl5eXl5eXl5eXl5eXl5eXl5eXl5eXl5eXl5eXgogICAgfCAgIEZpbGUgIi9ob21lL3J1bm5lci93b3JrL0dPL0dPL2lzb2xhdGVkLXJ1bnRpbWUvbGliL3B5dGhvbjMuMTMvc2l0ZS1wYWNrYWdlcy9wbHVnZ3kvX21hbmFnZXIucHkiLCBsaW5lIDEyMCwgaW4gX2hvb2tleGVjCiAgICB8ICAgICByZXR1cm4gc2VsZi5faW5uZXJfaG9va2V4ZWMoaG9va19uYW1lLCBtZXRob2RzLCBr
2026-09-10T03:32:04.1550275Z GO_EVIDENCE_B64 d2FyZ3MsIGZpcnN0cmVzdWx0KQogICAgfCAgICAgICAgICAgIH5+fn5+fn5+fn5+fn5+fn5+fn5+Xl5eXl5eXl5eXl5eXl5eXl5eXl5eXl5eXl5eXl5eXl5eXl5eXl5eXl4KICAgIHwgICBGaWxlICIvaG9tZS9ydW5uZXIvd29yay9HTy9HTy9pc29sYXRlZC1ydW50aW1lL2xpYi9weXRob24zLjEzL3NpdGUtcGFja2FnZXMvcGx1Z2d5L19jYWxsZXJzLnB5IiwgbGluZSAxNjcsIGluIF9tdWx0aWNhbGwKICAgIHwgICAgIHJhaXNlIGV4Y2VwdGlvbgogICAgfCAgIEZpbGUgIi9ob21lL3J1bm5lci93b3JrL0dPL0dPL2lzb2xhdGVk
2026-09-10T03:32:04.1555951Z GO_EVIDENCE_B64 LXJ1bnRpbWUvbGliL3B5dGhvbjMuMTMvc2l0ZS1wYWNrYWdlcy9wbHVnZ3kvX2NhbGxlcnMucHkiLCBsaW5lIDEzOSwgaW4gX211bHRpY2FsbAogICAgfCAgICAgdGVhcmRvd24udGhyb3coZXhjZXB0aW9uKQogICAgfCAgICAgfn5+fn5+fn5+fn5+fn5eXl5eXl5eXl5eXgogICAgfCAgIEZpbGUgIi9ob21lL3J1bm5lci93b3JrL0dPL0dPL2lzb2xhdGVkLXJ1bnRpbWUvbGliL3B5dGhvbjMuMTMvc2l0ZS1wYWNrYWdlcy9fcHl0ZXN0L2xvZ2dpbmcucHkiLCBsaW5lIDg1MCwgaW4gcHl0ZXN0X3J1bnRlc3RfY2FsbAogICAgfCAg
2026-09-10T03:32:04.1561692Z GO_EVIDENCE_B64 ICAgeWllbGQKICAgIHwgICBGaWxlICIvaG9tZS9ydW5uZXIvd29yay9HTy9HTy9pc29sYXRlZC1ydW50aW1lL2xpYi9weXRob24zLjEzL3NpdGUtcGFja2FnZXMvcGx1Z2d5L19jYWxsZXJzLnB5IiwgbGluZSAxMzksIGluIF9tdWx0aWNhbGwKICAgIHwgICAgIHRlYXJkb3duLnRocm93KGV4Y2VwdGlvbikKICAgIHwgICAgIH5+fn5+fn5+fn5+fn5+Xl5eXl5eXl5eXl4KICAgIHwgICBGaWxlICIvaG9tZS9ydW5uZXIvd29yay9HTy9HTy9pc29sYXRlZC1ydW50aW1lL2xpYi9weXRob24zLjEzL3NpdGUtcGFja2FnZXMvX3B5dGVz
2026-09-10T03:32:04.1567445Z GO_EVIDENCE_B64 dC9jYXB0dXJlLnB5IiwgbGluZSA5MDAsIGluIHB5dGVzdF9ydW50ZXN0X2NhbGwKICAgIHwgICAgIHJldHVybiAoeWllbGQpCiAgICB8ICAgICAgICAgICAgIF5eXl5eCiAgICB8ICAgRmlsZSAiL2hvbWUvcnVubmVyL3dvcmsvR08vR08vaXNvbGF0ZWQtcnVudGltZS9saWIvcHl0aG9uMy4xMy9zaXRlLXBhY2thZ2VzL3BsdWdneS9fY2FsbGVycy5weSIsIGxpbmUgMTM5LCBpbiBfbXVsdGljYWxsCiAgICB8ICAgICB0ZWFyZG93bi50aHJvdyhleGNlcHRpb24pCiAgICB8ICAgICB+fn5+fn5+fn5+fn5+fl5eXl5eXl5eXl5eCiAg
2026-09-10T03:32:04.1573129Z GO_EVIDENCE_B64 ICB8ICAgRmlsZSAiL2hvbWUvcnVubmVyL3dvcmsvR08vR08vaXNvbGF0ZWQtcnVudGltZS9saWIvcHl0aG9uMy4xMy9zaXRlLXBhY2thZ2VzL19weXRlc3Qvc2tpcHBpbmcucHkiLCBsaW5lIDI2OCwgaW4gcHl0ZXN0X3J1bnRlc3RfY2FsbAogICAgfCAgICAgcmV0dXJuICh5aWVsZCkKICAgIHwgICAgICAgICAgICAgXl5eXl4KICAgIHwgICBGaWxlICIvaG9tZS9ydW5uZXIvd29yay9HTy9HTy9pc29sYXRlZC1ydW50aW1lL2xpYi9weXRob24zLjEzL3NpdGUtcGFja2FnZXMvcGx1Z2d5L19jYWxsZXJzLnB5IiwgbGluZSAxMjEs
2026-09-10T03:32:04.1578872Z GO_EVIDENCE_B64 IGluIF9tdWx0aWNhbGwKICAgIHwgICAgIHJlcyA9IGhvb2tfaW1wbC5mdW5jdGlvbigqYXJncykKICAgIHwgICBGaWxlICIvaG9tZS9ydW5uZXIvd29yay9HTy9HTy9pc29sYXRlZC1ydW50aW1lL2xpYi9weXRob24zLjEzL3NpdGUtcGFja2FnZXMvX3B5dGVzdC9ydW5uZXIucHkiLCBsaW5lIDE3OSwgaW4gcHl0ZXN0X3J1bnRlc3RfY2FsbAogICAgfCAgICAgaXRlbS5ydW50ZXN0KCkKICAgIHwgICAgIH5+fn5+fn5+fn5+fl5eCiAgICB8ICAgRmlsZSAiL2hvbWUvcnVubmVyL3dvcmsvR08vR08vaXNvbGF0ZWQtcnVudGltZS9s
2026-09-10T03:32:04.1584463Z GO_EVIDENCE_B64 aWIvcHl0aG9uMy4xMy9zaXRlLXBhY2thZ2VzL19weXRlc3QvcHl0aG9uLnB5IiwgbGluZSAxNzIwLCBpbiBydW50ZXN0CiAgICB8ICAgICBzZWxmLmlob29rLnB5dGVzdF9weWZ1bmNfY2FsbChweWZ1bmNpdGVtPXNlbGYpCiAgICB8ICAgICB+fn5+fn5+fn5+fn5+fn5+fn5+fn5+fn5+fn5+fl5eXl5eXl5eXl5eXl5eXl5eCiAgICB8ICAgRmlsZSAiL2hvbWUvcnVubmVyL3dvcmsvR08vR08vaXNvbGF0ZWQtcnVudGltZS9saWIvcHl0aG9uMy4xMy9zaXRlLXBhY2thZ2VzL3BsdWdneS9faG9va3MucHkiLCBsaW5lIDUxMiwgaW4g
2026-09-10T03:32:04.1590112Z GO_EVIDENCE_B64 X19jYWxsX18KICAgIHwgICAgIHJldHVybiBzZWxmLl9ob29rZXhlYyhzZWxmLm5hbWUsIHNlbGYuX2hvb2tpbXBscy5jb3B5KCksIGt3YXJncywgZmlyc3RyZXN1bHQpCiAgICB8ICAgICAgICAgICAgfn5+fn5+fn5+fn5+fn5eXl5eXl5eXl5eXl5eXl5eXl5eXl5eXl5eXl5eXl5eXl5eXl5eXl5eXl5eXl5eXl5eXl5eXl5eXgogICAgfCAgIEZpbGUgIi9ob21lL3J1bm5lci93b3JrL0dPL0dPL2lzb2xhdGVkLXJ1bnRpbWUvbGliL3B5dGhvbjMuMTMvc2l0ZS1wYWNrYWdlcy9wbHVnZ3kvX21hbmFnZXIucHkiLCBsaW5lIDEyMCwg
2026-09-10T03:32:04.1595708Z GO_EVIDENCE_B64 aW4gX2hvb2tleGVjCiAgICB8ICAgICByZXR1cm4gc2VsZi5faW5uZXJfaG9va2V4ZWMoaG9va19uYW1lLCBtZXRob2RzLCBrd2FyZ3MsIGZpcnN0cmVzdWx0KQogICAgfCAgICAgICAgICAgIH5+fn5+fn5+fn5+fn5+fn5+fn5+Xl5eXl5eXl5eXl5eXl5eXl5eXl5eXl5eXl5eXl5eXl5eXl5eXl5eXl4KICAgIHwgICBGaWxlICIvaG9tZS9ydW5uZXIvd29yay9HTy9HTy9pc29sYXRlZC1ydW50aW1lL2xpYi9weXRob24zLjEzL3NpdGUtcGFja2FnZXMvcGx1Z2d5L19jYWxsZXJzLnB5IiwgbGluZSAxNjcsIGluIF9tdWx0aWNhbGwK
2026-09-10T03:32:04.1601489Z GO_EVIDENCE_B64 ICAgIHwgICAgIHJhaXNlIGV4Y2VwdGlvbgogICAgfCAgIEZpbGUgIi9ob21lL3J1bm5lci93b3JrL0dPL0dPL2lzb2xhdGVkLXJ1bnRpbWUvbGliL3B5dGhvbjMuMTMvc2l0ZS1wYWNrYWdlcy9wbHVnZ3kvX2NhbGxlcnMucHkiLCBsaW5lIDEzOSwgaW4gX211bHRpY2FsbAogICAgfCAgICAgdGVhcmRvd24udGhyb3coZXhjZXB0aW9uKQogICAgfCAgICAgfn5+fn5+fn5+fn5+fn5eXl5eXl5eXl5eXgogICAgfCAgIEZpbGUgIi9ob21lL3J1bm5lci93b3JrL0dPL0dPL2lzb2xhdGVkLXJ1bnRpbWUvbGliL3B5dGhvbjMuMTMvc2l0
2026-09-10T03:32:04.1607192Z GO_EVIDENCE_B64 ZS1wYWNrYWdlcy9wbHVnZ3kvX2NhbGxlcnMucHkiLCBsaW5lIDUzLCBpbiBydW5fb2xkX3N0eWxlX2hvb2t3cmFwcGVyCiAgICB8ICAgICByZXR1cm4gcmVzdWx0LmdldF9yZXN1bHQoKQogICAgfCAgICAgICAgICAgIH5+fn5+fn5+fn5+fn5+fn5+Xl4KICAgIHwgICBGaWxlICIvaG9tZS9ydW5uZXIvd29yay9HTy9HTy9pc29sYXRlZC1ydW50aW1lL2xpYi9weXRob24zLjEzL3NpdGUtcGFja2FnZXMvcGx1Z2d5L19yZXN1bHQucHkiLCBsaW5lIDEwMywgaW4gZ2V0X3Jlc3VsdAogICAgfCAgICAgcmFpc2UgZXhjLndpdGhfdHJh
2026-09-10T03:32:04.1612942Z GO_EVIDENCE_B64 Y2ViYWNrKHRiKQogICAgfCAgIEZpbGUgIi9ob21lL3J1bm5lci93b3JrL0dPL0dPL2lzb2xhdGVkLXJ1bnRpbWUvbGliL3B5dGhvbjMuMTMvc2l0ZS1wYWNrYWdlcy9wbHVnZ3kvX2NhbGxlcnMucHkiLCBsaW5lIDM4LCBpbiBydW5fb2xkX3N0eWxlX2hvb2t3cmFwcGVyCiAgICB8ICAgICByZXMgPSB5aWVsZAogICAgfCAgICAgICAgICAgXl5eXl4KICAgIHwgICBGaWxlICIvaG9tZS9ydW5uZXIvd29yay9HTy9HTy9pc29sYXRlZC1ydW50aW1lL2xpYi9weXRob24zLjEzL3NpdGUtcGFja2FnZXMvcGx1Z2d5L19jYWxsZXJzLnB5
2026-09-10T03:32:04.1618707Z GO_EVIDENCE_B64 IiwgbGluZSAxMjEsIGluIF9tdWx0aWNhbGwKICAgIHwgICAgIHJlcyA9IGhvb2tfaW1wbC5mdW5jdGlvbigqYXJncykKICAgIHwgICBGaWxlICIvaG9tZS9ydW5uZXIvd29yay9HTy9HTy9pc29sYXRlZC1ydW50aW1lL2xpYi9weXRob24zLjEzL3NpdGUtcGFja2FnZXMvX3B5dGVzdC9weXRob24ucHkiLCBsaW5lIDE2NiwgaW4gcHl0ZXN0X3B5ZnVuY19jYWxsCiAgICB8ICAgICByZXN1bHQgPSB0ZXN0ZnVuY3Rpb24oKip0ZXN0YXJncykKICAgIHwgICBGaWxlICIvaG9tZS9ydW5uZXIvd29yay9HTy9HTy9yZXN0b3JlZC90ZXN0
2026-09-10T03:32:04.1624309Z GO_EVIDENCE_B64 cy90ZXN0X2RlcHRoMzRfaG90ZWxfcXVvdGVfcmVhZC5weSIsIGxpbmUgNDMsIGluIHRlc3RfY29ycnVwdGVkX3N0b3JlZF9xdW90ZV9jYW5ub3RfYmVfcmVhZF9hc19jdXN0b21lcl90ZXJtcwogICAgfCAgICAgcj1jbGllbnQuZ2V0KGYnL3YxL21vYmlsZS9vcmRlcnMve29pZH0vY2FuY2VsbGF0aW9uLXF1b3Rlcy97cVsicXVvdGVfaWQiXX0nLGhlYWRlcnM9aCkKICAgIHwgICBGaWxlICIvaG9tZS9ydW5uZXIvd29yay9HTy9HTy9pc29sYXRlZC1ydW50aW1lL2xpYi9weXRob24zLjEzL3NpdGUtcGFja2FnZXMvc3RhcmxldHRl
2026-09-10T03:32:04.1630070Z GO_EVIDENCE_B64 L3Rlc3RjbGllbnQucHkiLCBsaW5lIDQ3MywgaW4gZ2V0CiAgICB8ICAgICByZXR1cm4gc3VwZXIoKS5nZXQoCiAgICB8ICAgICAgICAgICAgfn5+fn5+fn5+fn5eCiAgICB8ICAgICAgICAgdXJsLAogICAgfCAgICAgICAgIF5eXl4KICAgIHwgICAgIC4uLiZsdDs2IGxpbmVzJmd0Oy4uLgogICAgfCAgICAgICAgIGV4dGVuc2lvbnM9ZXh0ZW5zaW9ucywKICAgIHwgICAgICAgICBeXl5eXl5eXl5eXl5eXl5eXl5eXl5eCiAgICB8ICAgICApCiAgICB8ICAgICBeCiAgICB8ICAgRmlsZSAiL2hvbWUvcnVubmVyL3dvcmsvR08vR08v
2026-09-10T03:32:04.1635899Z GO_EVIDENCE_B64 aXNvbGF0ZWQtcnVudGltZS9saWIvcHl0aG9uMy4xMy9zaXRlLXBhY2thZ2VzL2h0dHB4L19jbGllbnQucHkiLCBsaW5lIDEwNTMsIGluIGdldAogICAgfCAgICAgcmV0dXJuIHNlbGYucmVxdWVzdCgKICAgIHwgICAgICAgICAgICB+fn5+fn5+fn5+fn5eCiAgICB8ICAgICAgICAgIkdFVCIsCiAgICB8ICAgICAgICAgXl5eXl5eCiAgICB8ICAgICAuLi4mbHQ7NyBsaW5lcyZndDsuLi4KICAgIHwgICAgICAgICBleHRlbnNpb25zPWV4dGVuc2lvbnMsCiAgICB8ICAgICAgICAgXl5eXl5eXl5eXl5eXl5eXl5eXl5eXgogICAgfCAg
2026-09-10T03:32:04.1641608Z GO_EVIDENCE_B64 ICAgKQogICAgfCAgICAgXgogICAgfCAgIEZpbGUgIi9ob21lL3J1bm5lci93b3JrL0dPL0dPL2lzb2xhdGVkLXJ1bnRpbWUvbGliL3B5dGhvbjMuMTMvc2l0ZS1wYWNrYWdlcy9zdGFybGV0dGUvdGVzdGNsaWVudC5weSIsIGxpbmUgNDQ1LCBpbiByZXF1ZXN0CiAgICB8ICAgICByZXR1cm4gc3VwZXIoKS5yZXF1ZXN0KAogICAgfCAgICAgICAgICAgIH5+fn5+fn5+fn5+fn5+fl4KICAgIHwgICAgICAgICBtZXRob2QsCiAgICB8ICAgICAgICAgXl5eXl5eXgogICAgfCAgICAgLi4uJmx0OzExIGxpbmVzJmd0Oy4uLgogICAgfCAg
2026-09-10T03:32:04.1647358Z GO_EVIDENCE_B64 ICAgICAgIGV4dGVuc2lvbnM9ZXh0ZW5zaW9ucywKICAgIHwgICAgICAgICBeXl5eXl5eXl5eXl5eXl5eXl5eXl5eCiAgICB8ICAgICApCiAgICB8ICAgICBeCiAgICB8ICAgRmlsZSAiL2hvbWUvcnVubmVyL3dvcmsvR08vR08vaXNvbGF0ZWQtcnVudGltZS9saWIvcHl0aG9uMy4xMy9zaXRlLXBhY2thZ2VzL2h0dHB4L19jbGllbnQucHkiLCBsaW5lIDgyNSwgaW4gcmVxdWVzdAogICAgfCAgICAgcmV0dXJuIHNlbGYuc2VuZChyZXF1ZXN0LCBhdXRoPWF1dGgsIGZvbGxvd19yZWRpcmVjdHM9Zm9sbG93X3JlZGlyZWN0cykKICAg
2026-09-10T03:32:04.1653182Z GO_EVIDENCE_B64 IHwgICAgICAgICAgICB+fn5+fn5+fn5eXl5eXl5eXl5eXl5eXl5eXl5eXl5eXl5eXl5eXl5eXl5eXl5eXl5eXl5eXl5eXl5eXl5eXl5eCiAgICB8ICAgRmlsZSAiL2hvbWUvcnVubmVyL3dvcmsvR08vR08vaXNvbGF0ZWQtcnVudGltZS9saWIvcHl0aG9uMy4xMy9zaXRlLXBhY2thZ2VzL2h0dHB4L19jbGllbnQucHkiLCBsaW5lIDkxNCwgaW4gc2VuZAogICAgfCAgICAgcmVzcG9uc2UgPSBzZWxmLl9zZW5kX2hhbmRsaW5nX2F1dGgoCiAgICB8ICAgICAgICAgcmVxdWVzdCwKICAgIHwgICAgIC4uLiZsdDsyIGxpbmVzJmd0Oy4u
2026-09-10T03:32:04.1658936Z GO_EVIDENCE_B64 LgogICAgfCAgICAgICAgIGhpc3Rvcnk9W10sCiAgICB8ICAgICApCiAgICB8ICAgRmlsZSAiL2hvbWUvcnVubmVyL3dvcmsvR08vR08vaXNvbGF0ZWQtcnVudGltZS9saWIvcHl0aG9uMy4xMy9zaXRlLXBhY2thZ2VzL2h0dHB4L19jbGllbnQucHkiLCBsaW5lIDk0MiwgaW4gX3NlbmRfaGFuZGxpbmdfYXV0aAogICAgfCAgICAgcmVzcG9uc2UgPSBzZWxmLl9zZW5kX2hhbmRsaW5nX3JlZGlyZWN0cygKICAgIHwgICAgICAgICByZXF1ZXN0LAogICAgfCAgICAgICAgIGZvbGxvd19yZWRpcmVjdHM9Zm9sbG93X3JlZGlyZWN0cywK
2026-09-10T03:32:04.1664642Z GO_EVIDENCE_B64 ICAgIHwgICAgICAgICBoaXN0b3J5PWhpc3RvcnksCiAgICB8ICAgICApCiAgICB8ICAgRmlsZSAiL2hvbWUvcnVubmVyL3dvcmsvR08vR08vaXNvbGF0ZWQtcnVudGltZS9saWIvcHl0aG9uMy4xMy9zaXRlLXBhY2thZ2VzL2h0dHB4L19jbGllbnQucHkiLCBsaW5lIDk3OSwgaW4gX3NlbmRfaGFuZGxpbmdfcmVkaXJlY3RzCiAgICB8ICAgICByZXNwb25zZSA9IHNlbGYuX3NlbmRfc2luZ2xlX3JlcXVlc3QocmVxdWVzdCkKICAgIHwgICBGaWxlICIvaG9tZS9ydW5uZXIvd29yay9HTy9HTy9pc29sYXRlZC1ydW50aW1lL2xpYi9w
2026-09-10T03:32:04.1670620Z GO_EVIDENCE_B64 eXRob24zLjEzL3NpdGUtcGFja2FnZXMvaHR0cHgvX2NsaWVudC5weSIsIGxpbmUgMTAxNCwgaW4gX3NlbmRfc2luZ2xlX3JlcXVlc3QKICAgIHwgICAgIHJlc3BvbnNlID0gdHJhbnNwb3J0LmhhbmRsZV9yZXF1ZXN0KHJlcXVlc3QpCiAgICB8ICAgRmlsZSAiL2hvbWUvcnVubmVyL3dvcmsvR08vR08vaXNvbGF0ZWQtcnVudGltZS9saWIvcHl0aG9uMy4xMy9zaXRlLXBhY2thZ2VzL3N0YXJsZXR0ZS90ZXN0Y2xpZW50LnB5IiwgbGluZSAzNDgsIGluIGhhbmRsZV9yZXF1ZXN0CiAgICB8ICAgICByYWlzZSBleGMKICAgIHwgICBG
2026-09-10T03:32:04.1676339Z GO_EVIDENCE_B64 aWxlICIvaG9tZS9ydW5uZXIvd29yay9HTy9HTy9pc29sYXRlZC1ydW50aW1lL2xpYi9weXRob24zLjEzL3NpdGUtcGFja2FnZXMvc3RhcmxldHRlL3Rlc3RjbGllbnQucHkiLCBsaW5lIDM0NSwgaW4gaGFuZGxlX3JlcXVlc3QKICAgIHwgICAgIHBvcnRhbC5jYWxsKHNlbGYuYXBwLCBzY29wZSwgcmVjZWl2ZSwgc2VuZCkKICAgIHwgICAgIH5+fn5+fn5+fn5+Xl5eXl5eXl5eXl5eXl5eXl5eXl5eXl5eXl5eXl5eXl4KICAgIHwgICBGaWxlICIvaG9tZS9ydW5uZXIvd29yay9HTy9HTy9pc29sYXRlZC1ydW50aW1lL2xpYi9weXRo
2026-09-10T03:32:04.1681909Z GO_EVIDENCE_B64 b24zLjEzL3NpdGUtcGFja2FnZXMvYW55aW8vZnJvbV90aHJlYWQucHkiLCBsaW5lIDMzNCwgaW4gY2FsbAogICAgfCAgICAgcmV0dXJuIGNhc3QoVF9SZXR2YWwsIHNlbGYuc3RhcnRfdGFza19zb29uKGZ1bmMsICphcmdzKS5yZXN1bHQoKSkKICAgIHwgICAgICAgICAgICAgICAgICAgICAgICAgICB+fn5+fn5+fn5+fn5+fn5+fn5+fn5+fn5+fn5+fn5+fn5+fn5+fn5+Xl4KICAgIHwgICBGaWxlICIvb3B0L2hvc3RlZHRvb2xjYWNoZS9QeXRob24vMy4xMy41L3g2NC9saWIvcHl0aG9uMy4xMy9jb25jdXJyZW50L2Z1dHVyZXMv
2026-09-10T03:32:04.1687545Z GO_EVIDENCE_B64 X2Jhc2UucHkiLCBsaW5lIDQ1NiwgaW4gcmVzdWx0CiAgICB8ICAgICByZXR1cm4gc2VsZi5fX2dldF9yZXN1bHQoKQogICAgfCAgICAgICAgICAgIH5+fn5+fn5+fn5+fn5+fn5+Xl4KICAgIHwgICBGaWxlICIvb3B0L2hvc3RlZHRvb2xjYWNoZS9QeXRob24vMy4xMy41L3g2NC9saWIvcHl0aG9uMy4xMy9jb25jdXJyZW50L2Z1dHVyZXMvX2Jhc2UucHkiLCBsaW5lIDQwMSwgaW4gX19nZXRfcmVzdWx0CiAgICB8ICAgICByYWlzZSBzZWxmLl9leGNlcHRpb24KICAgIHwgICBGaWxlICIvaG9tZS9ydW5uZXIvd29yay9HTy9HTy9p
2026-09-10T03:32:04.1693103Z GO_EVIDENCE_B64 c29sYXRlZC1ydW50aW1lL2xpYi9weXRob24zLjEzL3NpdGUtcGFja2FnZXMvYW55aW8vZnJvbV90aHJlYWQucHkiLCBsaW5lIDI1OSwgaW4gX2NhbGxfZnVuYwogICAgfCAgICAgcmV0dmFsID0gYXdhaXQgcmV0dmFsX29yX2F3YWl0YWJsZQogICAgfCAgICAgICAgICAgICAgXl5eXl5eXl5eXl5eXl5eXl5eXl5eXl5eXgogICAgfCAgIEZpbGUgIi9ob21lL3J1bm5lci93b3JrL0dPL0dPL2lzb2xhdGVkLXJ1bnRpbWUvbGliL3B5dGhvbjMuMTMvc2l0ZS1wYWNrYWdlcy9mYXN0YXBpL2FwcGxpY2F0aW9ucy5weSIsIGxpbmUgMTEz
2026-09-10T03:32:04.1698837Z GO_EVIDENCE_B64 OCwgaW4gX19jYWxsX18KICAgIHwgICAgIGF3YWl0IHN1cGVyKCkuX19jYWxsX18oc2NvcGUsIHJlY2VpdmUsIHNlbmQpCiAgICB8ICAgRmlsZSAiL2hvbWUvcnVubmVyL3dvcmsvR08vR08vaXNvbGF0ZWQtcnVudGltZS9saWIvcHl0aG9uMy4xMy9zaXRlLXBhY2thZ2VzL3N0YXJsZXR0ZS9hcHBsaWNhdGlvbnMucHkiLCBsaW5lIDEwNywgaW4gX19jYWxsX18KICAgIHwgICAgIGF3YWl0IHNlbGYubWlkZGxld2FyZV9zdGFjayhzY29wZSwgcmVjZWl2ZSwgc2VuZCkKICAgIHwgICBGaWxlICIvaG9tZS9ydW5uZXIvd29yay9HTy9H
2026-09-10T03:32:04.1708582Z GO_EVIDENCE_B64 Ty9pc29sYXRlZC1ydW50aW1lL2xpYi9weXRob24zLjEzL3NpdGUtcGFja2FnZXMvc3RhcmxldHRlL21pZGRsZXdhcmUvZXJyb3JzLnB5IiwgbGluZSAxODYsIGluIF9fY2FsbF9fCiAgICB8ICAgICByYWlzZSBleGMKICAgIHwgICBGaWxlICIvaG9tZS9ydW5uZXIvd29yay9HTy9HTy9pc29sYXRlZC1ydW50aW1lL2xpYi9weXRob24zLjEzL3NpdGUtcGFja2FnZXMvc3RhcmxldHRlL21pZGRsZXdhcmUvZXJyb3JzLnB5IiwgbGluZSAxNjQsIGluIF9fY2FsbF9fCiAgICB8ICAgICBhd2FpdCBzZWxmLmFwcChzY29wZSwgcmVjZWl2
2026-09-10T03:32:04.1715911Z GO_EVIDENCE_B64 ZSwgX3NlbmQpCiAgICB8ICAgRmlsZSAiL2hvbWUvcnVubmVyL3dvcmsvR08vR08vaXNvbGF0ZWQtcnVudGltZS9saWIvcHl0aG9uMy4xMy9zaXRlLXBhY2thZ2VzL3N0YXJsZXR0ZS9taWRkbGV3YXJlL2Jhc2UucHkiLCBsaW5lIDE5MSwgaW4gX19jYWxsX18KICAgIHwgICAgIHdpdGggcmVjdl9zdHJlYW0sIHNlbmRfc3RyZWFtLCBjb2xsYXBzZV9leGNncm91cHMoKToKICAgIHwgICAgICAgICAgICAgICAgICAgICAgICAgICAgICAgICAgICB+fn5+fn5+fn5+fn5+fn5+fn5eXgogICAgfCAgIEZpbGUgIi9vcHQvaG9zdGVkdG9v
2026-09-10T03:32:04.1721591Z GO_EVIDENCE_B64 bGNhY2hlL1B5dGhvbi8zLjEzLjUveDY0L2xpYi9weXRob24zLjEzL2NvbnRleHRsaWIucHkiLCBsaW5lIDE2MiwgaW4gX19leGl0X18KICAgIHwgICAgIHNlbGYuZ2VuLnRocm93KHZhbHVlKQogICAgfCAgICAgfn5+fn5+fn5+fn5+fn5eXl5eXl5eCiAgICB8ICAgRmlsZSAiL2hvbWUvcnVubmVyL3dvcmsvR08vR08vaXNvbGF0ZWQtcnVudGltZS9saWIvcHl0aG9uMy4xMy9zaXRlLXBhY2thZ2VzL3N0YXJsZXR0ZS9fdXRpbHMucHkiLCBsaW5lIDg1LCBpbiBjb2xsYXBzZV9leGNncm91cHMKICAgIHwgICAgIHJhaXNlIGV4Ywog
2026-09-10T03:32:04.1727637Z GO_EVIDENCE_B64 ICAgfCAgIEZpbGUgIi9ob21lL3J1bm5lci93b3JrL0dPL0dPL2lzb2xhdGVkLXJ1bnRpbWUvbGliL3B5dGhvbjMuMTMvc2l0ZS1wYWNrYWdlcy9zdGFybGV0dGUvbWlkZGxld2FyZS9iYXNlLnB5IiwgbGluZSAxOTMsIGluIF9fY2FsbF9fCiAgICB8ICAgICByZXNwb25zZSA9IGF3YWl0IHNlbGYuZGlzcGF0Y2hfZnVuYyhyZXF1ZXN0LCBjYWxsX25leHQpCiAgICB8ICAgICAgICAgICAgICAgIF5eXl5eXl5eXl5eXl5eXl5eXl5eXl5eXl5eXl5eXl5eXl5eXl5eXl5eXl5eCiAgICB8ICAgRmlsZSAiL2hvbWUvcnVubmVyL3dvcmsv
2026-09-10T03:32:04.1733265Z GO_EVIDENCE_B64 R08vR08vcmVzdG9yZWQvc3JjL2dvX2hvdGVsL21haW4ucHkiLCBsaW5lIDI4MiwgaW4gZGlzcGF0Y2gKICAgIHwgICAgIHJlc3BvbnNlPWF3YWl0IGNhbGxfbmV4dChyZXF1ZXN0KQogICAgfCAgICAgICAgICAgICAgXl5eXl5eXl5eXl5eXl5eXl5eXl5eXl5eCiAgICB8ICAgRmlsZSAiL2hvbWUvcnVubmVyL3dvcmsvR08vR08vaXNvbGF0ZWQtcnVudGltZS9saWIvcHl0aG9uMy4xMy9zaXRlLXBhY2thZ2VzL3N0YXJsZXR0ZS9taWRkbGV3YXJlL2Jhc2UucHkiLCBsaW5lIDE2OCwgaW4gY2FsbF9uZXh0CiAgICB8ICAgICByYWlz
2026-09-10T03:32:04.1739013Z GO_EVIDENCE_B64 ZSBhcHBfZXhjIGZyb20gYXBwX2V4Yy5fX2NhdXNlX18gb3IgYXBwX2V4Yy5fX2NvbnRleHRfXwogICAgfCAgIEZpbGUgIi9ob21lL3J1bm5lci93b3JrL0dPL0dPL2lzb2xhdGVkLXJ1bnRpbWUvbGliL3B5dGhvbjMuMTMvc2l0ZS1wYWNrYWdlcy9zdGFybGV0dGUvbWlkZGxld2FyZS9iYXNlLnB5IiwgbGluZSAxNDQsIGluIGNvcm8KICAgIHwgICAgIGF3YWl0IHNlbGYuYXBwKHNjb3BlLCByZWNlaXZlX29yX2Rpc2Nvbm5lY3QsIHNlbmRfbm9fZXJyb3IpCiAgICB8ICAgRmlsZSAiL2hvbWUvcnVubmVyL3dvcmsvR08vR08vaXNv
2026-09-10T03:32:04.1744654Z GO_EVIDENCE_B64 bGF0ZWQtcnVudGltZS9saWIvcHl0aG9uMy4xMy9zaXRlLXBhY2thZ2VzL3N0YXJsZXR0ZS9taWRkbGV3YXJlL2Jhc2UucHkiLCBsaW5lIDE5MSwgaW4gX19jYWxsX18KICAgIHwgICAgIHdpdGggcmVjdl9zdHJlYW0sIHNlbmRfc3RyZWFtLCBjb2xsYXBzZV9leGNncm91cHMoKToKICAgIHwgICAgICAgICAgICAgICAgICAgICAgICAgICAgICAgICAgICB+fn5+fn5+fn5+fn5+fn5+fn5eXgogICAgfCAgIEZpbGUgIi9vcHQvaG9zdGVkdG9vbGNhY2hlL1B5dGhvbi8zLjEzLjUveDY0L2xpYi9weXRob24zLjEzL2NvbnRleHRsaWIu
2026-09-10T03:32:04.1750440Z GO_EVIDENCE_B64 cHkiLCBsaW5lIDE2MiwgaW4gX19leGl0X18KICAgIHwgICAgIHNlbGYuZ2VuLnRocm93KHZhbHVlKQogICAgfCAgICAgfn5+fn5+fn5+fn5+fn5eXl5eXl5eCiAgICB8ICAgRmlsZSAiL2hvbWUvcnVubmVyL3dvcmsvR08vR08vaXNvbGF0ZWQtcnVudGltZS9saWIvcHl0aG9uMy4xMy9zaXRlLXBhY2thZ2VzL3N0YXJsZXR0ZS9fdXRpbHMucHkiLCBsaW5lIDg1LCBpbiBjb2xsYXBzZV9leGNncm91cHMKICAgIHwgICAgIHJhaXNlIGV4YwogICAgfCAgIEZpbGUgIi9ob21lL3J1bm5lci93b3JrL0dPL0dPL2lzb2xhdGVkLXJ1bnRp
2026-09-10T03:32:04.1756163Z GO_EVIDENCE_B64 bWUvbGliL3B5dGhvbjMuMTMvc2l0ZS1wYWNrYWdlcy9zdGFybGV0dGUvbWlkZGxld2FyZS9iYXNlLnB5IiwgbGluZSAxOTMsIGluIF9fY2FsbF9fCiAgICB8ICAgICByZXNwb25zZSA9IGF3YWl0IHNlbGYuZGlzcGF0Y2hfZnVuYyhyZXF1ZXN0LCBjYWxsX25leHQpCiAgICB8ICAgICAgICAgICAgICAgIF5eXl5eXl5eXl5eXl5eXl5eXl5eXl5eXl5eXl5eXl5eXl5eXl5eXl5eXl5eCiAgICB8ICAgRmlsZSAiL2hvbWUvcnVubmVyL3dvcmsvR08vR08vcmVzdG9yZWQvc3JjL2dvX2hvdGVsL21haW4ucHkiLCBsaW5lIDI1MywgaW4g
2026-09-10T03:32:04.1762040Z GO_EVIDENCE_B64 ZGlzcGF0Y2gKICAgIHwgICAgIHJlc3BvbnNlPWF3YWl0IGNhbGxfbmV4dChyZXF1ZXN0KQogICAgfCAgICAgICAgICAgICAgXl5eXl5eXl5eXl5eXl5eXl5eXl5eXl5eCiAgICB8ICAgRmlsZSAiL2hvbWUvcnVubmVyL3dvcmsvR08vR08vaXNvbGF0ZWQtcnVudGltZS9saWIvcHl0aG9uMy4xMy9zaXRlLXBhY2thZ2VzL3N0YXJsZXR0ZS9taWRkbGV3YXJlL2Jhc2UucHkiLCBsaW5lIDE2OCwgaW4gY2FsbF9uZXh0CiAgICB8ICAgICByYWlzZSBhcHBfZXhjIGZyb20gYXBwX2V4Yy5fX2NhdXNlX18gb3IgYXBwX2V4Yy5fX2NvbnRl
2026-09-10T03:32:04.1768119Z GO_EVIDENCE_B64 eHRfXwogICAgfCAgIEZpbGUgIi9ob21lL3J1bm5lci93b3JrL0dPL0dPL2lzb2xhdGVkLXJ1bnRpbWUvbGliL3B5dGhvbjMuMTMvc2l0ZS1wYWNrYWdlcy9zdGFybGV0dGUvbWlkZGxld2FyZS9iYXNlLnB5IiwgbGluZSAxNDQsIGluIGNvcm8KICAgIHwgICAgIGF3YWl0IHNlbGYuYXBwKHNjb3BlLCByZWNlaXZlX29yX2Rpc2Nvbm5lY3QsIHNlbmRfbm9fZXJyb3IpCiAgICB8ICAgRmlsZSAiL2hvbWUvcnVubmVyL3dvcmsvR08vR08vaXNvbGF0ZWQtcnVudGltZS9saWIvcHl0aG9uMy4xMy9zaXRlLXBhY2thZ2VzL3N0YXJsZXR0
2026-09-10T03:32:04.1773819Z GO_EVIDENCE_B64 ZS9taWRkbGV3YXJlL2Jhc2UucHkiLCBsaW5lIDE5MSwgaW4gX19jYWxsX18KICAgIHwgICAgIHdpdGggcmVjdl9zdHJlYW0sIHNlbmRfc3RyZWFtLCBjb2xsYXBzZV9leGNncm91cHMoKToKICAgIHwgICAgICAgICAgICAgICAgICAgICAgICAgICAgICAgICAgICB+fn5+fn5+fn5+fn5+fn5+fn5eXgogICAgfCAgIEZpbGUgIi9vcHQvaG9zdGVkdG9vbGNhY2hlL1B5dGhvbi8zLjEzLjUveDY0L2xpYi9weXRob24zLjEzL2NvbnRleHRsaWIucHkiLCBsaW5lIDE2MiwgaW4gX19leGl0X18KICAgIHwgICAgIHNlbGYuZ2VuLnRocm93
2026-09-10T03:32:04.1779731Z GO_EVIDENCE_B64 KHZhbHVlKQogICAgfCAgICAgfn5+fn5+fn5+fn5+fn5eXl5eXl5eCiAgICB8ICAgRmlsZSAiL2hvbWUvcnVubmVyL3dvcmsvR08vR08vaXNvbGF0ZWQtcnVudGltZS9saWIvcHl0aG9uMy4xMy9zaXRlLXBhY2thZ2VzL3N0YXJsZXR0ZS9fdXRpbHMucHkiLCBsaW5lIDg1LCBpbiBjb2xsYXBzZV9leGNncm91cHMKICAgIHwgICAgIHJhaXNlIGV4YwogICAgfCAgIEZpbGUgIi9ob21lL3J1bm5lci93b3JrL0dPL0dPL2lzb2xhdGVkLXJ1bnRpbWUvbGliL3B5dGhvbjMuMTMvc2l0ZS1wYWNrYWdlcy9zdGFybGV0dGUvbWlkZGxld2Fy
2026-09-10T03:32:04.1785433Z GO_EVIDENCE_B64 ZS9iYXNlLnB5IiwgbGluZSAxOTMsIGluIF9fY2FsbF9fCiAgICB8ICAgICByZXNwb25zZSA9IGF3YWl0IHNlbGYuZGlzcGF0Y2hfZnVuYyhyZXF1ZXN0LCBjYWxsX25leHQpCiAgICB8ICAgICAgICAgICAgICAgIF5eXl5eXl5eXl5eXl5eXl5eXl5eXl5eXl5eXl5eXl5eXl5eXl5eXl5eXl5eCiAgICB8ICAgRmlsZSAiL2hvbWUvcnVubmVyL3dvcmsvR08vR08vcmVzdG9yZWQvc3JjL2dvX2hvdGVsL21haW4ucHkiLCBsaW5lIDIwNywgaW4gZGlzcGF0Y2gKICAgIHwgICAgIHJlc3BvbnNlPWF3YWl0IGNhbGxfbmV4dChyZXF1ZXN0
2026-09-10T03:32:04.1791106Z GO_EVIDENCE_B64 KQogICAgfCAgICAgICAgICAgICAgXl5eXl5eXl5eXl5eXl5eXl5eXl5eXl5eCiAgICB8ICAgRmlsZSAiL2hvbWUvcnVubmVyL3dvcmsvR08vR08vaXNvbGF0ZWQtcnVudGltZS9saWIvcHl0aG9uMy4xMy9zaXRlLXBhY2thZ2VzL3N0YXJsZXR0ZS9taWRkbGV3YXJlL2Jhc2UucHkiLCBsaW5lIDE2OCwgaW4gY2FsbF9uZXh0CiAgICB8ICAgICByYWlzZSBhcHBfZXhjIGZyb20gYXBwX2V4Yy5fX2NhdXNlX18gb3IgYXBwX2V4Yy5fX2NvbnRleHRfXwogICAgfCAgIEZpbGUgIi9ob21lL3J1bm5lci93b3JrL0dPL0dPL2lzb2xhdGVk
2026-09-10T03:32:04.1796930Z GO_EVIDENCE_B64 LXJ1bnRpbWUvbGliL3B5dGhvbjMuMTMvc2l0ZS1wYWNrYWdlcy9zdGFybGV0dGUvbWlkZGxld2FyZS9iYXNlLnB5IiwgbGluZSAxNDQsIGluIGNvcm8KICAgIHwgICAgIGF3YWl0IHNlbGYuYXBwKHNjb3BlLCByZWNlaXZlX29yX2Rpc2Nvbm5lY3QsIHNlbmRfbm9fZXJyb3IpCiAgICB8ICAgRmlsZSAiL2hvbWUvcnVubmVyL3dvcmsvR08vR08vaXNvbGF0ZWQtcnVudGltZS9saWIvcHl0aG9uMy4xMy9zaXRlLXBhY2thZ2VzL3N0YXJsZXR0ZS9taWRkbGV3YXJlL2V4Y2VwdGlvbnMucHkiLCBsaW5lIDYzLCBpbiBfX2NhbGxfXwog
2026-09-10T03:32:04.1802688Z GO_EVIDENCE_B64 ICAgfCAgICAgYXdhaXQgd3JhcF9hcHBfaGFuZGxpbmdfZXhjZXB0aW9ucyhzZWxmLmFwcCwgY29ubikoc2NvcGUsIHJlY2VpdmUsIHNlbmQpCiAgICB8ICAgRmlsZSAiL2hvbWUvcnVubmVyL3dvcmsvR08vR08vaXNvbGF0ZWQtcnVudGltZS9saWIvcHl0aG9uMy4xMy9zaXRlLXBhY2thZ2VzL3N0YXJsZXR0ZS9fZXhjZXB0aW9uX2hhbmRsZXIucHkiLCBsaW5lIDUzLCBpbiB3cmFwcGVkX2FwcAogICAgfCAgICAgcmFpc2UgZXhjCiAgICB8ICAgRmlsZSAiL2hvbWUvcnVubmVyL3dvcmsvR08vR08vaXNvbGF0ZWQtcnVudGltZS9s
2026-09-10T03:32:04.1808531Z GO_EVIDENCE_B64 aWIvcHl0aG9uMy4xMy9zaXRlLXBhY2thZ2VzL3N0YXJsZXR0ZS9fZXhjZXB0aW9uX2hhbmRsZXIucHkiLCBsaW5lIDQyLCBpbiB3cmFwcGVkX2FwcAogICAgfCAgICAgYXdhaXQgYXBwKHNjb3BlLCByZWNlaXZlLCBzZW5kZXIpCiAgICB8ICAgRmlsZSAiL2hvbWUvcnVubmVyL3dvcmsvR08vR08vaXNvbGF0ZWQtcnVudGltZS9saWIvcHl0aG9uMy4xMy9zaXRlLXBhY2thZ2VzL2Zhc3RhcGkvbWlkZGxld2FyZS9hc3luY2V4aXRzdGFjay5weSIsIGxpbmUgMTgsIGluIF9fY2FsbF9fCiAgICB8ICAgICBhd2FpdCBzZWxmLmFwcChz
2026-09-10T03:32:04.1814209Z GO_EVIDENCE_B64 Y29wZSwgcmVjZWl2ZSwgc2VuZCkKICAgIHwgICBGaWxlICIvaG9tZS9ydW5uZXIvd29yay9HTy9HTy9pc29sYXRlZC1ydW50aW1lL2xpYi9weXRob24zLjEzL3NpdGUtcGFja2FnZXMvc3RhcmxldHRlL3JvdXRpbmcucHkiLCBsaW5lIDcxNiwgaW4gX19jYWxsX18KICAgIHwgICAgIGF3YWl0IHNlbGYubWlkZGxld2FyZV9zdGFjayhzY29wZSwgcmVjZWl2ZSwgc2VuZCkKICAgIHwgICBGaWxlICIvaG9tZS9ydW5uZXIvd29yay9HTy9HTy9pc29sYXRlZC1ydW50aW1lL2xpYi9weXRob24zLjEzL3NpdGUtcGFja2FnZXMvc3Rhcmxl
2026-09-10T03:32:04.1820125Z GO_EVIDENCE_B64 dHRlL3JvdXRpbmcucHkiLCBsaW5lIDczNiwgaW4gYXBwCiAgICB8ICAgICBhd2FpdCByb3V0ZS5oYW5kbGUoc2NvcGUsIHJlY2VpdmUsIHNlbmQpCiAgICB8ICAgRmlsZSAiL2hvbWUvcnVubmVyL3dvcmsvR08vR08vaXNvbGF0ZWQtcnVudGltZS9saWIvcHl0aG9uMy4xMy9zaXRlLXBhY2thZ2VzL3N0YXJsZXR0ZS9yb3V0aW5nLnB5IiwgbGluZSAyOTAsIGluIGhhbmRsZQogICAgfCAgICAgYXdhaXQgc2VsZi5hcHAoc2NvcGUsIHJlY2VpdmUsIHNlbmQpCiAgICB8ICAgRmlsZSAiL2hvbWUvcnVubmVyL3dvcmsvR08vR08vaXNv
2026-09-10T03:32:04.1825936Z GO_EVIDENCE_B64 bGF0ZWQtcnVudGltZS9saWIvcHl0aG9uMy4xMy9zaXRlLXBhY2thZ2VzL2Zhc3RhcGkvcm91dGluZy5weSIsIGxpbmUgMTE1LCBpbiBhcHAKICAgIHwgICAgIGF3YWl0IHdyYXBfYXBwX2hhbmRsaW5nX2V4Y2VwdGlvbnMoYXBwLCByZXF1ZXN0KShzY29wZSwgcmVjZWl2ZSwgc2VuZCkKICAgIHwgICBGaWxlICIvaG9tZS9ydW5uZXIvd29yay9HTy9HTy9pc29sYXRlZC1ydW50aW1lL2xpYi9weXRob24zLjEzL3NpdGUtcGFja2FnZXMvc3RhcmxldHRlL19leGNlcHRpb25faGFuZGxlci5weSIsIGxpbmUgNTMsIGluIHdyYXBwZWRf
2026-09-10T03:32:04.1831767Z GO_EVIDENCE_B64 YXBwCiAgICB8ICAgICByYWlzZSBleGMKICAgIHwgICBGaWxlICIvaG9tZS9ydW5uZXIvd29yay9HTy9HTy9pc29sYXRlZC1ydW50aW1lL2xpYi9weXRob24zLjEzL3NpdGUtcGFja2FnZXMvc3RhcmxldHRlL19leGNlcHRpb25faGFuZGxlci5weSIsIGxpbmUgNDIsIGluIHdyYXBwZWRfYXBwCiAgICB8ICAgICBhd2FpdCBhcHAoc2NvcGUsIHJlY2VpdmUsIHNlbmRlcikKICAgIHwgICBGaWxlICIvaG9tZS9ydW5uZXIvd29yay9HTy9HTy9pc29sYXRlZC1ydW50aW1lL2xpYi9weXRob24zLjEzL3NpdGUtcGFja2FnZXMvZmFzdGFw
2026-09-10T03:32:04.1837532Z GO_EVIDENCE_B64 aS9yb3V0aW5nLnB5IiwgbGluZSAxMDEsIGluIGFwcAogICAgfCAgICAgcmVzcG9uc2UgPSBhd2FpdCBmKHJlcXVlc3QpCiAgICB8ICAgICAgICAgICAgICAgIF5eXl5eXl5eXl5eXl5eXl4KICAgIHwgICBGaWxlICIvaG9tZS9ydW5uZXIvd29yay9HTy9HTy9pc29sYXRlZC1ydW50aW1lL2xpYi9weXRob24zLjEzL3NpdGUtcGFja2FnZXMvZmFzdGFwaS9yb3V0aW5nLnB5IiwgbGluZSAzNTUsIGluIGFwcAogICAgfCAgICAgcmF3X3Jlc3BvbnNlID0gYXdhaXQgcnVuX2VuZHBvaW50X2Z1bmN0aW9uKAogICAgfCAgICAgICAgICAg
2026-09-10T03:32:04.1843214Z GO_EVIDENCE_B64 ICAgICAgICAgXl5eXl5eXl5eXl5eXl5eXl5eXl5eXl5eXl5eXgogICAgfCAgICAgLi4uJmx0OzMgbGluZXMmZ3Q7Li4uCiAgICB8ICAgICApCiAgICB8ICAgICBeCiAgICB8ICAgRmlsZSAiL2hvbWUvcnVubmVyL3dvcmsvR08vR08vaXNvbGF0ZWQtcnVudGltZS9saWIvcHl0aG9uMy4xMy9zaXRlLXBhY2thZ2VzL2Zhc3RhcGkvcm91dGluZy5weSIsIGxpbmUgMjQ1LCBpbiBydW5fZW5kcG9pbnRfZnVuY3Rpb24KICAgIHwgICAgIHJldHVybiBhd2FpdCBydW5faW5fdGhyZWFkcG9vbChkZXBlbmRhbnQuY2FsbCwgKip2YWx1ZXMp
2026-09-10T03:32:04.1848936Z GO_EVIDENCE_B64 CiAgICB8ICAgICAgICAgICAgXl5eXl5eXl5eXl5eXl5eXl5eXl5eXl5eXl5eXl5eXl5eXl5eXl5eXl5eXl5eXl5eXgogICAgfCAgIEZpbGUgIi9ob21lL3J1bm5lci93b3JrL0dPL0dPL2lzb2xhdGVkLXJ1bnRpbWUvbGliL3B5dGhvbjMuMTMvc2l0ZS1wYWNrYWdlcy9zdGFybGV0dGUvY29uY3VycmVuY3kucHkiLCBsaW5lIDMyLCBpbiBydW5faW5fdGhyZWFkcG9vbAogICAgfCAgICAgcmV0dXJuIGF3YWl0IGFueWlvLnRvX3RocmVhZC5ydW5fc3luYyhmdW5jKQogICAgfCAgICAgICAgICAgIF5eXl5eXl5eXl5eXl5eXl5eXl5e
2026-09-10T03:32:04.1854485Z GO_EVIDENCE_B64 Xl5eXl5eXl5eXl5eXl5eXgogICAgfCAgIEZpbGUgIi9ob21lL3J1bm5lci93b3JrL0dPL0dPL2lzb2xhdGVkLXJ1bnRpbWUvbGliL3B5dGhvbjMuMTMvc2l0ZS1wYWNrYWdlcy9hbnlpby90b190aHJlYWQucHkiLCBsaW5lIDYzLCBpbiBydW5fc3luYwogICAgfCAgICAgcmV0dXJuIGF3YWl0IGdldF9hc3luY19iYWNrZW5kKCkucnVuX3N5bmNfaW5fd29ya2VyX3RocmVhZCgKICAgIHwgICAgICAgICAgICBeXl5eXl5eXl5eXl5eXl5eXl5eXl5eXl5eXl5eXl5eXl5eXl5eXl5eXl5eXl5eXl5eXl5eCiAgICB8ICAgICAgICAgZnVu
2026-09-10T03:32:04.1860168Z GO_EVIDENCE_B64 YywgYXJncywgYWJhbmRvbl9vbl9jYW5jZWw9YWJhbmRvbl9vbl9jYW5jZWwsIGxpbWl0ZXI9bGltaXRlcgogICAgfCAgICAgICAgIF5eXl5eXl5eXl5eXl5eXl5eXl5eXl5eXl5eXl5eXl5eXl5eXl5eXl5eXl5eXl5eXl5eXl5eXl5eXl5eXl5eXl4KICAgIHwgICAgICkKICAgIHwgICAgIF4KICAgIHwgICBGaWxlICIvaG9tZS9ydW5uZXIvd29yay9HTy9HTy9pc29sYXRlZC1ydW50aW1lL2xpYi9weXRob24zLjEzL3NpdGUtcGFja2FnZXMvYW55aW8vX2JhY2tlbmRzL19hc3luY2lvLnB5IiwgbGluZSAyNTE4LCBpbiBydW5fc3lu
2026-09-10T03:32:04.1865893Z GO_EVIDENCE_B64 Y19pbl93b3JrZXJfdGhyZWFkCiAgICB8ICAgICByZXR1cm4gYXdhaXQgZnV0dXJlCiAgICB8ICAgICAgICAgICAgXl5eXl5eXl5eXl5eCiAgICB8ICAgRmlsZSAiL2hvbWUvcnVubmVyL3dvcmsvR08vR08vaXNvbGF0ZWQtcnVudGltZS9saWIvcHl0aG9uMy4xMy9zaXRlLXBhY2thZ2VzL2FueWlvL19iYWNrZW5kcy9fYXN5bmNpby5weSIsIGxpbmUgMTAwMiwgaW4gcnVuCiAgICB8ICAgICByZXN1bHQgPSBjb250ZXh0LnJ1bihmdW5jLCAqYXJncykKICAgIHwgICBGaWxlICIvaG9tZS9ydW5uZXIvd29yay9HTy9HTy9yZXN0b3Jl
2026-09-10T03:32:04.1871689Z GO_EVIDENCE_B64 ZC9zcmMvZ29faG90ZWwvYXBpL3JvdXRlcy9tb2JpbGUucHkiLCBsaW5lIDk2LCBpbiBtb2JpbGVfZXhpc3RpbmdfY2FuY2VsX3F1b3RlCiAgICB8ICAgICB3aXRoIFNlc3Npb25Mb2NhbCgpIGFzIHM6CiAgICB8ICAgICAgICAgIF5eXl5eXl5eXl5eXgogICAgfCBOYW1lRXJyb3I6IG5hbWUgJ1Nlc3Npb25Mb2NhbCcgaXMgbm90IGRlZmluZWQKICAgICstLS0tLS0tLS0tLS0tLS0tLS0tLS0tLS0tLS0tLS0tLS0tLS0KClRoZSBhYm92ZSBleGNlcHRpb24gd2FzIHRoZSBkaXJlY3QgY2F1c2Ugb2YgdGhlIGZvbGxvd2luZyBleGNl
2026-09-10T03:32:04.1877419Z GO_EVIDENCE_B64 cHRpb246CgpUcmFjZWJhY2sgKG1vc3QgcmVjZW50IGNhbGwgbGFzdCk6CiAgRmlsZSAiL2hvbWUvcnVubmVyL3dvcmsvR08vR08vcmVzdG9yZWQvdGVzdHMvdGVzdF9kZXB0aDM0X2hvdGVsX3F1b3RlX3JlYWQucHkiLCBsaW5lIDQzLCBpbiB0ZXN0X2NvcnJ1cHRlZF9zdG9yZWRfcXVvdGVfY2Fubm90X2JlX3JlYWRfYXNfY3VzdG9tZXJfdGVybXMKICAgIHI9Y2xpZW50LmdldChmJy92MS9tb2JpbGUvb3JkZXJzL3tvaWR9L2NhbmNlbGxhdGlvbi1xdW90ZXMve3FbInF1b3RlX2lkIl19JyxoZWFkZXJzPWgpCiAgRmlsZSAiL2hv
2026-09-10T03:32:04.1883201Z GO_EVIDENCE_B64 bWUvcnVubmVyL3dvcmsvR08vR08vaXNvbGF0ZWQtcnVudGltZS9saWIvcHl0aG9uMy4xMy9zaXRlLXBhY2thZ2VzL3N0YXJsZXR0ZS90ZXN0Y2xpZW50LnB5IiwgbGluZSA0NzMsIGluIGdldAogICAgcmV0dXJuIHN1cGVyKCkuZ2V0KAogICAgICAgICAgIH5+fn5+fn5+fn5+XgogICAgICAgIHVybCwKICAgICAgICBeXl5eCiAgICAuLi4mbHQ7NiBsaW5lcyZndDsuLi4KICAgICAgICBleHRlbnNpb25zPWV4dGVuc2lvbnMsCiAgICAgICAgXl5eXl5eXl5eXl5eXl5eXl5eXl5eXgogICAgKQogICAgXgogIEZpbGUgIi9ob21lL3J1
2026-09-10T03:32:04.1888955Z GO_EVIDENCE_B64 bm5lci93b3JrL0dPL0dPL2lzb2xhdGVkLXJ1bnRpbWUvbGliL3B5dGhvbjMuMTMvc2l0ZS1wYWNrYWdlcy9odHRweC9fY2xpZW50LnB5IiwgbGluZSAxMDUzLCBpbiBnZXQKICAgIHJldHVybiBzZWxmLnJlcXVlc3QoCiAgICAgICAgICAgfn5+fn5+fn5+fn5+XgogICAgICAgICJHRVQiLAogICAgICAgIF5eXl5eXgogICAgLi4uJmx0OzcgbGluZXMmZ3Q7Li4uCiAgICAgICAgZXh0ZW5zaW9ucz1leHRlbnNpb25zLAogICAgICAgIF5eXl5eXl5eXl5eXl5eXl5eXl5eXl4KICAgICkKICAgIF4KICBGaWxlICIvaG9tZS9ydW5uZXIv
2026-09-10T03:32:04.1894576Z GO_EVIDENCE_B64 d29yay9HTy9HTy9pc29sYXRlZC1ydW50aW1lL2xpYi9weXRob24zLjEzL3NpdGUtcGFja2FnZXMvc3RhcmxldHRlL3Rlc3RjbGllbnQucHkiLCBsaW5lIDQ0NSwgaW4gcmVxdWVzdAogICAgcmV0dXJuIHN1cGVyKCkucmVxdWVzdCgKICAgICAgICAgICB+fn5+fn5+fn5+fn5+fn5eCiAgICAgICAgbWV0aG9kLAogICAgICAgIF5eXl5eXl4KICAgIC4uLiZsdDsxMSBsaW5lcyZndDsuLi4KICAgICAgICBleHRlbnNpb25zPWV4dGVuc2lvbnMsCiAgICAgICAgXl5eXl5eXl5eXl5eXl5eXl5eXl5eXgogICAgKQogICAgXgogIEZpbGUg
2026-09-10T03:32:04.1900321Z GO_EVIDENCE_B64 Ii9ob21lL3J1bm5lci93b3JrL0dPL0dPL2lzb2xhdGVkLXJ1bnRpbWUvbGliL3B5dGhvbjMuMTMvc2l0ZS1wYWNrYWdlcy9odHRweC9fY2xpZW50LnB5IiwgbGluZSA4MjUsIGluIHJlcXVlc3QKICAgIHJldHVybiBzZWxmLnNlbmQocmVxdWVzdCwgYXV0aD1hdXRoLCBmb2xsb3dfcmVkaXJlY3RzPWZvbGxvd19yZWRpcmVjdHMpCiAgICAgICAgICAgfn5+fn5+fn5+Xl5eXl5eXl5eXl5eXl5eXl5eXl5eXl5eXl5eXl5eXl5eXl5eXl5eXl5eXl5eXl5eXl5eXl5eXgogIEZpbGUgIi9ob21lL3J1bm5lci93b3JrL0dPL0dPL2lzb2xh
2026-09-10T03:32:04.1906028Z GO_EVIDENCE_B64 dGVkLXJ1bnRpbWUvbGliL3B5dGhvbjMuMTMvc2l0ZS1wYWNrYWdlcy9odHRweC9fY2xpZW50LnB5IiwgbGluZSA5MTQsIGluIHNlbmQKICAgIHJlc3BvbnNlID0gc2VsZi5fc2VuZF9oYW5kbGluZ19hdXRoKAogICAgICAgIHJlcXVlc3QsCiAgICAuLi4mbHQ7MiBsaW5lcyZndDsuLi4KICAgICAgICBoaXN0b3J5PVtdLAogICAgKQogIEZpbGUgIi9ob21lL3J1bm5lci93b3JrL0dPL0dPL2lzb2xhdGVkLXJ1bnRpbWUvbGliL3B5dGhvbjMuMTMvc2l0ZS1wYWNrYWdlcy9odHRweC9fY2xpZW50LnB5IiwgbGluZSA5NDIsIGluIF9z
2026-09-10T03:32:04.1911714Z GO_EVIDENCE_B64 ZW5kX2hhbmRsaW5nX2F1dGgKICAgIHJlc3BvbnNlID0gc2VsZi5fc2VuZF9oYW5kbGluZ19yZWRpcmVjdHMoCiAgICAgICAgcmVxdWVzdCwKICAgICAgICBmb2xsb3dfcmVkaXJlY3RzPWZvbGxvd19yZWRpcmVjdHMsCiAgICAgICAgaGlzdG9yeT1oaXN0b3J5LAogICAgKQogIEZpbGUgIi9ob21lL3J1bm5lci93b3JrL0dPL0dPL2lzb2xhdGVkLXJ1bnRpbWUvbGliL3B5dGhvbjMuMTMvc2l0ZS1wYWNrYWdlcy9odHRweC9fY2xpZW50LnB5IiwgbGluZSA5NzksIGluIF9zZW5kX2hhbmRsaW5nX3JlZGlyZWN0cwogICAgcmVzcG9u
2026-09-10T03:32:04.1917449Z GO_EVIDENCE_B64 c2UgPSBzZWxmLl9zZW5kX3NpbmdsZV9yZXF1ZXN0KHJlcXVlc3QpCiAgRmlsZSAiL2hvbWUvcnVubmVyL3dvcmsvR08vR08vaXNvbGF0ZWQtcnVudGltZS9saWIvcHl0aG9uMy4xMy9zaXRlLXBhY2thZ2VzL2h0dHB4L19jbGllbnQucHkiLCBsaW5lIDEwMTQsIGluIF9zZW5kX3NpbmdsZV9yZXF1ZXN0CiAgICByZXNwb25zZSA9IHRyYW5zcG9ydC5oYW5kbGVfcmVxdWVzdChyZXF1ZXN0KQogIEZpbGUgIi9ob21lL3J1bm5lci93b3JrL0dPL0dPL2lzb2xhdGVkLXJ1bnRpbWUvbGliL3B5dGhvbjMuMTMvc2l0ZS1wYWNrYWdlcy9z
2026-09-10T03:32:04.1923273Z GO_EVIDENCE_B64 dGFybGV0dGUvdGVzdGNsaWVudC5weSIsIGxpbmUgMzQ4LCBpbiBoYW5kbGVfcmVxdWVzdAogICAgcmFpc2UgZXhjCiAgRmlsZSAiL2hvbWUvcnVubmVyL3dvcmsvR08vR08vaXNvbGF0ZWQtcnVudGltZS9saWIvcHl0aG9uMy4xMy9zaXRlLXBhY2thZ2VzL3N0YXJsZXR0ZS90ZXN0Y2xpZW50LnB5IiwgbGluZSAzNDUsIGluIGhhbmRsZV9yZXF1ZXN0CiAgICBwb3J0YWwuY2FsbChzZWxmLmFwcCwgc2NvcGUsIHJlY2VpdmUsIHNlbmQpCiAgICB+fn5+fn5+fn5+fl5eXl5eXl5eXl5eXl5eXl5eXl5eXl5eXl5eXl5eXl5eCiAgRmls
2026-09-10T03:32:04.1929026Z GO_EVIDENCE_B64 ZSAiL2hvbWUvcnVubmVyL3dvcmsvR08vR08vaXNvbGF0ZWQtcnVudGltZS9saWIvcHl0aG9uMy4xMy9zaXRlLXBhY2thZ2VzL2FueWlvL2Zyb21fdGhyZWFkLnB5IiwgbGluZSAzMzQsIGluIGNhbGwKICAgIHJldHVybiBjYXN0KFRfUmV0dmFsLCBzZWxmLnN0YXJ0X3Rhc2tfc29vbihmdW5jLCAqYXJncykucmVzdWx0KCkpCiAgICAgICAgICAgICAgICAgICAgICAgICAgfn5+fn5+fn5+fn5+fn5+fn5+fn5+fn5+fn5+fn5+fn5+fn5+fn5+fl5eCiAgRmlsZSAiL29wdC9ob3N0ZWR0b29sY2FjaGUvUHl0aG9uLzMuMTMuNS94NjQv
2026-09-10T03:32:04.1934745Z GO_EVIDENCE_B64 bGliL3B5dGhvbjMuMTMvY29uY3VycmVudC9mdXR1cmVzL19iYXNlLnB5IiwgbGluZSA0NTYsIGluIHJlc3VsdAogICAgcmV0dXJuIHNlbGYuX19nZXRfcmVzdWx0KCkKICAgICAgICAgICB+fn5+fn5+fn5+fn5+fn5+fl5eCiAgRmlsZSAiL29wdC9ob3N0ZWR0b29sY2FjaGUvUHl0aG9uLzMuMTMuNS94NjQvbGliL3B5dGhvbjMuMTMvY29uY3VycmVudC9mdXR1cmVzL19iYXNlLnB5IiwgbGluZSA0MDEsIGluIF9fZ2V0X3Jlc3VsdAogICAgcmFpc2Ugc2VsZi5fZXhjZXB0aW9uCiAgRmlsZSAiL2hvbWUvcnVubmVyL3dvcmsvR08v
2026-09-10T03:32:04.1940452Z GO_EVIDENCE_B64 R08vaXNvbGF0ZWQtcnVudGltZS9saWIvcHl0aG9uMy4xMy9zaXRlLXBhY2thZ2VzL2FueWlvL2Zyb21fdGhyZWFkLnB5IiwgbGluZSAyNTksIGluIF9jYWxsX2Z1bmMKICAgIHJldHZhbCA9IGF3YWl0IHJldHZhbF9vcl9hd2FpdGFibGUKICAgICAgICAgICAgIF5eXl5eXl5eXl5eXl5eXl5eXl5eXl5eXl4KICBGaWxlICIvaG9tZS9ydW5uZXIvd29yay9HTy9HTy9pc29sYXRlZC1ydW50aW1lL2xpYi9weXRob24zLjEzL3NpdGUtcGFja2FnZXMvZmFzdGFwaS9hcHBsaWNhdGlvbnMucHkiLCBsaW5lIDExMzgsIGluIF9fY2FsbF9f
2026-09-10T03:32:04.1946210Z GO_EVIDENCE_B64 CiAgICBhd2FpdCBzdXBlcigpLl9fY2FsbF9fKHNjb3BlLCByZWNlaXZlLCBzZW5kKQogIEZpbGUgIi9ob21lL3J1bm5lci93b3JrL0dPL0dPL2lzb2xhdGVkLXJ1bnRpbWUvbGliL3B5dGhvbjMuMTMvc2l0ZS1wYWNrYWdlcy9zdGFybGV0dGUvYXBwbGljYXRpb25zLnB5IiwgbGluZSAxMDcsIGluIF9fY2FsbF9fCiAgICBhd2FpdCBzZWxmLm1pZGRsZXdhcmVfc3RhY2soc2NvcGUsIHJlY2VpdmUsIHNlbmQpCiAgRmlsZSAiL2hvbWUvcnVubmVyL3dvcmsvR08vR08vaXNvbGF0ZWQtcnVudGltZS9saWIvcHl0aG9uMy4xMy9zaXRl
2026-09-10T03:32:04.1951893Z GO_EVIDENCE_B64 LXBhY2thZ2VzL3N0YXJsZXR0ZS9taWRkbGV3YXJlL2Vycm9ycy5weSIsIGxpbmUgMTg2LCBpbiBfX2NhbGxfXwogICAgcmFpc2UgZXhjCiAgRmlsZSAiL2hvbWUvcnVubmVyL3dvcmsvR08vR08vaXNvbGF0ZWQtcnVudGltZS9saWIvcHl0aG9uMy4xMy9zaXRlLXBhY2thZ2VzL3N0YXJsZXR0ZS9taWRkbGV3YXJlL2Vycm9ycy5weSIsIGxpbmUgMTY0LCBpbiBfX2NhbGxfXwogICAgYXdhaXQgc2VsZi5hcHAoc2NvcGUsIHJlY2VpdmUsIF9zZW5kKQogIEZpbGUgIi9ob21lL3J1bm5lci93b3JrL0dPL0dPL2lzb2xhdGVkLXJ1bnRp
2026-09-10T03:32:04.1957635Z GO_EVIDENCE_B64 bWUvbGliL3B5dGhvbjMuMTMvc2l0ZS1wYWNrYWdlcy9zdGFybGV0dGUvbWlkZGxld2FyZS9iYXNlLnB5IiwgbGluZSAxOTEsIGluIF9fY2FsbF9fCiAgICB3aXRoIHJlY3Zfc3RyZWFtLCBzZW5kX3N0cmVhbSwgY29sbGFwc2VfZXhjZ3JvdXBzKCk6CiAgICAgICAgICAgICAgICAgICAgICAgICAgICAgICAgICAgfn5+fn5+fn5+fn5+fn5+fn5+Xl4KICBGaWxlICIvb3B0L2hvc3RlZHRvb2xjYWNoZS9QeXRob24vMy4xMy41L3g2NC9saWIvcHl0aG9uMy4xMy9jb250ZXh0bGliLnB5IiwgbGluZSAxNjIsIGluIF9fZXhpdF9fCiAg
2026-09-10T03:32:04.1963199Z GO_EVIDENCE_B64 ICBzZWxmLmdlbi50aHJvdyh2YWx1ZSkKICAgIH5+fn5+fn5+fn5+fn5+Xl5eXl5eXgogIEZpbGUgIi9ob21lL3J1bm5lci93b3JrL0dPL0dPL2lzb2xhdGVkLXJ1bnRpbWUvbGliL3B5dGhvbjMuMTMvc2l0ZS1wYWNrYWdlcy9zdGFybGV0dGUvX3V0aWxzLnB5IiwgbGluZSA4NSwgaW4gY29sbGFwc2VfZXhjZ3JvdXBzCiAgICByYWlzZSBleGMKICBGaWxlICIvaG9tZS9ydW5uZXIvd29yay9HTy9HTy9pc29sYXRlZC1ydW50aW1lL2xpYi9weXRob24zLjEzL3NpdGUtcGFja2FnZXMvc3RhcmxldHRlL21pZGRsZXdhcmUvYmFzZS5w
2026-09-10T03:32:04.1968879Z GO_EVIDENCE_B64 eSIsIGxpbmUgMTkzLCBpbiBfX2NhbGxfXwogICAgcmVzcG9uc2UgPSBhd2FpdCBzZWxmLmRpc3BhdGNoX2Z1bmMocmVxdWVzdCwgY2FsbF9uZXh0KQogICAgICAgICAgICAgICBeXl5eXl5eXl5eXl5eXl5eXl5eXl5eXl5eXl5eXl5eXl5eXl5eXl5eXl5eXgogIEZpbGUgIi9ob21lL3J1bm5lci93b3JrL0dPL0dPL3Jlc3RvcmVkL3NyYy9nb19ob3RlbC9tYWluLnB5IiwgbGluZSAyODIsIGluIGRpc3BhdGNoCiAgICByZXNwb25zZT1hd2FpdCBjYWxsX25leHQocmVxdWVzdCkKICAgICAgICAgICAgIF5eXl5eXl5eXl5eXl5eXl5e
2026-09-10T03:32:04.1974487Z GO_EVIDENCE_B64 Xl5eXl5eXgogIEZpbGUgIi9ob21lL3J1bm5lci93b3JrL0dPL0dPL2lzb2xhdGVkLXJ1bnRpbWUvbGliL3B5dGhvbjMuMTMvc2l0ZS1wYWNrYWdlcy9zdGFybGV0dGUvbWlkZGxld2FyZS9iYXNlLnB5IiwgbGluZSAxNjgsIGluIGNhbGxfbmV4dAogICAgcmFpc2UgYXBwX2V4YyBmcm9tIGFwcF9leGMuX19jYXVzZV9fIG9yIGFwcF9leGMuX19jb250ZXh0X18KICBGaWxlICIvaG9tZS9ydW5uZXIvd29yay9HTy9HTy9pc29sYXRlZC1ydW50aW1lL2xpYi9weXRob24zLjEzL3NpdGUtcGFja2FnZXMvc3RhcmxldHRlL21pZGRsZXdh
2026-09-10T03:32:04.1980323Z GO_EVIDENCE_B64 cmUvYmFzZS5weSIsIGxpbmUgMTQ0LCBpbiBjb3JvCiAgICBhd2FpdCBzZWxmLmFwcChzY29wZSwgcmVjZWl2ZV9vcl9kaXNjb25uZWN0LCBzZW5kX25vX2Vycm9yKQogIEZpbGUgIi9ob21lL3J1bm5lci93b3JrL0dPL0dPL2lzb2xhdGVkLXJ1bnRpbWUvbGliL3B5dGhvbjMuMTMvc2l0ZS1wYWNrYWdlcy9zdGFybGV0dGUvbWlkZGxld2FyZS9iYXNlLnB5IiwgbGluZSAxOTEsIGluIF9fY2FsbF9fCiAgICB3aXRoIHJlY3Zfc3RyZWFtLCBzZW5kX3N0cmVhbSwgY29sbGFwc2VfZXhjZ3JvdXBzKCk6CiAgICAgICAgICAgICAgICAg
2026-09-10T03:32:04.1985982Z GO_EVIDENCE_B64 ICAgICAgICAgICAgICAgICAgfn5+fn5+fn5+fn5+fn5+fn5+Xl4KICBGaWxlICIvb3B0L2hvc3RlZHRvb2xjYWNoZS9QeXRob24vMy4xMy41L3g2NC9saWIvcHl0aG9uMy4xMy9jb250ZXh0bGliLnB5IiwgbGluZSAxNjIsIGluIF9fZXhpdF9fCiAgICBzZWxmLmdlbi50aHJvdyh2YWx1ZSkKICAgIH5+fn5+fn5+fn5+fn5+Xl5eXl5eXgogIEZpbGUgIi9ob21lL3J1bm5lci93b3JrL0dPL0dPL2lzb2xhdGVkLXJ1bnRpbWUvbGliL3B5dGhvbjMuMTMvc2l0ZS1wYWNrYWdlcy9zdGFybGV0dGUvX3V0aWxzLnB5IiwgbGluZSA4NSwg
2026-09-10T03:32:04.1991686Z GO_EVIDENCE_B64 aW4gY29sbGFwc2VfZXhjZ3JvdXBzCiAgICByYWlzZSBleGMKICBGaWxlICIvaG9tZS9ydW5uZXIvd29yay9HTy9HTy9pc29sYXRlZC1ydW50aW1lL2xpYi9weXRob24zLjEzL3NpdGUtcGFja2FnZXMvc3RhcmxldHRlL21pZGRsZXdhcmUvYmFzZS5weSIsIGxpbmUgMTkzLCBpbiBfX2NhbGxfXwogICAgcmVzcG9uc2UgPSBhd2FpdCBzZWxmLmRpc3BhdGNoX2Z1bmMocmVxdWVzdCwgY2FsbF9uZXh0KQogICAgICAgICAgICAgICBeXl5eXl5eXl5eXl5eXl5eXl5eXl5eXl5eXl5eXl5eXl5eXl5eXl5eXl5eXgogIEZpbGUgIi9ob21l
2026-09-10T03:32:04.1997445Z GO_EVIDENCE_B64 L3J1bm5lci93b3JrL0dPL0dPL3Jlc3RvcmVkL3NyYy9nb19ob3RlbC9tYWluLnB5IiwgbGluZSAyNTMsIGluIGRpc3BhdGNoCiAgICByZXNwb25zZT1hd2FpdCBjYWxsX25leHQocmVxdWVzdCkKICAgICAgICAgICAgIF5eXl5eXl5eXl5eXl5eXl5eXl5eXl5eXgogIEZpbGUgIi9ob21lL3J1bm5lci93b3JrL0dPL0dPL2lzb2xhdGVkLXJ1bnRpbWUvbGliL3B5dGhvbjMuMTMvc2l0ZS1wYWNrYWdlcy9zdGFybGV0dGUvbWlkZGxld2FyZS9iYXNlLnB5IiwgbGluZSAxNjgsIGluIGNhbGxfbmV4dAogICAgcmFpc2UgYXBwX2V4YyBm
2026-09-10T03:32:04.2002984Z GO_EVIDENCE_B64 cm9tIGFwcF9leGMuX19jYXVzZV9fIG9yIGFwcF9leGMuX19jb250ZXh0X18KICBGaWxlICIvaG9tZS9ydW5uZXIvd29yay9HTy9HTy9pc29sYXRlZC1ydW50aW1lL2xpYi9weXRob24zLjEzL3NpdGUtcGFja2FnZXMvc3RhcmxldHRlL21pZGRsZXdhcmUvYmFzZS5weSIsIGxpbmUgMTQ0LCBpbiBjb3JvCiAgICBhd2FpdCBzZWxmLmFwcChzY29wZSwgcmVjZWl2ZV9vcl9kaXNjb25uZWN0LCBzZW5kX25vX2Vycm9yKQogIEZpbGUgIi9ob21lL3J1bm5lci93b3JrL0dPL0dPL2lzb2xhdGVkLXJ1bnRpbWUvbGliL3B5dGhvbjMuMTMv
2026-09-10T03:32:04.2008785Z GO_EVIDENCE_B64 c2l0ZS1wYWNrYWdlcy9zdGFybGV0dGUvbWlkZGxld2FyZS9iYXNlLnB5IiwgbGluZSAxOTEsIGluIF9fY2FsbF9fCiAgICB3aXRoIHJlY3Zfc3RyZWFtLCBzZW5kX3N0cmVhbSwgY29sbGFwc2VfZXhjZ3JvdXBzKCk6CiAgICAgICAgICAgICAgICAgICAgICAgICAgICAgICAgICAgfn5+fn5+fn5+fn5+fn5+fn5+Xl4KICBGaWxlICIvb3B0L2hvc3RlZHRvb2xjYWNoZS9QeXRob24vMy4xMy41L3g2NC9saWIvcHl0aG9uMy4xMy9jb250ZXh0bGliLnB5IiwgbGluZSAxNjIsIGluIF9fZXhpdF9fCiAgICBzZWxmLmdlbi50aHJvdyh2
2026-09-10T03:32:04.2014326Z GO_EVIDENCE_B64 YWx1ZSkKICAgIH5+fn5+fn5+fn5+fn5+Xl5eXl5eXgogIEZpbGUgIi9ob21lL3J1bm5lci93b3JrL0dPL0dPL2lzb2xhdGVkLXJ1bnRpbWUvbGliL3B5dGhvbjMuMTMvc2l0ZS1wYWNrYWdlcy9zdGFybGV0dGUvX3V0aWxzLnB5IiwgbGluZSA4NSwgaW4gY29sbGFwc2VfZXhjZ3JvdXBzCiAgICByYWlzZSBleGMKICBGaWxlICIvaG9tZS9ydW5uZXIvd29yay9HTy9HTy9pc29sYXRlZC1ydW50aW1lL2xpYi9weXRob24zLjEzL3NpdGUtcGFja2FnZXMvc3RhcmxldHRlL21pZGRsZXdhcmUvYmFzZS5weSIsIGxpbmUgMTkzLCBpbiBf
2026-09-10T03:32:04.2019989Z GO_EVIDENCE_B64 X2NhbGxfXwogICAgcmVzcG9uc2UgPSBhd2FpdCBzZWxmLmRpc3BhdGNoX2Z1bmMocmVxdWVzdCwgY2FsbF9uZXh0KQogICAgICAgICAgICAgICBeXl5eXl5eXl5eXl5eXl5eXl5eXl5eXl5eXl5eXl5eXl5eXl5eXl5eXl5eXgogIEZpbGUgIi9ob21lL3J1bm5lci93b3JrL0dPL0dPL3Jlc3RvcmVkL3NyYy9nb19ob3RlbC9tYWluLnB5IiwgbGluZSAyMDcsIGluIGRpc3BhdGNoCiAgICByZXNwb25zZT1hd2FpdCBjYWxsX25leHQocmVxdWVzdCkKICAgICAgICAgICAgIF5eXl5eXl5eXl5eXl5eXl5eXl5eXl5eXgogIEZpbGUgIi9o
2026-09-10T03:32:04.2025657Z GO_EVIDENCE_B64 b21lL3J1bm5lci93b3JrL0dPL0dPL2lzb2xhdGVkLXJ1bnRpbWUvbGliL3B5dGhvbjMuMTMvc2l0ZS1wYWNrYWdlcy9zdGFybGV0dGUvbWlkZGxld2FyZS9iYXNlLnB5IiwgbGluZSAxNjgsIGluIGNhbGxfbmV4dAogICAgcmFpc2UgYXBwX2V4YyBmcm9tIGFwcF9leGMuX19jYXVzZV9fIG9yIGFwcF9leGMuX19jb250ZXh0X18KICBGaWxlICIvaG9tZS9ydW5uZXIvd29yay9HTy9HTy9pc29sYXRlZC1ydW50aW1lL2xpYi9weXRob24zLjEzL3NpdGUtcGFja2FnZXMvc3RhcmxldHRlL21pZGRsZXdhcmUvYmFzZS5weSIsIGxpbmUg
2026-09-10T03:32:04.2031383Z GO_EVIDENCE_B64 MTQ0LCBpbiBjb3JvCiAgICBhd2FpdCBzZWxmLmFwcChzY29wZSwgcmVjZWl2ZV9vcl9kaXNjb25uZWN0LCBzZW5kX25vX2Vycm9yKQogIEZpbGUgIi9ob21lL3J1bm5lci93b3JrL0dPL0dPL2lzb2xhdGVkLXJ1bnRpbWUvbGliL3B5dGhvbjMuMTMvc2l0ZS1wYWNrYWdlcy9zdGFybGV0dGUvbWlkZGxld2FyZS9leGNlcHRpb25zLnB5IiwgbGluZSA2MywgaW4gX19jYWxsX18KICAgIGF3YWl0IHdyYXBfYXBwX2hhbmRsaW5nX2V4Y2VwdGlvbnMoc2VsZi5hcHAsIGNvbm4pKHNjb3BlLCByZWNlaXZlLCBzZW5kKQogIEZpbGUgIi9o
2026-09-10T03:32:04.2037053Z GO_EVIDENCE_B64 b21lL3J1bm5lci93b3JrL0dPL0dPL2lzb2xhdGVkLXJ1bnRpbWUvbGliL3B5dGhvbjMuMTMvc2l0ZS1wYWNrYWdlcy9zdGFybGV0dGUvX2V4Y2VwdGlvbl9oYW5kbGVyLnB5IiwgbGluZSA1MywgaW4gd3JhcHBlZF9hcHAKICAgIHJhaXNlIGV4YwogIEZpbGUgIi9ob21lL3J1bm5lci93b3JrL0dPL0dPL2lzb2xhdGVkLXJ1bnRpbWUvbGliL3B5dGhvbjMuMTMvc2l0ZS1wYWNrYWdlcy9zdGFybGV0dGUvX2V4Y2VwdGlvbl9oYW5kbGVyLnB5IiwgbGluZSA0MiwgaW4gd3JhcHBlZF9hcHAKICAgIGF3YWl0IGFwcChzY29wZSwgcmVj
2026-09-10T03:32:04.2043234Z GO_EVIDENCE_B64 ZWl2ZSwgc2VuZGVyKQogIEZpbGUgIi9ob21lL3J1bm5lci93b3JrL0dPL0dPL2lzb2xhdGVkLXJ1bnRpbWUvbGliL3B5dGhvbjMuMTMvc2l0ZS1wYWNrYWdlcy9mYXN0YXBpL21pZGRsZXdhcmUvYXN5bmNleGl0c3RhY2sucHkiLCBsaW5lIDE4LCBpbiBfX2NhbGxfXwogICAgYXdhaXQgc2VsZi5hcHAoc2NvcGUsIHJlY2VpdmUsIHNlbmQpCiAgRmlsZSAiL2hvbWUvcnVubmVyL3dvcmsvR08vR08vaXNvbGF0ZWQtcnVudGltZS9saWIvcHl0aG9uMy4xMy9zaXRlLXBhY2thZ2VzL3N0YXJsZXR0ZS9yb3V0aW5nLnB5IiwgbGluZSA3
2026-09-10T03:32:04.2049124Z GO_EVIDENCE_B64 MTYsIGluIF9fY2FsbF9fCiAgICBhd2FpdCBzZWxmLm1pZGRsZXdhcmVfc3RhY2soc2NvcGUsIHJlY2VpdmUsIHNlbmQpCiAgRmlsZSAiL2hvbWUvcnVubmVyL3dvcmsvR08vR08vaXNvbGF0ZWQtcnVudGltZS9saWIvcHl0aG9uMy4xMy9zaXRlLXBhY2thZ2VzL3N0YXJsZXR0ZS9yb3V0aW5nLnB5IiwgbGluZSA3MzYsIGluIGFwcAogICAgYXdhaXQgcm91dGUuaGFuZGxlKHNjb3BlLCByZWNlaXZlLCBzZW5kKQogIEZpbGUgIi9ob21lL3J1bm5lci93b3JrL0dPL0dPL2lzb2xhdGVkLXJ1bnRpbWUvbGliL3B5dGhvbjMuMTMvc2l0
2026-09-10T03:32:04.2054836Z GO_EVIDENCE_B64 ZS1wYWNrYWdlcy9zdGFybGV0dGUvcm91dGluZy5weSIsIGxpbmUgMjkwLCBpbiBoYW5kbGUKICAgIGF3YWl0IHNlbGYuYXBwKHNjb3BlLCByZWNlaXZlLCBzZW5kKQogIEZpbGUgIi9ob21lL3J1bm5lci93b3JrL0dPL0dPL2lzb2xhdGVkLXJ1bnRpbWUvbGliL3B5dGhvbjMuMTMvc2l0ZS1wYWNrYWdlcy9mYXN0YXBpL3JvdXRpbmcucHkiLCBsaW5lIDExNSwgaW4gYXBwCiAgICBhd2FpdCB3cmFwX2FwcF9oYW5kbGluZ19leGNlcHRpb25zKGFwcCwgcmVxdWVzdCkoc2NvcGUsIHJlY2VpdmUsIHNlbmQpCiAgRmlsZSAiL2hvbWUv
2026-09-10T03:32:04.2060637Z GO_EVIDENCE_B64 cnVubmVyL3dvcmsvR08vR08vaXNvbGF0ZWQtcnVudGltZS9saWIvcHl0aG9uMy4xMy9zaXRlLXBhY2thZ2VzL3N0YXJsZXR0ZS9fZXhjZXB0aW9uX2hhbmRsZXIucHkiLCBsaW5lIDUzLCBpbiB3cmFwcGVkX2FwcAogICAgcmFpc2UgZXhjCiAgRmlsZSAiL2hvbWUvcnVubmVyL3dvcmsvR08vR08vaXNvbGF0ZWQtcnVudGltZS9saWIvcHl0aG9uMy4xMy9zaXRlLXBhY2thZ2VzL3N0YXJsZXR0ZS9fZXhjZXB0aW9uX2hhbmRsZXIucHkiLCBsaW5lIDQyLCBpbiB3cmFwcGVkX2FwcAogICAgYXdhaXQgYXBwKHNjb3BlLCByZWNlaXZl
2026-09-10T03:32:04.2066422Z GO_EVIDENCE_B64 LCBzZW5kZXIpCiAgRmlsZSAiL2hvbWUvcnVubmVyL3dvcmsvR08vR08vaXNvbGF0ZWQtcnVudGltZS9saWIvcHl0aG9uMy4xMy9zaXRlLXBhY2thZ2VzL2Zhc3RhcGkvcm91dGluZy5weSIsIGxpbmUgMTAxLCBpbiBhcHAKICAgIHJlc3BvbnNlID0gYXdhaXQgZihyZXF1ZXN0KQogICAgICAgICAgICAgICBeXl5eXl5eXl5eXl5eXl5eCiAgRmlsZSAiL2hvbWUvcnVubmVyL3dvcmsvR08vR08vaXNvbGF0ZWQtcnVudGltZS9saWIvcHl0aG9uMy4xMy9zaXRlLXBhY2thZ2VzL2Zhc3RhcGkvcm91dGluZy5weSIsIGxpbmUgMzU1LCBp
2026-09-10T03:32:04.2072085Z GO_EVIDENCE_B64 biBhcHAKICAgIHJhd19yZXNwb25zZSA9IGF3YWl0IHJ1bl9lbmRwb2ludF9mdW5jdGlvbigKICAgICAgICAgICAgICAgICAgIF5eXl5eXl5eXl5eXl5eXl5eXl5eXl5eXl5eXl4KICAgIC4uLiZsdDszIGxpbmVzJmd0Oy4uLgogICAgKQogICAgXgogIEZpbGUgIi9ob21lL3J1bm5lci93b3JrL0dPL0dPL2lzb2xhdGVkLXJ1bnRpbWUvbGliL3B5dGhvbjMuMTMvc2l0ZS1wYWNrYWdlcy9mYXN0YXBpL3JvdXRpbmcucHkiLCBsaW5lIDI0NSwgaW4gcnVuX2VuZHBvaW50X2Z1bmN0aW9uCiAgICByZXR1cm4gYXdhaXQgcnVuX2luX3Ro
2026-09-10T03:32:04.2077796Z GO_EVIDENCE_B64 cmVhZHBvb2woZGVwZW5kYW50LmNhbGwsICoqdmFsdWVzKQogICAgICAgICAgIF5eXl5eXl5eXl5eXl5eXl5eXl5eXl5eXl5eXl5eXl5eXl5eXl5eXl5eXl5eXl5eXl4KICBGaWxlICIvaG9tZS9ydW5uZXIvd29yay9HTy9HTy9pc29sYXRlZC1ydW50aW1lL2xpYi9weXRob24zLjEzL3NpdGUtcGFja2FnZXMvc3RhcmxldHRlL2NvbmN1cnJlbmN5LnB5IiwgbGluZSAzMiwgaW4gcnVuX2luX3RocmVhZHBvb2wKICAgIHJldHVybiBhd2FpdCBhbnlpby50b190aHJlYWQucnVuX3N5bmMoZnVuYykKICAgICAgICAgICBeXl5eXl5eXl5e
2026-09-10T03:32:04.2083523Z GO_EVIDENCE_B64 Xl5eXl5eXl5eXl5eXl5eXl5eXl5eXl5eXl4KICBGaWxlICIvaG9tZS9ydW5uZXIvd29yay9HTy9HTy9pc29sYXRlZC1ydW50aW1lL2xpYi9weXRob24zLjEzL3NpdGUtcGFja2FnZXMvYW55aW8vdG9fdGhyZWFkLnB5IiwgbGluZSA2MywgaW4gcnVuX3N5bmMKICAgIHJldHVybiBhd2FpdCBnZXRfYXN5bmNfYmFja2VuZCgpLnJ1bl9zeW5jX2luX3dvcmtlcl90aHJlYWQoCiAgICAgICAgICAgXl5eXl5eXl5eXl5eXl5eXl5eXl5eXl5eXl5eXl5eXl5eXl5eXl5eXl5eXl5eXl5eXl5eXgogICAgICAgIGZ1bmMsIGFyZ3MsIGFiYW5k
2026-09-10T03:32:04.2089145Z GO_EVIDENCE_B64 b25fb25fY2FuY2VsPWFiYW5kb25fb25fY2FuY2VsLCBsaW1pdGVyPWxpbWl0ZXIKICAgICAgICBeXl5eXl5eXl5eXl5eXl5eXl5eXl5eXl5eXl5eXl5eXl5eXl5eXl5eXl5eXl5eXl5eXl5eXl5eXl5eXl5eXl5eCiAgICApCiAgICBeCiAgRmlsZSAiL2hvbWUvcnVubmVyL3dvcmsvR08vR08vaXNvbGF0ZWQtcnVudGltZS9saWIvcHl0aG9uMy4xMy9zaXRlLXBhY2thZ2VzL2FueWlvL19iYWNrZW5kcy9fYXN5bmNpby5weSIsIGxpbmUgMjUxOCwgaW4gcnVuX3N5bmNfaW5fd29ya2VyX3RocmVhZAogICAgcmV0dXJuIGF3YWl0IGZ1
2026-09-10T03:32:04.2094889Z GO_EVIDENCE_B64 dHVyZQogICAgICAgICAgIF5eXl5eXl5eXl5eXgogIEZpbGUgIi9ob21lL3J1bm5lci93b3JrL0dPL0dPL2lzb2xhdGVkLXJ1bnRpbWUvbGliL3B5dGhvbjMuMTMvc2l0ZS1wYWNrYWdlcy9hbnlpby9fYmFja2VuZHMvX2FzeW5jaW8ucHkiLCBsaW5lIDEwMDIsIGluIHJ1bgogICAgcmVzdWx0ID0gY29udGV4dC5ydW4oZnVuYywgKmFyZ3MpCiAgRmlsZSAiL2hvbWUvcnVubmVyL3dvcmsvR08vR08vcmVzdG9yZWQvc3JjL2dvX2hvdGVsL2FwaS9yb3V0ZXMvbW9iaWxlLnB5IiwgbGluZSA5NiwgaW4gbW9iaWxlX2V4aXN0aW5nX2Nh
2026-09-10T03:32:04.2100786Z GO_EVIDENCE_B64 bmNlbF9xdW90ZQogICAgd2l0aCBTZXNzaW9uTG9jYWwoKSBhcyBzOgogICAgICAgICBeXl5eXl5eXl5eXl4KTmFtZUVycm9yOiBuYW1lICdTZXNzaW9uTG9jYWwnIGlzIG5vdCBkZWZpbmVkCgpUaGUgYWJvdmUgZXhjZXB0aW9uIHdhcyB0aGUgZGlyZWN0IGNhdXNlIG9mIHRoZSBmb2xsb3dpbmcgZXhjZXB0aW9uOgoKY2xpZW50ID0gJmx0O3N0YXJsZXR0ZS50ZXN0Y2xpZW50LlRlc3RDbGllbnQgb2JqZWN0IGF0IDB4N2ZiYzA4ZGQyYzEwJmd0OwoKICAgIGRlZiB0ZXN0X2NvcnJ1cHRlZF9zdG9yZWRfcXVvdGVfY2Fubm90X2Jl
2026-09-10T03:32:04.2106574Z GO_EVIDENCE_B64 X3JlYWRfYXNfY3VzdG9tZXJfdGVybXMoY2xpZW50KToKICAgICAgICBoLG9pZD1zaWduZWRfYm9va2luZyhjbGllbnQpO3E9cXVvdGUoY2xpZW50LGgsb2lkKQogICAgICAgIHdpdGggU2Vzc2lvbkxvY2FsLmJlZ2luKCkgYXMgczoKICAgICAgICAgICAgcm93PXMuZ2V0KFF1b3RlLHFbJ3F1b3RlX2lkJ10pO3Jvdy5wYXlsb2FkX2pzb249eyoqcm93LnBheWxvYWRfanNvbiwncmVmdW5kX2Ftb3VudF9taW5vcic6MX0KJmd0OyAgICAgICByPWNsaWVudC5nZXQoZicvdjEvbW9iaWxlL29yZGVycy97b2lkfS9jYW5jZWxsYXRpb24t
2026-09-10T03:32:04.2112193Z GO_EVIDENCE_B64 cXVvdGVzL3txWyJxdW90ZV9pZCJdfScsaGVhZGVycz1oKQogICAgICAgICAgXl5eXl5eXl5eXl5eXl5eXl5eXl5eXl5eXl5eXl5eXl5eXl5eXl5eXl5eXl5eXl5eXl5eXl5eXl5eXl5eXl5eXl5eXl5eXl5eXl5eXl5eXl5eXl5eCgp0ZXN0cy90ZXN0X2RlcHRoMzRfaG90ZWxfcXVvdGVfcmVhZC5weTo0MzogCl8gXyBfIF8gXyBfIF8gXyBfIF8gXyBfIF8gXyBfIF8gXyBfIF8gXyBfIF8gXyBfIF8gXyBfIF8gXyBfIF8gXyBfIF8gXyBfIF8gXyBfIF8gCi4uL2lzb2xhdGVkLXJ1bnRpbWUvbGliL3B5dGhvbjMuMTMvc2l0ZS1wYWNr
2026-09-10T03:32:04.2117916Z GO_EVIDENCE_B64 YWdlcy9zdGFybGV0dGUvdGVzdGNsaWVudC5weTo0NzM6IGluIGdldAogICAgcmV0dXJuIHN1cGVyKCkuZ2V0KAouLi9pc29sYXRlZC1ydW50aW1lL2xpYi9weXRob24zLjEzL3NpdGUtcGFja2FnZXMvaHR0cHgvX2NsaWVudC5weToxMDUzOiBpbiBnZXQKICAgIHJldHVybiBzZWxmLnJlcXVlc3QoCi4uL2lzb2xhdGVkLXJ1bnRpbWUvbGliL3B5dGhvbjMuMTMvc2l0ZS1wYWNrYWdlcy9zdGFybGV0dGUvdGVzdGNsaWVudC5weTo0NDU6IGluIHJlcXVlc3QKICAgIHJldHVybiBzdXBlcigpLnJlcXVlc3QoCi4uL2lzb2xhdGVkLXJ1
2026-09-10T03:32:04.2123586Z GO_EVIDENCE_B64 bnRpbWUvbGliL3B5dGhvbjMuMTMvc2l0ZS1wYWNrYWdlcy9odHRweC9fY2xpZW50LnB5OjgyNTogaW4gcmVxdWVzdAogICAgcmV0dXJuIHNlbGYuc2VuZChyZXF1ZXN0LCBhdXRoPWF1dGgsIGZvbGxvd19yZWRpcmVjdHM9Zm9sbG93X3JlZGlyZWN0cykKICAgICAgICAgICBeXl5eXl5eXl5eXl5eXl5eXl5eXl5eXl5eXl5eXl5eXl5eXl5eXl5eXl5eXl5eXl5eXl5eXl5eXl5eXl5eXl5eCi4uL2lzb2xhdGVkLXJ1bnRpbWUvbGliL3B5dGhvbjMuMTMvc2l0ZS1wYWNrYWdlcy9odHRweC9fY2xpZW50LnB5OjkxNDogaW4gc2VuZAog
2026-09-10T03:32:04.2129306Z GO_EVIDENCE_B64 ICAgcmVzcG9uc2UgPSBzZWxmLl9zZW5kX2hhbmRsaW5nX2F1dGgoCi4uL2lzb2xhdGVkLXJ1bnRpbWUvbGliL3B5dGhvbjMuMTMvc2l0ZS1wYWNrYWdlcy9odHRweC9fY2xpZW50LnB5Ojk0MjogaW4gX3NlbmRfaGFuZGxpbmdfYXV0aAogICAgcmVzcG9uc2UgPSBzZWxmLl9zZW5kX2hhbmRsaW5nX3JlZGlyZWN0cygKLi4vaXNvbGF0ZWQtcnVudGltZS9saWIvcHl0aG9uMy4xMy9zaXRlLXBhY2thZ2VzL2h0dHB4L19jbGllbnQucHk6OTc5OiBpbiBfc2VuZF9oYW5kbGluZ19yZWRpcmVjdHMKICAgIHJlc3BvbnNlID0gc2VsZi5f
2026-09-10T03:32:04.2135088Z GO_EVIDENCE_B64 c2VuZF9zaW5nbGVfcmVxdWVzdChyZXF1ZXN0KQogICAgICAgICAgICAgICBeXl5eXl5eXl5eXl5eXl5eXl5eXl5eXl5eXl5eXl5eXl5eCi4uL2lzb2xhdGVkLXJ1bnRpbWUvbGliL3B5dGhvbjMuMTMvc2l0ZS1wYWNrYWdlcy9odHRweC9fY2xpZW50LnB5OjEwMTQ6IGluIF9zZW5kX3NpbmdsZV9yZXF1ZXN0CiAgICByZXNwb25zZSA9IHRyYW5zcG9ydC5oYW5kbGVfcmVxdWVzdChyZXF1ZXN0KQogICAgICAgICAgICAgICBeXl5eXl5eXl5eXl5eXl5eXl5eXl5eXl5eXl5eXl5eXl4KLi4vaXNvbGF0ZWQtcnVudGltZS9saWIvcHl0
2026-09-10T03:32:04.2140790Z GO_EVIDENCE_B64 aG9uMy4xMy9zaXRlLXBhY2thZ2VzL3N0YXJsZXR0ZS90ZXN0Y2xpZW50LnB5OjM0ODogaW4gaGFuZGxlX3JlcXVlc3QKICAgIHJhaXNlIGV4YwouLi9pc29sYXRlZC1ydW50aW1lL2xpYi9weXRob24zLjEzL3NpdGUtcGFja2FnZXMvc3RhcmxldHRlL3Rlc3RjbGllbnQucHk6MzQ1OiBpbiBoYW5kbGVfcmVxdWVzdAogICAgcG9ydGFsLmNhbGwoc2VsZi5hcHAsIHNjb3BlLCByZWNlaXZlLCBzZW5kKQouLi9pc29sYXRlZC1ydW50aW1lL2xpYi9weXRob24zLjEzL3NpdGUtcGFja2FnZXMvYW55aW8vZnJvbV90aHJlYWQucHk6MzM0
2026-09-10T03:32:04.2146627Z GO_EVIDENCE_B64 OiBpbiBjYWxsCiAgICByZXR1cm4gY2FzdChUX1JldHZhbCwgc2VsZi5zdGFydF90YXNrX3Nvb24oZnVuYywgKmFyZ3MpLnJlc3VsdCgpKQogICAgICAgICAgICAgICAgICAgICAgICAgIF5eXl5eXl5eXl5eXl5eXl5eXl5eXl5eXl5eXl5eXl5eXl5eXl5eXl5eXgovb3B0L2hvc3RlZHRvb2xjYWNoZS9QeXRob24vMy4xMy41L3g2NC9saWIvcHl0aG9uMy4xMy9jb25jdXJyZW50L2Z1dHVyZXMvX2Jhc2UucHk6NDU2OiBpbiByZXN1bHQKICAgIHJldHVybiBzZWxmLl9fZ2V0X3Jlc3VsdCgpCiAgICAgICAgICAgXl5eXl5eXl5eXl5e
2026-09-10T03:32:04.2152174Z GO_EVIDENCE_B64 Xl5eXl5eXgovb3B0L2hvc3RlZHRvb2xjYWNoZS9QeXRob24vMy4xMy41L3g2NC9saWIvcHl0aG9uMy4xMy9jb25jdXJyZW50L2Z1dHVyZXMvX2Jhc2UucHk6NDAxOiBpbiBfX2dldF9yZXN1bHQKICAgIHJhaXNlIHNlbGYuX2V4Y2VwdGlvbgouLi9pc29sYXRlZC1ydW50aW1lL2xpYi9weXRob24zLjEzL3NpdGUtcGFja2FnZXMvYW55aW8vZnJvbV90aHJlYWQucHk6MjU5OiBpbiBfY2FsbF9mdW5jCiAgICByZXR2YWwgPSBhd2FpdCByZXR2YWxfb3JfYXdhaXRhYmxlCiAgICAgICAgICAgICBeXl5eXl5eXl5eXl5eXl5eXl5eXl5e
2026-09-10T03:32:04.2157832Z GO_EVIDENCE_B64 Xl5eCi4uL2lzb2xhdGVkLXJ1bnRpbWUvbGliL3B5dGhvbjMuMTMvc2l0ZS1wYWNrYWdlcy9mYXN0YXBpL2FwcGxpY2F0aW9ucy5weToxMTM4OiBpbiBfX2NhbGxfXwogICAgYXdhaXQgc3VwZXIoKS5fX2NhbGxfXyhzY29wZSwgcmVjZWl2ZSwgc2VuZCkKLi4vaXNvbGF0ZWQtcnVudGltZS9saWIvcHl0aG9uMy4xMy9zaXRlLXBhY2thZ2VzL3N0YXJsZXR0ZS9hcHBsaWNhdGlvbnMucHk6MTA3OiBpbiBfX2NhbGxfXwogICAgYXdhaXQgc2VsZi5taWRkbGV3YXJlX3N0YWNrKHNjb3BlLCByZWNlaXZlLCBzZW5kKQouLi9pc29sYXRl
2026-09-10T03:32:04.2163459Z GO_EVIDENCE_B64 ZC1ydW50aW1lL2xpYi9weXRob24zLjEzL3NpdGUtcGFja2FnZXMvc3RhcmxldHRlL21pZGRsZXdhcmUvZXJyb3JzLnB5OjE4NjogaW4gX19jYWxsX18KICAgIHJhaXNlIGV4YwouLi9pc29sYXRlZC1ydW50aW1lL2xpYi9weXRob24zLjEzL3NpdGUtcGFja2FnZXMvc3RhcmxldHRlL21pZGRsZXdhcmUvZXJyb3JzLnB5OjE2NDogaW4gX19jYWxsX18KICAgIGF3YWl0IHNlbGYuYXBwKHNjb3BlLCByZWNlaXZlLCBfc2VuZCkKLi4vaXNvbGF0ZWQtcnVudGltZS9saWIvcHl0aG9uMy4xMy9zaXRlLXBhY2thZ2VzL3N0YXJsZXR0ZS9t
2026-09-10T03:32:04.2169407Z GO_EVIDENCE_B64 aWRkbGV3YXJlL2Jhc2UucHk6MTkxOiBpbiBfX2NhbGxfXwogICAgd2l0aCByZWN2X3N0cmVhbSwgc2VuZF9zdHJlYW0sIGNvbGxhcHNlX2V4Y2dyb3VwcygpOgogICAgICAgICAgICAgICAgICAgICAgICAgICAgICAgICAgIF5eXl5eXl5eXl5eXl5eXl5eXl5eCi9vcHQvaG9zdGVkdG9vbGNhY2hlL1B5dGhvbi8zLjEzLjUveDY0L2xpYi9weXRob24zLjEzL2NvbnRleHRsaWIucHk6MTYyOiBpbiBfX2V4aXRfXwogICAgc2VsZi5nZW4udGhyb3codmFsdWUpCi4uL2lzb2xhdGVkLXJ1bnRpbWUvbGliL3B5dGhvbjMuMTMvc2l0ZS1w
2026-09-10T03:32:04.2175080Z GO_EVIDENCE_B64 YWNrYWdlcy9zdGFybGV0dGUvX3V0aWxzLnB5Ojg1OiBpbiBjb2xsYXBzZV9leGNncm91cHMKICAgIHJhaXNlIGV4YwouLi9pc29sYXRlZC1ydW50aW1lL2xpYi9weXRob24zLjEzL3NpdGUtcGFja2FnZXMvc3RhcmxldHRlL21pZGRsZXdhcmUvYmFzZS5weToxOTM6IGluIF9fY2FsbF9fCiAgICByZXNwb25zZSA9IGF3YWl0IHNlbGYuZGlzcGF0Y2hfZnVuYyhyZXF1ZXN0LCBjYWxsX25leHQpCiAgICAgICAgICAgICAgIF5eXl5eXl5eXl5eXl5eXl5eXl5eXl5eXl5eXl5eXl5eXl5eXl5eXl5eXl5eCnNyYy9nb19ob3RlbC9tYWlu
2026-09-10T03:32:04.2181040Z GO_EVIDENCE_B64 LnB5OjI4MjogaW4gZGlzcGF0Y2gKICAgIHJlc3BvbnNlPWF3YWl0IGNhbGxfbmV4dChyZXF1ZXN0KQogICAgICAgICAgICAgXl5eXl5eXl5eXl5eXl5eXl5eXl5eXl5eCi4uL2lzb2xhdGVkLXJ1bnRpbWUvbGliL3B5dGhvbjMuMTMvc2l0ZS1wYWNrYWdlcy9zdGFybGV0dGUvbWlkZGxld2FyZS9iYXNlLnB5OjE2ODogaW4gY2FsbF9uZXh0CiAgICByYWlzZSBhcHBfZXhjIGZyb20gYXBwX2V4Yy5fX2NhdXNlX18gb3IgYXBwX2V4Yy5fX2NvbnRleHRfXwouLi9pc29sYXRlZC1ydW50aW1lL2xpYi9weXRob24zLjEzL3NpdGUtcGFj
2026-09-10T03:32:04.2187127Z GO_EVIDENCE_B64 a2FnZXMvc3RhcmxldHRlL21pZGRsZXdhcmUvYmFzZS5weToxNDQ6IGluIGNvcm8KICAgIGF3YWl0IHNlbGYuYXBwKHNjb3BlLCByZWNlaXZlX29yX2Rpc2Nvbm5lY3QsIHNlbmRfbm9fZXJyb3IpCi4uL2lzb2xhdGVkLXJ1bnRpbWUvbGliL3B5dGhvbjMuMTMvc2l0ZS1wYWNrYWdlcy9zdGFybGV0dGUvbWlkZGxld2FyZS9iYXNlLnB5OjE5MTogaW4gX19jYWxsX18KICAgIHdpdGggcmVjdl9zdHJlYW0sIHNlbmRfc3RyZWFtLCBjb2xsYXBzZV9leGNncm91cHMoKToKICAgICAgICAgICAgICAgICAgICAgICAgICAgICAgICAgICBe
2026-09-10T03:32:04.2192760Z GO_EVIDENCE_B64 Xl5eXl5eXl5eXl5eXl5eXl5eXgovb3B0L2hvc3RlZHRvb2xjYWNoZS9QeXRob24vMy4xMy41L3g2NC9saWIvcHl0aG9uMy4xMy9jb250ZXh0bGliLnB5OjE2MjogaW4gX19leGl0X18KICAgIHNlbGYuZ2VuLnRocm93KHZhbHVlKQouLi9pc29sYXRlZC1ydW50aW1lL2xpYi9weXRob24zLjEzL3NpdGUtcGFja2FnZXMvc3RhcmxldHRlL191dGlscy5weTo4NTogaW4gY29sbGFwc2VfZXhjZ3JvdXBzCiAgICByYWlzZSBleGMKLi4vaXNvbGF0ZWQtcnVudGltZS9saWIvcHl0aG9uMy4xMy9zaXRlLXBhY2thZ2VzL3N0YXJsZXR0ZS9t
2026-09-10T03:32:04.2198581Z GO_EVIDENCE_B64 aWRkbGV3YXJlL2Jhc2UucHk6MTkzOiBpbiBfX2NhbGxfXwogICAgcmVzcG9uc2UgPSBhd2FpdCBzZWxmLmRpc3BhdGNoX2Z1bmMocmVxdWVzdCwgY2FsbF9uZXh0KQogICAgICAgICAgICAgICBeXl5eXl5eXl5eXl5eXl5eXl5eXl5eXl5eXl5eXl5eXl5eXl5eXl5eXl5eXgpzcmMvZ29faG90ZWwvbWFpbi5weToyNTM6IGluIGRpc3BhdGNoCiAgICByZXNwb25zZT1hd2FpdCBjYWxsX25leHQocmVxdWVzdCkKICAgICAgICAgICAgIF5eXl5eXl5eXl5eXl5eXl5eXl5eXl5eXgouLi9pc29sYXRlZC1ydW50aW1lL2xpYi9weXRob24z
2026-09-10T03:32:04.2204244Z GO_EVIDENCE_B64 LjEzL3NpdGUtcGFja2FnZXMvc3RhcmxldHRlL21pZGRsZXdhcmUvYmFzZS5weToxNjg6IGluIGNhbGxfbmV4dAogICAgcmFpc2UgYXBwX2V4YyBmcm9tIGFwcF9leGMuX19jYXVzZV9fIG9yIGFwcF9leGMuX19jb250ZXh0X18KLi4vaXNvbGF0ZWQtcnVudGltZS9saWIvcHl0aG9uMy4xMy9zaXRlLXBhY2thZ2VzL3N0YXJsZXR0ZS9taWRkbGV3YXJlL2Jhc2UucHk6MTQ0OiBpbiBjb3JvCiAgICBhd2FpdCBzZWxmLmFwcChzY29wZSwgcmVjZWl2ZV9vcl9kaXNjb25uZWN0LCBzZW5kX25vX2Vycm9yKQouLi9pc29sYXRlZC1ydW50
2026-09-10T03:32:04.2209968Z GO_EVIDENCE_B64 aW1lL2xpYi9weXRob24zLjEzL3NpdGUtcGFja2FnZXMvc3RhcmxldHRlL21pZGRsZXdhcmUvYmFzZS5weToxOTE6IGluIF9fY2FsbF9fCiAgICB3aXRoIHJlY3Zfc3RyZWFtLCBzZW5kX3N0cmVhbSwgY29sbGFwc2VfZXhjZ3JvdXBzKCk6CiAgICAgICAgICAgICAgICAgICAgICAgICAgICAgICAgICAgXl5eXl5eXl5eXl5eXl5eXl5eXl4KL29wdC9ob3N0ZWR0b29sY2FjaGUvUHl0aG9uLzMuMTMuNS94NjQvbGliL3B5dGhvbjMuMTMvY29udGV4dGxpYi5weToxNjI6IGluIF9fZXhpdF9fCiAgICBzZWxmLmdlbi50aHJvdyh2YWx1
2026-09-10T03:32:04.2215735Z GO_EVIDENCE_B64 ZSkKLi4vaXNvbGF0ZWQtcnVudGltZS9saWIvcHl0aG9uMy4xMy9zaXRlLXBhY2thZ2VzL3N0YXJsZXR0ZS9fdXRpbHMucHk6ODU6IGluIGNvbGxhcHNlX2V4Y2dyb3VwcwogICAgcmFpc2UgZXhjCi4uL2lzb2xhdGVkLXJ1bnRpbWUvbGliL3B5dGhvbjMuMTMvc2l0ZS1wYWNrYWdlcy9zdGFybGV0dGUvbWlkZGxld2FyZS9iYXNlLnB5OjE5MzogaW4gX19jYWxsX18KICAgIHJlc3BvbnNlID0gYXdhaXQgc2VsZi5kaXNwYXRjaF9mdW5jKHJlcXVlc3QsIGNhbGxfbmV4dCkKICAgICAgICAgICAgICAgXl5eXl5eXl5eXl5eXl5eXl5e
2026-09-10T03:32:04.2221345Z GO_EVIDENCE_B64 Xl5eXl5eXl5eXl5eXl5eXl5eXl5eXl5eXl4Kc3JjL2dvX2hvdGVsL21haW4ucHk6MjA3OiBpbiBkaXNwYXRjaAogICAgcmVzcG9uc2U9YXdhaXQgY2FsbF9uZXh0KHJlcXVlc3QpCiAgICAgICAgICAgICBeXl5eXl5eXl5eXl5eXl5eXl5eXl5eXl4KLi4vaXNvbGF0ZWQtcnVudGltZS9saWIvcHl0aG9uMy4xMy9zaXRlLXBhY2thZ2VzL3N0YXJsZXR0ZS9taWRkbGV3YXJlL2Jhc2UucHk6MTY4OiBpbiBjYWxsX25leHQKICAgIHJhaXNlIGFwcF9leGMgZnJvbSBhcHBfZXhjLl9fY2F1c2VfXyBvciBhcHBfZXhjLl9fY29udGV4dF9f
2026-09-10T03:32:04.2227051Z GO_EVIDENCE_B64 Ci4uL2lzb2xhdGVkLXJ1bnRpbWUvbGliL3B5dGhvbjMuMTMvc2l0ZS1wYWNrYWdlcy9zdGFybGV0dGUvbWlkZGxld2FyZS9iYXNlLnB5OjE0NDogaW4gY29ybwogICAgYXdhaXQgc2VsZi5hcHAoc2NvcGUsIHJlY2VpdmVfb3JfZGlzY29ubmVjdCwgc2VuZF9ub19lcnJvcikKLi4vaXNvbGF0ZWQtcnVudGltZS9saWIvcHl0aG9uMy4xMy9zaXRlLXBhY2thZ2VzL3N0YXJsZXR0ZS9taWRkbGV3YXJlL2V4Y2VwdGlvbnMucHk6NjM6IGluIF9fY2FsbF9fCiAgICBhd2FpdCB3cmFwX2FwcF9oYW5kbGluZ19leGNlcHRpb25zKHNlbGYu
2026-09-10T03:32:04.2232697Z GO_EVIDENCE_B64 YXBwLCBjb25uKShzY29wZSwgcmVjZWl2ZSwgc2VuZCkKLi4vaXNvbGF0ZWQtcnVudGltZS9saWIvcHl0aG9uMy4xMy9zaXRlLXBhY2thZ2VzL3N0YXJsZXR0ZS9fZXhjZXB0aW9uX2hhbmRsZXIucHk6NTM6IGluIHdyYXBwZWRfYXBwCiAgICByYWlzZSBleGMKLi4vaXNvbGF0ZWQtcnVudGltZS9saWIvcHl0aG9uMy4xMy9zaXRlLXBhY2thZ2VzL3N0YXJsZXR0ZS9fZXhjZXB0aW9uX2hhbmRsZXIucHk6NDI6IGluIHdyYXBwZWRfYXBwCiAgICBhd2FpdCBhcHAoc2NvcGUsIHJlY2VpdmUsIHNlbmRlcikKLi4vaXNvbGF0ZWQtcnVu
2026-09-10T03:32:04.2238610Z GO_EVIDENCE_B64 dGltZS9saWIvcHl0aG9uMy4xMy9zaXRlLXBhY2thZ2VzL2Zhc3RhcGkvbWlkZGxld2FyZS9hc3luY2V4aXRzdGFjay5weToxODogaW4gX19jYWxsX18KICAgIGF3YWl0IHNlbGYuYXBwKHNjb3BlLCByZWNlaXZlLCBzZW5kKQouLi9pc29sYXRlZC1ydW50aW1lL2xpYi9weXRob24zLjEzL3NpdGUtcGFja2FnZXMvc3RhcmxldHRlL3JvdXRpbmcucHk6NzE2OiBpbiBfX2NhbGxfXwogICAgYXdhaXQgc2VsZi5taWRkbGV3YXJlX3N0YWNrKHNjb3BlLCByZWNlaXZlLCBzZW5kKQouLi9pc29sYXRlZC1ydW50aW1lL2xpYi9weXRob24z
2026-09-10T03:32:04.2244267Z GO_EVIDENCE_B64 LjEzL3NpdGUtcGFja2FnZXMvc3RhcmxldHRlL3JvdXRpbmcucHk6NzM2OiBpbiBhcHAKICAgIGF3YWl0IHJvdXRlLmhhbmRsZShzY29wZSwgcmVjZWl2ZSwgc2VuZCkKLi4vaXNvbGF0ZWQtcnVudGltZS9saWIvcHl0aG9uMy4xMy9zaXRlLXBhY2thZ2VzL3N0YXJsZXR0ZS9yb3V0aW5nLnB5OjI5MDogaW4gaGFuZGxlCiAgICBhd2FpdCBzZWxmLmFwcChzY29wZSwgcmVjZWl2ZSwgc2VuZCkKLi4vaXNvbGF0ZWQtcnVudGltZS9saWIvcHl0aG9uMy4xMy9zaXRlLXBhY2thZ2VzL2Zhc3RhcGkvcm91dGluZy5weToxMTU6IGluIGFw
2026-09-10T03:32:04.2250084Z GO_EVIDENCE_B64 cAogICAgYXdhaXQgd3JhcF9hcHBfaGFuZGxpbmdfZXhjZXB0aW9ucyhhcHAsIHJlcXVlc3QpKHNjb3BlLCByZWNlaXZlLCBzZW5kKQouLi9pc29sYXRlZC1ydW50aW1lL2xpYi9weXRob24zLjEzL3NpdGUtcGFja2FnZXMvc3RhcmxldHRlL19leGNlcHRpb25faGFuZGxlci5weTo1MzogaW4gd3JhcHBlZF9hcHAKICAgIHJhaXNlIGV4YwouLi9pc29sYXRlZC1ydW50aW1lL2xpYi9weXRob24zLjEzL3NpdGUtcGFja2FnZXMvc3RhcmxldHRlL19leGNlcHRpb25faGFuZGxlci5weTo0MjogaW4gd3JhcHBlZF9hcHAKICAgIGF3YWl0
2026-09-10T03:32:04.2256036Z GO_EVIDENCE_B64 IGFwcChzY29wZSwgcmVjZWl2ZSwgc2VuZGVyKQouLi9pc29sYXRlZC1ydW50aW1lL2xpYi9weXRob24zLjEzL3NpdGUtcGFja2FnZXMvZmFzdGFwaS9yb3V0aW5nLnB5OjEwMTogaW4gYXBwCiAgICByZXNwb25zZSA9IGF3YWl0IGYocmVxdWVzdCkKICAgICAgICAgICAgICAgXl5eXl5eXl5eXl5eXl5eXgouLi9pc29sYXRlZC1ydW50aW1lL2xpYi9weXRob24zLjEzL3NpdGUtcGFja2FnZXMvZmFzdGFwaS9yb3V0aW5nLnB5OjM1NTogaW4gYXBwCiAgICByYXdfcmVzcG9uc2UgPSBhd2FpdCBydW5fZW5kcG9pbnRfZnVuY3Rpb24o
2026-09-10T03:32:04.2261654Z GO_EVIDENCE_B64 Ci4uL2lzb2xhdGVkLXJ1bnRpbWUvbGliL3B5dGhvbjMuMTMvc2l0ZS1wYWNrYWdlcy9mYXN0YXBpL3JvdXRpbmcucHk6MjQ1OiBpbiBydW5fZW5kcG9pbnRfZnVuY3Rpb24KICAgIHJldHVybiBhd2FpdCBydW5faW5fdGhyZWFkcG9vbChkZXBlbmRhbnQuY2FsbCwgKip2YWx1ZXMpCiAgICAgICAgICAgXl5eXl5eXl5eXl5eXl5eXl5eXl5eXl5eXl5eXl5eXl5eXl5eXl5eXl5eXl5eXl5eXgouLi9pc29sYXRlZC1ydW50aW1lL2xpYi9weXRob24zLjEzL3NpdGUtcGFja2FnZXMvc3RhcmxldHRlL2NvbmN1cnJlbmN5LnB5OjMyOiBp
2026-09-10T03:32:04.2267370Z GO_EVIDENCE_B64 biBydW5faW5fdGhyZWFkcG9vbAogICAgcmV0dXJuIGF3YWl0IGFueWlvLnRvX3RocmVhZC5ydW5fc3luYyhmdW5jKQogICAgICAgICAgIF5eXl5eXl5eXl5eXl5eXl5eXl5eXl5eXl5eXl5eXl5eXl5eXgouLi9pc29sYXRlZC1ydW50aW1lL2xpYi9weXRob24zLjEzL3NpdGUtcGFja2FnZXMvYW55aW8vdG9fdGhyZWFkLnB5OjYzOiBpbiBydW5fc3luYwogICAgcmV0dXJuIGF3YWl0IGdldF9hc3luY19iYWNrZW5kKCkucnVuX3N5bmNfaW5fd29ya2VyX3RocmVhZCgKLi4vaXNvbGF0ZWQtcnVudGltZS9saWIvcHl0aG9uMy4xMy9z
2026-09-10T03:32:04.2272971Z GO_EVIDENCE_B64 aXRlLXBhY2thZ2VzL2FueWlvL19iYWNrZW5kcy9fYXN5bmNpby5weToyNTE4OiBpbiBydW5fc3luY19pbl93b3JrZXJfdGhyZWFkCiAgICByZXR1cm4gYXdhaXQgZnV0dXJlCiAgICAgICAgICAgXl5eXl5eXl5eXl5eCi4uL2lzb2xhdGVkLXJ1bnRpbWUvbGliL3B5dGhvbjMuMTMvc2l0ZS1wYWNrYWdlcy9hbnlpby9fYmFja2VuZHMvX2FzeW5jaW8ucHk6MTAwMjogaW4gcnVuCiAgICByZXN1bHQgPSBjb250ZXh0LnJ1bihmdW5jLCAqYXJncykKICAgICAgICAgICAgIF5eXl5eXl5eXl5eXl5eXl5eXl5eXl5eXgpfIF8gXyBfIF8g
2026-09-10T03:32:04.2278779Z GO_EVIDENCE_B64 XyBfIF8gXyBfIF8gXyBfIF8gXyBfIF8gXyBfIF8gXyBfIF8gXyBfIF8gXyBfIF8gXyBfIF8gXyBfIF8gXyBfIF8gXyBfIAoKb3JkZXJfaWQgPSAnb3JkXzY3NWQ3ZDRlNzcxMDQ4YmUnCnF1b3RlX2lkID0gJ2NxX2RlNTJkYmE1MGIxZDRlOGJhZTBkZjUxMDg4ZTYzMDZiJwpwID0gUHJpbmNpcGFsKHVzZXJfaWQ9J3Vzcl8xOWJmZmUzNDA1MWM0MDIyYWFhNjQ4NDU4YmI2YzEzNicsIHVzZXJuYW1lPSdjYXNoLWZhcmUxNC1vd25lckBleGFtcGxlLmNvbScsIGFjdG9yX3R5cGU9J0NPTlNVTS4uLjkwMDEwM2NmNjQxNDQ1MmM5MjBk
2026-09-10T03:32:04.2284467Z GO_EVIDENCE_B64 ZTUxZjMyYjVhNWJkJywgcGVybWlzc2lvbnM9eydjb25zdW1lcjpib29rJywgJ2NvbnN1bWVyOndhbGxldCcsICdjb25zdW1lcjpyZWFkJywgJ2NvbnN1bWVyOndyaXRlJ30pCgogICAgQHJvdXRlci5nZXQoJy92MS9tb2JpbGUvb3JkZXJzL3tvcmRlcl9pZH0vY2FuY2VsbGF0aW9uLXF1b3Rlcy97cXVvdGVfaWR9JykKICAgIGRlZiBtb2JpbGVfZXhpc3RpbmdfY2FuY2VsX3F1b3RlKG9yZGVyX2lkOnN0cixxdW90ZV9pZDpzdHIscD1EZXBlbmRzKGNvbnN1bWVyX3ByaW5jaXBhbCkpOgogICAgICAgICIiIlJlYWQgdGhlIGV4YWN0
2026-09-10T03:32:04.2290306Z GO_EVIDENCE_B64 IGRpc3BsYXllZCBxdW90ZTsgbmV2ZXIgcmVwbGFjZSBjdXN0b21lciBjb25zZW50IHdpdGggYSBuZXcgcXVvdGUuIiIiCiAgICAgICAgYXNzZXJ0X2NvbnN1bWVyX29yZGVyKHAsb3JkZXJfaWQpCiAgICAgICAgZnJvbSBnb19ob3RlbC5zZXJ2aWNlcy5jYXRhbG9nX2Nhc2hfZmFyZSBpbXBvcnQgY2hlY2tlZF9xdW90ZSwgcXVvdGVfcHVibGljCiZndDsgICAgICAgd2l0aCBTZXNzaW9uTG9jYWwoKSBhcyBzOgogICAgICAgICAgICAgXl5eXl5eXl5eXl5eCkUgICAgICAgTmFtZUVycm9yOiBuYW1lICdTZXNzaW9uTG9jYWwnIGlz
2026-09-10T03:32:04.2296230Z GO_EVIDENCE_B64 IG5vdCBkZWZpbmVkCgpzcmMvZ29faG90ZWwvYXBpL3JvdXRlcy9tb2JpbGUucHk6OTY6IE5hbWVFcnJvcjwvZmFpbHVyZT48L3Rlc3RjYXNlPjx0ZXN0Y2FzZSBjbGFzc25hbWU9InRlc3RzLnRlc3RfZGVwdGgzNF9ob3RlbF9xdW90ZV9yZWFkIiBuYW1lPSJ0ZXN0X2N1cnJlbnRfb3JkZXJfcmV2aXNpb25fc3RpbGxfcmVjaGVja2VkX2F0X2V4ZWN1dGlvbl93aXRoX3NhbWVfYW1vdW50IiB0aW1lPSIwLjUxNiI+PGZhaWx1cmUgbWVzc2FnZT0iTmFtZUVycm9yOiBuYW1lICdTZXNzaW9uTG9jYWwnIGlzIG5vdCBkZWZpbmVkIj4r
2026-09-10T03:32:04.2301827Z GO_EVIDENCE_B64 IEV4Y2VwdGlvbiBHcm91cCBUcmFjZWJhY2sgKG1vc3QgcmVjZW50IGNhbGwgbGFzdCk6CiAgfCAgIEZpbGUgIi9ob21lL3J1bm5lci93b3JrL0dPL0dPL2lzb2xhdGVkLXJ1bnRpbWUvbGliL3B5dGhvbjMuMTMvc2l0ZS1wYWNrYWdlcy9zdGFybGV0dGUvX3V0aWxzLnB5IiwgbGluZSA3OSwgaW4gY29sbGFwc2VfZXhjZ3JvdXBzCiAgfCAgICAgeWllbGQKICB8ICAgRmlsZSAiL2hvbWUvcnVubmVyL3dvcmsvR08vR08vaXNvbGF0ZWQtcnVudGltZS9saWIvcHl0aG9uMy4xMy9zaXRlLXBhY2thZ2VzL3N0YXJsZXR0ZS9taWRkbGV3
2026-09-10T03:32:04.2307659Z GO_EVIDENCE_B64 YXJlL2Jhc2UucHkiLCBsaW5lIDE5MiwgaW4gX19jYWxsX18KICB8ICAgICBhc3luYyB3aXRoIGFueWlvLmNyZWF0ZV90YXNrX2dyb3VwKCkgYXMgdGFza19ncm91cDoKICB8ICAgICAgICAgICAgICAgIH5+fn5+fn5+fn5+fn5+fn5+fn5+fn5+Xl4KICB8ICAgRmlsZSAiL2hvbWUvcnVubmVyL3dvcmsvR08vR08vaXNvbGF0ZWQtcnVudGltZS9saWIvcHl0aG9uMy4xMy9zaXRlLXBhY2thZ2VzL2FueWlvL19iYWNrZW5kcy9fYXN5bmNpby5weSIsIGxpbmUgNzk5LCBpbiBfX2FleGl0X18KICB8ICAgICByYWlzZSBCYXNlRXhjZXB0
2026-09-10T03:32:04.2313298Z GO_EVIDENCE_B64 aW9uR3JvdXAoCiAgfCAgICAgICAgICJ1bmhhbmRsZWQgZXJyb3JzIGluIGEgVGFza0dyb3VwIiwgc2VsZi5fZXhjZXB0aW9ucwogIHwgICAgICkgZnJvbSBOb25lCiAgfCBFeGNlcHRpb25Hcm91cDogdW5oYW5kbGVkIGVycm9ycyBpbiBhIFRhc2tHcm91cCAoMSBzdWItZXhjZXB0aW9uKQogICstKy0tLS0tLS0tLS0tLS0tLS0gMSAtLS0tLS0tLS0tLS0tLS0tCiAgICB8IFRyYWNlYmFjayAobW9zdCByZWNlbnQgY2FsbCBsYXN0KToKICAgIHwgICBGaWxlICIvaG9tZS9ydW5uZXIvd29yay9HTy9HTy9pc29sYXRlZC1ydW50aW1l
2026-09-10T03:32:04.2319127Z GO_EVIDENCE_B64 L2xpYi9weXRob24zLjEzL3NpdGUtcGFja2FnZXMvX3B5dGVzdC9ydW5uZXIucHkiLCBsaW5lIDM1MywgaW4gZnJvbV9jYWxsCiAgICB8ICAgICByZXN1bHQ6IFRSZXN1bHQgfCBOb25lID0gZnVuYygpCiAgICB8ICAgICAgICAgICAgICAgICAgICAgICAgICAgICAgfn5+fl5eCiAgICB8ICAgRmlsZSAiL2hvbWUvcnVubmVyL3dvcmsvR08vR08vaXNvbGF0ZWQtcnVudGltZS9saWIvcHl0aG9uMy4xMy9zaXRlLXBhY2thZ2VzL19weXRlc3QvcnVubmVyLnB5IiwgbGluZSAyNDUsIGluICZsdDtsYW1iZGEmZ3Q7CiAgICB8ICAgICBs
2026-09-10T03:32:04.2324743Z GO_EVIDENCE_B64 YW1iZGE6IHJ1bnRlc3RfaG9vayhpdGVtPWl0ZW0sICoqa3dkcyksCiAgICB8ICAgICAgICAgICAgIH5+fn5+fn5+fn5+fl5eXl5eXl5eXl5eXl5eXl5eXl4KICAgIHwgICBGaWxlICIvaG9tZS9ydW5uZXIvd29yay9HTy9HTy9pc29sYXRlZC1ydW50aW1lL2xpYi9weXRob24zLjEzL3NpdGUtcGFja2FnZXMvcGx1Z2d5L19ob29rcy5weSIsIGxpbmUgNTEyLCBpbiBfX2NhbGxfXwogICAgfCAgICAgcmV0dXJuIHNlbGYuX2hvb2tleGVjKHNlbGYubmFtZSwgc2VsZi5faG9va2ltcGxzLmNvcHkoKSwga3dhcmdzLCBmaXJzdHJlc3Vs
2026-09-10T03:32:04.2330389Z GO_EVIDENCE_B64 dCkKICAgIHwgICAgICAgICAgICB+fn5+fn5+fn5+fn5+fl5eXl5eXl5eXl5eXl5eXl5eXl5eXl5eXl5eXl5eXl5eXl5eXl5eXl5eXl5eXl5eXl5eXl5eXl5eCiAgICB8ICAgRmlsZSAiL2hvbWUvcnVubmVyL3dvcmsvR08vR08vaXNvbGF0ZWQtcnVudGltZS9saWIvcHl0aG9uMy4xMy9zaXRlLXBhY2thZ2VzL3BsdWdneS9fbWFuYWdlci5weSIsIGxpbmUgMTIwLCBpbiBfaG9va2V4ZWMKICAgIHwgICAgIHJldHVybiBzZWxmLl9pbm5lcl9ob29rZXhlYyhob29rX25hbWUsIG1ldGhvZHMsIGt3YXJncywgZmlyc3RyZXN1bHQpCiAg
2026-09-10T03:32:04.2335977Z GO_EVIDENCE_B64 ICB8ICAgICAgICAgICAgfn5+fn5+fn5+fn5+fn5+fn5+fn5eXl5eXl5eXl5eXl5eXl5eXl5eXl5eXl5eXl5eXl5eXl5eXl5eXl5eXgogICAgfCAgIEZpbGUgIi9ob21lL3J1bm5lci93b3JrL0dPL0dPL2lzb2xhdGVkLXJ1bnRpbWUvbGliL3B5dGhvbjMuMTMvc2l0ZS1wYWNrYWdlcy9wbHVnZ3kvX2NhbGxlcnMucHkiLCBsaW5lIDE2NywgaW4gX211bHRpY2FsbAogICAgfCAgICAgcmFpc2UgZXhjZXB0aW9uCiAgICB8ICAgRmlsZSAiL2hvbWUvcnVubmVyL3dvcmsvR08vR08vaXNvbGF0ZWQtcnVudGltZS9saWIvcHl0aG9uMy4x
2026-09-10T03:32:04.2341493Z GO_EVIDENCE_B64 My9zaXRlLXBhY2thZ2VzL3BsdWdneS9fY2FsbGVycy5weSIsIGxpbmUgMTM5LCBpbiBfbXVsdGljYWxsCiAgICB8ICAgICB0ZWFyZG93bi50aHJvdyhleGNlcHRpb24pCiAgICB8ICAgICB+fn5+fn5+fn5+fn5+fl5eXl5eXl5eXl5eCiAgICB8ICAgRmlsZSAiL2hvbWUvcnVubmVyL3dvcmsvR08vR08vaXNvbGF0ZWQtcnVudGltZS9saWIvcHl0aG9uMy4xMy9zaXRlLXBhY2thZ2VzL19weXRlc3QvbG9nZ2luZy5weSIsIGxpbmUgODUwLCBpbiBweXRlc3RfcnVudGVzdF9jYWxsCiAgICB8ICAgICB5aWVsZAogICAgfCAgIEZpbGUg
2026-09-10T03:32:04.2347314Z GO_EVIDENCE_B64 Ii9ob21lL3J1bm5lci93b3JrL0dPL0dPL2lzb2xhdGVkLXJ1bnRpbWUvbGliL3B5dGhvbjMuMTMvc2l0ZS1wYWNrYWdlcy9wbHVnZ3kvX2NhbGxlcnMucHkiLCBsaW5lIDEzOSwgaW4gX211bHRpY2FsbAogICAgfCAgICAgdGVhcmRvd24udGhyb3coZXhjZXB0aW9uKQogICAgfCAgICAgfn5+fn5+fn5+fn5+fn5eXl5eXl5eXl5eXgogICAgfCAgIEZpbGUgIi9ob21lL3J1bm5lci93b3JrL0dPL0dPL2lzb2xhdGVkLXJ1bnRpbWUvbGliL3B5dGhvbjMuMTMvc2l0ZS1wYWNrYWdlcy9fcHl0ZXN0L2NhcHR1cmUucHkiLCBsaW5lIDkw
2026-09-10T03:32:04.2352876Z GO_EVIDENCE_B64 MCwgaW4gcHl0ZXN0X3J1bnRlc3RfY2FsbAogICAgfCAgICAgcmV0dXJuICh5aWVsZCkKICAgIHwgICAgICAgICAgICAgXl5eXl4KICAgIHwgICBGaWxlICIvaG9tZS9ydW5uZXIvd29yay9HTy9HTy9pc29sYXRlZC1ydW50aW1lL2xpYi9weXRob24zLjEzL3NpdGUtcGFja2FnZXMvcGx1Z2d5L19jYWxsZXJzLnB5IiwgbGluZSAxMzksIGluIF9tdWx0aWNhbGwKICAgIHwgICAgIHRlYXJkb3duLnRocm93KGV4Y2VwdGlvbikKICAgIHwgICAgIH5+fn5+fn5+fn5+fn5+Xl5eXl5eXl5eXl4KICAgIHwgICBGaWxlICIvaG9tZS9ydW5u
2026-09-10T03:32:04.2358908Z GO_EVIDENCE_B64 ZXIvd29yay9HTy9HTy9pc29sYXRlZC1ydW50aW1lL2xpYi9weXRob24zLjEzL3NpdGUtcGFja2FnZXMvX3B5dGVzdC9za2lwcGluZy5weSIsIGxpbmUgMjY4LCBpbiBweXRlc3RfcnVudGVzdF9jYWxsCiAgICB8ICAgICByZXR1cm4gKHlpZWxkKQogICAgfCAgICAgICAgICAgICBeXl5eXgogICAgfCAgIEZpbGUgIi9ob21lL3J1bm5lci93b3JrL0dPL0dPL2lzb2xhdGVkLXJ1bnRpbWUvbGliL3B5dGhvbjMuMTMvc2l0ZS1wYWNrYWdlcy9wbHVnZ3kvX2NhbGxlcnMucHkiLCBsaW5lIDEyMSwgaW4gX211bHRpY2FsbAogICAgfCAg
2026-09-10T03:32:04.2364493Z GO_EVIDENCE_B64 ICAgcmVzID0gaG9va19pbXBsLmZ1bmN0aW9uKCphcmdzKQogICAgfCAgIEZpbGUgIi9ob21lL3J1bm5lci93b3JrL0dPL0dPL2lzb2xhdGVkLXJ1bnRpbWUvbGliL3B5dGhvbjMuMTMvc2l0ZS1wYWNrYWdlcy9fcHl0ZXN0L3J1bm5lci5weSIsIGxpbmUgMTc5LCBpbiBweXRlc3RfcnVudGVzdF9jYWxsCiAgICB8ICAgICBpdGVtLnJ1bnRlc3QoKQogICAgfCAgICAgfn5+fn5+fn5+fn5+Xl4KICAgIHwgICBGaWxlICIvaG9tZS9ydW5uZXIvd29yay9HTy9HTy9pc29sYXRlZC1ydW50aW1lL2xpYi9weXRob24zLjEzL3NpdGUtcGFj
2026-09-10T03:32:04.2370129Z GO_EVIDENCE_B64 a2FnZXMvX3B5dGVzdC9weXRob24ucHkiLCBsaW5lIDE3MjAsIGluIHJ1bnRlc3QKICAgIHwgICAgIHNlbGYuaWhvb2sucHl0ZXN0X3B5ZnVuY19jYWxsKHB5ZnVuY2l0ZW09c2VsZikKICAgIHwgICAgIH5+fn5+fn5+fn5+fn5+fn5+fn5+fn5+fn5+fn5+Xl5eXl5eXl5eXl5eXl5eXl4KICAgIHwgICBGaWxlICIvaG9tZS9ydW5uZXIvd29yay9HTy9HTy9pc29sYXRlZC1ydW50aW1lL2xpYi9weXRob24zLjEzL3NpdGUtcGFja2FnZXMvcGx1Z2d5L19ob29rcy5weSIsIGxpbmUgNTEyLCBpbiBfX2NhbGxfXwogICAgfCAgICAgcmV0
2026-09-10T03:32:04.2375783Z GO_EVIDENCE_B64 dXJuIHNlbGYuX2hvb2tleGVjKHNlbGYubmFtZSwgc2VsZi5faG9va2ltcGxzLmNvcHkoKSwga3dhcmdzLCBmaXJzdHJlc3VsdCkKICAgIHwgICAgICAgICAgICB+fn5+fn5+fn5+fn5+fl5eXl5eXl5eXl5eXl5eXl5eXl5eXl5eXl5eXl5eXl5eXl5eXl5eXl5eXl5eXl5eXl5eXl5eXl5eCiAgICB8ICAgRmlsZSAiL2hvbWUvcnVubmVyL3dvcmsvR08vR08vaXNvbGF0ZWQtcnVudGltZS9saWIvcHl0aG9uMy4xMy9zaXRlLXBhY2thZ2VzL3BsdWdneS9fbWFuYWdlci5weSIsIGxpbmUgMTIwLCBpbiBfaG9va2V4ZWMKICAgIHwgICAg
2026-09-10T03:32:04.2381339Z GO_EVIDENCE_B64 IHJldHVybiBzZWxmLl9pbm5lcl9ob29rZXhlYyhob29rX25hbWUsIG1ldGhvZHMsIGt3YXJncywgZmlyc3RyZXN1bHQpCiAgICB8ICAgICAgICAgICAgfn5+fn5+fn5+fn5+fn5+fn5+fn5eXl5eXl5eXl5eXl5eXl5eXl5eXl5eXl5eXl5eXl5eXl5eXl5eXl5eXgogICAgfCAgIEZpbGUgIi9ob21lL3J1bm5lci93b3JrL0dPL0dPL2lzb2xhdGVkLXJ1bnRpbWUvbGliL3B5dGhvbjMuMTMvc2l0ZS1wYWNrYWdlcy9wbHVnZ3kvX2NhbGxlcnMucHkiLCBsaW5lIDE2NywgaW4gX211bHRpY2FsbAogICAgfCAgICAgcmFpc2UgZXhjZXB0
2026-09-10T03:32:04.2387042Z GO_EVIDENCE_B64 aW9uCiAgICB8ICAgRmlsZSAiL2hvbWUvcnVubmVyL3dvcmsvR08vR08vaXNvbGF0ZWQtcnVudGltZS9saWIvcHl0aG9uMy4xMy9zaXRlLXBhY2thZ2VzL3BsdWdneS9fY2FsbGVycy5weSIsIGxpbmUgMTM5LCBpbiBfbXVsdGljYWxsCiAgICB8ICAgICB0ZWFyZG93bi50aHJvdyhleGNlcHRpb24pCiAgICB8ICAgICB+fn5+fn5+fn5+fn5+fl5eXl5eXl5eXl5eCiAgICB8ICAgRmlsZSAiL2hvbWUvcnVubmVyL3dvcmsvR08vR08vaXNvbGF0ZWQtcnVudGltZS9saWIvcHl0aG9uMy4xMy9zaXRlLXBhY2thZ2VzL3BsdWdneS9fY2Fs
2026-09-10T03:32:04.2392662Z GO_EVIDENCE_B64 bGVycy5weSIsIGxpbmUgNTMsIGluIHJ1bl9vbGRfc3R5bGVfaG9va3dyYXBwZXIKICAgIHwgICAgIHJldHVybiByZXN1bHQuZ2V0X3Jlc3VsdCgpCiAgICB8ICAgICAgICAgICAgfn5+fn5+fn5+fn5+fn5+fn5eXgogICAgfCAgIEZpbGUgIi9ob21lL3J1bm5lci93b3JrL0dPL0dPL2lzb2xhdGVkLXJ1bnRpbWUvbGliL3B5dGhvbjMuMTMvc2l0ZS1wYWNrYWdlcy9wbHVnZ3kvX3Jlc3VsdC5weSIsIGxpbmUgMTAzLCBpbiBnZXRfcmVzdWx0CiAgICB8ICAgICByYWlzZSBleGMud2l0aF90cmFjZWJhY2sodGIpCiAgICB8ICAgRmls
2026-09-10T03:32:04.2398608Z GO_EVIDENCE_B64 ZSAiL2hvbWUvcnVubmVyL3dvcmsvR08vR08vaXNvbGF0ZWQtcnVudGltZS9saWIvcHl0aG9uMy4xMy9zaXRlLXBhY2thZ2VzL3BsdWdneS9fY2FsbGVycy5weSIsIGxpbmUgMzgsIGluIHJ1bl9vbGRfc3R5bGVfaG9va3dyYXBwZXIKICAgIHwgICAgIHJlcyA9IHlpZWxkCiAgICB8ICAgICAgICAgICBeXl5eXgogICAgfCAgIEZpbGUgIi9ob21lL3J1bm5lci93b3JrL0dPL0dPL2lzb2xhdGVkLXJ1bnRpbWUvbGliL3B5dGhvbjMuMTMvc2l0ZS1wYWNrYWdlcy9wbHVnZ3kvX2NhbGxlcnMucHkiLCBsaW5lIDEyMSwgaW4gX211bHRp
2026-09-10T03:32:04.2404263Z GO_EVIDENCE_B64 Y2FsbAogICAgfCAgICAgcmVzID0gaG9va19pbXBsLmZ1bmN0aW9uKCphcmdzKQogICAgfCAgIEZpbGUgIi9ob21lL3J1bm5lci93b3JrL0dPL0dPL2lzb2xhdGVkLXJ1bnRpbWUvbGliL3B5dGhvbjMuMTMvc2l0ZS1wYWNrYWdlcy9fcHl0ZXN0L3B5dGhvbi5weSIsIGxpbmUgMTY2LCBpbiBweXRlc3RfcHlmdW5jX2NhbGwKICAgIHwgICAgIHJlc3VsdCA9IHRlc3RmdW5jdGlvbigqKnRlc3RhcmdzKQogICAgfCAgIEZpbGUgIi9ob21lL3J1bm5lci93b3JrL0dPL0dPL3Jlc3RvcmVkL3Rlc3RzL3Rlc3RfZGVwdGgzNF9ob3RlbF9x
2026-09-10T03:32:04.2410108Z GO_EVIDENCE_B64 dW90ZV9yZWFkLnB5IiwgbGluZSA1MiwgaW4gdGVzdF9jdXJyZW50X29yZGVyX3JldmlzaW9uX3N0aWxsX3JlY2hlY2tlZF9hdF9leGVjdXRpb25fd2l0aF9zYW1lX2Ftb3VudAogICAgfCAgICAgYXNzZXJ0IGRhdGEoY2xpZW50LmdldChwYXRoLGhlYWRlcnM9aCkpPT1xCiAgICB8ICAgICAgICAgICAgICAgICB+fn5+fn5+fn5+Xl5eXl5eXl5eXl5eXl5eXgogICAgfCAgIEZpbGUgIi9ob21lL3J1bm5lci93b3JrL0dPL0dPL2lzb2xhdGVkLXJ1bnRpbWUvbGliL3B5dGhvbjMuMTMvc2l0ZS1wYWNrYWdlcy9zdGFybGV0dGUvdGVz
2026-09-10T03:32:04.2415860Z GO_EVIDENCE_B64 dGNsaWVudC5weSIsIGxpbmUgNDczLCBpbiBnZXQKICAgIHwgICAgIHJldHVybiBzdXBlcigpLmdldCgKICAgIHwgICAgICAgICAgICB+fn5+fn5+fn5+fl4KICAgIHwgICAgICAgICB1cmwsCiAgICB8ICAgICAgICAgXl5eXgogICAgfCAgICAgLi4uJmx0OzYgbGluZXMmZ3Q7Li4uCiAgICB8ICAgICAgICAgZXh0ZW5zaW9ucz1leHRlbnNpb25zLAogICAgfCAgICAgICAgIF5eXl5eXl5eXl5eXl5eXl5eXl5eXl4KICAgIHwgICAgICkKICAgIHwgICAgIF4KICAgIHwgICBGaWxlICIvaG9tZS9ydW5uZXIvd29yay9HTy9HTy9pc29s
2026-09-10T03:32:04.2421574Z GO_EVIDENCE_B64 YXRlZC1ydW50aW1lL2xpYi9weXRob24zLjEzL3NpdGUtcGFja2FnZXMvaHR0cHgvX2NsaWVudC5weSIsIGxpbmUgMTA1MywgaW4gZ2V0CiAgICB8ICAgICByZXR1cm4gc2VsZi5yZXF1ZXN0KAogICAgfCAgICAgICAgICAgIH5+fn5+fn5+fn5+fl4KICAgIHwgICAgICAgICAiR0VUIiwKICAgIHwgICAgICAgICBeXl5eXl4KICAgIHwgICAgIC4uLiZsdDs3IGxpbmVzJmd0Oy4uLgogICAgfCAgICAgICAgIGV4dGVuc2lvbnM9ZXh0ZW5zaW9ucywKICAgIHwgICAgICAgICBeXl5eXl5eXl5eXl5eXl5eXl5eXl5eCiAgICB8ICAgICAp
2026-09-10T03:32:04.2427503Z GO_EVIDENCE_B64 CiAgICB8ICAgICBeCiAgICB8ICAgRmlsZSAiL2hvbWUvcnVubmVyL3dvcmsvR08vR08vaXNvbGF0ZWQtcnVudGltZS9saWIvcHl0aG9uMy4xMy9zaXRlLXBhY2thZ2VzL3N0YXJsZXR0ZS90ZXN0Y2xpZW50LnB5IiwgbGluZSA0NDUsIGluIHJlcXVlc3QKICAgIHwgICAgIHJldHVybiBzdXBlcigpLnJlcXVlc3QoCiAgICB8ICAgICAgICAgICAgfn5+fn5+fn5+fn5+fn5+XgogICAgfCAgICAgICAgIG1ldGhvZCwKICAgIHwgICAgICAgICBeXl5eXl5eCiAgICB8ICAgICAuLi4mbHQ7MTEgbGluZXMmZ3Q7Li4uCiAgICB8ICAgICAg
2026-09-10T03:32:04.2433161Z GO_EVIDENCE_B64 ICAgZXh0ZW5zaW9ucz1leHRlbnNpb25zLAogICAgfCAgICAgICAgIF5eXl5eXl5eXl5eXl5eXl5eXl5eXl4KICAgIHwgICAgICkKICAgIHwgICAgIF4KICAgIHwgICBGaWxlICIvaG9tZS9ydW5uZXIvd29yay9HTy9HTy9pc29sYXRlZC1ydW50aW1lL2xpYi9weXRob24zLjEzL3NpdGUtcGFja2FnZXMvaHR0cHgvX2NsaWVudC5weSIsIGxpbmUgODI1LCBpbiByZXF1ZXN0CiAgICB8ICAgICByZXR1cm4gc2VsZi5zZW5kKHJlcXVlc3QsIGF1dGg9YXV0aCwgZm9sbG93X3JlZGlyZWN0cz1mb2xsb3dfcmVkaXJlY3RzKQogICAgfCAg
2026-09-10T03:32:04.2438856Z GO_EVIDENCE_B64 ICAgICAgICAgIH5+fn5+fn5+fl5eXl5eXl5eXl5eXl5eXl5eXl5eXl5eXl5eXl5eXl5eXl5eXl5eXl5eXl5eXl5eXl5eXl5eXl4KICAgIHwgICBGaWxlICIvaG9tZS9ydW5uZXIvd29yay9HTy9HTy9pc29sYXRlZC1ydW50aW1lL2xpYi9weXRob24zLjEzL3NpdGUtcGFja2FnZXMvaHR0cHgvX2NsaWVudC5weSIsIGxpbmUgOTE0LCBpbiBzZW5kCiAgICB8ICAgICByZXNwb25zZSA9IHNlbGYuX3NlbmRfaGFuZGxpbmdfYXV0aCgKICAgIHwgICAgICAgICByZXF1ZXN0LAogICAgfCAgICAgLi4uJmx0OzIgbGluZXMmZ3Q7Li4uCiAg
2026-09-10T03:32:04.2444462Z GO_EVIDENCE_B64 ICB8ICAgICAgICAgaGlzdG9yeT1bXSwKICAgIHwgICAgICkKICAgIHwgICBGaWxlICIvaG9tZS9ydW5uZXIvd29yay9HTy9HTy9pc29sYXRlZC1ydW50aW1lL2xpYi9weXRob24zLjEzL3NpdGUtcGFja2FnZXMvaHR0cHgvX2NsaWVudC5weSIsIGxpbmUgOTQyLCBpbiBfc2VuZF9oYW5kbGluZ19hdXRoCiAgICB8ICAgICByZXNwb25zZSA9IHNlbGYuX3NlbmRfaGFuZGxpbmdfcmVkaXJlY3RzKAogICAgfCAgICAgICAgIHJlcXVlc3QsCiAgICB8ICAgICAgICAgZm9sbG93X3JlZGlyZWN0cz1mb2xsb3dfcmVkaXJlY3RzLAogICAg
2026-09-10T03:32:04.2450471Z GO_EVIDENCE_B64 fCAgICAgICAgIGhpc3Rvcnk9aGlzdG9yeSwKICAgIHwgICAgICkKICAgIHwgICBGaWxlICIvaG9tZS9ydW5uZXIvd29yay9HTy9HTy9pc29sYXRlZC1ydW50aW1lL2xpYi9weXRob24zLjEzL3NpdGUtcGFja2FnZXMvaHR0cHgvX2NsaWVudC5weSIsIGxpbmUgOTc5LCBpbiBfc2VuZF9oYW5kbGluZ19yZWRpcmVjdHMKICAgIHwgICAgIHJlc3BvbnNlID0gc2VsZi5fc2VuZF9zaW5nbGVfcmVxdWVzdChyZXF1ZXN0KQogICAgfCAgIEZpbGUgIi9ob21lL3J1bm5lci93b3JrL0dPL0dPL2lzb2xhdGVkLXJ1bnRpbWUvbGliL3B5dGhv
2026-09-10T03:32:04.2456251Z GO_EVIDENCE_B64 bjMuMTMvc2l0ZS1wYWNrYWdlcy9odHRweC9fY2xpZW50LnB5IiwgbGluZSAxMDE0LCBpbiBfc2VuZF9zaW5nbGVfcmVxdWVzdAogICAgfCAgICAgcmVzcG9uc2UgPSB0cmFuc3BvcnQuaGFuZGxlX3JlcXVlc3QocmVxdWVzdCkKICAgIHwgICBGaWxlICIvaG9tZS9ydW5uZXIvd29yay9HTy9HTy9pc29sYXRlZC1ydW50aW1lL2xpYi9weXRob24zLjEzL3NpdGUtcGFja2FnZXMvc3RhcmxldHRlL3Rlc3RjbGllbnQucHkiLCBsaW5lIDM0OCwgaW4gaGFuZGxlX3JlcXVlc3QKICAgIHwgICAgIHJhaXNlIGV4YwogICAgfCAgIEZpbGUg
2026-09-10T03:32:04.2462076Z GO_EVIDENCE_B64 Ii9ob21lL3J1bm5lci93b3JrL0dPL0dPL2lzb2xhdGVkLXJ1bnRpbWUvbGliL3B5dGhvbjMuMTMvc2l0ZS1wYWNrYWdlcy9zdGFybGV0dGUvdGVzdGNsaWVudC5weSIsIGxpbmUgMzQ1LCBpbiBoYW5kbGVfcmVxdWVzdAogICAgfCAgICAgcG9ydGFsLmNhbGwoc2VsZi5hcHAsIHNjb3BlLCByZWNlaXZlLCBzZW5kKQogICAgfCAgICAgfn5+fn5+fn5+fn5eXl5eXl5eXl5eXl5eXl5eXl5eXl5eXl5eXl5eXl5eXgogICAgfCAgIEZpbGUgIi9ob21lL3J1bm5lci93b3JrL0dPL0dPL2lzb2xhdGVkLXJ1bnRpbWUvbGliL3B5dGhvbjMu
2026-09-10T03:32:04.2467764Z GO_EVIDENCE_B64 MTMvc2l0ZS1wYWNrYWdlcy9hbnlpby9mcm9tX3RocmVhZC5weSIsIGxpbmUgMzM0LCBpbiBjYWxsCiAgICB8ICAgICByZXR1cm4gY2FzdChUX1JldHZhbCwgc2VsZi5zdGFydF90YXNrX3Nvb24oZnVuYywgKmFyZ3MpLnJlc3VsdCgpKQogICAgfCAgICAgICAgICAgICAgICAgICAgICAgICAgIH5+fn5+fn5+fn5+fn5+fn5+fn5+fn5+fn5+fn5+fn5+fn5+fn5+fn5eXgogICAgfCAgIEZpbGUgIi9vcHQvaG9zdGVkdG9vbGNhY2hlL1B5dGhvbi8zLjEzLjUveDY0L2xpYi9weXRob24zLjEzL2NvbmN1cnJlbnQvZnV0dXJlcy9fYmFz
2026-09-10T03:32:04.2473399Z GO_EVIDENCE_B64 ZS5weSIsIGxpbmUgNDU2LCBpbiByZXN1bHQKICAgIHwgICAgIHJldHVybiBzZWxmLl9fZ2V0X3Jlc3VsdCgpCiAgICB8ICAgICAgICAgICAgfn5+fn5+fn5+fn5+fn5+fn5eXgogICAgfCAgIEZpbGUgIi9vcHQvaG9zdGVkdG9vbGNhY2hlL1B5dGhvbi8zLjEzLjUveDY0L2xpYi9weXRob24zLjEzL2NvbmN1cnJlbnQvZnV0dXJlcy9fYmFzZS5weSIsIGxpbmUgNDAxLCBpbiBfX2dldF9yZXN1bHQKICAgIHwgICAgIHJhaXNlIHNlbGYuX2V4Y2VwdGlvbgogICAgfCAgIEZpbGUgIi9ob21lL3J1bm5lci93b3JrL0dPL0dPL2lzb2xh
2026-09-10T03:32:04.2479203Z GO_EVIDENCE_B64 dGVkLXJ1bnRpbWUvbGliL3B5dGhvbjMuMTMvc2l0ZS1wYWNrYWdlcy9hbnlpby9mcm9tX3RocmVhZC5weSIsIGxpbmUgMjU5LCBpbiBfY2FsbF9mdW5jCiAgICB8ICAgICByZXR2YWwgPSBhd2FpdCByZXR2YWxfb3JfYXdhaXRhYmxlCiAgICB8ICAgICAgICAgICAgICBeXl5eXl5eXl5eXl5eXl5eXl5eXl5eXl5eCiAgICB8ICAgRmlsZSAiL2hvbWUvcnVubmVyL3dvcmsvR08vR08vaXNvbGF0ZWQtcnVudGltZS9saWIvcHl0aG9uMy4xMy9zaXRlLXBhY2thZ2VzL2Zhc3RhcGkvYXBwbGljYXRpb25zLnB5IiwgbGluZSAxMTM4LCBp
2026-09-10T03:32:04.2484983Z GO_EVIDENCE_B64 biBfX2NhbGxfXwogICAgfCAgICAgYXdhaXQgc3VwZXIoKS5fX2NhbGxfXyhzY29wZSwgcmVjZWl2ZSwgc2VuZCkKICAgIHwgICBGaWxlICIvaG9tZS9ydW5uZXIvd29yay9HTy9HTy9pc29sYXRlZC1ydW50aW1lL2xpYi9weXRob24zLjEzL3NpdGUtcGFja2FnZXMvc3RhcmxldHRlL2FwcGxpY2F0aW9ucy5weSIsIGxpbmUgMTA3LCBpbiBfX2NhbGxfXwogICAgfCAgICAgYXdhaXQgc2VsZi5taWRkbGV3YXJlX3N0YWNrKHNjb3BlLCByZWNlaXZlLCBzZW5kKQogICAgfCAgIEZpbGUgIi9ob21lL3J1bm5lci93b3JrL0dPL0dPL2lz
2026-09-10T03:32:04.2490764Z GO_EVIDENCE_B64 b2xhdGVkLXJ1bnRpbWUvbGliL3B5dGhvbjMuMTMvc2l0ZS1wYWNrYWdlcy9zdGFybGV0dGUvbWlkZGxld2FyZS9lcnJvcnMucHkiLCBsaW5lIDE4NiwgaW4gX19jYWxsX18KICAgIHwgICAgIHJhaXNlIGV4YwogICAgfCAgIEZpbGUgIi9ob21lL3J1bm5lci93b3JrL0dPL0dPL2lzb2xhdGVkLXJ1bnRpbWUvbGliL3B5dGhvbjMuMTMvc2l0ZS1wYWNrYWdlcy9zdGFybGV0dGUvbWlkZGxld2FyZS9lcnJvcnMucHkiLCBsaW5lIDE2NCwgaW4gX19jYWxsX18KICAgIHwgICAgIGF3YWl0IHNlbGYuYXBwKHNjb3BlLCByZWNlaXZlLCBf
2026-09-10T03:32:04.2496496Z GO_EVIDENCE_B64 c2VuZCkKICAgIHwgICBGaWxlICIvaG9tZS9ydW5uZXIvd29yay9HTy9HTy9pc29sYXRlZC1ydW50aW1lL2xpYi9weXRob24zLjEzL3NpdGUtcGFja2FnZXMvc3RhcmxldHRlL21pZGRsZXdhcmUvYmFzZS5weSIsIGxpbmUgMTkxLCBpbiBfX2NhbGxfXwogICAgfCAgICAgd2l0aCByZWN2X3N0cmVhbSwgc2VuZF9zdHJlYW0sIGNvbGxhcHNlX2V4Y2dyb3VwcygpOgogICAgfCAgICAgICAgICAgICAgICAgICAgICAgICAgICAgICAgICAgIH5+fn5+fn5+fn5+fn5+fn5+fl5eCiAgICB8ICAgRmlsZSAiL29wdC9ob3N0ZWR0b29sY2Fj
2026-09-10T03:32:04.2502321Z GO_EVIDENCE_B64 aGUvUHl0aG9uLzMuMTMuNS94NjQvbGliL3B5dGhvbjMuMTMvY29udGV4dGxpYi5weSIsIGxpbmUgMTYyLCBpbiBfX2V4aXRfXwogICAgfCAgICAgc2VsZi5nZW4udGhyb3codmFsdWUpCiAgICB8ICAgICB+fn5+fn5+fn5+fn5+fl5eXl5eXl4KICAgIHwgICBGaWxlICIvaG9tZS9ydW5uZXIvd29yay9HTy9HTy9pc29sYXRlZC1ydW50aW1lL2xpYi9weXRob24zLjEzL3NpdGUtcGFja2FnZXMvc3RhcmxldHRlL191dGlscy5weSIsIGxpbmUgODUsIGluIGNvbGxhcHNlX2V4Y2dyb3VwcwogICAgfCAgICAgcmFpc2UgZXhjCiAgICB8
2026-09-10T03:32:04.2508035Z GO_EVIDENCE_B64 ICAgRmlsZSAiL2hvbWUvcnVubmVyL3dvcmsvR08vR08vaXNvbGF0ZWQtcnVudGltZS9saWIvcHl0aG9uMy4xMy9zaXRlLXBhY2thZ2VzL3N0YXJsZXR0ZS9taWRkbGV3YXJlL2Jhc2UucHkiLCBsaW5lIDE5MywgaW4gX19jYWxsX18KICAgIHwgICAgIHJlc3BvbnNlID0gYXdhaXQgc2VsZi5kaXNwYXRjaF9mdW5jKHJlcXVlc3QsIGNhbGxfbmV4dCkKICAgIHwgICAgICAgICAgICAgICAgXl5eXl5eXl5eXl5eXl5eXl5eXl5eXl5eXl5eXl5eXl5eXl5eXl5eXl5eXl4KICAgIHwgICBGaWxlICIvaG9tZS9ydW5uZXIvd29yay9HTy9H
2026-09-10T03:32:04.2513838Z GO_EVIDENCE_B64 Ty9yZXN0b3JlZC9zcmMvZ29faG90ZWwvbWFpbi5weSIsIGxpbmUgMjgyLCBpbiBkaXNwYXRjaAogICAgfCAgICAgcmVzcG9uc2U9YXdhaXQgY2FsbF9uZXh0KHJlcXVlc3QpCiAgICB8ICAgICAgICAgICAgICBeXl5eXl5eXl5eXl5eXl5eXl5eXl5eXl4KICAgIHwgICBGaWxlICIvaG9tZS9ydW5uZXIvd29yay9HTy9HTy9pc29sYXRlZC1ydW50aW1lL2xpYi9weXRob24zLjEzL3NpdGUtcGFja2FnZXMvc3RhcmxldHRlL21pZGRsZXdhcmUvYmFzZS5weSIsIGxpbmUgMTY4LCBpbiBjYWxsX25leHQKICAgIHwgICAgIHJhaXNlIGFw
2026-09-10T03:32:04.2519579Z GO_EVIDENCE_B64 cF9leGMgZnJvbSBhcHBfZXhjLl9fY2F1c2VfXyBvciBhcHBfZXhjLl9fY29udGV4dF9fCiAgICB8ICAgRmlsZSAiL2hvbWUvcnVubmVyL3dvcmsvR08vR08vaXNvbGF0ZWQtcnVudGltZS9saWIvcHl0aG9uMy4xMy9zaXRlLXBhY2thZ2VzL3N0YXJsZXR0ZS9taWRkbGV3YXJlL2Jhc2UucHkiLCBsaW5lIDE0NCwgaW4gY29ybwogICAgfCAgICAgYXdhaXQgc2VsZi5hcHAoc2NvcGUsIHJlY2VpdmVfb3JfZGlzY29ubmVjdCwgc2VuZF9ub19lcnJvcikKICAgIHwgICBGaWxlICIvaG9tZS9ydW5uZXIvd29yay9HTy9HTy9pc29sYXRl
2026-09-10T03:32:04.2525214Z GO_EVIDENCE_B64 ZC1ydW50aW1lL2xpYi9weXRob24zLjEzL3NpdGUtcGFja2FnZXMvc3RhcmxldHRlL21pZGRsZXdhcmUvYmFzZS5weSIsIGxpbmUgMTkxLCBpbiBfX2NhbGxfXwogICAgfCAgICAgd2l0aCByZWN2X3N0cmVhbSwgc2VuZF9zdHJlYW0sIGNvbGxhcHNlX2V4Y2dyb3VwcygpOgogICAgfCAgICAgICAgICAgICAgICAgICAgICAgICAgICAgICAgICAgIH5+fn5+fn5+fn5+fn5+fn5+fl5eCiAgICB8ICAgRmlsZSAiL29wdC9ob3N0ZWR0b29sY2FjaGUvUHl0aG9uLzMuMTMuNS94NjQvbGliL3B5dGhvbjMuMTMvY29udGV4dGxpYi5weSIs
2026-09-10T03:32:04.2530931Z GO_EVIDENCE_B64 IGxpbmUgMTYyLCBpbiBfX2V4aXRfXwogICAgfCAgICAgc2VsZi5nZW4udGhyb3codmFsdWUpCiAgICB8ICAgICB+fn5+fn5+fn5+fn5+fl5eXl5eXl4KICAgIHwgICBGaWxlICIvaG9tZS9ydW5uZXIvd29yay9HTy9HTy9pc29sYXRlZC1ydW50aW1lL2xpYi9weXRob24zLjEzL3NpdGUtcGFja2FnZXMvc3RhcmxldHRlL191dGlscy5weSIsIGxpbmUgODUsIGluIGNvbGxhcHNlX2V4Y2dyb3VwcwogICAgfCAgICAgcmFpc2UgZXhjCiAgICB8ICAgRmlsZSAiL2hvbWUvcnVubmVyL3dvcmsvR08vR08vaXNvbGF0ZWQtcnVudGltZS9s
2026-09-10T03:32:04.2536613Z GO_EVIDENCE_B64 aWIvcHl0aG9uMy4xMy9zaXRlLXBhY2thZ2VzL3N0YXJsZXR0ZS9taWRkbGV3YXJlL2Jhc2UucHkiLCBsaW5lIDE5MywgaW4gX19jYWxsX18KICAgIHwgICAgIHJlc3BvbnNlID0gYXdhaXQgc2VsZi5kaXNwYXRjaF9mdW5jKHJlcXVlc3QsIGNhbGxfbmV4dCkKICAgIHwgICAgICAgICAgICAgICAgXl5eXl5eXl5eXl5eXl5eXl5eXl5eXl5eXl5eXl5eXl5eXl5eXl5eXl5eXl4KICAgIHwgICBGaWxlICIvaG9tZS9ydW5uZXIvd29yay9HTy9HTy9yZXN0b3JlZC9zcmMvZ29faG90ZWwvbWFpbi5weSIsIGxpbmUgMjUzLCBpbiBkaXNw
2026-09-10T03:32:04.2542268Z GO_EVIDENCE_B64 YXRjaAogICAgfCAgICAgcmVzcG9uc2U9YXdhaXQgY2FsbF9uZXh0KHJlcXVlc3QpCiAgICB8ICAgICAgICAgICAgICBeXl5eXl5eXl5eXl5eXl5eXl5eXl5eXl4KICAgIHwgICBGaWxlICIvaG9tZS9ydW5uZXIvd29yay9HTy9HTy9pc29sYXRlZC1ydW50aW1lL2xpYi9weXRob24zLjEzL3NpdGUtcGFja2FnZXMvc3RhcmxldHRlL21pZGRsZXdhcmUvYmFzZS5weSIsIGxpbmUgMTY4LCBpbiBjYWxsX25leHQKICAgIHwgICAgIHJhaXNlIGFwcF9leGMgZnJvbSBhcHBfZXhjLl9fY2F1c2VfXyBvciBhcHBfZXhjLl9fY29udGV4dF9f
2026-09-10T03:32:04.2547991Z GO_EVIDENCE_B64 CiAgICB8ICAgRmlsZSAiL2hvbWUvcnVubmVyL3dvcmsvR08vR08vaXNvbGF0ZWQtcnVudGltZS9saWIvcHl0aG9uMy4xMy9zaXRlLXBhY2thZ2VzL3N0YXJsZXR0ZS9taWRkbGV3YXJlL2Jhc2UucHkiLCBsaW5lIDE0NCwgaW4gY29ybwogICAgfCAgICAgYXdhaXQgc2VsZi5hcHAoc2NvcGUsIHJlY2VpdmVfb3JfZGlzY29ubmVjdCwgc2VuZF9ub19lcnJvcikKICAgIHwgICBGaWxlICIvaG9tZS9ydW5uZXIvd29yay9HTy9HTy9pc29sYXRlZC1ydW50aW1lL2xpYi9weXRob24zLjEzL3NpdGUtcGFja2FnZXMvc3RhcmxldHRlL21p
2026-09-10T03:32:04.2553653Z GO_EVIDENCE_B64 ZGRsZXdhcmUvYmFzZS5weSIsIGxpbmUgMTkxLCBpbiBfX2NhbGxfXwogICAgfCAgICAgd2l0aCByZWN2X3N0cmVhbSwgc2VuZF9zdHJlYW0sIGNvbGxhcHNlX2V4Y2dyb3VwcygpOgogICAgfCAgICAgICAgICAgICAgICAgICAgICAgICAgICAgICAgICAgIH5+fn5+fn5+fn5+fn5+fn5+fl5eCiAgICB8ICAgRmlsZSAiL29wdC9ob3N0ZWR0b29sY2FjaGUvUHl0aG9uLzMuMTMuNS94NjQvbGliL3B5dGhvbjMuMTMvY29udGV4dGxpYi5weSIsIGxpbmUgMTYyLCBpbiBfX2V4aXRfXwogICAgfCAgICAgc2VsZi5nZW4udGhyb3codmFs
2026-09-10T03:32:04.2559494Z GO_EVIDENCE_B64 dWUpCiAgICB8ICAgICB+fn5+fn5+fn5+fn5+fl5eXl5eXl4KICAgIHwgICBGaWxlICIvaG9tZS9ydW5uZXIvd29yay9HTy9HTy9pc29sYXRlZC1ydW50aW1lL2xpYi9weXRob24zLjEzL3NpdGUtcGFja2FnZXMvc3RhcmxldHRlL191dGlscy5weSIsIGxpbmUgODUsIGluIGNvbGxhcHNlX2V4Y2dyb3VwcwogICAgfCAgICAgcmFpc2UgZXhjCiAgICB8ICAgRmlsZSAiL2hvbWUvcnVubmVyL3dvcmsvR08vR08vaXNvbGF0ZWQtcnVudGltZS9saWIvcHl0aG9uMy4xMy9zaXRlLXBhY2thZ2VzL3N0YXJsZXR0ZS9taWRkbGV3YXJlL2Jh
2026-09-10T03:32:04.2565106Z GO_EVIDENCE_B64 c2UucHkiLCBsaW5lIDE5MywgaW4gX19jYWxsX18KICAgIHwgICAgIHJlc3BvbnNlID0gYXdhaXQgc2VsZi5kaXNwYXRjaF9mdW5jKHJlcXVlc3QsIGNhbGxfbmV4dCkKICAgIHwgICAgICAgICAgICAgICAgXl5eXl5eXl5eXl5eXl5eXl5eXl5eXl5eXl5eXl5eXl5eXl5eXl5eXl5eXl4KICAgIHwgICBGaWxlICIvaG9tZS9ydW5uZXIvd29yay9HTy9HTy9yZXN0b3JlZC9zcmMvZ29faG90ZWwvbWFpbi5weSIsIGxpbmUgMjA3LCBpbiBkaXNwYXRjaAogICAgfCAgICAgcmVzcG9uc2U9YXdhaXQgY2FsbF9uZXh0KHJlcXVlc3QpCiAg
2026-09-10T03:32:04.2570968Z GO_EVIDENCE_B64 ICB8ICAgICAgICAgICAgICBeXl5eXl5eXl5eXl5eXl5eXl5eXl5eXl4KICAgIHwgICBGaWxlICIvaG9tZS9ydW5uZXIvd29yay9HTy9HTy9pc29sYXRlZC1ydW50aW1lL2xpYi9weXRob24zLjEzL3NpdGUtcGFja2FnZXMvc3RhcmxldHRlL21pZGRsZXdhcmUvYmFzZS5weSIsIGxpbmUgMTY4LCBpbiBjYWxsX25leHQKICAgIHwgICAgIHJhaXNlIGFwcF9leGMgZnJvbSBhcHBfZXhjLl9fY2F1c2VfXyBvciBhcHBfZXhjLl9fY29udGV4dF9fCiAgICB8ICAgRmlsZSAiL2hvbWUvcnVubmVyL3dvcmsvR08vR08vaXNvbGF0ZWQtcnVu
2026-09-10T03:32:04.2576673Z GO_EVIDENCE_B64 dGltZS9saWIvcHl0aG9uMy4xMy9zaXRlLXBhY2thZ2VzL3N0YXJsZXR0ZS9taWRkbGV3YXJlL2Jhc2UucHkiLCBsaW5lIDE0NCwgaW4gY29ybwogICAgfCAgICAgYXdhaXQgc2VsZi5hcHAoc2NvcGUsIHJlY2VpdmVfb3JfZGlzY29ubmVjdCwgc2VuZF9ub19lcnJvcikKICAgIHwgICBGaWxlICIvaG9tZS9ydW5uZXIvd29yay9HTy9HTy9pc29sYXRlZC1ydW50aW1lL2xpYi9weXRob24zLjEzL3NpdGUtcGFja2FnZXMvc3RhcmxldHRlL21pZGRsZXdhcmUvZXhjZXB0aW9ucy5weSIsIGxpbmUgNjMsIGluIF9fY2FsbF9fCiAgICB8
2026-09-10T03:32:04.2582337Z GO_EVIDENCE_B64 ICAgICBhd2FpdCB3cmFwX2FwcF9oYW5kbGluZ19leGNlcHRpb25zKHNlbGYuYXBwLCBjb25uKShzY29wZSwgcmVjZWl2ZSwgc2VuZCkKICAgIHwgICBGaWxlICIvaG9tZS9ydW5uZXIvd29yay9HTy9HTy9pc29sYXRlZC1ydW50aW1lL2xpYi9weXRob24zLjEzL3NpdGUtcGFja2FnZXMvc3RhcmxldHRlL19leGNlcHRpb25faGFuZGxlci5weSIsIGxpbmUgNTMsIGluIHdyYXBwZWRfYXBwCiAgICB8ICAgICByYWlzZSBleGMKICAgIHwgICBGaWxlICIvaG9tZS9ydW5uZXIvd29yay9HTy9HTy9pc29sYXRlZC1ydW50aW1lL2xpYi9w
2026-09-10T03:32:04.2588095Z GO_EVIDENCE_B64 eXRob24zLjEzL3NpdGUtcGFja2FnZXMvc3RhcmxldHRlL19leGNlcHRpb25faGFuZGxlci5weSIsIGxpbmUgNDIsIGluIHdyYXBwZWRfYXBwCiAgICB8ICAgICBhd2FpdCBhcHAoc2NvcGUsIHJlY2VpdmUsIHNlbmRlcikKICAgIHwgICBGaWxlICIvaG9tZS9ydW5uZXIvd29yay9HTy9HTy9pc29sYXRlZC1ydW50aW1lL2xpYi9weXRob24zLjEzL3NpdGUtcGFja2FnZXMvZmFzdGFwaS9taWRkbGV3YXJlL2FzeW5jZXhpdHN0YWNrLnB5IiwgbGluZSAxOCwgaW4gX19jYWxsX18KICAgIHwgICAgIGF3YWl0IHNlbGYuYXBwKHNjb3Bl
2026-09-10T03:32:04.2593798Z GO_EVIDENCE_B64 LCByZWNlaXZlLCBzZW5kKQogICAgfCAgIEZpbGUgIi9ob21lL3J1bm5lci93b3JrL0dPL0dPL2lzb2xhdGVkLXJ1bnRpbWUvbGliL3B5dGhvbjMuMTMvc2l0ZS1wYWNrYWdlcy9zdGFybGV0dGUvcm91dGluZy5weSIsIGxpbmUgNzE2LCBpbiBfX2NhbGxfXwogICAgfCAgICAgYXdhaXQgc2VsZi5taWRkbGV3YXJlX3N0YWNrKHNjb3BlLCByZWNlaXZlLCBzZW5kKQogICAgfCAgIEZpbGUgIi9ob21lL3J1bm5lci93b3JrL0dPL0dPL2lzb2xhdGVkLXJ1bnRpbWUvbGliL3B5dGhvbjMuMTMvc2l0ZS1wYWNrYWdlcy9zdGFybGV0dGUv
2026-09-10T03:32:04.2599567Z GO_EVIDENCE_B64 cm91dGluZy5weSIsIGxpbmUgNzM2LCBpbiBhcHAKICAgIHwgICAgIGF3YWl0IHJvdXRlLmhhbmRsZShzY29wZSwgcmVjZWl2ZSwgc2VuZCkKICAgIHwgICBGaWxlICIvaG9tZS9ydW5uZXIvd29yay9HTy9HTy9pc29sYXRlZC1ydW50aW1lL2xpYi9weXRob24zLjEzL3NpdGUtcGFja2FnZXMvc3RhcmxldHRlL3JvdXRpbmcucHkiLCBsaW5lIDI5MCwgaW4gaGFuZGxlCiAgICB8ICAgICBhd2FpdCBzZWxmLmFwcChzY29wZSwgcmVjZWl2ZSwgc2VuZCkKICAgIHwgICBGaWxlICIvaG9tZS9ydW5uZXIvd29yay9HTy9HTy9pc29sYXRl
2026-09-10T03:32:04.2605242Z GO_EVIDENCE_B64 ZC1ydW50aW1lL2xpYi9weXRob24zLjEzL3NpdGUtcGFja2FnZXMvZmFzdGFwaS9yb3V0aW5nLnB5IiwgbGluZSAxMTUsIGluIGFwcAogICAgfCAgICAgYXdhaXQgd3JhcF9hcHBfaGFuZGxpbmdfZXhjZXB0aW9ucyhhcHAsIHJlcXVlc3QpKHNjb3BlLCByZWNlaXZlLCBzZW5kKQogICAgfCAgIEZpbGUgIi9ob21lL3J1bm5lci93b3JrL0dPL0dPL2lzb2xhdGVkLXJ1bnRpbWUvbGliL3B5dGhvbjMuMTMvc2l0ZS1wYWNrYWdlcy9zdGFybGV0dGUvX2V4Y2VwdGlvbl9oYW5kbGVyLnB5IiwgbGluZSA1MywgaW4gd3JhcHBlZF9hcHAK
2026-09-10T03:32:04.2611153Z GO_EVIDENCE_B64 ICAgIHwgICAgIHJhaXNlIGV4YwogICAgfCAgIEZpbGUgIi9ob21lL3J1bm5lci93b3JrL0dPL0dPL2lzb2xhdGVkLXJ1bnRpbWUvbGliL3B5dGhvbjMuMTMvc2l0ZS1wYWNrYWdlcy9zdGFybGV0dGUvX2V4Y2VwdGlvbl9oYW5kbGVyLnB5IiwgbGluZSA0MiwgaW4gd3JhcHBlZF9hcHAKICAgIHwgICAgIGF3YWl0IGFwcChzY29wZSwgcmVjZWl2ZSwgc2VuZGVyKQogICAgfCAgIEZpbGUgIi9ob21lL3J1bm5lci93b3JrL0dPL0dPL2lzb2xhdGVkLXJ1bnRpbWUvbGliL3B5dGhvbjMuMTMvc2l0ZS1wYWNrYWdlcy9mYXN0YXBpL3Jv
2026-09-10T03:32:04.2616929Z GO_EVIDENCE_B64 dXRpbmcucHkiLCBsaW5lIDEwMSwgaW4gYXBwCiAgICB8ICAgICByZXNwb25zZSA9IGF3YWl0IGYocmVxdWVzdCkKICAgIHwgICAgICAgICAgICAgICAgXl5eXl5eXl5eXl5eXl5eXgogICAgfCAgIEZpbGUgIi9ob21lL3J1bm5lci93b3JrL0dPL0dPL2lzb2xhdGVkLXJ1bnRpbWUvbGliL3B5dGhvbjMuMTMvc2l0ZS1wYWNrYWdlcy9mYXN0YXBpL3JvdXRpbmcucHkiLCBsaW5lIDM1NSwgaW4gYXBwCiAgICB8ICAgICByYXdfcmVzcG9uc2UgPSBhd2FpdCBydW5fZW5kcG9pbnRfZnVuY3Rpb24oCiAgICB8ICAgICAgICAgICAgICAg
2026-09-10T03:32:04.2622765Z GO_EVIDENCE_B64 ICAgICBeXl5eXl5eXl5eXl5eXl5eXl5eXl5eXl5eXl5eCiAgICB8ICAgICAuLi4mbHQ7MyBsaW5lcyZndDsuLi4KICAgIHwgICAgICkKICAgIHwgICAgIF4KICAgIHwgICBGaWxlICIvaG9tZS9ydW5uZXIvd29yay9HTy9HTy9pc29sYXRlZC1ydW50aW1lL2xpYi9weXRob24zLjEzL3NpdGUtcGFja2FnZXMvZmFzdGFwaS9yb3V0aW5nLnB5IiwgbGluZSAyNDUsIGluIHJ1bl9lbmRwb2ludF9mdW5jdGlvbgogICAgfCAgICAgcmV0dXJuIGF3YWl0IHJ1bl9pbl90aHJlYWRwb29sKGRlcGVuZGFudC5jYWxsLCAqKnZhbHVlcykKICAg
2026-09-10T03:32:04.2628464Z GO_EVIDENCE_B64 IHwgICAgICAgICAgICBeXl5eXl5eXl5eXl5eXl5eXl5eXl5eXl5eXl5eXl5eXl5eXl5eXl5eXl5eXl5eXl5eCiAgICB8ICAgRmlsZSAiL2hvbWUvcnVubmVyL3dvcmsvR08vR08vaXNvbGF0ZWQtcnVudGltZS9saWIvcHl0aG9uMy4xMy9zaXRlLXBhY2thZ2VzL3N0YXJsZXR0ZS9jb25jdXJyZW5jeS5weSIsIGxpbmUgMzIsIGluIHJ1bl9pbl90aHJlYWRwb29sCiAgICB8ICAgICByZXR1cm4gYXdhaXQgYW55aW8udG9fdGhyZWFkLnJ1bl9zeW5jKGZ1bmMpCiAgICB8ICAgICAgICAgICAgXl5eXl5eXl5eXl5eXl5eXl5eXl5eXl5e
2026-09-10T03:32:04.2634048Z GO_EVIDENCE_B64 Xl5eXl5eXl5eXl5eCiAgICB8ICAgRmlsZSAiL2hvbWUvcnVubmVyL3dvcmsvR08vR08vaXNvbGF0ZWQtcnVudGltZS9saWIvcHl0aG9uMy4xMy9zaXRlLXBhY2thZ2VzL2FueWlvL3RvX3RocmVhZC5weSIsIGxpbmUgNjMsIGluIHJ1bl9zeW5jCiAgICB8ICAgICByZXR1cm4gYXdhaXQgZ2V0X2FzeW5jX2JhY2tlbmQoKS5ydW5fc3luY19pbl93b3JrZXJfdGhyZWFkKAogICAgfCAgICAgICAgICAgIF5eXl5eXl5eXl5eXl5eXl5eXl5eXl5eXl5eXl5eXl5eXl5eXl5eXl5eXl5eXl5eXl5eXl4KICAgIHwgICAgICAgICBmdW5jLCBh
2026-09-10T03:32:04.2639733Z GO_EVIDENCE_B64 cmdzLCBhYmFuZG9uX29uX2NhbmNlbD1hYmFuZG9uX29uX2NhbmNlbCwgbGltaXRlcj1saW1pdGVyCiAgICB8ICAgICAgICAgXl5eXl5eXl5eXl5eXl5eXl5eXl5eXl5eXl5eXl5eXl5eXl5eXl5eXl5eXl5eXl5eXl5eXl5eXl5eXl5eXl5eXgogICAgfCAgICAgKQogICAgfCAgICAgXgogICAgfCAgIEZpbGUgIi9ob21lL3J1bm5lci93b3JrL0dPL0dPL2lzb2xhdGVkLXJ1bnRpbWUvbGliL3B5dGhvbjMuMTMvc2l0ZS1wYWNrYWdlcy9hbnlpby9fYmFja2VuZHMvX2FzeW5jaW8ucHkiLCBsaW5lIDI1MTgsIGluIHJ1bl9zeW5jX2lu
2026-09-10T03:32:04.2645553Z GO_EVIDENCE_B64 X3dvcmtlcl90aHJlYWQKICAgIHwgICAgIHJldHVybiBhd2FpdCBmdXR1cmUKICAgIHwgICAgICAgICAgICBeXl5eXl5eXl5eXl4KICAgIHwgICBGaWxlICIvaG9tZS9ydW5uZXIvd29yay9HTy9HTy9pc29sYXRlZC1ydW50aW1lL2xpYi9weXRob24zLjEzL3NpdGUtcGFja2FnZXMvYW55aW8vX2JhY2tlbmRzL19hc3luY2lvLnB5IiwgbGluZSAxMDAyLCBpbiBydW4KICAgIHwgICAgIHJlc3VsdCA9IGNvbnRleHQucnVuKGZ1bmMsICphcmdzKQogICAgfCAgIEZpbGUgIi9ob21lL3J1bm5lci93b3JrL0dPL0dPL3Jlc3RvcmVkL3Ny
2026-09-10T03:32:04.2651398Z GO_EVIDENCE_B64 Yy9nb19ob3RlbC9hcGkvcm91dGVzL21vYmlsZS5weSIsIGxpbmUgOTYsIGluIG1vYmlsZV9leGlzdGluZ19jYW5jZWxfcXVvdGUKICAgIHwgICAgIHdpdGggU2Vzc2lvbkxvY2FsKCkgYXMgczoKICAgIHwgICAgICAgICAgXl5eXl5eXl5eXl5eCiAgICB8IE5hbWVFcnJvcjogbmFtZSAnU2Vzc2lvbkxvY2FsJyBpcyBub3QgZGVmaW5lZAogICAgKy0tLS0tLS0tLS0tLS0tLS0tLS0tLS0tLS0tLS0tLS0tLS0tLQoKVGhlIGFib3ZlIGV4Y2VwdGlvbiB3YXMgdGhlIGRpcmVjdCBjYXVzZSBvZiB0aGUgZm9sbG93aW5nIGV4Y2VwdGlv
2026-09-10T03:32:04.2657269Z GO_EVIDENCE_B64 bjoKClRyYWNlYmFjayAobW9zdCByZWNlbnQgY2FsbCBsYXN0KToKICBGaWxlICIvaG9tZS9ydW5uZXIvd29yay9HTy9HTy9yZXN0b3JlZC90ZXN0cy90ZXN0X2RlcHRoMzRfaG90ZWxfcXVvdGVfcmVhZC5weSIsIGxpbmUgNTIsIGluIHRlc3RfY3VycmVudF9vcmRlcl9yZXZpc2lvbl9zdGlsbF9yZWNoZWNrZWRfYXRfZXhlY3V0aW9uX3dpdGhfc2FtZV9hbW91bnQKICAgIGFzc2VydCBkYXRhKGNsaWVudC5nZXQocGF0aCxoZWFkZXJzPWgpKT09cQogICAgICAgICAgICAgICAgfn5+fn5+fn5+fl5eXl5eXl5eXl5eXl5eXl4KICBG
2026-09-10T03:32:04.2663090Z GO_EVIDENCE_B64 aWxlICIvaG9tZS9ydW5uZXIvd29yay9HTy9HTy9pc29sYXRlZC1ydW50aW1lL2xpYi9weXRob24zLjEzL3NpdGUtcGFja2FnZXMvc3RhcmxldHRlL3Rlc3RjbGllbnQucHkiLCBsaW5lIDQ3MywgaW4gZ2V0CiAgICByZXR1cm4gc3VwZXIoKS5nZXQoCiAgICAgICAgICAgfn5+fn5+fn5+fn5eCiAgICAgICAgdXJsLAogICAgICAgIF5eXl4KICAgIC4uLiZsdDs2IGxpbmVzJmd0Oy4uLgogICAgICAgIGV4dGVuc2lvbnM9ZXh0ZW5zaW9ucywKICAgICAgICBeXl5eXl5eXl5eXl5eXl5eXl5eXl5eCiAgICApCiAgICBeCiAgRmlsZSAi
2026-09-10T03:32:04.2668829Z GO_EVIDENCE_B64 L2hvbWUvcnVubmVyL3dvcmsvR08vR08vaXNvbGF0ZWQtcnVudGltZS9saWIvcHl0aG9uMy4xMy9zaXRlLXBhY2thZ2VzL2h0dHB4L19jbGllbnQucHkiLCBsaW5lIDEwNTMsIGluIGdldAogICAgcmV0dXJuIHNlbGYucmVxdWVzdCgKICAgICAgICAgICB+fn5+fn5+fn5+fn5eCiAgICAgICAgIkdFVCIsCiAgICAgICAgXl5eXl5eCiAgICAuLi4mbHQ7NyBsaW5lcyZndDsuLi4KICAgICAgICBleHRlbnNpb25zPWV4dGVuc2lvbnMsCiAgICAgICAgXl5eXl5eXl5eXl5eXl5eXl5eXl5eXgogICAgKQogICAgXgogIEZpbGUgIi9ob21l
2026-09-10T03:32:04.2674604Z GO_EVIDENCE_B64 L3J1bm5lci93b3JrL0dPL0dPL2lzb2xhdGVkLXJ1bnRpbWUvbGliL3B5dGhvbjMuMTMvc2l0ZS1wYWNrYWdlcy9zdGFybGV0dGUvdGVzdGNsaWVudC5weSIsIGxpbmUgNDQ1LCBpbiByZXF1ZXN0CiAgICByZXR1cm4gc3VwZXIoKS5yZXF1ZXN0KAogICAgICAgICAgIH5+fn5+fn5+fn5+fn5+fl4KICAgICAgICBtZXRob2QsCiAgICAgICAgXl5eXl5eXgogICAgLi4uJmx0OzExIGxpbmVzJmd0Oy4uLgogICAgICAgIGV4dGVuc2lvbnM9ZXh0ZW5zaW9ucywKICAgICAgICBeXl5eXl5eXl5eXl5eXl5eXl5eXl5eCiAgICApCiAgICBe
2026-09-10T03:32:04.2680348Z GO_EVIDENCE_B64 CiAgRmlsZSAiL2hvbWUvcnVubmVyL3dvcmsvR08vR08vaXNvbGF0ZWQtcnVudGltZS9saWIvcHl0aG9uMy4xMy9zaXRlLXBhY2thZ2VzL2h0dHB4L19jbGllbnQucHkiLCBsaW5lIDgyNSwgaW4gcmVxdWVzdAogICAgcmV0dXJuIHNlbGYuc2VuZChyZXF1ZXN0LCBhdXRoPWF1dGgsIGZvbGxvd19yZWRpcmVjdHM9Zm9sbG93X3JlZGlyZWN0cykKICAgICAgICAgICB+fn5+fn5+fn5eXl5eXl5eXl5eXl5eXl5eXl5eXl5eXl5eXl5eXl5eXl5eXl5eXl5eXl5eXl5eXl5eXl5eXl5eCiAgRmlsZSAiL2hvbWUvcnVubmVyL3dvcmsvR08v
2026-09-10T03:32:04.2686117Z GO_EVIDENCE_B64 R08vaXNvbGF0ZWQtcnVudGltZS9saWIvcHl0aG9uMy4xMy9zaXRlLXBhY2thZ2VzL2h0dHB4L19jbGllbnQucHkiLCBsaW5lIDkxNCwgaW4gc2VuZAogICAgcmVzcG9uc2UgPSBzZWxmLl9zZW5kX2hhbmRsaW5nX2F1dGgoCiAgICAgICAgcmVxdWVzdCwKICAgIC4uLiZsdDsyIGxpbmVzJmd0Oy4uLgogICAgICAgIGhpc3Rvcnk9W10sCiAgICApCiAgRmlsZSAiL2hvbWUvcnVubmVyL3dvcmsvR08vR08vaXNvbGF0ZWQtcnVudGltZS9saWIvcHl0aG9uMy4xMy9zaXRlLXBhY2thZ2VzL2h0dHB4L19jbGllbnQucHkiLCBsaW5lIDk0
2026-09-10T03:32:04.2691835Z GO_EVIDENCE_B64 MiwgaW4gX3NlbmRfaGFuZGxpbmdfYXV0aAogICAgcmVzcG9uc2UgPSBzZWxmLl9zZW5kX2hhbmRsaW5nX3JlZGlyZWN0cygKICAgICAgICByZXF1ZXN0LAogICAgICAgIGZvbGxvd19yZWRpcmVjdHM9Zm9sbG93X3JlZGlyZWN0cywKICAgICAgICBoaXN0b3J5PWhpc3RvcnksCiAgICApCiAgRmlsZSAiL2hvbWUvcnVubmVyL3dvcmsvR08vR08vaXNvbGF0ZWQtcnVudGltZS9saWIvcHl0aG9uMy4xMy9zaXRlLXBhY2thZ2VzL2h0dHB4L19jbGllbnQucHkiLCBsaW5lIDk3OSwgaW4gX3NlbmRfaGFuZGxpbmdfcmVkaXJlY3RzCiAg
2026-09-10T03:32:04.2697597Z GO_EVIDENCE_B64 ICByZXNwb25zZSA9IHNlbGYuX3NlbmRfc2luZ2xlX3JlcXVlc3QocmVxdWVzdCkKICBGaWxlICIvaG9tZS9ydW5uZXIvd29yay9HTy9HTy9pc29sYXRlZC1ydW50aW1lL2xpYi9weXRob24zLjEzL3NpdGUtcGFja2FnZXMvaHR0cHgvX2NsaWVudC5weSIsIGxpbmUgMTAxNCwgaW4gX3NlbmRfc2luZ2xlX3JlcXVlc3QKICAgIHJlc3BvbnNlID0gdHJhbnNwb3J0LmhhbmRsZV9yZXF1ZXN0KHJlcXVlc3QpCiAgRmlsZSAiL2hvbWUvcnVubmVyL3dvcmsvR08vR08vaXNvbGF0ZWQtcnVudGltZS9saWIvcHl0aG9uMy4xMy9zaXRlLXBh
2026-09-10T03:32:04.2703211Z GO_EVIDENCE_B64 Y2thZ2VzL3N0YXJsZXR0ZS90ZXN0Y2xpZW50LnB5IiwgbGluZSAzNDgsIGluIGhhbmRsZV9yZXF1ZXN0CiAgICByYWlzZSBleGMKICBGaWxlICIvaG9tZS9ydW5uZXIvd29yay9HTy9HTy9pc29sYXRlZC1ydW50aW1lL2xpYi9weXRob24zLjEzL3NpdGUtcGFja2FnZXMvc3RhcmxldHRlL3Rlc3RjbGllbnQucHkiLCBsaW5lIDM0NSwgaW4gaGFuZGxlX3JlcXVlc3QKICAgIHBvcnRhbC5jYWxsKHNlbGYuYXBwLCBzY29wZSwgcmVjZWl2ZSwgc2VuZCkKICAgIH5+fn5+fn5+fn5+Xl5eXl5eXl5eXl5eXl5eXl5eXl5eXl5eXl5eXl5e
2026-09-10T03:32:04.2708840Z GO_EVIDENCE_B64 Xl4KICBGaWxlICIvaG9tZS9ydW5uZXIvd29yay9HTy9HTy9pc29sYXRlZC1ydW50aW1lL2xpYi9weXRob24zLjEzL3NpdGUtcGFja2FnZXMvYW55aW8vZnJvbV90aHJlYWQucHkiLCBsaW5lIDMzNCwgaW4gY2FsbAogICAgcmV0dXJuIGNhc3QoVF9SZXR2YWwsIHNlbGYuc3RhcnRfdGFza19zb29uKGZ1bmMsICphcmdzKS5yZXN1bHQoKSkKICAgICAgICAgICAgICAgICAgICAgICAgICB+fn5+fn5+fn5+fn5+fn5+fn5+fn5+fn5+fn5+fn5+fn5+fn5+fn5+Xl4KICBGaWxlICIvb3B0L2hvc3RlZHRvb2xjYWNoZS9QeXRob24vMy4x
2026-09-10T03:32:04.2714431Z GO_EVIDENCE_B64 My41L3g2NC9saWIvcHl0aG9uMy4xMy9jb25jdXJyZW50L2Z1dHVyZXMvX2Jhc2UucHkiLCBsaW5lIDQ1NiwgaW4gcmVzdWx0CiAgICByZXR1cm4gc2VsZi5fX2dldF9yZXN1bHQoKQogICAgICAgICAgIH5+fn5+fn5+fn5+fn5+fn5+Xl4KICBGaWxlICIvb3B0L2hvc3RlZHRvb2xjYWNoZS9QeXRob24vMy4xMy41L3g2NC9saWIvcHl0aG9uMy4xMy9jb25jdXJyZW50L2Z1dHVyZXMvX2Jhc2UucHkiLCBsaW5lIDQwMSwgaW4gX19nZXRfcmVzdWx0CiAgICByYWlzZSBzZWxmLl9leGNlcHRpb24KICBGaWxlICIvaG9tZS9ydW5uZXIv
2026-09-10T03:32:04.2720007Z GO_EVIDENCE_B64 d29yay9HTy9HTy9pc29sYXRlZC1ydW50aW1lL2xpYi9weXRob24zLjEzL3NpdGUtcGFja2FnZXMvYW55aW8vZnJvbV90aHJlYWQucHkiLCBsaW5lIDI1OSwgaW4gX2NhbGxfZnVuYwogICAgcmV0dmFsID0gYXdhaXQgcmV0dmFsX29yX2F3YWl0YWJsZQogICAgICAgICAgICAgXl5eXl5eXl5eXl5eXl5eXl5eXl5eXl5eXgogIEZpbGUgIi9ob21lL3J1bm5lci93b3JrL0dPL0dPL2lzb2xhdGVkLXJ1bnRpbWUvbGliL3B5dGhvbjMuMTMvc2l0ZS1wYWNrYWdlcy9mYXN0YXBpL2FwcGxpY2F0aW9ucy5weSIsIGxpbmUgMTEzOCwgaW4g
2026-09-10T03:32:04.2726064Z GO_EVIDENCE_B64 X19jYWxsX18KICAgIGF3YWl0IHN1cGVyKCkuX19jYWxsX18oc2NvcGUsIHJlY2VpdmUsIHNlbmQpCiAgRmlsZSAiL2hvbWUvcnVubmVyL3dvcmsvR08vR08vaXNvbGF0ZWQtcnVudGltZS9saWIvcHl0aG9uMy4xMy9zaXRlLXBhY2thZ2VzL3N0YXJsZXR0ZS9hcHBsaWNhdGlvbnMucHkiLCBsaW5lIDEwNywgaW4gX19jYWxsX18KICAgIGF3YWl0IHNlbGYubWlkZGxld2FyZV9zdGFjayhzY29wZSwgcmVjZWl2ZSwgc2VuZCkKICBGaWxlICIvaG9tZS9ydW5uZXIvd29yay9HTy9HTy9pc29sYXRlZC1ydW50aW1lL2xpYi9weXRob24z
2026-09-10T03:32:04.2731970Z GO_EVIDENCE_B64 LjEzL3NpdGUtcGFja2FnZXMvc3RhcmxldHRlL21pZGRsZXdhcmUvZXJyb3JzLnB5IiwgbGluZSAxODYsIGluIF9fY2FsbF9fCiAgICByYWlzZSBleGMKICBGaWxlICIvaG9tZS9ydW5uZXIvd29yay9HTy9HTy9pc29sYXRlZC1ydW50aW1lL2xpYi9weXRob24zLjEzL3NpdGUtcGFja2FnZXMvc3RhcmxldHRlL21pZGRsZXdhcmUvZXJyb3JzLnB5IiwgbGluZSAxNjQsIGluIF9fY2FsbF9fCiAgICBhd2FpdCBzZWxmLmFwcChzY29wZSwgcmVjZWl2ZSwgX3NlbmQpCiAgRmlsZSAiL2hvbWUvcnVubmVyL3dvcmsvR08vR08vaXNvbGF0
2026-09-10T03:32:04.2737856Z GO_EVIDENCE_B64 ZWQtcnVudGltZS9saWIvcHl0aG9uMy4xMy9zaXRlLXBhY2thZ2VzL3N0YXJsZXR0ZS9taWRkbGV3YXJlL2Jhc2UucHkiLCBsaW5lIDE5MSwgaW4gX19jYWxsX18KICAgIHdpdGggcmVjdl9zdHJlYW0sIHNlbmRfc3RyZWFtLCBjb2xsYXBzZV9leGNncm91cHMoKToKICAgICAgICAgICAgICAgICAgICAgICAgICAgICAgICAgICB+fn5+fn5+fn5+fn5+fn5+fn5eXgogIEZpbGUgIi9vcHQvaG9zdGVkdG9vbGNhY2hlL1B5dGhvbi8zLjEzLjUveDY0L2xpYi9weXRob24zLjEzL2NvbnRleHRsaWIucHkiLCBsaW5lIDE2MiwgaW4gX19l
2026-09-10T03:32:04.2743481Z GO_EVIDENCE_B64 eGl0X18KICAgIHNlbGYuZ2VuLnRocm93KHZhbHVlKQogICAgfn5+fn5+fn5+fn5+fn5eXl5eXl5eCiAgRmlsZSAiL2hvbWUvcnVubmVyL3dvcmsvR08vR08vaXNvbGF0ZWQtcnVudGltZS9saWIvcHl0aG9uMy4xMy9zaXRlLXBhY2thZ2VzL3N0YXJsZXR0ZS9fdXRpbHMucHkiLCBsaW5lIDg1LCBpbiBjb2xsYXBzZV9leGNncm91cHMKICAgIHJhaXNlIGV4YwogIEZpbGUgIi9ob21lL3J1bm5lci93b3JrL0dPL0dPL2lzb2xhdGVkLXJ1bnRpbWUvbGliL3B5dGhvbjMuMTMvc2l0ZS1wYWNrYWdlcy9zdGFybGV0dGUvbWlkZGxld2Fy
2026-09-10T03:32:04.2749192Z GO_EVIDENCE_B64 ZS9iYXNlLnB5IiwgbGluZSAxOTMsIGluIF9fY2FsbF9fCiAgICByZXNwb25zZSA9IGF3YWl0IHNlbGYuZGlzcGF0Y2hfZnVuYyhyZXF1ZXN0LCBjYWxsX25leHQpCiAgICAgICAgICAgICAgIF5eXl5eXl5eXl5eXl5eXl5eXl5eXl5eXl5eXl5eXl5eXl5eXl5eXl5eXl5eCiAgRmlsZSAiL2hvbWUvcnVubmVyL3dvcmsvR08vR08vcmVzdG9yZWQvc3JjL2dvX2hvdGVsL21haW4ucHkiLCBsaW5lIDI4MiwgaW4gZGlzcGF0Y2gKICAgIHJlc3BvbnNlPWF3YWl0IGNhbGxfbmV4dChyZXF1ZXN0KQogICAgICAgICAgICAgXl5eXl5eXl5e
2026-09-10T03:32:04.2754822Z GO_EVIDENCE_B64 Xl5eXl5eXl5eXl5eXl5eCiAgRmlsZSAiL2hvbWUvcnVubmVyL3dvcmsvR08vR08vaXNvbGF0ZWQtcnVudGltZS9saWIvcHl0aG9uMy4xMy9zaXRlLXBhY2thZ2VzL3N0YXJsZXR0ZS9taWRkbGV3YXJlL2Jhc2UucHkiLCBsaW5lIDE2OCwgaW4gY2FsbF9uZXh0CiAgICByYWlzZSBhcHBfZXhjIGZyb20gYXBwX2V4Yy5fX2NhdXNlX18gb3IgYXBwX2V4Yy5fX2NvbnRleHRfXwogIEZpbGUgIi9ob21lL3J1bm5lci93b3JrL0dPL0dPL2lzb2xhdGVkLXJ1bnRpbWUvbGliL3B5dGhvbjMuMTMvc2l0ZS1wYWNrYWdlcy9zdGFybGV0dGUv
2026-09-10T03:32:04.2760699Z GO_EVIDENCE_B64 bWlkZGxld2FyZS9iYXNlLnB5IiwgbGluZSAxNDQsIGluIGNvcm8KICAgIGF3YWl0IHNlbGYuYXBwKHNjb3BlLCByZWNlaXZlX29yX2Rpc2Nvbm5lY3QsIHNlbmRfbm9fZXJyb3IpCiAgRmlsZSAiL2hvbWUvcnVubmVyL3dvcmsvR08vR08vaXNvbGF0ZWQtcnVudGltZS9saWIvcHl0aG9uMy4xMy9zaXRlLXBhY2thZ2VzL3N0YXJsZXR0ZS9taWRkbGV3YXJlL2Jhc2UucHkiLCBsaW5lIDE5MSwgaW4gX19jYWxsX18KICAgIHdpdGggcmVjdl9zdHJlYW0sIHNlbmRfc3RyZWFtLCBjb2xsYXBzZV9leGNncm91cHMoKToKICAgICAgICAg
2026-09-10T03:32:04.2766590Z GO_EVIDENCE_B64 ICAgICAgICAgICAgICAgICAgICAgICAgICB+fn5+fn5+fn5+fn5+fn5+fn5eXgogIEZpbGUgIi9vcHQvaG9zdGVkdG9vbGNhY2hlL1B5dGhvbi8zLjEzLjUveDY0L2xpYi9weXRob24zLjEzL2NvbnRleHRsaWIucHkiLCBsaW5lIDE2MiwgaW4gX19leGl0X18KICAgIHNlbGYuZ2VuLnRocm93KHZhbHVlKQogICAgfn5+fn5+fn5+fn5+fn5eXl5eXl5eCiAgRmlsZSAiL2hvbWUvcnVubmVyL3dvcmsvR08vR08vaXNvbGF0ZWQtcnVudGltZS9saWIvcHl0aG9uMy4xMy9zaXRlLXBhY2thZ2VzL3N0YXJsZXR0ZS9fdXRpbHMucHkiLCBs
2026-09-10T03:32:04.2772183Z GO_EVIDENCE_B64 aW5lIDg1LCBpbiBjb2xsYXBzZV9leGNncm91cHMKICAgIHJhaXNlIGV4YwogIEZpbGUgIi9ob21lL3J1bm5lci93b3JrL0dPL0dPL2lzb2xhdGVkLXJ1bnRpbWUvbGliL3B5dGhvbjMuMTMvc2l0ZS1wYWNrYWdlcy9zdGFybGV0dGUvbWlkZGxld2FyZS9iYXNlLnB5IiwgbGluZSAxOTMsIGluIF9fY2FsbF9fCiAgICByZXNwb25zZSA9IGF3YWl0IHNlbGYuZGlzcGF0Y2hfZnVuYyhyZXF1ZXN0LCBjYWxsX25leHQpCiAgICAgICAgICAgICAgIF5eXl5eXl5eXl5eXl5eXl5eXl5eXl5eXl5eXl5eXl5eXl5eXl5eXl5eXl5eCiAgRmls
2026-09-10T03:32:04.2778055Z GO_EVIDENCE_B64 ZSAiL2hvbWUvcnVubmVyL3dvcmsvR08vR08vcmVzdG9yZWQvc3JjL2dvX2hvdGVsL21haW4ucHkiLCBsaW5lIDI1MywgaW4gZGlzcGF0Y2gKICAgIHJlc3BvbnNlPWF3YWl0IGNhbGxfbmV4dChyZXF1ZXN0KQogICAgICAgICAgICAgXl5eXl5eXl5eXl5eXl5eXl5eXl5eXl5eCiAgRmlsZSAiL2hvbWUvcnVubmVyL3dvcmsvR08vR08vaXNvbGF0ZWQtcnVudGltZS9saWIvcHl0aG9uMy4xMy9zaXRlLXBhY2thZ2VzL3N0YXJsZXR0ZS9taWRkbGV3YXJlL2Jhc2UucHkiLCBsaW5lIDE2OCwgaW4gY2FsbF9uZXh0CiAgICByYWlzZSBh
2026-09-10T03:32:04.2783680Z GO_EVIDENCE_B64 cHBfZXhjIGZyb20gYXBwX2V4Yy5fX2NhdXNlX18gb3IgYXBwX2V4Yy5fX2NvbnRleHRfXwogIEZpbGUgIi9ob21lL3J1bm5lci93b3JrL0dPL0dPL2lzb2xhdGVkLXJ1bnRpbWUvbGliL3B5dGhvbjMuMTMvc2l0ZS1wYWNrYWdlcy9zdGFybGV0dGUvbWlkZGxld2FyZS9iYXNlLnB5IiwgbGluZSAxNDQsIGluIGNvcm8KICAgIGF3YWl0IHNlbGYuYXBwKHNjb3BlLCByZWNlaXZlX29yX2Rpc2Nvbm5lY3QsIHNlbmRfbm9fZXJyb3IpCiAgRmlsZSAiL2hvbWUvcnVubmVyL3dvcmsvR08vR08vaXNvbGF0ZWQtcnVudGltZS9saWIvcHl0
2026-09-10T03:32:04.2789367Z GO_EVIDENCE_B64 aG9uMy4xMy9zaXRlLXBhY2thZ2VzL3N0YXJsZXR0ZS9taWRkbGV3YXJlL2Jhc2UucHkiLCBsaW5lIDE5MSwgaW4gX19jYWxsX18KICAgIHdpdGggcmVjdl9zdHJlYW0sIHNlbmRfc3RyZWFtLCBjb2xsYXBzZV9leGNncm91cHMoKToKICAgICAgICAgICAgICAgICAgICAgICAgICAgICAgICAgICB+fn5+fn5+fn5+fn5+fn5+fn5eXgogIEZpbGUgIi9vcHQvaG9zdGVkdG9vbGNhY2hlL1B5dGhvbi8zLjEzLjUveDY0L2xpYi9weXRob24zLjEzL2NvbnRleHRsaWIucHkiLCBsaW5lIDE2MiwgaW4gX19leGl0X18KICAgIHNlbGYuZ2Vu
2026-09-10T03:32:04.2794963Z GO_EVIDENCE_B64 LnRocm93KHZhbHVlKQogICAgfn5+fn5+fn5+fn5+fn5eXl5eXl5eCiAgRmlsZSAiL2hvbWUvcnVubmVyL3dvcmsvR08vR08vaXNvbGF0ZWQtcnVudGltZS9saWIvcHl0aG9uMy4xMy9zaXRlLXBhY2thZ2VzL3N0YXJsZXR0ZS9fdXRpbHMucHkiLCBsaW5lIDg1LCBpbiBjb2xsYXBzZV9leGNncm91cHMKICAgIHJhaXNlIGV4YwogIEZpbGUgIi9ob21lL3J1bm5lci93b3JrL0dPL0dPL2lzb2xhdGVkLXJ1bnRpbWUvbGliL3B5dGhvbjMuMTMvc2l0ZS1wYWNrYWdlcy9zdGFybGV0dGUvbWlkZGxld2FyZS9iYXNlLnB5IiwgbGluZSAx
2026-09-10T03:32:04.2800661Z GO_EVIDENCE_B64 OTMsIGluIF9fY2FsbF9fCiAgICByZXNwb25zZSA9IGF3YWl0IHNlbGYuZGlzcGF0Y2hfZnVuYyhyZXF1ZXN0LCBjYWxsX25leHQpCiAgICAgICAgICAgICAgIF5eXl5eXl5eXl5eXl5eXl5eXl5eXl5eXl5eXl5eXl5eXl5eXl5eXl5eXl5eCiAgRmlsZSAiL2hvbWUvcnVubmVyL3dvcmsvR08vR08vcmVzdG9yZWQvc3JjL2dvX2hvdGVsL21haW4ucHkiLCBsaW5lIDIwNywgaW4gZGlzcGF0Y2gKICAgIHJlc3BvbnNlPWF3YWl0IGNhbGxfbmV4dChyZXF1ZXN0KQogICAgICAgICAgICAgXl5eXl5eXl5eXl5eXl5eXl5eXl5eXl5eCiAg
2026-09-10T03:32:04.2806394Z GO_EVIDENCE_B64 RmlsZSAiL2hvbWUvcnVubmVyL3dvcmsvR08vR08vaXNvbGF0ZWQtcnVudGltZS9saWIvcHl0aG9uMy4xMy9zaXRlLXBhY2thZ2VzL3N0YXJsZXR0ZS9taWRkbGV3YXJlL2Jhc2UucHkiLCBsaW5lIDE2OCwgaW4gY2FsbF9uZXh0CiAgICByYWlzZSBhcHBfZXhjIGZyb20gYXBwX2V4Yy5fX2NhdXNlX18gb3IgYXBwX2V4Yy5fX2NvbnRleHRfXwogIEZpbGUgIi9ob21lL3J1bm5lci93b3JrL0dPL0dPL2lzb2xhdGVkLXJ1bnRpbWUvbGliL3B5dGhvbjMuMTMvc2l0ZS1wYWNrYWdlcy9zdGFybGV0dGUvbWlkZGxld2FyZS9iYXNlLnB5
2026-09-10T03:32:04.2812061Z GO_EVIDENCE_B64 IiwgbGluZSAxNDQsIGluIGNvcm8KICAgIGF3YWl0IHNlbGYuYXBwKHNjb3BlLCByZWNlaXZlX29yX2Rpc2Nvbm5lY3QsIHNlbmRfbm9fZXJyb3IpCiAgRmlsZSAiL2hvbWUvcnVubmVyL3dvcmsvR08vR08vaXNvbGF0ZWQtcnVudGltZS9saWIvcHl0aG9uMy4xMy9zaXRlLXBhY2thZ2VzL3N0YXJsZXR0ZS9taWRkbGV3YXJlL2V4Y2VwdGlvbnMucHkiLCBsaW5lIDYzLCBpbiBfX2NhbGxfXwogICAgYXdhaXQgd3JhcF9hcHBfaGFuZGxpbmdfZXhjZXB0aW9ucyhzZWxmLmFwcCwgY29ubikoc2NvcGUsIHJlY2VpdmUsIHNlbmQpCiAg
2026-09-10T03:32:04.2818001Z GO_EVIDENCE_B64 RmlsZSAiL2hvbWUvcnVubmVyL3dvcmsvR08vR08vaXNvbGF0ZWQtcnVudGltZS9saWIvcHl0aG9uMy4xMy9zaXRlLXBhY2thZ2VzL3N0YXJsZXR0ZS9fZXhjZXB0aW9uX2hhbmRsZXIucHkiLCBsaW5lIDUzLCBpbiB3cmFwcGVkX2FwcAogICAgcmFpc2UgZXhjCiAgRmlsZSAiL2hvbWUvcnVubmVyL3dvcmsvR08vR08vaXNvbGF0ZWQtcnVudGltZS9saWIvcHl0aG9uMy4xMy9zaXRlLXBhY2thZ2VzL3N0YXJsZXR0ZS9fZXhjZXB0aW9uX2hhbmRsZXIucHkiLCBsaW5lIDQyLCBpbiB3cmFwcGVkX2FwcAogICAgYXdhaXQgYXBwKHNj
2026-09-10T03:32:04.2823686Z GO_EVIDENCE_B64 b3BlLCByZWNlaXZlLCBzZW5kZXIpCiAgRmlsZSAiL2hvbWUvcnVubmVyL3dvcmsvR08vR08vaXNvbGF0ZWQtcnVudGltZS9saWIvcHl0aG9uMy4xMy9zaXRlLXBhY2thZ2VzL2Zhc3RhcGkvbWlkZGxld2FyZS9hc3luY2V4aXRzdGFjay5weSIsIGxpbmUgMTgsIGluIF9fY2FsbF9fCiAgICBhd2FpdCBzZWxmLmFwcChzY29wZSwgcmVjZWl2ZSwgc2VuZCkKICBGaWxlICIvaG9tZS9ydW5uZXIvd29yay9HTy9HTy9pc29sYXRlZC1ydW50aW1lL2xpYi9weXRob24zLjEzL3NpdGUtcGFja2FnZXMvc3RhcmxldHRlL3JvdXRpbmcucHki
2026-09-10T03:32:04.2829443Z GO_EVIDENCE_B64 LCBsaW5lIDcxNiwgaW4gX19jYWxsX18KICAgIGF3YWl0IHNlbGYubWlkZGxld2FyZV9zdGFjayhzY29wZSwgcmVjZWl2ZSwgc2VuZCkKICBGaWxlICIvaG9tZS9ydW5uZXIvd29yay9HTy9HTy9pc29sYXRlZC1ydW50aW1lL2xpYi9weXRob24zLjEzL3NpdGUtcGFja2FnZXMvc3RhcmxldHRlL3JvdXRpbmcucHkiLCBsaW5lIDczNiwgaW4gYXBwCiAgICBhd2FpdCByb3V0ZS5oYW5kbGUoc2NvcGUsIHJlY2VpdmUsIHNlbmQpCiAgRmlsZSAiL2hvbWUvcnVubmVyL3dvcmsvR08vR08vaXNvbGF0ZWQtcnVudGltZS9saWIvcHl0aG9u
2026-09-10T03:32:04.2835432Z GO_EVIDENCE_B64 My4xMy9zaXRlLXBhY2thZ2VzL3N0YXJsZXR0ZS9yb3V0aW5nLnB5IiwgbGluZSAyOTAsIGluIGhhbmRsZQogICAgYXdhaXQgc2VsZi5hcHAoc2NvcGUsIHJlY2VpdmUsIHNlbmQpCiAgRmlsZSAiL2hvbWUvcnVubmVyL3dvcmsvR08vR08vaXNvbGF0ZWQtcnVudGltZS9saWIvcHl0aG9uMy4xMy9zaXRlLXBhY2thZ2VzL2Zhc3RhcGkvcm91dGluZy5weSIsIGxpbmUgMTE1LCBpbiBhcHAKICAgIGF3YWl0IHdyYXBfYXBwX2hhbmRsaW5nX2V4Y2VwdGlvbnMoYXBwLCByZXF1ZXN0KShzY29wZSwgcmVjZWl2ZSwgc2VuZCkKICBGaWxl
2026-09-10T03:32:04.2841078Z GO_EVIDENCE_B64 ICIvaG9tZS9ydW5uZXIvd29yay9HTy9HTy9pc29sYXRlZC1ydW50aW1lL2xpYi9weXRob24zLjEzL3NpdGUtcGFja2FnZXMvc3RhcmxldHRlL19leGNlcHRpb25faGFuZGxlci5weSIsIGxpbmUgNTMsIGluIHdyYXBwZWRfYXBwCiAgICByYWlzZSBleGMKICBGaWxlICIvaG9tZS9ydW5uZXIvd29yay9HTy9HTy9pc29sYXRlZC1ydW50aW1lL2xpYi9weXRob24zLjEzL3NpdGUtcGFja2FnZXMvc3RhcmxldHRlL19leGNlcHRpb25faGFuZGxlci5weSIsIGxpbmUgNDIsIGluIHdyYXBwZWRfYXBwCiAgICBhd2FpdCBhcHAoc2NvcGUs
2026-09-10T03:32:04.2846785Z GO_EVIDENCE_B64 IHJlY2VpdmUsIHNlbmRlcikKICBGaWxlICIvaG9tZS9ydW5uZXIvd29yay9HTy9HTy9pc29sYXRlZC1ydW50aW1lL2xpYi9weXRob24zLjEzL3NpdGUtcGFja2FnZXMvZmFzdGFwaS9yb3V0aW5nLnB5IiwgbGluZSAxMDEsIGluIGFwcAogICAgcmVzcG9uc2UgPSBhd2FpdCBmKHJlcXVlc3QpCiAgICAgICAgICAgICAgIF5eXl5eXl5eXl5eXl5eXl4KICBGaWxlICIvaG9tZS9ydW5uZXIvd29yay9HTy9HTy9pc29sYXRlZC1ydW50aW1lL2xpYi9weXRob24zLjEzL3NpdGUtcGFja2FnZXMvZmFzdGFwaS9yb3V0aW5nLnB5IiwgbGlu
2026-09-10T03:32:04.2852445Z GO_EVIDENCE_B64 ZSAzNTUsIGluIGFwcAogICAgcmF3X3Jlc3BvbnNlID0gYXdhaXQgcnVuX2VuZHBvaW50X2Z1bmN0aW9uKAogICAgICAgICAgICAgICAgICAgXl5eXl5eXl5eXl5eXl5eXl5eXl5eXl5eXl5eXgogICAgLi4uJmx0OzMgbGluZXMmZ3Q7Li4uCiAgICApCiAgICBeCiAgRmlsZSAiL2hvbWUvcnVubmVyL3dvcmsvR08vR08vaXNvbGF0ZWQtcnVudGltZS9saWIvcHl0aG9uMy4xMy9zaXRlLXBhY2thZ2VzL2Zhc3RhcGkvcm91dGluZy5weSIsIGxpbmUgMjQ1LCBpbiBydW5fZW5kcG9pbnRfZnVuY3Rpb24KICAgIHJldHVybiBhd2FpdCBy
2026-09-10T03:32:04.2858174Z GO_EVIDENCE_B64 dW5faW5fdGhyZWFkcG9vbChkZXBlbmRhbnQuY2FsbCwgKip2YWx1ZXMpCiAgICAgICAgICAgXl5eXl5eXl5eXl5eXl5eXl5eXl5eXl5eXl5eXl5eXl5eXl5eXl5eXl5eXl5eXl5eXgogIEZpbGUgIi9ob21lL3J1bm5lci93b3JrL0dPL0dPL2lzb2xhdGVkLXJ1bnRpbWUvbGliL3B5dGhvbjMuMTMvc2l0ZS1wYWNrYWdlcy9zdGFybGV0dGUvY29uY3VycmVuY3kucHkiLCBsaW5lIDMyLCBpbiBydW5faW5fdGhyZWFkcG9vbAogICAgcmV0dXJuIGF3YWl0IGFueWlvLnRvX3RocmVhZC5ydW5fc3luYyhmdW5jKQogICAgICAgICAgIF5e
2026-09-10T03:32:04.2863731Z GO_EVIDENCE_B64 Xl5eXl5eXl5eXl5eXl5eXl5eXl5eXl5eXl5eXl5eXl5eXgogIEZpbGUgIi9ob21lL3J1bm5lci93b3JrL0dPL0dPL2lzb2xhdGVkLXJ1bnRpbWUvbGliL3B5dGhvbjMuMTMvc2l0ZS1wYWNrYWdlcy9hbnlpby90b190aHJlYWQucHkiLCBsaW5lIDYzLCBpbiBydW5fc3luYwogICAgcmV0dXJuIGF3YWl0IGdldF9hc3luY19iYWNrZW5kKCkucnVuX3N5bmNfaW5fd29ya2VyX3RocmVhZCgKICAgICAgICAgICBeXl5eXl5eXl5eXl5eXl5eXl5eXl5eXl5eXl5eXl5eXl5eXl5eXl5eXl5eXl5eXl5eXl5eCiAgICAgICAgZnVuYywgYXJn
2026-09-10T03:32:04.2869331Z GO_EVIDENCE_B64 cywgYWJhbmRvbl9vbl9jYW5jZWw9YWJhbmRvbl9vbl9jYW5jZWwsIGxpbWl0ZXI9bGltaXRlcgogICAgICAgIF5eXl5eXl5eXl5eXl5eXl5eXl5eXl5eXl5eXl5eXl5eXl5eXl5eXl5eXl5eXl5eXl5eXl5eXl5eXl5eXl5eXl4KICAgICkKICAgIF4KICBGaWxlICIvaG9tZS9ydW5uZXIvd29yay9HTy9HTy9pc29sYXRlZC1ydW50aW1lL2xpYi9weXRob24zLjEzL3NpdGUtcGFja2FnZXMvYW55aW8vX2JhY2tlbmRzL19hc3luY2lvLnB5IiwgbGluZSAyNTE4LCBpbiBydW5fc3luY19pbl93b3JrZXJfdGhyZWFkCiAgICByZXR1cm4g
2026-09-10T03:32:04.2875109Z GO_EVIDENCE_B64 YXdhaXQgZnV0dXJlCiAgICAgICAgICAgXl5eXl5eXl5eXl5eCiAgRmlsZSAiL2hvbWUvcnVubmVyL3dvcmsvR08vR08vaXNvbGF0ZWQtcnVudGltZS9saWIvcHl0aG9uMy4xMy9zaXRlLXBhY2thZ2VzL2FueWlvL19iYWNrZW5kcy9fYXN5bmNpby5weSIsIGxpbmUgMTAwMiwgaW4gcnVuCiAgICByZXN1bHQgPSBjb250ZXh0LnJ1bihmdW5jLCAqYXJncykKICBGaWxlICIvaG9tZS9ydW5uZXIvd29yay9HTy9HTy9yZXN0b3JlZC9zcmMvZ29faG90ZWwvYXBpL3JvdXRlcy9tb2JpbGUucHkiLCBsaW5lIDk2LCBpbiBtb2JpbGVfZXhp
2026-09-10T03:32:04.2880855Z GO_EVIDENCE_B64 c3RpbmdfY2FuY2VsX3F1b3RlCiAgICB3aXRoIFNlc3Npb25Mb2NhbCgpIGFzIHM6CiAgICAgICAgIF5eXl5eXl5eXl5eXgpOYW1lRXJyb3I6IG5hbWUgJ1Nlc3Npb25Mb2NhbCcgaXMgbm90IGRlZmluZWQKClRoZSBhYm92ZSBleGNlcHRpb24gd2FzIHRoZSBkaXJlY3QgY2F1c2Ugb2YgdGhlIGZvbGxvd2luZyBleGNlcHRpb246CgpjbGllbnQgPSAmbHQ7c3RhcmxldHRlLnRlc3RjbGllbnQuVGVzdENsaWVudCBvYmplY3QgYXQgMHg3ZmJjMDZjM2IzNjAmZ3Q7CgogICAgZGVmIHRlc3RfY3VycmVudF9vcmRlcl9yZXZpc2lvbl9z
2026-09-10T03:32:04.2886785Z GO_EVIDENCE_B64 dGlsbF9yZWNoZWNrZWRfYXRfZXhlY3V0aW9uX3dpdGhfc2FtZV9hbW91bnQoY2xpZW50KToKICAgICAgICBoLG9pZD1zaWduZWRfYm9va2luZyhjbGllbnQpO3E9cXVvdGUoY2xpZW50LGgsb2lkKQogICAgICAgIHdpdGggU2Vzc2lvbkxvY2FsLmJlZ2luKCkgYXMgczpzLmdldChPcmRlclJvdyxvaWQpLnZlcnNpb24rPTEKICAgICAgICBwYXRoPWYnL3YxL21vYmlsZS9vcmRlcnMve29pZH0vY2FuY2VsbGF0aW9uLXF1b3Rlcy97cVsicXVvdGVfaWQiXX0nCiZndDsgICAgICAgYXNzZXJ0IGRhdGEoY2xpZW50LmdldChwYXRoLGhl
2026-09-10T03:32:04.2892456Z GO_EVIDENCE_B64 YWRlcnM9aCkpPT1xCiAgICAgICAgICAgICAgICAgICAgXl5eXl5eXl5eXl5eXl5eXl5eXl5eXl5eXl4KCnRlc3RzL3Rlc3RfZGVwdGgzNF9ob3RlbF9xdW90ZV9yZWFkLnB5OjUyOiAKXyBfIF8gXyBfIF8gXyBfIF8gXyBfIF8gXyBfIF8gXyBfIF8gXyBfIF8gXyBfIF8gXyBfIF8gXyBfIF8gXyBfIF8gXyBfIF8gXyBfIF8gXyAKLi4vaXNvbGF0ZWQtcnVudGltZS9saWIvcHl0aG9uMy4xMy9zaXRlLXBhY2thZ2VzL3N0YXJsZXR0ZS90ZXN0Y2xpZW50LnB5OjQ3MzogaW4gZ2V0CiAgICByZXR1cm4gc3VwZXIoKS5nZXQoCi4uL2lz
2026-09-10T03:32:04.2898212Z GO_EVIDENCE_B64 b2xhdGVkLXJ1bnRpbWUvbGliL3B5dGhvbjMuMTMvc2l0ZS1wYWNrYWdlcy9odHRweC9fY2xpZW50LnB5OjEwNTM6IGluIGdldAogICAgcmV0dXJuIHNlbGYucmVxdWVzdCgKLi4vaXNvbGF0ZWQtcnVudGltZS9saWIvcHl0aG9uMy4xMy9zaXRlLXBhY2thZ2VzL3N0YXJsZXR0ZS90ZXN0Y2xpZW50LnB5OjQ0NTogaW4gcmVxdWVzdAogICAgcmV0dXJuIHN1cGVyKCkucmVxdWVzdCgKLi4vaXNvbGF0ZWQtcnVudGltZS9saWIvcHl0aG9uMy4xMy9zaXRlLXBhY2thZ2VzL2h0dHB4L19jbGllbnQucHk6ODI1OiBpbiByZXF1ZXN0CiAg
2026-09-10T03:32:04.2903789Z GO_EVIDENCE_B64 ICByZXR1cm4gc2VsZi5zZW5kKHJlcXVlc3QsIGF1dGg9YXV0aCwgZm9sbG93X3JlZGlyZWN0cz1mb2xsb3dfcmVkaXJlY3RzKQogICAgICAgICAgIF5eXl5eXl5eXl5eXl5eXl5eXl5eXl5eXl5eXl5eXl5eXl5eXl5eXl5eXl5eXl5eXl5eXl5eXl5eXl5eXl5eXl4KLi4vaXNvbGF0ZWQtcnVudGltZS9saWIvcHl0aG9uMy4xMy9zaXRlLXBhY2thZ2VzL2h0dHB4L19jbGllbnQucHk6OTE0OiBpbiBzZW5kCiAgICByZXNwb25zZSA9IHNlbGYuX3NlbmRfaGFuZGxpbmdfYXV0aCgKLi4vaXNvbGF0ZWQtcnVudGltZS9saWIvcHl0aG9u
2026-09-10T03:32:04.2909464Z GO_EVIDENCE_B64 My4xMy9zaXRlLXBhY2thZ2VzL2h0dHB4L19jbGllbnQucHk6OTQyOiBpbiBfc2VuZF9oYW5kbGluZ19hdXRoCiAgICByZXNwb25zZSA9IHNlbGYuX3NlbmRfaGFuZGxpbmdfcmVkaXJlY3RzKAouLi9pc29sYXRlZC1ydW50aW1lL2xpYi9weXRob24zLjEzL3NpdGUtcGFja2FnZXMvaHR0cHgvX2NsaWVudC5weTo5Nzk6IGluIF9zZW5kX2hhbmRsaW5nX3JlZGlyZWN0cwogICAgcmVzcG9uc2UgPSBzZWxmLl9zZW5kX3NpbmdsZV9yZXF1ZXN0KHJlcXVlc3QpCiAgICAgICAgICAgICAgIF5eXl5eXl5eXl5eXl5eXl5eXl5eXl5eXl5e
2026-09-10T03:32:04.2915082Z GO_EVIDENCE_B64 Xl5eXl5eXl4KLi4vaXNvbGF0ZWQtcnVudGltZS9saWIvcHl0aG9uMy4xMy9zaXRlLXBhY2thZ2VzL2h0dHB4L19jbGllbnQucHk6MTAxNDogaW4gX3NlbmRfc2luZ2xlX3JlcXVlc3QKICAgIHJlc3BvbnNlID0gdHJhbnNwb3J0LmhhbmRsZV9yZXF1ZXN0KHJlcXVlc3QpCiAgICAgICAgICAgICAgIF5eXl5eXl5eXl5eXl5eXl5eXl5eXl5eXl5eXl5eXl5eXgouLi9pc29sYXRlZC1ydW50aW1lL2xpYi9weXRob24zLjEzL3NpdGUtcGFja2FnZXMvc3RhcmxldHRlL3Rlc3RjbGllbnQucHk6MzQ4OiBpbiBoYW5kbGVfcmVxdWVzdAog
2026-09-10T03:32:04.2920828Z GO_EVIDENCE_B64 ICAgcmFpc2UgZXhjCi4uL2lzb2xhdGVkLXJ1bnRpbWUvbGliL3B5dGhvbjMuMTMvc2l0ZS1wYWNrYWdlcy9zdGFybGV0dGUvdGVzdGNsaWVudC5weTozNDU6IGluIGhhbmRsZV9yZXF1ZXN0CiAgICBwb3J0YWwuY2FsbChzZWxmLmFwcCwgc2NvcGUsIHJlY2VpdmUsIHNlbmQpCi4uL2lzb2xhdGVkLXJ1bnRpbWUvbGliL3B5dGhvbjMuMTMvc2l0ZS1wYWNrYWdlcy9hbnlpby9mcm9tX3RocmVhZC5weTozMzQ6IGluIGNhbGwKICAgIHJldHVybiBjYXN0KFRfUmV0dmFsLCBzZWxmLnN0YXJ0X3Rhc2tfc29vbihmdW5jLCAqYXJncyku
2026-09-10T03:32:04.2926753Z GO_EVIDENCE_B64 cmVzdWx0KCkpCiAgICAgICAgICAgICAgICAgICAgICAgICAgXl5eXl5eXl5eXl5eXl5eXl5eXl5eXl5eXl5eXl5eXl5eXl5eXl5eXl5eCi9vcHQvaG9zdGVkdG9vbGNhY2hlL1B5dGhvbi8zLjEzLjUveDY0L2xpYi9weXRob24zLjEzL2NvbmN1cnJlbnQvZnV0dXJlcy9fYmFzZS5weTo0NTY6IGluIHJlc3VsdAogICAgcmV0dXJuIHNlbGYuX19nZXRfcmVzdWx0KCkKICAgICAgICAgICBeXl5eXl5eXl5eXl5eXl5eXl5eCi9vcHQvaG9zdGVkdG9vbGNhY2hlL1B5dGhvbi8zLjEzLjUveDY0L2xpYi9weXRob24zLjEzL2NvbmN1cnJl
2026-09-10T03:32:04.2932380Z GO_EVIDENCE_B64 bnQvZnV0dXJlcy9fYmFzZS5weTo0MDE6IGluIF9fZ2V0X3Jlc3VsdAogICAgcmFpc2Ugc2VsZi5fZXhjZXB0aW9uCi4uL2lzb2xhdGVkLXJ1bnRpbWUvbGliL3B5dGhvbjMuMTMvc2l0ZS1wYWNrYWdlcy9hbnlpby9mcm9tX3RocmVhZC5weToyNTk6IGluIF9jYWxsX2Z1bmMKICAgIHJldHZhbCA9IGF3YWl0IHJldHZhbF9vcl9hd2FpdGFibGUKICAgICAgICAgICAgIF5eXl5eXl5eXl5eXl5eXl5eXl5eXl5eXl4KLi4vaXNvbGF0ZWQtcnVudGltZS9saWIvcHl0aG9uMy4xMy9zaXRlLXBhY2thZ2VzL2Zhc3RhcGkvYXBwbGljYXRp
2026-09-10T03:32:04.2938251Z GO_EVIDENCE_B64 b25zLnB5OjExMzg6IGluIF9fY2FsbF9fCiAgICBhd2FpdCBzdXBlcigpLl9fY2FsbF9fKHNjb3BlLCByZWNlaXZlLCBzZW5kKQouLi9pc29sYXRlZC1ydW50aW1lL2xpYi9weXRob24zLjEzL3NpdGUtcGFja2FnZXMvc3RhcmxldHRlL2FwcGxpY2F0aW9ucy5weToxMDc6IGluIF9fY2FsbF9fCiAgICBhd2FpdCBzZWxmLm1pZGRsZXdhcmVfc3RhY2soc2NvcGUsIHJlY2VpdmUsIHNlbmQpCi4uL2lzb2xhdGVkLXJ1bnRpbWUvbGliL3B5dGhvbjMuMTMvc2l0ZS1wYWNrYWdlcy9zdGFybGV0dGUvbWlkZGxld2FyZS9lcnJvcnMucHk6
2026-09-10T03:32:04.2943916Z GO_EVIDENCE_B64 MTg2OiBpbiBfX2NhbGxfXwogICAgcmFpc2UgZXhjCi4uL2lzb2xhdGVkLXJ1bnRpbWUvbGliL3B5dGhvbjMuMTMvc2l0ZS1wYWNrYWdlcy9zdGFybGV0dGUvbWlkZGxld2FyZS9lcnJvcnMucHk6MTY0OiBpbiBfX2NhbGxfXwogICAgYXdhaXQgc2VsZi5hcHAoc2NvcGUsIHJlY2VpdmUsIF9zZW5kKQouLi9pc29sYXRlZC1ydW50aW1lL2xpYi9weXRob24zLjEzL3NpdGUtcGFja2FnZXMvc3RhcmxldHRlL21pZGRsZXdhcmUvYmFzZS5weToxOTE6IGluIF9fY2FsbF9fCiAgICB3aXRoIHJlY3Zfc3RyZWFtLCBzZW5kX3N0cmVhbSwg
2026-09-10T03:32:04.2949696Z GO_EVIDENCE_B64 Y29sbGFwc2VfZXhjZ3JvdXBzKCk6CiAgICAgICAgICAgICAgICAgICAgICAgICAgICAgICAgICAgXl5eXl5eXl5eXl5eXl5eXl5eXl4KL29wdC9ob3N0ZWR0b29sY2FjaGUvUHl0aG9uLzMuMTMuNS94NjQvbGliL3B5dGhvbjMuMTMvY29udGV4dGxpYi5weToxNjI6IGluIF9fZXhpdF9fCiAgICBzZWxmLmdlbi50aHJvdyh2YWx1ZSkKLi4vaXNvbGF0ZWQtcnVudGltZS9saWIvcHl0aG9uMy4xMy9zaXRlLXBhY2thZ2VzL3N0YXJsZXR0ZS9fdXRpbHMucHk6ODU6IGluIGNvbGxhcHNlX2V4Y2dyb3VwcwogICAgcmFpc2UgZXhjCi4u
2026-09-10T03:32:04.2955425Z GO_EVIDENCE_B64 L2lzb2xhdGVkLXJ1bnRpbWUvbGliL3B5dGhvbjMuMTMvc2l0ZS1wYWNrYWdlcy9zdGFybGV0dGUvbWlkZGxld2FyZS9iYXNlLnB5OjE5MzogaW4gX19jYWxsX18KICAgIHJlc3BvbnNlID0gYXdhaXQgc2VsZi5kaXNwYXRjaF9mdW5jKHJlcXVlc3QsIGNhbGxfbmV4dCkKICAgICAgICAgICAgICAgXl5eXl5eXl5eXl5eXl5eXl5eXl5eXl5eXl5eXl5eXl5eXl5eXl5eXl5eXl4Kc3JjL2dvX2hvdGVsL21haW4ucHk6MjgyOiBpbiBkaXNwYXRjaAogICAgcmVzcG9uc2U9YXdhaXQgY2FsbF9uZXh0KHJlcXVlc3QpCiAgICAgICAgICAg
2026-09-10T03:32:04.2961059Z GO_EVIDENCE_B64 ICBeXl5eXl5eXl5eXl5eXl5eXl5eXl5eXl4KLi4vaXNvbGF0ZWQtcnVudGltZS9saWIvcHl0aG9uMy4xMy9zaXRlLXBhY2thZ2VzL3N0YXJsZXR0ZS9taWRkbGV3YXJlL2Jhc2UucHk6MTY4OiBpbiBjYWxsX25leHQKICAgIHJhaXNlIGFwcF9leGMgZnJvbSBhcHBfZXhjLl9fY2F1c2VfXyBvciBhcHBfZXhjLl9fY29udGV4dF9fCi4uL2lzb2xhdGVkLXJ1bnRpbWUvbGliL3B5dGhvbjMuMTMvc2l0ZS1wYWNrYWdlcy9zdGFybGV0dGUvbWlkZGxld2FyZS9iYXNlLnB5OjE0NDogaW4gY29ybwogICAgYXdhaXQgc2VsZi5hcHAoc2Nv
2026-09-10T03:32:04.2966801Z GO_EVIDENCE_B64 cGUsIHJlY2VpdmVfb3JfZGlzY29ubmVjdCwgc2VuZF9ub19lcnJvcikKLi4vaXNvbGF0ZWQtcnVudGltZS9saWIvcHl0aG9uMy4xMy9zaXRlLXBhY2thZ2VzL3N0YXJsZXR0ZS9taWRkbGV3YXJlL2Jhc2UucHk6MTkxOiBpbiBfX2NhbGxfXwogICAgd2l0aCByZWN2X3N0cmVhbSwgc2VuZF9zdHJlYW0sIGNvbGxhcHNlX2V4Y2dyb3VwcygpOgogICAgICAgICAgICAgICAgICAgICAgICAgICAgICAgICAgIF5eXl5eXl5eXl5eXl5eXl5eXl5eCi9vcHQvaG9zdGVkdG9vbGNhY2hlL1B5dGhvbi8zLjEzLjUveDY0L2xpYi9weXRob24z
2026-09-10T03:32:04.2972486Z GO_EVIDENCE_B64 LjEzL2NvbnRleHRsaWIucHk6MTYyOiBpbiBfX2V4aXRfXwogICAgc2VsZi5nZW4udGhyb3codmFsdWUpCi4uL2lzb2xhdGVkLXJ1bnRpbWUvbGliL3B5dGhvbjMuMTMvc2l0ZS1wYWNrYWdlcy9zdGFybGV0dGUvX3V0aWxzLnB5Ojg1OiBpbiBjb2xsYXBzZV9leGNncm91cHMKICAgIHJhaXNlIGV4YwouLi9pc29sYXRlZC1ydW50aW1lL2xpYi9weXRob24zLjEzL3NpdGUtcGFja2FnZXMvc3RhcmxldHRlL21pZGRsZXdhcmUvYmFzZS5weToxOTM6IGluIF9fY2FsbF9fCiAgICByZXNwb25zZSA9IGF3YWl0IHNlbGYuZGlzcGF0Y2hf
2026-09-10T03:32:04.2978466Z GO_EVIDENCE_B64 ZnVuYyhyZXF1ZXN0LCBjYWxsX25leHQpCiAgICAgICAgICAgICAgIF5eXl5eXl5eXl5eXl5eXl5eXl5eXl5eXl5eXl5eXl5eXl5eXl5eXl5eXl5eCnNyYy9nb19ob3RlbC9tYWluLnB5OjI1MzogaW4gZGlzcGF0Y2gKICAgIHJlc3BvbnNlPWF3YWl0IGNhbGxfbmV4dChyZXF1ZXN0KQogICAgICAgICAgICAgXl5eXl5eXl5eXl5eXl5eXl5eXl5eXl5eCi4uL2lzb2xhdGVkLXJ1bnRpbWUvbGliL3B5dGhvbjMuMTMvc2l0ZS1wYWNrYWdlcy9zdGFybGV0dGUvbWlkZGxld2FyZS9iYXNlLnB5OjE2ODogaW4gY2FsbF9uZXh0CiAgICBy
2026-09-10T03:32:04.2984539Z GO_EVIDENCE_B64 YWlzZSBhcHBfZXhjIGZyb20gYXBwX2V4Yy5fX2NhdXNlX18gb3IgYXBwX2V4Yy5fX2NvbnRleHRfXwouLi9pc29sYXRlZC1ydW50aW1lL2xpYi9weXRob24zLjEzL3NpdGUtcGFja2FnZXMvc3RhcmxldHRlL21pZGRsZXdhcmUvYmFzZS5weToxNDQ6IGluIGNvcm8KICAgIGF3YWl0IHNlbGYuYXBwKHNjb3BlLCByZWNlaXZlX29yX2Rpc2Nvbm5lY3QsIHNlbmRfbm9fZXJyb3IpCi4uL2lzb2xhdGVkLXJ1bnRpbWUvbGliL3B5dGhvbjMuMTMvc2l0ZS1wYWNrYWdlcy9zdGFybGV0dGUvbWlkZGxld2FyZS9iYXNlLnB5OjE5MTogaW4g
2026-09-10T03:32:04.2990541Z GO_EVIDENCE_B64 X19jYWxsX18KICAgIHdpdGggcmVjdl9zdHJlYW0sIHNlbmRfc3RyZWFtLCBjb2xsYXBzZV9leGNncm91cHMoKToKICAgICAgICAgICAgICAgICAgICAgICAgICAgICAgICAgICBeXl5eXl5eXl5eXl5eXl5eXl5eXgovb3B0L2hvc3RlZHRvb2xjYWNoZS9QeXRob24vMy4xMy41L3g2NC9saWIvcHl0aG9uMy4xMy9jb250ZXh0bGliLnB5OjE2MjogaW4gX19leGl0X18KICAgIHNlbGYuZ2VuLnRocm93KHZhbHVlKQouLi9pc29sYXRlZC1ydW50aW1lL2xpYi9weXRob24zLjEzL3NpdGUtcGFja2FnZXMvc3RhcmxldHRlL191dGlscy5w
2026-09-10T03:32:04.2996288Z GO_EVIDENCE_B64 eTo4NTogaW4gY29sbGFwc2VfZXhjZ3JvdXBzCiAgICByYWlzZSBleGMKLi4vaXNvbGF0ZWQtcnVudGltZS9saWIvcHl0aG9uMy4xMy9zaXRlLXBhY2thZ2VzL3N0YXJsZXR0ZS9taWRkbGV3YXJlL2Jhc2UucHk6MTkzOiBpbiBfX2NhbGxfXwogICAgcmVzcG9uc2UgPSBhd2FpdCBzZWxmLmRpc3BhdGNoX2Z1bmMocmVxdWVzdCwgY2FsbF9uZXh0KQogICAgICAgICAgICAgICBeXl5eXl5eXl5eXl5eXl5eXl5eXl5eXl5eXl5eXl5eXl5eXl5eXl5eXl5eXgpzcmMvZ29faG90ZWwvbWFpbi5weToyMDc6IGluIGRpc3BhdGNoCiAgICBy
2026-09-10T03:32:04.3001923Z GO_EVIDENCE_B64 ZXNwb25zZT1hd2FpdCBjYWxsX25leHQocmVxdWVzdCkKICAgICAgICAgICAgIF5eXl5eXl5eXl5eXl5eXl5eXl5eXl5eXgouLi9pc29sYXRlZC1ydW50aW1lL2xpYi9weXRob24zLjEzL3NpdGUtcGFja2FnZXMvc3RhcmxldHRlL21pZGRsZXdhcmUvYmFzZS5weToxNjg6IGluIGNhbGxfbmV4dAogICAgcmFpc2UgYXBwX2V4YyBmcm9tIGFwcF9leGMuX19jYXVzZV9fIG9yIGFwcF9leGMuX19jb250ZXh0X18KLi4vaXNvbGF0ZWQtcnVudGltZS9saWIvcHl0aG9uMy4xMy9zaXRlLXBhY2thZ2VzL3N0YXJsZXR0ZS9taWRkbGV3YXJl
2026-09-10T03:32:04.3007613Z GO_EVIDENCE_B64 L2Jhc2UucHk6MTQ0OiBpbiBjb3JvCiAgICBhd2FpdCBzZWxmLmFwcChzY29wZSwgcmVjZWl2ZV9vcl9kaXNjb25uZWN0LCBzZW5kX25vX2Vycm9yKQouLi9pc29sYXRlZC1ydW50aW1lL2xpYi9weXRob24zLjEzL3NpdGUtcGFja2FnZXMvc3RhcmxldHRlL21pZGRsZXdhcmUvZXhjZXB0aW9ucy5weTo2MzogaW4gX19jYWxsX18KICAgIGF3YWl0IHdyYXBfYXBwX2hhbmRsaW5nX2V4Y2VwdGlvbnMoc2VsZi5hcHAsIGNvbm4pKHNjb3BlLCByZWNlaXZlLCBzZW5kKQouLi9pc29sYXRlZC1ydW50aW1lL2xpYi9weXRob24zLjEzL3Np
2026-09-10T03:32:04.3013208Z GO_EVIDENCE_B64 dGUtcGFja2FnZXMvc3RhcmxldHRlL19leGNlcHRpb25faGFuZGxlci5weTo1MzogaW4gd3JhcHBlZF9hcHAKICAgIHJhaXNlIGV4YwouLi9pc29sYXRlZC1ydW50aW1lL2xpYi9weXRob24zLjEzL3NpdGUtcGFja2FnZXMvc3RhcmxldHRlL19leGNlcHRpb25faGFuZGxlci5weTo0MjogaW4gd3JhcHBlZF9hcHAKICAgIGF3YWl0IGFwcChzY29wZSwgcmVjZWl2ZSwgc2VuZGVyKQouLi9pc29sYXRlZC1ydW50aW1lL2xpYi9weXRob24zLjEzL3NpdGUtcGFja2FnZXMvZmFzdGFwaS9taWRkbGV3YXJlL2FzeW5jZXhpdHN0YWNrLnB5
2026-09-10T03:32:04.3018973Z GO_EVIDENCE_B64 OjE4OiBpbiBfX2NhbGxfXwogICAgYXdhaXQgc2VsZi5hcHAoc2NvcGUsIHJlY2VpdmUsIHNlbmQpCi4uL2lzb2xhdGVkLXJ1bnRpbWUvbGliL3B5dGhvbjMuMTMvc2l0ZS1wYWNrYWdlcy9zdGFybGV0dGUvcm91dGluZy5weTo3MTY6IGluIF9fY2FsbF9fCiAgICBhd2FpdCBzZWxmLm1pZGRsZXdhcmVfc3RhY2soc2NvcGUsIHJlY2VpdmUsIHNlbmQpCi4uL2lzb2xhdGVkLXJ1bnRpbWUvbGliL3B5dGhvbjMuMTMvc2l0ZS1wYWNrYWdlcy9zdGFybGV0dGUvcm91dGluZy5weTo3MzY6IGluIGFwcAogICAgYXdhaXQgcm91dGUuaGFu
2026-09-10T03:32:04.3024675Z GO_EVIDENCE_B64 ZGxlKHNjb3BlLCByZWNlaXZlLCBzZW5kKQouLi9pc29sYXRlZC1ydW50aW1lL2xpYi9weXRob24zLjEzL3NpdGUtcGFja2FnZXMvc3RhcmxldHRlL3JvdXRpbmcucHk6MjkwOiBpbiBoYW5kbGUKICAgIGF3YWl0IHNlbGYuYXBwKHNjb3BlLCByZWNlaXZlLCBzZW5kKQouLi9pc29sYXRlZC1ydW50aW1lL2xpYi9weXRob24zLjEzL3NpdGUtcGFja2FnZXMvZmFzdGFwaS9yb3V0aW5nLnB5OjExNTogaW4gYXBwCiAgICBhd2FpdCB3cmFwX2FwcF9oYW5kbGluZ19leGNlcHRpb25zKGFwcCwgcmVxdWVzdCkoc2NvcGUsIHJlY2VpdmUs
2026-09-10T03:32:04.3030685Z GO_EVIDENCE_B64 IHNlbmQpCi4uL2lzb2xhdGVkLXJ1bnRpbWUvbGliL3B5dGhvbjMuMTMvc2l0ZS1wYWNrYWdlcy9zdGFybGV0dGUvX2V4Y2VwdGlvbl9oYW5kbGVyLnB5OjUzOiBpbiB3cmFwcGVkX2FwcAogICAgcmFpc2UgZXhjCi4uL2lzb2xhdGVkLXJ1bnRpbWUvbGliL3B5dGhvbjMuMTMvc2l0ZS1wYWNrYWdlcy9zdGFybGV0dGUvX2V4Y2VwdGlvbl9oYW5kbGVyLnB5OjQyOiBpbiB3cmFwcGVkX2FwcAogICAgYXdhaXQgYXBwKHNjb3BlLCByZWNlaXZlLCBzZW5kZXIpCi4uL2lzb2xhdGVkLXJ1bnRpbWUvbGliL3B5dGhvbjMuMTMvc2l0ZS1w
2026-09-10T03:32:04.3036525Z GO_EVIDENCE_B64 YWNrYWdlcy9mYXN0YXBpL3JvdXRpbmcucHk6MTAxOiBpbiBhcHAKICAgIHJlc3BvbnNlID0gYXdhaXQgZihyZXF1ZXN0KQogICAgICAgICAgICAgICBeXl5eXl5eXl5eXl5eXl5eCi4uL2lzb2xhdGVkLXJ1bnRpbWUvbGliL3B5dGhvbjMuMTMvc2l0ZS1wYWNrYWdlcy9mYXN0YXBpL3JvdXRpbmcucHk6MzU1OiBpbiBhcHAKICAgIHJhd19yZXNwb25zZSA9IGF3YWl0IHJ1bl9lbmRwb2ludF9mdW5jdGlvbigKLi4vaXNvbGF0ZWQtcnVudGltZS9saWIvcHl0aG9uMy4xMy9zaXRlLXBhY2thZ2VzL2Zhc3RhcGkvcm91dGluZy5weToy
2026-09-10T03:32:04.3042398Z GO_EVIDENCE_B64 NDU6IGluIHJ1bl9lbmRwb2ludF9mdW5jdGlvbgogICAgcmV0dXJuIGF3YWl0IHJ1bl9pbl90aHJlYWRwb29sKGRlcGVuZGFudC5jYWxsLCAqKnZhbHVlcykKICAgICAgICAgICBeXl5eXl5eXl5eXl5eXl5eXl5eXl5eXl5eXl5eXl5eXl5eXl5eXl5eXl5eXl5eXl5eCi4uL2lzb2xhdGVkLXJ1bnRpbWUvbGliL3B5dGhvbjMuMTMvc2l0ZS1wYWNrYWdlcy9zdGFybGV0dGUvY29uY3VycmVuY3kucHk6MzI6IGluIHJ1bl9pbl90aHJlYWRwb29sCiAgICByZXR1cm4gYXdhaXQgYW55aW8udG9fdGhyZWFkLnJ1bl9zeW5jKGZ1bmMpCiAg
2026-09-10T03:32:04.3051770Z GO_EVIDENCE_B64 ICAgICAgICAgXl5eXl5eXl5eXl5eXl5eXl5eXl5eXl5eXl5eXl5eXl5eXl5eCi4uL2lzb2xhdGVkLXJ1bnRpbWUvbGliL3B5dGhvbjMuMTMvc2l0ZS1wYWNrYWdlcy9hbnlpby90b190aHJlYWQucHk6NjM6IGluIHJ1bl9zeW5jCiAgICByZXR1cm4gYXdhaXQgZ2V0X2FzeW5jX2JhY2tlbmQoKS5ydW5fc3luY19pbl93b3JrZXJfdGhyZWFkKAouLi9pc29sYXRlZC1ydW50aW1lL2xpYi9weXRob24zLjEzL3NpdGUtcGFja2FnZXMvYW55aW8vX2JhY2tlbmRzL19hc3luY2lvLnB5OjI1MTg6IGluIHJ1bl9zeW5jX2luX3dvcmtlcl90
2026-09-10T03:32:04.3059798Z GO_EVIDENCE_B64 aHJlYWQKICAgIHJldHVybiBhd2FpdCBmdXR1cmUKICAgICAgICAgICBeXl5eXl5eXl5eXl4KLi4vaXNvbGF0ZWQtcnVudGltZS9saWIvcHl0aG9uMy4xMy9zaXRlLXBhY2thZ2VzL2FueWlvL19iYWNrZW5kcy9fYXN5bmNpby5weToxMDAyOiBpbiBydW4KICAgIHJlc3VsdCA9IGNvbnRleHQucnVuKGZ1bmMsICphcmdzKQogICAgICAgICAgICAgXl5eXl5eXl5eXl5eXl5eXl5eXl5eXl5eCl8gXyBfIF8gXyBfIF8gXyBfIF8gXyBfIF8gXyBfIF8gXyBfIF8gXyBfIF8gXyBfIF8gXyBfIF8gXyBfIF8gXyBfIF8gXyBfIF8gXyBfIF8g
2026-09-10T03:32:04.3065801Z GO_EVIDENCE_B64 CgpvcmRlcl9pZCA9ICdvcmRfMWExNGQ2N2RiMWExNDlkMicKcXVvdGVfaWQgPSAnY3FfOTM1YjU4YmY1MTQ0NDI2NmFiZDFiZWJiOGRjMmJhY2YnCnAgPSBQcmluY2lwYWwodXNlcl9pZD0ndXNyX2ZjYzg3YjAyMDVjNTRjZTdhOGMwOWRhZDdjZTgxYzdmJywgdXNlcm5hbWU9J2Nhc2gtZmFyZTE0LW93bmVyQGV4YW1wbGUuY29tJywgYWN0b3JfdHlwZT0nQ09OU1VNLi4uZDFjNThhYWNlYWQzNDJlZDg3NTkwZjA4OTYyMGQ2NjInLCBwZXJtaXNzaW9ucz17J2NvbnN1bWVyOmJvb2snLCAnY29uc3VtZXI6d2FsbGV0JywgJ2NvbnN1
2026-09-10T03:32:04.3072144Z GO_EVIDENCE_B64 bWVyOnJlYWQnLCAnY29uc3VtZXI6d3JpdGUnfSkKCiAgICBAcm91dGVyLmdldCgnL3YxL21vYmlsZS9vcmRlcnMve29yZGVyX2lkfS9jYW5jZWxsYXRpb24tcXVvdGVzL3txdW90ZV9pZH0nKQogICAgZGVmIG1vYmlsZV9leGlzdGluZ19jYW5jZWxfcXVvdGUob3JkZXJfaWQ6c3RyLHF1b3RlX2lkOnN0cixwPURlcGVuZHMoY29uc3VtZXJfcHJpbmNpcGFsKSk6CiAgICAgICAgIiIiUmVhZCB0aGUgZXhhY3QgZGlzcGxheWVkIHF1b3RlOyBuZXZlciByZXBsYWNlIGN1c3RvbWVyIGNvbnNlbnQgd2l0aCBhIG5ldyBxdW90ZS4iIiIK
2026-09-10T03:32:04.3078373Z GO_EVIDENCE_B64 ICAgICAgICBhc3NlcnRfY29uc3VtZXJfb3JkZXIocCxvcmRlcl9pZCkKICAgICAgICBmcm9tIGdvX2hvdGVsLnNlcnZpY2VzLmNhdGFsb2dfY2FzaF9mYXJlIGltcG9ydCBjaGVja2VkX3F1b3RlLCBxdW90ZV9wdWJsaWMKJmd0OyAgICAgICB3aXRoIFNlc3Npb25Mb2NhbCgpIGFzIHM6CiAgICAgICAgICAgICBeXl5eXl5eXl5eXl4KRSAgICAgICBOYW1lRXJyb3I6IG5hbWUgJ1Nlc3Npb25Mb2NhbCcgaXMgbm90IGRlZmluZWQKCnNyYy9nb19ob3RlbC9hcGkvcm91dGVzL21vYmlsZS5weTo5NjogTmFtZUVycm9yPC9mYWlsdXJl
2026-09-10T03:32:04.3084369Z GO_EVIDENCE_B64 PjwvdGVzdGNhc2U+PHRlc3RjYXNlIGNsYXNzbmFtZT0idGVzdHMudGVzdF9kZXB0aDE0X2Nhc2hfZmFyZV9hcGkiIG5hbWU9InRlc3RfbW9iaWxlX2Nhc2hfY2FuY2VsX3JlcXVpcmVzX293bmVkX3F1b3RlX2FuZF9yZXBsYXlzX3NhbWVfd2ViX3JlcXVlc3QiIHRpbWU9IjAuODMyIiAvPjx0ZXN0Y2FzZSBjbGFzc25hbWU9InRlc3RzLnRlc3RfZGVwdGgxNF9jYXNoX2ZhcmVfYXBpIiBuYW1lPSJ0ZXN0X25hdGl2ZV9hbmRfd2ViX2NoYW5nZV9zaGFyZV9vcGVyYXRpb25fcmVjb3ZlcnlfYW5kX29yZGVyX3Byb2dyZXNzIiB0aW1l
2026-09-10T03:32:04.3090569Z GO_EVIDENCE_B64 PSIwLjYxNSIgLz48dGVzdGNhc2UgY2xhc3NuYW1lPSJ0ZXN0cy50ZXN0X2RlcHRoMTRfY2FzaF9mYXJlX2FwaSIgbmFtZT0idGVzdF9zdGF0dXNfYW5kX3Jlc3VtZV9kb19ub3RfYWNjZXB0X2Fub3RoZXJfb3JkZXJfb3BlcmF0aW9uX2lkIiB0aW1lPSIwLjc3OSIgLz48dGVzdGNhc2UgY2xhc3NuYW1lPSJ0ZXN0cy50ZXN0X2RlcHRoMTRfY2FzaF9mYXJlX2FwaSIgbmFtZT0idGVzdF9tb2JpbGVfcGF5bWVudF9yZXRyeV9yZXF1aXJlc19ib29sZWFuX2NvbmZpcm1hdGlvbl9hbmRfb3JpZ2luYWxfaGFzaCIgdGltZT0iMC41ODYi
2026-09-10T03:32:04.3096751Z GO_EVIDENCE_B64 IC8+PHRlc3RjYXNlIGNsYXNzbmFtZT0idGVzdHMudGVzdF9kZXB0aDMwX25hdGl2ZV9hcGlfY29udHJhY3QiIG5hbWU9InRlc3RfbmF0aXZlX3NpeF92ZXJ0aWNhbF9jcmVhdGlvbl9wYXltZW50X2FuZF9yZWZ1bmRfY29udHJhY3RzIiB0aW1lPSIxLjUzMCI+PGZhaWx1cmUgbWVzc2FnZT0iTmFtZUVycm9yOiBuYW1lICdTZXNzaW9uTG9jYWwnIGlzIG5vdCBkZWZpbmVkIj4rIEV4Y2VwdGlvbiBHcm91cCBUcmFjZWJhY2sgKG1vc3QgcmVjZW50IGNhbGwgbGFzdCk6CiAgfCAgIEZpbGUgIi9ob21lL3J1bm5lci93b3JrL0dPL0dP
2026-09-10T03:32:04.3102592Z GO_EVIDENCE_B64 L2lzb2xhdGVkLXJ1bnRpbWUvbGliL3B5dGhvbjMuMTMvc2l0ZS1wYWNrYWdlcy9zdGFybGV0dGUvX3V0aWxzLnB5IiwgbGluZSA3OSwgaW4gY29sbGFwc2VfZXhjZ3JvdXBzCiAgfCAgICAgeWllbGQKICB8ICAgRmlsZSAiL2hvbWUvcnVubmVyL3dvcmsvR08vR08vaXNvbGF0ZWQtcnVudGltZS9saWIvcHl0aG9uMy4xMy9zaXRlLXBhY2thZ2VzL3N0YXJsZXR0ZS9taWRkbGV3YXJlL2Jhc2UucHkiLCBsaW5lIDE5MiwgaW4gX19jYWxsX18KICB8ICAgICBhc3luYyB3aXRoIGFueWlvLmNyZWF0ZV90YXNrX2dyb3VwKCkgYXMgdGFz
2026-09-10T03:32:04.3108862Z GO_EVIDENCE_B64 a19ncm91cDoKICB8ICAgICAgICAgICAgICAgIH5+fn5+fn5+fn5+fn5+fn5+fn5+fn5+Xl4KICB8ICAgRmlsZSAiL2hvbWUvcnVubmVyL3dvcmsvR08vR08vaXNvbGF0ZWQtcnVudGltZS9saWIvcHl0aG9uMy4xMy9zaXRlLXBhY2thZ2VzL2FueWlvL19iYWNrZW5kcy9fYXN5bmNpby5weSIsIGxpbmUgNzk5LCBpbiBfX2FleGl0X18KICB8ICAgICByYWlzZSBCYXNlRXhjZXB0aW9uR3JvdXAoCiAgfCAgICAgICAgICJ1bmhhbmRsZWQgZXJyb3JzIGluIGEgVGFza0dyb3VwIiwgc2VsZi5fZXhjZXB0aW9ucwogIHwgICAgICkgZnJv
2026-09-10T03:32:04.3114656Z GO_EVIDENCE_B64 bSBOb25lCiAgfCBFeGNlcHRpb25Hcm91cDogdW5oYW5kbGVkIGVycm9ycyBpbiBhIFRhc2tHcm91cCAoMSBzdWItZXhjZXB0aW9uKQogICstKy0tLS0tLS0tLS0tLS0tLS0gMSAtLS0tLS0tLS0tLS0tLS0tCiAgICB8IFRyYWNlYmFjayAobW9zdCByZWNlbnQgY2FsbCBsYXN0KToKICAgIHwgICBGaWxlICIvaG9tZS9ydW5uZXIvd29yay9HTy9HTy9pc29sYXRlZC1ydW50aW1lL2xpYi9weXRob24zLjEzL3NpdGUtcGFja2FnZXMvX3B5dGVzdC9ydW5uZXIucHkiLCBsaW5lIDM1MywgaW4gZnJvbV9jYWxsCiAgICB8ICAgICByZXN1
2026-09-10T03:32:04.3120790Z GO_EVIDENCE_B64 bHQ6IFRSZXN1bHQgfCBOb25lID0gZnVuYygpCiAgICB8ICAgICAgICAgICAgICAgICAgICAgICAgICAgICAgfn5+fl5eCiAgICB8ICAgRmlsZSAiL2hvbWUvcnVubmVyL3dvcmsvR08vR08vaXNvbGF0ZWQtcnVudGltZS9saWIvcHl0aG9uMy4xMy9zaXRlLXBhY2thZ2VzL19weXRlc3QvcnVubmVyLnB5IiwgbGluZSAyNDUsIGluICZsdDtsYW1iZGEmZ3Q7CiAgICB8ICAgICBsYW1iZGE6IHJ1bnRlc3RfaG9vayhpdGVtPWl0ZW0sICoqa3dkcyksCiAgICB8ICAgICAgICAgICAgIH5+fn5+fn5+fn5+fl5eXl5eXl5eXl5eXl5eXl5e
2026-09-10T03:32:04.3127328Z GO_EVIDENCE_B64 Xl4KICAgIHwgICBGaWxlICIvaG9tZS9ydW5uZXIvd29yay9HTy9HTy9pc29sYXRlZC1ydW50aW1lL2xpYi9weXRob24zLjEzL3NpdGUtcGFja2FnZXMvcGx1Z2d5L19ob29rcy5weSIsIGxpbmUgNTEyLCBpbiBfX2NhbGxfXwogICAgfCAgICAgcmV0dXJuIHNlbGYuX2hvb2tleGVjKHNlbGYubmFtZSwgc2VsZi5faG9va2ltcGxzLmNvcHkoKSwga3dhcmdzLCBmaXJzdHJlc3VsdCkKICAgIHwgICAgICAgICAgICB+fn5+fn5+fn5+fn5+fl5eXl5eXl5eXl5eXl5eXl5eXl5eXl5eXl5eXl5eXl5eXl5eXl5eXl5eXl5eXl5eXl5eXl5e
2026-09-10T03:32:04.3133148Z GO_EVIDENCE_B64 Xl5eCiAgICB8ICAgRmlsZSAiL2hvbWUvcnVubmVyL3dvcmsvR08vR08vaXNvbGF0ZWQtcnVudGltZS9saWIvcHl0aG9uMy4xMy9zaXRlLXBhY2thZ2VzL3BsdWdneS9fbWFuYWdlci5weSIsIGxpbmUgMTIwLCBpbiBfaG9va2V4ZWMKICAgIHwgICAgIHJldHVybiBzZWxmLl9pbm5lcl9ob29rZXhlYyhob29rX25hbWUsIG1ldGhvZHMsIGt3YXJncywgZmlyc3RyZXN1bHQpCiAgICB8ICAgICAgICAgICAgfn5+fn5+fn5+fn5+fn5+fn5+fn5eXl5eXl5eXl5eXl5eXl5eXl5eXl5eXl5eXl5eXl5eXl5eXl5eXl5eXgogICAgfCAgIEZp
2026-09-10T03:32:04.3139344Z GO_EVIDENCE_B64 bGUgIi9ob21lL3J1bm5lci93b3JrL0dPL0dPL2lzb2xhdGVkLXJ1bnRpbWUvbGliL3B5dGhvbjMuMTMvc2l0ZS1wYWNrYWdlcy9wbHVnZ3kvX2NhbGxlcnMucHkiLCBsaW5lIDE2NywgaW4gX211bHRpY2FsbAogICAgfCAgICAgcmFpc2UgZXhjZXB0aW9uCiAgICB8ICAgRmlsZSAiL2hvbWUvcnVubmVyL3dvcmsvR08vR08vaXNvbGF0ZWQtcnVudGltZS9saWIvcHl0aG9uMy4xMy9zaXRlLXBhY2thZ2VzL3BsdWdneS9fY2FsbGVycy5weSIsIGxpbmUgMTM5LCBpbiBfbXVsdGljYWxsCiAgICB8ICAgICB0ZWFyZG93bi50aHJvdyhl
2026-09-10T03:32:04.3145133Z GO_EVIDENCE_B64 eGNlcHRpb24pCiAgICB8ICAgICB+fn5+fn5+fn5+fn5+fl5eXl5eXl5eXl5eCiAgICB8ICAgRmlsZSAiL2hvbWUvcnVubmVyL3dvcmsvR08vR08vaXNvbGF0ZWQtcnVudGltZS9saWIvcHl0aG9uMy4xMy9zaXRlLXBhY2thZ2VzL19weXRlc3QvbG9nZ2luZy5weSIsIGxpbmUgODUwLCBpbiBweXRlc3RfcnVudGVzdF9jYWxsCiAgICB8ICAgICB5aWVsZAogICAgfCAgIEZpbGUgIi9ob21lL3J1bm5lci93b3JrL0dPL0dPL2lzb2xhdGVkLXJ1bnRpbWUvbGliL3B5dGhvbjMuMTMvc2l0ZS1wYWNrYWdlcy9wbHVnZ3kvX2NhbGxlcnMu
2026-09-10T03:32:04.3151409Z GO_EVIDENCE_B64 cHkiLCBsaW5lIDEzOSwgaW4gX211bHRpY2FsbAogICAgfCAgICAgdGVhcmRvd24udGhyb3coZXhjZXB0aW9uKQogICAgfCAgICAgfn5+fn5+fn5+fn5+fn5eXl5eXl5eXl5eXgogICAgfCAgIEZpbGUgIi9ob21lL3J1bm5lci93b3JrL0dPL0dPL2lzb2xhdGVkLXJ1bnRpbWUvbGliL3B5dGhvbjMuMTMvc2l0ZS1wYWNrYWdlcy9fcHl0ZXN0L2NhcHR1cmUucHkiLCBsaW5lIDkwMCwgaW4gcHl0ZXN0X3J1bnRlc3RfY2FsbAogICAgfCAgICAgcmV0dXJuICh5aWVsZCkKICAgIHwgICAgICAgICAgICAgXl5eXl4KICAgIHwgICBGaWxl
2026-09-10T03:32:04.3157437Z GO_EVIDENCE_B64 ICIvaG9tZS9ydW5uZXIvd29yay9HTy9HTy9pc29sYXRlZC1ydW50aW1lL2xpYi9weXRob24zLjEzL3NpdGUtcGFja2FnZXMvcGx1Z2d5L19jYWxsZXJzLnB5IiwgbGluZSAxMzksIGluIF9tdWx0aWNhbGwKICAgIHwgICAgIHRlYXJkb3duLnRocm93KGV4Y2VwdGlvbikKICAgIHwgICAgIH5+fn5+fn5+fn5+fn5+Xl5eXl5eXl5eXl4KICAgIHwgICBGaWxlICIvaG9tZS9ydW5uZXIvd29yay9HTy9HTy9pc29sYXRlZC1ydW50aW1lL2xpYi9weXRob24zLjEzL3NpdGUtcGFja2FnZXMvX3B5dGVzdC9za2lwcGluZy5weSIsIGxpbmUg
2026-09-10T03:32:04.3163398Z GO_EVIDENCE_B64 MjY4LCBpbiBweXRlc3RfcnVudGVzdF9jYWxsCiAgICB8ICAgICByZXR1cm4gKHlpZWxkKQogICAgfCAgICAgICAgICAgICBeXl5eXgogICAgfCAgIEZpbGUgIi9ob21lL3J1bm5lci93b3JrL0dPL0dPL2lzb2xhdGVkLXJ1bnRpbWUvbGliL3B5dGhvbjMuMTMvc2l0ZS1wYWNrYWdlcy9wbHVnZ3kvX2NhbGxlcnMucHkiLCBsaW5lIDEyMSwgaW4gX211bHRpY2FsbAogICAgfCAgICAgcmVzID0gaG9va19pbXBsLmZ1bmN0aW9uKCphcmdzKQogICAgfCAgIEZpbGUgIi9ob21lL3J1bm5lci93b3JrL0dPL0dPL2lzb2xhdGVkLXJ1bnRp
2026-09-10T03:32:04.3169538Z GO_EVIDENCE_B64 bWUvbGliL3B5dGhvbjMuMTMvc2l0ZS1wYWNrYWdlcy9fcHl0ZXN0L3J1bm5lci5weSIsIGxpbmUgMTc5LCBpbiBweXRlc3RfcnVudGVzdF9jYWxsCiAgICB8ICAgICBpdGVtLnJ1bnRlc3QoKQogICAgfCAgICAgfn5+fn5+fn5+fn5+Xl4KICAgIHwgICBGaWxlICIvaG9tZS9ydW5uZXIvd29yay9HTy9HTy9pc29sYXRlZC1ydW50aW1lL2xpYi9weXRob24zLjEzL3NpdGUtcGFja2FnZXMvX3B5dGVzdC9weXRob24ucHkiLCBsaW5lIDE3MjAsIGluIHJ1bnRlc3QKICAgIHwgICAgIHNlbGYuaWhvb2sucHl0ZXN0X3B5ZnVuY19jYWxs
2026-09-10T03:32:04.3175467Z GO_EVIDENCE_B64 KHB5ZnVuY2l0ZW09c2VsZikKICAgIHwgICAgIH5+fn5+fn5+fn5+fn5+fn5+fn5+fn5+fn5+fn5+Xl5eXl5eXl5eXl5eXl5eXl4KICAgIHwgICBGaWxlICIvaG9tZS9ydW5uZXIvd29yay9HTy9HTy9pc29sYXRlZC1ydW50aW1lL2xpYi9weXRob24zLjEzL3NpdGUtcGFja2FnZXMvcGx1Z2d5L19ob29rcy5weSIsIGxpbmUgNTEyLCBpbiBfX2NhbGxfXwogICAgfCAgICAgcmV0dXJuIHNlbGYuX2hvb2tleGVjKHNlbGYubmFtZSwgc2VsZi5faG9va2ltcGxzLmNvcHkoKSwga3dhcmdzLCBmaXJzdHJlc3VsdCkKICAgIHwgICAgICAg
2026-09-10T03:32:04.3183663Z GO_EVIDENCE_B64 ICAgICB+fn5+fn5+fn5+fn5+fl5eXl5eXl5eXl5eXl5eXl5eXl5eXl5eXl5eXl5eXl5eXl5eXl5eXl5eXl5eXl5eXl5eXl5eXl5eCiAgICB8ICAgRmlsZSAiL2hvbWUvcnVubmVyL3dvcmsvR08vR08vaXNvbGF0ZWQtcnVudGltZS9saWIvcHl0aG9uMy4xMy9zaXRlLXBhY2thZ2VzL3BsdWdneS9fbWFuYWdlci5weSIsIGxpbmUgMTIwLCBpbiBfaG9va2V4ZWMKICAgIHwgICAgIHJldHVybiBzZWxmLl9pbm5lcl9ob29rZXhlYyhob29rX25hbWUsIG1ldGhvZHMsIGt3YXJncywgZmlyc3RyZXN1bHQpCiAgICB8ICAgICAgICAgICAg
2026-09-10T03:32:04.3194352Z GO_EVIDENCE_B64 fn5+fn5+fn5+fn5+fn5+fn5+fn5eXl5eXl5eXl5eXl5eXl5eXl5eXl5eXl5eXl5eXl5eXl5eXl5eXl5eXgogICAgfCAgIEZpbGUgIi9ob21lL3J1bm5lci93b3JrL0dPL0dPL2lzb2xhdGVkLXJ1bnRpbWUvbGliL3B5dGhvbjMuMTMvc2l0ZS1wYWNrYWdlcy9wbHVnZ3kvX2NhbGxlcnMucHkiLCBsaW5lIDE2NywgaW4gX211bHRpY2FsbAogICAgfCAgICAgcmFpc2UgZXhjZXB0aW9uCiAgICB8ICAgRmlsZSAiL2hvbWUvcnVubmVyL3dvcmsvR08vR08vaXNvbGF0ZWQtcnVudGltZS9saWIvcHl0aG9uMy4xMy9zaXRlLXBhY2thZ2Vz
2026-09-10T03:32:04.3205861Z GO_EVIDENCE_B64 L3BsdWdneS9fY2FsbGVycy5weSIsIGxpbmUgMTM5LCBpbiBfbXVsdGljYWxsCiAgICB8ICAgICB0ZWFyZG93bi50aHJvdyhleGNlcHRpb24pCiAgICB8ICAgICB+fn5+fn5+fn5+fn5+fl5eXl5eXl5eXl5eCiAgICB8ICAgRmlsZSAiL2hvbWUvcnVubmVyL3dvcmsvR08vR08vaXNvbGF0ZWQtcnVudGltZS9saWIvcHl0aG9uMy4xMy9zaXRlLXBhY2thZ2VzL3BsdWdneS9fY2FsbGVycy5weSIsIGxpbmUgNTMsIGluIHJ1bl9vbGRfc3R5bGVfaG9va3dyYXBwZXIKICAgIHwgICAgIHJldHVybiByZXN1bHQuZ2V0X3Jlc3VsdCgpCiAg
2026-09-10T03:32:04.3216818Z GO_EVIDENCE_B64 ICB8ICAgICAgICAgICAgfn5+fn5+fn5+fn5+fn5+fn5eXgogICAgfCAgIEZpbGUgIi9ob21lL3J1bm5lci93b3JrL0dPL0dPL2lzb2xhdGVkLXJ1bnRpbWUvbGliL3B5dGhvbjMuMTMvc2l0ZS1wYWNrYWdlcy9wbHVnZ3kvX3Jlc3VsdC5weSIsIGxpbmUgMTAzLCBpbiBnZXRfcmVzdWx0CiAgICB8ICAgICByYWlzZSBleGMud2l0aF90cmFjZWJhY2sodGIpCiAgICB8ICAgRmlsZSAiL2hvbWUvcnVubmVyL3dvcmsvR08vR08vaXNvbGF0ZWQtcnVudGltZS9saWIvcHl0aG9uMy4xMy9zaXRlLXBhY2thZ2VzL3BsdWdneS9fY2FsbGVy
2026-09-10T03:32:04.3228487Z GO_EVIDENCE_B64 cy5weSIsIGxpbmUgMzgsIGluIHJ1bl9vbGRfc3R5bGVfaG9va3dyYXBwZXIKICAgIHwgICAgIHJlcyA9IHlpZWxkCiAgICB8ICAgICAgICAgICBeXl5eXgogICAgfCAgIEZpbGUgIi9ob21lL3J1bm5lci93b3JrL0dPL0dPL2lzb2xhdGVkLXJ1bnRpbWUvbGliL3B5dGhvbjMuMTMvc2l0ZS1wYWNrYWdlcy9wbHVnZ3kvX2NhbGxlcnMucHkiLCBsaW5lIDEyMSwgaW4gX211bHRpY2FsbAogICAgfCAgICAgcmVzID0gaG9va19pbXBsLmZ1bmN0aW9uKCphcmdzKQogICAgfCAgIEZpbGUgIi9ob21lL3J1bm5lci93b3JrL0dPL0dPL2lz
2026-09-10T03:32:04.3240281Z GO_EVIDENCE_B64 b2xhdGVkLXJ1bnRpbWUvbGliL3B5dGhvbjMuMTMvc2l0ZS1wYWNrYWdlcy9fcHl0ZXN0L3B5dGhvbi5weSIsIGxpbmUgMTY2LCBpbiBweXRlc3RfcHlmdW5jX2NhbGwKICAgIHwgICAgIHJlc3VsdCA9IHRlc3RmdW5jdGlvbigqKnRlc3RhcmdzKQogICAgfCAgIEZpbGUgIi9ob21lL3J1bm5lci93b3JrL0dPL0dPL3Jlc3RvcmVkL3Rlc3RzL3Rlc3RfZGVwdGgzMF9uYXRpdmVfYXBpX2NvbnRyYWN0LnB5IiwgbGluZSA3MiwgaW4gdGVzdF9uYXRpdmVfc2l4X3ZlcnRpY2FsX2NyZWF0aW9uX3BheW1lbnRfYW5kX3JlZnVuZF9jb250
2026-09-10T03:32:04.3252177Z GO_EVIDENCE_B64 cmFjdHMKICAgIHwgICAgIHJlZnVuZGVkPWJyaWRnZShjbGllbnQsaGVhZGVycyx7Kip0YXNrLCdhY3Rpb24nOidyZWZ1bmQnfSkKICAgIHwgICBGaWxlICIvaG9tZS9ydW5uZXIvd29yay9HTy9HTy9yZXN0b3JlZC90ZXN0cy90ZXN0X2RlcHRoMzBfbmF0aXZlX2FwaV9jb250cmFjdC5weSIsIGxpbmUgMzEsIGluIGJyaWRnZQogICAgfCAgICAgcmVzcG9uc2U9Y2xpZW50LnJlcXVlc3QoY2FsbFsnbWV0aG9kJ10sY2FsbFsncGF0aCddLGhlYWRlcnM9eyoqaGVhZGVycywqKmNhbGxbJ2hlYWRlcnMnXX0sanNvbj1jYWxsWydib2R5
2026-09-10T03:32:04.3264016Z GO_EVIDENCE_B64 J10pCiAgICB8ICAgRmlsZSAiL2hvbWUvcnVubmVyL3dvcmsvR08vR08vaXNvbGF0ZWQtcnVudGltZS9saWIvcHl0aG9uMy4xMy9zaXRlLXBhY2thZ2VzL3N0YXJsZXR0ZS90ZXN0Y2xpZW50LnB5IiwgbGluZSA0NDUsIGluIHJlcXVlc3QKICAgIHwgICAgIHJldHVybiBzdXBlcigpLnJlcXVlc3QoCiAgICB8ICAgICAgICAgICAgfn5+fn5+fn5+fn5+fn5+XgogICAgfCAgICAgICAgIG1ldGhvZCwKICAgIHwgICAgICAgICBeXl5eXl5eCiAgICB8ICAgICAuLi4mbHQ7MTEgbGluZXMmZ3Q7Li4uCiAgICB8ICAgICAgICAgZXh0ZW5z
2026-09-10T03:32:04.3286100Z GO_EVIDENCE_B64 aW9ucz1leHRlbnNpb25zLAogICAgfCAgICAgICAgIF5eXl5eXl5eXl5eXl5eXl5eXl5eXl4KICAgIHwgICAgICkKICAgIHwgICAgIF4KICAgIHwgICBGaWxlICIvaG9tZS9ydW5uZXIvd29yay9HTy9HTy9pc29sYXRlZC1ydW50aW1lL2xpYi9weXRob24zLjEzL3NpdGUtcGFja2FnZXMvaHR0cHgvX2NsaWVudC5weSIsIGxpbmUgODI1LCBpbiByZXF1ZXN0CiAgICB8ICAgICByZXR1cm4gc2VsZi5zZW5kKHJlcXVlc3QsIGF1dGg9YXV0aCwgZm9sbG93X3JlZGlyZWN0cz1mb2xsb3dfcmVkaXJlY3RzKQogICAgfCAgICAgICAgICAg
2026-09-10T03:32:04.3297047Z GO_EVIDENCE_B64 IH5+fn5+fn5+fl5eXl5eXl5eXl5eXl5eXl5eXl5eXl5eXl5eXl5eXl5eXl5eXl5eXl5eXl5eXl5eXl5eXl5eXl4KICAgIHwgICBGaWxlICIvaG9tZS9ydW5uZXIvd29yay9HTy9HTy9pc29sYXRlZC1ydW50aW1lL2xpYi9weXRob24zLjEzL3NpdGUtcGFja2FnZXMvaHR0cHgvX2NsaWVudC5weSIsIGxpbmUgOTE0LCBpbiBzZW5kCiAgICB8ICAgICByZXNwb25zZSA9IHNlbGYuX3NlbmRfaGFuZGxpbmdfYXV0aCgKICAgIHwgICAgICAgICByZXF1ZXN0LAogICAgfCAgICAgLi4uJmx0OzIgbGluZXMmZ3Q7Li4uCiAgICB8ICAgICAg
2026-09-10T03:32:04.3307934Z GO_EVIDENCE_B64 ICAgaGlzdG9yeT1bXSwKICAgIHwgICAgICkKICAgIHwgICBGaWxlICIvaG9tZS9ydW5uZXIvd29yay9HTy9HTy9pc29sYXRlZC1ydW50aW1lL2xpYi9weXRob24zLjEzL3NpdGUtcGFja2FnZXMvaHR0cHgvX2NsaWVudC5weSIsIGxpbmUgOTQyLCBpbiBfc2VuZF9oYW5kbGluZ19hdXRoCiAgICB8ICAgICByZXNwb25zZSA9IHNlbGYuX3NlbmRfaGFuZGxpbmdfcmVkaXJlY3RzKAogICAgfCAgICAgICAgIHJlcXVlc3QsCiAgICB8ICAgICAgICAgZm9sbG93X3JlZGlyZWN0cz1mb2xsb3dfcmVkaXJlY3RzLAogICAgfCAgICAgICAg
2026-09-10T03:32:04.3318949Z GO_EVIDENCE_B64 IGhpc3Rvcnk9aGlzdG9yeSwKICAgIHwgICAgICkKICAgIHwgICBGaWxlICIvaG9tZS9ydW5uZXIvd29yay9HTy9HTy9pc29sYXRlZC1ydW50aW1lL2xpYi9weXRob24zLjEzL3NpdGUtcGFja2FnZXMvaHR0cHgvX2NsaWVudC5weSIsIGxpbmUgOTc5LCBpbiBfc2VuZF9oYW5kbGluZ19yZWRpcmVjdHMKICAgIHwgICAgIHJlc3BvbnNlID0gc2VsZi5fc2VuZF9zaW5nbGVfcmVxdWVzdChyZXF1ZXN0KQogICAgfCAgIEZpbGUgIi9ob21lL3J1bm5lci93b3JrL0dPL0dPL2lzb2xhdGVkLXJ1bnRpbWUvbGliL3B5dGhvbjMuMTMvc2l0
2026-09-10T03:32:04.3330317Z GO_EVIDENCE_B64 ZS1wYWNrYWdlcy9odHRweC9fY2xpZW50LnB5IiwgbGluZSAxMDE0LCBpbiBfc2VuZF9zaW5nbGVfcmVxdWVzdAogICAgfCAgICAgcmVzcG9uc2UgPSB0cmFuc3BvcnQuaGFuZGxlX3JlcXVlc3QocmVxdWVzdCkKICAgIHwgICBGaWxlICIvaG9tZS9ydW5uZXIvd29yay9HTy9HTy9pc29sYXRlZC1ydW50aW1lL2xpYi9weXRob24zLjEzL3NpdGUtcGFja2FnZXMvc3RhcmxldHRlL3Rlc3RjbGllbnQucHkiLCBsaW5lIDM0OCwgaW4gaGFuZGxlX3JlcXVlc3QKICAgIHwgICAgIHJhaXNlIGV4YwogICAgfCAgIEZpbGUgIi9ob21lL3J1
2026-09-10T03:32:04.3341862Z GO_EVIDENCE_B64 bm5lci93b3JrL0dPL0dPL2lzb2xhdGVkLXJ1bnRpbWUvbGliL3B5dGhvbjMuMTMvc2l0ZS1wYWNrYWdlcy9zdGFybGV0dGUvdGVzdGNsaWVudC5weSIsIGxpbmUgMzQ1LCBpbiBoYW5kbGVfcmVxdWVzdAogICAgfCAgICAgcG9ydGFsLmNhbGwoc2VsZi5hcHAsIHNjb3BlLCByZWNlaXZlLCBzZW5kKQogICAgfCAgICAgfn5+fn5+fn5+fn5eXl5eXl5eXl5eXl5eXl5eXl5eXl5eXl5eXl5eXl5eXgogICAgfCAgIEZpbGUgIi9ob21lL3J1bm5lci93b3JrL0dPL0dPL2lzb2xhdGVkLXJ1bnRpbWUvbGliL3B5dGhvbjMuMTMvc2l0ZS1w
2026-09-10T03:32:04.3353111Z GO_EVIDENCE_B64 YWNrYWdlcy9hbnlpby9mcm9tX3RocmVhZC5weSIsIGxpbmUgMzM0LCBpbiBjYWxsCiAgICB8ICAgICByZXR1cm4gY2FzdChUX1JldHZhbCwgc2VsZi5zdGFydF90YXNrX3Nvb24oZnVuYywgKmFyZ3MpLnJlc3VsdCgpKQogICAgfCAgICAgICAgICAgICAgICAgICAgICAgICAgIH5+fn5+fn5+fn5+fn5+fn5+fn5+fn5+fn5+fn5+fn5+fn5+fn5+fn5eXgogICAgfCAgIEZpbGUgIi9vcHQvaG9zdGVkdG9vbGNhY2hlL1B5dGhvbi8zLjEzLjUveDY0L2xpYi9weXRob24zLjEzL2NvbmN1cnJlbnQvZnV0dXJlcy9fYmFzZS5weSIsIGxp
2026-09-10T03:32:04.3364675Z GO_EVIDENCE_B64 bmUgNDU2LCBpbiByZXN1bHQKICAgIHwgICAgIHJldHVybiBzZWxmLl9fZ2V0X3Jlc3VsdCgpCiAgICB8ICAgICAgICAgICAgfn5+fn5+fn5+fn5+fn5+fn5eXgogICAgfCAgIEZpbGUgIi9vcHQvaG9zdGVkdG9vbGNhY2hlL1B5dGhvbi8zLjEzLjUveDY0L2xpYi9weXRob24zLjEzL2NvbmN1cnJlbnQvZnV0dXJlcy9fYmFzZS5weSIsIGxpbmUgNDAxLCBpbiBfX2dldF9yZXN1bHQKICAgIHwgICAgIHJhaXNlIHNlbGYuX2V4Y2VwdGlvbgogICAgfCAgIEZpbGUgIi9ob21lL3J1bm5lci93b3JrL0dPL0dPL2lzb2xhdGVkLXJ1bnRp
2026-09-10T03:32:04.3376286Z GO_EVIDENCE_B64 bWUvbGliL3B5dGhvbjMuMTMvc2l0ZS1wYWNrYWdlcy9hbnlpby9mcm9tX3RocmVhZC5weSIsIGxpbmUgMjU5LCBpbiBfY2FsbF9mdW5jCiAgICB8ICAgICByZXR2YWwgPSBhd2FpdCByZXR2YWxfb3JfYXdhaXRhYmxlCiAgICB8ICAgICAgICAgICAgICBeXl5eXl5eXl5eXl5eXl5eXl5eXl5eXl5eCiAgICB8ICAgRmlsZSAiL2hvbWUvcnVubmVyL3dvcmsvR08vR08vaXNvbGF0ZWQtcnVudGltZS9saWIvcHl0aG9uMy4xMy9zaXRlLXBhY2thZ2VzL2Zhc3RhcGkvYXBwbGljYXRpb25zLnB5IiwgbGluZSAxMTM4LCBpbiBfX2NhbGxf
2026-09-10T03:32:04.3387674Z GO_EVIDENCE_B64 XwogICAgfCAgICAgYXdhaXQgc3VwZXIoKS5fX2NhbGxfXyhzY29wZSwgcmVjZWl2ZSwgc2VuZCkKICAgIHwgICBGaWxlICIvaG9tZS9ydW5uZXIvd29yay9HTy9HTy9pc29sYXRlZC1ydW50aW1lL2xpYi9weXRob24zLjEzL3NpdGUtcGFja2FnZXMvc3RhcmxldHRlL2FwcGxpY2F0aW9ucy5weSIsIGxpbmUgMTA3LCBpbiBfX2NhbGxfXwogICAgfCAgICAgYXdhaXQgc2VsZi5taWRkbGV3YXJlX3N0YWNrKHNjb3BlLCByZWNlaXZlLCBzZW5kKQogICAgfCAgIEZpbGUgIi9ob21lL3J1bm5lci93b3JrL0dPL0dPL2lzb2xhdGVkLXJ1
2026-09-10T03:32:04.3398903Z GO_EVIDENCE_B64 bnRpbWUvbGliL3B5dGhvbjMuMTMvc2l0ZS1wYWNrYWdlcy9zdGFybGV0dGUvbWlkZGxld2FyZS9lcnJvcnMucHkiLCBsaW5lIDE4NiwgaW4gX19jYWxsX18KICAgIHwgICAgIHJhaXNlIGV4YwogICAgfCAgIEZpbGUgIi9ob21lL3J1bm5lci93b3JrL0dPL0dPL2lzb2xhdGVkLXJ1bnRpbWUvbGliL3B5dGhvbjMuMTMvc2l0ZS1wYWNrYWdlcy9zdGFybGV0dGUvbWlkZGxld2FyZS9lcnJvcnMucHkiLCBsaW5lIDE2NCwgaW4gX19jYWxsX18KICAgIHwgICAgIGF3YWl0IHNlbGYuYXBwKHNjb3BlLCByZWNlaXZlLCBfc2VuZCkKICAg
2026-09-10T03:32:04.3410191Z GO_EVIDENCE_B64 IHwgICBGaWxlICIvaG9tZS9ydW5uZXIvd29yay9HTy9HTy9pc29sYXRlZC1ydW50aW1lL2xpYi9weXRob24zLjEzL3NpdGUtcGFja2FnZXMvc3RhcmxldHRlL21pZGRsZXdhcmUvYmFzZS5weSIsIGxpbmUgMTkxLCBpbiBfX2NhbGxfXwogICAgfCAgICAgd2l0aCByZWN2X3N0cmVhbSwgc2VuZF9zdHJlYW0sIGNvbGxhcHNlX2V4Y2dyb3VwcygpOgogICAgfCAgICAgICAgICAgICAgICAgICAgICAgICAgICAgICAgICAgIH5+fn5+fn5+fn5+fn5+fn5+fl5eCiAgICB8ICAgRmlsZSAiL29wdC9ob3N0ZWR0b29sY2FjaGUvUHl0aG9u
2026-09-10T03:32:04.3421517Z GO_EVIDENCE_B64 LzMuMTMuNS94NjQvbGliL3B5dGhvbjMuMTMvY29udGV4dGxpYi5weSIsIGxpbmUgMTYyLCBpbiBfX2V4aXRfXwogICAgfCAgICAgc2VsZi5nZW4udGhyb3codmFsdWUpCiAgICB8ICAgICB+fn5+fn5+fn5+fn5+fl5eXl5eXl4KICAgIHwgICBGaWxlICIvaG9tZS9ydW5uZXIvd29yay9HTy9HTy9pc29sYXRlZC1ydW50aW1lL2xpYi9weXRob24zLjEzL3NpdGUtcGFja2FnZXMvc3RhcmxldHRlL191dGlscy5weSIsIGxpbmUgODUsIGluIGNvbGxhcHNlX2V4Y2dyb3VwcwogICAgfCAgICAgcmFpc2UgZXhjCiAgICB8ICAgRmlsZSAi
2026-09-10T03:32:04.3432690Z GO_EVIDENCE_B64 L2hvbWUvcnVubmVyL3dvcmsvR08vR08vaXNvbGF0ZWQtcnVudGltZS9saWIvcHl0aG9uMy4xMy9zaXRlLXBhY2thZ2VzL3N0YXJsZXR0ZS9taWRkbGV3YXJlL2Jhc2UucHkiLCBsaW5lIDE5MywgaW4gX19jYWxsX18KICAgIHwgICAgIHJlc3BvbnNlID0gYXdhaXQgc2VsZi5kaXNwYXRjaF9mdW5jKHJlcXVlc3QsIGNhbGxfbmV4dCkKICAgIHwgICAgICAgICAgICAgICAgXl5eXl5eXl5eXl5eXl5eXl5eXl5eXl5eXl5eXl5eXl5eXl5eXl5eXl5eXl4KICAgIHwgICBGaWxlICIvaG9tZS9ydW5uZXIvd29yay9HTy9HTy9yZXN0b3Jl
2026-09-10T03:32:04.3444327Z GO_EVIDENCE_B64 ZC9zcmMvZ29faG90ZWwvbWFpbi5weSIsIGxpbmUgMjgyLCBpbiBkaXNwYXRjaAogICAgfCAgICAgcmVzcG9uc2U9YXdhaXQgY2FsbF9uZXh0KHJlcXVlc3QpCiAgICB8ICAgICAgICAgICAgICBeXl5eXl5eXl5eXl5eXl5eXl5eXl5eXl4KICAgIHwgICBGaWxlICIvaG9tZS9ydW5uZXIvd29yay9HTy9HTy9pc29sYXRlZC1ydW50aW1lL2xpYi9weXRob24zLjEzL3NpdGUtcGFja2FnZXMvc3RhcmxldHRlL21pZGRsZXdhcmUvYmFzZS5weSIsIGxpbmUgMTY4LCBpbiBjYWxsX25leHQKICAgIHwgICAgIHJhaXNlIGFwcF9leGMgZnJv
2026-09-10T03:32:04.3455825Z GO_EVIDENCE_B64 bSBhcHBfZXhjLl9fY2F1c2VfXyBvciBhcHBfZXhjLl9fY29udGV4dF9fCiAgICB8ICAgRmlsZSAiL2hvbWUvcnVubmVyL3dvcmsvR08vR08vaXNvbGF0ZWQtcnVudGltZS9saWIvcHl0aG9uMy4xMy9zaXRlLXBhY2thZ2VzL3N0YXJsZXR0ZS9taWRkbGV3YXJlL2Jhc2UucHkiLCBsaW5lIDE0NCwgaW4gY29ybwogICAgfCAgICAgYXdhaXQgc2VsZi5hcHAoc2NvcGUsIHJlY2VpdmVfb3JfZGlzY29ubmVjdCwgc2VuZF9ub19lcnJvcikKICAgIHwgICBGaWxlICIvaG9tZS9ydW5uZXIvd29yay9HTy9HTy9pc29sYXRlZC1ydW50aW1l
2026-09-10T03:32:04.3467426Z GO_EVIDENCE_B64 L2xpYi9weXRob24zLjEzL3NpdGUtcGFja2FnZXMvc3RhcmxldHRlL21pZGRsZXdhcmUvYmFzZS5weSIsIGxpbmUgMTkxLCBpbiBfX2NhbGxfXwogICAgfCAgICAgd2l0aCByZWN2X3N0cmVhbSwgc2VuZF9zdHJlYW0sIGNvbGxhcHNlX2V4Y2dyb3VwcygpOgogICAgfCAgICAgICAgICAgICAgICAgICAgICAgICAgICAgICAgICAgIH5+fn5+fn5+fn5+fn5+fn5+fl5eCiAgICB8ICAgRmlsZSAiL29wdC9ob3N0ZWR0b29sY2FjaGUvUHl0aG9uLzMuMTMuNS94NjQvbGliL3B5dGhvbjMuMTMvY29udGV4dGxpYi5weSIsIGxpbmUgMTYy
2026-09-10T03:32:04.3478779Z GO_EVIDENCE_B64 LCBpbiBfX2V4aXRfXwogICAgfCAgICAgc2VsZi5nZW4udGhyb3codmFsdWUpCiAgICB8ICAgICB+fn5+fn5+fn5+fn5+fl5eXl5eXl4KICAgIHwgICBGaWxlICIvaG9tZS9ydW5uZXIvd29yay9HTy9HTy9pc29sYXRlZC1ydW50aW1lL2xpYi9weXRob24zLjEzL3NpdGUtcGFja2FnZXMvc3RhcmxldHRlL191dGlscy5weSIsIGxpbmUgODUsIGluIGNvbGxhcHNlX2V4Y2dyb3VwcwogICAgfCAgICAgcmFpc2UgZXhjCiAgICB8ICAgRmlsZSAiL2hvbWUvcnVubmVyL3dvcmsvR08vR08vaXNvbGF0ZWQtcnVudGltZS9saWIvcHl0aG9u
2026-09-10T03:32:04.3489763Z GO_EVIDENCE_B64 My4xMy9zaXRlLXBhY2thZ2VzL3N0YXJsZXR0ZS9taWRkbGV3YXJlL2Jhc2UucHkiLCBsaW5lIDE5MywgaW4gX19jYWxsX18KICAgIHwgICAgIHJlc3BvbnNlID0gYXdhaXQgc2VsZi5kaXNwYXRjaF9mdW5jKHJlcXVlc3QsIGNhbGxfbmV4dCkKICAgIHwgICAgICAgICAgICAgICAgXl5eXl5eXl5eXl5eXl5eXl5eXl5eXl5eXl5eXl5eXl5eXl5eXl5eXl5eXl4KICAgIHwgICBGaWxlICIvaG9tZS9ydW5uZXIvd29yay9HTy9HTy9yZXN0b3JlZC9zcmMvZ29faG90ZWwvbWFpbi5weSIsIGxpbmUgMjUzLCBpbiBkaXNwYXRjaAogICAg
2026-09-10T03:32:04.3500919Z GO_EVIDENCE_B64 fCAgICAgcmVzcG9uc2U9YXdhaXQgY2FsbF9uZXh0KHJlcXVlc3QpCiAgICB8ICAgICAgICAgICAgICBeXl5eXl5eXl5eXl5eXl5eXl5eXl5eXl4KICAgIHwgICBGaWxlICIvaG9tZS9ydW5uZXIvd29yay9HTy9HTy9pc29sYXRlZC1ydW50aW1lL2xpYi9weXRob24zLjEzL3NpdGUtcGFja2FnZXMvc3RhcmxldHRlL21pZGRsZXdhcmUvYmFzZS5weSIsIGxpbmUgMTY4LCBpbiBjYWxsX25leHQKICAgIHwgICAgIHJhaXNlIGFwcF9leGMgZnJvbSBhcHBfZXhjLl9fY2F1c2VfXyBvciBhcHBfZXhjLl9fY29udGV4dF9fCiAgICB8ICAg
2026-09-10T03:32:04.3512172Z GO_EVIDENCE_B64 RmlsZSAiL2hvbWUvcnVubmVyL3dvcmsvR08vR08vaXNvbGF0ZWQtcnVudGltZS9saWIvcHl0aG9uMy4xMy9zaXRlLXBhY2thZ2VzL3N0YXJsZXR0ZS9taWRkbGV3YXJlL2Jhc2UucHkiLCBsaW5lIDE0NCwgaW4gY29ybwogICAgfCAgICAgYXdhaXQgc2VsZi5hcHAoc2NvcGUsIHJlY2VpdmVfb3JfZGlzY29ubmVjdCwgc2VuZF9ub19lcnJvcikKICAgIHwgICBGaWxlICIvaG9tZS9ydW5uZXIvd29yay9HTy9HTy9pc29sYXRlZC1ydW50aW1lL2xpYi9weXRob24zLjEzL3NpdGUtcGFja2FnZXMvc3RhcmxldHRlL21pZGRsZXdhcmUv
2026-09-10T03:32:04.3523433Z GO_EVIDENCE_B64 YmFzZS5weSIsIGxpbmUgMTkxLCBpbiBfX2NhbGxfXwogICAgfCAgICAgd2l0aCByZWN2X3N0cmVhbSwgc2VuZF9zdHJlYW0sIGNvbGxhcHNlX2V4Y2dyb3VwcygpOgogICAgfCAgICAgICAgICAgICAgICAgICAgICAgICAgICAgICAgICAgIH5+fn5+fn5+fn5+fn5+fn5+fl5eCiAgICB8ICAgRmlsZSAiL29wdC9ob3N0ZWR0b29sY2FjaGUvUHl0aG9uLzMuMTMuNS94NjQvbGliL3B5dGhvbjMuMTMvY29udGV4dGxpYi5weSIsIGxpbmUgMTYyLCBpbiBfX2V4aXRfXwogICAgfCAgICAgc2VsZi5nZW4udGhyb3codmFsdWUpCiAgICB8
2026-09-10T03:32:04.3534678Z GO_EVIDENCE_B64 ICAgICB+fn5+fn5+fn5+fn5+fl5eXl5eXl4KICAgIHwgICBGaWxlICIvaG9tZS9ydW5uZXIvd29yay9HTy9HTy9pc29sYXRlZC1ydW50aW1lL2xpYi9weXRob24zLjEzL3NpdGUtcGFja2FnZXMvc3RhcmxldHRlL191dGlscy5weSIsIGxpbmUgODUsIGluIGNvbGxhcHNlX2V4Y2dyb3VwcwogICAgfCAgICAgcmFpc2UgZXhjCiAgICB8ICAgRmlsZSAiL2hvbWUvcnVubmVyL3dvcmsvR08vR08vaXNvbGF0ZWQtcnVudGltZS9saWIvcHl0aG9uMy4xMy9zaXRlLXBhY2thZ2VzL3N0YXJsZXR0ZS9taWRkbGV3YXJlL2Jhc2UucHkiLCBs
2026-09-10T03:32:04.3546336Z GO_EVIDENCE_B64 aW5lIDE5MywgaW4gX19jYWxsX18KICAgIHwgICAgIHJlc3BvbnNlID0gYXdhaXQgc2VsZi5kaXNwYXRjaF9mdW5jKHJlcXVlc3QsIGNhbGxfbmV4dCkKICAgIHwgICAgICAgICAgICAgICAgXl5eXl5eXl5eXl5eXl5eXl5eXl5eXl5eXl5eXl5eXl5eXl5eXl5eXl5eXl4KICAgIHwgICBGaWxlICIvaG9tZS9ydW5uZXIvd29yay9HTy9HTy9yZXN0b3JlZC9zcmMvZ29faG90ZWwvbWFpbi5weSIsIGxpbmUgMjA3LCBpbiBkaXNwYXRjaAogICAgfCAgICAgcmVzcG9uc2U9YXdhaXQgY2FsbF9uZXh0KHJlcXVlc3QpCiAgICB8ICAgICAg
2026-09-10T03:32:04.3557572Z GO_EVIDENCE_B64 ICAgICAgICBeXl5eXl5eXl5eXl5eXl5eXl5eXl5eXl4KICAgIHwgICBGaWxlICIvaG9tZS9ydW5uZXIvd29yay9HTy9HTy9pc29sYXRlZC1ydW50aW1lL2xpYi9weXRob24zLjEzL3NpdGUtcGFja2FnZXMvc3RhcmxldHRlL21pZGRsZXdhcmUvYmFzZS5weSIsIGxpbmUgMTY4LCBpbiBjYWxsX25leHQKICAgIHwgICAgIHJhaXNlIGFwcF9leGMgZnJvbSBhcHBfZXhjLl9fY2F1c2VfXyBvciBhcHBfZXhjLl9fY29udGV4dF9fCiAgICB8ICAgRmlsZSAiL2hvbWUvcnVubmVyL3dvcmsvR08vR08vaXNvbGF0ZWQtcnVudGltZS9saWIv
2026-09-10T03:32:04.3568864Z GO_EVIDENCE_B64 cHl0aG9uMy4xMy9zaXRlLXBhY2thZ2VzL3N0YXJsZXR0ZS9taWRkbGV3YXJlL2Jhc2UucHkiLCBsaW5lIDE0NCwgaW4gY29ybwogICAgfCAgICAgYXdhaXQgc2VsZi5hcHAoc2NvcGUsIHJlY2VpdmVfb3JfZGlzY29ubmVjdCwgc2VuZF9ub19lcnJvcikKICAgIHwgICBGaWxlICIvaG9tZS9ydW5uZXIvd29yay9HTy9HTy9pc29sYXRlZC1ydW50aW1lL2xpYi9weXRob24zLjEzL3NpdGUtcGFja2FnZXMvc3RhcmxldHRlL21pZGRsZXdhcmUvZXhjZXB0aW9ucy5weSIsIGxpbmUgNjMsIGluIF9fY2FsbF9fCiAgICB8ICAgICBhd2Fp
2026-09-10T03:32:04.3580179Z GO_EVIDENCE_B64 dCB3cmFwX2FwcF9oYW5kbGluZ19leGNlcHRpb25zKHNlbGYuYXBwLCBjb25uKShzY29wZSwgcmVjZWl2ZSwgc2VuZCkKICAgIHwgICBGaWxlICIvaG9tZS9ydW5uZXIvd29yay9HTy9HTy9pc29sYXRlZC1ydW50aW1lL2xpYi9weXRob24zLjEzL3NpdGUtcGFja2FnZXMvc3RhcmxldHRlL19leGNlcHRpb25faGFuZGxlci5weSIsIGxpbmUgNTMsIGluIHdyYXBwZWRfYXBwCiAgICB8ICAgICByYWlzZSBleGMKICAgIHwgICBGaWxlICIvaG9tZS9ydW5uZXIvd29yay9HTy9HTy9pc29sYXRlZC1ydW50aW1lL2xpYi9weXRob24zLjEz
2026-09-10T03:32:04.3591588Z GO_EVIDENCE_B64 L3NpdGUtcGFja2FnZXMvc3RhcmxldHRlL19leGNlcHRpb25faGFuZGxlci5weSIsIGxpbmUgNDIsIGluIHdyYXBwZWRfYXBwCiAgICB8ICAgICBhd2FpdCBhcHAoc2NvcGUsIHJlY2VpdmUsIHNlbmRlcikKICAgIHwgICBGaWxlICIvaG9tZS9ydW5uZXIvd29yay9HTy9HTy9pc29sYXRlZC1ydW50aW1lL2xpYi9weXRob24zLjEzL3NpdGUtcGFja2FnZXMvZmFzdGFwaS9taWRkbGV3YXJlL2FzeW5jZXhpdHN0YWNrLnB5IiwgbGluZSAxOCwgaW4gX19jYWxsX18KICAgIHwgICAgIGF3YWl0IHNlbGYuYXBwKHNjb3BlLCByZWNlaXZl
2026-09-10T03:32:04.3603000Z GO_EVIDENCE_B64 LCBzZW5kKQogICAgfCAgIEZpbGUgIi9ob21lL3J1bm5lci93b3JrL0dPL0dPL2lzb2xhdGVkLXJ1bnRpbWUvbGliL3B5dGhvbjMuMTMvc2l0ZS1wYWNrYWdlcy9zdGFybGV0dGUvcm91dGluZy5weSIsIGxpbmUgNzE2LCBpbiBfX2NhbGxfXwogICAgfCAgICAgYXdhaXQgc2VsZi5taWRkbGV3YXJlX3N0YWNrKHNjb3BlLCByZWNlaXZlLCBzZW5kKQogICAgfCAgIEZpbGUgIi9ob21lL3J1bm5lci93b3JrL0dPL0dPL2lzb2xhdGVkLXJ1bnRpbWUvbGliL3B5dGhvbjMuMTMvc2l0ZS1wYWNrYWdlcy9zdGFybGV0dGUvcm91dGluZy5w
2026-09-10T03:32:04.3614206Z GO_EVIDENCE_B64 eSIsIGxpbmUgNzM2LCBpbiBhcHAKICAgIHwgICAgIGF3YWl0IHJvdXRlLmhhbmRsZShzY29wZSwgcmVjZWl2ZSwgc2VuZCkKICAgIHwgICBGaWxlICIvaG9tZS9ydW5uZXIvd29yay9HTy9HTy9pc29sYXRlZC1ydW50aW1lL2xpYi9weXRob24zLjEzL3NpdGUtcGFja2FnZXMvc3RhcmxldHRlL3JvdXRpbmcucHkiLCBsaW5lIDI5MCwgaW4gaGFuZGxlCiAgICB8ICAgICBhd2FpdCBzZWxmLmFwcChzY29wZSwgcmVjZWl2ZSwgc2VuZCkKICAgIHwgICBGaWxlICIvaG9tZS9ydW5uZXIvd29yay9HTy9HTy9pc29sYXRlZC1ydW50aW1l
2026-09-10T03:32:04.3625542Z GO_EVIDENCE_B64 L2xpYi9weXRob24zLjEzL3NpdGUtcGFja2FnZXMvZmFzdGFwaS9yb3V0aW5nLnB5IiwgbGluZSAxMTUsIGluIGFwcAogICAgfCAgICAgYXdhaXQgd3JhcF9hcHBfaGFuZGxpbmdfZXhjZXB0aW9ucyhhcHAsIHJlcXVlc3QpKHNjb3BlLCByZWNlaXZlLCBzZW5kKQogICAgfCAgIEZpbGUgIi9ob21lL3J1bm5lci93b3JrL0dPL0dPL2lzb2xhdGVkLXJ1bnRpbWUvbGliL3B5dGhvbjMuMTMvc2l0ZS1wYWNrYWdlcy9zdGFybGV0dGUvX2V4Y2VwdGlvbl9oYW5kbGVyLnB5IiwgbGluZSA1MywgaW4gd3JhcHBlZF9hcHAKICAgIHwgICAg
2026-09-10T03:32:04.3636656Z GO_EVIDENCE_B64 IHJhaXNlIGV4YwogICAgfCAgIEZpbGUgIi9ob21lL3J1bm5lci93b3JrL0dPL0dPL2lzb2xhdGVkLXJ1bnRpbWUvbGliL3B5dGhvbjMuMTMvc2l0ZS1wYWNrYWdlcy9zdGFybGV0dGUvX2V4Y2VwdGlvbl9oYW5kbGVyLnB5IiwgbGluZSA0MiwgaW4gd3JhcHBlZF9hcHAKICAgIHwgICAgIGF3YWl0IGFwcChzY29wZSwgcmVjZWl2ZSwgc2VuZGVyKQogICAgfCAgIEZpbGUgIi9ob21lL3J1bm5lci93b3JrL0dPL0dPL2lzb2xhdGVkLXJ1bnRpbWUvbGliL3B5dGhvbjMuMTMvc2l0ZS1wYWNrYWdlcy9mYXN0YXBpL3JvdXRpbmcucHki
2026-09-10T03:32:04.3648060Z GO_EVIDENCE_B64 LCBsaW5lIDEwMSwgaW4gYXBwCiAgICB8ICAgICByZXNwb25zZSA9IGF3YWl0IGYocmVxdWVzdCkKICAgIHwgICAgICAgICAgICAgICAgXl5eXl5eXl5eXl5eXl5eXgogICAgfCAgIEZpbGUgIi9ob21lL3J1bm5lci93b3JrL0dPL0dPL2lzb2xhdGVkLXJ1bnRpbWUvbGliL3B5dGhvbjMuMTMvc2l0ZS1wYWNrYWdlcy9mYXN0YXBpL3JvdXRpbmcucHkiLCBsaW5lIDM1NSwgaW4gYXBwCiAgICB8ICAgICByYXdfcmVzcG9uc2UgPSBhd2FpdCBydW5fZW5kcG9pbnRfZnVuY3Rpb24oCiAgICB8ICAgICAgICAgICAgICAgICAgICBeXl5e
2026-09-10T03:32:04.3659269Z GO_EVIDENCE_B64 Xl5eXl5eXl5eXl5eXl5eXl5eXl5eXl5eCiAgICB8ICAgICAuLi4mbHQ7MyBsaW5lcyZndDsuLi4KICAgIHwgICAgICkKICAgIHwgICAgIF4KICAgIHwgICBGaWxlICIvaG9tZS9ydW5uZXIvd29yay9HTy9HTy9pc29sYXRlZC1ydW50aW1lL2xpYi9weXRob24zLjEzL3NpdGUtcGFja2FnZXMvZmFzdGFwaS9yb3V0aW5nLnB5IiwgbGluZSAyNDUsIGluIHJ1bl9lbmRwb2ludF9mdW5jdGlvbgogICAgfCAgICAgcmV0dXJuIGF3YWl0IHJ1bl9pbl90aHJlYWRwb29sKGRlcGVuZGFudC5jYWxsLCAqKnZhbHVlcykKICAgIHwgICAgICAg
2026-09-10T03:32:04.3668714Z GO_EVIDENCE_B64 ICAgICBeXl5eXl5eXl5eXl5eXl5eXl5eXl5eXl5eXl5eXl5eXl5eXl5eXl5eXl5eXl5eXl5eCiAgICB8ICAgRmlsZSAiL2hvbWUvcnVubmVyL3dvcmsvR08vR08vaXNvbGF0ZWQtcnVudGltZS9saWIvcHl0aG9uMy4xMy9zaXRlLXBhY2thZ2VzL3N0YXJsZXR0ZS9jb25jdXJyZW5jeS5weSIsIGxpbmUgMzIsIGluIHJ1bl9pbl90aHJlYWRwb29sCiAgICB8ICAgICByZXR1cm4gYXdhaXQgYW55aW8udG9fdGhyZWFkLnJ1bl9zeW5jKGZ1bmMpCiAgICB8ICAgICAgICAgICAgXl5eXl5eXl5eXl5eXl5eXl5eXl5eXl5eXl5eXl5eXl5e
2026-09-10T03:32:04.3678218Z GO_EVIDENCE_B64 Xl5eCiAgICB8ICAgRmlsZSAiL2hvbWUvcnVubmVyL3dvcmsvR08vR08vaXNvbGF0ZWQtcnVudGltZS9saWIvcHl0aG9uMy4xMy9zaXRlLXBhY2thZ2VzL2FueWlvL3RvX3RocmVhZC5weSIsIGxpbmUgNjMsIGluIHJ1bl9zeW5jCiAgICB8ICAgICByZXR1cm4gYXdhaXQgZ2V0X2FzeW5jX2JhY2tlbmQoKS5ydW5fc3luY19pbl93b3JrZXJfdGhyZWFkKAogICAgfCAgICAgICAgICAgIF5eXl5eXl5eXl5eXl5eXl5eXl5eXl5eXl5eXl5eXl5eXl5eXl5eXl5eXl5eXl5eXl5eXl4KICAgIHwgICAgICAgICBmdW5jLCBhcmdzLCBhYmFu
2026-09-10T03:32:04.3687316Z GO_EVIDENCE_B64 ZG9uX29uX2NhbmNlbD1hYmFuZG9uX29uX2NhbmNlbCwgbGltaXRlcj1saW1pdGVyCiAgICB8ICAgICAgICAgXl5eXl5eXl5eXl5eXl5eXl5eXl5eXl5eXl5eXl5eXl5eXl5eXl5eXl5eXl5eXl5eXl5eXl5eXl5eXl5eXl5eXgogICAgfCAgICAgKQogICAgfCAgICAgXgogICAgfCAgIEZpbGUgIi9ob21lL3J1bm5lci93b3JrL0dPL0dPL2lzb2xhdGVkLXJ1bnRpbWUvbGliL3B5dGhvbjMuMTMvc2l0ZS1wYWNrYWdlcy9hbnlpby9fYmFja2VuZHMvX2FzeW5jaW8ucHkiLCBsaW5lIDI1MTgsIGluIHJ1bl9zeW5jX2luX3dvcmtlcl90
2026-09-10T03:32:04.3697501Z GO_EVIDENCE_B64 aHJlYWQKICAgIHwgICAgIHJldHVybiBhd2FpdCBmdXR1cmUKICAgIHwgICAgICAgICAgICBeXl5eXl5eXl5eXl4KICAgIHwgICBGaWxlICIvaG9tZS9ydW5uZXIvd29yay9HTy9HTy9pc29sYXRlZC1ydW50aW1lL2xpYi9weXRob24zLjEzL3NpdGUtcGFja2FnZXMvYW55aW8vX2JhY2tlbmRzL19hc3luY2lvLnB5IiwgbGluZSAxMDAyLCBpbiBydW4KICAgIHwgICAgIHJlc3VsdCA9IGNvbnRleHQucnVuKGZ1bmMsICphcmdzKQogICAgfCAgIEZpbGUgIi9ob21lL3J1bm5lci93b3JrL0dPL0dPL3Jlc3RvcmVkL3NyYy9nb19ob3Rl
2026-09-10T03:32:04.3708342Z GO_EVIDENCE_B64 bC9hcGkvcm91dGVzL21vYmlsZS5weSIsIGxpbmUgOTYsIGluIG1vYmlsZV9leGlzdGluZ19jYW5jZWxfcXVvdGUKICAgIHwgICAgIHdpdGggU2Vzc2lvbkxvY2FsKCkgYXMgczoKICAgIHwgICAgICAgICAgXl5eXl5eXl5eXl5eCiAgICB8IE5hbWVFcnJvcjogbmFtZSAnU2Vzc2lvbkxvY2FsJyBpcyBub3QgZGVmaW5lZAogICAgKy0tLS0tLS0tLS0tLS0tLS0tLS0tLS0tLS0tLS0tLS0tLS0tLQoKVGhlIGFib3ZlIGV4Y2VwdGlvbiB3YXMgdGhlIGRpcmVjdCBjYXVzZSBvZiB0aGUgZm9sbG93aW5nIGV4Y2VwdGlvbjoKClRyYWNl
2026-09-10T03:32:04.3720804Z GO_EVIDENCE_B64 YmFjayAobW9zdCByZWNlbnQgY2FsbCBsYXN0KToKICBGaWxlICIvaG9tZS9ydW5uZXIvd29yay9HTy9HTy9yZXN0b3JlZC90ZXN0cy90ZXN0X2RlcHRoMzBfbmF0aXZlX2FwaV9jb250cmFjdC5weSIsIGxpbmUgNzIsIGluIHRlc3RfbmF0aXZlX3NpeF92ZXJ0aWNhbF9jcmVhdGlvbl9wYXltZW50X2FuZF9yZWZ1bmRfY29udHJhY3RzCiAgICByZWZ1bmRlZD1icmlkZ2UoY2xpZW50LGhlYWRlcnMseyoqdGFzaywnYWN0aW9uJzoncmVmdW5kJ30pCiAgRmlsZSAiL2hvbWUvcnVubmVyL3dvcmsvR08vR08vcmVzdG9yZWQvdGVzdHMv
2026-09-10T03:32:04.3732594Z GO_EVIDENCE_B64 dGVzdF9kZXB0aDMwX25hdGl2ZV9hcGlfY29udHJhY3QucHkiLCBsaW5lIDMxLCBpbiBicmlkZ2UKICAgIHJlc3BvbnNlPWNsaWVudC5yZXF1ZXN0KGNhbGxbJ21ldGhvZCddLGNhbGxbJ3BhdGgnXSxoZWFkZXJzPXsqKmhlYWRlcnMsKipjYWxsWydoZWFkZXJzJ119LGpzb249Y2FsbFsnYm9keSddKQogIEZpbGUgIi9ob21lL3J1bm5lci93b3JrL0dPL0dPL2lzb2xhdGVkLXJ1bnRpbWUvbGliL3B5dGhvbjMuMTMvc2l0ZS1wYWNrYWdlcy9zdGFybGV0dGUvdGVzdGNsaWVudC5weSIsIGxpbmUgNDQ1LCBpbiByZXF1ZXN0CiAgICBy
2026-09-10T03:32:04.3743149Z GO_EVIDENCE_B64 ZXR1cm4gc3VwZXIoKS5yZXF1ZXN0KAogICAgICAgICAgIH5+fn5+fn5+fn5+fn5+fl4KICAgICAgICBtZXRob2QsCiAgICAgICAgXl5eXl5eXgogICAgLi4uJmx0OzExIGxpbmVzJmd0Oy4uLgogICAgICAgIGV4dGVuc2lvbnM9ZXh0ZW5zaW9ucywKICAgICAgICBeXl5eXl5eXl5eXl5eXl5eXl5eXl5eCiAgICApCiAgICBeCiAgRmlsZSAiL2hvbWUvcnVubmVyL3dvcmsvR08vR08vaXNvbGF0ZWQtcnVudGltZS9saWIvcHl0aG9uMy4xMy9zaXRlLXBhY2thZ2VzL2h0dHB4L19jbGllbnQucHkiLCBsaW5lIDgyNSwgaW4gcmVxdWVz
2026-09-10T03:32:04.3754398Z GO_EVIDENCE_B64 dAogICAgcmV0dXJuIHNlbGYuc2VuZChyZXF1ZXN0LCBhdXRoPWF1dGgsIGZvbGxvd19yZWRpcmVjdHM9Zm9sbG93X3JlZGlyZWN0cykKICAgICAgICAgICB+fn5+fn5+fn5eXl5eXl5eXl5eXl5eXl5eXl5eXl5eXl5eXl5eXl5eXl5eXl5eXl5eXl5eXl5eXl5eXl5eXl5eCiAgRmlsZSAiL2hvbWUvcnVubmVyL3dvcmsvR08vR08vaXNvbGF0ZWQtcnVudGltZS9saWIvcHl0aG9uMy4xMy9zaXRlLXBhY2thZ2VzL2h0dHB4L19jbGllbnQucHkiLCBsaW5lIDkxNCwgaW4gc2VuZAogICAgcmVzcG9uc2UgPSBzZWxmLl9zZW5kX2hhbmRs
2026-09-10T03:32:04.3765534Z GO_EVIDENCE_B64 aW5nX2F1dGgoCiAgICAgICAgcmVxdWVzdCwKICAgIC4uLiZsdDsyIGxpbmVzJmd0Oy4uLgogICAgICAgIGhpc3Rvcnk9W10sCiAgICApCiAgRmlsZSAiL2hvbWUvcnVubmVyL3dvcmsvR08vR08vaXNvbGF0ZWQtcnVudGltZS9saWIvcHl0aG9uMy4xMy9zaXRlLXBhY2thZ2VzL2h0dHB4L19jbGllbnQucHkiLCBsaW5lIDk0MiwgaW4gX3NlbmRfaGFuZGxpbmdfYXV0aAogICAgcmVzcG9uc2UgPSBzZWxmLl9zZW5kX2hhbmRsaW5nX3JlZGlyZWN0cygKICAgICAgICByZXF1ZXN0LAogICAgICAgIGZvbGxvd19yZWRpcmVjdHM9Zm9s
2026-09-10T03:32:04.3777169Z GO_EVIDENCE_B64 bG93X3JlZGlyZWN0cywKICAgICAgICBoaXN0b3J5PWhpc3RvcnksCiAgICApCiAgRmlsZSAiL2hvbWUvcnVubmVyL3dvcmsvR08vR08vaXNvbGF0ZWQtcnVudGltZS9saWIvcHl0aG9uMy4xMy9zaXRlLXBhY2thZ2VzL2h0dHB4L19jbGllbnQucHkiLCBsaW5lIDk3OSwgaW4gX3NlbmRfaGFuZGxpbmdfcmVkaXJlY3RzCiAgICByZXNwb25zZSA9IHNlbGYuX3NlbmRfc2luZ2xlX3JlcXVlc3QocmVxdWVzdCkKICBGaWxlICIvaG9tZS9ydW5uZXIvd29yay9HTy9HTy9pc29sYXRlZC1ydW50aW1lL2xpYi9weXRob24zLjEzL3NpdGUt
2026-09-10T03:32:04.3788958Z GO_EVIDENCE_B64 cGFja2FnZXMvaHR0cHgvX2NsaWVudC5weSIsIGxpbmUgMTAxNCwgaW4gX3NlbmRfc2luZ2xlX3JlcXVlc3QKICAgIHJlc3BvbnNlID0gdHJhbnNwb3J0LmhhbmRsZV9yZXF1ZXN0KHJlcXVlc3QpCiAgRmlsZSAiL2hvbWUvcnVubmVyL3dvcmsvR08vR08vaXNvbGF0ZWQtcnVudGltZS9saWIvcHl0aG9uMy4xMy9zaXRlLXBhY2thZ2VzL3N0YXJsZXR0ZS90ZXN0Y2xpZW50LnB5IiwgbGluZSAzNDgsIGluIGhhbmRsZV9yZXF1ZXN0CiAgICByYWlzZSBleGMKICBGaWxlICIvaG9tZS9ydW5uZXIvd29yay9HTy9HTy9pc29sYXRlZC1y
2026-09-10T03:32:04.3800099Z GO_EVIDENCE_B64 dW50aW1lL2xpYi9weXRob24zLjEzL3NpdGUtcGFja2FnZXMvc3RhcmxldHRlL3Rlc3RjbGllbnQucHkiLCBsaW5lIDM0NSwgaW4gaGFuZGxlX3JlcXVlc3QKICAgIHBvcnRhbC5jYWxsKHNlbGYuYXBwLCBzY29wZSwgcmVjZWl2ZSwgc2VuZCkKICAgIH5+fn5+fn5+fn5+Xl5eXl5eXl5eXl5eXl5eXl5eXl5eXl5eXl5eXl5eXl4KICBGaWxlICIvaG9tZS9ydW5uZXIvd29yay9HTy9HTy9pc29sYXRlZC1ydW50aW1lL2xpYi9weXRob24zLjEzL3NpdGUtcGFja2FnZXMvYW55aW8vZnJvbV90aHJlYWQucHkiLCBsaW5lIDMzNCwgaW4g
2026-09-10T03:32:04.3810505Z GO_EVIDENCE_B64 Y2FsbAogICAgcmV0dXJuIGNhc3QoVF9SZXR2YWwsIHNlbGYuc3RhcnRfdGFza19zb29uKGZ1bmMsICphcmdzKS5yZXN1bHQoKSkKICAgICAgICAgICAgICAgICAgICAgICAgICB+fn5+fn5+fn5+fn5+fn5+fn5+fn5+fn5+fn5+fn5+fn5+fn5+fn5+Xl4KICBGaWxlICIvb3B0L2hvc3RlZHRvb2xjYWNoZS9QeXRob24vMy4xMy41L3g2NC9saWIvcHl0aG9uMy4xMy9jb25jdXJyZW50L2Z1dHVyZXMvX2Jhc2UucHkiLCBsaW5lIDQ1NiwgaW4gcmVzdWx0CiAgICByZXR1cm4gc2VsZi5fX2dldF9yZXN1bHQoKQogICAgICAgICAgIH5+
2026-09-10T03:32:04.3816325Z GO_EVIDENCE_B64 fn5+fn5+fn5+fn5+fn5+Xl4KICBGaWxlICIvb3B0L2hvc3RlZHRvb2xjYWNoZS9QeXRob24vMy4xMy41L3g2NC9saWIvcHl0aG9uMy4xMy9jb25jdXJyZW50L2Z1dHVyZXMvX2Jhc2UucHkiLCBsaW5lIDQwMSwgaW4gX19nZXRfcmVzdWx0CiAgICByYWlzZSBzZWxmLl9leGNlcHRpb24KICBGaWxlICIvaG9tZS9ydW5uZXIvd29yay9HTy9HTy9pc29sYXRlZC1ydW50aW1lL2xpYi9weXRob24zLjEzL3NpdGUtcGFja2FnZXMvYW55aW8vZnJvbV90aHJlYWQucHkiLCBsaW5lIDI1OSwgaW4gX2NhbGxfZnVuYwogICAgcmV0dmFsID0g
2026-09-10T03:32:04.3822145Z GO_EVIDENCE_B64 YXdhaXQgcmV0dmFsX29yX2F3YWl0YWJsZQogICAgICAgICAgICAgXl5eXl5eXl5eXl5eXl5eXl5eXl5eXl5eXgogIEZpbGUgIi9ob21lL3J1bm5lci93b3JrL0dPL0dPL2lzb2xhdGVkLXJ1bnRpbWUvbGliL3B5dGhvbjMuMTMvc2l0ZS1wYWNrYWdlcy9mYXN0YXBpL2FwcGxpY2F0aW9ucy5weSIsIGxpbmUgMTEzOCwgaW4gX19jYWxsX18KICAgIGF3YWl0IHN1cGVyKCkuX19jYWxsX18oc2NvcGUsIHJlY2VpdmUsIHNlbmQpCiAgRmlsZSAiL2hvbWUvcnVubmVyL3dvcmsvR08vR08vaXNvbGF0ZWQtcnVudGltZS9saWIvcHl0aG9u
2026-09-10T03:32:04.3828610Z GO_EVIDENCE_B64 My4xMy9zaXRlLXBhY2thZ2VzL3N0YXJsZXR0ZS9hcHBsaWNhdGlvbnMucHkiLCBsaW5lIDEwNywgaW4gX19jYWxsX18KICAgIGF3YWl0IHNlbGYubWlkZGxld2FyZV9zdGFjayhzY29wZSwgcmVjZWl2ZSwgc2VuZCkKICBGaWxlICIvaG9tZS9ydW5uZXIvd29yay9HTy9HTy9pc29sYXRlZC1ydW50aW1lL2xpYi9weXRob24zLjEzL3NpdGUtcGFja2FnZXMvc3RhcmxldHRlL21pZGRsZXdhcmUvZXJyb3JzLnB5IiwgbGluZSAxODYsIGluIF9fY2FsbF9fCiAgICByYWlzZSBleGMKICBGaWxlICIvaG9tZS9ydW5uZXIvd29yay9HTy9H
2026-09-10T03:32:04.3834535Z GO_EVIDENCE_B64 Ty9pc29sYXRlZC1ydW50aW1lL2xpYi9weXRob24zLjEzL3NpdGUtcGFja2FnZXMvc3RhcmxldHRlL21pZGRsZXdhcmUvZXJyb3JzLnB5IiwgbGluZSAxNjQsIGluIF9fY2FsbF9fCiAgICBhd2FpdCBzZWxmLmFwcChzY29wZSwgcmVjZWl2ZSwgX3NlbmQpCiAgRmlsZSAiL2hvbWUvcnVubmVyL3dvcmsvR08vR08vaXNvbGF0ZWQtcnVudGltZS9saWIvcHl0aG9uMy4xMy9zaXRlLXBhY2thZ2VzL3N0YXJsZXR0ZS9taWRkbGV3YXJlL2Jhc2UucHkiLCBsaW5lIDE5MSwgaW4gX19jYWxsX18KICAgIHdpdGggcmVjdl9zdHJlYW0sIHNl
2026-09-10T03:32:04.3841202Z GO_EVIDENCE_B64 bmRfc3RyZWFtLCBjb2xsYXBzZV9leGNncm91cHMoKToKICAgICAgICAgICAgICAgICAgICAgICAgICAgICAgICAgICB+fn5+fn5+fn5+fn5+fn5+fn5eXgogIEZpbGUgIi9vcHQvaG9zdGVkdG9vbGNhY2hlL1B5dGhvbi8zLjEzLjUveDY0L2xpYi9weXRob24zLjEzL2NvbnRleHRsaWIucHkiLCBsaW5lIDE2MiwgaW4gX19leGl0X18KICAgIHNlbGYuZ2VuLnRocm93KHZhbHVlKQogICAgfn5+fn5+fn5+fn5+fn5eXl5eXl5eCiAgRmlsZSAiL2hvbWUvcnVubmVyL3dvcmsvR08vR08vaXNvbGF0ZWQtcnVudGltZS9saWIvcHl0aG9u
2026-09-10T03:32:04.3847676Z GO_EVIDENCE_B64 My4xMy9zaXRlLXBhY2thZ2VzL3N0YXJsZXR0ZS9fdXRpbHMucHkiLCBsaW5lIDg1LCBpbiBjb2xsYXBzZV9leGNncm91cHMKICAgIHJhaXNlIGV4YwogIEZpbGUgIi9ob21lL3J1bm5lci93b3JrL0dPL0dPL2lzb2xhdGVkLXJ1bnRpbWUvbGliL3B5dGhvbjMuMTMvc2l0ZS1wYWNrYWdlcy9zdGFybGV0dGUvbWlkZGxld2FyZS9iYXNlLnB5IiwgbGluZSAxOTMsIGluIF9fY2FsbF9fCiAgICByZXNwb25zZSA9IGF3YWl0IHNlbGYuZGlzcGF0Y2hfZnVuYyhyZXF1ZXN0LCBjYWxsX25leHQpCiAgICAgICAgICAgICAgIF5eXl5eXl5e
2026-09-10T03:32:04.3853312Z GO_EVIDENCE_B64 Xl5eXl5eXl5eXl5eXl5eXl5eXl5eXl5eXl5eXl5eXl5eXl5eCiAgRmlsZSAiL2hvbWUvcnVubmVyL3dvcmsvR08vR08vcmVzdG9yZWQvc3JjL2dvX2hvdGVsL21haW4ucHkiLCBsaW5lIDI4MiwgaW4gZGlzcGF0Y2gKICAgIHJlc3BvbnNlPWF3YWl0IGNhbGxfbmV4dChyZXF1ZXN0KQogICAgICAgICAgICAgXl5eXl5eXl5eXl5eXl5eXl5eXl5eXl5eCiAgRmlsZSAiL2hvbWUvcnVubmVyL3dvcmsvR08vR08vaXNvbGF0ZWQtcnVudGltZS9saWIvcHl0aG9uMy4xMy9zaXRlLXBhY2thZ2VzL3N0YXJsZXR0ZS9taWRkbGV3YXJlL2Jh
2026-09-10T03:32:04.3859108Z GO_EVIDENCE_B64 c2UucHkiLCBsaW5lIDE2OCwgaW4gY2FsbF9uZXh0CiAgICByYWlzZSBhcHBfZXhjIGZyb20gYXBwX2V4Yy5fX2NhdXNlX18gb3IgYXBwX2V4Yy5fX2NvbnRleHRfXwogIEZpbGUgIi9ob21lL3J1bm5lci93b3JrL0dPL0dPL2lzb2xhdGVkLXJ1bnRpbWUvbGliL3B5dGhvbjMuMTMvc2l0ZS1wYWNrYWdlcy9zdGFybGV0dGUvbWlkZGxld2FyZS9iYXNlLnB5IiwgbGluZSAxNDQsIGluIGNvcm8KICAgIGF3YWl0IHNlbGYuYXBwKHNjb3BlLCByZWNlaXZlX29yX2Rpc2Nvbm5lY3QsIHNlbmRfbm9fZXJyb3IpCiAgRmlsZSAiL2hvbWUv
2026-09-10T03:32:04.3864757Z GO_EVIDENCE_B64 cnVubmVyL3dvcmsvR08vR08vaXNvbGF0ZWQtcnVudGltZS9saWIvcHl0aG9uMy4xMy9zaXRlLXBhY2thZ2VzL3N0YXJsZXR0ZS9taWRkbGV3YXJlL2Jhc2UucHkiLCBsaW5lIDE5MSwgaW4gX19jYWxsX18KICAgIHdpdGggcmVjdl9zdHJlYW0sIHNlbmRfc3RyZWFtLCBjb2xsYXBzZV9leGNncm91cHMoKToKICAgICAgICAgICAgICAgICAgICAgICAgICAgICAgICAgICB+fn5+fn5+fn5+fn5+fn5+fn5eXgogIEZpbGUgIi9vcHQvaG9zdGVkdG9vbGNhY2hlL1B5dGhvbi8zLjEzLjUveDY0L2xpYi9weXRob24zLjEzL2NvbnRleHRs
2026-09-10T03:32:04.3870484Z GO_EVIDENCE_B64 aWIucHkiLCBsaW5lIDE2MiwgaW4gX19leGl0X18KICAgIHNlbGYuZ2VuLnRocm93KHZhbHVlKQogICAgfn5+fn5+fn5+fn5+fn5eXl5eXl5eCiAgRmlsZSAiL2hvbWUvcnVubmVyL3dvcmsvR08vR08vaXNvbGF0ZWQtcnVudGltZS9saWIvcHl0aG9uMy4xMy9zaXRlLXBhY2thZ2VzL3N0YXJsZXR0ZS9fdXRpbHMucHkiLCBsaW5lIDg1LCBpbiBjb2xsYXBzZV9leGNncm91cHMKICAgIHJhaXNlIGV4YwogIEZpbGUgIi9ob21lL3J1bm5lci93b3JrL0dPL0dPL2lzb2xhdGVkLXJ1bnRpbWUvbGliL3B5dGhvbjMuMTMvc2l0ZS1wYWNr
2026-09-10T03:32:04.3876575Z GO_EVIDENCE_B64 YWdlcy9zdGFybGV0dGUvbWlkZGxld2FyZS9iYXNlLnB5IiwgbGluZSAxOTMsIGluIF9fY2FsbF9fCiAgICByZXNwb25zZSA9IGF3YWl0IHNlbGYuZGlzcGF0Y2hfZnVuYyhyZXF1ZXN0LCBjYWxsX25leHQpCiAgICAgICAgICAgICAgIF5eXl5eXl5eXl5eXl5eXl5eXl5eXl5eXl5eXl5eXl5eXl5eXl5eXl5eXl5eCiAgRmlsZSAiL2hvbWUvcnVubmVyL3dvcmsvR08vR08vcmVzdG9yZWQvc3JjL2dvX2hvdGVsL21haW4ucHkiLCBsaW5lIDI1MywgaW4gZGlzcGF0Y2gKICAgIHJlc3BvbnNlPWF3YWl0IGNhbGxfbmV4dChyZXF1ZXN0
2026-09-10T03:32:04.3882448Z GO_EVIDENCE_B64 KQogICAgICAgICAgICAgXl5eXl5eXl5eXl5eXl5eXl5eXl5eXl5eCiAgRmlsZSAiL2hvbWUvcnVubmVyL3dvcmsvR08vR08vaXNvbGF0ZWQtcnVudGltZS9saWIvcHl0aG9uMy4xMy9zaXRlLXBhY2thZ2VzL3N0YXJsZXR0ZS9taWRkbGV3YXJlL2Jhc2UucHkiLCBsaW5lIDE2OCwgaW4gY2FsbF9uZXh0CiAgICByYWlzZSBhcHBfZXhjIGZyb20gYXBwX2V4Yy5fX2NhdXNlX18gb3IgYXBwX2V4Yy5fX2NvbnRleHRfXwogIEZpbGUgIi9ob21lL3J1bm5lci93b3JrL0dPL0dPL2lzb2xhdGVkLXJ1bnRpbWUvbGliL3B5dGhvbjMuMTMv
2026-09-10T03:32:04.3888404Z GO_EVIDENCE_B64 c2l0ZS1wYWNrYWdlcy9zdGFybGV0dGUvbWlkZGxld2FyZS9iYXNlLnB5IiwgbGluZSAxNDQsIGluIGNvcm8KICAgIGF3YWl0IHNlbGYuYXBwKHNjb3BlLCByZWNlaXZlX29yX2Rpc2Nvbm5lY3QsIHNlbmRfbm9fZXJyb3IpCiAgRmlsZSAiL2hvbWUvcnVubmVyL3dvcmsvR08vR08vaXNvbGF0ZWQtcnVudGltZS9saWIvcHl0aG9uMy4xMy9zaXRlLXBhY2thZ2VzL3N0YXJsZXR0ZS9taWRkbGV3YXJlL2Jhc2UucHkiLCBsaW5lIDE5MSwgaW4gX19jYWxsX18KICAgIHdpdGggcmVjdl9zdHJlYW0sIHNlbmRfc3RyZWFtLCBjb2xsYXBz
2026-09-10T03:32:04.3894086Z GO_EVIDENCE_B64 ZV9leGNncm91cHMoKToKICAgICAgICAgICAgICAgICAgICAgICAgICAgICAgICAgICB+fn5+fn5+fn5+fn5+fn5+fn5eXgogIEZpbGUgIi9vcHQvaG9zdGVkdG9vbGNhY2hlL1B5dGhvbi8zLjEzLjUveDY0L2xpYi9weXRob24zLjEzL2NvbnRleHRsaWIucHkiLCBsaW5lIDE2MiwgaW4gX19leGl0X18KICAgIHNlbGYuZ2VuLnRocm93KHZhbHVlKQogICAgfn5+fn5+fn5+fn5+fn5eXl5eXl5eCiAgRmlsZSAiL2hvbWUvcnVubmVyL3dvcmsvR08vR08vaXNvbGF0ZWQtcnVudGltZS9saWIvcHl0aG9uMy4xMy9zaXRlLXBhY2thZ2Vz
2026-09-10T03:32:04.3899964Z GO_EVIDENCE_B64 L3N0YXJsZXR0ZS9fdXRpbHMucHkiLCBsaW5lIDg1LCBpbiBjb2xsYXBzZV9leGNncm91cHMKICAgIHJhaXNlIGV4YwogIEZpbGUgIi9ob21lL3J1bm5lci93b3JrL0dPL0dPL2lzb2xhdGVkLXJ1bnRpbWUvbGliL3B5dGhvbjMuMTMvc2l0ZS1wYWNrYWdlcy9zdGFybGV0dGUvbWlkZGxld2FyZS9iYXNlLnB5IiwgbGluZSAxOTMsIGluIF9fY2FsbF9fCiAgICByZXNwb25zZSA9IGF3YWl0IHNlbGYuZGlzcGF0Y2hfZnVuYyhyZXF1ZXN0LCBjYWxsX25leHQpCiAgICAgICAgICAgICAgIF5eXl5eXl5eXl5eXl5eXl5eXl5eXl5eXl5e
2026-09-10T03:32:04.3905680Z GO_EVIDENCE_B64 Xl5eXl5eXl5eXl5eXl5eXl5eCiAgRmlsZSAiL2hvbWUvcnVubmVyL3dvcmsvR08vR08vcmVzdG9yZWQvc3JjL2dvX2hvdGVsL21haW4ucHkiLCBsaW5lIDIwNywgaW4gZGlzcGF0Y2gKICAgIHJlc3BvbnNlPWF3YWl0IGNhbGxfbmV4dChyZXF1ZXN0KQogICAgICAgICAgICAgXl5eXl5eXl5eXl5eXl5eXl5eXl5eXl5eCiAgRmlsZSAiL2hvbWUvcnVubmVyL3dvcmsvR08vR08vaXNvbGF0ZWQtcnVudGltZS9saWIvcHl0aG9uMy4xMy9zaXRlLXBhY2thZ2VzL3N0YXJsZXR0ZS9taWRkbGV3YXJlL2Jhc2UucHkiLCBsaW5lIDE2OCwg
2026-09-10T03:32:04.3911325Z GO_EVIDENCE_B64 aW4gY2FsbF9uZXh0CiAgICByYWlzZSBhcHBfZXhjIGZyb20gYXBwX2V4Yy5fX2NhdXNlX18gb3IgYXBwX2V4Yy5fX2NvbnRleHRfXwogIEZpbGUgIi9ob21lL3J1bm5lci93b3JrL0dPL0dPL2lzb2xhdGVkLXJ1bnRpbWUvbGliL3B5dGhvbjMuMTMvc2l0ZS1wYWNrYWdlcy9zdGFybGV0dGUvbWlkZGxld2FyZS9iYXNlLnB5IiwgbGluZSAxNDQsIGluIGNvcm8KICAgIGF3YWl0IHNlbGYuYXBwKHNjb3BlLCByZWNlaXZlX29yX2Rpc2Nvbm5lY3QsIHNlbmRfbm9fZXJyb3IpCiAgRmlsZSAiL2hvbWUvcnVubmVyL3dvcmsvR08vR08v
2026-09-10T03:32:04.3917077Z GO_EVIDENCE_B64 aXNvbGF0ZWQtcnVudGltZS9saWIvcHl0aG9uMy4xMy9zaXRlLXBhY2thZ2VzL3N0YXJsZXR0ZS9taWRkbGV3YXJlL2V4Y2VwdGlvbnMucHkiLCBsaW5lIDYzLCBpbiBfX2NhbGxfXwogICAgYXdhaXQgd3JhcF9hcHBfaGFuZGxpbmdfZXhjZXB0aW9ucyhzZWxmLmFwcCwgY29ubikoc2NvcGUsIHJlY2VpdmUsIHNlbmQpCiAgRmlsZSAiL2hvbWUvcnVubmVyL3dvcmsvR08vR08vaXNvbGF0ZWQtcnVudGltZS9saWIvcHl0aG9uMy4xMy9zaXRlLXBhY2thZ2VzL3N0YXJsZXR0ZS9fZXhjZXB0aW9uX2hhbmRsZXIucHkiLCBsaW5lIDUz
2026-09-10T03:32:04.3922804Z GO_EVIDENCE_B64 LCBpbiB3cmFwcGVkX2FwcAogICAgcmFpc2UgZXhjCiAgRmlsZSAiL2hvbWUvcnVubmVyL3dvcmsvR08vR08vaXNvbGF0ZWQtcnVudGltZS9saWIvcHl0aG9uMy4xMy9zaXRlLXBhY2thZ2VzL3N0YXJsZXR0ZS9fZXhjZXB0aW9uX2hhbmRsZXIucHkiLCBsaW5lIDQyLCBpbiB3cmFwcGVkX2FwcAogICAgYXdhaXQgYXBwKHNjb3BlLCByZWNlaXZlLCBzZW5kZXIpCiAgRmlsZSAiL2hvbWUvcnVubmVyL3dvcmsvR08vR08vaXNvbGF0ZWQtcnVudGltZS9saWIvcHl0aG9uMy4xMy9zaXRlLXBhY2thZ2VzL2Zhc3RhcGkvbWlkZGxld2Fy
2026-09-10T03:32:04.3928611Z GO_EVIDENCE_B64 ZS9hc3luY2V4aXRzdGFjay5weSIsIGxpbmUgMTgsIGluIF9fY2FsbF9fCiAgICBhd2FpdCBzZWxmLmFwcChzY29wZSwgcmVjZWl2ZSwgc2VuZCkKICBGaWxlICIvaG9tZS9ydW5uZXIvd29yay9HTy9HTy9pc29sYXRlZC1ydW50aW1lL2xpYi9weXRob24zLjEzL3NpdGUtcGFja2FnZXMvc3RhcmxldHRlL3JvdXRpbmcucHkiLCBsaW5lIDcxNiwgaW4gX19jYWxsX18KICAgIGF3YWl0IHNlbGYubWlkZGxld2FyZV9zdGFjayhzY29wZSwgcmVjZWl2ZSwgc2VuZCkKICBGaWxlICIvaG9tZS9ydW5uZXIvd29yay9HTy9HTy9pc29sYXRl
2026-09-10T03:32:04.3934299Z GO_EVIDENCE_B64 ZC1ydW50aW1lL2xpYi9weXRob24zLjEzL3NpdGUtcGFja2FnZXMvc3RhcmxldHRlL3JvdXRpbmcucHkiLCBsaW5lIDczNiwgaW4gYXBwCiAgICBhd2FpdCByb3V0ZS5oYW5kbGUoc2NvcGUsIHJlY2VpdmUsIHNlbmQpCiAgRmlsZSAiL2hvbWUvcnVubmVyL3dvcmsvR08vR08vaXNvbGF0ZWQtcnVudGltZS9saWIvcHl0aG9uMy4xMy9zaXRlLXBhY2thZ2VzL3N0YXJsZXR0ZS9yb3V0aW5nLnB5IiwgbGluZSAyOTAsIGluIGhhbmRsZQogICAgYXdhaXQgc2VsZi5hcHAoc2NvcGUsIHJlY2VpdmUsIHNlbmQpCiAgRmlsZSAiL2hvbWUv
2026-09-10T03:32:04.3940263Z GO_EVIDENCE_B64 cnVubmVyL3dvcmsvR08vR08vaXNvbGF0ZWQtcnVudGltZS9saWIvcHl0aG9uMy4xMy9zaXRlLXBhY2thZ2VzL2Zhc3RhcGkvcm91dGluZy5weSIsIGxpbmUgMTE1LCBpbiBhcHAKICAgIGF3YWl0IHdyYXBfYXBwX2hhbmRsaW5nX2V4Y2VwdGlvbnMoYXBwLCByZXF1ZXN0KShzY29wZSwgcmVjZWl2ZSwgc2VuZCkKICBGaWxlICIvaG9tZS9ydW5uZXIvd29yay9HTy9HTy9pc29sYXRlZC1ydW50aW1lL2xpYi9weXRob24zLjEzL3NpdGUtcGFja2FnZXMvc3RhcmxldHRlL19leGNlcHRpb25faGFuZGxlci5weSIsIGxpbmUgNTMsIGlu
2026-09-10T03:32:04.3946040Z GO_EVIDENCE_B64 IHdyYXBwZWRfYXBwCiAgICByYWlzZSBleGMKICBGaWxlICIvaG9tZS9ydW5uZXIvd29yay9HTy9HTy9pc29sYXRlZC1ydW50aW1lL2xpYi9weXRob24zLjEzL3NpdGUtcGFja2FnZXMvc3RhcmxldHRlL19leGNlcHRpb25faGFuZGxlci5weSIsIGxpbmUgNDIsIGluIHdyYXBwZWRfYXBwCiAgICBhd2FpdCBhcHAoc2NvcGUsIHJlY2VpdmUsIHNlbmRlcikKICBGaWxlICIvaG9tZS9ydW5uZXIvd29yay9HTy9HTy9pc29sYXRlZC1ydW50aW1lL2xpYi9weXRob24zLjEzL3NpdGUtcGFja2FnZXMvZmFzdGFwaS9yb3V0aW5nLnB5Iiwg
2026-09-10T03:32:04.3951890Z GO_EVIDENCE_B64 bGluZSAxMDEsIGluIGFwcAogICAgcmVzcG9uc2UgPSBhd2FpdCBmKHJlcXVlc3QpCiAgICAgICAgICAgICAgIF5eXl5eXl5eXl5eXl5eXl4KICBGaWxlICIvaG9tZS9ydW5uZXIvd29yay9HTy9HTy9pc29sYXRlZC1ydW50aW1lL2xpYi9weXRob24zLjEzL3NpdGUtcGFja2FnZXMvZmFzdGFwaS9yb3V0aW5nLnB5IiwgbGluZSAzNTUsIGluIGFwcAogICAgcmF3X3Jlc3BvbnNlID0gYXdhaXQgcnVuX2VuZHBvaW50X2Z1bmN0aW9uKAogICAgICAgICAgICAgICAgICAgXl5eXl5eXl5eXl5eXl5eXl5eXl5eXl5eXl5eXgogICAgLi4u
2026-09-10T03:32:04.3957697Z GO_EVIDENCE_B64 Jmx0OzMgbGluZXMmZ3Q7Li4uCiAgICApCiAgICBeCiAgRmlsZSAiL2hvbWUvcnVubmVyL3dvcmsvR08vR08vaXNvbGF0ZWQtcnVudGltZS9saWIvcHl0aG9uMy4xMy9zaXRlLXBhY2thZ2VzL2Zhc3RhcGkvcm91dGluZy5weSIsIGxpbmUgMjQ1LCBpbiBydW5fZW5kcG9pbnRfZnVuY3Rpb24KICAgIHJldHVybiBhd2FpdCBydW5faW5fdGhyZWFkcG9vbChkZXBlbmRhbnQuY2FsbCwgKip2YWx1ZXMpCiAgICAgICAgICAgXl5eXl5eXl5eXl5eXl5eXl5eXl5eXl5eXl5eXl5eXl5eXl5eXl5eXl5eXl5eXl5eXgogIEZpbGUgIi9ob21l
2026-09-10T03:32:04.3963331Z GO_EVIDENCE_B64 L3J1bm5lci93b3JrL0dPL0dPL2lzb2xhdGVkLXJ1bnRpbWUvbGliL3B5dGhvbjMuMTMvc2l0ZS1wYWNrYWdlcy9zdGFybGV0dGUvY29uY3VycmVuY3kucHkiLCBsaW5lIDMyLCBpbiBydW5faW5fdGhyZWFkcG9vbAogICAgcmV0dXJuIGF3YWl0IGFueWlvLnRvX3RocmVhZC5ydW5fc3luYyhmdW5jKQogICAgICAgICAgIF5eXl5eXl5eXl5eXl5eXl5eXl5eXl5eXl5eXl5eXl5eXl5eXgogIEZpbGUgIi9ob21lL3J1bm5lci93b3JrL0dPL0dPL2lzb2xhdGVkLXJ1bnRpbWUvbGliL3B5dGhvbjMuMTMvc2l0ZS1wYWNrYWdlcy9hbnlp
2026-09-10T03:32:04.3969014Z GO_EVIDENCE_B64 by90b190aHJlYWQucHkiLCBsaW5lIDYzLCBpbiBydW5fc3luYwogICAgcmV0dXJuIGF3YWl0IGdldF9hc3luY19iYWNrZW5kKCkucnVuX3N5bmNfaW5fd29ya2VyX3RocmVhZCgKICAgICAgICAgICBeXl5eXl5eXl5eXl5eXl5eXl5eXl5eXl5eXl5eXl5eXl5eXl5eXl5eXl5eXl5eXl5eXl5eCiAgICAgICAgZnVuYywgYXJncywgYWJhbmRvbl9vbl9jYW5jZWw9YWJhbmRvbl9vbl9jYW5jZWwsIGxpbWl0ZXI9bGltaXRlcgogICAgICAgIF5eXl5eXl5eXl5eXl5eXl5eXl5eXl5eXl5eXl5eXl5eXl5eXl5eXl5eXl5eXl5eXl5eXl5e
2026-09-10T03:32:04.3974620Z GO_EVIDENCE_B64 Xl5eXl5eXl5eXl4KICAgICkKICAgIF4KICBGaWxlICIvaG9tZS9ydW5uZXIvd29yay9HTy9HTy9pc29sYXRlZC1ydW50aW1lL2xpYi9weXRob24zLjEzL3NpdGUtcGFja2FnZXMvYW55aW8vX2JhY2tlbmRzL19hc3luY2lvLnB5IiwgbGluZSAyNTE4LCBpbiBydW5fc3luY19pbl93b3JrZXJfdGhyZWFkCiAgICByZXR1cm4gYXdhaXQgZnV0dXJlCiAgICAgICAgICAgXl5eXl5eXl5eXl5eCiAgRmlsZSAiL2hvbWUvcnVubmVyL3dvcmsvR08vR08vaXNvbGF0ZWQtcnVudGltZS9saWIvcHl0aG9uMy4xMy9zaXRlLXBhY2thZ2VzL2Fu
2026-09-10T03:32:04.3980305Z GO_EVIDENCE_B64 eWlvL19iYWNrZW5kcy9fYXN5bmNpby5weSIsIGxpbmUgMTAwMiwgaW4gcnVuCiAgICByZXN1bHQgPSBjb250ZXh0LnJ1bihmdW5jLCAqYXJncykKICBGaWxlICIvaG9tZS9ydW5uZXIvd29yay9HTy9HTy9yZXN0b3JlZC9zcmMvZ29faG90ZWwvYXBpL3JvdXRlcy9tb2JpbGUucHkiLCBsaW5lIDk2LCBpbiBtb2JpbGVfZXhpc3RpbmdfY2FuY2VsX3F1b3RlCiAgICB3aXRoIFNlc3Npb25Mb2NhbCgpIGFzIHM6CiAgICAgICAgIF5eXl5eXl5eXl5eXgpOYW1lRXJyb3I6IG5hbWUgJ1Nlc3Npb25Mb2NhbCcgaXMgbm90IGRlZmluZWQK
2026-09-10T03:32:04.3986138Z GO_EVIDENCE_B64 ClRoZSBhYm92ZSBleGNlcHRpb24gd2FzIHRoZSBkaXJlY3QgY2F1c2Ugb2YgdGhlIGZvbGxvd2luZyBleGNlcHRpb246CgpjbGllbnQgPSAmbHQ7c3RhcmxldHRlLnRlc3RjbGllbnQuVGVzdENsaWVudCBvYmplY3QgYXQgMHg3ZmJjMDhkZTgyNzAmZ3Q7CgogICAgZGVmIHRlc3RfbmF0aXZlX3NpeF92ZXJ0aWNhbF9jcmVhdGlvbl9wYXltZW50X2FuZF9yZWZ1bmRfY29udHJhY3RzKGNsaWVudCk6CiAgICAgICAgZW1haWw9J25hdGl2ZS1kZXB0aDMwQGV4YW1wbGUudGVzdCcKICAgICAgICByZWdpc3RlcmVkPWNsaWVudC5wb3N0
2026-09-10T03:32:04.3992093Z GO_EVIDENCE_B64 KCcvdjEvY29uc3VtZXIvYXV0aC9yZWdpc3RlcicsanNvbj17J2VtYWlsJzplbWFpbCwncGFzc3dvcmQnOidTdHJvbmdQYXNzMTIzIScsJ2Rpc3BsYXlfbmFtZSc6J0lTT0xBVEVEIE5BVElWRSBURVNUJ30pCiAgICAgICAgYXNzZXJ0IHJlZ2lzdGVyZWQuc3RhdHVzX2NvZGU9PTIwMCxyZWdpc3RlcmVkLnRleHQKICAgICAgICB1aWQ9cmVnaXN0ZXJlZC5qc29uKClbJ2RhdGEnXVsncHJvZmlsZSddWyd1c2VyX2lkJ10KICAgICAgICB0b2tlbj1jbGllbnQucG9zdCgnL3YxL21vYmlsZS9hdXRoL2xvZ2luJyxqc29uPXsnZW1haWwn
2026-09-10T03:32:04.3997912Z GO_EVIDENCE_B64 OmVtYWlsLCdwYXNzd29yZCc6J1N0cm9uZ1Bhc3MxMjMhJ30pLmpzb24oKVsnZGF0YSddWydhY2Nlc3NfdG9rZW4nXQogICAgICAgIGNsaWVudC5jb29raWVzLmNsZWFyKCk7aGVhZGVycz17J0F1dGhvcml6YXRpb24nOidCZWFyZXIgJyt0b2tlbn0KICAgICAgICB0aWQ9cHJvZmlsZSh1aWQsbmFtZT0nSVNPTEFURUQgVEVTVCBUUkFWRUxFUicpCiAgICAgICAgdmF1bHQuZ3JhbnRfY29uc2VudCh1aWQseyd0cmF2ZWxlcl9pZCc6dGlkLCdwdXJwb3NlJzonUkVOVEFMX0JPT0tJTkcnLCdzY29wZSc6WydEUklWRVJfTElDRU5TRV9O
2026-09-10T03:32:04.4003616Z GO_EVIDENCE_B64 VU1CRVInXX0pCiAgICAgICAgZGF5PShkYXRlLnRvZGF5KCkrdGltZWRlbHRhKGRheXM9MTApKS5pc29mb3JtYXQoKTtlbmQ9KGRhdGUudG9kYXkoKSt0aW1lZGVsdGEoZGF5cz0xMykpLmlzb2Zvcm1hdCgpCiAgICAgICAgZGVmIHBvc3QocGF0aCxib2R5PU5vbmUpOgogICAgICAgICAgICByPWNsaWVudC5wb3N0KHBhdGgsaGVhZGVycz1oZWFkZXJzLGpzb249Ym9keSk7YXNzZXJ0IHIuc3RhdHVzX2NvZGU9PTIwMCxyLnRleHQ7cmV0dXJuIHIuanNvbigpWydkYXRhJ10KICAgICAgICB0YXNrcz17fQogICAgICAgIGhvdGVsPXBv
2026-09-10T03:32:04.4009513Z GO_EVIDENCE_B64 c3QoJy92MS9zZWFyY2gvaG90ZWxzJyx7J2Rlc3RpbmF0aW9uJzp7J2NpdHlfY29kZSc6J1RZTyd9LCdzdGF5Jzp7J2NoZWNrX2luJzpkYXksJ2NoZWNrX291dCc6ZW5kfSwnb2NjdXBhbmN5Jzp7J3Jvb21zJzoxLCdhZHVsdHMnOjEsJ2NoaWxkcmVuJzowfSwnY3VycmVuY3knOidDTlknfSlbJ2hvdGVscyddWzBdCiAgICAgICAgcGI9cG9zdChmIi92MS9vZmZlcnMve2hvdGVsWydiZXN0X29mZmVyJ11bJ29mZmVyX2lkJ119L3ByZWJvb2siLHsnY3VycmVuY3knOidDTlknfSkKICAgICAgICB0YXNrc1snSE9URUwnXT17J3ByZWJv
2026-09-10T03:32:04.4015156Z GO_EVIDENCE_B64 b2snOnBifQogICAgICAgIGZvciB2LGJhc2UsYm9keSBpbiBbKCdGTElHSFQnLCcvdjEvZmxpZ2h0cycseydvcmlnaW4nOidQVkcnLCdkZXN0aW5hdGlvbic6J05SVCcsJ2RlcGFydHVyZV9kYXRlJzpkYXl9KSwoJ1JBSUwnLCcvdjEvcmFpbCcseydvcmlnaW5fc3RhdGlvbic6J1NIQScsJ2Rlc3RpbmF0aW9uX3N0YXRpb24nOidIWkgnLCd0cmF2ZWxfZGF0ZSc6ZGF5fSldOgogICAgICAgICAgICBvZmZlcj1wb3N0KGJhc2UrJy9zZWFyY2gnLGJvZHkpWydpdGVtcyddWzBdO3BiPXBvc3QoZiJ7YmFzZX0vb2ZmZXJzL3tvZmZlclsn
2026-09-10T03:32:04.4021041Z GO_EVIDENCE_B64 b2ZmZXJfaWQnXX0vcHJlYm9vayIpCiAgICAgICAgICAgIHRhc2tzW3ZdPXsncHJlYm9vayc6cGIsJ29mZmVyJzpvZmZlcn0KICAgICAgICBmb3IgdixiYXNlLGJvZHkgaW4gWygnUklERScsJy92MS9tb2JpbGl0eS9yaWRlcycseydwaWNrdXAnOidQVkcnLCdkcm9wb2ZmJzonQnVuZCcsJ3BpY2t1cF9hdCc6ZGF5KydUMTA6MDA6MDAnLCdjdXJyZW5jeSc6J0NOWSd9KSwoJ1JFTlRBTCcsJy92MS9tb2JpbGl0eS9yZW50YWxzJyx7J3BpY2t1cF9sb2NhdGlvbic6J05SVCcsJ3JldHVybl9sb2NhdGlvbic6J05SVCcsJ3BpY2t1cF9h
2026-09-10T03:32:04.4026846Z GO_EVIDENCE_B64 dCc6ZGF5KydUMTA6MDA6MDAnLCdyZXR1cm5fYXQnOmVuZCsnVDEwOjAwOjAwJywnY3VycmVuY3knOidDTlknfSldOgogICAgICAgICAgICB0YXNrc1t2XT17J3NlYXJjaCc6Ym9keSwnb2ZmZXInOnBvc3QoYmFzZSsnL3NlYXJjaCcsYm9keSlbJ2l0ZW1zJ11bMF19CiAgICAgICAgb2ZmZXI9cG9zdCgnL3YxL2F0dHJhY3Rpb25zL3NlYXJjaCcseydkZXN0aW5hdGlvbic6J+S4nOS6rCcsJ3Zpc2l0X2RhdGUnOmRheX0pWydpdGVtcyddWzBdCiAgICAgICAgcGI9cG9zdCgnL3YxL2F0dHJhY3Rpb25zL3ByZWJvb2snLHsnb2ZmZXJf
2026-09-10T03:32:04.4032538Z GO_EVIDENCE_B64 aWQnOm9mZmVyWydvZmZlcl9pZCddLCd2aXNpdF9kYXRlJzpkYXksJ3Nlc3Npb25fdGltZSc6b2ZmZXIuZ2V0KCdzZXNzaW9uX3RpbWUnKSwncXVhbnRpdHknOjEsJ2N1cnJlbmN5JzonQ05ZJ30pCiAgICAgICAgdGFza3NbJ0FUVFJBQ1RJT04nXT17J29mZmVyJzp7KipvZmZlciwndmlzaXRfZGF0ZSc6ZGF5fSwncHJlYm9vayc6cGIsJ3F1YW50aXR5JzoxfQogICAgICAgIGZvciB2LHBhcmFtcyBpbiB0YXNrcy5pdGVtcygpOgogICAgICAgICAgICBjcmVhdGU9eydhY3Rpb24nOidjcmVhdGUnLCd2ZXJ0aWNhbCc6diwncGFyYW1z
2026-09-10T03:32:04.4038395Z GO_EVIDENCE_B64 JzpwYXJhbXMsJ3VzZXJJZCc6dWlkLCd0cmF2ZWxlcklkJzp0aWR9CiAgICAgICAgICAgIG9yZGVyPWJyaWRnZShjbGllbnQsaGVhZGVycyxjcmVhdGUpWydkYXRhJ10KICAgICAgICAgICAgYXNzZXJ0IG9yZGVyWydzdGF0dXMnXT09J1BBWU1FTlRfUEVORElORycsKHYsb3JkZXIpCiAgICAgICAgICAgIGFzc2VydCBicmlkZ2UoY2xpZW50LGhlYWRlcnMsY3JlYXRlKVsnZGF0YSddWydvcmRlcl9pZCddPT1vcmRlclsnb3JkZXJfaWQnXQogICAgICAgICAgICB0YXNrPXsndmVydGljYWwnOnYsJ29yZGVySWQnOm9yZGVyWydvcmRl
2026-09-10T03:32:04.4044241Z GO_EVIDENCE_B64 cl9pZCddfQogICAgICAgICAgICBwYWlkPWJyaWRnZShjbGllbnQsaGVhZGVycyx7Kip0YXNrLCdhY3Rpb24nOidwYXknfSkKICAgICAgICAgICAgYXNzZXJ0IHBhaWRbJ29yZGVyJ11bJ3N0YXR1cyddIGluIHsnQ09ORklSTUVEJywnVElDS0VURUQnfSwodixwYWlkKQogICAgICAgICAgICBhc3NlcnQgcGFpZFsnb3JkZXInXVsnb3JkZXJfaWQnXT09b3JkZXJbJ29yZGVyX2lkJ10KJmd0OyAgICAgICAgICAgcmVmdW5kZWQ9YnJpZGdlKGNsaWVudCxoZWFkZXJzLHsqKnRhc2ssJ2FjdGlvbic6J3JlZnVuZCd9KQogICAgICAgICAg
2026-09-10T03:32:04.4050276Z GO_EVIDENCE_B64 ICAgICAgICAgICBeXl5eXl5eXl5eXl5eXl5eXl5eXl5eXl5eXl5eXl5eXl5eXl5eXl5eXl5eXl5eXl5eCgp0ZXN0cy90ZXN0X2RlcHRoMzBfbmF0aXZlX2FwaV9jb250cmFjdC5weTo3MjogCl8gXyBfIF8gXyBfIF8gXyBfIF8gXyBfIF8gXyBfIF8gXyBfIF8gXyBfIF8gXyBfIF8gXyBfIF8gXyBfIF8gXyBfIF8gXyBfIF8gXyBfIF8gCnRlc3RzL3Rlc3RfZGVwdGgzMF9uYXRpdmVfYXBpX2NvbnRyYWN0LnB5OjMxOiBpbiBicmlkZ2UKICAgIHJlc3BvbnNlPWNsaWVudC5yZXF1ZXN0KGNhbGxbJ21ldGhvZCddLGNhbGxbJ3BhdGgn
2026-09-10T03:32:04.4055973Z GO_EVIDENCE_B64 XSxoZWFkZXJzPXsqKmhlYWRlcnMsKipjYWxsWydoZWFkZXJzJ119LGpzb249Y2FsbFsnYm9keSddKQogICAgICAgICAgICAgXl5eXl5eXl5eXl5eXl5eXl5eXl5eXl5eXl5eXl5eXl5eXl5eXl5eXl5eXl5eXl5eXl5eXl5eXl5eXl5eXl5eXl5eXl5eXl5eXl5eXl5eXl5eXl5eXl5eXl5eXl5eXl5eXl5eCi4uL2lzb2xhdGVkLXJ1bnRpbWUvbGliL3B5dGhvbjMuMTMvc2l0ZS1wYWNrYWdlcy9zdGFybGV0dGUvdGVzdGNsaWVudC5weTo0NDU6IGluIHJlcXVlc3QKICAgIHJldHVybiBzdXBlcigpLnJlcXVlc3QoCi4uL2lzb2xhdGVk
2026-09-10T03:32:04.4061722Z GO_EVIDENCE_B64 LXJ1bnRpbWUvbGliL3B5dGhvbjMuMTMvc2l0ZS1wYWNrYWdlcy9odHRweC9fY2xpZW50LnB5OjgyNTogaW4gcmVxdWVzdAogICAgcmV0dXJuIHNlbGYuc2VuZChyZXF1ZXN0LCBhdXRoPWF1dGgsIGZvbGxvd19yZWRpcmVjdHM9Zm9sbG93X3JlZGlyZWN0cykKICAgICAgICAgICBeXl5eXl5eXl5eXl5eXl5eXl5eXl5eXl5eXl5eXl5eXl5eXl5eXl5eXl5eXl5eXl5eXl5eXl5eXl5eXl5eXl5eCi4uL2lzb2xhdGVkLXJ1bnRpbWUvbGliL3B5dGhvbjMuMTMvc2l0ZS1wYWNrYWdlcy9odHRweC9fY2xpZW50LnB5OjkxNDogaW4gc2Vu
2026-09-10T03:32:04.4067468Z GO_EVIDENCE_B64 ZAogICAgcmVzcG9uc2UgPSBzZWxmLl9zZW5kX2hhbmRsaW5nX2F1dGgoCi4uL2lzb2xhdGVkLXJ1bnRpbWUvbGliL3B5dGhvbjMuMTMvc2l0ZS1wYWNrYWdlcy9odHRweC9fY2xpZW50LnB5Ojk0MjogaW4gX3NlbmRfaGFuZGxpbmdfYXV0aAogICAgcmVzcG9uc2UgPSBzZWxmLl9zZW5kX2hhbmRsaW5nX3JlZGlyZWN0cygKLi4vaXNvbGF0ZWQtcnVudGltZS9saWIvcHl0aG9uMy4xMy9zaXRlLXBhY2thZ2VzL2h0dHB4L19jbGllbnQucHk6OTc5OiBpbiBfc2VuZF9oYW5kbGluZ19yZWRpcmVjdHMKICAgIHJlc3BvbnNlID0gc2Vs
2026-09-10T03:32:04.4073151Z GO_EVIDENCE_B64 Zi5fc2VuZF9zaW5nbGVfcmVxdWVzdChyZXF1ZXN0KQogICAgICAgICAgICAgICBeXl5eXl5eXl5eXl5eXl5eXl5eXl5eXl5eXl5eXl5eXl5eCi4uL2lzb2xhdGVkLXJ1bnRpbWUvbGliL3B5dGhvbjMuMTMvc2l0ZS1wYWNrYWdlcy9odHRweC9fY2xpZW50LnB5OjEwMTQ6IGluIF9zZW5kX3NpbmdsZV9yZXF1ZXN0CiAgICByZXNwb25zZSA9IHRyYW5zcG9ydC5oYW5kbGVfcmVxdWVzdChyZXF1ZXN0KQogICAgICAgICAgICAgICBeXl5eXl5eXl5eXl5eXl5eXl5eXl5eXl5eXl5eXl5eXl4KLi4vaXNvbGF0ZWQtcnVudGltZS9saWIv
2026-09-10T03:32:04.4078846Z GO_EVIDENCE_B64 cHl0aG9uMy4xMy9zaXRlLXBhY2thZ2VzL3N0YXJsZXR0ZS90ZXN0Y2xpZW50LnB5OjM0ODogaW4gaGFuZGxlX3JlcXVlc3QKICAgIHJhaXNlIGV4YwouLi9pc29sYXRlZC1ydW50aW1lL2xpYi9weXRob24zLjEzL3NpdGUtcGFja2FnZXMvc3RhcmxldHRlL3Rlc3RjbGllbnQucHk6MzQ1OiBpbiBoYW5kbGVfcmVxdWVzdAogICAgcG9ydGFsLmNhbGwoc2VsZi5hcHAsIHNjb3BlLCByZWNlaXZlLCBzZW5kKQouLi9pc29sYXRlZC1ydW50aW1lL2xpYi9weXRob24zLjEzL3NpdGUtcGFja2FnZXMvYW55aW8vZnJvbV90aHJlYWQucHk6
2026-09-10T03:32:04.4084440Z GO_EVIDENCE_B64 MzM0OiBpbiBjYWxsCiAgICByZXR1cm4gY2FzdChUX1JldHZhbCwgc2VsZi5zdGFydF90YXNrX3Nvb24oZnVuYywgKmFyZ3MpLnJlc3VsdCgpKQogICAgICAgICAgICAgICAgICAgICAgICAgIF5eXl5eXl5eXl5eXl5eXl5eXl5eXl5eXl5eXl5eXl5eXl5eXl5eXl5eXgovb3B0L2hvc3RlZHRvb2xjYWNoZS9QeXRob24vMy4xMy41L3g2NC9saWIvcHl0aG9uMy4xMy9jb25jdXJyZW50L2Z1dHVyZXMvX2Jhc2UucHk6NDU2OiBpbiByZXN1bHQKICAgIHJldHVybiBzZWxmLl9fZ2V0X3Jlc3VsdCgpCiAgICAgICAgICAgXl5eXl5eXl5e
2026-09-10T03:32:04.4090311Z GO_EVIDENCE_B64 Xl5eXl5eXl5eXgovb3B0L2hvc3RlZHRvb2xjYWNoZS9QeXRob24vMy4xMy41L3g2NC9saWIvcHl0aG9uMy4xMy9jb25jdXJyZW50L2Z1dHVyZXMvX2Jhc2UucHk6NDAxOiBpbiBfX2dldF9yZXN1bHQKICAgIHJhaXNlIHNlbGYuX2V4Y2VwdGlvbgouLi9pc29sYXRlZC1ydW50aW1lL2xpYi9weXRob24zLjEzL3NpdGUtcGFja2FnZXMvYW55aW8vZnJvbV90aHJlYWQucHk6MjU5OiBpbiBfY2FsbF9mdW5jCiAgICByZXR2YWwgPSBhd2FpdCByZXR2YWxfb3JfYXdhaXRhYmxlCiAgICAgICAgICAgICBeXl5eXl5eXl5eXl5eXl5eXl5e
2026-09-10T03:32:04.4095994Z GO_EVIDENCE_B64 Xl5eXl5eCi4uL2lzb2xhdGVkLXJ1bnRpbWUvbGliL3B5dGhvbjMuMTMvc2l0ZS1wYWNrYWdlcy9mYXN0YXBpL2FwcGxpY2F0aW9ucy5weToxMTM4OiBpbiBfX2NhbGxfXwogICAgYXdhaXQgc3VwZXIoKS5fX2NhbGxfXyhzY29wZSwgcmVjZWl2ZSwgc2VuZCkKLi4vaXNvbGF0ZWQtcnVudGltZS9saWIvcHl0aG9uMy4xMy9zaXRlLXBhY2thZ2VzL3N0YXJsZXR0ZS9hcHBsaWNhdGlvbnMucHk6MTA3OiBpbiBfX2NhbGxfXwogICAgYXdhaXQgc2VsZi5taWRkbGV3YXJlX3N0YWNrKHNjb3BlLCByZWNlaXZlLCBzZW5kKQouLi9pc29s
2026-09-10T03:32:04.4101860Z GO_EVIDENCE_B64 YXRlZC1ydW50aW1lL2xpYi9weXRob24zLjEzL3NpdGUtcGFja2FnZXMvc3RhcmxldHRlL21pZGRsZXdhcmUvZXJyb3JzLnB5OjE4NjogaW4gX19jYWxsX18KICAgIHJhaXNlIGV4YwouLi9pc29sYXRlZC1ydW50aW1lL2xpYi9weXRob24zLjEzL3NpdGUtcGFja2FnZXMvc3RhcmxldHRlL21pZGRsZXdhcmUvZXJyb3JzLnB5OjE2NDogaW4gX19jYWxsX18KICAgIGF3YWl0IHNlbGYuYXBwKHNjb3BlLCByZWNlaXZlLCBfc2VuZCkKLi4vaXNvbGF0ZWQtcnVudGltZS9saWIvcHl0aG9uMy4xMy9zaXRlLXBhY2thZ2VzL3N0YXJsZXR0
2026-09-10T03:32:04.4107637Z GO_EVIDENCE_B64 ZS9taWRkbGV3YXJlL2Jhc2UucHk6MTkxOiBpbiBfX2NhbGxfXwogICAgd2l0aCByZWN2X3N0cmVhbSwgc2VuZF9zdHJlYW0sIGNvbGxhcHNlX2V4Y2dyb3VwcygpOgogICAgICAgICAgICAgICAgICAgICAgICAgICAgICAgICAgIF5eXl5eXl5eXl5eXl5eXl5eXl5eCi9vcHQvaG9zdGVkdG9vbGNhY2hlL1B5dGhvbi8zLjEzLjUveDY0L2xpYi9weXRob24zLjEzL2NvbnRleHRsaWIucHk6MTYyOiBpbiBfX2V4aXRfXwogICAgc2VsZi5nZW4udGhyb3codmFsdWUpCi4uL2lzb2xhdGVkLXJ1bnRpbWUvbGliL3B5dGhvbjMuMTMvc2l0
2026-09-10T03:32:04.4113476Z GO_EVIDENCE_B64 ZS1wYWNrYWdlcy9zdGFybGV0dGUvX3V0aWxzLnB5Ojg1OiBpbiBjb2xsYXBzZV9leGNncm91cHMKICAgIHJhaXNlIGV4YwouLi9pc29sYXRlZC1ydW50aW1lL2xpYi9weXRob24zLjEzL3NpdGUtcGFja2FnZXMvc3RhcmxldHRlL21pZGRsZXdhcmUvYmFzZS5weToxOTM6IGluIF9fY2FsbF9fCiAgICByZXNwb25zZSA9IGF3YWl0IHNlbGYuZGlzcGF0Y2hfZnVuYyhyZXF1ZXN0LCBjYWxsX25leHQpCiAgICAgICAgICAgICAgIF5eXl5eXl5eXl5eXl5eXl5eXl5eXl5eXl5eXl5eXl5eXl5eXl5eXl5eXl5eCnNyYy9nb19ob3RlbC9t
2026-09-10T03:32:04.4119230Z GO_EVIDENCE_B64 YWluLnB5OjI4MjogaW4gZGlzcGF0Y2gKICAgIHJlc3BvbnNlPWF3YWl0IGNhbGxfbmV4dChyZXF1ZXN0KQogICAgICAgICAgICAgXl5eXl5eXl5eXl5eXl5eXl5eXl5eXl5eCi4uL2lzb2xhdGVkLXJ1bnRpbWUvbGliL3B5dGhvbjMuMTMvc2l0ZS1wYWNrYWdlcy9zdGFybGV0dGUvbWlkZGxld2FyZS9iYXNlLnB5OjE2ODogaW4gY2FsbF9uZXh0CiAgICByYWlzZSBhcHBfZXhjIGZyb20gYXBwX2V4Yy5fX2NhdXNlX18gb3IgYXBwX2V4Yy5fX2NvbnRleHRfXwouLi9pc29sYXRlZC1ydW50aW1lL2xpYi9weXRob24zLjEzL3NpdGUt
2026-09-10T03:32:04.4124919Z GO_EVIDENCE_B64 cGFja2FnZXMvc3RhcmxldHRlL21pZGRsZXdhcmUvYmFzZS5weToxNDQ6IGluIGNvcm8KICAgIGF3YWl0IHNlbGYuYXBwKHNjb3BlLCByZWNlaXZlX29yX2Rpc2Nvbm5lY3QsIHNlbmRfbm9fZXJyb3IpCi4uL2lzb2xhdGVkLXJ1bnRpbWUvbGliL3B5dGhvbjMuMTMvc2l0ZS1wYWNrYWdlcy9zdGFybGV0dGUvbWlkZGxld2FyZS9iYXNlLnB5OjE5MTogaW4gX19jYWxsX18KICAgIHdpdGggcmVjdl9zdHJlYW0sIHNlbmRfc3RyZWFtLCBjb2xsYXBzZV9leGNncm91cHMoKToKICAgICAgICAgICAgICAgICAgICAgICAgICAgICAgICAg
2026-09-10T03:32:04.4130610Z GO_EVIDENCE_B64 ICBeXl5eXl5eXl5eXl5eXl5eXl5eXgovb3B0L2hvc3RlZHRvb2xjYWNoZS9QeXRob24vMy4xMy41L3g2NC9saWIvcHl0aG9uMy4xMy9jb250ZXh0bGliLnB5OjE2MjogaW4gX19leGl0X18KICAgIHNlbGYuZ2VuLnRocm93KHZhbHVlKQouLi9pc29sYXRlZC1ydW50aW1lL2xpYi9weXRob24zLjEzL3NpdGUtcGFja2FnZXMvc3RhcmxldHRlL191dGlscy5weTo4NTogaW4gY29sbGFwc2VfZXhjZ3JvdXBzCiAgICByYWlzZSBleGMKLi4vaXNvbGF0ZWQtcnVudGltZS9saWIvcHl0aG9uMy4xMy9zaXRlLXBhY2thZ2VzL3N0YXJsZXR0
2026-09-10T03:32:04.4136383Z GO_EVIDENCE_B64 ZS9taWRkbGV3YXJlL2Jhc2UucHk6MTkzOiBpbiBfX2NhbGxfXwogICAgcmVzcG9uc2UgPSBhd2FpdCBzZWxmLmRpc3BhdGNoX2Z1bmMocmVxdWVzdCwgY2FsbF9uZXh0KQogICAgICAgICAgICAgICBeXl5eXl5eXl5eXl5eXl5eXl5eXl5eXl5eXl5eXl5eXl5eXl5eXl5eXl5eXgpzcmMvZ29faG90ZWwvbWFpbi5weToyNTM6IGluIGRpc3BhdGNoCiAgICByZXNwb25zZT1hd2FpdCBjYWxsX25leHQocmVxdWVzdCkKICAgICAgICAgICAgIF5eXl5eXl5eXl5eXl5eXl5eXl5eXl5eXgouLi9pc29sYXRlZC1ydW50aW1lL2xpYi9weXRo
2026-09-10T03:32:04.4142042Z GO_EVIDENCE_B64 b24zLjEzL3NpdGUtcGFja2FnZXMvc3RhcmxldHRlL21pZGRsZXdhcmUvYmFzZS5weToxNjg6IGluIGNhbGxfbmV4dAogICAgcmFpc2UgYXBwX2V4YyBmcm9tIGFwcF9leGMuX19jYXVzZV9fIG9yIGFwcF9leGMuX19jb250ZXh0X18KLi4vaXNvbGF0ZWQtcnVudGltZS9saWIvcHl0aG9uMy4xMy9zaXRlLXBhY2thZ2VzL3N0YXJsZXR0ZS9taWRkbGV3YXJlL2Jhc2UucHk6MTQ0OiBpbiBjb3JvCiAgICBhd2FpdCBzZWxmLmFwcChzY29wZSwgcmVjZWl2ZV9vcl9kaXNjb25uZWN0LCBzZW5kX25vX2Vycm9yKQouLi9pc29sYXRlZC1y
2026-09-10T03:32:04.4147759Z GO_EVIDENCE_B64 dW50aW1lL2xpYi9weXRob24zLjEzL3NpdGUtcGFja2FnZXMvc3RhcmxldHRlL21pZGRsZXdhcmUvYmFzZS5weToxOTE6IGluIF9fY2FsbF9fCiAgICB3aXRoIHJlY3Zfc3RyZWFtLCBzZW5kX3N0cmVhbSwgY29sbGFwc2VfZXhjZ3JvdXBzKCk6CiAgICAgICAgICAgICAgICAgICAgICAgICAgICAgICAgICAgXl5eXl5eXl5eXl5eXl5eXl5eXl4KL29wdC9ob3N0ZWR0b29sY2FjaGUvUHl0aG9uLzMuMTMuNS94NjQvbGliL3B5dGhvbjMuMTMvY29udGV4dGxpYi5weToxNjI6IGluIF9fZXhpdF9fCiAgICBzZWxmLmdlbi50aHJvdyh2
2026-09-10T03:32:04.4153586Z GO_EVIDENCE_B64 YWx1ZSkKLi4vaXNvbGF0ZWQtcnVudGltZS9saWIvcHl0aG9uMy4xMy9zaXRlLXBhY2thZ2VzL3N0YXJsZXR0ZS9fdXRpbHMucHk6ODU6IGluIGNvbGxhcHNlX2V4Y2dyb3VwcwogICAgcmFpc2UgZXhjCi4uL2lzb2xhdGVkLXJ1bnRpbWUvbGliL3B5dGhvbjMuMTMvc2l0ZS1wYWNrYWdlcy9zdGFybGV0dGUvbWlkZGxld2FyZS9iYXNlLnB5OjE5MzogaW4gX19jYWxsX18KICAgIHJlc3BvbnNlID0gYXdhaXQgc2VsZi5kaXNwYXRjaF9mdW5jKHJlcXVlc3QsIGNhbGxfbmV4dCkKICAgICAgICAgICAgICAgXl5eXl5eXl5eXl5eXl5e
2026-09-10T03:32:04.4159298Z GO_EVIDENCE_B64 Xl5eXl5eXl5eXl5eXl5eXl5eXl5eXl5eXl5eXl4Kc3JjL2dvX2hvdGVsL21haW4ucHk6MjA3OiBpbiBkaXNwYXRjaAogICAgcmVzcG9uc2U9YXdhaXQgY2FsbF9uZXh0KHJlcXVlc3QpCiAgICAgICAgICAgICBeXl5eXl5eXl5eXl5eXl5eXl5eXl5eXl4KLi4vaXNvbGF0ZWQtcnVudGltZS9saWIvcHl0aG9uMy4xMy9zaXRlLXBhY2thZ2VzL3N0YXJsZXR0ZS9taWRkbGV3YXJlL2Jhc2UucHk6MTY4OiBpbiBjYWxsX25leHQKICAgIHJhaXNlIGFwcF9leGMgZnJvbSBhcHBfZXhjLl9fY2F1c2VfXyBvciBhcHBfZXhjLl9fY29udGV4
2026-09-10T03:32:04.4165074Z GO_EVIDENCE_B64 dF9fCi4uL2lzb2xhdGVkLXJ1bnRpbWUvbGliL3B5dGhvbjMuMTMvc2l0ZS1wYWNrYWdlcy9zdGFybGV0dGUvbWlkZGxld2FyZS9iYXNlLnB5OjE0NDogaW4gY29ybwogICAgYXdhaXQgc2VsZi5hcHAoc2NvcGUsIHJlY2VpdmVfb3JfZGlzY29ubmVjdCwgc2VuZF9ub19lcnJvcikKLi4vaXNvbGF0ZWQtcnVudGltZS9saWIvcHl0aG9uMy4xMy9zaXRlLXBhY2thZ2VzL3N0YXJsZXR0ZS9taWRkbGV3YXJlL2V4Y2VwdGlvbnMucHk6NjM6IGluIF9fY2FsbF9fCiAgICBhd2FpdCB3cmFwX2FwcF9oYW5kbGluZ19leGNlcHRpb25zKHNl
2026-09-10T03:32:04.4170890Z GO_EVIDENCE_B64 bGYuYXBwLCBjb25uKShzY29wZSwgcmVjZWl2ZSwgc2VuZCkKLi4vaXNvbGF0ZWQtcnVudGltZS9saWIvcHl0aG9uMy4xMy9zaXRlLXBhY2thZ2VzL3N0YXJsZXR0ZS9fZXhjZXB0aW9uX2hhbmRsZXIucHk6NTM6IGluIHdyYXBwZWRfYXBwCiAgICByYWlzZSBleGMKLi4vaXNvbGF0ZWQtcnVudGltZS9saWIvcHl0aG9uMy4xMy9zaXRlLXBhY2thZ2VzL3N0YXJsZXR0ZS9fZXhjZXB0aW9uX2hhbmRsZXIucHk6NDI6IGluIHdyYXBwZWRfYXBwCiAgICBhd2FpdCBhcHAoc2NvcGUsIHJlY2VpdmUsIHNlbmRlcikKLi4vaXNvbGF0ZWQt
2026-09-10T03:32:04.4176654Z GO_EVIDENCE_B64 cnVudGltZS9saWIvcHl0aG9uMy4xMy9zaXRlLXBhY2thZ2VzL2Zhc3RhcGkvbWlkZGxld2FyZS9hc3luY2V4aXRzdGFjay5weToxODogaW4gX19jYWxsX18KICAgIGF3YWl0IHNlbGYuYXBwKHNjb3BlLCByZWNlaXZlLCBzZW5kKQouLi9pc29sYXRlZC1ydW50aW1lL2xpYi9weXRob24zLjEzL3NpdGUtcGFja2FnZXMvc3RhcmxldHRlL3JvdXRpbmcucHk6NzE2OiBpbiBfX2NhbGxfXwogICAgYXdhaXQgc2VsZi5taWRkbGV3YXJlX3N0YWNrKHNjb3BlLCByZWNlaXZlLCBzZW5kKQouLi9pc29sYXRlZC1ydW50aW1lL2xpYi9weXRo
2026-09-10T03:32:04.4182331Z GO_EVIDENCE_B64 b24zLjEzL3NpdGUtcGFja2FnZXMvc3RhcmxldHRlL3JvdXRpbmcucHk6NzM2OiBpbiBhcHAKICAgIGF3YWl0IHJvdXRlLmhhbmRsZShzY29wZSwgcmVjZWl2ZSwgc2VuZCkKLi4vaXNvbGF0ZWQtcnVudGltZS9saWIvcHl0aG9uMy4xMy9zaXRlLXBhY2thZ2VzL3N0YXJsZXR0ZS9yb3V0aW5nLnB5OjI5MDogaW4gaGFuZGxlCiAgICBhd2FpdCBzZWxmLmFwcChzY29wZSwgcmVjZWl2ZSwgc2VuZCkKLi4vaXNvbGF0ZWQtcnVudGltZS9saWIvcHl0aG9uMy4xMy9zaXRlLXBhY2thZ2VzL2Zhc3RhcGkvcm91dGluZy5weToxMTU6IGlu
2026-09-10T03:32:04.4188101Z GO_EVIDENCE_B64 IGFwcAogICAgYXdhaXQgd3JhcF9hcHBfaGFuZGxpbmdfZXhjZXB0aW9ucyhhcHAsIHJlcXVlc3QpKHNjb3BlLCByZWNlaXZlLCBzZW5kKQouLi9pc29sYXRlZC1ydW50aW1lL2xpYi9weXRob24zLjEzL3NpdGUtcGFja2FnZXMvc3RhcmxldHRlL19leGNlcHRpb25faGFuZGxlci5weTo1MzogaW4gd3JhcHBlZF9hcHAKICAgIHJhaXNlIGV4YwouLi9pc29sYXRlZC1ydW50aW1lL2xpYi9weXRob24zLjEzL3NpdGUtcGFja2FnZXMvc3RhcmxldHRlL19leGNlcHRpb25faGFuZGxlci5weTo0MjogaW4gd3JhcHBlZF9hcHAKICAgIGF3
2026-09-10T03:32:04.4193797Z GO_EVIDENCE_B64 YWl0IGFwcChzY29wZSwgcmVjZWl2ZSwgc2VuZGVyKQouLi9pc29sYXRlZC1ydW50aW1lL2xpYi9weXRob24zLjEzL3NpdGUtcGFja2FnZXMvZmFzdGFwaS9yb3V0aW5nLnB5OjEwMTogaW4gYXBwCiAgICByZXNwb25zZSA9IGF3YWl0IGYocmVxdWVzdCkKICAgICAgICAgICAgICAgXl5eXl5eXl5eXl5eXl5eXgouLi9pc29sYXRlZC1ydW50aW1lL2xpYi9weXRob24zLjEzL3NpdGUtcGFja2FnZXMvZmFzdGFwaS9yb3V0aW5nLnB5OjM1NTogaW4gYXBwCiAgICByYXdfcmVzcG9uc2UgPSBhd2FpdCBydW5fZW5kcG9pbnRfZnVuY3Rp
2026-09-10T03:32:04.4199511Z GO_EVIDENCE_B64 b24oCi4uL2lzb2xhdGVkLXJ1bnRpbWUvbGliL3B5dGhvbjMuMTMvc2l0ZS1wYWNrYWdlcy9mYXN0YXBpL3JvdXRpbmcucHk6MjQ1OiBpbiBydW5fZW5kcG9pbnRfZnVuY3Rpb24KICAgIHJldHVybiBhd2FpdCBydW5faW5fdGhyZWFkcG9vbChkZXBlbmRhbnQuY2FsbCwgKip2YWx1ZXMpCiAgICAgICAgICAgXl5eXl5eXl5eXl5eXl5eXl5eXl5eXl5eXl5eXl5eXl5eXl5eXl5eXl5eXl5eXl5eXgouLi9pc29sYXRlZC1ydW50aW1lL2xpYi9weXRob24zLjEzL3NpdGUtcGFja2FnZXMvc3RhcmxldHRlL2NvbmN1cnJlbmN5LnB5OjMy
2026-09-10T03:32:04.4205358Z GO_EVIDENCE_B64 OiBpbiBydW5faW5fdGhyZWFkcG9vbAogICAgcmV0dXJuIGF3YWl0IGFueWlvLnRvX3RocmVhZC5ydW5fc3luYyhmdW5jKQogICAgICAgICAgIF5eXl5eXl5eXl5eXl5eXl5eXl5eXl5eXl5eXl5eXl5eXl5eXgouLi9pc29sYXRlZC1ydW50aW1lL2xpYi9weXRob24zLjEzL3NpdGUtcGFja2FnZXMvYW55aW8vdG9fdGhyZWFkLnB5OjYzOiBpbiBydW5fc3luYwogICAgcmV0dXJuIGF3YWl0IGdldF9hc3luY19iYWNrZW5kKCkucnVuX3N5bmNfaW5fd29ya2VyX3RocmVhZCgKLi4vaXNvbGF0ZWQtcnVudGltZS9saWIvcHl0aG9uMy4x
2026-09-10T03:32:04.4211004Z GO_EVIDENCE_B64 My9zaXRlLXBhY2thZ2VzL2FueWlvL19iYWNrZW5kcy9fYXN5bmNpby5weToyNTE4OiBpbiBydW5fc3luY19pbl93b3JrZXJfdGhyZWFkCiAgICByZXR1cm4gYXdhaXQgZnV0dXJlCiAgICAgICAgICAgXl5eXl5eXl5eXl5eCi4uL2lzb2xhdGVkLXJ1bnRpbWUvbGliL3B5dGhvbjMuMTMvc2l0ZS1wYWNrYWdlcy9hbnlpby9fYmFja2VuZHMvX2FzeW5jaW8ucHk6MTAwMjogaW4gcnVuCiAgICByZXN1bHQgPSBjb250ZXh0LnJ1bihmdW5jLCAqYXJncykKICAgICAgICAgICAgIF5eXl5eXl5eXl5eXl5eXl5eXl5eXl5eXgpfIF8gXyBf
2026-09-10T03:32:04.4216900Z GO_EVIDENCE_B64 IF8gXyBfIF8gXyBfIF8gXyBfIF8gXyBfIF8gXyBfIF8gXyBfIF8gXyBfIF8gXyBfIF8gXyBfIF8gXyBfIF8gXyBfIF8gXyBfIAoKb3JkZXJfaWQgPSAnb3JkX2FkNjVhNTZjOTQ3MzRmY2QnCnF1b3RlX2lkID0gJ2NxXzg2YzdiOTExZGMyNTQzM2U4YjkzZTg3YjhhMDlmMzRmJwpwID0gUHJpbmNpcGFsKHVzZXJfaWQ9J3Vzcl9mNjVjNzhhN2E3MmU0M2UzYjA4Y2Y1ZDkyZWI2NjYyOCcsIHVzZXJuYW1lPSduYXRpdmUtZGVwdGgzMEBleGFtcGxlLnRlc3QnLCBhY3Rvcl90eXBlPSdDT05TVU1FUi4uLmE1OTk4ODY0MGEyYTRiY2Jh
2026-09-10T03:32:04.4222577Z GO_EVIDENCE_B64 M2MzNDM5YzhiNzkzYjg3JywgcGVybWlzc2lvbnM9eydjb25zdW1lcjpib29rJywgJ2NvbnN1bWVyOndhbGxldCcsICdjb25zdW1lcjpyZWFkJywgJ2NvbnN1bWVyOndyaXRlJ30pCgogICAgQHJvdXRlci5nZXQoJy92MS9tb2JpbGUvb3JkZXJzL3tvcmRlcl9pZH0vY2FuY2VsbGF0aW9uLXF1b3Rlcy97cXVvdGVfaWR9JykKICAgIGRlZiBtb2JpbGVfZXhpc3RpbmdfY2FuY2VsX3F1b3RlKG9yZGVyX2lkOnN0cixxdW90ZV9pZDpzdHIscD1EZXBlbmRzKGNvbnN1bWVyX3ByaW5jaXBhbCkpOgogICAgICAgICIiIlJlYWQgdGhlIGV4
2026-09-10T03:32:04.4228339Z GO_EVIDENCE_B64 YWN0IGRpc3BsYXllZCBxdW90ZTsgbmV2ZXIgcmVwbGFjZSBjdXN0b21lciBjb25zZW50IHdpdGggYSBuZXcgcXVvdGUuIiIiCiAgICAgICAgYXNzZXJ0X2NvbnN1bWVyX29yZGVyKHAsb3JkZXJfaWQpCiAgICAgICAgZnJvbSBnb19ob3RlbC5zZXJ2aWNlcy5jYXRhbG9nX2Nhc2hfZmFyZSBpbXBvcnQgY2hlY2tlZF9xdW90ZSwgcXVvdGVfcHVibGljCiZndDsgICAgICAgd2l0aCBTZXNzaW9uTG9jYWwoKSBhcyBzOgogICAgICAgICAgICAgXl5eXl5eXl5eXl5eCkUgICAgICAgTmFtZUVycm9yOiBuYW1lICdTZXNzaW9uTG9jYWwn
2026-09-10T03:32:04.4231918Z GO_EVIDENCE_B64 IGlzIG5vdCBkZWZpbmVkCgpzcmMvZ29faG90ZWwvYXBpL3JvdXRlcy9tb2JpbGUucHk6OTY6IE5hbWVFcnJvcjwvZmFpbHVyZT48L3Rlc3RjYXNlPjwvdGVzdHN1aXRlPjwvdGVzdHN1aXRlcz4=
2026-09-10T03:32:04.4232852Z GO_EVIDENCE_FILE_END backend.xml
2026-09-10T03:32:04.4233160Z GO_EVIDENCE_MISSING frontend.xml
2026-09-10T03:32:04.4299985Z Node 20 is being deprecated. This workflow is running with Node 24 by default. If you need to temporarily use Node 20, you can set the ACTIONS_ALLOW_USE_UNSECURE_NODE_VERSION=true environment variable. For more information see: https://github.blog/changelog/2025-09-19-deprecation-of-node-20-on-github-actions-runners/
2026-09-10T03:32:04.4301167Z ##[group]Run actions/upload-artifact@v4
2026-09-10T03:32:04.4301450Z with:
2026-09-10T03:32:04.4301677Z   name: GO-DEPTH34-isolated-34433623433
2026-09-10T03:32:04.4301951Z   path: evidence/
2026-09-10T03:32:04.4302177Z   if-no-files-found: error
2026-09-10T03:32:04.4302426Z   retention-days: 90
2026-09-10T03:32:04.4302655Z   compression-level: 6
2026-09-10T03:32:04.4302881Z   overwrite: false
2026-09-10T03:32:04.4303113Z   include-hidden-files: false
2026-09-10T03:32:04.4303353Z env:
2026-09-10T03:32:04.4303614Z   SEALED_CANDIDATE: ab9f39518de107e05c95b800839bd5f7c229ea23
2026-09-10T03:32:04.4304123Z   EXPECTED_SOURCE_TREE: 5983df038740e93936256da389f828488572dce5bbabc732326796a2c5c26356
2026-09-10T03:32:04.4304614Z   pythonLocation: /opt/hostedtoolcache/Python/3.13.5/x64
2026-09-10T03:32:04.4305024Z   PKG_CONFIG_PATH: /opt/hostedtoolcache/Python/3.13.5/x64/lib/pkgconfig
2026-09-10T03:32:04.4305766Z   Python_ROOT_DIR: /opt/hostedtoolcache/Python/3.13.5/x64
2026-09-10T03:32:04.4306149Z   Python2_ROOT_DIR: /opt/hostedtoolcache/Python/3.13.5/x64
2026-09-10T03:32:04.4306515Z   Python3_ROOT_DIR: /opt/hostedtoolcache/Python/3.13.5/x64
2026-09-10T03:32:04.4306883Z   LD_LIBRARY_PATH: /opt/hostedtoolcache/Python/3.13.5/x64/lib
2026-09-10T03:32:04.4307215Z ##[endgroup]
2026-09-10T03:32:04.6476863Z (node:2240) [DEP0040] DeprecationWarning: The `punycode` module is deprecated. Please use a userland alternative instead.
2026-09-10T03:32:04.6496191Z (Use `node --trace-deprecation ...` to show where the warning was created)
2026-09-10T03:32:04.6866201Z With the provided path, there will be 13 files uploaded
2026-09-10T03:32:04.6887276Z Artifact name is valid!
2026-09-10T03:32:04.6906164Z Root directory input is valid!
2026-09-10T03:32:04.8678711Z Beginning upload of artifact content to blob storage
2026-09-10T03:32:04.9205565Z (node:2240) [DEP0169] DeprecationWarning: `url.parse()` behavior is not standardized and prone to errors that have security implications. Use the WHATWG URL API instead. CVEs are not issued for `url.parse()` vulnerabilities.
2026-09-10T03:32:04.9451010Z Uploaded bytes 51239
2026-09-10T03:32:04.9578729Z Finished uploading artifact content to blob storage!
2026-09-10T03:32:04.9580348Z SHA256 digest of uploaded artifact zip is dbabad721ecbb3cad6a9ff3293967ccf214ee4558d8fdbf935015815f7e6f6a8
2026-09-10T03:32:04.9581610Z Finalizing artifact upload
2026-09-10T03:32:05.2280957Z Artifact GO-DEPTH34-isolated-34433623433.zip successfully finalized. Artifact ID 10135393382
2026-09-10T03:32:05.2282605Z Artifact GO-DEPTH34-isolated-34433623433 has been successfully uploaded! Final size is 51239 bytes. Artifact ID is 10135393382
2026-09-10T03:32:05.2289929Z Artifact download URL: https://github.com/yuguangzhi3836-glitch/GO/actions/runs/34433623433/artifacts/10135393382
2026-09-10T03:32:05.2501802Z Node 20 is being deprecated. This workflow is running with Node 24 by default. If you need to temporarily use Node 20, you can set the ACTIONS_ALLOW_USE_UNSECURE_NODE_VERSION=true environment variable. For more information see: https://github.blog/changelog/2025-09-19-deprecation-of-node-20-on-github-actions-runners/
2026-09-10T03:32:05.2502991Z Post job cleanup.
2026-09-10T03:32:05.3556065Z [command]/usr/bin/git version
2026-09-10T03:32:05.3619697Z git version 2.55.0
2026-09-10T03:32:05.3739093Z Temporarily overriding HOME='/home/runner/work/_temp/f7442aed-20ca-431d-b4d8-ec8e7d1e50d9' before making global git config changes
2026-09-10T03:32:05.3767621Z Adding repository directory to the temporary git global config as a safe directory
2026-09-10T03:32:05.3805028Z [command]/usr/bin/git config --global --add safe.directory /home/runner/work/GO/GO/candidate
2026-09-10T03:32:05.3817418Z [command]/usr/bin/git config --local --name-only --get-regexp core\.sshCommand
2026-09-10T03:32:05.3825002Z [command]/usr/bin/git submodule foreach --recursive sh -c "git config --local --name-only --get-regexp 'core\.sshCommand' && git config --local --unset-all 'core.sshCommand' || :"
2026-09-10T03:32:05.4267943Z [command]/usr/bin/git config --local --name-only --get-regexp http\.https\:\/\/github\.com\/\.extraheader
2026-09-10T03:32:05.4341819Z [command]/usr/bin/git submodule foreach --recursive sh -c "git config --local --name-only --get-regexp 'http\.https\:\/\/github\.com\/\.extraheader' && git config --local --unset-all 'http.https://github.com/.extraheader' || :"
2026-09-10T03:32:05.5186394Z [command]/usr/bin/git config --local --name-only --get-regexp ^includeIf\.gitdir:
2026-09-10T03:32:05.5295510Z [command]/usr/bin/git submodule foreach --recursive git config --local --show-origin --name-only --get-regexp remote.origin.url
2026-09-10T03:32:05.6164098Z Node 20 is being deprecated. This workflow is running with Node 24 by default. If you need to temporarily use Node 20, you can set the ACTIONS_ALLOW_USE_UNSECURE_NODE_VERSION=true environment variable. For more information see: https://github.blog/changelog/2025-09-19-deprecation-of-node-20-on-github-actions-runners/
2026-09-10T03:32:05.6166441Z Post job cleanup.
2026-09-10T03:32:05.7406066Z [command]/usr/bin/git version
2026-09-10T03:32:05.7503595Z git version 2.55.0
2026-09-10T03:32:05.7539129Z Temporarily overriding HOME='/home/runner/work/_temp/fa66f68a-0021-4903-84e8-e7b9041b57ba' before making global git config changes
2026-09-10T03:32:05.7540863Z Adding repository directory to the temporary git global config as a safe directory
2026-09-10T03:32:05.7545614Z [command]/usr/bin/git config --global --add safe.directory /home/runner/work/GO/GO/tooling
2026-09-10T03:32:05.7646241Z [command]/usr/bin/git config --local --name-only --get-regexp core\.sshCommand
2026-09-10T03:32:05.7678318Z [command]/usr/bin/git submodule foreach --recursive sh -c "git config --local --name-only --get-regexp 'core\.sshCommand' && git config --local --unset-all 'core.sshCommand' || :"
2026-09-10T03:32:05.8201303Z [command]/usr/bin/git config --local --name-only --get-regexp http\.https\:\/\/github\.com\/\.extraheader
2026-09-10T03:32:05.8280652Z [command]/usr/bin/git submodule foreach --recursive sh -c "git config --local --name-only --get-regexp 'http\.https\:\/\/github\.com\/\.extraheader' && git config --local --unset-all 'http.https://github.com/.extraheader' || :"
2026-09-10T03:32:05.8798616Z [command]/usr/bin/git config --local --name-only --get-regexp ^includeIf\.gitdir:
2026-09-10T03:32:05.8867687Z [command]/usr/bin/git submodule foreach --recursive git config --local --show-origin --name-only --get-regexp remote.origin.url
2026-09-10T03:32:05.9442480Z Cleaning up orphan processes
2026-09-10T03:32:05.9724899Z ##[warning]Node.js 20 is deprecated. The following actions target Node.js 20 but are being forced to run on Node.js 24: actions/checkout@v4, actions/setup-node@v4, actions/setup-python@v5, actions/upload-artifact@v4. For more information see: https://github.blog/changelog/2025-09-19-deprecation-of-node-20-on-github-actions-runners/
