2026-09-09T03:12:59.6501719Z Current runner version: '2.337.0'
2026-09-09T03:12:59.6537823Z ##[group]Runner Image Provisioner
2026-09-09T03:12:59.6539096Z Hosted Compute Agent
2026-09-09T03:12:59.6540532Z Version: 20260828.587
2026-09-09T03:12:59.6541520Z Commit: abac92662cab4cc7352de4f9f9d2e2419aad9c29
2026-09-09T03:12:59.6542805Z Build Date: 2026-08-28T16:44:25Z
2026-09-09T03:12:59.6543866Z Worker ID: {b19bb315-60ad-4e49-89c8-73023403733c}
2026-09-09T03:12:59.6544993Z Azure Region: westus3
2026-09-09T03:12:59.6546023Z ##[endgroup]
2026-09-09T03:12:59.6548184Z ##[group]Operating System
2026-09-09T03:12:59.6549574Z Ubuntu
2026-09-09T03:12:59.6550399Z 22.04.5
2026-09-09T03:12:59.6551193Z LTS
2026-09-09T03:12:59.6552071Z ##[endgroup]
2026-09-09T03:12:59.6552908Z ##[group]Runner Image
2026-09-09T03:12:59.6553988Z Image: ubuntu-22.04
2026-09-09T03:12:59.6554868Z Version: 20260907.292.1
2026-09-09T03:12:59.6556887Z Included Software: https://github.com/actions/runner-images/blob/ubuntu22/20260907.292/images/ubuntu/Ubuntu2204-Readme.md
2026-09-09T03:12:59.6559760Z Image Release: https://github.com/actions/runner-images/releases/tag/ubuntu22%2F20260907.292
2026-09-09T03:12:59.6561569Z ##[endgroup]
2026-09-09T03:12:59.6563255Z ##[group]GITHUB_TOKEN Permissions
2026-09-09T03:12:59.6566205Z Contents: read
2026-09-09T03:12:59.6567100Z Metadata: read
2026-09-09T03:12:59.6567927Z ##[endgroup]
2026-09-09T03:12:59.6571485Z Secret source: Actions
2026-09-09T03:12:59.6573119Z Prepare workflow directory
2026-09-09T03:12:59.7212754Z Prepare all required actions
2026-09-09T03:12:59.7285759Z Getting action download info
2026-09-09T03:13:00.1995602Z Download action repository 'actions/checkout@v4' (SHA:11d5960a326750d5838078e36cf38b85af677262)
2026-09-09T03:13:00.3027732Z Download action repository 'actions/setup-python@v5' (SHA:a26af69be951a213d495a4c3e4e4022e16d87065)
2026-09-09T03:13:00.3722926Z Download action repository 'actions/setup-node@v4' (SHA:49933ea5288caeca8642d1e84afbd3f7d6820020)
2026-09-09T03:13:00.4477168Z Download action repository 'actions/upload-artifact@v4' (SHA:ea165f8d65b6e75b540449e92b4886f43607fa02)
2026-09-09T03:13:00.6617544Z Complete job name: isolated-runtime
2026-09-09T03:13:00.7215970Z ##[group]Checking docker version
2026-09-09T03:13:00.7228664Z ##[command]/usr/bin/docker version --format '{{.Server.APIVersion}}'
2026-09-09T03:13:00.7895239Z '1.48'
2026-09-09T03:13:00.7903865Z Docker daemon API version: '1.48'
2026-09-09T03:13:00.7904615Z ##[command]/usr/bin/docker version --format '{{.Client.APIVersion}}'
2026-09-09T03:13:00.8084989Z '1.48'
2026-09-09T03:13:00.8101388Z Docker client API version: '1.48'
2026-09-09T03:13:00.8107155Z ##[endgroup]
2026-09-09T03:13:00.8111520Z ##[group]Clean up resources from previous jobs
2026-09-09T03:13:00.8117293Z ##[command]/usr/bin/docker ps --all --quiet --no-trunc --filter "label=662052"
2026-09-09T03:13:00.8280747Z ##[command]/usr/bin/docker network prune --force --filter "label=662052"
2026-09-09T03:13:00.8425914Z ##[endgroup]
2026-09-09T03:13:00.8426455Z ##[group]Create local container network
2026-09-09T03:13:00.8437031Z ##[command]/usr/bin/docker network create --label 662052 github_network_602266d83a264c86923efa6e4f1b1322
2026-09-09T03:13:00.8962516Z c0006ee5d77538496c0e020358c2a60b1b77b10aaa418cb461e9adad290a83ef
2026-09-09T03:13:00.8980018Z ##[endgroup]
2026-09-09T03:13:00.9005957Z ##[group]Starting postgres service container
2026-09-09T03:13:00.9026963Z ##[command]/usr/bin/docker pull postgres:16.4
2026-09-09T03:13:01.7351922Z 16.4: Pulling from library/postgres
2026-09-09T03:13:01.9137954Z 2d429b9e73a6: Pulling fs layer
2026-09-09T03:13:01.9139741Z 46eab5b44a35: Pulling fs layer
2026-09-09T03:13:01.9141042Z c4d302cc468d: Pulling fs layer
2026-09-09T03:13:01.9142311Z 01e0882c90d9: Pulling fs layer
2026-09-09T03:13:01.9143032Z 531ee2cf3c0c: Pulling fs layer
2026-09-09T03:13:01.9143649Z ed54a7dee1d8: Pulling fs layer
2026-09-09T03:13:01.9144246Z 12c5c803443f: Pulling fs layer
2026-09-09T03:13:01.9144837Z e27c75a98748: Pulling fs layer
2026-09-09T03:13:01.9145479Z e73cb4a42719: Pulling fs layer
2026-09-09T03:13:01.9146812Z a83b68436f09: Pulling fs layer
2026-09-09T03:13:01.9147619Z 787d6bee9571: Pulling fs layer
2026-09-09T03:13:01.9148354Z 13ff0988aaea: Pulling fs layer
2026-09-09T03:13:01.9149034Z 4b82842ab819: Pulling fs layer
2026-09-09T03:13:01.9151170Z 7e568a0dc8fb: Pulling fs layer
2026-09-09T03:13:01.9152361Z e27c75a98748: Waiting
2026-09-09T03:13:01.9153670Z e73cb4a42719: Waiting
2026-09-09T03:13:01.9155079Z a83b68436f09: Waiting
2026-09-09T03:13:01.9156442Z 787d6bee9571: Waiting
2026-09-09T03:13:01.9157613Z 13ff0988aaea: Waiting
2026-09-09T03:13:01.9158606Z 4b82842ab819: Waiting
2026-09-09T03:13:01.9159696Z 7e568a0dc8fb: Waiting
2026-09-09T03:13:01.9160656Z 01e0882c90d9: Waiting
2026-09-09T03:13:01.9161598Z 531ee2cf3c0c: Waiting
2026-09-09T03:13:01.9162497Z ed54a7dee1d8: Waiting
2026-09-09T03:13:02.1000278Z 46eab5b44a35: Verifying Checksum
2026-09-09T03:13:02.1006991Z 46eab5b44a35: Download complete
2026-09-09T03:13:02.1296613Z c4d302cc468d: Verifying Checksum
2026-09-09T03:13:02.1297543Z c4d302cc468d: Download complete
2026-09-09T03:13:02.1851804Z 2d429b9e73a6: Download complete
2026-09-09T03:13:02.2899464Z 01e0882c90d9: Verifying Checksum
2026-09-09T03:13:02.2902386Z 01e0882c90d9: Download complete
2026-09-09T03:13:02.3404958Z 531ee2cf3c0c: Verifying Checksum
2026-09-09T03:13:02.3409609Z 531ee2cf3c0c: Download complete
2026-09-09T03:13:02.3652120Z ed54a7dee1d8: Verifying Checksum
2026-09-09T03:13:02.3655381Z ed54a7dee1d8: Download complete
2026-09-09T03:13:02.4618715Z 12c5c803443f: Verifying Checksum
2026-09-09T03:13:02.4620317Z 12c5c803443f: Download complete
2026-09-09T03:13:02.5288647Z e27c75a98748: Verifying Checksum
2026-09-09T03:13:02.5300500Z e27c75a98748: Download complete
2026-09-09T03:13:02.6508407Z a83b68436f09: Verifying Checksum
2026-09-09T03:13:02.6527311Z a83b68436f09: Download complete
2026-09-09T03:13:02.7114912Z 787d6bee9571: Verifying Checksum
2026-09-09T03:13:02.7121873Z 787d6bee9571: Download complete
2026-09-09T03:13:02.8479030Z 13ff0988aaea: Verifying Checksum
2026-09-09T03:13:02.8481501Z 13ff0988aaea: Download complete
2026-09-09T03:13:02.9056111Z 4b82842ab819: Verifying Checksum
2026-09-09T03:13:02.9060455Z 4b82842ab819: Download complete
2026-09-09T03:13:03.0252759Z e73cb4a42719: Verifying Checksum
2026-09-09T03:13:03.0257406Z e73cb4a42719: Download complete
2026-09-09T03:13:03.0289834Z 7e568a0dc8fb: Verifying Checksum
2026-09-09T03:13:03.0291416Z 7e568a0dc8fb: Download complete
2026-09-09T03:13:03.5982419Z 2d429b9e73a6: Pull complete
2026-09-09T03:13:05.4458399Z 46eab5b44a35: Pull complete
2026-09-09T03:13:05.5740049Z c4d302cc468d: Pull complete
2026-09-09T03:13:05.6218356Z 01e0882c90d9: Pull complete
2026-09-09T03:13:05.8892413Z 531ee2cf3c0c: Pull complete
2026-09-09T03:13:05.9424756Z ed54a7dee1d8: Pull complete
2026-09-09T03:13:05.9496881Z 12c5c803443f: Pull complete
2026-09-09T03:13:05.9598515Z e27c75a98748: Pull complete
2026-09-09T03:13:09.6609975Z e73cb4a42719: Pull complete
2026-09-09T03:13:09.7061658Z a83b68436f09: Pull complete
2026-09-09T03:13:09.7173307Z 787d6bee9571: Pull complete
2026-09-09T03:13:09.7304045Z 13ff0988aaea: Pull complete
2026-09-09T03:13:09.7429689Z 4b82842ab819: Pull complete
2026-09-09T03:13:09.7510204Z 7e568a0dc8fb: Pull complete
2026-09-09T03:13:09.7562829Z Digest: sha256:e62fbf9d3e2b49816a32c400ed2dba83e3b361e6833e624024309c35d334b412
2026-09-09T03:13:09.7584959Z Status: Downloaded newer image for postgres:16.4
2026-09-09T03:13:09.7596821Z docker.io/library/postgres:16.4
2026-09-09T03:13:09.7660645Z ##[command]/usr/bin/docker create --name 93f47c18f7cd4de2bbf732e850deea1e_postgres164_0a817e --label 662052 --network github_network_602266d83a264c86923efa6e4f1b1322 --network-alias postgres -p 5432:5432 --health-cmd="pg_isready -U go" --health-interval=5s --health-timeout=5s --health-retries=20 -e "POSTGRES_USER=go" -e "POSTGRES_PASSWORD=go-disposable-ci-only" -e "POSTGRES_DB=go" -e GITHUB_ACTIONS=true -e CI=true postgres:16.4
2026-09-09T03:13:09.7913519Z 44e160dfc2d9d5138d2b0fbcdfbd9c1e24144a63af8d0b7bbe8ea88b7c1633d8
2026-09-09T03:13:09.7936752Z ##[command]/usr/bin/docker start 44e160dfc2d9d5138d2b0fbcdfbd9c1e24144a63af8d0b7bbe8ea88b7c1633d8
2026-09-09T03:13:09.9880965Z 44e160dfc2d9d5138d2b0fbcdfbd9c1e24144a63af8d0b7bbe8ea88b7c1633d8
2026-09-09T03:13:09.9907460Z ##[command]/usr/bin/docker ps --all --filter id=44e160dfc2d9d5138d2b0fbcdfbd9c1e24144a63af8d0b7bbe8ea88b7c1633d8 --filter status=running --no-trunc --format "{{.ID}} {{.Status}}"
2026-09-09T03:13:10.0117921Z 44e160dfc2d9d5138d2b0fbcdfbd9c1e24144a63af8d0b7bbe8ea88b7c1633d8 Up Less than a second (health: starting)
2026-09-09T03:13:10.0146202Z ##[command]/usr/bin/docker port 44e160dfc2d9d5138d2b0fbcdfbd9c1e24144a63af8d0b7bbe8ea88b7c1633d8
2026-09-09T03:13:10.0348835Z 5432/tcp -> 0.0.0.0:5432
2026-09-09T03:13:10.0350055Z 5432/tcp -> [::]:5432
2026-09-09T03:13:10.0416757Z ##[endgroup]
2026-09-09T03:13:10.0418706Z ##[group]Starting redis service container
2026-09-09T03:13:10.0420603Z ##[command]/usr/bin/docker pull redis:7.4
2026-09-09T03:13:10.8198199Z 7.4: Pulling from library/redis
2026-09-09T03:13:11.0462359Z a8ac7f6c67ab: Pulling fs layer
2026-09-09T03:13:11.0462975Z 3f4e1fadfed1: Pulling fs layer
2026-09-09T03:13:11.0466270Z 4c75d4fe7471: Pulling fs layer
2026-09-09T03:13:11.0469447Z f4f69793eb55: Pulling fs layer
2026-09-09T03:13:11.0469983Z d4044243cab2: Pulling fs layer
2026-09-09T03:13:11.0470506Z 4f4fb700ef54: Pulling fs layer
2026-09-09T03:13:11.0470999Z f4dd325b0baf: Pulling fs layer
2026-09-09T03:13:11.0471471Z d4044243cab2: Waiting
2026-09-09T03:13:11.0471903Z 4f4fb700ef54: Waiting
2026-09-09T03:13:11.0472320Z f4dd325b0baf: Waiting
2026-09-09T03:13:11.0472751Z f4f69793eb55: Waiting
2026-09-09T03:13:11.2205419Z 3f4e1fadfed1: Verifying Checksum
2026-09-09T03:13:11.2218474Z 3f4e1fadfed1: Download complete
2026-09-09T03:13:11.2219495Z 4c75d4fe7471: Verifying Checksum
2026-09-09T03:13:11.2220282Z 4c75d4fe7471: Download complete
2026-09-09T03:13:11.3034667Z a8ac7f6c67ab: Verifying Checksum
2026-09-09T03:13:11.3036759Z a8ac7f6c67ab: Download complete
2026-09-09T03:13:11.3885326Z d4044243cab2: Verifying Checksum
2026-09-09T03:13:11.3894123Z d4044243cab2: Download complete
2026-09-09T03:13:11.4444174Z f4f69793eb55: Verifying Checksum
2026-09-09T03:13:11.4447331Z f4f69793eb55: Download complete
2026-09-09T03:13:11.4813937Z 4f4fb700ef54: Verifying Checksum
2026-09-09T03:13:11.4816734Z 4f4fb700ef54: Download complete
2026-09-09T03:13:11.5562716Z f4dd325b0baf: Verifying Checksum
2026-09-09T03:13:11.5564156Z f4dd325b0baf: Download complete
2026-09-09T03:13:12.2566405Z a8ac7f6c67ab: Pull complete
2026-09-09T03:13:12.5041804Z 3f4e1fadfed1: Pull complete
2026-09-09T03:13:12.5154026Z 4c75d4fe7471: Pull complete
2026-09-09T03:13:12.7688577Z f4f69793eb55: Pull complete
2026-09-09T03:13:12.7773599Z d4044243cab2: Pull complete
2026-09-09T03:13:12.7967251Z 4f4fb700ef54: Pull complete
2026-09-09T03:13:12.8034942Z f4dd325b0baf: Pull complete
2026-09-09T03:13:12.8066562Z Digest: sha256:71da9275c5f3fcb97d0fa0c8c5b36cc995327265420f17a04bfd544f458059f7
2026-09-09T03:13:12.8075833Z Status: Downloaded newer image for redis:7.4
2026-09-09T03:13:12.8087552Z docker.io/library/redis:7.4
2026-09-09T03:13:12.8104672Z ##[command]/usr/bin/docker create --name e9e5f45bbe95444b9573259cee65baa4_redis74_cb2be4 --label 662052 --network github_network_602266d83a264c86923efa6e4f1b1322 --network-alias redis -p 6379:6379 --health-cmd="redis-cli ping" --health-interval=5s --health-timeout=5s --health-retries=20 -e GITHUB_ACTIONS=true -e CI=true redis:7.4
2026-09-09T03:13:12.8315947Z a58a8c977af39f037ac45263d6cd6a59c49136b43c2288b044a8dcf9833bbaea
2026-09-09T03:13:12.8328307Z ##[command]/usr/bin/docker start a58a8c977af39f037ac45263d6cd6a59c49136b43c2288b044a8dcf9833bbaea
2026-09-09T03:13:12.9841171Z a58a8c977af39f037ac45263d6cd6a59c49136b43c2288b044a8dcf9833bbaea
2026-09-09T03:13:12.9849327Z ##[command]/usr/bin/docker ps --all --filter id=a58a8c977af39f037ac45263d6cd6a59c49136b43c2288b044a8dcf9833bbaea --filter status=running --no-trunc --format "{{.ID}} {{.Status}}"
2026-09-09T03:13:13.0043559Z a58a8c977af39f037ac45263d6cd6a59c49136b43c2288b044a8dcf9833bbaea Up Less than a second (health: starting)
2026-09-09T03:13:13.0055576Z ##[command]/usr/bin/docker port a58a8c977af39f037ac45263d6cd6a59c49136b43c2288b044a8dcf9833bbaea
2026-09-09T03:13:13.0185140Z 6379/tcp -> 0.0.0.0:6379
2026-09-09T03:13:13.0185643Z 6379/tcp -> [::]:6379
2026-09-09T03:13:13.0197216Z ##[endgroup]
2026-09-09T03:13:13.0210058Z ##[group]Waiting for all services to be ready
2026-09-09T03:13:13.0224114Z ##[command]/usr/bin/docker inspect --format="{{if .Config.Healthcheck}}{{print .State.Health.Status}}{{end}}" 44e160dfc2d9d5138d2b0fbcdfbd9c1e24144a63af8d0b7bbe8ea88b7c1633d8
2026-09-09T03:13:13.0355972Z starting
2026-09-09T03:13:13.0373351Z postgres service is starting, waiting 2 seconds before checking again.
2026-09-09T03:13:15.0375224Z ##[command]/usr/bin/docker inspect --format="{{if .Config.Healthcheck}}{{print .State.Health.Status}}{{end}}" 44e160dfc2d9d5138d2b0fbcdfbd9c1e24144a63af8d0b7bbe8ea88b7c1633d8
2026-09-09T03:13:15.0598375Z starting
2026-09-09T03:13:15.0603333Z postgres service is starting, waiting 3 seconds before checking again.
2026-09-09T03:13:18.7045227Z ##[command]/usr/bin/docker inspect --format="{{if .Config.Healthcheck}}{{print .State.Health.Status}}{{end}}" 44e160dfc2d9d5138d2b0fbcdfbd9c1e24144a63af8d0b7bbe8ea88b7c1633d8
2026-09-09T03:13:18.7195503Z healthy
2026-09-09T03:13:18.7210128Z postgres service is healthy.
2026-09-09T03:13:18.7210983Z ##[command]/usr/bin/docker inspect --format="{{if .Config.Healthcheck}}{{print .State.Health.Status}}{{end}}" a58a8c977af39f037ac45263d6cd6a59c49136b43c2288b044a8dcf9833bbaea
2026-09-09T03:13:18.7341928Z healthy
2026-09-09T03:13:18.7351977Z redis service is healthy.
2026-09-09T03:13:18.7352618Z ##[endgroup]
2026-09-09T03:13:18.7626323Z Node 20 is being deprecated. This workflow is running with Node 24 by default. If you need to temporarily use Node 20, you can set the ACTIONS_ALLOW_USE_UNSECURE_NODE_VERSION=true environment variable. For more information see: https://github.blog/changelog/2025-09-19-deprecation-of-node-20-on-github-actions-runners/
2026-09-09T03:13:18.7634368Z ##[group]Run actions/checkout@v4
2026-09-09T03:13:18.7634803Z with:
2026-09-09T03:13:18.7635056Z   persist-credentials: false
2026-09-09T03:13:18.7635375Z   repository: yuguangzhi3836-glitch/GO
2026-09-09T03:13:18.7638183Z   token: ***
2026-09-09T03:13:18.7638401Z   ssh-strict: true
2026-09-09T03:13:18.7638619Z   ssh-user: git
2026-09-09T03:13:18.7638823Z   clean: true
2026-09-09T03:13:18.7639036Z   sparse-checkout-cone-mode: true
2026-09-09T03:13:18.7639554Z   fetch-depth: 1
2026-09-09T03:13:18.7639755Z   fetch-tags: false
2026-09-09T03:13:18.7639965Z   show-progress: true
2026-09-09T03:13:18.7640181Z   lfs: false
2026-09-09T03:13:18.7640422Z   submodules: false
2026-09-09T03:13:18.7640625Z   set-safe-directory: true
2026-09-09T03:13:18.7640864Z   allow-unsafe-pr-checkout: false
2026-09-09T03:13:18.7641348Z env:
2026-09-09T03:13:18.7641678Z   POSTGRES_TEST_DATABASE_URL: postgresql+psycopg://go@localhost:5432/go
2026-09-09T03:13:18.7642066Z   PGPASSWORD: go-disposable-ci-only
2026-09-09T03:13:18.7642350Z   REDIS_URL: redis://localhost:6379/0
2026-09-09T03:13:18.7642870Z   DEPTH24_DELTA_PATH: deliverables/CP11_DEPTH24_RUNTIME_CANDIDATE_20260909/GO_CP11_DEPTH_24_UNPAID_EXPIRY_DELTA_20260909.zip
2026-09-09T03:13:18.7643528Z   DEPTH24_DELTA_SHA256: ee71bc8257f75dee49aa77f33816cfb4d07fd45af1fba85e51b4faf6a7f0b03c
2026-09-09T03:13:18.7643939Z ##[endgroup]
2026-09-09T03:13:18.8802946Z Syncing repository: yuguangzhi3836-glitch/GO
2026-09-09T03:13:18.8805130Z ##[group]Getting Git version info
2026-09-09T03:13:18.8805737Z Working directory is '/home/runner/work/GO/GO'
2026-09-09T03:13:18.8806618Z [command]/usr/bin/git version
2026-09-09T03:13:18.8878572Z git version 2.55.0
2026-09-09T03:13:18.8971222Z ##[endgroup]
2026-09-09T03:13:18.9005306Z Temporarily overriding HOME='/home/runner/work/_temp/b7d35a77-5625-4d2a-b81c-540bcd9299c2' before making global git config changes
2026-09-09T03:13:18.9020061Z Adding repository directory to the temporary git global config as a safe directory
2026-09-09T03:13:18.9026812Z [command]/usr/bin/git config --global --add safe.directory /home/runner/work/GO/GO
2026-09-09T03:13:18.9028900Z Deleting the contents of '/home/runner/work/GO/GO'
2026-09-09T03:13:18.9030356Z ##[group]Initializing the repository
2026-09-09T03:13:18.9031077Z [command]/usr/bin/git init /home/runner/work/GO/GO
2026-09-09T03:13:18.9151772Z hint: Using 'master' as the name for the initial branch. This default branch name
2026-09-09T03:13:18.9169240Z hint: will change to "main" in Git 3.0. To configure the initial branch name
2026-09-09T03:13:18.9173506Z hint: to use in all of your new repositories, which will suppress this warning,
2026-09-09T03:13:18.9174417Z hint: call:
2026-09-09T03:13:18.9174890Z hint:
2026-09-09T03:13:18.9175476Z hint: 	git config --global init.defaultBranch <name>
2026-09-09T03:13:18.9176074Z hint:
2026-09-09T03:13:18.9176580Z hint: Names commonly chosen instead of 'master' are 'main', 'trunk' and
2026-09-09T03:13:18.9177410Z hint: 'development'. The just-created branch can be renamed via this command:
2026-09-09T03:13:18.9178064Z hint:
2026-09-09T03:13:18.9178364Z hint: 	git branch -m <name>
2026-09-09T03:13:18.9178592Z hint:
2026-09-09T03:13:18.9178903Z hint: Disable this message with "git config set advice.defaultBranchName false"
2026-09-09T03:13:18.9179707Z Initialized empty Git repository in /home/runner/work/GO/GO/.git/
2026-09-09T03:13:18.9181144Z [command]/usr/bin/git remote add origin https://github.com/yuguangzhi3836-glitch/GO
2026-09-09T03:13:18.9230241Z ##[endgroup]
2026-09-09T03:13:18.9231196Z ##[group]Disabling automatic garbage collection
2026-09-09T03:13:18.9232069Z [command]/usr/bin/git config --local gc.auto 0
2026-09-09T03:13:18.9302620Z ##[endgroup]
2026-09-09T03:13:18.9303571Z ##[group]Setting up auth
2026-09-09T03:13:18.9304566Z [command]/usr/bin/git config --local --name-only --get-regexp core\.sshCommand
2026-09-09T03:13:18.9371585Z [command]/usr/bin/git submodule foreach --recursive sh -c "git config --local --name-only --get-regexp 'core\.sshCommand' && git config --local --unset-all 'core.sshCommand' || :"
2026-09-09T03:13:18.9829627Z [command]/usr/bin/git config --local --name-only --get-regexp http\.https\:\/\/github\.com\/\.extraheader
2026-09-09T03:13:18.9873625Z [command]/usr/bin/git submodule foreach --recursive sh -c "git config --local --name-only --get-regexp 'http\.https\:\/\/github\.com\/\.extraheader' && git config --local --unset-all 'http.https://github.com/.extraheader' || :"
2026-09-09T03:13:19.0161946Z [command]/usr/bin/git config --local --name-only --get-regexp ^includeIf\.gitdir:
2026-09-09T03:13:19.0196155Z [command]/usr/bin/git submodule foreach --recursive git config --local --show-origin --name-only --get-regexp remote.origin.url
2026-09-09T03:13:19.0387100Z [command]/usr/bin/git config --local http.https://github.com/.extraheader AUTHORIZATION: basic ***
2026-09-09T03:13:19.0419749Z ##[endgroup]
2026-09-09T03:13:19.0420458Z ##[group]Fetching the repository
2026-09-09T03:13:19.0429967Z [command]/usr/bin/git -c protocol.version=2 fetch --no-tags --prune --no-recurse-submodules --depth=1 origin +26192b66b8f77101a56ee554cb6b68d2486435b2:refs/remotes/origin/acceptance/cp11-depth25-runtime
2026-09-09T03:13:28.3551081Z From https://github.com/yuguangzhi3836-glitch/GO
2026-09-09T03:13:28.3552302Z  * [new ref]         26192b66b8f77101a56ee554cb6b68d2486435b2 -> origin/acceptance/cp11-depth25-runtime
2026-09-09T03:13:28.3555130Z ##[endgroup]
2026-09-09T03:13:28.3555836Z ##[group]Determining the checkout info
2026-09-09T03:13:28.3558146Z ##[endgroup]
2026-09-09T03:13:28.3565753Z [command]/usr/bin/git sparse-checkout disable
2026-09-09T03:13:28.3608194Z [command]/usr/bin/git config --local --unset-all extensions.worktreeConfig
2026-09-09T03:13:28.3643017Z ##[group]Checking out the ref
2026-09-09T03:13:28.3660788Z [command]/usr/bin/git checkout --progress --force -B acceptance/cp11-depth25-runtime refs/remotes/origin/acceptance/cp11-depth25-runtime
2026-09-09T03:13:28.5875672Z Switched to a new branch 'acceptance/cp11-depth25-runtime'
2026-09-09T03:13:28.5891898Z branch 'acceptance/cp11-depth25-runtime' set up to track 'origin/acceptance/cp11-depth25-runtime'.
2026-09-09T03:13:28.5905155Z ##[endgroup]
2026-09-09T03:13:28.6009786Z [command]/usr/bin/git log -1 --format=%H
2026-09-09T03:13:28.6029786Z 26192b66b8f77101a56ee554cb6b68d2486435b2
2026-09-09T03:13:28.6031161Z ##[group]Removing auth
2026-09-09T03:13:28.6035670Z [command]/usr/bin/git config --local --name-only --get-regexp core\.sshCommand
2026-09-09T03:13:28.6120455Z [command]/usr/bin/git submodule foreach --recursive sh -c "git config --local --name-only --get-regexp 'core\.sshCommand' && git config --local --unset-all 'core.sshCommand' || :"
2026-09-09T03:13:28.6321170Z [command]/usr/bin/git config --local --name-only --get-regexp http\.https\:\/\/github\.com\/\.extraheader
2026-09-09T03:13:28.6337801Z http.https://github.com/.extraheader
2026-09-09T03:13:28.6345985Z [command]/usr/bin/git config --local --unset-all http.https://github.com/.extraheader
2026-09-09T03:13:28.6385014Z [command]/usr/bin/git submodule foreach --recursive sh -c "git config --local --name-only --get-regexp 'http\.https\:\/\/github\.com\/\.extraheader' && git config --local --unset-all 'http.https://github.com/.extraheader' || :"
2026-09-09T03:13:28.6575580Z [command]/usr/bin/git config --local --name-only --get-regexp ^includeIf\.gitdir:
2026-09-09T03:13:28.6620913Z [command]/usr/bin/git submodule foreach --recursive git config --local --show-origin --name-only --get-regexp remote.origin.url
2026-09-09T03:13:28.6862406Z ##[endgroup]
2026-09-09T03:13:28.7075616Z Node 20 is being deprecated. This workflow is running with Node 24 by default. If you need to temporarily use Node 20, you can set the ACTIONS_ALLOW_USE_UNSECURE_NODE_VERSION=true environment variable. For more information see: https://github.blog/changelog/2025-09-19-deprecation-of-node-20-on-github-actions-runners/
2026-09-09T03:13:28.7077131Z ##[group]Run actions/setup-python@v5
2026-09-09T03:13:28.7077402Z with:
2026-09-09T03:13:28.7077625Z   python-version: 3.13.5
2026-09-09T03:13:28.7077860Z   check-latest: false
2026-09-09T03:13:28.7080445Z   token: ***
2026-09-09T03:13:28.7080653Z   update-environment: true
2026-09-09T03:13:28.7080899Z   allow-prereleases: false
2026-09-09T03:13:28.7081133Z   freethreaded: false
2026-09-09T03:13:28.7081343Z env:
2026-09-09T03:13:28.7081647Z   POSTGRES_TEST_DATABASE_URL: postgresql+psycopg://go@localhost:5432/go
2026-09-09T03:13:28.7082034Z   PGPASSWORD: go-disposable-ci-only
2026-09-09T03:13:28.7082354Z   REDIS_URL: redis://localhost:6379/0
2026-09-09T03:13:28.7082868Z   DEPTH24_DELTA_PATH: deliverables/CP11_DEPTH24_RUNTIME_CANDIDATE_20260909/GO_CP11_DEPTH_24_UNPAID_EXPIRY_DELTA_20260909.zip
2026-09-09T03:13:28.7083537Z   DEPTH24_DELTA_SHA256: ee71bc8257f75dee49aa77f33816cfb4d07fd45af1fba85e51b4faf6a7f0b03c
2026-09-09T03:13:28.7083957Z ##[endgroup]
2026-09-09T03:13:28.8464259Z ##[group]Installed versions
2026-09-09T03:13:28.8480739Z Version 3.13.5 was not found in the local cache
2026-09-09T03:13:28.8579634Z (node:2545) [DEP0040] DeprecationWarning: The `punycode` module is deprecated. Please use a userland alternative instead.
2026-09-09T03:13:28.8740019Z (Use `node --trace-deprecation ...` to show where the warning was created)
2026-09-09T03:13:29.8570484Z Version 3.13.5 is available for downloading
2026-09-09T03:13:29.8571604Z Download from "https://github.com/actions/python-versions/releases/download/3.13.5-15601068749/python-3.13.5-linux-22.04-x64.tar.gz"
2026-09-09T03:13:31.5609412Z Extract downloaded archive
2026-09-09T03:13:31.5754598Z [command]/usr/bin/tar xz --warning=no-unknown-keyword --overwrite -C /home/runner/work/_temp/0204f876-b6a0-4096-850b-a31755fa7682 -f /home/runner/work/_temp/af32b5a4-76c9-4c7d-a2c3-fd0905d750cc
2026-09-09T03:13:33.8266675Z Execute installation script
2026-09-09T03:13:33.8365941Z Check if Python hostedtoolcache folder exist...
2026-09-09T03:13:33.8366554Z Create Python 3.13.5 folder
2026-09-09T03:13:33.8375849Z Copy Python binaries to hostedtoolcache folder
2026-09-09T03:13:34.1815824Z Create additional symlinks (Required for the UsePythonVersion Azure Pipelines task and the setup-python GitHub Action)
2026-09-09T03:13:34.1861850Z Upgrading pip...
2026-09-09T03:13:36.9450351Z Looking in links: /tmp/tmpome2vsuz
2026-09-09T03:13:36.9451712Z Requirement already satisfied: pip in /opt/hostedtoolcache/Python/3.13.5/x64/lib/python3.13/site-packages (25.1.1)
2026-09-09T03:13:37.9688224Z Collecting pip
2026-09-09T03:13:38.0041047Z Downloading pip-26.2.1-py3-none-any.whl.metadata (4.6 kB)
2026-09-09T03:13:38.0206751Z Downloading pip-26.2.1-py3-none-any.whl (1.8 MB)
2026-09-09T03:13:38.0720918Z ━━━━━━━━━━━━━━━━━━━━━━━━━━━━━━━━━━━━━━━━ 1.8/1.8 MB 61.6 MB/s eta 0:00:00
2026-09-09T03:13:38.0722202Z 
2026-09-09T03:13:38.0900351Z Installing collected packages: pip
2026-09-09T03:13:38.0902800Z Attempting uninstall: pip
2026-09-09T03:13:38.0932637Z Found existing installation: pip 25.1.1
2026-09-09T03:13:38.1219465Z Uninstalling pip-25.1.1:
2026-09-09T03:13:38.1268581Z Successfully uninstalled pip-25.1.1
2026-09-09T03:13:38.9822047Z Successfully installed pip-26.2.1
2026-09-09T03:13:39.0390631Z Create complete file
2026-09-09T03:13:39.0430147Z Successfully set up CPython (3.13.5)
2026-09-09T03:13:39.0431749Z ##[endgroup]
2026-09-09T03:13:39.0606868Z Node 20 is being deprecated. This workflow is running with Node 24 by default. If you need to temporarily use Node 20, you can set the ACTIONS_ALLOW_USE_UNSECURE_NODE_VERSION=true environment variable. For more information see: https://github.blog/changelog/2025-09-19-deprecation-of-node-20-on-github-actions-runners/
2026-09-09T03:13:39.0608040Z ##[group]Run actions/setup-node@v4
2026-09-09T03:13:39.0608289Z with:
2026-09-09T03:13:39.0608484Z   node-version: 22.22.0
2026-09-09T03:13:39.0608705Z   always-auth: false
2026-09-09T03:13:39.0608917Z   check-latest: false
2026-09-09T03:13:39.0611399Z   token: ***
2026-09-09T03:13:39.0611596Z env:
2026-09-09T03:13:39.0611910Z   POSTGRES_TEST_DATABASE_URL: postgresql+psycopg://go@localhost:5432/go
2026-09-09T03:13:39.0612327Z   PGPASSWORD: go-disposable-ci-only
2026-09-09T03:13:39.0612618Z   REDIS_URL: redis://localhost:6379/0
2026-09-09T03:13:39.0613194Z   DEPTH24_DELTA_PATH: deliverables/CP11_DEPTH24_RUNTIME_CANDIDATE_20260909/GO_CP11_DEPTH_24_UNPAID_EXPIRY_DELTA_20260909.zip
2026-09-09T03:13:39.0613855Z   DEPTH24_DELTA_SHA256: ee71bc8257f75dee49aa77f33816cfb4d07fd45af1fba85e51b4faf6a7f0b03c
2026-09-09T03:13:39.0614323Z   pythonLocation: /opt/hostedtoolcache/Python/3.13.5/x64
2026-09-09T03:13:39.0614746Z   PKG_CONFIG_PATH: /opt/hostedtoolcache/Python/3.13.5/x64/lib/pkgconfig
2026-09-09T03:13:39.0615146Z   Python_ROOT_DIR: /opt/hostedtoolcache/Python/3.13.5/x64
2026-09-09T03:13:39.0615498Z   Python2_ROOT_DIR: /opt/hostedtoolcache/Python/3.13.5/x64
2026-09-09T03:13:39.0615857Z   Python3_ROOT_DIR: /opt/hostedtoolcache/Python/3.13.5/x64
2026-09-09T03:13:39.0616211Z   LD_LIBRARY_PATH: /opt/hostedtoolcache/Python/3.13.5/x64/lib
2026-09-09T03:13:39.0616508Z ##[endgroup]
2026-09-09T03:13:39.2249906Z Attempting to download 22.22.0...
2026-09-09T03:13:39.2385132Z (node:2674) [DEP0040] DeprecationWarning: The `punycode` module is deprecated. Please use a userland alternative instead.
2026-09-09T03:13:39.2411279Z (Use `node --trace-deprecation ...` to show where the warning was created)
2026-09-09T03:13:40.1520607Z Acquiring 22.22.0 - x64 from https://github.com/actions/node-versions/releases/download/22.22.0-20981702931/node-22.22.0-linux-x64.tar.gz
2026-09-09T03:13:40.8065270Z Extracting ...
2026-09-09T03:13:40.8171272Z [command]/usr/bin/tar xz --strip 1 --warning=no-unknown-keyword --overwrite -C /home/runner/work/_temp/90063d6b-547a-444a-86f3-1c45869d2792 -f /home/runner/work/_temp/a522b5ad-28ef-4c6c-8422-998f01a1d0fd
2026-09-09T03:13:42.0519419Z Adding to the cache ...
2026-09-09T03:13:43.8835339Z ##[group]Environment details
2026-09-09T03:13:44.1450575Z node: v22.22.0
2026-09-09T03:13:44.1451293Z npm: 10.9.4
2026-09-09T03:13:44.1451714Z yarn: 1.22.22
2026-09-09T03:13:44.1452472Z ##[endgroup]
2026-09-09T03:13:44.1586318Z ##[group]Run python ci/materialize_depth24.py
2026-09-09T03:13:44.1586803Z [36;1mpython ci/materialize_depth24.py[0m
2026-09-09T03:13:44.1642361Z shell: /usr/bin/bash -e {0}
2026-09-09T03:13:44.1642627Z env:
2026-09-09T03:13:44.1642967Z   POSTGRES_TEST_DATABASE_URL: postgresql+psycopg://go@localhost:5432/go
2026-09-09T03:13:44.1643367Z   PGPASSWORD: go-disposable-ci-only
2026-09-09T03:13:44.1643644Z   REDIS_URL: redis://localhost:6379/0
2026-09-09T03:13:44.1644157Z   DEPTH24_DELTA_PATH: deliverables/CP11_DEPTH24_RUNTIME_CANDIDATE_20260909/GO_CP11_DEPTH_24_UNPAID_EXPIRY_DELTA_20260909.zip
2026-09-09T03:13:44.1644825Z   DEPTH24_DELTA_SHA256: ee71bc8257f75dee49aa77f33816cfb4d07fd45af1fba85e51b4faf6a7f0b03c
2026-09-09T03:13:44.1645312Z   pythonLocation: /opt/hostedtoolcache/Python/3.13.5/x64
2026-09-09T03:13:44.1645701Z   PKG_CONFIG_PATH: /opt/hostedtoolcache/Python/3.13.5/x64/lib/pkgconfig
2026-09-09T03:13:44.1646092Z   Python_ROOT_DIR: /opt/hostedtoolcache/Python/3.13.5/x64
2026-09-09T03:13:44.1646502Z   Python2_ROOT_DIR: /opt/hostedtoolcache/Python/3.13.5/x64
2026-09-09T03:13:44.1646876Z   Python3_ROOT_DIR: /opt/hostedtoolcache/Python/3.13.5/x64
2026-09-09T03:13:44.1647232Z   LD_LIBRARY_PATH: /opt/hostedtoolcache/Python/3.13.5/x64/lib
2026-09-09T03:13:44.1647536Z ##[endgroup]
2026-09-09T03:13:45.2518885Z Immutable source and frozen dependency wheelhouse verified
2026-09-09T03:13:45.2648856Z ##[group]Run python ci/apply_depth25_overlay.py
2026-09-09T03:13:45.2649830Z [36;1mpython ci/apply_depth25_overlay.py[0m
2026-09-09T03:13:45.2687464Z shell: /usr/bin/bash -e {0}
2026-09-09T03:13:45.2687732Z env:
2026-09-09T03:13:45.2688064Z   POSTGRES_TEST_DATABASE_URL: postgresql+psycopg://go@localhost:5432/go
2026-09-09T03:13:45.2688461Z   PGPASSWORD: go-disposable-ci-only
2026-09-09T03:13:45.2688744Z   REDIS_URL: redis://localhost:6379/0
2026-09-09T03:13:45.2689507Z   DEPTH24_DELTA_PATH: deliverables/CP11_DEPTH24_RUNTIME_CANDIDATE_20260909/GO_CP11_DEPTH_24_UNPAID_EXPIRY_DELTA_20260909.zip
2026-09-09T03:13:45.2690207Z   DEPTH24_DELTA_SHA256: ee71bc8257f75dee49aa77f33816cfb4d07fd45af1fba85e51b4faf6a7f0b03c
2026-09-09T03:13:45.2690692Z   pythonLocation: /opt/hostedtoolcache/Python/3.13.5/x64
2026-09-09T03:13:45.2691089Z   PKG_CONFIG_PATH: /opt/hostedtoolcache/Python/3.13.5/x64/lib/pkgconfig
2026-09-09T03:13:45.2691484Z   Python_ROOT_DIR: /opt/hostedtoolcache/Python/3.13.5/x64
2026-09-09T03:13:45.2691895Z   Python2_ROOT_DIR: /opt/hostedtoolcache/Python/3.13.5/x64
2026-09-09T03:13:45.2692251Z   Python3_ROOT_DIR: /opt/hostedtoolcache/Python/3.13.5/x64
2026-09-09T03:13:45.2692606Z   LD_LIBRARY_PATH: /opt/hostedtoolcache/Python/3.13.5/x64/lib
2026-09-09T03:13:45.2692911Z ##[endgroup]
2026-09-09T03:13:45.3237690Z DEPTH25 schema and UTC response delta verified
2026-09-09T03:13:45.3305041Z ##[group]Run python -m pip install --no-index --find-links dependencies/wheelhouse -r source/gate_runtime/requirements.lock
2026-09-09T03:13:45.3305850Z [36;1mpython -m pip install --no-index --find-links dependencies/wheelhouse -r source/gate_runtime/requirements.lock[0m
2026-09-09T03:13:45.3344396Z shell: /usr/bin/bash -e {0}
2026-09-09T03:13:45.3344658Z env:
2026-09-09T03:13:45.3344999Z   POSTGRES_TEST_DATABASE_URL: postgresql+psycopg://go@localhost:5432/go
2026-09-09T03:13:45.3345394Z   PGPASSWORD: go-disposable-ci-only
2026-09-09T03:13:45.3345677Z   REDIS_URL: redis://localhost:6379/0
2026-09-09T03:13:45.3346201Z   DEPTH24_DELTA_PATH: deliverables/CP11_DEPTH24_RUNTIME_CANDIDATE_20260909/GO_CP11_DEPTH_24_UNPAID_EXPIRY_DELTA_20260909.zip
2026-09-09T03:13:45.3346867Z   DEPTH24_DELTA_SHA256: ee71bc8257f75dee49aa77f33816cfb4d07fd45af1fba85e51b4faf6a7f0b03c
2026-09-09T03:13:45.3347348Z   pythonLocation: /opt/hostedtoolcache/Python/3.13.5/x64
2026-09-09T03:13:45.3347806Z   PKG_CONFIG_PATH: /opt/hostedtoolcache/Python/3.13.5/x64/lib/pkgconfig
2026-09-09T03:13:45.3348203Z   Python_ROOT_DIR: /opt/hostedtoolcache/Python/3.13.5/x64
2026-09-09T03:13:45.3348555Z   Python2_ROOT_DIR: /opt/hostedtoolcache/Python/3.13.5/x64
2026-09-09T03:13:45.3348911Z   Python3_ROOT_DIR: /opt/hostedtoolcache/Python/3.13.5/x64
2026-09-09T03:13:45.3349677Z   LD_LIBRARY_PATH: /opt/hostedtoolcache/Python/3.13.5/x64/lib
2026-09-09T03:13:45.3349996Z ##[endgroup]
2026-09-09T03:13:45.7618216Z Looking in links: dependencies/wheelhouse
2026-09-09T03:13:45.7791177Z Processing ./dependencies/wheelhouse/alembic-1.16.5-py3-none-any.whl (from -r source/gate_runtime/requirements.lock (line 1))
2026-09-09T03:13:45.7861123Z Processing ./dependencies/wheelhouse/annotated_doc-0.0.4-py3-none-any.whl (from -r source/gate_runtime/requirements.lock (line 2))
2026-09-09T03:13:45.7910940Z Processing ./dependencies/wheelhouse/annotated_types-0.7.0-py3-none-any.whl (from -r source/gate_runtime/requirements.lock (line 3))
2026-09-09T03:13:45.7960840Z Processing ./dependencies/wheelhouse/anyio-4.13.0-py3-none-any.whl (from -r source/gate_runtime/requirements.lock (line 4))
2026-09-09T03:13:45.8030804Z Processing ./dependencies/wheelhouse/certifi-2026.5.20-py3-none-any.whl (from -r source/gate_runtime/requirements.lock (line 5))
2026-09-09T03:13:45.8072408Z Processing ./dependencies/wheelhouse/cffi-2.0.0-cp313-cp313-manylinux_2_17_x86_64.whl (from -r source/gate_runtime/requirements.lock (line 6))
2026-09-09T03:13:45.8130751Z Processing ./dependencies/wheelhouse/click-8.5.0-py3-none-any.whl (from -r source/gate_runtime/requirements.lock (line 7))
2026-09-09T03:13:45.8171308Z Processing ./dependencies/wheelhouse/cryptography-46.0.4-cp311-abi3-manylinux_2_34_x86_64.whl (from -r source/gate_runtime/requirements.lock (line 8))
2026-09-09T03:13:45.8280917Z Processing ./dependencies/wheelhouse/fastapi-0.128.2-py3-none-any.whl (from -r source/gate_runtime/requirements.lock (line 9))
2026-09-09T03:13:45.8349403Z Processing ./dependencies/wheelhouse/greenlet-3.5.1-cp313-cp313-manylinux_2_24_x86_64.whl (from -r source/gate_runtime/requirements.lock (line 10))
2026-09-09T03:13:45.8390765Z Processing ./dependencies/wheelhouse/h11-0.16.0-py3-none-any.whl (from -r source/gate_runtime/requirements.lock (line 11))
2026-09-09T03:13:45.8418996Z Processing ./dependencies/wheelhouse/httpcore-1.0.9-py3-none-any.whl (from -r source/gate_runtime/requirements.lock (line 12))
2026-09-09T03:13:45.8459859Z Processing ./dependencies/wheelhouse/httpx-0.28.1-py3-none-any.whl (from -r source/gate_runtime/requirements.lock (line 13))
2026-09-09T03:13:45.8520675Z Processing ./dependencies/wheelhouse/idna-3.17-py3-none-any.whl (from -r source/gate_runtime/requirements.lock (line 14))
2026-09-09T03:13:45.8555539Z Processing ./dependencies/wheelhouse/iniconfig-2.3.0-py3-none-any.whl (from -r source/gate_runtime/requirements.lock (line 15))
2026-09-09T03:13:45.8595701Z Processing ./dependencies/wheelhouse/mako-1.3.10-py3-none-any.whl (from -r source/gate_runtime/requirements.lock (line 16))
2026-09-09T03:13:45.8661171Z Processing ./dependencies/wheelhouse/markupsafe-3.0.3-cp313-cp313-manylinux2014_x86_64.manylinux_2_17_x86_64.manylinux_2_28_x86_64.whl (from -r source/gate_runtime/requirements.lock (line 17))
2026-09-09T03:13:45.8700619Z Processing ./dependencies/wheelhouse/packaging-25.0-py3-none-any.whl (from -r source/gate_runtime/requirements.lock (line 18))
2026-09-09T03:13:45.8745236Z Processing ./dependencies/wheelhouse/pillow-12.3.0-cp313-cp313-manylinux_2_27_x86_64.whl (from -r source/gate_runtime/requirements.lock (line 19))
2026-09-09T03:13:45.8863461Z Processing ./dependencies/wheelhouse/pluggy-1.6.0-py3-none-any.whl (from -r source/gate_runtime/requirements.lock (line 20))
2026-09-09T03:13:45.8903114Z Processing ./dependencies/wheelhouse/psycopg_binary-3.2.10-cp313-cp313-manylinux2014_x86_64.manylinux_2_17_x86_64.whl (from -r source/gate_runtime/requirements.lock (line 21))
2026-09-09T03:13:45.8972945Z Processing ./dependencies/wheelhouse/psycopg-3.2.10-py3-none-any.whl (from -r source/gate_runtime/requirements.lock (line 22))
2026-09-09T03:13:45.9029499Z Processing ./dependencies/wheelhouse/pycparser-3.0-py3-none-any.whl (from -r source/gate_runtime/requirements.lock (line 23))
2026-09-09T03:13:45.9057746Z Processing ./dependencies/wheelhouse/pydantic_settings-2.14.1-py3-none-any.whl (from -r source/gate_runtime/requirements.lock (line 24))
2026-09-09T03:13:45.9089959Z Processing ./dependencies/wheelhouse/pydantic-2.13.4-py3-none-any.whl (from -r source/gate_runtime/requirements.lock (line 25))
2026-09-09T03:13:45.9173441Z Processing ./dependencies/wheelhouse/pydantic_core-2.46.4-cp313-cp313-manylinux_2_17_x86_64.whl (from -r source/gate_runtime/requirements.lock (line 26))
2026-09-09T03:13:45.9228747Z Processing ./dependencies/wheelhouse/Pygments-2.20.0-py3-none-any.whl (from -r source/gate_runtime/requirements.lock (line 27))
2026-09-09T03:13:45.9333823Z Processing ./dependencies/wheelhouse/PyJWT-2.13.0-py3-none-any.whl (from -r source/gate_runtime/requirements.lock (line 28))
2026-09-09T03:13:45.9356138Z Processing ./dependencies/wheelhouse/pytest_asyncio-1.3.0-py3-none-any.whl (from -r source/gate_runtime/requirements.lock (line 29))
2026-09-09T03:13:45.9390598Z Processing ./dependencies/wheelhouse/pytest-9.0.2-py3-none-any.whl (from -r source/gate_runtime/requirements.lock (line 30))
2026-09-09T03:13:45.9446747Z Processing ./dependencies/wheelhouse/python_dotenv-1.2.2-py3-none-any.whl (from -r source/gate_runtime/requirements.lock (line 31))
2026-09-09T03:13:45.9485887Z Processing ./dependencies/wheelhouse/redis-5.2.1-py3-none-any.whl (from -r source/gate_runtime/requirements.lock (line 32))
2026-09-09T03:13:45.9522019Z Processing ./dependencies/wheelhouse/SQLAlchemy-2.0.50-cp313-cp313-manylinux_2_17_x86_64.whl (from -r source/gate_runtime/requirements.lock (line 33))
2026-09-09T03:13:45.9684889Z Processing ./dependencies/wheelhouse/starlette-0.50.0-py3-none-any.whl (from -r source/gate_runtime/requirements.lock (line 34))
2026-09-09T03:13:45.9721122Z Processing ./dependencies/wheelhouse/typing_inspection-0.4.2-py3-none-any.whl (from -r source/gate_runtime/requirements.lock (line 35))
2026-09-09T03:13:45.9745394Z Processing ./dependencies/wheelhouse/typing_extensions-4.16.0-py3-none-any.whl (from -r source/gate_runtime/requirements.lock (line 36))
2026-09-09T03:13:45.9960997Z Processing ./dependencies/wheelhouse/uvicorn-0.35.0-py3-none-any.whl (from -r source/gate_runtime/requirements.lock (line 37))
2026-09-09T03:13:46.1064730Z Installing collected packages: typing_extensions, redis, python-dotenv, PyJWT, Pygments, pycparser, psycopg-binary, psycopg, pluggy, Pillow, packaging, MarkupSafe, iniconfig, idna, h11, greenlet, click, certifi, annotated-types, annotated-doc, uvicorn, typing-inspection, SQLAlchemy, pytest, pydantic_core, Mako, httpcore, cffi, anyio, starlette, pytest-asyncio, pydantic, httpx, cryptography, alembic, pydantic-settings, fastapi
2026-09-09T03:13:51.0783198Z 
2026-09-09T03:13:51.0828766Z Successfully installed Mako-1.3.10 MarkupSafe-3.0.3 Pillow-12.3.0 PyJWT-2.13.0 Pygments-2.20.0 SQLAlchemy-2.0.50 alembic-1.16.5 annotated-doc-0.0.4 annotated-types-0.7.0 anyio-4.13.0 certifi-2026.5.20 cffi-2.0.0 click-8.5.0 cryptography-46.0.4 fastapi-0.128.2 greenlet-3.5.1 h11-0.16.0 httpcore-1.0.9 httpx-0.28.1 idna-3.17 iniconfig-2.3.0 packaging-25.0 pluggy-1.6.0 psycopg-3.2.10 psycopg-binary-3.2.10 pycparser-3.0 pydantic-2.13.4 pydantic-settings-2.14.1 pydantic_core-2.46.4 pytest-9.0.2 pytest-asyncio-1.3.0 python-dotenv-1.2.2 redis-5.2.1 starlette-0.50.0 typing-inspection-0.4.2 typing_extensions-4.16.0 uvicorn-0.35.0
2026-09-09T03:13:51.1482379Z ##[group]Run python -m alembic upgrade head
2026-09-09T03:13:51.1482714Z [36;1mpython -m alembic upgrade head[0m
2026-09-09T03:13:51.1520427Z shell: /usr/bin/bash -e {0}
2026-09-09T03:13:51.1520702Z env:
2026-09-09T03:13:51.1521030Z   POSTGRES_TEST_DATABASE_URL: postgresql+psycopg://go@localhost:5432/go
2026-09-09T03:13:51.1521425Z   PGPASSWORD: go-disposable-ci-only
2026-09-09T03:13:51.1521703Z   REDIS_URL: redis://localhost:6379/0
2026-09-09T03:13:51.1522222Z   DEPTH24_DELTA_PATH: deliverables/CP11_DEPTH24_RUNTIME_CANDIDATE_20260909/GO_CP11_DEPTH_24_UNPAID_EXPIRY_DELTA_20260909.zip
2026-09-09T03:13:51.1522885Z   DEPTH24_DELTA_SHA256: ee71bc8257f75dee49aa77f33816cfb4d07fd45af1fba85e51b4faf6a7f0b03c
2026-09-09T03:13:51.1523519Z   pythonLocation: /opt/hostedtoolcache/Python/3.13.5/x64
2026-09-09T03:13:51.1523911Z   PKG_CONFIG_PATH: /opt/hostedtoolcache/Python/3.13.5/x64/lib/pkgconfig
2026-09-09T03:13:51.1524305Z   Python_ROOT_DIR: /opt/hostedtoolcache/Python/3.13.5/x64
2026-09-09T03:13:51.1524707Z   Python2_ROOT_DIR: /opt/hostedtoolcache/Python/3.13.5/x64
2026-09-09T03:13:51.1525060Z   Python3_ROOT_DIR: /opt/hostedtoolcache/Python/3.13.5/x64
2026-09-09T03:13:51.1525415Z   LD_LIBRARY_PATH: /opt/hostedtoolcache/Python/3.13.5/x64/lib
2026-09-09T03:13:51.1525795Z   DATABASE_URL: postgresql+psycopg://go@localhost:5432/go
2026-09-09T03:13:51.1526104Z   PYTHONPATH: src
2026-09-09T03:13:51.1526300Z ##[endgroup]
2026-09-09T03:13:53.2941391Z INFO  [alembic.runtime.migration] Context impl PostgresqlImpl.
2026-09-09T03:13:53.2960789Z INFO  [alembic.runtime.migration] Will assume transactional DDL.
2026-09-09T03:13:53.4617919Z INFO  [alembic.runtime.migration] Running upgrade  -> 0001_sprint1d, Sprint 1D runtime persistence tables.
2026-09-09T03:13:53.4997340Z INFO  [alembic.runtime.migration] Running upgrade 0001_sprint1d -> 0002_sprint1e, Sprint 1E concurrency, saga recovery, outbox DLQ and webhook inbox.
2026-09-09T03:13:53.8449703Z INFO  [alembic.runtime.migration] Running upgrade 0002_sprint1e -> 0003_sprint1f, Sprint 1F connector framework, certification and reconciliation
2026-09-09T03:13:53.8459794Z Revision ID: 0003_sprint1f
2026-09-09T03:13:53.8460686Z Revises: 0002_sprint1e
2026-09-09T03:13:53.9046008Z INFO  [alembic.runtime.migration] Running upgrade 0003_sprint1f -> 0004_sprint1g, Sprint 1G first supplier identity mapping
2026-09-09T03:13:53.9649407Z INFO  [alembic.runtime.migration] Running upgrade 0004_sprint1g -> 0005_sprint1h, Sprint 1H supplier onboarding, credential vault metadata, property mapping and activation workflow.
2026-09-09T03:13:54.5927247Z INFO  [alembic.runtime.migration] Running upgrade 0005_sprint1h -> 0006_sprint1i, Sprint 1I traffic router, SLA scoring, routing audit
2026-09-09T03:13:54.7933927Z INFO  [alembic.runtime.migration] Running upgrade 0006_sprint1i -> 0007_sprint1j, sprint 1j multi-source dedup merge and drift
2026-09-09T03:13:54.7940201Z Revision ID: 0007_sprint1j
2026-09-09T03:13:54.7940881Z Revises: 0006_sprint1i
2026-09-09T03:13:56.0514785Z INFO  [alembic.runtime.migration] Running upgrade 0007_sprint1j -> 0008_sprint1k, Sprint 1K prebook revalidation and booking consistency
2026-09-09T03:13:56.0516314Z Revision ID: 0008_sprint1k
2026-09-09T03:13:56.0517025Z Revises: 0007_sprint1j
2026-09-09T03:13:56.0637810Z INFO  [alembic.runtime.migration] Running upgrade 0008_sprint1k -> 0009_sprint1l, Sprint 1L payment authorization/book/capture orchestration
2026-09-09T03:13:56.0711261Z INFO  [alembic.runtime.migration] Running upgrade 0009_sprint1l -> 0010_sprint1m, Sprint 1M persistent cancellation/refund/change/stay-credit runtime
2026-09-09T03:13:56.0991649Z INFO  [alembic.runtime.migration] Running upgrade 0010_sprint1m -> 0011_sprint1n, Sprint 1N supplier fault compensation and financial recovery runtime
2026-09-09T03:13:56.1219528Z INFO  [alembic.runtime.migration] Running upgrade 0011_sprint1n -> 0012_sprint1o, Sprint 1O GO Truth Quick Review, risk evidence and judgment hook runtime
2026-09-09T03:13:56.1493378Z INFO  [alembic.runtime.migration] Running upgrade 0012_sprint1o -> 0013_sprint1p, Sprint 1P GO Judgment runtime, GO Score, Recommendation and Evidence Package
2026-09-09T03:13:56.1640751Z INFO  [alembic.runtime.migration] Running upgrade 0013_sprint1p -> 0014_sprint1q, Sprint 1Q operational dashboard supplier identity and indexes.
2026-09-09T03:13:56.1753906Z INFO  [alembic.runtime.migration] Running upgrade 0014_sprint1q -> 0015_sprint1r, Sprint 1R identity RBAC tenant isolation approval audit
2026-09-09T03:13:56.2049662Z INFO  [alembic.runtime.migration] Running upgrade 0015_sprint1r -> 0016_sprint1u, Sprint 1U production BFF security hardening.
2026-09-09T03:13:56.2182180Z INFO  [alembic.runtime.migration] Running upgrade 0016_sprint1u -> 0017_sprint1v, Sprint 1V observability and incident control.
2026-09-09T03:13:56.2188991Z Revision ID: 0017_sprint1v
2026-09-09T03:13:56.2189509Z Revises: 0016_sprint1u
2026-09-09T03:13:56.2326951Z INFO  [alembic.runtime.migration] Running upgrade 0017_sprint1v -> 0018_sprint1y, Sprint 1Y consumer identity, GO ID, travelers and tokenized payment references.
2026-09-09T03:13:56.2329928Z Revision ID: 0018_sprint1y
2026-09-09T03:13:56.2330555Z Revises: 0017_sprint1v
2026-09-09T03:13:56.2545802Z INFO  [alembic.runtime.migration] Running upgrade 0018_sprint1y -> 0019_sprint1z, Sprint 1Z native mobile device and push registration runtime.
2026-09-09T03:13:56.2547127Z Revision ID: 0019_sprint1z
2026-09-09T03:13:56.2547661Z Revises: 0018_sprint1y
2026-09-09T03:13:56.2687543Z INFO  [alembic.runtime.migration] Running upgrade 0019_sprint1z -> 0020_sprint2a, Sprint 2A native consumer UI and push event orchestration.
2026-09-09T03:13:56.2690262Z Revision ID: 0020_sprint2a
2026-09-09T03:13:56.2690877Z Revises: 0019_sprint1z
2026-09-09T03:13:56.2799057Z INFO  [alembic.runtime.migration] Running upgrade 0020_sprint2a -> 0021_sprint2b, Sprint 2B real-device QA, push receipt lifecycle and mobile release hardening.
2026-09-09T03:13:56.2887387Z INFO  [alembic.runtime.migration] Running upgrade 0021_sprint2b -> 0022_sprint3a, Sprint 3A flight complete golden path.
2026-09-09T03:13:56.3006844Z INFO  [alembic.runtime.migration] Running upgrade 0022_sprint3a -> 0023_sprint3b, Sprint 3B rail complete golden path.
2026-09-09T03:13:56.3137949Z INFO  [alembic.runtime.migration] Running upgrade 0023_sprint3b -> 0024_sprint3c, Sprint 3C mobility: ride + rent-a-car.
2026-09-09T03:13:56.3139252Z Revision ID: 0024_sprint3c
2026-09-09T03:13:56.3139813Z Revises: 0023_sprint3b
2026-09-09T03:13:56.3218440Z INFO  [alembic.runtime.migration] Running upgrade 0024_sprint3c -> 0025_sprint3d, Sprint 3D attractions and experiences vertical
2026-09-09T03:13:56.3219821Z Revision ID: 0025_sprint3d
2026-09-09T03:13:56.3220354Z Revises: 0024_sprint3c
2026-09-09T03:13:56.3363049Z INFO  [alembic.runtime.migration] Running upgrade 0025_sprint3d -> 0026_sprint3e, Sprint 3E unified GO Trips and multi-vertical journey
2026-09-09T03:13:56.3364345Z Revision ID: 0026_sprint3e
2026-09-09T03:13:56.3364868Z Revises: 0025_sprint3d
2026-09-09T03:13:56.3533058Z INFO  [alembic.runtime.migration] Running upgrade 0026_sprint3e -> 0027_sprint3f, Sprint 3F journey intelligence and disruption orchestration
2026-09-09T03:13:56.3534444Z Revision ID: 0027_sprint3f
2026-09-09T03:13:56.3535053Z Revises: 0026_sprint3e
2026-09-09T03:13:56.3881533Z INFO  [alembic.runtime.migration] Running upgrade 0027_sprint3f -> 0028_sprint3g, Sprint 3G proactive journey recovery and option comparison
2026-09-09T03:13:56.3882976Z Revision ID: 0028_sprint3g
2026-09-09T03:13:56.3883522Z Revises: 0027_sprint3f
2026-09-09T03:13:56.4111151Z INFO  [alembic.runtime.migration] Running upgrade 0028_sprint3g -> 0029_sprint3h, Sprint 3H one-click recovery orchestrator and atomic user intent
2026-09-09T03:13:56.4112426Z Revision ID: 0029_sprint3h
2026-09-09T03:13:56.4112994Z Revises: 0028_sprint3g
2026-09-09T03:13:56.4430475Z INFO  [alembic.runtime.migration] Running upgrade 0029_sprint3h -> 0030_sprint3i, Sprint 3I durable recovery reconciliation and supplier adapter contract
2026-09-09T03:13:56.4432200Z Revision ID: 0030_sprint3i
2026-09-09T03:13:56.4433259Z Revises: 0029_sprint3h
2026-09-09T03:13:56.4803097Z INFO  [alembic.runtime.migration] Running upgrade 0030_sprint3i -> 0031_sprint3j, Sprint 3J recovery command ledger, supplier evidence chain and operational control plane
2026-09-09T03:13:56.4804591Z Revision ID: 0031_sprint3j
2026-09-09T03:13:56.4805140Z Revises: 0030_sprint3i
2026-09-09T03:13:56.5258242Z INFO  [alembic.runtime.migration] Running upgrade 0031_sprint3j -> 0032_sprint3k, Sprint 3K recovery SLA engine, escalation policy and human ops workflow
2026-09-09T03:13:56.5259782Z Revision ID: 0032_sprint3k
2026-09-09T03:13:56.5260304Z Revises: 0031_sprint3j
2026-09-09T03:13:56.6092274Z INFO  [alembic.runtime.migration] Running upgrade 0032_sprint3k -> 0033_sprint3l, Sprint 3L recovery incident intelligence and reliability memory
2026-09-09T03:13:56.6093910Z Revision ID: 0033_sprint3l
2026-09-09T03:13:56.6094431Z Revises: 0032_sprint3k
2026-09-09T03:13:56.6276711Z INFO  [alembic.runtime.migration] Running upgrade 0033_sprint3l -> 0034_sprint3m, Sprint 3M adaptive strategy governance
2026-09-09T03:13:56.6279267Z Revision ID: 0034_sprint3m
2026-09-09T03:13:56.6279902Z Revises: 0033_sprint3l
2026-09-09T03:13:56.6407788Z INFO  [alembic.runtime.migration] Running upgrade 0034_sprint3m -> 0035_sprint3n, Sprint 3N recovery experimentation and production calibration
2026-09-09T03:13:56.6409073Z Revision ID: 0035_sprint3n
2026-09-09T03:13:56.6409738Z Revises: 0034_sprint3m
2026-09-09T03:13:56.6741931Z INFO  [alembic.runtime.migration] Running upgrade 0035_sprint3n -> 0036_sprint3o, Sprint 3O production learning registry provenance benchmark governance
2026-09-09T03:13:56.6744477Z Revision ID: 0036_sprint3o
2026-09-09T03:13:56.6745198Z Revises: 0035_sprint3n
2026-09-09T03:13:56.7201920Z INFO  [alembic.runtime.migration] Running upgrade 0036_sprint3o -> 0037_sprint3p, Sprint 3P recovery data quality benchmark privacy learning kill switch
2026-09-09T03:13:56.7207124Z Revision ID: 0037_sprint3p
2026-09-09T03:13:56.7207691Z Revises: 0036_sprint3o
2026-09-09T03:13:56.7650784Z INFO  [alembic.runtime.migration] Running upgrade 0037_sprint3p -> 0038_sprint3q, Sprint 3Q recovery learning incident response safe rollback change control
2026-09-09T03:13:56.7652202Z Revision ID: 0038_sprint3q
2026-09-09T03:13:56.7652763Z Revises: 0037_sprint3p
2026-09-09T03:13:56.8099281Z INFO  [alembic.runtime.migration] Running upgrade 0038_sprint3q -> 0039_sprint3r, Sprint 3R recovery production release governance and environment promotion
2026-09-09T03:13:56.8105893Z Revision ID: 0039_sprint3r
2026-09-09T03:13:56.8106405Z Revises: 0038_sprint3q
2026-09-09T03:13:56.8675342Z INFO  [alembic.runtime.migration] Running upgrade 0039_sprint3r -> 0040_sprint3s, Sprint 3S runtime deployment attestation and health gate
2026-09-09T03:13:56.8680060Z Revision ID: 0040_sprint3s
2026-09-09T03:13:56.8680976Z Revises: 0039_sprint3r
2026-09-09T03:13:56.8971268Z INFO  [alembic.runtime.migration] Running upgrade 0040_sprint3s -> 0041_sprint3t, Sprint 3T runtime observability burn rate and release safety controller
2026-09-09T03:13:56.8972441Z Revision ID: 0041_sprint3t
2026-09-09T03:13:56.8972700Z Revises: 0040_sprint3s
2026-09-09T03:13:56.9308363Z INFO  [alembic.runtime.migration] Running upgrade 0041_sprint3t -> 0042_sprint3u, Sprint 3U runtime telemetry provenance multi-window SLO and incident correlation
2026-09-09T03:13:56.9315068Z Revision ID: 0042_sprint3u
2026-09-09T03:13:56.9315507Z Revises: 0041_sprint3t
2026-09-09T03:13:56.9687178Z INFO  [alembic.runtime.migration] Running upgrade 0042_sprint3u -> 0043_sprint3v, Sprint 3V telemetry trust chain signed runtime identity and automation policy
2026-09-09T03:13:56.9688682Z Revision ID: 0043_sprint3v
2026-09-09T03:13:56.9689413Z Revises: 0042_sprint3u
2026-09-09T03:13:57.0068806Z INFO  [alembic.runtime.migration] Running upgrade 0043_sprint3v -> 0044_sprint3w, Sprint 3W runtime identity rotation trust revocation and telemetry key lifecycle
2026-09-09T03:13:57.0070431Z Revision ID: 0044_sprint3w
2026-09-09T03:13:57.0071438Z Revises: 0043_sprint3v
2026-09-09T03:13:57.0530655Z INFO  [alembic.runtime.migration] Running upgrade 0044_sprint3w -> 0045_sprint3x, Sprint 3X runtime identity reissuance hardware trust attestation and credential recovery governance
2026-09-09T03:13:57.0532359Z Revision ID: 0045_sprint3x
2026-09-09T03:13:57.0533172Z Revises: 0044_sprint3w
2026-09-09T03:13:57.1134851Z INFO  [alembic.runtime.migration] Running upgrade 0045_sprint3x -> 0046_sprint3y, Sprint 3Y credential issuance authority attestation policy registry and hardware trust federation
2026-09-09T03:13:57.1136450Z Revision ID: 0046_sprint3y
2026-09-09T03:13:57.1137031Z Revises: 0045_sprint3x
2026-09-09T03:13:57.1935160Z INFO  [alembic.runtime.migration] Running upgrade 0046_sprint3y -> 0047_sprint3z, Sprint 3Z certificate transparency, status distribution and federated trust enforcement.
2026-09-09T03:13:57.2177685Z INFO  [alembic.runtime.migration] Running upgrade 0047_sprint3z -> 0048_sprint4a, Sprint 4A Merkle transparency, external witness, multi-region trust consensus.
2026-09-09T03:13:57.2401563Z INFO  [alembic.runtime.migration] Running upgrade 0048_sprint4a -> 0049_sprint4b, Sprint 4B transparency gossip, witness federation, trust recovery.
2026-09-09T03:13:57.2408761Z Revision ID: 0049_sprint4b
2026-09-09T03:13:57.2409430Z Revises: 0048_sprint4a
2026-09-09T03:13:57.2577089Z INFO  [alembic.runtime.migration] Running upgrade 0049_sprint4b -> 0050_sprint4c, Sprint 4C witness independence governance and trust plane disaster recovery.
2026-09-09T03:13:57.2578523Z Revision ID: 0050_sprint4c
2026-09-09T03:13:57.2579364Z Revises: 0049_sprint4b
2026-09-09T03:13:57.2899930Z INFO  [alembic.runtime.migration] Running upgrade 0050_sprint4c -> 0051_sprint4d, Sprint 4D trust plane chaos engineering and production readiness gate.
2026-09-09T03:13:57.2901544Z Revision ID: 0051_sprint4d
2026-09-09T03:13:57.2902199Z Revises: 0050_sprint4c
2026-09-09T03:13:57.3099599Z INFO  [alembic.runtime.migration] Running upgrade 0051_sprint4d -> 0052_sprint4e, Sprint 4E continuous chaos scheduler, readiness trend and waiver governance.
2026-09-09T03:13:57.3106500Z Revision ID: 0052_sprint4e
2026-09-09T03:13:57.3107235Z Revises: 0051_sprint4d
2026-09-09T03:13:57.3235863Z INFO  [alembic.runtime.migration] Running upgrade 0052_sprint4e -> 0053_sprint4f, Sprint 4F waiver exposure budget, exception debt and remediation SLA.
2026-09-09T03:13:57.3237250Z Revision ID: 0053_sprint4f
2026-09-09T03:13:57.3237875Z Revises: 0052_sprint4e
2026-09-09T03:13:57.3384283Z INFO  [alembic.runtime.migration] Running upgrade 0053_sprint4f -> 0054_sprint4g, Sprint 4G exception debt burn-down, waiver freeze and executive risk acceptance.
2026-09-09T03:13:57.3390683Z Revision ID: 0054_sprint4g
2026-09-09T03:13:57.3391306Z Revises: 0053_sprint4f
2026-09-09T03:13:57.3639446Z INFO  [alembic.runtime.migration] Running upgrade 0054_sprint4g -> 0055_sprint4h, Sprint 4H executive risk portfolio and enterprise risk limits.
2026-09-09T03:13:57.3646378Z Revision ID: 0055_sprint4h
2026-09-09T03:13:57.3646837Z Revises: 0054_sprint4g
2026-09-09T03:13:57.3833694Z INFO  [alembic.runtime.migration] Running upgrade 0055_sprint4h -> 0056_sprint4i, Sprint 4I enterprise risk appetite and stress testing.
2026-09-09T03:13:57.3840239Z Revision ID: 0056_sprint4i
2026-09-09T03:13:57.3840550Z Revises: 0055_sprint4h
2026-09-09T03:13:57.4027626Z INFO  [alembic.runtime.migration] Running upgrade 0056_sprint4i -> 0057_sprint4j, Sprint 4J enterprise risk forecast and dynamic capacity.
2026-09-09T03:13:57.4029011Z Revision ID: 0057_sprint4j
2026-09-09T03:13:57.4029980Z Revises: 0056_sprint4i
2026-09-09T03:13:57.4282013Z INFO  [alembic.runtime.migration] Running upgrade 0057_sprint4j -> 0058_sprint4k, Sprint 4K forecast calibration, accuracy and capacity governance.
2026-09-09T03:13:57.4283440Z Revision ID: 0058_sprint4k
2026-09-09T03:13:57.4284116Z Revises: 0057_sprint4j
2026-09-09T03:13:57.4574177Z INFO  [alembic.runtime.migration] Running upgrade 0058_sprint4k -> 0059_sprint4l, Sprint 4L forecast champion/challenger, backtesting and promotion governance.
2026-09-09T03:13:57.4580355Z Revision ID: 0059_sprint4l
2026-09-09T03:13:57.4581032Z Revises: 0058_sprint4k
2026-09-09T03:13:57.4724545Z INFO  [alembic.runtime.migration] Running upgrade 0059_sprint4l -> 0060_sprint4m, Sprint 4M statistical significance, promotion stability and automated rollback governance.
2026-09-09T03:13:57.4726059Z Revision ID: 0060_sprint4m
2026-09-09T03:13:57.4726683Z Revises: 0059_sprint4l
2026-09-09T03:13:57.4878525Z INFO  [alembic.runtime.migration] Running upgrade 0060_sprint4m -> 0061_sprint4n, Sprint 4N forecast drift detection, population stability and governed model refresh.
2026-09-09T03:13:57.4880208Z Revision ID: 0061_sprint4n
2026-09-09T03:13:57.4880768Z Revises: 0060_sprint4m
2026-09-09T03:13:57.5060683Z INFO  [alembic.runtime.migration] Running upgrade 0061_sprint4n -> 0062_sprint4o, Sprint 4O model training lineage, feature registry and reproducible build governance.
2026-09-09T03:13:57.5062282Z Revision ID: 0062_sprint4o
2026-09-09T03:13:57.5062944Z Revises: 0061_sprint4n
2026-09-09T03:13:57.5394804Z INFO  [alembic.runtime.migration] Running upgrade 0062_sprint4o -> 0063_sprint4p, Sprint 4P model artifact registry, signed build attestation and supply-chain integrity governance.
2026-09-09T03:13:57.5396598Z Revision ID: 0063_sprint4p
2026-09-09T03:13:57.5397209Z Revises: 0062_sprint4o
2026-09-09T03:13:57.5662488Z INFO  [alembic.runtime.migration] Running upgrade 0063_sprint4p -> 0064_sprint4q, Sprint 4Q artifact deployment provenance and model serving attestation.
2026-09-09T03:13:57.5663985Z Revision ID: 0064_sprint4q
2026-09-09T03:13:57.5664615Z Revises: 0063_sprint4p
2026-09-09T03:13:57.5918613Z INFO  [alembic.runtime.migration] Running upgrade 0064_sprint4q -> 0065_sprint4r, Sprint 4R runtime model traffic governance. Revision ID: 0065_sprint4r Revises: 0064_sprint4q
2026-09-09T03:13:57.6134950Z INFO  [alembic.runtime.migration] Running upgrade 0065_sprint4r -> 0066_sprint4s, Sprint 4S online prediction outcome attribution and serving auto-degrade. Revision ID: 0066_sprint4s Revises: 0065_sprint4r
2026-09-09T03:13:57.6258129Z INFO  [alembic.runtime.migration] Running upgrade 0066_sprint4s -> 0067_sprint4t, Sprint 4T online segment performance and automatic challenger refresh. Revision ID: 0067_sprint4t Revises: 0066_sprint4s
2026-09-09T03:13:57.6407955Z INFO  [alembic.runtime.migration] Running upgrade 0067_sprint4t -> 0068_sprint4u, Sprint 4U segment-targeted challenger remediation governance. Revision ID: 0068_sprint4u Revises: 0067_sprint4t
2026-09-09T03:13:57.6577116Z INFO  [alembic.runtime.migration] Running upgrade 0068_sprint4u -> 0069_sprint4v, Sprint 4V remediation generalization and post-promotion proof. Revision ID: 0069_sprint4v Revises: 0068_sprint4u
2026-09-09T03:13:57.6720518Z INFO  [alembic.runtime.migration] Running upgrade 0069_sprint4v -> 0070_sprint4w, Sprint 4W multi-segment remediation portfolio and unified promotion governance.
2026-09-09T03:13:57.6726953Z Revision ID: 0070_sprint4w
2026-09-09T03:13:57.6727428Z Revises: 0069_sprint4v
2026-09-09T03:13:57.6903033Z INFO  [alembic.runtime.migration] Running upgrade 0070_sprint4w -> 0071_sprint4x, Sprint 4X portfolio champion continuity and safe replacement.
2026-09-09T03:13:57.6904445Z Revision ID: 0071_sprint4x
2026-09-09T03:13:57.6905210Z Revises: 0070_sprint4w
2026-09-09T03:13:57.7104827Z INFO  [alembic.runtime.migration] Running upgrade 0071_sprint4x -> 0072_partner_core, Hotel Partner Self-Operating Core (Mother Plan Production Build 1).
2026-09-09T03:13:57.8804415Z INFO  [alembic.runtime.migration] Running upgrade 0072_partner_core -> 0073_commercial_os, Commercial Constitution Policy Engine + GO Admin Commercial OS.
2026-09-09T03:13:57.9272069Z INFO  [alembic.runtime.migration] Running upgrade 0073_commercial_os -> 0074_good_hotel_standard, GO Good Hotel Standard Registry + Judgment binding.
2026-09-09T03:13:57.9474580Z INFO  [alembic.runtime.migration] Running upgrade 0074_good_hotel_standard -> 0075_442bc0d513d1, Production Connector Registry + Certification + Live Gate.
2026-09-09T03:13:57.9917708Z INFO  [alembic.runtime.migration] Running upgrade 0075_442bc0d513d1 -> 0076_126e14322d21, Production connector runtime enforcement, webhook and reconciliation.
2026-09-09T03:13:58.0231234Z INFO  [alembic.runtime.migration] Running upgrade 0076_126e14322d21 -> 0077_0ab7798c5638, First real connector activation readiness.
2026-09-09T03:13:58.0633076Z INFO  [alembic.runtime.migration] Running upgrade 0077_0ab7798c5638 -> 0078_e79db192807d, First paired Hotel + PSP connector pilot integration.
2026-09-09T03:13:58.1044533Z INFO  [alembic.runtime.migration] Running upgrade 0078_e79db192807d -> 0079_3211684dd25f, External supplier credentialed sandbox certification and evidence import.
2026-09-09T03:13:58.1395549Z INFO  [alembic.runtime.migration] Running upgrade 0079_3211684dd25f -> 0080_2cb588879e4e, Named supplier adapters and external sandbox execution gate.
2026-09-09T03:13:58.1775965Z INFO  [alembic.runtime.migration] Running upgrade 0080_2cb588879e4e -> 0081_d921b0671c22, First GO-hosted hotel direct-booking pilot.
2026-09-09T03:13:58.2006240Z INFO  [alembic.runtime.migration] Running upgrade 0081_d921b0671c22 -> 0082_452aa445e8f7
2026-09-09T03:13:58.2108418Z INFO  [alembic.runtime.migration] Running upgrade 0082_452aa445e8f7 -> 0083_396ac652da7a
2026-09-09T03:13:58.2260096Z INFO  [alembic.runtime.migration] Running upgrade 0083_396ac652da7a -> 0084_bee2eab998ec
2026-09-09T03:13:58.2523416Z INFO  [alembic.runtime.migration] Running upgrade 0084_bee2eab998ec -> 0085_bfa53313a4e7
2026-09-09T03:13:58.2872498Z INFO  [alembic.runtime.migration] Running upgrade 0085_bfa53313a4e7 -> 0086_01748f3984db
2026-09-09T03:13:58.3164894Z INFO  [alembic.runtime.migration] Running upgrade 0086_01748f3984db -> 0087_c049d2c650d7
2026-09-09T03:13:58.3455792Z INFO  [alembic.runtime.migration] Running upgrade 0087_c049d2c650d7 -> 0088_226558bdb985
2026-09-09T03:13:58.3884325Z INFO  [alembic.runtime.migration] Running upgrade 0088_226558bdb985 -> 0089_24184f9074aa
2026-09-09T03:13:58.4218409Z INFO  [alembic.runtime.migration] Running upgrade 0089_24184f9074aa -> 0090_go_identity_entitlements
2026-09-09T03:13:58.4473151Z INFO  [alembic.runtime.migration] Running upgrade 0090_go_identity_entitlements -> 0091_go_offer_order_handoff
2026-09-09T03:13:58.4664449Z INFO  [alembic.runtime.migration] Running upgrade 0091_go_offer_order_handoff -> 0092_d6ac03c98590
2026-09-09T03:13:58.4980770Z INFO  [alembic.runtime.migration] Running upgrade 0092_d6ac03c98590 -> 0093_f656e2fd0f65
2026-09-09T03:13:58.5432165Z INFO  [alembic.runtime.migration] Running upgrade 0093_f656e2fd0f65 -> 0094_c3116e73c367
2026-09-09T03:13:58.5614956Z INFO  [alembic.runtime.migration] Running upgrade 0094_c3116e73c367 -> 0095_59ac5a29f1d5
2026-09-09T03:13:58.5750066Z INFO  [alembic.runtime.migration] Running upgrade 0095_59ac5a29f1d5 -> 0096_e63794766c0d
2026-09-09T03:13:58.5883908Z INFO  [alembic.runtime.migration] Running upgrade 0096_e63794766c0d -> 0097_vertical_source_runtime
2026-09-09T03:13:58.5987574Z INFO  [alembic.runtime.migration] Running upgrade 0097_vertical_source_runtime -> 0098_1372d8c45b6f
2026-09-09T03:13:58.6252017Z INFO  [alembic.runtime.migration] Running upgrade 0098_1372d8c45b6f -> 0099_e9ab838ca46d
2026-09-09T03:13:58.6832413Z INFO  [alembic.runtime.migration] Running upgrade 0099_e9ab838ca46d -> 0100_159ffd29a7f8, P0 0100 real external execution and certified sandbox closure evidence.
2026-09-09T03:13:58.7080322Z INFO  [alembic.runtime.migration] Running upgrade 0100_159ffd29a7f8 -> 0101_7ae44f334cf0, P0 0101 named provider certification evidence and PostgreSQL race proof registry.
2026-09-09T03:13:58.7238901Z INFO  [alembic.runtime.migration] Running upgrade 0101_7ae44f334cf0 -> 0102_p0_final_closure_program, P0 Final Closure Program: immutable requirement-to-code-to-runtime evidence registry.
2026-09-09T03:13:58.7428704Z INFO  [alembic.runtime.migration] Running upgrade 0102_p0_final_closure_program -> 0103_p0_design_code_freeze, P0 design/code freeze marker.
2026-09-09T03:13:58.7437970Z INFO  [alembic.runtime.migration] Running upgrade 0103_p0_design_code_freeze -> 0104_529182b87c94, GO AI multi-model aggregation audit registry.
2026-09-09T03:13:58.7602790Z INFO  [alembic.runtime.migration] Running upgrade 0104_529182b87c94 -> 0105_hotel_autopage_factory, GO Hotel AutoPage Factory: multi-source content graph, prebuilt pages, contacts and claims.
2026-09-09T03:13:58.8091874Z INFO  [alembic.runtime.migration] Running upgrade 0105_hotel_autopage_factory -> 0106_449aeedcd91d, Replace hotel claim terminology with registration + official association.
2026-09-09T03:13:58.8126275Z INFO  [alembic.runtime.migration] Running upgrade 0106_449aeedcd91d -> 0107_166151c9cc6e, Replace official-association vocabulary with official-direct lifecycle.
2026-09-09T03:13:58.8158285Z INFO  [alembic.runtime.migration] Running upgrade 0107_166151c9cc6e -> 0108_hotel_go_direct_semantics, Make GO Direct the single product vocabulary for hotel registration lifecycle.
2026-09-09T03:13:58.8183633Z INFO  [alembic.runtime.migration] Running upgrade 0108_hotel_go_direct_semantics -> 0109_bf96588075fe, GO Personal Travel Vault + Universal Import master baseline.
2026-09-09T03:13:58.9131768Z INFO  [alembic.runtime.migration] Running upgrade 0109_bf96588075fe -> 0110_7012f1955180, GO Consumer Growth + Official Direct Value Constitution V5.3.
2026-09-09T03:13:59.0247208Z INFO  [alembic.runtime.migration] Running upgrade 0110_7012f1955180 -> 0111_test_account_expiry, R7 compatibility lineage node for staging test-account expiry.
2026-09-09T03:13:59.0259003Z INFO  [alembic.runtime.migration] Running upgrade 0111_test_account_expiry -> 0112_ti_p0_20260829, Travel Intelligence Layer 1.0 P0 implementation.
2026-09-09T03:13:59.0786031Z INFO  [alembic.runtime.migration] Running upgrade 0112_ti_p0_20260829 -> 0113_ext_truth_ops_20260901, External truth operator workflow governance.
2026-09-09T03:13:59.0856269Z INFO  [alembic.runtime.migration] Running upgrade 0113_ext_truth_ops_20260901 -> 0114_ext_truth_incident_hard, External truth incident evidence and replay hardening.
2026-09-09T03:13:59.0901342Z INFO  [alembic.runtime.migration] Running upgrade 0114_ext_truth_incident_hard -> 0115_rental_change_settlement, Durable rental reprice quotes and original-payment refund plans.
2026-09-09T03:13:59.0974121Z INFO  [alembic.runtime.migration] Running upgrade 0115_rental_change_settlement -> 0116_hosted_fare_snapshot, Versioned hotel rules, immutable order snapshots and executable fare quotes.
2026-09-09T03:13:59.1121507Z INFO  [alembic.runtime.migration] Running upgrade 0116_hosted_fare_snapshot -> 0117_hosted_stay_credit, Funded property credit, allocation/value ledger and original-source refund plans.
2026-09-09T03:13:59.1306688Z INFO  [alembic.runtime.migration] Running upgrade 0117_hosted_stay_credit -> 0118_hosted_supplier_disruption, Independent hotel disruption decisions and scoped fault debit mandates.
2026-09-09T03:13:59.1461409Z INFO  [alembic.runtime.migration] Running upgrade 0118_hosted_supplier_disruption -> 0119_catalog_supplier_remedy, Independent legacy hotel remedy execution; preserve historical cases and hosted data.
2026-09-09T03:13:59.1612181Z INFO  [alembic.runtime.migration] Running upgrade 0119_catalog_supplier_remedy -> 0120_catalog_stay_credit, Funded catalog credit contracts; do not manufacture facts for historical credits.
2026-09-09T03:13:59.1853760Z INFO  [alembic.runtime.migration] Running upgrade 0120_catalog_stay_credit -> 0121_catalog_fare_snapshot, Versioned catalog rules and new order acceptance; no invented historical acceptance.
2026-09-09T03:13:59.1990129Z INFO  [alembic.runtime.migration] Running upgrade 0121_catalog_fare_snapshot -> 0122_catalog_cash_fare, Durable ordinary cash after-sales; historical quotes remain unaccepted.
2026-09-09T03:13:59.2089732Z INFO  [alembic.runtime.migration] Running upgrade 0122_catalog_cash_fare -> 0123_catalog_credit_exclusion, Separate previously forfeited cash value from prepaid credit source budgets.
2026-09-09T03:13:59.2105519Z INFO  [alembic.runtime.migration] Running upgrade 0123_catalog_credit_exclusion -> 0124_autonomy_durable, Durable governed task execution; existing business schema remains intact.
2026-09-09T03:13:59.2311323Z INFO  [alembic.runtime.migration] Running upgrade 0124_autonomy_durable -> 0125_regional_queue, Durable regional queue; retain old Redis data until reviewed import.
2026-09-09T03:13:59.2382164Z INFO  [alembic.runtime.migration] Running upgrade 0125_regional_queue -> 0126_travel_operational_facts, Signed travel facts and versioned flight-linked ride adjustments; no legacy facts are upgraded.
2026-09-09T03:13:59.2614790Z INFO  [alembic.runtime.migration] Running upgrade 0126_travel_operational_facts -> 0127_vertical_prebook_contract, Bind quoted parties and terms to one consumer order; no fabricated legacy backfill.
2026-09-09T03:13:59.2689914Z INFO  [alembic.runtime.migration] Running upgrade 0127_vertical_prebook_contract -> 0128_vertical_refund_recovery, Durable rail/attraction refund claims; preserve existing order history.
2026-09-09T03:13:59.2738661Z INFO  [alembic.runtime.migration] Running upgrade 0128_vertical_refund_recovery -> 0129_rail_change_resolution, Durable supplier decisions for rail changes; do not alter historical rows.
2026-09-09T03:13:59.2791001Z INFO  [alembic.runtime.migration] Running upgrade 0129_rail_change_resolution -> 0130_vertical_capacity, Shared isolated rail/attraction capacity; legacy orders are not fabricated.
2026-09-09T03:13:59.2871281Z INFO  [alembic.runtime.migration] Running upgrade 0130_vertical_capacity -> 0131_vertical_payment_deadline, Frozen deadlines for newly created unpaid rail and attraction reservations.
2026-09-09T03:13:59.6447738Z ##[group]Run python -m pytest tests/test_depth25_migration_history.py tests/test_parent_implementation_code_review_debt_closure.py::test_current_source_head_and_upgrade_downgrade_roundtrip --junitxml=../evidence/migration_history.xml
2026-09-09T03:13:59.6449860Z [36;1mpython -m pytest tests/test_depth25_migration_history.py tests/test_parent_implementation_code_review_debt_closure.py::test_current_source_head_and_upgrade_downgrade_roundtrip --junitxml=../evidence/migration_history.xml[0m
2026-09-09T03:13:59.6487653Z shell: /usr/bin/bash -e {0}
2026-09-09T03:13:59.6487926Z env:
2026-09-09T03:13:59.6488262Z   POSTGRES_TEST_DATABASE_URL: postgresql+psycopg://go@localhost:5432/go
2026-09-09T03:13:59.6488663Z   PGPASSWORD: go-disposable-ci-only
2026-09-09T03:13:59.6488947Z   REDIS_URL: redis://localhost:6379/0
2026-09-09T03:13:59.6489686Z   DEPTH24_DELTA_PATH: deliverables/CP11_DEPTH24_RUNTIME_CANDIDATE_20260909/GO_CP11_DEPTH_24_UNPAID_EXPIRY_DELTA_20260909.zip
2026-09-09T03:13:59.6490427Z   DEPTH24_DELTA_SHA256: ee71bc8257f75dee49aa77f33816cfb4d07fd45af1fba85e51b4faf6a7f0b03c
2026-09-09T03:13:59.6490914Z   pythonLocation: /opt/hostedtoolcache/Python/3.13.5/x64
2026-09-09T03:13:59.6491323Z   PKG_CONFIG_PATH: /opt/hostedtoolcache/Python/3.13.5/x64/lib/pkgconfig
2026-09-09T03:13:59.6491717Z   Python_ROOT_DIR: /opt/hostedtoolcache/Python/3.13.5/x64
2026-09-09T03:13:59.6492070Z   Python2_ROOT_DIR: /opt/hostedtoolcache/Python/3.13.5/x64
2026-09-09T03:13:59.6492425Z   Python3_ROOT_DIR: /opt/hostedtoolcache/Python/3.13.5/x64
2026-09-09T03:13:59.6492788Z   LD_LIBRARY_PATH: /opt/hostedtoolcache/Python/3.13.5/x64/lib
2026-09-09T03:13:59.6493095Z ##[endgroup]
2026-09-09T03:14:13.5877071Z .....                                                                    [100%]
2026-09-09T03:14:13.5878102Z =============================== warnings summary ===============================
2026-09-09T03:14:13.5879657Z tests/test_depth25_migration_history.py::test_fresh_database_can_apply_entire_chain_without_stamp
2026-09-09T03:14:13.5881290Z tests/test_depth25_migration_history.py::test_0076_contains_only_its_historical_columns_and_constraints
2026-09-09T03:14:13.5883317Z tests/test_depth25_migration_history.py::test_0076_contains_only_its_historical_columns_and_constraints
2026-09-09T03:14:13.5886228Z tests/test_depth25_migration_history.py::test_0076_contains_only_its_historical_columns_and_constraints
2026-09-09T03:14:13.5889037Z tests/test_depth25_migration_history.py::test_0076_contains_only_its_historical_columns_and_constraints
2026-09-09T03:14:13.5892063Z tests/test_depth25_migration_history.py::test_0076_contains_only_its_historical_columns_and_constraints
2026-09-09T03:14:13.5894852Z tests/test_depth25_migration_history.py::test_migration_does_not_depend_on_current_business_metadata
2026-09-09T03:14:13.5897607Z tests/test_depth25_migration_history.py::test_migration_does_not_depend_on_current_business_metadata
2026-09-09T03:14:13.5903026Z   /opt/hostedtoolcache/Python/3.13.5/x64/lib/python3.13/site-packages/alembic/config.py:598: DeprecationWarning: No path_separator found in configuration; falling back to legacy splitting on spaces, commas, and colons for prepend_sys_path.  Consider adding path_separator=os to Alembic config.
2026-09-09T03:14:13.5907713Z     util.warn_deprecated(
2026-09-09T03:14:13.5908336Z 
2026-09-09T03:14:13.5909506Z -- Docs: https://docs.pytest.org/en/stable/how-to/capture-warnings.html
2026-09-09T03:14:13.5910928Z 5 passed, 8 warnings in 12.73s
2026-09-09T03:14:14.0291263Z ##[group]Run python -m pytest tests/test_p0_0100_postgres_concurrency.py tests/test_p0_0101_postgres_race_matrix.py --junitxml=../evidence/postgres_existing.xml
2026-09-09T03:14:14.0292276Z [36;1mpython -m pytest tests/test_p0_0100_postgres_concurrency.py tests/test_p0_0101_postgres_race_matrix.py --junitxml=../evidence/postgres_existing.xml[0m
2026-09-09T03:14:14.0352349Z shell: /usr/bin/bash -e {0}
2026-09-09T03:14:14.0352626Z env:
2026-09-09T03:14:14.0352959Z   POSTGRES_TEST_DATABASE_URL: postgresql+psycopg://go@localhost:5432/go
2026-09-09T03:14:14.0353377Z   PGPASSWORD: go-disposable-ci-only
2026-09-09T03:14:14.0353660Z   REDIS_URL: redis://localhost:6379/0
2026-09-09T03:14:14.0354182Z   DEPTH24_DELTA_PATH: deliverables/CP11_DEPTH24_RUNTIME_CANDIDATE_20260909/GO_CP11_DEPTH_24_UNPAID_EXPIRY_DELTA_20260909.zip
2026-09-09T03:14:14.0354875Z   DEPTH24_DELTA_SHA256: ee71bc8257f75dee49aa77f33816cfb4d07fd45af1fba85e51b4faf6a7f0b03c
2026-09-09T03:14:14.0355411Z   pythonLocation: /opt/hostedtoolcache/Python/3.13.5/x64
2026-09-09T03:14:14.0355813Z   PKG_CONFIG_PATH: /opt/hostedtoolcache/Python/3.13.5/x64/lib/pkgconfig
2026-09-09T03:14:14.0356215Z   Python_ROOT_DIR: /opt/hostedtoolcache/Python/3.13.5/x64
2026-09-09T03:14:14.0356573Z   Python2_ROOT_DIR: /opt/hostedtoolcache/Python/3.13.5/x64
2026-09-09T03:14:14.0356931Z   Python3_ROOT_DIR: /opt/hostedtoolcache/Python/3.13.5/x64
2026-09-09T03:14:14.0357292Z   LD_LIBRARY_PATH: /opt/hostedtoolcache/Python/3.13.5/x64/lib
2026-09-09T03:14:14.0357610Z ##[endgroup]
2026-09-09T03:14:21.9501590Z ......                                                                   [100%]
2026-09-09T03:14:21.9502922Z 6 passed in 6.95s
2026-09-09T03:14:22.5200577Z ##[group]Run python -m pytest ../ci/gate_tests --junitxml=../evidence/postgres_expiry.xml
2026-09-09T03:14:22.5201658Z [36;1mpython -m pytest ../ci/gate_tests --junitxml=../evidence/postgres_expiry.xml[0m
2026-09-09T03:14:22.5239719Z shell: /usr/bin/bash -e {0}
2026-09-09T03:14:22.5239981Z env:
2026-09-09T03:14:22.5240311Z   POSTGRES_TEST_DATABASE_URL: postgresql+psycopg://go@localhost:5432/go
2026-09-09T03:14:22.5240710Z   PGPASSWORD: go-disposable-ci-only
2026-09-09T03:14:22.5240994Z   REDIS_URL: redis://localhost:6379/0
2026-09-09T03:14:22.5241503Z   DEPTH24_DELTA_PATH: deliverables/CP11_DEPTH24_RUNTIME_CANDIDATE_20260909/GO_CP11_DEPTH_24_UNPAID_EXPIRY_DELTA_20260909.zip
2026-09-09T03:14:22.5242164Z   DEPTH24_DELTA_SHA256: ee71bc8257f75dee49aa77f33816cfb4d07fd45af1fba85e51b4faf6a7f0b03c
2026-09-09T03:14:22.5242633Z   pythonLocation: /opt/hostedtoolcache/Python/3.13.5/x64
2026-09-09T03:14:22.5243025Z   PKG_CONFIG_PATH: /opt/hostedtoolcache/Python/3.13.5/x64/lib/pkgconfig
2026-09-09T03:14:22.5243460Z   Python_ROOT_DIR: /opt/hostedtoolcache/Python/3.13.5/x64
2026-09-09T03:14:22.5243823Z   Python2_ROOT_DIR: /opt/hostedtoolcache/Python/3.13.5/x64
2026-09-09T03:14:22.5244174Z   Python3_ROOT_DIR: /opt/hostedtoolcache/Python/3.13.5/x64
2026-09-09T03:14:22.5244531Z   LD_LIBRARY_PATH: /opt/hostedtoolcache/Python/3.13.5/x64/lib
2026-09-09T03:14:22.5244904Z   DATABASE_URL: postgresql+psycopg://go@localhost:5432/go
2026-09-09T03:14:22.5245209Z   PYTHONPATH: src
2026-09-09T03:14:22.5245408Z ##[endgroup]
2026-09-09T03:14:24.7128178Z ============================= test session starts ==============================
2026-09-09T03:14:24.7129496Z platform linux -- Python 3.13.5, pytest-9.0.2, pluggy-1.6.0
2026-09-09T03:14:24.7130590Z rootdir: /home/runner/work/GO/GO
2026-09-09T03:14:24.7131371Z plugins: anyio-4.13.0, asyncio-1.3.0
2026-09-09T03:14:24.7132716Z asyncio: mode=Mode.STRICT, debug=False, asyncio_default_fixture_loop_scope=None, asyncio_default_test_loop_scope=function
2026-09-09T03:14:24.7133873Z collected 53 items
2026-09-09T03:14:24.7134238Z 
2026-09-09T03:15:15.1187887Z ../ci/gate_tests/test_expiry_postgres.py ......F.FF............F........ [ 58%]
2026-09-09T03:15:58.6494577Z ......................                                                   [100%]
2026-09-09T03:15:58.6495271Z 
2026-09-09T03:15:58.6495783Z =================================== FAILURES ===================================
2026-09-09T03:15:58.6496866Z ____________ test_refund_only_releases_after_confirmed_money[RAIL] _____________
2026-09-09T03:15:58.6497497Z 
2026-09-09T03:15:58.6498024Z self = <sqlalchemy.engine.base.Connection object at 0x7f859186d550>
2026-09-09T03:15:58.6499522Z dialect = <sqlalchemy.dialects.postgresql.psycopg.PGDialect_psycopg object at 0x7f85941cae40>
2026-09-09T03:15:58.6501156Z context = <sqlalchemy.dialects.postgresql.psycopg.PGExecutionContext_psycopg object at 0x7f85919d97b0>
2026-09-09T03:15:58.6502876Z statement = <sqlalchemy.dialects.postgresql.psycopg.PGCompiler_psycopg object at 0x7f8591a48550>
2026-09-09T03:15:58.6505149Z parameters = [{'rail_order_runtime_order_id': 'rail_ord_53e45c119a9e470d', 'status': 'PAYMENT_CONFIRMED_AWAITING_SUPPLIER', 'updated_at': datetime.datetime(2026, 9, 9, 3, 14, 35, 990984)}]
2026-09-09T03:15:58.6506465Z 
2026-09-09T03:15:58.6506726Z     def _exec_single_context(
2026-09-09T03:15:58.6507255Z         self,
2026-09-09T03:15:58.6507703Z         dialect: Dialect,
2026-09-09T03:15:58.6508260Z         context: ExecutionContext,
2026-09-09T03:15:58.6508867Z         statement: Union[str, Compiled],
2026-09-09T03:15:58.6509747Z         parameters: Optional[_AnyMultiExecuteParams],
2026-09-09T03:15:58.6510438Z     ) -> CursorResult[Any]:
2026-09-09T03:15:58.6511169Z         """continue the _execute_context() method for a single DBAPI
2026-09-09T03:15:58.6512015Z         cursor.execute() or cursor.executemany() call.
2026-09-09T03:15:58.6512629Z     
2026-09-09T03:15:58.6513020Z         """
2026-09-09T03:15:58.6513902Z         if dialect.bind_typing is BindTyping.SETINPUTSIZES:
2026-09-09T03:15:58.6514849Z             generic_setinputsizes = context._prepare_set_input_sizes()
2026-09-09T03:15:58.6515512Z     
2026-09-09T03:15:58.6515958Z             if generic_setinputsizes:
2026-09-09T03:15:58.6516515Z                 try:
2026-09-09T03:15:58.6517058Z                     dialect.do_set_input_sizes(
2026-09-09T03:15:58.6517799Z                         context.cursor, generic_setinputsizes, context
2026-09-09T03:15:58.6518470Z                     )
2026-09-09T03:15:58.6519007Z                 except BaseException as e:
2026-09-09T03:15:58.6519880Z                     self._handle_dbapi_exception(
2026-09-09T03:15:58.6520647Z                         e, str(statement), parameters, None, context
2026-09-09T03:15:58.6521287Z                     )
2026-09-09T03:15:58.6521725Z     
2026-09-09T03:15:58.6522227Z         cursor, str_statement, parameters = (
2026-09-09T03:15:58.6522840Z             context.cursor,
2026-09-09T03:15:58.6523372Z             context.statement,
2026-09-09T03:15:58.6523947Z             context.parameters,
2026-09-09T03:15:58.6524468Z         )
2026-09-09T03:15:58.6524867Z     
2026-09-09T03:15:58.6525453Z         effective_parameters: Optional[_AnyExecuteParams]
2026-09-09T03:15:58.6526079Z     
2026-09-09T03:15:58.6526552Z         if not context.executemany:
2026-09-09T03:15:58.6527211Z             effective_parameters = parameters[0]
2026-09-09T03:15:58.6527794Z         else:
2026-09-09T03:15:58.6528315Z             effective_parameters = parameters
2026-09-09T03:15:58.6528885Z     
2026-09-09T03:15:58.6529553Z         if self._has_events or self.engine._has_events:
2026-09-09T03:15:58.6530351Z             for fn in self.dispatch.before_cursor_execute:
2026-09-09T03:15:58.6531134Z                 str_statement, effective_parameters = fn(
2026-09-09T03:15:58.6531768Z                     self,
2026-09-09T03:15:58.6532248Z                     cursor,
2026-09-09T03:15:58.6532770Z                     str_statement,
2026-09-09T03:15:58.6533364Z                     effective_parameters,
2026-09-09T03:15:58.6533934Z                     context,
2026-09-09T03:15:58.6534731Z                     context.executemany,
2026-09-09T03:15:58.6535293Z                 )
2026-09-09T03:15:58.6535714Z     
2026-09-09T03:15:58.6536130Z         if self._echo:
2026-09-09T03:15:58.6536676Z             self._log_info(str_statement)
2026-09-09T03:15:58.6537220Z     
2026-09-09T03:15:58.6537726Z             stats = context._get_cache_stats()
2026-09-09T03:15:58.6538284Z     
2026-09-09T03:15:58.6538788Z             if not self.engine.hide_parameters:
2026-09-09T03:15:58.6539543Z                 self._log_info(
2026-09-09T03:15:58.6540092Z                     "[%s] %r",
2026-09-09T03:15:58.6540600Z                     stats,
2026-09-09T03:15:58.6541316Z                     sql_util._repr_params(
2026-09-09T03:15:58.6541972Z                         effective_parameters,
2026-09-09T03:15:58.6542610Z                         batches=10,
2026-09-09T03:15:58.6543251Z                         ismulti=context.executemany,
2026-09-09T03:15:58.6543837Z                     ),
2026-09-09T03:15:58.6544291Z                 )
2026-09-09T03:15:58.6546826Z             else:
2026-09-09T03:15:58.6552651Z                 self._log_info(
2026-09-09T03:15:58.6553487Z                     "[%s] [SQL parameters hidden due to hide_parameters=True]",
2026-09-09T03:15:58.6554138Z                     stats,
2026-09-09T03:15:58.6554547Z                 )
2026-09-09T03:15:58.6554904Z     
2026-09-09T03:15:58.6555306Z         evt_handled: bool = False
2026-09-09T03:15:58.6555801Z         try:
2026-09-09T03:15:58.6556365Z             if context.execute_style is ExecuteStyle.EXECUTEMANY:
2026-09-09T03:15:58.6557068Z                 effective_parameters = cast(
2026-09-09T03:15:58.6557773Z                     "_CoreMultiExecuteParams", effective_parameters
2026-09-09T03:15:58.6558436Z                 )
2026-09-09T03:15:58.6558957Z                 if self.dialect._has_events:
2026-09-09T03:15:58.6560238Z                     for fn in self.dialect.dispatch.do_executemany:
2026-09-09T03:15:58.6560985Z                         if fn(
2026-09-09T03:15:58.6561538Z                             cursor,
2026-09-09T03:15:58.6562138Z                             str_statement,
2026-09-09T03:15:58.6562786Z                             effective_parameters,
2026-09-09T03:15:58.6563437Z                             context,
2026-09-09T03:15:58.6563968Z                         ):
2026-09-09T03:15:58.6564548Z                             evt_handled = True
2026-09-09T03:15:58.6565145Z                             break
2026-09-09T03:15:58.6565689Z                 if not evt_handled:
2026-09-09T03:15:58.6566252Z                     self.dialect.do_executemany(
2026-09-09T03:15:58.6566827Z                         cursor,
2026-09-09T03:15:58.6567351Z                         str_statement,
2026-09-09T03:15:58.6567884Z                         effective_parameters,
2026-09-09T03:15:58.6568401Z                         context,
2026-09-09T03:15:58.6568866Z                     )
2026-09-09T03:15:58.6569965Z             elif not effective_parameters and context.no_parameters:
2026-09-09T03:15:58.6571277Z                 if self.dialect._has_events:
2026-09-09T03:15:58.6572611Z                     for fn in self.dialect.dispatch.do_execute_no_params:
2026-09-09T03:15:58.6574000Z                         if fn(cursor, str_statement, context):
2026-09-09T03:15:58.6575111Z                             evt_handled = True
2026-09-09T03:15:58.6576095Z                             break
2026-09-09T03:15:58.6576989Z                 if not evt_handled:
2026-09-09T03:15:58.6578006Z                     self.dialect.do_execute_no_params(
2026-09-09T03:15:58.6579321Z                         cursor, str_statement, context
2026-09-09T03:15:58.6580292Z                     )
2026-09-09T03:15:58.6580963Z             else:
2026-09-09T03:15:58.6581776Z                 effective_parameters = cast(
2026-09-09T03:15:58.6583021Z                     "_CoreSingleExecuteParams", effective_parameters
2026-09-09T03:15:58.6584108Z                 )
2026-09-09T03:15:58.6585135Z                 if self.dialect._has_events:
2026-09-09T03:15:58.6586333Z                     for fn in self.dialect.dispatch.do_execute:
2026-09-09T03:15:58.6587458Z                         if fn(
2026-09-09T03:15:58.6588388Z                             cursor,
2026-09-09T03:15:58.6589456Z                             str_statement,
2026-09-09T03:15:58.6591328Z                             effective_parameters,
2026-09-09T03:15:58.6592447Z                             context,
2026-09-09T03:15:58.6593581Z                         ):
2026-09-09T03:15:58.6594547Z                             evt_handled = True
2026-09-09T03:15:58.6595805Z                             break
2026-09-09T03:15:58.6596837Z                 if not evt_handled:
2026-09-09T03:15:58.6598141Z >                   self.dialect.do_execute(
2026-09-09T03:15:58.6599640Z                         cursor, str_statement, effective_parameters, context
2026-09-09T03:15:58.6601155Z                     )
2026-09-09T03:15:58.6601793Z 
2026-09-09T03:15:58.6603509Z /opt/hostedtoolcache/Python/3.13.5/x64/lib/python3.13/site-packages/sqlalchemy/engine/base.py:1969: 
2026-09-09T03:15:58.6605761Z _ _ _ _ _ _ _ _ _ _ _ _ _ _ _ _ _ _ _ _ _ _ _ _ _ _ _ _ _ _ _ _ _ _ _ _ _ _ _ _ 
2026-09-09T03:15:58.6608495Z /opt/hostedtoolcache/Python/3.13.5/x64/lib/python3.13/site-packages/sqlalchemy/engine/default.py:952: in do_execute
2026-09-09T03:15:58.6610710Z     cursor.execute(statement, parameters)
2026-09-09T03:15:58.6612482Z _ _ _ _ _ _ _ _ _ _ _ _ _ _ _ _ _ _ _ _ _ _ _ _ _ _ _ _ _ _ _ _ _ _ _ _ _ _ _ _ 
2026-09-09T03:15:58.6613458Z 
2026-09-09T03:15:58.6614847Z self = <psycopg.Cursor [closed] [IDLE] (host=localhost database=go) at 0x7f859186c350>
2026-09-09T03:15:58.6619995Z query = 'UPDATE rail_order_runtime SET status=%(status)s::VARCHAR, updated_at=%(updated_at)s::TIMESTAMP WITH TIME ZONE WHERE rail_order_runtime.order_id = %(rail_order_runtime_order_id)s::VARCHAR'
2026-09-09T03:15:58.6625324Z params = {'rail_order_runtime_order_id': 'rail_ord_53e45c119a9e470d', 'status': 'PAYMENT_CONFIRMED_AWAITING_SUPPLIER', 'updated_at': datetime.datetime(2026, 9, 9, 3, 14, 35, 990984)}
2026-09-09T03:15:58.6628092Z 
2026-09-09T03:15:58.6628605Z     def execute(
2026-09-09T03:15:58.6629690Z         self,
2026-09-09T03:15:58.6630489Z         query: Query,
2026-09-09T03:15:58.6631610Z         params: Params | None = None,
2026-09-09T03:15:58.6632563Z         *,
2026-09-09T03:15:58.6633572Z         prepare: bool | None = None,
2026-09-09T03:15:58.6634653Z         binary: bool | None = None,
2026-09-09T03:15:58.6635782Z     ) -> Self:
2026-09-09T03:15:58.6636574Z         """
2026-09-09T03:15:58.6637697Z         Execute a query or command to the database.
2026-09-09T03:15:58.6638719Z         """
2026-09-09T03:15:58.6639738Z         try:
2026-09-09T03:15:58.6640598Z             with self._conn.lock:
2026-09-09T03:15:58.6641809Z                 self._conn.wait(
2026-09-09T03:15:58.6643306Z                     self._execute_gen(query, params, prepare=prepare, binary=binary)
2026-09-09T03:15:58.6644834Z                 )
2026-09-09T03:15:58.6645684Z         except e._NO_TRACEBACK as ex:
2026-09-09T03:15:58.6647028Z >           raise ex.with_traceback(None)
2026-09-09T03:15:58.6649262Z E           psycopg.errors.StringDataRightTruncation: value too long for type character varying(32)
2026-09-09T03:15:58.6650938Z 
2026-09-09T03:15:58.6652669Z /opt/hostedtoolcache/Python/3.13.5/x64/lib/python3.13/site-packages/psycopg/cursor.py:97: StringDataRightTruncation
2026-09-09T03:15:58.6654568Z 
2026-09-09T03:15:58.6655615Z The above exception was the direct cause of the following exception:
2026-09-09T03:15:58.6656857Z 
2026-09-09T03:15:58.6657298Z vertical = 'RAIL'
2026-09-09T03:15:58.6658916Z monkeypatch = <_pytest.monkeypatch.MonkeyPatch object at 0x7f8591bd6b10>
2026-09-09T03:15:58.6660244Z 
2026-09-09T03:15:58.6661261Z     @pytest.mark.parametrize('vertical',['RAIL','ATTRACTION'])
2026-09-09T03:15:58.6663167Z     def test_refund_only_releases_after_confirmed_money(vertical,monkeypatch):
2026-09-09T03:15:58.6665214Z >       svc,owner,oid=booked(vertical)
2026-09-09T03:15:58.6666260Z                       ^^^^^^^^^^^^^^^^
2026-09-09T03:15:58.6671153Z 
2026-09-09T03:15:58.6672040Z tests/test_depth23_capacity.py:85: 
2026-09-09T03:15:58.6677832Z _ _ _ _ _ _ _ _ _ _ _ _ _ _ _ _ _ _ _ _ _ _ _ _ _ _ _ _ _ _ _ _ _ _ _ _ _ _ _ _ 
2026-09-09T03:15:58.6679498Z tests/test_depth21_refund_recovery.py:25: in booked
2026-09-09T03:15:58.6681078Z     rail_service.checkout(owner,order['order_id'],'isolated')
2026-09-09T03:15:58.6682428Z src/go_hotel/rail/service.py:124: in checkout
2026-09-09T03:15:58.6686316Z     o=s.get(RailOrderRow,order_id); o.status=tx['state']; o.updated_at=now(); append_vertical_evidence(s,'RAIL',order_id,'PAYMENT_CAPTURED',o.status,{'payment_intent_id':tx['payment_intent_id'],'capture_id':tx['capture_id'],'external_live':False}); s.flush(); return self._order(o)
2026-09-09T03:15:58.6691502Z                                                                               ^^^^^^^^^^^^^^^^^^^^^^^^^^^^^^^^^^^^^^^^^^^^^^^^^^^^^^^^^^^^^^^^^^^^^^^^^^^^^^^^^^^^^^^^^^^^^^^^^^^^^^^^^^^^^^^^^^^^^^^^^^^^^^^^^^^^^^^^^^^^^^^^^^^^^^^^^^^^^^^^^^^^^^^^^
2026-09-09T03:15:58.6694139Z src/go_hotel/services/rc20_vertical_evidence.py:57: in append_vertical_evidence
2026-09-09T03:15:58.6695594Z     session.flush()
2026-09-09T03:15:58.6697930Z /opt/hostedtoolcache/Python/3.13.5/x64/lib/python3.13/site-packages/sqlalchemy/orm/session.py:4352: in flush
2026-09-09T03:15:58.6703993Z     self._flush(objects)
2026-09-09T03:15:58.6705881Z /opt/hostedtoolcache/Python/3.13.5/x64/lib/python3.13/site-packages/sqlalchemy/orm/session.py:4487: in _flush
2026-09-09T03:15:58.6707522Z     with util.safe_reraise():
2026-09-09T03:15:58.6708258Z          ^^^^^^^^^^^^^^^^^^^
2026-09-09T03:15:58.6710342Z /opt/hostedtoolcache/Python/3.13.5/x64/lib/python3.13/site-packages/sqlalchemy/util/langhelpers.py:122: in __exit__
2026-09-09T03:15:58.6712493Z     raise exc_value.with_traceback(exc_tb)
2026-09-09T03:15:58.6714506Z /opt/hostedtoolcache/Python/3.13.5/x64/lib/python3.13/site-packages/sqlalchemy/orm/session.py:4448: in _flush
2026-09-09T03:15:58.6716221Z     flush_context.execute()
2026-09-09T03:15:58.6718217Z /opt/hostedtoolcache/Python/3.13.5/x64/lib/python3.13/site-packages/sqlalchemy/orm/unitofwork.py:465: in execute
2026-09-09T03:15:58.6720053Z     rec.execute(self)
2026-09-09T03:15:58.6721918Z /opt/hostedtoolcache/Python/3.13.5/x64/lib/python3.13/site-packages/sqlalchemy/orm/unitofwork.py:641: in execute
2026-09-09T03:15:58.6723752Z     util.preloaded.orm_persistence.save_obj(
2026-09-09T03:15:58.6725856Z /opt/hostedtoolcache/Python/3.13.5/x64/lib/python3.13/site-packages/sqlalchemy/orm/persistence.py:86: in save_obj
2026-09-09T03:15:58.6727505Z     _emit_update_statements(
2026-09-09T03:15:58.6729844Z /opt/hostedtoolcache/Python/3.13.5/x64/lib/python3.13/site-packages/sqlalchemy/orm/persistence.py:913: in _emit_update_statements
2026-09-09T03:15:58.6731821Z     c = connection.execute(
2026-09-09T03:15:58.6733724Z /opt/hostedtoolcache/Python/3.13.5/x64/lib/python3.13/site-packages/sqlalchemy/engine/base.py:1421: in execute
2026-09-09T03:15:58.6735381Z     return meth(
2026-09-09T03:15:58.6737460Z /opt/hostedtoolcache/Python/3.13.5/x64/lib/python3.13/site-packages/sqlalchemy/sql/elements.py:526: in _execute_on_connection
2026-09-09T03:15:58.6739600Z     return connection._execute_clauseelement(
2026-09-09T03:15:58.6741982Z /opt/hostedtoolcache/Python/3.13.5/x64/lib/python3.13/site-packages/sqlalchemy/engine/base.py:1643: in _execute_clauseelement
2026-09-09T03:15:58.6743931Z     ret = self._execute_context(
2026-09-09T03:15:58.6746035Z /opt/hostedtoolcache/Python/3.13.5/x64/lib/python3.13/site-packages/sqlalchemy/engine/base.py:1848: in _execute_context
2026-09-09T03:15:58.6747936Z     return self._exec_single_context(
2026-09-09T03:15:58.6750291Z /opt/hostedtoolcache/Python/3.13.5/x64/lib/python3.13/site-packages/sqlalchemy/engine/base.py:1988: in _exec_single_context
2026-09-09T03:15:58.6752234Z     self._handle_dbapi_exception(
2026-09-09T03:15:58.6754750Z /opt/hostedtoolcache/Python/3.13.5/x64/lib/python3.13/site-packages/sqlalchemy/engine/base.py:2365: in _handle_dbapi_exception
2026-09-09T03:15:58.6757092Z     raise sqlalchemy_exception.with_traceback(exc_info[2]) from e
2026-09-09T03:15:58.6759735Z /opt/hostedtoolcache/Python/3.13.5/x64/lib/python3.13/site-packages/sqlalchemy/engine/base.py:1969: in _exec_single_context
2026-09-09T03:15:58.6761635Z     self.dialect.do_execute(
2026-09-09T03:15:58.6763680Z /opt/hostedtoolcache/Python/3.13.5/x64/lib/python3.13/site-packages/sqlalchemy/engine/default.py:952: in do_execute
2026-09-09T03:15:58.6765647Z     cursor.execute(statement, parameters)
2026-09-09T03:15:58.6767002Z _ _ _ _ _ _ _ _ _ _ _ _ _ _ _ _ _ _ _ _ _ _ _ _ _ _ _ _ _ _ _ _ _ _ _ _ _ _ _ _ 
2026-09-09T03:15:58.6767814Z 
2026-09-09T03:15:58.6768870Z self = <psycopg.Cursor [closed] [IDLE] (host=localhost database=go) at 0x7f859186c350>
2026-09-09T03:15:58.6772910Z query = 'UPDATE rail_order_runtime SET status=%(status)s::VARCHAR, updated_at=%(updated_at)s::TIMESTAMP WITH TIME ZONE WHERE rail_order_runtime.order_id = %(rail_order_runtime_order_id)s::VARCHAR'
2026-09-09T03:15:58.6777723Z params = {'rail_order_runtime_order_id': 'rail_ord_53e45c119a9e470d', 'status': 'PAYMENT_CONFIRMED_AWAITING_SUPPLIER', 'updated_at': datetime.datetime(2026, 9, 9, 3, 14, 35, 990984)}
2026-09-09T03:15:58.6779911Z 
2026-09-09T03:15:58.6780164Z     def execute(
2026-09-09T03:15:58.6780728Z         self,
2026-09-09T03:15:58.6781290Z         query: Query,
2026-09-09T03:15:58.6782029Z         params: Params | None = None,
2026-09-09T03:15:58.6782795Z         *,
2026-09-09T03:15:58.6783439Z         prepare: bool | None = None,
2026-09-09T03:15:58.6784283Z         binary: bool | None = None,
2026-09-09T03:15:58.6785024Z     ) -> Self:
2026-09-09T03:15:58.6785558Z         """
2026-09-09T03:15:58.6786294Z         Execute a query or command to the database.
2026-09-09T03:15:58.6787150Z         """
2026-09-09T03:15:58.6787843Z         try:
2026-09-09T03:15:58.6788549Z             with self._conn.lock:
2026-09-09T03:15:58.6789471Z                 self._conn.wait(
2026-09-09T03:15:58.6790701Z                     self._execute_gen(query, params, prepare=prepare, binary=binary)
2026-09-09T03:15:58.6791917Z                 )
2026-09-09T03:15:58.6792624Z         except e._NO_TRACEBACK as ex:
2026-09-09T03:15:58.6793612Z >           raise ex.with_traceback(None)
2026-09-09T03:15:58.6795905Z E           sqlalchemy.exc.DataError: (psycopg.errors.StringDataRightTruncation) value too long for type character varying(32)
2026-09-09T03:15:58.6800392Z E           [SQL: UPDATE rail_order_runtime SET status=%(status)s::VARCHAR, updated_at=%(updated_at)s::TIMESTAMP WITH TIME ZONE WHERE rail_order_runtime.order_id = %(rail_order_runtime_order_id)s::VARCHAR]
2026-09-09T03:15:58.6805248Z E           [parameters: {'status': 'PAYMENT_CONFIRMED_AWAITING_SUPPLIER', 'updated_at': datetime.datetime(2026, 9, 9, 3, 14, 35, 990984), 'rail_order_runtime_order_id': 'rail_ord_53e45c119a9e470d'}]
2026-09-09T03:15:58.6808223Z E           (Background on this error at: https://sqlalche.me/e/20/9h9h)
2026-09-09T03:15:58.6809046Z 
2026-09-09T03:15:58.6810476Z /opt/hostedtoolcache/Python/3.13.5/x64/lib/python3.13/site-packages/psycopg/cursor.py:97: DataError
2026-09-09T03:15:58.6812852Z _ test_rail_change_holds_both_dates_until_result_then_releases_correct_pool[TICKETED] _
2026-09-09T03:15:58.6813981Z 
2026-09-09T03:15:58.6814814Z self = <sqlalchemy.engine.base.Connection object at 0x7f859186fa10>
2026-09-09T03:15:58.6816945Z dialect = <sqlalchemy.dialects.postgresql.psycopg.PGDialect_psycopg object at 0x7f85941cae40>
2026-09-09T03:15:58.6819738Z context = <sqlalchemy.dialects.postgresql.psycopg.PGExecutionContext_psycopg object at 0x7f85919daad0>
2026-09-09T03:15:58.6822477Z statement = <sqlalchemy.dialects.postgresql.psycopg.PGCompiler_psycopg object at 0x7f8591a48550>
2026-09-09T03:15:58.6826259Z parameters = [{'rail_order_runtime_order_id': 'rail_ord_00d109133c7948c3', 'status': 'PAYMENT_CONFIRMED_AWAITING_SUPPLIER', 'updated_at': datetime.datetime(2026, 9, 9, 3, 14, 39, 463619)}]
2026-09-09T03:15:58.6828630Z 
2026-09-09T03:15:58.6828916Z     def _exec_single_context(
2026-09-09T03:15:58.6829710Z         self,
2026-09-09T03:15:58.6830280Z         dialect: Dialect,
2026-09-09T03:15:58.6831037Z         context: ExecutionContext,
2026-09-09T03:15:58.6831906Z         statement: Union[str, Compiled],
2026-09-09T03:15:58.6832927Z         parameters: Optional[_AnyMultiExecuteParams],
2026-09-09T03:15:58.6833872Z     ) -> CursorResult[Any]:
2026-09-09T03:15:58.6834880Z         """continue the _execute_context() method for a single DBAPI
2026-09-09T03:15:58.6836154Z         cursor.execute() or cursor.executemany() call.
2026-09-09T03:15:58.6837057Z     
2026-09-09T03:15:58.6837552Z         """
2026-09-09T03:15:58.6838380Z         if dialect.bind_typing is BindTyping.SETINPUTSIZES:
2026-09-09T03:15:58.6839887Z             generic_setinputsizes = context._prepare_set_input_sizes()
2026-09-09T03:15:58.6840920Z     
2026-09-09T03:15:58.6841543Z             if generic_setinputsizes:
2026-09-09T03:15:58.6842309Z                 try:
2026-09-09T03:15:58.6843060Z                     dialect.do_set_input_sizes(
2026-09-09T03:15:58.6844226Z                         context.cursor, generic_setinputsizes, context
2026-09-09T03:15:58.6845223Z                     )
2026-09-09T03:15:58.6845966Z                 except BaseException as e:
2026-09-09T03:15:58.6846926Z                     self._handle_dbapi_exception(
2026-09-09T03:15:58.6848023Z                         e, str(statement), parameters, None, context
2026-09-09T03:15:58.6848918Z                     )
2026-09-09T03:15:58.6849616Z     
2026-09-09T03:15:58.6850289Z         cursor, str_statement, parameters = (
2026-09-09T03:15:58.6851117Z             context.cursor,
2026-09-09T03:15:58.6851851Z             context.statement,
2026-09-09T03:15:58.6852643Z             context.parameters,
2026-09-09T03:15:58.6853333Z         )
2026-09-09T03:15:58.6854030Z     
2026-09-09T03:15:58.6854842Z         effective_parameters: Optional[_AnyExecuteParams]
2026-09-09T03:15:58.6855739Z     
2026-09-09T03:15:58.6856341Z         if not context.executemany:
2026-09-09T03:15:58.6857233Z             effective_parameters = parameters[0]
2026-09-09T03:15:58.6858039Z         else:
2026-09-09T03:15:58.6858746Z             effective_parameters = parameters
2026-09-09T03:15:58.6859662Z     
2026-09-09T03:15:58.6860399Z         if self._has_events or self.engine._has_events:
2026-09-09T03:15:58.6861550Z             for fn in self.dispatch.before_cursor_execute:
2026-09-09T03:15:58.6862697Z                 str_statement, effective_parameters = fn(
2026-09-09T03:15:58.6863578Z                     self,
2026-09-09T03:15:58.6864225Z                     cursor,
2026-09-09T03:15:58.6864987Z                     str_statement,
2026-09-09T03:15:58.6865833Z                     effective_parameters,
2026-09-09T03:15:58.6866635Z                     context,
2026-09-09T03:15:58.6867432Z                     context.executemany,
2026-09-09T03:15:58.6868219Z                 )
2026-09-09T03:15:58.6868767Z     
2026-09-09T03:15:58.6869432Z         if self._echo:
2026-09-09T03:15:58.6870225Z             self._log_info(str_statement)
2026-09-09T03:15:58.6870996Z     
2026-09-09T03:15:58.6871636Z             stats = context._get_cache_stats()
2026-09-09T03:15:58.6872389Z     
2026-09-09T03:15:58.6873068Z             if not self.engine.hide_parameters:
2026-09-09T03:15:58.6873968Z                 self._log_info(
2026-09-09T03:15:58.6874717Z                     "[%s] %r",
2026-09-09T03:15:58.6875420Z                     stats,
2026-09-09T03:15:58.6876188Z                     sql_util._repr_params(
2026-09-09T03:15:58.6877110Z                         effective_parameters,
2026-09-09T03:15:58.6877978Z                         batches=10,
2026-09-09T03:15:58.6878854Z                         ismulti=context.executemany,
2026-09-09T03:15:58.6879822Z                     ),
2026-09-09T03:15:58.6880391Z                 )
2026-09-09T03:15:58.6880928Z             else:
2026-09-09T03:15:58.6881747Z                 self._log_info(
2026-09-09T03:15:58.6882787Z                     "[%s] [SQL parameters hidden due to hide_parameters=True]",
2026-09-09T03:15:58.6883849Z                     stats,
2026-09-09T03:15:58.6884445Z                 )
2026-09-09T03:15:58.6884963Z     
2026-09-09T03:15:58.6885552Z         evt_handled: bool = False
2026-09-09T03:15:58.6886251Z         try:
2026-09-09T03:15:58.6887097Z             if context.execute_style is ExecuteStyle.EXECUTEMANY:
2026-09-09T03:15:58.6888274Z                 effective_parameters = cast(
2026-09-09T03:15:58.6889501Z                     "_CoreMultiExecuteParams", effective_parameters
2026-09-09T03:15:58.6890464Z                 )
2026-09-09T03:15:58.6891166Z                 if self.dialect._has_events:
2026-09-09T03:15:58.6892245Z                     for fn in self.dialect.dispatch.do_executemany:
2026-09-09T03:15:58.6893216Z                         if fn(
2026-09-09T03:15:58.6893965Z                             cursor,
2026-09-09T03:15:58.6894807Z                             str_statement,
2026-09-09T03:15:58.6895702Z                             effective_parameters,
2026-09-09T03:15:58.6896594Z                             context,
2026-09-09T03:15:58.6897322Z                         ):
2026-09-09T03:15:58.6898122Z                             evt_handled = True
2026-09-09T03:15:58.6899084Z                             break
2026-09-09T03:15:58.6900186Z                 if not evt_handled:
2026-09-09T03:15:58.6901158Z                     self.dialect.do_executemany(
2026-09-09T03:15:58.6902094Z                         cursor,
2026-09-09T03:15:58.6902928Z                         str_statement,
2026-09-09T03:15:58.6903874Z                         effective_parameters,
2026-09-09T03:15:58.6904822Z                         context,
2026-09-09T03:15:58.6905550Z                     )
2026-09-09T03:15:58.6906789Z             elif not effective_parameters and context.no_parameters:
2026-09-09T03:15:58.6908047Z                 if self.dialect._has_events:
2026-09-09T03:15:58.6909417Z                     for fn in self.dialect.dispatch.do_execute_no_params:
2026-09-09T03:15:58.6910744Z                         if fn(cursor, str_statement, context):
2026-09-09T03:15:58.6911813Z                             evt_handled = True
2026-09-09T03:15:58.6912688Z                             break
2026-09-09T03:15:58.6913421Z                 if not evt_handled:
2026-09-09T03:15:58.6914322Z                     self.dialect.do_execute_no_params(
2026-09-09T03:15:58.6915337Z                         cursor, str_statement, context
2026-09-09T03:15:58.6916147Z                     )
2026-09-09T03:15:58.6916722Z             else:
2026-09-09T03:15:58.6917429Z                 effective_parameters = cast(
2026-09-09T03:15:58.6918566Z                     "_CoreSingleExecuteParams", effective_parameters
2026-09-09T03:15:58.6919636Z                 )
2026-09-09T03:15:58.6920334Z                 if self.dialect._has_events:
2026-09-09T03:15:58.6921377Z                     for fn in self.dialect.dispatch.do_execute:
2026-09-09T03:15:58.6922365Z                         if fn(
2026-09-09T03:15:58.6923079Z                             cursor,
2026-09-09T03:15:58.6923881Z                             str_statement,
2026-09-09T03:15:58.6924788Z                             effective_parameters,
2026-09-09T03:15:58.6925687Z                             context,
2026-09-09T03:15:58.6926387Z                         ):
2026-09-09T03:15:58.6927124Z                             evt_handled = True
2026-09-09T03:15:58.6927989Z                             break
2026-09-09T03:15:58.6928733Z                 if not evt_handled:
2026-09-09T03:15:58.6929810Z >                   self.dialect.do_execute(
2026-09-09T03:15:58.6931036Z                         cursor, str_statement, effective_parameters, context
2026-09-09T03:15:58.6932089Z                     )
2026-09-09T03:15:58.6932491Z 
2026-09-09T03:15:58.6933839Z /opt/hostedtoolcache/Python/3.13.5/x64/lib/python3.13/site-packages/sqlalchemy/engine/base.py:1969: 
2026-09-09T03:15:58.6935942Z _ _ _ _ _ _ _ _ _ _ _ _ _ _ _ _ _ _ _ _ _ _ _ _ _ _ _ _ _ _ _ _ _ _ _ _ _ _ _ _ 
2026-09-09T03:15:58.6936938Z /opt/hostedtoolcache/Python/3.13.5/x64/lib/python3.13/site-packages/sqlalchemy/engine/default.py:952: in do_execute
2026-09-09T03:15:58.6937754Z     cursor.execute(statement, parameters)
2026-09-09T03:15:58.6938381Z _ _ _ _ _ _ _ _ _ _ _ _ _ _ _ _ _ _ _ _ _ _ _ _ _ _ _ _ _ _ _ _ _ _ _ _ _ _ _ _ 
2026-09-09T03:15:58.6938748Z 
2026-09-09T03:15:58.6939358Z self = <psycopg.Cursor [closed] [IDLE] (host=localhost database=go) at 0x7f859186f650>
2026-09-09T03:15:58.6940960Z query = 'UPDATE rail_order_runtime SET status=%(status)s::VARCHAR, updated_at=%(updated_at)s::TIMESTAMP WITH TIME ZONE WHERE rail_order_runtime.order_id = %(rail_order_runtime_order_id)s::VARCHAR'
2026-09-09T03:15:58.6943056Z params = {'rail_order_runtime_order_id': 'rail_ord_00d109133c7948c3', 'status': 'PAYMENT_CONFIRMED_AWAITING_SUPPLIER', 'updated_at': datetime.datetime(2026, 9, 9, 3, 14, 39, 463619)}
2026-09-09T03:15:58.6943965Z 
2026-09-09T03:15:58.6944101Z     def execute(
2026-09-09T03:15:58.6944398Z         self,
2026-09-09T03:15:58.6944692Z         query: Query,
2026-09-09T03:15:58.6945067Z         params: Params | None = None,
2026-09-09T03:15:58.6945430Z         *,
2026-09-09T03:15:58.6945758Z         prepare: bool | None = None,
2026-09-09T03:15:58.6946180Z         binary: bool | None = None,
2026-09-09T03:15:58.6946537Z     ) -> Self:
2026-09-09T03:15:58.6946814Z         """
2026-09-09T03:15:58.6947186Z         Execute a query or command to the database.
2026-09-09T03:15:58.6947594Z         """
2026-09-09T03:15:58.6947842Z         try:
2026-09-09T03:15:58.6948155Z             with self._conn.lock:
2026-09-09T03:15:58.6948545Z                 self._conn.wait(
2026-09-09T03:15:58.6949255Z                     self._execute_gen(query, params, prepare=prepare, binary=binary)
2026-09-09T03:15:58.6949835Z                 )
2026-09-09T03:15:58.6950366Z         except e._NO_TRACEBACK as ex:
2026-09-09T03:15:58.6950852Z >           raise ex.with_traceback(None)
2026-09-09T03:15:58.6951692Z E           psycopg.errors.StringDataRightTruncation: value too long for type character varying(32)
2026-09-09T03:15:58.6952277Z 
2026-09-09T03:15:58.6953007Z /opt/hostedtoolcache/Python/3.13.5/x64/lib/python3.13/site-packages/psycopg/cursor.py:97: StringDataRightTruncation
2026-09-09T03:15:58.6953685Z 
2026-09-09T03:15:58.6954095Z The above exception was the direct cause of the following exception:
2026-09-09T03:15:58.6954512Z 
2026-09-09T03:15:58.6954671Z decision = 'TICKETED'
2026-09-09T03:15:58.6954857Z 
2026-09-09T03:15:58.6955160Z     @pytest.mark.parametrize('decision',['TICKETED','FAILED'])
2026-09-09T03:15:58.6955992Z     def test_rail_change_holds_both_dates_until_result_then_releases_correct_pool(decision):
2026-09-09T03:15:58.6956820Z >       svc,owner,oid=booked('RAIL');old=svc.order(owner,oid)
2026-09-09T03:15:58.6957340Z                       ^^^^^^^^^^^^^^
2026-09-09T03:15:58.6957570Z 
2026-09-09T03:15:58.6957813Z tests/test_depth23_capacity.py:99: 
2026-09-09T03:15:58.6958398Z _ _ _ _ _ _ _ _ _ _ _ _ _ _ _ _ _ _ _ _ _ _ _ _ _ _ _ _ _ _ _ _ _ _ _ _ _ _ _ _ 
2026-09-09T03:15:58.6959011Z tests/test_depth21_refund_recovery.py:25: in booked
2026-09-09T03:15:58.6959724Z     rail_service.checkout(owner,order['order_id'],'isolated')
2026-09-09T03:15:58.6960327Z src/go_hotel/rail/service.py:124: in checkout
2026-09-09T03:15:58.6961985Z     o=s.get(RailOrderRow,order_id); o.status=tx['state']; o.updated_at=now(); append_vertical_evidence(s,'RAIL',order_id,'PAYMENT_CAPTURED',o.status,{'payment_intent_id':tx['payment_intent_id'],'capture_id':tx['capture_id'],'external_live':False}); s.flush(); return self._order(o)
2026-09-09T03:15:58.6964013Z                                                                               ^^^^^^^^^^^^^^^^^^^^^^^^^^^^^^^^^^^^^^^^^^^^^^^^^^^^^^^^^^^^^^^^^^^^^^^^^^^^^^^^^^^^^^^^^^^^^^^^^^^^^^^^^^^^^^^^^^^^^^^^^^^^^^^^^^^^^^^^^^^^^^^^^^^^^^^^^^^^^^^^^^^^^^^^^
2026-09-09T03:15:58.6965407Z src/go_hotel/services/rc20_vertical_evidence.py:57: in append_vertical_evidence
2026-09-09T03:15:58.6966020Z     session.flush()
2026-09-09T03:15:58.6966870Z /opt/hostedtoolcache/Python/3.13.5/x64/lib/python3.13/site-packages/sqlalchemy/orm/session.py:4352: in flush
2026-09-09T03:15:58.6967634Z     self._flush(objects)
2026-09-09T03:15:58.6968469Z /opt/hostedtoolcache/Python/3.13.5/x64/lib/python3.13/site-packages/sqlalchemy/orm/session.py:4487: in _flush
2026-09-09T03:15:58.6969384Z     with util.safe_reraise():
2026-09-09T03:15:58.6969742Z          ^^^^^^^^^^^^^^^^^^^
2026-09-09T03:15:58.6970660Z /opt/hostedtoolcache/Python/3.13.5/x64/lib/python3.13/site-packages/sqlalchemy/util/langhelpers.py:122: in __exit__
2026-09-09T03:15:58.6971496Z     raise exc_value.with_traceback(exc_tb)
2026-09-09T03:15:58.6972396Z /opt/hostedtoolcache/Python/3.13.5/x64/lib/python3.13/site-packages/sqlalchemy/orm/session.py:4448: in _flush
2026-09-09T03:15:58.6973161Z     flush_context.execute()
2026-09-09T03:15:58.6974007Z /opt/hostedtoolcache/Python/3.13.5/x64/lib/python3.13/site-packages/sqlalchemy/orm/unitofwork.py:465: in execute
2026-09-09T03:15:58.6974709Z     rec.execute(self)
2026-09-09T03:15:58.6975566Z /opt/hostedtoolcache/Python/3.13.5/x64/lib/python3.13/site-packages/sqlalchemy/orm/unitofwork.py:641: in execute
2026-09-09T03:15:58.6976398Z     util.preloaded.orm_persistence.save_obj(
2026-09-09T03:15:58.6977405Z /opt/hostedtoolcache/Python/3.13.5/x64/lib/python3.13/site-packages/sqlalchemy/orm/persistence.py:86: in save_obj
2026-09-09T03:15:58.6978159Z     _emit_update_statements(
2026-09-09T03:15:58.6979267Z /opt/hostedtoolcache/Python/3.13.5/x64/lib/python3.13/site-packages/sqlalchemy/orm/persistence.py:913: in _emit_update_statements
2026-09-09T03:15:58.6980150Z     c = connection.execute(
2026-09-09T03:15:58.6980994Z /opt/hostedtoolcache/Python/3.13.5/x64/lib/python3.13/site-packages/sqlalchemy/engine/base.py:1421: in execute
2026-09-09T03:15:58.6981937Z     return meth(
2026-09-09T03:15:58.6982858Z /opt/hostedtoolcache/Python/3.13.5/x64/lib/python3.13/site-packages/sqlalchemy/sql/elements.py:526: in _execute_on_connection
2026-09-09T03:15:58.6983757Z     return connection._execute_clauseelement(
2026-09-09T03:15:58.6984753Z /opt/hostedtoolcache/Python/3.13.5/x64/lib/python3.13/site-packages/sqlalchemy/engine/base.py:1643: in _execute_clauseelement
2026-09-09T03:15:58.6985614Z     ret = self._execute_context(
2026-09-09T03:15:58.6986569Z /opt/hostedtoolcache/Python/3.13.5/x64/lib/python3.13/site-packages/sqlalchemy/engine/base.py:1848: in _execute_context
2026-09-09T03:15:58.6987451Z     return self._exec_single_context(
2026-09-09T03:15:58.6988605Z /opt/hostedtoolcache/Python/3.13.5/x64/lib/python3.13/site-packages/sqlalchemy/engine/base.py:1988: in _exec_single_context
2026-09-09T03:15:58.6989624Z     self._handle_dbapi_exception(
2026-09-09T03:15:58.6990633Z /opt/hostedtoolcache/Python/3.13.5/x64/lib/python3.13/site-packages/sqlalchemy/engine/base.py:2365: in _handle_dbapi_exception
2026-09-09T03:15:58.6991606Z     raise sqlalchemy_exception.with_traceback(exc_info[2]) from e
2026-09-09T03:15:58.6992742Z /opt/hostedtoolcache/Python/3.13.5/x64/lib/python3.13/site-packages/sqlalchemy/engine/base.py:1969: in _exec_single_context
2026-09-09T03:15:58.6993534Z     self.dialect.do_execute(
2026-09-09T03:15:58.6994456Z /opt/hostedtoolcache/Python/3.13.5/x64/lib/python3.13/site-packages/sqlalchemy/engine/default.py:952: in do_execute
2026-09-09T03:15:58.6995274Z     cursor.execute(statement, parameters)
2026-09-09T03:15:58.6995889Z _ _ _ _ _ _ _ _ _ _ _ _ _ _ _ _ _ _ _ _ _ _ _ _ _ _ _ _ _ _ _ _ _ _ _ _ _ _ _ _ 
2026-09-09T03:15:58.6996218Z 
2026-09-09T03:15:58.6996699Z self = <psycopg.Cursor [closed] [IDLE] (host=localhost database=go) at 0x7f859186f650>
2026-09-09T03:15:58.6998320Z query = 'UPDATE rail_order_runtime SET status=%(status)s::VARCHAR, updated_at=%(updated_at)s::TIMESTAMP WITH TIME ZONE WHERE rail_order_runtime.order_id = %(rail_order_runtime_order_id)s::VARCHAR'
2026-09-09T03:15:58.7000460Z params = {'rail_order_runtime_order_id': 'rail_ord_00d109133c7948c3', 'status': 'PAYMENT_CONFIRMED_AWAITING_SUPPLIER', 'updated_at': datetime.datetime(2026, 9, 9, 3, 14, 39, 463619)}
2026-09-09T03:15:58.7001495Z 
2026-09-09T03:15:58.7001638Z     def execute(
2026-09-09T03:15:58.7001934Z         self,
2026-09-09T03:15:58.7002233Z         query: Query,
2026-09-09T03:15:58.7002630Z         params: Params | None = None,
2026-09-09T03:15:58.7003013Z         *,
2026-09-09T03:15:58.7003342Z         prepare: bool | None = None,
2026-09-09T03:15:58.7003789Z         binary: bool | None = None,
2026-09-09T03:15:58.7004174Z     ) -> Self:
2026-09-09T03:15:58.7004467Z         """
2026-09-09T03:15:58.7004881Z         Execute a query or command to the database.
2026-09-09T03:15:58.7005304Z         """
2026-09-09T03:15:58.7005635Z         try:
2026-09-09T03:15:58.7005982Z             with self._conn.lock:
2026-09-09T03:15:58.7006398Z                 self._conn.wait(
2026-09-09T03:15:58.7006998Z                     self._execute_gen(query, params, prepare=prepare, binary=binary)
2026-09-09T03:15:58.7007543Z                 )
2026-09-09T03:15:58.7007907Z         except e._NO_TRACEBACK as ex:
2026-09-09T03:15:58.7008379Z >           raise ex.with_traceback(None)
2026-09-09T03:15:58.7009572Z E           sqlalchemy.exc.DataError: (psycopg.errors.StringDataRightTruncation) value too long for type character varying(32)
2026-09-09T03:15:58.7011549Z E           [SQL: UPDATE rail_order_runtime SET status=%(status)s::VARCHAR, updated_at=%(updated_at)s::TIMESTAMP WITH TIME ZONE WHERE rail_order_runtime.order_id = %(rail_order_runtime_order_id)s::VARCHAR]
2026-09-09T03:15:58.7013744Z E           [parameters: {'status': 'PAYMENT_CONFIRMED_AWAITING_SUPPLIER', 'updated_at': datetime.datetime(2026, 9, 9, 3, 14, 39, 463619), 'rail_order_runtime_order_id': 'rail_ord_00d109133c7948c3'}]
2026-09-09T03:15:58.7015090Z E           (Background on this error at: https://sqlalche.me/e/20/9h9h)
2026-09-09T03:15:58.7015657Z 
2026-09-09T03:15:58.7016300Z /opt/hostedtoolcache/Python/3.13.5/x64/lib/python3.13/site-packages/psycopg/cursor.py:97: DataError
2026-09-09T03:15:58.7017371Z _ test_rail_change_holds_both_dates_until_result_then_releases_correct_pool[FAILED] _
2026-09-09T03:15:58.7017870Z 
2026-09-09T03:15:58.7018284Z self = <sqlalchemy.engine.base.Connection object at 0x7f859186ebd0>
2026-09-09T03:15:58.7019382Z dialect = <sqlalchemy.dialects.postgresql.psycopg.PGDialect_psycopg object at 0x7f85941cae40>
2026-09-09T03:15:58.7020610Z context = <sqlalchemy.dialects.postgresql.psycopg.PGExecutionContext_psycopg object at 0x7f85919db240>
2026-09-09T03:15:58.7021881Z statement = <sqlalchemy.dialects.postgresql.psycopg.PGCompiler_psycopg object at 0x7f8591a48550>
2026-09-09T03:15:58.7023598Z parameters = [{'rail_order_runtime_order_id': 'rail_ord_94d2102ff94a49df', 'status': 'PAYMENT_CONFIRMED_AWAITING_SUPPLIER', 'updated_at': datetime.datetime(2026, 9, 9, 3, 14, 41, 460072)}]
2026-09-09T03:15:58.7024589Z 
2026-09-09T03:15:58.7024746Z     def _exec_single_context(
2026-09-09T03:15:58.7025125Z         self,
2026-09-09T03:15:58.7025426Z         dialect: Dialect,
2026-09-09T03:15:58.7025820Z         context: ExecutionContext,
2026-09-09T03:15:58.7026260Z         statement: Union[str, Compiled],
2026-09-09T03:15:58.7026785Z         parameters: Optional[_AnyMultiExecuteParams],
2026-09-09T03:15:58.7027286Z     ) -> CursorResult[Any]:
2026-09-09T03:15:58.7027828Z         """continue the _execute_context() method for a single DBAPI
2026-09-09T03:15:58.7028397Z         cursor.execute() or cursor.executemany() call.
2026-09-09T03:15:58.7028814Z     
2026-09-09T03:15:58.7029086Z         """
2026-09-09T03:15:58.7029634Z         if dialect.bind_typing is BindTyping.SETINPUTSIZES:
2026-09-09T03:15:58.7030311Z             generic_setinputsizes = context._prepare_set_input_sizes()
2026-09-09T03:15:58.7030829Z     
2026-09-09T03:15:58.7031167Z             if generic_setinputsizes:
2026-09-09T03:15:58.7031560Z                 try:
2026-09-09T03:15:58.7031966Z                     dialect.do_set_input_sizes(
2026-09-09T03:15:58.7032721Z                         context.cursor, generic_setinputsizes, context
2026-09-09T03:15:58.7033205Z                     )
2026-09-09T03:15:58.7033608Z                 except BaseException as e:
2026-09-09T03:15:58.7034091Z                     self._handle_dbapi_exception(
2026-09-09T03:15:58.7034655Z                         e, str(statement), parameters, None, context
2026-09-09T03:15:58.7035128Z                     )
2026-09-09T03:15:58.7035424Z     
2026-09-09T03:15:58.7035779Z         cursor, str_statement, parameters = (
2026-09-09T03:15:58.7036231Z             context.cursor,
2026-09-09T03:15:58.7036602Z             context.statement,
2026-09-09T03:15:58.7036997Z             context.parameters,
2026-09-09T03:15:58.7037317Z         )
2026-09-09T03:15:58.7037553Z     
2026-09-09T03:15:58.7037952Z         effective_parameters: Optional[_AnyExecuteParams]
2026-09-09T03:15:58.7038414Z     
2026-09-09T03:15:58.7038753Z         if not context.executemany:
2026-09-09T03:15:58.7039357Z             effective_parameters = parameters[0]
2026-09-09T03:15:58.7039785Z         else:
2026-09-09T03:15:58.7040155Z             effective_parameters = parameters
2026-09-09T03:15:58.7040563Z     
2026-09-09T03:15:58.7040947Z         if self._has_events or self.engine._has_events:
2026-09-09T03:15:58.7041528Z             for fn in self.dispatch.before_cursor_execute:
2026-09-09T03:15:58.7042093Z                 str_statement, effective_parameters = fn(
2026-09-09T03:15:58.7042542Z                     self,
2026-09-09T03:15:58.7042880Z                     cursor,
2026-09-09T03:15:58.7043258Z                     str_statement,
2026-09-09T03:15:58.7043706Z                     effective_parameters,
2026-09-09T03:15:58.7044101Z                     context,
2026-09-09T03:15:58.7044498Z                     context.executemany,
2026-09-09T03:15:58.7044896Z                 )
2026-09-09T03:15:58.7045178Z     
2026-09-09T03:15:58.7045630Z         if self._echo:
2026-09-09T03:15:58.7046000Z             self._log_info(str_statement)
2026-09-09T03:15:58.7046374Z     
2026-09-09T03:15:58.7046721Z             stats = context._get_cache_stats()
2026-09-09T03:15:58.7047102Z     
2026-09-09T03:15:58.7047455Z             if not self.engine.hide_parameters:
2026-09-09T03:15:58.7047912Z                 self._log_info(
2026-09-09T03:15:58.7048293Z                     "[%s] %r",
2026-09-09T03:15:58.7048651Z                     stats,
2026-09-09T03:15:58.7049025Z                     sql_util._repr_params(
2026-09-09T03:15:58.7049626Z                         effective_parameters,
2026-09-09T03:15:58.7050085Z                         batches=10,
2026-09-09T03:15:58.7050545Z                         ismulti=context.executemany,
2026-09-09T03:15:58.7050980Z                     ),
2026-09-09T03:15:58.7051299Z                 )
2026-09-09T03:15:58.7051576Z             else:
2026-09-09T03:15:58.7051924Z                 self._log_info(
2026-09-09T03:15:58.7052474Z                     "[%s] [SQL parameters hidden due to hide_parameters=True]",
2026-09-09T03:15:58.7053019Z                     stats,
2026-09-09T03:15:58.7053333Z                 )
2026-09-09T03:15:58.7053625Z     
2026-09-09T03:15:58.7053948Z         evt_handled: bool = False
2026-09-09T03:15:58.7054315Z         try:
2026-09-09T03:15:58.7054760Z             if context.execute_style is ExecuteStyle.EXECUTEMANY:
2026-09-09T03:15:58.7055277Z                 effective_parameters = cast(
2026-09-09T03:15:58.7055836Z                     "_CoreMultiExecuteParams", effective_parameters
2026-09-09T03:15:58.7056344Z                 )
2026-09-09T03:15:58.7056706Z                 if self.dialect._has_events:
2026-09-09T03:15:58.7057258Z                     for fn in self.dialect.dispatch.do_executemany:
2026-09-09T03:15:58.7057735Z                         if fn(
2026-09-09T03:15:58.7058101Z                             cursor,
2026-09-09T03:15:58.7058512Z                             str_statement,
2026-09-09T03:15:58.7058998Z                             effective_parameters,
2026-09-09T03:15:58.7059787Z                             context,
2026-09-09T03:15:58.7060155Z                         ):
2026-09-09T03:15:58.7060558Z                             evt_handled = True
2026-09-09T03:15:58.7060971Z                             break
2026-09-09T03:15:58.7061365Z                 if not evt_handled:
2026-09-09T03:15:58.7061790Z                     self.dialect.do_executemany(
2026-09-09T03:15:58.7062234Z                         cursor,
2026-09-09T03:15:58.7062602Z                         str_statement,
2026-09-09T03:15:58.7063010Z                         effective_parameters,
2026-09-09T03:15:58.7063419Z                         context,
2026-09-09T03:15:58.7063765Z                     )
2026-09-09T03:15:58.7064228Z             elif not effective_parameters and context.no_parameters:
2026-09-09T03:15:58.7064797Z                 if self.dialect._has_events:
2026-09-09T03:15:58.7065370Z                     for fn in self.dialect.dispatch.do_execute_no_params:
2026-09-09T03:15:58.7065980Z                         if fn(cursor, str_statement, context):
2026-09-09T03:15:58.7066486Z                             evt_handled = True
2026-09-09T03:15:58.7066920Z                             break
2026-09-09T03:15:58.7067344Z                 if not evt_handled:
2026-09-09T03:15:58.7067793Z                     self.dialect.do_execute_no_params(
2026-09-09T03:15:58.7068324Z                         cursor, str_statement, context
2026-09-09T03:15:58.7068759Z                     )
2026-09-09T03:15:58.7069067Z             else:
2026-09-09T03:15:58.7069590Z                 effective_parameters = cast(
2026-09-09T03:15:58.7070146Z                     "_CoreSingleExecuteParams", effective_parameters
2026-09-09T03:15:58.7070608Z                 )
2026-09-09T03:15:58.7070973Z                 if self.dialect._has_events:
2026-09-09T03:15:58.7071512Z                     for fn in self.dialect.dispatch.do_execute:
2026-09-09T03:15:58.7072189Z                         if fn(
2026-09-09T03:15:58.7072582Z                             cursor,
2026-09-09T03:15:58.7072996Z                             str_statement,
2026-09-09T03:15:58.7073459Z                             effective_parameters,
2026-09-09T03:15:58.7073926Z                             context,
2026-09-09T03:15:58.7074309Z                         ):
2026-09-09T03:15:58.7074716Z                             evt_handled = True
2026-09-09T03:15:58.7075114Z                             break
2026-09-09T03:15:58.7075494Z                 if not evt_handled:
2026-09-09T03:15:58.7075958Z >                   self.dialect.do_execute(
2026-09-09T03:15:58.7076540Z                         cursor, str_statement, effective_parameters, context
2026-09-09T03:15:58.7077059Z                     )
2026-09-09T03:15:58.7077257Z 
2026-09-09T03:15:58.7077894Z /opt/hostedtoolcache/Python/3.13.5/x64/lib/python3.13/site-packages/sqlalchemy/engine/base.py:1969: 
2026-09-09T03:15:58.7078818Z _ _ _ _ _ _ _ _ _ _ _ _ _ _ _ _ _ _ _ _ _ _ _ _ _ _ _ _ _ _ _ _ _ _ _ _ _ _ _ _ 
2026-09-09T03:15:58.7080039Z /opt/hostedtoolcache/Python/3.13.5/x64/lib/python3.13/site-packages/sqlalchemy/engine/default.py:952: in do_execute
2026-09-09T03:15:58.7080902Z     cursor.execute(statement, parameters)
2026-09-09T03:15:58.7081532Z _ _ _ _ _ _ _ _ _ _ _ _ _ _ _ _ _ _ _ _ _ _ _ _ _ _ _ _ _ _ _ _ _ _ _ _ _ _ _ _ 
2026-09-09T03:15:58.7081880Z 
2026-09-09T03:15:58.7082364Z self = <psycopg.Cursor [closed] [IDLE] (host=localhost database=go) at 0x7f859186c4d0>
2026-09-09T03:15:58.7084063Z query = 'UPDATE rail_order_runtime SET status=%(status)s::VARCHAR, updated_at=%(updated_at)s::TIMESTAMP WITH TIME ZONE WHERE rail_order_runtime.order_id = %(rail_order_runtime_order_id)s::VARCHAR'
2026-09-09T03:15:58.7086150Z params = {'rail_order_runtime_order_id': 'rail_ord_94d2102ff94a49df', 'status': 'PAYMENT_CONFIRMED_AWAITING_SUPPLIER', 'updated_at': datetime.datetime(2026, 9, 9, 3, 14, 41, 460072)}
2026-09-09T03:15:58.7087095Z 
2026-09-09T03:15:58.7087239Z     def execute(
2026-09-09T03:15:58.7087562Z         self,
2026-09-09T03:15:58.7087853Z         query: Query,
2026-09-09T03:15:58.7088467Z         params: Params | None = None,
2026-09-09T03:15:58.7088843Z         *,
2026-09-09T03:15:58.7089306Z         prepare: bool | None = None,
2026-09-09T03:15:58.7089747Z         binary: bool | None = None,
2026-09-09T03:15:58.7090133Z     ) -> Self:
2026-09-09T03:15:58.7090420Z         """
2026-09-09T03:15:58.7090783Z         Execute a query or command to the database.
2026-09-09T03:15:58.7091211Z         """
2026-09-09T03:15:58.7091500Z         try:
2026-09-09T03:15:58.7109622Z             with self._conn.lock:
2026-09-09T03:15:58.7110212Z                 self._conn.wait(
2026-09-09T03:15:58.7110851Z                     self._execute_gen(query, params, prepare=prepare, binary=binary)
2026-09-09T03:15:58.7111437Z                 )
2026-09-09T03:15:58.7111822Z         except e._NO_TRACEBACK as ex:
2026-09-09T03:15:58.7112315Z >           raise ex.with_traceback(None)
2026-09-09T03:15:58.7113262Z E           psycopg.errors.StringDataRightTruncation: value too long for type character varying(32)
2026-09-09T03:15:58.7113882Z 
2026-09-09T03:15:58.7114621Z /opt/hostedtoolcache/Python/3.13.5/x64/lib/python3.13/site-packages/psycopg/cursor.py:97: StringDataRightTruncation
2026-09-09T03:15:58.7115361Z 
2026-09-09T03:15:58.7115759Z The above exception was the direct cause of the following exception:
2026-09-09T03:15:58.7116146Z 
2026-09-09T03:15:58.7116292Z decision = 'FAILED'
2026-09-09T03:15:58.7116479Z 
2026-09-09T03:15:58.7116784Z     @pytest.mark.parametrize('decision',['TICKETED','FAILED'])
2026-09-09T03:15:58.7117627Z     def test_rail_change_holds_both_dates_until_result_then_releases_correct_pool(decision):
2026-09-09T03:15:58.7118468Z >       svc,owner,oid=booked('RAIL');old=svc.order(owner,oid)
2026-09-09T03:15:58.7118988Z                       ^^^^^^^^^^^^^^
2026-09-09T03:15:58.7119357Z 
2026-09-09T03:15:58.7119574Z tests/test_depth23_capacity.py:99: 
2026-09-09T03:15:58.7120494Z _ _ _ _ _ _ _ _ _ _ _ _ _ _ _ _ _ _ _ _ _ _ _ _ _ _ _ _ _ _ _ _ _ _ _ _ _ _ _ _ 
2026-09-09T03:15:58.7121148Z tests/test_depth21_refund_recovery.py:25: in booked
2026-09-09T03:15:58.7121767Z     rail_service.checkout(owner,order['order_id'],'isolated')
2026-09-09T03:15:58.7122394Z src/go_hotel/rail/service.py:124: in checkout
2026-09-09T03:15:58.7124123Z     o=s.get(RailOrderRow,order_id); o.status=tx['state']; o.updated_at=now(); append_vertical_evidence(s,'RAIL',order_id,'PAYMENT_CAPTURED',o.status,{'payment_intent_id':tx['payment_intent_id'],'capture_id':tx['capture_id'],'external_live':False}); s.flush(); return self._order(o)
2026-09-09T03:15:58.7126197Z                                                                               ^^^^^^^^^^^^^^^^^^^^^^^^^^^^^^^^^^^^^^^^^^^^^^^^^^^^^^^^^^^^^^^^^^^^^^^^^^^^^^^^^^^^^^^^^^^^^^^^^^^^^^^^^^^^^^^^^^^^^^^^^^^^^^^^^^^^^^^^^^^^^^^^^^^^^^^^^^^^^^^^^^^^^^^^^
2026-09-09T03:15:58.7127311Z src/go_hotel/services/rc20_vertical_evidence.py:57: in append_vertical_evidence
2026-09-09T03:15:58.7127939Z     session.flush()
2026-09-09T03:15:58.7128791Z /opt/hostedtoolcache/Python/3.13.5/x64/lib/python3.13/site-packages/sqlalchemy/orm/session.py:4352: in flush
2026-09-09T03:15:58.7129859Z     self._flush(objects)
2026-09-09T03:15:58.7130693Z /opt/hostedtoolcache/Python/3.13.5/x64/lib/python3.13/site-packages/sqlalchemy/orm/session.py:4487: in _flush
2026-09-09T03:15:58.7131439Z     with util.safe_reraise():
2026-09-09T03:15:58.7131801Z          ^^^^^^^^^^^^^^^^^^^
2026-09-09T03:15:58.7132688Z /opt/hostedtoolcache/Python/3.13.5/x64/lib/python3.13/site-packages/sqlalchemy/util/langhelpers.py:122: in __exit__
2026-09-09T03:15:58.7133608Z     raise exc_value.with_traceback(exc_tb)
2026-09-09T03:15:58.7134578Z /opt/hostedtoolcache/Python/3.13.5/x64/lib/python3.13/site-packages/sqlalchemy/orm/session.py:4448: in _flush
2026-09-09T03:15:58.7135376Z     flush_context.execute()
2026-09-09T03:15:58.7136284Z /opt/hostedtoolcache/Python/3.13.5/x64/lib/python3.13/site-packages/sqlalchemy/orm/unitofwork.py:465: in execute
2026-09-09T03:15:58.7137054Z     rec.execute(self)
2026-09-09T03:15:58.7138147Z /opt/hostedtoolcache/Python/3.13.5/x64/lib/python3.13/site-packages/sqlalchemy/orm/unitofwork.py:641: in execute
2026-09-09T03:15:58.7138978Z     util.preloaded.orm_persistence.save_obj(
2026-09-09T03:15:58.7140178Z /opt/hostedtoolcache/Python/3.13.5/x64/lib/python3.13/site-packages/sqlalchemy/orm/persistence.py:86: in save_obj
2026-09-09T03:15:58.7140979Z     _emit_update_statements(
2026-09-09T03:15:58.7142011Z /opt/hostedtoolcache/Python/3.13.5/x64/lib/python3.13/site-packages/sqlalchemy/orm/persistence.py:913: in _emit_update_statements
2026-09-09T03:15:58.7142882Z     c = connection.execute(
2026-09-09T03:15:58.7143749Z /opt/hostedtoolcache/Python/3.13.5/x64/lib/python3.13/site-packages/sqlalchemy/engine/base.py:1421: in execute
2026-09-09T03:15:58.7144499Z     return meth(
2026-09-09T03:15:58.7145326Z /opt/hostedtoolcache/Python/3.13.5/x64/lib/python3.13/site-packages/sqlalchemy/sql/elements.py:526: in _execute_on_connection
2026-09-09T03:15:58.7146221Z     return connection._execute_clauseelement(
2026-09-09T03:15:58.7147285Z /opt/hostedtoolcache/Python/3.13.5/x64/lib/python3.13/site-packages/sqlalchemy/engine/base.py:1643: in _execute_clauseelement
2026-09-09T03:15:58.7148204Z     ret = self._execute_context(
2026-09-09T03:15:58.7149429Z /opt/hostedtoolcache/Python/3.13.5/x64/lib/python3.13/site-packages/sqlalchemy/engine/base.py:1848: in _execute_context
2026-09-09T03:15:58.7150301Z     return self._exec_single_context(
2026-09-09T03:15:58.7151341Z /opt/hostedtoolcache/Python/3.13.5/x64/lib/python3.13/site-packages/sqlalchemy/engine/base.py:1988: in _exec_single_context
2026-09-09T03:15:58.7152251Z     self._handle_dbapi_exception(
2026-09-09T03:15:58.7153320Z /opt/hostedtoolcache/Python/3.13.5/x64/lib/python3.13/site-packages/sqlalchemy/engine/base.py:2365: in _handle_dbapi_exception
2026-09-09T03:15:58.7154379Z     raise sqlalchemy_exception.with_traceback(exc_info[2]) from e
2026-09-09T03:15:58.7155722Z /opt/hostedtoolcache/Python/3.13.5/x64/lib/python3.13/site-packages/sqlalchemy/engine/base.py:1969: in _exec_single_context
2026-09-09T03:15:58.7156599Z     self.dialect.do_execute(
2026-09-09T03:15:58.7157530Z /opt/hostedtoolcache/Python/3.13.5/x64/lib/python3.13/site-packages/sqlalchemy/engine/default.py:952: in do_execute
2026-09-09T03:15:58.7158419Z     cursor.execute(statement, parameters)
2026-09-09T03:15:58.7159081Z _ _ _ _ _ _ _ _ _ _ _ _ _ _ _ _ _ _ _ _ _ _ _ _ _ _ _ _ _ _ _ _ _ _ _ _ _ _ _ _ 
2026-09-09T03:15:58.7159602Z 
2026-09-09T03:15:58.7160083Z self = <psycopg.Cursor [closed] [IDLE] (host=localhost database=go) at 0x7f859186c4d0>
2026-09-09T03:15:58.7161846Z query = 'UPDATE rail_order_runtime SET status=%(status)s::VARCHAR, updated_at=%(updated_at)s::TIMESTAMP WITH TIME ZONE WHERE rail_order_runtime.order_id = %(rail_order_runtime_order_id)s::VARCHAR'
2026-09-09T03:15:58.7164045Z params = {'rail_order_runtime_order_id': 'rail_ord_94d2102ff94a49df', 'status': 'PAYMENT_CONFIRMED_AWAITING_SUPPLIER', 'updated_at': datetime.datetime(2026, 9, 9, 3, 14, 41, 460072)}
2026-09-09T03:15:58.7165031Z 
2026-09-09T03:15:58.7165179Z     def execute(
2026-09-09T03:15:58.7165511Z         self,
2026-09-09T03:15:58.7165818Z         query: Query,
2026-09-09T03:15:58.7166202Z         params: Params | None = None,
2026-09-09T03:15:58.7166615Z         *,
2026-09-09T03:15:58.7166971Z         prepare: bool | None = None,
2026-09-09T03:15:58.7167415Z         binary: bool | None = None,
2026-09-09T03:15:58.7167834Z     ) -> Self:
2026-09-09T03:15:58.7168124Z         """
2026-09-09T03:15:58.7168500Z         Execute a query or command to the database.
2026-09-09T03:15:58.7168974Z         """
2026-09-09T03:15:58.7169397Z         try:
2026-09-09T03:15:58.7169736Z             with self._conn.lock:
2026-09-09T03:15:58.7170198Z                 self._conn.wait(
2026-09-09T03:15:58.7170782Z                     self._execute_gen(query, params, prepare=prepare, binary=binary)
2026-09-09T03:15:58.7171412Z                 )
2026-09-09T03:15:58.7171770Z         except e._NO_TRACEBACK as ex:
2026-09-09T03:15:58.7172518Z >           raise ex.with_traceback(None)
2026-09-09T03:15:58.7173664Z E           sqlalchemy.exc.DataError: (psycopg.errors.StringDataRightTruncation) value too long for type character varying(32)
2026-09-09T03:15:58.7175744Z E           [SQL: UPDATE rail_order_runtime SET status=%(status)s::VARCHAR, updated_at=%(updated_at)s::TIMESTAMP WITH TIME ZONE WHERE rail_order_runtime.order_id = %(rail_order_runtime_order_id)s::VARCHAR]
2026-09-09T03:15:58.7178063Z E           [parameters: {'status': 'PAYMENT_CONFIRMED_AWAITING_SUPPLIER', 'updated_at': datetime.datetime(2026, 9, 9, 3, 14, 41, 460072), 'rail_order_runtime_order_id': 'rail_ord_94d2102ff94a49df'}]
2026-09-09T03:15:58.7179645Z E           (Background on this error at: https://sqlalche.me/e/20/9h9h)
2026-09-09T03:15:58.7180044Z 
2026-09-09T03:15:58.7180742Z /opt/hostedtoolcache/Python/3.13.5/x64/lib/python3.13/site-packages/psycopg/cursor.py:97: DataError
2026-09-09T03:15:58.7181842Z ____ test_rail_change_target_full_rejects_before_supplemental_authorization ____
2026-09-09T03:15:58.7182326Z 
2026-09-09T03:15:58.7182772Z self = <sqlalchemy.engine.base.Connection object at 0x7f859040db50>
2026-09-09T03:15:58.7183834Z dialect = <sqlalchemy.dialects.postgresql.psycopg.PGDialect_psycopg object at 0x7f85941cae40>
2026-09-09T03:15:58.7185197Z context = <sqlalchemy.dialects.postgresql.psycopg.PGExecutionContext_psycopg object at 0x7f85914459d0>
2026-09-09T03:15:58.7186517Z statement = <sqlalchemy.dialects.postgresql.psycopg.PGCompiler_psycopg object at 0x7f85915c5a90>
2026-09-09T03:15:58.7188744Z parameters = [{'booking_reference': 'rail_ord_47eb2fbfc8444fc4', 'rail_order_runtime_order_id': 'rail_ord_47eb2fbfc8444fc4', 'status': 'TICKETED', 'ticket_numbers': Json(['A-rail_ord_47eb2fbfc8444fc4', 'B- ... (62 chars)), ...}]
2026-09-09T03:15:58.7190098Z 
2026-09-09T03:15:58.7190260Z     def _exec_single_context(
2026-09-09T03:15:58.7190635Z         self,
2026-09-09T03:15:58.7191094Z         dialect: Dialect,
2026-09-09T03:15:58.7191494Z         context: ExecutionContext,
2026-09-09T03:15:58.7191950Z         statement: Union[str, Compiled],
2026-09-09T03:15:58.7192456Z         parameters: Optional[_AnyMultiExecuteParams],
2026-09-09T03:15:58.7192936Z     ) -> CursorResult[Any]:
2026-09-09T03:15:58.7193438Z         """continue the _execute_context() method for a single DBAPI
2026-09-09T03:15:58.7194022Z         cursor.execute() or cursor.executemany() call.
2026-09-09T03:15:58.7194424Z     
2026-09-09T03:15:58.7194679Z         """
2026-09-09T03:15:58.7195066Z         if dialect.bind_typing is BindTyping.SETINPUTSIZES:
2026-09-09T03:15:58.7195713Z             generic_setinputsizes = context._prepare_set_input_sizes()
2026-09-09T03:15:58.7196258Z     
2026-09-09T03:15:58.7196604Z             if generic_setinputsizes:
2026-09-09T03:15:58.7197006Z                 try:
2026-09-09T03:15:58.7197376Z                     dialect.do_set_input_sizes(
2026-09-09T03:15:58.7198022Z                         context.cursor, generic_setinputsizes, context
2026-09-09T03:15:58.7198498Z                     )
2026-09-09T03:15:58.7198958Z                 except BaseException as e:
2026-09-09T03:15:58.7199603Z                     self._handle_dbapi_exception(
2026-09-09T03:15:58.7200186Z                         e, str(statement), parameters, None, context
2026-09-09T03:15:58.7200684Z                     )
2026-09-09T03:15:58.7200977Z     
2026-09-09T03:15:58.7201365Z         cursor, str_statement, parameters = (
2026-09-09T03:15:58.7201823Z             context.cursor,
2026-09-09T03:15:58.7202186Z             context.statement,
2026-09-09T03:15:58.7202636Z             context.parameters,
2026-09-09T03:15:58.7203008Z         )
2026-09-09T03:15:58.7203258Z     
2026-09-09T03:15:58.7203695Z         effective_parameters: Optional[_AnyExecuteParams]
2026-09-09T03:15:58.7204184Z     
2026-09-09T03:15:58.7204496Z         if not context.executemany:
2026-09-09T03:15:58.7205015Z             effective_parameters = parameters[0]
2026-09-09T03:15:58.7205437Z         else:
2026-09-09T03:15:58.7205831Z             effective_parameters = parameters
2026-09-09T03:15:58.7206473Z     
2026-09-09T03:15:58.7206855Z         if self._has_events or self.engine._has_events:
2026-09-09T03:15:58.7207480Z             for fn in self.dispatch.before_cursor_execute:
2026-09-09T03:15:58.7208035Z                 str_statement, effective_parameters = fn(
2026-09-09T03:15:58.7208525Z                     self,
2026-09-09T03:15:58.7208857Z                     cursor,
2026-09-09T03:15:58.7209362Z                     str_statement,
2026-09-09T03:15:58.7209848Z                     effective_parameters,
2026-09-09T03:15:58.7210256Z                     context,
2026-09-09T03:15:58.7210647Z                     context.executemany,
2026-09-09T03:15:58.7211062Z                 )
2026-09-09T03:15:58.7211354Z     
2026-09-09T03:15:58.7211602Z         if self._echo:
2026-09-09T03:15:58.7212010Z             self._log_info(str_statement)
2026-09-09T03:15:58.7212412Z     
2026-09-09T03:15:58.7212748Z             stats = context._get_cache_stats()
2026-09-09T03:15:58.7213184Z     
2026-09-09T03:15:58.7213567Z             if not self.engine.hide_parameters:
2026-09-09T03:15:58.7214013Z                 self._log_info(
2026-09-09T03:15:58.7214444Z                     "[%s] %r",
2026-09-09T03:15:58.7214806Z                     stats,
2026-09-09T03:15:58.7215184Z                     sql_util._repr_params(
2026-09-09T03:15:58.7215679Z                         effective_parameters,
2026-09-09T03:15:58.7216116Z                         batches=10,
2026-09-09T03:15:58.7216601Z                         ismulti=context.executemany,
2026-09-09T03:15:58.7217056Z                     ),
2026-09-09T03:15:58.7217341Z                 )
2026-09-09T03:15:58.7217646Z             else:
2026-09-09T03:15:58.7218005Z                 self._log_info(
2026-09-09T03:15:58.7218538Z                     "[%s] [SQL parameters hidden due to hide_parameters=True]",
2026-09-09T03:15:58.7219220Z                     stats,
2026-09-09T03:15:58.7219731Z                 )
2026-09-09T03:15:58.7220024Z     
2026-09-09T03:15:58.7220369Z         evt_handled: bool = False
2026-09-09T03:15:58.7220752Z         try:
2026-09-09T03:15:58.7221222Z             if context.execute_style is ExecuteStyle.EXECUTEMANY:
2026-09-09T03:15:58.7221817Z                 effective_parameters = cast(
2026-09-09T03:15:58.7222406Z                     "_CoreMultiExecuteParams", effective_parameters
2026-09-09T03:15:58.7222907Z                 )
2026-09-09T03:15:58.7223292Z                 if self.dialect._has_events:
2026-09-09T03:15:58.7223849Z                     for fn in self.dialect.dispatch.do_executemany:
2026-09-09T03:15:58.7224384Z                         if fn(
2026-09-09T03:15:58.7224801Z                             cursor,
2026-09-09T03:15:58.7225233Z                             str_statement,
2026-09-09T03:15:58.7225715Z                             effective_parameters,
2026-09-09T03:15:58.7226187Z                             context,
2026-09-09T03:15:58.7226569Z                         ):
2026-09-09T03:15:58.7227001Z                             evt_handled = True
2026-09-09T03:15:58.7227448Z                             break
2026-09-09T03:15:58.7227868Z                 if not evt_handled:
2026-09-09T03:15:58.7228329Z                     self.dialect.do_executemany(
2026-09-09T03:15:58.7228805Z                         cursor,
2026-09-09T03:15:58.7229324Z                         str_statement,
2026-09-09T03:15:58.7229788Z                         effective_parameters,
2026-09-09T03:15:58.7230263Z                         context,
2026-09-09T03:15:58.7230617Z                     )
2026-09-09T03:15:58.7231080Z             elif not effective_parameters and context.no_parameters:
2026-09-09T03:15:58.7231669Z                 if self.dialect._has_events:
2026-09-09T03:15:58.7232249Z                     for fn in self.dialect.dispatch.do_execute_no_params:
2026-09-09T03:15:58.7232819Z                         if fn(cursor, str_statement, context):
2026-09-09T03:15:58.7233331Z                             evt_handled = True
2026-09-09T03:15:58.7233932Z                             break
2026-09-09T03:15:58.7234307Z                 if not evt_handled:
2026-09-09T03:15:58.7234765Z                     self.dialect.do_execute_no_params(
2026-09-09T03:15:58.7235273Z                         cursor, str_statement, context
2026-09-09T03:15:58.7235705Z                     )
2026-09-09T03:15:58.7236028Z             else:
2026-09-09T03:15:58.7236393Z                 effective_parameters = cast(
2026-09-09T03:15:58.7236972Z                     "_CoreSingleExecuteParams", effective_parameters
2026-09-09T03:15:58.7237477Z                 )
2026-09-09T03:15:58.7237834Z                 if self.dialect._has_events:
2026-09-09T03:15:58.7238393Z                     for fn in self.dialect.dispatch.do_execute:
2026-09-09T03:15:58.7238919Z                         if fn(
2026-09-09T03:15:58.7239448Z                             cursor,
2026-09-09T03:15:58.7239883Z                             str_statement,
2026-09-09T03:15:58.7240329Z                             effective_parameters,
2026-09-09T03:15:58.7240779Z                             context,
2026-09-09T03:15:58.7241151Z                         ):
2026-09-09T03:15:58.7241545Z                             evt_handled = True
2026-09-09T03:15:58.7241972Z                             break
2026-09-09T03:15:58.7242353Z                 if not evt_handled:
2026-09-09T03:15:58.7242816Z >                   self.dialect.do_execute(
2026-09-09T03:15:58.7243401Z                         cursor, str_statement, effective_parameters, context
2026-09-09T03:15:58.7243929Z                     )
2026-09-09T03:15:58.7244122Z 
2026-09-09T03:15:58.7244762Z /opt/hostedtoolcache/Python/3.13.5/x64/lib/python3.13/site-packages/sqlalchemy/engine/base.py:1969: 
2026-09-09T03:15:58.7245667Z _ _ _ _ _ _ _ _ _ _ _ _ _ _ _ _ _ _ _ _ _ _ _ _ _ _ _ _ _ _ _ _ _ _ _ _ _ _ _ _ 
2026-09-09T03:15:58.7246865Z /opt/hostedtoolcache/Python/3.13.5/x64/lib/python3.13/site-packages/sqlalchemy/engine/default.py:952: in do_execute
2026-09-09T03:15:58.7247741Z     cursor.execute(statement, parameters)
2026-09-09T03:15:58.7248344Z _ _ _ _ _ _ _ _ _ _ _ _ _ _ _ _ _ _ _ _ _ _ _ _ _ _ _ _ _ _ _ _ _ _ _ _ _ _ _ _ 
2026-09-09T03:15:58.7248715Z 
2026-09-09T03:15:58.7249357Z self = <psycopg.Cursor [closed] [IDLE] (host=localhost database=go) at 0x7f859040c350>
2026-09-09T03:15:58.7251275Z query = 'UPDATE rail_order_runtime SET status=%(status)s::VARCHAR, booking_reference=%(booking_reference)s::VARCHAR, ticket_nu...=%(updated_at)s::TIMESTAMP WITH TIME ZONE WHERE rail_order_runtime.order_id = %(rail_order_runtime_order_id)s::VARCHAR'
2026-09-09T03:15:58.7253959Z params = {'booking_reference': 'rail_ord_47eb2fbfc8444fc4', 'rail_order_runtime_order_id': 'rail_ord_47eb2fbfc8444fc4', 'status': 'TICKETED', 'ticket_numbers': Json(['A-rail_ord_47eb2fbfc8444fc4', 'B- ... (62 chars)), ...}
2026-09-09T03:15:58.7255061Z 
2026-09-09T03:15:58.7255202Z     def execute(
2026-09-09T03:15:58.7255508Z         self,
2026-09-09T03:15:58.7255792Z         query: Query,
2026-09-09T03:15:58.7256231Z         params: Params | None = None,
2026-09-09T03:15:58.7256606Z         *,
2026-09-09T03:15:58.7256938Z         prepare: bool | None = None,
2026-09-09T03:15:58.7257357Z         binary: bool | None = None,
2026-09-09T03:15:58.7257735Z     ) -> Self:
2026-09-09T03:15:58.7258012Z         """
2026-09-09T03:15:58.7258373Z         Execute a query or command to the database.
2026-09-09T03:15:58.7258813Z         """
2026-09-09T03:15:58.7259070Z         try:
2026-09-09T03:15:58.7259560Z             with self._conn.lock:
2026-09-09T03:15:58.7259945Z                 self._conn.wait(
2026-09-09T03:15:58.7260534Z                     self._execute_gen(query, params, prepare=prepare, binary=binary)
2026-09-09T03:15:58.7261077Z                 )
2026-09-09T03:15:58.7261436Z         except e._NO_TRACEBACK as ex:
2026-09-09T03:15:58.7261861Z >           raise ex.with_traceback(None)
2026-09-09T03:15:58.7262726Z E           psycopg.errors.StringDataRightTruncation: value too long for type character varying(24)
2026-09-09T03:15:58.7263502Z 
2026-09-09T03:15:58.7264219Z /opt/hostedtoolcache/Python/3.13.5/x64/lib/python3.13/site-packages/psycopg/cursor.py:97: StringDataRightTruncation
2026-09-09T03:15:58.7264859Z 
2026-09-09T03:15:58.7265258Z The above exception was the direct cause of the following exception:
2026-09-09T03:15:58.7265663Z 
2026-09-09T03:15:58.7266049Z     def test_rail_change_target_full_rejects_before_supplemental_authorization():
2026-09-09T03:15:58.7266641Z         cases=[]
2026-09-09T03:15:58.7267368Z         from go_hotel.services.order_supplier_fulfillment import order_supplier_fulfillment_service as supplier
2026-09-09T03:15:58.7268167Z         for date in ['2026-09-14','2026-09-15']:
2026-09-09T03:15:58.7268736Z             q=rail_quote(date=date,quantity=2,seat=2);o=order('RAIL',q)
2026-09-09T03:15:58.7269729Z             tx=bridge.checkout_contract('RAIL',o['order_id'],'owner','isolated','isolated://capacity')
2026-09-09T03:15:58.7271087Z >           supplier.record_supplier_fact(tx['supplier_fulfillment_id'],{'state':'SUPPLIER_CONFIRMED','external_operation_id':o['order_id'],
2026-09-09T03:15:58.7272678Z                 'supplier_confirmation_reference':o['order_id'],'ticket_numbers':['A-'+o['order_id'],'B-'+o['order_id']],'evidence_reference':'isolated://confirmation'})
2026-09-09T03:15:58.7273484Z 
2026-09-09T03:15:58.7273732Z tests/test_depth23_capacity.py:231: 
2026-09-09T03:15:58.7274338Z _ _ _ _ _ _ _ _ _ _ _ _ _ _ _ _ _ _ _ _ _ _ _ _ _ _ _ _ _ _ _ _ _ _ _ _ _ _ _ _ 
2026-09-09T03:15:58.7275159Z src/go_hotel/services/order_supplier_fulfillment.py:73: in record_supplier_fact
2026-09-09T03:15:58.7277046Z     append_vertical_evidence(s,vertical,f.business_id,'SUPPLIER_CONFIRMED',order.status,{'supplier_confirmation_reference':f.supplier_confirmation_reference,'external_operation_id':f.external_operation_id,'evidence_reference':b['evidence_reference']})
2026-09-09T03:15:58.7279057Z src/go_hotel/services/rc20_vertical_evidence.py:57: in append_vertical_evidence
2026-09-09T03:15:58.7279817Z     session.flush()
2026-09-09T03:15:58.7280665Z /opt/hostedtoolcache/Python/3.13.5/x64/lib/python3.13/site-packages/sqlalchemy/orm/session.py:4352: in flush
2026-09-09T03:15:58.7281427Z     self._flush(objects)
2026-09-09T03:15:58.7282308Z /opt/hostedtoolcache/Python/3.13.5/x64/lib/python3.13/site-packages/sqlalchemy/orm/session.py:4487: in _flush
2026-09-09T03:15:58.7283083Z     with util.safe_reraise():
2026-09-09T03:15:58.7283457Z          ^^^^^^^^^^^^^^^^^^^
2026-09-09T03:15:58.7284411Z /opt/hostedtoolcache/Python/3.13.5/x64/lib/python3.13/site-packages/sqlalchemy/util/langhelpers.py:122: in __exit__
2026-09-09T03:15:58.7285262Z     raise exc_value.with_traceback(exc_tb)
2026-09-09T03:15:58.7286154Z /opt/hostedtoolcache/Python/3.13.5/x64/lib/python3.13/site-packages/sqlalchemy/orm/session.py:4448: in _flush
2026-09-09T03:15:58.7286904Z     flush_context.execute()
2026-09-09T03:15:58.7287760Z /opt/hostedtoolcache/Python/3.13.5/x64/lib/python3.13/site-packages/sqlalchemy/orm/unitofwork.py:465: in execute
2026-09-09T03:15:58.7288595Z     rec.execute(self)
2026-09-09T03:15:58.7289544Z /opt/hostedtoolcache/Python/3.13.5/x64/lib/python3.13/site-packages/sqlalchemy/orm/unitofwork.py:641: in execute
2026-09-09T03:15:58.7290394Z     util.preloaded.orm_persistence.save_obj(
2026-09-09T03:15:58.7291431Z /opt/hostedtoolcache/Python/3.13.5/x64/lib/python3.13/site-packages/sqlalchemy/orm/persistence.py:86: in save_obj
2026-09-09T03:15:58.7292311Z     _emit_update_statements(
2026-09-09T03:15:58.7293425Z /opt/hostedtoolcache/Python/3.13.5/x64/lib/python3.13/site-packages/sqlalchemy/orm/persistence.py:913: in _emit_update_statements
2026-09-09T03:15:58.7294396Z     c = connection.execute(
2026-09-09T03:15:58.7295340Z /opt/hostedtoolcache/Python/3.13.5/x64/lib/python3.13/site-packages/sqlalchemy/engine/base.py:1421: in execute
2026-09-09T03:15:58.7296158Z     return meth(
2026-09-09T03:15:58.7297206Z /opt/hostedtoolcache/Python/3.13.5/x64/lib/python3.13/site-packages/sqlalchemy/sql/elements.py:526: in _execute_on_connection
2026-09-09T03:15:58.7298428Z     return connection._execute_clauseelement(
2026-09-09T03:15:58.7299715Z /opt/hostedtoolcache/Python/3.13.5/x64/lib/python3.13/site-packages/sqlalchemy/engine/base.py:1643: in _execute_clauseelement
2026-09-09T03:15:58.7300678Z     ret = self._execute_context(
2026-09-09T03:15:58.7301729Z /opt/hostedtoolcache/Python/3.13.5/x64/lib/python3.13/site-packages/sqlalchemy/engine/base.py:1848: in _execute_context
2026-09-09T03:15:58.7302677Z     return self._exec_single_context(
2026-09-09T03:15:58.7303756Z /opt/hostedtoolcache/Python/3.13.5/x64/lib/python3.13/site-packages/sqlalchemy/engine/base.py:1988: in _exec_single_context
2026-09-09T03:15:58.7304691Z     self._handle_dbapi_exception(
2026-09-09T03:15:58.7305795Z /opt/hostedtoolcache/Python/3.13.5/x64/lib/python3.13/site-packages/sqlalchemy/engine/base.py:2365: in _handle_dbapi_exception
2026-09-09T03:15:58.7306933Z     raise sqlalchemy_exception.with_traceback(exc_info[2]) from e
2026-09-09T03:15:58.7308195Z /opt/hostedtoolcache/Python/3.13.5/x64/lib/python3.13/site-packages/sqlalchemy/engine/base.py:1969: in _exec_single_context
2026-09-09T03:15:58.7309240Z     self.dialect.do_execute(
2026-09-09T03:15:58.7310272Z /opt/hostedtoolcache/Python/3.13.5/x64/lib/python3.13/site-packages/sqlalchemy/engine/default.py:952: in do_execute
2026-09-09T03:15:58.7311218Z     cursor.execute(statement, parameters)
2026-09-09T03:15:58.7311898Z _ _ _ _ _ _ _ _ _ _ _ _ _ _ _ _ _ _ _ _ _ _ _ _ _ _ _ _ _ _ _ _ _ _ _ _ _ _ _ _ 
2026-09-09T03:15:58.7312238Z 
2026-09-09T03:15:58.7312725Z self = <psycopg.Cursor [closed] [IDLE] (host=localhost database=go) at 0x7f859040c350>
2026-09-09T03:15:58.7314857Z query = 'UPDATE rail_order_runtime SET status=%(status)s::VARCHAR, booking_reference=%(booking_reference)s::VARCHAR, ticket_nu...=%(updated_at)s::TIMESTAMP WITH TIME ZONE WHERE rail_order_runtime.order_id = %(rail_order_runtime_order_id)s::VARCHAR'
2026-09-09T03:15:58.7317745Z params = {'booking_reference': 'rail_ord_47eb2fbfc8444fc4', 'rail_order_runtime_order_id': 'rail_ord_47eb2fbfc8444fc4', 'status': 'TICKETED', 'ticket_numbers': Json(['A-rail_ord_47eb2fbfc8444fc4', 'B- ... (62 chars)), ...}
2026-09-09T03:15:58.7318925Z 
2026-09-09T03:15:58.7319087Z     def execute(
2026-09-09T03:15:58.7319529Z         self,
2026-09-09T03:15:58.7319819Z         query: Query,
2026-09-09T03:15:58.7320204Z         params: Params | None = None,
2026-09-09T03:15:58.7320585Z         *,
2026-09-09T03:15:58.7320925Z         prepare: bool | None = None,
2026-09-09T03:15:58.7321357Z         binary: bool | None = None,
2026-09-09T03:15:58.7321732Z     ) -> Self:
2026-09-09T03:15:58.7322022Z         """
2026-09-09T03:15:58.7322403Z         Execute a query or command to the database.
2026-09-09T03:15:58.7322841Z         """
2026-09-09T03:15:58.7323121Z         try:
2026-09-09T03:15:58.7323457Z             with self._conn.lock:
2026-09-09T03:15:58.7323868Z                 self._conn.wait(
2026-09-09T03:15:58.7324467Z                     self._execute_gen(query, params, prepare=prepare, binary=binary)
2026-09-09T03:15:58.7325042Z                 )
2026-09-09T03:15:58.7325404Z         except e._NO_TRACEBACK as ex:
2026-09-09T03:15:58.7325885Z >           raise ex.with_traceback(None)
2026-09-09T03:15:58.7326964Z E           sqlalchemy.exc.DataError: (psycopg.errors.StringDataRightTruncation) value too long for type character varying(24)
2026-09-09T03:15:58.7329683Z E           [SQL: UPDATE rail_order_runtime SET status=%(status)s::VARCHAR, booking_reference=%(booking_reference)s::VARCHAR, ticket_numbers=%(ticket_numbers)s::JSON, updated_at=%(updated_at)s::TIMESTAMP WITH TIME ZONE WHERE rail_order_runtime.order_id = %(rail_order_runtime_order_id)s::VARCHAR]
2026-09-09T03:16:00.1198024Z E           [parameters: {'status': 'TICKETED', 'booking_reference': 'rail_ord_47eb2fbfc8444fc4', 'ticket_numbers': Json(['A-rail_ord_47eb2fbfc8444fc4', 'B- ... (62 chars)), 'updated_at': datetime.datetime(2026, 9, 9, 3, 15, 2, 577789, tzinfo=datetime.timezone.utc), 'rail_order_runtime_order_id': 'rail_ord_47eb2fbfc8444fc4'}]
2026-09-09T03:16:00.1201203Z E           (Background on this error at: https://sqlalche.me/e/20/9h9h)
2026-09-09T03:16:00.1201788Z 
2026-09-09T03:16:00.1202514Z /opt/hostedtoolcache/Python/3.13.5/x64/lib/python3.13/site-packages/psycopg/cursor.py:97: DataError
2026-09-09T03:16:00.1204586Z =============================== warnings summary ===============================
2026-09-09T03:16:00.1205950Z tests/test_depth21_refund_recovery.py:183
2026-09-09T03:16:00.1210268Z   /home/runner/work/GO/GO/source/tests/test_depth21_refund_recovery.py:183: PytestUnknownMarkWarning: Unknown pytest.mark.no_db - is this a typo?  You can register custom marks to avoid this warning - for details, see https://docs.pytest.org/en/stable/how-to/mark.html
2026-09-09T03:16:00.1213988Z     @pytest.mark.no_db
2026-09-09T03:16:00.1214501Z 
2026-09-09T03:16:00.1215036Z tests/test_depth23_capacity.py:146
2026-09-09T03:16:00.1218962Z   /home/runner/work/GO/GO/source/tests/test_depth23_capacity.py:146: PytestUnknownMarkWarning: Unknown pytest.mark.no_db - is this a typo?  You can register custom marks to avoid this warning - for details, see https://docs.pytest.org/en/stable/how-to/mark.html
2026-09-09T03:16:00.1222728Z     @pytest.mark.no_db
2026-09-09T03:16:00.1223237Z 
2026-09-09T03:16:00.1223743Z tests/test_depth24_expiry.py:254
2026-09-09T03:16:00.1227606Z   /home/runner/work/GO/GO/source/tests/test_depth24_expiry.py:254: PytestUnknownMarkWarning: Unknown pytest.mark.no_db - is this a typo?  You can register custom marks to avoid this warning - for details, see https://docs.pytest.org/en/stable/how-to/mark.html
2026-09-09T03:16:00.1231182Z     @pytest.mark.no_db
2026-09-09T03:16:00.1231684Z 
2026-09-09T03:16:00.1232304Z ci/gate_tests/test_expiry_postgres.py: 10 warnings
2026-09-09T03:16:00.1237101Z   /opt/hostedtoolcache/Python/3.13.5/x64/lib/python3.13/site-packages/alembic/config.py:598: DeprecationWarning: No path_separator found in configuration; falling back to legacy splitting on spaces, commas, and colons for prepend_sys_path.  Consider adding path_separator=os to Alembic config.
2026-09-09T03:16:00.1241259Z     util.warn_deprecated(
2026-09-09T03:16:00.1241770Z 
2026-09-09T03:16:00.1242724Z -- Docs: https://docs.pytest.org/en/stable/how-to/capture-warnings.html
2026-09-09T03:16:00.1244663Z --- generated xml file: /home/runner/work/GO/GO/evidence/postgres_expiry.xml ---
2026-09-09T03:16:00.1246479Z =========================== short test summary info ============================
2026-09-09T03:16:00.1250729Z FAILED ../ci/gate_tests/test_expiry_postgres.py::test_refund_only_releases_after_confirmed_money[RAIL] - sqlalchemy.exc.DataError: (psycopg.errors.StringDataRightTruncation) value too long for type character varying(32)
2026-09-09T03:16:00.1256199Z [SQL: UPDATE rail_order_runtime SET status=%(status)s::VARCHAR, updated_at=%(updated_at)s::TIMESTAMP WITH TIME ZONE WHERE rail_order_runtime.order_id = %(rail_order_runtime_order_id)s::VARCHAR]
2026-09-09T03:16:00.1261172Z [parameters: {'status': 'PAYMENT_CONFIRMED_AWAITING_SUPPLIER', 'updated_at': datetime.datetime(2026, 9, 9, 3, 14, 35, 990984), 'rail_order_runtime_order_id': 'rail_ord_53e45c119a9e470d'}]
2026-09-09T03:16:00.1264228Z (Background on this error at: https://sqlalche.me/e/20/9h9h)
2026-09-09T03:16:00.1269634Z FAILED ../ci/gate_tests/test_expiry_postgres.py::test_rail_change_holds_both_dates_until_result_then_releases_correct_pool[TICKETED] - sqlalchemy.exc.DataError: (psycopg.errors.StringDataRightTruncation) value too long for type character varying(32)
2026-09-09T03:16:00.1275641Z [SQL: UPDATE rail_order_runtime SET status=%(status)s::VARCHAR, updated_at=%(updated_at)s::TIMESTAMP WITH TIME ZONE WHERE rail_order_runtime.order_id = %(rail_order_runtime_order_id)s::VARCHAR]
2026-09-09T03:16:00.1280918Z [parameters: {'status': 'PAYMENT_CONFIRMED_AWAITING_SUPPLIER', 'updated_at': datetime.datetime(2026, 9, 9, 3, 14, 39, 463619), 'rail_order_runtime_order_id': 'rail_ord_00d109133c7948c3'}]
2026-09-09T03:16:00.1284099Z (Background on this error at: https://sqlalche.me/e/20/9h9h)
2026-09-09T03:16:00.1290819Z FAILED ../ci/gate_tests/test_expiry_postgres.py::test_rail_change_holds_both_dates_until_result_then_releases_correct_pool[FAILED] - sqlalchemy.exc.DataError: (psycopg.errors.StringDataRightTruncation) value too long for type character varying(32)
2026-09-09T03:16:00.1307049Z [SQL: UPDATE rail_order_runtime SET status=%(status)s::VARCHAR, updated_at=%(updated_at)s::TIMESTAMP WITH TIME ZONE WHERE rail_order_runtime.order_id = %(rail_order_runtime_order_id)s::VARCHAR]
2026-09-09T03:16:00.1312292Z [parameters: {'status': 'PAYMENT_CONFIRMED_AWAITING_SUPPLIER', 'updated_at': datetime.datetime(2026, 9, 9, 3, 14, 41, 460072), 'rail_order_runtime_order_id': 'rail_ord_94d2102ff94a49df'}]
2026-09-09T03:16:00.1315078Z (Background on this error at: https://sqlalche.me/e/20/9h9h)
2026-09-09T03:16:00.1319582Z FAILED ../ci/gate_tests/test_expiry_postgres.py::test_rail_change_target_full_rejects_before_supplemental_authorization - sqlalchemy.exc.DataError: (psycopg.errors.StringDataRightTruncation) value too long for type character varying(24)
2026-09-09T03:16:00.1326346Z [SQL: UPDATE rail_order_runtime SET status=%(status)s::VARCHAR, booking_reference=%(booking_reference)s::VARCHAR, ticket_numbers=%(ticket_numbers)s::JSON, updated_at=%(updated_at)s::TIMESTAMP WITH TIME ZONE WHERE rail_order_runtime.order_id = %(rail_order_runtime_order_id)s::VARCHAR]
2026-09-09T03:16:00.1348446Z [parameters: {'status': 'TICKETED', 'booking_reference': 'rail_ord_47eb2fbfc8444fc4', 'ticket_numbers': Json(['A-rail_ord_47eb2fbfc8444fc4', 'B- ... (62 chars)), 'updated_at': datetime.datetime(2026, 9, 9, 3, 15, 2, 577789, tzinfo=datetime.timezone.utc), 'rail_order_runtime_order_id': 'rail_ord_47eb2fbfc8444fc4'}]
2026-09-09T03:16:00.1353246Z (Background on this error at: https://sqlalche.me/e/20/9h9h)
2026-09-09T03:16:00.1355128Z ============= 4 failed, 49 passed, 13 warnings in 95.88s (0:01:35) =============
2026-09-09T03:16:01.1947213Z ##[error]Process completed with exit code 1.
2026-09-09T03:16:01.2002603Z ##[group]Run python ci/finish_gate.py
2026-09-09T03:16:01.2002929Z [36;1mpython ci/finish_gate.py[0m
2026-09-09T03:16:01.2041528Z shell: /usr/bin/bash -e {0}
2026-09-09T03:16:01.2041776Z env:
2026-09-09T03:16:01.2042096Z   POSTGRES_TEST_DATABASE_URL: postgresql+psycopg://go@localhost:5432/go
2026-09-09T03:16:01.2042496Z   PGPASSWORD: go-disposable-ci-only
2026-09-09T03:16:01.2042775Z   REDIS_URL: redis://localhost:6379/0
2026-09-09T03:16:01.2043293Z   DEPTH24_DELTA_PATH: deliverables/CP11_DEPTH24_RUNTIME_CANDIDATE_20260909/GO_CP11_DEPTH_24_UNPAID_EXPIRY_DELTA_20260909.zip
2026-09-09T03:16:01.2043958Z   DEPTH24_DELTA_SHA256: ee71bc8257f75dee49aa77f33816cfb4d07fd45af1fba85e51b4faf6a7f0b03c
2026-09-09T03:16:01.2044440Z   pythonLocation: /opt/hostedtoolcache/Python/3.13.5/x64
2026-09-09T03:16:01.2044834Z   PKG_CONFIG_PATH: /opt/hostedtoolcache/Python/3.13.5/x64/lib/pkgconfig
2026-09-09T03:16:01.2045232Z   Python_ROOT_DIR: /opt/hostedtoolcache/Python/3.13.5/x64
2026-09-09T03:16:01.2045640Z   Python2_ROOT_DIR: /opt/hostedtoolcache/Python/3.13.5/x64
2026-09-09T03:16:01.2046006Z   Python3_ROOT_DIR: /opt/hostedtoolcache/Python/3.13.5/x64
2026-09-09T03:16:01.2046362Z   LD_LIBRARY_PATH: /opt/hostedtoolcache/Python/3.13.5/x64/lib
2026-09-09T03:16:01.2046679Z   PRIOR_STEPS_STATUS: failure
2026-09-09T03:16:01.2046907Z ##[endgroup]
2026-09-09T03:16:01.2353267Z {"migration_history": {"tests": 5, "failures_errors_skips": 0, "accepted": true}, "postgres_existing": {"tests": 6, "failures_errors_skips": 0, "accepted": true}, "postgres_expiry": {"tests": 53, "failures_errors_skips": 4, "accepted": false}, "frontend_node22": {"accepted": false, "reason": "MISSING_REPORT"}, "redis_queue": {"accepted": false}, "prior_steps": {"accepted": false}}
2026-09-09T03:16:01.2393744Z ##[error]Process completed with exit code 1.
2026-09-09T03:16:01.2434000Z Node 20 is being deprecated. This workflow is running with Node 24 by default. If you need to temporarily use Node 20, you can set the ACTIONS_ALLOW_USE_UNSECURE_NODE_VERSION=true environment variable. For more information see: https://github.blog/changelog/2025-09-19-deprecation-of-node-20-on-github-actions-runners/
2026-09-09T03:16:01.2435302Z ##[group]Run actions/upload-artifact@v4
2026-09-09T03:16:01.2435569Z with:
2026-09-09T03:16:01.2435790Z   name: GO-CP11-DEPTH25-runtime-evidence
2026-09-09T03:16:01.2436054Z   path: evidence/
2026-09-09T03:16:01.2436264Z   if-no-files-found: error
2026-09-09T03:16:01.2436495Z   retention-days: 90
2026-09-09T03:16:01.2436725Z   compression-level: 6
2026-09-09T03:16:01.2436935Z   overwrite: false
2026-09-09T03:16:01.2437144Z   include-hidden-files: false
2026-09-09T03:16:01.2437370Z env:
2026-09-09T03:16:01.2437667Z   POSTGRES_TEST_DATABASE_URL: postgresql+psycopg://go@localhost:5432/go
2026-09-09T03:16:01.2438090Z   PGPASSWORD: go-disposable-ci-only
2026-09-09T03:16:01.2438365Z   REDIS_URL: redis://localhost:6379/0
2026-09-09T03:16:01.2438872Z   DEPTH24_DELTA_PATH: deliverables/CP11_DEPTH24_RUNTIME_CANDIDATE_20260909/GO_CP11_DEPTH_24_UNPAID_EXPIRY_DELTA_20260909.zip
2026-09-09T03:16:01.2439856Z   DEPTH24_DELTA_SHA256: ee71bc8257f75dee49aa77f33816cfb4d07fd45af1fba85e51b4faf6a7f0b03c
2026-09-09T03:16:01.2440336Z   pythonLocation: /opt/hostedtoolcache/Python/3.13.5/x64
2026-09-09T03:16:01.2440731Z   PKG_CONFIG_PATH: /opt/hostedtoolcache/Python/3.13.5/x64/lib/pkgconfig
2026-09-09T03:16:01.2441127Z   Python_ROOT_DIR: /opt/hostedtoolcache/Python/3.13.5/x64
2026-09-09T03:16:01.2441485Z   Python2_ROOT_DIR: /opt/hostedtoolcache/Python/3.13.5/x64
2026-09-09T03:16:01.2441841Z   Python3_ROOT_DIR: /opt/hostedtoolcache/Python/3.13.5/x64
2026-09-09T03:16:01.2442198Z   LD_LIBRARY_PATH: /opt/hostedtoolcache/Python/3.13.5/x64/lib
2026-09-09T03:16:01.2442500Z ##[endgroup]
2026-09-09T03:16:01.4334034Z (node:4013) [DEP0040] DeprecationWarning: The `punycode` module is deprecated. Please use a userland alternative instead.
2026-09-09T03:16:01.4350657Z (Use `node --trace-deprecation ...` to show where the warning was created)
2026-09-09T03:16:01.4623668Z With the provided path, there will be 6 files uploaded
2026-09-09T03:16:01.4630081Z Artifact name is valid!
2026-09-09T03:16:01.4630568Z Root directory input is valid!
2026-09-09T03:16:01.8299967Z Beginning upload of artifact content to blob storage
2026-09-09T03:16:01.8731362Z (node:4013) [DEP0169] DeprecationWarning: `url.parse()` behavior is not standardized and prone to errors that have security implications. Use the WHATWG URL API instead. CVEs are not issued for `url.parse()` vulnerabilities.
2026-09-09T03:16:02.0806092Z Uploaded bytes 8074
2026-09-09T03:16:02.1418179Z Finished uploading artifact content to blob storage!
2026-09-09T03:16:02.1419824Z SHA256 digest of uploaded artifact zip is 923ed6ee4bfe41c57a8d4405110ce1c03cdfea5d0110d2b9e5b7c8a900056b46
2026-09-09T03:16:02.1421085Z Finalizing artifact upload
2026-09-09T03:16:02.4362599Z Artifact GO-CP11-DEPTH25-runtime-evidence.zip successfully finalized. Artifact ID 10086803407
2026-09-09T03:16:02.4364655Z Artifact GO-CP11-DEPTH25-runtime-evidence has been successfully uploaded! Final size is 8074 bytes. Artifact ID is 10086803407
2026-09-09T03:16:02.4366683Z Artifact download URL: https://github.com/yuguangzhi3836-glitch/GO/actions/runs/34306250063/artifacts/10086803407
2026-09-09T03:16:02.4538328Z Node 20 is being deprecated. This workflow is running with Node 24 by default. If you need to temporarily use Node 20, you can set the ACTIONS_ALLOW_USE_UNSECURE_NODE_VERSION=true environment variable. For more information see: https://github.blog/changelog/2025-09-19-deprecation-of-node-20-on-github-actions-runners/
2026-09-09T03:16:02.4539778Z Post job cleanup.
2026-09-09T03:16:02.5500371Z [command]/usr/bin/git version
2026-09-09T03:16:02.5573242Z git version 2.55.0
2026-09-09T03:16:02.5663282Z Temporarily overriding HOME='/home/runner/work/_temp/70ef6c5e-8817-478e-b98c-2618101b0625' before making global git config changes
2026-09-09T03:16:02.5667479Z Adding repository directory to the temporary git global config as a safe directory
2026-09-09T03:16:02.5685820Z [command]/usr/bin/git config --global --add safe.directory /home/runner/work/GO/GO
2026-09-09T03:16:02.5772765Z [command]/usr/bin/git config --local --name-only --get-regexp core\.sshCommand
2026-09-09T03:16:02.5833282Z [command]/usr/bin/git submodule foreach --recursive sh -c "git config --local --name-only --get-regexp 'core\.sshCommand' && git config --local --unset-all 'core.sshCommand' || :"
2026-09-09T03:16:02.6174799Z [command]/usr/bin/git config --local --name-only --get-regexp http\.https\:\/\/github\.com\/\.extraheader
2026-09-09T03:16:02.6232741Z [command]/usr/bin/git submodule foreach --recursive sh -c "git config --local --name-only --get-regexp 'http\.https\:\/\/github\.com\/\.extraheader' && git config --local --unset-all 'http.https://github.com/.extraheader' || :"
2026-09-09T03:16:02.7320056Z [command]/usr/bin/git config --local --name-only --get-regexp ^includeIf\.gitdir:
2026-09-09T03:16:02.7322309Z [command]/usr/bin/git submodule foreach --recursive git config --local --show-origin --name-only --get-regexp remote.origin.url
2026-09-09T03:16:02.7374232Z Print service container logs: 93f47c18f7cd4de2bbf732e850deea1e_postgres164_0a817e
2026-09-09T03:16:02.7381203Z ##[command]/usr/bin/docker logs --details 44e160dfc2d9d5138d2b0fbcdfbd9c1e24144a63af8d0b7bbe8ea88b7c1633d8
2026-09-09T03:16:02.7603312Z  initdb: warning: enabling "trust" authentication for local connections
2026-09-09T03:16:02.7604327Z  The files belonging to this database system will be owned by user "postgres".
2026-09-09T03:16:02.7605821Z  initdb: hint: You can change this by editing pg_hba.conf or using the option -A, or --auth-local and --auth-host, the next time you run initdb.
2026-09-09T03:16:02.7607717Z  2026-09-09 03:13:10.927 UTC [1] LOG:  starting PostgreSQL 16.4 (Debian 16.4-1.pgdg120+2) on x86_64-pc-linux-gnu, compiled by gcc (Debian 12.2.0-14) 12.2.0, 64-bit
2026-09-09T03:16:02.7609692Z  2026-09-09 03:13:10.928 UTC [1] LOG:  listening on IPv4 address "0.0.0.0", port 5432
2026-09-09T03:16:02.7611905Z  2026-09-09 03:13:10.928 UTC [1] LOG:  listening on IPv6 address "::", port 5432
2026-09-09T03:16:02.7612755Z  This user must also own the server process.
2026-09-09T03:16:02.7613656Z  2026-09-09 03:13:10.929 UTC [1] LOG:  listening on Unix socket "/var/run/postgresql/.s.PGSQL.5432"
2026-09-09T03:16:02.7614819Z  2026-09-09 03:13:10.933 UTC [63] LOG:  database system was shut down at 2026-09-09 03:13:10 UTC
2026-09-09T03:16:02.7615909Z  2026-09-09 03:13:10.937 UTC [1] LOG:  database system is ready to accept connections
2026-09-09T03:16:02.7617171Z  2026-09-09 03:14:20.471 UTC [170] ERROR:  duplicate key value violates unique constraint "uq_payment_order_single_root"
2026-09-09T03:16:02.7618895Z  2026-09-09 03:14:20.471 UTC [170] DETAIL:  Key (business_type, business_id)=(HOTEL_ORDER, pg-race-611efc3f21534ea6b10fb5ff7d2dfa90) already exists.
2026-09-09T03:16:02.7622080Z  2026-09-09 03:14:20.471 UTC [170] STATEMENT:  INSERT INTO payment_order_root (payment_order_root_id, business_type, business_id, payment_intent_id, legal_entity_id, state, root_hash, created_at) VALUES ($1::VARCHAR, $2::VARCHAR, $3::VARCHAR, $4::VARCHAR, $5::VARCHAR, $6::VARCHAR, $7::VARCHAR, $8::TIMESTAMP WITH TIME ZONE)
2026-09-09T03:16:02.7625070Z  2026-09-09 03:14:20.602 UTC [172] ERROR:  duplicate key value violates unique constraint "uq_payment_order_single_root"
2026-09-09T03:16:02.7626771Z  2026-09-09 03:14:20.602 UTC [172] DETAIL:  Key (business_type, business_id)=(HOTEL_ORDER, p0101-a4e3a6b81d8c4b9bb6a03bc3f5eaadf8) already exists.
2026-09-09T03:16:02.7630141Z  2026-09-09 03:14:20.602 UTC [172] STATEMENT:  INSERT INTO payment_order_root (payment_order_root_id, business_type, business_id, payment_intent_id, legal_entity_id, state, root_hash, created_at) VALUES ($1::VARCHAR, $2::VARCHAR, $3::VARCHAR, $4::VARCHAR, $5::VARCHAR, $6::VARCHAR, $7::VARCHAR, $8::TIMESTAMP WITH TIME ZONE)
2026-09-09T03:16:02.7633396Z  2026-09-09 03:14:20.603 UTC [179] ERROR:  duplicate key value violates unique constraint "uq_payment_order_single_root"
2026-09-09T03:16:02.7634516Z  
2026-09-09T03:16:02.7635569Z  2026-09-09 03:14:20.603 UTC [179] DETAIL:  Key (business_type, business_id)=(HOTEL_ORDER, p0101-a4e3a6b81d8c4b9bb6a03bc3f5eaadf8) already exists.
2026-09-09T03:16:02.7639037Z  2026-09-09 03:14:20.603 UTC [179] STATEMENT:  INSERT INTO payment_order_root (payment_order_root_id, business_type, business_id, payment_intent_id, legal_entity_id, state, root_hash, created_at) VALUES ($1::VARCHAR, $2::VARCHAR, $3::VARCHAR, $4::VARCHAR, $5::VARCHAR, $6::VARCHAR, $7::VARCHAR, $8::TIMESTAMP WITH TIME ZONE)
2026-09-09T03:16:02.7643029Z  2026-09-09 03:14:20.604 UTC [176] ERROR:  duplicate key value violates unique constraint "uq_payment_order_single_root"
2026-09-09T03:16:02.7644375Z  The database cluster will be initialized with locale "en_US.utf8".
2026-09-09T03:16:02.7645760Z  2026-09-09 03:14:20.604 UTC [176] DETAIL:  Key (business_type, business_id)=(HOTEL_ORDER, p0101-a4e3a6b81d8c4b9bb6a03bc3f5eaadf8) already exists.
2026-09-09T03:16:02.7649374Z  2026-09-09 03:14:20.604 UTC [176] STATEMENT:  INSERT INTO payment_order_root (payment_order_root_id, business_type, business_id, payment_intent_id, legal_entity_id, state, root_hash, created_at) VALUES ($1::VARCHAR, $2::VARCHAR, $3::VARCHAR, $4::VARCHAR, $5::VARCHAR, $6::VARCHAR, $7::VARCHAR, $8::TIMESTAMP WITH TIME ZONE)
2026-09-09T03:16:02.7652464Z  2026-09-09 03:14:20.604 UTC [177] ERROR:  duplicate key value violates unique constraint "uq_payment_order_single_root"
2026-09-09T03:16:02.7654200Z  2026-09-09 03:14:20.604 UTC [177] DETAIL:  Key (business_type, business_id)=(HOTEL_ORDER, p0101-a4e3a6b81d8c4b9bb6a03bc3f5eaadf8) already exists.
2026-09-09T03:16:02.7657422Z  2026-09-09 03:14:20.604 UTC [177] STATEMENT:  INSERT INTO payment_order_root (payment_order_root_id, business_type, business_id, payment_intent_id, legal_entity_id, state, root_hash, created_at) VALUES ($1::VARCHAR, $2::VARCHAR, $3::VARCHAR, $4::VARCHAR, $5::VARCHAR, $6::VARCHAR, $7::VARCHAR, $8::TIMESTAMP WITH TIME ZONE)
2026-09-09T03:16:02.7661001Z  2026-09-09 03:14:20.604 UTC [173] ERROR:  duplicate key value violates unique constraint "uq_payment_order_single_root"
2026-09-09T03:16:02.7662367Z  The default database encoding has accordingly been set to "UTF8".
2026-09-09T03:16:02.7663670Z  2026-09-09 03:14:20.604 UTC [173] DETAIL:  Key (business_type, business_id)=(HOTEL_ORDER, p0101-a4e3a6b81d8c4b9bb6a03bc3f5eaadf8) already exists.
2026-09-09T03:16:02.7666539Z  2026-09-09 03:14:20.604 UTC [173] STATEMENT:  INSERT INTO payment_order_root (payment_order_root_id, business_type, business_id, payment_intent_id, legal_entity_id, state, root_hash, created_at) VALUES ($1::VARCHAR, $2::VARCHAR, $3::VARCHAR, $4::VARCHAR, $5::VARCHAR, $6::VARCHAR, $7::VARCHAR, $8::TIMESTAMP WITH TIME ZONE)
2026-09-09T03:16:02.7669255Z  2026-09-09 03:14:20.605 UTC [175] ERROR:  duplicate key value violates unique constraint "uq_payment_order_single_root"
2026-09-09T03:16:02.7670808Z  2026-09-09 03:14:20.605 UTC [175] DETAIL:  Key (business_type, business_id)=(HOTEL_ORDER, p0101-a4e3a6b81d8c4b9bb6a03bc3f5eaadf8) already exists.
2026-09-09T03:16:02.7673256Z  2026-09-09 03:14:20.605 UTC [175] STATEMENT:  INSERT INTO payment_order_root (payment_order_root_id, business_type, business_id, payment_intent_id, legal_entity_id, state, root_hash, created_at) VALUES ($1::VARCHAR, $2::VARCHAR, $3::VARCHAR, $4::VARCHAR, $5::VARCHAR, $6::VARCHAR, $7::VARCHAR, $8::TIMESTAMP WITH TIME ZONE)
2026-09-09T03:16:02.7675689Z  2026-09-09 03:14:20.605 UTC [174] ERROR:  duplicate key value violates unique constraint "uq_payment_order_single_root"
2026-09-09T03:16:02.7677176Z  2026-09-09 03:14:20.605 UTC [174] DETAIL:  Key (business_type, business_id)=(HOTEL_ORDER, p0101-a4e3a6b81d8c4b9bb6a03bc3f5eaadf8) already exists.
2026-09-09T03:16:02.7680031Z  2026-09-09 03:14:20.605 UTC [174] STATEMENT:  INSERT INTO payment_order_root (payment_order_root_id, business_type, business_id, payment_intent_id, legal_entity_id, state, root_hash, created_at) VALUES ($1::VARCHAR, $2::VARCHAR, $3::VARCHAR, $4::VARCHAR, $5::VARCHAR, $6::VARCHAR, $7::VARCHAR, $8::TIMESTAMP WITH TIME ZONE)
2026-09-09T03:16:02.7683216Z  2026-09-09 03:14:20.728 UTC [180] ERROR:  duplicate key value violates unique constraint "external_truth_webhook_receipt_delivery_id_key"
2026-09-09T03:16:02.7684393Z  The default text search configuration will be set to "english".
2026-09-09T03:16:02.7685481Z  2026-09-09 03:14:20.728 UTC [180] DETAIL:  Key (delivery_id)=(delivery-0e9d58d4334b486dbfdb92286976c888) already exists.
2026-09-09T03:16:02.7688283Z  2026-09-09 03:14:20.728 UTC [180] STATEMENT:  INSERT INTO external_truth_webhook_receipt (external_truth_webhook_receipt_id, external_truth_operation_id, source_vertical, delivery_id, signature_scheme, signature_verified, supplier_state, payload_hash, received_at) VALUES ($1::VARCHAR, $2::VARCHAR, $3::VARCHAR, $4::VARCHAR, $5::VARCHAR, $6, $7::VARCHAR, $8::VARCHAR, $9::TIMESTAMP WITH TIME ZONE)
2026-09-09T03:16:02.7691492Z  2026-09-09 03:14:20.732 UTC [183] ERROR:  duplicate key value violates unique constraint "external_truth_webhook_receipt_delivery_id_key"
2026-09-09T03:16:02.7693491Z  2026-09-09 03:14:20.732 UTC [183] DETAIL:  Key (delivery_id)=(delivery-0e9d58d4334b486dbfdb92286976c888) already exists.
2026-09-09T03:16:02.7694368Z  
2026-09-09T03:16:02.7696434Z  2026-09-09 03:14:20.732 UTC [183] STATEMENT:  INSERT INTO external_truth_webhook_receipt (external_truth_webhook_receipt_id, external_truth_operation_id, source_vertical, delivery_id, signature_scheme, signature_verified, supplier_state, payload_hash, received_at) VALUES ($1::VARCHAR, $2::VARCHAR, $3::VARCHAR, $4::VARCHAR, $5::VARCHAR, $6, $7::VARCHAR, $8::VARCHAR, $9::TIMESTAMP WITH TIME ZONE)
2026-09-09T03:16:02.7700268Z  2026-09-09 03:14:20.733 UTC [181] ERROR:  duplicate key value violates unique constraint "external_truth_webhook_receipt_delivery_id_key"
2026-09-09T03:16:02.7703035Z  Data page checksums are disabled.
2026-09-09T03:16:02.7709653Z  2026-09-09 03:14:20.733 UTC [181] DETAIL:  Key (delivery_id)=(delivery-0e9d58d4334b486dbfdb92286976c888) already exists.
2026-09-09T03:16:02.7711192Z  
2026-09-09T03:16:02.7727074Z  2026-09-09 03:14:20.733 UTC [181] STATEMENT:  INSERT INTO external_truth_webhook_receipt (external_truth_webhook_receipt_id, external_truth_operation_id, source_vertical, delivery_id, signature_scheme, signature_verified, supplier_state, payload_hash, received_at) VALUES ($1::VARCHAR, $2::VARCHAR, $3::VARCHAR, $4::VARCHAR, $5::VARCHAR, $6, $7::VARCHAR, $8::VARCHAR, $9::TIMESTAMP WITH TIME ZONE)
2026-09-09T03:16:02.7729678Z  fixing permissions on existing directory /var/lib/postgresql/data ... ok
2026-09-09T03:16:02.7734919Z  2026-09-09 03:14:20.735 UTC [184] ERROR:  duplicate key value violates unique constraint "external_truth_webhook_receipt_delivery_id_key"
2026-09-09T03:16:02.7735889Z  creating subdirectories ... ok
2026-09-09T03:16:02.7736800Z  2026-09-09 03:14:20.735 UTC [184] DETAIL:  Key (delivery_id)=(delivery-0e9d58d4334b486dbfdb92286976c888) already exists.
2026-09-09T03:16:02.7739665Z  2026-09-09 03:14:20.735 UTC [184] STATEMENT:  INSERT INTO external_truth_webhook_receipt (external_truth_webhook_receipt_id, external_truth_operation_id, source_vertical, delivery_id, signature_scheme, signature_verified, supplier_state, payload_hash, received_at) VALUES ($1::VARCHAR, $2::VARCHAR, $3::VARCHAR, $4::VARCHAR, $5::VARCHAR, $6, $7::VARCHAR, $8::VARCHAR, $9::TIMESTAMP WITH TIME ZONE)
2026-09-09T03:16:02.7742464Z  2026-09-09 03:14:20.736 UTC [185] ERROR:  duplicate key value violates unique constraint "external_truth_webhook_receipt_delivery_id_key"
2026-09-09T03:16:02.7743900Z  2026-09-09 03:14:20.736 UTC [185] DETAIL:  Key (delivery_id)=(delivery-0e9d58d4334b486dbfdb92286976c888) already exists.
2026-09-09T03:16:02.7746479Z  2026-09-09 03:14:20.736 UTC [185] STATEMENT:  INSERT INTO external_truth_webhook_receipt (external_truth_webhook_receipt_id, external_truth_operation_id, source_vertical, delivery_id, signature_scheme, signature_verified, supplier_state, payload_hash, received_at) VALUES ($1::VARCHAR, $2::VARCHAR, $3::VARCHAR, $4::VARCHAR, $5::VARCHAR, $6, $7::VARCHAR, $8::VARCHAR, $9::TIMESTAMP WITH TIME ZONE)
2026-09-09T03:16:02.7750309Z  2026-09-09 03:14:20.738 UTC [187] ERROR:  duplicate key value violates unique constraint "external_truth_webhook_receipt_delivery_id_key"
2026-09-09T03:16:02.7752062Z  2026-09-09 03:14:20.738 UTC [187] DETAIL:  Key (delivery_id)=(delivery-0e9d58d4334b486dbfdb92286976c888) already exists.
2026-09-09T03:16:02.7753105Z  selecting dynamic shared memory implementation ... posix
2026-09-09T03:16:02.7761807Z  2026-09-09 03:14:20.738 UTC [187] STATEMENT:  INSERT INTO external_truth_webhook_receipt (external_truth_webhook_receipt_id, external_truth_operation_id, source_vertical, delivery_id, signature_scheme, signature_verified, supplier_state, payload_hash, received_at) VALUES ($1::VARCHAR, $2::VARCHAR, $3::VARCHAR, $4::VARCHAR, $5::VARCHAR, $6, $7::VARCHAR, $8::VARCHAR, $9::TIMESTAMP WITH TIME ZONE)
2026-09-09T03:16:02.7764242Z  selecting default max_connections ... 100
2026-09-09T03:16:02.7765578Z  2026-09-09 03:14:20.740 UTC [186] ERROR:  duplicate key value violates unique constraint "external_truth_webhook_receipt_delivery_id_key"
2026-09-09T03:16:02.7767032Z  2026-09-09 03:14:20.740 UTC [186] DETAIL:  Key (delivery_id)=(delivery-0e9d58d4334b486dbfdb92286976c888) already exists.
2026-09-09T03:16:02.7770249Z  2026-09-09 03:14:20.740 UTC [186] STATEMENT:  INSERT INTO external_truth_webhook_receipt (external_truth_webhook_receipt_id, external_truth_operation_id, source_vertical, delivery_id, signature_scheme, signature_verified, supplier_state, payload_hash, received_at) VALUES ($1::VARCHAR, $2::VARCHAR, $3::VARCHAR, $4::VARCHAR, $5::VARCHAR, $6, $7::VARCHAR, $8::VARCHAR, $9::TIMESTAMP WITH TIME ZONE)
2026-09-09T03:16:02.7773319Z  2026-09-09 03:14:35.992 UTC [230] ERROR:  value too long for type character varying(32)
2026-09-09T03:16:02.7774027Z  selecting default shared_buffers ... 128MB
2026-09-09T03:16:02.7775329Z  2026-09-09 03:14:35.992 UTC [230] STATEMENT:  UPDATE rail_order_runtime SET status=$1::VARCHAR, updated_at=$2::TIMESTAMP WITH TIME ZONE WHERE rail_order_runtime.order_id = $3::VARCHAR
2026-09-09T03:16:02.7776789Z  2026-09-09 03:14:39.465 UTC [240] ERROR:  value too long for type character varying(32)
2026-09-09T03:16:02.7778175Z  2026-09-09 03:14:39.465 UTC [240] STATEMENT:  UPDATE rail_order_runtime SET status=$1::VARCHAR, updated_at=$2::TIMESTAMP WITH TIME ZONE WHERE rail_order_runtime.order_id = $3::VARCHAR
2026-09-09T03:16:02.7780253Z  2026-09-09 03:14:41.462 UTC [241] ERROR:  value too long for type character varying(32)
2026-09-09T03:16:02.7781030Z  selecting default time zone ... Etc/UTC
2026-09-09T03:16:02.7782292Z  2026-09-09 03:14:41.462 UTC [241] STATEMENT:  UPDATE rail_order_runtime SET status=$1::VARCHAR, updated_at=$2::TIMESTAMP WITH TIME ZONE WHERE rail_order_runtime.order_id = $3::VARCHAR
2026-09-09T03:16:02.7783725Z  2026-09-09 03:15:02.581 UTC [288] ERROR:  value too long for type character varying(24)
2026-09-09T03:16:02.7801074Z  2026-09-09 03:15:02.581 UTC [288] STATEMENT:  UPDATE rail_order_runtime SET status=$1::VARCHAR, booking_reference=$2::VARCHAR, ticket_numbers=$3::JSON, updated_at=$4::TIMESTAMP WITH TIME ZONE WHERE rail_order_runtime.order_id = $5::VARCHAR
2026-09-09T03:16:02.7802506Z  creating configuration files ... ok
2026-09-09T03:16:02.7803347Z  2026-09-09 03:15:35.987 UTC [368] LOG:  unexpected EOF on client connection with an open transaction
2026-09-09T03:16:02.7804216Z  running bootstrap script ... ok
2026-09-09T03:16:02.7804733Z  performing post-bootstrap initialization ... ok
2026-09-09T03:16:02.7805280Z  syncing data to disk ... ok
2026-09-09T03:16:02.7805675Z  
2026-09-09T03:16:02.7805962Z  
2026-09-09T03:16:02.7806355Z  Success. You can now start the database server using:
2026-09-09T03:16:02.7806854Z  
2026-09-09T03:16:02.7807101Z      pg_ctl -D /var/lib/postgresql/data -l logfile start
2026-09-09T03:16:02.7807397Z  
2026-09-09T03:16:02.7808020Z  waiting for server to start....2026-09-09 03:13:10.638 UTC [47] LOG:  starting PostgreSQL 16.4 (Debian 16.4-1.pgdg120+2) on x86_64-pc-linux-gnu, compiled by gcc (Debian 12.2.0-14) 12.2.0, 64-bit
2026-09-09T03:16:02.7808981Z  2026-09-09 03:13:10.639 UTC [47] LOG:  listening on Unix socket "/var/run/postgresql/.s.PGSQL.5432"
2026-09-09T03:16:02.7809741Z  2026-09-09 03:13:10.641 UTC [50] LOG:  database system was shut down at 2026-09-09 03:13:10 UTC
2026-09-09T03:16:02.7810252Z  2026-09-09 03:13:10.645 UTC [47] LOG:  database system is ready to accept connections
2026-09-09T03:16:02.7810632Z   done
2026-09-09T03:16:02.7810828Z  server started
2026-09-09T03:16:02.7811041Z  CREATE DATABASE
2026-09-09T03:16:02.7811231Z  
2026-09-09T03:16:02.7811405Z  
2026-09-09T03:16:02.7811720Z  /usr/local/bin/docker-entrypoint.sh: ignoring /docker-entrypoint-initdb.d/*
2026-09-09T03:16:02.7812094Z  
2026-09-09T03:16:02.7812439Z  waiting for server to shut down...2026-09-09 03:13:10.807 UTC [47] LOG:  received fast shutdown request
2026-09-09T03:16:02.7812942Z  .2026-09-09 03:13:10.807 UTC [47] LOG:  aborting any active transactions
2026-09-09T03:16:02.7813574Z  2026-09-09 03:13:10.811 UTC [47] LOG:  background worker "logical replication launcher" (PID 53) exited with exit code 1
2026-09-09T03:16:02.7814081Z  2026-09-09 03:13:10.811 UTC [48] LOG:  shutting down
2026-09-09T03:16:02.7814449Z  2026-09-09 03:13:10.812 UTC [48] LOG:  checkpoint starting: shutdown immediate
2026-09-09T03:16:02.7815448Z  2026-09-09 03:13:10.828 UTC [48] LOG:  checkpoint complete: wrote 922 buffers (5.6%); 0 WAL file(s) added, 0 removed, 0 recycled; write=0.014 s, sync=0.002 s, total=0.017 s; sync files=301, longest=0.001 s, average=0.001 s; distance=4255 kB, estimate=4255 kB; lsn=0/19120F8, redo lsn=0/19120F8
2026-09-09T03:16:02.7816419Z  2026-09-09 03:13:10.832 UTC [47] LOG:  database system is shut down
2026-09-09T03:16:02.7842447Z   done
2026-09-09T03:16:02.7842819Z  server stopped
2026-09-09T03:16:02.7843117Z  
2026-09-09T03:16:02.7843487Z  PostgreSQL init process complete; ready for start up.
2026-09-09T03:16:02.7844004Z  
2026-09-09T03:16:02.7854757Z Stop and remove container: 93f47c18f7cd4de2bbf732e850deea1e_postgres164_0a817e
2026-09-09T03:16:02.7862646Z ##[command]/usr/bin/docker rm --force 44e160dfc2d9d5138d2b0fbcdfbd9c1e24144a63af8d0b7bbe8ea88b7c1633d8
2026-09-09T03:16:02.9559847Z 44e160dfc2d9d5138d2b0fbcdfbd9c1e24144a63af8d0b7bbe8ea88b7c1633d8
2026-09-09T03:16:02.9568336Z Print service container logs: e9e5f45bbe95444b9573259cee65baa4_redis74_cb2be4
2026-09-09T03:16:02.9571991Z ##[command]/usr/bin/docker logs --details a58a8c977af39f037ac45263d6cd6a59c49136b43c2288b044a8dcf9833bbaea
2026-09-09T03:16:02.9717665Z  1:C 09 Sep 2026 03:13:12.997 # WARNING Memory overcommit must be enabled! Without it, a background save or replication may fail under low memory condition. Being disabled, it can also cause failures without low memory condition, see https://github.com/jemalloc/jemalloc/issues/1328. To fix this issue add 'vm.overcommit_memory = 1' to /etc/sysctl.conf and then reboot or run the command 'sysctl vm.overcommit_memory=1' for this to take effect.
2026-09-09T03:16:02.9720027Z  1:C 09 Sep 2026 03:13:12.997 * oO0OoO0OoO0Oo Redis is starting oO0OoO0OoO0Oo
2026-09-09T03:16:02.9720755Z  1:C 09 Sep 2026 03:13:12.997 * Redis version=7.4.11, bits=64, commit=00000000, modified=0, pid=1, just started
2026-09-09T03:16:02.9721687Z  1:C 09 Sep 2026 03:13:12.997 # Warning: no config file specified, using the default config. In order to specify a config file use redis-server /path/to/redis.conf
2026-09-09T03:16:02.9722492Z  1:M 09 Sep 2026 03:13:12.998 * monotonic clock: POSIX clock_gettime
2026-09-09T03:16:02.9723056Z  1:M 09 Sep 2026 03:13:12.999 * Running mode=standalone, port=6379.
2026-09-09T03:16:02.9723536Z  1:M 09 Sep 2026 03:13:12.999 * Server initialized
2026-09-09T03:16:02.9724052Z  1:M 09 Sep 2026 03:13:13.000 * Ready to accept connections tcp
2026-09-09T03:16:02.9725346Z Stop and remove container: e9e5f45bbe95444b9573259cee65baa4_redis74_cb2be4
2026-09-09T03:16:02.9726057Z ##[command]/usr/bin/docker rm --force a58a8c977af39f037ac45263d6cd6a59c49136b43c2288b044a8dcf9833bbaea
2026-09-09T03:16:03.0771954Z a58a8c977af39f037ac45263d6cd6a59c49136b43c2288b044a8dcf9833bbaea
2026-09-09T03:16:03.0786119Z Remove container network: github_network_602266d83a264c86923efa6e4f1b1322
2026-09-09T03:16:03.0795562Z ##[command]/usr/bin/docker network rm github_network_602266d83a264c86923efa6e4f1b1322
2026-09-09T03:16:03.1657412Z github_network_602266d83a264c86923efa6e4f1b1322
2026-09-09T03:16:03.1721318Z Cleaning up orphan processes
2026-09-09T03:16:03.1966151Z ##[warning]Node.js 20 is deprecated. The following actions target Node.js 20 but are being forced to run on Node.js 24: actions/checkout@v4, actions/setup-node@v4, actions/setup-python@v5, actions/upload-artifact@v4. For more information see: https://github.blog/changelog/2025-09-19-deprecation-of-node-20-on-github-actions-runners/
