2026-09-10T08:04:14.5406741Z Current runner version: '2.337.0'
2026-09-10T08:04:14.5446693Z ##[group]Runner Image Provisioner
2026-09-10T08:04:14.5448282Z Hosted Compute Agent
2026-09-10T08:04:14.5449278Z Version: 20260828.587
2026-09-10T08:04:14.5450417Z Commit: abac92662cab4cc7352de4f9f9d2e2419aad9c29
2026-09-10T08:04:14.5451637Z Build Date: 2026-08-28T16:44:25Z
2026-09-10T08:04:14.5452757Z Worker ID: {112fe976-55d1-460f-aa82-a3d1e7b77632}
2026-09-10T08:04:14.5454081Z Azure Region: eastus
2026-09-10T08:04:14.5455098Z ##[endgroup]
2026-09-10T08:04:14.5457594Z ##[group]Operating System
2026-09-10T08:04:14.5458920Z Ubuntu
2026-09-10T08:04:14.5459875Z 22.04.5
2026-09-10T08:04:14.5460719Z LTS
2026-09-10T08:04:14.5461572Z ##[endgroup]
2026-09-10T08:04:14.5462557Z ##[group]Runner Image
2026-09-10T08:04:14.5463553Z Image: ubuntu-22.04
2026-09-10T08:04:14.5464468Z Version: 20260831.284.1
2026-09-10T08:04:14.5466753Z Included Software: https://github.com/actions/runner-images/blob/ubuntu22/20260831.284/images/ubuntu/Ubuntu2204-Readme.md
2026-09-10T08:04:14.5469913Z Image Release: https://github.com/actions/runner-images/releases/tag/ubuntu22%2F20260831.284
2026-09-10T08:04:14.5471497Z ##[endgroup]
2026-09-10T08:04:14.5473641Z ##[group]GITHUB_TOKEN Permissions
2026-09-10T08:04:14.5476747Z Actions: read
2026-09-10T08:04:14.5478150Z Contents: read
2026-09-10T08:04:14.5479117Z Metadata: read
2026-09-10T08:04:14.5479982Z ##[endgroup]
2026-09-10T08:04:14.5483953Z Secret source: Actions
2026-09-10T08:04:14.5485386Z Cache mode: write
2026-09-10T08:04:14.5486710Z Prepare workflow directory
2026-09-10T08:04:14.6234274Z Prepare all required actions
2026-09-10T08:04:14.6308795Z Getting action download info
2026-09-10T08:04:14.8392369Z Download action repository 'actions/checkout@v4' (SHA:11d5960a326750d5838078e36cf38b85af677262)
2026-09-10T08:04:14.9610982Z Download action repository 'actions/setup-python@v5' (SHA:a26af69be951a213d495a4c3e4e4022e16d87065)
2026-09-10T08:04:15.1708980Z Download action repository 'actions/setup-node@v4' (SHA:49933ea5288caeca8642d1e84afbd3f7d6820020)
2026-09-10T08:04:15.3639786Z Download action repository 'actions/upload-artifact@v4' (SHA:ea165f8d65b6e75b540449e92b4886f43607fa02)
2026-09-10T08:04:15.7521968Z Complete job name: isolated (2)
2026-09-10T08:04:15.8327964Z Node 20 is being deprecated. This workflow is running with Node 24 by default. If you need to temporarily use Node 20, you can set the ACTIONS_ALLOW_USE_UNSECURE_NODE_VERSION=true environment variable. For more information see: https://github.blog/changelog/2025-09-19-deprecation-of-node-20-on-github-actions-runners/
2026-09-10T08:04:15.8336962Z ##[group]Run actions/checkout@v4
2026-09-10T08:04:15.8338000Z with:
2026-09-10T08:04:15.8338615Z   ref: 9725334a729f9ea43b6cb62c63bf52539511f312
2026-09-10T08:04:15.8339245Z   path: tooling
2026-09-10T08:04:15.8339733Z   persist-credentials: false
2026-09-10T08:04:15.8340296Z   repository: yuguangzhi3836-glitch/GO
2026-09-10T08:04:15.8344493Z   token: ***
2026-09-10T08:04:15.8344990Z   ssh-strict: true
2026-09-10T08:04:15.8345535Z   ssh-user: git
2026-09-10T08:04:15.8346025Z   clean: true
2026-09-10T08:04:15.8346519Z   sparse-checkout-cone-mode: true
2026-09-10T08:04:15.8347097Z   fetch-depth: 1
2026-09-10T08:04:15.8347672Z   fetch-tags: false
2026-09-10T08:04:15.8348427Z   show-progress: true
2026-09-10T08:04:15.8348931Z   lfs: false
2026-09-10T08:04:15.8349401Z   submodules: false
2026-09-10T08:04:15.8349903Z   set-safe-directory: true
2026-09-10T08:04:15.8350461Z   allow-unsafe-pr-checkout: false
2026-09-10T08:04:15.8351323Z env:
2026-09-10T08:04:15.8351776Z   ACCEPTANCE_SHARD: 2
2026-09-10T08:04:15.8352387Z   SEALED_CANDIDATE: 7bd98db21ee950aeb91c12b296b1864b5a758c3f
2026-09-10T08:04:15.8353454Z   EXPECTED_SOURCE_TREE: c58edb0c0568c3f9fe80ba014c260513a07a8e74b211b608ade4d9052f8645b3
2026-09-10T08:04:15.8354351Z   PYTHONDONTWRITEBYTECODE: 1
2026-09-10T08:04:15.8354877Z ##[endgroup]
2026-09-10T08:04:15.9767151Z Syncing repository: yuguangzhi3836-glitch/GO
2026-09-10T08:04:15.9771480Z ##[group]Getting Git version info
2026-09-10T08:04:15.9774578Z Working directory is '/home/runner/work/GO/GO/tooling'
2026-09-10T08:04:15.9777905Z [command]/usr/bin/git version
2026-09-10T08:04:15.9888549Z git version 2.55.0
2026-09-10T08:04:15.9896391Z ##[endgroup]
2026-09-10T08:04:15.9907647Z Temporarily overriding HOME='/home/runner/work/_temp/af846469-5602-40c5-8e0a-888bbae3a341' before making global git config changes
2026-09-10T08:04:15.9911104Z Adding repository directory to the temporary git global config as a safe directory
2026-09-10T08:04:15.9924836Z [command]/usr/bin/git config --global --add safe.directory /home/runner/work/GO/GO/tooling
2026-09-10T08:04:15.9981179Z ##[group]Initializing the repository
2026-09-10T08:04:15.9990839Z [command]/usr/bin/git init /home/runner/work/GO/GO/tooling
2026-09-10T08:04:16.0653321Z hint: Using 'master' as the name for the initial branch. This default branch name
2026-09-10T08:04:16.0679161Z hint: will change to "main" in Git 3.0. To configure the initial branch name
2026-09-10T08:04:16.0697086Z hint: to use in all of your new repositories, which will suppress this warning,
2026-09-10T08:04:16.0699009Z hint: call:
2026-09-10T08:04:16.0718549Z hint:
2026-09-10T08:04:16.0837334Z hint: 	git config --global init.defaultBranch <name>
2026-09-10T08:04:16.0838590Z hint:
2026-09-10T08:04:16.0840145Z hint: Names commonly chosen instead of 'master' are 'main', 'trunk' and
2026-09-10T08:04:16.0842060Z hint: 'development'. The just-created branch can be renamed via this command:
2026-09-10T08:04:16.0848375Z hint:
2026-09-10T08:04:16.0849316Z hint: 	git branch -m <name>
2026-09-10T08:04:16.0850274Z hint:
2026-09-10T08:04:16.0851475Z hint: Disable this message with "git config set advice.defaultBranchName false"
2026-09-10T08:04:16.0853460Z Initialized empty Git repository in /home/runner/work/GO/GO/tooling/.git/
2026-09-10T08:04:16.0856665Z [command]/usr/bin/git remote add origin https://github.com/yuguangzhi3836-glitch/GO
2026-09-10T08:04:16.0860036Z ##[endgroup]
2026-09-10T08:04:16.0861554Z ##[group]Disabling automatic garbage collection
2026-09-10T08:04:16.0862921Z [command]/usr/bin/git config --local gc.auto 0
2026-09-10T08:04:16.0922810Z ##[endgroup]
2026-09-10T08:04:16.0924346Z ##[group]Setting up auth
2026-09-10T08:04:16.0926271Z [command]/usr/bin/git config --local --name-only --get-regexp core\.sshCommand
2026-09-10T08:04:16.0973836Z [command]/usr/bin/git submodule foreach --recursive sh -c "git config --local --name-only --get-regexp 'core\.sshCommand' && git config --local --unset-all 'core.sshCommand' || :"
2026-09-10T08:04:16.1320984Z [command]/usr/bin/git config --local --name-only --get-regexp http\.https\:\/\/github\.com\/\.extraheader
2026-09-10T08:04:16.1371590Z [command]/usr/bin/git submodule foreach --recursive sh -c "git config --local --name-only --get-regexp 'http\.https\:\/\/github\.com\/\.extraheader' && git config --local --unset-all 'http.https://github.com/.extraheader' || :"
2026-09-10T08:04:16.1643308Z [command]/usr/bin/git config --local --name-only --get-regexp ^includeIf\.gitdir:
2026-09-10T08:04:16.1689617Z [command]/usr/bin/git submodule foreach --recursive git config --local --show-origin --name-only --get-regexp remote.origin.url
2026-09-10T08:04:16.1977257Z [command]/usr/bin/git config --local http.https://github.com/.extraheader AUTHORIZATION: basic ***
2026-09-10T08:04:16.2026113Z ##[endgroup]
2026-09-10T08:04:16.2028416Z ##[group]Fetching the repository
2026-09-10T08:04:16.2038182Z [command]/usr/bin/git -c protocol.version=2 fetch --no-tags --prune --no-recurse-submodules --depth=1 origin 9725334a729f9ea43b6cb62c63bf52539511f312
2026-09-10T08:04:20.1728920Z From https://github.com/yuguangzhi3836-glitch/GO
2026-09-10T08:04:20.1739398Z  * branch            9725334a729f9ea43b6cb62c63bf52539511f312 -> FETCH_HEAD
2026-09-10T08:04:20.1746271Z ##[endgroup]
2026-09-10T08:04:20.1748247Z ##[group]Determining the checkout info
2026-09-10T08:04:20.1749880Z ##[endgroup]
2026-09-10T08:04:20.1750966Z [command]/usr/bin/git sparse-checkout disable
2026-09-10T08:04:20.1798482Z [command]/usr/bin/git config --local --unset-all extensions.worktreeConfig
2026-09-10T08:04:20.1847313Z ##[group]Checking out the ref
2026-09-10T08:04:20.1850393Z [command]/usr/bin/git checkout --progress --force 9725334a729f9ea43b6cb62c63bf52539511f312
2026-09-10T08:04:20.5782063Z Note: switching to '9725334a729f9ea43b6cb62c63bf52539511f312'.
2026-09-10T08:04:20.5818320Z 
2026-09-10T08:04:20.5818853Z You are in 'detached HEAD' state. You can look around, make experimental
2026-09-10T08:04:20.5819853Z changes and commit them, and you can discard any commits you make in this
2026-09-10T08:04:20.5838569Z state without impacting any branches by switching back to a branch.
2026-09-10T08:04:20.5839125Z 
2026-09-10T08:04:20.5839491Z If you want to create a new branch to retain commits you create, you may
2026-09-10T08:04:20.5840237Z do so (now or later) by using -c with the switch command. Example:
2026-09-10T08:04:20.5840661Z 
2026-09-10T08:04:20.5840836Z   git switch -c <new-branch-name>
2026-09-10T08:04:20.5841125Z 
2026-09-10T08:04:20.5841312Z Or undo this operation with:
2026-09-10T08:04:20.5841661Z 
2026-09-10T08:04:20.5841808Z   git switch -
2026-09-10T08:04:20.5842065Z 
2026-09-10T08:04:20.5842585Z Turn off this advice by setting config variable advice.detachedHead to false
2026-09-10T08:04:20.5858471Z 
2026-09-10T08:04:20.5859231Z HEAD is now at 9725334 ci: verify complete DEPTH36R3 with spawn-safe isolated test runner
2026-09-10T08:04:20.5864621Z ##[endgroup]
2026-09-10T08:04:20.5962179Z [command]/usr/bin/git log -1 --format=%H
2026-09-10T08:04:20.6005935Z 9725334a729f9ea43b6cb62c63bf52539511f312
2026-09-10T08:04:20.6029513Z ##[group]Removing auth
2026-09-10T08:04:20.6030145Z [command]/usr/bin/git config --local --name-only --get-regexp core\.sshCommand
2026-09-10T08:04:20.6103447Z [command]/usr/bin/git submodule foreach --recursive sh -c "git config --local --name-only --get-regexp 'core\.sshCommand' && git config --local --unset-all 'core.sshCommand' || :"
2026-09-10T08:04:20.6478895Z [command]/usr/bin/git config --local --name-only --get-regexp http\.https\:\/\/github\.com\/\.extraheader
2026-09-10T08:04:20.6509211Z http.https://github.com/.extraheader
2026-09-10T08:04:20.6518996Z [command]/usr/bin/git config --local --unset-all http.https://github.com/.extraheader
2026-09-10T08:04:20.6568907Z [command]/usr/bin/git submodule foreach --recursive sh -c "git config --local --name-only --get-regexp 'http\.https\:\/\/github\.com\/\.extraheader' && git config --local --unset-all 'http.https://github.com/.extraheader' || :"
2026-09-10T08:04:20.6839636Z [command]/usr/bin/git config --local --name-only --get-regexp ^includeIf\.gitdir:
2026-09-10T08:04:20.6882390Z [command]/usr/bin/git submodule foreach --recursive git config --local --show-origin --name-only --get-regexp remote.origin.url
2026-09-10T08:04:20.7175098Z ##[endgroup]
2026-09-10T08:04:20.7459609Z Node 20 is being deprecated. This workflow is running with Node 24 by default. If you need to temporarily use Node 20, you can set the ACTIONS_ALLOW_USE_UNSECURE_NODE_VERSION=true environment variable. For more information see: https://github.blog/changelog/2025-09-19-deprecation-of-node-20-on-github-actions-runners/
2026-09-10T08:04:20.7461704Z ##[group]Run actions/checkout@v4
2026-09-10T08:04:20.7461966Z with:
2026-09-10T08:04:20.7462210Z   ref: 7bd98db21ee950aeb91c12b296b1864b5a758c3f
2026-09-10T08:04:20.7462511Z   path: candidate
2026-09-10T08:04:20.7462752Z   persist-credentials: false
2026-09-10T08:04:20.7463021Z   repository: yuguangzhi3836-glitch/GO
2026-09-10T08:04:20.7465382Z   token: ***
2026-09-10T08:04:20.7465602Z   ssh-strict: true
2026-09-10T08:04:20.7465817Z   ssh-user: git
2026-09-10T08:04:20.7466021Z   clean: true
2026-09-10T08:04:20.7466245Z   sparse-checkout-cone-mode: true
2026-09-10T08:04:20.7466506Z   fetch-depth: 1
2026-09-10T08:04:20.7466765Z   fetch-tags: false
2026-09-10T08:04:20.7466990Z   show-progress: true
2026-09-10T08:04:20.7467212Z   lfs: false
2026-09-10T08:04:20.7467417Z   submodules: false
2026-09-10T08:04:20.7467642Z   set-safe-directory: true
2026-09-10T08:04:20.7468418Z   allow-unsafe-pr-checkout: false
2026-09-10T08:04:20.7468679Z env:
2026-09-10T08:04:20.7468912Z   ACCEPTANCE_SHARD: 2
2026-09-10T08:04:20.7469203Z   SEALED_CANDIDATE: 7bd98db21ee950aeb91c12b296b1864b5a758c3f
2026-09-10T08:04:20.7469677Z   EXPECTED_SOURCE_TREE: c58edb0c0568c3f9fe80ba014c260513a07a8e74b211b608ade4d9052f8645b3
2026-09-10T08:04:20.7470119Z   PYTHONDONTWRITEBYTECODE: 1
2026-09-10T08:04:20.7470369Z ##[endgroup]
2026-09-10T08:04:20.8451607Z Syncing repository: yuguangzhi3836-glitch/GO
2026-09-10T08:04:20.8477160Z ##[group]Getting Git version info
2026-09-10T08:04:20.8487860Z Working directory is '/home/runner/work/GO/GO/candidate'
2026-09-10T08:04:20.8516074Z [command]/usr/bin/git version
2026-09-10T08:04:20.8571466Z git version 2.55.0
2026-09-10T08:04:20.8632786Z ##[endgroup]
2026-09-10T08:04:20.8635669Z Temporarily overriding HOME='/home/runner/work/_temp/b2881ab8-a3bb-4d33-9adf-383c3f7eb289' before making global git config changes
2026-09-10T08:04:20.8637015Z Adding repository directory to the temporary git global config as a safe directory
2026-09-10T08:04:20.8638428Z [command]/usr/bin/git config --global --add safe.directory /home/runner/work/GO/GO/candidate
2026-09-10T08:04:20.8691909Z ##[group]Initializing the repository
2026-09-10T08:04:20.8692695Z [command]/usr/bin/git init /home/runner/work/GO/GO/candidate
2026-09-10T08:04:20.8755179Z hint: Using 'master' as the name for the initial branch. This default branch name
2026-09-10T08:04:20.8770765Z hint: will change to "main" in Git 3.0. To configure the initial branch name
2026-09-10T08:04:20.8782400Z hint: to use in all of your new repositories, which will suppress this warning,
2026-09-10T08:04:20.8783240Z hint: call:
2026-09-10T08:04:20.8783755Z hint:
2026-09-10T08:04:20.8784408Z hint: 	git config --global init.defaultBranch <name>
2026-09-10T08:04:20.8785073Z hint:
2026-09-10T08:04:20.8785703Z hint: Names commonly chosen instead of 'master' are 'main', 'trunk' and
2026-09-10T08:04:20.8786627Z hint: 'development'. The just-created branch can be renamed via this command:
2026-09-10T08:04:20.8787417Z hint:
2026-09-10T08:04:20.8788124Z hint: 	git branch -m <name>
2026-09-10T08:04:20.8788675Z hint:
2026-09-10T08:04:20.8789382Z hint: Disable this message with "git config set advice.defaultBranchName false"
2026-09-10T08:04:20.8790506Z Initialized empty Git repository in /home/runner/work/GO/GO/candidate/.git/
2026-09-10T08:04:20.8792605Z [command]/usr/bin/git remote add origin https://github.com/yuguangzhi3836-glitch/GO
2026-09-10T08:04:20.8868736Z ##[endgroup]
2026-09-10T08:04:20.8891296Z ##[group]Disabling automatic garbage collection
2026-09-10T08:04:20.8911602Z [command]/usr/bin/git config --local gc.auto 0
2026-09-10T08:04:20.8919534Z ##[endgroup]
2026-09-10T08:04:20.8920458Z ##[group]Setting up auth
2026-09-10T08:04:20.8921808Z [command]/usr/bin/git config --local --name-only --get-regexp core\.sshCommand
2026-09-10T08:04:20.8993094Z [command]/usr/bin/git submodule foreach --recursive sh -c "git config --local --name-only --get-regexp 'core\.sshCommand' && git config --local --unset-all 'core.sshCommand' || :"
2026-09-10T08:04:20.9428927Z [command]/usr/bin/git config --local --name-only --get-regexp http\.https\:\/\/github\.com\/\.extraheader
2026-09-10T08:04:20.9463246Z [command]/usr/bin/git submodule foreach --recursive sh -c "git config --local --name-only --get-regexp 'http\.https\:\/\/github\.com\/\.extraheader' && git config --local --unset-all 'http.https://github.com/.extraheader' || :"
2026-09-10T08:04:21.0099389Z [command]/usr/bin/git config --local --name-only --get-regexp ^includeIf\.gitdir:
2026-09-10T08:04:21.0239098Z [command]/usr/bin/git submodule foreach --recursive git config --local --show-origin --name-only --get-regexp remote.origin.url
2026-09-10T08:04:21.0678851Z [command]/usr/bin/git config --local http.https://github.com/.extraheader AUTHORIZATION: basic ***
2026-09-10T08:04:21.0741745Z ##[endgroup]
2026-09-10T08:04:21.0758646Z ##[group]Fetching the repository
2026-09-10T08:04:21.0759931Z [command]/usr/bin/git -c protocol.version=2 fetch --no-tags --prune --no-recurse-submodules --depth=1 origin 7bd98db21ee950aeb91c12b296b1864b5a758c3f
2026-09-10T08:04:24.3465486Z From https://github.com/yuguangzhi3836-glitch/GO
2026-09-10T08:04:24.3477332Z  * branch            7bd98db21ee950aeb91c12b296b1864b5a758c3f -> FETCH_HEAD
2026-09-10T08:04:24.3498661Z ##[endgroup]
2026-09-10T08:04:24.3499566Z ##[group]Determining the checkout info
2026-09-10T08:04:24.3505438Z ##[endgroup]
2026-09-10T08:04:24.3506035Z [command]/usr/bin/git sparse-checkout disable
2026-09-10T08:04:24.3539037Z [command]/usr/bin/git config --local --unset-all extensions.worktreeConfig
2026-09-10T08:04:24.3609394Z ##[group]Checking out the ref
2026-09-10T08:04:24.3610352Z [command]/usr/bin/git checkout --progress --force 7bd98db21ee950aeb91c12b296b1864b5a758c3f
2026-09-10T08:04:24.7429012Z Note: switching to '7bd98db21ee950aeb91c12b296b1864b5a758c3f'.
2026-09-10T08:04:24.7429331Z 
2026-09-10T08:04:24.7429545Z You are in 'detached HEAD' state. You can look around, make experimental
2026-09-10T08:04:24.7430056Z changes and commit them, and you can discard any commits you make in this
2026-09-10T08:04:24.7430503Z state without impacting any branches by switching back to a branch.
2026-09-10T08:04:24.7430762Z 
2026-09-10T08:04:24.7430937Z If you want to create a new branch to retain commits you create, you may
2026-09-10T08:04:24.7431367Z do so (now or later) by using -c with the switch command. Example:
2026-09-10T08:04:24.7431612Z 
2026-09-10T08:04:24.7431730Z   git switch -c <new-branch-name>
2026-09-10T08:04:24.7431892Z 
2026-09-10T08:04:24.7432002Z Or undo this operation with:
2026-09-10T08:04:24.7432155Z 
2026-09-10T08:04:24.7432251Z   git switch -
2026-09-10T08:04:24.7432376Z 
2026-09-10T08:04:24.7432589Z Turn off this advice by setting config variable advice.detachedHead to false
2026-09-10T08:04:24.7432886Z 
2026-09-10T08:04:24.7433147Z HEAD is now at 7bd98db test(mobile): verify offline and idempotency contract through shared transport
2026-09-10T08:04:24.7493718Z ##[endgroup]
2026-09-10T08:04:24.7551094Z [command]/usr/bin/git log -1 --format=%H
2026-09-10T08:04:24.7588947Z 7bd98db21ee950aeb91c12b296b1864b5a758c3f
2026-09-10T08:04:24.7609283Z ##[group]Removing auth
2026-09-10T08:04:24.7611007Z [command]/usr/bin/git config --local --name-only --get-regexp core\.sshCommand
2026-09-10T08:04:24.7658774Z [command]/usr/bin/git submodule foreach --recursive sh -c "git config --local --name-only --get-regexp 'core\.sshCommand' && git config --local --unset-all 'core.sshCommand' || :"
2026-09-10T08:04:24.8021924Z [command]/usr/bin/git config --local --name-only --get-regexp http\.https\:\/\/github\.com\/\.extraheader
2026-09-10T08:04:24.8078661Z http.https://github.com/.extraheader
2026-09-10T08:04:24.8104109Z [command]/usr/bin/git config --local --unset-all http.https://github.com/.extraheader
2026-09-10T08:04:24.8151110Z [command]/usr/bin/git submodule foreach --recursive sh -c "git config --local --name-only --get-regexp 'http\.https\:\/\/github\.com\/\.extraheader' && git config --local --unset-all 'http.https://github.com/.extraheader' || :"
2026-09-10T08:04:24.8439222Z [command]/usr/bin/git config --local --name-only --get-regexp ^includeIf\.gitdir:
2026-09-10T08:04:24.8479943Z [command]/usr/bin/git submodule foreach --recursive git config --local --show-origin --name-only --get-regexp remote.origin.url
2026-09-10T08:04:24.8771733Z ##[endgroup]
2026-09-10T08:04:24.8952628Z Node 20 is being deprecated. This workflow is running with Node 24 by default. If you need to temporarily use Node 20, you can set the ACTIONS_ALLOW_USE_UNSECURE_NODE_VERSION=true environment variable. For more information see: https://github.blog/changelog/2025-09-19-deprecation-of-node-20-on-github-actions-runners/
2026-09-10T08:04:24.8953757Z ##[group]Run actions/setup-python@v5
2026-09-10T08:04:24.8954042Z with:
2026-09-10T08:04:24.8954265Z   python-version: 3.13.5
2026-09-10T08:04:24.8954512Z   check-latest: false
2026-09-10T08:04:24.8956766Z   token: ***
2026-09-10T08:04:24.8957003Z   update-environment: true
2026-09-10T08:04:24.8957470Z   allow-prereleases: false
2026-09-10T08:04:24.8957970Z   freethreaded: false
2026-09-10T08:04:24.8958262Z env:
2026-09-10T08:04:24.8958458Z   ACCEPTANCE_SHARD: 2
2026-09-10T08:04:24.8958741Z   SEALED_CANDIDATE: 7bd98db21ee950aeb91c12b296b1864b5a758c3f
2026-09-10T08:04:24.8959230Z   EXPECTED_SOURCE_TREE: c58edb0c0568c3f9fe80ba014c260513a07a8e74b211b608ade4d9052f8645b3
2026-09-10T08:04:24.8959645Z   PYTHONDONTWRITEBYTECODE: 1
2026-09-10T08:04:24.8959882Z ##[endgroup]
2026-09-10T08:04:25.0415558Z ##[group]Installed versions
2026-09-10T08:04:25.0436721Z Version 3.13.5 was not found in the local cache
2026-09-10T08:04:25.0545231Z (node:1963) [DEP0040] DeprecationWarning: The `punycode` module is deprecated. Please use a userland alternative instead.
2026-09-10T08:04:25.0546474Z (Use `node --trace-deprecation ...` to show where the warning was created)
2026-09-10T08:04:26.1688381Z Version 3.13.5 is available for downloading
2026-09-10T08:04:26.1690768Z Download from "https://github.com/actions/python-versions/releases/download/3.13.5-15601068749/python-3.13.5-linux-22.04-x64.tar.gz"
2026-09-10T08:04:27.0363821Z Extract downloaded archive
2026-09-10T08:04:27.0520364Z [command]/usr/bin/tar xz --warning=no-unknown-keyword --overwrite -C /home/runner/work/_temp/4bf589d3-e979-4944-bebd-a3000e8a00a7 -f /home/runner/work/_temp/1acc1c56-e23d-4a66-8af9-fa43ff560f5d
2026-09-10T08:04:29.6484391Z Execute installation script
2026-09-10T08:04:29.6627542Z Check if Python hostedtoolcache folder exist...
2026-09-10T08:04:29.6633401Z Create Python 3.13.5 folder
2026-09-10T08:04:29.6650837Z Copy Python binaries to hostedtoolcache folder
2026-09-10T08:04:30.2957456Z Create additional symlinks (Required for the UsePythonVersion Azure Pipelines task and the setup-python GitHub Action)
2026-09-10T08:04:30.3013824Z Upgrading pip...
2026-09-10T08:04:33.2776027Z Looking in links: /tmp/tmpqxa08bit
2026-09-10T08:04:33.2781059Z Requirement already satisfied: pip in /opt/hostedtoolcache/Python/3.13.5/x64/lib/python3.13/site-packages (25.1.1)
2026-09-10T08:04:35.3686968Z Collecting pip
2026-09-10T08:04:35.3819236Z Downloading pip-26.2.1-py3-none-any.whl.metadata (4.6 kB)
2026-09-10T08:04:35.4288888Z Downloading pip-26.2.1-py3-none-any.whl (1.8 MB)
2026-09-10T08:04:35.5582694Z ━━━━━━━━━━━━━━━━━━━━━━━━━━━━━━━━━━━━━━━━ 1.8/1.8 MB 12.8 MB/s eta 0:00:00
2026-09-10T08:04:35.5956036Z Installing collected packages: pip
2026-09-10T08:04:35.5957161Z Attempting uninstall: pip
2026-09-10T08:04:35.5989212Z Found existing installation: pip 25.1.1
2026-09-10T08:04:35.6325969Z Uninstalling pip-25.1.1:
2026-09-10T08:04:35.6385956Z Successfully uninstalled pip-25.1.1
2026-09-10T08:04:36.7629095Z Successfully installed pip-26.2.1
2026-09-10T08:04:36.8322997Z Create complete file
2026-09-10T08:04:36.8369244Z Successfully set up CPython (3.13.5)
2026-09-10T08:04:36.8370822Z ##[endgroup]
2026-09-10T08:04:36.8609507Z Node 20 is being deprecated. This workflow is running with Node 24 by default. If you need to temporarily use Node 20, you can set the ACTIONS_ALLOW_USE_UNSECURE_NODE_VERSION=true environment variable. For more information see: https://github.blog/changelog/2025-09-19-deprecation-of-node-20-on-github-actions-runners/
2026-09-10T08:04:36.8610665Z ##[group]Run actions/setup-node@v4
2026-09-10T08:04:36.8610929Z with:
2026-09-10T08:04:36.8611133Z   node-version: 22.22.0
2026-09-10T08:04:36.8611367Z   always-auth: false
2026-09-10T08:04:36.8611589Z   check-latest: false
2026-09-10T08:04:36.8613844Z   token: ***
2026-09-10T08:04:36.8614044Z env:
2026-09-10T08:04:36.8614239Z   ACCEPTANCE_SHARD: 2
2026-09-10T08:04:36.8614519Z   SEALED_CANDIDATE: 7bd98db21ee950aeb91c12b296b1864b5a758c3f
2026-09-10T08:04:36.8614982Z   EXPECTED_SOURCE_TREE: c58edb0c0568c3f9fe80ba014c260513a07a8e74b211b608ade4d9052f8645b3
2026-09-10T08:04:36.8615406Z   PYTHONDONTWRITEBYTECODE: 1
2026-09-10T08:04:36.8615737Z   pythonLocation: /opt/hostedtoolcache/Python/3.13.5/x64
2026-09-10T08:04:36.8616153Z   PKG_CONFIG_PATH: /opt/hostedtoolcache/Python/3.13.5/x64/lib/pkgconfig
2026-09-10T08:04:36.8616767Z   Python_ROOT_DIR: /opt/hostedtoolcache/Python/3.13.5/x64
2026-09-10T08:04:36.8617133Z   Python2_ROOT_DIR: /opt/hostedtoolcache/Python/3.13.5/x64
2026-09-10T08:04:36.8617486Z   Python3_ROOT_DIR: /opt/hostedtoolcache/Python/3.13.5/x64
2026-09-10T08:04:36.8618152Z   LD_LIBRARY_PATH: /opt/hostedtoolcache/Python/3.13.5/x64/lib
2026-09-10T08:04:36.8618477Z ##[endgroup]
2026-09-10T08:04:37.0239243Z Attempting to download 22.22.0...
2026-09-10T08:04:37.0344331Z (node:2011) [DEP0040] DeprecationWarning: The `punycode` module is deprecated. Please use a userland alternative instead.
2026-09-10T08:04:37.0345660Z (Use `node --trace-deprecation ...` to show where the warning was created)
2026-09-10T08:04:37.5357266Z Acquiring 22.22.0 - x64 from https://github.com/actions/node-versions/releases/download/22.22.0-20981702931/node-22.22.0-linux-x64.tar.gz
2026-09-10T08:04:38.1815639Z Extracting ...
2026-09-10T08:04:38.1958781Z [command]/usr/bin/tar xz --strip 1 --warning=no-unknown-keyword --overwrite -C /home/runner/work/_temp/f898cac0-8b74-416a-9469-b22571849969 -f /home/runner/work/_temp/7515d3b6-c6b4-47ea-9512-a734cd4e5cef
2026-09-10T08:04:39.6173834Z Adding to the cache ...
2026-09-10T08:05:00.9410614Z ##[group]Environment details
2026-09-10T08:05:01.2359264Z node: v22.22.0
2026-09-10T08:05:01.2360122Z npm: 10.9.4
2026-09-10T08:05:01.2360583Z yarn: 1.22.22
2026-09-10T08:05:01.2361384Z ##[endgroup]
2026-09-10T08:05:01.2585173Z ##[group]Run mkdir -p evidence
2026-09-10T08:05:01.2585592Z [36;1mmkdir -p evidence[0m
2026-09-10T08:05:01.2585993Z [36;1mgit -C candidate rev-parse HEAD | tee evidence/candidate-commit.txt[0m
2026-09-10T08:05:01.2586496Z [36;1mtest "$(git -C candidate rev-parse HEAD)" = "$SEALED_CANDIDATE"[0m
2026-09-10T08:05:01.2587511Z [36;1mpython -c 'import hashlib,json,pathlib;p=pathlib.Path("candidate/deliverables/CP11_DEPTH36R3_MOBILE_CONTRACT_20260910");m=json.loads((p/"MANIFEST.json").read_text());assert hashlib.sha256((p/"DELTA.json").read_bytes()).hexdigest()==m["delta_sha256"]'[0m
2026-09-10T08:05:01.2933571Z shell: /usr/bin/bash --noprofile --norc -e -o pipefail {0}
2026-09-10T08:05:01.2933948Z env:
2026-09-10T08:05:01.2934174Z   ACCEPTANCE_SHARD: 2
2026-09-10T08:05:01.2934477Z   SEALED_CANDIDATE: 7bd98db21ee950aeb91c12b296b1864b5a758c3f
2026-09-10T08:05:01.2934971Z   EXPECTED_SOURCE_TREE: c58edb0c0568c3f9fe80ba014c260513a07a8e74b211b608ade4d9052f8645b3
2026-09-10T08:05:01.2935489Z   PYTHONDONTWRITEBYTECODE: 1
2026-09-10T08:05:01.2935804Z   pythonLocation: /opt/hostedtoolcache/Python/3.13.5/x64
2026-09-10T08:05:01.2936212Z   PKG_CONFIG_PATH: /opt/hostedtoolcache/Python/3.13.5/x64/lib/pkgconfig
2026-09-10T08:05:01.2936614Z   Python_ROOT_DIR: /opt/hostedtoolcache/Python/3.13.5/x64
2026-09-10T08:05:01.2936984Z   Python2_ROOT_DIR: /opt/hostedtoolcache/Python/3.13.5/x64
2026-09-10T08:05:01.2937357Z   Python3_ROOT_DIR: /opt/hostedtoolcache/Python/3.13.5/x64
2026-09-10T08:05:01.2938043Z   LD_LIBRARY_PATH: /opt/hostedtoolcache/Python/3.13.5/x64/lib
2026-09-10T08:05:01.2938401Z ##[endgroup]
2026-09-10T08:05:01.3131170Z 7bd98db21ee950aeb91c12b296b1864b5a758c3f
2026-09-10T08:05:01.4434133Z ##[group]Run python tooling/ci/depth36/materialize_parent.py \
2026-09-10T08:05:01.4434905Z [36;1mpython tooling/ci/depth36/materialize_parent.py \[0m
2026-09-10T08:05:01.4435578Z [36;1m  --depth26 candidate/deliverables/CP11_DEPTH26_20260909 \[0m
2026-09-10T08:05:01.4436231Z [36;1m  --depth27 candidate/deliverables/CP11_DEPTH27_20260909 \[0m
2026-09-10T08:05:01.4436924Z [36;1m  --depth28 candidate/deliverables/CP11_DEPTH28_V14_INTEGRATION_20260909 \[0m
2026-09-10T08:05:01.4438077Z [36;1m  --output "$GITHUB_WORKSPACE/restored-parent" | tee evidence/parent-restore.log[0m
2026-09-10T08:05:01.4439082Z [36;1mpython candidate/deliverables/CP11_DEPTH29_TRIP_REENTRY_20260909/restore_depth29.py \[0m
2026-09-10T08:05:01.4439860Z [36;1m  --parent "$GITHUB_WORKSPACE/restored-parent" \[0m
2026-09-10T08:05:01.4440566Z [36;1m  --output "$GITHUB_WORKSPACE/restored-depth29" | tee evidence/depth29-restore.log[0m
2026-09-10T08:05:01.4441796Z [36;1mpython candidate/deliverables/CP11_DEPTH30_NATIVE_PAYMENT_20260909/restore_depth30.py \[0m
2026-09-10T08:05:01.4442588Z [36;1m  --parent "$GITHUB_WORKSPACE/restored-depth29" \[0m
2026-09-10T08:05:01.4443300Z [36;1m  --output "$GITHUB_WORKSPACE/restored-depth30" | tee evidence/depth30-restore.log[0m
2026-09-10T08:05:01.4444265Z [36;1mpython candidate/deliverables/CP11_DEPTH31_CONSENT_DIRECT_20260910/restore_delta.py \[0m
2026-09-10T08:05:01.4445004Z [36;1m  --parent "$GITHUB_WORKSPACE/restored-depth30" \[0m
2026-09-10T08:05:01.4445668Z [36;1m  --package candidate/deliverables/CP11_DEPTH31_CONSENT_DIRECT_20260910 \[0m
2026-09-10T08:05:01.4446517Z [36;1m  --output "$GITHUB_WORKSPACE/restored-depth31" | tee evidence/depth31-restore.log[0m
2026-09-10T08:05:01.4447448Z [36;1mpython candidate/deliverables/CP11_DEPTH32R2_CHANGE_TERMS_REFUND_20260910/restore_delta.py \[0m
2026-09-10T08:05:01.4448442Z [36;1m  --parent "$GITHUB_WORKSPACE/restored-depth31" \[0m
2026-09-10T08:05:01.4449114Z [36;1m  --package candidate/deliverables/CP11_DEPTH32R2_CHANGE_TERMS_REFUND_20260910 \[0m
2026-09-10T08:05:01.4449983Z [36;1m  --output "$GITHUB_WORKSPACE/restored-depth32r2" | tee evidence/depth32r2-restore.log[0m
2026-09-10T08:05:01.4450908Z [36;1mpython candidate/deliverables/CP11_DEPTH33_MOBILITY_REFUND_20260910/restore_delta.py \[0m
2026-09-10T08:05:01.4451666Z [36;1m  --parent "$GITHUB_WORKSPACE/restored-depth32r2" \[0m
2026-09-10T08:05:01.4452297Z [36;1m  --package candidate/deliverables/CP11_DEPTH33_MOBILITY_REFUND_20260910 \[0m
2026-09-10T08:05:01.4453088Z [36;1m  --output "$GITHUB_WORKSPACE/restored-depth33" | tee evidence/depth33-restore.log[0m
2026-09-10T08:05:01.4453982Z [36;1mpython candidate/deliverables/CP11_DEPTH34R2_HOTEL_QUOTE_IDENTITY_20260910/restore_delta.py \[0m
2026-09-10T08:05:01.4454702Z [36;1m  --parent "$GITHUB_WORKSPACE/restored-depth33" \[0m
2026-09-10T08:05:01.4455360Z [36;1m  --package candidate/deliverables/CP11_DEPTH34R2_HOTEL_QUOTE_IDENTITY_20260910 \[0m
2026-09-10T08:05:01.4456263Z [36;1m  --output "$GITHUB_WORKSPACE/restored-depth34r2" | tee evidence/depth34r2-restore.log[0m
2026-09-10T08:05:01.4457222Z [36;1mpython candidate/deliverables/CP11_DEPTH35R2_SESSION_TRANSITIONS_20260910/restore_delta.py \[0m
2026-09-10T08:05:01.4458316Z [36;1m  --parent "$GITHUB_WORKSPACE/restored-depth34r2" \[0m
2026-09-10T08:05:01.4458984Z [36;1m  --package candidate/deliverables/CP11_DEPTH35R2_SESSION_TRANSITIONS_20260910 \[0m
2026-09-10T08:05:01.4459885Z [36;1m  --output "$GITHUB_WORKSPACE/restored-depth35r2" | tee evidence/depth35r2-restore.log[0m
2026-09-10T08:05:01.4460842Z [36;1mpython candidate/deliverables/CP11_DEPTH36_ISOLATED_RUNTIME_20260910/restore_delta.py \[0m
2026-09-10T08:05:01.4461615Z [36;1m  --parent "$GITHUB_WORKSPACE/restored-depth35r2" \[0m
2026-09-10T08:05:01.4462299Z [36;1m  --package candidate/deliverables/CP11_DEPTH36_ISOLATED_RUNTIME_20260910 \[0m
2026-09-10T08:05:01.4463115Z [36;1m  --output "$GITHUB_WORKSPACE/restored-depth36" | tee evidence/depth36-restore.log[0m
2026-09-10T08:05:01.4464450Z [36;1mpython candidate/deliverables/CP11_DEPTH36R2_SUPPORT_RESTORE_20260910/restore_delta.py \[0m
2026-09-10T08:05:01.4465234Z [36;1m  --parent "$GITHUB_WORKSPACE/restored-depth36" \[0m
2026-09-10T08:05:01.4465919Z [36;1m  --package candidate/deliverables/CP11_DEPTH36R2_SUPPORT_RESTORE_20260910 \[0m
2026-09-10T08:05:01.4466786Z [36;1m  --output "$GITHUB_WORKSPACE/restored-depth36r2" | tee evidence/depth36r2-restore.log[0m
2026-09-10T08:05:01.4467939Z [36;1mpython candidate/deliverables/CP11_DEPTH36R3_MOBILE_CONTRACT_20260910/restore_delta.py \[0m
2026-09-10T08:05:01.4468843Z [36;1m  --parent "$GITHUB_WORKSPACE/restored-depth36r2" \[0m
2026-09-10T08:05:01.4469516Z [36;1m  --package candidate/deliverables/CP11_DEPTH36R3_MOBILE_CONTRACT_20260910 \[0m
2026-09-10T08:05:01.4470288Z [36;1m  --output "$GITHUB_WORKSPACE/restored" | tee evidence/restore.log[0m
2026-09-10T08:05:01.4557907Z shell: /usr/bin/bash --noprofile --norc -e -o pipefail {0}
2026-09-10T08:05:01.4558472Z env:
2026-09-10T08:05:01.4558724Z   ACCEPTANCE_SHARD: 2
2026-09-10T08:05:01.4559023Z   SEALED_CANDIDATE: 7bd98db21ee950aeb91c12b296b1864b5a758c3f
2026-09-10T08:05:01.4559519Z   EXPECTED_SOURCE_TREE: c58edb0c0568c3f9fe80ba014c260513a07a8e74b211b608ade4d9052f8645b3
2026-09-10T08:05:01.4559954Z   PYTHONDONTWRITEBYTECODE: 1
2026-09-10T08:05:01.4560261Z   pythonLocation: /opt/hostedtoolcache/Python/3.13.5/x64
2026-09-10T08:05:01.4560660Z   PKG_CONFIG_PATH: /opt/hostedtoolcache/Python/3.13.5/x64/lib/pkgconfig
2026-09-10T08:05:01.4561066Z   Python_ROOT_DIR: /opt/hostedtoolcache/Python/3.13.5/x64
2026-09-10T08:05:01.4561439Z   Python2_ROOT_DIR: /opt/hostedtoolcache/Python/3.13.5/x64
2026-09-10T08:05:01.4561807Z   Python3_ROOT_DIR: /opt/hostedtoolcache/Python/3.13.5/x64
2026-09-10T08:05:01.4562170Z   LD_LIBRARY_PATH: /opt/hostedtoolcache/Python/3.13.5/x64/lib
2026-09-10T08:05:01.4562501Z ##[endgroup]
2026-09-10T08:05:02.6415858Z {
2026-09-10T08:05:02.6417371Z   "restored_files_verified": 1081,
2026-09-10T08:05:02.6418669Z   "parent_files_verified": 1077,
2026-09-10T08:05:02.6424277Z   "source_tree_sha256": "7f8be7894c15f42e311610cccaaf8590402cd9ae1facca77956379a5aec43952",
2026-09-10T08:05:02.6425503Z   "delta_sha256": "f95e9541757f0051815373611b0230ee1bcc58201a451e6b99261754110e98ab",
2026-09-10T08:05:02.6430295Z   "output": "/tmp/go-offline-lineage-7aeqnsiv/depth27",
2026-09-10T08:05:02.6431026Z   "FINAL_RELEASE_GATE": "HOLD"
2026-09-10T08:05:02.6431568Z }
2026-09-10T08:05:03.1217344Z {
2026-09-10T08:05:03.1218947Z   "restored_files_verified": 1093,
2026-09-10T08:05:03.1226365Z   "parent_files_verified": 1081,
2026-09-10T08:05:03.1227357Z   "source_tree_sha256": "3a8440e2d74e1dc4f86509686968683f98bec4b78c9f0ca0e43a02dedeac285f",
2026-09-10T08:05:03.1228679Z   "delta_sha256": "98f006935a421b99aa4ea35c1f43ec0186b04bfc262e01b46f3d4f341d13a109",
2026-09-10T08:05:03.1229569Z   "output": "/home/runner/work/GO/GO/restored-parent",
2026-09-10T08:05:03.1230336Z   "FINAL_RELEASE_GATE": "HOLD"
2026-09-10T08:05:03.1230907Z }
2026-09-10T08:05:03.2593465Z {"verified_files": 1093, "result": "PASS", "scope": "offline archive materialization only", "independent_ci": false, "release_gate": "HOLD"}
2026-09-10T08:05:03.7438034Z {
2026-09-10T08:05:03.7439363Z   "parent_files_verified": 1201,
2026-09-10T08:05:03.7440268Z   "restored_files_verified": 1207,
2026-09-10T08:05:03.7441240Z   "source_tree_sha256": "ffcea37a3d2ce626026571c1d16eb7be190bd1b048b6b8dfd0d6c8164f2b556c",
2026-09-10T08:05:03.7442393Z   "delta_sha256": "df32a08b8e330e36c95a53d576bad00f22203cfec566145dd830856d2da5540b",
2026-09-10T08:05:03.7443289Z   "scope": "offline source materialization only",
2026-09-10T08:05:03.7443928Z   "independent_ci": false,
2026-09-10T08:05:03.7444529Z   "FINAL_RELEASE_GATE": "HOLD"
2026-09-10T08:05:03.7445074Z }
2026-09-10T08:05:04.2329790Z {
2026-09-10T08:05:04.2330967Z   "parent_files_verified": 1207,
2026-09-10T08:05:04.2331748Z   "restored_files_verified": 1222,
2026-09-10T08:05:04.2333231Z   "source_tree_sha256": "f576c976bfe8f34d3182ba232fe1290c374346106c602a4fffe4935366f7a961",
2026-09-10T08:05:04.2334432Z   "delta_sha256": "6803c349f241feae33a879d91243bc6bb1ff23c77701f98d69a0ec06d9b5d107",
2026-09-10T08:05:04.2344258Z   "scope": "offline source materialization only",
2026-09-10T08:05:04.2345144Z   "independent_ci": false,
2026-09-10T08:05:04.2345727Z   "FINAL_RELEASE_GATE": "HOLD"
2026-09-10T08:05:04.2346271Z }
2026-09-10T08:05:04.6792651Z {"verified_files": 1232, "source_tree_sha256": "2b9095df2e9a58f8f5ac6861c514163cbbc9e135def204c4e2d5edb65b3f68e0", "parent_verified_files": 1222, "changed_files": 28, "environment": "offline restoration only", "release_gate": "HOLD"}
2026-09-10T08:05:05.1213461Z {"verified_files": 1236, "source_tree_sha256": "a309bdda03e0621a7be5622463a92bcfe728238f28c4ea6c212c6be43c875c11", "parent_verified_files": 1232, "changed_files": 11, "environment": "offline restoration only", "release_gate": "HOLD"}
2026-09-10T08:05:05.5649699Z {"verified_files": 1239, "source_tree_sha256": "a67a70cd2442e67ece9c9b2795b049c6aea2ba4d882448b912eb7eb996d4459c", "parent_verified_files": 1236, "changed_files": 9, "environment": "offline restoration only", "release_gate": "HOLD"}
2026-09-10T08:05:06.0047520Z {"verified_files": 1241, "source_tree_sha256": "e94bb749a680c4aec3f946dc2ce6d284cd48b60361dc7d6ef85ffcf6f29457b5", "parent_verified_files": 1239, "changed_files": 6, "environment": "offline restoration only", "release_gate": "HOLD"}
2026-09-10T08:05:06.4430745Z {"verified_files": 1243, "source_tree_sha256": "d8659259388accc8c05365e6e82ee8c66b4861561f96af15b5feea1d216066fe", "parent_verified_files": 1241, "changed_files": 7, "environment": "offline restoration only", "release_gate": "HOLD"}
2026-09-10T08:05:06.8859637Z {"verified_files": 1247, "source_tree_sha256": "59b4f02e18a50d9cb96369cb559b04cf5e658c592ae0a02b7662bdecacb91d56", "parent_verified_files": 1243, "changed_files": 4, "environment": "offline restoration only", "release_gate": "HOLD"}
2026-09-10T08:05:07.3317870Z {"verified_files": 1267, "source_tree_sha256": "a68f5f02e3f194d00d3e794bdafa08982be8c0ccb54d0a824c3008ffeb53f284", "parent_verified_files": 1247, "changed_files": 21, "environment": "offline restoration only", "release_gate": "HOLD"}
2026-09-10T08:05:07.7826988Z {"verified_files": 1267, "source_tree_sha256": "c58edb0c0568c3f9fe80ba014c260513a07a8e74b211b608ade4d9052f8645b3", "parent_verified_files": 1267, "changed_files": 1, "environment": "offline restoration only", "release_gate": "HOLD"}
2026-09-10T08:05:07.7945846Z ##[group]Run python tooling/ci/depth36/dependencies.py --repository candidate --output dependencies | tee evidence/dependencies.json
2026-09-10T08:05:07.7947079Z [36;1mpython tooling/ci/depth36/dependencies.py --repository candidate --output dependencies | tee evidence/dependencies.json[0m
2026-09-10T08:05:07.7948090Z [36;1mpython -m venv isolated-runtime[0m
2026-09-10T08:05:07.7962608Z [36;1misolated-runtime/bin/python -m pip install --no-index --no-deps --find-links dependencies/wheelhouse -r tooling/ci/depth36/requirements.lock[0m
2026-09-10T08:05:07.7963655Z [36;1misolated-runtime/bin/python -m pip check[0m
2026-09-10T08:05:07.7964102Z [36;1misolated-runtime/bin/python -m pip freeze > evidence/pip-freeze.txt[0m
2026-09-10T08:05:07.8039660Z shell: /usr/bin/bash --noprofile --norc -e -o pipefail {0}
2026-09-10T08:05:07.8039998Z env:
2026-09-10T08:05:07.8040210Z   ACCEPTANCE_SHARD: 2
2026-09-10T08:05:07.8040557Z   SEALED_CANDIDATE: 7bd98db21ee950aeb91c12b296b1864b5a758c3f
2026-09-10T08:05:07.8041032Z   EXPECTED_SOURCE_TREE: c58edb0c0568c3f9fe80ba014c260513a07a8e74b211b608ade4d9052f8645b3
2026-09-10T08:05:07.8041464Z   PYTHONDONTWRITEBYTECODE: 1
2026-09-10T08:05:07.8041776Z   pythonLocation: /opt/hostedtoolcache/Python/3.13.5/x64
2026-09-10T08:05:07.8042186Z   PKG_CONFIG_PATH: /opt/hostedtoolcache/Python/3.13.5/x64/lib/pkgconfig
2026-09-10T08:05:07.8042585Z   Python_ROOT_DIR: /opt/hostedtoolcache/Python/3.13.5/x64
2026-09-10T08:05:07.8042943Z   Python2_ROOT_DIR: /opt/hostedtoolcache/Python/3.13.5/x64
2026-09-10T08:05:07.8043307Z   Python3_ROOT_DIR: /opt/hostedtoolcache/Python/3.13.5/x64
2026-09-10T08:05:07.8043666Z   LD_LIBRARY_PATH: /opt/hostedtoolcache/Python/3.13.5/x64/lib
2026-09-10T08:05:07.8043983Z ##[endgroup]
2026-09-10T08:05:08.2214547Z {"archive_sha256": "b13a76ab9351f81da70e8e2c8873c20141abe953cd3f96aeb181ef86a34b58dd", "verified_wheels": 37, "source": "pinned GO repository ci/dependency_parts only", "application_source_restored": false}
2026-09-10T08:05:12.8235371Z Looking in links: dependencies/wheelhouse
2026-09-10T08:05:12.8340532Z Processing ./dependencies/wheelhouse/alembic-1.16.5-py3-none-any.whl (from -r tooling/ci/depth36/requirements.lock (line 1))
2026-09-10T08:05:12.8419106Z Processing ./dependencies/wheelhouse/annotated_doc-0.0.4-py3-none-any.whl (from -r tooling/ci/depth36/requirements.lock (line 2))
2026-09-10T08:05:12.8452218Z Processing ./dependencies/wheelhouse/annotated_types-0.7.0-py3-none-any.whl (from -r tooling/ci/depth36/requirements.lock (line 3))
2026-09-10T08:05:12.8480687Z Processing ./dependencies/wheelhouse/anyio-4.13.0-py3-none-any.whl (from -r tooling/ci/depth36/requirements.lock (line 4))
2026-09-10T08:05:12.8514209Z Processing ./dependencies/wheelhouse/certifi-2026.5.20-py3-none-any.whl (from -r tooling/ci/depth36/requirements.lock (line 5))
2026-09-10T08:05:12.8537431Z Processing ./dependencies/wheelhouse/cffi-2.0.0-cp313-cp313-manylinux_2_17_x86_64.whl (from -r tooling/ci/depth36/requirements.lock (line 6))
2026-09-10T08:05:12.8562705Z Processing ./dependencies/wheelhouse/click-8.5.0-py3-none-any.whl (from -r tooling/ci/depth36/requirements.lock (line 7))
2026-09-10T08:05:12.8584312Z Processing ./dependencies/wheelhouse/cryptography-46.0.4-cp311-abi3-manylinux_2_34_x86_64.whl (from -r tooling/ci/depth36/requirements.lock (line 8))
2026-09-10T08:05:12.8692239Z Processing ./dependencies/wheelhouse/fastapi-0.128.2-py3-none-any.whl (from -r tooling/ci/depth36/requirements.lock (line 9))
2026-09-10T08:05:12.8769184Z Processing ./dependencies/wheelhouse/greenlet-3.5.1-cp313-cp313-manylinux_2_24_x86_64.whl (from -r tooling/ci/depth36/requirements.lock (line 10))
2026-09-10T08:05:12.8808329Z Processing ./dependencies/wheelhouse/h11-0.16.0-py3-none-any.whl (from -r tooling/ci/depth36/requirements.lock (line 11))
2026-09-10T08:05:12.8833921Z Processing ./dependencies/wheelhouse/httpcore-1.0.9-py3-none-any.whl (from -r tooling/ci/depth36/requirements.lock (line 12))
2026-09-10T08:05:12.8877225Z Processing ./dependencies/wheelhouse/httpx-0.28.1-py3-none-any.whl (from -r tooling/ci/depth36/requirements.lock (line 13))
2026-09-10T08:05:12.8911793Z Processing ./dependencies/wheelhouse/idna-3.17-py3-none-any.whl (from -r tooling/ci/depth36/requirements.lock (line 14))
2026-09-10T08:05:12.8940940Z Processing ./dependencies/wheelhouse/iniconfig-2.3.0-py3-none-any.whl (from -r tooling/ci/depth36/requirements.lock (line 15))
2026-09-10T08:05:12.8963641Z Processing ./dependencies/wheelhouse/mako-1.3.10-py3-none-any.whl (from -r tooling/ci/depth36/requirements.lock (line 16))
2026-09-10T08:05:12.8999816Z Processing ./dependencies/wheelhouse/markupsafe-3.0.3-cp313-cp313-manylinux2014_x86_64.manylinux_2_17_x86_64.manylinux_2_28_x86_64.whl (from -r tooling/ci/depth36/requirements.lock (line 17))
2026-09-10T08:05:12.9021867Z Processing ./dependencies/wheelhouse/packaging-25.0-py3-none-any.whl (from -r tooling/ci/depth36/requirements.lock (line 18))
2026-09-10T08:05:12.9048255Z Processing ./dependencies/wheelhouse/pillow-12.3.0-cp313-cp313-manylinux_2_27_x86_64.whl (from -r tooling/ci/depth36/requirements.lock (line 19))
2026-09-10T08:05:12.9179491Z Processing ./dependencies/wheelhouse/pluggy-1.6.0-py3-none-any.whl (from -r tooling/ci/depth36/requirements.lock (line 20))
2026-09-10T08:05:12.9208975Z Processing ./dependencies/wheelhouse/psycopg_binary-3.2.10-cp313-cp313-manylinux2014_x86_64.manylinux_2_17_x86_64.whl (from -r tooling/ci/depth36/requirements.lock (line 21))
2026-09-10T08:05:12.9277079Z Processing ./dependencies/wheelhouse/psycopg-3.2.10-py3-none-any.whl (from -r tooling/ci/depth36/requirements.lock (line 22))
2026-09-10T08:05:12.9346640Z Processing ./dependencies/wheelhouse/pycparser-3.0-py3-none-any.whl (from -r tooling/ci/depth36/requirements.lock (line 23))
2026-09-10T08:05:12.9374421Z Processing ./dependencies/wheelhouse/pydantic_settings-2.14.1-py3-none-any.whl (from -r tooling/ci/depth36/requirements.lock (line 24))
2026-09-10T08:05:12.9408163Z Processing ./dependencies/wheelhouse/pydantic-2.13.4-py3-none-any.whl (from -r tooling/ci/depth36/requirements.lock (line 25))
2026-09-10T08:05:12.9489405Z Processing ./dependencies/wheelhouse/pydantic_core-2.46.4-cp313-cp313-manylinux_2_17_x86_64.whl (from -r tooling/ci/depth36/requirements.lock (line 26))
2026-09-10T08:05:12.9539559Z Processing ./dependencies/wheelhouse/Pygments-2.20.0-py3-none-any.whl (from -r tooling/ci/depth36/requirements.lock (line 27))
2026-09-10T08:05:12.9627619Z Processing ./dependencies/wheelhouse/PyJWT-2.13.0-py3-none-any.whl (from -r tooling/ci/depth36/requirements.lock (line 28))
2026-09-10T08:05:12.9654905Z Processing ./dependencies/wheelhouse/pytest_asyncio-1.3.0-py3-none-any.whl (from -r tooling/ci/depth36/requirements.lock (line 29))
2026-09-10T08:05:12.9686226Z Processing ./dependencies/wheelhouse/pytest-9.0.2-py3-none-any.whl (from -r tooling/ci/depth36/requirements.lock (line 30))
2026-09-10T08:05:12.9741684Z Processing ./dependencies/wheelhouse/python_dotenv-1.2.2-py3-none-any.whl (from -r tooling/ci/depth36/requirements.lock (line 31))
2026-09-10T08:05:12.9778069Z Processing ./dependencies/wheelhouse/redis-5.2.1-py3-none-any.whl (from -r tooling/ci/depth36/requirements.lock (line 32))
2026-09-10T08:05:12.9812472Z Processing ./dependencies/wheelhouse/SQLAlchemy-2.0.50-cp313-cp313-manylinux_2_17_x86_64.whl (from -r tooling/ci/depth36/requirements.lock (line 33))
2026-09-10T08:05:12.9986750Z Processing ./dependencies/wheelhouse/starlette-0.50.0-py3-none-any.whl (from -r tooling/ci/depth36/requirements.lock (line 34))
2026-09-10T08:05:13.0023578Z Processing ./dependencies/wheelhouse/typing_inspection-0.4.2-py3-none-any.whl (from -r tooling/ci/depth36/requirements.lock (line 35))
2026-09-10T08:05:13.0045904Z Processing ./dependencies/wheelhouse/typing_extensions-4.16.0-py3-none-any.whl (from -r tooling/ci/depth36/requirements.lock (line 36))
2026-09-10T08:05:13.0070046Z Processing ./dependencies/wheelhouse/uvicorn-0.35.0-py3-none-any.whl (from -r tooling/ci/depth36/requirements.lock (line 37))
2026-09-10T08:05:13.0391757Z Installing collected packages: uvicorn, typing-inspection, typing_extensions, starlette, SQLAlchemy, redis, python-dotenv, pytest-asyncio, pytest, PyJWT, Pygments, pydantic-settings, pydantic_core, pydantic, pycparser, psycopg-binary, psycopg, pluggy, Pillow, packaging, MarkupSafe, Mako, iniconfig, idna, httpx, httpcore, h11, greenlet, fastapi, cryptography, click, cffi, certifi, anyio, annotated-types, annotated-doc, alembic
2026-09-10T08:05:19.3319742Z 
2026-09-10T08:05:19.3372797Z Successfully installed Mako-1.3.10 MarkupSafe-3.0.3 Pillow-12.3.0 PyJWT-2.13.0 Pygments-2.20.0 SQLAlchemy-2.0.50 alembic-1.16.5 annotated-doc-0.0.4 annotated-types-0.7.0 anyio-4.13.0 certifi-2026.5.20 cffi-2.0.0 click-8.5.0 cryptography-46.0.4 fastapi-0.128.2 greenlet-3.5.1 h11-0.16.0 httpcore-1.0.9 httpx-0.28.1 idna-3.17 iniconfig-2.3.0 packaging-25.0 pluggy-1.6.0 psycopg-3.2.10 psycopg-binary-3.2.10 pycparser-3.0 pydantic-2.13.4 pydantic-settings-2.14.1 pydantic_core-2.46.4 pytest-9.0.2 pytest-asyncio-1.3.0 python-dotenv-1.2.2 redis-5.2.1 starlette-0.50.0 typing-inspection-0.4.2 typing_extensions-4.16.0 uvicorn-0.35.0
2026-09-10T08:05:20.1765638Z No broken requirements found.
2026-09-10T08:05:20.9904794Z ##[group]Run isolated-runtime/bin/python - <<'PY'
2026-09-10T08:05:20.9905492Z [36;1misolated-runtime/bin/python - <<'PY'[0m
2026-09-10T08:05:20.9906102Z [36;1mimport hashlib,json,os,pathlib,shutil,subprocess,sys[0m
2026-09-10T08:05:20.9906960Z [36;1mfp=json.loads(pathlib.Path('candidate/deliverables/CP11_DEPTH36R3_MOBILE_CONTRACT_20260910/SOURCE_FINGERPRINT.json').read_text())[0m
2026-09-10T08:05:20.9907569Z [36;1mfor name,expected in fp.items():[0m
2026-09-10T08:05:20.9908471Z [36;1m    assert hashlib.sha256((pathlib.Path('restored')/name).read_bytes()).hexdigest()==expected,name[0m
2026-09-10T08:05:20.9909092Z [36;1mtree=hashlib.sha256(''.join(f'{k}\0{v}\n' for k,v in sorted(fp.items())).encode()).hexdigest()[0m
2026-09-10T08:05:20.9909637Z [36;1massert tree==os.environ['EXPECTED_SOURCE_TREE'] and len(fp)==1267[0m
2026-09-10T08:05:20.9910078Z [36;1mnode_path=pathlib.Path(shutil.which('node')).resolve()[0m
2026-09-10T08:05:20.9910605Z [36;1mnode_version=subprocess.check_output([str(node_path),'--version'],text=True).strip()[0m
2026-09-10T08:05:20.9911080Z [36;1massert node_version=='v22.22.0',node_version[0m
2026-09-10T08:05:20.9911576Z [36;1mwith open(os.environ['GITHUB_ENV'],'a') as env_file: env_file.write('GO_NATIVE_NODE='+str(node_path)+'\n')[0m
2026-09-10T08:05:20.9913510Z [36;1mresult={'candidate':os.environ['SEALED_CANDIDATE'],'source_tree_sha256':tree,'verified_files':len(fp),'python':sys.version,'node':node_version,'node_binary_sha256':hashlib.sha256(node_path.read_bytes()).hexdigest(),'node_usage':'backend suite native API bridge; no device or native build','environment':'GitHub disposable runner; synthetic loopback HTTP, SQLite regression and offline packaging; no browser or Hong Kong access','three_end_real_ux_login':'HOLD','six_vertical_real_e2e':'HOLD','sealed_node_gate':'HOLD','final_release':'HOLD','deployed':False}[0m
2026-09-10T08:05:20.9915688Z [36;1mpathlib.Path('evidence/source-lineage.json').write_text(json.dumps(result,indent=2)+'\n')[0m
2026-09-10T08:05:20.9916148Z [36;1mprint(json.dumps(result))[0m
2026-09-10T08:05:20.9916409Z [36;1mPY[0m
2026-09-10T08:05:20.9991951Z shell: /usr/bin/bash --noprofile --norc -e -o pipefail {0}
2026-09-10T08:05:20.9992293Z env:
2026-09-10T08:05:20.9992500Z   ACCEPTANCE_SHARD: 2
2026-09-10T08:05:20.9992789Z   SEALED_CANDIDATE: 7bd98db21ee950aeb91c12b296b1864b5a758c3f
2026-09-10T08:05:20.9993261Z   EXPECTED_SOURCE_TREE: c58edb0c0568c3f9fe80ba014c260513a07a8e74b211b608ade4d9052f8645b3
2026-09-10T08:05:20.9993709Z   PYTHONDONTWRITEBYTECODE: 1
2026-09-10T08:05:20.9994025Z   pythonLocation: /opt/hostedtoolcache/Python/3.13.5/x64
2026-09-10T08:05:20.9994430Z   PKG_CONFIG_PATH: /opt/hostedtoolcache/Python/3.13.5/x64/lib/pkgconfig
2026-09-10T08:05:20.9994826Z   Python_ROOT_DIR: /opt/hostedtoolcache/Python/3.13.5/x64
2026-09-10T08:05:20.9995181Z   Python2_ROOT_DIR: /opt/hostedtoolcache/Python/3.13.5/x64
2026-09-10T08:05:20.9995538Z   Python3_ROOT_DIR: /opt/hostedtoolcache/Python/3.13.5/x64
2026-09-10T08:05:20.9995899Z   LD_LIBRARY_PATH: /opt/hostedtoolcache/Python/3.13.5/x64/lib
2026-09-10T08:05:20.9996210Z ##[endgroup]
2026-09-10T08:05:21.3881815Z {"candidate": "7bd98db21ee950aeb91c12b296b1864b5a758c3f", "source_tree_sha256": "c58edb0c0568c3f9fe80ba014c260513a07a8e74b211b608ade4d9052f8645b3", "verified_files": 1267, "python": "3.13.5 (main, Jun 12 2025, 03:51:15) [GCC 11.4.0]", "node": "v22.22.0", "node_binary_sha256": "1bec56ef7cfa9a76f3e0b7c0a87f220eb73f23102b9c0b4c7529a3f7c3ce7c31", "node_usage": "backend suite native API bridge; no device or native build", "environment": "GitHub disposable runner; synthetic loopback HTTP, SQLite regression and offline packaging; no browser or Hong Kong access", "three_end_real_ux_login": "HOLD", "six_vertical_real_e2e": "HOLD", "sealed_node_gate": "HOLD", "final_release": "HOLD", "deployed": false}
2026-09-10T08:05:21.4008023Z ##[group]Run ../isolated-runtime/bin/python -m unittest discover -s tests -p test_depth36_acceptance_packaging.py -v 2>&1 | tee ../evidence/packaging-tests.log
2026-09-10T08:05:21.4009441Z [36;1m../isolated-runtime/bin/python -m unittest discover -s tests -p test_depth36_acceptance_packaging.py -v 2>&1 | tee ../evidence/packaging-tests.log[0m
2026-09-10T08:05:21.4085984Z shell: /usr/bin/bash --noprofile --norc -e -o pipefail {0}
2026-09-10T08:05:21.4086324Z env:
2026-09-10T08:05:21.4086524Z   ACCEPTANCE_SHARD: 2
2026-09-10T08:05:21.4086815Z   SEALED_CANDIDATE: 7bd98db21ee950aeb91c12b296b1864b5a758c3f
2026-09-10T08:05:21.4087298Z   EXPECTED_SOURCE_TREE: c58edb0c0568c3f9fe80ba014c260513a07a8e74b211b608ade4d9052f8645b3
2026-09-10T08:05:21.4087940Z   PYTHONDONTWRITEBYTECODE: 1
2026-09-10T08:05:21.4088263Z   pythonLocation: /opt/hostedtoolcache/Python/3.13.5/x64
2026-09-10T08:05:21.4088650Z   PKG_CONFIG_PATH: /opt/hostedtoolcache/Python/3.13.5/x64/lib/pkgconfig
2026-09-10T08:05:21.4089086Z   Python_ROOT_DIR: /opt/hostedtoolcache/Python/3.13.5/x64
2026-09-10T08:05:21.4089444Z   Python2_ROOT_DIR: /opt/hostedtoolcache/Python/3.13.5/x64
2026-09-10T08:05:21.4089789Z   Python3_ROOT_DIR: /opt/hostedtoolcache/Python/3.13.5/x64
2026-09-10T08:05:21.4090130Z   LD_LIBRARY_PATH: /opt/hostedtoolcache/Python/3.13.5/x64/lib
2026-09-10T08:05:21.4090488Z   GO_NATIVE_NODE: /opt/hostedtoolcache/node/22.22.0/x64/bin/node
2026-09-10T08:05:21.4090799Z ##[endgroup]
2026-09-10T08:05:21.8597637Z test_archive_tamper_and_unlisted_member_rejected (test_depth36_acceptance_packaging.RuntimePackagingTests.test_archive_tamper_and_unlisted_member_rejected) ... ok
2026-09-10T08:05:21.8606462Z test_changed_source_is_rejected (test_depth36_acceptance_packaging.RuntimePackagingTests.test_changed_source_is_rejected) ... ok
2026-09-10T08:05:21.8616524Z test_existing_output_is_preserved (test_depth36_acceptance_packaging.RuntimePackagingTests.test_existing_output_is_preserved) ... ok
2026-09-10T08:05:21.8622533Z test_inherited_credentials_and_database_are_not_propagated (test_depth36_acceptance_packaging.RuntimePackagingTests.test_inherited_credentials_and_database_are_not_propagated) ... ok
2026-09-10T08:05:22.1894365Z test_outbound_operations_are_denied (test_depth36_acceptance_packaging.RuntimePackagingTests.test_outbound_operations_are_denied) ... ok
2026-09-10T08:05:22.1931146Z test_roundtrip_and_reproducible_bytes (test_depth36_acceptance_packaging.RuntimePackagingTests.test_roundtrip_and_reproducible_bytes) ... ok
2026-09-10T08:05:22.1939829Z test_source_symlink_is_rejected (test_depth36_acceptance_packaging.RuntimePackagingTests.test_source_symlink_is_rejected) ... ok
2026-09-10T08:05:22.1950506Z test_untracked_bytecode_is_rejected (test_depth36_acceptance_packaging.RuntimePackagingTests.test_untracked_bytecode_is_rejected) ... ok
2026-09-10T08:05:22.1959621Z test_untracked_configuration_is_rejected (test_depth36_acceptance_packaging.RuntimePackagingTests.test_untracked_configuration_is_rejected) ... ok
2026-09-10T08:05:22.1965446Z test_wrong_pinned_tree_is_rejected (test_depth36_acceptance_packaging.RuntimePackagingTests.test_wrong_pinned_tree_is_rejected) ... ok
2026-09-10T08:05:22.1966669Z 
2026-09-10T08:05:22.1967277Z ----------------------------------------------------------------------
2026-09-10T08:05:22.1968235Z Ran 10 tests in 0.342s
2026-09-10T08:05:22.1968623Z 
2026-09-10T08:05:22.1968914Z OK
2026-09-10T08:05:22.2146014Z ##[group]Run isolated-runtime/bin/python restored/scripts/acceptance_bundle.py --source restored --fingerprint candidate/deliverables/CP11_DEPTH36R3_MOBILE_CONTRACT_20260910/SOURCE_FINGERPRINT.json --expected-tree "$EXPECTED_SOURCE_TREE" --output evidence/GO_DEPTH36R3_SOURCE_20260910.zip | tee evidence/bundle-build.json
2026-09-10T08:05:22.2149157Z [36;1misolated-runtime/bin/python restored/scripts/acceptance_bundle.py --source restored --fingerprint candidate/deliverables/CP11_DEPTH36R3_MOBILE_CONTRACT_20260910/SOURCE_FINGERPRINT.json --expected-tree "$EXPECTED_SOURCE_TREE" --output evidence/GO_DEPTH36R3_SOURCE_20260910.zip | tee evidence/bundle-build.json[0m
2026-09-10T08:05:22.2151118Z [36;1misolated-runtime/bin/python -B - <<'PY'[0m
2026-09-10T08:05:22.2151656Z [36;1mimport hashlib,json,pathlib,sys[0m
2026-09-10T08:05:22.2152157Z [36;1msys.path.insert(0,'restored/scripts')[0m
2026-09-10T08:05:22.2152672Z [36;1mfrom acceptance_bundle import verify[0m
2026-09-10T08:05:22.2153316Z [36;1mp=pathlib.Path('evidence/GO_DEPTH36R3_SOURCE_20260910.zip')[0m
2026-09-10T08:05:22.2154567Z [36;1mresult=verify(p,hashlib.sha256(p.read_bytes()).hexdigest(),'c58edb0c0568c3f9fe80ba014c260513a07a8e74b211b608ade4d9052f8645b3',pathlib.Path('bundle-restore'))[0m
2026-09-10T08:05:22.2155970Z [36;1mpathlib.Path('evidence/bundle-restore.json').write_text(json.dumps(result,indent=2)+'\n')[0m
2026-09-10T08:05:22.2156687Z [36;1mPY[0m
2026-09-10T08:05:22.2233766Z shell: /usr/bin/bash --noprofile --norc -e -o pipefail {0}
2026-09-10T08:05:22.2234112Z env:
2026-09-10T08:05:22.2234316Z   ACCEPTANCE_SHARD: 2
2026-09-10T08:05:22.2234610Z   SEALED_CANDIDATE: 7bd98db21ee950aeb91c12b296b1864b5a758c3f
2026-09-10T08:05:22.2235076Z   EXPECTED_SOURCE_TREE: c58edb0c0568c3f9fe80ba014c260513a07a8e74b211b608ade4d9052f8645b3
2026-09-10T08:05:22.2235507Z   PYTHONDONTWRITEBYTECODE: 1
2026-09-10T08:05:22.2235808Z   pythonLocation: /opt/hostedtoolcache/Python/3.13.5/x64
2026-09-10T08:05:22.2236219Z   PKG_CONFIG_PATH: /opt/hostedtoolcache/Python/3.13.5/x64/lib/pkgconfig
2026-09-10T08:05:22.2236615Z   Python_ROOT_DIR: /opt/hostedtoolcache/Python/3.13.5/x64
2026-09-10T08:05:22.2237002Z   Python2_ROOT_DIR: /opt/hostedtoolcache/Python/3.13.5/x64
2026-09-10T08:05:22.2237608Z   Python3_ROOT_DIR: /opt/hostedtoolcache/Python/3.13.5/x64
2026-09-10T08:05:22.2238186Z   LD_LIBRARY_PATH: /opt/hostedtoolcache/Python/3.13.5/x64/lib
2026-09-10T08:05:22.2238597Z   GO_NATIVE_NODE: /opt/hostedtoolcache/node/22.22.0/x64/bin/node
2026-09-10T08:05:22.2238913Z ##[endgroup]
2026-09-10T08:05:23.3643360Z {"archive_sha256": "b4634f9da515a22f95fb740b979c2f77fdce29342eabbb9c54e5c666976f5b86", "source_tree_sha256": "c58edb0c0568c3f9fe80ba014c260513a07a8e74b211b608ade4d9052f8645b3", "verified_files": 1267, "scope": "OFFLINE_BUNDLE_INTEGRITY", "final_release": "HOLD"}
2026-09-10T08:05:24.1693220Z ##[group]Run isolated-runtime/bin/python bundle-restore/source/scripts/acceptance_smoke.py --source bundle-restore/source --fingerprint bundle-restore/SOURCE_FINGERPRINT.json --expected-tree "$EXPECTED_SOURCE_TREE" --evidence evidence | tee evidence/http-result.json
2026-09-10T08:05:24.1696141Z [36;1misolated-runtime/bin/python bundle-restore/source/scripts/acceptance_smoke.py --source bundle-restore/source --fingerprint bundle-restore/SOURCE_FINGERPRINT.json --expected-tree "$EXPECTED_SOURCE_TREE" --evidence evidence | tee evidence/http-result.json[0m
2026-09-10T08:05:24.1784671Z shell: /usr/bin/bash --noprofile --norc -e -o pipefail {0}
2026-09-10T08:05:24.1785039Z env:
2026-09-10T08:05:24.1785257Z   ACCEPTANCE_SHARD: 2
2026-09-10T08:05:24.1785569Z   SEALED_CANDIDATE: 7bd98db21ee950aeb91c12b296b1864b5a758c3f
2026-09-10T08:05:24.1786060Z   EXPECTED_SOURCE_TREE: c58edb0c0568c3f9fe80ba014c260513a07a8e74b211b608ade4d9052f8645b3
2026-09-10T08:05:24.1786536Z   PYTHONDONTWRITEBYTECODE: 1
2026-09-10T08:05:24.1786859Z   pythonLocation: /opt/hostedtoolcache/Python/3.13.5/x64
2026-09-10T08:05:24.1787266Z   PKG_CONFIG_PATH: /opt/hostedtoolcache/Python/3.13.5/x64/lib/pkgconfig
2026-09-10T08:05:24.1787663Z   Python_ROOT_DIR: /opt/hostedtoolcache/Python/3.13.5/x64
2026-09-10T08:05:24.1788172Z   Python2_ROOT_DIR: /opt/hostedtoolcache/Python/3.13.5/x64
2026-09-10T08:05:24.1788544Z   Python3_ROOT_DIR: /opt/hostedtoolcache/Python/3.13.5/x64
2026-09-10T08:05:24.1788936Z   LD_LIBRARY_PATH: /opt/hostedtoolcache/Python/3.13.5/x64/lib
2026-09-10T08:05:24.1789323Z   GO_NATIVE_NODE: /opt/hostedtoolcache/node/22.22.0/x64/bin/node
2026-09-10T08:05:24.1789646Z ##[endgroup]
2026-09-10T08:05:44.5644215Z {"checks_passed": 148, "failed": 0, "http_requests": 87, "scope": "LIVE_LOOPBACK_HTTP_ONLY", "browser_gate": "HOLD"}
2026-09-10T08:05:44.5830123Z ##[group]Run ../isolated-runtime/bin/python ../tooling/ci/depth36/run_backend.py --shard "$ACCEPTANCE_SHARD" --total 4 --evidence ../evidence | tee ../evidence/backend-full.log
2026-09-10T08:05:44.5832013Z [36;1m../isolated-runtime/bin/python ../tooling/ci/depth36/run_backend.py --shard "$ACCEPTANCE_SHARD" --total 4 --evidence ../evidence | tee ../evidence/backend-full.log[0m
2026-09-10T08:05:44.5931325Z shell: /usr/bin/bash --noprofile --norc -e -o pipefail {0}
2026-09-10T08:05:44.5931844Z env:
2026-09-10T08:05:44.5932150Z   ACCEPTANCE_SHARD: 2
2026-09-10T08:05:44.5932632Z   SEALED_CANDIDATE: 7bd98db21ee950aeb91c12b296b1864b5a758c3f
2026-09-10T08:05:44.5933397Z   EXPECTED_SOURCE_TREE: c58edb0c0568c3f9fe80ba014c260513a07a8e74b211b608ade4d9052f8645b3
2026-09-10T08:05:44.5934090Z   PYTHONDONTWRITEBYTECODE: 1
2026-09-10T08:05:44.5934494Z   pythonLocation: /opt/hostedtoolcache/Python/3.13.5/x64
2026-09-10T08:05:44.5934989Z   PKG_CONFIG_PATH: /opt/hostedtoolcache/Python/3.13.5/x64/lib/pkgconfig
2026-09-10T08:05:44.5935405Z   Python_ROOT_DIR: /opt/hostedtoolcache/Python/3.13.5/x64
2026-09-10T08:05:44.5935772Z   Python2_ROOT_DIR: /opt/hostedtoolcache/Python/3.13.5/x64
2026-09-10T08:05:44.5936136Z   Python3_ROOT_DIR: /opt/hostedtoolcache/Python/3.13.5/x64
2026-09-10T08:05:44.5936504Z   LD_LIBRARY_PATH: /opt/hostedtoolcache/Python/3.13.5/x64/lib
2026-09-10T08:05:44.5936891Z   GO_NATIVE_NODE: /opt/hostedtoolcache/node/22.22.0/x64/bin/node
2026-09-10T08:05:44.5937220Z ##[endgroup]
2026-09-10T08:07:39.5310244Z ........................................................................ [ 18%]
2026-09-10T08:08:16.0950951Z ........................................................................ [ 37%]
2026-09-10T08:11:35.9341445Z ........................................................................ [ 56%]
2026-09-10T08:12:00.1227997Z ........................................................................ [ 75%]
2026-09-10T08:15:26.1511255Z ........................................................................ [ 94%]
2026-09-10T08:15:31.8477068Z ......................                                                   [100%]
2026-09-10T08:15:31.8478969Z =============================== warnings summary ===============================
2026-09-10T08:15:31.8480899Z tests/test_depth08_api_and_migration.py: 5 warnings
2026-09-10T08:15:31.8481991Z tests/test_depth19_api_migration.py: 5 warnings
2026-09-10T08:15:31.8483132Z tests/test_depth24_expiry.py: 5 warnings
2026-09-10T08:15:31.8485330Z   /home/runner/work/GO/GO/isolated-runtime/lib/python3.13/site-packages/alembic/config.py:598: DeprecationWarning: No path_separator found in configuration; falling back to legacy splitting on spaces, commas, and colons for prepend_sys_path.  Consider adding path_separator=os to Alembic config.
2026-09-10T08:15:31.8487301Z     util.warn_deprecated(
2026-09-10T08:15:31.8488049Z 
2026-09-10T08:15:31.8488748Z -- Docs: https://docs.pytest.org/en/stable/how-to/capture-warnings.html
2026-09-10T08:15:31.8489833Z ============================= slowest 20 durations =============================
2026-09-10T08:15:31.8491307Z 21.79s setup    tests/test_hotel_partner_self_operating_core.py::test_property_low_risk_self_service_and_high_risk_change_request
2026-09-10T08:15:31.8493190Z 16.20s call     tests/test_depth14_migration.py::test_cash_fare_migration_roundtrip_never_backfills_historical_consent
2026-09-10T08:15:31.8494752Z 16.15s setup    tests/test_hotel_partner_self_operating_core.py::test_facility_unknown_is_not_no_and_policy_is_machine_readable
2026-09-10T08:15:31.8496544Z 15.15s setup    tests/test_sprint4u_segment_remediation.py::test_effective_remediation_unlocks_promotion_gate_and_preserves_supplier_fact
2026-09-10T08:15:31.8498229Z 15.15s setup    tests/test_connector_ops.py::test_connector_list_and_certify
2026-09-10T08:15:31.8499764Z 14.47s setup    tests/test_sprint4m_statistical_model_governance.py::test_legacy_promotion_is_blocked_when_4m_policy_active
2026-09-10T08:15:31.8501840Z 13.89s setup    tests/test_sprint4m_statistical_model_governance.py::test_probation_becomes_stable_only_after_window_and_no_regression
2026-09-10T08:15:31.8503418Z 13.06s setup    tests/test_sprint4m_statistical_model_governance.py::test_policy_requires_two_distinct_approvers
2026-09-10T08:15:31.8505217Z 13.06s setup    tests/test_sprint4m_statistical_model_governance.py::test_probation_regression_automatically_rolls_back_previous_champion
2026-09-10T08:15:31.8506928Z 12.77s call     tests/test_depth13_migration.py::test_rule_snapshot_migration_preserves_historical_credit_and_order_without_fabrication
2026-09-10T08:15:31.8508795Z 12.75s setup    tests/test_omnichannel_payment_finance_os.py::test_plain_credentials_and_real_executor_are_blocked
2026-09-10T08:15:31.8510392Z 12.60s setup    tests/test_hotel_partner_self_operating_core.py::test_go_offer_system_generation_requires_isolated_authorized_supply
2026-09-10T08:15:31.8512049Z 12.57s setup    tests/test_sprint4u_segment_remediation.py::test_policy_requires_maker_checker
2026-09-10T08:15:31.8513587Z 12.55s setup    tests/test_hotel_partner_self_operating_core.py::test_ari_separates_sell_status_inventory_and_price_with_date_override
2026-09-10T08:15:31.8515132Z 12.35s setup    tests/test_sprint4u_segment_remediation.py::test_refresh_challenger_cannot_bypass_remediation_gate
2026-09-10T08:15:31.8516789Z 12.27s setup    tests/test_hotel_partner_self_operating_core.py::test_go_offer_and_commercial_value_never_buy_recommendation
2026-09-10T08:15:31.8518656Z 12.10s setup    tests/test_sprint4m_statistical_model_governance.py::test_stability_window_and_segment_consistency_required_before_promotion
2026-09-10T08:15:31.8520666Z 12.00s setup    tests/test_omnichannel_payment_finance_os.py::test_timeout_blocks_resend_and_channel_fallback
2026-09-10T08:15:31.8522158Z 10.92s setup    tests/test_omnichannel_payment_finance_os.py::test_signed_webhook_converges_once_and_replay_is_idempotent
2026-09-10T08:15:31.8524203Z 10.83s setup    tests/test_hotel_partner_self_operating_core.py::test_free_sale_cannot_carry_fake_room_count
2026-09-10T08:15:31.8525426Z 382 passed, 1297 deselected, 15 warnings in 582.52s (0:09:42)
2026-09-10T08:15:35.7742336Z ##[group]Run python tooling/ci/depth36/export_evidence.py
2026-09-10T08:15:35.7742960Z [36;1mpython tooling/ci/depth36/export_evidence.py[0m
2026-09-10T08:15:35.7816935Z shell: /usr/bin/bash --noprofile --norc -e -o pipefail {0}
2026-09-10T08:15:35.7817596Z env:
2026-09-10T08:15:35.7818057Z   ACCEPTANCE_SHARD: 2
2026-09-10T08:15:35.7818550Z   SEALED_CANDIDATE: 7bd98db21ee950aeb91c12b296b1864b5a758c3f
2026-09-10T08:15:35.7819186Z   EXPECTED_SOURCE_TREE: c58edb0c0568c3f9fe80ba014c260513a07a8e74b211b608ade4d9052f8645b3
2026-09-10T08:15:35.7819775Z   PYTHONDONTWRITEBYTECODE: 1
2026-09-10T08:15:35.7820311Z   pythonLocation: /opt/hostedtoolcache/Python/3.13.5/x64
2026-09-10T08:15:35.7820871Z   PKG_CONFIG_PATH: /opt/hostedtoolcache/Python/3.13.5/x64/lib/pkgconfig
2026-09-10T08:15:35.7821449Z   Python_ROOT_DIR: /opt/hostedtoolcache/Python/3.13.5/x64
2026-09-10T08:15:35.7822057Z   Python2_ROOT_DIR: /opt/hostedtoolcache/Python/3.13.5/x64
2026-09-10T08:15:35.7822762Z   Python3_ROOT_DIR: /opt/hostedtoolcache/Python/3.13.5/x64
2026-09-10T08:15:35.7823287Z   LD_LIBRARY_PATH: /opt/hostedtoolcache/Python/3.13.5/x64/lib
2026-09-10T08:15:35.7823791Z   GO_NATIVE_NODE: /opt/hostedtoolcache/node/22.22.0/x64/bin/node
2026-09-10T08:15:35.7824354Z ##[endgroup]
2026-09-10T08:15:35.9647240Z GO_EVIDENCE_FILE_BEGIN source-lineage.json 730 9cd8d440c059b7aea327c9555833b6140c095be044f7d1365c6bc80b41e053ec
2026-09-10T08:15:35.9651754Z GO_EVIDENCE_B64 ewogICJjYW5kaWRhdGUiOiAiN2JkOThkYjIxZWU5NTBhZWI5MWMxMmIyOTZiMTg2NGI1YTc1OGMzZiIsCiAgInNvdXJjZV90cmVlX3NoYTI1NiI6ICJjNThlZGIwYzA1NjhjM2Y5ZmU4MGJhMDE0YzI2MDUxM2EwN2E4ZTc0YjIxMWI2MDhhZGU0ZDkwNTJmODY0NWIzIiwKICAidmVyaWZpZWRfZmlsZXMiOiAxMjY3LAogICJweXRob24iOiAiMy4xMy41IChtYWluLCBKdW4gMTIgMjAyNSwgMDM6NTE6MTUpIFtHQ0MgMTEuNC4wXSIsCiAgIm5vZGUiOiAidjIyLjIyLjAiLAogICJub2RlX2JpbmFyeV9zaGEyNTYiOiAiMWJlYzU2ZWY3
2026-09-10T08:15:35.9657518Z GO_EVIDENCE_B64 Y2ZhOWE3NmYzZTBiN2MwYTg3ZjIyMGViNzNmMjMxMDJiOWMwYjRjNzUyOWEzZjdjM2NlN2MzMSIsCiAgIm5vZGVfdXNhZ2UiOiAiYmFja2VuZCBzdWl0ZSBuYXRpdmUgQVBJIGJyaWRnZTsgbm8gZGV2aWNlIG9yIG5hdGl2ZSBidWlsZCIsCiAgImVudmlyb25tZW50IjogIkdpdEh1YiBkaXNwb3NhYmxlIHJ1bm5lcjsgc3ludGhldGljIGxvb3BiYWNrIEhUVFAsIFNRTGl0ZSByZWdyZXNzaW9uIGFuZCBvZmZsaW5lIHBhY2thZ2luZzsgbm8gYnJvd3NlciBvciBIb25nIEtvbmcgYWNjZXNzIiwKICAidGhyZWVfZW5kX3JlYWxfdXhf
2026-09-10T08:15:35.9662341Z GO_EVIDENCE_B64 bG9naW4iOiAiSE9MRCIsCiAgInNpeF92ZXJ0aWNhbF9yZWFsX2UyZSI6ICJIT0xEIiwKICAic2VhbGVkX25vZGVfZ2F0ZSI6ICJIT0xEIiwKICAiZmluYWxfcmVsZWFzZSI6ICJIT0xEIiwKICAiZGVwbG95ZWQiOiBmYWxzZQp9Cg==
2026-09-10T08:15:35.9663601Z GO_EVIDENCE_FILE_END source-lineage.json
2026-09-10T08:15:35.9664403Z GO_EVIDENCE_FILE_BEGIN post-test-source.json 134 519a5329478f7433b87871c873a3f24a30f2da13eead9b12162f6408f3f21f6d
2026-09-10T08:15:35.9666043Z GO_EVIDENCE_B64 ewogICJzb3VyY2VfYWZ0ZXJfdGVzdHMiOiAiUEFTUyIsCiAgImJyb3dzZXJfZ2F0ZSI6ICJIT0xEIiwKICAiZmluYWxfcmVsZWFzZSI6ICJIT0xEIiwKICAidmVyaWZpZWRfZmlsZXMiOiAxMjY3LAogICJtaXNtYXRjaGVzIjogW10KfQo=
2026-09-10T08:15:35.9667354Z GO_EVIDENCE_FILE_END post-test-source.json
2026-09-10T08:15:35.9668451Z GO_EVIDENCE_FILE_BEGIN backend-full.xml 54828 203bbb14c30f8dfafb2f69e6e271154461771db1a64c9822ff5b1a3b3d36933f
2026-09-10T08:15:35.9672033Z GO_EVIDENCE_B64 PD94bWwgdmVyc2lvbj0iMS4wIiBlbmNvZGluZz0idXRmLTgiPz48dGVzdHN1aXRlcyBuYW1lPSJweXRlc3QgdGVzdHMiPjx0ZXN0c3VpdGUgbmFtZT0icHl0ZXN0IiBlcnJvcnM9IjAiIGZhaWx1cmVzPSIwIiBza2lwcGVkPSIwIiB0ZXN0cz0iMzgyIiB0aW1lPSI1ODIuNTEwIiB0aW1lc3RhbXA9IjIwMjYtMDktMTBUMDg6MDU6NDUuNjE1ODQ1KzAwOjAwIiBob3N0bmFtZT0icnVubmVydm05eGcyZCI+PHRlc3RjYXNlIGNsYXNzbmFtZT0idGVzdHMuaW50ZWdyYXRpb24udGVzdF92NjFfYWlfaW5mcmFzdHJ1Y3R1cmVfcnVudGlt
2026-09-10T08:15:35.9678107Z GO_EVIDENCE_B64 ZSIgbmFtZT0idGVzdF9tYW5pZmVzdF9leHBvc2VzX2FpX2FnZW50X2FzX2NsaWVudF9hbmRfZnJlZV9kaXN0cmlidXRpb24iIHRpbWU9IjAuMDA3IiAvPjx0ZXN0Y2FzZSBjbGFzc25hbWU9InRlc3RzLmludGVncmF0aW9uLnRlc3RfdjYxX2FpX2luZnJhc3RydWN0dXJlX3J1bnRpbWUiIG5hbWU9InRlc3RfaWRlbnRpdHlfcmVsZWFzZV9uZXZlcl9leHBvcnRzX2Z1bGxfdmF1bHQiIHRpbWU9IjAuODE0IiAvPjx0ZXN0Y2FzZSBjbGFzc25hbWU9InRlc3RzLmludGVncmF0aW9uLnRlc3RfdjYxX2FpX2luZnJhc3RydWN0dXJlX3J1
2026-09-10T08:15:35.9684355Z GO_EVIDENCE_B64 bnRpbWUiIG5hbWU9InRlc3RfYm9va2luZ19wbGFuX3JlcXVpcmVzX3N1cHBsaWVyX2V2aWRlbmNlIiB0aW1lPSIwLjAwNiIgLz48dGVzdGNhc2UgY2xhc3NuYW1lPSJ0ZXN0cy50ZXN0X2Nvbm5lY3Rvcl9vcHMiIG5hbWU9InRlc3RfY29ubmVjdG9yX2xpc3RfYW5kX2NlcnRpZnkiIHRpbWU9IjE1LjE2MyIgLz48dGVzdGNhc2UgY2xhc3NuYW1lPSJ0ZXN0cy50ZXN0X2Nvbm5lY3Rvcl9vcHMiIG5hbWU9InRlc3RfY29ubmVjdG9yX2hlYWx0aCIgdGltZT0iMi4yNzUiIC8+PHRlc3RjYXNlIGNsYXNzbmFtZT0idGVzdHMudGVzdF9k
2026-09-10T08:15:35.9690597Z GO_EVIDENCE_B64 ZXB0aDA4X2FwaV9hbmRfbWlncmF0aW9uIiBuYW1lPSJ0ZXN0X2FsbDE0X29ic2VydmF0aW9uc19leGVjdXRlX2FnYWluc3RfYXBwbGljYXRpb25fZGF0YWJhc2UiIHRpbWU9IjIuMjc2IiAvPjx0ZXN0Y2FzZSBjbGFzc25hbWU9InRlc3RzLnRlc3RfZGVwdGgwOF9hcGlfYW5kX21pZ3JhdGlvbiIgbmFtZT0idGVzdF9xdWV1ZV9tdXRhdGlvbl9yZXF1aXJlc19nb19hZG1pbl9ydWxlc19wZXJtaXNzaW9uW2Fub255bW91c10iIHRpbWU9IjAuMjUyIiAvPjx0ZXN0Y2FzZSBjbGFzc25hbWU9InRlc3RzLnRlc3RfZGVwdGgwOF9hcGlf
2026-09-10T08:15:35.9696707Z GO_EVIDENCE_B64 YW5kX21pZ3JhdGlvbiIgbmFtZT0idGVzdF9xdWV1ZV9tdXRhdGlvbl9yZXF1aXJlc19nb19hZG1pbl9ydWxlc19wZXJtaXNzaW9uW3N1cHBsaWVyXSIgdGltZT0iMC4zMzYiIC8+PHRlc3RjYXNlIGNsYXNzbmFtZT0idGVzdHMudGVzdF9kZXB0aDA4X2FwaV9hbmRfbWlncmF0aW9uIiBuYW1lPSJ0ZXN0X3F1ZXVlX211dGF0aW9uX3JlcXVpcmVzX2dvX2FkbWluX3J1bGVzX3Blcm1pc3Npb25bcmVhZF9vbmx5XSIgdGltZT0iMC40OTciIC8+PHRlc3RjYXNlIGNsYXNzbmFtZT0idGVzdHMudGVzdF9kZXB0aDA4X2FwaV9hbmRfbWln
2026-09-10T08:15:35.9702755Z GO_EVIDENCE_B64 cmF0aW9uIiBuYW1lPSJ0ZXN0X2FwaV9yZWplY3RzX2NsaWVudF9zdXBwbGllZF9leGVjdXRpb25fYXV0aG9yaXR5W2NoYW5nZTBdIiB0aW1lPSIwLjMzOCIgLz48dGVzdGNhc2UgY2xhc3NuYW1lPSJ0ZXN0cy50ZXN0X2RlcHRoMDhfYXBpX2FuZF9taWdyYXRpb24iIG5hbWU9InRlc3RfYXBpX3JlamVjdHNfY2xpZW50X3N1cHBsaWVkX2V4ZWN1dGlvbl9hdXRob3JpdHlbY2hhbmdlMV0iIHRpbWU9IjAuMzMzIiAvPjx0ZXN0Y2FzZSBjbGFzc25hbWU9InRlc3RzLnRlc3RfZGVwdGgwOF9hcGlfYW5kX21pZ3JhdGlvbiIgbmFtZT0i
2026-09-10T08:15:35.9708659Z GO_EVIDENCE_B64 dGVzdF9hcGlfcmVqZWN0c19jbGllbnRfc3VwcGxpZWRfZXhlY3V0aW9uX2F1dGhvcml0eVtjaGFuZ2UyXSIgdGltZT0iMC4zMzgiIC8+PHRlc3RjYXNlIGNsYXNzbmFtZT0idGVzdHMudGVzdF9kZXB0aDA4X2FwaV9hbmRfbWlncmF0aW9uIiBuYW1lPSJ0ZXN0X2FwaV9yZWplY3RzX2NsaWVudF9zdXBwbGllZF9leGVjdXRpb25fYXV0aG9yaXR5W2NoYW5nZTNdIiB0aW1lPSIwLjMzNiIgLz48dGVzdGNhc2UgY2xhc3NuYW1lPSJ0ZXN0cy50ZXN0X2RlcHRoMDhfYXBpX2FuZF9taWdyYXRpb24iIG5hbWU9InRlc3RfYXBpX3JlamVj
2026-09-10T08:15:35.9714349Z GO_EVIDENCE_B64 dHNfY2xpZW50X3N1cHBsaWVkX2V4ZWN1dGlvbl9hdXRob3JpdHlbY2hhbmdlNF0iIHRpbWU9IjAuMzQxIiAvPjx0ZXN0Y2FzZSBjbGFzc25hbWU9InRlc3RzLnRlc3RfZGVwdGgwOF9hcGlfYW5kX21pZ3JhdGlvbiIgbmFtZT0idGVzdF9hcGlfcmVqZWN0c19jbGllbnRfc3VwcGxpZWRfZXhlY3V0aW9uX2F1dGhvcml0eVtjaGFuZ2U1XSIgdGltZT0iMC4zMzQiIC8+PHRlc3RjYXNlIGNsYXNzbmFtZT0idGVzdHMudGVzdF9kZXB0aDA4X2FwaV9hbmRfbWlncmF0aW9uIiBuYW1lPSJ0ZXN0X3F1ZXVlZF9vYnNlcnZhdGlvbl9ob2xk
2026-09-10T08:15:35.9720138Z GO_EVIDENCE_B64 c19pZl9hZG1pbl9yb2xlX2lzX3Jldm9rZWQiIHRpbWU9IjAuMzUzIiAvPjx0ZXN0Y2FzZSBjbGFzc25hbWU9InRlc3RzLnRlc3RfZGVwdGgwOF9hcGlfYW5kX21pZ3JhdGlvbiIgbmFtZT0idGVzdF9hcGlfcGF1c2VfcmVzdW1lX2NhbmNlbF9hbmRfcmV2aXNpb25fY29uZmxpY3QiIHRpbWU9IjAuNDA1IiAvPjx0ZXN0Y2FzZSBjbGFzc25hbWU9InRlc3RzLnRlc3RfZGVwdGgwOF9hcGlfYW5kX21pZ3JhdGlvbiIgbmFtZT0idGVzdF93b3JrZXJfY2xpX3Byb2Nlc3NfY29uc3VtZXNfcGVyc2lzdGVkX3F1ZXVlIiB0aW1lPSI3LjE2
2026-09-10T08:15:35.9728000Z GO_EVIDENCE_B64 MSIgLz48dGVzdGNhc2UgY2xhc3NuYW1lPSJ0ZXN0cy50ZXN0X2RlcHRoMDhfYXBpX2FuZF9taWdyYXRpb24iIG5hbWU9InRlc3RfbWlncmF0aW9uX3JvdW5kdHJpcF9wcmVzZXJ2ZXNfcHJpb3JfZGF0YV9hbmRfcHJvdGVjdHNfZXhlY3V0aW9uX2V2aWRlbmNlIiB0aW1lPSIwLjgyMCIgLz48dGVzdGNhc2UgY2xhc3NuYW1lPSJ0ZXN0cy50ZXN0X2RlcHRoMTFfY2F0YWxvZ19hcGkiIG5hbWU9InRlc3RfYXBpX2luZGVwZW5kZW50X3Blcm1pc3Npb25fc3RhbGVfZXZpZGVuY2VfYW5kX2N1c3RvbWVyX3Byb2dyZXNzIiB0aW1lPSIx
2026-09-10T08:15:35.9738484Z GO_EVIDENCE_B64 LjU0NSIgLz48dGVzdGNhc2UgY2xhc3NuYW1lPSJ0ZXN0cy50ZXN0X2RlcHRoMTFfY2F0YWxvZ19hcGkiIG5hbWU9InRlc3Rfc2VydmljZV9yZXF1ZXN0ZXJfd2l0aF9maW5hbmNlX3JvbGVfY2Fubm90X2FwcHJvdmVfb3duX3N1cHBsaWVyX3JlcXVlc3QiIHRpbWU9IjAuNTM4IiAvPjx0ZXN0Y2FzZSBjbGFzc25hbWU9InRlc3RzLnRlc3RfZGVwdGgxM19jYXRhbG9nX2ZhcmVfYXBpIiBuYW1lPSJ0ZXN0X3N1cHBsaWVyX3B1Ymxpc2hlc19vbmx5X293bl9ydWxlX3dpdGhfZXhwbGljaXRfdmVyc2lvbl9jb25maXJtYXRpb24iIHRp
2026-09-10T08:15:35.9749021Z GO_EVIDENCE_B64 bWU9IjIuMTQxIiAvPjx0ZXN0Y2FzZSBjbGFzc25hbWU9InRlc3RzLnRlc3RfZGVwdGgxM19jYXRhbG9nX2ZhcmVfYXBpIiBuYW1lPSJ0ZXN0X21vYmlsZV9jb252ZXJzaW9uX3VzZXNfc2FtZV9leHBsaWNpdF9jb250cmFjdF9hbmRfaWRlbXBvdGVudF9yZXN1bHQiIHRpbWU9IjAuNzE0IiAvPjx0ZXN0Y2FzZSBjbGFzc25hbWU9InRlc3RzLnRlc3RfZGVwdGgxM19jYXRhbG9nX2ZhcmVfYXBpIiBuYW1lPSJ0ZXN0X2xlZ2FjeV9zdXBwbGllcl9leGVjdXRpb25fY2Fubm90X2J5cGFzc19jdXN0b21lcl9jb25zZW50X29yX2ZhdWx0
2026-09-10T08:15:35.9759788Z GO_EVIDENCE_B64 X3JldmlldyIgdGltZT0iMC41OTgiIC8+PHRlc3RjYXNlIGNsYXNzbmFtZT0idGVzdHMudGVzdF9kZXB0aDEzX21pZ3JhdGlvbiIgbmFtZT0idGVzdF9ydWxlX3NuYXBzaG90X21pZ3JhdGlvbl9wcmVzZXJ2ZXNfaGlzdG9yaWNhbF9jcmVkaXRfYW5kX29yZGVyX3dpdGhvdXRfZmFicmljYXRpb24iIHRpbWU9IjEyLjc3MyIgLz48dGVzdGNhc2UgY2xhc3NuYW1lPSJ0ZXN0cy50ZXN0X2RlcHRoMTRfY2FzaF9mYXJlX2FwaSIgbmFtZT0idGVzdF9tb2JpbGVfY2FzaF9jYW5jZWxfcmVxdWlyZXNfb3duZWRfcXVvdGVfYW5kX3JlcGxh
2026-09-10T08:15:35.9770608Z GO_EVIDENCE_B64 eXNfc2FtZV93ZWJfcmVxdWVzdCIgdGltZT0iMS4xNTMiIC8+PHRlc3RjYXNlIGNsYXNzbmFtZT0idGVzdHMudGVzdF9kZXB0aDE0X2Nhc2hfZmFyZV9hcGkiIG5hbWU9InRlc3RfbmF0aXZlX2FuZF93ZWJfY2hhbmdlX3NoYXJlX29wZXJhdGlvbl9yZWNvdmVyeV9hbmRfb3JkZXJfcHJvZ3Jlc3MiIHRpbWU9IjIuMDM5IiAvPjx0ZXN0Y2FzZSBjbGFzc25hbWU9InRlc3RzLnRlc3RfZGVwdGgxNF9jYXNoX2ZhcmVfYXBpIiBuYW1lPSJ0ZXN0X3N0YXR1c19hbmRfcmVzdW1lX2RvX25vdF9hY2NlcHRfYW5vdGhlcl9vcmRlcl9vcGVy
2026-09-10T08:15:35.9781304Z GO_EVIDENCE_B64 YXRpb25faWQiIHRpbWU9IjEuMjY3IiAvPjx0ZXN0Y2FzZSBjbGFzc25hbWU9InRlc3RzLnRlc3RfZGVwdGgxNF9jYXNoX2ZhcmVfYXBpIiBuYW1lPSJ0ZXN0X21vYmlsZV9wYXltZW50X3JldHJ5X3JlcXVpcmVzX2Jvb2xlYW5fY29uZmlybWF0aW9uX2FuZF9vcmlnaW5hbF9oYXNoIiB0aW1lPSIwLjY4MiIgLz48dGVzdGNhc2UgY2xhc3NuYW1lPSJ0ZXN0cy50ZXN0X2RlcHRoMTRfbWlncmF0aW9uIiBuYW1lPSJ0ZXN0X2Nhc2hfZmFyZV9taWdyYXRpb25fcm91bmR0cmlwX25ldmVyX2JhY2tmaWxsc19oaXN0b3JpY2FsX2NvbnNl
2026-09-10T08:15:35.9792120Z GO_EVIDENCE_B64 bnQiIHRpbWU9IjE2LjE5NyIgLz48dGVzdGNhc2UgY2xhc3NuYW1lPSJ0ZXN0cy50ZXN0X2RlcHRoMTlfYXBpX21pZ3JhdGlvbiIgbmFtZT0idGVzdF9odHRwX3JlYWRfbm9fc3RvcmVfYW5kX293bmVyX2lzb2xhdGlvbiIgdGltZT0iMC4yNTAiIC8+PHRlc3RjYXNlIGNsYXNzbmFtZT0idGVzdHMudGVzdF9kZXB0aDE5X2FwaV9taWdyYXRpb24iIG5hbWU9InRlc3RfaHR0cF9mYWN0X3dyaXRlX3JlcXVpcmVzX2dvX2FkbWluX2FuZF9ydWxlX3Blcm1pc3Npb24iIHRpbWU9IjAuMjY4IiAvPjx0ZXN0Y2FzZSBjbGFzc25hbWU9InRl
2026-09-10T08:15:35.9868076Z GO_EVIDENCE_B64 c3RzLnRlc3RfZGVwdGgxOV9hcGlfbWlncmF0aW9uIiBuYW1lPSJ0ZXN0X2h0dHBfYmluZGluZ19vcHRpb25zX3JldmlzaW9uX2FuZF9jdXN0b21lcl9ydWxlcyIgdGltZT0iMC41NDQiIC8+PHRlc3RjYXNlIGNsYXNzbmFtZT0idGVzdHMudGVzdF9kZXB0aDE5X2FwaV9taWdyYXRpb24iIG5hbWU9InRlc3RfYXV0aG9yaXR5X2FwaV90d29fcmV2aWV3ZXJzX2FuZF9vcHNfaG9sZF9xdWV1ZSIgdGltZT0iMC4zOTYiIC8+PHRlc3RjYXNlIGNsYXNzbmFtZT0idGVzdHMudGVzdF9kZXB0aDE5X2FwaV9taWdyYXRpb24iIG5hbWU9InRl
2026-09-10T08:15:35.9875016Z GO_EVIDENCE_B64 c3RfbWlncmF0aW9uX3JvdW5kdHJpcF9wcmVzZXJ2ZXNfbGVnYWN5X2FuZF9yZWZ1c2VzX2ZhY3RfZXZpZGVuY2VfbG9zcyIgdGltZT0iMC43NzciIC8+PHRlc3RjYXNlIGNsYXNzbmFtZT0idGVzdHMudGVzdF9kZXB0aDE5X2FwaV9taWdyYXRpb24iIG5hbWU9InRlc3RfbWFsZm9ybWVkX3NpZ25lZF9mYWN0X2ZpZWxkc19yZXR1cm5fY29udHJvbGxlZF9lcnJvcnNba2luZC12YWx1ZTBdIiB0aW1lPSIwLjI0MiIgLz48dGVzdGNhc2UgY2xhc3NuYW1lPSJ0ZXN0cy50ZXN0X2RlcHRoMTlfYXBpX21pZ3JhdGlvbiIgbmFtZT0idGVz
2026-09-10T08:15:35.9886849Z GO_EVIDENCE_B64 dF9tYWxmb3JtZWRfc2lnbmVkX2ZhY3RfZmllbGRzX3JldHVybl9jb250cm9sbGVkX2Vycm9yc1tzdWJqZWN0LXZhbHVlMV0iIHRpbWU9IjAuNDgzIiAvPjx0ZXN0Y2FzZSBjbGFzc25hbWU9InRlc3RzLnRlc3RfZGVwdGgxOV9hcGlfbWlncmF0aW9uIiBuYW1lPSJ0ZXN0X21hbGZvcm1lZF9zaWduZWRfZmFjdF9maWVsZHNfcmV0dXJuX2NvbnRyb2xsZWRfZXJyb3JzW2RhdGEtdmFsdWUyXSIgdGltZT0iMC4yMzYiIC8+PHRlc3RjYXNlIGNsYXNzbmFtZT0idGVzdHMudGVzdF9kZXB0aDE5X2FwaV9taWdyYXRpb24iIG5hbWU9InRl
2026-09-10T08:15:35.9892926Z GO_EVIDENCE_B64 c3RfbWFsZm9ybWVkX3NpZ25lZF9mYWN0X2ZpZWxkc19yZXR1cm5fY29udHJvbGxlZF9lcnJvcnNbZGF0YS12YWx1ZTNdIiB0aW1lPSIwLjI0MCIgLz48dGVzdGNhc2UgY2xhc3NuYW1lPSJ0ZXN0cy50ZXN0X2RlcHRoMjBfYXR0cmFjdGlvbl9jb250cmFjdCIgbmFtZT0idGVzdF9wZXJzaXN0ZWRfcXVvdGVfYmluZHNfc2Vzc2lvbl9wYXJ0eV9hbmRfbG9ja2VkX3RvdGFsIiB0aW1lPSIwLjIzNyIgLz48dGVzdGNhc2UgY2xhc3NuYW1lPSJ0ZXN0cy50ZXN0X2RlcHRoMjBfYXR0cmFjdGlvbl9jb250cmFjdCIgbmFtZT0idGVzdF91
2026-09-10T08:15:35.9901891Z GO_EVIDENCE_B64 bnF1b3RlZF9vcmRlcl9hbmRfdW5saXN0ZWRfc2Vzc2lvbl9hcmVfcmVqZWN0ZWQiIHRpbWU9IjAuMjIwIiAvPjx0ZXN0Y2FzZSBjbGFzc25hbWU9InRlc3RzLnRlc3RfZGVwdGgyMF9hdHRyYWN0aW9uX2NvbnRyYWN0IiBuYW1lPSJ0ZXN0X2NsaWVudF9jYW5ub3RfY2hhbmdlX3F1b3RlX3Rlcm1zW3F1YW50aXR5LTFdIiB0aW1lPSIwLjI1MCIgLz48dGVzdGNhc2UgY2xhc3NuYW1lPSJ0ZXN0cy50ZXN0X2RlcHRoMjBfYXR0cmFjdGlvbl9jb250cmFjdCIgbmFtZT0idGVzdF9jbGllbnRfY2Fubm90X2NoYW5nZV9xdW90ZV90ZXJt
2026-09-10T08:15:35.9907213Z GO_EVIDENCE_B64 c1tjdXJyZW5jeS1VU0RdIiB0aW1lPSIwLjIxOCIgLz48dGVzdGNhc2UgY2xhc3NuYW1lPSJ0ZXN0cy50ZXN0X2RlcHRoMjBfYXR0cmFjdGlvbl9jb250cmFjdCIgbmFtZT0idGVzdF9jbGllbnRfY2Fubm90X2NoYW5nZV9xdW90ZV90ZXJtc1t2aXNpdF9kYXRlLTIwMzAtMDEtMDFdIiB0aW1lPSIwLjM0OCIgLz48dGVzdGNhc2UgY2xhc3NuYW1lPSJ0ZXN0cy50ZXN0X2RlcHRoMjBfYXR0cmFjdGlvbl9jb250cmFjdCIgbmFtZT0idGVzdF9jbGllbnRfY2Fubm90X2NoYW5nZV9xdW90ZV90ZXJtc1tzZXNzaW9uX3RpbWUtMDM6MTdd
2026-09-10T08:15:35.9912872Z GO_EVIDENCE_B64 IiB0aW1lPSIwLjg4OCIgLz48dGVzdGNhc2UgY2xhc3NuYW1lPSJ0ZXN0cy50ZXN0X2RlcHRoMjBfYXR0cmFjdGlvbl9jb250cmFjdCIgbmFtZT0idGVzdF9jbGllbnRfY2Fubm90X2NoYW5nZV9xdW90ZV90ZXJtc1tvZmZlcl9pZC10ZWFtbGFiX3BsYW5ldHNdIiB0aW1lPSIwLjU1OCIgLz48dGVzdGNhc2UgY2xhc3NuYW1lPSJ0ZXN0cy50ZXN0X2RlcHRoMjBfYXR0cmFjdGlvbl9jb250cmFjdCIgbmFtZT0idGVzdF9xdWFudGl0eV9hbmRfYXR0ZW5kZWVzX211c3RfbWF0Y2giIHRpbWU9IjAuMjE4IiAvPjx0ZXN0Y2FzZSBjbGFz
2026-09-10T08:15:35.9918239Z GO_EVIDENCE_B64 c25hbWU9InRlc3RzLnRlc3RfZGVwdGgyMF9hdHRyYWN0aW9uX2NvbnRyYWN0IiBuYW1lPSJ0ZXN0X2Nyb3NzX2FjY291bnRfYW5kX2NoYW5nZWRfcGVyc29uX2Nhbm5vdF9yZXVzZV9jb25zdW1lZF9xdW90ZSIgdGltZT0iMC4yMjgiIC8+PHRlc3RjYXNlIGNsYXNzbmFtZT0idGVzdHMudGVzdF9kZXB0aDIwX2F0dHJhY3Rpb25fY29udHJhY3QiIG5hbWU9InRlc3RfY3VycmVudF9pbnZlbnRvcnlfaXNfcmVjaGVja2VkX2JlZm9yZV9vcmRlcl9jcmVhdGlvbiIgdGltZT0iMC4yMTUiIC8+PHRlc3RjYXNlIGNsYXNzbmFtZT0idGVz
2026-09-10T08:15:35.9923505Z GO_EVIDENCE_B64 dHMudGVzdF9kZXB0aDIwX2F0dHJhY3Rpb25fY29udHJhY3QiIG5hbWU9InRlc3RfbG9ja2VkX3ByaWNlX2FuZF9yZWZ1bmRfdGVybXNfZG9fbm90X2NoYW5nZV93aXRoX2NhdGFsb2ciIHRpbWU9IjAuMjM4IiAvPjx0ZXN0Y2FzZSBjbGFzc25hbWU9InRlc3RzLnRlc3RfZGVwdGgyMF9hdHRyYWN0aW9uX2NvbnRyYWN0IiBuYW1lPSJ0ZXN0X2V4cGlyZWRfcXVvdGVfY2Fubm90X2JlX2NvbnN1bWVkIiB0aW1lPSIwLjQwOSIgLz48dGVzdGNhc2UgY2xhc3NuYW1lPSJ0ZXN0cy50ZXN0X2RlcHRoMjBfYXR0cmFjdGlvbl9jb250cmFj
2026-09-10T08:15:35.9929428Z GO_EVIDENCE_B64 dCIgbmFtZT0idGVzdF9wYXJhbGxlbF9jb25zdW1wdGlvbl9tYWtlc19vbmVfb3JkZXIiIHRpbWU9IjEuMDQ0IiAvPjx0ZXN0Y2FzZSBjbGFzc25hbWU9InRlc3RzLnRlc3RfZGVwdGgyMF9hdHRyYWN0aW9uX2NvbnRyYWN0IiBuYW1lPSJ0ZXN0X2ZhaWxlZF9ldmlkZW5jZV9yb2xsc19iYWNrX2NvbnRyYWN0X2FuZF9vcmRlciIgdGltZT0iMC4yNDQiIC8+PHRlc3RjYXNlIGNsYXNzbmFtZT0idGVzdHMudGVzdF9kZXB0aDIwX2F0dHJhY3Rpb25fY29udHJhY3QiIG5hbWU9InRlc3RfZGVjbGFyZWRfY2hpbGRfY2Fubm90X3VzZV9h
2026-09-10T08:15:35.9935194Z GO_EVIDENCE_B64 bl9hZHVsdF9wcm9kdWN0X3F1b3RlIiB0aW1lPSIwLjYyMyIgLz48dGVzdGNhc2UgY2xhc3NuYW1lPSJ0ZXN0cy50ZXN0X2RlcHRoMjRfZXhwaXJ5IiBuYW1lPSJ0ZXN0X25ld19kZWFkbGluZV9pc19mcm96ZW5fYW5kX2xlZ2FjeV9oYXNfbm9uZVtSQUlMXSIgdGltZT0iMS4yOTQiIC8+PHRlc3RjYXNlIGNsYXNzbmFtZT0idGVzdHMudGVzdF9kZXB0aDI0X2V4cGlyeSIgbmFtZT0idGVzdF9uZXdfZGVhZGxpbmVfaXNfZnJvemVuX2FuZF9sZWdhY3lfaGFzX25vbmVbQVRUUkFDVElPTl0iIHRpbWU9IjEuMTI1IiAvPjx0ZXN0Y2Fz
2026-09-10T08:15:35.9940990Z GO_EVIDENCE_B64 ZSBjbGFzc25hbWU9InRlc3RzLnRlc3RfZGVwdGgyNF9leHBpcnkiIG5hbWU9InRlc3RfZXhwaXJhdGlvbl9yZWxlYXNlc19vbmNlX3dpdGhfbmF0aXZlX2V2aWRlbmNlW1JBSUxdIiB0aW1lPSIwLjgwNiIgLz48dGVzdGNhc2UgY2xhc3NuYW1lPSJ0ZXN0cy50ZXN0X2RlcHRoMjRfZXhwaXJ5IiBuYW1lPSJ0ZXN0X2V4cGlyYXRpb25fcmVsZWFzZXNfb25jZV93aXRoX25hdGl2ZV9ldmlkZW5jZVtBVFRSQUNUSU9OXSIgdGltZT0iMC44MzMiIC8+PHRlc3RjYXNlIGNsYXNzbmFtZT0idGVzdHMudGVzdF9kZXB0aDI0X2V4cGlyeSIg
2026-09-10T08:15:35.9947108Z GO_EVIDENCE_B64 bmFtZT0idGVzdF9kdWVfcGF5bWVudF9yZWplY3RlZF9iZWZvcmVfd29ya2VyX3J1bnNbUkFJTF0iIHRpbWU9IjAuNDEyIiAvPjx0ZXN0Y2FzZSBjbGFzc25hbWU9InRlc3RzLnRlc3RfZGVwdGgyNF9leHBpcnkiIG5hbWU9InRlc3RfZHVlX3BheW1lbnRfcmVqZWN0ZWRfYmVmb3JlX3dvcmtlcl9ydW5zW0FUVFJBQ1RJT05dIiB0aW1lPSIwLjkyNyIgLz48dGVzdGNhc2UgY2xhc3NuYW1lPSJ0ZXN0cy50ZXN0X2RlcHRoMjRfZXhwaXJ5IiBuYW1lPSJ0ZXN0X2V4YWN0X2RlYWRsaW5lX3VzZXNfZGF0YWJhc2VfdGltZSIgdGltZT0i
2026-09-10T08:15:36.0843412Z GO_EVIDENCE_B64 MC45NTMiIC8+PHRlc3RjYXNlIGNsYXNzbmFtZT0idGVzdHMudGVzdF9kZXB0aDI0X2V4cGlyeSIgbmFtZT0idGVzdF9hbnlfc3RhcnRlZF9wYXltZW50X3JldGFpbnNfY2FwYWNpdHlbUkVRVUlSRVNfQ0hBTk5FTF9TRUxFQ1RJT04tUkFJTF0iIHRpbWU9IjEuMDExIiAvPjx0ZXN0Y2FzZSBjbGFzc25hbWU9InRlc3RzLnRlc3RfZGVwdGgyNF9leHBpcnkiIG5hbWU9InRlc3RfYW55X3N0YXJ0ZWRfcGF5bWVudF9yZXRhaW5zX2NhcGFjaXR5W1JFUVVJUkVTX0NIQU5ORUxfU0VMRUNUSU9OLUFUVFJBQ1RJT05dIiB0aW1lPSIxLjA2
2026-09-10T08:15:36.0854250Z GO_EVIDENCE_B64 NSIgLz48dGVzdGNhc2UgY2xhc3NuYW1lPSJ0ZXN0cy50ZXN0X2RlcHRoMjRfZXhwaXJ5IiBuYW1lPSJ0ZXN0X2FueV9zdGFydGVkX3BheW1lbnRfcmV0YWluc19jYXBhY2l0eVtVTktOT1dOX0VYVEVSTkFMX1NUQVRFLVJBSUxdIiB0aW1lPSIwLjI2MiIgLz48dGVzdGNhc2UgY2xhc3NuYW1lPSJ0ZXN0cy50ZXN0X2RlcHRoMjRfZXhwaXJ5IiBuYW1lPSJ0ZXN0X2FueV9zdGFydGVkX3BheW1lbnRfcmV0YWluc19jYXBhY2l0eVtVTktOT1dOX0VYVEVSTkFMX1NUQVRFLUFUVFJBQ1RJT05dIiB0aW1lPSIwLjgwMCIgLz48dGVzdGNh
2026-09-10T08:15:36.0865373Z GO_EVIDENCE_B64 c2UgY2xhc3NuYW1lPSJ0ZXN0cy50ZXN0X2RlcHRoMjRfZXhwaXJ5IiBuYW1lPSJ0ZXN0X2FueV9zdGFydGVkX3BheW1lbnRfcmV0YWluc19jYXBhY2l0eVtGQUlMRUQtUkFJTF0iIHRpbWU9IjEuNDc0IiAvPjx0ZXN0Y2FzZSBjbGFzc25hbWU9InRlc3RzLnRlc3RfZGVwdGgyNF9leHBpcnkiIG5hbWU9InRlc3RfYW55X3N0YXJ0ZWRfcGF5bWVudF9yZXRhaW5zX2NhcGFjaXR5W0ZBSUxFRC1BVFRSQUNUSU9OXSIgdGltZT0iMC4yNDMiIC8+PHRlc3RjYXNlIGNsYXNzbmFtZT0idGVzdHMudGVzdF9kZXB0aDI0X2V4cGlyeSIgbmFt
2026-09-10T08:15:36.0875850Z GO_EVIDENCE_B64 ZT0idGVzdF9tYW51YWxfY2FuY2VsX2ZpbmFsaXplc19kZWFkbGluZVtSQUlMXSIgdGltZT0iMS43NTYiIC8+PHRlc3RjYXNlIGNsYXNzbmFtZT0idGVzdHMudGVzdF9kZXB0aDI0X2V4cGlyeSIgbmFtZT0idGVzdF9tYW51YWxfY2FuY2VsX2ZpbmFsaXplc19kZWFkbGluZVtBVFRSQUNUSU9OXSIgdGltZT0iMC4yNDEiIC8+PHRlc3RjYXNlIGNsYXNzbmFtZT0idGVzdHMudGVzdF9kZXB0aDI0X2V4cGlyeSIgbmFtZT0idGVzdF90d29fZXhwaXJ5X3dvcmtlcnNfcmVsZWFzZV9vbmNlW1JBSUxdIiB0aW1lPSIwLjI2NiIgLz48dGVz
2026-09-10T08:15:36.0886027Z GO_EVIDENCE_B64 dGNhc2UgY2xhc3NuYW1lPSJ0ZXN0cy50ZXN0X2RlcHRoMjRfZXhwaXJ5IiBuYW1lPSJ0ZXN0X3R3b19leHBpcnlfd29ya2Vyc19yZWxlYXNlX29uY2VbQVRUUkFDVElPTl0iIHRpbWU9IjAuMzI1IiAvPjx0ZXN0Y2FzZSBjbGFzc25hbWU9InRlc3RzLnRlc3RfZGVwdGgyNF9leHBpcnkiIG5hbWU9InRlc3RfcGF5bWVudF9yb290X3dpbnNfYmVmb3JlX3N3ZWVwX2FuZF9jYXB0dXJlX3Jlc3VtZXMiIHRpbWU9IjAuMjg5IiAvPjx0ZXN0Y2FzZSBjbGFzc25hbWU9InRlc3RzLnRlc3RfZGVwdGgyNF9leHBpcnkiIG5hbWU9InRlc3Rf
2026-09-10T08:15:36.0898284Z GO_EVIDENCE_B64 ZXhwaXJ5X3dpbnNfb3JkZXJfbG9ja19hZ2FpbnN0X3BheW1lbnQiIHRpbWU9IjAuMjg2IiAvPjx0ZXN0Y2FzZSBjbGFzc25hbWU9InRlc3RzLnRlc3RfZGVwdGgyNF9leHBpcnkiIG5hbWU9InRlc3RfZXhwaXJ5X3JlY292ZXJzX2Zyb21fYWN0dWFsX3Byb2Nlc3NfZXhpdFtGYWxzZV0iIHRpbWU9IjMuMTQwIiAvPjx0ZXN0Y2FzZSBjbGFzc25hbWU9InRlc3RzLnRlc3RfZGVwdGgyNF9leHBpcnkiIG5hbWU9InRlc3RfZXhwaXJ5X3JlY292ZXJzX2Zyb21fYWN0dWFsX3Byb2Nlc3NfZXhpdFtUcnVlXSIgdGltZT0iMy4xMzUiIC8+
2026-09-10T08:15:36.0908905Z GO_EVIDENCE_B64 PHRlc3RjYXNlIGNsYXNzbmFtZT0idGVzdHMudGVzdF9kZXB0aDI0X2V4cGlyeSIgbmFtZT0idGVzdF9icm9rZW5fZGVhZGxpbmVfaXNfcXVhcmFudGluZWRfd2l0aG91dF9zdGFydmluZ19nb29kX29yZGVyIiB0aW1lPSIwLjI3NyIgLz48dGVzdGNhc2UgY2xhc3NuYW1lPSJ0ZXN0cy50ZXN0X2RlcHRoMjRfZXhwaXJ5IiBuYW1lPSJ0ZXN0X21pc3NpbmdfY2xhaW1faXNfbm90X3JlcG9ydGVkX2FzX3N1Y2Nlc3NmdWxfcmVsZWFzZSIgdGltZT0iMC4yMzgiIC8+PHRlc3RjYXNlIGNsYXNzbmFtZT0idGVzdHMudGVzdF9kZXB0aDI0
2026-09-10T08:15:36.0918135Z GO_EVIDENCE_B64 X2V4cGlyeSIgbmFtZT0idGVzdF9yYWlsX2NoZWNrb3V0X2RvZXNfbm90X2ZhYnJpY2F0ZV9hdXRob3JpemVkX3N0YXRlX29uX3ByZV9yb290X2ZhaWx1cmUiIHRpbWU9IjAuMjU1IiAvPjx0ZXN0Y2FzZSBjbGFzc25hbWU9InRlc3RzLnRlc3RfZGVwdGgyNF9leHBpcnkiIG5hbWU9InRlc3Rfb25lX3Nob3Rfd29ya2VyX3J1bnNfYWdhaW5zdF9kdXJhYmxlX2RhdGFiYXNlIiB0aW1lPSIzLjgxMCIgLz48dGVzdGNhc2UgY2xhc3NuYW1lPSJ0ZXN0cy50ZXN0X2RlcHRoMjRfZXhwaXJ5IiBuYW1lPSJ0ZXN0X3dvcmtlcl9yZWNoZWNr
2026-09-10T08:15:36.0927008Z GO_EVIDENCE_B64 c19leGlzdGluZ19pbnRlbnRfZXZlbl9pZl9kZWFkbGluZV9pc19vcGVuIiB0aW1lPSIwLjI1OSIgLz48dGVzdGNhc2UgY2xhc3NuYW1lPSJ0ZXN0cy50ZXN0X2RlcHRoMjRfZXhwaXJ5IiBuYW1lPSJ0ZXN0X2ZhaWxlZF9leHBpcnlfcm9sbHNfYmFja19hbmRfZG9lc19ub3RfYmxvY2tfbmV4dF9jYW5kaWRhdGUiIHRpbWU9IjEuMTU2IiAvPjx0ZXN0Y2FzZSBjbGFzc25hbWU9InRlc3RzLnRlc3RfZGVwdGgyNF9leHBpcnkiIG5hbWU9InRlc3Rfd29ya2VyX2JhdGNoX2lzX2JvdW5kZWRfYW5kX3Jlc3RhcnRzX2Zyb21fdW5maW5p
2026-09-10T08:15:36.0937980Z GO_EVIDENCE_B64 c2hlZF9vcmRlcnMiIHRpbWU9IjEuMzQ1IiAvPjx0ZXN0Y2FzZSBjbGFzc25hbWU9InRlc3RzLnRlc3RfZGVwdGgyNF9leHBpcnkiIG5hbWU9InRlc3RfYXBwbGljYXRpb25fbGlmZXNwYW5fc3RhcnRzX2V4cGlyeV93b3JrZXIiIHRpbWU9IjAuMzQzIiAvPjx0ZXN0Y2FzZSBjbGFzc25hbWU9InRlc3RzLnRlc3RfZGVwdGgyNF9leHBpcnkiIG5hbWU9InRlc3RfbWlncmF0aW9uX3ByZXNlcnZlc19hbGxfZGVhZGxpbmVfaGlzdG9yeSIgdGltZT0iMC43NTQiIC8+PHRlc3RjYXNlIGNsYXNzbmFtZT0idGVzdHMudGVzdF9kZXB0aDMz
2026-09-10T08:15:36.0948193Z GO_EVIDENCE_B64 X21vYmlsaXR5X3JlZnVuZF9jb25zZW50IiBuYW1lPSJ0ZXN0X21vYmlsaXR5X2V4YWN0X2NvbnNlbnRfcmVwbGF5X2FuZF9vd25lcl9iaW5kaW5nW1JJREVdIiB0aW1lPSIwLjMxNSIgLz48dGVzdGNhc2UgY2xhc3NuYW1lPSJ0ZXN0cy50ZXN0X2RlcHRoMzNfbW9iaWxpdHlfcmVmdW5kX2NvbnNlbnQiIG5hbWU9InRlc3RfbW9iaWxpdHlfZXhhY3RfY29uc2VudF9yZXBsYXlfYW5kX293bmVyX2JpbmRpbmdbUkVOVEFMXSIgdGltZT0iMC4zMzUiIC8+PHRlc3RjYXNlIGNsYXNzbmFtZT0idGVzdHMudGVzdF9kZXB0aDMzX21vYmls
2026-09-10T08:15:36.0957825Z GO_EVIDENCE_B64 aXR5X3JlZnVuZF9jb25zZW50IiBuYW1lPSJ0ZXN0X21vYmlsaXR5X29yZGVyX2NoYW5nZV9yZXF1aXJlc19uZXdfcmVmdW5kX2NvbnNlbnRbUklERV0iIHRpbWU9IjAuMjYzIiAvPjx0ZXN0Y2FzZSBjbGFzc25hbWU9InRlc3RzLnRlc3RfZGVwdGgzM19tb2JpbGl0eV9yZWZ1bmRfY29uc2VudCIgbmFtZT0idGVzdF9tb2JpbGl0eV9vcmRlcl9jaGFuZ2VfcmVxdWlyZXNfbmV3X3JlZnVuZF9jb25zZW50W1JFTlRBTF0iIHRpbWU9IjAuMjc1IiAvPjx0ZXN0Y2FzZSBjbGFzc25hbWU9InRlc3RzLnRlc3RfZGVwdGgzM19tb2JpbGl0
2026-09-10T08:15:36.0967653Z GO_EVIDENCE_B64 eV9yZWZ1bmRfY29uc2VudCIgbmFtZT0idGVzdF9tb2JpbGl0eV9jcmFzaF9hZnRlcl9tb25leV9rZWVwc19wZW5kaW5nX2FuZF9yZWNvdmVyc19vbmNlW1JJREVdIiB0aW1lPSIwLjI3NCIgLz48dGVzdGNhc2UgY2xhc3NuYW1lPSJ0ZXN0cy50ZXN0X2RlcHRoMzNfbW9iaWxpdHlfcmVmdW5kX2NvbnNlbnQiIG5hbWU9InRlc3RfbW9iaWxpdHlfY3Jhc2hfYWZ0ZXJfbW9uZXlfa2VlcHNfcGVuZGluZ19hbmRfcmVjb3ZlcnNfb25jZVtSRU5UQUxdIiB0aW1lPSIwLjI4NyIgLz48dGVzdGNhc2UgY2xhc3NuYW1lPSJ0ZXN0cy50ZXN0
2026-09-10T08:15:36.0977659Z GO_EVIDENCE_B64 X2RlcHRoMzNfbW9iaWxpdHlfcmVmdW5kX2NvbnNlbnQiIG5hbWU9InRlc3RfcmlkZV9wZW5kaW5nX3JlZnVuZF9ibG9ja3NfZnVsZmlsbG1lbnRfYW5kX21vZGlmaWNhdGlvbiIgdGltZT0iMC4yNTYiIC8+PHRlc3RjYXNlIGNsYXNzbmFtZT0idGVzdHMudGVzdF9kZXB0aDMzX21vYmlsaXR5X3JlZnVuZF9jb25zZW50IiBuYW1lPSJ0ZXN0X3JpZGVfZmFicmljYXRlZF9tb25leV9yZWNlaXB0X2RvZXNfbm90X2NvbXBsZXRlX29yZGVyIiB0aW1lPSIwLjI1NSIgLz48dGVzdGNhc2UgY2xhc3NuYW1lPSJ0ZXN0cy50ZXN0X2RlcHRo
2026-09-10T08:15:36.0987215Z GO_EVIDENCE_B64 MzNfbW9iaWxpdHlfcmVmdW5kX2NvbnNlbnQiIG5hbWU9InRlc3RfcmVudGFsX2NoYW5nZWRfc2V0dGxlbWVudF9wbGFuX2Nhbm5vdF9yZXN1bWUiIHRpbWU9IjAuMjc3IiAvPjx0ZXN0Y2FzZSBjbGFzc25hbWU9InRlc3RzLnRlc3RfZGVwdGgzNV9yZWZyZXNoX3Njb3BlIiBuYW1lPSJ0ZXN0X3dyb25nX2NvbnN1bWVyX2VuZF9kb2VzX25vdF9jb25zdW1lX2NvbnNvbGVfcmVmcmVzaF9vcl9jc3JmWy92MS9tb2JpbGUvYXV0aC9yZWZyZXNoLVNVUFBMSUVSX1VTRVJdIiB0aW1lPSIwLjM5MyIgLz48dGVzdGNhc2UgY2xhc3NuYW1l
2026-09-10T08:15:36.0997274Z GO_EVIDENCE_B64 PSJ0ZXN0cy50ZXN0X2RlcHRoMzVfcmVmcmVzaF9zY29wZSIgbmFtZT0idGVzdF93cm9uZ19jb25zdW1lcl9lbmRfZG9lc19ub3RfY29uc3VtZV9jb25zb2xlX3JlZnJlc2hfb3JfY3NyZlsvdjEvbW9iaWxlL2F1dGgvcmVmcmVzaC1HT19BRE1JTl0iIHRpbWU9IjAuMzc0IiAvPjx0ZXN0Y2FzZSBjbGFzc25hbWU9InRlc3RzLnRlc3RfZGVwdGgzNV9yZWZyZXNoX3Njb3BlIiBuYW1lPSJ0ZXN0X3dyb25nX2NvbnN1bWVyX2VuZF9kb2VzX25vdF9jb25zdW1lX2NvbnNvbGVfcmVmcmVzaF9vcl9jc3JmWy92MS9jb25zdW1lci9hdXRo
2026-09-10T08:15:36.1007182Z GO_EVIDENCE_B64 L3JlZnJlc2gtU1VQUExJRVJfVVNFUl0iIHRpbWU9IjAuMzc5IiAvPjx0ZXN0Y2FzZSBjbGFzc25hbWU9InRlc3RzLnRlc3RfZGVwdGgzNV9yZWZyZXNoX3Njb3BlIiBuYW1lPSJ0ZXN0X3dyb25nX2NvbnN1bWVyX2VuZF9kb2VzX25vdF9jb25zdW1lX2NvbnNvbGVfcmVmcmVzaF9vcl9jc3JmWy92MS9jb25zdW1lci9hdXRoL3JlZnJlc2gtR09fQURNSU5dIiB0aW1lPSIwLjM4OSIgLz48dGVzdGNhc2UgY2xhc3NuYW1lPSJ0ZXN0cy50ZXN0X2RlcHRoMzVfcmVmcmVzaF9zY29wZSIgbmFtZT0idGVzdF9jb25zb2xlX2VuZF9kb2Vz
2026-09-10T08:15:36.1016861Z GO_EVIDENCE_B64 X25vdF9jb25zdW1lX2NvbnN1bWVyX3JlZnJlc2giIHRpbWU9IjAuNTA1IiAvPjx0ZXN0Y2FzZSBjbGFzc25hbWU9InRlc3RzLnRlc3RfZGVwdGgzNV9yZWZyZXNoX3Njb3BlIiBuYW1lPSJ0ZXN0X21hdGNoaW5nX2VuZF9yb3RhdGVzX29uY2VfYW5kX29sZF9yZWZyZXNoX2Nhbm5vdF9iZV9yZXVzZWRbQ09OU1VNRVJdIiB0aW1lPSIwLjUyOSIgLz48dGVzdGNhc2UgY2xhc3NuYW1lPSJ0ZXN0cy50ZXN0X2RlcHRoMzVfcmVmcmVzaF9zY29wZSIgbmFtZT0idGVzdF9tYXRjaGluZ19lbmRfcm90YXRlc19vbmNlX2FuZF9vbGRfcmVm
2026-09-10T08:15:36.1024672Z GO_EVIDENCE_B64 cmVzaF9jYW5ub3RfYmVfcmV1c2VkW1NVUFBMSUVSX1VTRVJdIiB0aW1lPSIwLjk0OCIgLz48dGVzdGNhc2UgY2xhc3NuYW1lPSJ0ZXN0cy50ZXN0X2RlcHRoMzVfcmVmcmVzaF9zY29wZSIgbmFtZT0idGVzdF9tYXRjaGluZ19lbmRfcm90YXRlc19vbmNlX2FuZF9vbGRfcmVmcmVzaF9jYW5ub3RfYmVfcmV1c2VkW0dPX0FETUlOXSIgdGltZT0iMC4zNzUiIC8+PHRlc3RjYXNlIGNsYXNzbmFtZT0idGVzdHMudGVzdF9kZXB0aDM1X3JlZnJlc2hfc2NvcGUiIG5hbWU9InRlc3RfbW9iaWxlX2xvZ291dF9yZXZva2VzX29ubHlfaXRz
2026-09-10T08:15:36.1032964Z GO_EVIDENCE_B64 X2JlYXJlcl9zZXNzaW9uX2FuZF9yZWZyZXNoIiB0aW1lPSIwLjYzOSIgLz48dGVzdGNhc2UgY2xhc3NuYW1lPSJ0ZXN0cy50ZXN0X2V4dF90cnV0aF9vcGVyYXRvcl9nb3Zlcm5hbmNlX3JlcGxheSIgbmFtZT0idGVzdF9jbGFpbV9pc19yZXBsYXlfc2FmZV9hbmRfbGVhc2VfdGFrZW92ZXJfcmVxdWlyZXNfZXhwaXJ5IiB0aW1lPSIwLjMxMSIgLz48dGVzdGNhc2UgY2xhc3NuYW1lPSJ0ZXN0cy50ZXN0X2V4dF90cnV0aF9vcGVyYXRvcl9nb3Zlcm5hbmNlX3JlcGxheSIgbmFtZT0idGVzdF9tYWtlcl9jaGVja2VyX3Jlc29sdXRp
2026-09-10T08:15:36.1038880Z GO_EVIDENCE_B64 b25fYW5kX2NoZWNrZXJfcmVwbGF5X2FyZV9leGFjdGx5X29uY2UiIHRpbWU9IjAuMjQ1IiAvPjx0ZXN0Y2FzZSBjbGFzc25hbWU9InRlc3RzLnRlc3RfZXh0X3RydXRoX29wZXJhdG9yX2dvdmVybmFuY2VfcmVwbGF5IiBuYW1lPSJ0ZXN0X2V2aWRlbmNlX2RpZ2VzdF9ibG9ja3NfcG9zdF9zdWJtaXNzaW9uX3RhbXBlcmluZyIgdGltZT0iMC4yNDAiIC8+PHRlc3RjYXNlIGNsYXNzbmFtZT0idGVzdHMudGVzdF9leHRfdHJ1dGhfb3BlcmF0b3JfZ292ZXJuYW5jZV9yZXBsYXkiIG5hbWU9InRlc3RfcmVhbF9leHRlcm5hbF90ZXJt
2026-09-10T08:15:36.1044272Z GO_EVIDENCE_B64 aW5hbF90cnV0aF9zdXBlcnNlZGVzX3VuYXBwcm92ZWRfbWFudWFsX2RyYWZ0IiB0aW1lPSIwLjIyOCIgLz48dGVzdGNhc2UgY2xhc3NuYW1lPSJ0ZXN0cy50ZXN0X2V4dF90cnV0aF9vcGVyYXRvcl9nb3Zlcm5hbmNlX3JlcGxheSIgbmFtZT0idGVzdF93ZWJob29rX2RlbGl2ZXJ5X3BheWxvYWRfZHJpZnRfaXNfdHJ1dGhfY29uZmxpY3QiIHRpbWU9IjAuMjMyIiAvPjx0ZXN0Y2FzZSBjbGFzc25hbWU9InRlc3RzLnRlc3RfZXh0X3RydXRoX29wZXJhdG9yX2dvdmVybmFuY2VfcmVwbGF5IiBuYW1lPSJ0ZXN0X3NsYV9xdWV1ZV9m
2026-09-10T08:15:36.1049879Z GO_EVIDENCE_B64 cmVlemVzX3Byb21pc2Vfc3VwcGxpZXJfYW5kX2ZpbmFuY2VfYW5kX2Jsb2Nrc19wcm9tb3Rpb25fdW50aWxfcmVzb2x1dGlvbiIgdGltZT0iMC4yMzgiIC8+PHRlc3RjYXNlIGNsYXNzbmFtZT0idGVzdHMudGVzdF9maXJzdF9jb25uZWN0b3JfYWN0aXZhdGlvbl9yZWFkaW5lc3MiIG5hbWU9InRlc3RfdGVtcGxhdGVfY29udGFpbnNfc3VwcGxpZXJfbWF0ZXJpYWxzX2FuZF9kb2VzX25vdF9pbXBseV9saXZlIiB0aW1lPSIwLjA4NyIgLz48dGVzdGNhc2UgY2xhc3NuYW1lPSJ0ZXN0cy50ZXN0X2ZpcnN0X2Nvbm5lY3Rvcl9hY3Rp
2026-09-10T08:15:36.1055319Z GO_EVIDENCE_B64 dmF0aW9uX3JlYWRpbmVzcyIgbmFtZT0idGVzdF9rbXNfaW50ZXJmYWNlX3JlamVjdHNfaW5saW5lX3NlY3JldHNfYW5kX25vbl9leHRlcm5hbF9yZWZlcmVuY2UiIHRpbWU9IjAuMjEwIiAvPjx0ZXN0Y2FzZSBjbGFzc25hbWU9InRlc3RzLnRlc3RfZmlyc3RfY29ubmVjdG9yX2FjdGl2YXRpb25fcmVhZGluZXNzIiBuYW1lPSJ0ZXN0X2lwX2FsbG93bGlzdF9yZWplY3RzX2ludmFsaWRfY2lkciIgdGltZT0iMC4yMTEiIC8+PHRlc3RjYXNlIGNsYXNzbmFtZT0idGVzdHMudGVzdF9maXJzdF9jb25uZWN0b3JfYWN0aXZhdGlvbl9y
2026-09-10T08:15:36.1061002Z GO_EVIDENCE_B64 ZWFkaW5lc3MiIG5hbWU9InRlc3RfY2VydGlmaWNhdGlvbl9yZXF1aXJlc19mdWxsX3N1aXRlX2FuZF9ldmlkZW5jZSIgdGltZT0iMC4yMjMiIC8+PHRlc3RjYXNlIGNsYXNzbmFtZT0idGVzdHMudGVzdF9maXJzdF9jb25uZWN0b3JfYWN0aXZhdGlvbl9yZWFkaW5lc3MiIG5hbWU9InRlc3Rfd2ViaG9va19yb3RhdGlvbl9yZXF1aXJlc19vdmVybGFwX3Byb29mX2FuZF9leHRlcm5hbF9rZXkiIHRpbWU9IjAuMjMwIiAvPjx0ZXN0Y2FzZSBjbGFzc25hbWU9InRlc3RzLnRlc3RfZmlyc3RfY29ubmVjdG9yX2FjdGl2YXRpb25fcmVh
2026-09-10T08:15:36.1066382Z GO_EVIDENCE_B64 ZGluZXNzIiBuYW1lPSJ0ZXN0X2luY29tcGxldGVfY29ubmVjdG9yX2lzX2Jsb2NrZWRfd2l0aF9leHBsaWNpdF9yZWFzb25zIiB0aW1lPSIwLjIyMCIgLz48dGVzdGNhc2UgY2xhc3NuYW1lPSJ0ZXN0cy50ZXN0X2ZpcnN0X2Nvbm5lY3Rvcl9hY3RpdmF0aW9uX3JlYWRpbmVzcyIgbmFtZT0idGVzdF9jb21wbGV0ZV9yZWFkaW5lc3NfaXNfcmVhZHlfZm9yX2V4dGVybmFsX2FjdGl2YXRpb25fYnV0X25ldmVyX2xpdmUiIHRpbWU9IjAuMjY1IiAvPjx0ZXN0Y2FzZSBjbGFzc25hbWU9InRlc3RzLnRlc3RfZmlyc3RfZ29faG9zdGVk
2026-09-10T08:15:36.1072002Z GO_EVIDENCE_B64 X2RpcmVjdF9ib29raW5nX3BpbG90IiBuYW1lPSJ0ZXN0X2ZpcnN0X3BpbG90X3N1cHBsaWVyX2lzX2xvY2tlZCIgdGltZT0iMC4wODMiIC8+PHRlc3RjYXNlIGNsYXNzbmFtZT0idGVzdHMudGVzdF9maXJzdF9nb19ob3N0ZWRfZGlyZWN0X2Jvb2tpbmdfcGlsb3QiIG5hbWU9InRlc3RfcGFnZV9yZXF1aXJlc19hY3RpdmVfb2ZmZXJfYmVmb3JlX3B1Ymxpc2giIHRpbWU9IjAuMjIwIiAvPjx0ZXN0Y2FzZSBjbGFzc25hbWU9InRlc3RzLnRlc3RfZmlyc3RfZ29faG9zdGVkX2RpcmVjdF9ib29raW5nX3BpbG90IiBuYW1lPSJ0ZXN0
2026-09-10T08:15:36.1077629Z GO_EVIDENCE_B64 X3B1Ymxpc2hlZF9wYWdlX2Rpc2Nsb3Nlc19yZXNlcnZhdGlvbl9vbmx5X2FuZF9hbGlwYXlfcGVuZGluZyIgdGltZT0iMC4yMzgiIC8+PHRlc3RjYXNlIGNsYXNzbmFtZT0idGVzdHMudGVzdF9maXJzdF9nb19ob3N0ZWRfZGlyZWN0X2Jvb2tpbmdfcGlsb3QiIG5hbWU9InRlc3RfcmVzZXJ2YXRpb25faXNfaWRlbXBvdGVudF9hbmRfbmV2ZXJfYXR0ZW1wdHNfcGF5bWVudCIgdGltZT0iMC4yMzYiIC8+PHRlc3RjYXNlIGNsYXNzbmFtZT0idGVzdHMudGVzdF9maXJzdF9nb19ob3N0ZWRfZGlyZWN0X2Jvb2tpbmdfcGlsb3QiIG5h
2026-09-10T08:15:36.1085157Z GO_EVIDENCE_B64 bWU9InRlc3RfaG90ZWxfY29uZmlybWF0aW9uX2RvZXNfbm90X2NsYWltX3BheW1lbnRfc3VjY2VzcyIgdGltZT0iMC4yMjkiIC8+PHRlc3RjYXNlIGNsYXNzbmFtZT0idGVzdHMudGVzdF9maXJzdF9nb19ob3N0ZWRfZGlyZWN0X2Jvb2tpbmdfcGlsb3QiIG5hbWU9InRlc3RfcmVqZWN0aW9uX2FuZF9jYW5jZWxfcmVzdG9yZV9pbnZlbnRvcnlfd2l0aG91dF9yZWZ1bmQiIHRpbWU9IjAuMjgyIiAvPjx0ZXN0Y2FzZSBjbGFzc25hbWU9InRlc3RzLnRlc3RfZmlyc3RfZ29faG9zdGVkX2RpcmVjdF9ib29raW5nX3BpbG90IiBuYW1l
2026-09-10T08:15:36.1093451Z GO_EVIDENCE_B64 PSJ0ZXN0X3N0YXR1c190cnV0aGZ1bGx5X3JlcG9ydHNfbm9fcGF5bWVudF9hbmRfbm90X2xpdmUiIHRpbWU9IjAuNjUxIiAvPjx0ZXN0Y2FzZSBjbGFzc25hbWU9InRlc3RzLnRlc3RfZmxpZ2h0X2pvdXJuZXlfZGVwdGgiIG5hbWU9InRlc3Rfc2VhcmNoX3NlbGVjdGlvbl9wcmVib29rX2FuZF9vcmRlcl9wcmVzZXJ2ZV9lbnRpcmVfam91cm5leVtPTkVfV0FZLTFdIiB0aW1lPSIwLjYxMiIgLz48dGVzdGNhc2UgY2xhc3NuYW1lPSJ0ZXN0cy50ZXN0X2ZsaWdodF9qb3VybmV5X2RlcHRoIiBuYW1lPSJ0ZXN0X3NlYXJjaF9zZWxl
2026-09-10T08:15:36.1099084Z GO_EVIDENCE_B64 Y3Rpb25fcHJlYm9va19hbmRfb3JkZXJfcHJlc2VydmVfZW50aXJlX2pvdXJuZXlbUk9VTkRfVFJJUC0yXSIgdGltZT0iMC43MDgiIC8+PHRlc3RjYXNlIGNsYXNzbmFtZT0idGVzdHMudGVzdF9mbGlnaHRfam91cm5leV9kZXB0aCIgbmFtZT0idGVzdF9zZWFyY2hfc2VsZWN0aW9uX3ByZWJvb2tfYW5kX29yZGVyX3ByZXNlcnZlX2VudGlyZV9qb3VybmV5W01VTFRJX0NJVFktM10iIHRpbWU9IjAuODM2IiAvPjx0ZXN0Y2FzZSBjbGFzc25hbWU9InRlc3RzLnRlc3RfZmxpZ2h0X2pvdXJuZXlfZGVwdGgiIG5hbWU9InRlc3RfaW52
2026-09-10T08:15:36.1104547Z GO_EVIDENCE_B64 YWxpZF9qb3VybmV5X3JlamVjdGVkX3dpdGhvdXRfd3JpdGluZ19xdW90ZXNbc2FtZV9haXJwb3J0XSIgdGltZT0iMC4xNTgiIC8+PHRlc3RjYXNlIGNsYXNzbmFtZT0idGVzdHMudGVzdF9mbGlnaHRfam91cm5leV9kZXB0aCIgbmFtZT0idGVzdF9pbnZhbGlkX2pvdXJuZXlfcmVqZWN0ZWRfd2l0aG91dF93cml0aW5nX3F1b3Rlc1tyZXZlcnNlX2RhdGVdIiB0aW1lPSIwLjE1NSIgLz48dGVzdGNhc2UgY2xhc3NuYW1lPSJ0ZXN0cy50ZXN0X2ZsaWdodF9qb3VybmV5X2RlcHRoIiBuYW1lPSJ0ZXN0X2ludmFsaWRfam91cm5leV9y
2026-09-10T08:15:36.1110255Z GO_EVIDENCE_B64 ZWplY3RlZF93aXRob3V0X3dyaXRpbmdfcXVvdGVzW3NhbWVfZGF5XSIgdGltZT0iMC4xNTUiIC8+PHRlc3RjYXNlIGNsYXNzbmFtZT0idGVzdHMudGVzdF9mbGlnaHRfam91cm5leV9kZXB0aCIgbmFtZT0idGVzdF9pbnZhbGlkX2pvdXJuZXlfcmVqZWN0ZWRfd2l0aG91dF93cml0aW5nX3F1b3Rlc1t3cm9uZ19yZXR1cm5dIiB0aW1lPSIwLjE2MSIgLz48dGVzdGNhc2UgY2xhc3NuYW1lPSJ0ZXN0cy50ZXN0X2ZsaWdodF9qb3VybmV5X2RlcHRoIiBuYW1lPSJ0ZXN0X2ludmFsaWRfam91cm5leV9yZWplY3RlZF93aXRob3V0X3dy
2026-09-10T08:15:36.1115649Z GO_EVIDENCE_B64 aXRpbmdfcXVvdGVzW21pc3NpbmdfbGVnXSIgdGltZT0iMC4xNTciIC8+PHRlc3RjYXNlIGNsYXNzbmFtZT0idGVzdHMudGVzdF9mbGlnaHRfam91cm5leV9kZXB0aCIgbmFtZT0idGVzdF9pbnZhbGlkX2pvdXJuZXlfcmVqZWN0ZWRfd2l0aG91dF93cml0aW5nX3F1b3Rlc1t0b29fbWFueV0iIHRpbWU9IjAuMTU2IiAvPjx0ZXN0Y2FzZSBjbGFzc25hbWU9InRlc3RzLnRlc3RfZmxpZ2h0X2pvdXJuZXlfZGVwdGgiIG5hbWU9InRlc3RfaW52YWxpZF9qb3VybmV5X3JlamVjdGVkX3dpdGhvdXRfd3JpdGluZ19xdW90ZXNbcGFzdF0i
2026-09-10T08:15:36.1121223Z GO_EVIDENCE_B64 IHRpbWU9IjAuMTU1IiAvPjx0ZXN0Y2FzZSBjbGFzc25hbWU9InRlc3RzLnRlc3RfZmxpZ2h0X2pvdXJuZXlfZGVwdGgiIG5hbWU9InRlc3RfaW52YWxpZF9qb3VybmV5X3JlamVjdGVkX3dpdGhvdXRfd3JpdGluZ19xdW90ZXNbZXh0cmFfcHJpY2VdIiB0aW1lPSIwLjE1NCIgLz48dGVzdGNhc2UgY2xhc3NuYW1lPSJ0ZXN0cy50ZXN0X2ZsaWdodF9qb3VybmV5X2RlcHRoIiBuYW1lPSJ0ZXN0X2ludmFsaWRfam91cm5leV9yZWplY3RlZF93aXRob3V0X3dyaXRpbmdfcXVvdGVzW3Vua25vd25fa2luZF0iIHRpbWU9IjAuMTU3IiAv
2026-09-10T08:15:36.1126587Z GO_EVIDENCE_B64 Pjx0ZXN0Y2FzZSBjbGFzc25hbWU9InRlc3RzLnRlc3RfZmxpZ2h0X2pvdXJuZXlfZGVwdGgiIG5hbWU9InRlc3Rfb3Blbl9qYXdfYW5kX3NpeF9sZWdfc2VhcmNoX3N1cHBvcnRlZCIgdGltZT0iMC40MDYiIC8+PHRlc3RjYXNlIGNsYXNzbmFtZT0idGVzdHMudGVzdF9mbGlnaHRfam91cm5leV9kZXB0aCIgbmFtZT0idGVzdF9jb21wb3NlX3JlamVjdHNfdW51c2FibGVfb3JfbWlzbWF0Y2hlZF9xdW90ZXNbZHVwbGljYXRlXSIgdGltZT0iMC4yNzgiIC8+PHRlc3RjYXNlIGNsYXNzbmFtZT0idGVzdHMudGVzdF9mbGlnaHRfam91
2026-09-10T08:15:36.1132096Z GO_EVIDENCE_B64 cm5leV9kZXB0aCIgbmFtZT0idGVzdF9jb21wb3NlX3JlamVjdHNfdW51c2FibGVfb3JfbWlzbWF0Y2hlZF9xdW90ZXNbZXhwaXJlZF0iIHRpbWU9IjEuMDExIiAvPjx0ZXN0Y2FzZSBjbGFzc25hbWU9InRlc3RzLnRlc3RfZmxpZ2h0X2pvdXJuZXlfZGVwdGgiIG5hbWU9InRlc3RfY29tcG9zZV9yZWplY3RzX3VudXNhYmxlX29yX21pc21hdGNoZWRfcXVvdGVzW2N1cnJlbmN5XSIgdGltZT0iMC4yNzEiIC8+PHRlc3RjYXNlIGNsYXNzbmFtZT0idGVzdHMudGVzdF9mbGlnaHRfam91cm5leV9kZXB0aCIgbmFtZT0idGVzdF9jb21w
2026-09-10T08:15:36.1137990Z GO_EVIDENCE_B64 b3NlX3JlamVjdHNfdW51c2FibGVfb3JfbWlzbWF0Y2hlZF9xdW90ZXNbbWlzc2luZ10iIHRpbWU9IjAuMzA2IiAvPjx0ZXN0Y2FzZSBjbGFzc25hbWU9InRlc3RzLnRlc3RfZmxpZ2h0X2pvdXJuZXlfZGVwdGgiIG5hbWU9InRlc3RfY29tcG9zZV9yZWplY3RzX3VudXNhYmxlX29yX21pc21hdGNoZWRfcXVvdGVzW25lc3RlZF0iIHRpbWU9IjAuNTM0IiAvPjx0ZXN0Y2FzZSBjbGFzc25hbWU9InRlc3RzLnRlc3RfZmxpZ2h0X2pvdXJuZXlfZGVwdGgiIG5hbWU9InRlc3RfY29tcG9zZV9yZWplY3RzX3VudXNhYmxlX29yX21pc21h
2026-09-10T08:15:36.1143397Z GO_EVIDENCE_B64 dGNoZWRfcXVvdGVzW3JvdXRlXSIgdGltZT0iMC4yODIiIC8+PHRlc3RjYXNlIGNsYXNzbmFtZT0idGVzdHMudGVzdF9mbGlnaHRfam91cm5leV9kZXB0aCIgbmFtZT0idGVzdF9ub19zaWxlbnRfcmV0dXJuX2ZpZWxkc19vbl9sZWdhY3lfc2luZ2xlX2xlZ19zZWFyY2giIHRpbWU9IjAuMTQ5IiAvPjx0ZXN0Y2FzZSBjbGFzc25hbWU9InRlc3RzLnRlc3RfZmxpZ2h0X2pvdXJuZXlfZGVwdGgiIG5hbWU9InRlc3Rfcm91bmRfdHJpcF9yZWZ1bmRfdXNlc19zZWxlY3RlZF9sZWdfcnVsZXMiIHRpbWU9IjEuODc3IiAvPjx0ZXN0Y2Fz
2026-09-10T08:15:36.1148894Z GO_EVIDENCE_B64 ZSBjbGFzc25hbWU9InRlc3RzLnRlc3RfZmxpZ2h0X2pvdXJuZXlfZGVwdGgiIG5hbWU9InRlc3Rfbm9ucmVmdW5kYWJsZV9sZWdfY2Fubm90X2JlX3JlZnVuZGVkX2FuZF9tdWx0aV9jaGFuZ2VfaXNfbm90X3NpbGVudGx5X2ZpcnN0X2xlZyIgdGltZT0iMC44OTMiIC8+PHRlc3RjYXNlIGNsYXNzbmFtZT0idGVzdHMudGVzdF9mbGlnaHRfam91cm5leV9kZXB0aCIgbmFtZT0idGVzdF93cm9uZ19wYXNzZW5nZXJfY291bnRfcmVqZWN0ZWRfYmVmb3JlX29yZGVyX2NyZWF0aW9uIiB0aW1lPSIwLjg0NiIgLz48dGVzdGNhc2UgY2xh
2026-09-10T08:15:36.1154259Z GO_EVIDENCE_B64 c3NuYW1lPSJ0ZXN0cy50ZXN0X2ZsaWdodF9qb3VybmV5X2RlcHRoIiBuYW1lPSJ0ZXN0X25ld19qb3VybmV5X3BhdGhzX2RvX25vdF9lbmFibGVfcHJvZHVjdGlvbl9maXh0dXJlcyIgdGltZT0iMC4xNTAiIC8+PHRlc3RjYXNlIGNsYXNzbmFtZT0idGVzdHMudGVzdF9mbGlnaHRfam91cm5leV9kZXB0aCIgbmFtZT0idGVzdF9wcmVib29rX2Nhbm5vdF9vdXRsaXZlX3Nob3J0ZXN0X3NlbGVjdGVkX3F1b3RlIiB0aW1lPSIwLjI5NiIgLz48dGVzdGNhc2UgY2xhc3NuYW1lPSJ0ZXN0cy50ZXN0X2dvX2FpX211bHRpbW9kZWwiIG5h
2026-09-10T08:15:36.1159678Z GO_EVIDENCE_B64 bWU9InRlc3RfZ29fYWlfcm91dGVzX2FuZF9wZXJzaXN0c19oYXNoX29ubHkiIHRpbWU9IjAuMzEyIiAvPjx0ZXN0Y2FzZSBjbGFzc25hbWU9InRlc3RzLnRlc3RfZ29fYWlfbXVsdGltb2RlbCIgbmFtZT0idGVzdF9nb19haV9mYWxsc19iYWNrX3dpdGhvdXRfY2hhbmdpbmdfcHJvZHVjdF9pZGVudGl0eSIgdGltZT0iMC4yNTQiIC8+PHRlc3RjYXNlIGNsYXNzbmFtZT0idGVzdHMudGVzdF9nb19haV9tdWx0aW1vZGVsIiBuYW1lPSJ0ZXN0X2NuX3JlcXVlc3RfZG9lc19ub3Rfc2lsZW50bHlfcm91dGVfdG9fZ2xvYmFsX29ubHlf
2026-09-10T08:15:36.1165034Z GO_EVIDENCE_B64 cHJvdmlkZXIiIHRpbWU9IjAuODUzIiAvPjx0ZXN0Y2FzZSBjbGFzc25hbWU9InRlc3RzLnRlc3RfZ29fYWlfbXVsdGltb2RlbCIgbmFtZT0idGVzdF9sbG1fY2Fubm90X3Rha2VfdHJhbnNhY3Rpb25fb3JfZ29fanVkZ21lbnRfYXV0aG9yaXR5IiB0aW1lPSIwLjA5MyIgLz48dGVzdGNhc2UgY2xhc3NuYW1lPSJ0ZXN0cy50ZXN0X2dvX2FpX211bHRpbW9kZWwiIG5hbWU9InRlc3RfaG90ZWxfcmVjb21tZW5kYXRpb25faXNfZ29fanVkZ21lbnRfbm90X2V4dGVybmFsX21vZGVsIiB0aW1lPSIwLjA5MiIgLz48dGVzdGNhc2UgY2xh
2026-09-10T08:15:36.1170404Z GO_EVIDENCE_B64 c3NuYW1lPSJ0ZXN0cy50ZXN0X2dvX2FpX211bHRpbW9kZWwiIG5hbWU9InRlc3RfZ29fYWlfY29tcGxleGl0eV9jbGFzc2lmaWVyX3Byb21vdGVzX2NvbXBsZXhfdHJpcF90b19tdWx0aV9hZ2VudCIgdGltZT0iMC4wMDEiIC8+PHRlc3RjYXNlIGNsYXNzbmFtZT0idGVzdHMudGVzdF9nb19haV9tdWx0aW1vZGVsIiBuYW1lPSJ0ZXN0X2dvX2FpX29yY2hlc3RyYXRpb25fdXNlc19wYXJhbGxlbF90YXNrc19zeW50aGVzaXNfYW5kX2hpZGVzX21vZGVscyIgdGltZT0iMS4zNTciIC8+PHRlc3RjYXNlIGNsYXNzbmFtZT0idGVzdHMu
2026-09-10T08:15:36.1175651Z GO_EVIDENCE_B64 dGVzdF9nb19haV9tdWx0aW1vZGVsIiBuYW1lPSJ0ZXN0X2dvX2FpX2hpZ2hfYXNzdXJhbmNlX25ldmVyX2dyYW50c190cmFuc2FjdGlvbl9leGVjdXRpb25fYXV0aG9yaXR5IiB0aW1lPSIwLjQzOSIgLz48dGVzdGNhc2UgY2xhc3NuYW1lPSJ0ZXN0cy50ZXN0X2dvbGRlbl9wYXRoIiBuYW1lPSJ0ZXN0X3NlYXJjaF9wcmVib29rX3BheV9ib29rX2NvbmZpcm0iIHRpbWU9IjAuNTA5IiAvPjx0ZXN0Y2FzZSBjbGFzc25hbWU9InRlc3RzLnRlc3RfaG9zdGVkX2NvbnRlbnRfb3BlcmF0aW9uc19hY2NlcHRhbmNlIiBuYW1lPSJ0ZXN0
2026-09-10T08:15:36.1180985Z GO_EVIDENCE_B64 X3NuYXBzaG90X3ByZXNlcnZlc19wZW5kaW5nX3NvdXJjZV9hbmRfaXNfdmVyc2lvbmVkIiB0aW1lPSIwLjM4MSIgLz48dGVzdGNhc2UgY2xhc3NuYW1lPSJ0ZXN0cy50ZXN0X2hvc3RlZF9jb250ZW50X29wZXJhdGlvbnNfYWNjZXB0YW5jZSIgbmFtZT0idGVzdF9vbmx5X2hvdGVsX2F1dGhvcml6ZWRfb3BlcmF0b3JfY2FuX2FwcHJvdmVfd2l0aF9ldmlkZW5jZSIgdGltZT0iMC41NjAiIC8+PHRlc3RjYXNlIGNsYXNzbmFtZT0idGVzdHMudGVzdF9ob3N0ZWRfY29udGVudF9vcGVyYXRpb25zX2FjY2VwdGFuY2UiIG5hbWU9InRl
2026-09-10T08:15:36.1186540Z GO_EVIDENCE_B64 c3Rfbm9uX2hvdGVsX293bmVkX21lZGlhX2lzX3JlamVjdGVkIiB0aW1lPSIwLjIyNiIgLz48dGVzdGNhc2UgY2xhc3NuYW1lPSJ0ZXN0cy50ZXN0X2hvc3RlZF9jb250ZW50X29wZXJhdGlvbnNfYWNjZXB0YW5jZSIgbmFtZT0idGVzdF9hY3R1YWxfZ2F0ZV9yZW1haW5zX2Jsb2NrZWRfd2l0aG91dF9vd25lZF9tZWRpYSIgdGltZT0iMC4yNDIiIC8+PHRlc3RjYXNlIGNsYXNzbmFtZT0idGVzdHMudGVzdF9ob3N0ZWRfY29udGVudF9vcGVyYXRpb25zX2FjY2VwdGFuY2UiIG5hbWU9InRlc3RfZ2F0ZV9jb250cmFjdF9vcGVuc19v
2026-09-10T08:15:36.1191885Z GO_EVIDENCE_B64 bmx5X2FmdGVyX2NvbXBsZXRlX3JpZ2h0c192ZXJpZmllZF90ZXN0X2ZpeHR1cmUiIHRpbWU9IjAuMjQ3IiAvPjx0ZXN0Y2FzZSBjbGFzc25hbWU9InRlc3RzLnRlc3RfaG9zdGVkX2RpcmVjdF9pbnZlbnRvcnlfbWF0cml4IiBuYW1lPSJ0ZXN0X3JlYWxfY29uZmlndXJhdGlvbl9oYXNfZml2ZV9pbmRlcGVuZGVudF9wb29sc19hbmRfbmluZV92YXJpYW50cyIgdGltZT0iMC41MTIiIC8+PHRlc3RjYXNlIGNsYXNzbmFtZT0idGVzdHMudGVzdF9ob3N0ZWRfZGlyZWN0X2ludmVudG9yeV9tYXRyaXgiIG5hbWU9InRlc3RfcHVibGlj
2026-09-10T08:15:36.1197140Z GO_EVIDENCE_B64 X2ZhY3RzX2FyZV9zdHJ1Y3R1cmVkX2FuZF9jb25maWd1cmF0aW9uX2lzX2lkZW1wb3RlbnQiIHRpbWU9IjAuMjIzIiAvPjx0ZXN0Y2FzZSBjbGFzc25hbWU9InRlc3RzLnRlc3RfaG9zdGVkX2RpcmVjdF9pbnZlbnRvcnlfbWF0cml4IiBuYW1lPSJ0ZXN0X2JyZWFrZmFzdF92YXJpYW50c19zaGFyZV9hdG9taWNfcGh5c2ljYWxfaW52ZW50b3J5X2FuZF9yZXN0b3JlIiB0aW1lPSIwLjI1MCIgLz48dGVzdGNhc2UgY2xhc3NuYW1lPSJ0ZXN0cy50ZXN0X2hvc3RlZF9kaXJlY3RfcmVzZXJ2YXRpb25fb3BlcmF0aW9ucyIgbmFtZT0i
2026-09-10T08:15:36.1202540Z GO_EVIDENCE_B64 dGVzdF9kYXRlZF9jYWxlbmRhcl9ib290c3RyYXBfaXNfaWRlbXBvdGVudF9hbmRfc2hhcmVkX2J5X3JhdGVfdmFyaWFudHMiIHRpbWU9IjAuMzU3IiAvPjx0ZXN0Y2FzZSBjbGFzc25hbWU9InRlc3RzLnRlc3RfaG9zdGVkX2RpcmVjdF9yZXNlcnZhdGlvbl9vcGVyYXRpb25zIiBuYW1lPSJ0ZXN0X2Nsb3NlX3N0b3Bfc2VsbF9hbmRfcmVvcGVuX2FyZV9lbmZvcmNlZCIgdGltZT0iMC4zNjQiIC8+PHRlc3RjYXNlIGNsYXNzbmFtZT0idGVzdHMudGVzdF9ob3N0ZWRfZGlyZWN0X3Jlc2VydmF0aW9uX29wZXJhdGlvbnMiIG5hbWU9
2026-09-10T08:15:36.1207967Z GO_EVIDENCE_B64 InRlc3Rfc3RheV9hZHZhbmNlX29jY3VwYW5jeV9jaGlsZHJlbl9hbmRfZXh0cmFfYmVkX3J1bGVzX2FyZV9lbmZvcmNlZCIgdGltZT0iMC4zMjYiIC8+PHRlc3RjYXNlIGNsYXNzbmFtZT0idGVzdHMudGVzdF9ob3N0ZWRfZGlyZWN0X3Jlc2VydmF0aW9uX29wZXJhdGlvbnMiIG5hbWU9InRlc3RfYXRvbWljX2RhaWx5X2ludmVudG9yeV9wcmV2ZW50c19vdmVyc2VsbF9hbmRfcHJpY2VzX2VhY2hfbmlnaHQiIHRpbWU9IjAuMzQzIiAvPjx0ZXN0Y2FzZSBjbGFzc25hbWU9InRlc3RzLnRlc3RfaG9zdGVkX2RpcmVjdF9yZXNlcnZh
2026-09-10T08:15:36.1213271Z GO_EVIDENCE_B64 dGlvbl9vcGVyYXRpb25zIiBuYW1lPSJ0ZXN0X2dvX3BhZ2VfYW5kX3Bob25lX29yZGVyc19zaGFyZV9pbmJveF9ub3RpZmljYXRpb25zX2FuZF9hdWRpdF9jaGFpbiIgdGltZT0iMC4zNTMiIC8+PHRlc3RjYXNlIGNsYXNzbmFtZT0idGVzdHMudGVzdF9ob3N0ZWRfZGlyZWN0X3Jlc2VydmF0aW9uX29wZXJhdGlvbnMiIG5hbWU9InRlc3RfdGltZW91dF9yZWxlYXNlc19ldmVyeV9uaWdodF93aXRob3V0X3BheW1lbnRfb3JfcmVmdW5kIiB0aW1lPSIwLjM1NSIgLz48dGVzdGNhc2UgY2xhc3NuYW1lPSJ0ZXN0cy50ZXN0X2hvc3Rl
2026-09-10T08:15:36.1218767Z GO_EVIDENCE_B64 ZF9kaXJlY3RfcmVzZXJ2YXRpb25fb3BlcmF0aW9ucyIgbmFtZT0idGVzdF9jb25maXJtX2NhbmNlbF9hbmRfYXRvbWljX3Jlc2NoZWR1bGVfa2VlcF9ub19wYXltZW50X3RydXRoIiB0aW1lPSIwLjY0MCIgLz48dGVzdGNhc2UgY2xhc3NuYW1lPSJ0ZXN0cy50ZXN0X2hvdGVsX3BhcnRuZXJfc2VsZl9vcGVyYXRpbmdfY29yZSIgbmFtZT0idGVzdF9wcm9wZXJ0eV9sb3dfcmlza19zZWxmX3NlcnZpY2VfYW5kX2hpZ2hfcmlza19jaGFuZ2VfcmVxdWVzdCIgdGltZT0iMjEuOTkzIiAvPjx0ZXN0Y2FzZSBjbGFzc25hbWU9InRlc3Rz
2026-09-10T08:15:36.1224100Z GO_EVIDENCE_B64 LnRlc3RfaG90ZWxfcGFydG5lcl9zZWxmX29wZXJhdGluZ19jb3JlIiBuYW1lPSJ0ZXN0X3Jvb21fcHJvZHVjdF9ncmFwaF9wcmVzZXJ2ZXNfZGlzdGluY3RfbGF5ZXJzX2FuZF9vY2N1cGFuY3lfcnVsZXMiIHRpbWU9IjEwLjUzNCIgLz48dGVzdGNhc2UgY2xhc3NuYW1lPSJ0ZXN0cy50ZXN0X2hvdGVsX3BhcnRuZXJfc2VsZl9vcGVyYXRpbmdfY29yZSIgbmFtZT0idGVzdF9mYWNpbGl0eV91bmtub3duX2lzX25vdF9ub19hbmRfcG9saWN5X2lzX21hY2hpbmVfcmVhZGFibGUiIHRpbWU9IjE2LjE2MyIgLz48dGVzdGNhc2UgY2xh
2026-09-10T08:15:36.1229516Z GO_EVIDENCE_B64 c3NuYW1lPSJ0ZXN0cy50ZXN0X2hvdGVsX3BhcnRuZXJfc2VsZl9vcGVyYXRpbmdfY29yZSIgbmFtZT0idGVzdF9hcmlfc2VwYXJhdGVzX3NlbGxfc3RhdHVzX2ludmVudG9yeV9hbmRfcHJpY2Vfd2l0aF9kYXRlX292ZXJyaWRlIiB0aW1lPSIxMi41NjYiIC8+PHRlc3RjYXNlIGNsYXNzbmFtZT0idGVzdHMudGVzdF9ob3RlbF9wYXJ0bmVyX3NlbGZfb3BlcmF0aW5nX2NvcmUiIG5hbWU9InRlc3RfZnJlZV9zYWxlX2Nhbm5vdF9jYXJyeV9mYWtlX3Jvb21fY291bnQiIHRpbWU9IjEwLjg0MCIgLz48dGVzdGNhc2UgY2xhc3NuYW1l
2026-09-10T08:15:36.1235144Z GO_EVIDENCE_B64 PSJ0ZXN0cy50ZXN0X2hvdGVsX3BhcnRuZXJfc2VsZl9vcGVyYXRpbmdfY29yZSIgbmFtZT0idGVzdF9vcGVyYXRpb25hbF9pbmJveF9oYXNfcHJpb3JpdHlfc2xhX293bmVyX3N0YXRlX2FuZF9ldmlkZW5jZSIgdGltZT0iOS42MzAiIC8+PHRlc3RjYXNlIGNsYXNzbmFtZT0idGVzdHMudGVzdF9ob3RlbF9wYXJ0bmVyX3NlbGZfb3BlcmF0aW5nX2NvcmUiIG5hbWU9InRlc3RfZ29fb2ZmZXJfc3lzdGVtX2dlbmVyYXRpb25fcmVxdWlyZXNfaXNvbGF0ZWRfYXV0aG9yaXplZF9zdXBwbHkiIHRpbWU9IjEyLjYxMCIgLz48dGVzdGNh
2026-09-10T08:15:36.1240498Z GO_EVIDENCE_B64 c2UgY2xhc3NuYW1lPSJ0ZXN0cy50ZXN0X2hvdGVsX3BhcnRuZXJfc2VsZl9vcGVyYXRpbmdfY29yZSIgbmFtZT0idGVzdF9nb19vZmZlcl9hbmRfY29tbWVyY2lhbF92YWx1ZV9uZXZlcl9idXlfcmVjb21tZW5kYXRpb24iIHRpbWU9IjEyLjMxMCIgLz48dGVzdGNhc2UgY2xhc3NuYW1lPSJ0ZXN0cy50ZXN0X21hc3RlcjAzX2Nsb3N1cmUiIG5hbWU9InRlc3RfZXhwb3J0X2lzX2V4cGxpY2l0X293bmVyX3Njb3BlZF9hbmRfY29tcGFuaW9uX3Blcm1pc3Npb25fYm91bmQiIHRpbWU9IjAuNDg5IiAvPjx0ZXN0Y2FzZSBjbGFzc25h
2026-09-10T08:15:36.1245839Z GO_EVIDENCE_B64 bWU9InRlc3RzLnRlc3RfbWFzdGVyMDNfY2xvc3VyZSIgbmFtZT0idGVzdF90cmF2ZWxlcl9kZWxldGVfZXJhc2VzX3JldXNhYmxlX3NlbnNpdGl2ZV9kYXRhX2FuZF9yZXZva2VzX2NvbnNlbnQiIHRpbWU9IjAuMjYzIiAvPjx0ZXN0Y2FzZSBjbGFzc25hbWU9InRlc3RzLnRlc3RfbWFzdGVyMDNfY2xvc3VyZSIgbmFtZT0idGVzdF9zYW1lX25hbWVfZG9lc19ub3RfbWVyZ2VfZGlzdGluY3RfcGVvcGxlIiB0aW1lPSIwLjMyMyIgLz48dGVzdGNhc2UgY2xhc3NuYW1lPSJ0ZXN0cy50ZXN0X21hc3RlcjAzX2Nsb3N1cmUiIG5hbWU9
2026-09-10T08:15:36.1251314Z GO_EVIDENCE_B64 InRlc3RfdW51c2FibGVfc2Vuc2l0aXZlX2ZhY3RfaXNfbmV2ZXJfcmVsZWFzZWRbcGFzdF0iIHRpbWU9IjEuMjMzIiAvPjx0ZXN0Y2FzZSBjbGFzc25hbWU9InRlc3RzLnRlc3RfbWFzdGVyMDNfY2xvc3VyZSIgbmFtZT0idGVzdF91bnVzYWJsZV9zZW5zaXRpdmVfZmFjdF9pc19uZXZlcl9yZWxlYXNlZFtmdXR1cmVdIiB0aW1lPSIwLjgxOSIgLz48dGVzdGNhc2UgY2xhc3NuYW1lPSJ0ZXN0cy50ZXN0X21hc3RlcjAzX2Nsb3N1cmUiIG5hbWU9InRlc3RfdW51c2FibGVfc2Vuc2l0aXZlX2ZhY3RfaXNfbmV2ZXJfcmVsZWFzZWRb
2026-09-10T08:15:36.1256670Z GO_EVIDENCE_B64 bWFsZm9ybWVkXSIgdGltZT0iMC4yOTIiIC8+PHRlc3RjYXNlIGNsYXNzbmFtZT0idGVzdHMudGVzdF9tYXN0ZXIwM19jbG9zdXJlIiBuYW1lPSJ0ZXN0X2F1dG9ub215X3dpdGhvdXRfcXVhbGlmaWNhdGlvbl9yZWdpc3RyeV9pc19kZW5pZWQiIHRpbWU9IjAuMDg1IiAvPjx0ZXN0Y2FzZSBjbGFzc25hbWU9InRlc3RzLnRlc3RfbWFzdGVyMDNfY2xvc3VyZSIgbmFtZT0idGVzdF9hbGxfc2l4X2V4cGxpY2l0X2NoZWNrb3V0c19iaW5kX2Ftb3VudF9hbmRfY2FwdHVyZV9vbmNlIiB0aW1lPSIzLjkyMCIgLz48dGVzdGNhc2UgY2xh
2026-09-10T08:15:36.1262081Z GO_EVIDENCE_B64 c3NuYW1lPSJ0ZXN0cy50ZXN0X21hc3Rlcl92NjFfYWlfaW5mcmFzdHJ1Y3R1cmUiIG5hbWU9InRlc3RfdjYxX21hc3Rlcl9pZGVudGl0eSIgdGltZT0iMC4wMDEiIC8+PHRlc3RjYXNlIGNsYXNzbmFtZT0idGVzdHMudGVzdF9tb3RoZXJfcGxhbl9wMF9wcm9kdWN0X3BhdGNoIiBuYW1lPSJ0ZXN0X2NoZWNraW5fZm91cl9zdGF0ZXNfcmVxdWlyZV9hdXRob3JpemVkX2ZhY3RfYW5kX2JvYXJkaW5nX3Bhc3MiIHRpbWU9IjAuODQxIiAvPjx0ZXN0Y2FzZSBjbGFzc25hbWU9InRlc3RzLnRlc3RfbW90aGVyX3BsYW5fcDBfcHJvZHVj
2026-09-10T08:15:36.1267405Z GO_EVIDENCE_B64 dF9wYXRjaCIgbmFtZT0idGVzdF92ZXJpZmllZF9mbGlnaHRfZXZlbnRfYWRqdXN0c19nb19waWNrdXBfd2l0aF9ib3VuZGVkX2ZyZWVfd2FpdF9hbmRfbm9fZmFrZV9mbGVldF9jb25maXJtYXRpb24iIHRpbWU9IjAuNTg3IiAvPjx0ZXN0Y2FzZSBjbGFzc25hbWU9InRlc3RzLnRlc3RfbW90aGVyX3BsYW5fcDBfcHJvZHVjdF9wYXRjaCIgbmFtZT0idGVzdF9yZXF1aXJlbWVudF9idWlsZGVyX2ZvcmJpZHNfc2Vjb25kX3BhZ2VfbWljcm9waG9uZV9hbmRfa2VlcHNfdHlwZXNfaW5kZXBlbmRlbnRfb2ZfcXVvdGVfbW9kZSIgdGlt
2026-09-10T08:15:36.1272881Z GO_EVIDENCE_B64 ZT0iMC4yNDUiIC8+PHRlc3RjYXNlIGNsYXNzbmFtZT0idGVzdHMudGVzdF9tb3RoZXJfcGxhbl9wMF9wcm9kdWN0X3BhdGNoIiBuYW1lPSJ0ZXN0X3N5c3RlbV9xdW90ZV91c2VzX29ubHlfZGVkaWNhdGVkX2F1dGhvcml0eV9hbmRfc2VsZWN0aW9uX3JlcXVpcmVzX3JldmFsaWRhdGlvbiIgdGltZT0iMC4zODMiIC8+PHRlc3RjYXNlIGNsYXNzbmFtZT0idGVzdHMudGVzdF9tb3RoZXJfcGxhbl9wMF9wcm9kdWN0X3BhdGNoIiBuYW1lPSJ0ZXN0X21hbnVhbF9xdW90ZV9yZXF1aXJlc19zdXBwbGllcl9yZXZhbGlkYXRpb25fYmVm
2026-09-10T08:15:36.1278358Z GO_EVIDENCE_B64 b3JlX29yZGVyX2hhbmRvZmYiIHRpbWU9IjAuMjY5IiAvPjx0ZXN0Y2FzZSBjbGFzc25hbWU9InRlc3RzLnRlc3RfbmFtZWRfc3VwcGxpZXJfZXh0ZXJuYWxfc2FuZGJveF9leGVjdXRpb24iIG5hbWU9InRlc3RfbmFtZWRfc3VwcGxpZXJfbXVzdF9tYXRjaF9hcHByb3ZlZF9pbnRha2UiIHRpbWU9IjAuMjQ1IiAvPjx0ZXN0Y2FzZSBjbGFzc25hbWU9InRlc3RzLnRlc3RfbmFtZWRfc3VwcGxpZXJfZXh0ZXJuYWxfc2FuZGJveF9leGVjdXRpb24iIG5hbWU9InRlc3RfcmVxdWlyZWRfY2FwYWJpbGl0eV9tYW5pZmVzdF9pc19lbmZv
2026-09-10T08:15:36.1284056Z GO_EVIDENCE_B64 cmNlZCIgdGltZT0iMC4yMjUiIC8+PHRlc3RjYXNlIGNsYXNzbmFtZT0idGVzdHMudGVzdF9uYW1lZF9zdXBwbGllcl9leHRlcm5hbF9zYW5kYm94X2V4ZWN1dGlvbiIgbmFtZT0idGVzdF90ZW1wbGF0ZV9vbmx5X2JpbmRpbmdzX2Nhbm5vdF9yZXF1ZXN0X2V4ZWN1dGlvbl9hcHByb3ZhbCIgdGltZT0iMC4yNTciIC8+PHRlc3RjYXNlIGNsYXNzbmFtZT0idGVzdHMudGVzdF9uYW1lZF9zdXBwbGllcl9leHRlcm5hbF9zYW5kYm94X2V4ZWN1dGlvbiIgbmFtZT0idGVzdF9hdXRob3JpemF0aW9uX3JlcXVpcmVzX21ha2VyX2NoZWNr
2026-09-10T08:15:36.1289652Z GO_EVIDENCE_B64 ZXJfc2VwYXJhdGlvbiIgdGltZT0iMC4yNTUiIC8+PHRlc3RjYXNlIGNsYXNzbmFtZT0idGVzdHMudGVzdF9uYW1lZF9zdXBwbGllcl9leHRlcm5hbF9zYW5kYm94X2V4ZWN1dGlvbiIgbmFtZT0idGVzdF9hcHByb3ZlZF9leGVjdXRpb25faXNfc3RpbGxfYmxvY2tlZF93aXRob3V0X3JlYWxfZXhlY3V0b3IiIHRpbWU9IjAuMjM5IiAvPjx0ZXN0Y2FzZSBjbGFzc25hbWU9InRlc3RzLnRlc3RfbmFtZWRfc3VwcGxpZXJfZXh0ZXJuYWxfc2FuZGJveF9leGVjdXRpb24iIG5hbWU9InRlc3RfYmxvY2tlZF9hdHRlbXB0X2Nhbm5vdF9j
2026-09-10T08:15:36.1295109Z GO_EVIDENCE_B64 cmVhdGVfZmFrZV90cmFuc3BvcnRfZXZpZGVuY2UiIHRpbWU9IjAuMjUxIiAvPjx0ZXN0Y2FzZSBjbGFzc25hbWU9InRlc3RzLnRlc3RfbmFtZWRfc3VwcGxpZXJfZXh0ZXJuYWxfc2FuZGJveF9leGVjdXRpb24iIG5hbWU9InRlc3RfZGVjaXNpb25fbmV2ZXJfY2xhaW1zX2V4dGVybmFsX3ZlcmlmaWNhdGlvbl93aXRob3V0X3RyYW5zcG9ydCIgdGltZT0iMC4yNDYiIC8+PHRlc3RjYXNlIGNsYXNzbmFtZT0idGVzdHMudGVzdF9vbW5pY2hhbm5lbF9wYXltZW50X2ZpbmFuY2Vfb3MiIG5hbWU9InRlc3RfZ2xvYmFsX2lkZW1wb3Rl
2026-09-10T08:15:36.1300690Z GO_EVIDENCE_B64 bmN5X2FuZF9jaGFubmVsX3NlbGVjdGlvbiIgdGltZT0iOC4xOTUiIC8+PHRlc3RjYXNlIGNsYXNzbmFtZT0idGVzdHMudGVzdF9vbW5pY2hhbm5lbF9wYXltZW50X2ZpbmFuY2Vfb3MiIG5hbWU9InRlc3RfdGltZW91dF9ibG9ja3NfcmVzZW5kX2FuZF9jaGFubmVsX2ZhbGxiYWNrIiB0aW1lPSIxMi4wMTgiIC8+PHRlc3RjYXNlIGNsYXNzbmFtZT0idGVzdHMudGVzdF9vbW5pY2hhbm5lbF9wYXltZW50X2ZpbmFuY2Vfb3MiIG5hbWU9InRlc3RfZXhwbGljaXRfZmFpbHVyZV9hbGxvd3NfY29uc2VudGVkX3N3aXRjaF93aXRob3V0
2026-09-10T08:15:36.1306047Z GO_EVIDENCE_B64 X3NpbGVudF9mYWxsYmFjayIgdGltZT0iOC42OTQiIC8+PHRlc3RjYXNlIGNsYXNzbmFtZT0idGVzdHMudGVzdF9vbW5pY2hhbm5lbF9wYXltZW50X2ZpbmFuY2Vfb3MiIG5hbWU9InRlc3Rfbm9uX29yZGVyX29ibGlnYXRpb25fY2Fubm90X2NsYWltX29yZGVyX3JlY29uY2lsaWF0aW9uIiB0aW1lPSI5LjE0NSIgLz48dGVzdGNhc2UgY2xhc3NuYW1lPSJ0ZXN0cy50ZXN0X29tbmljaGFubmVsX3BheW1lbnRfZmluYW5jZV9vcyIgbmFtZT0idGVzdF9wbGFpbl9jcmVkZW50aWFsc19hbmRfcmVhbF9leGVjdXRvcl9hcmVfYmxvY2tl
2026-09-10T08:15:36.1311475Z GO_EVIDENCE_B64 ZCIgdGltZT0iMTIuNzYxIiAvPjx0ZXN0Y2FzZSBjbGFzc25hbWU9InRlc3RzLnRlc3Rfb21uaWNoYW5uZWxfcGF5bWVudF9maW5hbmNlX29zIiBuYW1lPSJ0ZXN0X3NpZ25lZF93ZWJob29rX2NvbnZlcmdlc19vbmNlX2FuZF9yZXBsYXlfaXNfaWRlbXBvdGVudCIgdGltZT0iMTAuOTQxIiAvPjx0ZXN0Y2FzZSBjbGFzc25hbWU9InRlc3RzLnRlc3RfcDBfZmluYWxfdmlydHVhbF9jbG9zdXJlX3N0cmVzcyIgbmFtZT0idGVzdF9zdHJlc3Nfc3VjY2Vzc2Z1bF9vcmRlcl9mb3Jtc19jbG9zZWRfbG9vcFtyb3VuZC0xXSIgdGltZT0i
2026-09-10T08:15:36.1316788Z GO_EVIDENCE_B64 OS4xMTUiIC8+PHRlc3RjYXNlIGNsYXNzbmFtZT0idGVzdHMudGVzdF9wMF9maW5hbF92aXJ0dWFsX2Nsb3N1cmVfc3RyZXNzIiBuYW1lPSJ0ZXN0X3N0cmVzc19zdWNjZXNzZnVsX29yZGVyX2Zvcm1zX2Nsb3NlZF9sb29wW3JvdW5kLTJdIiB0aW1lPSIwLjAzOSIgLz48dGVzdGNhc2UgY2xhc3NuYW1lPSJ0ZXN0cy50ZXN0X3AwX2ZpbmFsX3ZpcnR1YWxfY2xvc3VyZV9zdHJlc3MiIG5hbWU9InRlc3Rfc3RyZXNzX3N1Y2Nlc3NmdWxfb3JkZXJfZm9ybXNfY2xvc2VkX2xvb3Bbcm91bmQtM10iIHRpbWU9IjAuMDM4IiAvPjx0ZXN0
2026-09-10T08:15:36.1322306Z GO_EVIDENCE_B64 Y2FzZSBjbGFzc25hbWU9InRlc3RzLnRlc3RfcDBfZmluYWxfdmlydHVhbF9jbG9zdXJlX3N0cmVzcyIgbmFtZT0idGVzdF9zdHJlc3Nfc3VjY2Vzc2Z1bF9vcmRlcl9mb3Jtc19jbG9zZWRfbG9vcFtyb3VuZC00XSIgdGltZT0iMC4wNDkiIC8+PHRlc3RjYXNlIGNsYXNzbmFtZT0idGVzdHMudGVzdF9wMF9maW5hbF92aXJ0dWFsX2Nsb3N1cmVfc3RyZXNzIiBuYW1lPSJ0ZXN0X3N0cmVzc19zdWNjZXNzZnVsX29yZGVyX2Zvcm1zX2Nsb3NlZF9sb29wW3JvdW5kLTVdIiB0aW1lPSIwLjA0MCIgLz48dGVzdGNhc2UgY2xhc3NuYW1l
2026-09-10T08:15:36.1327563Z GO_EVIDENCE_B64 PSJ0ZXN0cy50ZXN0X3AwX2ZpbmFsX3ZpcnR1YWxfY2xvc3VyZV9zdHJlc3MiIG5hbWU9InRlc3Rfc3RyZXNzX2R1cGxpY2F0ZV9wYXltZW50X2F0dGFja19pc19ibG9ja2VkW3JvdW5kLTFdIiB0aW1lPSIwLjAxMCIgLz48dGVzdGNhc2UgY2xhc3NuYW1lPSJ0ZXN0cy50ZXN0X3AwX2ZpbmFsX3ZpcnR1YWxfY2xvc3VyZV9zdHJlc3MiIG5hbWU9InRlc3Rfc3RyZXNzX2R1cGxpY2F0ZV9wYXltZW50X2F0dGFja19pc19ibG9ja2VkW3JvdW5kLTJdIiB0aW1lPSIwLjAxMSIgLz48dGVzdGNhc2UgY2xhc3NuYW1lPSJ0ZXN0cy50ZXN0
2026-09-10T08:15:36.1333155Z GO_EVIDENCE_B64 X3AwX2ZpbmFsX3ZpcnR1YWxfY2xvc3VyZV9zdHJlc3MiIG5hbWU9InRlc3Rfc3RyZXNzX2R1cGxpY2F0ZV9wYXltZW50X2F0dGFja19pc19ibG9ja2VkW3JvdW5kLTNdIiB0aW1lPSIwLjAxMiIgLz48dGVzdGNhc2UgY2xhc3NuYW1lPSJ0ZXN0cy50ZXN0X3AwX2ZpbmFsX3ZpcnR1YWxfY2xvc3VyZV9zdHJlc3MiIG5hbWU9InRlc3Rfc3RyZXNzX2R1cGxpY2F0ZV9wYXltZW50X2F0dGFja19pc19ibG9ja2VkW3JvdW5kLTRdIiB0aW1lPSIwLjAxMCIgLz48dGVzdGNhc2UgY2xhc3NuYW1lPSJ0ZXN0cy50ZXN0X3AwX2ZpbmFsX3Zp
2026-09-10T08:15:36.1338572Z GO_EVIDENCE_B64 cnR1YWxfY2xvc3VyZV9zdHJlc3MiIG5hbWU9InRlc3Rfc3RyZXNzX2R1cGxpY2F0ZV9wYXltZW50X2F0dGFja19pc19ibG9ja2VkW3JvdW5kLTVdIiB0aW1lPSIwLjAxMSIgLz48dGVzdGNhc2UgY2xhc3NuYW1lPSJ0ZXN0cy50ZXN0X3AwX2ZpbmFsX3ZpcnR1YWxfY2xvc3VyZV9zdHJlc3MiIG5hbWU9InRlc3Rfc3RyZXNzX3N1cHBsaWVyX3RpbWVvdXRfc3RheXNfdW5rbm93bl91bnRpbF9yZWNvbmNpbGVkW3JvdW5kLTFdIiB0aW1lPSIwLjAzNiIgLz48dGVzdGNhc2UgY2xhc3NuYW1lPSJ0ZXN0cy50ZXN0X3AwX2ZpbmFsX3Zp
2026-09-10T08:15:36.1343829Z GO_EVIDENCE_B64 cnR1YWxfY2xvc3VyZV9zdHJlc3MiIG5hbWU9InRlc3Rfc3RyZXNzX3N1cHBsaWVyX3RpbWVvdXRfc3RheXNfdW5rbm93bl91bnRpbF9yZWNvbmNpbGVkW3JvdW5kLTJdIiB0aW1lPSIwLjAzNyIgLz48dGVzdGNhc2UgY2xhc3NuYW1lPSJ0ZXN0cy50ZXN0X3AwX2ZpbmFsX3ZpcnR1YWxfY2xvc3VyZV9zdHJlc3MiIG5hbWU9InRlc3Rfc3RyZXNzX3N1cHBsaWVyX3RpbWVvdXRfc3RheXNfdW5rbm93bl91bnRpbF9yZWNvbmNpbGVkW3JvdW5kLTNdIiB0aW1lPSIwLjAzNiIgLz48dGVzdGNhc2UgY2xhc3NuYW1lPSJ0ZXN0cy50ZXN0
2026-09-10T08:15:36.1349200Z GO_EVIDENCE_B64 X3AwX2ZpbmFsX3ZpcnR1YWxfY2xvc3VyZV9zdHJlc3MiIG5hbWU9InRlc3Rfc3RyZXNzX3N1cHBsaWVyX3RpbWVvdXRfc3RheXNfdW5rbm93bl91bnRpbF9yZWNvbmNpbGVkW3JvdW5kLTRdIiB0aW1lPSIwLjAzOCIgLz48dGVzdGNhc2UgY2xhc3NuYW1lPSJ0ZXN0cy50ZXN0X3AwX2ZpbmFsX3ZpcnR1YWxfY2xvc3VyZV9zdHJlc3MiIG5hbWU9InRlc3Rfc3RyZXNzX3N1cHBsaWVyX3RpbWVvdXRfc3RheXNfdW5rbm93bl91bnRpbF9yZWNvbmNpbGVkW3JvdW5kLTVdIiB0aW1lPSIwLjAzNSIgLz48dGVzdGNhc2UgY2xhc3NuYW1l
2026-09-10T08:15:36.1354507Z GO_EVIDENCE_B64 PSJ0ZXN0cy50ZXN0X3AwX2ZpbmFsX3ZpcnR1YWxfY2xvc3VyZV9zdHJlc3MiIG5hbWU9InRlc3Rfc3RyZXNzX3BheW1lbnRfd2ViaG9va19yZXBsYXlfaXNfaWRlbXBvdGVudFtyb3VuZC0xXSIgdGltZT0iMC4wMjAiIC8+PHRlc3RjYXNlIGNsYXNzbmFtZT0idGVzdHMudGVzdF9wMF9maW5hbF92aXJ0dWFsX2Nsb3N1cmVfc3RyZXNzIiBuYW1lPSJ0ZXN0X3N0cmVzc19wYXltZW50X3dlYmhvb2tfcmVwbGF5X2lzX2lkZW1wb3RlbnRbcm91bmQtMl0iIHRpbWU9IjAuMDI0IiAvPjx0ZXN0Y2FzZSBjbGFzc25hbWU9InRlc3RzLnRl
2026-09-10T08:15:36.1359876Z GO_EVIDENCE_B64 c3RfcDBfZmluYWxfdmlydHVhbF9jbG9zdXJlX3N0cmVzcyIgbmFtZT0idGVzdF9zdHJlc3NfcGF5bWVudF93ZWJob29rX3JlcGxheV9pc19pZGVtcG90ZW50W3JvdW5kLTNdIiB0aW1lPSIwLjAyMCIgLz48dGVzdGNhc2UgY2xhc3NuYW1lPSJ0ZXN0cy50ZXN0X3AwX2ZpbmFsX3ZpcnR1YWxfY2xvc3VyZV9zdHJlc3MiIG5hbWU9InRlc3Rfc3RyZXNzX3BheW1lbnRfd2ViaG9va19yZXBsYXlfaXNfaWRlbXBvdGVudFtyb3VuZC00XSIgdGltZT0iMC4wMTkiIC8+PHRlc3RjYXNlIGNsYXNzbmFtZT0idGVzdHMudGVzdF9wMF9maW5h
2026-09-10T08:15:36.1365137Z GO_EVIDENCE_B64 bF92aXJ0dWFsX2Nsb3N1cmVfc3RyZXNzIiBuYW1lPSJ0ZXN0X3N0cmVzc19wYXltZW50X3dlYmhvb2tfcmVwbGF5X2lzX2lkZW1wb3RlbnRbcm91bmQtNV0iIHRpbWU9IjAuMDE5IiAvPjx0ZXN0Y2FzZSBjbGFzc25hbWU9InRlc3RzLnRlc3RfcDBfZmluYWxfdmlydHVhbF9jbG9zdXJlX3N0cmVzcyIgbmFtZT0idGVzdF9zdHJlc3NfY2FuY2VsX3JlZnVuZF9mdWxsX3BhdGhfYW5kX3Rlcm1pbmFsX2ltbXV0YWJpbGl0eVtyb3VuZC0xXSIgdGltZT0iMC4wMDEiIC8+PHRlc3RjYXNlIGNsYXNzbmFtZT0idGVzdHMudGVzdF9wMF9m
2026-09-10T08:15:36.1370493Z GO_EVIDENCE_B64 aW5hbF92aXJ0dWFsX2Nsb3N1cmVfc3RyZXNzIiBuYW1lPSJ0ZXN0X3N0cmVzc19jYW5jZWxfcmVmdW5kX2Z1bGxfcGF0aF9hbmRfdGVybWluYWxfaW1tdXRhYmlsaXR5W3JvdW5kLTJdIiB0aW1lPSIwLjAwMSIgLz48dGVzdGNhc2UgY2xhc3NuYW1lPSJ0ZXN0cy50ZXN0X3AwX2ZpbmFsX3ZpcnR1YWxfY2xvc3VyZV9zdHJlc3MiIG5hbWU9InRlc3Rfc3RyZXNzX2NhbmNlbF9yZWZ1bmRfZnVsbF9wYXRoX2FuZF90ZXJtaW5hbF9pbW11dGFiaWxpdHlbcm91bmQtM10iIHRpbWU9IjAuMDAwIiAvPjx0ZXN0Y2FzZSBjbGFzc25hbWU9
2026-09-10T08:15:36.1375775Z GO_EVIDENCE_B64 InRlc3RzLnRlc3RfcDBfZmluYWxfdmlydHVhbF9jbG9zdXJlX3N0cmVzcyIgbmFtZT0idGVzdF9zdHJlc3NfY2FuY2VsX3JlZnVuZF9mdWxsX3BhdGhfYW5kX3Rlcm1pbmFsX2ltbXV0YWJpbGl0eVtyb3VuZC00XSIgdGltZT0iMC4wMDAiIC8+PHRlc3RjYXNlIGNsYXNzbmFtZT0idGVzdHMudGVzdF9wMF9maW5hbF92aXJ0dWFsX2Nsb3N1cmVfc3RyZXNzIiBuYW1lPSJ0ZXN0X3N0cmVzc19jYW5jZWxfcmVmdW5kX2Z1bGxfcGF0aF9hbmRfdGVybWluYWxfaW1tdXRhYmlsaXR5W3JvdW5kLTVdIiB0aW1lPSIwLjAwMCIgLz48dGVz
2026-09-10T08:15:36.1381161Z GO_EVIDENCE_B64 dGNhc2UgY2xhc3NuYW1lPSJ0ZXN0cy50ZXN0X3AwX2ZpbmFsX3ZpcnR1YWxfY2xvc3VyZV9zdHJlc3MiIG5hbWU9InRlc3Rfc3RyZXNzX3BhcnRpYWxfcmVmdW5kX2lzX2JvdW5kZWRfYW5kX2Nhbl9jb21wbGV0ZV9yZW1haW5pbmdfcmVmdW5kW3JvdW5kLTFdIiB0aW1lPSIwLjAzNCIgLz48dGVzdGNhc2UgY2xhc3NuYW1lPSJ0ZXN0cy50ZXN0X3AwX2ZpbmFsX3ZpcnR1YWxfY2xvc3VyZV9zdHJlc3MiIG5hbWU9InRlc3Rfc3RyZXNzX3BhcnRpYWxfcmVmdW5kX2lzX2JvdW5kZWRfYW5kX2Nhbl9jb21wbGV0ZV9yZW1haW5pbmdf
2026-09-10T08:15:36.1386708Z GO_EVIDENCE_B64 cmVmdW5kW3JvdW5kLTJdIiB0aW1lPSIwLjAzMSIgLz48dGVzdGNhc2UgY2xhc3NuYW1lPSJ0ZXN0cy50ZXN0X3AwX2ZpbmFsX3ZpcnR1YWxfY2xvc3VyZV9zdHJlc3MiIG5hbWU9InRlc3Rfc3RyZXNzX3BhcnRpYWxfcmVmdW5kX2lzX2JvdW5kZWRfYW5kX2Nhbl9jb21wbGV0ZV9yZW1haW5pbmdfcmVmdW5kW3JvdW5kLTNdIiB0aW1lPSIwLjAzMSIgLz48dGVzdGNhc2UgY2xhc3NuYW1lPSJ0ZXN0cy50ZXN0X3AwX2ZpbmFsX3ZpcnR1YWxfY2xvc3VyZV9zdHJlc3MiIG5hbWU9InRlc3Rfc3RyZXNzX3BhcnRpYWxfcmVmdW5kX2lz
2026-09-10T08:15:36.1392032Z GO_EVIDENCE_B64 X2JvdW5kZWRfYW5kX2Nhbl9jb21wbGV0ZV9yZW1haW5pbmdfcmVmdW5kW3JvdW5kLTRdIiB0aW1lPSIwLjAzMiIgLz48dGVzdGNhc2UgY2xhc3NuYW1lPSJ0ZXN0cy50ZXN0X3AwX2ZpbmFsX3ZpcnR1YWxfY2xvc3VyZV9zdHJlc3MiIG5hbWU9InRlc3Rfc3RyZXNzX3BhcnRpYWxfcmVmdW5kX2lzX2JvdW5kZWRfYW5kX2Nhbl9jb21wbGV0ZV9yZW1haW5pbmdfcmVmdW5kW3JvdW5kLTVdIiB0aW1lPSIwLjAzMiIgLz48dGVzdGNhc2UgY2xhc3NuYW1lPSJ0ZXN0cy50ZXN0X3AwX2ZpbmFsX3ZpcnR1YWxfY2xvc3VyZV9zdHJlc3Mi
2026-09-10T08:15:36.1397291Z GO_EVIDENCE_B64 IG5hbWU9InRlc3Rfc3RyZXNzX3JlY29uY2lsaWF0aW9uX21pc21hdGNoX2Jsb2Nrc19tYXRjaF9hbmRfY2xvc2Vbcm91bmQtMV0iIHRpbWU9IjAuMDYwIiAvPjx0ZXN0Y2FzZSBjbGFzc25hbWU9InRlc3RzLnRlc3RfcDBfZmluYWxfdmlydHVhbF9jbG9zdXJlX3N0cmVzcyIgbmFtZT0idGVzdF9zdHJlc3NfcmVjb25jaWxpYXRpb25fbWlzbWF0Y2hfYmxvY2tzX21hdGNoX2FuZF9jbG9zZVtyb3VuZC0yXSIgdGltZT0iMC4wNDMiIC8+PHRlc3RjYXNlIGNsYXNzbmFtZT0idGVzdHMudGVzdF9wMF9maW5hbF92aXJ0dWFsX2Nsb3N1
2026-09-10T08:15:36.1402618Z GO_EVIDENCE_B64 cmVfc3RyZXNzIiBuYW1lPSJ0ZXN0X3N0cmVzc19yZWNvbmNpbGlhdGlvbl9taXNtYXRjaF9ibG9ja3NfbWF0Y2hfYW5kX2Nsb3NlW3JvdW5kLTNdIiB0aW1lPSIwLjA0MyIgLz48dGVzdGNhc2UgY2xhc3NuYW1lPSJ0ZXN0cy50ZXN0X3AwX2ZpbmFsX3ZpcnR1YWxfY2xvc3VyZV9zdHJlc3MiIG5hbWU9InRlc3Rfc3RyZXNzX3JlY29uY2lsaWF0aW9uX21pc21hdGNoX2Jsb2Nrc19tYXRjaF9hbmRfY2xvc2Vbcm91bmQtNF0iIHRpbWU9IjAuMDQ0IiAvPjx0ZXN0Y2FzZSBjbGFzc25hbWU9InRlc3RzLnRlc3RfcDBfZmluYWxfdmly
2026-09-10T08:15:36.1407976Z GO_EVIDENCE_B64 dHVhbF9jbG9zdXJlX3N0cmVzcyIgbmFtZT0idGVzdF9zdHJlc3NfcmVjb25jaWxpYXRpb25fbWlzbWF0Y2hfYmxvY2tzX21hdGNoX2FuZF9jbG9zZVtyb3VuZC01XSIgdGltZT0iMC4wNDgiIC8+PHRlc3RjYXNlIGNsYXNzbmFtZT0idGVzdHMudGVzdF9wMF9maW5hbF92aXJ0dWFsX2Nsb3N1cmVfc3RyZXNzIiBuYW1lPSJ0ZXN0X3N0cmVzc19jbG9zZV9yYWNlX3JlcXVpcmVzX3JlcHJlcGFyZV9hZnRlcl9zY29wZV9jaGFuZ2Vbcm91bmQtMV0iIHRpbWU9IjAuMDQ1IiAvPjx0ZXN0Y2FzZSBjbGFzc25hbWU9InRlc3RzLnRlc3Rf
2026-09-10T08:15:36.1413272Z GO_EVIDENCE_B64 cDBfZmluYWxfdmlydHVhbF9jbG9zdXJlX3N0cmVzcyIgbmFtZT0idGVzdF9zdHJlc3NfY2xvc2VfcmFjZV9yZXF1aXJlc19yZXByZXBhcmVfYWZ0ZXJfc2NvcGVfY2hhbmdlW3JvdW5kLTJdIiB0aW1lPSIwLjA0NiIgLz48dGVzdGNhc2UgY2xhc3NuYW1lPSJ0ZXN0cy50ZXN0X3AwX2ZpbmFsX3ZpcnR1YWxfY2xvc3VyZV9zdHJlc3MiIG5hbWU9InRlc3Rfc3RyZXNzX2Nsb3NlX3JhY2VfcmVxdWlyZXNfcmVwcmVwYXJlX2FmdGVyX3Njb3BlX2NoYW5nZVtyb3VuZC0zXSIgdGltZT0iMC4wNDMiIC8+PHRlc3RjYXNlIGNsYXNzbmFt
2026-09-10T08:15:36.1418734Z GO_EVIDENCE_B64 ZT0idGVzdHMudGVzdF9wMF9maW5hbF92aXJ0dWFsX2Nsb3N1cmVfc3RyZXNzIiBuYW1lPSJ0ZXN0X3N0cmVzc19jbG9zZV9yYWNlX3JlcXVpcmVzX3JlcHJlcGFyZV9hZnRlcl9zY29wZV9jaGFuZ2Vbcm91bmQtNF0iIHRpbWU9IjAuMDQzIiAvPjx0ZXN0Y2FzZSBjbGFzc25hbWU9InRlc3RzLnRlc3RfcDBfZmluYWxfdmlydHVhbF9jbG9zdXJlX3N0cmVzcyIgbmFtZT0idGVzdF9zdHJlc3NfY2xvc2VfcmFjZV9yZXF1aXJlc19yZXByZXBhcmVfYWZ0ZXJfc2NvcGVfY2hhbmdlW3JvdW5kLTVdIiB0aW1lPSIwLjA3OSIgLz48dGVz
2026-09-10T08:15:36.1424026Z GO_EVIDENCE_B64 dGNhc2UgY2xhc3NuYW1lPSJ0ZXN0cy50ZXN0X3JjMTkxX3JlZ2lzdHJhdGlvbl92YXVsdF90aWVyZWRfYnVpbGQiIG5hbWU9InRlc3RfdGllcmVkX2J1aWxkX3N0cmF0ZWd5X2lzX3F1YWxpdHlfZmlyc3QiIHRpbWU9IjAuMDg2IiAvPjx0ZXN0Y2FzZSBjbGFzc25hbWU9InRlc3RzLnRlc3RfcmMxOTFfcmVnaXN0cmF0aW9uX3ZhdWx0X3RpZXJlZF9idWlsZCIgbmFtZT0idGVzdF9zdXBwbGllcl9yZWdpc3RyYXRpb25fcmVxdWlyZXNfc2luZ2xlX3Rlcm1zX2FjY2VwdGFuY2UiIHRpbWU9IjAuMDg5IiAvPjx0ZXN0Y2FzZSBjbGFz
2026-09-10T08:15:36.1429397Z GO_EVIDENCE_B64 c25hbWU9InRlc3RzLnRlc3RfcmMxOTFfcmVnaXN0cmF0aW9uX3ZhdWx0X3RpZXJlZF9idWlsZCIgbmFtZT0idGVzdF9jb25zdW1lcl9vbmVfY2xpY2tfcGVyc29uYWxfdmF1bHRfaXNfY29uc2VudF9ib3VuZCIgdGltZT0iMC4wODkiIC8+PHRlc3RjYXNlIGNsYXNzbmFtZT0idGVzdHMudGVzdF9yYzE5MV9yZWdpc3RyYXRpb25fdmF1bHRfdGllcmVkX2J1aWxkIiBuYW1lPSJ0ZXN0X3N1cHBsaWVyX3BhcnRuZXJfb25ib2FyZGluZ19jb3B5X2lzX25vdF9wbGFpbl9yZWdpc3RyYXRpb24iIHRpbWU9IjAuMDkyIiAvPjx0ZXN0Y2Fz
2026-09-10T08:15:36.1435014Z GO_EVIDENCE_B64 ZSBjbGFzc25hbWU9InRlc3RzLnRlc3RfcmMyMF8yX2FsbF9iX3RvX2EiIG5hbWU9InRlc3RfY29uc3VtZXJfc3VyZmFjZV9leHBvc2VzX2FsbF9zaXhfdmVydGljYWxfYWN0aW9uc190aHJvdWdoX2Zyb3plbl9maXZlX2VudHJ5X2hvbWUiIHRpbWU9IjAuMDg4IiAvPjx0ZXN0Y2FzZSBjbGFzc25hbWU9InRlc3RzLnRlc3RfcmMyMF8yX2FsbF9iX3RvX2EiIG5hbWU9InRlc3RfcmlkZV9zdGF0ZV9tYWNoaW5lX3JlY292ZXJ5X2lsbGVnYWxfdHJhbnNpdGlvbl9hbmRfZXZpZGVuY2UiIHRpbWU9IjAuOTg2IiAvPjx0ZXN0Y2FzZSBj
2026-09-10T08:15:36.1440417Z GO_EVIDENCE_B64 bGFzc25hbWU9InRlc3RzLnRlc3RfcmMyMF8yX2FsbF9iX3RvX2EiIG5hbWU9InRlc3RfcmVudGFsX3BpY2t1cF9yZXR1cm5fY2FuY2VsX3J1bGVzX2FuZF9yZWNvbmNpbGlhdGlvbiIgdGltZT0iMC44MzAiIC8+PHRlc3RjYXNlIGNsYXNzbmFtZT0idGVzdHMudGVzdF9yYzIwXzJfYWxsX2JfdG9fYSIgbmFtZT0idGVzdF9hdHRyYWN0aW9uX3JlZGVtcHRpb25fdW5rbm93bl9yZWNvdmVyeV9jbG9zZWRfYW5kX2lsbGVnYWxfc3RhdGVzIiB0aW1lPSIxLjA5OSIgLz48dGVzdGNhc2UgY2xhc3NuYW1lPSJ0ZXN0cy50ZXN0X3JjMjBf
2026-09-10T08:15:36.1445657Z GO_EVIDENCE_B64 Ml9hbGxfYl90b19hIiBuYW1lPSJ0ZXN0X2F0dHJhY3Rpb25fc3VwcGxpZXJfY2xvc3VyZV9ibG9ja3NfY29uc3VtZXJfbXV0YXRpb25zIiB0aW1lPSIwLjc4NyIgLz48dGVzdGNhc2UgY2xhc3NuYW1lPSJ0ZXN0cy50ZXN0X3JjMjBfMl9hbGxfYl90b19hIiBuYW1lPSJ0ZXN0X2ZsaWdodF91bmtub3duX3N0YXRlX3JlY29uY2lsaWF0aW9uX2FuZF9ldmlkZW5jZSIgdGltZT0iMC42NjciIC8+PHRlc3RjYXNlIGNsYXNzbmFtZT0idGVzdHMudGVzdF9yYzIwXzJfYWxsX2JfdG9fYSIgbmFtZT0idGVzdF9yYWlsX3Vua25vd25fc3Rh
2026-09-10T08:15:36.1450979Z GO_EVIDENCE_B64 dGVfcmVjb25jaWxpYXRpb25fYW5kX2V2aWRlbmNlIiB0aW1lPSIwLjg2NCIgLz48dGVzdGNhc2UgY2xhc3NuYW1lPSJ0ZXN0cy50ZXN0X3JjMjBfbW9kdWxlX2RlcHRoX2NvbnRyYWN0IiBuYW1lPSJ0ZXN0X3JjMjBfcmVxdWlyZXNfZml2ZV9yZWFsX2RpbWVuc2lvbnNfZm9yX2V2ZXJ5X3ZlcnRpY2FsIiB0aW1lPSIwLjA4NiIgLz48dGVzdGNhc2UgY2xhc3NuYW1lPSJ0ZXN0cy50ZXN0X3JjMjBfbW9kdWxlX2RlcHRoX2NvbnRyYWN0IiBuYW1lPSJ0ZXN0X3JjMjBfZG9lc19ub3RfZXF1YXRlX2NvZGVfb3JfZ2F0ZV93aXRoX2V4
2026-09-10T08:15:36.1456258Z GO_EVIDENCE_B64 dGVybmFsX2xpdmUiIHRpbWU9IjAuMDk3IiAvPjx0ZXN0Y2FzZSBjbGFzc25hbWU9InRlc3RzLnRlc3Rfc3ByaW50MWdfY29uZmlnIiBuYW1lPSJ0ZXN0X3NpdGVtaW5kZXJfcmVxdWlyZXNfY29udHJhY3RlZF9jb25maWciIHRpbWU9IjAuMDk3IiAvPjx0ZXN0Y2FzZSBjbGFzc25hbWU9InRlc3RzLnRlc3Rfc3ByaW50MWxfcGF5bWVudF9vcmNoZXN0cmF0aW9uIiBuYW1lPSJ0ZXN0X2F1dGhvcml6ZV9ib29rX2NhcHR1cmVfc2VxdWVuY2UiIHRpbWU9IjAuMzYxIiAvPjx0ZXN0Y2FzZSBjbGFzc25hbWU9InRlc3RzLnRlc3Rfc3By
2026-09-10T08:15:36.1461663Z GO_EVIDENCE_B64 aW50MWxfcGF5bWVudF9vcmNoZXN0cmF0aW9uIiBuYW1lPSJ0ZXN0X2RlZmluaXRpdmVfc3VwcGxpZXJfYm9va2luZ19mYWlsdXJlX3ZvaWRzX2F1dGhvcml6YXRpb25fbm9fY2FwdHVyZSIgdGltZT0iMC4zNTgiIC8+PHRlc3RjYXNlIGNsYXNzbmFtZT0idGVzdHMudGVzdF9zcHJpbnQxbF9wYXltZW50X29yY2hlc3RyYXRpb24iIG5hbWU9InRlc3RfYW1iaWd1b3VzX3N1cHBsaWVyX2Jvb2tpbmdfZG9lc19ub3Rfdm9pZF9hdXRob3JpemF0aW9uIiB0aW1lPSIwLjU4NCIgLz48dGVzdGNhc2UgY2xhc3NuYW1lPSJ0ZXN0cy50ZXN0
2026-09-10T08:15:36.1467005Z GO_EVIDENCE_B64 X3NwcmludDFsX3BheW1lbnRfb3JjaGVzdHJhdGlvbiIgbmFtZT0idGVzdF9jYXB0dXJlX2ZhaWx1cmVfYWZ0ZXJfc3VwcGxpZXJfYm9va2luZ19tb3Zlc190b19yZWNvbmNpbGlhdGlvbiIgdGltZT0iMC4zMjMiIC8+PHRlc3RjYXNlIGNsYXNzbmFtZT0idGVzdHMudGVzdF9zcHJpbnQxbV9mYXJlX3J1bnRpbWUiIG5hbWU9InRlc3RfZnJlZV9jYW5jZWxfZnVsbF9yZWZ1bmQiIHRpbWU9IjAuNDA4IiAvPjx0ZXN0Y2FzZSBjbGFzc25hbWU9InRlc3RzLnRlc3Rfc3ByaW50MW1fZmFyZV9ydW50aW1lIiBuYW1lPSJ0ZXN0X3RpZXJl
2026-09-10T08:15:36.1472453Z GO_EVIDENCE_B64 ZF9jYW5jZWxfNTBfcGVyY2VudCIgdGltZT0iMC4zNzciIC8+PHRlc3RjYXNlIGNsYXNzbmFtZT0idGVzdHMudGVzdF9zcHJpbnQxbV9mYXJlX3J1bnRpbWUiIG5hbWU9InRlc3RfY2hhbmdlX2hpZ2hlcl9wcmljZV9zdXBwbGVtZW50X2FuZF9sb3dlcl9ub19yZWZ1bmQiIHRpbWU9IjAuOTUzIiAvPjx0ZXN0Y2FzZSBjbGFzc25hbWU9InRlc3RzLnRlc3Rfc3ByaW50MW1fZmFyZV9ydW50aW1lIiBuYW1lPSJ0ZXN0X3N0YXlfY3JlZGl0X3Byb3BlcnR5X29ubHlfYW5kX3JlZGVlbV93aXRoX2RpZmZlcmVuY2UiIHRpbWU9IjEuNzUy
2026-09-10T08:15:36.1477822Z GO_EVIDENCE_B64 IiAvPjx0ZXN0Y2FzZSBjbGFzc25hbWU9InRlc3RzLnRlc3Rfc3ByaW50MXVfcHJvZHVjdGlvbl9iZmYiIG5hbWU9InRlc3RfYmZmX3VzZXNfaHR0cF9vbmx5X2Nvb2tpZXNfYW5kX25vX3Rva2Vuc19pbl9wYXlsb2FkIiB0aW1lPSIwLjQ4OSIgLz48dGVzdGNhc2UgY2xhc3NuYW1lPSJ0ZXN0cy50ZXN0X3NwcmludDF1X3Byb2R1Y3Rpb25fYmZmIiBuYW1lPSJ0ZXN0X2NzcmZfYmxvY2tzX2Nvb2tpZV9hdXRoZW50aWNhdGVkX211dGF0aW9uIiB0aW1lPSIwLjM0OSIgLz48dGVzdGNhc2UgY2xhc3NuYW1lPSJ0ZXN0cy50ZXN0X3Nw
2026-09-10T08:15:36.1483286Z GO_EVIDENCE_B64 cmludDF1X3Byb2R1Y3Rpb25fYmZmIiBuYW1lPSJ0ZXN0X3NlY3VyaXR5X2hlYWRlcnNfYXJlX3ByZXNlbnQiIHRpbWU9IjAuMTU1IiAvPjx0ZXN0Y2FzZSBjbGFzc25hbWU9InRlc3RzLnRlc3Rfc3ByaW50MXVfcHJvZHVjdGlvbl9iZmYiIG5hbWU9InRlc3RfbWZhX2Vucm9sbG1lbnRfYW5kX2xvZ2luX2VuZm9yY2VtZW50IiB0aW1lPSIxLjIyMCIgLz48dGVzdGNhc2UgY2xhc3NuYW1lPSJ0ZXN0cy50ZXN0X3NwcmludDF1X3Byb2R1Y3Rpb25fYmZmIiBuYW1lPSJ0ZXN0X2Zyb250ZW5kX2hhc19ub19sb2NhbHN0b3JhZ2VfYXV0
2026-09-10T08:15:36.1488619Z GO_EVIDENCE_B64 aF90b2tlbnMiIHRpbWU9IjAuMDg5IiAvPjx0ZXN0Y2FzZSBjbGFzc25hbWU9InRlc3RzLnRlc3Rfc3ByaW50MXlfY29uc3VtZXJfaWRlbnRpdHkiIG5hbWU9InRlc3RfcmVnaXN0ZXJfc2VjdXJlX2Nvb2tpZV9nb19pZF9hbmRfc2Vzc2lvbiIgdGltZT0iMC45NzkiIC8+PHRlc3RjYXNlIGNsYXNzbmFtZT0idGVzdHMudGVzdF9zcHJpbnQxeV9jb25zdW1lcl9pZGVudGl0eSIgbmFtZT0idGVzdF90cmF2ZWxlcl9hbmRfcGF5bWVudF90b2tlbml6YXRpb25fbm9fcGFuX3JlYWRiYWNrIiB0aW1lPSIwLjc3NiIgLz48dGVzdGNhc2Ug
2026-09-10T08:15:36.1493829Z GO_EVIDENCE_B64 Y2xhc3NuYW1lPSJ0ZXN0cy50ZXN0X3NwcmludDF5X2NvbnN1bWVyX2lkZW50aXR5IiBuYW1lPSJ0ZXN0X2F1dGhlbnRpY2F0ZWRfb3JkZXJfb3duZXJzaGlwX2FuZF90b2tlbml6ZWRfY2hlY2tvdXQiIHRpbWU9IjAuNzQ5IiAvPjx0ZXN0Y2FzZSBjbGFzc25hbWU9InRlc3RzLnRlc3Rfc3ByaW50MXlfY29uc3VtZXJfaWRlbnRpdHkiIG5hbWU9InRlc3RfcmVmcmVzaF9yb3RhdGlvbl9hbmRfbG9nb3V0IiB0aW1lPSIwLjQ0NCIgLz48dGVzdGNhc2UgY2xhc3NuYW1lPSJ0ZXN0cy50ZXN0X3NwcmludDF6X21vYmlsZSIgbmFtZT0i
2026-09-10T08:15:36.1499115Z GO_EVIDENCE_B64 dGVzdF9uYXRpdmVfYmVhcmVyX3Nlc3Npb25fZGV2aWNlX3B1c2hfYW5kX3JlZnJlc2giIHRpbWU9IjAuNTI0IiAvPjx0ZXN0Y2FzZSBjbGFzc25hbWU9InRlc3RzLnRlc3Rfc3ByaW50MXpfbW9iaWxlIiBuYW1lPSJ0ZXN0X2RlZXBfbGlua3NfYXJlX2FsbG93bGlzdGVkIiB0aW1lPSIwLjUyMCIgLz48dGVzdGNhc2UgY2xhc3NuYW1lPSJ0ZXN0cy50ZXN0X3NwcmludDF6X21vYmlsZSIgbmFtZT0idGVzdF9wdXNoX3Rva2VuX25vdF9yZXR1cm5lZF9hbmRfZGV2aWNlX2lzX3VzZXJfc2NvcGVkIiB0aW1lPSIxLjcyMCIgLz48dGVz
2026-09-10T08:15:36.1504309Z GO_EVIDENCE_B64 dGNhc2UgY2xhc3NuYW1lPSJ0ZXN0cy50ZXN0X3NwcmludDJiX21vYmlsZV9yZWxlYXNlIiBuYW1lPSJ0ZXN0X3B1c2hfcmVjZWlwdF9saWZlY3ljbGVfd2l0aF9tb2NrX3Byb3ZpZGVyIiB0aW1lPSIxLjQ3NiIgLz48dGVzdGNhc2UgY2xhc3NuYW1lPSJ0ZXN0cy50ZXN0X3NwcmludDJiX21vYmlsZV9yZWxlYXNlIiBuYW1lPSJ0ZXN0X21vYmlsZV9yZWxlYXNlX2FydGlmYWN0c19hbmRfb2ZmbGluZV9jb250cmFjdF9leGlzdCIgdGltZT0iMC4yMjIiIC8+PHRlc3RjYXNlIGNsYXNzbmFtZT0idGVzdHMudGVzdF9zcHJpbnQyYl9t
2026-09-10T08:15:36.1509652Z GO_EVIDENCE_B64 b2JpbGVfcmVsZWFzZSIgbmFtZT0idGVzdF9wdXNoX3JlY2VpcHRfaW50ZXJuYWxfYXBpX2lzX25vdF9wdWJsaWMiIHRpbWU9IjEuNjk2IiAvPjx0ZXN0Y2FzZSBjbGFzc25hbWU9InRlc3RzLnRlc3Rfc3ByaW50MmRfYnJpbmd1cCIgbmFtZT0idGVzdF9jcmVkZW50aWFsX21hbmlmZXN0X2hhc18xNV9nYXRlX2RlcGVuZGVuY2llcyIgdGltZT0iMC4wODgiIC8+PHRlc3RjYXNlIGNsYXNzbmFtZT0idGVzdHMudGVzdF9zcHJpbnQyZF9icmluZ3VwIiBuYW1lPSJ0ZXN0X2dhdGVfbGVkZ2VyX3N0YXJ0c19mYWlsX2Nsb3NlZCIgdGlt
2026-09-10T08:15:36.1514975Z GO_EVIDENCE_B64 ZT0iMC4wODYiIC8+PHRlc3RjYXNlIGNsYXNzbmFtZT0idGVzdHMudGVzdF9zcHJpbnQyZF9icmluZ3VwIiBuYW1lPSJ0ZXN0X3ByZWZsaWdodF9mYWlsc19jbG9zZWRfd2l0aG91dF9jcmVkZW50aWFscyIgdGltZT0iMC4zNjYiIC8+PHRlc3RjYXNlIGNsYXNzbmFtZT0idGVzdHMudGVzdF9zcHJpbnQyZF9icmluZ3VwIiBuYW1lPSJ0ZXN0X3JlbGVhc2Vfd29ya2Zsb3dfd2FpdHNfZm9yX3N0b3JlX2J1aWxkX2FuZF9zdWJtaXQiIHRpbWU9IjAuMDg5IiAvPjx0ZXN0Y2FzZSBjbGFzc25hbWU9InRlc3RzLnRlc3Rfc3ByaW50MmRf
2026-09-10T08:15:36.1520339Z GO_EVIDENCE_B64 YnJpbmd1cCIgbmFtZT0idGVzdF9ldmlkZW5jZV90ZW1wbGF0ZV9mb3JiaWRzX3NlY3JldHMiIHRpbWU9IjAuMDkwIiAvPjx0ZXN0Y2FzZSBjbGFzc25hbWU9InRlc3RzLnRlc3Rfc3ByaW50M2FfZmxpZ2h0IiBuYW1lPSJ0ZXN0X2ZsaWdodF9zZWFyY2hfdG9fdGlja2V0X2FuZF90cmlwIiB0aW1lPSIwLjY3OCIgLz48dGVzdGNhc2UgY2xhc3NuYW1lPSJ0ZXN0cy50ZXN0X3NwcmludDNhX2ZsaWdodCIgbmFtZT0idGVzdF9mbGlnaHRfY2hhbmdlX3JlaXNzdWVzX3RpY2tldCIgdGltZT0iMC43MTMiIC8+PHRlc3RjYXNlIGNsYXNz
2026-09-10T08:15:36.1525627Z GO_EVIDENCE_B64 bmFtZT0idGVzdHMudGVzdF9zcHJpbnQzYV9mbGlnaHQiIG5hbWU9InRlc3RfZmxpZ2h0X3JlZnVuZF90cmFja3NfZmVlX2FuZF9vcmlnaW5hbF9wYXltZW50IiB0aW1lPSIwLjcyMiIgLz48dGVzdGNhc2UgY2xhc3NuYW1lPSJ0ZXN0cy50ZXN0X3NwcmludDNhX2ZsaWdodCIgbmFtZT0idGVzdF9jcm9zc19hY2NvdW50X2ZsaWdodF9vcmRlcl9pc29sYXRpb24iIHRpbWU9IjAuODg5IiAvPjx0ZXN0Y2FzZSBjbGFzc25hbWU9InRlc3RzLnRlc3Rfc3ByaW50M2NfbW9iaWxpdHkiIG5hbWU9InRlc3RfcmlkZV9hbmRfcmVudGFsX2dv
2026-09-10T08:15:36.1531270Z GO_EVIDENCE_B64 bGRlbl9wYXRoIiB0aW1lPSIxLjEwNCIgLz48dGVzdGNhc2UgY2xhc3NuYW1lPSJ0ZXN0cy50ZXN0X3NwcmludDNkX2F0dHJhY3Rpb25zIiBuYW1lPSJ0ZXN0X2F0dHJhY3Rpb25fZ29sZGVuX3BhdGgiIHRpbWU9IjEuMDcyIiAvPjx0ZXN0Y2FzZSBjbGFzc25hbWU9InRlc3RzLnRlc3Rfc3ByaW50M2RfYXR0cmFjdGlvbnMiIG5hbWU9InRlc3Rfbm9uX3JlZnVuZGFibGVfZXhwZXJpZW5jZSIgdGltZT0iMC43NzIiIC8+PHRlc3RjYXNlIGNsYXNzbmFtZT0idGVzdHMudGVzdF9zcHJpbnQzbF9yZWNvdmVyeV9yZWxpYWJpbGl0eSIg
2026-09-10T08:15:36.1536539Z GO_EVIDENCE_B64 bmFtZT0idGVzdF9yZWxpYWJpbGl0eV9wcm9maWxlX3JlYnVpbGRfZnJvbV9yZWFsX3JlY292ZXJ5X2ZhY3RzIiB0aW1lPSIwLjY3NCIgLz48dGVzdGNhc2UgY2xhc3NuYW1lPSJ0ZXN0cy50ZXN0X3NwcmludDNsX3JlY292ZXJ5X3JlbGlhYmlsaXR5IiBuYW1lPSJ0ZXN0X3JlbGlhYmlsaXR5X21lbW9yeV9jaGFuZ2VzX2Z1dHVyZV9yZWNvbmNpbGlhdGlvbl9wb2xpY3lfd2l0aG91dF9yZXNlbmQiIHRpbWU9IjEuNjA0IiAvPjx0ZXN0Y2FzZSBjbGFzc25hbWU9InRlc3RzLnRlc3Rfc3ByaW50M2xfcmVjb3ZlcnlfcmVsaWFiaWxp
2026-09-10T08:15:36.1541927Z GO_EVIDENCE_B64 dHkiIG5hbWU9InRlc3Rfc2xhX2ZlZWRiYWNrX3VzZXNfcHJvZmlsZV9idXRfZG9lc19ub3RfbXV0YXRlX3N1cHBsaWVyX2ZhY3QiIHRpbWU9IjAuNjQzIiAvPjx0ZXN0Y2FzZSBjbGFzc25hbWU9InRlc3RzLnRlc3Rfc3ByaW50M2xfcmVjb3ZlcnlfcmVsaWFiaWxpdHkiIG5hbWU9InRlc3RfcmVsaWFiaWxpdHlfYWRtaW5fYXBpX2lzX3JlYWRfcmVidWlsZF9vbmx5IiB0aW1lPSIwLjc4MSIgLz48dGVzdGNhc2UgY2xhc3NuYW1lPSJ0ZXN0cy50ZXN0X3NwcmludDN0X3J1bnRpbWVfb2JzZXJ2YWJpbGl0eSIgbmFtZT0idGVzdF9o
2026-09-10T08:15:36.1547241Z GO_EVIDENCE_B64 ZWFsdGh5X3J1bnRpbWVfa2VlcHNfcHJvbW90aW9uX29wZW4iIHRpbWU9IjAuMzA4IiAvPjx0ZXN0Y2FzZSBjbGFzc25hbWU9InRlc3RzLnRlc3Rfc3ByaW50M3RfcnVudGltZV9vYnNlcnZhYmlsaXR5IiBuYW1lPSJ0ZXN0X2J1cm5fcmF0ZV9icmVhY2hfYXV0b19mcmVlemVzX2FuZF9yZWNvbW1lbmRzX25vdF9leGVjdXRlc19yb2xsYmFjayIgdGltZT0iMC4yODAiIC8+PHRlc3RjYXNlIGNsYXNzbmFtZT0idGVzdHMudGVzdF9zcHJpbnQzdF9ydW50aW1lX29ic2VydmFiaWxpdHkiIG5hbWU9InRlc3RfZnJvemVuX3Byb2RfYmxv
2026-09-10T08:15:36.1552660Z GO_EVIDENCE_B64 Y2tzX25ld19wcm9tb3Rpb24iIHRpbWU9IjAuMzAyIiAvPjx0ZXN0Y2FzZSBjbGFzc25hbWU9InRlc3RzLnRlc3Rfc3ByaW50M3RfcnVudGltZV9vYnNlcnZhYmlsaXR5IiBuYW1lPSJ0ZXN0X3JlbGVhc2VfY29ycmVsYXRlZF9hbm9tYWx5X3JlcXVpcmVzX3ZlcmlmaWVkX3JlbGVhc2UiIHRpbWU9IjAuMzEzIiAvPjx0ZXN0Y2FzZSBjbGFzc25hbWU9InRlc3RzLnRlc3Rfc3ByaW50M3RfcnVudGltZV9vYnNlcnZhYmlsaXR5IiBuYW1lPSJ0ZXN0X3VuZnJlZXplX3JlcXVpcmVzX2hlYWx0aHlfYXNzZXNzbWVudF9hbmRfZXZpZGVu
2026-09-10T08:15:36.1558063Z GO_EVIDENCE_B64 Y2UiIHRpbWU9IjEuNTQ0IiAvPjx0ZXN0Y2FzZSBjbGFzc25hbWU9InRlc3RzLnRlc3Rfc3ByaW50M3RfcnVudGltZV9vYnNlcnZhYmlsaXR5IiBuYW1lPSJ0ZXN0X3JvbGxiYWNrX3JlY29tbWVuZGF0aW9uX2Fja25vd2xlZGdlbWVudF9pc19nb3Zlcm5hbmNlX29ubHkiIHRpbWU9IjEuODc4IiAvPjx0ZXN0Y2FzZSBjbGFzc25hbWU9InRlc3RzLnRlc3Rfc3ByaW50M3hfaWRlbnRpdHlfcmVpc3N1YW5jZSIgbmFtZT0idGVzdF9yZXZva2VkX2lkZW50aXR5X2Nhbm5vdF9iZV9yZWFjdGl2YXRlZF9kaXJlY3RseV9hbmRfcmVxdWly
2026-09-10T08:15:36.1563465Z GO_EVIDENCE_B64 ZXNfcmVpc3N1YW5jZSIgdGltZT0iMS4xODAiIC8+PHRlc3RjYXNlIGNsYXNzbmFtZT0idGVzdHMudGVzdF9zcHJpbnQzeF9pZGVudGl0eV9yZWlzc3VhbmNlIiBuYW1lPSJ0ZXN0X2F0dGVzdGF0aW9uX3NpZ25hdHVyZV9jaGFsbGVuZ2VfYmluZGluZ19hbmRfcmVwbGF5X3Byb3RlY3Rpb24iIHRpbWU9IjAuNDk4IiAvPjx0ZXN0Y2FzZSBjbGFzc25hbWU9InRlc3RzLnRlc3Rfc3ByaW50M3hfaWRlbnRpdHlfcmVpc3N1YW5jZSIgbmFtZT0idGVzdF9pbnZhbGlkX2F0dGVzdGF0aW9uX3NpZ25hdHVyZV9pc19ibG9ja2VkIiB0aW1l
2026-09-10T08:15:36.1568937Z GO_EVIDENCE_B64 PSIwLjI0NiIgLz48dGVzdGNhc2UgY2xhc3NuYW1lPSJ0ZXN0cy50ZXN0X3NwcmludDN4X2lkZW50aXR5X3JlaXNzdWFuY2UiIG5hbWU9InRlc3RfbWFrZXJfY2hlY2tlcl9hbmRfYnJlYWtfZ2xhc3NfcmVxdWlyZV9leHBsaWNpdF9hcHByb3ZhbF9ldmlkZW5jZSIgdGltZT0iMC4yNzYiIC8+PHRlc3RjYXNlIGNsYXNzbmFtZT0idGVzdHMudGVzdF9zcHJpbnQzeF9pZGVudGl0eV9yZWlzc3VhbmNlIiBuYW1lPSJ0ZXN0X2lzc3VlX2NyZWF0ZXNfbmV3X2lkZW50aXR5X2xpbmVhZ2VfYW5kX3Blcm1hbmVudF9vbGRfdG9tYnN0b25l
2026-09-10T08:15:36.1574270Z GO_EVIDENCE_B64 IiB0aW1lPSIwLjU1MyIgLz48dGVzdGNhc2UgY2xhc3NuYW1lPSJ0ZXN0cy50ZXN0X3NwcmludDN4X2lkZW50aXR5X3JlaXNzdWFuY2UiIG5hbWU9InRlc3Rfb3Blbl9zZWN1cml0eV9pbmNpZGVudF9tdXN0X2JlX2NvbnRhaW5lZF9iZWZvcmVfcmVpc3N1YW5jZV9pc3N1ZSIgdGltZT0iMC42NTIiIC8+PHRlc3RjYXNlIGNsYXNzbmFtZT0idGVzdHMudGVzdF9zcHJpbnQzeF9pZGVudGl0eV9yZWlzc3VhbmNlIiBuYW1lPSJ0ZXN0X3JlcGxhY2VtZW50X2lkZW50aXR5X3Jlam9pbnNfYXV0b21hdGlvbl9xdW9ydW1fb25seV9hZnRl
2026-09-10T08:15:36.1580091Z GO_EVIDENCE_B64 cl9uZXdfc2lnbmVkX3RlbGVtZXRyeSIgdGltZT0iMC4zMTgiIC8+PHRlc3RjYXNlIGNsYXNzbmFtZT0idGVzdHMudGVzdF9zcHJpbnQzeF9pZGVudGl0eV9yZWlzc3VhbmNlIiBuYW1lPSJ0ZXN0X3JlaXNzdWFuY2Vfc3RhdHVzX2V4cG9zZXNfcmVxdWVzdF9saW5lYWdlX3RvbWJzdG9uZV9hbmRfY2FjaGVfZXBvY2giIHRpbWU9IjAuMjgyIiAvPjx0ZXN0Y2FzZSBjbGFzc25hbWU9InRlc3RzLnRlc3Rfc3ByaW50NGNfd2l0bmVzc19pbmRlcGVuZGVuY2VfZHIiIG5hbWU9InRlc3Rfc2FtZV9vcGVyYXRvcl93aXRuZXNzZXNfZG9f
2026-09-10T08:15:36.1585460Z GO_EVIDENCE_B64 bm90X2NvdW50X2FzX2luZGVwZW5kZW50X3F1b3J1bSIgdGltZT0iMC4yNzciIC8+PHRlc3RjYXNlIGNsYXNzbmFtZT0idGVzdHMudGVzdF9zcHJpbnQ0Y193aXRuZXNzX2luZGVwZW5kZW5jZV9kciIgbmFtZT0idGVzdF9pbmRlcGVuZGVudF9vcGVyYXRvcl9mYWlsdXJlX2RvbWFpbl9xdW9ydW1fcGFzc2VzIiB0aW1lPSIwLjYxNCIgLz48dGVzdGNhc2UgY2xhc3NuYW1lPSJ0ZXN0cy50ZXN0X3NwcmludDRjX3dpdG5lc3NfaW5kZXBlbmRlbmNlX2RyIiBuYW1lPSJ0ZXN0X2Nyb3NzX29wZXJhdG9yX2dvc3NpcF9kZXRlY3RzX3Nw
2026-09-10T08:15:36.1590817Z GO_EVIDENCE_B64 bGl0X3ZpZXdfYW5kX29wZW5zX2luY2lkZW50IiB0aW1lPSIwLjI2NyIgLz48dGVzdGNhc2UgY2xhc3NuYW1lPSJ0ZXN0cy50ZXN0X3NwcmludDRjX3dpdG5lc3NfaW5kZXBlbmRlbmNlX2RyIiBuYW1lPSJ0ZXN0X2NoZWNrcG9pbnRfYXJjaGl2ZV9yZWJ1aWxkX2lzX3B1YmxpY2x5X3ZlcmlmaWFibGUiIHRpbWU9IjAuMzEzIiAvPjx0ZXN0Y2FzZSBjbGFzc25hbWU9InRlc3RzLnRlc3Rfc3ByaW50NGNfd2l0bmVzc19pbmRlcGVuZGVuY2VfZHIiIG5hbWU9InRlc3Rfb3Blbl9yZWdpb25fZGlzYXN0ZXJfZm9yY2VzXzRhX2ZhaWxf
2026-09-10T08:15:36.1596157Z GO_EVIDENCE_B64 c2FmZSIgdGltZT0iMC4yNjkiIC8+PHRlc3RjYXNlIGNsYXNzbmFtZT0idGVzdHMudGVzdF9zcHJpbnQ0Y193aXRuZXNzX2luZGVwZW5kZW5jZV9kciIgbmFtZT0idGVzdF9wcm92aWRlcl9kaXNhc3Rlcl9yZWJ1aWxkX3JlcXVpcmVzX2luZGVwZW5kZW50X3dpdG5lc3NlcyIgdGltZT0iMC4yNzMiIC8+PHRlc3RjYXNlIGNsYXNzbmFtZT0idGVzdHMudGVzdF9zcHJpbnQ0Y193aXRuZXNzX2luZGVwZW5kZW5jZV9kciIgbmFtZT0idGVzdF9kaXNhc3Rlcl9jb21wbGV0aW9uX3JlcXVpcmVzX2V2ZXJ5X2FmZmVjdGVkX3JlZ2lvbl9y
2026-09-10T08:15:36.1601618Z GO_EVIDENCE_B64 ZWJ1aWx0IiB0aW1lPSIwLjI2NSIgLz48dGVzdGNhc2UgY2xhc3NuYW1lPSJ0ZXN0cy50ZXN0X3NwcmludDRjX3dpdG5lc3NfaW5kZXBlbmRlbmNlX2RyIiBuYW1lPSJ0ZXN0X2RyaWxsX3JlY29yZHNfcmVjb3ZlcnlfZXZpZGVuY2VfYWZ0ZXJfdmVyaWZpZWRfcmVidWlsZCIgdGltZT0iMC4yOTkiIC8+PHRlc3RjYXNlIGNsYXNzbmFtZT0idGVzdHMudGVzdF9zcHJpbnQ0bV9zdGF0aXN0aWNhbF9tb2RlbF9nb3Zlcm5hbmNlIiBuYW1lPSJ0ZXN0X3BvbGljeV9yZXF1aXJlc190d29fZGlzdGluY3RfYXBwcm92ZXJzIiB0aW1lPSIx
2026-09-10T08:15:36.1606980Z GO_EVIDENCE_B64 My4wOTYiIC8+PHRlc3RjYXNlIGNsYXNzbmFtZT0idGVzdHMudGVzdF9zcHJpbnQ0bV9zdGF0aXN0aWNhbF9tb2RlbF9nb3Zlcm5hbmNlIiBuYW1lPSJ0ZXN0X2xlZ2FjeV9wcm9tb3Rpb25faXNfYmxvY2tlZF93aGVuXzRtX3BvbGljeV9hY3RpdmUiIHRpbWU9IjE0LjUxMiIgLz48dGVzdGNhc2UgY2xhc3NuYW1lPSJ0ZXN0cy50ZXN0X3NwcmludDRtX3N0YXRpc3RpY2FsX21vZGVsX2dvdmVybmFuY2UiIG5hbWU9InRlc3Rfc2lnbmlmaWNhbmNlX2FuZF9taW5pbXVtX2VmZmVjdF9zaXplX2dhdGVfYm90aF9ob3Jpem9uc19hbmRf
2026-09-10T08:15:36.1612501Z GO_EVIDENCE_B64 c2VnbWVudHMiIHRpbWU9IjguODExIiAvPjx0ZXN0Y2FzZSBjbGFzc25hbWU9InRlc3RzLnRlc3Rfc3ByaW50NG1fc3RhdGlzdGljYWxfbW9kZWxfZ292ZXJuYW5jZSIgbmFtZT0idGVzdF9zYW1wbGVfb3JfZWZmZWN0X3Nob3J0ZmFsbF9ibG9ja3Nfc3RhdGlzdGljYWxfZ2F0ZSIgdGltZT0iNy40ODgiIC8+PHRlc3RjYXNlIGNsYXNzbmFtZT0idGVzdHMudGVzdF9zcHJpbnQ0bV9zdGF0aXN0aWNhbF9tb2RlbF9nb3Zlcm5hbmNlIiBuYW1lPSJ0ZXN0X3N0YWJpbGl0eV93aW5kb3dfYW5kX3NlZ21lbnRfY29uc2lzdGVuY3lfcmVx
2026-09-10T08:15:36.1617970Z GO_EVIDENCE_B64 dWlyZWRfYmVmb3JlX3Byb21vdGlvbiIgdGltZT0iMTIuMTU5IiAvPjx0ZXN0Y2FzZSBjbGFzc25hbWU9InRlc3RzLnRlc3Rfc3ByaW50NG1fc3RhdGlzdGljYWxfbW9kZWxfZ292ZXJuYW5jZSIgbmFtZT0idGVzdF9mdWxsX2dhdGVfcHJvbW90ZXNfaW50b19wcm9iYXRpb25fbm90X3N0YWJsZV9kaXJlY3RseSIgdGltZT0iOS4xNDgiIC8+PHRlc3RjYXNlIGNsYXNzbmFtZT0idGVzdHMudGVzdF9zcHJpbnQ0bV9zdGF0aXN0aWNhbF9tb2RlbF9nb3Zlcm5hbmNlIiBuYW1lPSJ0ZXN0X3Byb2JhdGlvbl9yZWdyZXNzaW9uX2F1dG9t
2026-09-10T08:15:36.1623298Z GO_EVIDENCE_B64 YXRpY2FsbHlfcm9sbHNfYmFja19wcmV2aW91c19jaGFtcGlvbiIgdGltZT0iMTMuMTIwIiAvPjx0ZXN0Y2FzZSBjbGFzc25hbWU9InRlc3RzLnRlc3Rfc3ByaW50NG1fc3RhdGlzdGljYWxfbW9kZWxfZ292ZXJuYW5jZSIgbmFtZT0idGVzdF9wcm9iYXRpb25fYmVjb21lc19zdGFibGVfb25seV9hZnRlcl93aW5kb3dfYW5kX25vX3JlZ3Jlc3Npb24iIHRpbWU9IjEzLjk0MSIgLz48dGVzdGNhc2UgY2xhc3NuYW1lPSJ0ZXN0cy50ZXN0X3NwcmludDRvX2ZvcmVjYXN0X3RyYWluaW5nX2dvdmVybmFuY2UiIG5hbWU9InRlc3RfcG9s
2026-09-10T08:15:36.1628885Z GO_EVIDENCE_B64 aWN5X21ha2VyX2NoZWNrZXIiIHRpbWU9IjAuMjQwIiAvPjx0ZXN0Y2FzZSBjbGFzc25hbWU9InRlc3RzLnRlc3Rfc3ByaW50NG9fZm9yZWNhc3RfdHJhaW5pbmdfZ292ZXJuYW5jZSIgbmFtZT0idGVzdF9mZWF0dXJlX3JlZ2lzdHJ5X2FuZF9kYXRhc2V0X3NuYXBzaG90X2FyZV92ZXJzaW9uZWRfYW5kX2hhc2hlZCIgdGltZT0iMC4yMjYiIC8+PHRlc3RjYXNlIGNsYXNzbmFtZT0idGVzdHMudGVzdF9zcHJpbnQ0b19mb3JlY2FzdF90cmFpbmluZ19nb3Zlcm5hbmNlIiBuYW1lPSJ0ZXN0X3RyYWluaW5nX2RhdGFfcXVhbGl0eV9n
2026-09-10T08:15:36.1634364Z GO_EVIDENCE_B64 YXRlX2Jsb2Nrc19iYWRfZGF0YSIgdGltZT0iMC4yOTMiIC8+PHRlc3RjYXNlIGNsYXNzbmFtZT0idGVzdHMudGVzdF9zcHJpbnQ0b19mb3JlY2FzdF90cmFpbmluZ19nb3Zlcm5hbmNlIiBuYW1lPSJ0ZXN0X2xpbmVhZ2VfYW5kX21hbmlmZXN0X2JpbmRfZGF0YXNldF9mZWF0dXJlc19jb2RlX2FuZF9zZWVkIiB0aW1lPSIwLjI2MyIgLz48dGVzdGNhc2UgY2xhc3NuYW1lPSJ0ZXN0cy50ZXN0X3NwcmludDRvX2ZvcmVjYXN0X3RyYWluaW5nX2dvdmVybmFuY2UiIG5hbWU9InRlc3RfcmVwcm9kdWNpYmlsaXR5X21pc21hdGNoX2Js
2026-09-10T08:15:36.1639798Z GO_EVIDENCE_B64 b2Nrc19tb2RlbF9idWlsZCIgdGltZT0iMC4yNzkiIC8+PHRlc3RjYXNlIGNsYXNzbmFtZT0idGVzdHMudGVzdF9zcHJpbnQ0b19mb3JlY2FzdF90cmFpbmluZ19nb3Zlcm5hbmNlIiBuYW1lPSJ0ZXN0X3JlcHJvZHVjaWJsZV9idWlsZF9iZWNvbWVzX2VsaWdpYmxlIiB0aW1lPSIwLjc3MSIgLz48dGVzdGNhc2UgY2xhc3NuYW1lPSJ0ZXN0cy50ZXN0X3NwcmludDRvX2ZvcmVjYXN0X3RyYWluaW5nX2dvdmVybmFuY2UiIG5hbWU9InRlc3RfNGxfYmFja3Rlc3RfcmVxdWlyZXNfNG9fcmVwcm9kdWNpYmxlX2J1aWxkX3doZW5fcG9s
2026-09-10T08:15:36.1645217Z GO_EVIDENCE_B64 aWN5X2FjdGl2ZSIgdGltZT0iMC4yNzQiIC8+PHRlc3RjYXNlIGNsYXNzbmFtZT0idGVzdHMudGVzdF9zcHJpbnQ0b19mb3JlY2FzdF90cmFpbmluZ19nb3Zlcm5hbmNlIiBuYW1lPSJ0ZXN0X3N1cHBsaWVyX2ZhY3RfYm91bmRhcnkiIHRpbWU9IjAuMjcxIiAvPjx0ZXN0Y2FzZSBjbGFzc25hbWU9InRlc3RzLnRlc3Rfc3ByaW50NHVfc2VnbWVudF9yZW1lZGlhdGlvbiIgbmFtZT0idGVzdF9wb2xpY3lfcmVxdWlyZXNfbWFrZXJfY2hlY2tlciIgdGltZT0iMTIuNTg1IiAvPjx0ZXN0Y2FzZSBjbGFzc25hbWU9InRlc3RzLnRlc3Rf
2026-09-10T08:15:36.1650794Z GO_EVIDENCE_B64 c3ByaW50NHVfc2VnbWVudF9yZW1lZGlhdGlvbiIgbmFtZT0idGVzdF90YXJnZXRfYmluZHNfb3JpZ2luYWxfZmFpbGVkX3NlZ21lbnQiIHRpbWU9IjEwLjQzNyIgLz48dGVzdGNhc2UgY2xhc3NuYW1lPSJ0ZXN0cy50ZXN0X3NwcmludDR1X3NlZ21lbnRfcmVtZWRpYXRpb24iIG5hbWU9InRlc3RfdGFyZ2V0X25vdF9yZXBhaXJlZF9pc19pbmVmZmVjdGl2ZSIgdGltZT0iMTAuNTc0IiAvPjx0ZXN0Y2FzZSBjbGFzc25hbWU9InRlc3RzLnRlc3Rfc3ByaW50NHVfc2VnbWVudF9yZW1lZGlhdGlvbiIgbmFtZT0idGVzdF90YXJnZXRf
2026-09-10T08:15:36.1656199Z GO_EVIDENCE_B64 cmVwYWlyX3dpdGhvdXRfcmVncmVzc2lvbl9pc19lZmZlY3RpdmUiIHRpbWU9IjEwLjM4OSIgLz48dGVzdGNhc2UgY2xhc3NuYW1lPSJ0ZXN0cy50ZXN0X3NwcmludDR1X3NlZ21lbnRfcmVtZWRpYXRpb24iIG5hbWU9InRlc3RfY3Jvc3Nfc2VnbWVudF9yZWdyZXNzaW9uX2Jsb2Nrc19wcm9tb3Rpb24iIHRpbWU9IjkuMTQxIiAvPjx0ZXN0Y2FzZSBjbGFzc25hbWU9InRlc3RzLnRlc3Rfc3ByaW50NHVfc2VnbWVudF9yZW1lZGlhdGlvbiIgbmFtZT0idGVzdF9zZXZlcmVfY3Jvc3Nfc2VnbWVudF9yZWdyZXNzaW9uX2lzX2hhcm1m
2026-09-10T08:15:36.1661899Z GO_EVIDENCE_B64 dWwiIHRpbWU9IjguNDA5IiAvPjx0ZXN0Y2FzZSBjbGFzc25hbWU9InRlc3RzLnRlc3Rfc3ByaW50NHVfc2VnbWVudF9yZW1lZGlhdGlvbiIgbmFtZT0idGVzdF9yZWZyZXNoX2NoYWxsZW5nZXJfY2Fubm90X2J5cGFzc19yZW1lZGlhdGlvbl9nYXRlIiB0aW1lPSIxMi4zNTkiIC8+PHRlc3RjYXNlIGNsYXNzbmFtZT0idGVzdHMudGVzdF9zcHJpbnQ0dV9zZWdtZW50X3JlbWVkaWF0aW9uIiBuYW1lPSJ0ZXN0X2VmZmVjdGl2ZV9yZW1lZGlhdGlvbl91bmxvY2tzX3Byb21vdGlvbl9nYXRlX2FuZF9wcmVzZXJ2ZXNfc3VwcGxpZXJf
2026-09-10T08:15:36.1667368Z GO_EVIDENCE_B64 ZmFjdCIgdGltZT0iMTUuMTcyIiAvPjx0ZXN0Y2FzZSBjbGFzc25hbWU9InRlc3RzLnRlc3RfdjYxX2FwcF9saWZlc3BhbiIgbmFtZT0idGVzdF92NjFfYXBwX2RlY2xhcmVzX2xpZmVzcGFuX3dpdGhvdXRfZGVwcmVjYXRlZF9vbl9ldmVudF9oYW5kbGVycyIgdGltZT0iMC4wMDEiIC8+PHRlc3RjYXNlIGNsYXNzbmFtZT0idGVzdHMudGVzdF92NjFfYXBwX2xpZmVzcGFuIiBuYW1lPSJ0ZXN0X3Y2MV9saWZlc3Bhbl9wcmVzZXJ2ZXNfbGVnYWN5X3N0YXJ0dXBfYm9vdHN0cmFwX3NlbWFudGljcyIgdGltZT0iMC4wMDIiIC8+PHRl
2026-09-10T08:15:36.1673004Z GO_EVIDENCE_B64 c3RjYXNlIGNsYXNzbmFtZT0idGVzdHMudGVzdF93YXZlMDRfdjcwX3JlbGVhc2VfZ2F0ZV9jb250cmFjdCIgbmFtZT0idGVzdF92NzBfaXNfdW5pcXVlX2NvbnRyb2xsaW5nX3NvbHV0aW9uX21hc3RlciIgdGltZT0iMC4wODYiIC8+PHRlc3RjYXNlIGNsYXNzbmFtZT0idGVzdHMudGVzdF93YXZlMDRfdjcwX3JlbGVhc2VfZ2F0ZV9jb250cmFjdCIgbmFtZT0idGVzdF9zb3VyY2VfY2FuZGlkYXRlX2hlYWRfaXNfMDExNF9hbmRfbm90X3N0YWdpbmdfZmFjdCIgdGltZT0iMC4wODkiIC8+PHRlc3RjYXNlIGNsYXNzbmFtZT0idGVz
2026-09-10T08:15:36.1678568Z GO_EVIDENCE_B64 dHMudGVzdF93YXZlMDRfdjcwX3JlbGVhc2VfZ2F0ZV9jb250cmFjdCIgbmFtZT0idGVzdF9yZWxlYXNlX2NhbmRpZGF0ZV9tYW5pZmVzdF9oYXNfc2FtZV9taWdyYXRpb25fdHJ1dGhfc3BsaXQiIHRpbWU9IjAuMDg4IiAvPjx0ZXN0Y2FzZSBjbGFzc25hbWU9InRlc3RzLnRlc3Rfd2F2ZTA0X3Y3MF9yZWxlYXNlX2dhdGVfY29udHJhY3QiIG5hbWU9InRlc3Rfd2F2ZTA3X2ZyZzAyX3JlbGVhc2VfaWRlbnRpdHlfYmluZHNfd2F2ZTA3X3BhcmVudF9zaGEiIHRpbWU9IjAuMDg3IiAvPjx0ZXN0Y2FzZSBjbGFzc25hbWU9InRlc3Rz
2026-09-10T08:15:36.1684312Z GO_EVIDENCE_B64 LnRlc3Rfd2F2ZTA0X3Y3MF9yZWxlYXNlX2dhdGVfY29udHJhY3QiIG5hbWU9InRlc3Rfd2F2ZTA3X2ZyZzAyX2JpbmRpbmdfaXNfbm90X2RlcGxveWVkX2FuZF9oYXNfc291cmNlX3NoYSIgdGltZT0iMC4wOTAiIC8+PHRlc3RjYXNlIGNsYXNzbmFtZT0idGVzdHMudGVzdF93YXZlMDRfdjcwX3JlbGVhc2VfZ2F0ZV9jb250cmFjdCIgbmFtZT0idGVzdF92NzBfZ2F0ZV9pc19hdXRob3JpdGF0aXZlX2FuZF9wcmVzZW50IiB0aW1lPSIwLjA5NCIgLz48dGVzdGNhc2UgY2xhc3NuYW1lPSJ0ZXN0cy50ZXN0X3dhdmUwNF92NzBfcmVs
2026-09-10T08:15:36.1689805Z GO_EVIDENCE_B64 ZWFzZV9nYXRlX2NvbnRyYWN0IiBuYW1lPSJ0ZXN0XzAxMTNfMDExNF9taWdyYXRpb25fYnl0ZXNfYXJlX2F1ZGl0X2Zyb3plbiIgdGltZT0iMC4wOTAiIC8+PHRlc3RjYXNlIGNsYXNzbmFtZT0idGVzdHMud29ya2JlbmNoLnRlc3RfZ29fcGFyYWxsZWxfd29ya2JlbmNoX2J1aWxkMDEiIG5hbWU9InRlc3RfZm91cnRlZW5fd29ya3NwYWNlc19hbmRfc2V2ZW5fbGFuZXMiIHRpbWU9IjAuMDg4IiAvPjx0ZXN0Y2FzZSBjbGFzc25hbWU9InRlc3RzLndvcmtiZW5jaC50ZXN0X2dvX3BhcmFsbGVsX3dvcmtiZW5jaF9idWlsZDAxIiBu
2026-09-10T08:15:36.1695214Z GO_EVIDENCE_B64 YW1lPSJ0ZXN0X2VhY2hfd29ya3NwYWNlX2hhc19pbmRlcGVuZGVudF9icmFuY2hfYW5kX3dvcmt0cmVlX3ByZWZpeCIgdGltZT0iMC4wODkiIC8+PHRlc3RjYXNlIGNsYXNzbmFtZT0idGVzdHMud29ya2JlbmNoLnRlc3RfZ29fcGFyYWxsZWxfd29ya2JlbmNoX2J1aWxkMDEiIG5hbWU9InRlc3RfZGVjb21wb3NpdGlvbl9idWlsZHNfaXNvbGF0ZWRfd29ya2l0ZW1zIiB0aW1lPSIwLjA4NyIgLz48dGVzdGNhc2UgY2xhc3NuYW1lPSJ0ZXN0cy53b3JrYmVuY2gudGVzdF9nb19wYXJhbGxlbF93b3JrYmVuY2hfYnVpbGQwMSIgbmFt
2026-09-10T08:15:36.1700669Z GO_EVIDENCE_B64 ZT0idGVzdF9jcm9zc19vd25lZF9wYXRoX2lzX2Jsb2NrZWQiIHRpbWU9IjAuMDg1IiAvPjx0ZXN0Y2FzZSBjbGFzc25hbWU9InRlc3RzLndvcmtiZW5jaC50ZXN0X2dvX3BhcmFsbGVsX3dvcmtiZW5jaF9idWlsZDAxIiBuYW1lPSJ0ZXN0X2MxNF9jYW5ub3RfbXV0YXRlX2J1c2luZXNzX3RydXRoX3BhdGhzIiB0aW1lPSIwLjA4NyIgLz48dGVzdGNhc2UgY2xhc3NuYW1lPSJ0ZXN0cy53b3JrYmVuY2gudGVzdF9nb19wYXJhbGxlbF93b3JrYmVuY2hfYnVpbGQwMSIgbmFtZT0idGVzdF9kZXBlbmRlbmN5X2N5Y2xlX2ZhaWxzX2Ns
2026-09-10T08:15:36.1706050Z GO_EVIDENCE_B64 b3NlZCIgdGltZT0iMC4wOTQiIC8+PHRlc3RjYXNlIGNsYXNzbmFtZT0idGVzdHMud29ya2JlbmNoLnRlc3RfZ29fcGFyYWxsZWxfd29ya2JlbmNoX2J1aWxkMDEiIG5hbWU9InRlc3RfYzA5X2NvbnN0aXR1dGlvbmFsX2Fzc2V0c19wcm90ZWN0ZWRfZnJvbV9vdGhlcl9jZWxscyIgdGltZT0iMC4wOTIiIC8+PHRlc3RjYXNlIGNsYXNzbmFtZT0idGVzdHMud29ya2JlbmNoLnRlc3RfZ29fcGFyYWxsZWxfd29ya2JlbmNoX2J1aWxkMDEiIG5hbWU9InRlc3RfbWVyZ2VfcmVxdWlyZXNfYWxsX2dhdGVzIiB0aW1lPSIwLjA5MCIgLz48
2026-09-10T08:15:36.1711607Z GO_EVIDENCE_B64 dGVzdGNhc2UgY2xhc3NuYW1lPSJ0ZXN0cy53b3JrYmVuY2gudGVzdF9nb19wYXJhbGxlbF93b3JrYmVuY2hfYnVpbGQwMSIgbmFtZT0idGVzdF9jMTNfbXVzdF9iZV9pbmRlcGVuZGVudF9xYSIgdGltZT0iMC4wOTAiIC8+PHRlc3RjYXNlIGNsYXNzbmFtZT0idGVzdHMud29ya2JlbmNoLnRlc3RfZ29fcGFyYWxsZWxfd29ya2JlbmNoX2J1aWxkMDEiIG5hbWU9InRlc3RfYzE0X211c3RfcmV2aWV3X2xlZ2FsX2dhdGUiIHRpbWU9IjAuMDkxIiAvPjx0ZXN0Y2FzZSBjbGFzc25hbWU9InRlc3RzLndvcmtiZW5jaC50ZXN0X2dvX3Bh
2026-09-10T08:15:36.1717077Z GO_EVIDENCE_B64 cmFsbGVsX3dvcmtiZW5jaF9idWlsZDAxIiBuYW1lPSJ0ZXN0X3ZhbGlkX2NhbmRpZGF0ZV9jYW5fbWVyZ2UiIHRpbWU9IjAuMDg3IiAvPjx0ZXN0Y2FzZSBjbGFzc25hbWU9InRlc3RzLndvcmtiZW5jaC50ZXN0X2dvX3BhcmFsbGVsX3dvcmtiZW5jaF9idWlsZDAxIiBuYW1lPSJ0ZXN0X3BhcmFsbGVsX2NhbmRpZGF0ZV9wYXRoX2NvbGxpc2lvbl9mYWlscyIgdGltZT0iMC4wOTAiIC8+PHRlc3RjYXNlIGNsYXNzbmFtZT0idGVzdHMud29ya2JlbmNoLnRlc3Rfd2F2ZTA3X21jMDFfb3duZWRfcGF0aF9jbG9zdXJlIiBuYW1lPSJ0
2026-09-10T08:15:36.1722569Z GO_EVIDENCE_B64 ZXN0X2V4YWN0X29uYm9hcmRpbmdfaW50ZWdyYXRpb25faXNfYzEyX293bmVkX3dpdGhvdXRfc2VydmljZXNfZGlyZWN0b3J5X3RyYW5zZmVyIiB0aW1lPSIwLjA4OCIgLz48dGVzdGNhc2UgY2xhc3NuYW1lPSJ0ZXN0cy53b3JrYmVuY2gudGVzdF93YXZlMDdfbWMwMV9vd25lZF9wYXRoX2Nsb3N1cmUiIG5hbWU9InRlc3RfYzAxX2Nhbm5vdF9idWlsZF9jYXJ2ZWRfb3V0X29uYm9hcmRpbmdfc2VydmljZSIgdGltZT0iMC4wODUiIC8+PHRlc3RjYXNlIGNsYXNzbmFtZT0idGVzdHMud29ya2JlbmNoLnRlc3Rfd2F2ZTA3X21jMDFf
2026-09-10T08:15:36.1728229Z GO_EVIDENCE_B64 b3duZWRfcGF0aF9jbG9zdXJlIiBuYW1lPSJ0ZXN0X2MxMl9jYW5fYnVpbGRfb25seV90aGVfd2F2ZTA3X2ludGVncmF0aW9uX3BhdGhzIiB0aW1lPSIwLjA5MCIgLz48dGVzdGNhc2UgY2xhc3NuYW1lPSJ0ZXN0cy53b3JrYmVuY2gudGVzdF93YXZlMDdfbWMwMV9vd25lZF9wYXRoX2Nsb3N1cmUiIG5hbWU9InRlc3Rfb3duZXJzaGlwX2NvbnRyYWN0X21hdGNoZXNfbWFjaGluZV9yZWdpc3RyeSIgdGltZT0iMC4wODciIC8+PHRlc3RjYXNlIGNsYXNzbmFtZT0idGVzdHMud29ya2JlbmNoLnRlc3Rfd2F2ZTA3X21jMDFfb3duZWRf
2026-09-10T08:15:36.1734355Z GO_EVIDENCE_B64 cGF0aF9jbG9zdXJlIiBuYW1lPSJ0ZXN0X3dhdmUwN19jYW5kaWRhdGVfc2NvcGVfaXNfbWVyZ2VfY29udHJvbGxlcl9vd25lZF9wYXRoX3ZhbGlkIiB0aW1lPSIwLjA4OCIgLz48dGVzdGNhc2UgY2xhc3NuYW1lPSJ0ZXN0cy53b3JrYmVuY2gudGVzdF93YXZlMDdfcHJvdmlkZXJfb25ib2FyZGluZ19nb3Zlcm5hbmNlX3YxIiBuYW1lPSJ0ZXN0X3AxXzAxX2xlZ2FjeV9zZWNyZXRfd3JpdGVfaXNfaGFyZF9ibG9ja2VkX2JlZm9yZV9kYl9hY2Nlc3MiIHRpbWU9IjAuMDg3IiAvPjx0ZXN0Y2FzZSBjbGFzc25hbWU9InRlc3RzLndv
2026-09-10T08:15:36.1740086Z GO_EVIDENCE_B64 cmtiZW5jaC50ZXN0X3dhdmUwN19wcm92aWRlcl9vbmJvYXJkaW5nX2dvdmVybmFuY2VfdjEiIG5hbWU9InRlc3RfcDFfMDJfbWFwcGluZ19nb3Zlcm5hbmNlX2lzX3ZlcnRpY2FsX25ldXRyYWxfZm9yX2FsbF9zaXhfdmVydGljYWxzIiB0aW1lPSIwLjA5MCIgLz48dGVzdGNhc2UgY2xhc3NuYW1lPSJ0ZXN0cy53b3JrYmVuY2gudGVzdF93YXZlMDdfcHJvdmlkZXJfb25ib2FyZGluZ19nb3Zlcm5hbmNlX3YxIiBuYW1lPSJ0ZXN0X21hcHBpbmdfbWlzc2luZ19zZWN0aW9uX2Jsb2Nrc19wcm9ncmVzc193aXRoX2RldGVybWluaXN0
2026-09-10T08:15:36.1745527Z GO_EVIDENCE_B64 aWNfYmxvY2tlciIgdGltZT0iMC4wOTAiIC8+PHRlc3RjYXNlIGNsYXNzbmFtZT0idGVzdHMud29ya2JlbmNoLnRlc3Rfd2F2ZTA3X3Byb3ZpZGVyX29uYm9hcmRpbmdfZ292ZXJuYW5jZV92MSIgbmFtZT0idGVzdF9wMV8wM19yZWFkaW5lc3NfZWxpZ2liaWxpdHlfaXNfc2FuZGJveF9vbmx5X2FuZF9uZXZlcl9saXZlIiB0aW1lPSIwLjA4OSIgLz48dGVzdGNhc2UgY2xhc3NuYW1lPSJ0ZXN0cy53b3JrYmVuY2gudGVzdF93YXZlMDdfcHJvdmlkZXJfb25ib2FyZGluZ19nb3Zlcm5hbmNlX3YxIiBuYW1lPSJ0ZXN0X2FpX2Nhbm5v
2026-09-10T08:15:36.1751063Z GO_EVIDENCE_B64 dF9ncmFudF9wcm92aWRlcl9lbGlnaWJpbGl0eSIgdGltZT0iMC4wODkiIC8+PHRlc3RjYXNlIGNsYXNzbmFtZT0idGVzdHMud29ya2JlbmNoLnRlc3Rfd2F2ZTA3X3Byb3ZpZGVyX29uYm9hcmRpbmdfZ292ZXJuYW5jZV92MSIgbmFtZT0idGVzdF9yZWNlcnRpZmljYXRpb25fdHJpZ2dlcl9pc19mYWlsX2Nsb3NlZF9mb3JfYWxsX2dvdmVybmVkX2RyaWZ0W2NvbnRyYWN0XSIgdGltZT0iMC4wODYiIC8+PHRlc3RjYXNlIGNsYXNzbmFtZT0idGVzdHMud29ya2JlbmNoLnRlc3Rfd2F2ZTA3X3Byb3ZpZGVyX29uYm9hcmRpbmdfZ292
2026-09-10T08:15:36.1756460Z GO_EVIDENCE_B64 ZXJuYW5jZV92MSIgbmFtZT0idGVzdF9yZWNlcnRpZmljYXRpb25fdHJpZ2dlcl9pc19mYWlsX2Nsb3NlZF9mb3JfYWxsX2dvdmVybmVkX2RyaWZ0W21hcHBpbmddIiB0aW1lPSIwLjA4NyIgLz48dGVzdGNhc2UgY2xhc3NuYW1lPSJ0ZXN0cy53b3JrYmVuY2gudGVzdF93YXZlMDdfcHJvdmlkZXJfb25ib2FyZGluZ19nb3Zlcm5hbmNlX3YxIiBuYW1lPSJ0ZXN0X3JlY2VydGlmaWNhdGlvbl90cmlnZ2VyX2lzX2ZhaWxfY2xvc2VkX2Zvcl9hbGxfZ292ZXJuZWRfZHJpZnRbY3JlZGVudGlhbF0iIHRpbWU9IjAuMDg4IiAvPjx0ZXN0
2026-09-10T08:15:36.1761992Z GO_EVIDENCE_B64 Y2FzZSBjbGFzc25hbWU9InRlc3RzLndvcmtiZW5jaC50ZXN0X3dhdmUwN19wcm92aWRlcl9vbmJvYXJkaW5nX2dvdmVybmFuY2VfdjEiIG5hbWU9InRlc3RfcmVjZXJ0aWZpY2F0aW9uX3RyaWdnZXJfaXNfZmFpbF9jbG9zZWRfZm9yX2FsbF9nb3Zlcm5lZF9kcmlmdFtleHBpcnldIiB0aW1lPSIwLjA5MyIgLz48dGVzdGNhc2UgY2xhc3NuYW1lPSJ0ZXN0cy53b3JrYmVuY2gudGVzdF93YXZlMDdfcHJvdmlkZXJfb25ib2FyZGluZ19nb3Zlcm5hbmNlX3YxIiBuYW1lPSJ0ZXN0X3JlY2VydGlmaWNhdGlvbl90cmlnZ2VyX2lzX2Zh
2026-09-10T08:15:36.1766523Z GO_EVIDENCE_B64 aWxfY2xvc2VkX2Zvcl9hbGxfZ292ZXJuZWRfZHJpZnRbcmV2b2NhdGlvbl0iIHRpbWU9IjAuMDkxIiAvPjx0ZXN0Y2FzZSBjbGFzc25hbWU9InRlc3RzLndvcmtiZW5jaC50ZXN0X3dhdmUwN19wcm92aWRlcl9vbmJvYXJkaW5nX2dvdmVybmFuY2VfdjEiIG5hbWU9InRlc3RfaWxsZWdhbF9zdGF0ZV9qdW1wX2lzX3JlamVjdGVkIiB0aW1lPSIwLjA5MiIgLz48L3Rlc3RzdWl0ZT48L3Rlc3RzdWl0ZXM+
2026-09-10T08:15:36.1768561Z GO_EVIDENCE_FILE_END backend-full.xml
2026-09-10T08:15:36.1769208Z GO_EVIDENCE_FILE_BEGIN backend-inventory.json 356339 6248527a15be7d6452866493a558e7346367fcd569e605ffd22618601b933016
2026-09-10T08:15:36.1772555Z GO_EVIDENCE_B64 ewogICJjYW5kaWRhdGUiOiAiN2JkOThkYjIxZWU5NTBhZWI5MWMxMmIyOTZiMTg2NGI1YTc1OGMzZiIsCiAgInNvdXJjZV90cmVlX3NoYTI1NiI6ICJjNThlZGIwYzA1NjhjM2Y5ZmU4MGJhMDE0YzI2MDUxM2EwN2E4ZTc0YjIxMWI2MDhhZGU0ZDkwNTJmODY0NWIzIiwKICAic2hhcmQiOiAyLAogICJ0b3RhbF9zaGFyZHMiOiA0LAogICJhbGxfbm9kZWlkcyI6IFsKICAgICJ0ZXN0cy9hdXRvbm9teS90ZXN0X2RlcHRoMDhfZHVyYWJsZS5weTo6dGVzdF9ldmVyeV9jZWxsX3BlcnNpc3RzX2FuZF9yZXN1bWVzX2NvbW1pdHRlZF9z
2026-09-10T08:15:36.1778126Z GO_EVIDENCE_B64 dGVwX3dpdGhvdXRfZHVwbGljYXRlW0MwMV0iLAogICAgInRlc3RzL2F1dG9ub215L3Rlc3RfZGVwdGgwOF9kdXJhYmxlLnB5Ojp0ZXN0X2V2ZXJ5X2NlbGxfcGVyc2lzdHNfYW5kX3Jlc3VtZXNfY29tbWl0dGVkX3N0ZXBfd2l0aG91dF9kdXBsaWNhdGVbQzAyXSIsCiAgICAidGVzdHMvYXV0b25vbXkvdGVzdF9kZXB0aDA4X2R1cmFibGUucHk6OnRlc3RfZXZlcnlfY2VsbF9wZXJzaXN0c19hbmRfcmVzdW1lc19jb21taXR0ZWRfc3RlcF93aXRob3V0X2R1cGxpY2F0ZVtDMDNdIiwKICAgICJ0ZXN0cy9hdXRvbm9teS90ZXN0X2Rl
2026-09-10T08:15:36.1783903Z GO_EVIDENCE_B64 cHRoMDhfZHVyYWJsZS5weTo6dGVzdF9ldmVyeV9jZWxsX3BlcnNpc3RzX2FuZF9yZXN1bWVzX2NvbW1pdHRlZF9zdGVwX3dpdGhvdXRfZHVwbGljYXRlW0MwNF0iLAogICAgInRlc3RzL2F1dG9ub215L3Rlc3RfZGVwdGgwOF9kdXJhYmxlLnB5Ojp0ZXN0X2V2ZXJ5X2NlbGxfcGVyc2lzdHNfYW5kX3Jlc3VtZXNfY29tbWl0dGVkX3N0ZXBfd2l0aG91dF9kdXBsaWNhdGVbQzA1XSIsCiAgICAidGVzdHMvYXV0b25vbXkvdGVzdF9kZXB0aDA4X2R1cmFibGUucHk6OnRlc3RfZXZlcnlfY2VsbF9wZXJzaXN0c19hbmRfcmVzdW1lc19j
2026-09-10T08:15:36.1789414Z GO_EVIDENCE_B64 b21taXR0ZWRfc3RlcF93aXRob3V0X2R1cGxpY2F0ZVtDMDZdIiwKICAgICJ0ZXN0cy9hdXRvbm9teS90ZXN0X2RlcHRoMDhfZHVyYWJsZS5weTo6dGVzdF9ldmVyeV9jZWxsX3BlcnNpc3RzX2FuZF9yZXN1bWVzX2NvbW1pdHRlZF9zdGVwX3dpdGhvdXRfZHVwbGljYXRlW0MwN10iLAogICAgInRlc3RzL2F1dG9ub215L3Rlc3RfZGVwdGgwOF9kdXJhYmxlLnB5Ojp0ZXN0X2V2ZXJ5X2NlbGxfcGVyc2lzdHNfYW5kX3Jlc3VtZXNfY29tbWl0dGVkX3N0ZXBfd2l0aG91dF9kdXBsaWNhdGVbQzA4XSIsCiAgICAidGVzdHMvYXV0b25v
2026-09-10T08:15:36.1794808Z GO_EVIDENCE_B64 bXkvdGVzdF9kZXB0aDA4X2R1cmFibGUucHk6OnRlc3RfZXZlcnlfY2VsbF9wZXJzaXN0c19hbmRfcmVzdW1lc19jb21taXR0ZWRfc3RlcF93aXRob3V0X2R1cGxpY2F0ZVtDMDldIiwKICAgICJ0ZXN0cy9hdXRvbm9teS90ZXN0X2RlcHRoMDhfZHVyYWJsZS5weTo6dGVzdF9ldmVyeV9jZWxsX3BlcnNpc3RzX2FuZF9yZXN1bWVzX2NvbW1pdHRlZF9zdGVwX3dpdGhvdXRfZHVwbGljYXRlW0MxMF0iLAogICAgInRlc3RzL2F1dG9ub215L3Rlc3RfZGVwdGgwOF9kdXJhYmxlLnB5Ojp0ZXN0X2V2ZXJ5X2NlbGxfcGVyc2lzdHNfYW5k
2026-09-10T08:15:36.1800262Z GO_EVIDENCE_B64 X3Jlc3VtZXNfY29tbWl0dGVkX3N0ZXBfd2l0aG91dF9kdXBsaWNhdGVbQzExXSIsCiAgICAidGVzdHMvYXV0b25vbXkvdGVzdF9kZXB0aDA4X2R1cmFibGUucHk6OnRlc3RfZXZlcnlfY2VsbF9wZXJzaXN0c19hbmRfcmVzdW1lc19jb21taXR0ZWRfc3RlcF93aXRob3V0X2R1cGxpY2F0ZVtDMTJdIiwKICAgICJ0ZXN0cy9hdXRvbm9teS90ZXN0X2RlcHRoMDhfZHVyYWJsZS5weTo6dGVzdF9ldmVyeV9jZWxsX3BlcnNpc3RzX2FuZF9yZXN1bWVzX2NvbW1pdHRlZF9zdGVwX3dpdGhvdXRfZHVwbGljYXRlW0MxM10iLAogICAgInRl
2026-09-10T08:15:36.1805634Z GO_EVIDENCE_B64 c3RzL2F1dG9ub215L3Rlc3RfZGVwdGgwOF9kdXJhYmxlLnB5Ojp0ZXN0X2V2ZXJ5X2NlbGxfcGVyc2lzdHNfYW5kX3Jlc3VtZXNfY29tbWl0dGVkX3N0ZXBfd2l0aG91dF9kdXBsaWNhdGVbQzE0XSIsCiAgICAidGVzdHMvYXV0b25vbXkvdGVzdF9kZXB0aDA4X2R1cmFibGUucHk6OnRlc3Rfc2FtZV9rZXlfY2Fubm90X2NoYW5nZV9yZXF1ZXN0W3BheWxvYWQtdmFsdWUwXSIsCiAgICAidGVzdHMvYXV0b25vbXkvdGVzdF9kZXB0aDA4X2R1cmFibGUucHk6OnRlc3Rfc2FtZV9rZXlfY2Fubm90X2NoYW5nZV9yZXF1ZXN0W21heF9h
2026-09-10T08:15:36.1814526Z GO_EVIDENCE_B64 dHRlbXB0cy0zXSIsCiAgICAidGVzdHMvYXV0b25vbXkvdGVzdF9kZXB0aDA4X2R1cmFibGUucHk6OnRlc3RfcGFyYWxsZWxfc3VibWl0X2FuZF9jbGFpbV9oYXZlX29uZV9lZmZlY3QiLAogICAgInRlc3RzL2F1dG9ub215L3Rlc3RfZGVwdGgwOF9kdXJhYmxlLnB5Ojp0ZXN0X3JldHJ5X3JvbGxzX2JhY2tfZWZmZWN0X2FuZF9zdG9wc19hdF9idWRnZXQiLAogICAgInRlc3RzL2F1dG9ub215L3Rlc3RfZGVwdGgwOF9kdXJhYmxlLnB5Ojp0ZXN0X3JldHJ5X2hhc19wZXJzaXN0ZWRfYmFja29mZiIsCiAgICAidGVzdHMvYXV0b25v
2026-09-10T08:15:36.1824467Z GO_EVIDENCE_B64 bXkvdGVzdF9kZXB0aDA4X2R1cmFibGUucHk6OnRlc3RfdW5rbm93bl9oYW5kbGVyX2FuZF9uZXdfdmVyc2lvbl9ob2xkX2V4aXN0aW5nX3Rhc2siLAogICAgInRlc3RzL2F1dG9ub215L3Rlc3RfZGVwdGgwOF9kdXJhYmxlLnB5Ojp0ZXN0X3BhdXNlX3Jlc3VtZV9hbmRfY2FuY2VsX2ZlbmNlX29sZF93b3JrZXIiLAogICAgInRlc3RzL2F1dG9ub215L3Rlc3RfZGVwdGgwOF9kdXJhYmxlLnB5Ojp0ZXN0X3JvbGVfcmV2b2tlZF9hZnRlcl9maXJzdF9jaGVja3BvaW50X3ByZXZlbnRzX25leHRfc3RlcCIsCiAgICAidGVzdHMvYXV0
2026-09-10T08:15:36.1834483Z GO_EVIDENCE_B64 b25vbXkvdGVzdF9kZXB0aDA4X2R1cmFibGUucHk6OnRlc3Rfc3RhbmRpbmdfcXVhbGlmaWNhdGlvbl9zdXJ2aXZlc19yZXN0YXJ0X2FuZF9sb3NzX3N0b3BzX3JldHJ5W3Jldm9rZV0iLAogICAgInRlc3RzL2F1dG9ub215L3Rlc3RfZGVwdGgwOF9kdXJhYmxlLnB5Ojp0ZXN0X3N0YW5kaW5nX3F1YWxpZmljYXRpb25fc3Vydml2ZXNfcmVzdGFydF9hbmRfbG9zc19zdG9wc19yZXRyeVtleHBpcmVdIiwKICAgICJ0ZXN0cy9hdXRvbm9teS90ZXN0X2RlcHRoMDhfZHVyYWJsZS5weTo6dGVzdF9jMTNfY2Fubm90X3NlbGZfcXVhbGlm
2026-09-10T08:15:36.1845054Z GO_EVIDENCE_B64 eSIsCiAgICAidGVzdHMvYXV0b25vbXkvdGVzdF9kZXB0aDA4X2R1cmFibGUucHk6OnRlc3RfYzE0X2Nhbm5vdF9iZV9ieXBhc3NlZF9pbl9kdXJhYmxlX2V4ZWN1dGlvbltjaGFuZ2UwLUNST1NTX0RPTUFJTl9UUlVUSF9NVVRBVElPTl9ERU5JRURdIiwKICAgICJ0ZXN0cy9hdXRvbm9teS90ZXN0X2RlcHRoMDhfZHVyYWJsZS5weTo6dGVzdF9jMTRfY2Fubm90X2JlX2J5cGFzc2VkX2luX2R1cmFibGVfZXhlY3V0aW9uW2NoYW5nZTEtU0VMRl9FTVBPV0VSTUVOVF9QUk9ISUJJVEVEXSIsCiAgICAidGVzdHMvYXV0b25vbXkvdGVz
2026-09-10T08:15:36.1856495Z GO_EVIDENCE_B64 dF9kZXB0aDA4X2R1cmFibGUucHk6OnRlc3RfYzE0X2Nhbm5vdF9iZV9ieXBhc3NlZF9pbl9kdXJhYmxlX2V4ZWN1dGlvbltjaGFuZ2UyLUFVVE9OT01ZX1FVQUxJRklDQVRJT05fTUlTU0lOR10iLAogICAgInRlc3RzL2F1dG9ub215L3Rlc3RfZGVwdGgwOF9kdXJhYmxlLnB5Ojp0ZXN0X2MxNF9jYW5ub3RfYmVfYnlwYXNzZWRfaW5fZHVyYWJsZV9leGVjdXRpb25bY2hhbmdlMy1MRUdBTF9IT0xEXSIsCiAgICAidGVzdHMvYXV0b25vbXkvdGVzdF9kZXB0aDA4X2R1cmFibGUucHk6OnRlc3RfY29uZGl0aW9uYWxfbGVnYWxfYWxs
2026-09-10T08:15:36.1867136Z GO_EVIDENCE_B64 b3dfaXNfbm90X2V4ZWN1dGFibGVfd2l0aG91dF9zYXRpc2ZpZXIiLAogICAgInRlc3RzL2F1dG9ub215L3Rlc3RfZGVwdGgwOF9kdXJhYmxlLnB5Ojp0ZXN0X2V4cGlyZWRfYW5kX3dyb25nX3Rva2VuX2hlYXJ0YmVhdHNfZG9fbm90X3Jlc3VycmVjdF9sZWFzZSIsCiAgICAidGVzdHMvYXV0b25vbXkvdGVzdF9kZXB0aDA4X2R1cmFibGUucHk6OnRlc3RfY2hlY2twb2ludHNfZGV0ZWN0X2NvcnJ1cHRpb24iLAogICAgInRlc3RzL2F1dG9ub215L3Rlc3RfZGVwdGgwOF9kdXJhYmxlLnB5Ojp0ZXN0X3JlcXVlc3RfdGFtcGVyaW5n
2026-09-10T08:15:36.1878158Z GO_EVIDENCE_B64 X2lzX3JlamVjdGVkX2JlZm9yZV9lZmZlY3QiLAogICAgInRlc3RzL2F1dG9ub215L3Rlc3RfZGVwdGgwOF9kdXJhYmxlLnB5Ojp0ZXN0X2xvY2FsX3N0ZXBfZXhwaXJpbmdfYmVmb3JlX2NvbW1pdF9yb2xsc19iYWNrIiwKICAgICJ0ZXN0cy9hdXRvbm9teS90ZXN0X2RlcHRoMDhfZHVyYWJsZS5weTo6dGVzdF9lbnZpcm9ubWVudF9zY29wZV9pc29sYXRpb25fYW5kX3Byb2R1Y3Rpb25fZ2F0ZSIsCiAgICAidGVzdHMvYXV0b25vbXkvdGVzdF9kZXB0aDA4X2R1cmFibGUucHk6OnRlc3RfZXh0ZXJuYWxfYW1iaWd1b3VzX291dGNv
2026-09-10T08:15:36.1888934Z GO_EVIDENCE_B64 bWVfaXNfcmVjb25jaWxlZF93aXRob3V0X3Jlc2VuZFtTVUNDRUVERURdIiwKICAgICJ0ZXN0cy9hdXRvbm9teS90ZXN0X2RlcHRoMDhfZHVyYWJsZS5weTo6dGVzdF9leHRlcm5hbF9hbWJpZ3VvdXNfb3V0Y29tZV9pc19yZWNvbmNpbGVkX3dpdGhvdXRfcmVzZW5kW1VOS05PV05dIiwKICAgICJ0ZXN0cy9hdXRvbm9teS90ZXN0X2RlcHRoMDhfZHVyYWJsZS5weTo6dGVzdF9leHRlcm5hbF9hbWJpZ3VvdXNfb3V0Y29tZV9pc19yZWNvbmNpbGVkX3dpdGhvdXRfcmVzZW5kW0ZBSUxFRF0iLAogICAgInRlc3RzL2F1dG9ub215L3Rl
2026-09-10T08:15:36.1899370Z GO_EVIDENCE_B64 c3RfZGVwdGgwOF9kdXJhYmxlLnB5Ojp0ZXN0X2V4dGVybmFsX3JlY29uY2lsaWF0aW9uX3JlamVjdHNfdW5ib3VuZF9yZWNlaXB0IiwKICAgICJ0ZXN0cy9hdXRvbm9teS90ZXN0X2RlcHRoMDhfZHVyYWJsZS5weTo6dGVzdF9zaWdraWxsX3JlY292ZXJ5X3VzZXNfZGF0YWJhc2Vfbm90X3Byb2Nlc3NfbWVtb3J5W2FmdGVyX2NsYWltXSIsCiAgICAidGVzdHMvYXV0b25vbXkvdGVzdF9kZXB0aDA4X2R1cmFibGUucHk6OnRlc3Rfc2lna2lsbF9yZWNvdmVyeV91c2VzX2RhdGFiYXNlX25vdF9wcm9jZXNzX21lbW9yeVtpbnNpZGVf
2026-09-10T08:15:36.1909990Z GO_EVIDENCE_B64 dHJhbnNhY3Rpb25dIiwKICAgICJ0ZXN0cy9hdXRvbm9teS90ZXN0X2RlcHRoMDhfZHVyYWJsZS5weTo6dGVzdF9zaWdraWxsX3JlY292ZXJ5X3VzZXNfZGF0YWJhc2Vfbm90X3Byb2Nlc3NfbWVtb3J5W2FmdGVyX2NoZWNrcG9pbnRdIiwKICAgICJ0ZXN0cy9hdXRvbm9teS90ZXN0X2RlcHRoMDhfZHVyYWJsZS5weTo6dGVzdF9wcm9jZXNzX2RpZXNfYWZ0ZXJfcHJvdmlkZXJfZWZmZWN0X25ldmVyX3JlZGlzcGF0Y2hlcyIsCiAgICAidGVzdHMvYXV0b25vbXkvdGVzdF9kZXB0aDE2X2N1cnJlbnRfYXV0aG9yaXR5LnB5Ojp0ZXN0
2026-09-10T08:15:36.1920959Z GO_EVIDENCE_B64 X2N1cnJlbnRfaW5kZXBlbmRlbnRfcXVhbGlmaWNhdGlvbl9wZXJtaXRzX3JlcGVhdGVkX2luX3Njb3BlX2RlY2lzaW9ucyIsCiAgICAidGVzdHMvYXV0b25vbXkvdGVzdF9kZXB0aDE2X2N1cnJlbnRfYXV0aG9yaXR5LnB5Ojp0ZXN0X21pc3Npbmdfb3Jfc3RhbGVfcXVhbGlmaWNhdGlvbl9pc19pbnNwZWN0YWJsZV9idXRfY2Fubm90X2V4ZWN1dGVbY2hhbmdlczAtQVVUT05PTVlfUVVBTElGSUNBVElPTl9WQUxJRElUWV9SRVFVSVJFRF0iLAogICAgInRlc3RzL2F1dG9ub215L3Rlc3RfZGVwdGgxNl9jdXJyZW50X2F1dGhvcml0
2026-09-10T08:15:36.1931924Z GO_EVIDENCE_B64 eS5weTo6dGVzdF9taXNzaW5nX29yX3N0YWxlX3F1YWxpZmljYXRpb25faXNfaW5zcGVjdGFibGVfYnV0X2Nhbm5vdF9leGVjdXRlW2NoYW5nZXMxLUFVVE9OT01ZX1FVQUxJRklDQVRJT05fTk9UX1lFVF9WQUxJRF0iLAogICAgInRlc3RzL2F1dG9ub215L3Rlc3RfZGVwdGgxNl9jdXJyZW50X2F1dGhvcml0eS5weTo6dGVzdF9taXNzaW5nX29yX3N0YWxlX3F1YWxpZmljYXRpb25faXNfaW5zcGVjdGFibGVfYnV0X2Nhbm5vdF9leGVjdXRlW2NoYW5nZXMyLUFVVE9OT01ZX1FVQUxJRklDQVRJT05fRVhQSVJFRF0iLAogICAgInRl
2026-09-10T08:15:36.1942683Z GO_EVIDENCE_B64 c3RzL2F1dG9ub215L3Rlc3RfZGVwdGgxNl9jdXJyZW50X2F1dGhvcml0eS5weTo6dGVzdF9taXNzaW5nX29yX3N0YWxlX3F1YWxpZmljYXRpb25faXNfaW5zcGVjdGFibGVfYnV0X2Nhbm5vdF9leGVjdXRlW2NoYW5nZXMzLUFVVE9OT01ZX1FVQUxJRklDQVRJT05fUE9MSUNZX0NIQU5HRURdIiwKICAgICJ0ZXN0cy9hdXRvbm9teS90ZXN0X2RlcHRoMTZfY3VycmVudF9hdXRob3JpdHkucHk6OnRlc3RfcmV2b2NhdGlvbl90YWtlc19lZmZlY3Rfb25fbmV4dF9hY3Rpb25fYW5kX29sZF9ldmlkZW5jZV9jYW5ub3RfcmVxdWFsaWZ5
2026-09-10T08:15:36.1954119Z GO_EVIDENCE_B64 W3N1c3BlbmRdIiwKICAgICJ0ZXN0cy9hdXRvbm9teS90ZXN0X2RlcHRoMTZfY3VycmVudF9hdXRob3JpdHkucHk6OnRlc3RfcmV2b2NhdGlvbl90YWtlc19lZmZlY3Rfb25fbmV4dF9hY3Rpb25fYW5kX29sZF9ldmlkZW5jZV9jYW5ub3RfcmVxdWFsaWZ5W3Jldm9rZV0iLAogICAgInRlc3RzL2F1dG9ub215L3Rlc3RfZGVwdGgxNl9jdXJyZW50X2F1dGhvcml0eS5weTo6dGVzdF9hY3Rvcl9hbmRfdmFsaWRhdG9yX2Nhbm5vdF9yZWxlYXNlX3RoZWlyX293bl9xdWFsaWZpY2F0aW9uW05vbmVdIiwKICAgICJ0ZXN0cy9hdXRvbm9t
2026-09-10T08:15:36.1964647Z GO_EVIDENCE_B64 eS90ZXN0X2RlcHRoMTZfY3VycmVudF9hdXRob3JpdHkucHk6OnRlc3RfYWN0b3JfYW5kX3ZhbGlkYXRvcl9jYW5ub3RfcmVsZWFzZV90aGVpcl9vd25fcXVhbGlmaWNhdGlvbltDMDJdIiwKICAgICJ0ZXN0cy9hdXRvbm9teS90ZXN0X2RlcHRoMTZfY3VycmVudF9hdXRob3JpdHkucHk6OnRlc3RfYWN0b3JfYW5kX3ZhbGlkYXRvcl9jYW5ub3RfcmVsZWFzZV90aGVpcl9vd25fcXVhbGlmaWNhdGlvbltDMTNdIiwKICAgICJ0ZXN0cy9hdXRvbm9teS90ZXN0X2RlcHRoMTZfY3VycmVudF9hdXRob3JpdHkucHk6OnRlc3RfYWN0b3Jf
2026-09-10T08:15:36.1975483Z GO_EVIDENCE_B64 YW5kX3ZhbGlkYXRvcl9jYW5ub3RfcmVsZWFzZV90aGVpcl9vd25fcXVhbGlmaWNhdGlvblt1bmtub3duXSIsCiAgICAidGVzdHMvYXV0b25vbXkvdGVzdF9kZXB0aDE2X2N1cnJlbnRfYXV0aG9yaXR5LnB5Ojp0ZXN0X2ludmFsaWRfbGlmZXRpbWVfaXNfcmVqZWN0ZWRfd2l0aG91dF9pbnN0YWxsaW5nX3F1YWxpZmljYXRpb25bY2hhbmdlczBdIiwKICAgICJ0ZXN0cy9hdXRvbm9teS90ZXN0X2RlcHRoMTZfY3VycmVudF9hdXRob3JpdHkucHk6OnRlc3RfaW52YWxpZF9saWZldGltZV9pc19yZWplY3RlZF93aXRob3V0X2luc3Rh
2026-09-10T08:15:36.1985879Z GO_EVIDENCE_B64 bGxpbmdfcXVhbGlmaWNhdGlvbltjaGFuZ2VzMV0iLAogICAgInRlc3RzL2F1dG9ub215L3Rlc3RfZGVwdGgxNl9jdXJyZW50X2F1dGhvcml0eS5weTo6dGVzdF9pbnZhbGlkX2xpZmV0aW1lX2lzX3JlamVjdGVkX3dpdGhvdXRfaW5zdGFsbGluZ19xdWFsaWZpY2F0aW9uW2NoYW5nZXMyXSIsCiAgICAidGVzdHMvYXV0b25vbXkvdGVzdF9kZXB0aDE2X2N1cnJlbnRfYXV0aG9yaXR5LnB5Ojp0ZXN0X3Njb3BlX2Nhbm5vdF9iZV9ib3Jyb3dlZF9mcm9tX2FfZGlmZmVyZW50X2Vudmlyb25tZW50X29yX2NhcGFiaWxpdHkiLAogICAg
2026-09-10T08:15:36.2015865Z GO_EVIDENCE_B64 InRlc3RzL2F1dG9ub215L3Rlc3RfZGVwdGgxNl9jdXJyZW50X2F1dGhvcml0eS5weTo6dGVzdF9tYXRlcmlhbF9hY3Rpb25fZmFjdHNfY2Fubm90X2JvcnJvd196ZXJvX21vbmV5X29yX3BpaV9yaXNrX3F1YWxpZmljYXRpb25bY2hhbmdlczBdIiwKICAgICJ0ZXN0cy9hdXRvbm9teS90ZXN0X2RlcHRoMTZfY3VycmVudF9hdXRob3JpdHkucHk6OnRlc3RfbWF0ZXJpYWxfYWN0aW9uX2ZhY3RzX2Nhbm5vdF9ib3Jyb3dfemVyb19tb25leV9vcl9waWlfcmlza19xdWFsaWZpY2F0aW9uW2NoYW5nZXMxXSIsCiAgICAidGVzdHMvYXV0
2026-09-10T08:15:36.2024294Z GO_EVIDENCE_B64 b25vbXkvdGVzdF9kZXB0aDE2X2N1cnJlbnRfYXV0aG9yaXR5LnB5Ojp0ZXN0X21hdGVyaWFsX2FjdGlvbl9mYWN0c19jYW5ub3RfYm9ycm93X3plcm9fbW9uZXlfb3JfcGlpX3Jpc2tfcXVhbGlmaWNhdGlvbltjaGFuZ2VzMl0iLAogICAgInRlc3RzL2F1dG9ub215L3Rlc3RfZGVwdGgxNl9jdXJyZW50X2F1dGhvcml0eS5weTo6dGVzdF9pbnB1dF9jb2xsZWN0aW9uc19jYW5ub3RfbXV0YXRlX2FuX2FjY2VwdGVkX2FjdGlvbl9vcl9xdWFsaWZpY2F0aW9uIiwKICAgICJ0ZXN0cy9hdXRvbm9teS90ZXN0X2RlcHRoMTZfY3VycmVu
2026-09-10T08:15:36.2029889Z GO_EVIDENCE_B64 dF9hdXRob3JpdHkucHk6OnRlc3RfYWxsX21hdGNoaW5nX3BvbGljeV9jb25kaXRpb25zX211c3RfYmVfdmVyaWZpZWRfd2l0aF90aGVpcl9vd25fcnVsZV9iaW5kaW5nIiwKICAgICJ0ZXN0cy9hdXRvbm9teS90ZXN0X2RlcHRoMTZfY3VycmVudF9hdXRob3JpdHkucHk6OnRlc3Rfc2FtZV9jb25kaXRpb25fbmFtZV9mcm9tX2RpZmZlcmVudF9wb2xpY2llc19kb2VzX25vdF9zaGFyZV9hbl9hdHRlc3RhdGlvbiIsCiAgICAidGVzdHMvYXV0b25vbXkvdGVzdF9kZXB0aDE2X2N1cnJlbnRfYXV0aG9yaXR5LnB5Ojp0ZXN0X3NlbGZf
2026-09-10T08:15:36.2035215Z GO_EVIDENCE_B64 YXNzZXJ0ZWRfbWV0YWRhdGFfb3JfbWlzc2luZ192ZXJpZmllcl9uZXZlcl9zYXRpc2ZpZXNfcG9saWN5X2NvbmRpdGlvbnMiLAogICAgInRlc3RzL2F1dG9ub215L3Rlc3RfZGVwdGgxNl9jdXJyZW50X2F1dGhvcml0eS5weTo6dGVzdF9zdGFsZV9taXNtYXRjaGVkX29yX3VucHJvdmVuX2NvbmRpdGlvbl9jYW5ub3RfZXhlY3V0ZVtjaGFuZ2VzMF0iLAogICAgInRlc3RzL2F1dG9ub215L3Rlc3RfZGVwdGgxNl9jdXJyZW50X2F1dGhvcml0eS5weTo6dGVzdF9zdGFsZV9taXNtYXRjaGVkX29yX3VucHJvdmVuX2NvbmRpdGlvbl9j
2026-09-10T08:15:36.2040917Z GO_EVIDENCE_B64 YW5ub3RfZXhlY3V0ZVtjaGFuZ2VzMV0iLAogICAgInRlc3RzL2F1dG9ub215L3Rlc3RfZGVwdGgxNl9jdXJyZW50X2F1dGhvcml0eS5weTo6dGVzdF9zdGFsZV9taXNtYXRjaGVkX29yX3VucHJvdmVuX2NvbmRpdGlvbl9jYW5ub3RfZXhlY3V0ZVtjaGFuZ2VzMl0iLAogICAgInRlc3RzL2F1dG9ub215L3Rlc3RfZGVwdGgxNl9jdXJyZW50X2F1dGhvcml0eS5weTo6dGVzdF9zdGFsZV9taXNtYXRjaGVkX29yX3VucHJvdmVuX2NvbmRpdGlvbl9jYW5ub3RfZXhlY3V0ZVtjaGFuZ2VzM10iLAogICAgInRlc3RzL2F1dG9ub215L3Rl
2026-09-10T08:15:36.2046718Z GO_EVIDENCE_B64 c3RfZGVwdGgxNl9jdXJyZW50X2F1dGhvcml0eS5weTo6dGVzdF9zdGFsZV9taXNtYXRjaGVkX29yX3VucHJvdmVuX2NvbmRpdGlvbl9jYW5ub3RfZXhlY3V0ZVtjaGFuZ2VzNF0iLAogICAgInRlc3RzL2F1dG9ub215L3Rlc3RfZGVwdGgxNl9jdXJyZW50X2F1dGhvcml0eS5weTo6dGVzdF9zdGFsZV9taXNtYXRjaGVkX29yX3VucHJvdmVuX2NvbmRpdGlvbl9jYW5ub3RfZXhlY3V0ZVtjaGFuZ2VzNV0iLAogICAgInRlc3RzL2F1dG9ub215L3Rlc3RfZGVwdGgxNl9jdXJyZW50X2F1dGhvcml0eS5weTo6dGVzdF9zdGFsZV9taXNt
2026-09-10T08:15:36.2052418Z GO_EVIDENCE_B64 YXRjaGVkX29yX3VucHJvdmVuX2NvbmRpdGlvbl9jYW5ub3RfZXhlY3V0ZVtjaGFuZ2VzNl0iLAogICAgInRlc3RzL2F1dG9ub215L3Rlc3RfZGVwdGgxNl9jdXJyZW50X2F1dGhvcml0eS5weTo6dGVzdF9zdGFsZV9taXNtYXRjaGVkX29yX3VucHJvdmVuX2NvbmRpdGlvbl9jYW5ub3RfZXhlY3V0ZVtjaGFuZ2VzN10iLAogICAgInRlc3RzL2F1dG9ub215L3Rlc3RfZGVwdGgxNl9jdXJyZW50X2F1dGhvcml0eS5weTo6dGVzdF9zdGFsZV9taXNtYXRjaGVkX29yX3VucHJvdmVuX2NvbmRpdGlvbl9jYW5ub3RfZXhlY3V0ZVtjaGFu
2026-09-10T08:15:36.2057597Z GO_EVIDENCE_B64 Z2VzOF0iLAogICAgInRlc3RzL2F1dG9ub215L3Rlc3RfZGVwdGgxNl9jdXJyZW50X2F1dGhvcml0eS5weTo6dGVzdF9zYW1lX2FjdGlvbl9pZF93aXRoX2NoYW5nZWRfcGF5bG9hZF9jYW5ub3RfcmV1c2VfYV9jb25kaXRpb25fcHJvb2YiLAogICAgInRlc3RzL2F1dG9ub215L3Rlc3RfZGVwdGgxNl9jdXJyZW50X2F1dGhvcml0eS5weTo6dGVzdF9yZXNvbHZlcl9vdXRhZ2VfaG9sZHNfZXhlY3V0aW9uX3dpdGhvdXRfdGhyb3dpbmdfYXdheV9vdGhlcl9wb2xpY3lfY29uZGl0aW9ucyIsCiAgICAidGVzdHMvYXV0b25vbXkvdGVz
2026-09-10T08:15:36.2063239Z GO_EVIDENCE_B64 dF9kZXB0aDE2X2N1cnJlbnRfYXV0aG9yaXR5LnB5Ojp0ZXN0X2VhcmxpZXJfcHJvb2ZzX2FyZV9jaGVja2VkX2FnYWluX2FmdGVyX3Nsb3dfbGF0ZXJfY29uZGl0aW9uX2xvb2t1cCIsCiAgICAidGVzdHMvYXV0b25vbXkvdGVzdF9kZXB0aDE2X2N1cnJlbnRfYXV0aG9yaXR5LnB5Ojp0ZXN0X3F1YWxpZmljYXRpb25faXNfY2hlY2tlZF9hZ2Fpbl9hZnRlcl9jb25kaXRpb25fbG9va3VwW2V4cGlyZV0iLAogICAgInRlc3RzL2F1dG9ub215L3Rlc3RfZGVwdGgxNl9jdXJyZW50X2F1dGhvcml0eS5weTo6dGVzdF9xdWFsaWZpY2F0
2026-09-10T08:15:36.2068703Z GO_EVIDENCE_B64 aW9uX2lzX2NoZWNrZWRfYWdhaW5fYWZ0ZXJfY29uZGl0aW9uX2xvb2t1cFtyZXZva2VdIiwKICAgICJ0ZXN0cy9hdXRvbm9teS90ZXN0X2RlcHRoMTZfY3VycmVudF9hdXRob3JpdHkucHk6OnRlc3RfcG9saWN5X3JlcGxhY2VtZW50X2R1cmluZ19jb25kaXRpb25fbG9va3VwX3JlcXVpcmVzX2FfZnJlc2hfZGVjaXNpb24iLAogICAgInRlc3RzL2F1dG9ub215L3Rlc3RfZGVwdGgxNl9jdXJyZW50X2F1dGhvcml0eS5weTo6dGVzdF9hbGxvd19mb3Jfb25lX2V4cG9zdXJlX2RvZXNfbm90X2NvdmVyX2FkZGl0aW9uYWxfZXhwb3N1
2026-09-10T08:15:36.2073953Z GO_EVIDENCE_B64 cmVzIiwKICAgICJ0ZXN0cy9hdXRvbm9teS90ZXN0X2RlcHRoMTZfY3VycmVudF9hdXRob3JpdHkucHk6OnRlc3RfcmVzdHJpY3RpdmVfcG9saWN5X3ByZXZlbnRzX2NvbmRpdGlvbl9sb29rdXBfYW5kX2V4ZWN1dGlvbltMRUdBTF9IT0xEXSIsCiAgICAidGVzdHMvYXV0b25vbXkvdGVzdF9kZXB0aDE2X2N1cnJlbnRfYXV0aG9yaXR5LnB5Ojp0ZXN0X3Jlc3RyaWN0aXZlX3BvbGljeV9wcmV2ZW50c19jb25kaXRpb25fbG9va3VwX2FuZF9leGVjdXRpb25bTEVHQUxfQkxPQ0tdIiwKICAgICJ0ZXN0cy9hdXRvbm9teS90ZXN0X2Rl
2026-09-10T08:15:36.2079291Z GO_EVIDENCE_B64 cHRoMTZfY3VycmVudF9hdXRob3JpdHkucHk6OnRlc3RfcG9saWN5X2Nhbm5vdF9yZW1vdmVfZXh0ZXJuYWxfcmV2aWV3X29yX2FtYmlndW91c2x5X2R1cGxpY2F0ZV9wb2xpY3lfaWRlbnRpdHkiLAogICAgInRlc3RzL2F1dG9ub215L3Rlc3RfZGVwdGgxNl9jdXJyZW50X2F1dGhvcml0eS5weTo6dGVzdF9hbWJpZ3VvdXNfdHlwZXNfY2Fubm90X2NoYW5nZV9yaXNrX29yX2Vudmlyb25tZW50X3NlbWFudGljc1s8bGFtYmRhPjBdIiwKICAgICJ0ZXN0cy9hdXRvbm9teS90ZXN0X2RlcHRoMTZfY3VycmVudF9hdXRob3JpdHkucHk6
2026-09-10T08:15:36.2084519Z GO_EVIDENCE_B64 OnRlc3RfYW1iaWd1b3VzX3R5cGVzX2Nhbm5vdF9jaGFuZ2Vfcmlza19vcl9lbnZpcm9ubWVudF9zZW1hbnRpY3NbPGxhbWJkYT4xXSIsCiAgICAidGVzdHMvYXV0b25vbXkvdGVzdF9kZXB0aDE2X2N1cnJlbnRfYXV0aG9yaXR5LnB5Ojp0ZXN0X2FtYmlndW91c190eXBlc19jYW5ub3RfY2hhbmdlX3Jpc2tfb3JfZW52aXJvbm1lbnRfc2VtYW50aWNzWzxsYW1iZGE+Ml0iLAogICAgInRlc3RzL2F1dG9ub215L3Rlc3RfZGVwdGgxNl9jdXJyZW50X2F1dGhvcml0eS5weTo6dGVzdF9hbWJpZ3VvdXNfdHlwZXNfY2Fubm90X2NoYW5n
2026-09-10T08:15:36.2089816Z GO_EVIDENCE_B64 ZV9yaXNrX29yX2Vudmlyb25tZW50X3NlbWFudGljc1s8bGFtYmRhPjNdIiwKICAgICJ0ZXN0cy9hdXRvbm9teS90ZXN0X2RlcHRoMTZfY3VycmVudF9hdXRob3JpdHkucHk6OnRlc3RfYW1iaWd1b3VzX3R5cGVzX2Nhbm5vdF9jaGFuZ2Vfcmlza19vcl9lbnZpcm9ubWVudF9zZW1hbnRpY3NbPGxhbWJkYT40XSIsCiAgICAidGVzdHMvYXV0b25vbXkvdGVzdF9kZXB0aDE2X2N1cnJlbnRfYXV0aG9yaXR5LnB5Ojp0ZXN0X2FtYmlndW91c190eXBlc19jYW5ub3RfY2hhbmdlX3Jpc2tfb3JfZW52aXJvbm1lbnRfc2VtYW50aWNzWzxs
2026-09-10T08:15:36.2095176Z GO_EVIDENCE_B64 YW1iZGE+NV0iLAogICAgInRlc3RzL2F1dG9ub215L3Rlc3RfZGVwdGgxNl9jdXJyZW50X2F1dGhvcml0eS5weTo6dGVzdF9hbWJpZ3VvdXNfdHlwZXNfY2Fubm90X2NoYW5nZV9yaXNrX29yX2Vudmlyb25tZW50X3NlbWFudGljc1s8bGFtYmRhPjZdIiwKICAgICJ0ZXN0cy9hdXRvbm9teS90ZXN0X2RlcHRoMTZfY3VycmVudF9hdXRob3JpdHkucHk6OnRlc3Rfbm9uemVyb19yZXZlcnNpYmlsaXR5X2lzX25vdF9zaWxlbnRseV9jbGFzc2lmaWVkX2FzX2xvY2FsX3plcm9fcmlzayIsCiAgICAidGVzdHMvYXV0b25vbXkvdGVzdF9k
2026-09-10T08:15:36.2100598Z GO_EVIDENCE_B64 ZXB0aDE3X2R1cmFibGVfYXV0aG9yaXR5LnB5Ojp0ZXN0X2ltbXV0YWJsZV9yZWNvcmRfcm91bmR0cmlwX2hhc19leHBsaWNpdF9yZWdpc3RyYXRpb25fd2luZG93IiwKICAgICJ0ZXN0cy9hdXRvbm9teS90ZXN0X2RlcHRoMTdfZHVyYWJsZV9hdXRob3JpdHkucHk6OnRlc3RfbGVnYWN5X3JlY29yZF93aXRob3V0X3dpbmRvd19zdGF5c19ob2xkX2FuZF9pc19ub3RfcmV3cml0dGVuIiwKICAgICJ0ZXN0cy9hdXRvbm9teS90ZXN0X2RlcHRoMTdfZHVyYWJsZV9hdXRob3JpdHkucHk6OnRlc3RfcmV2b2NhdGlvbl9ibG9ja3NfcmVw
2026-09-10T08:15:36.2105876Z GO_EVIDENCE_B64 bGF5aW5nX3NhbWVfaW5kZXBlbmRlbnRfZXZpZGVuY2UiLAogICAgInRlc3RzL2F1dG9ub215L3Rlc3RfZGVwdGgxN19kdXJhYmxlX2F1dGhvcml0eS5weTo6dGVzdF9uZXdfaW5kZXBlbmRlbnRfZXZpZGVuY2VfY2FuX3JlcXVhbGlmeV9hZnRlcl9yZXZvY2F0aW9uIiwKICAgICJ0ZXN0cy9hdXRvbm9teS90ZXN0X2RlcHRoMTdfZHVyYWJsZV9hdXRob3JpdHkucHk6OnRlc3RfcGVyc2lzdGVkX3Njb3BlX3BvbGljeV9hbmRfdGltZV9hcmVfY2hlY2tlZFtwb2xpY3ktQVVUT05PTVlfUVVBTElGSUNBVElPTl9QT0xJQ1lfQ0hBTkdF
2026-09-10T08:15:36.2111218Z GO_EVIDENCE_B64 RF0iLAogICAgInRlc3RzL2F1dG9ub215L3Rlc3RfZGVwdGgxN19kdXJhYmxlX2F1dGhvcml0eS5weTo6dGVzdF9wZXJzaXN0ZWRfc2NvcGVfcG9saWN5X2FuZF90aW1lX2FyZV9jaGVja2VkW3Njb3BlLVFVQUxJRklDQVRJT05fSU5WQUxJRF0iLAogICAgInRlc3RzL2F1dG9ub215L3Rlc3RfZGVwdGgxN19kdXJhYmxlX2F1dGhvcml0eS5weTo6dGVzdF9wZXJzaXN0ZWRfc2NvcGVfcG9saWN5X2FuZF90aW1lX2FyZV9jaGVja2VkW2Z1dHVyZS1BVVRPTk9NWV9RVUFMSUZJQ0FUSU9OX05PVF9ZRVRfVkFMSURdIiwKICAgICJ0ZXN0
2026-09-10T08:15:36.2116462Z GO_EVIDENCE_B64 cy9hdXRvbm9teS90ZXN0X2RlcHRoMTdfZHVyYWJsZV9hdXRob3JpdHkucHk6OnRlc3RfcGVyc2lzdGVkX3Njb3BlX3BvbGljeV9hbmRfdGltZV9hcmVfY2hlY2tlZFt0dGwtQVVUT05PTVlfUVVBTElGSUNBVElPTl9FWFBJUkVEXSIsCiAgICAidGVzdHMvYXV0b25vbXkvdGVzdF9kZXB0aDE3X2R1cmFibGVfYXV0aG9yaXR5LnB5Ojp0ZXN0X2F1dGhvcml0eV9leHBpcmluZ19pbnNpZGVfc3RlcF9yb2xsc19iYWNrX2VmZmVjdF9hbmRfY2hlY2twb2ludCIsCiAgICAidGVzdHMvYXV0b25vbXkvdGVzdF9kZXB0aDE3X2R1cmFibGVf
2026-09-10T08:15:36.2121882Z GO_EVIDENCE_B64 YXV0aG9yaXR5LnB5Ojp0ZXN0X2NvbmRpdGlvbmFsX2V4ZWN1dGlvbl9wZXJzaXN0c19ib3VuZF9ldmlkZW5jZV9mb3JfZWFjaF9zdGVwIiwKICAgICJ0ZXN0cy9hdXRvbm9teS90ZXN0X2RlcHRoMTdfZHVyYWJsZV9hdXRob3JpdHkucHk6OnRlc3Rfd3JvbmdfYWN0aW9uX29yX3VuYXZhaWxhYmxlX3Byb29mX2Nhbm5vdF9hdXRob3JpemVfZWZmZWN0W3BheWxvYWRdIiwKICAgICJ0ZXN0cy9hdXRvbm9teS90ZXN0X2RlcHRoMTdfZHVyYWJsZV9hdXRob3JpdHkucHk6OnRlc3Rfd3JvbmdfYWN0aW9uX29yX3VuYXZhaWxhYmxlX3By
2026-09-10T08:15:36.2127233Z GO_EVIDENCE_B64 b29mX2Nhbm5vdF9hdXRob3JpemVfZWZmZWN0W3N0ZXBdIiwKICAgICJ0ZXN0cy9hdXRvbm9teS90ZXN0X2RlcHRoMTdfZHVyYWJsZV9hdXRob3JpdHkucHk6OnRlc3Rfd3JvbmdfYWN0aW9uX29yX3VuYXZhaWxhYmxlX3Byb29mX2Nhbm5vdF9hdXRob3JpemVfZWZmZWN0W2V4Y2VwdGlvbl0iLAogICAgInRlc3RzL2F1dG9ub215L3Rlc3RfZGVwdGgxN19kdXJhYmxlX2F1dGhvcml0eS5weTo6dGVzdF9zdGVwX3plcm9fcHJvb2ZfY2Fubm90X2F1dGhvcml6ZV9zdGVwX29uZSIsCiAgICAidGVzdHMvYXV0b25vbXkvdGVzdF9kZXB0
2026-09-10T08:15:36.2132591Z GO_EVIDENCE_B64 aDE3X2R1cmFibGVfYXV0aG9yaXR5LnB5Ojp0ZXN0X2NvbmRpdGlvbl9leHBpcmluZ19pbnNpZGVfc3RlcF9yb2xsc19iYWNrX2xvY2FsX2VmZmVjdCIsCiAgICAidGVzdHMvYXV0b25vbXkvdGVzdF92N19haV9vcmdfYnVpbGQwMS5weTo6dGVzdF9leGFjdGx5XzEzX3Blcm1hbmVudF9jZWxsc19hbmRfdW5pcXVlX2RvbWFpbl9maW5hbF9vd25lciIsCiAgICAidGVzdHMvYXV0b25vbXkvdGVzdF92N19haV9vcmdfYnVpbGQwMS5weTo6dGVzdF9ub19jcm9zc19kb21haW5fdHJ1dGhfbXV0YXRpb24iLAogICAgInRlc3RzL2F1dG9u
2026-09-10T08:15:36.2137935Z GO_EVIDENCE_B64 b215L3Rlc3RfdjdfYWlfb3JnX2J1aWxkMDEucHk6OnRlc3Rfcmlza19lbmdpbmVfaXNfZGV0ZXJtaW5pc3RpY19hbmRfcjNfcjRfYXJlX2hhcmRfYm91bmRhcmllcyIsCiAgICAidGVzdHMvYXV0b25vbXkvdGVzdF92N19haV9vcmdfYnVpbGQwMS5weTo6dGVzdF9idWlsZGVyX2Nhbm5vdF9zZWxmX2NlcnRpZnlfb3JfcmVsZWFzZSIsCiAgICAidGVzdHMvYXV0b25vbXkvdGVzdF92N19haV9vcmdfYnVpbGQwMS5weTo6dGVzdF9yMl9yZXF1aXJlc19zaGFkb3dfdGhlbl9jYW5hcnlfYmVmb3JlX2F1dG9ub21vdXNfcXVhbGlmaWVk
2026-09-10T08:15:36.2143197Z GO_EVIDENCE_B64 IiwKICAgICJ0ZXN0cy9hdXRvbm9teS90ZXN0X3Y3X2FpX29yZ19idWlsZDAxLnB5Ojp0ZXN0X3IzX2lzX2RldGVybWluaXN0aWNfY29udHJvbGxlZF9hbmRfcjRfcHJvaGliaXRlZCIsCiAgICAidGVzdHMvYXV0b25vbXkvdGVzdF92N19haV9vcmdfYnVpbGQwMS5weTo6dGVzdF9wcm9kdWN0aW9uX3F1YWxpZmljYXRpb25fZmFpbHNfY2xvc2VkX3VudGlsX2xlZ2FsX2FjY291bnRhYmlsaXR5X2lzX2JvdW5kIiwKICAgICJ0ZXN0cy9hdXRvbm9teS90ZXN0X3Y3X2FpX29yZ19idWlsZDAxLnB5Ojp0ZXN0X3F1YWxpZmljYXRpb25f
2026-09-10T08:15:36.2148802Z GO_EVIDENCE_B64 aXNfY2VsbF9jYXBhYmlsaXR5X3Jpc2tfZW52aXJvbm1lbnRfc2NvcGVkX2FuZF9yZXZvY2FibGUiLAogICAgInRlc3RzL2F1dG9ub215L3Rlc3RfdjdfYWlfb3JnX2J1aWxkMDEucHk6OnRlc3RfZ29fYWlfZG9lc19ub3Rfb3duX2pvdXJuZXlfdHJhbnNhY3Rpb25fb3JfcmVjb21tZW5kYXRpb25fdHJ1dGgiLAogICAgInRlc3RzL2F1dG9ub215L3Rlc3RfdjdfYWlfb3JnX2J1aWxkMDFfMV9sZWdhbF9hdXRob3JpdHkucHk6OnRlc3RfYnVpbGQwMV8xX2FkZHNfYzE0X3dpdGhvdXRfY2hhbmdpbmdfMTNfZXhpc3RpbmdfY2VsbHMi
2026-09-10T08:15:36.2154256Z GO_EVIDENCE_B64 LAogICAgInRlc3RzL2F1dG9ub215L3Rlc3RfdjdfYWlfb3JnX2J1aWxkMDFfMV9sZWdhbF9hdXRob3JpdHkucHk6OnRlc3RfYWxsX2FjdGlvbnNfbXVzdF9wYXNzX2F1dGhvcml0eV9ldmVuX3doZW5fbm9fbGVnYWxfcmV2aWV3X2lzX3JlcXVpcmVkIiwKICAgICJ0ZXN0cy9hdXRvbm9teS90ZXN0X3Y3X2FpX29yZ19idWlsZDAxXzFfbGVnYWxfYXV0aG9yaXR5LnB5Ojp0ZXN0X3Vub3duZWRfY2FwYWJpbGl0eV9pc19ibG9ja2VkX2JlZm9yZV9sZWdhbF9yZXZpZXciLAogICAgInRlc3RzL2F1dG9ub215L3Rlc3RfdjdfYWlfb3Jn
2026-09-10T08:15:36.2160489Z GO_EVIDENCE_B64 X2J1aWxkMDFfMV9sZWdhbF9hdXRob3JpdHkucHk6OnRlc3RfY3Jvc3NfZG9tYWluX3RydXRoX211dGF0aW9uX2lzX2Jsb2NrZWRfYnlfYXV0aG9yaXR5X2dhdGUiLAogICAgInRlc3RzL2F1dG9ub215L3Rlc3RfdjdfYWlfb3JnX2J1aWxkMDFfMV9sZWdhbF9hdXRob3JpdHkucHk6OnRlc3Rfc2VsZl9lbXBvd2VybWVudF9pc19oYXJkX2Jsb2NrZWQiLAogICAgInRlc3RzL2F1dG9ub215L3Rlc3RfdjdfYWlfb3JnX2J1aWxkMDFfMV9sZWdhbF9hdXRob3JpdHkucHk6OnRlc3RfbGVnYWxfZXhwb3N1cmVfcm91dGVzX3RvX2MxNF9h
2026-09-10T08:15:36.2167845Z GO_EVIDENCE_B64 bmRfbm9fcG9saWN5X2ZhaWxzX2Nsb3NlZF90b19ob2xkIiwKICAgICJ0ZXN0cy9hdXRvbm9teS90ZXN0X3Y3X2FpX29yZ19idWlsZDAxXzFfbGVnYWxfYXV0aG9yaXR5LnB5Ojp0ZXN0X2xlZ2FsbHlfZXhwb3NlZF9hY3Rpb25fcmVxdWlyZXNfanVyaXNkaWN0aW9uIiwKICAgICJ0ZXN0cy9hdXRvbm9teS90ZXN0X3Y3X2FpX29yZ19idWlsZDAxXzFfbGVnYWxfYXV0aG9yaXR5LnB5Ojp0ZXN0X2FwcHJvdmVkX21hY2hpbmVfcnVsZV9yZXR1cm5zX2ltbWVkaWF0ZV9sZWdhbF9hbGxvdyIsCiAgICAidGVzdHMvYXV0b25vbXkvdGVz
2026-09-10T08:15:36.2177021Z GO_EVIDENCE_B64 dF92N19haV9vcmdfYnVpbGQwMV8xX2xlZ2FsX2F1dGhvcml0eS5weTo6dGVzdF9ncmVlbl9vcGVyYXRpb25fbGFiZWxfY2Fubm90X2J5cGFzc19keW5hbWljX2xlZ2FsX2V4cG9zdXJlIiwKICAgICJ0ZXN0cy9hdXRvbm9teS90ZXN0X3Y3X2FpX29yZ19idWlsZDAxXzFfbGVnYWxfYXV0aG9yaXR5LnB5Ojp0ZXN0X2MxNF9jb25zdGl0dXRpb25hbF9yZXZpZXdfaXNfbWFuZGF0b3J5X2Zvcl9ncmVlbl9hY3Rpb25zX3RvbyIsCiAgICAidGVzdHMvYXV0b25vbXkvdGVzdF92N19haV9vcmdfYnVpbGQwMV8xX2xlZ2FsX2F1dGhvcml0
2026-09-10T08:15:36.2182481Z GO_EVIDENCE_B64 eS5weTo6dGVzdF9nb19jb25zdGl0dXRpb25fcHJvaGliaXRpb25fYmxvY2tzX2V2ZW5fd2l0aG91dF9leHRlcm5hbF9sZWdhbF9leHBvc3VyZSIsCiAgICAidGVzdHMvZmxpZ2h0L3Rlc3Rfd2F2ZTA1X2ZsaWdodF9wcm9kdWN0aW9uX3RydXRoX2dhdGUucHk6OnRlc3RfZmxpZ2h0X2ZpeHR1cmVfc2VhcmNoX2ZhaWxzX2Nsb3NlZF9pbl9wcm9kdWN0aW9uIiwKICAgICJ0ZXN0cy9mbGlnaHQvdGVzdF93YXZlMDVfZmxpZ2h0X3Byb2R1Y3Rpb25fdHJ1dGhfZ2F0ZS5weTo6dGVzdF9mbGlnaHRfZml4dHVyZV9zZWFyY2hfbm90X2Js
2026-09-10T08:15:36.2188012Z GO_EVIDENCE_B64 b2NrZWRfYnlfdHJ1dGhfZ2F0ZV9pbl9sb2NhbCIsCiAgICAidGVzdHMvaW50ZWdyYXRpb24vdGVzdF92NjFfYWlfaW5mcmFzdHJ1Y3R1cmVfcnVudGltZS5weTo6dGVzdF9tYW5pZmVzdF9leHBvc2VzX2FpX2FnZW50X2FzX2NsaWVudF9hbmRfZnJlZV9kaXN0cmlidXRpb24iLAogICAgInRlc3RzL2ludGVncmF0aW9uL3Rlc3RfdjYxX2FpX2luZnJhc3RydWN0dXJlX3J1bnRpbWUucHk6OnRlc3RfaWRlbnRpdHlfcmVsZWFzZV9uZXZlcl9leHBvcnRzX2Z1bGxfdmF1bHQiLAogICAgInRlc3RzL2ludGVncmF0aW9uL3Rlc3RfdjYx
2026-09-10T08:15:36.2193397Z GO_EVIDENCE_B64 X2FpX2luZnJhc3RydWN0dXJlX3J1bnRpbWUucHk6OnRlc3RfYm9va2luZ19wbGFuX3JlcXVpcmVzX3N1cHBsaWVyX2V2aWRlbmNlIiwKICAgICJ0ZXN0cy90ZXN0X2FsaXBheV9zYWZlZ3VhcmRlZF9zZXR0bGVtZW50X2FjdGl2YXRpb24ucHk6OnRlc3RfZXhpc3RpbmdfYWNjb3VudF9pc19hdHRlc3RlZF9idXRfYWN0aXZhdGlvbl9nYXRlX3JlbWFpbnNfYmxvY2tlZCIsCiAgICAidGVzdHMvdGVzdF9hbGlwYXlfc2FmZWd1YXJkZWRfc2V0dGxlbWVudF9hY3RpdmF0aW9uLnB5Ojp0ZXN0X2NyZWRlbnRpYWxzX2FjY2VwdF9yZWZl
2026-09-10T08:15:36.2198874Z GO_EVIDENCE_B64 cmVuY2VzX29ubHlfYW5kX25ldmVyX3BsYWluX3ByaXZhdGVfa2V5IiwKICAgICJ0ZXN0cy90ZXN0X2FsaXBheV9zYWZlZ3VhcmRlZF9zZXR0bGVtZW50X2FjdGl2YXRpb24ucHk6OnRlc3RfZXh0ZXJuYWxfYXV0aG9yaXphdGlvbl9pc19oYXJkX2Jsb2NrZWRfYnV0X2NvbnRyYWN0X2RyeV9ydW5faXNfdHJ1dGhmdWxfYW5kX2lkZW1wb3RlbnQiLAogICAgInRlc3RzL3Rlc3RfYWxpcGF5X3NhZmVndWFyZGVkX3NldHRsZW1lbnRfYWN0aXZhdGlvbi5weTo6dGVzdF9mcmVlX2NhbmNlbF9ob3RlbF9yZWplY3RfdGltZW91dF9yZWxl
2026-09-10T08:15:36.2204782Z GO_EVIDENCE_B64 YXNlX2NvbnRyYWN0X3dpdGhvdXRfZXh0ZXJuYWxfY2xhaW0iLAogICAgInRlc3RzL3Rlc3RfYWxpcGF5X3NhZmVndWFyZGVkX3NldHRsZW1lbnRfYWN0aXZhdGlvbi5weTo6dGVzdF9mdWxmaWxsbWVudF9nYXRlX2lzX3JlcXVpcmVkX2JlZm9yZV9jb250cmFjdF9jYXB0dXJlX2FuZF9ub19zZXR0bGVtZW50X2NsYWltZWQiLAogICAgInRlc3RzL3Rlc3RfYWxpcGF5X3NhZmVndWFyZGVkX3NldHRsZW1lbnRfYWN0aXZhdGlvbi5weTo6dGVzdF9ub19zaG93X2FuZF9jYW5jZWxsYXRpb25fZmVlX3JlcXVpcmVfbWFrZXJfY2hlY2tl
2026-09-10T08:15:36.2210435Z GO_EVIDENCE_B64 ciIsCiAgICAidGVzdHMvdGVzdF9hbGlwYXlfc2FmZWd1YXJkZWRfc2V0dGxlbWVudF9hY3RpdmF0aW9uLnB5Ojp0ZXN0X3dlYmhvb2tfc2lnbmF0dXJlX2FuZF9yZXBsYXlfaWRlbXBvdGVuY3lfY29udHJhY3QiLAogICAgInRlc3RzL3Rlc3RfYWxpcGF5X3NhZmVndWFyZGVkX3NldHRsZW1lbnRfYWN0aXZhdGlvbi5weTo6dGVzdF9qb2ludF9yZWNvbmNpbGlhdGlvbl9ldmlkZW5jZV9uZXZlcl9jbGFpbXNfZXh0ZXJuYWxfc2V0dGxlbWVudCIsCiAgICAidGVzdHMvdGVzdF9hb2x1Z3V5YV9zdGFnaW5nX2Jvb3RzdHJhcF9jeWNs
2026-09-10T08:15:36.2215845Z GO_EVIDENCE_B64 ZS5weTo6dGVzdF9jcmVhdGVfZGlzYWJsZV9jcmVhdGVfY3ljbGVfaXNfaWRlbXBvdGVudF9hbmRfcHVibGlzaGVkIiwKICAgICJ0ZXN0cy90ZXN0X2FvbHVndXlhX3N0YWdpbmdfYm9vdHN0cmFwX2N5Y2xlLnB5Ojp0ZXN0X3JvbGxiYWNrX3JlZnVzZXNfd2hlbl9yZXNlcnZhdGlvbl9yZWZlcmVuY2VzX2Jvb3RzdHJhcF9vZmZlciIsCiAgICAidGVzdHMvdGVzdF9hb2x1Z3V5YV9zdGFnaW5nX2Jvb3RzdHJhcF9jeWNsZS5weTo6dGVzdF9yb2xsYmFja19kZWxldGVzX3VudXNlZF9ib290c3RyYXBfZ3JhcGgiLAogICAgInRlc3Rz
2026-09-10T08:15:36.2221391Z GO_EVIDENCE_B64 L3Rlc3RfYW9sdWd1eWFfc3RhZ2luZ19ib290c3RyYXBfY3ljbGUucHk6OnRlc3RfYm9vdHN0cmFwX3JlZnVzZXNfYW5fdW5leHBlY3RlZF9vZmZlcl9ncmFwaCIsCiAgICAidGVzdHMvdGVzdF9idWlsZDE2X3BoYXNlMV90cnV0aF9zdGF0aWMucHk6OnRlc3RfY29uc3VtZXJfaGFzX25vX2RlbW9fdHJhbnNhY3Rpb25fZmFjdHMiLAogICAgInRlc3RzL3Rlc3RfYnVpbGQxNl9waGFzZTFfdHJ1dGhfc3RhdGljLnB5Ojp0ZXN0X2lkZW50aXR5X29wZXJhdGluZ19zdXJmYWNlc19hcmVfd2lyZWQiLAogICAgInRlc3RzL3Rlc3RfY29t
2026-09-10T08:15:36.2226573Z GO_EVIDENCE_B64 bWVyY2lhbF9jb25zdGl0dXRpb25fYWRtaW5fb3MucHk6OnRlc3RfYWRtaW5fY2Fubm90X2NyZWF0ZV9yZWNvbW1lbmRhdGlvbl93aXRob3V0X2luZGVwZW5kZW50X2p1ZGdtZW50IiwKICAgICJ0ZXN0cy90ZXN0X2NvbW1lcmNpYWxfY29uc3RpdHV0aW9uX2FkbWluX29zLnB5Ojp0ZXN0X3JlY29tbWVuZGF0aW9uX2FuZF92YWx1ZV9hcmVfaW5kZXBlbmRlbnQiLAogICAgInRlc3RzL3Rlc3RfY29tbWVyY2lhbF9jb25zdGl0dXRpb25fYWRtaW5fb3MucHk6OnRlc3RfcmVjb21tZW5kYXRpb25fZWxpZ2liaWxpdHlfaXNfZGVyaXZl
2026-09-10T08:15:36.2231940Z GO_EVIDENCE_B64 ZF9vbmx5X2Zyb21fanVkZ21lbnRfZGVjaXNpb24iLAogICAgInRlc3RzL3Rlc3RfY29tbWVyY2lhbF9jb25zdGl0dXRpb25fYWRtaW5fb3MucHk6OnRlc3RfZGlyZWN0X2ZpcnN0X2FuZF9nb3Zlcm5lZF9mYWxsYmFjayIsCiAgICAidGVzdHMvdGVzdF9jb21tZXJjaWFsX2NvbnN0aXR1dGlvbl9hZG1pbl9vcy5weTo6dGVzdF90MjBfaXNfZXZpZGVuY2VfZHJpdmVuX2ZhbGxiYWNrX2V4Y2x1ZGVkX2FuZF9pZGVtcG90ZW50IiwKICAgICJ0ZXN0cy90ZXN0X2NvbW1lcmNpYWxfY29uc3RpdHV0aW9uX2FkbWluX29zLnB5Ojp0ZXN0
2026-09-10T08:15:36.2237159Z GO_EVIDENCE_B64 X2ludm9pY2VfcG9saWN5X3dhaXZlcl9hbmRfbWFrZXJfY2hlY2tlciIsCiAgICAidGVzdHMvdGVzdF9jb21tZXJjaWFsX2NvbnN0aXR1dGlvbl9hZG1pbl9vcy5weTo6dGVzdF9ob3RlbF9uZXRfZ3VhcmRfYmxvY2tzX2JlbG93X2F1dGhvcml6ZWRfZmxvb3IiLAogICAgInRlc3RzL3Rlc3RfY29tbWVyY2lhbF9jb25zdGl0dXRpb25fYWRtaW5fb3MucHk6OnRlc3RfcG9saWN5X3JlcXVpcmVzX21ha2VyX2NoZWNrZXJfYW5kX3JlamVjdHNfYm91Z2h0X3JlY29tbWVuZGF0aW9uX3J1bGUiLAogICAgInRlc3RzL3Rlc3RfY29tbWVy
2026-09-10T08:15:36.2242457Z GO_EVIDENCE_B64 Y2lhbF9jb25zdGl0dXRpb25fYWRtaW5fb3MucHk6OnRlc3RfaW52b2ljZV9wb2xpY3lfYW1vdW50X2lzX2ZhaWxfY2xvc2VkX25vX2xlZ2FjeV9kZWZhdWx0IiwKICAgICJ0ZXN0cy90ZXN0X2NvbmN1cnJlbmN5LnB5Ojp0ZXN0X2NvbmN1cnJlbnRfcGF5bWVudF9oYXNfb25lX2V4dGVybmFsX2F1dGhvcml6YXRpb24iLAogICAgInRlc3RzL3Rlc3RfY29uY3VycmVuY3kucHk6OnRlc3RfY29uY3VycmVudF9jb25maXJtYXRpb25faGFzX29uZV9jb25uZWN0b3JfYm9vayIsCiAgICAidGVzdHMvdGVzdF9jb25uZWN0b3JfZnJhbWV3
2026-09-10T08:15:36.2247616Z GO_EVIDENCE_B64 b3JrLnB5Ojp0ZXN0X2Nvbm5lY3Rvcl9jZXJ0aWZpY2F0aW9uX3Bhc3Nlc19mb3JfbW9jayIsCiAgICAidGVzdHMvdGVzdF9jb25uZWN0b3JfZnJhbWV3b3JrLnB5Ojp0ZXN0X3RpbWVvdXRfYW5kX2NpcmN1aXRfYnJlYWtlcl9vcGVuIiwKICAgICJ0ZXN0cy90ZXN0X2Nvbm5lY3Rvcl9vcHMucHk6OnRlc3RfY29ubmVjdG9yX2xpc3RfYW5kX2NlcnRpZnkiLAogICAgInRlc3RzL3Rlc3RfY29ubmVjdG9yX29wcy5weTo6dGVzdF9jb25uZWN0b3JfaGVhbHRoIiwKICAgICJ0ZXN0cy90ZXN0X2NvbnN1bWVyX2dyb3d0aF9vZmZpY2lh
2026-09-10T08:15:36.2253284Z GO_EVIDENCE_B64 bF9kaXJlY3RfdmFsdWUucHk6OnRlc3Rfb2ZmaWNpYWxfZGlyZWN0X3ZhbHVlX3ByaW9yaXR5X2FuZF90aHJlZV9wZXJjZW50X2FuY2hvcl9kb2VzX25vdF90b3VjaF9yZWNvbW1lbmRhdGlvbiIsCiAgICAidGVzdHMvdGVzdF9jb25zdW1lcl9ncm93dGhfb2ZmaWNpYWxfZGlyZWN0X3ZhbHVlLnB5Ojp0ZXN0X2NoYW5uZWxfZWNvbm9taWNzX3N1cHBsaWVyX2Nhbl9zaGFyZV9zbWFsbF92YWx1ZV9hbmRfc3RpbGxfZWFybl9tb3JlIiwKICAgICJ0ZXN0cy90ZXN0X2NvbnN1bWVyX2dyb3d0aF9vZmZpY2lhbF9kaXJlY3RfdmFsdWUu
2026-09-10T08:15:36.2258722Z GO_EVIDENCE_B64 cHk6OnRlc3RfbWFya2V0X2JlbmNobWFya19jb21wYXJhYmxlX2dhdGUiLAogICAgInRlc3RzL3Rlc3RfY29uc3VtZXJfZ3Jvd3RoX29mZmljaWFsX2RpcmVjdF92YWx1ZS5weTo6dGVzdF90cmlwX2ludml0ZV9qb2luX2FuZF9ncm93dGhfa19jb250cmFjdCIsCiAgICAidGVzdHMvdGVzdF9jb25zdW1lcl9ncm93dGhfb2ZmaWNpYWxfZGlyZWN0X3ZhbHVlLnB5Ojp0ZXN0X2FkdWx0X3RyYXZlbGVyX2NsYWltX3JlcXVpcmVzX3RhcmdldF9hY2NvdW50X2lkZW50aXR5X2FuZF9taW5vcl9pc19ibG9ja2VkIiwKICAgICJ0ZXN0cy90
2026-09-10T08:15:36.2264019Z GO_EVIDENCE_B64 ZXN0X2NvbnN1bWVyX2dyb3d0aF9vZmZpY2lhbF9kaXJlY3RfdmFsdWUucHk6OnRlc3RfaW1tdXRhYmxlX2dyb3d0aF9hbmRfbWFya2V0X2V2aWRlbmNlX3RyaWdnZXJfY29udHJhY3RfaXNfaW5fbWlncmF0aW9uIiwKICAgICJ0ZXN0cy90ZXN0X2NvbnN1bWVyX3VuaWZpZWRfbGlmZWN5Y2xlLnB5Ojp0ZXN0X2VhY2hfdmVydGljYWxfcmVxdWlyZXNfY29tcGxldGVfZXZpZGVuY2VkX2ZhY3QiLAogICAgInRlc3RzL3Rlc3RfY29uc3VtZXJfdW5pZmllZF9saWZlY3ljbGUucHk6OnRlc3RfbWlzc2luZ19ldmlkZW5jZV9hbmRfaW52
2026-09-10T08:15:36.2269437Z GO_EVIDENCE_B64 YWxpZF9zdGF0ZV9mYWlsX2Nsb3NlZCIsCiAgICAidGVzdHMvdGVzdF9jb25zdW1lcl91bmlmaWVkX2xpZmVjeWNsZS5weTo6dGVzdF9zdGFsZV92ZXJ0aWNhbF9mYWN0X2Nhbm5vdF9vdmVyd3JpdGVfbmV3ZXJfdHJ1dGhfYW5kX2FjY291bnRfaXNvbGF0ZWQiLAogICAgInRlc3RzL3Rlc3RfZGVwdGgwNF92YXVsdF9tYW5hZ2VtZW50LnB5Ojp0ZXN0X2ZhY3RfZWRpdF9jcmVhdGVzX3VzZXJfcmV2aXNpb25fYW5kX2Ryb3BzX3ByaW9yX2RvY3VtZW50X2NlcnRpZmljYXRpb24iLAogICAgInRlc3RzL3Rlc3RfZGVwdGgwNF92YXVs
2026-09-10T08:15:36.2274642Z GO_EVIDENCE_B64 dF9tYW5hZ2VtZW50LnB5Ojp0ZXN0X3R3b19jb25jdXJyZW50X3BlcnNvbl9lZGl0c19jYW5ub3Rfc2lsZW50bHlfb3ZlcndyaXRlIiwKICAgICJ0ZXN0cy90ZXN0X2RlcHRoMDRfdmF1bHRfbWFuYWdlbWVudC5weTo6dGVzdF9yZXZva2luZ19zZWxmX3Blcm1pc3Npb25fYmxvY2tzX3JlYWxfZGF0YV9yZWxlYXNlW1VTRV9GT1JfQk9PS0lORy1MRUdBTF9OQU1FXSIsCiAgICAidGVzdHMvdGVzdF9kZXB0aDA0X3ZhdWx0X21hbmFnZW1lbnQucHk6OnRlc3RfcmV2b2tpbmdfc2VsZl9wZXJtaXNzaW9uX2Jsb2Nrc19yZWFsX2RhdGFf
2026-09-10T08:15:36.2279953Z GO_EVIDENCE_B64 cmVsZWFzZVtTRU5TSVRJVkVfREFUQS1EQVRFX09GX0JJUlRIXSIsCiAgICAidGVzdHMvdGVzdF9kZXB0aDA0X3ZhdWx0X21hbmFnZW1lbnQucHk6OnRlc3RfY29tcGFuaW9uX2lkZW50aXR5X21hdGNoX2Nhbm5vdF9ieXBhc3NfZWRpdF9wZXJtaXNzaW9uIiwKICAgICJ0ZXN0cy90ZXN0X2RlcHRoMDRfdmF1bHRfbWFuYWdlbWVudC5weTo6dGVzdF91bmtub3duX29yX3JlamVjdGVkX3JlZmVyZW5jZV9uZXZlcl9mYWxsc19iYWNrX3RvX2FjY291bnRfb3duZXJbbWlzc2luZ10iLAogICAgInRlc3RzL3Rlc3RfZGVwdGgwNF92YXVs
2026-09-10T08:15:36.2285203Z GO_EVIDENCE_B64 dF9tYW5hZ2VtZW50LnB5Ojp0ZXN0X3Vua25vd25fb3JfcmVqZWN0ZWRfcmVmZXJlbmNlX25ldmVyX2ZhbGxzX2JhY2tfdG9fYWNjb3VudF9vd25lcltyZWplY3RlZF0iLAogICAgInRlc3RzL3Rlc3RfZGVwdGgwNF92YXVsdF9tYW5hZ2VtZW50LnB5Ojp0ZXN0X3NvdXJjZV9kaXNjb25uZWN0X2Jsb2Nrc19uZXdfYW5kX3BlbmRpbmdfaW1wb3J0c19idXRfa2VlcHNfc2F2ZWRfZmFjdHMiLAogICAgInRlc3RzL3Rlc3RfZGVwdGgwNF92YXVsdF9tYW5hZ2VtZW50LnB5Ojp0ZXN0X2NvbmZsaWN0X2Nob2ljZV9yZXF1aXJlc19yZXZp
2026-09-10T08:15:36.2290560Z GO_EVIDENCE_B64 ZXdfYWdhaW5fd2hlbl9leGlzdGluZ192YWx1ZV9jaGFuZ2VzW2VkaXRdIiwKICAgICJ0ZXN0cy90ZXN0X2RlcHRoMDRfdmF1bHRfbWFuYWdlbWVudC5weTo6dGVzdF9jb25mbGljdF9jaG9pY2VfcmVxdWlyZXNfcmV2aWV3X2FnYWluX3doZW5fZXhpc3RpbmdfdmFsdWVfY2hhbmdlc1tkZWxldGVdIiwKICAgICJ0ZXN0cy90ZXN0X2RlcHRoMDRfdmF1bHRfbWFuYWdlbWVudC5weTo6dGVzdF9kZWxldGVkX3JldmlzaW9uX2NoYWluX2lzX2VyYXNlZF9mcm9tX2V4cG9ydF9jb3JlX2FuZF9pbXBvcnRfY29waWVzIiwKICAgICJ0ZXN0
2026-09-10T08:15:36.2295882Z GO_EVIDENCE_B64 cy90ZXN0X2RlcHRoMDRfdmF1bHRfbWFuYWdlbWVudC5weTo6dGVzdF9pbnZhbGlkX2VkaXRfaXNfYXRvbWljX2FuZF9jYW5ub3RfY2hhbmdlX3JlbGF0aW9uc2hpcF9vcl9jZXJ0aWZpY2F0aW9uIiwKICAgICJ0ZXN0cy90ZXN0X2RlcHRoMDRfdmF1bHRfbWFuYWdlbWVudC5weTo6dGVzdF9hcGlfcmVxdWlyZXNfb3duZXJfc3RyaWN0X3Blcm1pc3Npb25fYW5kX2V4cGxpY2l0X3VuY2FjaGVkX2luc3BlY3Rpb24iLAogICAgInRlc3RzL3Rlc3RfZGVwdGgwNF92YXVsdF9tYW5hZ2VtZW50LnB5Ojp0ZXN0X2NvbXBsZXRlZF9pbXBv
2026-09-10T08:15:36.2301641Z GO_EVIDENCE_B64 cnRfcmV2aWV3X2lzX2ltbXV0YWJsZV9hbmRfcmVwbGF5X2RvZXNfbm90X2R1cGxpY2F0ZSIsCiAgICAidGVzdHMvdGVzdF9kZXB0aDA0X3ZhdWx0X21hbmFnZW1lbnQucHk6OnRlc3RfZHVwbGljYXRlX3RyYXZlbGVyX3JlZmVyZW5jZV9pc19yZWplY3RlZF9hdG9taWNhbGx5IiwKICAgICJ0ZXN0cy90ZXN0X2RlcHRoMDRfdmF1bHRfbWFuYWdlbWVudC5weTo6dGVzdF9zb3VyY2VfZGVsZXRlX2VyYXNlc19jb3JlX3ZhbHVlc19hbmRfcmVjb25uZWN0X3JlcXVpcmVzX2ZyZXNoX2ltcG9ydCIsCiAgICAidGVzdHMvdGVzdF9kZXB0
2026-09-10T08:15:36.2306978Z GO_EVIDENCE_B64 aDA0X3ZhdWx0X21hbmFnZW1lbnQucHk6OnRlc3RfY2xlYXJpbmdfYmlydGhfZGF0ZV9hbHNvX2VyYXNlc19vcmlnaW5hbF90cmF2ZWxlcl9kZWNsYXJhdGlvbiIsCiAgICAidGVzdHMvdGVzdF9kZXB0aDA0X3ZhdWx0X21hbmFnZW1lbnQucHk6OnRlc3Rfc291cmNlX2RlbGV0aW9uX3JldGFpbnNfaW5kZXBlbmRlbnRfbWFudWFsX3JldmlzaW9uIiwKICAgICJ0ZXN0cy90ZXN0X2RlcHRoMDRfdmF1bHRfbWFuYWdlbWVudC5weTo6dGVzdF9zZWxmX2V4cG9ydF9yZXNwZWN0c19yZXZva2VkX3NoYXJlX2FuZF9zZW5zaXRpdmVfcGVy
2026-09-10T08:15:36.2312444Z GO_EVIDENCE_B64 bWlzc2lvbnMiLAogICAgInRlc3RzL3Rlc3RfZGVwdGgwNV9mbGlnaHRfcGFydGllcy5weTo6dGVzdF90aHJlZV9hZHVsdHNfaGF2ZV9tYXRjaGluZ19wcmljZXNfdGlja2V0c19hbmRfb3JpZ2luYWxfcmVmdW5kW09ORV9XQVktMV0iLAogICAgInRlc3RzL3Rlc3RfZGVwdGgwNV9mbGlnaHRfcGFydGllcy5weTo6dGVzdF90aHJlZV9hZHVsdHNfaGF2ZV9tYXRjaGluZ19wcmljZXNfdGlja2V0c19hbmRfb3JpZ2luYWxfcmVmdW5kW1JPVU5EX1RSSVAtMl0iLAogICAgInRlc3RzL3Rlc3RfZGVwdGgwNV9mbGlnaHRfcGFydGllcy5w
2026-09-10T08:15:36.2317993Z GO_EVIDENCE_B64 eTo6dGVzdF90aHJlZV9hZHVsdHNfaGF2ZV9tYXRjaGluZ19wcmljZXNfdGlja2V0c19hbmRfb3JpZ2luYWxfcmVmdW5kW01VTFRJX0NJVFktM10iLAogICAgInRlc3RzL3Rlc3RfZGVwdGgwNV9mbGlnaHRfcGFydGllcy5weTo6dGVzdF9iYWRfcGFydHlfY291bnRzX3JlamVjdGVkX2JlZm9yZV9xdW90ZXNfYXJlX3dyaXR0ZW5bMF0iLAogICAgInRlc3RzL3Rlc3RfZGVwdGgwNV9mbGlnaHRfcGFydGllcy5weTo6dGVzdF9iYWRfcGFydHlfY291bnRzX3JlamVjdGVkX2JlZm9yZV9xdW90ZXNfYXJlX3dyaXR0ZW5bMTBdIiwKICAg
2026-09-10T08:15:36.2323295Z GO_EVIDENCE_B64 ICJ0ZXN0cy90ZXN0X2RlcHRoMDVfZmxpZ2h0X3BhcnRpZXMucHk6OnRlc3RfYmFkX3BhcnR5X2NvdW50c19yZWplY3RlZF9iZWZvcmVfcXVvdGVzX2FyZV93cml0dGVuW1RydWVdIiwKICAgICJ0ZXN0cy90ZXN0X2RlcHRoMDVfZmxpZ2h0X3BhcnRpZXMucHk6OnRlc3RfYmFkX3BhcnR5X2NvdW50c19yZWplY3RlZF9iZWZvcmVfcXVvdGVzX2FyZV93cml0dGVuWzJdIiwKICAgICJ0ZXN0cy90ZXN0X2RlcHRoMDVfZmxpZ2h0X3BhcnRpZXMucHk6OnRlc3RfYmFkX3BhcnR5X2NvdW50c19yZWplY3RlZF9iZWZvcmVfcXVvdGVzX2Fy
2026-09-10T08:15:36.2328706Z GO_EVIDENCE_B64 ZV93cml0dGVuWzEuNV0iLAogICAgInRlc3RzL3Rlc3RfZGVwdGgwNV9mbGlnaHRfcGFydGllcy5weTo6dGVzdF9jb21wb3NpdGlvbl9yZWplY3RzX2RpZmZlcmVudF9wYXJ0eV9zaXplcyIsCiAgICAidGVzdHMvdGVzdF9kZXB0aDA1X2ZsaWdodF9wYXJ0aWVzLnB5Ojp0ZXN0X21pc3NpbmdfcGhhbnRvbV9hbmRfdW5zdXBwb3J0ZWRfcGFzc2VuZ2Vyc19uZXZlcl9jcmVhdGVfb3JkZXJbcGFzc2VuZ2VyczBdIiwKICAgICJ0ZXN0cy90ZXN0X2RlcHRoMDVfZmxpZ2h0X3BhcnRpZXMucHk6OnRlc3RfbWlzc2luZ19waGFudG9tX2Fu
2026-09-10T08:15:36.2334048Z GO_EVIDENCE_B64 ZF91bnN1cHBvcnRlZF9wYXNzZW5nZXJzX25ldmVyX2NyZWF0ZV9vcmRlcltwYXNzZW5nZXJzMV0iLAogICAgInRlc3RzL3Rlc3RfZGVwdGgwNV9mbGlnaHRfcGFydGllcy5weTo6dGVzdF9taXNzaW5nX3BoYW50b21fYW5kX3Vuc3VwcG9ydGVkX3Bhc3NlbmdlcnNfbmV2ZXJfY3JlYXRlX29yZGVyW3Bhc3NlbmdlcnMyXSIsCiAgICAidGVzdHMvdGVzdF9kZXB0aDA1X2ZsaWdodF9wYXJ0aWVzLnB5Ojp0ZXN0X25pbmVfYWR1bHRfYm91bmRhcnlfYW5kX3NlcnZlcl9jb3VudF9jYW5ub3RfYmVfY2hhbmdlZF9hdF9vcmRlcl90aW1l
2026-09-10T08:15:36.2339497Z GO_EVIDENCE_B64 IiwKICAgICJ0ZXN0cy90ZXN0X2RlcHRoMDVfZmxpZ2h0X3BhcnRpZXMucHk6OnRlc3RfdmF1bHRfcGFydHlfcmVqZWN0c19kdXBsaWNhdGVfYW5kX3Jldm9rZWRfdHJhdmVsZXJzIiwKICAgICJ0ZXN0cy90ZXN0X2RlcHRoMDVfZmxpZ2h0X3BhcnRpZXMucHk6OnRlc3RfY2hhbmdlX3N1cmNoYXJnZV9yZWZ1bmRfc3Vydml2ZXNfcGFydGlhbF9mYWlsdXJlX2FuZF9wcm9jZXNzX3Jlc3RhcnQiLAogICAgInRlc3RzL3Rlc3RfZGVwdGgwNV9mbGlnaHRfcGFydGllcy5weTo6dGVzdF9jaGFuZ2VfYXV0aG9yaXphdGlvbl9mYWlsdXJl
2026-09-10T08:15:36.2344846Z GO_EVIDENCE_B64 X3ByZXNlcnZlc19jbGFpbV9hbmRfY2FuX3Jlc3VtZSIsCiAgICAidGVzdHMvdGVzdF9kZXB0aDA1X2ZsaWdodF9wYXJ0aWVzLnB5Ojp0ZXN0X3NpbXVsdGFuZW91c19mbGlnaHRfcmVmdW5kX3JlcXVlc3RzX3JldHVybl9vbmVfZHVyYWJsZV9yZWZ1bmQiLAogICAgInRlc3RzL3Rlc3RfZGVwdGgwNV9tb25leV9yZXRyaWVzLnB5Ojp0ZXN0X3JlbGVhc2VkX2F1dGhvcml6YXRpb25fY2Fubm90X2JlX2NhcHR1cmVkX2xhdGVyIiwKICAgICJ0ZXN0cy90ZXN0X2RlcHRoMDVfbW9uZXlfcmV0cmllcy5weTo6dGVzdF9jYXB0dXJlZF9h
2026-09-10T08:15:36.2350485Z GO_EVIDENCE_B64 dXRob3JpemF0aW9uX2Nhbm5vdF9iZV9yZWxlYXNlZF9hc191bnVzZWQiLAogICAgInRlc3RzL3Rlc3RfZGVwdGgwNV9tb25leV9yZXRyaWVzLnB5Ojp0ZXN0X2lkZW1wb3RlbmN5X2tleV9jYW5ub3RfYmVfcmV1c2VkX2Zvcl9hX2RpZmZlcmVudF9tb25leV9pbnN0cnVjdGlvbltyb290XSIsCiAgICAidGVzdHMvdGVzdF9kZXB0aDA1X21vbmV5X3JldHJpZXMucHk6OnRlc3RfaWRlbXBvdGVuY3lfa2V5X2Nhbm5vdF9iZV9yZXVzZWRfZm9yX2FfZGlmZmVyZW50X21vbmV5X2luc3RydWN0aW9uW2Ftb3VudF0iLAogICAgInRlc3Rz
2026-09-10T08:15:36.2355908Z GO_EVIDENCE_B64 L3Rlc3RfZGVwdGgwNV9tb25leV9yZXRyaWVzLnB5Ojp0ZXN0X2lkZW1wb3RlbmN5X2tleV9jYW5ub3RfYmVfcmV1c2VkX2Zvcl9hX2RpZmZlcmVudF9tb25leV9pbnN0cnVjdGlvblt0eXBlXSIsCiAgICAidGVzdHMvdGVzdF9kZXB0aDA1X21vbmV5X3JldHJpZXMucHk6OnRlc3RfaWRlbXBvdGVuY3lfa2V5X2Nhbm5vdF9iZV9yZXVzZWRfZm9yX2FfZGlmZmVyZW50X21vbmV5X2luc3RydWN0aW9uW3BhcmVudF0iLAogICAgInRlc3RzL3Rlc3RfZGVwdGgwNV9tb25leV9yZXRyaWVzLnB5Ojp0ZXN0X3NpbXVsdGFuZW91c19yZWZ1
2026-09-10T08:15:36.2361305Z GO_EVIDENCE_B64 bmRzX3ByZXNlcnZlX2J1ZGdldF9hbmRfcmV0cnlfaWRlbnRpdHlbRmFsc2VdIiwKICAgICJ0ZXN0cy90ZXN0X2RlcHRoMDVfbW9uZXlfcmV0cmllcy5weTo6dGVzdF9zaW11bHRhbmVvdXNfcmVmdW5kc19wcmVzZXJ2ZV9idWRnZXRfYW5kX3JldHJ5X2lkZW50aXR5W1RydWVdIiwKICAgICJ0ZXN0cy90ZXN0X2RlcHRoMDZfZGlyZWN0X2NoZWNrb3V0LnB5Ojp0ZXN0X29mZmljaWFsX2ludmVudG9yeV9yZXNlcnZhdGlvbl9hdXRob3JpemF0aW9uX2NhbmNlbF9pc19vbmVfYXRvbWljX3JlbGVhc2UiLAogICAgInRlc3RzL3Rlc3Rf
2026-09-10T08:15:36.2366621Z GO_EVIDENCE_B64 ZGVwdGgwNl9kaXJlY3RfY2hlY2tvdXQucHk6OnRlc3RfY2hlY2tvdXRfYmluZHNfb3duZXJfYW1vdW50X2N1cnJlbmN5X2FuZF9yZXF1aXJlc19leHBsaWNpdF9tb2RlIiwKICAgICJ0ZXN0cy90ZXN0X2RlcHRoMDZfZGlyZWN0X2NoZWNrb3V0LnB5Ojp0ZXN0X2NvbmZpcm1hdGlvbl90aW1lb3V0X3JlbGVhc2VzX29ubHlfa25vd25fc2ltdWxhdGVkX2Zyb3plbl9mdW5kcyIsCiAgICAidGVzdHMvdGVzdF9kZXB0aDA2X2RpcmVjdF9jaGVja291dC5weTo6dGVzdF91bmtub3duX2Z1bmRzX2tlZXBfaW52ZW50b3J5X2FuZF9ibG9j
2026-09-10T08:15:36.2372588Z GO_EVIDENCE_B64 a19jYW5jZWxfYW5kX3RpbWVvdXQiLAogICAgInRlc3RzL3Rlc3RfZGVwdGgwNl9kaXJlY3RfY2hlY2tvdXQucHk6OnRlc3RfZnJvemVuX2F1dGhvcml6YXRpb25fYmxvY2tzX3Jlc2NoZWR1bGVfYW5kX2NhcHR1cmVfdW50aWxfZnVsZmlsbG1lbnQiLAogICAgInRlc3RzL3Rlc3RfZGVwdGgwNl9kaXJlY3RfY2hlY2tvdXQucHk6OnRlc3Rfc2ltdWx0YW5lb3VzX2NoZWNrb3V0X3JldHJpZXNfaGF2ZV9vbmVfYXV0aG9yaXphdGlvbiIsCiAgICAidGVzdHMvdGVzdF9kZXB0aDA2X2RpcmVjdF9jaGVja291dC5weTo6dGVzdF9jYW5j
2026-09-10T08:15:36.2378046Z GO_EVIDENCE_B64 ZWxfcmFjaW5nX2NoZWNrb3V0X2Nhbm5vdF9sZWF2ZV9mdW5kc19mcm96ZW5fZm9yX2NhbmNlbGxlZF9yb29tIiwKICAgICJ0ZXN0cy90ZXN0X2RlcHRoMDZfZGlyZWN0X2NoZWNrb3V0LnB5Ojp0ZXN0X3Jlc2VydmF0aW9uc19jYW5fYmVfcmVjb3ZlcmVkX2J5X293bmVyX2FmdGVyX3BhZ2VfcmVsb2FkIiwKICAgICJ0ZXN0cy90ZXN0X2RlcHRoMDZfZGlyZWN0X2NoZWNrb3V0LnB5Ojp0ZXN0X2F1dGhvcml6YXRpb25fcmVqZWN0c19ub25fc2ltdWxhdGVkX29yX2V4cGlyZWRfb3JkZXJbc3RhZ2luZ10iLAogICAgInRlc3RzL3Rl
2026-09-10T08:15:36.2383271Z GO_EVIDENCE_B64 c3RfZGVwdGgwNl9kaXJlY3RfY2hlY2tvdXQucHk6OnRlc3RfYXV0aG9yaXphdGlvbl9yZWplY3RzX25vbl9zaW11bGF0ZWRfb3JfZXhwaXJlZF9vcmRlcltyZWFsLXJhdGVdIiwKICAgICJ0ZXN0cy90ZXN0X2RlcHRoMDZfZGlyZWN0X2NoZWNrb3V0LnB5Ojp0ZXN0X2F1dGhvcml6YXRpb25fcmVqZWN0c19ub25fc2ltdWxhdGVkX29yX2V4cGlyZWRfb3JkZXJbZXhwaXJlZF0iLAogICAgInRlc3RzL3Rlc3RfZGVwdGgwNl9taWdyYXRpb24ucHk6OnRlc3RfcmVudGFsX3NldHRsZW1lbnRfbWlncmF0aW9uX3JvdW5kdHJpcF9wcmVz
2026-09-10T08:15:36.2388687Z GO_EVIDENCE_B64 ZXJ2ZXNfZXhpc3RpbmdfcmVmdW5kcyIsCiAgICAidGVzdHMvdGVzdF9kZXB0aDA2X3JlbnRhbF9zZXR0bGVtZW50LnB5Ojp0ZXN0X2xvbmdlcl9zaG9ydGVyX2xvbmdlcl90aGVuX2NhbmNlbF9yZXR1cm5zX2V2ZXJ5X2NhcHR1cmVfb25jZSIsCiAgICAidGVzdHMvdGVzdF9kZXB0aDA2X3JlbnRhbF9zZXR0bGVtZW50LnB5Ojp0ZXN0X3F1b3RlX2lzX2V4cGxpY2l0X2JvdW5kX3RvX2Ftb3VudF9vd25lcl9hbmRfZGF0ZXMiLAogICAgInRlc3RzL3Rlc3RfZGVwdGgwNl9yZW50YWxfc2V0dGxlbWVudC5weTo6dGVzdF9leHBpcmVk
2026-09-10T08:15:36.2393969Z GO_EVIDENCE_B64 X3F1b3RlX2FuZF9taXNtYXRjaGVkX29yZGVyX2RvX25vdF9tb3ZlX21vbmV5IiwKICAgICJ0ZXN0cy90ZXN0X2RlcHRoMDZfcmVudGFsX3NldHRsZW1lbnQucHk6OnRlc3RfdG9wdXBfZmFpbHVyZV9pc19yZWNvdmVyYWJsZV9hbmRfYmxvY2tzX2NvbXBldGluZ19hY3Rpb25zIiwKICAgICJ0ZXN0cy90ZXN0X2RlcHRoMDZfcmVudGFsX3NldHRsZW1lbnQucHk6OnRlc3RfcGFydGlhbF9yZWZ1bmRfd29ya2VyX3Jlc3RhcnRfcmV1c2VzX2Zyb3plbl9hbGxvY2F0aW9uc1tzaG9ydGVuXSIsCiAgICAidGVzdHMvdGVzdF9kZXB0aDA2
2026-09-10T08:15:36.2399323Z GO_EVIDENCE_B64 X3JlbnRhbF9zZXR0bGVtZW50LnB5Ojp0ZXN0X3BhcnRpYWxfcmVmdW5kX3dvcmtlcl9yZXN0YXJ0X3JldXNlc19mcm96ZW5fYWxsb2NhdGlvbnNbY2FuY2VsXSIsCiAgICAidGVzdHMvdGVzdF9kZXB0aDA2X3JlbnRhbF9zZXR0bGVtZW50LnB5Ojp0ZXN0X2NvbXBldGluZ19xdW90ZXNfb25seV9vbmVfY2FuX2NoYW5nZV9vcmRlciIsCiAgICAidGVzdHMvdGVzdF9kZXB0aDA2X3JlbnRhbF9zZXR0bGVtZW50LnB5Ojp0ZXN0X3NhbWVfcXVvdGVfY29uY3VycmVudF9yZXRyaWVzX2NoYXJnZV9vbmNlIiwKICAgICJ0ZXN0cy90ZXN0
2026-09-10T08:15:36.2404917Z GO_EVIDENCE_B64 X2RlcHRoMDZfcmVudGFsX3NldHRsZW1lbnQucHk6OnRlc3RfZXF1YWxfcHJpY2VfY2hhbmdlX2RvZXNfbm90X2FkZF9tb25leV9tb3ZlbWVudHMiLAogICAgInRlc3RzL3Rlc3RfZGVwdGgwNl9yZW50YWxfc2V0dGxlbWVudC5weTo6dGVzdF9zdGFnaW5nX2Nhbm5vdF9ydW5fcmVudGFsX3NpbXVsYXRvciIsCiAgICAidGVzdHMvdGVzdF9kZXB0aDA3X2hvc3RlZF9tb25leS5weTo6dGVzdF9hdXRob3JpemF0aW9uX2JpbmRzX3NlbGVjdGVkX3Jvb21fb3duZXJfaG90ZWxfYW5kX2hhc19ub19jYXNoX3Bvc3RpbmciLAogICAgInRl
2026-09-10T08:15:36.2410268Z GO_EVIDENCE_B64 c3RzL3Rlc3RfZGVwdGgwN19ob3N0ZWRfbW9uZXkucHk6OnRlc3RfY2FuY2VsX3JlamVjdF9leHBpcnlfcmVsZWFzZV9ncmFwaF9hbmRfbmlnaHRseV9pbnZlbnRvcnlfd2l0aG91dF9jYXNoX3JlZnVuZFtDQU5DRUxdIiwKICAgICJ0ZXN0cy90ZXN0X2RlcHRoMDdfaG9zdGVkX21vbmV5LnB5Ojp0ZXN0X2NhbmNlbF9yZWplY3RfZXhwaXJ5X3JlbGVhc2VfZ3JhcGhfYW5kX25pZ2h0bHlfaW52ZW50b3J5X3dpdGhvdXRfY2FzaF9yZWZ1bmRbUkVKRUNUXSIsCiAgICAidGVzdHMvdGVzdF9kZXB0aDA3X2hvc3RlZF9tb25leS5weTo6
2026-09-10T08:15:36.2415531Z GO_EVIDENCE_B64 dGVzdF9jYW5jZWxfcmVqZWN0X2V4cGlyeV9yZWxlYXNlX2dyYXBoX2FuZF9uaWdodGx5X2ludmVudG9yeV93aXRob3V0X2Nhc2hfcmVmdW5kW0VYUElSRV0iLAogICAgInRlc3RzL3Rlc3RfZGVwdGgwN19ob3N0ZWRfbW9uZXkucHk6OnRlc3RfcmVsZWFzZV9hbmRfaW52ZW50b3J5X3JvbGxiYWNrX2lmX3Byb2plY3Rpb25fZmFpbHNfdGhlbl9yZXRyeV9vbmNlIiwKICAgICJ0ZXN0cy90ZXN0X2RlcHRoMDdfaG9zdGVkX21vbmV5LnB5Ojp0ZXN0X2NhcHR1cmVfb25seV9kdWFsX2NvbmZpcm1lZF9mdWxmaWxsbWVudF9hbmRfcmVs
2026-09-10T08:15:36.2420856Z GO_EVIDENCE_B64 ZWFzZV91bnVzZWRfYW1vdW50WzE2MjAwMF0iLAogICAgInRlc3RzL3Rlc3RfZGVwdGgwN19ob3N0ZWRfbW9uZXkucHk6OnRlc3RfY2FwdHVyZV9vbmx5X2R1YWxfY29uZmlybWVkX2Z1bGZpbGxtZW50X2FuZF9yZWxlYXNlX3VudXNlZF9hbW91bnRbODEwMDFdIiwKICAgICJ0ZXN0cy90ZXN0X2RlcHRoMDdfaG9zdGVkX21vbmV5LnB5Ojp0ZXN0X2NhcHR1cmVfb25seV9kdWFsX2NvbmZpcm1lZF9mdWxmaWxsbWVudF9hbmRfcmVsZWFzZV91bnVzZWRfYW1vdW50WzBdIiwKICAgICJ0ZXN0cy90ZXN0X2RlcHRoMDdfaG9zdGVkX21v
2026-09-10T08:15:36.2426152Z GO_EVIDENCE_B64 bmV5LnB5Ojp0ZXN0X2Z1bGZpbGxtZW50X2Nhbm5vdF9ieXBhc3Nfc3RheV9vcl9jaGFuZ2VfcHJvb2ZfYW5kX2Rpc3B1dGVfcmVjaGVja3NfYXRfY2FwdHVyZSIsCiAgICAidGVzdHMvdGVzdF9kZXB0aDA3X2hvc3RlZF9tb25leS5weTo6dGVzdF9jYXB0dXJlX2xlZGdlcl9mYXVsdF9yb2xsc19iYWNrX2Nhc2hfcmVsZWFzZV9hbmRfb3JkZXJfdGhlbl9yZXRyaWVzIiwKICAgICJ0ZXN0cy90ZXN0X2RlcHRoMDdfaG9zdGVkX21vbmV5LnB5Ojp0ZXN0X3NpbXVsdGFuZW91c19jYXB0dXJlX3JldHJpZXNfcG9zdF9vbmNlIiwKICAg
2026-09-10T08:15:36.2431511Z GO_EVIDENCE_B64 ICJ0ZXN0cy90ZXN0X2RlcHRoMDdfaG9zdGVkX21vbmV5LnB5Ojp0ZXN0X3BhcnRpYWxfcmVmdW5kX2lzX2R1cmFibGVfb3JpZ2luYWxfY2FwdHVyZV9hbmRfb25seV9jbG9zZXNfaXRzX2Nhc2UiLAogICAgInRlc3RzL3Rlc3RfZGVwdGgwN19ob3N0ZWRfbW9uZXkucHk6OnRlc3RfdHdvX3BhcnRpYWxfcmVmdW5kc19zdGFydF9kaXN0aW5jdF9jeWNsZXNfd2l0aG91dF9yZXNldHRpbmdfdHJpcF9jb21wbGV0aW9uIiwKICAgICJ0ZXN0cy90ZXN0X2RlcHRoMDdfaG9zdGVkX21vbmV5LnB5Ojp0ZXN0X3BhcmFsbGVsX3JlZnVuZF9h
2026-09-10T08:15:36.2436753Z GO_EVIDENCE_B64 cHByb3ZhbHNfY2Fubm90X292ZXJjb21taXRfYWN0dWFsX2NhcHR1cmUiLAogICAgInRlc3RzL3Rlc3RfZGVwdGgwN19ob3N0ZWRfbW9uZXkucHk6OnRlc3RfYXBwcm92YWxfY2hlY2tzX2luZGVwZW5kZW50X2FjdG9yX2FjdHVhbF9jYXNoX2Z1bGxfYW1vdW50X2FuZF9jbG9zZWRfY2FzZSIsCiAgICAidGVzdHMvdGVzdF9kZXB0aDA3X2hvc3RlZF9tb25leS5weTo6dGVzdF9vd25lcl9hZnRlcl9zYWxlc19hcGlfaWRlbXBvdGVuY3lfYW5kX3JlZnVuZF9wZXJtaXNzaW9ucyIsCiAgICAidGVzdHMvdGVzdF9kZXB0aDA3X2hvc3Rl
2026-09-10T08:15:36.2442100Z GO_EVIDENCE_B64 ZF9tb25leS5weTo6dGVzdF90ZXJtaW5hbF9yZWZ1bmRfc3RpbGxfcmVqZWN0c191bnByb3Zlbl9jeWNsZV9yZXNldCIsCiAgICAidGVzdHMvdGVzdF9kZXB0aDA3X2hvc3RlZF9tb25leS5weTo6dGVzdF9yZWxlYXNlZF9hdXRob3JpemF0aW9uX3JldHJ5X2lzX2FjdGlvbmFibGVfbm90X3VuaXF1ZV9jb25zdHJhaW50X2ZhaWx1cmUiLAogICAgInRlc3RzL3Rlc3RfZGVwdGgwN19ob3N0ZWRfbW9uZXkucHk6OnRlc3RfcGVuZGluZ19ob3RlbF9oYXNfbm9fZ3Vlc3Rfc3RheV9hbmRfZ3JhcGhfZXh0ZW5zaW9uX2Nhbm5vdF9mYWtl
2026-09-10T08:15:36.2447354Z GO_EVIDENCE_B64 X2ludmVudG9yeSIsCiAgICAidGVzdHMvdGVzdF9kZXB0aDA3X2hvc3RlZF9tb25leS5weTo6dGVzdF91bmtub3duX21vbmV5X29yX2V4dGVybmFsX2F1dGhvcml6YXRpb25fYmxvY2tzX3JlZnVuZF9iZWZvcmVfY2xhaW0iLAogICAgInRlc3RzL3Rlc3RfZGVwdGgwOF9hcGlfYW5kX21pZ3JhdGlvbi5weTo6dGVzdF9hbGwxNF9vYnNlcnZhdGlvbnNfZXhlY3V0ZV9hZ2FpbnN0X2FwcGxpY2F0aW9uX2RhdGFiYXNlIiwKICAgICJ0ZXN0cy90ZXN0X2RlcHRoMDhfYXBpX2FuZF9taWdyYXRpb24ucHk6OnRlc3RfcXVldWVfbXV0YXRp
2026-09-10T08:15:36.2453140Z GO_EVIDENCE_B64 b25fcmVxdWlyZXNfZ29fYWRtaW5fcnVsZXNfcGVybWlzc2lvblthbm9ueW1vdXNdIiwKICAgICJ0ZXN0cy90ZXN0X2RlcHRoMDhfYXBpX2FuZF9taWdyYXRpb24ucHk6OnRlc3RfcXVldWVfbXV0YXRpb25fcmVxdWlyZXNfZ29fYWRtaW5fcnVsZXNfcGVybWlzc2lvbltzdXBwbGllcl0iLAogICAgInRlc3RzL3Rlc3RfZGVwdGgwOF9hcGlfYW5kX21pZ3JhdGlvbi5weTo6dGVzdF9xdWV1ZV9tdXRhdGlvbl9yZXF1aXJlc19nb19hZG1pbl9ydWxlc19wZXJtaXNzaW9uW3JlYWRfb25seV0iLAogICAgInRlc3RzL3Rlc3RfZGVwdGgw
2026-09-10T08:15:36.2458619Z GO_EVIDENCE_B64 OF9hcGlfYW5kX21pZ3JhdGlvbi5weTo6dGVzdF9hcGlfcmVqZWN0c19jbGllbnRfc3VwcGxpZWRfZXhlY3V0aW9uX2F1dGhvcml0eVtjaGFuZ2UwXSIsCiAgICAidGVzdHMvdGVzdF9kZXB0aDA4X2FwaV9hbmRfbWlncmF0aW9uLnB5Ojp0ZXN0X2FwaV9yZWplY3RzX2NsaWVudF9zdXBwbGllZF9leGVjdXRpb25fYXV0aG9yaXR5W2NoYW5nZTFdIiwKICAgICJ0ZXN0cy90ZXN0X2RlcHRoMDhfYXBpX2FuZF9taWdyYXRpb24ucHk6OnRlc3RfYXBpX3JlamVjdHNfY2xpZW50X3N1cHBsaWVkX2V4ZWN1dGlvbl9hdXRob3JpdHlbY2hh
2026-09-10T08:15:36.2463991Z GO_EVIDENCE_B64 bmdlMl0iLAogICAgInRlc3RzL3Rlc3RfZGVwdGgwOF9hcGlfYW5kX21pZ3JhdGlvbi5weTo6dGVzdF9hcGlfcmVqZWN0c19jbGllbnRfc3VwcGxpZWRfZXhlY3V0aW9uX2F1dGhvcml0eVtjaGFuZ2UzXSIsCiAgICAidGVzdHMvdGVzdF9kZXB0aDA4X2FwaV9hbmRfbWlncmF0aW9uLnB5Ojp0ZXN0X2FwaV9yZWplY3RzX2NsaWVudF9zdXBwbGllZF9leGVjdXRpb25fYXV0aG9yaXR5W2NoYW5nZTRdIiwKICAgICJ0ZXN0cy90ZXN0X2RlcHRoMDhfYXBpX2FuZF9taWdyYXRpb24ucHk6OnRlc3RfYXBpX3JlamVjdHNfY2xpZW50X3N1
2026-09-10T08:15:36.2469442Z GO_EVIDENCE_B64 cHBsaWVkX2V4ZWN1dGlvbl9hdXRob3JpdHlbY2hhbmdlNV0iLAogICAgInRlc3RzL3Rlc3RfZGVwdGgwOF9hcGlfYW5kX21pZ3JhdGlvbi5weTo6dGVzdF9xdWV1ZWRfb2JzZXJ2YXRpb25faG9sZHNfaWZfYWRtaW5fcm9sZV9pc19yZXZva2VkIiwKICAgICJ0ZXN0cy90ZXN0X2RlcHRoMDhfYXBpX2FuZF9taWdyYXRpb24ucHk6OnRlc3RfYXBpX3BhdXNlX3Jlc3VtZV9jYW5jZWxfYW5kX3JldmlzaW9uX2NvbmZsaWN0IiwKICAgICJ0ZXN0cy90ZXN0X2RlcHRoMDhfYXBpX2FuZF9taWdyYXRpb24ucHk6OnRlc3Rfd29ya2VyX2Ns
2026-09-10T08:15:36.2474809Z GO_EVIDENCE_B64 aV9wcm9jZXNzX2NvbnN1bWVzX3BlcnNpc3RlZF9xdWV1ZSIsCiAgICAidGVzdHMvdGVzdF9kZXB0aDA4X2FwaV9hbmRfbWlncmF0aW9uLnB5Ojp0ZXN0X21pZ3JhdGlvbl9yb3VuZHRyaXBfcHJlc2VydmVzX3ByaW9yX2RhdGFfYW5kX3Byb3RlY3RzX2V4ZWN1dGlvbl9ldmlkZW5jZSIsCiAgICAidGVzdHMvdGVzdF9kZXB0aDA4X2hvc3RlZF9jaGFuZ2UucHk6OnRlc3RfY2hhbmdlX2hpZ2hfc3VwcGxlbWVudF9sb3dfbm9fcmVmdW5kX2FuZF9pbW11dGFibGVfb3JpZ2luYWxfYXV0aG9yaXphdGlvblsxMDAwMDAtMjAxMDAwXSIs
2026-09-10T08:15:36.2480258Z GO_EVIDENCE_B64 CiAgICAidGVzdHMvdGVzdF9kZXB0aDA4X2hvc3RlZF9jaGFuZ2UucHk6OnRlc3RfY2hhbmdlX2hpZ2hfc3VwcGxlbWVudF9sb3dfbm9fcmVmdW5kX2FuZF9pbW11dGFibGVfb3JpZ2luYWxfYXV0aG9yaXphdGlvbls4MTAwMC0xNjMwMDBdIiwKICAgICJ0ZXN0cy90ZXN0X2RlcHRoMDhfaG9zdGVkX2NoYW5nZS5weTo6dGVzdF9jaGFuZ2VfaGlnaF9zdXBwbGVtZW50X2xvd19ub19yZWZ1bmRfYW5kX2ltbXV0YWJsZV9vcmlnaW5hbF9hdXRob3JpemF0aW9uWzQwMDAwLTE2MzAwMF0iLAogICAgInRlc3RzL3Rlc3RfZGVwdGgwOF9o
2026-09-10T08:15:36.2485585Z GO_EVIDENCE_B64 b3N0ZWRfY2hhbmdlLnB5Ojp0ZXN0X3N0YWxlX3F1b3RlX3ByaWNlX2NoYW5nZV9sYXN0X25pZ2h0X3NvbGRfb3V0X2FuZF9sZWRnZXJfZmF1bHRfa2VlcF9vbGRfc3RheSIsCiAgICAidGVzdHMvdGVzdF9kZXB0aDA4X2hvc3RlZF9jaGFuZ2UucHk6OnRlc3RfbXVsdGlwbGVfY2hhbmdlc19rZWVwX3ByaW9yX3Jvb3RzX2FuZF9yZWZ1bmRfZmluYWxfb3JpZ2luYWxfY2FwdHVyZSIsCiAgICAidGVzdHMvdGVzdF9kZXB0aDA4X2hvc3RlZF9jaGFuZ2UucHk6OnRlc3RfaW5faG91c2VfZXh0ZW5zaW9uX3ByZXNlcnZlc19vbGRfbmln
2026-09-10T08:15:36.2491023Z GO_EVIDENCE_B64 aHRfcHJpY2VzX2FuZF91cGRhdGVzX2Z1bGZpbGxtZW50IiwKICAgICJ0ZXN0cy90ZXN0X2RlcHRoMDhfaG9zdGVkX2NoYW5nZS5weTo6dGVzdF9wYXJhbGxlbF9jaGFuZ2VzX293bmVyX2FuZF9jdXJyZW5jeV9uZXZlcl9kb3VibGVfcmVsZWFzZSIsCiAgICAidGVzdHMvdGVzdF9kZXB0aDA4X2hvc3RlZF9jaGFuZ2UucHk6OnRlc3RfemVyb19mZWVfZXF1YWxfb3JfbG93ZXJfcmVwcmljZV9rZWVwc19ob2xkX3dpdGhvdXRfbWludGluZ19jcmVkaXQiLAogICAgInRlc3RzL3Rlc3RfZGVwdGgwOF9ob3N0ZWRfY2hhbmdlLnB5Ojp0
2026-09-10T08:15:36.2496351Z GO_EVIDENCE_B64 ZXN0X3Vua25vd25fbW9uZXlfYW5kX29wZW5fZGlzcHV0ZV9mcmVlemVfZGF0ZWRfY2hhbmdlcyIsCiAgICAidGVzdHMvdGVzdF9kZXB0aDA4X2hvc3RlZF9jaGFuZ2UucHk6OnRlc3RfY2hhbmdlZF9vcmRlcl9ub19zaG93X3NldHRsZXNfY3VycmVudF9ob2xkX2FuZF9jYW5fcmVmdW5kX2l0IiwKICAgICJ0ZXN0cy90ZXN0X2RlcHRoMDhfaG9zdGVkX2ZhcmUucHk6OnRlc3Rfc3VwcGxpZXJfcnVsZXNfcmVqZWN0X2FtYmlndW91c19vcl9mb3JiaWRkZW5fdGVybXNbc3RheV9jcmVkaXRfZGF5cy0zNjYtMzY1XSIsCiAgICAidGVz
2026-09-10T08:15:36.2502081Z GO_EVIDENCE_B64 dHMvdGVzdF9kZXB0aDA4X2hvc3RlZF9mYXJlLnB5Ojp0ZXN0X3N1cHBsaWVyX3J1bGVzX3JlamVjdF9hbWJpZ3VvdXNfb3JfZm9yYmlkZGVuX3Rlcm1zW3N0YXlfY3JlZGl0X3Njb3BlLUdPX1dBTExFVC1QUk9QRVJUWV9PTkxZXSIsCiAgICAidGVzdHMvdGVzdF9kZXB0aDA4X2hvc3RlZF9mYXJlLnB5Ojp0ZXN0X3N1cHBsaWVyX3J1bGVzX3JlamVjdF9hbWJpZ3VvdXNfb3JfZm9yYmlkZGVuX3Rlcm1zW2NoYW5nZV9hbGxvd2VkLXllcy1CT09MRUFOXSIsCiAgICAidGVzdHMvdGVzdF9kZXB0aDA4X2hvc3RlZF9mYXJlLnB5Ojp0
2026-09-10T08:15:36.2507415Z GO_EVIDENCE_B64 ZXN0X3N1cHBsaWVyX3J1bGVzX3JlamVjdF9hbWJpZ3VvdXNfb3JfZm9yYmlkZGVuX3Rlcm1zW2NoZWNrX2luX2hvdXItVHJ1ZS1DSEVDS19JTl0iLAogICAgInRlc3RzL3Rlc3RfZGVwdGgwOF9ob3N0ZWRfZmFyZS5weTo6dGVzdF9zdXBwbGllcl9ydWxlc19yZWplY3RfYW1iaWd1b3VzX29yX2ZvcmJpZGRlbl90ZXJtc1tub19zaG93X2ZlZV9iYXNpc19wb2ludHMtMTAwMDEtTk9fU0hPV10iLAogICAgInRlc3RzL3Rlc3RfZGVwdGgwOF9ob3N0ZWRfZmFyZS5weTo6dGVzdF9zdXBwbGllcl9ydWxlc19yZWplY3RfYW1iaWd1b3Vz
2026-09-10T08:15:36.2512889Z GO_EVIDENCE_B64 X29yX2ZvcmJpZGRlbl90ZXJtc1tjYW5jZWxsYXRpb25fdGllcnMtdmFsdWU1LUNPTVBMRVRFXSIsCiAgICAidGVzdHMvdGVzdF9kZXB0aDA4X2hvc3RlZF9mYXJlLnB5Ojp0ZXN0X3J1bGVfcHVibGljYXRpb25faXNfdmVyc2lvbmVkX29yZGVyX3NuYXBzaG90X2lzX25vdF9yZXRyb2FjdGl2ZSIsCiAgICAidGVzdHMvdGVzdF9kZXB0aDA4X2hvc3RlZF9mYXJlLnB5Ojp0ZXN0X2NhbmNlbGxhdGlvbl9xdW90ZV9jb25zZW50X2F0b21pY19pbnZlbnRvcnlfbW9uZXlfYW5kX2lkZW1wb3RlbnRfcmVwbGF5W1RydWUtMF0iLAogICAg
2026-09-10T08:15:36.2518327Z GO_EVIDENCE_B64 InRlc3RzL3Rlc3RfZGVwdGgwOF9ob3N0ZWRfZmFyZS5weTo6dGVzdF9jYW5jZWxsYXRpb25fcXVvdGVfY29uc2VudF9hdG9taWNfaW52ZW50b3J5X21vbmV5X2FuZF9pZGVtcG90ZW50X3JlcGxheVtGYWxzZS04MTAwMF0iLAogICAgInRlc3RzL3Rlc3RfZGVwdGgwOF9ob3N0ZWRfZmFyZS5weTo6dGVzdF9mYXJlX3F1b3RlX293bmVyX2V4cGlyeV9zdGFsZV9zdGF0ZV9hbmRfaGFzaF9hcmVfZW5mb3JjZWQiLAogICAgInRlc3RzL3Rlc3RfZGVwdGgwOF9ob3N0ZWRfZmFyZS5weTo6dGVzdF9jb29saW5nX2FuZF90aWVyX2JvdW5k
2026-09-10T08:15:36.2523703Z GO_EVIDENCE_B64 YXJpZXNfZm9yY2VfZnJlc2hfcXVvdGUiLAogICAgInRlc3RzL3Rlc3RfZGVwdGgwOF9ob3N0ZWRfZmFyZS5weTo6dGVzdF91bmNvbmZpZ3VyZWRfb2xkX29yZGVyX25ldmVyX2luaGVyaXRzX25ld19mZWVfcnVsZSIsCiAgICAidGVzdHMvdGVzdF9kZXB0aDA4X2hvc3RlZF9mYXJlLnB5Ojp0ZXN0X2NvbmZpcm1lZF9mcmVlX3JlbGVhc2VfYW5kX29sZF9jYW5jZWxfcm91dGVzX2Nhbm5vdF9ieXBhc3NfZmFyZSIsCiAgICAidGVzdHMvdGVzdF9kZXB0aDA4X2hvc3RlZF9mYXJlLnB5Ojp0ZXN0X21vbmV5X29yX3Byb2plY3Rpb25f
2026-09-10T08:15:36.2529192Z GO_EVIDENCE_B64 ZmF1bHRfcm9sbHNfYmFja19xdW90ZV9mZWVfcmVsZWFzZV9hbmRfaW52ZW50b3J5IiwKICAgICJ0ZXN0cy90ZXN0X2RlcHRoMDhfaG9zdGVkX2ZhcmUucHk6OnRlc3RfcGFyYWxsZWxfY2FuY2VsX3F1b3Rlc19zZXR0bGVfZXhhY3RseV9vbmNlIiwKICAgICJ0ZXN0cy90ZXN0X2RlcHRoMDhfaG9zdGVkX2ZhcmUucHk6OnRlc3Rfbm9fc2hvd19kZWFkbGluZV9ydWxlX2FwcHJvdmFsX2ludmVudG9yeV9hbmRfb3JpZ2luYWxfZmVlX3JlZnVuZFswXSIsCiAgICAidGVzdHMvdGVzdF9kZXB0aDA4X2hvc3RlZF9mYXJlLnB5Ojp0ZXN0
2026-09-10T08:15:36.2534570Z GO_EVIDENCE_B64 X25vX3Nob3dfZGVhZGxpbmVfcnVsZV9hcHByb3ZhbF9pbnZlbnRvcnlfYW5kX29yaWdpbmFsX2ZlZV9yZWZ1bmRbODAwMF0iLAogICAgInRlc3RzL3Rlc3RfZGVwdGgwOF9ob3N0ZWRfZmFyZS5weTo6dGVzdF9ub19zaG93X2RlYWRsaW5lX3J1bGVfYXBwcm92YWxfaW52ZW50b3J5X2FuZF9vcmlnaW5hbF9mZWVfcmVmdW5kWzEwMDAwXSIsCiAgICAidGVzdHMvdGVzdF9kZXB0aDA4X2hvc3RlZF9mYXJlLnB5Ojp0ZXN0X2NhbmNlbGxlZF9mZWVfY2FuX2JlX2Rpc3B1dGVkX3dpdGhvdXRfcmVvcGVuaW5nX29yX2ZhYnJpY2F0aW5n
2026-09-10T08:15:36.2540086Z GO_EVIDENCE_B64 X2Ffc3RheSIsCiAgICAidGVzdHMvdGVzdF9kZXB0aDA4X21pZ3JhdGlvbi5weTo6dGVzdF9mYXJlX21pZ3JhdGlvbl9yb3VuZHRyaXBfcHJlc2VydmVzX3ByaW9yX3RhYmxlc19hbmRfZG9lc19ub3RfZmFicmljYXRlX3NuYXBzaG90cyIsCiAgICAidGVzdHMvdGVzdF9kZXB0aDA5X2NyZWRpdF9hcGkucHk6OnRlc3RfcmVkZW1wdGlvbl9yZXF1aXJlc19jdXJyZW50X293bmVkX3RyYXZlbGVyX3JlbGVhc2VfYW5kX3JlamVjdHNfcmF3X3BpaSIsCiAgICAidGVzdHMvdGVzdF9kZXB0aDA5X2NyZWRpdF9hcGkucHk6OnRlc3RfY3Jl
2026-09-10T08:15:36.2545460Z GO_EVIDENCE_B64 ZGl0X2xpc3RfYW5kX29yZGVyX2V4cG9zZV9kaXN0aW5jdF92YWx1ZV9jYXNoX2FuZF90ZXJtaW5hbF9zdGF0ZSIsCiAgICAidGVzdHMvdGVzdF9kZXB0aDA5X2NyZWRpdF9hcGkucHk6OnRlc3RfcmVkZW1wdGlvbl9xdW90ZV9jYXJyaWVzX2F1dGhvcml0YXRpdmVfbmV3X3J1bGVfYWZ0ZXJfc2VhcmNoX3BvbGljeV9jaGFuZ2VzIiwKICAgICJ0ZXN0cy90ZXN0X2RlcHRoMDlfY3JlZGl0X2FwaS5weTo6dGVzdF93aXRoZHJhd25fYm9va2luZ19wZXJtaXNzaW9uX3ByZXZlbnRzX2NyZWRpdF9yZWRlbXB0aW9uX3dpdGhvdXRfdmFs
2026-09-10T08:15:36.2551254Z GO_EVIDENCE_B64 dWVfY2hhbmdlIiwKICAgICJ0ZXN0cy90ZXN0X2RlcHRoMDlfY3JlZGl0X2JvdW5kYXJpZXMucHk6OnRlc3RfbWlzc2luZ19oaXN0b3JpY2FsX2NyZWRpdF90ZXJtc19hcmVfbmV2ZXJfcmV0cm9maXR0ZWQiLAogICAgInRlc3RzL3Rlc3RfZGVwdGgwOV9jcmVkaXRfYm91bmRhcmllcy5weTo6dGVzdF9jb252ZXJzaW9uX2ZhaWx1cmVfcm9sbHNfYmFja19jYXB0dXJlX2ludmVudG9yeV9jcmVkaXRfYW5kX3RyaXAiLAogICAgInRlc3RzL3Rlc3RfZGVwdGgwOV9jcmVkaXRfYm91bmRhcmllcy5weTo6dGVzdF9vd25lcl9wcm9wZXJ0
2026-09-10T08:15:36.2556660Z GO_EVIDENCE_B64 eV9jdXJyZW5jeV9hbW91bnRfYW5kX2xlZGdlcl9ib3VuZGFyaWVzIiwKICAgICJ0ZXN0cy90ZXN0X2RlcHRoMDlfY3JlZGl0X2JvdW5kYXJpZXMucHk6OnRlc3RfZXhwaXJ5X2lzX2NoZWNrX2luX2Jhc2VkX2FuZF9qb2JfaXNfaWRlbXBvdGVudF93aXRob3V0X3JlZnVuZCIsCiAgICAidGVzdHMvdGVzdF9kZXB0aDA5X2NyZWRpdF9ib3VuZGFyaWVzLnB5Ojp0ZXN0X2NvbmN1cnJlbnRfZGlzdGluY3RfcXVvdGVzX2NvbnN1bWVfb25lX2NyZWRpdF9vbmNlIiwKICAgICJ0ZXN0cy90ZXN0X2RlcHRoMDlfY3JlZGl0X2JvdW5kYXJp
2026-09-10T08:15:36.2562181Z GO_EVIDENCE_B64 ZXMucHk6OnRlc3RfcmVkZW1wdGlvbl9mYWlsdXJlX2FmdGVyX2Nhc2hfYXV0aG9yaXphdGlvbl9yZXN0b3Jlc19pbnZlbnRvcnlfYW5kX3ZhbHVlIiwKICAgICJ0ZXN0cy90ZXN0X2RlcHRoMDlfY3JlZGl0X2JvdW5kYXJpZXMucHk6OnRlc3Rfc291cmNlX3Vua25vd25fYmxvY2tzX2NoaWxkX3JlZnVuZF9yZXRyeV9hbmRfcmVwb3J0c19yZWNvbmNpbGlhdGlvbiIsCiAgICAidGVzdHMvdGVzdF9kZXB0aDA5X2NyZWRpdF9ib3VuZGFyaWVzLnB5Ojp0ZXN0X3BhcnRpYWxfZnVsZmlsbG1lbnRfcmVzdG9yZXNfb25seV91bnVzZWRf
2026-09-10T08:15:36.2567604Z GO_EVIDENCE_B64 Y3JlZGl0X3dpdGhvdXRfZXh0ZW5kaW5nX2V4cGlyeSIsCiAgICAidGVzdHMvdGVzdF9kZXB0aDA5X2NyZWRpdF9ib3VuZGFyaWVzLnB5Ojp0ZXN0X2NyZWRpdF9jaGFuZ2VfcmVhdXRob3JpemVzX2Nhc2hfb25seV9hbmRfY2Fubm90X2V4dGVuZF9jcmVkaXRfdmFsaWRpdHkiLAogICAgInRlc3RzL3Rlc3RfZGVwdGgwOV9jcmVkaXRfYm91bmRhcmllcy5weTo6dGVzdF90d29fY2FwdHVyZV9yZWZ1bmRfZmFpbHVyZV9pc19hdG9taWNfYW5kX3JldHJ5X2hhc19ub19kdXBsaWNhdGVfbGVkZ2VyIiwKICAgICJ0ZXN0cy90ZXN0X2Rl
2026-09-10T08:15:36.2573132Z GO_EVIDENCE_B64 cHRoMDlfY3JlZGl0X2JvdW5kYXJpZXMucHk6OnRlc3RfbGFzdF9uaWdodF9leGhhdXN0aW9uX2FuZF9jaGFuZ2VkX3ByaWNlX2xlYXZlX2NyZWRpdF91bnRvdWNoZWQiLAogICAgInRlc3RzL3Rlc3RfZGVwdGgwOV9jcmVkaXRfYm91bmRhcmllcy5weTo6dGVzdF9yZXBlYXRlZF9yZWRlbXB0aW9uX2NhbmNlbGxhdGlvbl9yZWZ1bmRzX2NvbnNlcnZlX29yaWdpbmFsX3ZhbHVlIiwKICAgICJ0ZXN0cy90ZXN0X2RlcHRoMDlfY3JlZGl0X2JvdW5kYXJpZXMucHk6OnRlc3RfY3JlZGl0X3JlZnVuZF9hcHByb3ZhbF9hbmRfcmVkZW1w
2026-09-10T08:15:36.2578735Z GO_EVIDENCE_B64 dGlvbl9jYW5ub3Rfc3BlbmRfdGhlX3NhbWVfc291cmNlIiwKICAgICJ0ZXN0cy90ZXN0X2RlcHRoMDlfY3JlZGl0X2JvdW5kYXJpZXMucHk6OnRlc3RfY3JlZGl0X25vX3Nob3dfdXNlc19wcmVwYWlkX3RoZW5fY2FzaF9hbmRfa2VlcHNfaW5kZXBlbmRlbnRfcmV2aWV3IiwKICAgICJ0ZXN0cy90ZXN0X2RlcHRoMDlfY3JlZGl0X2JvdW5kYXJpZXMucHk6OnRlc3RfdW51c2VkX2NyZWRpdF9yZWZ1bmRfZXhwaXJ5X2RvZXNfbm90X2RlcGVuZF9vbl9iYWNrZ3JvdW5kX2pvYl90aW1pbmciLAogICAgInRlc3RzL3Rlc3RfZGVwdGgw
2026-09-10T08:15:36.2584133Z GO_EVIDENCE_B64 OV9jcmVkaXRfYm91bmRhcmllcy5weTo6dGVzdF91bnVzZWRfY3JlZGl0X3JlZnVuZF9hcHByb3ZlZF9iZWZvcmVfZXhwaXJ5X3JlbWFpbnNfcGF5YWJsZV9hZnRlcl9leHBpcnkiLAogICAgInRlc3RzL3Rlc3RfZGVwdGgwOV9ob3RlbF9yZXBsaWNhdGlvbi5weTo6dGVzdF9kZWNsYXJlZF9yb29tc19hcmVfY2FwdHVyZWRfd2l0aF9leGFjdF9mYWN0c19hbmRfaW1hZ2VfYmluZGluZ3MiLAogICAgInRlc3RzL3Rlc3RfZGVwdGgwOV9ob3RlbF9yZXBsaWNhdGlvbi5weTo6dGVzdF9vZmZpY2lhbF9jYXB0dXJlX3JlamVjdHNfb3Jf
2026-09-10T08:15:36.2589632Z GO_EVIDENCE_B64 aG9sZHNfYW1iaWd1b3VzX2FuZF9pbmNvbXBsZXRlX3NvdXJjZXNbd3JvbmdfaG90ZWxdIiwKICAgICJ0ZXN0cy90ZXN0X2RlcHRoMDlfaG90ZWxfcmVwbGljYXRpb24ucHk6OnRlc3Rfb2ZmaWNpYWxfY2FwdHVyZV9yZWplY3RzX29yX2hvbGRzX2FtYmlndW91c19hbmRfaW5jb21wbGV0ZV9zb3VyY2VzW2Nyb3NzX29yaWdpbl0iLAogICAgInRlc3RzL3Rlc3RfZGVwdGgwOV9ob3RlbF9yZXBsaWNhdGlvbi5weTo6dGVzdF9vZmZpY2lhbF9jYXB0dXJlX3JlamVjdHNfb3JfaG9sZHNfYW1iaWd1b3VzX2FuZF9pbmNvbXBsZXRlX3Nv
2026-09-10T08:15:36.2594999Z GO_EVIDENCE_B64 dXJjZXNbZm9yZWlnbl9wYXJlbnRdIiwKICAgICJ0ZXN0cy90ZXN0X2RlcHRoMDlfaG90ZWxfcmVwbGljYXRpb24ucHk6OnRlc3Rfb2ZmaWNpYWxfY2FwdHVyZV9yZWplY3RzX29yX2hvbGRzX2FtYmlndW91c19hbmRfaW5jb21wbGV0ZV9zb3VyY2VzW21pc3NpbmdfcGFnZV0iLAogICAgInRlc3RzL3Rlc3RfZGVwdGgwOV9ob3RlbF9yZXBsaWNhdGlvbi5weTo6dGVzdF9vZmZpY2lhbF9jYXB0dXJlX3JlamVjdHNfb3JfaG9sZHNfYW1iaWd1b3VzX2FuZF9pbmNvbXBsZXRlX3NvdXJjZXNbYnVkZ2V0XSIsCiAgICAidGVzdHMvdGVz
2026-09-10T08:15:36.2600600Z GO_EVIDENCE_B64 dF9kZXB0aDA5X2hvdGVsX3JlcGxpY2F0aW9uLnB5Ojp0ZXN0X29mZmljaWFsX2NhcHR1cmVfcmVqZWN0c19vcl9ob2xkc19hbWJpZ3VvdXNfYW5kX2luY29tcGxldGVfc291cmNlc1ttaXNzaW5nX2lkXSIsCiAgICAidGVzdHMvdGVzdF9kZXB0aDA5X2hvdGVsX3JlcGxpY2F0aW9uLnB5Ojp0ZXN0X29mZmljaWFsX2NhcHR1cmVfcmVqZWN0c19vcl9ob2xkc19hbWJpZ3VvdXNfYW5kX2luY29tcGxldGVfc291cmNlc1tkdXBsaWNhdGVfcm9vbV0iLAogICAgInRlc3RzL3Rlc3RfZGVwdGgwOV9ob3RlbF9yZXBsaWNhdGlvbi5weTo6
2026-09-10T08:15:36.2606061Z GO_EVIDENCE_B64 dGVzdF9ub19yb29tX2RpcmVjdG9yeV9hbmRfYXJiaXRyYXJ5X2ltYWdlc19kb19ub3RfYmVjb21lX2NvbXBsZXRlX2NhdGFsb2ciLAogICAgInRlc3RzL3Rlc3RfZGVwdGgwOV9ob3RlbF9yZXBsaWNhdGlvbi5weTo6dGVzdF9uYW1lX2FkZHJlc3NfYWxvbmVfc3RheXNfZHJhZnRfYW5kX21hbnVhbF9wdWJsaXNoX2lzX2Jsb2NrZWQiLAogICAgInRlc3RzL3Rlc3RfZGVwdGgwOV9ob3RlbF9yZXBsaWNhdGlvbi5weTo6dGVzdF9uYW1lX29ubHlfbWF0Y2hfZG9lc19ub3RfbWVyZ2Vfc2VwYXJhdGVfcHJvcGVydGllcyIsCiAgICAi
2026-09-10T08:15:36.2611535Z GO_EVIDENCE_B64 dGVzdHMvdGVzdF9kZXB0aDA5X2hvdGVsX3JlcGxpY2F0aW9uLnB5Ojp0ZXN0X3NhbWVfbmFtZV9hbmRfYWRkcmVzc19yZXNvbHZlc19pZGVudGl0eV9hY3Jvc3Nfc291cmNlcyIsCiAgICAidGVzdHMvdGVzdF9kZXB0aDA5X2hvdGVsX3JlcGxpY2F0aW9uLnB5Ojp0ZXN0X2NvbmN1cnJlbnRfaWRlbnRpY2FsX2ltcG9ydF9oYXNfb25lX3Byb2ZpbGVfc25hcHNob3RfYW5kX3ZlcnNpb24iLAogICAgInRlc3RzL3Rlc3RfZGVwdGgwOV9ob3RlbF9yZXBsaWNhdGlvbi5weTo6dGVzdF9jb25jdXJyZW50X2NoYW5nZWRfc25hcHNob3Rz
2026-09-10T08:15:36.2616861Z GO_EVIDENCE_B64 X2tlZXBfc3RhYmxlX3Byb3ZpZGVyX2lkZW50aXR5IiwKICAgICJ0ZXN0cy90ZXN0X2RlcHRoMDlfaG90ZWxfcmVwbGljYXRpb24ucHk6OnRlc3Rfb2Jzb2xldGVfc291cmNlX2ZpZWxkc19hcmVfcmVtb3ZlZF93aXRob3V0X2hpc3RvcmljYWxfY29uZmxpY3RzIiwKICAgICJ0ZXN0cy90ZXN0X2RlcHRoMDlfaG90ZWxfcmVwbGljYXRpb24ucHk6OnRlc3RfZnVsbF9jYXRhbG9nX2NhY2hlX2Nhbl9wdWJsaXNoX2FuZF9yZXBsYXlfd2l0aG91dF9ncm93dGgiLAogICAgInRlc3RzL3Rlc3RfZGVwdGgwOV9ob3RlbF9yZXBsaWNhdGlv
2026-09-10T08:15:36.2622319Z GO_EVIDENCE_B64 bi5weTo6dGVzdF9iYWRfdXBkYXRlX3ByZXNlcnZlc19sYXN0X2dvb2RfcHVibGljX3ZlcnNpb24iLAogICAgInRlc3RzL3Rlc3RfZGVwdGgwOV9ob3RlbF9yZXBsaWNhdGlvbi5weTo6dGVzdF9tYW51YWxfdW5wdWJsaXNoX3N1cnZpdmVzX3JlY29tcG9zZV9hbmRfdXBkYXRlcyIsCiAgICAidGVzdHMvdGVzdF9kZXB0aDA5X2hvdGVsX3JlcGxpY2F0aW9uLnB5Ojp0ZXN0X3B1YmxpY2F0aW9uX2NoZWNrc19yZWFsX21lZGlhX2FuZF9leGFjdF9jYXRhbG9nX2V2aWRlbmNlW2ZpbGVfZGVsZXRlZF0iLAogICAgInRlc3RzL3Rlc3Rf
2026-09-10T08:15:36.2627844Z GO_EVIDENCE_B64 ZGVwdGgwOV9ob3RlbF9yZXBsaWNhdGlvbi5weTo6dGVzdF9wdWJsaWNhdGlvbl9jaGVja3NfcmVhbF9tZWRpYV9hbmRfZXhhY3RfY2F0YWxvZ19ldmlkZW5jZVtmaWxlX2NvcnJ1cHRlZF0iLAogICAgInRlc3RzL3Rlc3RfZGVwdGgwOV9ob3RlbF9yZXBsaWNhdGlvbi5weTo6dGVzdF9wdWJsaWNhdGlvbl9jaGVja3NfcmVhbF9tZWRpYV9hbmRfZXhhY3RfY2F0YWxvZ19ldmlkZW5jZVtyaWdodHNfcmV2b2tlZF0iLAogICAgInRlc3RzL3Rlc3RfZGVwdGgwOV9ob3RlbF9yZXBsaWNhdGlvbi5weTo6dGVzdF9wdWJsaWNhdGlvbl9j
2026-09-10T08:15:36.2633224Z GO_EVIDENCE_B64 aGVja3NfcmVhbF9tZWRpYV9hbmRfZXhhY3RfY2F0YWxvZ19ldmlkZW5jZVt3cm9uZ19yb29tXSIsCiAgICAidGVzdHMvdGVzdF9kZXB0aDA5X2hvdGVsX3JlcGxpY2F0aW9uLnB5Ojp0ZXN0X3B1YmxpY2F0aW9uX2NoZWNrc19yZWFsX21lZGlhX2FuZF9leGFjdF9jYXRhbG9nX2V2aWRlbmNlW3dyb25nX2hvdGVsXSIsCiAgICAidGVzdHMvdGVzdF9kZXB0aDA5X2hvdGVsX3JlcGxpY2F0aW9uLnB5Ojp0ZXN0X3B1YmxpY2F0aW9uX2NoZWNrc19yZWFsX21lZGlhX2FuZF9leGFjdF9jYXRhbG9nX2V2aWRlbmNlW3dyb25nX3NvdXJj
2026-09-10T08:15:36.2638635Z GO_EVIDENCE_B64 ZV91cmxdIiwKICAgICJ0ZXN0cy90ZXN0X2RlcHRoMDlfaG90ZWxfcmVwbGljYXRpb24ucHk6OnRlc3RfcHVibGljYXRpb25fY2hlY2tzX3JlYWxfbWVkaWFfYW5kX2V4YWN0X2NhdGFsb2dfZXZpZGVuY2VbZHVwbGljYXRlc10iLAogICAgInRlc3RzL3Rlc3RfZGVwdGgwOV9ob3RlbF9yZXBsaWNhdGlvbi5weTo6dGVzdF9wdWJsaWNhdGlvbl9jaGVja3NfcmVhbF9tZWRpYV9hbmRfZXhhY3RfY2F0YWxvZ19ldmlkZW5jZVt1bnJldmlld2VkX2ludmVudG9yeV0iLAogICAgInRlc3RzL3Rlc3RfZGVwdGgwOV9ob3RlbF9yZXBsaWNh
2026-09-10T08:15:36.2644026Z GO_EVIDENCE_B64 dGlvbi5weTo6dGVzdF9wdWJsaWNhdGlvbl9jaGVja3NfcmVhbF9tZWRpYV9hbmRfZXhhY3RfY2F0YWxvZ19ldmlkZW5jZVttaXNzaW5nX2NvcmVfZmFjdF0iLAogICAgInRlc3RzL3Rlc3RfZGVwdGgwOV9ob3RlbF9yZXBsaWNhdGlvbi5weTo6dGVzdF9wdWJsaWNhdGlvbl9jaGVja3NfcmVhbF9tZWRpYV9hbmRfZXhhY3RfY2F0YWxvZ19ldmlkZW5jZVtyb29tX3NldF9taXNtYXRjaF0iLAogICAgInRlc3RzL3Rlc3RfZGVwdGgwOV9ob3RlbF9yZXBsaWNhdGlvbi5weTo6dGVzdF9yZWdpb25hbF9maW5pc2hlZF93b3JrX3dpdGhf
2026-09-10T08:15:36.2649865Z GO_EVIDENCE_B64 aW5jb21wbGV0ZV9jYXRhbG9nX2lzX25vdF9jb21wbGV0ZWQiLAogICAgInRlc3RzL3Rlc3RfZGVwdGgwOV9ob3RlbF9yZXBsaWNhdGlvbi5weTo6dGVzdF9yZWFkX29ubHlfYWRtaW5fY2Fubm90X2NoYW5nZV9jYXRhbG9nX29yX3B1Ymxpc2hbL3NvdXJjZXMvaW5nZXN0XSIsCiAgICAidGVzdHMvdGVzdF9kZXB0aDA5X2hvdGVsX3JlcGxpY2F0aW9uLnB5Ojp0ZXN0X3JlYWRfb25seV9hZG1pbl9jYW5ub3RfY2hhbmdlX2NhdGFsb2dfb3JfcHVibGlzaFsvbWVkaWEvaGFydmVzdF0iLAogICAgInRlc3RzL3Rlc3RfZGVwdGgwOV9o
2026-09-10T08:15:36.2655292Z GO_EVIDENCE_B64 b3RlbF9yZXBsaWNhdGlvbi5weTo6dGVzdF9yZWFkX29ubHlfYWRtaW5fY2Fubm90X2NoYW5nZV9jYXRhbG9nX29yX3B1Ymxpc2hbL2ZhY3RvcnkvaG90ZWxzL3Rlc3QvcHVibGljYXRpb25dIiwKICAgICJ0ZXN0cy90ZXN0X2RlcHRoMDlfaG90ZWxfcmVwbGljYXRpb24ucHk6OnRlc3RfZGlzY292ZXJ5X2FwaV9yZXBvcnRzX2NvbGxlY3Rpb25fc2VwYXJhdGVseV9mcm9tX3JlYWR5X2NhdGFsb2ciLAogICAgInRlc3RzL3Rlc3RfZGVwdGgwOV9ob3RlbF9yZXBsaWNhdGlvbi5weTo6dGVzdF90d29fb2ZmaWNpYWxfcGhvdG9zX2Fy
2026-09-10T08:15:36.2660732Z GO_EVIDENCE_B64 ZV9jb3BpZWRfd2l0aG91dF9pbnZlbnRpbmdfYV90aGlyZCIsCiAgICAidGVzdHMvdGVzdF9kZXB0aDA5X2hvdGVsX3JlcGxpY2F0aW9uLnB5Ojp0ZXN0X3VucmVsYXRlZF9hcHByb3ZlZF9pbWFnZXNfbmV2ZXJfZW50ZXJfdGhlX3B1YmxpY19wYWdlIiwKICAgICJ0ZXN0cy90ZXN0X2RlcHRoMDlfaG90ZWxfcmVwbGljYXRpb24ucHk6OnRlc3RfdGVuX2hvdGVsX3JlcGxpY2F0aW9uX3JlcGxheV9rZWVwc19pZGVudGl0eV9hbmRfcm9vbV9tZWRpYV9zZXBhcmF0ZSIsCiAgICAidGVzdHMvdGVzdF9kZXB0aDA5X2hvdGVsX3JlcGxp
2026-09-10T08:15:36.2666071Z GO_EVIDENCE_B64 Y2F0aW9uLnB5Ojp0ZXN0X21hbGZvcm1lZF9jYXRhbG9nX2lzX2luY29tcGxldGVfYW5kX2Nhbm5vdF9jcmFzaF90aGVfZ2F0ZVtiYWQwXSIsCiAgICAidGVzdHMvdGVzdF9kZXB0aDA5X2hvdGVsX3JlcGxpY2F0aW9uLnB5Ojp0ZXN0X21hbGZvcm1lZF9jYXRhbG9nX2lzX2luY29tcGxldGVfYW5kX2Nhbm5vdF9jcmFzaF90aGVfZ2F0ZVtiYWQxXSIsCiAgICAidGVzdHMvdGVzdF9kZXB0aDA5X2hvdGVsX3JlcGxpY2F0aW9uLnB5Ojp0ZXN0X21hbGZvcm1lZF9jYXRhbG9nX2lzX2luY29tcGxldGVfYW5kX2Nhbm5vdF9jcmFzaF90
2026-09-10T08:15:36.2671474Z GO_EVIDENCE_B64 aGVfZ2F0ZVtiYWQyXSIsCiAgICAidGVzdHMvdGVzdF9kZXB0aDA5X2hvdGVsX3JlcGxpY2F0aW9uLnB5Ojp0ZXN0X21hbGZvcm1lZF9jYXRhbG9nX2lzX2luY29tcGxldGVfYW5kX2Nhbm5vdF9jcmFzaF90aGVfZ2F0ZVtiYWQzXSIsCiAgICAidGVzdHMvdGVzdF9kZXB0aDA5X2hvdGVsX3JlcGxpY2F0aW9uLnB5Ojp0ZXN0X2V4cGxpY2l0X3RhcmdldF9jYW5ub3RfcmVhc3NpZ25fYW5fZXhpc3Rpbmdfc291cmNlX2lkZW50aXR5IiwKICAgICJ0ZXN0cy90ZXN0X2RlcHRoMDlfaG90ZWxfcmVwbGljYXRpb24ucHk6OnRlc3RfZmFp
2026-09-10T08:15:36.2676804Z GO_EVIDENCE_B64 bGVkX2NvbXBvc2l0aW9uX3JvbGxzX2JhY2tfc291cmNlX2FuZF9wcm9maWxlX3RvZ2V0aGVyIiwKICAgICJ0ZXN0cy90ZXN0X2RlcHRoMDlfaG90ZWxfcmVwbGljYXRpb24ucHk6OnRlc3RfYm91bmRlZF9wYXJhbGxlbF9iYXRjaF9wcmVzZXJ2ZXNfb3JkZXJfYW5kX2lzb2xhdGVzX2ZhaWxlZF9ob3RlbCIsCiAgICAidGVzdHMvdGVzdF9kZXB0aDA5X21pZ3JhdGlvbi5weTo6dGVzdF9jcmVkaXRfbWlncmF0aW9uX3JvdW5kdHJpcF9wcmVzZXJ2ZXNfZmFyZV9yb3dzX2FuZF9uZXZlcl9jcmVhdGVzX3VuZnVuZGVkX2NyZWRpdCIs
2026-09-10T08:15:36.2682255Z GO_EVIDENCE_B64 CiAgICAidGVzdHMvdGVzdF9kZXB0aDA5X3N0YXlfY3JlZGl0LnB5Ojp0ZXN0X2NvbnZlcnNpb25faXNfZnVuZGVkX3NpbmdsZV9pc3N1ZV9hbmRfcHJlc2VydmVzX29yaWdpbmFsX2V4cGlyeV9vbl9yZXBsYXkiLAogICAgInRlc3RzL3Rlc3RfZGVwdGgwOV9zdGF5X2NyZWRpdC5weTo6dGVzdF9yZWRlbXB0aW9uX2hpZ2hlcl9lcXVhbF9sb3dlcl9hbmRfZmluYWxfZnVsZmlsbG1lbnRfd2l0aG91dF9kdXBsaWNhdGVfY2FzaFsxMDAwMDAtMzgwMDAtMTYyMDAwLTBdIiwKICAgICJ0ZXN0cy90ZXN0X2RlcHRoMDlfc3RheV9jcmVk
2026-09-10T08:15:36.2687763Z GO_EVIDENCE_B64 aXQucHk6OnRlc3RfcmVkZW1wdGlvbl9oaWdoZXJfZXF1YWxfbG93ZXJfYW5kX2ZpbmFsX2Z1bGZpbGxtZW50X3dpdGhvdXRfZHVwbGljYXRlX2Nhc2hbODEwMDAtMC0xNjIwMDAtMF0iLAogICAgInRlc3RzL3Rlc3RfZGVwdGgwOV9zdGF5X2NyZWRpdC5weTo6dGVzdF9yZWRlbXB0aW9uX2hpZ2hlcl9lcXVhbF9sb3dlcl9hbmRfZmluYWxfZnVsZmlsbG1lbnRfd2l0aG91dF9kdXBsaWNhdGVfY2FzaFs0MDAwMC0wLTgwMDAwLTgyMDAwXSIsCiAgICAidGVzdHMvdGVzdF9kZXB0aDA5X3N0YXlfY3JlZGl0LnB5Ojp0ZXN0X2NhbmNl
2026-09-10T08:15:36.2693168Z GO_EVIDENCE_B64 bF9yZXR1cm5zX29ubHlfdW51c2VkX2NyZWRpdF9ub3RfbG93ZXJfcHJpY2VfZm9yZmVpdHVyZSIsCiAgICAidGVzdHMvdGVzdF9kZXB0aDA5X3N0YXlfY3JlZGl0LnB5Ojp0ZXN0X2NhbmNlbGxlZF9jcmVkaXRfZmVlX3JlZnVuZF9kb2VzX25vdF9yZWZ1bmRfcmVzdG9yZWRfY3JlZGl0X3R3aWNlIiwKICAgICJ0ZXN0cy90ZXN0X2RlcHRoMDlfc3RheV9jcmVkaXQucHk6OnRlc3RfdW51c2VkX2NyZWRpdF9yZWZ1bmRfZnJlZXplc19yZWRlbXB0aW9uX2FuZF9zdXJ2aXZlc19leGVjdXRvcl9mYWlsdXJlIiwKICAgICJ0ZXN0cy90
2026-09-10T08:15:36.2698607Z GO_EVIDENCE_B64 ZXN0X2RlcHRoMDlfc3RheV9jcmVkaXQucHk6OnRlc3RfcmVkZWVtZWRfc3RheV9yZWZ1bmRfc3BhbnNfY2FzaF9hbmRfY3JlZGl0X29yaWdpbmFsX2NhcHR1cmVzIiwKICAgICJ0ZXN0cy90ZXN0X2RlcHRoMTBfZGlzcnVwdGlvbl9hcGkucHk6OnRlc3RfYXBpX3Njb3BlX2luZGVwZW5kZW50X2V2aWRlbmNlX3NuYXBzaG90X2FuZF9jdXN0b21lcl9yZXRyeSIsCiAgICAidGVzdHMvdGVzdF9kZXB0aDEwX2Rpc3J1cHRpb25fYXBpLnB5Ojp0ZXN0X2FwaV9iYW5rX21hbmRhdGVfYW5kX3JlY292ZXJ5X3JlamVjdF91bnNjb3BlZF91
2026-09-10T08:15:36.2704991Z GO_EVIDENCE_B64 c2Vyc19hbmRfbm9uaW50ZWdlcl9tb25leSIsCiAgICAidGVzdHMvdGVzdF9kZXB0aDEwX2Rpc3J1cHRpb25fcmVjb3ZlcnkucHk6OnRlc3RfZ3Vlc3RfbGlhYmlsaXR5X2hvbGRfY2Fubm90X3BheV9hbmRfb25seV9uZXdfZXZpZGVuY2VfcmVvcGVuc193aXRoX2hpc3RvcnkiLAogICAgInRlc3RzL3Rlc3RfZGVwdGgxMF9kaXNydXB0aW9uX3JlY292ZXJ5LnB5Ojp0ZXN0X2V4cGlyZWRfbWFuZGF0ZV9kb2VzX25vdF9kZWJpdF9iYW5rIiwKICAgICJ0ZXN0cy90ZXN0X2RlcHRoMTBfZGlzcnVwdGlvbl9yZWNvdmVyeS5weTo6dGVz
2026-09-10T08:15:36.2710495Z GO_EVIDENCE_B64 dF9yZWZ1bmRfaW50ZXJydXB0aW9uX2Nhbm5vdF9zdGFydF9jb21wZW5zYXRpb25fYW5kX3JldHJ5X2lzX2V4YWN0IiwKICAgICJ0ZXN0cy90ZXN0X2RlcHRoMTBfZGlzcnVwdGlvbl9yZWNvdmVyeS5weTo6dGVzdF9jb25jdXJyZW50X3JlY292ZXJ5X2FuZF9sZWdhY3lfZ3VhcmRfcHJlc2VydmVfZmluaXRlX2Z1bmQiLAogICAgInRlc3RzL3Rlc3RfZGVwdGgxMF9kaXNydXB0aW9uX3JlY292ZXJ5LnB5Ojp0ZXN0X3JlcGVhdGVkX21hbmRhdGVfZG9jdW1lbnRfY2Fubm90X2NoYW5nZV9saW1pdF9vcl9yZXN1cnJlY3RfcmV2b2tl
2026-09-10T08:15:36.2715817Z GO_EVIDENCE_B64 ZF9hdXRob3JpdHkiLAogICAgInRlc3RzL3Rlc3RfZGVwdGgxMF9ob3N0ZWRfZGlzcnVwdGlvbi5weTo6dGVzdF9yZXF1ZXN0X2RvZXNfbm90X2NhbmNlbF9hbmRfbmVlZHNfZXZpZGVuY2VfaW5kZXBlbmRlbnRfY2hlY2tlcl9hbmRfb3duZXJzaGlwIiwKICAgICJ0ZXN0cy90ZXN0X2RlcHRoMTBfaG9zdGVkX2Rpc3J1cHRpb24ucHk6OnRlc3RfdW5jYXB0dXJlZF9hdXRob3JpemF0aW9uX2lzX3JlbGVhc2VkX2FuZF9uZXZlcl91c2VkX2FzX2RvdWJsZV9jb21wZW5zYXRpb25fYmFzaXMiLAogICAgInRlc3RzL3Rlc3RfZGVwdGgx
2026-09-10T08:15:36.2721278Z GO_EVIDENCE_B64 MF9ob3N0ZWRfZGlzcnVwdGlvbi5weTo6dGVzdF9jcmVkaXRfcmVmdW5kX2FuZF9jb21wZW5zYXRpb25fdXNlX2Rpc3RpbmN0X29yaWdpbmFsX2FuZF9ob3RlbF9yb290cyIsCiAgICAidGVzdHMvdGVzdF9kZXB0aDEwX2hvc3RlZF9kaXNydXB0aW9uLnB5Ojp0ZXN0X2Zpbml0ZV9mdW5kc19rZWVwX2NvbXBlbnNhdGlvbl9wZW5kaW5nX3RoZW5fcmVzdW1lX3dpdGhvdXRfcmVwZWF0X3JlZnVuZCIsCiAgICAidGVzdHMvdGVzdF9kZXB0aDEwX2hvc3RlZF9kaXNydXB0aW9uLnB5Ojp0ZXN0X2NvbXBlbnNhdGlvbl9mYWlsdXJlX3Jv
2026-09-10T08:15:36.2726618Z GO_EVIDENCE_B64 bGxzX2JhY2tfZnVuZF9kcmF3X2FuZF9wcmVzZXJ2ZXNfY29tcGxldGVkX3JlZnVuZCIsCiAgICAidGVzdHMvdGVzdF9kZXB0aDEwX2hvc3RlZF9kaXNydXB0aW9uLnB5Ojp0ZXN0X2V4dGVybmFsX2NhdXNlX3JlZnVuZHNfd2l0aG91dF9kZWJpdF9vcl9kb3VibGVfY29tcGVuc2F0aW9uIiwKICAgICJ0ZXN0cy90ZXN0X2RlcHRoMTBfaG9zdGVkX2Rpc3J1cHRpb24ucHk6OnRlc3RfYmFua19yZXF1aXJlc19jdXJyZW50X3Njb3BlZF9tYW5kYXRlX2FuZF9wcm90ZWN0aW9uX2lzX2Zpbml0ZSIsCiAgICAidGVzdHMvdGVzdF9kZXB0
2026-09-10T08:15:36.2732076Z GO_EVIDENCE_B64 aDEwX2hvc3RlZF9kaXNydXB0aW9uLnB5Ojp0ZXN0X3Byb3RlY3Rpb25fYWR2YW5jZV9jcmVhdGVzX2V4YWN0X3N1cHBsaWVyX2xpYWJpbGl0eSIsCiAgICAidGVzdHMvdGVzdF9kZXB0aDEwX2hvc3RlZF9kaXNydXB0aW9uLnB5Ojp0ZXN0X2NvbmN1cnJlbnRfZXhlY3V0aW9uX2RvZXNfbm90X3JlcGVhdF9yZWZ1bmRfb3JfY29tcGVuc2F0aW9uIiwKICAgICJ0ZXN0cy90ZXN0X2RlcHRoMTBfaG9zdGVkX2Rpc3J1cHRpb24ucHk6OnRlc3RfcHJvdGVjdGlvbl9yZWNvdmVyeV9pc19pZGVtcG90ZW50X2J5X2tleV9hbmRfc291cmNl
2026-09-10T08:15:36.2737394Z GO_EVIDENCE_B64 X3JlY2VpcHQiLAogICAgInRlc3RzL3Rlc3RfZGVwdGgxMF9ob3N0ZWRfZGlzcnVwdGlvbi5weTo6dGVzdF9zbWFsbF9iYW5rX21hbmRhdGVfY2Fwc19vbmx5X3RoZV9iYW5rX3BvcnRpb24iLAogICAgInRlc3RzL3Rlc3RfZGVwdGgxMF9ob3N0ZWRfZGlzcnVwdGlvbi5weTo6dGVzdF9yZXBsYWNlZF9hbmRfcmV2b2tlZF9tYW5kYXRlc19jYW5ub3RfZmFsbF9iYWNrX3RvX29sZF9iYW5rX3Blcm1pc3Npb24iLAogICAgInRlc3RzL3Rlc3RfZGVwdGgxMF9ob3N0ZWRfZGlzcnVwdGlvbi5weTo6dGVzdF9jdXN0b21lcl9yZXRyeV9y
2026-09-10T08:15:36.2742917Z GO_EVIDENCE_B64 dW5zX2FwcHJvdmVkX2NhbmNlbGxhdGlvbl9iZWZvcmVfcmVmdW5kIiwKICAgICJ0ZXN0cy90ZXN0X2RlcHRoMTBfbWlncmF0aW9uLnB5Ojp0ZXN0X3N1cHBsaWVyX2ZhdWx0X21pZ3JhdGlvbl9yb3VuZHRyaXBfcHJlc2VydmVzX29yaWdpbmFsX2NyZWRpdF9hbmRfYWxsb2NhdGlvbnMiLAogICAgInRlc3RzL3Rlc3RfZGVwdGgxMV9jYXRhbG9nX2FwaS5weTo6dGVzdF9hcGlfaW5kZXBlbmRlbnRfcGVybWlzc2lvbl9zdGFsZV9ldmlkZW5jZV9hbmRfY3VzdG9tZXJfcHJvZ3Jlc3MiLAogICAgInRlc3RzL3Rlc3RfZGVwdGgxMV9j
2026-09-10T08:15:36.2748390Z GO_EVIDENCE_B64 YXRhbG9nX2FwaS5weTo6dGVzdF9zZXJ2aWNlX3JlcXVlc3Rlcl93aXRoX2ZpbmFuY2Vfcm9sZV9jYW5ub3RfYXBwcm92ZV9vd25fc3VwcGxpZXJfcmVxdWVzdCIsCiAgICAidGVzdHMvdGVzdF9kZXB0aDExX2NhdGFsb2dfbW9uZXlfZmFjdHMucHk6OnRlc3RfYnJpZGdlX2ltcG9ydF91c2VzX3JlY29yZGVkX3BheW1lbnRfYW1vdW50X2FuZF9hdG9taWNfcm9sbGJhY2siLAogICAgInRlc3RzL3Rlc3RfZGVwdGgxMV9jYXRhbG9nX21vbmV5X2ZhY3RzLnB5Ojp0ZXN0X3Vua25vd25fcGF5bWVudF9mYWN0X2Jsb2Nrc19zdXBwbGll
2026-09-10T08:15:36.2754096Z GO_EVIDENCE_B64 cl9yZXF1ZXN0X2JlZm9yZV9jYW5jZWwiLAogICAgInRlc3RzL3Rlc3RfZGVwdGgxMV9jYXRhbG9nX21vbmV5X2ZhY3RzLnB5Ojp0ZXN0X3N1cHBsaWVyX2ZhdWx0X3JlZnVuZHNfY2FwdHVyZWRfY2hhbmdlX2RpZmZlcmVuY2VfZnJvbV9pdHNfb3duX3Jvb3QiLAogICAgInRlc3RzL3Rlc3RfZGVwdGgxMV9jYXRhbG9nX21vbmV5X2ZhY3RzLnB5Ojp0ZXN0X3NlY29uZF9zb3VyY2VfcmVmdW5kX2ZhaWx1cmVfcm9sbHNfYmFja19ib3RoX3NvdXJjZXNfYW5kX3Jlc3VtZXMiLAogICAgInRlc3RzL3Rlc3RfZGVwdGgxMV9jYXRhbG9n
2026-09-10T08:15:36.2759552Z GO_EVIDENCE_B64 X3N1cHBsaWVyX3JlbWVkeS5weTo6dGVzdF9yZXF1ZXN0X2tlZXBzX29yZGVyX2FuZF9mdW5kc19hbmRfY2Fubm90X3NlbGZfYXBwcm92ZSIsCiAgICAidGVzdHMvdGVzdF9kZXB0aDExX2NhdGFsb2dfc3VwcGxpZXJfcmVtZWR5LnB5Ojp0ZXN0X2FjdHVhbF9wYWlkX2luc3RlYWRfb2ZfY3VycmVudF9vcmRlcl90b3RhbF9hbmRfc2NvcGVkX2JhbmtfcHJpb3JpdHkiLAogICAgInRlc3RzL3Rlc3RfZGVwdGgxMV9jYXRhbG9nX3N1cHBsaWVyX3JlbWVkeS5weTo6dGVzdF9ub19tYW5kYXRlX2FuZF9maW5pdGVfZnVuZF9zaG9ydGFn
2026-09-10T08:15:36.2764897Z GO_EVIDENCE_B64 ZV9kb19ub3RfY2xhaW1fcGFpZCIsCiAgICAidGVzdHMvdGVzdF9kZXB0aDExX2NhdGFsb2dfc3VwcGxpZXJfcmVtZWR5LnB5Ojp0ZXN0X2V4YWN0X3Byb3RlY3Rpb25fbGlhYmlsaXR5X2FuZF9kdXJhYmxlX2lkZW1wb3RlbnRfcmVjb3ZlcnkiLAogICAgInRlc3RzL3Rlc3RfZGVwdGgxMV9jYXRhbG9nX3N1cHBsaWVyX3JlbWVkeS5weTo6dGVzdF9wcmlvcl9vcmlnaW5hbF9yZWZ1bmRfaXNfbm90X3JlcGVhdGVkX2J1dF9jb21wZW5zYXRpb25fdXNlc19hY3R1YWxfZ3Jvc3NfcGFpZCIsCiAgICAidGVzdHMvdGVzdF9kZXB0aDEx
2026-09-10T08:15:36.2770360Z GO_EVIDENCE_B64 X2NhdGFsb2dfc3VwcGxpZXJfcmVtZWR5LnB5Ojp0ZXN0X2FwcHJvdmVkX3JlbWVkeV9wcmV2ZW50c191bnJlbGF0ZWRfcmVmdW5kX29yX2NoYW5nZV9zcGVuZGluZ19yZXNlcnZlZF9mdW5kcyIsCiAgICAidGVzdHMvdGVzdF9kZXB0aDExX2NhdGFsb2dfc3VwcGxpZXJfcmVtZWR5LnB5Ojp0ZXN0X3N1cHBsaWVyX3RpbWVvdXRfcXVlcmllc19zdGF0dXNfd2l0aG91dF9yZXNlbmRpbmdfb3JfcmVmdW5kaW5nX2Vhcmx5IiwKICAgICJ0ZXN0cy90ZXN0X2RlcHRoMTFfY2F0YWxvZ19zdXBwbGllcl9yZW1lZHkucHk6OnRlc3RfcmVm
2026-09-10T08:15:36.2775662Z GO_EVIDENCE_B64 dW5kX2ZhdWx0X3JvbGxzX2JhY2tfYWxsX21vbmV5X2FuZF9yZXN1bWVzX2FmdGVyX2NvbmZpcm1lZF9jYW5jZWwiLAogICAgInRlc3RzL3Rlc3RfZGVwdGgxMV9jYXRhbG9nX3N1cHBsaWVyX3JlbWVkeS5weTo6dGVzdF9jb21wZW5zYXRpb25fZmF1bHRfY2Fubm90X3JlcGVhdF9jb21wbGV0ZWRfcmVmdW5kIiwKICAgICJ0ZXN0cy90ZXN0X2RlcHRoMTFfY2F0YWxvZ19zdXBwbGllcl9yZW1lZHkucHk6OnRlc3RfZm91cl9jb25jdXJyZW50X2V4ZWN1dGlvbnNfcHJvZHVjZV9vbmVfc3VwcGxpZXJfY2FuY2VsX3JlZnVuZF9hbmRf
2026-09-10T08:15:36.2781059Z GO_EVIDENCE_B64 Y29tcGVuc2F0aW9uIiwKICAgICJ0ZXN0cy90ZXN0X2RlcHRoMTFfY2F0YWxvZ19zdXBwbGllcl9yZW1lZHkucHk6OnRlc3RfZXh0ZXJuYWxfZmF1bHRfcmVmdW5kc193aXRob3V0X2V4dHJhX3N1cHBsaWVyX2RlYml0IiwKICAgICJ0ZXN0cy90ZXN0X2RlcHRoMTFfbWlncmF0aW9uLnB5Ojp0ZXN0X2NhdGFsb2dfcmVtZWR5X21pZ3JhdGlvbl9wcmVzZXJ2ZXNfaGlzdG9yaWNhbF9jYXNlc19hbmRfaG9zdGVkX21hbmRhdGVzIiwKICAgICJ0ZXN0cy90ZXN0X2RlcHRoMTJfY2F0YWxvZ19jcmVkaXQucHk6OnRlc3RfY29udmVyc2lv
2026-09-10T08:15:36.2786345Z GO_EVIDENCE_B64 bl9hY3R1YWxfcGFpZF9hbmRfb3JpZ2luYWxfc291cmNlX3JlZnVuZF9pc19mcm96ZW4iLAogICAgInRlc3RzL3Rlc3RfZGVwdGgxMl9jYXRhbG9nX2NyZWRpdC5weTo6dGVzdF9jb252ZXJzaW9uX3Vua25vd25fcmVwbHlfcXVlcmllc193aXRob3V0X3Jlc2VuZGluZyIsCiAgICAidGVzdHMvdGVzdF9kZXB0aDEyX2NhdGFsb2dfY3JlZGl0LnB5Ojp0ZXN0X3J1bGVfc25hcHNob3RfY29uc2VudF9hbmRfdmFsaWRpdHlfYXJlX2ZpeGVkIiwKICAgICJ0ZXN0cy90ZXN0X2RlcHRoMTJfY2F0YWxvZ19jcmVkaXQucHk6OnRlc3RfbG93
2026-09-10T08:15:36.2791802Z GO_EVIDENCE_B64 ZXJfcHJpY2VfZm9yZmVpdHNfb25seV9kaWZmZXJlbmNlX2FuZF9ub19uZXdfY2FwdHVyZSIsCiAgICAidGVzdHMvdGVzdF9kZXB0aDEyX2NhdGFsb2dfY3JlZGl0LnB5Ojp0ZXN0X2ZvdXJfcmVkZW1wdGlvbnNfaGF2ZV9vbmVfc3VwcGxpZXJfYm9va2luZyIsCiAgICAidGVzdHMvdGVzdF9kZXB0aDEyX2NhdGFsb2dfY3JlZGl0LnB5Ojp0ZXN0X2RpZmZlcmVudF9xdW90ZXNfY2Fubm90X2RvdWJsZV9zcGVuZF9zYW1lX2NyZWRpdCIsCiAgICAidGVzdHMvdGVzdF9kZXB0aDEyX2NhdGFsb2dfY3JlZGl0LnB5Ojp0ZXN0X3ByZWJv
2026-09-10T08:15:36.2797225Z GO_EVIDENCE_B64 b2tfcHJpY2VfY2hhbmdlX3Jlc3RvcmVzX2NyZWRpdF9hbmRfZG9lc19ub3RfYm9vayIsCiAgICAidGVzdHMvdGVzdF9kZXB0aDEyX2NhdGFsb2dfY3JlZGl0LnB5Ojp0ZXN0X21pc3NpbmdfcHJlYm9va19yZXBseV9pc19yZWNvdmVyZWRfYnlfcXVlcnkiLAogICAgInRlc3RzL3Rlc3RfZGVwdGgxMl9jYXRhbG9nX2NyZWRpdC5weTo6dGVzdF9taXNzaW5nX2Jvb2tpbmdfcmVwbHlfaXNfcmVjb3ZlcmVkX3dpdGhvdXRfcmVzZW5kIiwKICAgICJ0ZXN0cy90ZXN0X2RlcHRoMTJfY2F0YWxvZ19jcmVkaXQucHk6OnRlc3Rfc3VwcGxp
2026-09-10T08:15:36.2803052Z GO_EVIDENCE_B64 ZXJfcmVqZWN0aW9uX3Jlc3RvcmVzX2NyZWRpdF9hbmRfcmVsZWFzZXNfZGlmZmVyZW5jZSIsCiAgICAidGVzdHMvdGVzdF9kZXB0aDEyX2NhdGFsb2dfY3JlZGl0LnB5Ojp0ZXN0X2NhcHR1cmVfZmFpbHVyZV9rZWVwc19ib29raW5nX2FuZF9jcmVkaXRfcmVzZXJ2ZWRfdW50aWxfbmV3X2NvbnNlbnQiLAogICAgInRlc3RzL3Rlc3RfZGVwdGgxMl9jYXRhbG9nX2NyZWRpdC5weTo6dGVzdF9hdXRob3JpemF0aW9uX2RlY2xpbmVfbmV2ZXJfYm9va3NfYW5kX3Jlc3RvcmVzX2NyZWRpdCIsCiAgICAidGVzdHMvdGVzdF9kZXB0aDEy
2026-09-10T08:15:36.2808509Z GO_EVIDENCE_B64 X2NhdGFsb2dfY3JlZGl0LnB5Ojp0ZXN0X2RlY2xpbmVkX2NhcHR1cmVfcmV0cnlfY2Fubm90X2JlX2NhcHR1cmVkX2J5X3N0YXR1c19yZWNvbmNpbGlhdGlvbiIsCiAgICAidGVzdHMvdGVzdF9kZXB0aDEyX2NhdGFsb2dfY3JlZGl0LnB5Ojp0ZXN0X3Vua25vd25fYm9va2luZ19pc19ub3RfdHJlYXRlZF9hc19yZWplY3Rpb24iLAogICAgInRlc3RzL3Rlc3RfZGVwdGgxMl9jYXRhbG9nX2NyZWRpdC5weTo6dGVzdF9leHBpcmVkX2NyZWRpdF9jYW5ub3RfYmVfcmVkZWVtZWRfZXZlbl93aXRoX2xpdmVfcXVvdGUiLAogICAgInRl
2026-09-10T08:15:36.2813811Z GO_EVIDENCE_B64 c3RzL3Rlc3RfZGVwdGgxMl9jYXRhbG9nX2NyZWRpdC5weTo6dGVzdF9xdW90ZV90YW1wZXJfb3JfY3Jvc3NfcHJvcGVydHlfbmV2ZXJfcmVzZXJ2ZXNfY3JlZGl0IiwKICAgICJ0ZXN0cy90ZXN0X2RlcHRoMTJfY3JlZGl0X2FmdGVyX3NhbGVzLnB5Ojp0ZXN0X2N1c3RvbWVyX2NhbmNlbF9yZWZ1bmRzX29ubHlfc3VwcGxlbWVudF9hbmRfcmVzdG9yZXNfY3JlZGl0X3dpdGhvdXRfZXh0ZW5kaW5nIiwKICAgICJ0ZXN0cy90ZXN0X2RlcHRoMTJfY3JlZGl0X2FmdGVyX3NhbGVzLnB5Ojp0ZXN0X2xvd2VyX3ByaWNlX2ZvcmZlaXR1
2026-09-10T08:15:36.2819237Z GO_EVIDENCE_B64 cmVfaXNfcHJlc2VydmVkX2FmdGVyX2N1c3RvbWVyX2NhbmNlbGxhdGlvbiIsCiAgICAidGVzdHMvdGVzdF9kZXB0aDEyX2NyZWRpdF9hZnRlcl9zYWxlcy5weTo6dGVzdF9jdXN0b21lcl9jYW5jZWxsYXRpb25fdXNlc19hY2NlcHRlZF90aWVyc19ldmVuX2lmX3N1cHBsaWVyX3J1bGVfY2hhbmdlcyIsCiAgICAidGVzdHMvdGVzdF9kZXB0aDEyX2NyZWRpdF9hZnRlcl9zYWxlcy5weTo6dGVzdF9jYXNoX3JlZnVuZF9mYWlsdXJlX2tlZXBzX2NyZWRpdF91bmF2YWlsYWJsZV91bnRpbF9hdG9taWNfcmV0cnkiLAogICAgInRlc3Rz
2026-09-10T08:15:36.2824579Z GO_EVIDENCE_B64 L3Rlc3RfZGVwdGgxMl9jcmVkaXRfYWZ0ZXJfc2FsZXMucHk6OnRlc3RfY3VzdG9tZXJfY2FuY2VsX3Vua25vd25fcmVzcG9uc2VfcXVlcmllc19iZWZvcmVfcmVzdG9yaW5nIiwKICAgICJ0ZXN0cy90ZXN0X2RlcHRoMTJfY3JlZGl0X2FmdGVyX3NhbGVzLnB5Ojp0ZXN0X3Jlc3RvcmVkX2NyZWRpdF9hZnRlcl9leHBpcnlfZG9lc19ub3RfZ2Fpbl9hX25ld195ZWFyIiwKICAgICJ0ZXN0cy90ZXN0X2RlcHRoMTJfY3JlZGl0X2FwaS5weTo6dGVzdF9zaWduZWRfY3VzdG9tZXJfY3JlZGl0X3JlcXVpcmVzX3NlbGVjdGVkX293bmVk
2026-09-10T08:15:36.2830018Z GO_EVIDENCE_B64 X2d1ZXN0X2FuZF9mdWxsX2N1cnJlbnRfY29uc2VudCIsCiAgICAidGVzdHMvdGVzdF9kZXB0aDEyX2NyZWRpdF9hcGkucHk6OnRlc3Rfd2l0aGRyYXduX3RyYXZlbGVyX3Blcm1pc3Npb25fa2VlcHNfY3JlZGl0X3VuY2hhbmdlZF9hbmRfY3Jvc3NfY3JlZGl0X2FjdGlvbnNfZmFpbCIsCiAgICAidGVzdHMvdGVzdF9kZXB0aDEyX2NyZWRpdF9yZW1lZHkucHk6OnRlc3Rfc3VwcGxpZXJfY2FuY2VsX3JldHVybnNfYXBwbGllZF9jcmVkaXRfYW5kX2Nhc2hfdG9fZWFjaF9vcmlnaW5hbF9jYXB0dXJlIiwKICAgICJ0ZXN0cy90ZXN0
2026-09-10T08:15:36.2835289Z GO_EVIDENCE_B64 X2RlcHRoMTJfY3JlZGl0X3JlbWVkeS5weTo6dGVzdF9sb3dlcl9wcmljZV9mb3JmZWl0dXJlX2lzX25vdF9yZWZ1bmRlZF9vcl9kb3VibGVfY29tcGVuc2F0ZWQiLAogICAgInRlc3RzL3Rlc3RfZGVwdGgxMl9jcmVkaXRfcmVtZWR5LnB5Ojp0ZXN0X3NlY29uZF9yZWZ1bmRfZmFpbHVyZV9yb2xsc19iYWNrX2NyZWRpdF9hbmRfY2FzaF9hc19vbmVfc3RhZ2UiLAogICAgInRlc3RzL3Rlc3RfZGVwdGgxMl9jcmVkaXRfcmVtZWR5LnB5Ojp0ZXN0X2NvbnZlcnNpb25fYWN0aXZhdGlvbl9mYWlsdXJlX2Nhbl9yZXN1bWVfYWZ0ZXJf
2026-09-10T08:15:36.2840651Z GO_EVIDENCE_B64 c3VwcGxpZXJfY2FuY2VsIiwKICAgICJ0ZXN0cy90ZXN0X2RlcHRoMTJfY3JlZGl0X3JlbWVkeS5weTo6dGVzdF9jYXB0dXJlX2xlZGdlcl9mYWlsdXJlX3JvbGxzX2JhY2tfY2FwdHVyZV9idXRfa2VlcHNfY29uZmlybWVkX3N1cHBsaWVyX2Zvcl9yZXN1bWUiLAogICAgInRlc3RzL3Rlc3RfZGVwdGgxMl9jcmVkaXRfcmVtZWR5LnB5Ojp0ZXN0X2FsdGVyZWRfYWxsb2NhdGlvbl9jYW5ub3RfbW92ZV9mb3JmZWl0ZWRfdmFsdWVfaW50b19yZWZ1bmRhYmxlX3ZhbHVlIiwKICAgICJ0ZXN0cy90ZXN0X2RlcHRoMTJfY3JlZGl0X3Jl
2026-09-10T08:15:36.2845923Z GO_EVIDENCE_B64 bWVkeS5weTo6dGVzdF9jdXN0b21lcl9yZXN0b3JlZF9jcmVkaXRfdGhlbl9zdXBwbGllcl9yZWZ1bmRfcHJlc2VydmVzX29yaWdpbmFsX2ZvcmZlaXR1cmUiLAogICAgInRlc3RzL3Rlc3RfZGVwdGgxMl9taWdyYXRpb24ucHk6OnRlc3RfY2F0YWxvZ19jcmVkaXRfbWlncmF0aW9uX3ByZXNlcnZlc19oaXN0b3JpY2FsX2NyZWRpdF93aXRob3V0X2ludmVudGVkX2Z1bmRpbmciLAogICAgInRlc3RzL3Rlc3RfZGVwdGgxMl9wYXJlbnRfbW9uZXlfYnVkZ2V0LnB5Ojp0ZXN0X3JlZnVuZF9jYW5ub3RfYm9ycm93X2Fub3RoZXJfY2Fw
2026-09-10T08:15:36.2851619Z GO_EVIDENCE_B64 dHVyZV9idWRnZXRfd2l0aGluX3NhbWVfcm9vdCIsCiAgICAidGVzdHMvdGVzdF9kZXB0aDEyX3BhcmVudF9tb25leV9idWRnZXQucHk6OnRlc3RfY2FwdHVyZV9jYW5ub3RfYm9ycm93X2Fub3RoZXJfYXV0aG9yaXphdGlvbl9idWRnZXRfd2l0aGluX3NhbWVfcm9vdCIsCiAgICAidGVzdHMvdGVzdF9kZXB0aDEzX2NhdGFsb2dfZmFyZS5weTo6dGVzdF9wcmVib29rX3Rlcm1zX3N1cnZpdmVfcHVibGljYXRpb25fYW5kX25leHRfb2ZmZXJfZ2V0c19uZXdfdmVyc2lvbiIsCiAgICAidGVzdHMvdGVzdF9kZXB0aDEzX2NhdGFsb2df
2026-09-10T08:15:36.2856969Z GO_EVIDENCE_B64 ZmFyZS5weTo6dGVzdF9vcmlnaW5hbF9vcmRlcl9ydWxlc19kcml2ZV9jYW5jZWxsYXRpb25fYW5kX2NyZWRpdF9hZnRlcl9zdXBwbGllcl91cGRhdGUiLAogICAgInRlc3RzL3Rlc3RfZGVwdGgxM19jYXRhbG9nX2ZhcmUucHk6OnRlc3RfY3VycmVudF9xdW90ZV9jb25zZW50X2lzX3JlcXVpcmVkX2JlZm9yZV9hdXRoZW50aWNhdGVkX3Byb2ZpbGVfcmVsZWFzZSIsCiAgICAidGVzdHMvdGVzdF9kZXB0aDEzX2NhdGFsb2dfZmFyZS5weTo6dGVzdF9vcmRlcl9hbmRfcnVsZV9zbmFwc2hvdF9yb2xsX2JhY2tfdG9nZXRoZXJfaWZf
2026-09-10T08:15:36.2862400Z GO_EVIDENCE_B64 ZXZlbnRfcGVyc2lzdGVuY2VfZmFpbHMiLAogICAgInRlc3RzL3Rlc3RfZGVwdGgxM19jYXRhbG9nX2ZhcmUucHk6OnRlc3RfaGlzdG9yaWNhbF9vcmRlcl93aXRob3V0X3NuYXBzaG90X25ldmVyX3VzZXNfdG9kYXlzX3J1bGVzIiwKICAgICJ0ZXN0cy90ZXN0X2RlcHRoMTNfY2F0YWxvZ19mYXJlLnB5Ojp0ZXN0X2NoYW5nZWRfcnVsZV9ldmlkZW5jZV9pc19yZWplY3RlZF9iZWZvcmVfYW55X2NhbmNlbGxhdGlvbltvcmRlcl9zbmFwc2hvdF0iLAogICAgInRlc3RzL3Rlc3RfZGVwdGgxM19jYXRhbG9nX2ZhcmUucHk6OnRlc3Rf
2026-09-10T08:15:36.2867846Z GO_EVIDENCE_B64 Y2hhbmdlZF9ydWxlX2V2aWRlbmNlX2lzX3JlamVjdGVkX2JlZm9yZV9hbnlfY2FuY2VsbGF0aW9uW3NvdXJjZV92ZXJzaW9uXSIsCiAgICAidGVzdHMvdGVzdF9kZXB0aDEzX2NhdGFsb2dfZmFyZS5weTo6dGVzdF9jaGFuZ2VkX3J1bGVfZXZpZGVuY2VfaXNfcmVqZWN0ZWRfYmVmb3JlX2FueV9jYW5jZWxsYXRpb25bb2ZmZXJfZGF0ZV0iLAogICAgInRlc3RzL3Rlc3RfZGVwdGgxM19jYXRhbG9nX2ZhcmUucHk6OnRlc3RfcHVibGlzaGluZ19pc19vd25lZF92ZXJzaW9uX2NoZWNrZWRfYW5kX2N1cnJlbmN5X3Njb3BlZCIsCiAg
2026-09-10T08:15:36.2873123Z GO_EVIDENCE_B64 ICAidGVzdHMvdGVzdF9kZXB0aDEzX2NhdGFsb2dfZmFyZS5weTo6dGVzdF9jb25jdXJyZW50X2Rpc3RpbmN0X3B1YmxpY2F0aW9uc19jYW5ub3Rfb3ZlcndyaXRlX3RoZV9zYW1lX3ZlcnNpb24iLAogICAgInRlc3RzL3Rlc3RfZGVwdGgxM19jYXRhbG9nX2ZhcmUucHk6OnRlc3RfY29vbGluZ193aW5kb3dfdXNlc19vcmlnaW5hbF9vcmRlcl90aW1lX2FuZF9ob3RlbF90aW1lem9uZSIsCiAgICAidGVzdHMvdGVzdF9kZXB0aDEzX2NhdGFsb2dfZmFyZS5weTo6dGVzdF9jcmVkaXRfY2FuY2VsbGF0aW9uX3N1cHBvcnRzX2V4YWN0
2026-09-10T08:15:36.2878378Z GO_EVIDENCE_B64 X2Jhc2lzX3BvaW50c193aXRob3V0X2Zsb2F0X21vbmV5IiwKICAgICJ0ZXN0cy90ZXN0X2RlcHRoMTNfY2F0YWxvZ19mYXJlX2FwaS5weTo6dGVzdF9zdXBwbGllcl9wdWJsaXNoZXNfb25seV9vd25fcnVsZV93aXRoX2V4cGxpY2l0X3ZlcnNpb25fY29uZmlybWF0aW9uIiwKICAgICJ0ZXN0cy90ZXN0X2RlcHRoMTNfY2F0YWxvZ19mYXJlX2FwaS5weTo6dGVzdF9tb2JpbGVfY29udmVyc2lvbl91c2VzX3NhbWVfZXhwbGljaXRfY29udHJhY3RfYW5kX2lkZW1wb3RlbnRfcmVzdWx0IiwKICAgICJ0ZXN0cy90ZXN0X2RlcHRoMTNf
2026-09-10T08:15:36.2883598Z GO_EVIDENCE_B64 Y2F0YWxvZ19mYXJlX2FwaS5weTo6dGVzdF9sZWdhY3lfc3VwcGxpZXJfZXhlY3V0aW9uX2Nhbm5vdF9ieXBhc3NfY3VzdG9tZXJfY29uc2VudF9vcl9mYXVsdF9yZXZpZXciLAogICAgInRlc3RzL3Rlc3RfZGVwdGgxM19taWdyYXRpb24ucHk6OnRlc3RfcnVsZV9zbmFwc2hvdF9taWdyYXRpb25fcHJlc2VydmVzX2hpc3RvcmljYWxfY3JlZGl0X2FuZF9vcmRlcl93aXRob3V0X2ZhYnJpY2F0aW9uIiwKICAgICJ0ZXN0cy90ZXN0X2RlcHRoMTRfY2FzaF9mYXJlLnB5Ojp0ZXN0X3R3b19oaWdoZXJfY2hhbmdlc19jaGFyZ2Vfb25s
2026-09-10T08:15:36.2889034Z GO_EVIDENCE_B64 eV9yZW1haW5pbmdfZGlmZmVyZW5jZV9hbmRfcmVmdW5kX2VhY2hfY2FwdHVyZSIsCiAgICAidGVzdHMvdGVzdF9kZXB0aDE0X2Nhc2hfZmFyZS5weTo6dGVzdF9oaWdoX2xvd19oaWdoX2ZvcmZlaXRzX2xvd2VyX2RpZmZlcmVuY2Vfd2l0aG91dF9mdXR1cmVfb2Zmc2V0IiwKICAgICJ0ZXN0cy90ZXN0X2RlcHRoMTRfY2FzaF9mYXJlLnB5Ojp0ZXN0X3ByaW9yX3BhcnRpYWxfcmVmdW5kX3JlZHVjZXNfY3VycmVudF9jYW5jZWxfYmFzaXNfYW5kX2J1ZGdldCIsCiAgICAidGVzdHMvdGVzdF9kZXB0aDE0X2Nhc2hfZmFyZS5weTo6
2026-09-10T08:15:36.2894384Z GO_EVIDENCE_B64 dGVzdF9zZWNvbmRfcmVmdW5kX2ZhaWx1cmVfcm9sbHNfYmFja19hbGxfYW5kX3Jlc3VtZXNfYWZ0ZXJfY2FuY2VsbGVkIiwKICAgICJ0ZXN0cy90ZXN0X2RlcHRoMTRfY2FzaF9mYXJlLnB5Ojp0ZXN0X3N1cHBsaWVyX3JlcGx5X2xvc3NfcXVlcmllc19jb25maXJtZWRfcmVzdWx0X3dpdGhvdXRfcmVkaXNwYXRjaFtDQU5DRUxdIiwKICAgICJ0ZXN0cy90ZXN0X2RlcHRoMTRfY2FzaF9mYXJlLnB5Ojp0ZXN0X3N1cHBsaWVyX3JlcGx5X2xvc3NfcXVlcmllc19jb25maXJtZWRfcmVzdWx0X3dpdGhvdXRfcmVkaXNwYXRjaFtDSEFO
2026-09-10T08:15:36.2899974Z GO_EVIDENCE_B64 R0VdIiwKICAgICJ0ZXN0cy90ZXN0X2RlcHRoMTRfY2FzaF9mYXJlLnB5Ojp0ZXN0X3Vua25vd25fY2hhbmdlX2tlZXBzX2F1dGhvcml6YXRpb25fYW5kX2Jsb2Nrc19vdGhlcl9tb25leV9hbmRfYnVzaW5lc3NfcGF0aHMiLAogICAgInRlc3RzL3Rlc3RfZGVwdGgxNF9jYXNoX2ZhcmUucHk6OnRlc3RfZGVmaW5pdGl2ZV9jaGFuZ2VfcmVqZWN0aW9uX3JlbGVhc2VzX29ubHlfaXRzX2F1dGhvcml6YXRpb24iLAogICAgInRlc3RzL3Rlc3RfZGVwdGgxNF9jYXNoX2ZhcmUucHk6OnRlc3RfcGF5bWVudF9kZWNsaW5lX2RvZXNfbm90
2026-09-10T08:15:36.2905426Z GO_EVIDENCE_B64 X3NlbmRfY2hhbmdlX2FuZF9jYW5ub3RfYmVfcmVwbGF5ZWRfYXNfc3VjY2VzcyIsCiAgICAidGVzdHMvdGVzdF9kZXB0aDE0X2Nhc2hfZmFyZS5weTo6dGVzdF9jYXB0dXJlX2ZhaWx1cmVfa2VlcHNfY29uZmlybWVkX3N1cHBsaWVyX2NoYW5nZV9hbmRfcmVxdWlyZXNfcGF5bWVudF9jb25zZW50IiwKICAgICJ0ZXN0cy90ZXN0X2RlcHRoMTRfY2FzaF9mYXJlLnB5Ojp0ZXN0X2NhcHR1cmVfbGVkZ2VyX2ZhaWx1cmVfcmVzdW1lc193aXRob3V0X3JlYXV0aG9yaXppbmdfb3JfcmVjaGFuZ2luZyIsCiAgICAidGVzdHMvdGVzdF9k
2026-09-10T08:15:36.2910864Z GO_EVIDENCE_B64 ZXB0aDE0X2Nhc2hfZmFyZS5weTo6dGVzdF9hdXRob3JpemF0aW9uX2xlZGdlcl9mYWlsdXJlX2tlZXBzX2FjY2VwdGVkX3BsYW5fYW5kX3Jlc3VtZXNfb25jZSIsCiAgICAidGVzdHMvdGVzdF9kZXB0aDE0X2Nhc2hfZmFyZS5weTo6dGVzdF9xdWVyeV9jb25maXJtYXRpb25fZm9yX2RpZmZlcmVudF9kYXRlc19jYW5ub3RfY29tcGxldGVfdGhpc19jaGFuZ2UiLAogICAgInRlc3RzL3Rlc3RfZGVwdGgxNF9jYXNoX2ZhcmUucHk6OnRlc3RfZm91cl9jb21wZXRpbmdfY2hhbmdlX3F1b3Rlc19oYXZlX29uZV9jbGFpbV9hbmRfb25l
2026-09-10T08:15:36.2916150Z GO_EVIDENCE_B64 X2FkZGl0aW9uYWxfY2FwdHVyZSIsCiAgICAidGVzdHMvdGVzdF9kZXB0aDE0X2Nhc2hfZmFyZS5weTo6dGVzdF9leHBpcmVkX3F1b3RlX2FuZF9jaGFuZ2VkX21vbmV5X2ZhY3RzX25ldmVyX2Rpc3BhdGNoIiwKICAgICJ0ZXN0cy90ZXN0X2RlcHRoMTRfY2FzaF9mYXJlLnB5Ojp0ZXN0X3F1b3RlX3RhbXBlcmluZ19hbmRfd3JvbmdfYWN0aW9uX2RvX25vdF9jbGFpbV9vcmRlciIsCiAgICAidGVzdHMvdGVzdF9kZXB0aDE0X2Nhc2hfZmFyZS5weTo6dGVzdF9sb3N0X2ludmVudG9yeV9pc19yZWplY3RlZF9hbmRfcmVjb25jaWxl
2026-09-10T08:15:36.2921504Z GO_EVIDENCE_B64 ZF93aXRob3V0X2NoYXJnaW5nIiwKICAgICJ0ZXN0cy90ZXN0X2RlcHRoMTRfY2FzaF9mYXJlLnB5Ojp0ZXN0X2hpc3RvcmljYWxfcnVsZV93aXRob3V0X2ZlZV9yZWZ1bmRfcG9saWN5X2lzX25vdF9yZXRyb2FjdGl2ZWx5X2ludmVudGVkIiwKICAgICJ0ZXN0cy90ZXN0X2RlcHRoMTRfY2FzaF9mYXJlLnB5Ojp0ZXN0X3plcm9fb3JfbmVnYXRpdmVfcmVwcmljZWRfcm9vbV9pc19ub3Rfb2ZmZXJlZCIsCiAgICAidGVzdHMvdGVzdF9kZXB0aDE0X2Nhc2hfZmFyZS5weTo6dGVzdF9uZXdfY2hhbmdlX2FmdGVyX3BhcnRpYWxfcmVm
2026-09-10T08:15:36.2926822Z GO_EVIDENCE_B64 dW5kX3JlcXVpcmVzX3Jvb21fdmFsdWVfYWxsb2NhdGlvbiIsCiAgICAidGVzdHMvdGVzdF9kZXB0aDE0X2Nhc2hfZmFyZS5weTo6dGVzdF9sb3dlcl9jaGFuZ2VfY2FuY2VsbGF0aW9uX2Nhbm5vdF9yZWZ1bmRfb3Jfc3BlbmRfdGhlX2ZvcmZlaXRlZF9kaWZmZXJlbmNlIiwKICAgICJ0ZXN0cy90ZXN0X2RlcHRoMTRfY2FzaF9mYXJlLnB5Ojp0ZXN0X3JlamVjdGVkX3F1b3RlX2Nhbl9iZV9yZXBsYWNlZF9ieV9uZXdfY3VzdG9tZXJfcXVvdGUiLAogICAgInRlc3RzL3Rlc3RfZGVwdGgxNF9jYXNoX2ZhcmVfYXBpLnB5Ojp0ZXN0
2026-09-10T08:15:36.2932183Z GO_EVIDENCE_B64 X21vYmlsZV9jYXNoX2NhbmNlbF9yZXF1aXJlc19vd25lZF9xdW90ZV9hbmRfcmVwbGF5c19zYW1lX3dlYl9yZXF1ZXN0IiwKICAgICJ0ZXN0cy90ZXN0X2RlcHRoMTRfY2FzaF9mYXJlX2FwaS5weTo6dGVzdF9uYXRpdmVfYW5kX3dlYl9jaGFuZ2Vfc2hhcmVfb3BlcmF0aW9uX3JlY292ZXJ5X2FuZF9vcmRlcl9wcm9ncmVzcyIsCiAgICAidGVzdHMvdGVzdF9kZXB0aDE0X2Nhc2hfZmFyZV9hcGkucHk6OnRlc3Rfc3RhdHVzX2FuZF9yZXN1bWVfZG9fbm90X2FjY2VwdF9hbm90aGVyX29yZGVyX29wZXJhdGlvbl9pZCIsCiAgICAi
2026-09-10T08:15:36.2937461Z GO_EVIDENCE_B64 dGVzdHMvdGVzdF9kZXB0aDE0X2Nhc2hfZmFyZV9hcGkucHk6OnRlc3RfbW9iaWxlX3BheW1lbnRfcmV0cnlfcmVxdWlyZXNfYm9vbGVhbl9jb25maXJtYXRpb25fYW5kX29yaWdpbmFsX2hhc2giLAogICAgInRlc3RzL3Rlc3RfZGVwdGgxNF9taWdyYXRpb24ucHk6OnRlc3RfY2FzaF9mYXJlX21pZ3JhdGlvbl9yb3VuZHRyaXBfbmV2ZXJfYmFja2ZpbGxzX2hpc3RvcmljYWxfY29uc2VudCIsCiAgICAidGVzdHMvdGVzdF9kZXB0aDE1X2NyZWRpdF9leGNsdXNpb24ucHk6OnRlc3RfbG93X2Nhc2hfY2hhbmdlX2NvbnZlcnRzX29u
2026-09-10T08:15:36.2942947Z GO_EVIDENCE_B64 bHlfcmV0YWluZWRfdmFsdWVfYW5kX3ByZXNlcnZlc19yZWFsX3JlZnVuZF9mYWN0cyIsCiAgICAidGVzdHMvdGVzdF9kZXB0aDE1X2NyZWRpdF9leGNsdXNpb24ucHk6OnRlc3Rfb3JpZ2luYWxfZnVsbF9zb3VyY2VfY3JlZGl0X2hhc19ub19mYWJyaWNhdGVkX3plcm9fZm9yZmVpdHVyZV9icmVha2Rvd24iLAogICAgInRlc3RzL3Rlc3RfZGVwdGgxNV9jcmVkaXRfZXhjbHVzaW9uLnB5Ojp0ZXN0X2hpZ2hfcmVkZW1wdGlvbl90aGVuX2N1c3RvbWVyX2NhbmNlbF9yZXN0b3Jlc19vbmx5X3JldGFpbmVkX2NyZWRpdCIsCiAgICAi
2026-09-10T08:15:36.2948438Z GO_EVIDENCE_B64 dGVzdHMvdGVzdF9kZXB0aDE1X2NyZWRpdF9leGNsdXNpb24ucHk6OnRlc3RfY2FzaF9hbmRfcmVkZW1wdGlvbl9mb3JmZWl0dXJlc19hcmVfc2VwYXJhdGVfYW5kX25laXRoZXJfaXNfcmVzdG9yZWQiLAogICAgInRlc3RzL3Rlc3RfZGVwdGgxNV9jcmVkaXRfZXhjbHVzaW9uLnB5Ojp0ZXN0X3N1cHBsaWVyX2ZhdWx0X3JlZnVuZHNfYW5kX2NvbXBlbnNhdGVzX2FwcGxpZWRfdmFsdWVfd2l0aG91dF9vcmlnaW5hbF9leGNsdXNpb24iLAogICAgInRlc3RzL3Rlc3RfZGVwdGgxNV9jcmVkaXRfZXhjbHVzaW9uLnB5Ojp0ZXN0X3pl
2026-09-10T08:15:36.2954199Z GO_EVIDENCE_B64 cm9fZnVuZGVkX2NhcHR1cmVfc3RheXNfcmVzZXJ2ZWRfZnJvbV9nZW5lcmljX3JlZnVuZCIsCiAgICAidGVzdHMvdGVzdF9kZXB0aDE1X2NyZWRpdF9leGNsdXNpb24ucHk6OnRlc3Rfc291cmNlX2Ftb3VudF90YW1wZXJpbmdfaXNfZGV0ZWN0ZWRfd2l0aG91dF9yZXN0b3JpbmdfYW55X3ZhbHVlW2Z1bmRlZF9taW5vcl0iLAogICAgInRlc3RzL3Rlc3RfZGVwdGgxNV9jcmVkaXRfZXhjbHVzaW9uLnB5Ojp0ZXN0X3NvdXJjZV9hbW91bnRfdGFtcGVyaW5nX2lzX2RldGVjdGVkX3dpdGhvdXRfcmVzdG9yaW5nX2FueV92YWx1ZVtw
2026-09-10T08:15:36.2959617Z GO_EVIDENCE_B64 cmlvcl9yZWZ1bmRfbWlub3JdIiwKICAgICJ0ZXN0cy90ZXN0X2RlcHRoMTVfY3JlZGl0X2V4Y2x1c2lvbi5weTo6dGVzdF9zb3VyY2VfYW1vdW50X3RhbXBlcmluZ19pc19kZXRlY3RlZF93aXRob3V0X3Jlc3RvcmluZ19hbnlfdmFsdWVbZXhjbHVkZWRfbWlub3JdIiwKICAgICJ0ZXN0cy90ZXN0X2RlcHRoMTVfY3JlZGl0X2V4Y2x1c2lvbi5weTo6dGVzdF9yZW1vdmVkX29yaWdpbl9vcGVyYXRpb25faXNfbm90X3JlcGxhY2VkX2J5X2luZmVycmVkX2ZvcmZlaXR1cmUiLAogICAgInRlc3RzL3Rlc3RfZGVwdGgxNV9jcmVkaXRf
2026-09-10T08:15:36.2964928Z GO_EVIDENCE_B64 ZXhjbHVzaW9uLnB5Ojp0ZXN0X2NoYW5nZWRfb3JpZ2luX3BsYW5faXNfZGV0ZWN0ZWRfb25fbGF0ZXJfY3JlZGl0X3JlYWQiLAogICAgInRlc3RzL3Rlc3RfZGVwdGgxNV9jcmVkaXRfZXhjbHVzaW9uLnB5Ojp0ZXN0X3ByaW9yX2FjdHVhbF9yZWZ1bmRfaXNfbm90X2NvbmZ1c2VkX3dpdGhfZXhjbHVkZWRfY2hhbmdlX3ZhbHVlIiwKICAgICJ0ZXN0cy90ZXN0X2RlcHRoMTVfY3JlZGl0X2V4Y2x1c2lvbi5weTo6dGVzdF9mb3VyX2NvbnZlcnNpb25fcmVxdWVzdHNfc2hhcmVfb25lX3NwbGl0X2NvbnRyYWN0X2FuZF9vbmVfc3Vw
2026-09-10T08:15:36.2970428Z GO_EVIDENCE_B64 cGxpZXJfY2FuY2VsIiwKICAgICJ0ZXN0cy90ZXN0X2RlcHRoMTVfY3JlZGl0X2V4Y2x1c2lvbi5weTo6dGVzdF9zcGxpdF9zb3VyY2VfcmVzZXJ2YXRpb25fZmFpbHVyZV9yb2xsc19iYWNrX2JlZm9yZV9zdXBwbGllcl9jYW5jZWwiLAogICAgInRlc3RzL3Rlc3RfZGVwdGgxNV9jcmVkaXRfZXhjbHVzaW9uLnB5Ojp0ZXN0X3Vua25vd25fY29udmVyc2lvbl9yZWNvdmVyeV9rZWVwc19vcmlnaW5hbF9leGNsdXNpb25fYW5kX2RvZXNfbm90X3JlY2FuY2VsIiwKICAgICJ0ZXN0cy90ZXN0X2RlcHRoMTVfY3JlZGl0X2V4Y2x1c2lv
2026-09-10T08:15:36.2975782Z GO_EVIDENCE_B64 bi5weTo6dGVzdF9sYXRlX2N1c3RvbWVyX2NhbmNlbGxhdGlvbl9yZWNvdmVyeV9jYW5ub3RfZXh0ZW5kX3NwbGl0X2NyZWRpdF9vcl9yZXN0b3JlX2V4Y2x1c2lvbiIsCiAgICAidGVzdHMvdGVzdF9kZXB0aDE1X21pZ3JhdGlvbi5weTo6dGVzdF9zb3VyY2VfZXhjbHVzaW9uX21pZ3JhdGlvbl9yb3VuZHRyaXBfcHJlc2VydmVzX29sZF9mdWxsX2NhcHR1cmVfYWxsb2NhdGlvbiIsCiAgICAidGVzdHMvdGVzdF9kZXB0aDE1X21pZ3JhdGlvbi5weTo6dGVzdF9kb3duZ3JhZGVfY2Fubm90X2Ryb3BfYV9ub256ZXJvX2V4Y2x1c2lv
2026-09-10T08:15:36.2981450Z GO_EVIDENCE_B64 bl9hbmRfcmV2aXZlX2ZvcmZlaXRlZF9zb3VyY2VfdmFsdWUiLAogICAgInRlc3RzL3Rlc3RfZGVwdGgxN19kZW1vX2F1dG9ub215LnB5Ojp0ZXN0X3NoaXBwZWRfZGVtb19lbnZpcm9ubWVudF9jYW5fb2JzZXJ2ZV93aXRob3V0X3Byb2R1Y3Rpb25fYXV0aG9yaXR5IiwKICAgICJ0ZXN0cy90ZXN0X2RlcHRoMThfbWVkaWFfZHVyYWJpbGl0eS5weTo6dGVzdF9pbmRlcGVuZGVudF9wcm9jZXNzZXNfa2VlcF9hbGxfaGFydmVzdHNfYW5kX3NoYXJlZF9jb250ZW50IiwKICAgICJ0ZXN0cy90ZXN0X2RlcHRoMThfbWVkaWFfZHVyYWJp
2026-09-10T08:15:36.2986827Z GO_EVIDENCE_B64 bGl0eS5weTo6dGVzdF9pbmRlcGVuZGVudF9wcm9jZXNzZXNfcHJlc2VydmVfZXZlcnlfcmlnaHRzX2V2ZW50IiwKICAgICJ0ZXN0cy90ZXN0X2RlcHRoMThfbWVkaWFfZHVyYWJpbGl0eS5weTo6dGVzdF9zaWdraWxsX3JvbGxzX2JhY2tfdW5jb21taXR0ZWRfbWV0YWRhdGFfd2l0aG91dF9sb3NpbmdfY29tbWl0dGVkX3N0YXRlW2hhcnZlc3RdIiwKICAgICJ0ZXN0cy90ZXN0X2RlcHRoMThfbWVkaWFfZHVyYWJpbGl0eS5weTo6dGVzdF9zaWdraWxsX3JvbGxzX2JhY2tfdW5jb21taXR0ZWRfbWV0YWRhdGFfd2l0aG91dF9sb3Np
2026-09-10T08:15:36.2992341Z GO_EVIDENCE_B64 bmdfY29tbWl0dGVkX3N0YXRlW3JpZ2h0c10iLAogICAgInRlc3RzL3Rlc3RfZGVwdGgxOF9tZWRpYV9kdXJhYmlsaXR5LnB5Ojp0ZXN0X3N0YWxlX3NuYXBzaG90X2Nhbm5vdF9lcmFzZV9oYXJ2ZXN0X29yX3Jlc3RvcmVfcmV2b2tlZF9yaWdodHMiLAogICAgInRlc3RzL3Rlc3RfZGVwdGgxOF9tZWRpYV9kdXJhYmlsaXR5LnB5Ojp0ZXN0X3N0YWxlX3JpZ2h0c19hcHByb3ZhbF9jYW5ub3Rfb3ZlcnJpZGVfcmV2b2NhdGlvbiIsCiAgICAidGVzdHMvdGVzdF9kZXB0aDE4X21lZGlhX2R1cmFiaWxpdHkucHk6OnRlc3RfbGVnYWN5
2026-09-10T08:15:36.2997774Z GO_EVIDENCE_B64 X2ltcG9ydF9pc19vbmNlX3ByZXNlcnZlc19vcmlnaW5hbF9hbmRfZG9lc19ub3RfcmVzdXJyZWN0X2dyYW50IiwKICAgICJ0ZXN0cy90ZXN0X2RlcHRoMThfbWVkaWFfZHVyYWJpbGl0eS5weTo6dGVzdF9jb3JydXB0X2xlZ2FjeV9pc19uZXZlcl9yZXBsYWNlZF9ieV9lbXB0eV9pbmRleFt7XSIsCiAgICAidGVzdHMvdGVzdF9kZXB0aDE4X21lZGlhX2R1cmFiaWxpdHkucHk6OnRlc3RfY29ycnVwdF9sZWdhY3lfaXNfbmV2ZXJfcmVwbGFjZWRfYnlfZW1wdHlfaW5kZXhbW11dIiwKICAgICJ0ZXN0cy90ZXN0X2RlcHRoMThfbWVk
2026-09-10T08:15:36.3003498Z GO_EVIDENCE_B64 aWFfZHVyYWJpbGl0eS5weTo6dGVzdF9jb3JydXB0X2xlZ2FjeV9pc19uZXZlcl9yZXBsYWNlZF9ieV9lbXB0eV9pbmRleFt7XCJ2ZXJzaW9uXCI6MSxcImFzc2V0c1wiOltdfV0iLAogICAgInRlc3RzL3Rlc3RfZGVwdGgxOF9tZWRpYV9kdXJhYmlsaXR5LnB5Ojp0ZXN0X2NvcnJ1cHRfbGVnYWN5X2lzX25ldmVyX3JlcGxhY2VkX2J5X2VtcHR5X2luZGV4W3tcInZlcnNpb25cIjoxLFwiYXNzZXRzXCI6e1wiYVwiOntcImFzc2V0X2lkXCI6XCJhXCIsXCJjYWNoZV9maWxlXCI6XCIuLi8uLi9vdXRzaWRlXCJ9fX1dIiwKICAgICJ0
2026-09-10T08:15:36.3009037Z GO_EVIDENCE_B64 ZXN0cy90ZXN0X2RlcHRoMThfbWVkaWFfZHVyYWJpbGl0eS5weTo6dGVzdF9pbnZhbGlkX2xlZ2FjeV9yaWdodHNfYXJlX25vdF9wdWJsaWNfZXZlbl9pZl9mbGFnX3NheXNfdHJ1ZVtvd25lcl0iLAogICAgInRlc3RzL3Rlc3RfZGVwdGgxOF9tZWRpYV9kdXJhYmlsaXR5LnB5Ojp0ZXN0X2ludmFsaWRfbGVnYWN5X3JpZ2h0c19hcmVfbm90X3B1YmxpY19ldmVuX2lmX2ZsYWdfc2F5c190cnVlW2V2aWRlbmNlXSIsCiAgICAidGVzdHMvdGVzdF9kZXB0aDE4X21lZGlhX2R1cmFiaWxpdHkucHk6OnRlc3RfaW52YWxpZF9sZWdhY3lf
2026-09-10T08:15:36.3014477Z GO_EVIDENCE_B64 cmlnaHRzX2FyZV9ub3RfcHVibGljX2V2ZW5faWZfZmxhZ19zYXlzX3RydWVbZXhwaXJ5XSIsCiAgICAidGVzdHMvdGVzdF9kZXB0aDE4X21lZGlhX2R1cmFiaWxpdHkucHk6OnRlc3RfaW52YWxpZF9sZWdhY3lfcmlnaHRzX2FyZV9ub3RfcHVibGljX2V2ZW5faWZfZmxhZ19zYXlzX3RydWVbY29udHJhY3RdIiwKICAgICJ0ZXN0cy90ZXN0X2RlcHRoMThfbWVkaWFfZHVyYWJpbGl0eS5weTo6dGVzdF9wdXJnZV9rZWVwc19vdGhlcl9ob3RlbF9zaGFyZWRfZmlsZXNfYW5kX2Nhbl9hZG1pdF9zYW1lX2hhc2hfYWdhaW4iLAogICAg
2026-09-10T08:15:36.3020061Z GO_EVIDENCE_B64 InRlc3RzL3Rlc3RfZGVwdGgxOF9tZWRpYV9kdXJhYmlsaXR5LnB5Ojp0ZXN0X2NvbmN1cnJlbnRfcHVyZ2VfYW5kX2FkbWlzc2lvbl9uZXZlcl9yZW1vdmVfcmVmZXJlbmNlZF9ieXRlcyIsCiAgICAidGVzdHMvdGVzdF9kZXB0aDE4X21lZGlhX2R1cmFiaWxpdHkucHk6OnRlc3RfYWRtaXNzaW9uX3JlamVjdHNfdGFtcGVyZWRfZGVkdXBfZmlsZV9hbmRfa2VlcHNfcHJpb3JfcmVjb3JkIiwKICAgICJ0ZXN0cy90ZXN0X2RlcHRoMThfbWVkaWFfZHVyYWJpbGl0eS5weTo6dGVzdF9pbmRleF9jb21taXRfZmFpbHVyZV9kb2VzX25v
2026-09-10T08:15:36.3025876Z GO_EVIDENCE_B64 dF9wdWJsaXNoX29yX2VyYXNlX2V4aXN0aW5nX3JlY29yZCIsCiAgICAidGVzdHMvdGVzdF9kZXB0aDE4X21lZGlhX2R1cmFiaWxpdHkucHk6OnRlc3RfcHVibGljX3JvdXRlX3JlY2hlY2tzX3JpZ2h0c19hbmRfbmV2ZXJfc2VuZHNfaW1tdXRhYmxlX2NhY2hlIiwKICAgICJ0ZXN0cy90ZXN0X2RlcHRoMThfbWVkaWFfZHVyYWJpbGl0eS5weTo6dGVzdF9hZG1pbl9yaWdodHNfcm91dGVfcmVxdWlyZXNfY3VycmVudF9hc3NldF9yZXZpc2lvbiIsCiAgICAidGVzdHMvdGVzdF9kZXB0aDE4X21lZGlhX2R1cmFiaWxpdHkucHk6OnRl
2026-09-10T08:15:36.3031518Z GO_EVIDENCE_B64 c3RfcHJpdmF0ZV9pbnRlcm1lZGlhdGVfcmVkaXJlY3RfaXNfYmxvY2tlZF9iZWZvcmVfbmV0d29ya19yZXF1ZXN0IiwKICAgICJ0ZXN0cy90ZXN0X2RlcHRoMThfbWVkaWFfZHVyYWJpbGl0eS5weTo6dGVzdF9yZWRpcmVjdF9sb29wX2lzX2JvdW5kZWRfYW5kX2Nyb3NzX29yaWdpbl9jcmVkZW50aWFsc19hcmVfcmVtb3ZlZCIsCiAgICAidGVzdHMvdGVzdF9kZXB0aDE4X21lZGlhX2R1cmFiaWxpdHkucHk6OnRlc3RfcHJpdmF0ZV90ZXN0X292ZXJyaWRlX2lzX2Rpc2FibGVkX2luX2RlcGxveWVkX2Vudmlyb25tZW50c1twcm9k
2026-09-10T08:15:36.3036936Z GO_EVIDENCE_B64 dWN0aW9uXSIsCiAgICAidGVzdHMvdGVzdF9kZXB0aDE4X21lZGlhX2R1cmFiaWxpdHkucHk6OnRlc3RfcHJpdmF0ZV90ZXN0X292ZXJyaWRlX2lzX2Rpc2FibGVkX2luX2RlcGxveWVkX2Vudmlyb25tZW50c1twcm9kXSIsCiAgICAidGVzdHMvdGVzdF9kZXB0aDE4X21lZGlhX2R1cmFiaWxpdHkucHk6OnRlc3RfcHJpdmF0ZV90ZXN0X292ZXJyaWRlX2lzX2Rpc2FibGVkX2luX2RlcGxveWVkX2Vudmlyb25tZW50c1tzdGFnaW5nXSIsCiAgICAidGVzdHMvdGVzdF9kZXB0aDE4X3JlZ2lvbmFsX3F1ZXVlLnB5Ojp0ZXN0X3BhcmFs
2026-09-10T08:15:36.3042435Z GO_EVIDENCE_B64 bGVsX3N1Ym1pc3Npb25zX2FuZF9jbGFpbXNfa2VlcF9vbmVfb3duZXJfYW5kX29uZV9qb2IiLAogICAgInRlc3RzL3Rlc3RfZGVwdGgxOF9yZWdpb25hbF9xdWV1ZS5weTo6dGVzdF9zYW1lX2lkX2RpZmZlcmVudF9wYXlsb2FkX2lzX3JlamVjdGVkIiwKICAgICJ0ZXN0cy90ZXN0X2RlcHRoMThfcmVnaW9uYWxfcXVldWUucHk6OnRlc3RfZXhwaXJlZF9jbGFpbV9pc19yZWNvdmVyZWRfYW5kX29sZF9vd25lcl9jYW5ub3RfYWNrX29yX3JlbmV3IiwKICAgICJ0ZXN0cy90ZXN0X2RlcHRoMThfcmVnaW9uYWxfcXVldWUucHk6OnRl
2026-09-10T08:15:36.3047915Z GO_EVIDENCE_B64 c3RfaGVhcnRiZWF0X2V4dGVuZHNfY3VycmVudF9jbGFpbSIsCiAgICAidGVzdHMvdGVzdF9kZXB0aDE4X3JlZ2lvbmFsX3F1ZXVlLnB5Ojp0ZXN0X2ZhaWxlZF9hbmRfZXhwaXJlZF93b3JrX2hhc19ib3VuZGVkX3JldHJ5X2FuZF90ZXJtaW5hbF9ldmlkZW5jZSIsCiAgICAidGVzdHMvdGVzdF9kZXB0aDE4X3JlZ2lvbmFsX3F1ZXVlLnB5Ojp0ZXN0X25vbnJldHJ5YWJsZV9mYWlsdXJlX2lzX25vdF9yZXBsYXllZCIsCiAgICAidGVzdHMvdGVzdF9kZXB0aDE4X3JlZ2lvbmFsX3F1ZXVlLnB5Ojp0ZXN0X3NpZ2tpbGxfYWZ0ZXJf
2026-09-10T08:15:36.3053677Z GO_EVIDENCE_B64 Y2xhaW1fa2VlcHNfd29ya19mb3JfYV9uZXdfcHJvY2VzcyIsCiAgICAidGVzdHMvdGVzdF9kZXB0aDE4X3JlZ2lvbmFsX3F1ZXVlLnB5Ojp0ZXN0X3F1ZXVlX2FuZF9lbnF1ZXVlX2V2aWRlbmNlX2NvbW1pdF9vcl9yb2xsYmFja190b2dldGhlciIsCiAgICAidGVzdHMvdGVzdF9kZXB0aDE4X3JlZ2lvbmFsX3F1ZXVlLnB5Ojp0ZXN0X3N0YWxlX3BhcmVudF9jYW5ub3RfZW5xdWV1ZV9jaGlsZHJlbiIsCiAgICAidGVzdHMvdGVzdF9kZXB0aDE4X3JlZ2lvbmFsX3F1ZXVlLnB5Ojp0ZXN0X3Jvb3RfcmVwbGF5X2hhc19pZGVudGlj
2026-09-10T08:15:36.3059190Z GO_EVIDENCE_B64 YWxfY2hpbGRyZW5fYW5kX3NpbmdsZV9lbnF1ZXVlX2V2aWRlbmNlIiwKICAgICJ0ZXN0cy90ZXN0X2RlcHRoMThfcmVnaW9uYWxfcXVldWUucHk6OnRlc3Rfd29ya2VyX2Fja19vbmx5X2FmdGVyX3Byb2Nlc3NpbmdfYW5kX3N0cnVjdHVyZWRfZmFpbHVyZXNfcmV0cnkiLAogICAgInRlc3RzL3Rlc3RfZGVwdGgxOF9yZWdpb25hbF9xdWV1ZS5weTo6dGVzdF93b3JrZXJfZXhjZXB0aW9uX2tlZXBzX3JldHJ5YWJsZV93b3JrIiwKICAgICJ0ZXN0cy90ZXN0X2RlcHRoMThfcmVnaW9uYWxfcXVldWUucHk6OnRlc3RfbWFudWFsX3Jl
2026-09-10T08:15:36.3064598Z GO_EVIDENCE_B64 dHJ5X3JlcGxheXNfc2FtZV9mYWlsdXJlX29uY2VfYW5kX3ByZXNlcnZlc19mYWlsZWRfdGllciIsCiAgICAidGVzdHMvdGVzdF9kZXB0aDE4X3JlZ2lvbmFsX3F1ZXVlLnB5Ojp0ZXN0X3RpZXJfYWNjZXB0YW5jZV9hbmRfbmV4dF9yb290X2FyZV9hdG9taWNfd2l0aG91dF9yZWRpcyIsCiAgICAidGVzdHMvdGVzdF9kZXB0aDE4X3JlZ2lvbmFsX3F1ZXVlLnB5Ojp0ZXN0X3N0YXR1c19uZXZlcl9jYWxsc19wZW5kaW5nX2RlbGl2ZXJ5X2NvbXBsZXRlX2FuZF9kZWR1cGxpY2F0ZXNfb2xkX2V2ZW50cyIsCiAgICAidGVzdHMvdGVz
2026-09-10T08:15:36.3070007Z GO_EVIDENCE_B64 dF9kZXB0aDE4X3JlZ2lvbmFsX3F1ZXVlLnB5Ojp0ZXN0X21pZ3JhdGlvbl9yb3VuZHRyaXBfcHJlc2VydmVzX2RhdGFfYW5kX2Jsb2Nrc19sb3NzX29mX3F1ZXVlX2V2aWRlbmNlIiwKICAgICJ0ZXN0cy90ZXN0X2RlcHRoMThfcmVnaW9uYWxfcXVldWUucHk6OnRlc3RfbWFudWFsX3JldHJ5X2RvZXNfbm90X2R1cGxpY2F0ZV9hdXRvX3JldHJ5X29yX2NvbXBsZXRlZF93b3JrIiwKICAgICJ0ZXN0cy90ZXN0X2RlcHRoMThfcmVnaW9uYWxfcXVldWUucHk6OnRlc3RfdGllcl9kb2VzX25vdF9hZHZhbmNlX3doaWxlX290aGVyX2Zh
2026-09-10T08:15:36.3075358Z GO_EVIDENCE_B64 bm91dF9vcl9mYWlsZWRfd29ya19yZW1haW5zIiwKICAgICJ0ZXN0cy90ZXN0X2RlcHRoMThfcmVnaW9uYWxfcXVldWUucHk6OnRlc3RfbWFudWFsX3JldHJ5X3N1cGVyc2VkZXNfZGVhZF9kZWxpdmVyeV9vbmx5X3dpdGhfZHVyYWJsZV9yZXBsYWNlbWVudCIsCiAgICAidGVzdHMvdGVzdF9kZXB0aDE4X3JlZ2lvbmFsX3F1ZXVlLnB5Ojp0ZXN0X2xlZ2FjeV9zbmFwc2hvdF9pbXBvcnRfaXNfdmFsaWRhdGVkX2JlZm9yZV93cml0ZXNfYW5kX2lkZW1wb3RlbnQiLAogICAgInRlc3RzL3Rlc3RfZGVwdGgxOF9yZWdpb25hbF9xdWV1
2026-09-10T08:15:36.3080904Z GO_EVIDENCE_B64 ZS5weTo6dGVzdF9leGhhdXN0ZWRfZGVsaXZlcnlfaGFzX2FjdGlvbmFibGVfZXhjZXB0aW9uX2FuZF9leGFjdF90YXNrX3JldHJ5IiwKICAgICJ0ZXN0cy90ZXN0X2RlcHRoMThfcmVnaW9uYWxfcXVldWUucHk6OnRlc3RfbXVsdGlwbGVfZGVhZF9ob3RlbHNfaW5fc2FtZV9jaXR5X2VhY2hfcmVjZWl2ZV9yZWNvdmVyeSIsCiAgICAidGVzdHMvdGVzdF9kZXB0aDE4X3JlZ2lvbmFsX3F1ZXVlLnB5Ojp0ZXN0X2ZhaWxlZF9tYW51YWxfcmVjb3ZlcnlfZG9lc19ub3RfaGlkZV9vcmlnaW5hbF9kZWFkX3Rhc2siLAogICAgInRlc3Rz
2026-09-10T08:15:36.3086327Z GO_EVIDENCE_B64 L3Rlc3RfZGVwdGgxOV9hcGlfbWlncmF0aW9uLnB5Ojp0ZXN0X2h0dHBfcmVhZF9ub19zdG9yZV9hbmRfb3duZXJfaXNvbGF0aW9uIiwKICAgICJ0ZXN0cy90ZXN0X2RlcHRoMTlfYXBpX21pZ3JhdGlvbi5weTo6dGVzdF9odHRwX2ZhY3Rfd3JpdGVfcmVxdWlyZXNfZ29fYWRtaW5fYW5kX3J1bGVfcGVybWlzc2lvbiIsCiAgICAidGVzdHMvdGVzdF9kZXB0aDE5X2FwaV9taWdyYXRpb24ucHk6OnRlc3RfaHR0cF9iaW5kaW5nX29wdGlvbnNfcmV2aXNpb25fYW5kX2N1c3RvbWVyX3J1bGVzIiwKICAgICJ0ZXN0cy90ZXN0X2RlcHRo
2026-09-10T08:15:36.3091840Z GO_EVIDENCE_B64 MTlfYXBpX21pZ3JhdGlvbi5weTo6dGVzdF9hdXRob3JpdHlfYXBpX3R3b19yZXZpZXdlcnNfYW5kX29wc19ob2xkX3F1ZXVlIiwKICAgICJ0ZXN0cy90ZXN0X2RlcHRoMTlfYXBpX21pZ3JhdGlvbi5weTo6dGVzdF9taWdyYXRpb25fcm91bmR0cmlwX3ByZXNlcnZlc19sZWdhY3lfYW5kX3JlZnVzZXNfZmFjdF9ldmlkZW5jZV9sb3NzIiwKICAgICJ0ZXN0cy90ZXN0X2RlcHRoMTlfYXBpX21pZ3JhdGlvbi5weTo6dGVzdF9tYWxmb3JtZWRfc2lnbmVkX2ZhY3RfZmllbGRzX3JldHVybl9jb250cm9sbGVkX2Vycm9yc1traW5kLXZh
2026-09-10T08:15:36.3097172Z GO_EVIDENCE_B64 bHVlMF0iLAogICAgInRlc3RzL3Rlc3RfZGVwdGgxOV9hcGlfbWlncmF0aW9uLnB5Ojp0ZXN0X21hbGZvcm1lZF9zaWduZWRfZmFjdF9maWVsZHNfcmV0dXJuX2NvbnRyb2xsZWRfZXJyb3JzW3N1YmplY3QtdmFsdWUxXSIsCiAgICAidGVzdHMvdGVzdF9kZXB0aDE5X2FwaV9taWdyYXRpb24ucHk6OnRlc3RfbWFsZm9ybWVkX3NpZ25lZF9mYWN0X2ZpZWxkc19yZXR1cm5fY29udHJvbGxlZF9lcnJvcnNbZGF0YS12YWx1ZTJdIiwKICAgICJ0ZXN0cy90ZXN0X2RlcHRoMTlfYXBpX21pZ3JhdGlvbi5weTo6dGVzdF9tYWxmb3JtZWRf
2026-09-10T08:15:36.3103030Z GO_EVIDENCE_B64 c2lnbmVkX2ZhY3RfZmllbGRzX3JldHVybl9jb250cm9sbGVkX2Vycm9yc1tkYXRhLXZhbHVlM10iLAogICAgInRlc3RzL3Rlc3RfZGVwdGgxOV9yaWRlX3N5bmMucHk6OnRlc3RfZXhhY3RfZGF0ZV9haXJwb3J0X2Nsb3NlZF9hbmRfZGlzYWJsZWRfcmlkZXNfYXJlX2lzb2xhdGVkIiwKICAgICJ0ZXN0cy90ZXN0X2RlcHRoMTlfcmlkZV9zeW5jLnB5Ojp0ZXN0X2N1c3RvbWVyX2Nhbm5vdF9hdXRob3JpemVfd2FpdGluZ190ZXJtc1tpbmNsdWRlZF93YWl0X21pbnV0ZXMtOTk5XSIsCiAgICAidGVzdHMvdGVzdF9kZXB0aDE5X3Jp
2026-09-10T08:15:36.3108476Z GO_EVIDENCE_B64 ZGVfc3luYy5weTo6dGVzdF9jdXN0b21lcl9jYW5ub3RfYXV0aG9yaXplX3dhaXRpbmdfdGVybXNbZGVsYXlfcHJvdGVjdGlvbl9mcmVlX3dhaXRfbWludXRlcy05OTldIiwKICAgICJ0ZXN0cy90ZXN0X2RlcHRoMTlfcmlkZV9zeW5jLnB5Ojp0ZXN0X2N1c3RvbWVyX2Nhbm5vdF9hdXRob3JpemVfd2FpdGluZ190ZXJtc1ttYXhfZnJlZV93YWl0X21pbnV0ZXMtOTk5XSIsCiAgICAidGVzdHMvdGVzdF9kZXB0aDE5X3JpZGVfc3luYy5weTo6dGVzdF9jdXN0b21lcl9jYW5ub3RfYXV0aG9yaXplX3dhaXRpbmdfdGVybXNbc3VwcGxp
2026-09-10T08:15:36.3113829Z GO_EVIDENCE_B64 ZXJfcnVsZV9zbmFwc2hvdC12YWx1ZTNdIiwKICAgICJ0ZXN0cy90ZXN0X2RlcHRoMTlfcmlkZV9zeW5jLnB5Ojp0ZXN0X3BvbGljeV9vcHRfaW5faXNfYm91bmRlZF9hbmRfcHJvcG9zYWxfZG9lc19ub3RfY2hhbmdlX2NvbmZpcm1lZF90aW1lIiwKICAgICJ0ZXN0cy90ZXN0X2RlcHRoMTlfcmlkZV9zeW5jLnB5Ojp0ZXN0X3BvbGljeV9taXNzaW5nX29yX2NoYW5nZWRfY2Fubm90X2JlY29tZV9hdXRob3JpemVkIiwKICAgICJ0ZXN0cy90ZXN0X2RlcHRoMTlfcmlkZV9zeW5jLnB5Ojp0ZXN0X3Vua25vd25fYWZ0ZXJfZmxlZXRf
2026-09-10T08:15:36.3119232Z GO_EVIDENCE_B64 YWNjZXB0YW5jZV9yZW9wZW5zX3JlY2VpcHRfYW5kX3F1ZXJpZXNfb25seSIsCiAgICAidGVzdHMvdGVzdF9kZXB0aDE5X3JpZGVfc3luYy5weTo6dGVzdF9zaWdraWxsX2FmdGVyX2NvbW1pdHRlZF9wcm92aWRlcl9yZWNlaXB0X3JlY292ZXJzX3dpdGhvdXRfcmVzZW5kIiwKICAgICJ0ZXN0cy90ZXN0X2RlcHRoMTlfcmlkZV9zeW5jLnB5Ojp0ZXN0X2NyYXNoX2JlZm9yZV9kaXNwYXRjaF9rZWVwc191bmtub3duX3dpdGhvdXRfYmxpbmRfcmVzZW5kIiwKICAgICJ0ZXN0cy90ZXN0X2RlcHRoMTlfcmlkZV9zeW5jLnB5Ojp0ZXN0
2026-09-10T08:15:36.3124609Z GO_EVIDENCE_B64 X3BhcmFsbGVsX3Byb2Nlc3NvcnNfbmV2ZXJfc2VuZF9zYW1lX2ludGVudF90d2ljZSIsCiAgICAidGVzdHMvdGVzdF9kZXB0aDE5X3JpZGVfc3luYy5weTo6dGVzdF9mbGVldF9yZWplY3Rpb25fYW5kX3dyb25nX2NvbmZpcm1hdGlvbl9kb19ub3RfY2hhbmdlX2N1c3RvbWVyX3RpbWUiLAogICAgInRlc3RzL3Rlc3RfZGVwdGgxOV9yaWRlX3N5bmMucHk6OnRlc3RfY3VycmVudF9hdXRob3JpdHlfYmluZGluZ19vcmRlcl9hbmRfcG9saWN5X3JlY2hlY2tlZF9iZWZvcmVfZGlzcGF0Y2hbcmV2b2tlXSIsCiAgICAidGVzdHMvdGVz
2026-09-10T08:15:36.3130085Z GO_EVIDENCE_B64 dF9kZXB0aDE5X3JpZGVfc3luYy5weTo6dGVzdF9jdXJyZW50X2F1dGhvcml0eV9iaW5kaW5nX29yZGVyX2FuZF9wb2xpY3lfcmVjaGVja2VkX2JlZm9yZV9kaXNwYXRjaFtkaXNhYmxlXSIsCiAgICAidGVzdHMvdGVzdF9kZXB0aDE5X3JpZGVfc3luYy5weTo6dGVzdF9jdXJyZW50X2F1dGhvcml0eV9iaW5kaW5nX29yZGVyX2FuZF9wb2xpY3lfcmVjaGVja2VkX2JlZm9yZV9kaXNwYXRjaFttYW51YWxfdGltZV0iLAogICAgInRlc3RzL3Rlc3RfZGVwdGgxOV9yaWRlX3N5bmMucHk6OnRlc3RfY3VycmVudF9hdXRob3JpdHlfYmlu
2026-09-10T08:15:36.3135452Z GO_EVIDENCE_B64 ZGluZ19vcmRlcl9hbmRfcG9saWN5X3JlY2hlY2tlZF9iZWZvcmVfZGlzcGF0Y2hbY2xvc2VdIiwKICAgICJ0ZXN0cy90ZXN0X2RlcHRoMTlfcmlkZV9zeW5jLnB5Ojp0ZXN0X2N1cnJlbnRfYXV0aG9yaXR5X2JpbmRpbmdfb3JkZXJfYW5kX3BvbGljeV9yZWNoZWNrZWRfYmVmb3JlX2Rpc3BhdGNoW3BvbGljeV0iLAogICAgInRlc3RzL3Rlc3RfZGVwdGgxOV9yaWRlX3N5bmMucHk6OnRlc3RfcmV2b2tlZF9kdXJpbmdfZXh0ZXJuYWxfY2FsbF9yZWNvcmRzX2hvbGRfd2l0aG91dF9mYWJyaWNhdGVkX2xvY2FsX3N1Y2Nlc3MiLAog
2026-09-10T08:15:36.3140936Z GO_EVIDENCE_B64 ICAgInRlc3RzL3Rlc3RfZGVwdGgxOV9yaWRlX3N5bmMucHk6OnRlc3RfbmV3X2ZhY3Rfc3VwZXJzZWRlc19wZW5kaW5nX2FuZF9ldmVudF9yZXBsYXlfY2Fubm90X21hdGNoX2xhdGVyX2JpbmRpbmdzIiwKICAgICJ0ZXN0cy90ZXN0X2RlcHRoMTlfcmlkZV9zeW5jLnB5Ojp0ZXN0X2N1c3RvbWVyX2JpbmRpbmdfcmV2aXNpb25fYW5kX293bmVyc2hpcF9pc29sYXRpb24iLAogICAgInRlc3RzL3Rlc3RfZGVwdGgxOV9yaWRlX3N5bmMucHk6OnRlc3RfdW5ib3VuZF9vcl9pbmNvbnNpc3RlbnRfZmxlZXRfcmVjZWlwdF9uZXZlcl9j
2026-09-10T08:15:36.3146245Z GO_EVIDENCE_B64 b25maXJtc1toYXNoXSIsCiAgICAidGVzdHMvdGVzdF9kZXB0aDE5X3JpZGVfc3luYy5weTo6dGVzdF91bmJvdW5kX29yX2luY29uc2lzdGVudF9mbGVldF9yZWNlaXB0X25ldmVyX2NvbmZpcm1zW3RpbWVdIiwKICAgICJ0ZXN0cy90ZXN0X2RlcHRoMTlfcmlkZV9zeW5jLnB5Ojp0ZXN0X3VuYm91bmRfb3JfaW5jb25zaXN0ZW50X2ZsZWV0X3JlY2VpcHRfbmV2ZXJfY29uZmlybXNbcmVmZXJlbmNlXSIsCiAgICAidGVzdHMvdGVzdF9kZXB0aDE5X3JpZGVfc3luYy5weTo6dGVzdF9ib29raW5nX2VudHJ5X3NhdmVzX3NlcnZlcl9w
2026-09-10T08:15:36.3151816Z GO_EVIDENCE_B64 b2xpY3lfYW5kX3RyYWNraW5nX3RvZ2V0aGVyIiwKICAgICJ0ZXN0cy90ZXN0X2RlcHRoMTlfcmlkZV9zeW5jLnB5Ojp0ZXN0X3Jldm9rZWRfc291cmNlX2lzX3Zpc2libGVfYXNfdW5hdmFpbGFibGVfd2l0aG91dF9tdXRhdGluZ19iaW5kaW5nIiwKICAgICJ0ZXN0cy90ZXN0X2RlcHRoMTlfcmlkZV9zeW5jLnB5Ojp0ZXN0X2xlZ2FjeV9sb2NhbF9waWNrdXBfaXNfb3BhcXVlX3VudGlsX2V4cGxpY2l0X2ZsZWV0X2NvbmZpcm1hdGlvbiIsCiAgICAidGVzdHMvdGVzdF9kZXB0aDE5X3JpZGVfc3luYy5weTo6dGVzdF9kZWxheV9w
2026-09-10T08:15:36.3157271Z GO_EVIDENCE_B64 cm90ZWN0aW9uX2RvZXNfbm90X2dyYW50X2V4dHJhX3dhaXRfZm9yX25vbl9kZWxheV9mYWN0c1tFQVJMWV0iLAogICAgInRlc3RzL3Rlc3RfZGVwdGgxOV9yaWRlX3N5bmMucHk6OnRlc3RfZGVsYXlfcHJvdGVjdGlvbl9kb2VzX25vdF9ncmFudF9leHRyYV93YWl0X2Zvcl9ub25fZGVsYXlfZmFjdHNbTEFOREVEXSIsCiAgICAidGVzdHMvdGVzdF9kZXB0aDE5X3JpZGVfc3luYy5weTo6dGVzdF9kZWxheV9wcm90ZWN0aW9uX2RvZXNfbm90X2dyYW50X2V4dHJhX3dhaXRfZm9yX25vbl9kZWxheV9mYWN0c1tDT1JSRUNURURdIiwK
2026-09-10T08:15:36.3162699Z GO_EVIDENCE_B64 ICAgICJ0ZXN0cy90ZXN0X2RlcHRoMTlfcmlkZV9zeW5jLnB5Ojp0ZXN0X2NvcnJlY3Rpb25fd2l0aGRyYXdzX3ByZXZpb3VzX2RlbGF5X3Byb3RlY3Rpb25fYmVmb3JlX2Rpc3BhdGNoIiwKICAgICJ0ZXN0cy90ZXN0X2RlcHRoMTlfdHJhdmVsX2ZhY3RzLnB5Ojp0ZXN0X3JlYWRfaXNfb3duZXJfc2NvcGVkX2FuZF9kb2VzX25vdF9pbnZlbnRfb3Jfd3JpdGVfZmFjdCIsCiAgICAidGVzdHMvdGVzdF9kZXB0aDE5X3RyYXZlbF9mYWN0cy5weTo6dGVzdF9mb3VyX2NlbGxzX2FuZF9vZmZpY2lhbF9jb3JyZWN0aW9uX3VzZV9zb3Vy
2026-09-10T08:15:36.3168244Z GO_EVIDENCE_B64 Y2Vfb3JkZXJfbm90X3N0YXRlX3JhbmsiLAogICAgInRlc3RzL3Rlc3RfZGVwdGgxOV90cmF2ZWxfZmFjdHMucHk6OnRlc3RfdW5zaWduZWRfbGVnYWN5X3NvdXJjZV9zdHJpbmdfaXNfbm90X2F1dGhvcml0eSIsCiAgICAidGVzdHMvdGVzdF9kZXB0aDE5X3RyYXZlbF9mYWN0cy5weTo6dGVzdF9zaWduYXR1cmVfYmluZHNfZXhhY3RfYm9keV9hbmRfZXZlbnRfaWRlbnRpdHkiLAogICAgInRlc3RzL3Rlc3RfZGVwdGgxOV90cmF2ZWxfZmFjdHMucHk6OnRlc3RfdW50cnVzdGVkX2xpbmtzX2Nhbm5vdF9iZWNvbWVfb2ZmaWNpYWxb
2026-09-10T08:15:36.3173814Z GO_EVIDENCE_B64 amF2YXNjcmlwdDphbGVydCgxKV0iLAogICAgInRlc3RzL3Rlc3RfZGVwdGgxOV90cmF2ZWxfZmFjdHMucHk6OnRlc3RfdW50cnVzdGVkX2xpbmtzX2Nhbm5vdF9iZWNvbWVfb2ZmaWNpYWxbaHR0cDovL2FpcmxpbmUuZXhhbXBsZS9wYXNzXSIsCiAgICAidGVzdHMvdGVzdF9kZXB0aDE5X3RyYXZlbF9mYWN0cy5weTo6dGVzdF91bnRydXN0ZWRfbGlua3NfY2Fubm90X2JlY29tZV9vZmZpY2lhbFtodHRwczovL2FpcmxpbmUuZXhhbXBsZS5ldmlsLnRlc3QvcGFzc10iLAogICAgInRlc3RzL3Rlc3RfZGVwdGgxOV90cmF2ZWxfZmFj
2026-09-10T08:15:36.3179431Z GO_EVIDENCE_B64 dHMucHk6OnRlc3RfdW50cnVzdGVkX2xpbmtzX2Nhbm5vdF9iZWNvbWVfb2ZmaWNpYWxbaHR0cHM6Ly91c2VyQGFpcmxpbmUuZXhhbXBsZS9wYXNzXSIsCiAgICAidGVzdHMvdGVzdF9kZXB0aDE5X3RyYXZlbF9mYWN0cy5weTo6dGVzdF91bnRydXN0ZWRfbGlua3NfY2Fubm90X2JlY29tZV9vZmZpY2lhbFtodHRwczovL2FpcmxpbmUuZXhhbXBsZTo4MDgwL3Bhc3NdIiwKICAgICJ0ZXN0cy90ZXN0X2RlcHRoMTlfdHJhdmVsX2ZhY3RzLnB5Ojp0ZXN0X3VudHJ1c3RlZF9saW5rc19jYW5ub3RfYmVjb21lX29mZmljaWFsW2h0dHBz
2026-09-10T08:15:36.3184853Z GO_EVIDENCE_B64 Oi8vYWlybGluZS5leGFtcGxlL1xcbnBhc3NdIiwKICAgICJ0ZXN0cy90ZXN0X2RlcHRoMTlfdHJhdmVsX2ZhY3RzLnB5Ojp0ZXN0X3VudHJ1c3RlZF9saW5rc19jYW5ub3RfYmVjb21lX29mZmljaWFsW2h0dHBzOi8vZXZpbC5leGFtcGxlL3Bhc3NdIiwKICAgICJ0ZXN0cy90ZXN0X2RlcHRoMTlfdHJhdmVsX2ZhY3RzLnB5Ojp0ZXN0X2luZGVwZW5kZW50X3Jldmlld19yZXZpc2lvbl9hbmRfcmV2b2NhdGlvbl9yZW1vdmVfcGFzc19vbl9yZWFkIiwKICAgICJ0ZXN0cy90ZXN0X2RlcHRoMTlfdHJhdmVsX2ZhY3RzLnB5Ojp0ZXN0
2026-09-10T08:15:36.3190305Z GO_EVIDENCE_B64 X21ha2VyX2Nhbm5vdF9hcHByb3ZlX2FuZF9yZWdpc3RlcmVkX2tleV9jYW5ub3Rfc2lsZW50bHlfY2hhbmdlIiwKICAgICJ0ZXN0cy90ZXN0X2RlcHRoMTlfdHJhdmVsX2ZhY3RzLnB5Ojp0ZXN0X2NoYW5nZWRfb3JkZXJfbmV2ZXJfcmV1c2VzX3ByaW9yX3Bhc3NbdGlja2V0XSIsCiAgICAidGVzdHMvdGVzdF9kZXB0aDE5X3RyYXZlbF9mYWN0cy5weTo6dGVzdF9jaGFuZ2VkX29yZGVyX25ldmVyX3JldXNlc19wcmlvcl9wYXNzW2l0aW5lcmFyeV0iLAogICAgInRlc3RzL3Rlc3RfZGVwdGgxOV90cmF2ZWxfZmFjdHMucHk6OnRl
2026-09-10T08:15:36.3195692Z GO_EVIDENCE_B64 c3RfY2hhbmdlZF9vcmRlcl9uZXZlcl9yZXVzZXNfcHJpb3JfcGFzc1t0cmF2ZWxlcl0iLAogICAgInRlc3RzL3Rlc3RfZGVwdGgxOV90cmF2ZWxfZmFjdHMucHk6OnRlc3RfY2hhbmdlZF9vcmRlcl9uZXZlcl9yZXVzZXNfcHJpb3JfcGFzc1tyZWZ1bmRdIiwKICAgICJ0ZXN0cy90ZXN0X2RlcHRoMTlfdHJhdmVsX2ZhY3RzLnB5Ojp0ZXN0X2ZhY3RfdmFsaWRpdHlfd2luZG93W2V4cGlyZWRdIiwKICAgICJ0ZXN0cy90ZXN0X2RlcHRoMTlfdHJhdmVsX2ZhY3RzLnB5Ojp0ZXN0X2ZhY3RfdmFsaWRpdHlfd2luZG93W2Z1dHVyZV0i
2026-09-10T08:15:36.3201406Z GO_EVIDENCE_B64 LAogICAgInRlc3RzL3Rlc3RfZGVwdGgxOV90cmF2ZWxfZmFjdHMucHk6OnRlc3RfZmFjdF92YWxpZGl0eV93aW5kb3dbdG9vX29sZF0iLAogICAgInRlc3RzL3Rlc3RfZGVwdGgxOV90cmF2ZWxfZmFjdHMucHk6OnRlc3RfZmFjdF92YWxpZGl0eV93aW5kb3dbYmV5b25kX2F1dGhvcml0eV0iLAogICAgInRlc3RzL3Rlc3RfZGVwdGgxOV90cmF2ZWxfZmFjdHMucHk6OnRlc3Rfbm9fZmFsbGJhY2tfdG9fb2xkZXJfZmFjdF93aGVuX25ld2VzdF9pc19leHBpcmVkX29yX2NvcnJ1cHQiLAogICAgInRlc3RzL3Rlc3RfZGVwdGgxOV90
2026-09-10T08:15:36.3206931Z GO_EVIDENCE_B64 cmF2ZWxfZmFjdHMucHk6OnRlc3Rfc2VxdWVuY2VfYW5kX3Byb3ZpZGVyX3N3aXRjaF9hcmVfZXhwbGljaXQiLAogICAgInRlc3RzL3Rlc3RfZGVwdGgxOV90cmF2ZWxfZmFjdHMucHk6OnRlc3RfY2Fycmllcl9zY29wZV9hbmRfcHJvZHVjdGlvbl9nYXRlIiwKICAgICJ0ZXN0cy90ZXN0X2RlcHRoMjBfYXBpX2Z1bGZpbGxtZW50LnB5Ojp0ZXN0X3JhaWxfc3VwcGxpZXJfY2Fubm90X3RpY2tldF93cm9uZ19jb3VudF9vcl9pbnZhbGlkX2lkZW50aXRpZXNbdGlja2V0czBdIiwKICAgICJ0ZXN0cy90ZXN0X2RlcHRoMjBfYXBpX2Z1
2026-09-10T08:15:36.3212446Z GO_EVIDENCE_B64 bGZpbGxtZW50LnB5Ojp0ZXN0X3JhaWxfc3VwcGxpZXJfY2Fubm90X3RpY2tldF93cm9uZ19jb3VudF9vcl9pbnZhbGlkX2lkZW50aXRpZXNbdGlja2V0czFdIiwKICAgICJ0ZXN0cy90ZXN0X2RlcHRoMjBfYXBpX2Z1bGZpbGxtZW50LnB5Ojp0ZXN0X3JhaWxfc3VwcGxpZXJfY2Fubm90X3RpY2tldF93cm9uZ19jb3VudF9vcl9pbnZhbGlkX2lkZW50aXRpZXNbdGlja2V0czJdIiwKICAgICJ0ZXN0cy90ZXN0X2RlcHRoMjBfYXBpX2Z1bGZpbGxtZW50LnB5Ojp0ZXN0X3JhaWxfc3VwcGxpZXJfY2Fubm90X3RpY2tldF93cm9uZ19j
2026-09-10T08:15:36.3217801Z GO_EVIDENCE_B64 b3VudF9vcl9pbnZhbGlkX2lkZW50aXRpZXNbdGlja2V0czNdIiwKICAgICJ0ZXN0cy90ZXN0X2RlcHRoMjBfYXBpX2Z1bGZpbGxtZW50LnB5Ojp0ZXN0X3JhaWxfc3VwcGxpZXJfY2Fubm90X3RpY2tldF93cm9uZ19jb3VudF9vcl9pbnZhbGlkX2lkZW50aXRpZXNbdGlja2V0czRdIiwKICAgICJ0ZXN0cy90ZXN0X2RlcHRoMjBfYXBpX2Z1bGZpbGxtZW50LnB5Ojp0ZXN0X2NvbmZpcm1lZF9yYWlsX3RpY2tldHNfcmVwbGF5X2V4YWN0bHlfYW5kX2Nhbm5vdF9iZV9yZXBsYWNlZCIsCiAgICAidGVzdHMvdGVzdF9kZXB0aDIwX2Fw
2026-09-10T08:15:36.3223102Z GO_EVIDENCE_B64 aV9mdWxmaWxsbWVudC5weTo6dGVzdF9tdWx0aV9wZXJzb25fY2hhbmdlX3JlZnVuZF9yZXR1cm5zX3RvX29yaWdpbmFsX2FuZF9hZGp1c3RtZW50X2NhcHR1cmVzIiwKICAgICJ0ZXN0cy90ZXN0X2RlcHRoMjBfYXBpX2Z1bGZpbGxtZW50LnB5Ojp0ZXN0X2J1c2luZXNzX2NsYXNzX2NoYW5nZV91c2VzX3F1b3RlZF96ZXJvX2ZlZSIsCiAgICAidGVzdHMvdGVzdF9kZXB0aDIwX2FwaV9mdWxmaWxsbWVudC5weTo6dGVzdF93cm9uZ19yZWlzc3VlZF9wYXJ0eV9jYW5ub3RfY2FwdHVyZV9hZGp1c3RtZW50IiwKICAgICJ0ZXN0cy90
2026-09-10T08:15:36.3228448Z GO_EVIDENCE_B64 ZXN0X2RlcHRoMjBfYXBpX2Z1bGZpbGxtZW50LnB5Ojp0ZXN0X21pc3NpbmdfY29uZmlybWVkX2FkanVzdG1lbnRfY2Fubm90X21hcmtfY2hhbmdlX2V4ZWN1dGVkIiwKICAgICJ0ZXN0cy90ZXN0X2RlcHRoMjBfYXBpX2Z1bGZpbGxtZW50LnB5Ojp0ZXN0X3NpZ25lZF9pbl9wcmVib29rX2Nhbm5vdF9iZV9jbGFpbWVkX2J5X2Fub3RoZXJfY29uc3VtZXIiLAogICAgInRlc3RzL3Rlc3RfZGVwdGgyMF9hcGlfZnVsZmlsbG1lbnQucHk6OnRlc3RfcmFpbF9odHRwX3JlamVjdHNfYW1iaWd1b3VzX29yX3Vuc3VwcG9ydGVkX3F1YW50
2026-09-10T08:15:36.3233830Z GO_EVIDENCE_B64 aXRpZXNbVHJ1ZV0iLAogICAgInRlc3RzL3Rlc3RfZGVwdGgyMF9hcGlfZnVsZmlsbG1lbnQucHk6OnRlc3RfcmFpbF9odHRwX3JlamVjdHNfYW1iaWd1b3VzX29yX3Vuc3VwcG9ydGVkX3F1YW50aXRpZXNbMS4yXSIsCiAgICAidGVzdHMvdGVzdF9kZXB0aDIwX2FwaV9mdWxmaWxsbWVudC5weTo6dGVzdF9yYWlsX2h0dHBfcmVqZWN0c19hbWJpZ3VvdXNfb3JfdW5zdXBwb3J0ZWRfcXVhbnRpdGllc1syXSIsCiAgICAidGVzdHMvdGVzdF9kZXB0aDIwX2FwaV9mdWxmaWxsbWVudC5weTo6dGVzdF9yYWlsX2h0dHBfcmVqZWN0c19h
2026-09-10T08:15:36.3239392Z GO_EVIDENCE_B64 bWJpZ3VvdXNfb3JfdW5zdXBwb3J0ZWRfcXVhbnRpdGllc1swXSIsCiAgICAidGVzdHMvdGVzdF9kZXB0aDIwX2FwaV9mdWxmaWxsbWVudC5weTo6dGVzdF9yYWlsX2h0dHBfcmVqZWN0c19hbWJpZ3VvdXNfb3JfdW5zdXBwb3J0ZWRfcXVhbnRpdGllc1sxMF0iLAogICAgInRlc3RzL3Rlc3RfZGVwdGgyMF9hcGlfZnVsZmlsbG1lbnQucHk6OnRlc3RfaW52YWxpZF9hdXRoZW50aWNhdGlvbl9uZXZlcl9mYWxsc19iYWNrX3RvX2Fub255bW91c19xdW90ZSIsCiAgICAidGVzdHMvdGVzdF9kZXB0aDIwX2FwaV9mdWxmaWxsbWVudC5w
2026-09-10T08:15:36.3244797Z GO_EVIDENCE_B64 eTo6dGVzdF9jaGFuZ2VkX3ZhdWx0X2lkZW50aXR5X3dpdGhfc2FtZV9uYW1lX2Nhbm5vdF9yZXVzZV9wcmVib29rIiwKICAgICJ0ZXN0cy90ZXN0X2RlcHRoMjBfYXBpX2Z1bGZpbGxtZW50LnB5Ojp0ZXN0X21pZ3JhdGlvbl9yb3VuZHRyaXBfcHJlc2VydmVzX2hpc3RvcnlfYW5kX3JlZnVzZXNfcHJlYm9va19ldmlkZW5jZV9sb3NzIiwKICAgICJ0ZXN0cy90ZXN0X2RlcHRoMjBfYXR0cmFjdGlvbl9jb250cmFjdC5weTo6dGVzdF9wZXJzaXN0ZWRfcXVvdGVfYmluZHNfc2Vzc2lvbl9wYXJ0eV9hbmRfbG9ja2VkX3RvdGFsIiwK
2026-09-10T08:15:36.3250207Z GO_EVIDENCE_B64 ICAgICJ0ZXN0cy90ZXN0X2RlcHRoMjBfYXR0cmFjdGlvbl9jb250cmFjdC5weTo6dGVzdF91bnF1b3RlZF9vcmRlcl9hbmRfdW5saXN0ZWRfc2Vzc2lvbl9hcmVfcmVqZWN0ZWQiLAogICAgInRlc3RzL3Rlc3RfZGVwdGgyMF9hdHRyYWN0aW9uX2NvbnRyYWN0LnB5Ojp0ZXN0X2NsaWVudF9jYW5ub3RfY2hhbmdlX3F1b3RlX3Rlcm1zW3F1YW50aXR5LTFdIiwKICAgICJ0ZXN0cy90ZXN0X2RlcHRoMjBfYXR0cmFjdGlvbl9jb250cmFjdC5weTo6dGVzdF9jbGllbnRfY2Fubm90X2NoYW5nZV9xdW90ZV90ZXJtc1tjdXJyZW5jeS1V
2026-09-10T08:15:36.3255763Z GO_EVIDENCE_B64 U0RdIiwKICAgICJ0ZXN0cy90ZXN0X2RlcHRoMjBfYXR0cmFjdGlvbl9jb250cmFjdC5weTo6dGVzdF9jbGllbnRfY2Fubm90X2NoYW5nZV9xdW90ZV90ZXJtc1t2aXNpdF9kYXRlLTIwMzAtMDEtMDFdIiwKICAgICJ0ZXN0cy90ZXN0X2RlcHRoMjBfYXR0cmFjdGlvbl9jb250cmFjdC5weTo6dGVzdF9jbGllbnRfY2Fubm90X2NoYW5nZV9xdW90ZV90ZXJtc1tzZXNzaW9uX3RpbWUtMDM6MTddIiwKICAgICJ0ZXN0cy90ZXN0X2RlcHRoMjBfYXR0cmFjdGlvbl9jb250cmFjdC5weTo6dGVzdF9jbGllbnRfY2Fubm90X2NoYW5nZV9x
2026-09-10T08:15:36.3261137Z GO_EVIDENCE_B64 dW90ZV90ZXJtc1tvZmZlcl9pZC10ZWFtbGFiX3BsYW5ldHNdIiwKICAgICJ0ZXN0cy90ZXN0X2RlcHRoMjBfYXR0cmFjdGlvbl9jb250cmFjdC5weTo6dGVzdF9xdWFudGl0eV9hbmRfYXR0ZW5kZWVzX211c3RfbWF0Y2giLAogICAgInRlc3RzL3Rlc3RfZGVwdGgyMF9hdHRyYWN0aW9uX2NvbnRyYWN0LnB5Ojp0ZXN0X2Nyb3NzX2FjY291bnRfYW5kX2NoYW5nZWRfcGVyc29uX2Nhbm5vdF9yZXVzZV9jb25zdW1lZF9xdW90ZSIsCiAgICAidGVzdHMvdGVzdF9kZXB0aDIwX2F0dHJhY3Rpb25fY29udHJhY3QucHk6OnRlc3RfY3Vy
2026-09-10T08:15:36.3266432Z GO_EVIDENCE_B64 cmVudF9pbnZlbnRvcnlfaXNfcmVjaGVja2VkX2JlZm9yZV9vcmRlcl9jcmVhdGlvbiIsCiAgICAidGVzdHMvdGVzdF9kZXB0aDIwX2F0dHJhY3Rpb25fY29udHJhY3QucHk6OnRlc3RfbG9ja2VkX3ByaWNlX2FuZF9yZWZ1bmRfdGVybXNfZG9fbm90X2NoYW5nZV93aXRoX2NhdGFsb2ciLAogICAgInRlc3RzL3Rlc3RfZGVwdGgyMF9hdHRyYWN0aW9uX2NvbnRyYWN0LnB5Ojp0ZXN0X2V4cGlyZWRfcXVvdGVfY2Fubm90X2JlX2NvbnN1bWVkIiwKICAgICJ0ZXN0cy90ZXN0X2RlcHRoMjBfYXR0cmFjdGlvbl9jb250cmFjdC5weTo6
2026-09-10T08:15:36.3271837Z GO_EVIDENCE_B64 dGVzdF9wYXJhbGxlbF9jb25zdW1wdGlvbl9tYWtlc19vbmVfb3JkZXIiLAogICAgInRlc3RzL3Rlc3RfZGVwdGgyMF9hdHRyYWN0aW9uX2NvbnRyYWN0LnB5Ojp0ZXN0X2ZhaWxlZF9ldmlkZW5jZV9yb2xsc19iYWNrX2NvbnRyYWN0X2FuZF9vcmRlciIsCiAgICAidGVzdHMvdGVzdF9kZXB0aDIwX2F0dHJhY3Rpb25fY29udHJhY3QucHk6OnRlc3RfZGVjbGFyZWRfY2hpbGRfY2Fubm90X3VzZV9hbl9hZHVsdF9wcm9kdWN0X3F1b3RlIiwKICAgICJ0ZXN0cy90ZXN0X2RlcHRoMjBfcHJlYm9va19jb250cmFjdC5weTo6dGVzdF9w
2026-09-10T08:15:36.3277098Z GO_EVIDENCE_B64 YXJ0eV9xdW90ZV9iaW5kc190b3RhbF9jb3VudF9hbmRfb25lX29yZGVyIiwKICAgICJ0ZXN0cy90ZXN0X2RlcHRoMjBfcHJlYm9va19jb250cmFjdC5weTo6dGVzdF91bnF1b3RlZF9wYXJ0eV9zaXplX2Nhbm5vdF9jaGFuZ2VfcHJpY2VfYXRfb3JkZXJfY3JlYXRpb25bMF0iLAogICAgInRlc3RzL3Rlc3RfZGVwdGgyMF9wcmVib29rX2NvbnRyYWN0LnB5Ojp0ZXN0X3VucXVvdGVkX3BhcnR5X3NpemVfY2Fubm90X2NoYW5nZV9wcmljZV9hdF9vcmRlcl9jcmVhdGlvblsxXSIsCiAgICAidGVzdHMvdGVzdF9kZXB0aDIwX3ByZWJv
2026-09-10T08:15:36.3282396Z GO_EVIDENCE_B64 b2tfY29udHJhY3QucHk6OnRlc3RfdW5xdW90ZWRfcGFydHlfc2l6ZV9jYW5ub3RfY2hhbmdlX3ByaWNlX2F0X29yZGVyX2NyZWF0aW9uWzNdIiwKICAgICJ0ZXN0cy90ZXN0X2RlcHRoMjBfcHJlYm9va19jb250cmFjdC5weTo6dGVzdF9zYW1lX3F1b3RlX2Nhbm5vdF9iZV9yZXVzZWRfYnlfYW5vdGhlcl9vd25lcl9vcl9jaGFuZ2VkX3BhcnR5IiwKICAgICJ0ZXN0cy90ZXN0X2RlcHRoMjBfcHJlYm9va19jb250cmFjdC5weTo6dGVzdF9pc3N1ZWRfcXVvdGVfaXNfcHJpdmF0ZV90b19pdHNfYWNjb3VudF9iZWZvcmVfZmlyc3Rf
2026-09-10T08:15:36.3287602Z GO_EVIDENCE_B64 Y29uc3VtcHRpb24iLAogICAgInRlc3RzL3Rlc3RfZGVwdGgyMF9wcmVib29rX2NvbnRyYWN0LnB5Ojp0ZXN0X2V4cGlyZWRfcXVvdGVfY2Fubm90X2JlX2NvbnN1bWVkX2J1dF9leGFjdF9jb21wbGV0ZWRfcmVxdWVzdF9jYW5fYmVfcmVwbGF5ZWQiLAogICAgInRlc3RzL3Rlc3RfZGVwdGgyMF9wcmVib29rX2NvbnRyYWN0LnB5Ojp0ZXN0X3RhbXBlcmVkX3Rlcm1zX2Nhbm5vdF9yZXByaWNlX2FuX2V4aXN0aW5nX3F1b3RlIiwKICAgICJ0ZXN0cy90ZXN0X2RlcHRoMjBfcHJlYm9va19jb250cmFjdC5weTo6dGVzdF9vcmRlcl9h
2026-09-10T08:15:36.3292927Z GO_EVIDENCE_B64 bmRfcXVvdGVfY29uc3VtcHRpb25fcm9sbF9iYWNrX3RvZ2V0aGVyIiwKICAgICJ0ZXN0cy90ZXN0X2RlcHRoMjBfcHJlYm9va19jb250cmFjdC5weTo6dGVzdF9wYXJhbGxlbF9jb25zdW1lcnNfY2Fubm90X2NyZWF0ZV9tdWx0aXBsZV9vcmRlcnNfZm9yX29uZV9wcmVib29rIiwKICAgICJ0ZXN0cy90ZXN0X2RlcHRoMjBfcHJlYm9va19jb250cmFjdC5weTo6dGVzdF9wbGFjZWhvbGRlcl9uYW1lX29yX2NoaWxkX2Nhbm5vdF9iZV91c2VkX2Zvcl9xdW90ZWRfYWR1bHRbcGVyc29uMF0iLAogICAgInRlc3RzL3Rlc3RfZGVwdGgy
2026-09-10T08:15:36.3298257Z GO_EVIDENCE_B64 MF9wcmVib29rX2NvbnRyYWN0LnB5Ojp0ZXN0X3BsYWNlaG9sZGVyX25hbWVfb3JfY2hpbGRfY2Fubm90X2JlX3VzZWRfZm9yX3F1b3RlZF9hZHVsdFtwZXJzb24xXSIsCiAgICAidGVzdHMvdGVzdF9kZXB0aDIwX3ByZWJvb2tfY29udHJhY3QucHk6OnRlc3RfcGxhY2Vob2xkZXJfbmFtZV9vcl9jaGlsZF9jYW5ub3RfYmVfdXNlZF9mb3JfcXVvdGVkX2FkdWx0W3BlcnNvbjJdIiwKICAgICJ0ZXN0cy90ZXN0X2RlcHRoMjBfcHJlYm9va19jb250cmFjdC5weTo6dGVzdF9sZWdhY3lfcHJlYm9va19taXNzaW5nX3Rlcm1zX2lzX25v
2026-09-10T08:15:36.3303954Z GO_EVIDENCE_B64 dF9iYWNrZmlsbGVkX2Zyb21fY3VycmVudF9vZmZlciIsCiAgICAidGVzdHMvdGVzdF9kZXB0aDIxX3JlZnVuZF9yZWNvdmVyeS5weTo6dGVzdF9yZWZ1bmRfcmV0cnlfcmV0dXJuc19zYW1lX3JlY2VpcHRfYW5kX29uZV9tb25leV9tb3ZlbWVudFtSQUlMXSIsCiAgICAidGVzdHMvdGVzdF9kZXB0aDIxX3JlZnVuZF9yZWNvdmVyeS5weTo6dGVzdF9yZWZ1bmRfcmV0cnlfcmV0dXJuc19zYW1lX3JlY2VpcHRfYW5kX29uZV9tb25leV9tb3ZlbWVudFtBVFRSQUNUSU9OXSIsCiAgICAidGVzdHMvdGVzdF9kZXB0aDIxX3JlZnVuZF9y
2026-09-10T08:15:36.3309627Z GO_EVIDENCE_B64 ZWNvdmVyeS5weTo6dGVzdF9tb25leV9jb25maXJtZWRfdGhlbl9vcmRlcl9jb21taXRfZmFpbHVyZV9yZWNvdmVyc193aXRob3V0X3JlZnVuZF9yZXNlbmRbUkFJTF0iLAogICAgInRlc3RzL3Rlc3RfZGVwdGgyMV9yZWZ1bmRfcmVjb3ZlcnkucHk6OnRlc3RfbW9uZXlfY29uZmlybWVkX3RoZW5fb3JkZXJfY29tbWl0X2ZhaWx1cmVfcmVjb3ZlcnNfd2l0aG91dF9yZWZ1bmRfcmVzZW5kW0FUVFJBQ1RJT05dIiwKICAgICJ0ZXN0cy90ZXN0X2RlcHRoMjFfcmVmdW5kX3JlY292ZXJ5LnB5Ojp0ZXN0X2NvbmN1cnJlbnRfcmVmdW5k
2026-09-10T08:15:36.3314874Z GO_EVIDENCE_B64 X2hhc19vbmVfZXhlY3V0b3JfYW5kX2Jsb2Nrc19jaGFuZ2Vfb3JfcmVkZWVtW1JBSUxdIiwKICAgICJ0ZXN0cy90ZXN0X2RlcHRoMjFfcmVmdW5kX3JlY292ZXJ5LnB5Ojp0ZXN0X2NvbmN1cnJlbnRfcmVmdW5kX2hhc19vbmVfZXhlY3V0b3JfYW5kX2Jsb2Nrc19jaGFuZ2Vfb3JfcmVkZWVtW0FUVFJBQ1RJT05dIiwKICAgICJ0ZXN0cy90ZXN0X2RlcHRoMjFfcmVmdW5kX3JlY292ZXJ5LnB5Ojp0ZXN0X3Vua25vd25fbW9uZXlfcmVtYWluc19wZW5kaW5nX2FuZF9jYW5ub3RfY2hhbmdlW1JBSUxdIiwKICAgICJ0ZXN0cy90ZXN0
2026-09-10T08:15:36.3320137Z GO_EVIDENCE_B64 X2RlcHRoMjFfcmVmdW5kX3JlY292ZXJ5LnB5Ojp0ZXN0X3Vua25vd25fbW9uZXlfcmVtYWluc19wZW5kaW5nX2FuZF9jYW5ub3RfY2hhbmdlW0FUVFJBQ1RJT05dIiwKICAgICJ0ZXN0cy90ZXN0X2RlcHRoMjFfcmVmdW5kX3JlY292ZXJ5LnB5Ojp0ZXN0X2ZhYnJpY2F0ZWRfY29uZmlybWF0aW9uX2Nhbm5vdF9jb21wbGV0ZV9yZWZ1bmRbUkFJTF0iLAogICAgInRlc3RzL3Rlc3RfZGVwdGgyMV9yZWZ1bmRfcmVjb3ZlcnkucHk6OnRlc3RfZmFicmljYXRlZF9jb25maXJtYXRpb25fY2Fubm90X2NvbXBsZXRlX3JlZnVuZFtBVFRS
2026-09-10T08:15:36.3325505Z GO_EVIDENCE_B64 QUNUSU9OXSIsCiAgICAidGVzdHMvdGVzdF9kZXB0aDIxX3JlZnVuZF9yZWNvdmVyeS5weTo6dGVzdF9yZWZ1bmRfcmVjZWlwdF9mb3JfYW5vdGhlcl9vcmRlcl9jYW5ub3RfY29tcGxldGVfdGhpc19vcmRlcltSQUlMXSIsCiAgICAidGVzdHMvdGVzdF9kZXB0aDIxX3JlZnVuZF9yZWNvdmVyeS5weTo6dGVzdF9yZWZ1bmRfcmVjZWlwdF9mb3JfYW5vdGhlcl9vcmRlcl9jYW5ub3RfY29tcGxldGVfdGhpc19vcmRlcltBVFRSQUNUSU9OXSIsCiAgICAidGVzdHMvdGVzdF9kZXB0aDIxX3JlZnVuZF9yZWNvdmVyeS5weTo6dGVzdF9w
2026-09-10T08:15:36.3331077Z GO_EVIDENCE_B64 cm9jZXNzX2V4aXRfYWZ0ZXJfbW9uZXlfY2FuX3Jlc3VtZV9vbmx5X2FmdGVyX2xlYXNlX2V4cGlyeVtSQUlMXSIsCiAgICAidGVzdHMvdGVzdF9kZXB0aDIxX3JlZnVuZF9yZWNvdmVyeS5weTo6dGVzdF9wcm9jZXNzX2V4aXRfYWZ0ZXJfbW9uZXlfY2FuX3Jlc3VtZV9vbmx5X2FmdGVyX2xlYXNlX2V4cGlyeVtBVFRSQUNUSU9OXSIsCiAgICAidGVzdHMvdGVzdF9kZXB0aDIxX3JlZnVuZF9yZWNvdmVyeS5weTo6dGVzdF9yYWlsX2NoYW5nZV9yZXNlcnZlc19vcmRlcl9iZWZvcmVfYXV0aG9yaXphdGlvbl9hbmRfcmVzdW1lc19h
2026-09-10T08:15:36.3336473Z GO_EVIDENCE_B64 ZnRlcl9jcmFzaCIsCiAgICAidGVzdHMvdGVzdF9kZXB0aDIxX3JlZnVuZF9yZWNvdmVyeS5weTo6dGVzdF9tdXRhdGVkX2Zyb3plbl9xdW90ZV9pc19yZWplY3RlZF9iZWZvcmVfbW9yZV9tb25leV9tb3ZlcyIsCiAgICAidGVzdHMvdGVzdF9kZXB0aDIxX3JlZnVuZF9yZWNvdmVyeS5weTo6dGVzdF9taWdyYXRpb25fcm91bmR0cmlwX3ByZXNlcnZlc19wcmlvcl9oaXN0b3J5X2FuZF9ibG9ja3Nfam91cm5hbF9sb3NzIiwKICAgICJ0ZXN0cy90ZXN0X2RlcHRoMjJfcmFpbF9yZXNvbHV0aW9uLnB5Ojp0ZXN0X2V4YWN0X3JlcGxh
2026-09-10T08:15:36.3341917Z GO_EVIDENCE_B64 eV9hbmRfY29uZmxpY3RpbmdfZGVjaXNpb25bVElDS0VURURdIiwKICAgICJ0ZXN0cy90ZXN0X2RlcHRoMjJfcmFpbF9yZXNvbHV0aW9uLnB5Ojp0ZXN0X2V4YWN0X3JlcGxheV9hbmRfY29uZmxpY3RpbmdfZGVjaXNpb25bRkFJTEVEXSIsCiAgICAidGVzdHMvdGVzdF9kZXB0aDIyX3JhaWxfcmVzb2x1dGlvbi5weTo6dGVzdF9jb21taXRfZmFpbHVyZV9hZnRlcl9tb25leV9yZWNvdmVyc1tUSUNLRVRFRF0iLAogICAgInRlc3RzL3Rlc3RfZGVwdGgyMl9yYWlsX3Jlc29sdXRpb24ucHk6OnRlc3RfY29tbWl0X2ZhaWx1cmVfYWZ0
2026-09-10T08:15:36.3347277Z GO_EVIDENCE_B64 ZXJfbW9uZXlfcmVjb3ZlcnNbRkFJTEVEXSIsCiAgICAidGVzdHMvdGVzdF9kZXB0aDIyX3JhaWxfcmVzb2x1dGlvbi5weTo6dGVzdF9jb25jdXJyZW50X29wcG9zaXRlX2RlY2lzaW9uX25ldmVyX2Rpc3BhdGNoZXNfbW9uZXlbVElDS0VURURdIiwKICAgICJ0ZXN0cy90ZXN0X2RlcHRoMjJfcmFpbF9yZXNvbHV0aW9uLnB5Ojp0ZXN0X2NvbmN1cnJlbnRfb3Bwb3NpdGVfZGVjaXNpb25fbmV2ZXJfZGlzcGF0Y2hlc19tb25leVtGQUlMRURdIiwKICAgICJ0ZXN0cy90ZXN0X2RlcHRoMjJfcmFpbF9yZXNvbHV0aW9uLnB5Ojp0ZXN0
2026-09-10T08:15:36.3353069Z GO_EVIDENCE_B64 X3Byb2Nlc3NfZXhpdF9hZnRlcl9tb25leV9yZWNvdmVyc1tUSUNLRVRFRF0iLAogICAgInRlc3RzL3Rlc3RfZGVwdGgyMl9yYWlsX3Jlc29sdXRpb24ucHk6OnRlc3RfcHJvY2Vzc19leGl0X2FmdGVyX21vbmV5X3JlY292ZXJzW0ZBSUxFRF0iLAogICAgInRlc3RzL3Rlc3RfZGVwdGgyMl9yYWlsX3Jlc29sdXRpb24ucHk6OnRlc3RfcHJpb3JfcmVwbGF5X2Nhbm5vdF9tb2RpZnlfbmV4dF9jaGFuZ2UiLAogICAgInRlc3RzL3Rlc3RfZGVwdGgyMl9yYWlsX3Jlc29sdXRpb24ucHk6OnRlc3RfZnJvemVuX2lkZW50aXR5X2Nhbm5v
2026-09-10T08:15:36.3358525Z GO_EVIDENCE_B64 dF9iZV9yZXBsYWNlZFt0aWNrZXRdIiwKICAgICJ0ZXN0cy90ZXN0X2RlcHRoMjJfcmFpbF9yZXNvbHV0aW9uLnB5Ojp0ZXN0X2Zyb3plbl9pZGVudGl0eV9jYW5ub3RfYmVfcmVwbGFjZWRbcXVvdGVdIiwKICAgICJ0ZXN0cy90ZXN0X2RlcHRoMjJfcmFpbF9yZXNvbHV0aW9uLnB5Ojp0ZXN0X2Zyb3plbl9pZGVudGl0eV9jYW5ub3RfYmVfcmVwbGFjZWRbb3duZXJdIiwKICAgICJ0ZXN0cy90ZXN0X2RlcHRoMjJfcmFpbF9yZXNvbHV0aW9uLnB5Ojp0ZXN0X2Zyb3plbl9pZGVudGl0eV9jYW5ub3RfYmVfcmVwbGFjZWRbaGFzaF0i
2026-09-10T08:15:36.3363912Z GO_EVIDENCE_B64 LAogICAgInRlc3RzL3Rlc3RfZGVwdGgyMl9yYWlsX3Jlc29sdXRpb24ucHk6OnRlc3RfZmFicmljYXRlZF9tb25leV9zdGF5c19wZW5kaW5nW1RJQ0tFVEVEXSIsCiAgICAidGVzdHMvdGVzdF9kZXB0aDIyX3JhaWxfcmVzb2x1dGlvbi5weTo6dGVzdF9mYWJyaWNhdGVkX21vbmV5X3N0YXlzX3BlbmRpbmdbRkFJTEVEXSIsCiAgICAidGVzdHMvdGVzdF9kZXB0aDIyX3JhaWxfcmVzb2x1dGlvbi5weTo6dGVzdF9zdGFsZV93b3JrZXJfY2Fubm90X2NvbW1pdCIsCiAgICAidGVzdHMvdGVzdF9kZXB0aDIyX3JhaWxfcmVzb2x1dGlv
2026-09-10T08:15:36.3369286Z GO_EVIDENCE_B64 bi5weTo6dGVzdF9taWdyYXRpb25fcmV0YWluc19ub25lbXB0eV9qb3VybmFsIiwKICAgICJ0ZXN0cy90ZXN0X2RlcHRoMjJfcmFpbF9yZXNvbHV0aW9uLnB5Ojp0ZXN0X3F1b3RlX2lkX3JlcXVpcmVkX3doZW5fZGVsYXllZF9yZXNwb25zZV9pc19hbWJpZ3VvdXMiLAogICAgInRlc3RzL3Rlc3RfZGVwdGgyMl9yYWlsX3Jlc29sdXRpb24ucHk6OnRlc3RfbW9uZXlfcmVjZWlwdF9mcm9tX290aGVyX29yZGVyX3JlamVjdGVkIiwKICAgICJ0ZXN0cy90ZXN0X2RlcHRoMjJfcmFpbF9yZXNvbHV0aW9uLnB5Ojp0ZXN0X3F1b3RlX2lk
2026-09-10T08:15:36.3374505Z GO_EVIDENCE_B64 X2Zyb21fb3RoZXJfb3JkZXJfY2Fubm90X2Rpc3BhdGNoX21vbmV5IiwKICAgICJ0ZXN0cy90ZXN0X2RlcHRoMjJfcmFpbF9yZXNvbHV0aW9uLnB5Ojp0ZXN0X2FkbWluX3JvdXRlX3JlcXVpcmVzX2F1dGhfYW5kX2NvbmZsaWN0c19hcmVfNDA5IiwKICAgICJ0ZXN0cy90ZXN0X2RlcHRoMjNfY2FwYWNpdHkucHk6OnRlc3RfY29uY3VycmVudF9kaXN0aW5jdF9xdW90ZXNfc2hhcmVfb25lX2NhcGFjaXR5W1JBSUwtOS0yXSIsCiAgICAidGVzdHMvdGVzdF9kZXB0aDIzX2NhcGFjaXR5LnB5Ojp0ZXN0X2NvbmN1cnJlbnRfZGlzdGlu
2026-09-10T08:15:36.3379912Z GO_EVIDENCE_B64 Y3RfcXVvdGVzX3NoYXJlX29uZV9jYXBhY2l0eVtBVFRSQUNUSU9OLTEyLTJdIiwKICAgICJ0ZXN0cy90ZXN0X2RlcHRoMjNfY2FwYWNpdHkucHk6OnRlc3RfY2FuY2VsX3VucGFpZF9yZWxlYXNlc19vbmNlX2FuZF9ibG9ja3NfbGF0ZXJfcGF5bWVudFtSQUlMXSIsCiAgICAidGVzdHMvdGVzdF9kZXB0aDIzX2NhcGFjaXR5LnB5Ojp0ZXN0X2NhbmNlbF91bnBhaWRfcmVsZWFzZXNfb25jZV9hbmRfYmxvY2tzX2xhdGVyX3BheW1lbnRbQVRUUkFDVElPTl0iLAogICAgInRlc3RzL3Rlc3RfZGVwdGgyM19jYXBhY2l0eS5weTo6dGVz
2026-09-10T08:15:36.3385221Z GO_EVIDENCE_B64 dF9wYXltZW50X3N0YXJ0ZWRfY2Fubm90X3JlbGVhc2VfY2FwYWNpdHlbUkFJTF0iLAogICAgInRlc3RzL3Rlc3RfZGVwdGgyM19jYXBhY2l0eS5weTo6dGVzdF9wYXltZW50X3N0YXJ0ZWRfY2Fubm90X3JlbGVhc2VfY2FwYWNpdHlbQVRUUkFDVElPTl0iLAogICAgInRlc3RzL3Rlc3RfZGVwdGgyM19jYXBhY2l0eS5weTo6dGVzdF9yZWZ1bmRfb25seV9yZWxlYXNlc19hZnRlcl9jb25maXJtZWRfbW9uZXlbUkFJTF0iLAogICAgInRlc3RzL3Rlc3RfZGVwdGgyM19jYXBhY2l0eS5weTo6dGVzdF9yZWZ1bmRfb25seV9yZWxlYXNl
2026-09-10T08:15:36.3390584Z GO_EVIDENCE_B64 c19hZnRlcl9jb25maXJtZWRfbW9uZXlbQVRUUkFDVElPTl0iLAogICAgInRlc3RzL3Rlc3RfZGVwdGgyM19jYXBhY2l0eS5weTo6dGVzdF9yYWlsX2NoYW5nZV9ob2xkc19ib3RoX2RhdGVzX3VudGlsX3Jlc3VsdF90aGVuX3JlbGVhc2VzX2NvcnJlY3RfcG9vbFtUSUNLRVRFRF0iLAogICAgInRlc3RzL3Rlc3RfZGVwdGgyM19jYXBhY2l0eS5weTo6dGVzdF9yYWlsX2NoYW5nZV9ob2xkc19ib3RoX2RhdGVzX3VudGlsX3Jlc3VsdF90aGVuX3JlbGVhc2VzX2NvcnJlY3RfcG9vbFtGQUlMRURdIiwKICAgICJ0ZXN0cy90ZXN0X2Rl
2026-09-10T08:15:36.3395892Z GO_EVIDENCE_B64 cHRoMjNfY2FwYWNpdHkucHk6OnRlc3RfYXR0cmFjdGlvbl9jaGFuZ2VfYW5kX3JlZGVtcHRpb25fcmV0YWluX2N1cnJlbnRfc2Vzc2lvbl9jYXBhY2l0eSIsCiAgICAidGVzdHMvdGVzdF9kZXB0aDIzX2NhcGFjaXR5LnB5Ojp0ZXN0X2F0dHJhY3Rpb25fc2FtZV9zZXNzaW9uX2NoYW5nZV9kb2VzX25vdF9kb3VibGVfcmVzZXJ2ZSIsCiAgICAidGVzdHMvdGVzdF9kZXB0aDIzX2NhcGFjaXR5LnB5Ojp0ZXN0X2RhdGVfYW5kX3Nlc3Npb25fcG9vbHNfYXJlX2lzb2xhdGVkIiwKICAgICJ0ZXN0cy90ZXN0X2RlcHRoMjNfY2FwYWNp
2026-09-10T08:15:36.3401543Z GO_EVIDENCE_B64 dHkucHk6OnRlc3Rfc2FtZV9wcmVib29rX3JlcGxheV9kb2VzX25vdF9hbGxvY2F0ZV90d2ljZSIsCiAgICAidGVzdHMvdGVzdF9kZXB0aDIzX2NhcGFjaXR5LnB5Ojp0ZXN0X3RyYWluX2NhcGFjaXR5X2lzX3NoYXJlZF9hY3Jvc3Nfb3ZlcmxhcHBpbmdfc3RhdGlvbl9xdWVyaWVzIiwKICAgICJ0ZXN0cy90ZXN0X2RlcHRoMjNfY2FwYWNpdHkucHk6OnRlc3RfbWlncmF0aW9uX2Jsb2Nrc19hbGxvY2F0ZWRfaGlzdG9yeV9sb3NzIiwKICAgICJ0ZXN0cy90ZXN0X2RlcHRoMjNfY2FwYWNpdHkucHk6OnRlc3RfbGVnYWN5X29yZGVy
2026-09-10T08:15:36.3406882Z GO_EVIDENCE_B64 c19hcmVfbm90X3NpbGVudGx5X2lnbm9yZWRbUkFJTF0iLAogICAgInRlc3RzL3Rlc3RfZGVwdGgyM19jYXBhY2l0eS5weTo6dGVzdF9sZWdhY3lfb3JkZXJzX2FyZV9ub3Rfc2lsZW50bHlfaWdub3JlZFtBVFRSQUNUSU9OXSIsCiAgICAidGVzdHMvdGVzdF9kZXB0aDIzX2NhcGFjaXR5LnB5Ojp0ZXN0X29yZGVyX2NvbW1pdF9mYWlsdXJlX3JvbGxzX2JhY2tfY2FwYWNpdHkiLAogICAgInRlc3RzL3Rlc3RfZGVwdGgyM19jYXBhY2l0eS5weTo6dGVzdF9jYXBhY2l0eV9zdXJ2aXZlc19wcm9jZXNzX2V4aXQiLAogICAgInRlc3Rz
2026-09-10T08:15:36.3412337Z GO_EVIDENCE_B64 L3Rlc3RfZGVwdGgyM19jYXBhY2l0eS5weTo6dGVzdF9zdGFydGVkX3BheW1lbnRfd2luc19yYWNlX2FnYWluc3RfdW5wYWlkX2NhbmNlbGxhdGlvbiIsCiAgICAidGVzdHMvdGVzdF9kZXB0aDIzX2NhcGFjaXR5LnB5Ojp0ZXN0X2F0dHJhY3Rpb25fY2hhbmdlX2Nhbm5vdF9yZXNlcnZlX2Z1bGxfdGFyZ2V0IiwKICAgICJ0ZXN0cy90ZXN0X2RlcHRoMjNfY2FwYWNpdHkucHk6OnRlc3RfcmFpbF9jaGFuZ2VfdGFyZ2V0X2Z1bGxfcmVqZWN0c19iZWZvcmVfc3VwcGxlbWVudGFsX2F1dGhvcml6YXRpb24iLAogICAgInRlc3RzL3Rl
2026-09-10T08:15:36.3417809Z GO_EVIDENCE_B64 c3RfZGVwdGgyNF9leHBpcnkucHk6OnRlc3RfbmV3X2RlYWRsaW5lX2lzX2Zyb3plbl9hbmRfbGVnYWN5X2hhc19ub25lW1JBSUxdIiwKICAgICJ0ZXN0cy90ZXN0X2RlcHRoMjRfZXhwaXJ5LnB5Ojp0ZXN0X25ld19kZWFkbGluZV9pc19mcm96ZW5fYW5kX2xlZ2FjeV9oYXNfbm9uZVtBVFRSQUNUSU9OXSIsCiAgICAidGVzdHMvdGVzdF9kZXB0aDI0X2V4cGlyeS5weTo6dGVzdF9leHBpcmF0aW9uX3JlbGVhc2VzX29uY2Vfd2l0aF9uYXRpdmVfZXZpZGVuY2VbUkFJTF0iLAogICAgInRlc3RzL3Rlc3RfZGVwdGgyNF9leHBpcnku
2026-09-10T08:15:36.3423115Z GO_EVIDENCE_B64 cHk6OnRlc3RfZXhwaXJhdGlvbl9yZWxlYXNlc19vbmNlX3dpdGhfbmF0aXZlX2V2aWRlbmNlW0FUVFJBQ1RJT05dIiwKICAgICJ0ZXN0cy90ZXN0X2RlcHRoMjRfZXhwaXJ5LnB5Ojp0ZXN0X2R1ZV9wYXltZW50X3JlamVjdGVkX2JlZm9yZV93b3JrZXJfcnVuc1tSQUlMXSIsCiAgICAidGVzdHMvdGVzdF9kZXB0aDI0X2V4cGlyeS5weTo6dGVzdF9kdWVfcGF5bWVudF9yZWplY3RlZF9iZWZvcmVfd29ya2VyX3J1bnNbQVRUUkFDVElPTl0iLAogICAgInRlc3RzL3Rlc3RfZGVwdGgyNF9leHBpcnkucHk6OnRlc3RfZXhhY3RfZGVh
2026-09-10T08:15:36.3428551Z GO_EVIDENCE_B64 ZGxpbmVfdXNlc19kYXRhYmFzZV90aW1lIiwKICAgICJ0ZXN0cy90ZXN0X2RlcHRoMjRfZXhwaXJ5LnB5Ojp0ZXN0X2FueV9zdGFydGVkX3BheW1lbnRfcmV0YWluc19jYXBhY2l0eVtSRVFVSVJFU19DSEFOTkVMX1NFTEVDVElPTi1SQUlMXSIsCiAgICAidGVzdHMvdGVzdF9kZXB0aDI0X2V4cGlyeS5weTo6dGVzdF9hbnlfc3RhcnRlZF9wYXltZW50X3JldGFpbnNfY2FwYWNpdHlbUkVRVUlSRVNfQ0hBTk5FTF9TRUxFQ1RJT04tQVRUUkFDVElPTl0iLAogICAgInRlc3RzL3Rlc3RfZGVwdGgyNF9leHBpcnkucHk6OnRlc3RfYW55
2026-09-10T08:15:36.3433917Z GO_EVIDENCE_B64 X3N0YXJ0ZWRfcGF5bWVudF9yZXRhaW5zX2NhcGFjaXR5W1VOS05PV05fRVhURVJOQUxfU1RBVEUtUkFJTF0iLAogICAgInRlc3RzL3Rlc3RfZGVwdGgyNF9leHBpcnkucHk6OnRlc3RfYW55X3N0YXJ0ZWRfcGF5bWVudF9yZXRhaW5zX2NhcGFjaXR5W1VOS05PV05fRVhURVJOQUxfU1RBVEUtQVRUUkFDVElPTl0iLAogICAgInRlc3RzL3Rlc3RfZGVwdGgyNF9leHBpcnkucHk6OnRlc3RfYW55X3N0YXJ0ZWRfcGF5bWVudF9yZXRhaW5zX2NhcGFjaXR5W0ZBSUxFRC1SQUlMXSIsCiAgICAidGVzdHMvdGVzdF9kZXB0aDI0X2V4cGly
2026-09-10T08:15:36.3439351Z GO_EVIDENCE_B64 eS5weTo6dGVzdF9hbnlfc3RhcnRlZF9wYXltZW50X3JldGFpbnNfY2FwYWNpdHlbRkFJTEVELUFUVFJBQ1RJT05dIiwKICAgICJ0ZXN0cy90ZXN0X2RlcHRoMjRfZXhwaXJ5LnB5Ojp0ZXN0X21hbnVhbF9jYW5jZWxfZmluYWxpemVzX2RlYWRsaW5lW1JBSUxdIiwKICAgICJ0ZXN0cy90ZXN0X2RlcHRoMjRfZXhwaXJ5LnB5Ojp0ZXN0X21hbnVhbF9jYW5jZWxfZmluYWxpemVzX2RlYWRsaW5lW0FUVFJBQ1RJT05dIiwKICAgICJ0ZXN0cy90ZXN0X2RlcHRoMjRfZXhwaXJ5LnB5Ojp0ZXN0X3R3b19leHBpcnlfd29ya2Vyc19yZWxl
2026-09-10T08:15:36.3444695Z GO_EVIDENCE_B64 YXNlX29uY2VbUkFJTF0iLAogICAgInRlc3RzL3Rlc3RfZGVwdGgyNF9leHBpcnkucHk6OnRlc3RfdHdvX2V4cGlyeV93b3JrZXJzX3JlbGVhc2Vfb25jZVtBVFRSQUNUSU9OXSIsCiAgICAidGVzdHMvdGVzdF9kZXB0aDI0X2V4cGlyeS5weTo6dGVzdF9wYXltZW50X3Jvb3Rfd2luc19iZWZvcmVfc3dlZXBfYW5kX2NhcHR1cmVfcmVzdW1lcyIsCiAgICAidGVzdHMvdGVzdF9kZXB0aDI0X2V4cGlyeS5weTo6dGVzdF9leHBpcnlfd2luc19vcmRlcl9sb2NrX2FnYWluc3RfcGF5bWVudCIsCiAgICAidGVzdHMvdGVzdF9kZXB0aDI0
2026-09-10T08:15:36.3450348Z GO_EVIDENCE_B64 X2V4cGlyeS5weTo6dGVzdF9leHBpcnlfcmVjb3ZlcnNfZnJvbV9hY3R1YWxfcHJvY2Vzc19leGl0W0ZhbHNlXSIsCiAgICAidGVzdHMvdGVzdF9kZXB0aDI0X2V4cGlyeS5weTo6dGVzdF9leHBpcnlfcmVjb3ZlcnNfZnJvbV9hY3R1YWxfcHJvY2Vzc19leGl0W1RydWVdIiwKICAgICJ0ZXN0cy90ZXN0X2RlcHRoMjRfZXhwaXJ5LnB5Ojp0ZXN0X2Jyb2tlbl9kZWFkbGluZV9pc19xdWFyYW50aW5lZF93aXRob3V0X3N0YXJ2aW5nX2dvb2Rfb3JkZXIiLAogICAgInRlc3RzL3Rlc3RfZGVwdGgyNF9leHBpcnkucHk6OnRlc3RfbWlz
2026-09-10T08:15:36.3455820Z GO_EVIDENCE_B64 c2luZ19jbGFpbV9pc19ub3RfcmVwb3J0ZWRfYXNfc3VjY2Vzc2Z1bF9yZWxlYXNlIiwKICAgICJ0ZXN0cy90ZXN0X2RlcHRoMjRfZXhwaXJ5LnB5Ojp0ZXN0X3JhaWxfY2hlY2tvdXRfZG9lc19ub3RfZmFicmljYXRlX2F1dGhvcml6ZWRfc3RhdGVfb25fcHJlX3Jvb3RfZmFpbHVyZSIsCiAgICAidGVzdHMvdGVzdF9kZXB0aDI0X2V4cGlyeS5weTo6dGVzdF9vbmVfc2hvdF93b3JrZXJfcnVuc19hZ2FpbnN0X2R1cmFibGVfZGF0YWJhc2UiLAogICAgInRlc3RzL3Rlc3RfZGVwdGgyNF9leHBpcnkucHk6OnRlc3Rfd29ya2VyX3Jl
2026-09-10T08:15:36.3461183Z GO_EVIDENCE_B64 Y2hlY2tzX2V4aXN0aW5nX2ludGVudF9ldmVuX2lmX2RlYWRsaW5lX2lzX29wZW4iLAogICAgInRlc3RzL3Rlc3RfZGVwdGgyNF9leHBpcnkucHk6OnRlc3RfZmFpbGVkX2V4cGlyeV9yb2xsc19iYWNrX2FuZF9kb2VzX25vdF9ibG9ja19uZXh0X2NhbmRpZGF0ZSIsCiAgICAidGVzdHMvdGVzdF9kZXB0aDI0X2V4cGlyeS5weTo6dGVzdF93b3JrZXJfYmF0Y2hfaXNfYm91bmRlZF9hbmRfcmVzdGFydHNfZnJvbV91bmZpbmlzaGVkX29yZGVycyIsCiAgICAidGVzdHMvdGVzdF9kZXB0aDI0X2V4cGlyeS5weTo6dGVzdF9hcHBsaWNh
2026-09-10T08:15:36.3466519Z GO_EVIDENCE_B64 dGlvbl9saWZlc3Bhbl9zdGFydHNfZXhwaXJ5X3dvcmtlciIsCiAgICAidGVzdHMvdGVzdF9kZXB0aDI0X2V4cGlyeS5weTo6dGVzdF9taWdyYXRpb25fcHJlc2VydmVzX2FsbF9kZWFkbGluZV9oaXN0b3J5IiwKICAgICJ0ZXN0cy90ZXN0X2RlcHRoMjVfbWlncmF0aW9uX2hpc3RvcnkucHk6OnRlc3RfZnJlc2hfZGF0YWJhc2VfY2FuX2FwcGx5X2VudGlyZV9jaGFpbl93aXRob3V0X3N0YW1wIiwKICAgICJ0ZXN0cy90ZXN0X2RlcHRoMjVfbWlncmF0aW9uX2hpc3RvcnkucHk6OnRlc3RfMDA3Nl9jb250YWluc19vbmx5X2l0c19o
2026-09-10T08:15:36.3471964Z GO_EVIDENCE_B64 aXN0b3JpY2FsX2NvbHVtbnNfYW5kX2NvbnN0cmFpbnRzIiwKICAgICJ0ZXN0cy90ZXN0X2RlcHRoMjVfbWlncmF0aW9uX2hpc3RvcnkucHk6OnRlc3RfbWlncmF0aW9uX2RvZXNfbm90X2RlcGVuZF9vbl9jdXJyZW50X2J1c2luZXNzX21ldGFkYXRhIiwKICAgICJ0ZXN0cy90ZXN0X2RlcHRoMjVfbWlncmF0aW9uX2hpc3RvcnkucHk6OnRlc3RfcmFpbF9yZXNwb25zZV90aW1lc3RhbXBzX3N1cnZpdmVfZGF0YWJhc2VfdGltZXpvbmVfcm91bmR0cmlwIiwKICAgICJ0ZXN0cy90ZXN0X2RlcHRoMjVfbWlncmF0aW9uX2hpc3Rvcnku
2026-09-10T08:15:36.3477233Z GO_EVIDENCE_B64 cHk6OnRlc3RfcmFpbF93aWR0aF91cGdyYWRlX3ByZXNlcnZlc19oaXN0b3J5X2FuZF9yZWZ1c2VzX2xvc3N5X2Rvd25ncmFkZSIsCiAgICAidGVzdHMvdGVzdF9kZXB0aDI2X2F0dHJhY3Rpb25fdGVybXMucHk6OnRlc3RfY29udHJhY3RfYmluZGluZ19yZWplY3RzX3JlZnVuZF9iZWZvcmVfYW55X21vbmV5W293bmVyX2lkLWFub3RoZXItb3duZXJdIiwKICAgICJ0ZXN0cy90ZXN0X2RlcHRoMjZfYXR0cmFjdGlvbl90ZXJtcy5weTo6dGVzdF9jb250cmFjdF9iaW5kaW5nX3JlamVjdHNfcmVmdW5kX2JlZm9yZV9hbnlfbW9uZXlb
2026-09-10T08:15:36.3482595Z GO_EVIDENCE_B64 c3RhdGUtUVVPVEVEXSIsCiAgICAidGVzdHMvdGVzdF9kZXB0aDI2X2F0dHJhY3Rpb25fdGVybXMucHk6OnRlc3RfY29udHJhY3RfYmluZGluZ19yZWplY3RzX3JlZnVuZF9iZWZvcmVfYW55X21vbmV5W2NvbnN1bWVkX2hhc2gtTm9uZV0iLAogICAgInRlc3RzL3Rlc3RfZGVwdGgyNl9hdHRyYWN0aW9uX3Rlcm1zLnB5Ojp0ZXN0X2NvbnRyYWN0X2JpbmRpbmdfcmVqZWN0c19yZWZ1bmRfYmVmb3JlX2FueV9tb25leVtjb25zdW1lZF9tcy1Ob25lXSIsCiAgICAidGVzdHMvdGVzdF9kZXB0aDI2X2F0dHJhY3Rpb25fdGVybXMucHk6
2026-09-10T08:15:36.3487984Z GO_EVIDENCE_B64 OnRlc3Rfb3JkZXJfdGVybXNfbWlzbWF0Y2hfYmxvY2tzX2NoYW5nZV9hbmRfcmVmdW5kW3F1YW50aXR5LTNdIiwKICAgICJ0ZXN0cy90ZXN0X2RlcHRoMjZfYXR0cmFjdGlvbl90ZXJtcy5weTo6dGVzdF9vcmRlcl90ZXJtc19taXNtYXRjaF9ibG9ja3NfY2hhbmdlX2FuZF9yZWZ1bmRbYXR0ZW5kZWVzLXZhbHVlMV0iLAogICAgInRlc3RzL3Rlc3RfZGVwdGgyNl9hdHRyYWN0aW9uX3Rlcm1zLnB5Ojp0ZXN0X29yZGVyX3Rlcm1zX21pc21hdGNoX2Jsb2Nrc19jaGFuZ2VfYW5kX3JlZnVuZFtwcm9kdWN0X2lkLXRva3lvX2NvbmNl
2026-09-10T08:15:36.3493330Z GO_EVIDENCE_B64 cnRdIiwKICAgICJ0ZXN0cy90ZXN0X2RlcHRoMjZfYXR0cmFjdGlvbl90ZXJtcy5weTo6dGVzdF9vcmRlcl90ZXJtc19taXNtYXRjaF9ibG9ja3NfY2hhbmdlX2FuZF9yZWZ1bmRbY3VycmVuY3ktVVNEXSIsCiAgICAidGVzdHMvdGVzdF9kZXB0aDI2X2NvbnRyb2xfYnJpZGdlLnB5Ojp0ZXN0X2F1dGhlbnRpY2F0ZWRfY29tbWFuZF9ldmlkZW5jZV9yb3VuZHRyaXAiLAogICAgInRlc3RzL3Rlc3RfZGVwdGgyNl9jb250cm9sX2JyaWRnZS5weTo6dGVzdF9sb3N0X3JlY2VpcHRfYW5kX25vZGVfcmVzdGFydF9kb19ub3RfcmVwZWF0
2026-09-10T08:15:36.3498713Z GO_EVIDENCE_B64 X3Byb2JlIiwKICAgICJ0ZXN0cy90ZXN0X2RlcHRoMjZfY29udHJvbF9icmlkZ2UucHk6OnRlc3Rfb2xkX2xlYXNlX2FuZF9jb25mbGljdGluZ19yZXN1bHRfYXJlX3JlamVjdGVkIiwKICAgICJ0ZXN0cy90ZXN0X2RlcHRoMjZfY29udHJvbF9icmlkZ2UucHk6OnRlc3RfZXhwaXJlZF90YXNrX2FuZF9ib3VuZGVkX2RlbGl2ZXJ5X2F0dGVtcHRzIiwKICAgICJ0ZXN0cy90ZXN0X2RlcHRoMjZfY29udHJvbF9icmlkZ2UucHk6OnRlc3RfcGFyYWxsZWxfbGVhc2VfaGFzX3NpbmdsZV9vd25lciIsCiAgICAidGVzdHMvdGVzdF9kZXB0
2026-09-10T08:15:36.3504344Z GO_EVIDENCE_B64 aDI2X2NvbnRyb2xfYnJpZGdlLnB5Ojp0ZXN0X29wZXJhdG9yX29ic2VydmVzX2V4cGlyeV93aXRob3V0X25vZGVfcG9sbCIsCiAgICAidGVzdHMvdGVzdF9kZXB0aDI2X2NvbnRyb2xfYnJpZGdlLnB5Ojp0ZXN0X3dyaXRlX2FjdGlvbnNfYXJlX3VuYXZhaWxhYmxlW3NoZWxsXSIsCiAgICAidGVzdHMvdGVzdF9kZXB0aDI2X2NvbnRyb2xfYnJpZGdlLnB5Ojp0ZXN0X3dyaXRlX2FjdGlvbnNfYXJlX3VuYXZhaWxhYmxlW3NlcnZpY2VfcmVzdGFydF0iLAogICAgInRlc3RzL3Rlc3RfZGVwdGgyNl9jb250cm9sX2JyaWRnZS5weTo6
2026-09-10T08:15:36.3509682Z GO_EVIDENCE_B64 dGVzdF93cml0ZV9hY3Rpb25zX2FyZV91bmF2YWlsYWJsZVtydW50aW1lX2N1dG92ZXJdIiwKICAgICJ0ZXN0cy90ZXN0X2RlcHRoMjZfY29udHJvbF9icmlkZ2UucHk6OnRlc3Rfd3JpdGVfYWN0aW9uc19hcmVfdW5hdmFpbGFibGVbZGJfd3JpdGVdIiwKICAgICJ0ZXN0cy90ZXN0X2RlcHRoMjZfY29udHJvbF9icmlkZ2UucHk6OnRlc3Rfd3JpdGVfYWN0aW9uc19hcmVfdW5hdmFpbGFibGVbZGVwbG95XSIsCiAgICAidGVzdHMvdGVzdF9kZXB0aDI2X2NvbnRyb2xfYnJpZGdlLnB5Ojp0ZXN0X3dyaXRlX2FjdGlvbnNfYXJlX3Vu
2026-09-10T08:15:36.3514950Z GO_EVIDENCE_B64 YXZhaWxhYmxlW3NldF9hdXRob3JpdHldIiwKICAgICJ0ZXN0cy90ZXN0X2RlcHRoMjZfY29udHJvbF9icmlkZ2UucHk6OnRlc3RfdHJhbnNwb3J0X3JlamVjdHNfdW5hcHByb3ZlZF91cmxfc2hhcGVzW2h0dHA6Ly9nb2FpZGlyZWN0LmNuXSIsCiAgICAidGVzdHMvdGVzdF9kZXB0aDI2X2NvbnRyb2xfYnJpZGdlLnB5Ojp0ZXN0X3RyYW5zcG9ydF9yZWplY3RzX3VuYXBwcm92ZWRfdXJsX3NoYXBlc1todHRwczovLzEyNy4wLjAuMV0iLAogICAgInRlc3RzL3Rlc3RfZGVwdGgyNl9jb250cm9sX2JyaWRnZS5weTo6dGVzdF90cmFu
2026-09-10T08:15:36.3520294Z GO_EVIDENCE_B64 c3BvcnRfcmVqZWN0c191bmFwcHJvdmVkX3VybF9zaGFwZXNbaHR0cHM6Ly9sb2NhbGhvc3RdIiwKICAgICJ0ZXN0cy90ZXN0X2RlcHRoMjZfY29udHJvbF9icmlkZ2UucHk6OnRlc3RfdHJhbnNwb3J0X3JlamVjdHNfdW5hcHByb3ZlZF91cmxfc2hhcGVzW2h0dHBzOi8vWzo6MV1dIiwKICAgICJ0ZXN0cy90ZXN0X2RlcHRoMjZfY29udHJvbF9icmlkZ2UucHk6OnRlc3RfdHJhbnNwb3J0X3JlamVjdHNfdW5hcHByb3ZlZF91cmxfc2hhcGVzW2h0dHBzOi8vMTAuMC4wLjFdIiwKICAgICJ0ZXN0cy90ZXN0X2RlcHRoMjZfY29udHJv
2026-09-10T08:15:36.3525550Z GO_EVIDENCE_B64 bF9icmlkZ2UucHk6OnRlc3RfdHJhbnNwb3J0X3JlamVjdHNfdW5hcHByb3ZlZF91cmxfc2hhcGVzW2h0dHBzOi8vdXNlcjpwYXNzQGV4YW1wbGUuY29tXSIsCiAgICAidGVzdHMvdGVzdF9kZXB0aDI2X2NvbnRyb2xfYnJpZGdlLnB5Ojp0ZXN0X3RyYW5zcG9ydF9yZWplY3RzX3VuYXBwcm92ZWRfdXJsX3NoYXBlc1todHRwczovL2V4YW1wbGUuY29tP3Rva2VuPXNlY3JldF0iLAogICAgInRlc3RzL3Rlc3RfZGVwdGgyNl9jb250cm9sX2JyaWRnZS5weTo6dGVzdF93cm9uZ19zaWduYXR1cmVfZG9lc19ub3RfZXhlY3V0ZSIsCiAg
2026-09-10T08:15:36.3530904Z GO_EVIDENCE_B64 ICAidGVzdHMvdGVzdF9kZXB0aDI2X2NvbnRyb2xfYnJpZGdlLnB5Ojp0ZXN0X3Byb2JlX2ZhaWx1cmVfY2Fubm90X2JlX2FfcGFzc2luZ19nYXRlIiwKICAgICJ0ZXN0cy90ZXN0X2RlcHRoMjZfY29udHJvbF9icmlkZ2UucHk6OnRlc3RfdGFza19pZF9pc19ib3VuZF90b19pbnRlbnQiLAogICAgInRlc3RzL3Rlc3RfZGVwdGgyNl9jb250cm9sX2JyaWRnZS5weTo6dGVzdF9maWxlX3Byb2JlX2Nhbm5vdF9lc2NhcGVfYXBwcm92ZWRfcm9vdCIsCiAgICAidGVzdHMvdGVzdF9kZXB0aDI2X2NvbnRyb2xfYnJpZGdlLnB5Ojp0ZXN0
2026-09-10T08:15:36.3536047Z GO_EVIDENCE_B64 X25vZGVfY2Fubm90X2NsYWltX3N1Y2Nlc3Nfd2l0aG91dF9ydW5uaW5nIiwKICAgICJ0ZXN0cy90ZXN0X2RlcHRoMjdfc2Vzc2lvbl9pc29sYXRpb24ucHk6OnRlc3RfY29uc3VtZXJfYW5kX2NvbnNvbGVfY2FuX2NvZXhpc3RfYW5kX2xvZ291dF9pbmRlcGVuZGVudGx5W3N1cHBsaWVyX293bmVyLWNoYW5nZS1tZS1zdXBwbGllcl0iLAogICAgInRlc3RzL3Rlc3RfZGVwdGgyN19zZXNzaW9uX2lzb2xhdGlvbi5weTo6dGVzdF9jb25zdW1lcl9hbmRfY29uc29sZV9jYW5fY29leGlzdF9hbmRfbG9nb3V0X2luZGVwZW5kZW50bHlb
2026-09-10T08:15:36.3541264Z GO_EVIDENCE_B64 Z29fYWRtaW4tY2hhbmdlLW1lLWFkbWluXSIsCiAgICAidGVzdHMvdGVzdF9kZXB0aDI3X3Nlc3Npb25faXNvbGF0aW9uLnB5Ojp0ZXN0X2NvbnNvbGVfbG9nb3V0X2RvZXNfbm90X2ZhbGxfYmFja190b19jb25zdW1lcl9zZXNzaW9uIiwKICAgICJ0ZXN0cy90ZXN0X2RlcHRoMjdfc2Vzc2lvbl9pc29sYXRpb24ucHk6OnRlc3RfY29uc3VtZXJfcmVmcmVzaF91c2VzX293bl9jc3JmX3dpdGhfY29uc29sZV9jb29raWVfcHJlc2VudCIsCiAgICAidGVzdHMvdGVzdF9kZXB0aDI3X3Nlc3Npb25faXNvbGF0aW9uLnB5Ojp0ZXN0X290
2026-09-10T08:15:36.3546403Z GO_EVIDENCE_B64 aGVyX3Njb3BlX2NzcmZfY2Fubm90X2xvZ291dF9jb25zdW1lciIsCiAgICAidGVzdHMvdGVzdF9kZXB0aDI3X3Nlc3Npb25faXNvbGF0aW9uLnB5Ojp0ZXN0X3NoYXJlZF9lbmRwb2ludF91c2VzX2V4cGxpY2l0X3Njb3BlX2FuZF9yZWplY3RzX2FtYmlndWl0eSIsCiAgICAidGVzdHMvdGVzdF9kZXB0aDI3X3Nlc3Npb25faXNvbGF0aW9uLnB5Ojp0ZXN0X2hlYWRlcl9jYW5ub3RfY2hhbmdlX2ZpeGVkX3JvdXRlX3Njb3BlX29yX2dyYW50X3Blcm1pc3Npb25zIiwKICAgICJ0ZXN0cy90ZXN0X2RlcHRoMjdfc2Vzc2lvbl9pc29s
2026-09-10T08:15:36.3551984Z GO_EVIDENCE_B64 YXRpb24ucHk6OnRlc3RfZXhwaXJlZF9jb25zb2xlX2FjY2Vzc19kb2VzX25vdF9zaGFkb3dfY29uc3VtZXIiLAogICAgInRlc3RzL3Rlc3RfZGVwdGgyN19zZXNzaW9uX2lzb2xhdGlvbi5weTo6dGVzdF9iZWFyZXJfaWRlbnRpdHlfc3RheXNfYXV0aG9yaXRhdGl2ZSIsCiAgICAidGVzdHMvdGVzdF9kZXB0aDI3X3Nlc3Npb25faXNvbGF0aW9uLnB5Ojp0ZXN0X3dyb25nX2NvbnNvbGVfbG9naW5fZG9lc19ub3RfcmVwbGFjZV9leGlzdGluZ19zZXNzaW9uIiwKICAgICJ0ZXN0cy90ZXN0X2RlcHRoMjdfc2Vzc2lvbl9pc29sYXRp
2026-09-10T08:15:36.3557237Z GO_EVIDENCE_B64 b24ucHk6OnRlc3Rfb3RoZXJfY29uc29sZV90YWJfaWRlbnRpdHlfY2hhbmdlX2lzX2RldGVjdGVkX2JlZm9yZV9hY3Rpb24iLAogICAgInRlc3RzL3Rlc3RfZGVwdGgyOV90cmlwX3JlZW50cnkucHk6OnRlc3Rfc2l4X2NyZWF0ZWRfb3JkZXJzX3JlbWFpbl9yZWFjaGFibGVfYmVmb3JlX2FuZF9hZnRlcl9jaGVja291dCIsCiAgICAidGVzdHMvdGVzdF9kZXB0aDI5X3RyaXBfcmVlbnRyeS5weTo6dGVzdF9ob3N0ZWRfcmVzZXJ2YXRpb25fdXNlc19vd25lcl9iaW5kaW5nX2FuZF9kaXJlY3RfbmF2aWdhdGlvbiIsCiAgICAidGVz
2026-09-10T08:15:36.3562601Z GO_EVIDENCE_B64 dHMvdGVzdF9kZXB0aDI5X3RyaXBfcmVlbnRyeS5weTo6dGVzdF90cmlwX3JlYWRzX2RvX25vdF93cml0ZV9vcl90dXJuX2luamVjdGVkX3VybHNfaW50b19uYXZpZ2F0aW9uIiwKICAgICJ0ZXN0cy90ZXN0X2RlcHRoMjlfdHJpcF9yZWVudHJ5LnB5Ojp0ZXN0X3N0YWxlX2xpZmVjeWNsZV9kb2VzX25vdF9tYXNrX25ld19uYXRpdmVfc3RhdGVfb3JfaW5mZXJfcGF5bWVudCIsCiAgICAidGVzdHMvdGVzdF9kZXB0aDI5X3RyaXBfcmVlbnRyeS5weTo6dGVzdF90cmlwX3JlYWRfY2Fubm90X2J5cGFzc19leGlzdGluZ19wcm9kdWN0
2026-09-10T08:15:36.3567986Z GO_EVIDENCE_B64 aW9uX3RydXRoX2dhdGUiLAogICAgInRlc3RzL3Rlc3RfZGVwdGgzMF9uYXRpdmVfYXBpX2NvbnRyYWN0LnB5Ojp0ZXN0X25hdGl2ZV9zaXhfdmVydGljYWxfY3JlYXRpb25fcGF5bWVudF9hbmRfcmVmdW5kX2NvbnRyYWN0cyIsCiAgICAidGVzdHMvdGVzdF9kZXB0aDMxX3JlZnVuZF9jb25zZW50LnB5Ojp0ZXN0X2NvbmZpcm1lZF9yZWZ1bmRfYmluZHNfb3duZXJfb3JkZXJfdGVybXNfYW5kX3JlcGxheVtSQUlMXSIsCiAgICAidGVzdHMvdGVzdF9kZXB0aDMxX3JlZnVuZF9jb25zZW50LnB5Ojp0ZXN0X2NvbmZpcm1lZF9yZWZ1
2026-09-10T08:15:36.3573348Z GO_EVIDENCE_B64 bmRfYmluZHNfb3duZXJfb3JkZXJfdGVybXNfYW5kX3JlcGxheVtBVFRSQUNUSU9OXSIsCiAgICAidGVzdHMvdGVzdF9kZXB0aDMxX3JlZnVuZF9jb25zZW50LnB5Ojp0ZXN0X3F1b3RlX2lzX3JlY2hlY2tlZF9pbnNpZGVfb3JkZXJfbG9ja19iZWZvcmVfbW9uZXlbUkFJTF0iLAogICAgInRlc3RzL3Rlc3RfZGVwdGgzMV9yZWZ1bmRfY29uc2VudC5weTo6dGVzdF9xdW90ZV9pc19yZWNoZWNrZWRfaW5zaWRlX29yZGVyX2xvY2tfYmVmb3JlX21vbmV5W0FUVFJBQ1RJT05dIiwKICAgICJ0ZXN0cy90ZXN0X2RlcHRoMzFfcmVmdW5k
2026-09-10T08:15:36.3578721Z GO_EVIDENCE_B64 X2NvbnNlbnQucHk6OnRlc3RfY29uZmlybWVkX2VuZHBvaW50X2JvZHlfaXNfc3RyaWN0W2JvZHkwXSIsCiAgICAidGVzdHMvdGVzdF9kZXB0aDMxX3JlZnVuZF9jb25zZW50LnB5Ojp0ZXN0X2NvbmZpcm1lZF9lbmRwb2ludF9ib2R5X2lzX3N0cmljdFtib2R5MV0iLAogICAgInRlc3RzL3Rlc3RfZGVwdGgzMV9yZWZ1bmRfY29uc2VudC5weTo6dGVzdF9jb25maXJtZWRfZW5kcG9pbnRfYm9keV9pc19zdHJpY3RbYm9keTJdIiwKICAgICJ0ZXN0cy90ZXN0X2RlcHRoMzFfcmVmdW5kX2NvbnNlbnQucHk6OnRlc3RfY29uZmlybWVk
2026-09-10T08:15:36.3583965Z GO_EVIDENCE_B64 X2VuZHBvaW50X2JvZHlfaXNfc3RyaWN0W2JvZHkzXSIsCiAgICAidGVzdHMvdGVzdF9kZXB0aDMxX3JlZnVuZF9jb25zZW50LnB5Ojp0ZXN0X2NvbmZpcm1lZF9lbmRwb2ludF9ib2R5X2lzX3N0cmljdFtib2R5NF0iLAogICAgInRlc3RzL3Rlc3RfZGVwdGgzMl9mbGlnaHRfcmVmdW5kX2NvbnNlbnQucHk6OnRlc3RfZmxpZ2h0X3JlZnVuZF9jb25zZW50X2FuZF9yZXBsYXlfaGF2ZV9vbmVfbW9uZXlfaWRlbnRpdHkiLAogICAgInRlc3RzL3Rlc3RfZGVwdGgzMl9mbGlnaHRfcmVmdW5kX2NvbnNlbnQucHk6OnRlc3RfY2hhbmdl
2026-09-10T08:15:36.3589325Z GO_EVIDENCE_B64 ZF9vcmRlcl9pbnZhbGlkYXRlc19vbGRfZmxpZ2h0X3JlZnVuZF9xdW90ZVthbW91bnRdIiwKICAgICJ0ZXN0cy90ZXN0X2RlcHRoMzJfZmxpZ2h0X3JlZnVuZF9jb25zZW50LnB5Ojp0ZXN0X2NoYW5nZWRfb3JkZXJfaW52YWxpZGF0ZXNfb2xkX2ZsaWdodF9yZWZ1bmRfcXVvdGVbcmV2aXNpb25dIiwKICAgICJ0ZXN0cy90ZXN0X2RlcHRoMzJfZmxpZ2h0X3JlZnVuZF9jb25zZW50LnB5Ojp0ZXN0X2ZsaWdodF90aW1lb3V0X2tlZXBzX2Zyb3plbl9jb25zZW50X2FuZF9yZXN1bWVzX29yaWdpbmFsX21vbmV5X2tleSIsCiAgICAi
2026-09-10T08:15:36.3594587Z GO_EVIDENCE_B64 dGVzdHMvdGVzdF9kZXB0aDMyX2ZsaWdodF9yZWZ1bmRfY29uc2VudC5weTo6dGVzdF9tdXRhdGVkX2NvbnNlbnRfcmVjb3JkX2Jsb2Nrc19yZWNvdmVyeSIsCiAgICAidGVzdHMvdGVzdF9kZXB0aDMyX2ZsaWdodF9yZWZ1bmRfY29uc2VudC5weTo6dGVzdF9oaXN0b3JpY2FsX3BlbmRpbmdfcmVmdW5kX2RvZXNfbm90X2ludmVudF9jb25zZW50IiwKICAgICJ0ZXN0cy90ZXN0X2RlcHRoMzNfbW9iaWxpdHlfcmVmdW5kX2NvbnNlbnQucHk6OnRlc3RfbW9iaWxpdHlfZXhhY3RfY29uc2VudF9yZXBsYXlfYW5kX293bmVyX2JpbmRp
2026-09-10T08:15:36.3600300Z GO_EVIDENCE_B64 bmdbUklERV0iLAogICAgInRlc3RzL3Rlc3RfZGVwdGgzM19tb2JpbGl0eV9yZWZ1bmRfY29uc2VudC5weTo6dGVzdF9tb2JpbGl0eV9leGFjdF9jb25zZW50X3JlcGxheV9hbmRfb3duZXJfYmluZGluZ1tSRU5UQUxdIiwKICAgICJ0ZXN0cy90ZXN0X2RlcHRoMzNfbW9iaWxpdHlfcmVmdW5kX2NvbnNlbnQucHk6OnRlc3RfbW9iaWxpdHlfb3JkZXJfY2hhbmdlX3JlcXVpcmVzX25ld19yZWZ1bmRfY29uc2VudFtSSURFXSIsCiAgICAidGVzdHMvdGVzdF9kZXB0aDMzX21vYmlsaXR5X3JlZnVuZF9jb25zZW50LnB5Ojp0ZXN0X21v
2026-09-10T08:15:36.3605591Z GO_EVIDENCE_B64 YmlsaXR5X29yZGVyX2NoYW5nZV9yZXF1aXJlc19uZXdfcmVmdW5kX2NvbnNlbnRbUkVOVEFMXSIsCiAgICAidGVzdHMvdGVzdF9kZXB0aDMzX21vYmlsaXR5X3JlZnVuZF9jb25zZW50LnB5Ojp0ZXN0X21vYmlsaXR5X2NyYXNoX2FmdGVyX21vbmV5X2tlZXBzX3BlbmRpbmdfYW5kX3JlY292ZXJzX29uY2VbUklERV0iLAogICAgInRlc3RzL3Rlc3RfZGVwdGgzM19tb2JpbGl0eV9yZWZ1bmRfY29uc2VudC5weTo6dGVzdF9tb2JpbGl0eV9jcmFzaF9hZnRlcl9tb25leV9rZWVwc19wZW5kaW5nX2FuZF9yZWNvdmVyc19vbmNlW1JF
2026-09-10T08:15:36.3611015Z GO_EVIDENCE_B64 TlRBTF0iLAogICAgInRlc3RzL3Rlc3RfZGVwdGgzM19tb2JpbGl0eV9yZWZ1bmRfY29uc2VudC5weTo6dGVzdF9yaWRlX3BlbmRpbmdfcmVmdW5kX2Jsb2Nrc19mdWxmaWxsbWVudF9hbmRfbW9kaWZpY2F0aW9uIiwKICAgICJ0ZXN0cy90ZXN0X2RlcHRoMzNfbW9iaWxpdHlfcmVmdW5kX2NvbnNlbnQucHk6OnRlc3RfcmlkZV9mYWJyaWNhdGVkX21vbmV5X3JlY2VpcHRfZG9lc19ub3RfY29tcGxldGVfb3JkZXIiLAogICAgInRlc3RzL3Rlc3RfZGVwdGgzM19tb2JpbGl0eV9yZWZ1bmRfY29uc2VudC5weTo6dGVzdF9yZW50YWxf
2026-09-10T08:15:36.3616285Z GO_EVIDENCE_B64 Y2hhbmdlZF9zZXR0bGVtZW50X3BsYW5fY2Fubm90X3Jlc3VtZSIsCiAgICAidGVzdHMvdGVzdF9kZXB0aDM0X2hvdGVsX3F1b3RlX3JlYWQucHk6OnRlc3RfZXhhY3RfcXVvdGVfcmVhZF9pc19pbW11dGFibGVfYW5kX2RvZXNfbm90X2NyZWF0ZV9uZXdfcXVvdGVfb3JfZXhlY3V0ZSIsCiAgICAidGVzdHMvdGVzdF9kZXB0aDM0X2hvdGVsX3F1b3RlX3JlYWQucHk6OnRlc3RfbmV3X3F1b3RlX2RvZXNfbm90X3JlcGxhY2Vfb3JpZ2luYWxfYWNjZXB0ZWRfaWRlbnRpdHkiLAogICAgInRlc3RzL3Rlc3RfZGVwdGgzNF9ob3RlbF9x
2026-09-10T08:15:36.3621625Z GO_EVIDENCE_B64 dW90ZV9yZWFkLnB5Ojp0ZXN0X2NvcnJ1cHRlZF9zdG9yZWRfcXVvdGVfY2Fubm90X2JlX3JlYWRfYXNfY3VzdG9tZXJfdGVybXMiLAogICAgInRlc3RzL3Rlc3RfZGVwdGgzNF9ob3RlbF9xdW90ZV9yZWFkLnB5Ojp0ZXN0X2N1cnJlbnRfb3JkZXJfcmV2aXNpb25fc3RpbGxfcmVjaGVja2VkX2F0X2V4ZWN1dGlvbl93aXRoX3NhbWVfYW1vdW50IiwKICAgICJ0ZXN0cy90ZXN0X2RlcHRoMzVfcmVmcmVzaF9zY29wZS5weTo6dGVzdF93cm9uZ19jb25zdW1lcl9lbmRfZG9lc19ub3RfY29uc3VtZV9jb25zb2xlX3JlZnJlc2hfb3Jf
2026-09-10T08:15:36.3626903Z GO_EVIDENCE_B64 Y3NyZlsvdjEvbW9iaWxlL2F1dGgvcmVmcmVzaC1TVVBQTElFUl9VU0VSXSIsCiAgICAidGVzdHMvdGVzdF9kZXB0aDM1X3JlZnJlc2hfc2NvcGUucHk6OnRlc3Rfd3JvbmdfY29uc3VtZXJfZW5kX2RvZXNfbm90X2NvbnN1bWVfY29uc29sZV9yZWZyZXNoX29yX2NzcmZbL3YxL21vYmlsZS9hdXRoL3JlZnJlc2gtR09fQURNSU5dIiwKICAgICJ0ZXN0cy90ZXN0X2RlcHRoMzVfcmVmcmVzaF9zY29wZS5weTo6dGVzdF93cm9uZ19jb25zdW1lcl9lbmRfZG9lc19ub3RfY29uc3VtZV9jb25zb2xlX3JlZnJlc2hfb3JfY3NyZlsvdjEv
2026-09-10T08:15:36.3632210Z GO_EVIDENCE_B64 Y29uc3VtZXIvYXV0aC9yZWZyZXNoLVNVUFBMSUVSX1VTRVJdIiwKICAgICJ0ZXN0cy90ZXN0X2RlcHRoMzVfcmVmcmVzaF9zY29wZS5weTo6dGVzdF93cm9uZ19jb25zdW1lcl9lbmRfZG9lc19ub3RfY29uc3VtZV9jb25zb2xlX3JlZnJlc2hfb3JfY3NyZlsvdjEvY29uc3VtZXIvYXV0aC9yZWZyZXNoLUdPX0FETUlOXSIsCiAgICAidGVzdHMvdGVzdF9kZXB0aDM1X3JlZnJlc2hfc2NvcGUucHk6OnRlc3RfY29uc29sZV9lbmRfZG9lc19ub3RfY29uc3VtZV9jb25zdW1lcl9yZWZyZXNoIiwKICAgICJ0ZXN0cy90ZXN0X2RlcHRo
2026-09-10T08:15:36.3637459Z GO_EVIDENCE_B64 MzVfcmVmcmVzaF9zY29wZS5weTo6dGVzdF9tYXRjaGluZ19lbmRfcm90YXRlc19vbmNlX2FuZF9vbGRfcmVmcmVzaF9jYW5ub3RfYmVfcmV1c2VkW0NPTlNVTUVSXSIsCiAgICAidGVzdHMvdGVzdF9kZXB0aDM1X3JlZnJlc2hfc2NvcGUucHk6OnRlc3RfbWF0Y2hpbmdfZW5kX3JvdGF0ZXNfb25jZV9hbmRfb2xkX3JlZnJlc2hfY2Fubm90X2JlX3JldXNlZFtTVVBQTElFUl9VU0VSXSIsCiAgICAidGVzdHMvdGVzdF9kZXB0aDM1X3JlZnJlc2hfc2NvcGUucHk6OnRlc3RfbWF0Y2hpbmdfZW5kX3JvdGF0ZXNfb25jZV9hbmRfb2xk
2026-09-10T08:15:36.3643033Z GO_EVIDENCE_B64 X3JlZnJlc2hfY2Fubm90X2JlX3JldXNlZFtHT19BRE1JTl0iLAogICAgInRlc3RzL3Rlc3RfZGVwdGgzNV9yZWZyZXNoX3Njb3BlLnB5Ojp0ZXN0X21vYmlsZV9sb2dvdXRfcmV2b2tlc19vbmx5X2l0c19iZWFyZXJfc2Vzc2lvbl9hbmRfcmVmcmVzaCIsCiAgICAidGVzdHMvdGVzdF9kZXB0aDM2X2FjY2VwdGFuY2VfcGFja2FnaW5nLnB5OjpSdW50aW1lUGFja2FnaW5nVGVzdHM6OnRlc3RfYXJjaGl2ZV90YW1wZXJfYW5kX3VubGlzdGVkX21lbWJlcl9yZWplY3RlZCIsCiAgICAidGVzdHMvdGVzdF9kZXB0aDM2X2FjY2VwdGFu
2026-09-10T08:15:36.3648778Z GO_EVIDENCE_B64 Y2VfcGFja2FnaW5nLnB5OjpSdW50aW1lUGFja2FnaW5nVGVzdHM6OnRlc3RfY2hhbmdlZF9zb3VyY2VfaXNfcmVqZWN0ZWQiLAogICAgInRlc3RzL3Rlc3RfZGVwdGgzNl9hY2NlcHRhbmNlX3BhY2thZ2luZy5weTo6UnVudGltZVBhY2thZ2luZ1Rlc3RzOjp0ZXN0X2V4aXN0aW5nX291dHB1dF9pc19wcmVzZXJ2ZWQiLAogICAgInRlc3RzL3Rlc3RfZGVwdGgzNl9hY2NlcHRhbmNlX3BhY2thZ2luZy5weTo6UnVudGltZVBhY2thZ2luZ1Rlc3RzOjp0ZXN0X2luaGVyaXRlZF9jcmVkZW50aWFsc19hbmRfZGF0YWJhc2VfYXJlX25v
2026-09-10T08:15:36.3654100Z GO_EVIDENCE_B64 dF9wcm9wYWdhdGVkIiwKICAgICJ0ZXN0cy90ZXN0X2RlcHRoMzZfYWNjZXB0YW5jZV9wYWNrYWdpbmcucHk6OlJ1bnRpbWVQYWNrYWdpbmdUZXN0czo6dGVzdF9vdXRib3VuZF9vcGVyYXRpb25zX2FyZV9kZW5pZWQiLAogICAgInRlc3RzL3Rlc3RfZGVwdGgzNl9hY2NlcHRhbmNlX3BhY2thZ2luZy5weTo6UnVudGltZVBhY2thZ2luZ1Rlc3RzOjp0ZXN0X3JvdW5kdHJpcF9hbmRfcmVwcm9kdWNpYmxlX2J5dGVzIiwKICAgICJ0ZXN0cy90ZXN0X2RlcHRoMzZfYWNjZXB0YW5jZV9wYWNrYWdpbmcucHk6OlJ1bnRpbWVQYWNrYWdp
2026-09-10T08:15:36.3659488Z GO_EVIDENCE_B64 bmdUZXN0czo6dGVzdF9zb3VyY2Vfc3ltbGlua19pc19yZWplY3RlZCIsCiAgICAidGVzdHMvdGVzdF9kZXB0aDM2X2FjY2VwdGFuY2VfcGFja2FnaW5nLnB5OjpSdW50aW1lUGFja2FnaW5nVGVzdHM6OnRlc3RfdW50cmFja2VkX2J5dGVjb2RlX2lzX3JlamVjdGVkIiwKICAgICJ0ZXN0cy90ZXN0X2RlcHRoMzZfYWNjZXB0YW5jZV9wYWNrYWdpbmcucHk6OlJ1bnRpbWVQYWNrYWdpbmdUZXN0czo6dGVzdF91bnRyYWNrZWRfY29uZmlndXJhdGlvbl9pc19yZWplY3RlZCIsCiAgICAidGVzdHMvdGVzdF9kZXB0aDM2X2FjY2VwdGFu
2026-09-10T08:15:36.3664763Z GO_EVIDENCE_B64 Y2VfcGFja2FnaW5nLnB5OjpSdW50aW1lUGFja2FnaW5nVGVzdHM6OnRlc3Rfd3JvbmdfcGlubmVkX3RyZWVfaXNfcmVqZWN0ZWQiLAogICAgInRlc3RzL3Rlc3RfZXh0X3RydXRoX29wZXJhdG9yX2dvdmVybmFuY2VfcmVwbGF5LnB5Ojp0ZXN0X2NsYWltX2lzX3JlcGxheV9zYWZlX2FuZF9sZWFzZV90YWtlb3Zlcl9yZXF1aXJlc19leHBpcnkiLAogICAgInRlc3RzL3Rlc3RfZXh0X3RydXRoX29wZXJhdG9yX2dvdmVybmFuY2VfcmVwbGF5LnB5Ojp0ZXN0X21ha2VyX2NoZWNrZXJfcmVzb2x1dGlvbl9hbmRfY2hlY2tlcl9yZXBs
2026-09-10T08:15:36.3670100Z GO_EVIDENCE_B64 YXlfYXJlX2V4YWN0bHlfb25jZSIsCiAgICAidGVzdHMvdGVzdF9leHRfdHJ1dGhfb3BlcmF0b3JfZ292ZXJuYW5jZV9yZXBsYXkucHk6OnRlc3RfZXZpZGVuY2VfZGlnZXN0X2Jsb2Nrc19wb3N0X3N1Ym1pc3Npb25fdGFtcGVyaW5nIiwKICAgICJ0ZXN0cy90ZXN0X2V4dF90cnV0aF9vcGVyYXRvcl9nb3Zlcm5hbmNlX3JlcGxheS5weTo6dGVzdF9yZWFsX2V4dGVybmFsX3Rlcm1pbmFsX3RydXRoX3N1cGVyc2VkZXNfdW5hcHByb3ZlZF9tYW51YWxfZHJhZnQiLAogICAgInRlc3RzL3Rlc3RfZXh0X3RydXRoX29wZXJhdG9yX2dv
2026-09-10T08:15:36.3675378Z GO_EVIDENCE_B64 dmVybmFuY2VfcmVwbGF5LnB5Ojp0ZXN0X3dlYmhvb2tfZGVsaXZlcnlfcGF5bG9hZF9kcmlmdF9pc190cnV0aF9jb25mbGljdCIsCiAgICAidGVzdHMvdGVzdF9leHRfdHJ1dGhfb3BlcmF0b3JfZ292ZXJuYW5jZV9yZXBsYXkucHk6OnRlc3Rfc2xhX3F1ZXVlX2ZyZWV6ZXNfcHJvbWlzZV9zdXBwbGllcl9hbmRfZmluYW5jZV9hbmRfYmxvY2tzX3Byb21vdGlvbl91bnRpbF9yZXNvbHV0aW9uIiwKICAgICJ0ZXN0cy90ZXN0X2V4dGVybmFsX3N1cHBsaWVyX3NhbmRib3hfY2VydGlmaWNhdGlvbi5weTo6dGVzdF9taXNzaW5nX2V4
2026-09-10T08:15:36.3680739Z GO_EVIDENCE_B64 dGVybmFsX2lucHV0c19hcmVfZXhwbGljaXRfYmxvY2tlcnMiLAogICAgInRlc3RzL3Rlc3RfZXh0ZXJuYWxfc3VwcGxpZXJfc2FuZGJveF9jZXJ0aWZpY2F0aW9uLnB5Ojp0ZXN0X3Jhd19jcmVkZW50aWFsc19hcmVfcmVqZWN0ZWRfYW5kX29ubHlfdmF1bHRfcmVmZXJlbmNlc19hbGxvd2VkIiwKICAgICJ0ZXN0cy90ZXN0X2V4dGVybmFsX3N1cHBsaWVyX3NhbmRib3hfY2VydGlmaWNhdGlvbi5weTo6dGVzdF9jb21wbGV0ZV9pbnRha2VfcmVxdWlyZXNfYm90aF9jcmVkZW50aWFsX2FjY2Vzc190ZXN0cyIsCiAgICAidGVzdHMv
2026-09-10T08:15:36.3686050Z GO_EVIDENCE_B64 dGVzdF9leHRlcm5hbF9zdXBwbGllcl9zYW5kYm94X2NlcnRpZmljYXRpb24ucHk6OnRlc3RfZnJhbWV3b3JrX2RyeV9ydW5faXNfaWRlbXBvdGVudF9hbmRfbm90X2V4dGVybmFsX2V4ZWN1dGlvbiIsCiAgICAidGVzdHMvdGVzdF9leHRlcm5hbF9zdXBwbGllcl9zYW5kYm94X2NlcnRpZmljYXRpb24ucHk6OnRlc3RfZXh0ZXJuYWxfZXhlY3V0aW9uX2lzX2Jsb2NrZWRfd2l0aG91dF9wcm92aWRlcl9leGVjdXRvciIsCiAgICAidGVzdHMvdGVzdF9leHRlcm5hbF9zdXBwbGllcl9zYW5kYm94X2NlcnRpZmljYXRpb24ucHk6OnRl
2026-09-10T08:15:36.3691366Z GO_EVIDENCE_B64 c3RfZHJ5X3J1bl9jYW5ub3RfaW1wb3J0X2F0dGVzdGVkX2V4dGVybmFsX2V2aWRlbmNlIiwKICAgICJ0ZXN0cy90ZXN0X2V4dGVybmFsX3N1cHBsaWVyX3NhbmRib3hfY2VydGlmaWNhdGlvbi5weTo6dGVzdF9jYWxsYmFja19wcm9vZl9pc19zaWduYXR1cmVfZ2F0ZWRfYW5kX3JlcGxheV9zYWZlIiwKICAgICJ0ZXN0cy90ZXN0X2V4dGVybmFsX3N1cHBsaWVyX3NhbmRib3hfY2VydGlmaWNhdGlvbi5weTo6dGVzdF9kcnlfcnVuX2RlY2lzaW9uX25ldmVyX2NsYWltc19leHRlcm5hbF9jZXJ0aWZpY2F0aW9uX29yX2xpdmUiLAog
2026-09-10T08:15:36.3696802Z GO_EVIDENCE_B64 ICAgInRlc3RzL3Rlc3RfZmluYWxfZGVwdGhfdGVybWluYWxfaGFyZGVuaW5nLnB5Ojp0ZXN0X2ZsaWdodF9vbGRfcXVvdGVfY2Fubm90X2V4ZWN1dGVfYWZ0ZXJfcmVmdW5kIiwKICAgICJ0ZXN0cy90ZXN0X2ZpbmFsX2RlcHRoX3Rlcm1pbmFsX2hhcmRlbmluZy5weTo6dGVzdF9hdHRyYWN0aW9uX2V4cGlyZWRfcXVvdGVfZmFpbHNfY2xvc2VkIiwKICAgICJ0ZXN0cy90ZXN0X2ZpbmFsX2RlcHRoX3Rlcm1pbmFsX2hhcmRlbmluZy5weTo6dGVzdF9yaWRlX3Vua25vd25fZnJvbV9pbl9wcm9ncmVzc19yZXN0b3Jlc19pbl9wcm9n
2026-09-10T08:15:36.3702376Z GO_EVIDENCE_B64 cmVzcyIsCiAgICAidGVzdHMvdGVzdF9maW5hbF9kZXB0aF90ZXJtaW5hbF9oYXJkZW5pbmcucHk6OnRlc3RfbGF0ZV9zdXBwbGllcl9mYWN0X2Nhbm5vdF9yZXN1cnJlY3RfY29tcGxldGVkX3JpZGUiLAogICAgInRlc3RzL3Rlc3RfZmluYWxfZGVwdGhfdGVybWluYWxfaGFyZGVuaW5nLnB5Ojp0ZXN0X3JpZGVfdW5rbm93bl9jYW5fY29udmVyZ2VfdG9fZmFpbGVkIiwKICAgICJ0ZXN0cy90ZXN0X2ZpbmFsX2RlcHRoX3Rlcm1pbmFsX2hhcmRlbmluZy5weTo6dGVzdF9hdHRyYWN0aW9uX3JlZGVlbV9ldmlkZW5jZV9rZWVwc19j
2026-09-10T08:15:36.3707658Z GO_EVIDENCE_B64 b25zdW1lZF9jcmVkZW50aWFsIiwKICAgICJ0ZXN0cy90ZXN0X2ZpbmFsX2RlcHRoX3Rlcm1pbmFsX2hhcmRlbmluZy5weTo6dGVzdF9zYW1lX3N1cHBsaWVyX2ZhY3RfcmVwbGF5X2RvZXNfbm90X2FwcGVuZF9ldmVudHMiLAogICAgInRlc3RzL3Rlc3RfZmluYWxfZGVwdGhfdmF1bHRfYm9va2luZ19lbnRyeS5weTo6dGVzdF9zaXhfdmVydGljYWxfYm9va2luZ19lbnRyaWVzX3VzZV92YXVsdF9taW5pbXVtX3JlbGVhc2UiLAogICAgInRlc3RzL3Rlc3RfZmlyc3RfY29ubmVjdG9yX2FjdGl2YXRpb25fcmVhZGluZXNzLnB5Ojp0
2026-09-10T08:15:36.3713017Z GO_EVIDENCE_B64 ZXN0X3RlbXBsYXRlX2NvbnRhaW5zX3N1cHBsaWVyX21hdGVyaWFsc19hbmRfZG9lc19ub3RfaW1wbHlfbGl2ZSIsCiAgICAidGVzdHMvdGVzdF9maXJzdF9jb25uZWN0b3JfYWN0aXZhdGlvbl9yZWFkaW5lc3MucHk6OnRlc3Rfa21zX2ludGVyZmFjZV9yZWplY3RzX2lubGluZV9zZWNyZXRzX2FuZF9ub25fZXh0ZXJuYWxfcmVmZXJlbmNlIiwKICAgICJ0ZXN0cy90ZXN0X2ZpcnN0X2Nvbm5lY3Rvcl9hY3RpdmF0aW9uX3JlYWRpbmVzcy5weTo6dGVzdF9pcF9hbGxvd2xpc3RfcmVqZWN0c19pbnZhbGlkX2NpZHIiLAogICAgInRl
2026-09-10T08:15:36.3718354Z GO_EVIDENCE_B64 c3RzL3Rlc3RfZmlyc3RfY29ubmVjdG9yX2FjdGl2YXRpb25fcmVhZGluZXNzLnB5Ojp0ZXN0X2NlcnRpZmljYXRpb25fcmVxdWlyZXNfZnVsbF9zdWl0ZV9hbmRfZXZpZGVuY2UiLAogICAgInRlc3RzL3Rlc3RfZmlyc3RfY29ubmVjdG9yX2FjdGl2YXRpb25fcmVhZGluZXNzLnB5Ojp0ZXN0X3dlYmhvb2tfcm90YXRpb25fcmVxdWlyZXNfb3ZlcmxhcF9wcm9vZl9hbmRfZXh0ZXJuYWxfa2V5IiwKICAgICJ0ZXN0cy90ZXN0X2ZpcnN0X2Nvbm5lY3Rvcl9hY3RpdmF0aW9uX3JlYWRpbmVzcy5weTo6dGVzdF9pbmNvbXBsZXRlX2Nv
2026-09-10T08:15:36.3723602Z GO_EVIDENCE_B64 bm5lY3Rvcl9pc19ibG9ja2VkX3dpdGhfZXhwbGljaXRfcmVhc29ucyIsCiAgICAidGVzdHMvdGVzdF9maXJzdF9jb25uZWN0b3JfYWN0aXZhdGlvbl9yZWFkaW5lc3MucHk6OnRlc3RfY29tcGxldGVfcmVhZGluZXNzX2lzX3JlYWR5X2Zvcl9leHRlcm5hbF9hY3RpdmF0aW9uX2J1dF9uZXZlcl9saXZlIiwKICAgICJ0ZXN0cy90ZXN0X2ZpcnN0X2dvX2hvc3RlZF9kaXJlY3RfYm9va2luZ19waWxvdC5weTo6dGVzdF9maXJzdF9waWxvdF9zdXBwbGllcl9pc19sb2NrZWQiLAogICAgInRlc3RzL3Rlc3RfZmlyc3RfZ29faG9zdGVk
2026-09-10T08:15:36.3728883Z GO_EVIDENCE_B64 X2RpcmVjdF9ib29raW5nX3BpbG90LnB5Ojp0ZXN0X3BhZ2VfcmVxdWlyZXNfYWN0aXZlX29mZmVyX2JlZm9yZV9wdWJsaXNoIiwKICAgICJ0ZXN0cy90ZXN0X2ZpcnN0X2dvX2hvc3RlZF9kaXJlY3RfYm9va2luZ19waWxvdC5weTo6dGVzdF9wdWJsaXNoZWRfcGFnZV9kaXNjbG9zZXNfcmVzZXJ2YXRpb25fb25seV9hbmRfYWxpcGF5X3BlbmRpbmciLAogICAgInRlc3RzL3Rlc3RfZmlyc3RfZ29faG9zdGVkX2RpcmVjdF9ib29raW5nX3BpbG90LnB5Ojp0ZXN0X3Jlc2VydmF0aW9uX2lzX2lkZW1wb3RlbnRfYW5kX25ldmVyX2F0
2026-09-10T08:15:36.3734072Z GO_EVIDENCE_B64 dGVtcHRzX3BheW1lbnQiLAogICAgInRlc3RzL3Rlc3RfZmlyc3RfZ29faG9zdGVkX2RpcmVjdF9ib29raW5nX3BpbG90LnB5Ojp0ZXN0X2hvdGVsX2NvbmZpcm1hdGlvbl9kb2VzX25vdF9jbGFpbV9wYXltZW50X3N1Y2Nlc3MiLAogICAgInRlc3RzL3Rlc3RfZmlyc3RfZ29faG9zdGVkX2RpcmVjdF9ib29raW5nX3BpbG90LnB5Ojp0ZXN0X3JlamVjdGlvbl9hbmRfY2FuY2VsX3Jlc3RvcmVfaW52ZW50b3J5X3dpdGhvdXRfcmVmdW5kIiwKICAgICJ0ZXN0cy90ZXN0X2ZpcnN0X2dvX2hvc3RlZF9kaXJlY3RfYm9va2luZ19waWxv
2026-09-10T08:15:36.3739384Z GO_EVIDENCE_B64 dC5weTo6dGVzdF9zdGF0dXNfdHJ1dGhmdWxseV9yZXBvcnRzX25vX3BheW1lbnRfYW5kX25vdF9saXZlIiwKICAgICJ0ZXN0cy90ZXN0X2ZpcnN0X3BhaXJlZF9jb25uZWN0b3JfcGlsb3QucHk6OnRlc3RfcmVhbF9leHRlcm5hbF9waWxvdF9pc19oYXJkX2Jsb2NrZWRfd2l0aG91dF9zdXBwbGllcl9pbnB1dHMiLAogICAgInRlc3RzL3Rlc3RfZmlyc3RfcGFpcmVkX2Nvbm5lY3Rvcl9waWxvdC5weTo6dGVzdF9wYWlyX3JlcXVpcmVzX2hvdGVsX2FuZF9wYXltZW50X3ZlcnRpY2FscyIsCiAgICAidGVzdHMvdGVzdF9maXJzdF9w
2026-09-10T08:15:36.3744610Z GO_EVIDENCE_B64 YWlyZWRfY29ubmVjdG9yX3BpbG90LnB5Ojp0ZXN0X2V4ZWN1dGlvbl9yZXF1aXJlc19zbW9rZV9hbmRfcm9sbGJhY2tfZ2F0ZSIsCiAgICAidGVzdHMvdGVzdF9maXJzdF9wYWlyZWRfY29ubmVjdG9yX3BpbG90LnB5Ojp0ZXN0X2Z1bGxfc2FuZGJveF9vcmRlcl9jYW5jZWxfcmVmdW5kX3F1ZXJ5X2Zsb3dfYW5kX2pvaW50X3JlY29uY2lsaWF0aW9uIiwKICAgICJ0ZXN0cy90ZXN0X2ZpcnN0X3BhaXJlZF9jb25uZWN0b3JfcGlsb3QucHk6OnRlc3RfZXhlY3V0aW9uX2lkZW1wb3RlbmN5X2FuZF9jYW5hcnlfbGltaXRfcHJldmVu
2026-09-10T08:15:36.3750243Z GO_EVIDENCE_B64 dF9kdXBsaWNhdGVfb3JfZXh0cmFfcnVuIiwKICAgICJ0ZXN0cy90ZXN0X2ZpcnN0X3BhaXJlZF9jb25uZWN0b3JfcGlsb3QucHk6OnRlc3Rfa2lsbF9zd2l0Y2hfYmxvY2tzX3BpbG90X2V4ZWN1dGlvbiIsCiAgICAidGVzdHMvdGVzdF9maXJzdF9wYWlyZWRfY29ubmVjdG9yX3BpbG90LnB5Ojp0ZXN0X3NpZ25lZF9jYWxsYmFja3NfYXJlX3JlcGxheV9zYWZlX2FuZF9ldmlkZW5jZV9jaGFpbl9pc19saW5rZWQiLAogICAgInRlc3RzL3Rlc3RfZmxpZ2h0X2pvdXJuZXlfZGVwdGgucHk6OnRlc3Rfc2VhcmNoX3NlbGVjdGlvbl9w
2026-09-10T08:15:36.3755523Z GO_EVIDENCE_B64 cmVib29rX2FuZF9vcmRlcl9wcmVzZXJ2ZV9lbnRpcmVfam91cm5leVtPTkVfV0FZLTFdIiwKICAgICJ0ZXN0cy90ZXN0X2ZsaWdodF9qb3VybmV5X2RlcHRoLnB5Ojp0ZXN0X3NlYXJjaF9zZWxlY3Rpb25fcHJlYm9va19hbmRfb3JkZXJfcHJlc2VydmVfZW50aXJlX2pvdXJuZXlbUk9VTkRfVFJJUC0yXSIsCiAgICAidGVzdHMvdGVzdF9mbGlnaHRfam91cm5leV9kZXB0aC5weTo6dGVzdF9zZWFyY2hfc2VsZWN0aW9uX3ByZWJvb2tfYW5kX29yZGVyX3ByZXNlcnZlX2VudGlyZV9qb3VybmV5W01VTFRJX0NJVFktM10iLAogICAg
2026-09-10T08:15:36.3760914Z GO_EVIDENCE_B64 InRlc3RzL3Rlc3RfZmxpZ2h0X2pvdXJuZXlfZGVwdGgucHk6OnRlc3RfaW52YWxpZF9qb3VybmV5X3JlamVjdGVkX3dpdGhvdXRfd3JpdGluZ19xdW90ZXNbc2FtZV9haXJwb3J0XSIsCiAgICAidGVzdHMvdGVzdF9mbGlnaHRfam91cm5leV9kZXB0aC5weTo6dGVzdF9pbnZhbGlkX2pvdXJuZXlfcmVqZWN0ZWRfd2l0aG91dF93cml0aW5nX3F1b3Rlc1tyZXZlcnNlX2RhdGVdIiwKICAgICJ0ZXN0cy90ZXN0X2ZsaWdodF9qb3VybmV5X2RlcHRoLnB5Ojp0ZXN0X2ludmFsaWRfam91cm5leV9yZWplY3RlZF93aXRob3V0X3dyaXRp
2026-09-10T08:15:36.3766212Z GO_EVIDENCE_B64 bmdfcXVvdGVzW3NhbWVfZGF5XSIsCiAgICAidGVzdHMvdGVzdF9mbGlnaHRfam91cm5leV9kZXB0aC5weTo6dGVzdF9pbnZhbGlkX2pvdXJuZXlfcmVqZWN0ZWRfd2l0aG91dF93cml0aW5nX3F1b3Rlc1t3cm9uZ19yZXR1cm5dIiwKICAgICJ0ZXN0cy90ZXN0X2ZsaWdodF9qb3VybmV5X2RlcHRoLnB5Ojp0ZXN0X2ludmFsaWRfam91cm5leV9yZWplY3RlZF93aXRob3V0X3dyaXRpbmdfcXVvdGVzW21pc3NpbmdfbGVnXSIsCiAgICAidGVzdHMvdGVzdF9mbGlnaHRfam91cm5leV9kZXB0aC5weTo6dGVzdF9pbnZhbGlkX2pvdXJu
2026-09-10T08:15:36.3771577Z GO_EVIDENCE_B64 ZXlfcmVqZWN0ZWRfd2l0aG91dF93cml0aW5nX3F1b3Rlc1t0b29fbWFueV0iLAogICAgInRlc3RzL3Rlc3RfZmxpZ2h0X2pvdXJuZXlfZGVwdGgucHk6OnRlc3RfaW52YWxpZF9qb3VybmV5X3JlamVjdGVkX3dpdGhvdXRfd3JpdGluZ19xdW90ZXNbcGFzdF0iLAogICAgInRlc3RzL3Rlc3RfZmxpZ2h0X2pvdXJuZXlfZGVwdGgucHk6OnRlc3RfaW52YWxpZF9qb3VybmV5X3JlamVjdGVkX3dpdGhvdXRfd3JpdGluZ19xdW90ZXNbZXh0cmFfcHJpY2VdIiwKICAgICJ0ZXN0cy90ZXN0X2ZsaWdodF9qb3VybmV5X2RlcHRoLnB5Ojp0
2026-09-10T08:15:36.3776831Z GO_EVIDENCE_B64 ZXN0X2ludmFsaWRfam91cm5leV9yZWplY3RlZF93aXRob3V0X3dyaXRpbmdfcXVvdGVzW3Vua25vd25fa2luZF0iLAogICAgInRlc3RzL3Rlc3RfZmxpZ2h0X2pvdXJuZXlfZGVwdGgucHk6OnRlc3Rfb3Blbl9qYXdfYW5kX3NpeF9sZWdfc2VhcmNoX3N1cHBvcnRlZCIsCiAgICAidGVzdHMvdGVzdF9mbGlnaHRfam91cm5leV9kZXB0aC5weTo6dGVzdF9jb21wb3NlX3JlamVjdHNfdW51c2FibGVfb3JfbWlzbWF0Y2hlZF9xdW90ZXNbZHVwbGljYXRlXSIsCiAgICAidGVzdHMvdGVzdF9mbGlnaHRfam91cm5leV9kZXB0aC5weTo6
2026-09-10T08:15:36.3782204Z GO_EVIDENCE_B64 dGVzdF9jb21wb3NlX3JlamVjdHNfdW51c2FibGVfb3JfbWlzbWF0Y2hlZF9xdW90ZXNbZXhwaXJlZF0iLAogICAgInRlc3RzL3Rlc3RfZmxpZ2h0X2pvdXJuZXlfZGVwdGgucHk6OnRlc3RfY29tcG9zZV9yZWplY3RzX3VudXNhYmxlX29yX21pc21hdGNoZWRfcXVvdGVzW2N1cnJlbmN5XSIsCiAgICAidGVzdHMvdGVzdF9mbGlnaHRfam91cm5leV9kZXB0aC5weTo6dGVzdF9jb21wb3NlX3JlamVjdHNfdW51c2FibGVfb3JfbWlzbWF0Y2hlZF9xdW90ZXNbbWlzc2luZ10iLAogICAgInRlc3RzL3Rlc3RfZmxpZ2h0X2pvdXJuZXlf
2026-09-10T08:15:36.3787479Z GO_EVIDENCE_B64 ZGVwdGgucHk6OnRlc3RfY29tcG9zZV9yZWplY3RzX3VudXNhYmxlX29yX21pc21hdGNoZWRfcXVvdGVzW25lc3RlZF0iLAogICAgInRlc3RzL3Rlc3RfZmxpZ2h0X2pvdXJuZXlfZGVwdGgucHk6OnRlc3RfY29tcG9zZV9yZWplY3RzX3VudXNhYmxlX29yX21pc21hdGNoZWRfcXVvdGVzW3JvdXRlXSIsCiAgICAidGVzdHMvdGVzdF9mbGlnaHRfam91cm5leV9kZXB0aC5weTo6dGVzdF9ub19zaWxlbnRfcmV0dXJuX2ZpZWxkc19vbl9sZWdhY3lfc2luZ2xlX2xlZ19zZWFyY2giLAogICAgInRlc3RzL3Rlc3RfZmxpZ2h0X2pvdXJu
2026-09-10T08:15:36.3793052Z GO_EVIDENCE_B64 ZXlfZGVwdGgucHk6OnRlc3Rfcm91bmRfdHJpcF9yZWZ1bmRfdXNlc19zZWxlY3RlZF9sZWdfcnVsZXMiLAogICAgInRlc3RzL3Rlc3RfZmxpZ2h0X2pvdXJuZXlfZGVwdGgucHk6OnRlc3Rfbm9ucmVmdW5kYWJsZV9sZWdfY2Fubm90X2JlX3JlZnVuZGVkX2FuZF9tdWx0aV9jaGFuZ2VfaXNfbm90X3NpbGVudGx5X2ZpcnN0X2xlZyIsCiAgICAidGVzdHMvdGVzdF9mbGlnaHRfam91cm5leV9kZXB0aC5weTo6dGVzdF93cm9uZ19wYXNzZW5nZXJfY291bnRfcmVqZWN0ZWRfYmVmb3JlX29yZGVyX2NyZWF0aW9uIiwKICAgICJ0ZXN0
2026-09-10T08:15:36.3798756Z GO_EVIDENCE_B64 cy90ZXN0X2ZsaWdodF9qb3VybmV5X2RlcHRoLnB5Ojp0ZXN0X25ld19qb3VybmV5X3BhdGhzX2RvX25vdF9lbmFibGVfcHJvZHVjdGlvbl9maXh0dXJlcyIsCiAgICAidGVzdHMvdGVzdF9mbGlnaHRfam91cm5leV9kZXB0aC5weTo6dGVzdF9wcmVib29rX2Nhbm5vdF9vdXRsaXZlX3Nob3J0ZXN0X3NlbGVjdGVkX3F1b3RlIiwKICAgICJ0ZXN0cy90ZXN0X2dvX2FpX211bHRpbW9kZWwucHk6OnRlc3RfZ29fYWlfcm91dGVzX2FuZF9wZXJzaXN0c19oYXNoX29ubHkiLAogICAgInRlc3RzL3Rlc3RfZ29fYWlfbXVsdGltb2RlbC5w
2026-09-10T08:15:36.3804045Z GO_EVIDENCE_B64 eTo6dGVzdF9nb19haV9mYWxsc19iYWNrX3dpdGhvdXRfY2hhbmdpbmdfcHJvZHVjdF9pZGVudGl0eSIsCiAgICAidGVzdHMvdGVzdF9nb19haV9tdWx0aW1vZGVsLnB5Ojp0ZXN0X2NuX3JlcXVlc3RfZG9lc19ub3Rfc2lsZW50bHlfcm91dGVfdG9fZ2xvYmFsX29ubHlfcHJvdmlkZXIiLAogICAgInRlc3RzL3Rlc3RfZ29fYWlfbXVsdGltb2RlbC5weTo6dGVzdF9sbG1fY2Fubm90X3Rha2VfdHJhbnNhY3Rpb25fb3JfZ29fanVkZ21lbnRfYXV0aG9yaXR5IiwKICAgICJ0ZXN0cy90ZXN0X2dvX2FpX211bHRpbW9kZWwucHk6OnRl
2026-09-10T08:15:36.3810228Z GO_EVIDENCE_B64 c3RfaG90ZWxfcmVjb21tZW5kYXRpb25faXNfZ29fanVkZ21lbnRfbm90X2V4dGVybmFsX21vZGVsIiwKICAgICJ0ZXN0cy90ZXN0X2dvX2FpX211bHRpbW9kZWwucHk6OnRlc3RfZ29fYWlfY29tcGxleGl0eV9jbGFzc2lmaWVyX3Byb21vdGVzX2NvbXBsZXhfdHJpcF90b19tdWx0aV9hZ2VudCIsCiAgICAidGVzdHMvdGVzdF9nb19haV9tdWx0aW1vZGVsLnB5Ojp0ZXN0X2dvX2FpX29yY2hlc3RyYXRpb25fdXNlc19wYXJhbGxlbF90YXNrc19zeW50aGVzaXNfYW5kX2hpZGVzX21vZGVscyIsCiAgICAidGVzdHMvdGVzdF9nb19h
2026-09-10T08:15:36.3815449Z GO_EVIDENCE_B64 aV9tdWx0aW1vZGVsLnB5Ojp0ZXN0X2dvX2FpX2hpZ2hfYXNzdXJhbmNlX25ldmVyX2dyYW50c190cmFuc2FjdGlvbl9leGVjdXRpb25fYXV0aG9yaXR5IiwKICAgICJ0ZXN0cy90ZXN0X2dvX2lkZW50aXR5X2VudGl0bGVtZW50cy5weTo6dGVzdF9zdGFmZl9ydWxlX2VuZ2luZV91bmlmb3JtX3NpeHR5X3BlcmNlbnRfYW5kX2ZmX3dlYWtlciIsCiAgICAidGVzdHMvdGVzdF9nb19pZGVudGl0eV9lbnRpdGxlbWVudHMucHk6OnRlc3Rfb3duZXJfcGF0aHNfYXJlX211dHVhbGx5X2V4Y2x1c2l2ZV9hbmRfcmVjb2duaXRpb25fcmVt
2026-09-10T08:15:36.3821001Z GO_EVIDENCE_B64 YWlucyIsCiAgICAidGVzdHMvdGVzdF9nb19pZGVudGl0eV9lbnRpdGxlbWVudHMucHk6OnRlc3Rfc3RhZmZfcmV2b2NhdGlvbl9wcmVzZXJ2ZXNfYWNjb3VudF9idXRfcmVtb3Zlc19lbnRpdGxlbWVudCIsCiAgICAidGVzdHMvdGVzdF9nb19pZGVudGl0eV9lbnRpdGxlbWVudHMucHk6OnRlc3Rfcmlza19yZXZhbGlkYXRpb25fYW5kX2ludml0YXRpb25fY29uc3VtcHRpb25fcnVsZXMiLAogICAgInRlc3RzL3Rlc3RfZ29sZGVuX3BhdGgucHk6OnRlc3Rfc2VhcmNoX3ByZWJvb2tfcGF5X2Jvb2tfY29uZmlybSIsCiAgICAidGVz
2026-09-10T08:15:36.3826393Z GO_EVIDENCE_B64 dHMvdGVzdF9nb29kX2hvdGVsX3N0YW5kYXJkX2dvdmVybmFuY2UucHk6OnRlc3RfaW5pdGlhbF9nb19nb29kX2hvdGVsX3N0YW5kYXJkX2lzX2FjdGl2ZV9hbmRfdmVyc2lvbmVkIiwKICAgICJ0ZXN0cy90ZXN0X2dvb2RfaG90ZWxfc3RhbmRhcmRfZ292ZXJuYW5jZS5weTo6dGVzdF9zdGFuZGFyZF9jaGFuZ2VfcmVxdWlyZXNfbWFrZXJfY2hlY2tlciIsCiAgICAidGVzdHMvdGVzdF9nb29kX2hvdGVsX3N0YW5kYXJkX2dvdmVybmFuY2UucHk6OnRlc3RfY29tbWVyY2lhbF9hbmRfcG9wdWxhcml0eV9maWVsZHNfYXJlX2ZvcmJp
2026-09-10T08:15:36.3831782Z GO_EVIDENCE_B64 ZGRlbl9mcm9tX3N0YW5kYXJkIiwKICAgICJ0ZXN0cy90ZXN0X2dvb2RfaG90ZWxfc3RhbmRhcmRfZ292ZXJuYW5jZS5weTo6dGVzdF9jb21tZXJjaWFsX29zX3JlcXVpcmVzX3NhbWVfc3RhbmRhcmRfYmluZGluZ19vbl9qdWRnbWVudF9hbmRfcmVjb21tZW5kYXRpb24iLAogICAgInRlc3RzL3Rlc3RfZ3Vlc3Rfc3RheV9mdWxmaWxsbWVudF9zZXR0bGVtZW50X2VsaWdpYmlsaXR5LnB5Ojp0ZXN0X3ByZV9hcnJpdmFsX2lzX2lkZW1wb3RlbnRfYW5kX2luY29tcGxldGVfc3RheV9jYW5ub3Rfc2V0dGxlIiwKICAgICJ0ZXN0cy90
2026-09-10T08:15:36.3837166Z GO_EVIDENCE_B64 ZXN0X2d1ZXN0X3N0YXlfZnVsZmlsbG1lbnRfc2V0dGxlbWVudF9lbGlnaWJpbGl0eS5weTo6dGVzdF9pZGVudGl0eV9zdG9yZXNfaGFzaF9yZWZlcmVuY2VfYW5kX2NoZWNraW5fcmVxdWlyZXNfaWRlbnRpdHlfcm9vbV9yZWdpc3RyYXRpb24iLAogICAgInRlc3RzL3Rlc3RfZ3Vlc3Rfc3RheV9mdWxmaWxsbWVudF9zZXR0bGVtZW50X2VsaWdpYmlsaXR5LnB5Ojp0ZXN0X3Jvb21fYXNzaWdubWVudF9jaGFuZ2VfYW5kX2V4dGVuc2lvbl9hcmVfZXZpZGVuY2VkIiwKICAgICJ0ZXN0cy90ZXN0X2d1ZXN0X3N0YXlfZnVsZmlsbG1l
2026-09-10T08:15:36.3842656Z GO_EVIDENCE_B64 bnRfc2V0dGxlbWVudF9lbGlnaWJpbGl0eS5weTo6dGVzdF9kdWFsX2NoZWNrb3V0X2V2aWRlbmNlX2VuYWJsZXNfY29udHJhY3Rfb25seV9lbGlnaWJpbGl0eV93aXRob3V0X3BheW1lbnQiLAogICAgInRlc3RzL3Rlc3RfZ3Vlc3Rfc3RheV9mdWxmaWxsbWVudF9zZXR0bGVtZW50X2VsaWdpYmlsaXR5LnB5Ojp0ZXN0X2Vhcmx5X2NoZWNrb3V0X3N1cHBvcnRzX3BhcnRpYWxfZnVsZmlsbG1lbnRfYW1vdW50IiwKICAgICJ0ZXN0cy90ZXN0X2d1ZXN0X3N0YXlfZnVsZmlsbG1lbnRfc2V0dGxlbWVudF9lbGlnaWJpbGl0eS5weTo6
2026-09-10T08:15:36.3848567Z GO_EVIDENCE_B64 dGVzdF9vcGVuX2Rpc3B1dGVfZnJlZXplc19vdGhlcndpc2VfZWxpZ2libGVfc2V0dGxlbWVudCIsCiAgICAidGVzdHMvdGVzdF9ndWVzdF9zdGF5X2Z1bGZpbGxtZW50X3NldHRsZW1lbnRfZWxpZ2liaWxpdHkucHk6OnRlc3Rfbm9fc2hvd19yZXF1aXJlc19wcmVhcHByb3ZlZF9hbW91bnRfYW5kX2V2aWRlbmNlIiwKICAgICJ0ZXN0cy90ZXN0X2d1ZXN0X3N0YXlfZnVsZmlsbG1lbnRfc2V0dGxlbWVudF9lbGlnaWJpbGl0eS5weTo6dGVzdF90aW1lbGluZV9leHBsaWNpdGx5X3JlbWFpbnNfbm9uX2xpdmUiLAogICAgInRlc3Rz
2026-09-10T08:15:36.3853941Z GO_EVIDENCE_B64 L3Rlc3RfaG9zdGVkX2NvbnRlbnRfb3BlcmF0aW9uc19hY2NlcHRhbmNlLnB5Ojp0ZXN0X3NuYXBzaG90X3ByZXNlcnZlc19wZW5kaW5nX3NvdXJjZV9hbmRfaXNfdmVyc2lvbmVkIiwKICAgICJ0ZXN0cy90ZXN0X2hvc3RlZF9jb250ZW50X29wZXJhdGlvbnNfYWNjZXB0YW5jZS5weTo6dGVzdF9vbmx5X2hvdGVsX2F1dGhvcml6ZWRfb3BlcmF0b3JfY2FuX2FwcHJvdmVfd2l0aF9ldmlkZW5jZSIsCiAgICAidGVzdHMvdGVzdF9ob3N0ZWRfY29udGVudF9vcGVyYXRpb25zX2FjY2VwdGFuY2UucHk6OnRlc3Rfbm9uX2hvdGVsX293
2026-09-10T08:15:36.3859295Z GO_EVIDENCE_B64 bmVkX21lZGlhX2lzX3JlamVjdGVkIiwKICAgICJ0ZXN0cy90ZXN0X2hvc3RlZF9jb250ZW50X29wZXJhdGlvbnNfYWNjZXB0YW5jZS5weTo6dGVzdF9hY3R1YWxfZ2F0ZV9yZW1haW5zX2Jsb2NrZWRfd2l0aG91dF9vd25lZF9tZWRpYSIsCiAgICAidGVzdHMvdGVzdF9ob3N0ZWRfY29udGVudF9vcGVyYXRpb25zX2FjY2VwdGFuY2UucHk6OnRlc3RfZ2F0ZV9jb250cmFjdF9vcGVuc19vbmx5X2FmdGVyX2NvbXBsZXRlX3JpZ2h0c192ZXJpZmllZF90ZXN0X2ZpeHR1cmUiLAogICAgInRlc3RzL3Rlc3RfaG9zdGVkX2RpcmVjdF9p
2026-09-10T08:15:36.3864572Z GO_EVIDENCE_B64 bnZlbnRvcnlfbWF0cml4LnB5Ojp0ZXN0X3JlYWxfY29uZmlndXJhdGlvbl9oYXNfZml2ZV9pbmRlcGVuZGVudF9wb29sc19hbmRfbmluZV92YXJpYW50cyIsCiAgICAidGVzdHMvdGVzdF9ob3N0ZWRfZGlyZWN0X2ludmVudG9yeV9tYXRyaXgucHk6OnRlc3RfcHVibGljX2ZhY3RzX2FyZV9zdHJ1Y3R1cmVkX2FuZF9jb25maWd1cmF0aW9uX2lzX2lkZW1wb3RlbnQiLAogICAgInRlc3RzL3Rlc3RfaG9zdGVkX2RpcmVjdF9pbnZlbnRvcnlfbWF0cml4LnB5Ojp0ZXN0X2JyZWFrZmFzdF92YXJpYW50c19zaGFyZV9hdG9taWNfcGh5
2026-09-10T08:15:36.3873076Z GO_EVIDENCE_B64 c2ljYWxfaW52ZW50b3J5X2FuZF9yZXN0b3JlIiwKICAgICJ0ZXN0cy90ZXN0X2hvc3RlZF9kaXJlY3RfcmVzZXJ2YXRpb25fb3BlcmF0aW9ucy5weTo6dGVzdF9kYXRlZF9jYWxlbmRhcl9ib290c3RyYXBfaXNfaWRlbXBvdGVudF9hbmRfc2hhcmVkX2J5X3JhdGVfdmFyaWFudHMiLAogICAgInRlc3RzL3Rlc3RfaG9zdGVkX2RpcmVjdF9yZXNlcnZhdGlvbl9vcGVyYXRpb25zLnB5Ojp0ZXN0X2Nsb3NlX3N0b3Bfc2VsbF9hbmRfcmVvcGVuX2FyZV9lbmZvcmNlZCIsCiAgICAidGVzdHMvdGVzdF9ob3N0ZWRfZGlyZWN0X3Jlc2Vy
2026-09-10T08:15:36.3881812Z GO_EVIDENCE_B64 dmF0aW9uX29wZXJhdGlvbnMucHk6OnRlc3Rfc3RheV9hZHZhbmNlX29jY3VwYW5jeV9jaGlsZHJlbl9hbmRfZXh0cmFfYmVkX3J1bGVzX2FyZV9lbmZvcmNlZCIsCiAgICAidGVzdHMvdGVzdF9ob3N0ZWRfZGlyZWN0X3Jlc2VydmF0aW9uX29wZXJhdGlvbnMucHk6OnRlc3RfYXRvbWljX2RhaWx5X2ludmVudG9yeV9wcmV2ZW50c19vdmVyc2VsbF9hbmRfcHJpY2VzX2VhY2hfbmlnaHQiLAogICAgInRlc3RzL3Rlc3RfaG9zdGVkX2RpcmVjdF9yZXNlcnZhdGlvbl9vcGVyYXRpb25zLnB5Ojp0ZXN0X2dvX3BhZ2VfYW5kX3Bob25l
2026-09-10T08:15:36.3887496Z GO_EVIDENCE_B64 X29yZGVyc19zaGFyZV9pbmJveF9ub3RpZmljYXRpb25zX2FuZF9hdWRpdF9jaGFpbiIsCiAgICAidGVzdHMvdGVzdF9ob3N0ZWRfZGlyZWN0X3Jlc2VydmF0aW9uX29wZXJhdGlvbnMucHk6OnRlc3RfdGltZW91dF9yZWxlYXNlc19ldmVyeV9uaWdodF93aXRob3V0X3BheW1lbnRfb3JfcmVmdW5kIiwKICAgICJ0ZXN0cy90ZXN0X2hvc3RlZF9kaXJlY3RfcmVzZXJ2YXRpb25fb3BlcmF0aW9ucy5weTo6dGVzdF9jb25maXJtX2NhbmNlbF9hbmRfYXRvbWljX3Jlc2NoZWR1bGVfa2VlcF9ub19wYXltZW50X3RydXRoIiwKICAgICJ0
2026-09-10T08:15:36.3893031Z GO_EVIDENCE_B64 ZXN0cy90ZXN0X2hvc3RlZF9mcm9udGRlc2tfdWF0X2RhaWx5X2Nsb3NlLnB5Ojp0ZXN0X2hvdGVsX3N0YWZmX3JvbGVzX2FyZV9yZXF1aXJlZF9hbmRfZXZpZGVuY2VfYm91bmQiLAogICAgInRlc3RzL3Rlc3RfaG9zdGVkX2Zyb250ZGVza191YXRfZGFpbHlfY2xvc2UucHk6OnRlc3Rfc2hpZnRfaGFuZG92ZXJfY2FwdHVyZXNfdW5yZXNvbHZlZF9pbmJveCIsCiAgICAidGVzdHMvdGVzdF9ob3N0ZWRfZnJvbnRkZXNrX3VhdF9kYWlseV9jbG9zZS5weTo6dGVzdF9ndWVzdF9kYXRhX2lzX21hc2tlZF9hbmRfdW5tYXNrX2lzX21h
2026-09-10T08:15:36.3898980Z GO_EVIDENCE_B64 bmFnZXJfYXVkaXRlZCIsCiAgICAidGVzdHMvdGVzdF9ob3N0ZWRfZnJvbnRkZXNrX3VhdF9kYWlseV9jbG9zZS5weTo6dGVzdF9waG9uZV9kdXBsaWNhdGVfcmVxdWlyZXNfcmV2aWV3X2V2aWRlbmNlX2FuZF91bmlmaWVzX29yZGVyIiwKICAgICJ0ZXN0cy90ZXN0X2hvc3RlZF9mcm9udGRlc2tfdWF0X2RhaWx5X2Nsb3NlLnB5Ojp0ZXN0X3JlamVjdF9jYW5jZWxfcmVzY2hlZHVsZV9yZXF1aXJlX21hbmFnZXJfbWFrZXJfY2hlY2tlciIsCiAgICAidGVzdHMvdGVzdF9ob3N0ZWRfZnJvbnRkZXNrX3VhdF9kYWlseV9jbG9zZS5w
2026-09-10T08:15:36.3904766Z GO_EVIDENCE_B64 eTo6dGVzdF9zbGFfbWFuYWdlcl9hbGVydF9hbmRfcHJpbnRhYmxlX2Fycml2YWxfdm91Y2hlciIsCiAgICAidGVzdHMvdGVzdF9ob3N0ZWRfZnJvbnRkZXNrX3VhdF9kYWlseV9jbG9zZS5weTo6dGVzdF9kYWlseV9jbG9zZV9pc19pZGVtcG90ZW50X2FuZF9jb250YWluc196ZXJvX3BheW1lbnRfdHJ1dGgiLAogICAgInRlc3RzL3Rlc3RfaG9zdGVkX2Zyb250ZGVza191YXRfZGFpbHlfY2xvc2UucHk6OnRlc3RfdWF0X3JlcXVpcmVzX21hbmFnZXJfZXZpZGVuY2VfYW5kX2FsbF9zY2VuYXJpb3MiLAogICAgInRlc3RzL3Rlc3Rf
2026-09-10T08:15:36.3910329Z GO_EVIDENCE_B64 aG90ZWxfYXV0b3BhZ2VfZmFjdG9yeS5weTo6dGVzdF9hdXRvcGFnZV9jb250cmFjdF9zeW1ib2xzX2V4aXN0IiwKICAgICJ0ZXN0cy90ZXN0X2hvdGVsX2F1dG9wYWdlX2ZhY3RvcnkucHk6OnRlc3Rfc291cmNlX3JpZ2h0c19hbmRfcHJlYnVpbHRfcGFnZV9wcmluY2lwbGVzX2FyZV9mYWlsX2Nsb3NlZCIsCiAgICAidGVzdHMvdGVzdF9ob3RlbF9kaXNjb3Zlcnlfb3JjaGVzdHJhdG9yLnB5Ojp0ZXN0X2Rpc2NvdmVyeV9zbGljZTFfY29udHJhY3RfaXNfcHJlc2VudF9hbmRfYm91bmRlZCIsCiAgICAidGVzdHMvdGVzdF9ob3Rl
2026-09-10T08:15:36.3915669Z GO_EVIDENCE_B64 bF9kaXNjb3Zlcnlfb3JjaGVzdHJhdG9yLnB5Ojp0ZXN0X2Rpc2NvdmVyeV9wYXJzZXJfcHJlZmVyc19zdHJ1Y3R1cmVkX2ZhY3RzX2FuZF9kb2VzX25vdF9jb3B5X2JvZHlfcHJvc2UiLAogICAgInRlc3RzL3Rlc3RfaG90ZWxfZ29fZGlyZWN0X3ZvY2FidWxhcnkucHk6OnRlc3RfZ29fZGlyZWN0X2lzX3NpbmdsZV9wcm9kdWN0X3ZvY2FidWxhcnkiLAogICAgInRlc3RzL3Rlc3RfaG90ZWxfZ29fZGlyZWN0X3ZvY2FidWxhcnkucHk6OnRlc3RfZ29fZGlyZWN0X3ZlcmlmaWVkX2RvZXNfbm90X2Zha2VfbGl2ZV90cmFuc2FjdGlv
2026-09-10T08:15:36.3921194Z GO_EVIDENCE_B64 biIsCiAgICAidGVzdHMvdGVzdF9ob3RlbF9wYXJ0bmVyX3NlbGZfb3BlcmF0aW5nX2NvcmUucHk6OnRlc3RfcHJvcGVydHlfbG93X3Jpc2tfc2VsZl9zZXJ2aWNlX2FuZF9oaWdoX3Jpc2tfY2hhbmdlX3JlcXVlc3QiLAogICAgInRlc3RzL3Rlc3RfaG90ZWxfcGFydG5lcl9zZWxmX29wZXJhdGluZ19jb3JlLnB5Ojp0ZXN0X3Jvb21fcHJvZHVjdF9ncmFwaF9wcmVzZXJ2ZXNfZGlzdGluY3RfbGF5ZXJzX2FuZF9vY2N1cGFuY3lfcnVsZXMiLAogICAgInRlc3RzL3Rlc3RfaG90ZWxfcGFydG5lcl9zZWxmX29wZXJhdGluZ19jb3Jl
2026-09-10T08:15:36.3926549Z GO_EVIDENCE_B64 LnB5Ojp0ZXN0X2ZhY2lsaXR5X3Vua25vd25faXNfbm90X25vX2FuZF9wb2xpY3lfaXNfbWFjaGluZV9yZWFkYWJsZSIsCiAgICAidGVzdHMvdGVzdF9ob3RlbF9wYXJ0bmVyX3NlbGZfb3BlcmF0aW5nX2NvcmUucHk6OnRlc3RfYXJpX3NlcGFyYXRlc19zZWxsX3N0YXR1c19pbnZlbnRvcnlfYW5kX3ByaWNlX3dpdGhfZGF0ZV9vdmVycmlkZSIsCiAgICAidGVzdHMvdGVzdF9ob3RlbF9wYXJ0bmVyX3NlbGZfb3BlcmF0aW5nX2NvcmUucHk6OnRlc3RfZnJlZV9zYWxlX2Nhbm5vdF9jYXJyeV9mYWtlX3Jvb21fY291bnQiLAogICAg
2026-09-10T08:15:36.3931957Z GO_EVIDENCE_B64 InRlc3RzL3Rlc3RfaG90ZWxfcGFydG5lcl9zZWxmX29wZXJhdGluZ19jb3JlLnB5Ojp0ZXN0X29wZXJhdGlvbmFsX2luYm94X2hhc19wcmlvcml0eV9zbGFfb3duZXJfc3RhdGVfYW5kX2V2aWRlbmNlIiwKICAgICJ0ZXN0cy90ZXN0X2hvdGVsX3BhcnRuZXJfc2VsZl9vcGVyYXRpbmdfY29yZS5weTo6dGVzdF9nb19vZmZlcl9zeXN0ZW1fZ2VuZXJhdGlvbl9yZXF1aXJlc19pc29sYXRlZF9hdXRob3JpemVkX3N1cHBseSIsCiAgICAidGVzdHMvdGVzdF9ob3RlbF9wYXJ0bmVyX3NlbGZfb3BlcmF0aW5nX2NvcmUucHk6OnRlc3Rf
2026-09-10T08:15:36.3937222Z GO_EVIDENCE_B64 Z29fb2ZmZXJfYW5kX2NvbW1lcmNpYWxfdmFsdWVfbmV2ZXJfYnV5X3JlY29tbWVuZGF0aW9uIiwKICAgICJ0ZXN0cy90ZXN0X2hvdGVsX3JlZ2lzdHJhdGlvbl9nb19kaXJlY3QucHk6OnRlc3RfZ29fZGlyZWN0X3ZvY2FidWxhcnlfYW5kX21pZ3JhdGlvbiIsCiAgICAidGVzdHMvdGVzdF9ob3RlbF9yZWdpc3RyYXRpb25fZ29fZGlyZWN0LnB5Ojp0ZXN0X3JlZ2lzdHJhdGlvbl92ZXJpZmljYXRpb25fZG9lc19ub3RfY2xhaW1fbGl2ZV90cmFuc2FjdGlvbiIsCiAgICAidGVzdHMvdGVzdF9ob3RlbF9yZWdpc3RyYXRpb25fZ29f
2026-09-10T08:15:36.3942628Z GO_EVIDENCE_B64 ZGlyZWN0LnB5Ojp0ZXN0X2xlZ2FjeV9jbGFpbV9wcm9kdWN0X3Rlcm1zX2Fic2VudF9mcm9tX2FjdGl2ZV9hdXRvcGFnZV9jb2RlIiwKICAgICJ0ZXN0cy90ZXN0X2hvdGVsX3N1cHBseV9zYW5kYm94X3JjMTQucHk6OnRlc3RfaW5saW5lX3NlY3JldF9pc19mb3JiaWRkZW4iLAogICAgInRlc3RzL3Rlc3RfaG90ZWxfc3VwcGx5X3NhbmRib3hfcmMxNC5weTo6dGVzdF9yZWFkaW5lc3Nfd2l0aG91dF9leHRlcm5hbF90cmFuc3BvcnRfaXNfZXhwbGljaXQiLAogICAgInRlc3RzL3Rlc3RfaG90ZWxfc3VwcGx5X3NhbmRib3hfcmMx
2026-09-10T08:15:36.3948027Z GO_EVIDENCE_B64 NC5weTo6dGVzdF9mcmFtZXdvcmtfY2VydGlmaWNhdGlvbl9jYW5ub3RfY2xhaW1fZXh0ZXJuYWxfY29ubmVjdGlvbiIsCiAgICAidGVzdHMvdGVzdF9ob3RlbF9zdXBwbHlfc2FuZGJveF9yYzE0LnB5Ojp0ZXN0X2V4dGVybmFsX2NlcnRpZmljYXRpb25fYmxvY2tzX3dpdGhvdXRfcHJvdmlkZXJfZXhlY3V0b3IiLAogICAgInRlc3RzL3Rlc3RfaG90ZWxfc3VwcGx5X3NhbmRib3hfcmMxNC5weTo6dGVzdF9tYXBwaW5nX3JlcXVpcmVzX3Jvb21fYW5kX3JhdGVfcGxhbiIsCiAgICAidGVzdHMvdGVzdF9pZGVtcG90ZW5jeS5weTo6
2026-09-10T08:15:36.3953797Z GO_EVIDENCE_B64 dGVzdF9jcmVhdGVfb3JkZXJfaWRlbXBvdGVudCIsCiAgICAidGVzdHMvdGVzdF9pZGVtcG90ZW5jeS5weTo6dGVzdF9pZGVtcG90ZW5jeV9jb25mbGljdCIsCiAgICAidGVzdHMvdGVzdF9tYXN0ZXIwM19jbG9zdXJlLnB5Ojp0ZXN0X2V4cG9ydF9pc19leHBsaWNpdF9vd25lcl9zY29wZWRfYW5kX2NvbXBhbmlvbl9wZXJtaXNzaW9uX2JvdW5kIiwKICAgICJ0ZXN0cy90ZXN0X21hc3RlcjAzX2Nsb3N1cmUucHk6OnRlc3RfdHJhdmVsZXJfZGVsZXRlX2VyYXNlc19yZXVzYWJsZV9zZW5zaXRpdmVfZGF0YV9hbmRfcmV2b2tlc19j
2026-09-10T08:15:36.3959173Z GO_EVIDENCE_B64 b25zZW50IiwKICAgICJ0ZXN0cy90ZXN0X21hc3RlcjAzX2Nsb3N1cmUucHk6OnRlc3Rfc2FtZV9uYW1lX2RvZXNfbm90X21lcmdlX2Rpc3RpbmN0X3Blb3BsZSIsCiAgICAidGVzdHMvdGVzdF9tYXN0ZXIwM19jbG9zdXJlLnB5Ojp0ZXN0X3VudXNhYmxlX3NlbnNpdGl2ZV9mYWN0X2lzX25ldmVyX3JlbGVhc2VkW3Bhc3RdIiwKICAgICJ0ZXN0cy90ZXN0X21hc3RlcjAzX2Nsb3N1cmUucHk6OnRlc3RfdW51c2FibGVfc2Vuc2l0aXZlX2ZhY3RfaXNfbmV2ZXJfcmVsZWFzZWRbZnV0dXJlXSIsCiAgICAidGVzdHMvdGVzdF9tYXN0
2026-09-10T08:15:36.3964442Z GO_EVIDENCE_B64 ZXIwM19jbG9zdXJlLnB5Ojp0ZXN0X3VudXNhYmxlX3NlbnNpdGl2ZV9mYWN0X2lzX25ldmVyX3JlbGVhc2VkW21hbGZvcm1lZF0iLAogICAgInRlc3RzL3Rlc3RfbWFzdGVyMDNfY2xvc3VyZS5weTo6dGVzdF9hdXRvbm9teV93aXRob3V0X3F1YWxpZmljYXRpb25fcmVnaXN0cnlfaXNfZGVuaWVkIiwKICAgICJ0ZXN0cy90ZXN0X21hc3RlcjAzX2Nsb3N1cmUucHk6OnRlc3RfYWxsX3NpeF9leHBsaWNpdF9jaGVja291dHNfYmluZF9hbW91bnRfYW5kX2NhcHR1cmVfb25jZSIsCiAgICAidGVzdHMvdGVzdF9tYXN0ZXIwM19pbnZl
2026-09-10T08:15:36.3969915Z GO_EVIDENCE_B64 bnRvcnlfc2VjdXJpdHkucHk6OnRlc3Rfb2ZmaWNpYWxfY2F0YWxvZ19kb2VzX25vdF9yZWxhYmVsX3VudmVyaWZpZWRfcG9saWNpZXMiLAogICAgInRlc3RzL3Rlc3RfbWFzdGVyMDNfaW52ZW50b3J5X3NlY3VyaXR5LnB5Ojp0ZXN0X2xhc3Rfcm9vbV9jb25jdXJyZW5jeV9hbmRfZHVwbGljYXRlX2NhbmNlbF9wcmVzZXJ2ZV9zdG9jayIsCiAgICAidGVzdHMvdGVzdF9tYXN0ZXIwM19pbnZlbnRvcnlfc2VjdXJpdHkucHk6OnRlc3RfbGFzdF9uaWdodF9mYWlsdXJlX2FuZF9jaGFuZ2VkX3ByaWNlX3JvbGxfYmFja19hbGxfaW52
2026-09-10T08:15:36.3975135Z GO_EVIDENCE_B64 ZW50b3J5IiwKICAgICJ0ZXN0cy90ZXN0X21hc3RlcjAzX2ludmVudG9yeV9zZWN1cml0eS5weTo6dGVzdF9oZWxkX3N0b2NrX293bmVyX2FuZF9wYXltZW50X3VuY2VydGFpbnR5X2FyZV9wcm90ZWN0ZWQiLAogICAgInRlc3RzL3Rlc3RfbWFzdGVyMDNfaW52ZW50b3J5X3NlY3VyaXR5LnB5Ojp0ZXN0X2ZhaWxlZF9yZXNjaGVkdWxlX3Jlc3RvcmVzX29yaWdpbmFsX25pZ2h0cyIsCiAgICAidGVzdHMvdGVzdF9tYXN0ZXIwM19pbnZlbnRvcnlfc2VjdXJpdHkucHk6OnRlc3RfcmVudGFsX2R1cmF0aW9uX3ByaWNpbmdfYW5kX2lu
2026-09-10T08:15:36.3980493Z GO_EVIDENCE_B64 dmFsaWRfcGVyaW9kcyIsCiAgICAidGVzdHMvdGVzdF9tYXN0ZXIwM19pbnZlbnRvcnlfc2VjdXJpdHkucHk6OnRlc3RfcHJvZHVjdGlvbl9sZWdhY3lfcm91dGVzX3JlcXVpcmVfaWRlbnRpdHlfYW5kX2Nhbm5vdF9zcG9vZl9vd25lciIsCiAgICAidGVzdHMvdGVzdF9tYXN0ZXJfdjYxXzA4MjJfcG9saWN5LnB5Ojp0ZXN0X21hc3Rlcl8wODIyX2NvbnRyb2xzIiwKICAgICJ0ZXN0cy90ZXN0X21hc3Rlcl92NjFfMDgyMl9wb2xpY3kucHk6OnRlc3Rfc3Vic2NyaXB0aW9uX3ByaWNpbmdfbG9ja2VkIiwKICAgICJ0ZXN0cy90ZXN0
2026-09-10T08:15:36.3985803Z GO_EVIDENCE_B64 X21hc3Rlcl92NjFfMDgyMl9wb2xpY3kucHk6OnRlc3RfZmluYW5jZV9iYXNlX291dHB1dHMiLAogICAgInRlc3RzL3Rlc3RfbWFzdGVyX3Y2MV8wODIyX3BvbGljeS5weTo6dGVzdF9nb19zdGFyX2VxdWl2YWxlbnRfbGFiZWxzIiwKICAgICJ0ZXN0cy90ZXN0X21hc3Rlcl92NjFfYWlfaW5mcmFzdHJ1Y3R1cmUucHk6OnRlc3RfdjYxX21hc3Rlcl9pZGVudGl0eSIsCiAgICAidGVzdHMvdGVzdF9tb3RoZXJfcGxhbl9wMF9wcm9kdWN0X3BhdGNoLnB5Ojp0ZXN0X2NoZWNraW5fZm91cl9zdGF0ZXNfcmVxdWlyZV9hdXRob3JpemVk
2026-09-10T08:15:36.3991142Z GO_EVIDENCE_B64 X2ZhY3RfYW5kX2JvYXJkaW5nX3Bhc3MiLAogICAgInRlc3RzL3Rlc3RfbW90aGVyX3BsYW5fcDBfcHJvZHVjdF9wYXRjaC5weTo6dGVzdF92ZXJpZmllZF9mbGlnaHRfZXZlbnRfYWRqdXN0c19nb19waWNrdXBfd2l0aF9ib3VuZGVkX2ZyZWVfd2FpdF9hbmRfbm9fZmFrZV9mbGVldF9jb25maXJtYXRpb24iLAogICAgInRlc3RzL3Rlc3RfbW90aGVyX3BsYW5fcDBfcHJvZHVjdF9wYXRjaC5weTo6dGVzdF9yZXF1aXJlbWVudF9idWlsZGVyX2ZvcmJpZHNfc2Vjb25kX3BhZ2VfbWljcm9waG9uZV9hbmRfa2VlcHNfdHlwZXNfaW5k
2026-09-10T08:15:36.3996452Z GO_EVIDENCE_B64 ZXBlbmRlbnRfb2ZfcXVvdGVfbW9kZSIsCiAgICAidGVzdHMvdGVzdF9tb3RoZXJfcGxhbl9wMF9wcm9kdWN0X3BhdGNoLnB5Ojp0ZXN0X3N5c3RlbV9xdW90ZV91c2VzX29ubHlfZGVkaWNhdGVkX2F1dGhvcml0eV9hbmRfc2VsZWN0aW9uX3JlcXVpcmVzX3JldmFsaWRhdGlvbiIsCiAgICAidGVzdHMvdGVzdF9tb3RoZXJfcGxhbl9wMF9wcm9kdWN0X3BhdGNoLnB5Ojp0ZXN0X21hbnVhbF9xdW90ZV9yZXF1aXJlc19zdXBwbGllcl9yZXZhbGlkYXRpb25fYmVmb3JlX29yZGVyX2hhbmRvZmYiLAogICAgInRlc3RzL3Rlc3RfbmFt
2026-09-10T08:15:36.4002043Z GO_EVIDENCE_B64 ZWRfc3VwcGxpZXJfZXh0ZXJuYWxfc2FuZGJveF9leGVjdXRpb24ucHk6OnRlc3RfbmFtZWRfc3VwcGxpZXJfbXVzdF9tYXRjaF9hcHByb3ZlZF9pbnRha2UiLAogICAgInRlc3RzL3Rlc3RfbmFtZWRfc3VwcGxpZXJfZXh0ZXJuYWxfc2FuZGJveF9leGVjdXRpb24ucHk6OnRlc3RfcmVxdWlyZWRfY2FwYWJpbGl0eV9tYW5pZmVzdF9pc19lbmZvcmNlZCIsCiAgICAidGVzdHMvdGVzdF9uYW1lZF9zdXBwbGllcl9leHRlcm5hbF9zYW5kYm94X2V4ZWN1dGlvbi5weTo6dGVzdF90ZW1wbGF0ZV9vbmx5X2JpbmRpbmdzX2Nhbm5vdF9y
2026-09-10T08:15:36.4009121Z GO_EVIDENCE_B64 ZXF1ZXN0X2V4ZWN1dGlvbl9hcHByb3ZhbCIsCiAgICAidGVzdHMvdGVzdF9uYW1lZF9zdXBwbGllcl9leHRlcm5hbF9zYW5kYm94X2V4ZWN1dGlvbi5weTo6dGVzdF9hdXRob3JpemF0aW9uX3JlcXVpcmVzX21ha2VyX2NoZWNrZXJfc2VwYXJhdGlvbiIsCiAgICAidGVzdHMvdGVzdF9uYW1lZF9zdXBwbGllcl9leHRlcm5hbF9zYW5kYm94X2V4ZWN1dGlvbi5weTo6dGVzdF9hcHByb3ZlZF9leGVjdXRpb25faXNfc3RpbGxfYmxvY2tlZF93aXRob3V0X3JlYWxfZXhlY3V0b3IiLAogICAgInRlc3RzL3Rlc3RfbmFtZWRfc3VwcGxp
2026-09-10T08:15:36.4018448Z GO_EVIDENCE_B64 ZXJfZXh0ZXJuYWxfc2FuZGJveF9leGVjdXRpb24ucHk6OnRlc3RfYmxvY2tlZF9hdHRlbXB0X2Nhbm5vdF9jcmVhdGVfZmFrZV90cmFuc3BvcnRfZXZpZGVuY2UiLAogICAgInRlc3RzL3Rlc3RfbmFtZWRfc3VwcGxpZXJfZXh0ZXJuYWxfc2FuZGJveF9leGVjdXRpb24ucHk6OnRlc3RfZGVjaXNpb25fbmV2ZXJfY2xhaW1zX2V4dGVybmFsX3ZlcmlmaWNhdGlvbl93aXRob3V0X3RyYW5zcG9ydCIsCiAgICAidGVzdHMvdGVzdF9vbW5pY2hhbm5lbF9wYXltZW50X2ZpbmFuY2Vfb3MucHk6OnRlc3RfZ2xvYmFsX2lkZW1wb3RlbmN5
2026-09-10T08:15:36.4027372Z GO_EVIDENCE_B64 X2FuZF9jaGFubmVsX3NlbGVjdGlvbiIsCiAgICAidGVzdHMvdGVzdF9vbW5pY2hhbm5lbF9wYXltZW50X2ZpbmFuY2Vfb3MucHk6OnRlc3RfdGltZW91dF9ibG9ja3NfcmVzZW5kX2FuZF9jaGFubmVsX2ZhbGxiYWNrIiwKICAgICJ0ZXN0cy90ZXN0X29tbmljaGFubmVsX3BheW1lbnRfZmluYW5jZV9vcy5weTo6dGVzdF9leHBsaWNpdF9mYWlsdXJlX2FsbG93c19jb25zZW50ZWRfc3dpdGNoX3dpdGhvdXRfc2lsZW50X2ZhbGxiYWNrIiwKICAgICJ0ZXN0cy90ZXN0X29tbmljaGFubmVsX3BheW1lbnRfZmluYW5jZV9vcy5weTo6
2026-09-10T08:15:36.4036488Z GO_EVIDENCE_B64 dGVzdF9ub25fb3JkZXJfb2JsaWdhdGlvbl9jYW5ub3RfY2xhaW1fb3JkZXJfcmVjb25jaWxpYXRpb24iLAogICAgInRlc3RzL3Rlc3Rfb21uaWNoYW5uZWxfcGF5bWVudF9maW5hbmNlX29zLnB5Ojp0ZXN0X3BsYWluX2NyZWRlbnRpYWxzX2FuZF9yZWFsX2V4ZWN1dG9yX2FyZV9ibG9ja2VkIiwKICAgICJ0ZXN0cy90ZXN0X29tbmljaGFubmVsX3BheW1lbnRfZmluYW5jZV9vcy5weTo6dGVzdF9zaWduZWRfd2ViaG9va19jb252ZXJnZXNfb25jZV9hbmRfcmVwbGF5X2lzX2lkZW1wb3RlbnQiLAogICAgInRlc3RzL3Rlc3Rfb3V0
2026-09-10T08:15:36.4047003Z GO_EVIDENCE_B64 Ym94X3Jlc2lsaWVuY2UucHk6OnRlc3Rfb3V0Ym94X3JldHJ5X3RoZW5fcHVibGlzaCIsCiAgICAidGVzdHMvdGVzdF9vdXRib3hfcmVzaWxpZW5jZS5weTo6dGVzdF9vdXRib3hfZGVhZF9sZXR0ZXJzX2FmdGVyX21heF9hdHRlbXB0cyIsCiAgICAidGVzdHMvdGVzdF9wMF8wMDk3XzAwOThfcmVidWlsZC5weTo6dGVzdF8wMDk3X3BlcnNpc3RzX2RpcmVjdF9maXJzdF9hbmRfMDA5OF9zZXJ2ZXJfcmVzb2x2ZXNfcGF5bWVudF90cnV0aCIsCiAgICAidGVzdHMvdGVzdF9wMF8wMDk3XzAwOThfcmVidWlsZC5weTo6dGVzdF8wMDk4
2026-09-10T08:15:36.4056866Z GO_EVIDENCE_B64 X2N1bXVsYXRpdmVfbW9uZXlfZ3VhcmRzX2FuZF9zY29wZWRfY2xvc2VfcmV2YWxpZGF0aW9uIiwKICAgICJ0ZXN0cy90ZXN0X3AwXzAwOTlfYXRvbWljX3RydXRoLnB5Ojp0ZXN0X29yZGVyX2hhc19zaW5nbGVfcGF5bWVudF9yb290X2V2ZW5fd2l0aF9kaWZmZXJlbnRfaWRlbXBvdGVuY3lfYW5kX2NoYW5uZWxfcmVxdWVzdCIsCiAgICAidGVzdHMvdGVzdF9wMF8wMDk5X2F0b21pY190cnV0aC5weTo6dGVzdF9hdXRob3JpemF0aW9uX2RvZXNfbm90X3Bvc3RfZ2xfY2FwdHVyZV9kb2VzX2FuZF9yZWNvbmNpbGlhdGlvbl9yZXF1
2026-09-10T08:15:36.4067154Z GO_EVIDENCE_B64 aXJlc19kdXJhYmxlX2V4dGVybmFsX2xpbmVzIiwKICAgICJ0ZXN0cy90ZXN0X3AwXzAwOTlfYXRvbWljX3RydXRoLnB5Ojp0ZXN0X2Nsb3NlX3Njb3BlX3VzZXNfbGVnYWxfZW50aXR5X2N1cnJlbmN5X2FuZF9wZXJpb2QiLAogICAgInRlc3RzL3Rlc3RfcDBfMDA5OV9hdG9taWNfdHJ1dGgucHk6OnRlc3RfcGF5bWVudF9zdWNjZXNzX2NyZWF0ZXNfc3VwcGxpZXJfZnVsZmlsbG1lbnRfYW5kX29ubHlfc3VwcGxpZXJfY29uZmlybWF0aW9uX2NvbmZpcm1zX29yZGVyX2FuZF90cmlwcyIsCiAgICAidGVzdHMvdGVzdF9wMF8wMTAw
2026-09-10T08:15:36.4078649Z GO_EVIDENCE_B64 X3Bvc3RncmVzX2NvbmN1cnJlbmN5LnB5Ojp0ZXN0X29yZGVyX3BheW1lbnRfcm9vdF91bmlxdWVfdW5kZXJfcG9zdGdyZXNfcmFjZSIsCiAgICAidGVzdHMvdGVzdF9wMF8wMTAwX3JlYWxfZXh0ZXJuYWxfZXhlY3V0aW9uLnB5Ojp0ZXN0XzAxMDBfcmVhbF90cmFuc3BvcnRfaXNfZmFpbF9jbG9zZWRfd2l0aG91dF9uZXR3b3JrX2VuYWJsZSIsCiAgICAidGVzdHMvdGVzdF9wMF8wMTAwX3JlYWxfZXh0ZXJuYWxfZXhlY3V0aW9uLnB5Ojp0ZXN0XzAxMDBfc2lnbmVkX3BzcF9hbmRfc3VwcGxpZXJfY2FsbGJhY2tzX2RyaXZlXzAw
2026-09-10T08:15:36.4088770Z GO_EVIDENCE_B64 OTlfdHJ1dGhfY2hhaW4iLAogICAgInRlc3RzL3Rlc3RfcDBfMDEwMF9yZWFsX2V4dGVybmFsX2V4ZWN1dGlvbi5weTo6dGVzdF8wMTAwX3NpZ25lZF9zZXR0bGVtZW50X2JhbmtfZmVlZF9hbmRfcmVjb25jaWxpYXRpb24iLAogICAgInRlc3RzL3Rlc3RfcDBfMDEwMV9uYW1lZF9wcm92aWRlcl9wcmVmbGlnaHQucHk6OnRlc3RfMDEwMV9uYW1lZF9wcm92aWRlcl9ydW5uZXJfZmFpbHNfY2xvc2VkX3dpdGhvdXRfY3JlZGVudGlhbHMiLAogICAgInRlc3RzL3Rlc3RfcDBfMDEwMV9wb3N0Z3Jlc19yYWNlX21hdHJpeC5weTo6dGVz
2026-09-10T08:15:36.4099598Z GO_EVIDENCE_B64 dF8wMTAxX29yZGVyX3BheW1lbnRfcm9vdF9leGFjdGx5X29uY2VfcG9zdGdyZXMiLAogICAgInRlc3RzL3Rlc3RfcDBfMDEwMV9wb3N0Z3Jlc19yYWNlX21hdHJpeC5weTo6dGVzdF8wMTAxX3dlYmhvb2tfZGVsaXZlcnlfcmVwbGF5X3VuaXF1ZV9wb3N0Z3JlcyIsCiAgICAidGVzdHMvdGVzdF9wMF8wMTAxX3Bvc3RncmVzX3JhY2VfbWF0cml4LnB5Ojp0ZXN0XzAxMDFfY2FwdHVyZV9yZWZ1bmRfc2VyaWFsaXphdGlvbl9wb3N0Z3JlcyIsCiAgICAidGVzdHMvdGVzdF9wMF8wMTAxX3Bvc3RncmVzX3JhY2VfbWF0cml4LnB5Ojp0
2026-09-10T08:15:36.4109838Z GO_EVIDENCE_B64 ZXN0XzAxMDFfZmluYW5jZV9jbG9zZV9hcHByb3ZhbF9yYWNlX3Bvc3RncmVzIiwKICAgICJ0ZXN0cy90ZXN0X3AwXzAxMDFfcG9zdGdyZXNfcmFjZV9tYXRyaXgucHk6OnRlc3RfMDEwMV9wb3N0Z3Jlc19zZXJ2ZXJfaXNfcmVhbF9wb3N0Z3JlcyIsCiAgICAidGVzdHMvdGVzdF9wMF9kZXNpZ25fY29kZV9mcmVlemUucHk6OnRlc3RfZGVzaWduX2FuZF9jb2RlX3N0YXRpY19mcmVlemVfaXNfY29tcGxldGVfYnlfcmVxdWlyZW1lbnRfY2hhaW4iLAogICAgInRlc3RzL3Rlc3RfcDBfZGVzaWduX2NvZGVfZnJlZXplLnB5Ojp0ZXN0
2026-09-10T08:15:36.4120205Z GO_EVIDENCE_B64 X3Byb3ZpZGVyX2NvbnRyYWN0c19hcmVfZnVsbF9hbmRfZmFpbF9jbG9zZWRfb25fdGltZW91dF9yZXRyeV9hbmRfdmVyc2lvbiIsCiAgICAidGVzdHMvdGVzdF9wMF9kZXNpZ25fY29kZV9mcmVlemUucHk6OnRlc3RfdmVydGljYWxfYWRhcHRlcl9yZXF1aXJlc19pZGVtcG90ZW5jeV9ldmlkZW5jZV9hbmRfYXR0ZXN0YXRpb24iLAogICAgInRlc3RzL3Rlc3RfcDBfZGVzaWduX2NvZGVfZnJlZXplLnB5Ojp0ZXN0X3Vuc3VwcG9ydGVkX3Byb3ZpZGVyX2NhcGFiaWxpdHlfaXNfcmVqZWN0ZWQiLAogICAgInRlc3RzL3Rlc3RfcDBf
2026-09-10T08:15:36.4130412Z GO_EVIDENCE_B64 ZGVzaWduX2NvZGVfZnJlZXplLnB5Ojp0ZXN0X2ZhbGxiYWNrX2Nhbm5vdF9tYXNxdWVyYWRlX2FzX29mZmljaWFsIiwKICAgICJ0ZXN0cy90ZXN0X3AwX2Rlc2lnbl9jb2RlX2ZyZWV6ZS5weTo6dGVzdF91bmtub3duX2V4dGVybmFsX3N0YXRlX2RvZXNfbm90X2JlY29tZV9zdWNjZXNzIiwKICAgICJ0ZXN0cy90ZXN0X3AwX2Rlc2lnbl9jb2RlX2ZyZWV6ZS5weTo6dGVzdF92ZXJ0aWNhbF9zcGVjaWZpY19jYXBhYmlsaXRpZXNfYW5kX2ZhY3RzX2FyZV9wcmVzZXJ2ZWQiLAogICAgInRlc3RzL3Rlc3RfcDBfZGVzaWduX2NvZGVf
2026-09-10T08:15:36.4140594Z GO_EVIDENCE_B64 ZnJlZXplLnB5Ojp0ZXN0X2NhbmNlbF9yZWZ1bmRfc3RhdGVfbWFjaGluZV9yZWplY3RzX2lsbGVnYWxfbWlzc2luZ19ldmlkZW5jZV9hbmRfdGVybWluYWxfbXV0YXRpb24iLAogICAgInRlc3RzL3Rlc3RfcDBfZGVzaWduX2NvZGVfZnJlZXplLnB5Ojp0ZXN0X3N0YXRpY19mcmVlemVfbmV2ZXJfY2xhaW1zX3J1bnRpbWVfY2VydGlmaWNhdGlvbiIsCiAgICAidGVzdHMvdGVzdF9wMF9maW5hbF9jbG9zdXJlX3Byb2dyYW0ucHk6OnRlc3RfZmluYWxfY2xvc3VyZV9kZXNpZ25fY29udHJhY3RfY292ZXJzX2FsbF9kYXkxX3ZlcnRp
2026-09-10T08:15:36.4151028Z GO_EVIDENCE_B64 Y2Fsc19hbmRfcmVmdW5kX3N0YXRlcyIsCiAgICAidGVzdHMvdGVzdF9wMF9maW5hbF9jbG9zdXJlX3Byb2dyYW0ucHk6OnRlc3RfZmluYWxfY2xvc3VyZV9zdGF0dXNfaXNfZmFpbF9jbG9zZWRfdW50aWxfcmVhbF9ydW50aW1lX2V2aWRlbmNlX2V4aXN0cyIsCiAgICAidGVzdHMvdGVzdF9wMF9maW5hbF9jbG9zdXJlX3Byb2dyYW0ucHk6OnRlc3RfZmluYWxfY2xvc3VyZV9idW5kbGVfaXNfYXBwZW5kX29ubHlfc25hcHNob3QiLAogICAgInRlc3RzL3Rlc3RfcDBfZmluYWxfdmlydHVhbF9jbG9zdXJlX3N0cmVzcy5weTo6dGVz
2026-09-10T08:15:36.4160956Z GO_EVIDENCE_B64 dF9zdHJlc3Nfc3VjY2Vzc2Z1bF9vcmRlcl9mb3Jtc19jbG9zZWRfbG9vcFtyb3VuZC0xXSIsCiAgICAidGVzdHMvdGVzdF9wMF9maW5hbF92aXJ0dWFsX2Nsb3N1cmVfc3RyZXNzLnB5Ojp0ZXN0X3N0cmVzc19zdWNjZXNzZnVsX29yZGVyX2Zvcm1zX2Nsb3NlZF9sb29wW3JvdW5kLTJdIiwKICAgICJ0ZXN0cy90ZXN0X3AwX2ZpbmFsX3ZpcnR1YWxfY2xvc3VyZV9zdHJlc3MucHk6OnRlc3Rfc3RyZXNzX3N1Y2Nlc3NmdWxfb3JkZXJfZm9ybXNfY2xvc2VkX2xvb3Bbcm91bmQtM10iLAogICAgInRlc3RzL3Rlc3RfcDBfZmluYWxf
2026-09-10T08:15:36.4170904Z GO_EVIDENCE_B64 dmlydHVhbF9jbG9zdXJlX3N0cmVzcy5weTo6dGVzdF9zdHJlc3Nfc3VjY2Vzc2Z1bF9vcmRlcl9mb3Jtc19jbG9zZWRfbG9vcFtyb3VuZC00XSIsCiAgICAidGVzdHMvdGVzdF9wMF9maW5hbF92aXJ0dWFsX2Nsb3N1cmVfc3RyZXNzLnB5Ojp0ZXN0X3N0cmVzc19zdWNjZXNzZnVsX29yZGVyX2Zvcm1zX2Nsb3NlZF9sb29wW3JvdW5kLTVdIiwKICAgICJ0ZXN0cy90ZXN0X3AwX2ZpbmFsX3ZpcnR1YWxfY2xvc3VyZV9zdHJlc3MucHk6OnRlc3Rfc3RyZXNzX2R1cGxpY2F0ZV9wYXltZW50X2F0dGFja19pc19ibG9ja2VkW3JvdW5k
2026-09-10T08:15:36.4180745Z GO_EVIDENCE_B64 LTFdIiwKICAgICJ0ZXN0cy90ZXN0X3AwX2ZpbmFsX3ZpcnR1YWxfY2xvc3VyZV9zdHJlc3MucHk6OnRlc3Rfc3RyZXNzX2R1cGxpY2F0ZV9wYXltZW50X2F0dGFja19pc19ibG9ja2VkW3JvdW5kLTJdIiwKICAgICJ0ZXN0cy90ZXN0X3AwX2ZpbmFsX3ZpcnR1YWxfY2xvc3VyZV9zdHJlc3MucHk6OnRlc3Rfc3RyZXNzX2R1cGxpY2F0ZV9wYXltZW50X2F0dGFja19pc19ibG9ja2VkW3JvdW5kLTNdIiwKICAgICJ0ZXN0cy90ZXN0X3AwX2ZpbmFsX3ZpcnR1YWxfY2xvc3VyZV9zdHJlc3MucHk6OnRlc3Rfc3RyZXNzX2R1cGxpY2F0
2026-09-10T08:15:36.4191224Z GO_EVIDENCE_B64 ZV9wYXltZW50X2F0dGFja19pc19ibG9ja2VkW3JvdW5kLTRdIiwKICAgICJ0ZXN0cy90ZXN0X3AwX2ZpbmFsX3ZpcnR1YWxfY2xvc3VyZV9zdHJlc3MucHk6OnRlc3Rfc3RyZXNzX2R1cGxpY2F0ZV9wYXltZW50X2F0dGFja19pc19ibG9ja2VkW3JvdW5kLTVdIiwKICAgICJ0ZXN0cy90ZXN0X3AwX2ZpbmFsX3ZpcnR1YWxfY2xvc3VyZV9zdHJlc3MucHk6OnRlc3Rfc3RyZXNzX3N1cHBsaWVyX3RpbWVvdXRfc3RheXNfdW5rbm93bl91bnRpbF9yZWNvbmNpbGVkW3JvdW5kLTFdIiwKICAgICJ0ZXN0cy90ZXN0X3AwX2ZpbmFsX3Zp
2026-09-10T08:15:36.4201215Z GO_EVIDENCE_B64 cnR1YWxfY2xvc3VyZV9zdHJlc3MucHk6OnRlc3Rfc3RyZXNzX3N1cHBsaWVyX3RpbWVvdXRfc3RheXNfdW5rbm93bl91bnRpbF9yZWNvbmNpbGVkW3JvdW5kLTJdIiwKICAgICJ0ZXN0cy90ZXN0X3AwX2ZpbmFsX3ZpcnR1YWxfY2xvc3VyZV9zdHJlc3MucHk6OnRlc3Rfc3RyZXNzX3N1cHBsaWVyX3RpbWVvdXRfc3RheXNfdW5rbm93bl91bnRpbF9yZWNvbmNpbGVkW3JvdW5kLTNdIiwKICAgICJ0ZXN0cy90ZXN0X3AwX2ZpbmFsX3ZpcnR1YWxfY2xvc3VyZV9zdHJlc3MucHk6OnRlc3Rfc3RyZXNzX3N1cHBsaWVyX3RpbWVvdXRf
2026-09-10T08:15:36.4211160Z GO_EVIDENCE_B64 c3RheXNfdW5rbm93bl91bnRpbF9yZWNvbmNpbGVkW3JvdW5kLTRdIiwKICAgICJ0ZXN0cy90ZXN0X3AwX2ZpbmFsX3ZpcnR1YWxfY2xvc3VyZV9zdHJlc3MucHk6OnRlc3Rfc3RyZXNzX3N1cHBsaWVyX3RpbWVvdXRfc3RheXNfdW5rbm93bl91bnRpbF9yZWNvbmNpbGVkW3JvdW5kLTVdIiwKICAgICJ0ZXN0cy90ZXN0X3AwX2ZpbmFsX3ZpcnR1YWxfY2xvc3VyZV9zdHJlc3MucHk6OnRlc3Rfc3RyZXNzX3BheW1lbnRfd2ViaG9va19yZXBsYXlfaXNfaWRlbXBvdGVudFtyb3VuZC0xXSIsCiAgICAidGVzdHMvdGVzdF9wMF9maW5h
2026-09-10T08:15:36.4221371Z GO_EVIDENCE_B64 bF92aXJ0dWFsX2Nsb3N1cmVfc3RyZXNzLnB5Ojp0ZXN0X3N0cmVzc19wYXltZW50X3dlYmhvb2tfcmVwbGF5X2lzX2lkZW1wb3RlbnRbcm91bmQtMl0iLAogICAgInRlc3RzL3Rlc3RfcDBfZmluYWxfdmlydHVhbF9jbG9zdXJlX3N0cmVzcy5weTo6dGVzdF9zdHJlc3NfcGF5bWVudF93ZWJob29rX3JlcGxheV9pc19pZGVtcG90ZW50W3JvdW5kLTNdIiwKICAgICJ0ZXN0cy90ZXN0X3AwX2ZpbmFsX3ZpcnR1YWxfY2xvc3VyZV9zdHJlc3MucHk6OnRlc3Rfc3RyZXNzX3BheW1lbnRfd2ViaG9va19yZXBsYXlfaXNfaWRlbXBvdGVu
2026-09-10T08:15:36.4231426Z GO_EVIDENCE_B64 dFtyb3VuZC00XSIsCiAgICAidGVzdHMvdGVzdF9wMF9maW5hbF92aXJ0dWFsX2Nsb3N1cmVfc3RyZXNzLnB5Ojp0ZXN0X3N0cmVzc19wYXltZW50X3dlYmhvb2tfcmVwbGF5X2lzX2lkZW1wb3RlbnRbcm91bmQtNV0iLAogICAgInRlc3RzL3Rlc3RfcDBfZmluYWxfdmlydHVhbF9jbG9zdXJlX3N0cmVzcy5weTo6dGVzdF9zdHJlc3NfY2FuY2VsX3JlZnVuZF9mdWxsX3BhdGhfYW5kX3Rlcm1pbmFsX2ltbXV0YWJpbGl0eVtyb3VuZC0xXSIsCiAgICAidGVzdHMvdGVzdF9wMF9maW5hbF92aXJ0dWFsX2Nsb3N1cmVfc3RyZXNzLnB5
2026-09-10T08:15:36.4241517Z GO_EVIDENCE_B64 Ojp0ZXN0X3N0cmVzc19jYW5jZWxfcmVmdW5kX2Z1bGxfcGF0aF9hbmRfdGVybWluYWxfaW1tdXRhYmlsaXR5W3JvdW5kLTJdIiwKICAgICJ0ZXN0cy90ZXN0X3AwX2ZpbmFsX3ZpcnR1YWxfY2xvc3VyZV9zdHJlc3MucHk6OnRlc3Rfc3RyZXNzX2NhbmNlbF9yZWZ1bmRfZnVsbF9wYXRoX2FuZF90ZXJtaW5hbF9pbW11dGFiaWxpdHlbcm91bmQtM10iLAogICAgInRlc3RzL3Rlc3RfcDBfZmluYWxfdmlydHVhbF9jbG9zdXJlX3N0cmVzcy5weTo6dGVzdF9zdHJlc3NfY2FuY2VsX3JlZnVuZF9mdWxsX3BhdGhfYW5kX3Rlcm1pbmFs
2026-09-10T08:15:36.4251104Z GO_EVIDENCE_B64 X2ltbXV0YWJpbGl0eVtyb3VuZC00XSIsCiAgICAidGVzdHMvdGVzdF9wMF9maW5hbF92aXJ0dWFsX2Nsb3N1cmVfc3RyZXNzLnB5Ojp0ZXN0X3N0cmVzc19jYW5jZWxfcmVmdW5kX2Z1bGxfcGF0aF9hbmRfdGVybWluYWxfaW1tdXRhYmlsaXR5W3JvdW5kLTVdIiwKICAgICJ0ZXN0cy90ZXN0X3AwX2ZpbmFsX3ZpcnR1YWxfY2xvc3VyZV9zdHJlc3MucHk6OnRlc3Rfc3RyZXNzX3BhcnRpYWxfcmVmdW5kX2lzX2JvdW5kZWRfYW5kX2Nhbl9jb21wbGV0ZV9yZW1haW5pbmdfcmVmdW5kW3JvdW5kLTFdIiwKICAgICJ0ZXN0cy90ZXN0
2026-09-10T08:15:36.4261119Z GO_EVIDENCE_B64 X3AwX2ZpbmFsX3ZpcnR1YWxfY2xvc3VyZV9zdHJlc3MucHk6OnRlc3Rfc3RyZXNzX3BhcnRpYWxfcmVmdW5kX2lzX2JvdW5kZWRfYW5kX2Nhbl9jb21wbGV0ZV9yZW1haW5pbmdfcmVmdW5kW3JvdW5kLTJdIiwKICAgICJ0ZXN0cy90ZXN0X3AwX2ZpbmFsX3ZpcnR1YWxfY2xvc3VyZV9zdHJlc3MucHk6OnRlc3Rfc3RyZXNzX3BhcnRpYWxfcmVmdW5kX2lzX2JvdW5kZWRfYW5kX2Nhbl9jb21wbGV0ZV9yZW1haW5pbmdfcmVmdW5kW3JvdW5kLTNdIiwKICAgICJ0ZXN0cy90ZXN0X3AwX2ZpbmFsX3ZpcnR1YWxfY2xvc3VyZV9zdHJl
2026-09-10T08:15:36.4271074Z GO_EVIDENCE_B64 c3MucHk6OnRlc3Rfc3RyZXNzX3BhcnRpYWxfcmVmdW5kX2lzX2JvdW5kZWRfYW5kX2Nhbl9jb21wbGV0ZV9yZW1haW5pbmdfcmVmdW5kW3JvdW5kLTRdIiwKICAgICJ0ZXN0cy90ZXN0X3AwX2ZpbmFsX3ZpcnR1YWxfY2xvc3VyZV9zdHJlc3MucHk6OnRlc3Rfc3RyZXNzX3BhcnRpYWxfcmVmdW5kX2lzX2JvdW5kZWRfYW5kX2Nhbl9jb21wbGV0ZV9yZW1haW5pbmdfcmVmdW5kW3JvdW5kLTVdIiwKICAgICJ0ZXN0cy90ZXN0X3AwX2ZpbmFsX3ZpcnR1YWxfY2xvc3VyZV9zdHJlc3MucHk6OnRlc3Rfc3RyZXNzX3JlY29uY2lsaWF0
2026-09-10T08:15:36.4281726Z GO_EVIDENCE_B64 aW9uX21pc21hdGNoX2Jsb2Nrc19tYXRjaF9hbmRfY2xvc2Vbcm91bmQtMV0iLAogICAgInRlc3RzL3Rlc3RfcDBfZmluYWxfdmlydHVhbF9jbG9zdXJlX3N0cmVzcy5weTo6dGVzdF9zdHJlc3NfcmVjb25jaWxpYXRpb25fbWlzbWF0Y2hfYmxvY2tzX21hdGNoX2FuZF9jbG9zZVtyb3VuZC0yXSIsCiAgICAidGVzdHMvdGVzdF9wMF9maW5hbF92aXJ0dWFsX2Nsb3N1cmVfc3RyZXNzLnB5Ojp0ZXN0X3N0cmVzc19yZWNvbmNpbGlhdGlvbl9taXNtYXRjaF9ibG9ja3NfbWF0Y2hfYW5kX2Nsb3NlW3JvdW5kLTNdIiwKICAgICJ0ZXN0
2026-09-10T08:15:36.4291462Z GO_EVIDENCE_B64 cy90ZXN0X3AwX2ZpbmFsX3ZpcnR1YWxfY2xvc3VyZV9zdHJlc3MucHk6OnRlc3Rfc3RyZXNzX3JlY29uY2lsaWF0aW9uX21pc21hdGNoX2Jsb2Nrc19tYXRjaF9hbmRfY2xvc2Vbcm91bmQtNF0iLAogICAgInRlc3RzL3Rlc3RfcDBfZmluYWxfdmlydHVhbF9jbG9zdXJlX3N0cmVzcy5weTo6dGVzdF9zdHJlc3NfcmVjb25jaWxpYXRpb25fbWlzbWF0Y2hfYmxvY2tzX21hdGNoX2FuZF9jbG9zZVtyb3VuZC01XSIsCiAgICAidGVzdHMvdGVzdF9wMF9maW5hbF92aXJ0dWFsX2Nsb3N1cmVfc3RyZXNzLnB5Ojp0ZXN0X3N0cmVzc19j
2026-09-10T08:15:36.4300747Z GO_EVIDENCE_B64 bG9zZV9yYWNlX3JlcXVpcmVzX3JlcHJlcGFyZV9hZnRlcl9zY29wZV9jaGFuZ2Vbcm91bmQtMV0iLAogICAgInRlc3RzL3Rlc3RfcDBfZmluYWxfdmlydHVhbF9jbG9zdXJlX3N0cmVzcy5weTo6dGVzdF9zdHJlc3NfY2xvc2VfcmFjZV9yZXF1aXJlc19yZXByZXBhcmVfYWZ0ZXJfc2NvcGVfY2hhbmdlW3JvdW5kLTJdIiwKICAgICJ0ZXN0cy90ZXN0X3AwX2ZpbmFsX3ZpcnR1YWxfY2xvc3VyZV9zdHJlc3MucHk6OnRlc3Rfc3RyZXNzX2Nsb3NlX3JhY2VfcmVxdWlyZXNfcmVwcmVwYXJlX2FmdGVyX3Njb3BlX2NoYW5nZVtyb3Vu
2026-09-10T08:15:36.4310250Z GO_EVIDENCE_B64 ZC0zXSIsCiAgICAidGVzdHMvdGVzdF9wMF9maW5hbF92aXJ0dWFsX2Nsb3N1cmVfc3RyZXNzLnB5Ojp0ZXN0X3N0cmVzc19jbG9zZV9yYWNlX3JlcXVpcmVzX3JlcHJlcGFyZV9hZnRlcl9zY29wZV9jaGFuZ2Vbcm91bmQtNF0iLAogICAgInRlc3RzL3Rlc3RfcDBfZmluYWxfdmlydHVhbF9jbG9zdXJlX3N0cmVzcy5weTo6dGVzdF9zdHJlc3NfY2xvc2VfcmFjZV9yZXF1aXJlc19yZXByZXBhcmVfYWZ0ZXJfc2NvcGVfY2hhbmdlW3JvdW5kLTVdIiwKICAgICJ0ZXN0cy90ZXN0X3BhcmVudF9pbXBsZW1lbnRhdGlvbl9jb2RlX3Jl
2026-09-10T08:15:36.4320243Z GO_EVIDENCE_B64 dmlld19kZWJ0X2Nsb3N1cmUucHk6OnRlc3RfdHJhdmVsX2ludGVsbGlnZW5jZV9hcGlfaWRlbXBvdGVuY3lfcmVwbGF5c19hbmRfY29uZmxpY3RzIiwKICAgICJ0ZXN0cy90ZXN0X3BhcmVudF9pbXBsZW1lbnRhdGlvbl9jb2RlX3Jldmlld19kZWJ0X2Nsb3N1cmUucHk6OnRlc3RfdGlfbXV0YXRpb25fcm91dGVzX2FsbF91c2VfcmVxdWVzdF9pZGVtcG90ZW5jeV9ndWFyZCIsCiAgICAidGVzdHMvdGVzdF9wYXJlbnRfaW1wbGVtZW50YXRpb25fY29kZV9yZXZpZXdfZGVidF9jbG9zdXJlLnB5Ojp0ZXN0X2Nvc3RfZ292ZXJub3Jf
2026-09-10T08:15:36.4330166Z GO_EVIDENCE_B64 aGFyZF9idWRnZXRzX3F1YWxpdHlfcHJpY2VfYW5kX2NpcmN1aXQiLAogICAgInRlc3RzL3Rlc3RfcGFyZW50X2ltcGxlbWVudGF0aW9uX2NvZGVfcmV2aWV3X2RlYnRfY2xvc3VyZS5weTo6dGVzdF9jb3N0X2dvdmVybm9yX3Nlc3Npb25fc2NvcGVfYW5kX3JldmVudWVfbWV0cmljcyIsCiAgICAidGVzdHMvdGVzdF9wYXJlbnRfaW1wbGVtZW50YXRpb25fY29kZV9yZXZpZXdfZGVidF9jbG9zdXJlLnB5Ojp0ZXN0X2N1cnJlbnRfc291cmNlX2hlYWRfYW5kX3VwZ3JhZGVfZG93bmdyYWRlX3JvdW5kdHJpcCIsCiAgICAidGVzdHMv
2026-09-10T08:15:36.4340212Z GO_EVIDENCE_B64 dGVzdF9wYXJlbnRfcDBfdHJhdmVsX2ludGVsbGlnZW5jZV9ob3RlbF9pbmZyYS5weTo6dGVzdF90aWVyNV9hZG1pc3Npb25fZml2ZV9zdGFyX29yX2ZpdmVfZGlhbW9uZF9vbmx5IiwKICAgICJ0ZXN0cy90ZXN0X3BhcmVudF9wMF90cmF2ZWxfaW50ZWxsaWdlbmNlX2hvdGVsX2luZnJhLnB5Ojp0ZXN0X3JlZ2lvbmFsX3N0YXJfdGllcl91c2VzX2V2aWRlbmNlX3J1bGUiLAogICAgInRlc3RzL3Rlc3RfcGFyZW50X3AwX3RyYXZlbF9pbnRlbGxpZ2VuY2VfaG90ZWxfaW5mcmEucHk6OnRlc3RfbmF0aW9uYWxfdGllcl9zZXF1ZW5j
2026-09-10T08:15:36.4350442Z GO_EVIDENCE_B64 ZV9zdGFydHNfNV90aGVuXzQiLAogICAgInRlc3RzL3Rlc3RfcGF5bWVudF9mYWlsdXJlLnB5Ojp0ZXN0X3BheW1lbnRfZGVjbGluZV9kb2VzX25vdF9jb25maXJtX29yZGVyIiwKICAgICJ0ZXN0cy90ZXN0X3BheW1lbnRfZmFpbHVyZS5weTo6dGVzdF9kZWNsaW5lZF9wYXltZW50X2Nhbl9yZXRyeV93aXRoX25ld19leHRlcm5hbF9vcGVyYXRpb24iLAogICAgInRlc3RzL3Rlc3RfcGVyc2lzdGVuY2UucHk6OnRlc3Rfc3RhdGVfZXZlbnRfYW5kX291dGJveF9hcmVfcGVyc2lzdGVkIiwKICAgICJ0ZXN0cy90ZXN0X3BlcnNpc3Rl
2026-09-10T08:15:36.4360396Z GO_EVIDENCE_B64 bmNlLnB5Ojp0ZXN0X2lkZW1wb3RlbmN5X2lzX2R1cmFibGUiLAogICAgInRlc3RzL3Rlc3RfcGVyc2lzdGVuY2UucHk6OnRlc3Rfb3V0Ym94X2Nhbl9iZV9kcmFpbmVkIiwKICAgICJ0ZXN0cy90ZXN0X3BlcnNvbmFsX3RyYXZlbF92YXVsdC5weTo6dGVzdF9zY3JlZW5zaG90X2ltcG9ydF9yZXF1aXJlc19yZXZpZXdfYW5kX21hc2tzX3NlbnNpdGl2ZV9mYWN0IiwKICAgICJ0ZXN0cy90ZXN0X3BlcnNvbmFsX3RyYXZlbF92YXVsdC5weTo6dGVzdF9zZW5zaXRpdmVfcmVsZWFzZV9yZXF1aXJlc19jb25zZW50X2FuZF9yZWxlYXNl
2026-09-10T08:15:36.4370790Z GO_EVIDENCE_B64 c19vbmx5X3JlcXVlc3RlZF9maWVsZHMiLAogICAgInRlc3RzL3Rlc3RfcGVyc29uYWxfdHJhdmVsX3ZhdWx0LnB5Ojp0ZXN0X2ltcG9ydF9pZGVtcG90ZW5jeV9hbmRfY29uZmxpY3Rfbm9fc2lsZW50X292ZXJ3cml0ZSIsCiAgICAidGVzdHMvdGVzdF9wZXJzb25hbF90cmF2ZWxfdmF1bHQucHk6OnRlc3RfY29tcGxldGVuZXNzX2lzX2NhcGFiaWxpdHlfYmFzZWRfbm90X3BlcmNlbnRfb25seSIsCiAgICAidGVzdHMvdGVzdF9wZXJzb25hbF90cmF2ZWxfdmF1bHQucHk6OnRlc3RfY29uc3VtZXJfY2Fubm90X3NlbGZfYXNzZXJ0
2026-09-10T08:15:36.4380458Z GO_EVIDENCE_B64 X29mZmljaWFsX29yX3ZlcmlmaWVkX3NvdXJjZSIsCiAgICAidGVzdHMvdGVzdF9waGFzZTFfY3Jvc3NfZG9tYWluX2Nsb3N1cmUucHk6OnRlc3RfYWxsX2RheV9vbmVfdmVydGljYWxzX3NoYXJlX3JlcXVpcmVkX2NhcGFiaWxpdHlfY29udHJhY3QiLAogICAgInRlc3RzL3Rlc3RfcGhhc2UxX2Nyb3NzX2RvbWFpbl9jbG9zdXJlLnB5Ojp0ZXN0X2RpcmVjdF9maXJzdF93aW5zX2V2ZW5fd2hlbl9mYWxsYmFja19pc19wcmVzZW50IiwKICAgICJ0ZXN0cy90ZXN0X3BoYXNlMV9jcm9zc19kb21haW5fY2xvc3VyZS5weTo6dGVzdF9m
2026-09-10T08:15:36.4390287Z GO_EVIDENCE_B64 YWxsYmFja19yZXF1aXJlc19hdXRob3JpdHlfYXZhaWxhYmlsaXR5X2FuZF9ldmlkZW5jZSIsCiAgICAidGVzdHMvdGVzdF9waGFzZTFfY3Jvc3NfZG9tYWluX2Nsb3N1cmUucHk6OnRlc3RfZXZpZGVuY2VfcG9saWN5X2ZvcmJpZHNfdGltZW91dF9yZXNlbmRfYW5kX21vY2tfc3VjY2VzcyIsCiAgICAidGVzdHMvdGVzdF9wb3N0X3N0YXlfZGlzcHV0ZV9yZWZ1bmRfcmVjb25jaWxpYXRpb24ucHk6OnRlc3RfdGhyZWVfcGFydHlfY2FzZV90eXBlc19hbmRfb3Blbl9jYXNlX2ZyZWV6ZV9zZXR0bGVtZW50IiwKICAgICJ0ZXN0cy90
2026-09-10T08:15:36.4399902Z GO_EVIDENCE_B64 ZXN0X3Bvc3Rfc3RheV9kaXNwdXRlX3JlZnVuZF9yZWNvbmNpbGlhdGlvbi5weTo6dGVzdF9pbWFnZV9maWxlX2NvbW11bmljYXRpb25fdGltZWxpbmVfZXZpZGVuY2VfYW5kX3Jlc3BvbnNlcyIsCiAgICAidGVzdHMvdGVzdF9wb3N0X3N0YXlfZGlzcHV0ZV9yZWZ1bmRfcmVjb25jaWxpYXRpb24ucHk6OnRlc3Rfc2xhX2VzY2FsYXRpb25fYW5kX21lZGlhdGlvbl9hcmVfZXZpZGVuY2VkIiwKICAgICJ0ZXN0cy90ZXN0X3Bvc3Rfc3RheV9kaXNwdXRlX3JlZnVuZF9yZWNvbmNpbGlhdGlvbi5weTo6dGVzdF9kZWNpc2lvbl9yZXF1
2026-09-10T08:15:36.4409929Z GO_EVIDENCE_B64 aXJlc19tYWtlcl9jaGVja2VyX2FuZF9ibG9ja3NfZXhjZXNzX3JlZnVuZCIsCiAgICAidGVzdHMvdGVzdF9wb3N0X3N0YXlfZGlzcHV0ZV9yZWZ1bmRfcmVjb25jaWxpYXRpb24ucHk6OnRlc3RfcGFydGlhbF9yZWZ1bmRfaXNfY29udHJhY3Rfb25seV9pZGVtcG90ZW50X2FuZF9uZXZlcl9leGVjdXRlcyIsCiAgICAidGVzdHMvdGVzdF9wb3N0X3N0YXlfZGlzcHV0ZV9yZWZ1bmRfcmVjb25jaWxpYXRpb24ucHk6OnRlc3Rfbm9fcmVmdW5kX3JlcXVpcmVzX3plcm9fYW5kX3Byb2R1Y2VzX25vX3JlZnVuZF9lbGlnaWJpbGl0eSIs
2026-09-10T08:15:36.4419857Z GO_EVIDENCE_B64 CiAgICAidGVzdHMvdGVzdF9wb3N0X3N0YXlfZGlzcHV0ZV9yZWZ1bmRfcmVjb25jaWxpYXRpb24ucHk6OnRlc3Rfam9pbnRfcmVjb25jaWxpYXRpb25fZGV0ZWN0c19hbmRfcmVjb3Jkc19jb250cmFjdF9hbW91bnRzIiwKICAgICJ0ZXN0cy90ZXN0X3Bvc3Rfc3RheV9kaXNwdXRlX3JlZnVuZF9yZWNvbmNpbGlhdGlvbi5weTo6dGVzdF9jYXNlX2Nsb3NlX3JlcXVpcmVzX2RlY2lzaW9uX2FuZF9jcmVhdGVzX2ltbXV0YWJsZV9zdW1tYXJ5X2hhc2giLAogICAgInRlc3RzL3Rlc3RfcHJvZHVjdGlvbl9jb25uZWN0b3JfbGl2ZV9n
2026-09-10T08:15:36.4429883Z GO_EVIDENCE_B64 YXRlLnB5Ojp0ZXN0X2VuZ2luZWVyaW5nX29yX3NhbmRib3hfYWRhcHRlcl9uZXZlcl9wYXNzZXNfbGl2ZV9nYXRlIiwKICAgICJ0ZXN0cy90ZXN0X3Byb2R1Y3Rpb25fY29ubmVjdG9yX2xpdmVfZ2F0ZS5weTo6dGVzdF9pbmxpbmVfc2VjcmV0X2lzX2ZvcmJpZGRlbl9hbmRfZXh0ZXJuYWxfcmVmZXJlbmNlX3JlcXVpcmVkIiwKICAgICJ0ZXN0cy90ZXN0X3Byb2R1Y3Rpb25fY29ubmVjdG9yX2xpdmVfZ2F0ZS5weTo6dGVzdF9wcm9kdWN0aW9uX2NlcnRpZmljYXRpb25fcmVxdWlyZXNfc2FuZGJveF9maXJzdF9pbl9zdGF0ZV9t
2026-09-10T08:15:36.4439886Z GO_EVIDENCE_B64 YWNoaW5lIiwKICAgICJ0ZXN0cy90ZXN0X3Byb2R1Y3Rpb25fY29ubmVjdG9yX2xpdmVfZ2F0ZS5weTo6dGVzdF9saXZlX2dhdGVfYmxvY2tzX21pc3NpbmdfY29udHJhY3RfY2VydGlmaWNhdGlvbl9vYnNlcnZhYmlsaXR5X2FuZF9mYWlsX3NhZmUiLAogICAgInRlc3RzL3Rlc3RfcHJvZHVjdGlvbl9jb25uZWN0b3JfbGl2ZV9nYXRlLnB5Ojp0ZXN0X2Z1bGxfZ2F0ZV90aGVuX21ha2VyX2NoZWNrZXJfYWN0aXZhdGlvbl9yZWFjaGVzX2xpdmUiLAogICAgInRlc3RzL3Rlc3RfcHJvZHVjdGlvbl9jb25uZWN0b3JfbGl2ZV9nYXRl
2026-09-10T08:15:36.4449654Z GO_EVIDENCE_B64 LnB5Ojp0ZXN0X2tpbGxfc3dpdGNoX3N1c3BlbmRzX2xpdmVfY29ubmVjdG9yX2FuZF9yZWNvcmRzX2ZhaWxfc2FmZSIsCiAgICAidGVzdHMvdGVzdF9wcm9kdWN0aW9uX2Nvbm5lY3Rvcl9ydW50aW1lX2VuZm9yY2VtZW50LnB5Ojp0ZXN0X25vbl9saXZlX2Nvbm5lY3Rvcl9pc19kZW5pZWRfYmVmb3JlX3N1cHBsaWVyX211dGF0aW9uIiwKICAgICJ0ZXN0cy90ZXN0X3Byb2R1Y3Rpb25fY29ubmVjdG9yX3J1bnRpbWVfZW5mb3JjZW1lbnQucHk6OnRlc3Rfb3BlcmF0aW9uX2lkZW1wb3RlbmN5X3JldXNlc19zYW1lX29wZXJhdGlv
2026-09-10T08:15:36.4459868Z GO_EVIDENCE_B64 bl9hbmRfcmVqZWN0c19wYXlsb2FkX2RyaWZ0IiwKICAgICJ0ZXN0cy90ZXN0X3Byb2R1Y3Rpb25fY29ubmVjdG9yX3J1bnRpbWVfZW5mb3JjZW1lbnQucHk6OnRlc3Rfc2lnbmVkX3dlYmhvb2tfY29udmVyZ2VzX29wZXJhdGlvbl9hbmRfZHVwbGljYXRlX2RlbGl2ZXJ5X2lzX3JlcGxheV9zYWZlIiwKICAgICJ0ZXN0cy90ZXN0X3Byb2R1Y3Rpb25fY29ubmVjdG9yX3J1bnRpbWVfZW5mb3JjZW1lbnQucHk6OnRlc3RfcmVwZWF0ZWRfaW52YWxpZF93ZWJob29rX3NpZ25hdHVyZXNfZW5nYWdlX2ZhaWxfc2FmZV9hbmRfc3VzcGVu
2026-09-10T08:15:36.4470270Z GO_EVIDENCE_B64 ZCIsCiAgICAidGVzdHMvdGVzdF9wcm9kdWN0aW9uX2Nvbm5lY3Rvcl9ydW50aW1lX2VuZm9yY2VtZW50LnB5Ojp0ZXN0X3Vua25vd25fZXh0ZXJuYWxfc3RhdGVfbmV2ZXJfYXV0aG9yaXplc19ibGluZF9yZXNlbmRfYW5kX2VudGVyc19tYW51YWxfcmV2aWV3IiwKICAgICJ0ZXN0cy90ZXN0X3Byb2R1Y3Rpb25fY29ubmVjdG9yX3J1bnRpbWVfZW5mb3JjZW1lbnQucHk6OnRlc3RfcG9sbF9maW5hbF9mYWN0X2NvbnZlcmdlc193aXRob3V0X2NoYW5naW5nX3N1cHBsaWVyX2V2aWRlbmNlIiwKICAgICJ0ZXN0cy90ZXN0X3I4Ml9h
2026-09-10T08:15:36.4480050Z GO_EVIDENCE_B64 ZG1pbl9maXJzdF9tZmFfZW5yb2xsbWVudC5weTo6dGVzdF9hZG1pbl9maXJzdF9tZmFfZW5yb2xsbWVudF9sb2dpbl9sb2dvdXRfcmVsb2dpbiIsCiAgICAidGVzdHMvdGVzdF9yOF9pbXBsZW1lbnRhdGlvbl9hbGlnbm1lbnQucHk6OnRlc3RfcjhfZGF5MV9hbmRfc3RhZ2luZ190cnV0aCIsCiAgICAidGVzdHMvdGVzdF9yOF9pbXBsZW1lbnRhdGlvbl9hbGlnbm1lbnQucHk6OnRlc3RfZGlzdHJpYnV0aW9uX2xpY2Vuc2VfaXNfZXhwbGljaXRfbWVkaWFfcmlnaHRzX2Jhc2lzIiwKICAgICJ0ZXN0cy90ZXN0X3I4X2ltcGxlbWVu
2026-09-10T08:15:36.4489843Z GO_EVIDENCE_B64 dGF0aW9uX2FsaWdubWVudC5weTo6dGVzdF9kaXN0cmlidXRpb25fbGljZW5zZV9yZXF1aXJlc19jb250cmFjdF9tZXRhZGF0YSIsCiAgICAidGVzdHMvdGVzdF9yYzE1X2FvbHVndXlhX3N1cHBseV90cnV0aC5weTo6dGVzdF9hb2x1Z3V5YV9vZmZpY2lhbF90cnV0aF9nYXRlX2FuZF9wcm9qZWN0aW9uX3JlcGxhY2VzX3Rlc3RfdHJ1dGgiLAogICAgInRlc3RzL3Rlc3RfcmMxNV9hb2x1Z3V5YV9zdXBwbHlfdHJ1dGgucHk6OnRlc3Rfc3RhbGVfb3JfdGVzdF90cnV0aF9pc19yZWplY3RlZCIsCiAgICAidGVzdHMvdGVzdF9yYzE1
2026-09-10T08:15:36.4499603Z GO_EVIDENCE_B64 X2FvbHVndXlhX3N1cHBseV90cnV0aC5weTo6dGVzdF9kaXJlY3RfZmlyc3RfYW5kX3VudmVyaWZpZWRfZmFsbGJhY2tfZmFpbF9jbG9zZWQiLAogICAgInRlc3RzL3Rlc3RfcmMxNzkxX3JlZ2lvbmFsX3Byb3ZpZGVyX2Jvb3RzdHJhcC5weTo6dGVzdF9vc21fYm9vdHN0cmFwX3Byb3ZpZGVyX3N1bW1hcnkiLAogICAgInRlc3RzL3Rlc3RfcmMxNzkxX3JlZ2lvbmFsX3Byb3ZpZGVyX2Jvb3RzdHJhcC5weTo6dGVzdF9vc21fb3ZlcnBhc3NfcGFyc2VfaXNfcHVibGljX2ZhY3Rfb25seSIsCiAgICAidGVzdHMvdGVzdF9yYzE3OTFf
2026-09-10T08:15:36.4509700Z GO_EVIDENCE_B64 cmVnaW9uYWxfcHJvdmlkZXJfYm9vdHN0cmFwLnB5Ojp0ZXN0X29zbV9ib290c3RyYXBfcmVqZWN0c19ub25faGFyYmluIiwKICAgICJ0ZXN0cy90ZXN0X3JjMTc5X3JlZ2lvbmFsX2hvdGVsX2J1aWxkX3N0YXRpYy5weTo6dGVzdF9yYzE3OV9yZWdpb25hbF9idWlsZF9jb250cmFjdCIsCiAgICAidGVzdHMvdGVzdF9yYzE3OV9yZWdpb25hbF9ob3RlbF9idWlsZF9zdGF0aWMucHk6OnRlc3RfYWRtaW5fbm9fbG9uZ2VyX3JlcXVpcmVzX3NpbmdsZV9ob3RlbF9zZWVkX2FzX3ByaW1hcnlfZW50cnkiLAogICAgInRlc3RzL3Rlc3Rf
2026-09-10T08:15:36.4519138Z GO_EVIDENCE_B64 cmMxNzlfcmVnaW9uYWxfaG90ZWxfYnVpbGRfc3RhdGljLnB5Ojp0ZXN0X3N1cHBsaWVyX21hbnVhbF9hZGRfaXNfcmV0YWluZWRfYXNfc2Vjb25kYXJ5X2Zsb3ciLAogICAgInRlc3RzL3Rlc3RfcmMxOTFfcmVnaXN0cmF0aW9uX3ZhdWx0X3RpZXJlZF9idWlsZC5weTo6dGVzdF90aWVyZWRfYnVpbGRfc3RyYXRlZ3lfaXNfcXVhbGl0eV9maXJzdCIsCiAgICAidGVzdHMvdGVzdF9yYzE5MV9yZWdpc3RyYXRpb25fdmF1bHRfdGllcmVkX2J1aWxkLnB5Ojp0ZXN0X3N1cHBsaWVyX3JlZ2lzdHJhdGlvbl9yZXF1aXJlc19zaW5nbGVf
2026-09-10T08:15:36.4528967Z GO_EVIDENCE_B64 dGVybXNfYWNjZXB0YW5jZSIsCiAgICAidGVzdHMvdGVzdF9yYzE5MV9yZWdpc3RyYXRpb25fdmF1bHRfdGllcmVkX2J1aWxkLnB5Ojp0ZXN0X2NvbnN1bWVyX29uZV9jbGlja19wZXJzb25hbF92YXVsdF9pc19jb25zZW50X2JvdW5kIiwKICAgICJ0ZXN0cy90ZXN0X3JjMTkxX3JlZ2lzdHJhdGlvbl92YXVsdF90aWVyZWRfYnVpbGQucHk6OnRlc3Rfc3VwcGxpZXJfcGFydG5lcl9vbmJvYXJkaW5nX2NvcHlfaXNfbm90X3BsYWluX3JlZ2lzdHJhdGlvbiIsCiAgICAidGVzdHMvdGVzdF9yYzE5X25hdGlvbmFsX3Rocm91Z2hwdXRf
2026-09-10T08:15:36.4538902Z GO_EVIDENCE_B64 cHJvZHVjdF9jb21wbGV0ZW5lc3MucHk6OnRlc3RfcmMxOV9yZWdpb25hbF90aHJvdWdocHV0X2NvbnRyYWN0IiwKICAgICJ0ZXN0cy90ZXN0X3JjMTlfbmF0aW9uYWxfdGhyb3VnaHB1dF9wcm9kdWN0X2NvbXBsZXRlbmVzcy5weTo6dGVzdF9yYzE5X2Z1bGxfZWNvc3lzdGVtX2NvbXBsZXRlbmVzc19jb250cmFjdCIsCiAgICAidGVzdHMvdGVzdF9yYzE5X25hdGlvbmFsX3Rocm91Z2hwdXRfcHJvZHVjdF9jb21wbGV0ZW5lc3MucHk6OnRlc3RfcmMxOV9jYWNoZV9idXN0ZXJfb25fYm90aF9vcGVyYXRpb25hbF9lbnRyeXBvaW50
2026-09-10T08:15:36.4548920Z GO_EVIDENCE_B64 cyIsCiAgICAidGVzdHMvdGVzdF9yYzIwXzJfYWxsX2JfdG9fYS5weTo6dGVzdF9jb25zdW1lcl9zdXJmYWNlX2V4cG9zZXNfYWxsX3NpeF92ZXJ0aWNhbF9hY3Rpb25zX3Rocm91Z2hfZnJvemVuX2ZpdmVfZW50cnlfaG9tZSIsCiAgICAidGVzdHMvdGVzdF9yYzIwXzJfYWxsX2JfdG9fYS5weTo6dGVzdF9yaWRlX3N0YXRlX21hY2hpbmVfcmVjb3ZlcnlfaWxsZWdhbF90cmFuc2l0aW9uX2FuZF9ldmlkZW5jZSIsCiAgICAidGVzdHMvdGVzdF9yYzIwXzJfYWxsX2JfdG9fYS5weTo6dGVzdF9yZW50YWxfcGlja3VwX3JldHVybl9j
2026-09-10T08:15:36.4558959Z GO_EVIDENCE_B64 YW5jZWxfcnVsZXNfYW5kX3JlY29uY2lsaWF0aW9uIiwKICAgICJ0ZXN0cy90ZXN0X3JjMjBfMl9hbGxfYl90b19hLnB5Ojp0ZXN0X2F0dHJhY3Rpb25fcmVkZW1wdGlvbl91bmtub3duX3JlY292ZXJ5X2Nsb3NlZF9hbmRfaWxsZWdhbF9zdGF0ZXMiLAogICAgInRlc3RzL3Rlc3RfcmMyMF8yX2FsbF9iX3RvX2EucHk6OnRlc3RfYXR0cmFjdGlvbl9zdXBwbGllcl9jbG9zdXJlX2Jsb2Nrc19jb25zdW1lcl9tdXRhdGlvbnMiLAogICAgInRlc3RzL3Rlc3RfcmMyMF8yX2FsbF9iX3RvX2EucHk6OnRlc3RfZmxpZ2h0X3Vua25vd25f
2026-09-10T08:15:36.4568874Z GO_EVIDENCE_B64 c3RhdGVfcmVjb25jaWxpYXRpb25fYW5kX2V2aWRlbmNlIiwKICAgICJ0ZXN0cy90ZXN0X3JjMjBfMl9hbGxfYl90b19hLnB5Ojp0ZXN0X3JhaWxfdW5rbm93bl9zdGF0ZV9yZWNvbmNpbGlhdGlvbl9hbmRfZXZpZGVuY2UiLAogICAgInRlc3RzL3Rlc3RfcmMyMF9tb2R1bGVfZGVwdGhfY29udHJhY3QucHk6OnRlc3RfcmMyMF9yZXF1aXJlc19maXZlX3JlYWxfZGltZW5zaW9uc19mb3JfZXZlcnlfdmVydGljYWwiLAogICAgInRlc3RzL3Rlc3RfcmMyMF9tb2R1bGVfZGVwdGhfY29udHJhY3QucHk6OnRlc3RfcmMyMF9kb2VzX25v
2026-09-10T08:15:36.4578401Z GO_EVIDENCE_B64 dF9lcXVhdGVfY29kZV9vcl9nYXRlX3dpdGhfZXh0ZXJuYWxfbGl2ZSIsCiAgICAidGVzdHMvdGVzdF9yZWNvbmNpbGlhdGlvbi5weTo6dGVzdF9yZWNvbmNpbGlhdGlvbl9tYXRjaGVzX2NvbmZpcm1lZF9zdXBwbGllciIsCiAgICAidGVzdHMvdGVzdF9yZXZpZXdfZ292ZXJuYW5jZV90ZXJtaW5hbF9zZW1hbnRpY3MucHk6OnRlc3RfcmV2aWV3X2NvbXBsZXRpb25faXNfc3VibWlzc2lvbl9maW5hbF9idXRfZ292ZXJuYW5jZV9ub250ZXJtaW5hbCIsCiAgICAidGVzdHMvdGVzdF9yZXZpZXdfZ292ZXJuYW5jZV90ZXJtaW5hbF9z
2026-09-10T08:15:36.4588483Z GO_EVIDENCE_B64 ZW1hbnRpY3MucHk6OnRlc3RfY29tcGxldGVkX3Jldmlld19nb3Zlcm5hbmNlX2NoYWluX3JlbWFpbnNfcmVhY2hhYmxlIiwKICAgICJ0ZXN0cy90ZXN0X3Jldmlld19nb3Zlcm5hbmNlX3Rlcm1pbmFsX3NlbWFudGljcy5weTo6dGVzdF9jb21wbGV0ZWRfcmV2aWV3X3N0YXlzX3N1Ym1pc3Npb25faW1tdXRhYmxlX2FmdGVyX2dvdmVybmFuY2Vfc3RhdGVfY2hhbmdlIiwKICAgICJ0ZXN0cy90ZXN0X3NhZ2FfcmVjb3ZlcnkucHk6OnRlc3RfcGF5bWVudF9wcm92aWRlcl9zdWNjZXNzX2xvY2FsX2ZhaWx1cmVfaXNfcmVjb3ZlcmVk
2026-09-10T08:15:36.4598837Z GO_EVIDENCE_B64 IiwKICAgICJ0ZXN0cy90ZXN0X3NhZ2FfcmVjb3ZlcnkucHk6OnRlc3Rfc3VwcGxpZXJfYm9va19zdWNjZXNzX2xvY2FsX2ZhaWx1cmVfaXNfcmVjb3ZlcmVkIiwKICAgICJ0ZXN0cy90ZXN0X3NwcmludDFnX2NvbmZpZy5weTo6dGVzdF9zaXRlbWluZGVyX3JlcXVpcmVzX2NvbnRyYWN0ZWRfY29uZmlnIiwKICAgICJ0ZXN0cy90ZXN0X3NwcmludDFnX21hcHBpbmcucHk6OnRlc3Rfc2l0ZW1pbmRlcl9zeW50aGV0aWNfY2Fub25pY2FsX29mZmVyX21hcHBpbmciLAogICAgInRlc3RzL3Rlc3Rfc3ByaW50MWdfbWFwcGluZy5weTo6
2026-09-10T08:15:36.4609188Z GO_EVIDENCE_B64 dGVzdF91bm1hcHBlZF9wcm9wZXJ0eV9pc19ub3RfZXhwb3NlZCIsCiAgICAidGVzdHMvdGVzdF9zcHJpbnQxaF9vbmJvYXJkaW5nLnB5Ojp0ZXN0X3N1cHBsaWVyX2Nvbm5lY3Rvcl9vbmJvYXJkaW5nX2dvbGRlbl9wYXRoIiwKICAgICJ0ZXN0cy90ZXN0X3NwcmludDFoX29uYm9hcmRpbmcucHk6OnRlc3RfYWN0aXZhdGlvbl9ibG9ja2VkX3dpdGhvdXRfbWFwcGluZ19hbmRfY2VydGlmaWNhdGlvbiIsCiAgICAidGVzdHMvdGVzdF9zcHJpbnQxaF9vbmJvYXJkaW5nLnB5Ojp0ZXN0X2NyZWRlbnRpYWxfcm90YXRpb25fcmV2b2tl
2026-09-10T08:15:36.4619546Z GO_EVIDENCE_B64 c19wcmV2aW91cyIsCiAgICAidGVzdHMvdGVzdF9zcHJpbnQxaF9vbmJvYXJkaW5nLnB5Ojp0ZXN0X3N1c3BlbmRfemVyb2VzX3JvbGxvdXQiLAogICAgInRlc3RzL3Rlc3Rfc3ByaW50MWlfcm91dGluZy5weTo6dGVzdF9vZmZpY2lhbF9hdXRob3JpemF0aW9uX291dHJhbmtzX2NoZWFwZXJfbm9ub2ZmaWNpYWwiLAogICAgInRlc3RzL3Rlc3Rfc3ByaW50MWlfcm91dGluZy5weTo6dGVzdF91bmhlYWx0aHlfY29ubmVjdG9yX3JlbW92ZWRfZnJvbV9yb3V0ZSIsCiAgICAidGVzdHMvdGVzdF9zcHJpbnQxaV9yb3V0aW5nLnB5Ojp0
2026-09-10T08:15:36.4630095Z GO_EVIDENCE_B64 ZXN0X2NhbmFyeV9idWNrZXRfaXNfZGV0ZXJtaW5pc3RpYyIsCiAgICAidGVzdHMvdGVzdF9zcHJpbnQxaV9yb3V0aW5nLnB5Ojp0ZXN0X3NlYXJjaF9mYWlsb3Zlcl9hbGxvd2VkX2FuZF9ib29rX2ZhaWxvdmVyX2Jsb2NrZWQiLAogICAgInRlc3RzL3Rlc3Rfc3ByaW50MWlfcm91dGluZy5weTo6dGVzdF9zbGFfYXBpIiwKICAgICJ0ZXN0cy90ZXN0X3NwcmludDFqX21lcmdlLnB5Ojp0ZXN0X3Jvb21fbWFwcGluZ19tZXJnZXNfZXF1aXZhbGVudF9zb3VyY2VzX2FuZF9vZmZpY2lhbF93aW5zIiwKICAgICJ0ZXN0cy90ZXN0X3Nw
2026-09-10T08:15:36.4640604Z GO_EVIDENCE_B64 cmludDFqX21lcmdlLnB5Ojp0ZXN0X21hdGVyaWFsX3BvbGljeV9kaWZmZXJlbmNlX2lzX25vdF9jb2xsYXBzZWQiLAogICAgInRlc3RzL3Rlc3Rfc3ByaW50MWpfbWVyZ2UucHk6OnRlc3RfcHJpY2VfYW5kX2ludmVudG9yeV9kcmlmdF9jcmVhdGVzX2V2ZW50IiwKICAgICJ0ZXN0cy90ZXN0X3NwcmludDFqX21lcmdlLnB5Ojp0ZXN0X21lcmdlX2dvdmVybmFuY2VfYXBpIiwKICAgICJ0ZXN0cy90ZXN0X3NwcmludDFrX3ByZWJvb2tfY29uc2lzdGVuY3kucHk6OnRlc3RfcHJlYm9va19yZXZhbGlkYXRpb25fdW5jaGFuZ2VkIiwK
2026-09-10T08:15:36.4652025Z GO_EVIDENCE_B64 ICAgICJ0ZXN0cy90ZXN0X3NwcmludDFrX3ByZWJvb2tfY29uc2lzdGVuY3kucHk6OnRlc3RfcHJpY2VfY2hhbmdlX2Jsb2Nrc19jaGVja291dCIsCiAgICAidGVzdHMvdGVzdF9zcHJpbnQxa19wcmVib29rX2NvbnNpc3RlbmN5LnB5Ojp0ZXN0X2ludmVudG9yeV9sb3NzX2Jsb2Nrc19jaGVja291dCIsCiAgICAidGVzdHMvdGVzdF9zcHJpbnQxa19wcmVib29rX2NvbnNpc3RlbmN5LnB5Ojp0ZXN0X3F1b3RlX2V4cGlyeV9ibG9ja3NfcGF5bWVudCIsCiAgICAidGVzdHMvdGVzdF9zcHJpbnQxbF9wYXltZW50X29yY2hlc3RyYXRp
2026-09-10T08:15:36.4662544Z GO_EVIDENCE_B64 b24ucHk6OnRlc3RfYXV0aG9yaXplX2Jvb2tfY2FwdHVyZV9zZXF1ZW5jZSIsCiAgICAidGVzdHMvdGVzdF9zcHJpbnQxbF9wYXltZW50X29yY2hlc3RyYXRpb24ucHk6OnRlc3RfZGVmaW5pdGl2ZV9zdXBwbGllcl9ib29raW5nX2ZhaWx1cmVfdm9pZHNfYXV0aG9yaXphdGlvbl9ub19jYXB0dXJlIiwKICAgICJ0ZXN0cy90ZXN0X3NwcmludDFsX3BheW1lbnRfb3JjaGVzdHJhdGlvbi5weTo6dGVzdF9hbWJpZ3VvdXNfc3VwcGxpZXJfYm9va2luZ19kb2VzX25vdF92b2lkX2F1dGhvcml6YXRpb24iLAogICAgInRlc3RzL3Rlc3Rf
2026-09-10T08:15:36.4673197Z GO_EVIDENCE_B64 c3ByaW50MWxfcGF5bWVudF9vcmNoZXN0cmF0aW9uLnB5Ojp0ZXN0X2NhcHR1cmVfZmFpbHVyZV9hZnRlcl9zdXBwbGllcl9ib29raW5nX21vdmVzX3RvX3JlY29uY2lsaWF0aW9uIiwKICAgICJ0ZXN0cy90ZXN0X3NwcmludDFtX2ZhcmVfcnVudGltZS5weTo6dGVzdF9mcmVlX2NhbmNlbF9mdWxsX3JlZnVuZCIsCiAgICAidGVzdHMvdGVzdF9zcHJpbnQxbV9mYXJlX3J1bnRpbWUucHk6OnRlc3RfdGllcmVkX2NhbmNlbF81MF9wZXJjZW50IiwKICAgICJ0ZXN0cy90ZXN0X3NwcmludDFtX2ZhcmVfcnVudGltZS5weTo6dGVzdF9j
2026-09-10T08:15:36.4683818Z GO_EVIDENCE_B64 aGFuZ2VfaGlnaGVyX3ByaWNlX3N1cHBsZW1lbnRfYW5kX2xvd2VyX25vX3JlZnVuZCIsCiAgICAidGVzdHMvdGVzdF9zcHJpbnQxbV9mYXJlX3J1bnRpbWUucHk6OnRlc3Rfc3RheV9jcmVkaXRfcHJvcGVydHlfb25seV9hbmRfcmVkZWVtX3dpdGhfZGlmZmVyZW5jZSIsCiAgICAidGVzdHMvdGVzdF9zcHJpbnQxbl9zdXBwbGllcl9jb21wZW5zYXRpb24ucHk6OnRlc3Rfc3VwcGxpZXJfZmF1bHRfZG91YmxlX2NvbXBlbnNhdGlvbl93aXRoX2JhbmtfZGViaXQiLAogICAgInRlc3RzL3Rlc3Rfc3ByaW50MW5fc3VwcGxpZXJfY29t
2026-09-10T08:15:36.4694314Z GO_EVIDENCE_B64 cGVuc2F0aW9uLnB5Ojp0ZXN0X3N1cHBsaWVyX2ZhdWx0X2luc3VmZmljaWVudF9mdW5kc191c2VzX3Byb3RlY3Rpb25fZnVuZF9hbmRfbmVnYXRpdmVfYmFsYW5jZSIsCiAgICAidGVzdHMvdGVzdF9zcHJpbnQxbl9zdXBwbGllcl9jb21wZW5zYXRpb24ucHk6OnRlc3Rfbm9fbWFuZGF0ZV9uZXZlcl9kZWJpdHNfYmFuayIsCiAgICAidGVzdHMvdGVzdF9zcHJpbnQxbl9zdXBwbGllcl9jb21wZW5zYXRpb24ucHk6OnRlc3RfZXh0ZXJuYWxfY2F1c2VfZnVsbF9yZWZ1bmRfbm9fZG91YmxlX2NvbXBlbnNhdGlvbiIsCiAgICAidGVz
2026-09-10T08:15:36.4704758Z GO_EVIDENCE_B64 dHMvdGVzdF9zcHJpbnQxbl9zdXBwbGllcl9jb21wZW5zYXRpb24ucHk6OnRlc3RfdW5rbm93bl9yZWFzb25fcmVxdWlyZXNfZXZpZGVuY2VfYW5kX2RvZXNfbm90X2NhbmNlbCIsCiAgICAidGVzdHMvdGVzdF9zcHJpbnQxbl9zdXBwbGllcl9jb21wZW5zYXRpb24ucHk6OnRlc3RfaWRlbXBvdGVudF9zdXBwbGllcl9jYW5jZWxfZG9lc19ub3RfZG91YmxlX3JlZnVuZF9vcl9jb21wZW5zYXRlIiwKICAgICJ0ZXN0cy90ZXN0X3NwcmludDFuX3N1cHBsaWVyX2NvbXBlbnNhdGlvbi5weTo6dGVzdF9mdXR1cmVfc2V0dGxlbWVudF9y
2026-09-10T08:15:36.4715275Z GO_EVIDENCE_B64 ZWNvdmVyc19wcm90ZWN0aW9uX2Z1bmRfYmVmb3JlX3N1cHBsaWVyX3BheW91dCIsCiAgICAidGVzdHMvdGVzdF9zcHJpbnQxb190cnV0aF9yaXNrLnB5Ojp0ZXN0X2ZpdmVfc3Rhcl9vbmVfdGFwX2NvbXBsZXRlc19hbmRfcHVibGljX3Njb3JlX3N0YXlzXzNfdG9fNSIsCiAgICAidGVzdHMvdGVzdF9zcHJpbnQxb190cnV0aF9yaXNrLnB5Ojp0ZXN0X2xvd19zdGFyX3JlcXVpcmVzX3N0cnVjdHVyZWRfdGFnIiwKICAgICJ0ZXN0cy90ZXN0X3NwcmludDFvX3RydXRoX3Jpc2sucHk6OnRlc3Rfc2VyaW91c19oeWdpZW5lX2NyZWF0
2026-09-10T08:15:36.4725819Z GO_EVIDENCE_B64 ZXNfY2FuZGlkYXRlX2FuZF9vbmx5X21hcHNfcmVsZXZhbnRfZGltZW5zaW9uIiwKICAgICJ0ZXN0cy90ZXN0X3NwcmludDFvX3RydXRoX3Jpc2sucHk6OnRlc3Rfc3VwcGxpZXJfZXZpZGVuY2VfY29uZmlybWVkX3Jpc2tfY3JlYXRlc19qdWRnbWVudF9ob29rIiwKICAgICJ0ZXN0cy90ZXN0X3NwcmludDFvX3RydXRoX3Jpc2sucHk6OnRlc3RfcmVqZWN0ZWRfY2FuZGlkYXRlX2RvZXNfbm90X2NyZWF0ZV9qdWRnbWVudF9ob29rIiwKICAgICJ0ZXN0cy90ZXN0X3NwcmludDFvX3RydXRoX3Jpc2sucHk6OnRlc3RfcmVtZWRpYXRp
2026-09-10T08:15:36.4736263Z GO_EVIDENCE_B64 b25fbW92ZXNfY29uZmlybWVkX3Jpc2tfdG9fbW9uaXRvcmluZ19hbmRfcmVob29rc19qdWRnbWVudCIsCiAgICAidGVzdHMvdGVzdF9zcHJpbnQxb190cnV0aF9yaXNrLnB5Ojp0ZXN0X3NlY29uZF90cmlnZ2VyX29ubHlfZm9yX25vdF9yZXZpZXdlZF9hbmRfY29tcGxldGVkX25ldmVyX3JldHJpZ2dlcnMiLAogICAgInRlc3RzL3Rlc3Rfc3ByaW50MXBfanVkZ21lbnRfcnVudGltZS5weTo6dGVzdF9oaWdoX2dvX3Njb3JlX2RvZXNfbm90X2F1dG9fY3JlYXRlX3JlY29tbWVuZGF0aW9uIiwKICAgICJ0ZXN0cy90ZXN0X3Nwcmlu
2026-09-10T08:15:36.4747212Z GO_EVIDENCE_B64 dDFwX2p1ZGdtZW50X3J1bnRpbWUucHk6OnRlc3RfY29tbWVyY2lhbF9maWVsZHNfcGh5c2ljYWxseV9yZWplY3RlZF9mcm9tX2p1ZGdtZW50IiwKICAgICJ0ZXN0cy90ZXN0X3NwcmludDFwX2p1ZGdtZW50X3J1bnRpbWUucHk6OnRlc3RfY29uZmlybWVkX3NlcmlvdXNfcmlza19yZWhvb2tzX2FuZF9tb3Zlc190b19ub3RfcmVjb21tZW5kZWQiLAogICAgInRlc3RzL3Rlc3Rfc3ByaW50MXBfanVkZ21lbnRfcnVudGltZS5weTo6dGVzdF9yZW1lZGlhdGlvbl9jcmVhdGVzX25ld19qdWRnbWVudF9hbmRfcmVwbGF5YWJsZV9oaXN0
2026-09-10T08:15:36.4757432Z GO_EVIDENCE_B64 b3J5IiwKICAgICJ0ZXN0cy90ZXN0X3NwcmludDFwX2p1ZGdtZW50X3J1bnRpbWUucHk6OnRlc3RfcmF3X3N0YXJfbm90X2luX2ZlYXR1cmVfc25hcHNob3QiLAogICAgInRlc3RzL3Rlc3Rfc3ByaW50MXBfanVkZ21lbnRfcnVudGltZS5weTo6dGVzdF9jb25zdGl0dXRpb25fYXNzZXNzbWVudF9jYW5fcHVibGlzaF9nb19yZWNvbW1lbmRlZF93aXRob3V0X3Njb3JlX3RocmVzaG9sZF9ydWxlIiwKICAgICJ0ZXN0cy90ZXN0X3NwcmludDFwX2p1ZGdtZW50X3J1bnRpbWUucHk6OnRlc3Rfd29ydGhfdGhlX2pvdXJuZXlfeWVzX2lz
2026-09-10T08:15:36.4765596Z GO_EVIDENCE_B64 X21hbmRhdG9yeV9mb3JfcmVjb21tZW5kYXRpb24iLAogICAgInRlc3RzL3Rlc3Rfc3ByaW50MXBfanVkZ21lbnRfcnVudGltZS5weTo6dGVzdF9uZXN0ZWRfY29tbWVyY2lhbF9maWVsZF9pc19yZWplY3RlZF9mcm9tX3JlY29tbWVuZGF0aW9uX2Fzc2Vzc21lbnQiLAogICAgInRlc3RzL3Rlc3Rfc3ByaW50MXFfb3BlcmF0aW9uYWxfZGFzaGJvYXJkLnB5Ojp0ZXN0X3N1cHBsaWVyX2lkZW50aXR5X3Byb3BhZ2F0ZXNfdG9fb3JkZXJfYW5kX3N1cHBsaWVyX2Rhc2hib2FyZCIsCiAgICAidGVzdHMvdGVzdF9zcHJpbnQxcV9vcGVy
2026-09-10T08:15:36.4771136Z GO_EVIDENCE_B64 YXRpb25hbF9kYXNoYm9hcmQucHk6OnRlc3Rfc3VwcGxpZXJfb3JkZXJfbGlzdF9pc190ZW5hbnRfc2NvcGVkIiwKICAgICJ0ZXN0cy90ZXN0X3NwcmludDFxX29wZXJhdGlvbmFsX2Rhc2hib2FyZC5weTo6dGVzdF9zdXBwbGllcl9yZWZ1bmRfYXBwZWFyc19pbl9jb25zb2xlIiwKICAgICJ0ZXN0cy90ZXN0X3NwcmludDFxX29wZXJhdGlvbmFsX2Rhc2hib2FyZC5weTo6dGVzdF9hZG1pbl9kYXNoYm9hcmRfYW5kX3F1ZXVlc19hcmVfb3BlcmF0aW9uYWxfdmlld3MiLAogICAgInRlc3RzL3Rlc3Rfc3ByaW50MXFfb3BlcmF0aW9u
2026-09-10T08:15:36.4776490Z GO_EVIDENCE_B64 YWxfZGFzaGJvYXJkLnB5Ojp0ZXN0X3N1cHBsaWVyX2ZpbmFuY2lhbF9yaXNrX2lzX3Zpc2libGUiLAogICAgInRlc3RzL3Rlc3Rfc3ByaW50MXJfaWRlbnRpdHlfc2VjdXJpdHkucHk6OnRlc3Rfc3VwcGxpZXJfZGFzaGJvYXJkX3JlcXVpcmVzX2F1dGhfYW5kX3RlbmFudF9jb21lc19mcm9tX3Rva2VuIiwKICAgICJ0ZXN0cy90ZXN0X3NwcmludDFyX2lkZW50aXR5X3NlY3VyaXR5LnB5Ojp0ZXN0X2FkbWluX3JiYWNfc2VwYXJhdGVzX2ZpbmFuY2VfZnJvbV90cnVzdCIsCiAgICAidGVzdHMvdGVzdF9zcHJpbnQxcl9pZGVudGl0
2026-09-10T08:15:36.4782111Z GO_EVIDENCE_B64 eV9zZWN1cml0eS5weTo6dGVzdF9yZWZyZXNoX2FuZF9zZXNzaW9uX3Jldm9jYXRpb24iLAogICAgInRlc3RzL3Rlc3Rfc3ByaW50MXJfaWRlbnRpdHlfc2VjdXJpdHkucHk6OnRlc3RfZHVhbF9jb250cm9sX3JlcXVpcmVzX2Rpc3RpbmN0X3NlY29uZF9hZG1pbiIsCiAgICAidGVzdHMvdGVzdF9zcHJpbnQxcl9pZGVudGl0eV9zZWN1cml0eS5weTo6dGVzdF9tdXRhdGluZ19hdXRoZW50aWNhdGVkX3JlcXVlc3Rfd3JpdGVzX2F1ZGl0IiwKICAgICJ0ZXN0cy90ZXN0X3NwcmludDF0X2ludGVyYWN0aXZlLnB5Ojp0ZXN0X3N1cHBs
2026-09-10T08:15:36.4787936Z GO_EVIDENCE_B64 aWVyX29yZGVyX3dvcmtiZW5jaF9pc19hdXRoZW50aWNhdGVkX2FuZF9zY29wZWQiLAogICAgInRlc3RzL3Rlc3Rfc3ByaW50MXRfaW50ZXJhY3RpdmUucHk6OnRlc3RfYWRtaW5faW50ZXJhY3RpdmVfZW5kcG9pbnRzX3JlcXVpcmVfcGVybWlzc2lvbnMiLAogICAgInRlc3RzL3Rlc3Rfc3ByaW50MXRfaW50ZXJhY3RpdmUucHk6OnRlc3RfZnJvbnRlbmRfY29udGFpbnNfaW50ZXJhY3RpdmVfd29ya2JlbmNoX2NvbnRyYWN0IiwKICAgICJ0ZXN0cy90ZXN0X3NwcmludDF1X3Byb2R1Y3Rpb25fYmZmLnB5Ojp0ZXN0X2JmZl91c2Vz
2026-09-10T08:15:36.4796980Z GO_EVIDENCE_B64 X2h0dHBfb25seV9jb29raWVzX2FuZF9ub190b2tlbnNfaW5fcGF5bG9hZCIsCiAgICAidGVzdHMvdGVzdF9zcHJpbnQxdV9wcm9kdWN0aW9uX2JmZi5weTo6dGVzdF9jc3JmX2Jsb2Nrc19jb29raWVfYXV0aGVudGljYXRlZF9tdXRhdGlvbiIsCiAgICAidGVzdHMvdGVzdF9zcHJpbnQxdV9wcm9kdWN0aW9uX2JmZi5weTo6dGVzdF9zZWN1cml0eV9oZWFkZXJzX2FyZV9wcmVzZW50IiwKICAgICJ0ZXN0cy90ZXN0X3NwcmludDF1X3Byb2R1Y3Rpb25fYmZmLnB5Ojp0ZXN0X21mYV9lbnJvbGxtZW50X2FuZF9sb2dpbl9lbmZvcmNl
2026-09-10T08:15:36.4807450Z GO_EVIDENCE_B64 bWVudCIsCiAgICAidGVzdHMvdGVzdF9zcHJpbnQxdV9wcm9kdWN0aW9uX2JmZi5weTo6dGVzdF9mcm9udGVuZF9oYXNfbm9fbG9jYWxzdG9yYWdlX2F1dGhfdG9rZW5zIiwKICAgICJ0ZXN0cy90ZXN0X3NwcmludDF2X29ic2VydmFiaWxpdHkucHk6OnRlc3RfaGVhbHRoX3RyYWNlX2FuZF9tZXRyaWNzIiwKICAgICJ0ZXN0cy90ZXN0X3NwcmludDF2X29ic2VydmFiaWxpdHkucHk6OnRlc3Rfc2VjdXJpdHlfaGVhZGVyc19wcmVzZW50IiwKICAgICJ0ZXN0cy90ZXN0X3NwcmludDF2X29ic2VydmFiaWxpdHkucHk6OnRlc3Rfc2xv
2026-09-10T08:15:36.4818579Z GO_EVIDENCE_B64 X3JlZ2lzdHJ5X2hhc19hcGlfYXZhaWxhYmlsaXR5IiwKICAgICJ0ZXN0cy90ZXN0X3NwcmludDF4X2NvbnN1bWVyX2UyZS5weTo6dGVzdF9jb25zdW1lcl9mcm9udGVuZF9tb3VudCIsCiAgICAidGVzdHMvdGVzdF9zcHJpbnQxeF9jb25zdW1lcl9lMmUucHk6OnRlc3RfY29uc3VtZXJfYm9va2luZ190cmlwc19jaGFuZ2VfY2FuY2VsX3JlZnVuZCIsCiAgICAidGVzdHMvdGVzdF9zcHJpbnQxeF9jb25zdW1lcl9lMmUucHk6OnRlc3RfY29uc3VtZXJfc3RheV9jcmVkaXRfYW5kX3F1aWNrX3JldmlldyIsCiAgICAidGVzdHMvdGVz
2026-09-10T08:15:36.4828707Z GO_EVIDENCE_B64 dF9zcHJpbnQxeV9jb25zdW1lcl9pZGVudGl0eS5weTo6dGVzdF9yZWdpc3Rlcl9zZWN1cmVfY29va2llX2dvX2lkX2FuZF9zZXNzaW9uIiwKICAgICJ0ZXN0cy90ZXN0X3NwcmludDF5X2NvbnN1bWVyX2lkZW50aXR5LnB5Ojp0ZXN0X3RyYXZlbGVyX2FuZF9wYXltZW50X3Rva2VuaXphdGlvbl9ub19wYW5fcmVhZGJhY2siLAogICAgInRlc3RzL3Rlc3Rfc3ByaW50MXlfY29uc3VtZXJfaWRlbnRpdHkucHk6OnRlc3RfYXV0aGVudGljYXRlZF9vcmRlcl9vd25lcnNoaXBfYW5kX3Rva2VuaXplZF9jaGVja291dCIsCiAgICAidGVz
2026-09-10T08:15:36.4839111Z GO_EVIDENCE_B64 dHMvdGVzdF9zcHJpbnQxeV9jb25zdW1lcl9pZGVudGl0eS5weTo6dGVzdF9yZWZyZXNoX3JvdGF0aW9uX2FuZF9sb2dvdXQiLAogICAgInRlc3RzL3Rlc3Rfc3ByaW50MXpfbW9iaWxlLnB5Ojp0ZXN0X25hdGl2ZV9iZWFyZXJfc2Vzc2lvbl9kZXZpY2VfcHVzaF9hbmRfcmVmcmVzaCIsCiAgICAidGVzdHMvdGVzdF9zcHJpbnQxel9tb2JpbGUucHk6OnRlc3RfZGVlcF9saW5rc19hcmVfYWxsb3dsaXN0ZWQiLAogICAgInRlc3RzL3Rlc3Rfc3ByaW50MXpfbW9iaWxlLnB5Ojp0ZXN0X3B1c2hfdG9rZW5fbm90X3JldHVybmVkX2Fu
2026-09-10T08:15:36.4849493Z GO_EVIDENCE_B64 ZF9kZXZpY2VfaXNfdXNlcl9zY29wZWQiLAogICAgInRlc3RzL3Rlc3Rfc3ByaW50MmFfbW9iaWxlX2UyZS5weTo6dGVzdF9ib29raW5nX3B1c2hfZGVlcF9saW5rX2FuZF9jaGVja2luX2pvYiIsCiAgICAidGVzdHMvdGVzdF9zcHJpbnQyYV9tb2JpbGVfZTJlLnB5Ojp0ZXN0X3JlZnVuZF9hbmRfY29tcGVuc2F0aW9uX2V2ZW50c19iZWNvbWVfbW9iaWxlX25vdGlmaWNhdGlvbnMiLAogICAgInRlc3RzL3Rlc3Rfc3ByaW50MmFfbW9iaWxlX2UyZS5weTo6dGVzdF9jaGVja291dF9yZXZpZXdfZmlyc3RfcHVzaF90aGVuX25leHRf
2026-09-10T08:15:36.4859955Z GO_EVIDENCE_B64 YXBwX29wZW5fcXVpY2tfcmV2aWV3X2FuZF9ub19yZXBlYXQiLAogICAgInRlc3RzL3Rlc3Rfc3ByaW50MmFfbW9iaWxlX2UyZS5weTo6dGVzdF9uYXRpdmVfbG93X3Jldmlld19yZXF1aXJlc19zdHJ1Y3R1cmVkX3RhZ19hbmRfY2FuX2NyZWF0ZV9yaXNrIiwKICAgICJ0ZXN0cy90ZXN0X3NwcmludDJhX21vYmlsZV9lMmUucHk6OnRlc3RfbW9iaWxlX2ZhcmVfd3JhcHBlcnNfZW5mb3JjZV9jb25zdW1lcl9vd25lcnNoaXAiLAogICAgInRlc3RzL3Rlc3Rfc3ByaW50MmJfbW9iaWxlX3JlbGVhc2UucHk6OnRlc3RfcHVzaF9yZWNl
2026-09-10T08:15:36.4870263Z GO_EVIDENCE_B64 aXB0X2xpZmVjeWNsZV93aXRoX21vY2tfcHJvdmlkZXIiLAogICAgInRlc3RzL3Rlc3Rfc3ByaW50MmJfbW9iaWxlX3JlbGVhc2UucHk6OnRlc3RfbW9iaWxlX3JlbGVhc2VfYXJ0aWZhY3RzX2FuZF9vZmZsaW5lX2NvbnRyYWN0X2V4aXN0IiwKICAgICJ0ZXN0cy90ZXN0X3NwcmludDJiX21vYmlsZV9yZWxlYXNlLnB5Ojp0ZXN0X3B1c2hfcmVjZWlwdF9pbnRlcm5hbF9hcGlfaXNfbm90X3B1YmxpYyIsCiAgICAidGVzdHMvdGVzdF9zcHJpbnQyY19yZWxlYXNlX2dhdGUucHk6OnRlc3RfcmVsZWFzZV9hcnRpZmFjdHNfZXhpc3Qi
2026-09-10T08:15:36.4880305Z GO_EVIDENCE_B64 LAogICAgInRlc3RzL3Rlc3Rfc3ByaW50MmNfcmVsZWFzZV9nYXRlLnB5Ojp0ZXN0X3N0YXRpY19zdG9yZV9jaGVja19wYXNzZXNfc3RydWN0dXJlIiwKICAgICJ0ZXN0cy90ZXN0X3NwcmludDJjX3JlbGVhc2VfZ2F0ZS5weTo6dGVzdF9jZXJ0aWZpY2F0aW9uX2dhdGVfZmFpbHNfY2xvc2VkX3dpdGhvdXRfcmVhbF9ldmlkZW5jZSIsCiAgICAidGVzdHMvdGVzdF9zcHJpbnQyZF9icmluZ3VwLnB5Ojp0ZXN0X2NyZWRlbnRpYWxfbWFuaWZlc3RfaGFzXzE1X2dhdGVfZGVwZW5kZW5jaWVzIiwKICAgICJ0ZXN0cy90ZXN0X3Nwcmlu
2026-09-10T08:15:36.4890231Z GO_EVIDENCE_B64 dDJkX2JyaW5ndXAucHk6OnRlc3RfZ2F0ZV9sZWRnZXJfc3RhcnRzX2ZhaWxfY2xvc2VkIiwKICAgICJ0ZXN0cy90ZXN0X3NwcmludDJkX2JyaW5ndXAucHk6OnRlc3RfcHJlZmxpZ2h0X2ZhaWxzX2Nsb3NlZF93aXRob3V0X2NyZWRlbnRpYWxzIiwKICAgICJ0ZXN0cy90ZXN0X3NwcmludDJkX2JyaW5ndXAucHk6OnRlc3RfcmVsZWFzZV93b3JrZmxvd193YWl0c19mb3Jfc3RvcmVfYnVpbGRfYW5kX3N1Ym1pdCIsCiAgICAidGVzdHMvdGVzdF9zcHJpbnQyZF9icmluZ3VwLnB5Ojp0ZXN0X2V2aWRlbmNlX3RlbXBsYXRlX2ZvcmJp
2026-09-10T08:15:36.4900364Z GO_EVIDENCE_B64 ZHNfc2VjcmV0cyIsCiAgICAidGVzdHMvdGVzdF9zcHJpbnQzYV9mbGlnaHQucHk6OnRlc3RfZmxpZ2h0X3NlYXJjaF90b190aWNrZXRfYW5kX3RyaXAiLAogICAgInRlc3RzL3Rlc3Rfc3ByaW50M2FfZmxpZ2h0LnB5Ojp0ZXN0X2ZsaWdodF9jaGFuZ2VfcmVpc3N1ZXNfdGlja2V0IiwKICAgICJ0ZXN0cy90ZXN0X3NwcmludDNhX2ZsaWdodC5weTo6dGVzdF9mbGlnaHRfcmVmdW5kX3RyYWNrc19mZWVfYW5kX29yaWdpbmFsX3BheW1lbnQiLAogICAgInRlc3RzL3Rlc3Rfc3ByaW50M2FfZmxpZ2h0LnB5Ojp0ZXN0X2Nyb3NzX2Fj
2026-09-10T08:15:36.4911356Z GO_EVIDENCE_B64 Y291bnRfZmxpZ2h0X29yZGVyX2lzb2xhdGlvbiIsCiAgICAidGVzdHMvdGVzdF9zcHJpbnQzYl9yYWlsLnB5Ojp0ZXN0X3JhaWxfc2VhcmNoX3RvX3RpY2tldF9hbmRfdHJpcCIsCiAgICAidGVzdHMvdGVzdF9zcHJpbnQzYl9yYWlsLnB5Ojp0ZXN0X3JhaWxfY2hhbmdlX3JlaXNzdWVzX3RpY2tldCIsCiAgICAidGVzdHMvdGVzdF9zcHJpbnQzYl9yYWlsLnB5Ojp0ZXN0X3JhaWxfcmVmdW5kX3RyYWNrc19mZWVfYW5kX29yaWdpbmFsX3BheW1lbnQiLAogICAgInRlc3RzL3Rlc3Rfc3ByaW50M2JfcmFpbC5weTo6dGVzdF9jcm9z
2026-09-10T08:15:36.4921459Z GO_EVIDENCE_B64 c19hY2NvdW50X3JhaWxfb3JkZXJfaXNvbGF0aW9uIiwKICAgICJ0ZXN0cy90ZXN0X3NwcmludDNjX21vYmlsaXR5LnB5Ojp0ZXN0X3JpZGVfYW5kX3JlbnRhbF9nb2xkZW5fcGF0aCIsCiAgICAidGVzdHMvdGVzdF9zcHJpbnQzZF9hdHRyYWN0aW9ucy5weTo6dGVzdF9hdHRyYWN0aW9uX2dvbGRlbl9wYXRoIiwKICAgICJ0ZXN0cy90ZXN0X3NwcmludDNkX2F0dHJhY3Rpb25zLnB5Ojp0ZXN0X25vbl9yZWZ1bmRhYmxlX2V4cGVyaWVuY2UiLAogICAgInRlc3RzL3Rlc3Rfc3ByaW50M2VfdW5pZmllZF90cmlwcy5weTo6dGVzdF91
2026-09-10T08:15:36.4931814Z GO_EVIDENCE_B64 bmlmaWVkX2dvX3RyaXBzX3NpeF92ZXJ0aWNhbHMiLAogICAgInRlc3RzL3Rlc3Rfc3ByaW50M2VfdW5pZmllZF90cmlwcy5weTo6dGVzdF9jcm9zc19hY2NvdW50X2pvdXJuZXlfaXNvbGF0aW9uIiwKICAgICJ0ZXN0cy90ZXN0X3NwcmludDNmX2pvdXJuZXlfaW50ZWxsaWdlbmNlLnB5Ojp0ZXN0X2ZsaWdodF9kZWxheV9kZXRlY3RzX2Rvd25zdHJlYW1faW1wYWN0c193aXRob3V0X2F1dG9fbXV0YXRpb24iLAogICAgInRlc3RzL3Rlc3Rfc3ByaW50M2Zfam91cm5leV9pbnRlbGxpZ2VuY2UucHk6OnRlc3RfbGF0ZXN0X2FuZF9h
2026-09-10T08:15:36.4941886Z GO_EVIDENCE_B64 Y2tub3dsZWRnZV9hbmRfaXNvbGF0aW9uIiwKICAgICJ0ZXN0cy90ZXN0X3NwcmludDNnX2pvdXJuZXlfcmVjb3ZlcnkucHk6OnRlc3RfYnVpbGRzX211bHRpX3ZlcnRpY2FsX3JlY292ZXJ5X29wdGlvbnNfd2l0aG91dF9hdXRvX211dGF0aW9uIiwKICAgICJ0ZXN0cy90ZXN0X3NwcmludDNnX2pvdXJuZXlfcmVjb3ZlcnkucHk6OnRlc3Rfc2VsZWN0X2lzX3NpbmdsZV9jaG9pY2VfcGVyX2ltcGFjdF9hbmRfc3RpbGxfbm9fZXhlY3V0aW9uIiwKICAgICJ0ZXN0cy90ZXN0X3NwcmludDNoX3JlY292ZXJ5X2V4ZWN1dGlvbi5weTo6
2026-09-10T08:15:36.4952305Z GO_EVIDENCE_B64 dGVzdF9hdG9taWNfaW50ZW50X2lzX2lkZW1wb3RlbnRfYW5kX3N1cHBsaWVyX2V4ZWN1dGlvbl9pc19ub25fYXRvbWljIiwKICAgICJ0ZXN0cy90ZXN0X3NwcmludDNoX3JlY292ZXJ5X2V4ZWN1dGlvbi5weTo6dGVzdF9wcmljZV9jaGFuZ2VfcGF1c2VzX29ubHlfb25lX2l0ZW1fYW5kX3JlcXVpcmVzX3JlYXV0aG9yaXphdGlvbiIsCiAgICAidGVzdHMvdGVzdF9zcHJpbnQzaF9yZWNvdmVyeV9leGVjdXRpb24ucHk6OnRlc3RfdW5rbm93bl9leHRlcm5hbF9zdGF0ZV9yZWNvbmNpbGVzX3dpdGhvdXRfc2Vjb25kX3N1cHBsaWVy
2026-09-10T08:15:36.4962289Z GO_EVIDENCE_B64 X211dGF0aW9uIiwKICAgICJ0ZXN0cy90ZXN0X3NwcmludDNpX3JlY292ZXJ5X3JlY29uY2lsaWF0aW9uLnB5Ojp0ZXN0X3JlY292ZXJ5X2FkYXB0ZXJfY29udHJhY3RfY292ZXJzX2FsbF92ZXJ0aWNhbHMiLAogICAgInRlc3RzL3Rlc3Rfc3ByaW50M2lfcmVjb3ZlcnlfcmVjb25jaWxpYXRpb24ucHk6OnRlc3RfdW5rbm93bl9tdXRhdGlvbl9jcmVhdGVzX2R1cmFibGVfam9iX2FuZF9wb2xsX3Jlc29sdmVzX3dpdGhvdXRfc2Vjb25kX211dGF0aW9uIiwKICAgICJ0ZXN0cy90ZXN0X3NwcmludDNpX3JlY292ZXJ5X3JlY29uY2ls
2026-09-10T08:15:36.4972429Z GO_EVIDENCE_B64 aWF0aW9uLnB5Ojp0ZXN0X3dlYmhvb2tfYW5kX3BvbGxfY29udmVyZ2Vfb25fc2FtZV9zdXBwbGllcl9vcGVyYXRpb24iLAogICAgInRlc3RzL3Rlc3Rfc3ByaW50M2lfcmVjb3ZlcnlfcmVjb25jaWxpYXRpb24ucHk6OnRlc3RfZXhwaXJlZF93b3JrZXJfbGVhc2VfaXNfcmVjbGFpbWVkX2FmdGVyX2NyYXNoIiwKICAgICJ0ZXN0cy90ZXN0X3NwcmludDNpX3JlY292ZXJ5X3JlY29uY2lsaWF0aW9uLnB5Ojp0ZXN0X2RlYWRfbGV0dGVyX3JlcXVpcmVzX21hbnVhbF9yZXZpZXdfYW5kX2Nhbl9iZV9yZXNvbHZlZCIsCiAgICAidGVz
2026-09-10T08:15:36.4982550Z GO_EVIDENCE_B64 dHMvdGVzdF9zcHJpbnQzal9yZWNvdmVyeV9ldmlkZW5jZV9jb250cm9sLnB5Ojp0ZXN0X3N1cHBsaWVyX211dGF0aW9uX2NyZWF0ZXNfY29tbWFuZF9sZWRnZXJfYW5kX29wZXJhdGlvbmFsX2Nhc2UiLAogICAgInRlc3RzL3Rlc3Rfc3ByaW50M2pfcmVjb3ZlcnlfZXZpZGVuY2VfY29udHJvbC5weTo6dGVzdF9wb2xsX2FuZF9maW5hbF9leHRlcm5hbF9mYWN0X2FyZV9jaGFpbmVkX3dpdGhvdXRfcmVzZW5kIiwKICAgICJ0ZXN0cy90ZXN0X3NwcmludDNqX3JlY292ZXJ5X2V2aWRlbmNlX2NvbnRyb2wucHk6OnRlc3RfYWRtaW5f
2026-09-10T08:15:36.4992519Z GO_EVIDENCE_B64 Y29udHJvbF9wbGFuZV9hc3NpZ25zX293bmVyX2J1dF9leHBvc2VzX25vX3N1cHBsaWVyX2ZhY3RfbXV0YXRpb24iLAogICAgInRlc3RzL3Rlc3Rfc3ByaW50M2pfcmVjb3ZlcnlfZXZpZGVuY2VfY29udHJvbC5weTo6dGVzdF9tYW51YWxfcmVzb2x1dGlvbl9lbmRwb2ludF9yZXF1aXJlc19ldmlkZW5jZV9yZWZlcmVuY2UiLAogICAgInRlc3RzL3Rlc3Rfc3ByaW50M2tfcmVjb3Zlcnlfc2xhX29wcy5weTo6dGVzdF9jYXNlX2dldHNfc2xhX3F1ZXVlX3BsYXlib29rX2FuZF9ldmlkZW5jZV9yZXF1aXJlbWVudCIsCiAgICAidGVz
2026-09-10T08:15:36.5002820Z GO_EVIDENCE_B64 dHMvdGVzdF9zcHJpbnQza19yZWNvdmVyeV9zbGFfb3BzLnB5Ojp0ZXN0X3NsYV90aWNrX2F1dG9fYXNzaWduc19lc2NhbGF0ZXNfYW5kX2VtaXRzX2FsZXJ0X3dpdGhvdXRfdG91Y2hpbmdfc3VwcGxpZXJfZmFjdCIsCiAgICAidGVzdHMvdGVzdF9zcHJpbnQza19yZWNvdmVyeV9zbGFfb3BzLnB5Ojp0ZXN0X3Jlc3BvbnNpYmlsaXR5X3RyYW5zZmVyX2lzX29wZXJhdGlvbmFsX29ubHkiLAogICAgInRlc3RzL3Rlc3Rfc3ByaW50M2tfcmVjb3Zlcnlfc2xhX29wcy5weTo6dGVzdF9jYXNlX2Nsb3NlX2lzX2Jsb2NrZWRfdW50aWxf
2026-09-10T08:15:36.5013238Z GO_EVIDENCE_B64 cmVxdWlyZWRfZmluYWxfZXh0ZXJuYWxfZmFjdF9leGlzdHMiLAogICAgInRlc3RzL3Rlc3Rfc3ByaW50M2tfcmVjb3Zlcnlfc2xhX29wcy5weTo6dGVzdF9zbGFfcG9saWN5X2FuZF9xdWV1ZV9hcGlfYW5kX25vX3N1cHBsaWVyX2ZhY3RfbXV0YXRvciIsCiAgICAidGVzdHMvdGVzdF9zcHJpbnQzbF9yZWNvdmVyeV9yZWxpYWJpbGl0eS5weTo6dGVzdF9yZWxpYWJpbGl0eV9wcm9maWxlX3JlYnVpbGRfZnJvbV9yZWFsX3JlY292ZXJ5X2ZhY3RzIiwKICAgICJ0ZXN0cy90ZXN0X3NwcmludDNsX3JlY292ZXJ5X3JlbGlhYmlsaXR5
2026-09-10T08:15:36.5023376Z GO_EVIDENCE_B64 LnB5Ojp0ZXN0X3JlbGlhYmlsaXR5X21lbW9yeV9jaGFuZ2VzX2Z1dHVyZV9yZWNvbmNpbGlhdGlvbl9wb2xpY3lfd2l0aG91dF9yZXNlbmQiLAogICAgInRlc3RzL3Rlc3Rfc3ByaW50M2xfcmVjb3ZlcnlfcmVsaWFiaWxpdHkucHk6OnRlc3Rfc2xhX2ZlZWRiYWNrX3VzZXNfcHJvZmlsZV9idXRfZG9lc19ub3RfbXV0YXRlX3N1cHBsaWVyX2ZhY3QiLAogICAgInRlc3RzL3Rlc3Rfc3ByaW50M2xfcmVjb3ZlcnlfcmVsaWFiaWxpdHkucHk6OnRlc3RfcmVsaWFiaWxpdHlfYWRtaW5fYXBpX2lzX3JlYWRfcmVidWlsZF9vbmx5IiwK
2026-09-10T08:15:36.5033808Z GO_EVIDENCE_B64 ICAgICJ0ZXN0cy90ZXN0X3NwcmludDNtX3JlY292ZXJ5X3N0cmF0ZWd5X2dvdmVybmFuY2UucHk6OnRlc3RfbWluX3NhbXBsZV9hbmRfY29uZmlkZW5jZV9mb3JjZV9iYXNlbGluZSIsCiAgICAidGVzdHMvdGVzdF9zcHJpbnQzbV9yZWNvdmVyeV9zdHJhdGVneV9nb3Zlcm5hbmNlLnB5Ojp0ZXN0X3NoYWRvd19jYW5hcnlfcmVxdWlyZV9hcHByb3ZhbF9hbmRfZG9fbm90X211dGF0ZV9zdXBwbGllcl9mYWN0IiwKICAgICJ0ZXN0cy90ZXN0X3NwcmludDNtX3JlY292ZXJ5X3N0cmF0ZWd5X2dvdmVybmFuY2UucHk6OnRlc3RfYm91
2026-09-10T08:15:36.5041755Z GO_EVIDENCE_B64 bmRzX2FuZF9jb25maWRlbmNlX2ludGVydmFsc19hcmVfcmVjb3JkZWQiLAogICAgInRlc3RzL3Rlc3Rfc3ByaW50M21fcmVjb3Zlcnlfc3RyYXRlZ3lfZ292ZXJuYW5jZS5weTo6dGVzdF9hZG1pbl9zdHJhdGVneV9saWZlY3ljbGVfYW5kX25vX3N1cHBsaWVyX2ZhY3Rfb3ZlcnJpZGUiLAogICAgInRlc3RzL3Rlc3Rfc3ByaW50M21fcmVjb3Zlcnlfc3RyYXRlZ3lfZ292ZXJuYW5jZS5weTo6dGVzdF9ndWFyZHJhaWxfdGlja19pc19zYWZlX3dpdGhvdXRfYWN0aXZlX2NhbmRpZGF0ZSIsCiAgICAidGVzdHMvdGVzdF9zcHJpbnQz
2026-09-10T08:15:36.5047098Z GO_EVIDENCE_B64 bl9yZWNvdmVyeV9leHBlcmltZW50YXRpb24ucHk6OnRlc3RfZXhwZXJpbWVudF9yZXF1aXJlc19hcHByb3ZhbF9hbmRfY2FuZGlkYXRlX2FwcHJvdmFsIiwKICAgICJ0ZXN0cy90ZXN0X3NwcmludDNuX3JlY292ZXJ5X2V4cGVyaW1lbnRhdGlvbi5weTo6dGVzdF9kZXRlcm1pbmlzdGljX2Fzc2lnbm1lbnRfYW5kX21pbl9zYW1wbGVfZ2F0ZSIsCiAgICAidGVzdHMvdGVzdF9zcHJpbnQzbl9yZWNvdmVyeV9leHBlcmltZW50YXRpb24ucHk6OnRlc3RfcHJvbW90aW9uX3JlcXVpcmVzX3NpZ25pZmljYW5jZV9hbmRfc3RyYXRhX2Nv
2026-09-10T08:15:36.5052747Z GO_EVIDENCE_B64 dmVyYWdlIiwKICAgICJ0ZXN0cy90ZXN0X3NwcmludDNuX3JlY292ZXJ5X2V4cGVyaW1lbnRhdGlvbi5weTo6dGVzdF9zYWZldHlfZ3VhcmRyYWlsX2F1dG9fZGVncmFkZXNfY2FuZGlkYXRlIiwKICAgICJ0ZXN0cy90ZXN0X3NwcmludDNuX3JlY292ZXJ5X2V4cGVyaW1lbnRhdGlvbi5weTo6dGVzdF9hZG1pbl9hcGlfYW5kX2NhbGlicmF0aW9uX3BpcGVsaW5lIiwKICAgICJ0ZXN0cy90ZXN0X3NwcmludDNvX3JlY292ZXJ5X2xlYXJuaW5nX3JlZ2lzdHJ5LnB5Ojp0ZXN0X2tfYW5vbnltaXplZF9jcm9zc19zdXBwbGllcl9iZW5j
2026-09-10T08:15:36.5058303Z GO_EVIDENCE_B64 aG1hcmtfd2l0aGhvbGRzX3NtYWxsX2NvaG9ydCIsCiAgICAidGVzdHMvdGVzdF9zcHJpbnQzb19yZWNvdmVyeV9sZWFybmluZ19yZWdpc3RyeS5weTo6dGVzdF9yZWdpc3RyeV9idWlsZHNfcHJvdmVuYW5jZV9ncmFwaF9hbmRfZnJlc2huZXNzIiwKICAgICJ0ZXN0cy90ZXN0X3NwcmludDNvX3JlY292ZXJ5X2xlYXJuaW5nX3JlZ2lzdHJ5LnB5Ojp0ZXN0X2V4cGlyZWRfY2FsaWJyYXRpb25fZm9yY2VzX3JldmFsaWRhdGlvbiIsCiAgICAidGVzdHMvdGVzdF9zcHJpbnQzb19yZWNvdmVyeV9sZWFybmluZ19yZWdpc3RyeS5weTo6
2026-09-10T08:15:36.5063606Z GO_EVIDENCE_B64 dGVzdF9jb25jZXB0X2RyaWZ0X2ZvcmNlc19yZXZhbGlkYXRpb25fd2l0aG91dF9zdXBwbGllcl9mYWN0X211dGF0aW9uIiwKICAgICJ0ZXN0cy90ZXN0X3NwcmludDNvX3JlY292ZXJ5X2xlYXJuaW5nX3JlZ2lzdHJ5LnB5Ojp0ZXN0X2FkbWluX3JlZ2lzdHJ5X2JlbmNobWFya19kcmlmdF9hbmRfcmV2YWxpZGF0aW9uX2FwaSIsCiAgICAidGVzdHMvdGVzdF9zcHJpbnQzcF9yZWNvdmVyeV9kYXRhX2dvdmVybmFuY2UucHk6OnRlc3Rfc3VwcGxpZXJfbWFwcGluZ19hbmRfcXVhbGl0eV9nYXRlIiwKICAgICJ0ZXN0cy90ZXN0X3Nw
2026-09-10T08:15:36.5068983Z GO_EVIDENCE_B64 cmludDNwX3JlY292ZXJ5X2RhdGFfZ292ZXJuYW5jZS5weTo6dGVzdF9jb250YW1pbmF0ZWRfc2FtcGxlX2lzX3F1YXJhbnRpbmVkIiwKICAgICJ0ZXN0cy90ZXN0X3NwcmludDNwX3JlY292ZXJ5X2RhdGFfZ292ZXJuYW5jZS5weTo6dGVzdF9nbG9iYWxfa2lsbF9zd2l0Y2hfZm9yY2VzX2Jhc2VsaW5lIiwKICAgICJ0ZXN0cy90ZXN0X3NwcmludDNwX3JlY292ZXJ5X2RhdGFfZ292ZXJuYW5jZS5weTo6dGVzdF9wcml2YWN5X2J1ZGdldF9leGhhdXN0aW9uX2Jsb2Nrc19yZWxlYXNlIiwKICAgICJ0ZXN0cy90ZXN0X3NwcmludDNw
2026-09-10T08:15:36.5074602Z GO_EVIDENCE_B64 X3JlY292ZXJ5X2RhdGFfZ292ZXJuYW5jZS5weTo6dGVzdF9iZW5jaG1hcmtfcmVxdWlyZXNfZ292ZXJuZWRfbWFwcGluZ19xdWFsaXR5X2FuZF9wcml2YWN5IiwKICAgICJ0ZXN0cy90ZXN0X3NwcmludDNxX3JlY292ZXJ5X2xlYXJuaW5nX2luY2lkZW50LnB5Ojp0ZXN0X29wZW5faW5jaWRlbnRfY3JlYXRlc19zbmFwc2hvdF9hbmRfZm9yY2VzX2Jhc2VsaW5lIiwKICAgICJ0ZXN0cy90ZXN0X3NwcmludDNxX3JlY292ZXJ5X2xlYXJuaW5nX2luY2lkZW50LnB5Ojp0ZXN0X3Jlc3VtZV9yZXF1aXJlc19wb3N0bW9ydGVtX2FuZF9t
2026-09-10T08:15:36.5079986Z GO_EVIDENCE_B64 YWtlcl9jaGVja2VyIiwKICAgICJ0ZXN0cy90ZXN0X3NwcmludDNxX3JlY292ZXJ5X2xlYXJuaW5nX2luY2lkZW50LnB5Ojp0ZXN0X2V4ZWN1dGVfcmVzdW1lX3JlamVjdGVkX291dHNpZGVfY2hhbmdlX3dpbmRvdyIsCiAgICAidGVzdHMvdGVzdF9zcHJpbnQzcV9yZWNvdmVyeV9sZWFybmluZ19pbmNpZGVudC5weTo6dGVzdF9zdGFnZWRfcmVzdW1lX2FjdGl2YXRlc19uYXJyb3dlcl9ibG9ja3NfYmVmb3JlX3JlbGVhc2luZ19nbG9iYWwiLAogICAgInRlc3RzL3Rlc3Rfc3ByaW50M3FfcmVjb3ZlcnlfbGVhcm5pbmdfaW5jaWRl
2026-09-10T08:15:36.5087401Z GO_EVIDENCE_B64 bnQucHk6OnRlc3RfY2xvc2VfcmVxdWlyZXNfZXhlY3V0ZWRfY2hhbmdlX2FuZF9jbG9zdXJlX2V2aWRlbmNlIiwKICAgICJ0ZXN0cy90ZXN0X3NwcmludDNxX3JlY292ZXJ5X2xlYXJuaW5nX2luY2lkZW50LnB5Ojp0ZXN0X2RpcmVjdF9yZXN1bWVfaXNfYmxvY2tlZF93aGVuX2luY2lkZW50X293bnNfa2lsbF9zd2l0Y2giLAogICAgInRlc3RzL3Rlc3Rfc3ByaW50M3JfcmVsZWFzZV9nb3Zlcm5hbmNlLnB5Ojp0ZXN0X2ltbXV0YWJsZV9jb25maWdfdmVyc2lvbnNfaW5jcmVtZW50X2FuZF9kZXZfYmluZGluZ190cmFja3NfbGF0
2026-09-10T08:15:36.5095240Z GO_EVIDENCE_B64 ZXN0IiwKICAgICJ0ZXN0cy90ZXN0X3NwcmludDNyX3JlbGVhc2VfZ292ZXJuYW5jZS5weTo6dGVzdF9kcnlfcnVuX3JlcXVpcmVzX3NvdXJjZV9lbnZpcm9ubWVudF9iaW5kaW5nX21hdGNoIiwKICAgICJ0ZXN0cy90ZXN0X3NwcmludDNyX3JlbGVhc2VfZ292ZXJuYW5jZS5weTo6dGVzdF9wcm9kX3JlcXVpcmVzX3N0YWdpbmdfZXZpZGVuY2VfYW5kX21ha2VyX2NoZWNrZXIiLAogICAgInRlc3RzL3Rlc3Rfc3ByaW50M3JfcmVsZWFzZV9nb3Zlcm5hbmNlLnB5Ojp0ZXN0X2V4cGxpY2l0X3JvbGxiYWNrX3RhcmdldF9yZXN0b3Jl
2026-09-10T08:15:36.5100847Z GO_EVIDENCE_B64 c19wcmV2aW91c19wcm9kX21hbmlmZXN0IiwKICAgICJ0ZXN0cy90ZXN0X3NwcmludDNyX3JlbGVhc2VfZ292ZXJuYW5jZS5weTo6dGVzdF9kcmlmdF9kZXRlY3Rpb25faXNfb2JzZXJ2YXRpb25hbF9hbmRfZG9lc19ub3RfYXV0b19tdXRhdGVfZXhwZWN0ZWRfYmluZGluZyIsCiAgICAidGVzdHMvdGVzdF9zcHJpbnQzcl9yZWxlYXNlX2dvdmVybmFuY2UucHk6OnRlc3Rfc3RyYXRlZ3lfY2FsaWJyYXRpb25fb3JfaW5jaWRlbnRfY2hhbmdlX2Nhbl9iZV9zbmFwc2hvdHRlZF9hc19yZWxlYXNlX2NvbmZpZyIsCiAgICAidGVzdHMv
2026-09-10T08:15:36.5106199Z GO_EVIDENCE_B64 dGVzdF9zcHJpbnQzc19ydW50aW1lX2RlcGxveW1lbnRfYXR0ZXN0YXRpb24ucHk6OnRlc3RfcnVudGltZV9maW5nZXJwcmludF9hdHRlc3RhdGlvbl9tYXRjaGVzX2dvdmVybmVkX3Byb2RfYmluZGluZyIsCiAgICAidGVzdHMvdGVzdF9zcHJpbnQzc19ydW50aW1lX2RlcGxveW1lbnRfYXR0ZXN0YXRpb24ucHk6OnRlc3RfZmluZ2VycHJpbnRfbWlzbWF0Y2hfZmFpbHNfaGVhbHRoX3ZlcmlmaWNhdGlvbiIsCiAgICAidGVzdHMvdGVzdF9zcHJpbnQzc19ydW50aW1lX2RlcGxveW1lbnRfYXR0ZXN0YXRpb24ucHk6OnRlc3Rfc21v
2026-09-10T08:15:36.5111888Z GO_EVIDENCE_B64 a2VfZmFpbHVyZV9ibG9ja3NfcmVsZWFzZV92ZXJpZmljYXRpb25fZXZlbl93aXRoX21hdGNoaW5nX2ZpbmdlcnByaW50IiwKICAgICJ0ZXN0cy90ZXN0X3NwcmludDNzX3J1bnRpbWVfZGVwbG95bWVudF9hdHRlc3RhdGlvbi5weTo6dGVzdF9oZWFsdGhfc2xvX2ZhaWx1cmVfcmVxdWlyZXNfY29udHJvbGxlZF9yb2xsYmFja19ub3Rfc3VwcGxpZXJfcm9sbGJhY2siLAogICAgInRlc3RzL3Rlc3Rfc3ByaW50M3NfcnVudGltZV9kZXBsb3ltZW50X2F0dGVzdGF0aW9uLnB5Ojp0ZXN0X2ZhaWxlZF9wcm9kX3ZlcmlmaWNhdGlvbl9j
2026-09-10T08:15:36.5117284Z GO_EVIDENCE_B64 YW5fdHJpZ2dlcl9leGlzdGluZ19yZWxlYXNlX3JvbGxiYWNrIiwKICAgICJ0ZXN0cy90ZXN0X3NwcmludDNzX3J1bnRpbWVfZGVwbG95bWVudF9hdHRlc3RhdGlvbi5weTo6dGVzdF9wYXNzZWRfdmVyaWZpY2F0aW9uX2Nhbl9iZV9ldmlkZW5jZV9zZWFsZWRfYnV0X2ZhaWxlZF9jYW5ub3QiLAogICAgInRlc3RzL3Rlc3Rfc3ByaW50M3RfcnVudGltZV9vYnNlcnZhYmlsaXR5LnB5Ojp0ZXN0X2hlYWx0aHlfcnVudGltZV9rZWVwc19wcm9tb3Rpb25fb3BlbiIsCiAgICAidGVzdHMvdGVzdF9zcHJpbnQzdF9ydW50aW1lX29ic2Vy
2026-09-10T08:15:36.5122879Z GO_EVIDENCE_B64 dmFiaWxpdHkucHk6OnRlc3RfYnVybl9yYXRlX2JyZWFjaF9hdXRvX2ZyZWV6ZXNfYW5kX3JlY29tbWVuZHNfbm90X2V4ZWN1dGVzX3JvbGxiYWNrIiwKICAgICJ0ZXN0cy90ZXN0X3NwcmludDN0X3J1bnRpbWVfb2JzZXJ2YWJpbGl0eS5weTo6dGVzdF9mcm96ZW5fcHJvZF9ibG9ja3NfbmV3X3Byb21vdGlvbiIsCiAgICAidGVzdHMvdGVzdF9zcHJpbnQzdF9ydW50aW1lX29ic2VydmFiaWxpdHkucHk6OnRlc3RfcmVsZWFzZV9jb3JyZWxhdGVkX2Fub21hbHlfcmVxdWlyZXNfdmVyaWZpZWRfcmVsZWFzZSIsCiAgICAidGVzdHMv
2026-09-10T08:15:36.5128913Z GO_EVIDENCE_B64 dGVzdF9zcHJpbnQzdF9ydW50aW1lX29ic2VydmFiaWxpdHkucHk6OnRlc3RfdW5mcmVlemVfcmVxdWlyZXNfaGVhbHRoeV9hc3Nlc3NtZW50X2FuZF9ldmlkZW5jZSIsCiAgICAidGVzdHMvdGVzdF9zcHJpbnQzdF9ydW50aW1lX29ic2VydmFiaWxpdHkucHk6OnRlc3Rfcm9sbGJhY2tfcmVjb21tZW5kYXRpb25fYWNrbm93bGVkZ2VtZW50X2lzX2dvdmVybmFuY2Vfb25seSIsCiAgICAidGVzdHMvdGVzdF9zcHJpbnQzdV9ydW50aW1lX3RlbGVtZXRyeV9nb3Zlcm5hbmNlLnB5Ojp0ZXN0X2dvdmVybmVkX3NvdXJjZV9oYXNfc3Rh
2026-09-10T08:15:36.5134264Z GO_EVIDENCE_B64 YmxlX3Byb3ZlbmFuY2VfYW5kX3N0YXRlX2dhdGUiLAogICAgInRlc3RzL3Rlc3Rfc3ByaW50M3VfcnVudGltZV90ZWxlbWV0cnlfZ292ZXJuYW5jZS5weTo6dGVzdF9xdWFsaXR5X2dhdGVfYmxvY2tzX3N0cm9uZ19hY3Rpb25fZXZlbl93aGVuX2J1cm5fcmF0ZV9pc19iYWQiLAogICAgInRlc3RzL3Rlc3Rfc3ByaW50M3VfcnVudGltZV90ZWxlbWV0cnlfZ292ZXJuYW5jZS5weTo6dGVzdF9tdWx0aV93aW5kb3dfYnJlYWNoX3dpdGhfZ29vZF90ZWxlbWV0cnlfZnJlZXplc19hbmRfcmVjb21tZW5kcyIsCiAgICAidGVzdHMvdGVz
2026-09-10T08:15:36.5139666Z GO_EVIDENCE_B64 dF9zcHJpbnQzdV9ydW50aW1lX3RlbGVtZXRyeV9nb3Zlcm5hbmNlLnB5Ojp0ZXN0X2luY2lkZW50X2NvcnJlbGF0aW9uX2NhcnJpZXNfcmVsZWFzZV9hdHRlc3RhdGlvbl92ZXJpZmljYXRpb25fYW5kX3F1YWxpdHlfZXZpZGVuY2UiLAogICAgInRlc3RzL3Rlc3Rfc3ByaW50M3VfcnVudGltZV90ZWxlbWV0cnlfZ292ZXJuYW5jZS5weTo6dGVzdF9wb2xpY3lfcmVxdWlyZXNfbXVsdGlwbGVfdmFsaWRfd2luZG93cyIsCiAgICAidGVzdHMvdGVzdF9zcHJpbnQzdV9ydW50aW1lX3RlbGVtZXRyeV9nb3Zlcm5hbmNlLnB5Ojp0ZXN0
2026-09-10T08:15:36.5145034Z GO_EVIDENCE_B64 X3N0YXR1c19leHBvc2VzX3NvdXJjZV9xdWFsaXR5X3BvbGljeV9jb3JyZWxhdGlvbl9hbmRfcmVsZWFzZV9zYWZldHkiLAogICAgInRlc3RzL3Rlc3Rfc3ByaW50M3VfcnVudGltZV90ZWxlbWV0cnlfZ292ZXJuYW5jZS5weTo6dGVzdF9sZWdhY3lfM3RfYXNzZXNzbWVudF9jYW5ub3RfYnlwYXNzX2dvdmVybmVkX3RlbGVtZXRyeV9nYXRlIiwKICAgICJ0ZXN0cy90ZXN0X3NwcmludDN2X3RlbGVtZXRyeV90cnVzdF9jaGFpbi5weTo6dGVzdF9zaWduZWRfaWRlbnRpdHlfZW52ZWxvcGVfdmVyaWZpZXNfYW5kX2JpbmRzX3NvdXJj
2026-09-10T08:15:36.5150553Z GO_EVIDENCE_B64 ZV9lbnZpcm9ubWVudCIsCiAgICAidGVzdHMvdGVzdF9zcHJpbnQzdl90ZWxlbWV0cnlfdHJ1c3RfY2hhaW4ucHk6OnRlc3Rfbm9uY2Vfc2VxdWVuY2VfcmVwbGF5X2FuZF9jbG9ja19za2V3X2FyZV9ibG9ja2VkIiwKICAgICJ0ZXN0cy90ZXN0X3NwcmludDN2X3RlbGVtZXRyeV90cnVzdF9jaGFpbi5weTo6dGVzdF9iYWRfc2lnbmF0dXJlX2lzX3JlamVjdGVkIiwKICAgICJ0ZXN0cy90ZXN0X3NwcmludDN2X3RlbGVtZXRyeV90cnVzdF9jaGFpbi5weTo6dGVzdF9zb3VyY2VfcXVvcnVtX2luc3VmZmljaWVudF9mb3JjZXNfaHVt
2026-09-10T08:15:36.5155872Z GO_EVIDENCE_B64 YW5fcmV2aWV3X2FuZF9ub19mcmVlemUiLAogICAgInRlc3RzL3Rlc3Rfc3ByaW50M3ZfdGVsZW1ldHJ5X3RydXN0X2NoYWluLnB5Ojp0ZXN0X2hpZ2hfdHJ1c3RfcXVvcnVtX2FsbG93c19hdXRvX2ZyZWV6ZV9idXRfbm90X3N1cHBsaWVyX211dGF0aW9uIiwKICAgICJ0ZXN0cy90ZXN0X3NwcmludDN2X3RlbGVtZXRyeV90cnVzdF9jaGFpbi5weTo6dGVzdF9wb2xpY3lfY2FuX3JlcXVpcmVfaHVtYW5fcmV2aWV3X2V2ZW5fd2l0aF9oaWdoX3RydXN0IiwKICAgICJ0ZXN0cy90ZXN0X3NwcmludDN2X3RlbGVtZXRyeV90cnVzdF9j
2026-09-10T08:15:36.5161222Z GO_EVIDENCE_B64 aGFpbi5weTo6dGVzdF9vbGRfM3Vfcm91dGVfY29udHJhY3RfaXNfaGFyZGVuZWRfd2hlbl9hdXRvbWF0aW9uX3BvbGljeV9hY3RpdmUiLAogICAgInRlc3RzL3Rlc3Rfc3ByaW50M3dfaWRlbnRpdHlfa2V5X2xpZmVjeWNsZS5weTo6dGVzdF9pZGVudGl0eV9yZWdpc3RyYXRpb25fYm9vdHN0cmFwc19rZXlfdmVyc2lvbl9vbmUiLAogICAgInRlc3RzL3Rlc3Rfc3ByaW50M3dfaWRlbnRpdHlfa2V5X2xpZmVjeWNsZS5weTo6dGVzdF9zaWduZWRfa2V5X3JvdGF0aW9uX2R1YWxfa2V5X292ZXJsYXBfYWNjZXB0c19vbGRfYW5kX25l
2026-09-10T08:15:36.5166620Z GO_EVIDENCE_B64 dyIsCiAgICAidGVzdHMvdGVzdF9zcHJpbnQzd19pZGVudGl0eV9rZXlfbGlmZWN5Y2xlLnB5Ojp0ZXN0X2ludmFsaWRfdHJhbnNpdGlvbl9zaWduYXR1cmVfaXNfYmxvY2tlZCIsCiAgICAidGVzdHMvdGVzdF9zcHJpbnQzd19pZGVudGl0eV9rZXlfbGlmZWN5Y2xlLnB5Ojp0ZXN0X3Jldm9jYXRpb25fcHJvcGFnYXRlc19hbmRfZXhjbHVkZXNfaGlzdG9yaWNhbF90ZWxlbWV0cnlfZnJvbV9xdW9ydW0iLAogICAgInRlc3RzL3Rlc3Rfc3ByaW50M3dfaWRlbnRpdHlfa2V5X2xpZmVjeWNsZS5weTo6dGVzdF9jb21wcm9taXNlZF9j
2026-09-10T08:15:36.5172064Z GO_EVIDENCE_B64 b2xsZWN0b3JfcXVhcmFudGluZV9pbW1lZGlhdGVseV9ibG9ja3NfaW5nZXN0X2FuZF9hdXRvbWF0aW9uIiwKICAgICJ0ZXN0cy90ZXN0X3NwcmludDN3X2lkZW50aXR5X2tleV9saWZlY3ljbGUucHk6OnRlc3RfcmV2b2tlX2ltbWVkaWF0ZWx5X3Jldm9rZXNfYWxsX2N1cnJlbnRfa2V5c19hbmRfaW52YWxpZGF0ZXNfY2FjaGUiLAogICAgInRlc3RzL3Rlc3Rfc3ByaW50M3dfaWRlbnRpdHlfa2V5X2xpZmVjeWNsZS5weTo6dGVzdF9jb250YWlubWVudF9rZWVwc19pZGVudGl0eV9xdWFyYW50aW5lZF91bnRpbF9zZXBhcmF0ZV9y
2026-09-10T08:15:36.5177789Z GO_EVIDENCE_B64 ZW1lZGlhdGlvbiIsCiAgICAidGVzdHMvdGVzdF9zcHJpbnQzd19pZGVudGl0eV9rZXlfbGlmZWN5Y2xlLnB5Ojp0ZXN0X3plcm9fb3ZlcmxhcF9yZXRpcmVzX29sZF9rZXlfaW1tZWRpYXRlbHlfYW5kX29sZF9zaWduYXR1cmVfZmFpbHMiLAogICAgInRlc3RzL3Rlc3Rfc3ByaW50M3hfaWRlbnRpdHlfcmVpc3N1YW5jZS5weTo6dGVzdF9yZXZva2VkX2lkZW50aXR5X2Nhbm5vdF9iZV9yZWFjdGl2YXRlZF9kaXJlY3RseV9hbmRfcmVxdWlyZXNfcmVpc3N1YW5jZSIsCiAgICAidGVzdHMvdGVzdF9zcHJpbnQzeF9pZGVudGl0eV9y
2026-09-10T08:15:36.5183121Z GO_EVIDENCE_B64 ZWlzc3VhbmNlLnB5Ojp0ZXN0X2F0dGVzdGF0aW9uX3NpZ25hdHVyZV9jaGFsbGVuZ2VfYmluZGluZ19hbmRfcmVwbGF5X3Byb3RlY3Rpb24iLAogICAgInRlc3RzL3Rlc3Rfc3ByaW50M3hfaWRlbnRpdHlfcmVpc3N1YW5jZS5weTo6dGVzdF9pbnZhbGlkX2F0dGVzdGF0aW9uX3NpZ25hdHVyZV9pc19ibG9ja2VkIiwKICAgICJ0ZXN0cy90ZXN0X3NwcmludDN4X2lkZW50aXR5X3JlaXNzdWFuY2UucHk6OnRlc3RfbWFrZXJfY2hlY2tlcl9hbmRfYnJlYWtfZ2xhc3NfcmVxdWlyZV9leHBsaWNpdF9hcHByb3ZhbF9ldmlkZW5jZSIs
2026-09-10T08:15:36.5188492Z GO_EVIDENCE_B64 CiAgICAidGVzdHMvdGVzdF9zcHJpbnQzeF9pZGVudGl0eV9yZWlzc3VhbmNlLnB5Ojp0ZXN0X2lzc3VlX2NyZWF0ZXNfbmV3X2lkZW50aXR5X2xpbmVhZ2VfYW5kX3Blcm1hbmVudF9vbGRfdG9tYnN0b25lIiwKICAgICJ0ZXN0cy90ZXN0X3NwcmludDN4X2lkZW50aXR5X3JlaXNzdWFuY2UucHk6OnRlc3Rfb3Blbl9zZWN1cml0eV9pbmNpZGVudF9tdXN0X2JlX2NvbnRhaW5lZF9iZWZvcmVfcmVpc3N1YW5jZV9pc3N1ZSIsCiAgICAidGVzdHMvdGVzdF9zcHJpbnQzeF9pZGVudGl0eV9yZWlzc3VhbmNlLnB5Ojp0ZXN0X3JlcGxh
2026-09-10T08:15:36.5193798Z GO_EVIDENCE_B64 Y2VtZW50X2lkZW50aXR5X3Jlam9pbnNfYXV0b21hdGlvbl9xdW9ydW1fb25seV9hZnRlcl9uZXdfc2lnbmVkX3RlbGVtZXRyeSIsCiAgICAidGVzdHMvdGVzdF9zcHJpbnQzeF9pZGVudGl0eV9yZWlzc3VhbmNlLnB5Ojp0ZXN0X3JlaXNzdWFuY2Vfc3RhdHVzX2V4cG9zZXNfcmVxdWVzdF9saW5lYWdlX3RvbWJzdG9uZV9hbmRfY2FjaGVfZXBvY2giLAogICAgInRlc3RzL3Rlc3Rfc3ByaW50M3lfY3JlZGVudGlhbF9hdXRob3JpdHkucHk6OnRlc3RfcG9saWN5X3ZlcnNpb25pbmdfYW5kX2hhcmR3YXJlX3RydXN0X2NsYXNzX2dh
2026-09-10T08:15:36.5199198Z GO_EVIDENCE_B64 dGUiLAogICAgInRlc3RzL3Rlc3Rfc3ByaW50M3lfY3JlZGVudGlhbF9hdXRob3JpdHkucHk6OnRlc3RfdmVyaWZpZXJfcXVvcnVtX2lzX3JlcXVpcmVkX2JlZm9yZV9jcmVkZW50aWFsX2lzc3VlIiwKICAgICJ0ZXN0cy90ZXN0X3NwcmludDN5X2NyZWRlbnRpYWxfYXV0aG9yaXR5LnB5Ojp0ZXN0X2lzc3VlX2NyZWF0ZXNfZWxpZ2libGVfY3JlZGVudGlhbF9hbmRfaW1tdXRhYmxlX2xpbmVhZ2VfZmFjdCIsCiAgICAidGVzdHMvdGVzdF9zcHJpbnQzeV9jcmVkZW50aWFsX2F1dGhvcml0eS5weTo6dGVzdF9hY3RpdmVfM3lfcG9s
2026-09-10T08:15:36.5204549Z GO_EVIDENCE_B64 aWN5X2dhdGVzX3RlbGVtZXRyeV9xdW9ydW1fdW50aWxfYm90aF9pZGVudGl0aWVzX2hhdmVfY3JlZGVudGlhbHMiLAogICAgInRlc3RzL3Rlc3Rfc3ByaW50M3lfY3JlZGVudGlhbF9hdXRob3JpdHkucHk6OnRlc3RfcmV2b2NhdGlvbl9zeW5jX3JlbW92ZXNfZXhpc3RpbmdfY3JlZGVudGlhbF9mcm9tX2F1dG9tYXRpb25fZWxpZ2liaWxpdHkiLAogICAgInRlc3RzL3Rlc3Rfc3ByaW50M3lfY3JlZGVudGlhbF9hdXRob3JpdHkucHk6OnRlc3RfcmV2b2tpbmdfYXV0aG9yaXR5X3Byb3BhZ2F0ZXNfdG9fYWxsX2lzc3VlZF9jcmVk
2026-09-10T08:15:36.5209982Z GO_EVIDENCE_B64 ZW50aWFscyIsCiAgICAidGVzdHMvdGVzdF9zcHJpbnQzeV9jcmVkZW50aWFsX2F1dGhvcml0eS5weTo6dGVzdF9mYWlsZWRfdmVyaWZpZXJfcmVqZWN0c19pc3N1YW5jZV9hbmRfY2Fubm90X2JlX2lzc3VlZCIsCiAgICAidGVzdHMvdGVzdF9zcHJpbnQzeV9jcmVkZW50aWFsX2F1dGhvcml0eS5weTo6dGVzdF9zdGF0dXNfZXhwb3Nlc19yb290X2lzc3Vlcl9wb2xpY3lfY3JlZGVudGlhbHNfYW5kX3Jldm9jYXRpb25fc3luYyIsCiAgICAidGVzdHMvdGVzdF9zcHJpbnQzel9mZWRlcmF0ZWRfdHJ1c3QucHk6OnRlc3RfcHVibGlj
2026-09-10T08:15:36.5215335Z GO_EVIDENCE_B64 X3N0YXR1c19pc191bmtub3duX2JlZm9yZV9wdWJsaWNhdGlvbl9hbmRfZ29vZF9hZnRlciIsCiAgICAidGVzdHMvdGVzdF9zcHJpbnQzel9mZWRlcmF0ZWRfdHJ1c3QucHk6OnRlc3RfdHJhbnNwYXJlbmN5X2xvZ19jaGVja3BvaW50X2lzX2FwcGVuZF9vbmx5X2NoYWluZWQiLAogICAgInRlc3RzL3Rlc3Rfc3ByaW50M3pfZmVkZXJhdGVkX3RydXN0LnB5Ojp0ZXN0X2ZlZGVyYXRlZF9hZG1pc3Npb25fcmVxdWlyZXNfZnJlc2hfZ29vZF9zdGF0dXNfYW5kX3RyYW5zcGFyZW5jeSIsCiAgICAidGVzdHMvdGVzdF9zcHJpbnQzel9m
2026-09-10T08:15:36.5220716Z GO_EVIDENCE_B64 ZWRlcmF0ZWRfdHJ1c3QucHk6OnRlc3Rfc3RhbGVfc3RhdHVzX2Rlbmllc19hZG1pc3Npb24iLAogICAgInRlc3RzL3Rlc3Rfc3ByaW50M3pfZmVkZXJhdGVkX3RydXN0LnB5Ojp0ZXN0X3RydXN0X2Fzc2Vzc21lbnRfcmVxdWlyZXNfYm90aF9pZGVudGl0eV9zdGF0dXNlc193aGVuXzN6X3BvbGljeV9hY3RpdmUiLAogICAgInRlc3RzL3Rlc3Rfc3ByaW50M3pfZmVkZXJhdGVkX3RydXN0LnB5Ojp0ZXN0X2lzc3Vlcl9jb21wcm9taXNlX2ZhbnNfb3V0X3Jldm9rZV9zdGF0dXNfYW5kX3JlbW92ZXNfcXVvcnVtIiwKICAgICJ0ZXN0
2026-09-10T08:15:36.5226272Z GO_EVIDENCE_B64 cy90ZXN0X3NwcmludDN6X2ZlZGVyYXRlZF90cnVzdC5weTo6dGVzdF9jbHVzdGVyX3BvbGljeV9jb25zaXN0ZW5jeV9hbmRfc3RhdHVzX3N1cmZhY2UiLAogICAgInRlc3RzL3Rlc3Rfc3ByaW50M3pfZmVkZXJhdGVkX3RydXN0LnB5Ojp0ZXN0X3B1YmxpY19odHRwX3N0YXR1c19hbmRfdHJhbnNwYXJlbmN5X2NoZWNrcG9pbnRfcmVxdWlyZV9ub19hZG1pbl9hdXRoIiwKICAgICJ0ZXN0cy90ZXN0X3NwcmludDRhX2V4dGVybmFsX3RydXN0X3dpdG5lc3MucHk6OnRlc3RfbWVya2xlX2NoZWNrcG9pbnRfYW5kX2luY2x1c2lvbl9w
2026-09-10T08:15:36.5231660Z GO_EVIDENCE_B64 cm9vZl92ZXJpZnkiLAogICAgInRlc3RzL3Rlc3Rfc3ByaW50NGFfZXh0ZXJuYWxfdHJ1c3Rfd2l0bmVzcy5weTo6dGVzdF93cm9uZ193aXRuZXNzX3NpZ25hdHVyZV9pc19yZWplY3RlZCIsCiAgICAidGVzdHMvdGVzdF9zcHJpbnQ0YV9leHRlcm5hbF90cnVzdF93aXRuZXNzLnB5Ojp0ZXN0X3ZhbGlkX2V4dGVybmFsX3dpdG5lc3NfY29zaWduc19jaGVja3BvaW50IiwKICAgICJ0ZXN0cy90ZXN0X3NwcmludDRhX2V4dGVybmFsX3RydXN0X3dpdG5lc3MucHk6OnRlc3RfY29uc2lzdGVudF9yZWdpb25zX2FsbG93X3doZW5fd2l0
2026-09-10T08:15:36.5236883Z GO_EVIDENCE_B64 bmVzc19xdW9ydW1fYW5kX2xvY2FsX2FkbWlzc2lvbl9wYXNzIiwKICAgICJ0ZXN0cy90ZXN0X3NwcmludDRhX2V4dGVybmFsX3RydXN0X3dpdG5lc3MucHk6OnRlc3Rfc3BsaXRfdmlld19pc19mYWlsX3NhZmVfZGVueV9ldmVuX2lmX29uZV9yZWdpb25fZ29vZCIsCiAgICAidGVzdHMvdGVzdF9zcHJpbnQ0YV9leHRlcm5hbF90cnVzdF93aXRuZXNzLnB5Ojp0ZXN0X21pc3NpbmdfcmVnaW9uX2lzX2ZhaWxfc2FmZV9kZW55IiwKICAgICJ0ZXN0cy90ZXN0X3NwcmludDRhX2V4dGVybmFsX3RydXN0X3dpdG5lc3MucHk6OnRlc3Rf
2026-09-10T08:15:36.5242199Z GO_EVIDENCE_B64 d2l0bmVzc19xdW9ydW1fbm90X21ldF9kZW5pZXMiLAogICAgInRlc3RzL3Rlc3Rfc3ByaW50NGFfZXh0ZXJuYWxfdHJ1c3Rfd2l0bmVzcy5weTo6dGVzdF9wdWJsaWNfbWVya2xlX2VuZHBvaW50c19hcmVfYW5vbnltb3VzIiwKICAgICJ0ZXN0cy90ZXN0X3NwcmludDRiX3RyYW5zcGFyZW5jeV9nb3NzaXAucHk6OnRlc3RfY29uc2lzdGVuY3lfcHJvb2ZfdmVyaWZpZXNfYXBwZW5kX29ubHlfZXh0ZW5zaW9uIiwKICAgICJ0ZXN0cy90ZXN0X3NwcmludDRiX3RyYW5zcGFyZW5jeV9nb3NzaXAucHk6OnRlc3Rfd2l0bmVzc19mZWRl
2026-09-10T08:15:36.5247413Z GO_EVIDENCE_B64 cmF0aW9uX3JlcXVpcmVzX3ZhbGlkX3F1b3J1bSIsCiAgICAidGVzdHMvdGVzdF9zcHJpbnQ0Yl90cmFuc3BhcmVuY3lfZ29zc2lwLnB5Ojp0ZXN0X2dvc3NpcF9zYW1lX2NoZWNrcG9pbnRfZG9lc19ub3Rfb3Blbl9pbmNpZGVudCIsCiAgICAidGVzdHMvdGVzdF9zcHJpbnQ0Yl90cmFuc3BhcmVuY3lfZ29zc2lwLnB5Ojp0ZXN0X2dvc3NpcF9jb25mbGljdF9vcGVuc19zZXYxX2luY2lkZW50X2FuZF9pc29sYXRlc19yZWdpb25zIiwKICAgICJ0ZXN0cy90ZXN0X3NwcmludDRiX3RyYW5zcGFyZW5jeV9nb3NzaXAucHk6OnRlc3Rf
2026-09-10T08:15:36.5252847Z GO_EVIDENCE_B64 aXNvbGF0ZWRfcmVnaW9uX2ZvcmNlc180YV9hZG1pc3Npb25fZmFpbF9zYWZlIiwKICAgICJ0ZXN0cy90ZXN0X3NwcmludDRiX3RyYW5zcGFyZW5jeV9nb3NzaXAucHk6OnRlc3RfcmVjb3ZlcnlfcmVxdWlyZXNfdmVyaWZpZWRfY29uc2lzdGVuY3lfYW5kX3dpdG5lc3NfZmVkZXJhdGlvbl9xdW9ydW0iLAogICAgInRlc3RzL3Rlc3Rfc3ByaW50NGJfdHJhbnNwYXJlbmN5X2dvc3NpcC5weTo6dGVzdF9yZWdpb25fcmVqb2luX3JlcXVpcmVzX3JlY292ZXJ5X2FuZF9yZXNvbHZlc19hZnRlcl9hbGxfcmVnaW9uc19yZWpvaW4iLAog
2026-09-10T08:15:36.5258280Z GO_EVIDENCE_B64 ICAgInRlc3RzL3Rlc3Rfc3ByaW50NGJfdHJhbnNwYXJlbmN5X2dvc3NpcC5weTo6dGVzdF9wdWJsaWNfY29uc2lzdGVuY3lfcHJvb2ZfaXNfYW5vbnltb3VzIiwKICAgICJ0ZXN0cy90ZXN0X3NwcmludDRjX3dpdG5lc3NfaW5kZXBlbmRlbmNlX2RyLnB5Ojp0ZXN0X3NhbWVfb3BlcmF0b3Jfd2l0bmVzc2VzX2RvX25vdF9jb3VudF9hc19pbmRlcGVuZGVudF9xdW9ydW0iLAogICAgInRlc3RzL3Rlc3Rfc3ByaW50NGNfd2l0bmVzc19pbmRlcGVuZGVuY2VfZHIucHk6OnRlc3RfaW5kZXBlbmRlbnRfb3BlcmF0b3JfZmFpbHVyZV9k
2026-09-10T08:15:36.5263618Z GO_EVIDENCE_B64 b21haW5fcXVvcnVtX3Bhc3NlcyIsCiAgICAidGVzdHMvdGVzdF9zcHJpbnQ0Y193aXRuZXNzX2luZGVwZW5kZW5jZV9kci5weTo6dGVzdF9jcm9zc19vcGVyYXRvcl9nb3NzaXBfZGV0ZWN0c19zcGxpdF92aWV3X2FuZF9vcGVuc19pbmNpZGVudCIsCiAgICAidGVzdHMvdGVzdF9zcHJpbnQ0Y193aXRuZXNzX2luZGVwZW5kZW5jZV9kci5weTo6dGVzdF9jaGVja3BvaW50X2FyY2hpdmVfcmVidWlsZF9pc19wdWJsaWNseV92ZXJpZmlhYmxlIiwKICAgICJ0ZXN0cy90ZXN0X3NwcmludDRjX3dpdG5lc3NfaW5kZXBlbmRlbmNlX2Ry
2026-09-10T08:15:36.5268991Z GO_EVIDENCE_B64 LnB5Ojp0ZXN0X29wZW5fcmVnaW9uX2Rpc2FzdGVyX2ZvcmNlc180YV9mYWlsX3NhZmUiLAogICAgInRlc3RzL3Rlc3Rfc3ByaW50NGNfd2l0bmVzc19pbmRlcGVuZGVuY2VfZHIucHk6OnRlc3RfcHJvdmlkZXJfZGlzYXN0ZXJfcmVidWlsZF9yZXF1aXJlc19pbmRlcGVuZGVudF93aXRuZXNzZXMiLAogICAgInRlc3RzL3Rlc3Rfc3ByaW50NGNfd2l0bmVzc19pbmRlcGVuZGVuY2VfZHIucHk6OnRlc3RfZGlzYXN0ZXJfY29tcGxldGlvbl9yZXF1aXJlc19ldmVyeV9hZmZlY3RlZF9yZWdpb25fcmVidWlsdCIsCiAgICAidGVzdHMv
2026-09-10T08:15:36.5274417Z GO_EVIDENCE_B64 dGVzdF9zcHJpbnQ0Y193aXRuZXNzX2luZGVwZW5kZW5jZV9kci5weTo6dGVzdF9kcmlsbF9yZWNvcmRzX3JlY292ZXJ5X2V2aWRlbmNlX2FmdGVyX3ZlcmlmaWVkX3JlYnVpbGQiLAogICAgInRlc3RzL3Rlc3Rfc3ByaW50NGRfdHJ1c3RfcGxhbmVfY2hhb3NfcmVhZGluZXNzLnB5Ojp0ZXN0X3BvbGljeV92ZXJzaW9uc19hbmRfc3VwcG9ydGVkX2ZhaWx1cmVfY2F0YWxvZyIsCiAgICAidGVzdHMvdGVzdF9zcHJpbnQ0ZF90cnVzdF9wbGFuZV9jaGFvc19yZWFkaW5lc3MucHk6OnRlc3RfZnVsbF9jYW1wYWlnbl9jb3ZlcnNfd2l0
2026-09-10T08:15:36.5280001Z GO_EVIDENCE_B64 bmVzc19yZWdpb25fcHJvdmlkZXJfY2hlY2twb2ludF9hcmNoaXZlX2FuZF9xdW9ydW0iLAogICAgInRlc3RzL3Rlc3Rfc3ByaW50NGRfdHJ1c3RfcGxhbmVfY2hhb3NfcmVhZGluZXNzLnB5Ojp0ZXN0X3dpdG5lc3NfbG9zc19yZWNvdmVyeV9mYWlsdXJlX2Jsb2Nrc19yZWFkaW5lc3MiLAogICAgInRlc3RzL3Rlc3Rfc3ByaW50NGRfdHJ1c3RfcGxhbmVfY2hhb3NfcmVhZGluZXNzLnB5Ojp0ZXN0X3J0b19hbmRfcnBvX3RhcmdldHNfYXJlX2hhcmRfcmVhZGluZXNzX2dhdGVzIiwKICAgICJ0ZXN0cy90ZXN0X3NwcmludDRkX3Ry
2026-09-10T08:15:36.5285363Z GO_EVIDENCE_B64 dXN0X3BsYW5lX2NoYW9zX3JlYWRpbmVzcy5weTo6dGVzdF9taXNzaW5nX3JlcXVpcmVkX3NjZW5hcmlvX2Jsb2Nrc19wcm9kdWN0aW9uX3JlYWRpbmVzcyIsCiAgICAidGVzdHMvdGVzdF9zcHJpbnQ0ZF90cnVzdF9wbGFuZV9jaGFvc19yZWFkaW5lc3MucHk6OnRlc3Rfc3RhbGVfY2hhb3NfZXZpZGVuY2VfZmFpbHNfYXNzZXNzbWVudCIsCiAgICAidGVzdHMvdGVzdF9zcHJpbnQ0ZF90cnVzdF9wbGFuZV9jaGFvc19yZWFkaW5lc3MucHk6OnRlc3Rfb3Blbl9yZWFsX2Rpc2FzdGVyX2Jsb2Nrc19nYXRlX2V2ZW5fYWZ0ZXJfcGFz
2026-09-10T08:15:36.5290823Z GO_EVIDENCE_B64 c2luZ19kcmlsbCIsCiAgICAidGVzdHMvdGVzdF9zcHJpbnQ0ZF90cnVzdF9wbGFuZV9jaGFvc19yZWFkaW5lc3MucHk6OnRlc3RfcGFzc2luZ19nYXRlX2FsbG93c19wcm9kX3VudGlsX2V2aWRlbmNlX2V4cGlyZXMiLAogICAgInRlc3RzL3Rlc3Rfc3ByaW50NGVfY29udGludW91c19jaGFvc193YWl2ZXIucHk6OnRlc3Rfc2NoZWR1bGVyX3J1bnNfZHVlX2NhbXBhaWduX2FuZF9hZHZhbmNlc19uZXh0X3J1biIsCiAgICAidGVzdHMvdGVzdF9zcHJpbnQ0ZV9jb250aW51b3VzX2NoYW9zX3dhaXZlci5weTo6dGVzdF9yZWFkaW5l
2026-09-10T08:15:36.5296096Z GO_EVIDENCE_B64 c3NfdHJlbmRfZGV0ZWN0c19ydG9fcmVncmVzc2lvbiIsCiAgICAidGVzdHMvdGVzdF9zcHJpbnQ0ZV9jb250aW51b3VzX2NoYW9zX3dhaXZlci5weTo6dGVzdF9ldmlkZW5jZV9hZ2luZ19tYXJrc190cmVuZF9yZWdyZXNzZWQiLAogICAgInRlc3RzL3Rlc3Rfc3ByaW50NGVfY29udGludW91c19jaGFvc193YWl2ZXIucHk6OnRlc3Rfd2FpdmVyX3JlcXVpcmVzX3R3b19kaXN0aW5jdF9hcHByb3ZlcnNfYW5kX3JlcXVlc3Rlcl9jYW5ub3RfYXBwcm92ZSIsCiAgICAidGVzdHMvdGVzdF9zcHJpbnQ0ZV9jb250aW51b3VzX2NoYW9z
2026-09-10T08:15:36.5301467Z GO_EVIDENCE_B64 X3dhaXZlci5weTo6dGVzdF93YWl2ZXJfYXV0b19leHBpcmVzX2FuZF9jYW5ub3RfYXV0aG9yaXplX3JlbGVhc2UiLAogICAgInRlc3RzL3Rlc3Rfc3ByaW50NGVfY29udGludW91c19jaGFvc193YWl2ZXIucHk6OnRlc3RfdmFsaWRfZ2F0ZV9hdXRob3JpemVzX3dpdGhvdXRfd2FpdmVyX2FuZF9yZWNvcmRzX2hpc3RvcnkiLAogICAgInRlc3RzL3Rlc3Rfc3ByaW50NGVfY29udGludW91c19jaGFvc193YWl2ZXIucHk6OnRlc3RfYmxvY2tlZF9nYXRlX2Nhbl9vbmx5X2JlX2J5cGFzc2VkX2J5X2FjdGl2ZV9hcHByb3ZlZF93YWl2
2026-09-10T08:15:36.5306750Z GO_EVIDENCE_B64 ZXIiLAogICAgInRlc3RzL3Rlc3Rfc3ByaW50NGVfY29udGludW91c19jaGFvc193YWl2ZXIucHk6OnRlc3Rfd2FpdmVyX3dpbmRvd19pc19oYXJkX2JvdW5kZWRfYW5kX3N1cHBsaWVyX2ZhY3RfdW5jaGFuZ2VkIiwKICAgICJ0ZXN0cy90ZXN0X3NwcmludDRmX3dhaXZlcl9leHBvc3VyZV9leGNlcHRpb25fZGVidC5weTo6dGVzdF9hY3RpdmVfcG9saWN5X3JlcXVpcmVzX3JlbWVkaWF0aW9uX293bmVyX2V2ZW5fdGhyb3VnaF9sZWdhY3lfNGVfd2FpdmVyX3BhdGgiLAogICAgInRlc3RzL3Rlc3Rfc3ByaW50NGZfd2FpdmVyX2V4
2026-09-10T08:15:36.5312188Z GO_EVIDENCE_B64 cG9zdXJlX2V4Y2VwdGlvbl9kZWJ0LnB5Ojp0ZXN0X3dhaXZlcl9yZXF1ZXN0X29wZW5zX21hbmRhdG9yeV9yZW1lZGlhdGlvbl93aXRoX3NsYSIsCiAgICAidGVzdHMvdGVzdF9zcHJpbnQ0Zl93YWl2ZXJfZXhwb3N1cmVfZXhjZXB0aW9uX2RlYnQucHk6OnRlc3Rfcm9sbGluZ193YWl2ZXJfYnVkZ2V0X2Jsb2Nrc19uZXdfcmVxdWVzdHNfYWZ0ZXJfbGltaXQiLAogICAgInRlc3RzL3Rlc3Rfc3ByaW50NGZfd2FpdmVyX2V4cG9zdXJlX2V4Y2VwdGlvbl9kZWJ0LnB5Ojp0ZXN0X2NvbnNlY3V0aXZlX3dhaXZlcl9yZWxlYXNlX2xp
2026-09-10T08:15:36.5317511Z GO_EVIDENCE_B64 bWl0X2Jsb2Nrc19mdXJ0aGVyX2V4Y2VwdGlvbl9yZXF1ZXN0cyIsCiAgICAidGVzdHMvdGVzdF9zcHJpbnQ0Zl93YWl2ZXJfZXhwb3N1cmVfZXhjZXB0aW9uX2RlYnQucHk6OnRlc3Rfcmlza19leHBvc3VyZV90aW1lX2J1ZGdldF9pc19hY2NvdW50ZWRfYW5kX2Jsb2Nrc19uZXdfd2FpdmVyIiwKICAgICJ0ZXN0cy90ZXN0X3NwcmludDRmX3dhaXZlcl9leHBvc3VyZV9leGNlcHRpb25fZGVidC5weTo6dGVzdF9leGNlcHRpb25fZGVidF90aHJlc2hvbGRfYmxvY2tzX3dhaXZlcl9jaHVybl9iZWZvcmVfcmF3X2NvdW50X2xpbWl0
2026-09-10T08:15:36.5322950Z GO_EVIDENCE_B64 IiwKICAgICJ0ZXN0cy90ZXN0X3NwcmludDRmX3dhaXZlcl9leHBvc3VyZV9leGNlcHRpb25fZGVidC5weTo6dGVzdF9vdmVyZHVlX3JlbWVkaWF0aW9uX2VzY2FsYXRlc19hbmRfcmVzb2x1dGlvbl9yZXF1aXJlc19ldmlkZW5jZSIsCiAgICAidGVzdHMvdGVzdF9zcHJpbnQ0Zl93YWl2ZXJfZXhwb3N1cmVfZXhjZXB0aW9uX2RlYnQucHk6OnRlc3Rfd2FpdmVyX3JlbGVhc2VfYW5kX3JlbWVkaWF0aW9uX2FjdGlvbnNfY3JlYXRlX2F1ZGl0YWJsZV9leHBvc3VyZV9ldmVudHMiLAogICAgInRlc3RzL3Rlc3Rfc3ByaW50NGdfZXhj
2026-09-10T08:15:36.5328722Z GO_EVIDENCE_B64 ZXB0aW9uX2RlYnRfYnVybmRvd24ucHk6OnRlc3RfcG9saWN5X3ZlcnNpb25zX2FuZF9yZWplY3RzX3Vuc2FmZV90aHJlc2hvbGRzIiwKICAgICJ0ZXN0cy90ZXN0X3NwcmludDRnX2V4Y2VwdGlvbl9kZWJ0X2J1cm5kb3duLnB5Ojp0ZXN0X2hpZ2hfZXhjZXB0aW9uX2RlYnRfYWN0aXZhdGVzX2ZyZWV6ZV9hbmRfYmxvY2tzX2xlZ2FjeV93YWl2ZXJfcmVxdWVzdCIsCiAgICAidGVzdHMvdGVzdF9zcHJpbnQ0Z19leGNlcHRpb25fZGVidF9idXJuZG93bi5weTo6dGVzdF9idXJuZG93bl9wbGFuX3JlcXVpcmVzX21pbGVzdG9uZXNf
2026-09-10T08:15:36.5334062Z GO_EVIDENCE_B64 YW5kX2J1aWxkc19jcm9zc190ZWFtX3Jlc3BvbnNpYmlsaXR5X21hdHJpeCIsCiAgICAidGVzdHMvdGVzdF9zcHJpbnQ0Z19leGNlcHRpb25fZGVidF9idXJuZG93bi5weTo6dGVzdF9taWxlc3RvbmVfY29tcGxldGlvbl9yZXF1aXJlc19ldmlkZW5jZV9hbmRfdXBkYXRlc19wbGFuX3Byb2dyZXNzIiwKICAgICJ0ZXN0cy90ZXN0X3NwcmludDRnX2V4Y2VwdGlvbl9kZWJ0X2J1cm5kb3duLnB5Ojp0ZXN0X292ZXJkdWVfYnVybmRvd25fbWlsZXN0b25lX2VzY2FsYXRlc19hdXRvbWF0aWNhbGx5IiwKICAgICJ0ZXN0cy90ZXN0X3Nw
2026-09-10T08:15:36.5339427Z GO_EVIDENCE_B64 cmludDRnX2V4Y2VwdGlvbl9kZWJ0X2J1cm5kb3duLnB5Ojp0ZXN0X2V4ZWN1dGl2ZV9yaXNrX2FjY2VwdGFuY2VfcmVxdWlyZXNfdHdvX2Rpc3RpbmN0X2V4ZWN1dGl2ZXNfYW5kX3RpbWVfYm91bmRfd2luZG93IiwKICAgICJ0ZXN0cy90ZXN0X3NwcmludDRnX2V4Y2VwdGlvbl9kZWJ0X2J1cm5kb3duLnB5Ojp0ZXN0X2ZyZWV6ZV9yZWxlYXNlc19ub3JtYWxseV9vbmx5X2FmdGVyX2RlYnRfYmVsb3dfcmVsZWFzZV90aHJlc2hvbGQiLAogICAgInRlc3RzL3Rlc3Rfc3ByaW50NGdfZXhjZXB0aW9uX2RlYnRfYnVybmRvd24ucHk6
2026-09-10T08:15:36.5344699Z GO_EVIDENCE_B64 OnRlc3RfcmVzaWR1YWxfcmlza19hY2NlcHRhbmNlX2RvZXNfbm90X2J5cGFzc19mcmVlemVfYW5kX29ubHlfc3VwcG9ydHNfY29udHJvbGxlZF9yZWxlYXNlX2FmdGVyX3BsYW5fY29tcGxldGUiLAogICAgInRlc3RzL3Rlc3Rfc3ByaW50NGhfZW50ZXJwcmlzZV9yaXNrX3BvcnRmb2xpby5weTo6dGVzdF9ib2FyZF9yaXNrX2xpbWl0X3JlcXVpcmVzX3R3b19kaXN0aW5jdF9hcHByb3ZlcnMiLAogICAgInRlc3RzL3Rlc3Rfc3ByaW50NGhfZW50ZXJwcmlzZV9yaXNrX3BvcnRmb2xpby5weTo6dGVzdF9wb3NpdGlvbl9yZXF1aXJl
2026-09-10T08:15:36.5350151Z GO_EVIDENCE_B64 c19hcHByb3ZlZF9hY2NlcHRhbmNlX2FuZF9leHBsaWNpdF9kaW1lbnNpb25zIiwKICAgICJ0ZXN0cy90ZXN0X3NwcmludDRoX2VudGVycHJpc2Vfcmlza19wb3J0Zm9saW8ucHk6OnRlc3RfYWdncmVnYXRlX2V4cG9zdXJlX2JyZWFjaF9hY3RpdmF0ZXNfcG9ydGZvbGlvX2ZyZWV6ZSIsCiAgICAidGVzdHMvdGVzdF9zcHJpbnQ0aF9lbnRlcnByaXNlX3Jpc2tfcG9ydGZvbGlvLnB5Ojp0ZXN0X3RlYW1fZG9tYWluX2FuZF9jb3JyZWxhdGlvbl9jb25jZW50cmF0aW9uX2FyZV9leHBsaWNpdCIsCiAgICAidGVzdHMvdGVzdF9zcHJp
2026-09-10T08:15:36.5355509Z GO_EVIDENCE_B64 bnQ0aF9lbnRlcnByaXNlX3Jpc2tfcG9ydGZvbGlvLnB5Ojp0ZXN0X3BvcnRmb2xpb19mcmVlemVfYmxvY2tzX25ld193YWl2ZXJfYW5kX25ld19leGVjdXRpdmVfYWNjZXB0YW5jZSIsCiAgICAidGVzdHMvdGVzdF9zcHJpbnQ0aF9lbnRlcnByaXNlX3Jpc2tfcG9ydGZvbGlvLnB5Ojp0ZXN0XzRnX3Jlc2lkdWFsX3Jpc2tfcmVsZWFzZV9yZXF1aXJlc19yZWdpc3RlcmVkX3BvcnRmb2xpb19wb3NpdGlvbl93aGVuX2xpbWl0X2FjdGl2ZSIsCiAgICAidGVzdHMvdGVzdF9zcHJpbnQ0aF9lbnRlcnByaXNlX3Jpc2tfcG9ydGZvbGlv
2026-09-10T08:15:36.5360933Z GO_EVIDENCE_B64 LnB5Ojp0ZXN0X2ZyZWV6ZV9yZWxlYXNlX3JlcXVpcmVzX3BvcnRmb2xpb19iYWNrX3dpdGhpbl9ib2FyZF9saW1pdCIsCiAgICAidGVzdHMvdGVzdF9zcHJpbnQ0aF9lbnRlcnByaXNlX3Jpc2tfcG9ydGZvbGlvLnB5Ojp0ZXN0X2V4cGlyZWRfYWNjZXB0YW5jZV9kcm9wc19vdXRfb2ZfZWZmZWN0aXZlX3BvcnRmb2xpb19leHBvc3VyZSIsCiAgICAidGVzdHMvdGVzdF9zcHJpbnQ0aV9lbnRlcnByaXNlX3Jpc2tfYXBwZXRpdGUucHk6OnRlc3Rfcmlza19hcHBldGl0ZV9yZXF1aXJlc190d29fZGlzdGluY3RfYm9hcmRfYXBwcm92
2026-09-10T08:15:36.5366254Z GO_EVIDENCE_B64 ZXJzIiwKICAgICJ0ZXN0cy90ZXN0X3NwcmludDRpX2VudGVycHJpc2Vfcmlza19hcHBldGl0ZS5weTo6dGVzdF9jdXJyZW50X3BvcnRmb2xpb19jYW5fcGFzc193aGlsZV9zdHJlc3NfYnJlYWNoZXNfYXBwZXRpdGVfYW5kX2ZyZWV6ZXMiLAogICAgInRlc3RzL3Rlc3Rfc3ByaW50NGlfZW50ZXJwcmlzZV9yaXNrX2FwcGV0aXRlLnB5Ojp0ZXN0X2hlYWRyb29tX2J1ZmZlcl9hbmRfc2Vuc2l0aXZpdHlfYXJlX2V4cGxpY2l0IiwKICAgICJ0ZXN0cy90ZXN0X3NwcmludDRpX2VudGVycHJpc2Vfcmlza19hcHBldGl0ZS5weTo6dGVz
2026-09-10T08:15:36.5371626Z GO_EVIDENCE_B64 dF9jb3JyZWxhdGlvbl9hbXBsaWZpZXJfaW5jcmVhc2VzX3N0cmVzc2VkX2V4cG9zdXJlIiwKICAgICJ0ZXN0cy90ZXN0X3NwcmludDRpX2VudGVycHJpc2Vfcmlza19hcHBldGl0ZS5weTo6dGVzdF9zdHJlc3NfZnJlZXplX2Jsb2Nrc19uZXdfd2FpdmVyX2FuZF9uZXdfZXhlY3V0aXZlX2FjY2VwdGFuY2UiLAogICAgInRlc3RzL3Rlc3Rfc3ByaW50NGlfZW50ZXJwcmlzZV9yaXNrX2FwcGV0aXRlLnB5Ojp0ZXN0XzRnX3Jlc2lkdWFsX3Jpc2tfcmVsZWFzZV9pc19ibG9ja2VkX2J5X2FjdGl2ZV9zdHJlc3NfZnJlZXplIiwKICAg
2026-09-10T08:15:36.5377201Z GO_EVIDENCE_B64 ICJ0ZXN0cy90ZXN0X3NwcmludDRpX2VudGVycHJpc2Vfcmlza19hcHBldGl0ZS5weTo6dGVzdF9mcmVlemVfcmVsZWFzZV9yZXF1aXJlc19sYXRlc3Rfbm9uX2JyZWFjaF9zdHJlc3NfYXNzZXNzbWVudF9hbmRfZXZpZGVuY2UiLAogICAgInRlc3RzL3Rlc3Rfc3ByaW50NGlfZW50ZXJwcmlzZV9yaXNrX2FwcGV0aXRlLnB5Ojp0ZXN0X3N0cmVzc19hc3Nlc3NtZW50X25ldmVyX2NoYW5nZXNfc3VwcGxpZXJfZmFjdCIsCiAgICAidGVzdHMvdGVzdF9zcHJpbnQ0al9lbnRlcnByaXNlX3Jpc2tfZm9yZWNhc3QucHk6OnRlc3RfcG9s
2026-09-10T08:15:36.5382576Z GO_EVIDENCE_B64 aWN5X3JlcXVpcmVzX3R3b19kaXN0aW5jdF9ib2FyZF9hcHByb3ZlcnMiLAogICAgInRlc3RzL3Rlc3Rfc3ByaW50NGpfZW50ZXJwcmlzZV9yaXNrX2ZvcmVjYXN0LnB5Ojp0ZXN0XzI0aF9hbmRfN2RfZm9yZWNhc3RfYXJlX2V4cGxpY2l0X2FuZF9mb3J3YXJkX2xvb2tpbmciLAogICAgInRlc3RzL3Rlc3Rfc3ByaW50NGpfZW50ZXJwcmlzZV9yaXNrX2ZvcmVjYXN0LnB5Ojp0ZXN0X2JyZWFjaF9jcmVhdGVzX2Vhcmx5X3dhcm5pbmdfYW5kX3Jlc2lkdWFsX3Jpc2tfcmVzdHJpY3Rpb24iLAogICAgInRlc3RzL3Rlc3Rfc3ByaW50
2026-09-10T08:15:36.5387919Z GO_EVIDENCE_B64 NGpfZW50ZXJwcmlzZV9yaXNrX2ZvcmVjYXN0LnB5Ojp0ZXN0X3dhdGNoX2NyZWF0ZXNfd2FybmluZ193aXRob3V0X3Jlc3RyaWN0aW9uIiwKICAgICJ0ZXN0cy90ZXN0X3NwcmludDRqX2VudGVycHJpc2Vfcmlza19mb3JlY2FzdC5weTo6dGVzdF9keW5hbWljX2NhcGFjaXR5X2FsbG9jYXRpb25faXNfcGVyc2lzdGVkX2Zvcl90ZWFtX2FuZF9kb21haW4iLAogICAgInRlc3RzL3Rlc3Rfc3ByaW50NGpfZW50ZXJwcmlzZV9yaXNrX2ZvcmVjYXN0LnB5Ojp0ZXN0X2FjdGl2ZV9mb3JlY2FzdF9yZXN0cmljdGlvbl9ibG9ja3NfbmV3
2026-09-10T08:15:36.5393193Z GO_EVIDENCE_B64 X3Jlc2lkdWFsX3Jpc2siLAogICAgInRlc3RzL3Rlc3Rfc3ByaW50NGpfZW50ZXJwcmlzZV9yaXNrX2ZvcmVjYXN0LnB5Ojp0ZXN0X3Jlc3RyaWN0aW9uX3JlbGVhc2VfcmVxdWlyZXNfbGF0ZXN0X25vbl9icmVhY2hfYW5kX2V2aWRlbmNlIiwKICAgICJ0ZXN0cy90ZXN0X3NwcmludDRqX2VudGVycHJpc2Vfcmlza19mb3JlY2FzdC5weTo6dGVzdF9mb3JlY2FzdF9uZXZlcl9jaGFuZ2VzX3N1cHBsaWVyX2ZhY3QiLAogICAgInRlc3RzL3Rlc3Rfc3ByaW50NGtfcmlza19mb3JlY2FzdF9jYWxpYnJhdGlvbi5weTo6dGVzdF9tb2Rl
2026-09-10T08:15:36.5398581Z GO_EVIDENCE_B64 bF9yZWdpc3RyeV9yZXF1aXJlc190d29fZGlzdGluY3RfYm9hcmRfYXBwcm92ZXJzIiwKICAgICJ0ZXN0cy90ZXN0X3NwcmludDRrX3Jpc2tfZm9yZWNhc3RfY2FsaWJyYXRpb24ucHk6OnRlc3RfcHJlZGljdGVkX3ZzX2FjdHVhbF9vdXRjb21lX2lzX3ZlcnNpb25fYm91bmRfYW5kX3BlcnNpc3RlZCIsCiAgICAidGVzdHMvdGVzdF9zcHJpbnQ0a19yaXNrX2ZvcmVjYXN0X2NhbGlicmF0aW9uLnB5Ojp0ZXN0XzI0aF9hbmRfN2RfY2FsaWJyYXRpb25fYXJlX3NlcGFyYXRlIiwKICAgICJ0ZXN0cy90ZXN0X3NwcmludDRrX3Jpc2tf
2026-09-10T08:15:36.5403912Z GO_EVIDENCE_B64 Zm9yZWNhc3RfY2FsaWJyYXRpb24ucHk6OnRlc3RfbWFlX2RlZ3JhZGF0aW9uX2F1dG9fYWN0aXZhdGVzX2NvbnNlcnZhdGl2ZV9iYXNlbGluZSIsCiAgICAidGVzdHMvdGVzdF9zcHJpbnQ0a19yaXNrX2ZvcmVjYXN0X2NhbGlicmF0aW9uLnB5Ojp0ZXN0X2NvbnNlcnZhdGl2ZV9iYXNlbGluZV9jaGFuZ2VzX2Z1dHVyZV9mb3JlY2FzdF9zdHJhdGVneV9ub3Rfc3VwcGxpZXJfZmFjdCIsCiAgICAidGVzdHMvdGVzdF9zcHJpbnQ0a19yaXNrX2ZvcmVjYXN0X2NhbGlicmF0aW9uLnB5Ojp0ZXN0X2ZhbHNlX3Bvc2l0aXZlX2ZhbHNl
2026-09-10T08:15:36.5409447Z GO_EVIDENCE_B64 X25lZ2F0aXZlX2FuZF9icmllcl9hcmVfZXhwbGljaXRfbWV0cmljcyIsCiAgICAidGVzdHMvdGVzdF9zcHJpbnQ0a19yaXNrX2ZvcmVjYXN0X2NhbGlicmF0aW9uLnB5Ojp0ZXN0X2NhcGFjaXR5X2FsbG9jYXRpb25fZHJpZnRfaXNfb2JzZXJ2ZWRfYW5kX2dvdmVybmVkIiwKICAgICJ0ZXN0cy90ZXN0X3NwcmludDRrX3Jpc2tfZm9yZWNhc3RfY2FsaWJyYXRpb24ucHk6OnRlc3RfY29uc2VydmF0aXZlX2Jhc2VsaW5lX3JlbGVhc2VfcmVxdWlyZXNfcmVjb3ZlcmVkXzI0aF9hbmRfN2RfYWNjdXJhY3kiLAogICAgInRlc3RzL3Rl
2026-09-10T08:15:36.5414775Z GO_EVIDENCE_B64 c3Rfc3ByaW50NGxfZm9yZWNhc3RfbW9kZWxfcHJvbW90aW9uLnB5Ojp0ZXN0X2NoYW1waW9uX3JvbGVfY29udHJvbHNfcnVudGltZV9ldmVuX2lmX25ld2VyX21vZGVsX2V4aXN0cyIsCiAgICAidGVzdHMvdGVzdF9zcHJpbnQ0bF9mb3JlY2FzdF9tb2RlbF9wcm9tb3Rpb24ucHk6OnRlc3Rfc2hhZG93XzI0aF9yZXF1aXJlc19pbXByb3ZlbWVudF93aXRob3V0X3NhZmV0eV9kZWdyYWRhdGlvbiIsCiAgICAidGVzdHMvdGVzdF9zcHJpbnQ0bF9mb3JlY2FzdF9tb2RlbF9wcm9tb3Rpb24ucHk6OnRlc3Rfc2hhZG93XzdkX2lzX3Nl
2026-09-10T08:15:36.5420298Z GO_EVIDENCE_B64 cGFyYXRlX2hvcml6b25fZ2F0ZSIsCiAgICAidGVzdHMvdGVzdF9zcHJpbnQ0bF9mb3JlY2FzdF9tb2RlbF9wcm9tb3Rpb24ucHk6OnRlc3RfcHJvbW90aW9uX2Jsb2NrZWRfdW50aWxfYm90aF9ob3Jpem9uc19wYXNzIiwKICAgICJ0ZXN0cy90ZXN0X3NwcmludDRsX2ZvcmVjYXN0X21vZGVsX3Byb21vdGlvbi5weTo6dGVzdF9wcm9tb3Rpb25fc3dpdGNoZXNfY2hhbXBpb25fb25seV9hZnRlcl9mdWxsX2dhdGUiLAogICAgInRlc3RzL3Rlc3Rfc3ByaW50NGxfZm9yZWNhc3RfbW9kZWxfcHJvbW90aW9uLnB5Ojp0ZXN0X3NhZmV0
2026-09-10T08:15:36.5425968Z GO_EVIDENCE_B64 eV9kZWdyYWRhdGlvbl9ibG9ja3NfY2hhbGxlbmdlcl9ldmVuX3dpdGhfbG93ZXJfbWFlIiwKICAgICJ0ZXN0cy90ZXN0X3NwcmludDRsX2ZvcmVjYXN0X21vZGVsX3Byb21vdGlvbi5weTo6dGVzdF9iYWNrdGVzdF9wZXJzaXN0c19ob3Jpem9uX2FuZF9zZWdtZW50X21ldHJpY3MiLAogICAgInRlc3RzL3Rlc3Rfc3ByaW50NGxfZm9yZWNhc3RfbW9kZWxfcHJvbW90aW9uLnB5Ojp0ZXN0X2dvdmVybmFuY2VfZXZpZGVuY2VfbmV2ZXJfY2hhbmdlc19zdXBwbGllcl9mYWN0IiwKICAgICJ0ZXN0cy90ZXN0X3NwcmludDRtX3N0YXRp
2026-09-10T08:15:36.5431336Z GO_EVIDENCE_B64 c3RpY2FsX21vZGVsX2dvdmVybmFuY2UucHk6OnRlc3RfcG9saWN5X3JlcXVpcmVzX3R3b19kaXN0aW5jdF9hcHByb3ZlcnMiLAogICAgInRlc3RzL3Rlc3Rfc3ByaW50NG1fc3RhdGlzdGljYWxfbW9kZWxfZ292ZXJuYW5jZS5weTo6dGVzdF9sZWdhY3lfcHJvbW90aW9uX2lzX2Jsb2NrZWRfd2hlbl80bV9wb2xpY3lfYWN0aXZlIiwKICAgICJ0ZXN0cy90ZXN0X3NwcmludDRtX3N0YXRpc3RpY2FsX21vZGVsX2dvdmVybmFuY2UucHk6OnRlc3Rfc2lnbmlmaWNhbmNlX2FuZF9taW5pbXVtX2VmZmVjdF9zaXplX2dhdGVfYm90aF9o
2026-09-10T08:15:36.5436605Z GO_EVIDENCE_B64 b3Jpem9uc19hbmRfc2VnbWVudHMiLAogICAgInRlc3RzL3Rlc3Rfc3ByaW50NG1fc3RhdGlzdGljYWxfbW9kZWxfZ292ZXJuYW5jZS5weTo6dGVzdF9zYW1wbGVfb3JfZWZmZWN0X3Nob3J0ZmFsbF9ibG9ja3Nfc3RhdGlzdGljYWxfZ2F0ZSIsCiAgICAidGVzdHMvdGVzdF9zcHJpbnQ0bV9zdGF0aXN0aWNhbF9tb2RlbF9nb3Zlcm5hbmNlLnB5Ojp0ZXN0X3N0YWJpbGl0eV93aW5kb3dfYW5kX3NlZ21lbnRfY29uc2lzdGVuY3lfcmVxdWlyZWRfYmVmb3JlX3Byb21vdGlvbiIsCiAgICAidGVzdHMvdGVzdF9zcHJpbnQ0bV9zdGF0
2026-09-10T08:15:36.5441962Z GO_EVIDENCE_B64 aXN0aWNhbF9tb2RlbF9nb3Zlcm5hbmNlLnB5Ojp0ZXN0X2Z1bGxfZ2F0ZV9wcm9tb3Rlc19pbnRvX3Byb2JhdGlvbl9ub3Rfc3RhYmxlX2RpcmVjdGx5IiwKICAgICJ0ZXN0cy90ZXN0X3NwcmludDRtX3N0YXRpc3RpY2FsX21vZGVsX2dvdmVybmFuY2UucHk6OnRlc3RfcHJvYmF0aW9uX3JlZ3Jlc3Npb25fYXV0b21hdGljYWxseV9yb2xsc19iYWNrX3ByZXZpb3VzX2NoYW1waW9uIiwKICAgICJ0ZXN0cy90ZXN0X3NwcmludDRtX3N0YXRpc3RpY2FsX21vZGVsX2dvdmVybmFuY2UucHk6OnRlc3RfcHJvYmF0aW9uX2JlY29tZXNf
2026-09-10T08:15:36.5447250Z GO_EVIDENCE_B64 c3RhYmxlX29ubHlfYWZ0ZXJfd2luZG93X2FuZF9ub19yZWdyZXNzaW9uIiwKICAgICJ0ZXN0cy90ZXN0X3NwcmludDRuX2ZvcmVjYXN0X2RyaWZ0X2dvdmVybmFuY2UucHk6OnRlc3RfcG9saWN5X21ha2VyX2NoZWNrZXIiLAogICAgInRlc3RzL3Rlc3Rfc3ByaW50NG5fZm9yZWNhc3RfZHJpZnRfZ292ZXJuYW5jZS5weTo6dGVzdF9pbnN1ZmZpY2llbnRfc2FtcGxlX2RvZXNfbm90X3RyaWdnZXJfcmVmcmVzaCIsCiAgICAidGVzdHMvdGVzdF9zcHJpbnQ0bl9mb3JlY2FzdF9kcmlmdF9nb3Zlcm5hbmNlLnB5Ojp0ZXN0X3BvcHVs
2026-09-10T08:15:36.5452694Z GO_EVIDENCE_B64 YXRpb25fYW5kX3NlZ21lbnRfZHJpZnRfZGV0ZWN0ZWQiLAogICAgInRlc3RzL3Rlc3Rfc3ByaW50NG5fZm9yZWNhc3RfZHJpZnRfZ292ZXJuYW5jZS5weTo6dGVzdF9yZXNpZHVhbF9kcmlmdF9kZXRlY3RlZCIsCiAgICAidGVzdHMvdGVzdF9zcHJpbnQ0bl9mb3JlY2FzdF9kcmlmdF9nb3Zlcm5hbmNlLnB5Ojp0ZXN0X2NvbnNlY3V0aXZlX2JyZWFjaGVzX3JlcXVpcmVkX2JlZm9yZV9yZXRyYWluaW5nIiwKICAgICJ0ZXN0cy90ZXN0X3NwcmludDRuX2ZvcmVjYXN0X2RyaWZ0X2dvdmVybmFuY2UucHk6OnRlc3RfYXV0b19nZW5l
2026-09-10T08:15:36.5458131Z GO_EVIDENCE_B64 cmF0ZWRfY2FuZGlkYXRlX2lzX2NoYWxsZW5nZXJfbm90X2NoYW1waW9uIiwKICAgICJ0ZXN0cy90ZXN0X3NwcmludDRuX2ZvcmVjYXN0X2RyaWZ0X2dvdmVybmFuY2UucHk6OnRlc3RfcmVmcmVzaF9waXBlbGluZV9wb2ludHNfdG9fNGxfNG1fZ292ZXJuYW5jZSIsCiAgICAidGVzdHMvdGVzdF9zcHJpbnQ0bl9mb3JlY2FzdF9kcmlmdF9nb3Zlcm5hbmNlLnB5Ojp0ZXN0X3N1cHBsaWVyX2ZhY3RfYm91bmRhcnkiLAogICAgInRlc3RzL3Rlc3Rfc3ByaW50NG9fZm9yZWNhc3RfdHJhaW5pbmdfZ292ZXJuYW5jZS5weTo6dGVzdF9w
2026-09-10T08:15:36.5463503Z GO_EVIDENCE_B64 b2xpY3lfbWFrZXJfY2hlY2tlciIsCiAgICAidGVzdHMvdGVzdF9zcHJpbnQ0b19mb3JlY2FzdF90cmFpbmluZ19nb3Zlcm5hbmNlLnB5Ojp0ZXN0X2ZlYXR1cmVfcmVnaXN0cnlfYW5kX2RhdGFzZXRfc25hcHNob3RfYXJlX3ZlcnNpb25lZF9hbmRfaGFzaGVkIiwKICAgICJ0ZXN0cy90ZXN0X3NwcmludDRvX2ZvcmVjYXN0X3RyYWluaW5nX2dvdmVybmFuY2UucHk6OnRlc3RfdHJhaW5pbmdfZGF0YV9xdWFsaXR5X2dhdGVfYmxvY2tzX2JhZF9kYXRhIiwKICAgICJ0ZXN0cy90ZXN0X3NwcmludDRvX2ZvcmVjYXN0X3RyYWluaW5n
2026-09-10T08:15:36.5468947Z GO_EVIDENCE_B64 X2dvdmVybmFuY2UucHk6OnRlc3RfbGluZWFnZV9hbmRfbWFuaWZlc3RfYmluZF9kYXRhc2V0X2ZlYXR1cmVzX2NvZGVfYW5kX3NlZWQiLAogICAgInRlc3RzL3Rlc3Rfc3ByaW50NG9fZm9yZWNhc3RfdHJhaW5pbmdfZ292ZXJuYW5jZS5weTo6dGVzdF9yZXByb2R1Y2liaWxpdHlfbWlzbWF0Y2hfYmxvY2tzX21vZGVsX2J1aWxkIiwKICAgICJ0ZXN0cy90ZXN0X3NwcmludDRvX2ZvcmVjYXN0X3RyYWluaW5nX2dvdmVybmFuY2UucHk6OnRlc3RfcmVwcm9kdWNpYmxlX2J1aWxkX2JlY29tZXNfZWxpZ2libGUiLAogICAgInRlc3Rz
2026-09-10T08:15:36.5487599Z GO_EVIDENCE_B64 L3Rlc3Rfc3ByaW50NG9fZm9yZWNhc3RfdHJhaW5pbmdfZ292ZXJuYW5jZS5weTo6dGVzdF80bF9iYWNrdGVzdF9yZXF1aXJlc180b19yZXByb2R1Y2libGVfYnVpbGRfd2hlbl9wb2xpY3lfYWN0aXZlIiwKICAgICJ0ZXN0cy90ZXN0X3NwcmludDRvX2ZvcmVjYXN0X3RyYWluaW5nX2dvdmVybmFuY2UucHk6OnRlc3Rfc3VwcGxpZXJfZmFjdF9ib3VuZGFyeSIsCiAgICAidGVzdHMvdGVzdF9zcHJpbnQ0cF9tb2RlbF9hcnRpZmFjdF9nb3Zlcm5hbmNlLnB5Ojp0ZXN0X2FydGlmYWN0X3BvbGljeV9yZXF1aXJlc19tYWtlcl9jaGVj
2026-09-10T08:15:36.5493460Z GO_EVIDENCE_B64 a2VyIiwKICAgICJ0ZXN0cy90ZXN0X3NwcmludDRwX21vZGVsX2FydGlmYWN0X2dvdmVybmFuY2UucHk6OnRlc3RfYXJ0aWZhY3RfcmVnaXN0cnlfYmluZHNfcmVwcm9kdWNpYmxlXzRvX2J1aWxkX2FuZF9wYWNrYWdlX2Zvcm1hdCIsCiAgICAidGVzdHMvdGVzdF9zcHJpbnQ0cF9tb2RlbF9hcnRpZmFjdF9nb3Zlcm5hbmNlLnB5Ojp0ZXN0X3Nib21fYW5kX3Byb3ZlbmFuY2VfYXJlX2RpZ2VzdF9ib3VuZF90b19hcnRpZmFjdCIsCiAgICAidGVzdHMvdGVzdF9zcHJpbnQ0cF9tb2RlbF9hcnRpZmFjdF9nb3Zlcm5hbmNlLnB5Ojp0
2026-09-10T08:15:36.5499085Z GO_EVIDENCE_B64 ZXN0X2ludmFsaWRfc2lnbmVkX2J1aWxkX2F0dGVzdGF0aW9uX2lzX3JlamVjdGVkX2Zyb21fcHJvbW90aW9uX2JpbmRpbmciLAogICAgInRlc3RzL3Rlc3Rfc3ByaW50NHBfbW9kZWxfYXJ0aWZhY3RfZ292ZXJuYW5jZS5weTo6dGVzdF9zaWduZWRfYXR0ZXN0YXRpb25faW50ZWdyaXR5X2FuZF9wcm9tb3Rpb25fYmluZGluZ19mb3JtX3N1cHBseV9jaGFpbiIsCiAgICAidGVzdHMvdGVzdF9zcHJpbnQ0cF9tb2RlbF9hcnRpZmFjdF9nb3Zlcm5hbmNlLnB5Ojp0ZXN0X3RhbXBlcl9kZXRlY3Rpb25faW52YWxpZGF0ZXNfNGxfYmFj
2026-09-10T08:15:36.5504444Z GO_EVIDENCE_B64 a3Rlc3RfZXZlbl9hZnRlcl9wcmV2aW91c19wYXNzIiwKICAgICJ0ZXN0cy90ZXN0X3NwcmludDRwX21vZGVsX2FydGlmYWN0X2dvdmVybmFuY2UucHk6OnRlc3RfNGxfYW5kXzRtX2Nhbm5vdF9ieXBhc3Nfc2lnbmVkX2FydGlmYWN0X2dhdGVfd2hlbl9wb2xpY3lfYWN0aXZlIiwKICAgICJ0ZXN0cy90ZXN0X3NwcmludDRwX21vZGVsX2FydGlmYWN0X2dvdmVybmFuY2UucHk6OnRlc3Rfc3VwcGxpZXJfZmFjdF9ib3VuZGFyeSIsCiAgICAidGVzdHMvdGVzdF9zcHJpbnQ0cV9tb2RlbF9zZXJ2aW5nX2F0dGVzdGF0aW9uLnB5Ojp0
2026-09-10T08:15:36.5510018Z GO_EVIDENCE_B64 ZXN0X3NlcnZpbmdfcG9saWN5X3JlcXVpcmVzX21ha2VyX2NoZWNrZXIiLAogICAgInRlc3RzL3Rlc3Rfc3ByaW50NHFfbW9kZWxfc2VydmluZ19hdHRlc3RhdGlvbi5weTo6dGVzdF9kZXBsb3ltZW50X2JpbmRpbmdfcmVxdWlyZXNfNHBfc2lnbmVkX2FydGlmYWN0X2JpbmRpbmciLAogICAgInRlc3RzL3Rlc3Rfc3ByaW50NHFfbW9kZWxfc2VydmluZ19hdHRlc3RhdGlvbi5weTo6dGVzdF9ydW50aW1lX21vZGVsX2ZpbmdlcnByaW50X2lzX2JvdW5kX3RvX2RlcGxveW1lbnRfYW5kX2FydGlmYWN0IiwKICAgICJ0ZXN0cy90ZXN0
2026-09-10T08:15:36.5515409Z GO_EVIDENCE_B64 X3NwcmludDRxX21vZGVsX3NlcnZpbmdfYXR0ZXN0YXRpb24ucHk6OnRlc3Rfd3JvbmdfbG9hZGVkX2FydGlmYWN0X2RpZ2VzdF9pbW1lZGlhdGVseV9ibG9ja3Nfc2VydmluZyIsCiAgICAidGVzdHMvdGVzdF9zcHJpbnQ0cV9tb2RlbF9zZXJ2aW5nX2F0dGVzdGF0aW9uLnB5Ojp0ZXN0X3dyb25nX3J1bnRpbWVfZmluZ2VycHJpbnRfaXNfZmFpbF9zYWZlX2Jsb2NrZWQiLAogICAgInRlc3RzL3Rlc3Rfc3ByaW50NHFfbW9kZWxfc2VydmluZ19hdHRlc3RhdGlvbi5weTo6dGVzdF92ZXJpZmllZF9zZXJ2aW5nX2F0dGVzdGF0aW9u
2026-09-10T08:15:36.5520822Z GO_EVIDENCE_B64 X2FsbG93c19mb3JlY2FzdF9ydW50aW1lX2FuZF9taXNtYXRjaF9zdG9wc19pdCIsCiAgICAidGVzdHMvdGVzdF9zcHJpbnQ0cV9tb2RlbF9zZXJ2aW5nX2F0dGVzdGF0aW9uLnB5Ojp0ZXN0X3JvbGxiYWNrX2xpbmVhZ2VfcmVxdWlyZXNfbmV3X3ZlcmlmaWVkX3J1bnRpbWVfYmVmb3JlX3JlbGVhc2UiLAogICAgInRlc3RzL3Rlc3Rfc3ByaW50NHFfbW9kZWxfc2VydmluZ19hdHRlc3RhdGlvbi5weTo6dGVzdF9zdXBwbGllcl9mYWN0X2JvdW5kYXJ5IiwKICAgICJ0ZXN0cy90ZXN0X3NwcmludDRyX21vZGVsX3RyYWZmaWNfZ292
2026-09-10T08:15:36.5526189Z GO_EVIDENCE_B64 ZXJuYW5jZS5weTo6dGVzdF9wb2xpY3lfbWFrZXJfY2hlY2tlcl9hbmRfemVyb19jYW5hcnlfc3RhcnQiLAogICAgInRlc3RzL3Rlc3Rfc3ByaW50NHJfbW9kZWxfdHJhZmZpY19nb3Zlcm5hbmNlLnB5Ojp0ZXN0X3JlcXVlc3RfbGV2ZWxfcHJlZGljdGlvbl9wcm92ZW5hbmNlX2JpbmRzX3J1bnRpbWVfaWRlbnRpdHlfYW5kX2FydGlmYWN0IiwKICAgICJ0ZXN0cy90ZXN0X3NwcmludDRyX21vZGVsX3RyYWZmaWNfZ292ZXJuYW5jZS5weTo6dGVzdF9zaGFkb3dfcHJlZGljdGlvbl9pc19jb21wYXJpc29uX29ubHkiLAogICAgInRl
2026-09-10T08:15:36.5531582Z GO_EVIDENCE_B64 c3RzL3Rlc3Rfc3ByaW50NHJfbW9kZWxfdHJhZmZpY19nb3Zlcm5hbmNlLnB5Ojp0ZXN0X2NhbmFyeV9wcm9ncmVzc2lvbl9pc19zZXF1ZW50aWFsX2FuZF9oZWFsdGhfZ2F0ZWQiLAogICAgInRlc3RzL3Rlc3Rfc3ByaW50NHJfbW9kZWxfdHJhZmZpY19nb3Zlcm5hbmNlLnB5Ojp0ZXN0X3NlcnZpbmdfZXJyb3JfYnVkZ2V0X2JyZWFjaF9mcmVlemVzX3Byb2dyZXNzaW9uIiwKICAgICJ0ZXN0cy90ZXN0X3NwcmludDRyX21vZGVsX3RyYWZmaWNfZ292ZXJuYW5jZS5weTo6dGVzdF91bmF0dGVzdGVkX2NhbmRpZGF0ZV9nZXRzX3pl
2026-09-10T08:15:36.5537084Z GO_EVIDENCE_B64 cm9fY2FuYXJ5X3RyYWZmaWMiLAogICAgInRlc3RzL3Rlc3Rfc3ByaW50NHJfbW9kZWxfdHJhZmZpY19nb3Zlcm5hbmNlLnB5Ojp0ZXN0X3JvbGxiYWNrX2NoYW5nZXNfZnV0dXJlX3JvdXRpbmdfbm90X2hpc3RvcnkiLAogICAgInRlc3RzL3Rlc3Rfc3ByaW50NHJfbW9kZWxfdHJhZmZpY19nb3Zlcm5hbmNlLnB5Ojp0ZXN0X3N1cHBsaWVyX2ZhY3RfYm91bmRhcnkiLAogICAgInRlc3RzL3Rlc3Rfc3ByaW50NHNfb25saW5lX3ByZWRpY3Rpb25fZmVlZGJhY2sucHk6OnRlc3Rfb3V0Y29tZV9hdHRyaWJ1dGlvbl9iaW5kc19wcmVk
2026-09-10T08:15:36.5542632Z GO_EVIDENCE_B64 aWN0aW9uX3Byb3ZlbmFuY2UiLAogICAgInRlc3RzL3Rlc3Rfc3ByaW50NHNfb25saW5lX3ByZWRpY3Rpb25fZmVlZGJhY2sucHk6OnRlc3Rfbm9uX2ZpbmFsX291dGNvbWVfaXNfcmVqZWN0ZWQiLAogICAgInRlc3RzL3Rlc3Rfc3ByaW50NHNfb25saW5lX3ByZWRpY3Rpb25fZmVlZGJhY2sucHk6OnRlc3RfZHVwbGljYXRlX291dGNvbWVfYXR0cmlidXRpb25faXNfcmVqZWN0ZWQiLAogICAgInRlc3RzL3Rlc3Rfc3ByaW50NHNfb25saW5lX3ByZWRpY3Rpb25fZmVlZGJhY2sucHk6OnRlc3RfaW5zdWZmaWNpZW50X3NhbXBsZV9k
2026-09-10T08:15:36.5548039Z GO_EVIDENCE_B64 b2VzX25vdF9hdXRvX2RlZ3JhZGUiLAogICAgInRlc3RzL3Rlc3Rfc3ByaW50NHNfb25saW5lX3ByZWRpY3Rpb25fZmVlZGJhY2sucHk6OnRlc3RfZGVncmFkZWRfbGl2ZV9wZXJmb3JtYW5jZV9hdXRvX3JvbGxzX2JhY2tfY2FuYXJ5IiwKICAgICJ0ZXN0cy90ZXN0X3NwcmludDRzX29ubGluZV9wcmVkaWN0aW9uX2ZlZWRiYWNrLnB5Ojp0ZXN0X2F1dG9fZGVncmFkZV9jYW5ub3RfdGFyZ2V0X2NoYW1waW9uIiwKICAgICJ0ZXN0cy90ZXN0X3NwcmludDRzX29ubGluZV9wcmVkaWN0aW9uX2ZlZWRiYWNrLnB5Ojp0ZXN0X2hpc3Rv
2026-09-10T08:15:36.5553466Z GO_EVIDENCE_B64 cmljYWxfcHJlZGljdGlvbl9hbmRfb3V0Y29tZV9yZW1haW5fYWZ0ZXJfcm9sbGJhY2siLAogICAgInRlc3RzL3Rlc3Rfc3ByaW50NHNfb25saW5lX3ByZWRpY3Rpb25fZmVlZGJhY2sucHk6OnRlc3Rfc3VwcGxpZXJfZmFjdF9ib3VuZGFyeSIsCiAgICAidGVzdHMvdGVzdF9zcHJpbnQ0dF9vbmxpbmVfc2VnbWVudF9nb3Zlcm5hbmNlLnB5Ojp0ZXN0X3NlZ21lbnRfb2JzZXJ2YXRpb25fYmluZHNfdGVhbV9kb21haW5faG9yaXpvbiIsCiAgICAidGVzdHMvdGVzdF9zcHJpbnQ0dF9vbmxpbmVfc2VnbWVudF9nb3Zlcm5hbmNlLnB5
2026-09-10T08:15:36.5558890Z GO_EVIDENCE_B64 Ojp0ZXN0X2R1cGxpY2F0ZV9zZWdtZW50X29ic2VydmF0aW9uX3JlamVjdGVkIiwKICAgICJ0ZXN0cy90ZXN0X3NwcmludDR0X29ubGluZV9zZWdtZW50X2dvdmVybmFuY2UucHk6OnRlc3RfaW5zdWZmaWNpZW50X3NlZ21lbnRfc2FtcGxlX2lzX25vdF9kZWdyYWRlZCIsCiAgICAidGVzdHMvdGVzdF9zcHJpbnQ0dF9vbmxpbmVfc2VnbWVudF9nb3Zlcm5hbmNlLnB5Ojp0ZXN0X2JhZF9zZWdtZW50X2RldGVjdGVkX3doaWxlX290aGVyX3NlZ21lbnRfY2FuX3Bhc3MiLAogICAgInRlc3RzL3Rlc3Rfc3ByaW50NHRfb25saW5lX3Nl
2026-09-10T08:15:36.5564141Z GO_EVIDENCE_B64 Z21lbnRfZ292ZXJuYW5jZS5weTo6dGVzdF9ob3Jpem9uX2lzb2xhdGVkX3NlZ21lbnRfcGVyZm9ybWFuY2UiLAogICAgInRlc3RzL3Rlc3Rfc3ByaW50NHRfb25saW5lX3NlZ21lbnRfZ292ZXJuYW5jZS5weTo6dGVzdF9jb25zZWN1dGl2ZV9zZWdtZW50X2JyZWFjaF90cmlnZ2Vyc19yZXRyYWluaW5nX3JlcXVlc3QiLAogICAgInRlc3RzL3Rlc3Rfc3ByaW50NHRfb25saW5lX3NlZ21lbnRfZ292ZXJuYW5jZS5weTo6dGVzdF9yZWZyZXNoX2VudGVyc19leGlzdGluZ19nb3Zlcm5lZF9waXBlbGluZV9ub3RfZGlyZWN0X3Byb21v
2026-09-10T08:15:36.5569784Z GO_EVIDENCE_B64 dGlvbiIsCiAgICAidGVzdHMvdGVzdF9zcHJpbnQ0dF9vbmxpbmVfc2VnbWVudF9nb3Zlcm5hbmNlLnB5Ojp0ZXN0X3N1cHBsaWVyX2ZhY3RfYm91bmRhcnkiLAogICAgInRlc3RzL3Rlc3Rfc3ByaW50NHVfc2VnbWVudF9yZW1lZGlhdGlvbi5weTo6dGVzdF9wb2xpY3lfcmVxdWlyZXNfbWFrZXJfY2hlY2tlciIsCiAgICAidGVzdHMvdGVzdF9zcHJpbnQ0dV9zZWdtZW50X3JlbWVkaWF0aW9uLnB5Ojp0ZXN0X3RhcmdldF9iaW5kc19vcmlnaW5hbF9mYWlsZWRfc2VnbWVudCIsCiAgICAidGVzdHMvdGVzdF9zcHJpbnQ0dV9zZWdt
2026-09-10T08:15:36.5575222Z GO_EVIDENCE_B64 ZW50X3JlbWVkaWF0aW9uLnB5Ojp0ZXN0X3RhcmdldF9ub3RfcmVwYWlyZWRfaXNfaW5lZmZlY3RpdmUiLAogICAgInRlc3RzL3Rlc3Rfc3ByaW50NHVfc2VnbWVudF9yZW1lZGlhdGlvbi5weTo6dGVzdF90YXJnZXRfcmVwYWlyX3dpdGhvdXRfcmVncmVzc2lvbl9pc19lZmZlY3RpdmUiLAogICAgInRlc3RzL3Rlc3Rfc3ByaW50NHVfc2VnbWVudF9yZW1lZGlhdGlvbi5weTo6dGVzdF9jcm9zc19zZWdtZW50X3JlZ3Jlc3Npb25fYmxvY2tzX3Byb21vdGlvbiIsCiAgICAidGVzdHMvdGVzdF9zcHJpbnQ0dV9zZWdtZW50X3JlbWVk
2026-09-10T08:15:36.5580772Z GO_EVIDENCE_B64 aWF0aW9uLnB5Ojp0ZXN0X3NldmVyZV9jcm9zc19zZWdtZW50X3JlZ3Jlc3Npb25faXNfaGFybWZ1bCIsCiAgICAidGVzdHMvdGVzdF9zcHJpbnQ0dV9zZWdtZW50X3JlbWVkaWF0aW9uLnB5Ojp0ZXN0X3JlZnJlc2hfY2hhbGxlbmdlcl9jYW5ub3RfYnlwYXNzX3JlbWVkaWF0aW9uX2dhdGUiLAogICAgInRlc3RzL3Rlc3Rfc3ByaW50NHVfc2VnbWVudF9yZW1lZGlhdGlvbi5weTo6dGVzdF9lZmZlY3RpdmVfcmVtZWRpYXRpb25fdW5sb2Nrc19wcm9tb3Rpb25fZ2F0ZV9hbmRfcHJlc2VydmVzX3N1cHBsaWVyX2ZhY3QiLAogICAg
2026-09-10T08:15:36.5586261Z GO_EVIDENCE_B64 InRlc3RzL3Rlc3Rfc3ByaW50NHZfZ2VuZXJhbGl6YXRpb24ucHk6OnRlc3RfcG9saWN5X21ha2VyX2NoZWNrZXIiLAogICAgInRlc3RzL3Rlc3Rfc3ByaW50NHZfZ2VuZXJhbGl6YXRpb24ucHk6OnRlc3RfYWRqYWNlbnRfZ2VuZXJhbGl6YXRpb25fZGV0ZWN0c19yZWdyZXNzaW9uIiwKICAgICJ0ZXN0cy90ZXN0X3NwcmludDR2X2dlbmVyYWxpemF0aW9uLnB5Ojp0ZXN0X2hvbGRvdXRfc2FmZXR5X2RldGVjdHNfcmVncmVzc2lvbiIsCiAgICAidGVzdHMvdGVzdF9zcHJpbnQ0dl9nZW5lcmFsaXphdGlvbi5weTo6dGVzdF9wcmVf
2026-09-10T08:15:36.5591783Z GO_EVIDENCE_B64 cHJvbW90aW9uX3JlcXVpcmVzX2dlbmVyYWxpemF0aW9uX2FuZF9ob2xkb3V0IiwKICAgICJ0ZXN0cy90ZXN0X3NwcmludDR2X2dlbmVyYWxpemF0aW9uLnB5Ojp0ZXN0X3Bhc3NlZF9nZW5lcmFsaXphdGlvbl9hbmRfaG9sZG91dF91bmxvY2tfZ2F0ZSIsCiAgICAidGVzdHMvdGVzdF9zcHJpbnQ0dl9nZW5lcmFsaXphdGlvbi5weTo6dGVzdF9wb3N0X3Byb21vdGlvbl9wcm9vZl9jYW5fYmVfcHJvdmVuIiwKICAgICJ0ZXN0cy90ZXN0X3NwcmludDR2X2dlbmVyYWxpemF0aW9uLnB5Ojp0ZXN0X3Bvc3RfcHJvbW90aW9uX3JlZ3Jl
2026-09-10T08:15:36.5597133Z GO_EVIDENCE_B64 c3Npb25fcmVxdWlyZXNfZ292ZXJuZWRfcm9sbGJhY2siLAogICAgInRlc3RzL3Rlc3Rfc3ByaW50NHZfZ2VuZXJhbGl6YXRpb24ucHk6OnRlc3RfcHJvYmF0aW9uX3JlcXVpcmVzX2N1cnJlbnRfcHJvZHVjdGlvbl9wcm9vZl9hbmRfcHJlc2VydmVzX3N1cHBsaWVyX2ZhY3QiLAogICAgInRlc3RzL3Rlc3Rfc3ByaW50NHdfbXVsdGlfc2VnbWVudF9wb3J0Zm9saW8ucHk6OnRlc3RfcG9ydGZvbGlvX3JlcXVpcmVzX211bHRpcGxlX3NlZ21lbnRzIiwKICAgICJ0ZXN0cy90ZXN0X3NwcmludDR3X211bHRpX3NlZ21lbnRfcG9ydGZv
2026-09-10T08:15:36.5602515Z GO_EVIDENCE_B64 bGlvLnB5Ojp0ZXN0X3VucmVzb2x2ZWRfbXV0dWFsX2NvbmZsaWN0X3JlamVjdHNfY2FuZGlkYXRlIiwKICAgICJ0ZXN0cy90ZXN0X3NwcmludDR3X211bHRpX3NlZ21lbnRfcG9ydGZvbGlvLnB5Ojp0ZXN0X211c3RfZml4X3NlZ21lbnRfY2Fubm90X2JlX2hpZGRlbl9ieV9nbG9iYWxfY2FuZGlkYXRlX3Njb3JlIiwKICAgICJ0ZXN0cy90ZXN0X3NwcmludDR3X211bHRpX3NlZ21lbnRfcG9ydGZvbGlvLnB5Ojp0ZXN0X3VuaWZpZWRfY2FuZGlkYXRlX3Bhc3Nlc193aGVuX2FsbF9tdXN0X2ZpeF9hbmRfNHZfZXZpZGVuY2VfcGFz
2026-09-10T08:15:36.5607858Z GO_EVIDENCE_B64 cyIsCiAgICAidGVzdHMvdGVzdF9zcHJpbnQ0d19tdWx0aV9zZWdtZW50X3BvcnRmb2xpby5weTo6dGVzdF9wcm90ZWN0ZWRfc2VnbWVudF9yZWdyZXNzaW9uX2Jsb2Nrc19wb3J0Zm9saW8iLAogICAgInRlc3RzL3Rlc3Rfc3ByaW50NHdfbXVsdGlfc2VnbWVudF9wb3J0Zm9saW8ucHk6OnRlc3RfYXJiaXRyYXRpb25fc2VsZWN0c19iZXN0X3BvcnRmb2xpb19zYWZlX2NhbmRpZGF0ZSIsCiAgICAidGVzdHMvdGVzdF9zcHJpbnQ0d19tdWx0aV9zZWdtZW50X3BvcnRmb2xpby5weTo6dGVzdF9vbmx5X2FyYml0cmF0aW9uX3dpbm5l
2026-09-10T08:15:36.5613133Z GO_EVIDENCE_B64 cl9jYW5fcmVjZWl2ZV9wb3J0Zm9saW9fcHJvbW90aW9uX2dhdGUiLAogICAgInRlc3RzL3Rlc3Rfc3ByaW50NHdfbXVsdGlfc2VnbWVudF9wb3J0Zm9saW8ucHk6OnRlc3RfaGFyZF9wcm9tb3Rpb25fZ3VhcmRfcmVxdWlyZXNfNHdfZ2F0ZV9hbmRfcHJlc2VydmVzX3N1cHBsaWVyX2ZhY3QiLAogICAgInRlc3RzL3Rlc3Rfc3ByaW50NHhfcG9ydGZvbGlvX2NoYW1waW9uX2NvbnRpbnVpdHkucHk6OnRlc3RfY29udGludWl0eV9kaXN0aW5ndWlzaGVzX2RlZ3JhZGluZ19ub19sb25nZXJfb3B0aW1hbF9hbmRfdW5zYWZlIiwKICAg
2026-09-10T08:15:36.5618527Z GO_EVIDENCE_B64 ICJ0ZXN0cy90ZXN0X3NwcmludDR4X3BvcnRmb2xpb19jaGFtcGlvbl9jb250aW51aXR5LnB5Ojp0ZXN0X29ubHlfNHdfcG9ydGZvbGlvX3dpbm5lcl9jYW5fb3Blbl9jaGFsbGVuZ2UiLAogICAgInRlc3RzL3Rlc3Rfc3ByaW50NHhfcG9ydGZvbGlvX2NoYW1waW9uX2NvbnRpbnVpdHkucHk6OnRlc3RfbXVsdGlfb2JqZWN0aXZlX3NhZmV0eV9iZWF0c19zaW5nbGVfc2NvcmVfZ2FpbiIsCiAgICAidGVzdHMvdGVzdF9zcHJpbnQ0eF9wb3J0Zm9saW9fY2hhbXBpb25fY29udGludWl0eS5weTo6dGVzdF9jYW5kaWRhdGVfbXVzdF9i
2026-09-10T08:15:36.5623862Z GO_EVIDENCE_B64 ZV9tYXRlcmlhbGx5X3N1cGVyaW9yX2JlZm9yZV9yZXBsYWNlbWVudF9hcHByb3ZhbCIsCiAgICAidGVzdHMvdGVzdF9zcHJpbnQ0eF9wb3J0Zm9saW9fY2hhbXBpb25fY29udGludWl0eS5weTo6dGVzdF9zdXBlcmlvcl9jYW5kaWRhdGVfZ2V0c19hcHByb3ZlZF9idXRfbm90X2ltbWVkaWF0ZV9jaGFtcGlvbl9yZXBsYWNlbWVudCIsCiAgICAidGVzdHMvdGVzdF9zcHJpbnQ0eF9wb3J0Zm9saW9fY2hhbXBpb25fY29udGludWl0eS5weTo6dGVzdF90cmFuc2l0aW9uX3JlYWRzXzRyX2NhbmFyeV9hc19zb3VyY2Vfb2ZfdHJ1dGgi
2026-09-10T08:15:36.5629283Z GO_EVIDENCE_B64 LAogICAgInRlc3RzL3Rlc3Rfc3ByaW50NHhfcG9ydGZvbGlvX2NoYW1waW9uX2NvbnRpbnVpdHkucHk6OnRlc3RfZnVsbF90cmFmZmljX2Nhbm5vdF9maW5hbGl6ZV93aXRob3V0XzR2X3Byb2R1Y3Rpb25fcHJvb2YiLAogICAgInRlc3RzL3Rlc3Rfc3ByaW50NHhfcG9ydGZvbGlvX2NoYW1waW9uX2NvbnRpbnVpdHkucHk6OnRlc3Rfc2FmZV9yZXBsYWNlbWVudF9hbmRfcm9sbGJhY2tfcHJlc2VydmVfaGlzdG9yeV9hbmRfc3VwcGxpZXJfZmFjdCIsCiAgICAidGVzdHMvdGVzdF9zdXBwbGllcl9tdWx0aXZlcnRpY2FsX2NlcnRp
2026-09-10T08:15:36.5634680Z GO_EVIDENCE_B64 ZmljYXRpb24ucHk6OnRlc3RfY2VydGlmaWNhdGlvbl9ibG9ja3NfbWlzc2luZ19jYXBhYmlsaXRpZXNfY2hlY2tzX2FuZF9ldmlkZW5jZSIsCiAgICAidGVzdHMvdGVzdF9zdXBwbGllcl9tdWx0aXZlcnRpY2FsX2NlcnRpZmljYXRpb24ucHk6OnRlc3RfY29tcGxldGVfY29udHJhY3RfY2VydGlmaWNhdGlvbl9uZXZlcl9jbGFpbXNfbGl2ZSIsCiAgICAidGVzdHMvdGVzdF90cmF2ZWxfaW50ZWxsaWdlbmNlX3AwLnB5Ojp0ZXN0X2Nvc3RfZ292ZXJub3JfbmV2ZXJfZGVmYXVsdHNfdG9fZXh0ZXJuYWwiLAogICAgInRlc3RzL3Rl
2026-09-10T08:15:36.5640584Z GO_EVIDENCE_B64 c3RfdHJhdmVsX2ludGVsbGlnZW5jZV9wMC5weTo6dGVzdF9zZW5zaXRpdmVfZXh0ZXJuYWxfaXNfZmFpbF9jbG9zZWQiLAogICAgInRlc3RzL3Rlc3RfdHJhdmVsX2ludGVsbGlnZW5jZV9wMC5weTo6dGVzdF9ldmVudF9jb250cmFjdF9yZWdpc3RyeV9tYXRjaGVzX2ZyZWV6ZSIsCiAgICAidGVzdHMvdGVzdF90cmF2ZWxfaW50ZWxsaWdlbmNlX3AwLnB5Ojp0ZXN0X3RyYW5zYWN0aW9uX3Byb2plY3Rpb25fZG9tYWluc19hcmVfYXV0aG9yaXRhdGl2ZV9zb3VyY2VzX29ubHkiLAogICAgInRlc3RzL3Rlc3RfdW5pZmllZF9tb25l
2026-09-10T08:15:36.5645964Z GO_EVIDENCE_B64 eV9tb3ZlbWVudF9maW5hbmNlX2Nsb3NlLnB5Ojp0ZXN0X2F1dGhvcml6ZV9jYXB0dXJlX3JlZnVuZF9jaGFpbl9hbmRfaWRlbXBvdGVuY3kiLAogICAgInRlc3RzL3Rlc3RfdW5pZmllZF9tb25leV9tb3ZlbWVudF9maW5hbmNlX2Nsb3NlLnB5Ojp0ZXN0X2NhcHR1cmVfcmVxdWlyZXNfYXV0aG9yaXphdGlvbiIsCiAgICAidGVzdHMvdGVzdF91bmlmaWVkX21vbmV5X21vdmVtZW50X2ZpbmFuY2VfY2xvc2UucHk6OnRlc3RfY2xvc2VfYmxvY2tzX3doZW5fY2FwdHVyZV9yZWNvbmNpbGlhdGlvbl9pc19taXNzaW5nIiwKICAgICJ0
2026-09-10T08:15:36.5651463Z GO_EVIDENCE_B64 ZXN0cy90ZXN0X3VuaWZpZWRfbW9uZXlfbW92ZW1lbnRfZmluYW5jZV9jbG9zZS5weTo6dGVzdF9leHRlcm5hbF9leGVjdXRvcl9yZXF1aXJlZF9ibG9ja3NfY2xvc2UiLAogICAgInRlc3RzL3Rlc3RfdjYxX2FwcF9saWZlc3Bhbi5weTo6dGVzdF92NjFfYXBwX2RlY2xhcmVzX2xpZmVzcGFuX3dpdGhvdXRfZGVwcmVjYXRlZF9vbl9ldmVudF9oYW5kbGVycyIsCiAgICAidGVzdHMvdGVzdF92NjFfYXBwX2xpZmVzcGFuLnB5Ojp0ZXN0X3Y2MV9saWZlc3Bhbl9wcmVzZXJ2ZXNfbGVnYWN5X3N0YXJ0dXBfYm9vdHN0cmFwX3NlbWFu
2026-09-10T08:15:36.5656822Z GO_EVIDENCE_B64 dGljcyIsCiAgICAidGVzdHMvdGVzdF92NjFfbWVkaWFfaGFydmVzdGVyX3JpZ2h0c19nYXRlLnB5Ojp0ZXN0X2Rvd25sb2FkX2NhY2hlX3Jvb21fYmluZGluZ19hbmRfcmlnaHRzX2dhdGUiLAogICAgInRlc3RzL3Rlc3RfdjYxX21lZGlhX2hhcnZlc3Rlcl9yaWdodHNfZ2F0ZS5weTo6dGVzdF9mYWlsX2Nsb3NlZF9kb3dubG9hZF9yaWdodHNfc3NyZl9kZWR1cF9hbmRfaW50ZWdyaXR5IiwKICAgICJ0ZXN0cy90ZXN0X3Y2MV9tZWRpYV9oYXJ2ZXN0ZXJfcmlnaHRzX2dhdGUucHk6OnRlc3RfcmlnaHRzX2V4cGlyeV9hbmRfc2Nv
2026-09-10T08:15:36.5662215Z GO_EVIDENCE_B64 cGVfZmFpbF9jbG9zZWQiLAogICAgInRlc3RzL3Rlc3RfdjYxX29wZXJhdGlvbnNfY29uc29sZV9jb21wbGV0aW9uLnB5Ojp0ZXN0X2dvX2FkbWluX2hhc19hbGxfdmVydGljYWxfYW5kX2dvX2NvcmVfbW9kdWxlcyIsCiAgICAidGVzdHMvdGVzdF92NjFfb3BlcmF0aW9uc19jb25zb2xlX2NvbXBsZXRpb24ucHk6OnRlc3Rfc3VwcGxpZXJfY29uc29sZV91c2VzX29wZXJhdGlvbmFsX3dvcmtiZW5jaGVzIiwKICAgICJ0ZXN0cy90ZXN0X3Y2MV9vcGVyYXRpb25zX2NvbnNvbGVfY29tcGxldGlvbi5weTo6dGVzdF9jb25zdW1lcl9o
2026-09-10T08:15:36.5667456Z GO_EVIDENCE_B64 b3RlbF9oYXNfY29tcGFyZV9iZWZvcmVfYm9va2luZ19yZXZpZXciLAogICAgInRlc3RzL3Rlc3RfdjYxX29wZXJhdGlvbnNfY29uc29sZV9jb21wbGV0aW9uLnB5Ojp0ZXN0X21vYmlsaXR5X2hhc19leHBsaWNpdF9wYXltZW50X2JlZm9yZV9zdWNjZXNzIiwKICAgICJ0ZXN0cy90ZXN0X3Y2MV9vcGVyYXRpb25zX2NvbnNvbGVfY29tcGxldGlvbi5weTo6dGVzdF9hZG1pbl9vcGVyYXRpb25zX2FwaV9pc19yZWdpc3RlcmVkIiwKICAgICJ0ZXN0cy90ZXN0X3dhdmUwM19jMDdfYzA5X2F1dGhvcml0eV9jb250cmFjdC5weTo6dGVz
2026-09-10T08:15:36.5672780Z GO_EVIDENCE_B64 dF9jMDdfcHJlcGFyZXNfZXZpZGVuY2Vfb25seV9hbmRfbmV2ZXJfanVkZ21lbnRfdHJ1dGgiLAogICAgInRlc3RzL3Rlc3Rfd2F2ZTAzX2MwN19jMDlfYXV0aG9yaXR5X2NvbnRyYWN0LnB5Ojp0ZXN0X2MwN19sZWdhY3lfanVkZ21lbnRfZW50cnlwb2ludHNfZmFpbF9jbG9zZWQiLAogICAgInRlc3RzL3Rlc3Rfd2F2ZTAzX2MwN19jMDlfYXV0aG9yaXR5X2NvbnRyYWN0LnB5Ojp0ZXN0X2MwOV9yZWplY3RzX3RyYXZlbGVyX2ZpdF9jb250ZXh0X2FzX3JlY29tbWVuZGF0aW9uX2lucHV0IiwKICAgICJ0ZXN0cy90ZXN0X3dhdmUw
2026-09-10T08:15:36.5678110Z GO_EVIDENCE_B64 M19jMDdfYzA5X2F1dGhvcml0eV9jb250cmFjdC5weTo6dGVzdF93YXZlMDNfY29udHJhY3RfcmVnaXN0cnlfa2VlcHNfYzA5X2FzX2ZpbmFsX293bmVyIiwKICAgICJ0ZXN0cy90ZXN0X3dhdmUwM19jMDdfYzA5X2F1dGhvcml0eV9jb250cmFjdC5weTo6dGVzdF9jMDdfYXV0b25vbXlfcmVnaXN0cnlfaGFzX2NvbnRleHRfZXZpZGVuY2VfYnV0X25vdF9qdWRnbWVudF9jYXBhYmlsaXR5IiwKICAgICJ0ZXN0cy90ZXN0X3dhdmUwNF92NzBfcmVsZWFzZV9nYXRlX2NvbnRyYWN0LnB5Ojp0ZXN0X3Y3MF9pc191bmlxdWVfY29udHJv
2026-09-10T08:15:36.5683329Z GO_EVIDENCE_B64 bGxpbmdfc29sdXRpb25fbWFzdGVyIiwKICAgICJ0ZXN0cy90ZXN0X3dhdmUwNF92NzBfcmVsZWFzZV9nYXRlX2NvbnRyYWN0LnB5Ojp0ZXN0X3NvdXJjZV9jYW5kaWRhdGVfaGVhZF9pc18wMTE0X2FuZF9ub3Rfc3RhZ2luZ19mYWN0IiwKICAgICJ0ZXN0cy90ZXN0X3dhdmUwNF92NzBfcmVsZWFzZV9nYXRlX2NvbnRyYWN0LnB5Ojp0ZXN0X3JlbGVhc2VfY2FuZGlkYXRlX21hbmlmZXN0X2hhc19zYW1lX21pZ3JhdGlvbl90cnV0aF9zcGxpdCIsCiAgICAidGVzdHMvdGVzdF93YXZlMDRfdjcwX3JlbGVhc2VfZ2F0ZV9jb250cmFj
2026-09-10T08:15:36.5688991Z GO_EVIDENCE_B64 dC5weTo6dGVzdF93YXZlMDdfZnJnMDJfcmVsZWFzZV9pZGVudGl0eV9iaW5kc193YXZlMDdfcGFyZW50X3NoYSIsCiAgICAidGVzdHMvdGVzdF93YXZlMDRfdjcwX3JlbGVhc2VfZ2F0ZV9jb250cmFjdC5weTo6dGVzdF93YXZlMDdfZnJnMDJfYmluZGluZ19pc19ub3RfZGVwbG95ZWRfYW5kX2hhc19zb3VyY2Vfc2hhIiwKICAgICJ0ZXN0cy90ZXN0X3dhdmUwNF92NzBfcmVsZWFzZV9nYXRlX2NvbnRyYWN0LnB5Ojp0ZXN0X3Y3MF9nYXRlX2lzX2F1dGhvcml0YXRpdmVfYW5kX3ByZXNlbnQiLAogICAgInRlc3RzL3Rlc3Rfd2F2
2026-09-10T08:15:36.5694263Z GO_EVIDENCE_B64 ZTA0X3Y3MF9yZWxlYXNlX2dhdGVfY29udHJhY3QucHk6OnRlc3RfMDExM18wMTE0X21pZ3JhdGlvbl9ieXRlc19hcmVfYXVkaXRfZnJvemVuIiwKICAgICJ0ZXN0cy90ZXN0X3dlYmhvb2tfaW5ib3gucHk6OnRlc3Rfd2ViaG9va19kdXBsaWNhdGVfYW5kX291dF9vZl9vcmRlcl9hcmVfc2FmZSIsCiAgICAidGVzdHMvdGVzdF93ZWJob29rX2luYm94LnB5Ojp0ZXN0X2ludmFsaWRfd2ViaG9va19zaWduYXR1cmVfaXNfcmVqZWN0ZWRfYW5kX2F1ZGl0ZWQiLAogICAgInRlc3RzL3dvcmtiZW5jaC90ZXN0X2NhbmRpZGF0ZV90aGlu
2026-09-10T08:15:36.5699638Z GO_EVIDENCE_B64 X3dvcmtzcGFjZS5weTo6dGVzdF90aGluX3dvcmtzcGFjZV9jb3BpZXNfb25seV9jaGFuZ2VkX2ZpbGVzIiwKICAgICJ0ZXN0cy93b3JrYmVuY2gvdGVzdF9jYW5kaWRhdGVfdGhpbl93b3Jrc3BhY2UucHk6OnRlc3RfcGFyZW50X3NoYV9pc19tYW5kYXRvcnlfYW5kX2ltbXV0YWJsZV9zaGFwZSIsCiAgICAidGVzdHMvd29ya2JlbmNoL3Rlc3RfY2FuZGlkYXRlX3RoaW5fd29ya3NwYWNlLnB5Ojp0ZXN0X3Vuc2FmZV9kZWx0YV9wYXRoX2ZhaWxzX2Nsb3NlZCIsCiAgICAidGVzdHMvd29ya2JlbmNoL3Rlc3RfY2FuZGlkYXRlX3Ro
2026-09-10T08:15:36.5704957Z GO_EVIDENCE_B64 aW5fd29ya3NwYWNlLnB5Ojp0ZXN0X21hbmlmZXN0X3JlY29yZHNfaGFzaF9hbmRfZGVsZXRlX3NldCIsCiAgICAidGVzdHMvd29ya2JlbmNoL3Rlc3RfZ29fcGFyYWxsZWxfd29ya2JlbmNoX2J1aWxkMDEucHk6OnRlc3RfZm91cnRlZW5fd29ya3NwYWNlc19hbmRfc2V2ZW5fbGFuZXMiLAogICAgInRlc3RzL3dvcmtiZW5jaC90ZXN0X2dvX3BhcmFsbGVsX3dvcmtiZW5jaF9idWlsZDAxLnB5Ojp0ZXN0X2VhY2hfd29ya3NwYWNlX2hhc19pbmRlcGVuZGVudF9icmFuY2hfYW5kX3dvcmt0cmVlX3ByZWZpeCIsCiAgICAidGVzdHMv
2026-09-10T08:15:36.5710318Z GO_EVIDENCE_B64 d29ya2JlbmNoL3Rlc3RfZ29fcGFyYWxsZWxfd29ya2JlbmNoX2J1aWxkMDEucHk6OnRlc3RfZGVjb21wb3NpdGlvbl9idWlsZHNfaXNvbGF0ZWRfd29ya2l0ZW1zIiwKICAgICJ0ZXN0cy93b3JrYmVuY2gvdGVzdF9nb19wYXJhbGxlbF93b3JrYmVuY2hfYnVpbGQwMS5weTo6dGVzdF9jcm9zc19vd25lZF9wYXRoX2lzX2Jsb2NrZWQiLAogICAgInRlc3RzL3dvcmtiZW5jaC90ZXN0X2dvX3BhcmFsbGVsX3dvcmtiZW5jaF9idWlsZDAxLnB5Ojp0ZXN0X2MxNF9jYW5ub3RfbXV0YXRlX2J1c2luZXNzX3RydXRoX3BhdGhzIiwKICAg
2026-09-10T08:15:36.5715602Z GO_EVIDENCE_B64 ICJ0ZXN0cy93b3JrYmVuY2gvdGVzdF9nb19wYXJhbGxlbF93b3JrYmVuY2hfYnVpbGQwMS5weTo6dGVzdF9kZXBlbmRlbmN5X2N5Y2xlX2ZhaWxzX2Nsb3NlZCIsCiAgICAidGVzdHMvd29ya2JlbmNoL3Rlc3RfZ29fcGFyYWxsZWxfd29ya2JlbmNoX2J1aWxkMDEucHk6OnRlc3RfYzA5X2NvbnN0aXR1dGlvbmFsX2Fzc2V0c19wcm90ZWN0ZWRfZnJvbV9vdGhlcl9jZWxscyIsCiAgICAidGVzdHMvd29ya2JlbmNoL3Rlc3RfZ29fcGFyYWxsZWxfd29ya2JlbmNoX2J1aWxkMDEucHk6OnRlc3RfbWVyZ2VfcmVxdWlyZXNfYWxsX2dh
2026-09-10T08:15:36.5721036Z GO_EVIDENCE_B64 dGVzIiwKICAgICJ0ZXN0cy93b3JrYmVuY2gvdGVzdF9nb19wYXJhbGxlbF93b3JrYmVuY2hfYnVpbGQwMS5weTo6dGVzdF9jMTNfbXVzdF9iZV9pbmRlcGVuZGVudF9xYSIsCiAgICAidGVzdHMvd29ya2JlbmNoL3Rlc3RfZ29fcGFyYWxsZWxfd29ya2JlbmNoX2J1aWxkMDEucHk6OnRlc3RfYzE0X211c3RfcmV2aWV3X2xlZ2FsX2dhdGUiLAogICAgInRlc3RzL3dvcmtiZW5jaC90ZXN0X2dvX3BhcmFsbGVsX3dvcmtiZW5jaF9idWlsZDAxLnB5Ojp0ZXN0X3ZhbGlkX2NhbmRpZGF0ZV9jYW5fbWVyZ2UiLAogICAgInRlc3RzL3dv
2026-09-10T08:15:36.5726397Z GO_EVIDENCE_B64 cmtiZW5jaC90ZXN0X2dvX3BhcmFsbGVsX3dvcmtiZW5jaF9idWlsZDAxLnB5Ojp0ZXN0X3BhcmFsbGVsX2NhbmRpZGF0ZV9wYXRoX2NvbGxpc2lvbl9mYWlscyIsCiAgICAidGVzdHMvd29ya2JlbmNoL3Rlc3Rfd2F2ZTAyX3RydXRoX2dhdGVfYW5kX21vYmlsaXR5X293bmVyc2hpcC5weTo6dGVzdF9lbmdpbmVlcmluZ19zdXBwbGllcl9maXh0dXJlc19mYWlsX2Nsb3NlZF9pbl9wcm9kdWN0aW9uIiwKICAgICJ0ZXN0cy93b3JrYmVuY2gvdGVzdF93YXZlMDJfdHJ1dGhfZ2F0ZV9hbmRfbW9iaWxpdHlfb3duZXJzaGlwLnB5Ojp0
2026-09-10T08:15:36.5731810Z GO_EVIDENCE_B64 ZXN0X2VuZ2luZWVyaW5nX3N1cHBsaWVyX2ZpeHR1cmVzX2FyZV9leHBsaWNpdGx5X25vbl9saXZlX2xvY2FsbHkiLAogICAgInRlc3RzL3dvcmtiZW5jaC90ZXN0X3dhdmUwMl90cnV0aF9nYXRlX2FuZF9tb2JpbGl0eV9vd25lcnNoaXAucHk6OnRlc3RfYzA0X2MwNV9vd25lZF9wYXRoc19hcmVfaXNvbGF0ZWRfYW5kX3NoYXJlZF9mYWNhZGVfaGFzX25vX2J1c2luZXNzX3RydXRoIiwKICAgICJ0ZXN0cy93b3JrYmVuY2gvdGVzdF93YXZlMDJfdHJ1dGhfZ2F0ZV9hbmRfbW9iaWxpdHlfb3duZXJzaGlwLnB5Ojp0ZXN0X3B1Ymxp
2026-09-10T08:15:36.5737406Z GO_EVIDENCE_B64 Y19zeW50aGV0aWNfc3VwcGxpZXJfcm91dGVzX3JldHVybl81MDNfaW5fcHJvZHVjdGlvbiIsCiAgICAidGVzdHMvd29ya2JlbmNoL3Rlc3Rfd2F2ZTA1X3Byb3ZpZGVyX2FkYXB0ZXJfdjIucHk6OnRlc3RfYWxsX3NpeF92ZXJ0aWNhbF9wcm9maWxlc19hcmVfcmVhZGluZXNzX29ubHkiLAogICAgInRlc3RzL3dvcmtiZW5jaC90ZXN0X3dhdmUwNV9wcm92aWRlcl9hZGFwdGVyX3YyLnB5Ojp0ZXN0X2lubGluZV9wcm92aWRlcl9zZWNyZXRfaXNfcmVqZWN0ZWQiLAogICAgInRlc3RzL3dvcmtiZW5jaC90ZXN0X3dhdmUwNV9wcm92
2026-09-10T08:15:36.5742833Z GO_EVIDENCE_B64 aWRlcl9hZGFwdGVyX3YyLnB5Ojp0ZXN0X3Vua25vd25fc3VwcGxpZXJfZXJyb3JfcG9saWN5X211c3RfZmFpbF9jbG9zZWQiLAogICAgInRlc3RzL3dvcmtiZW5jaC90ZXN0X3dhdmUwNl9wcm92aWRlcl9jZXJ0aWZpY2F0aW9uX2ZpZGVsaXR5X3YyLnB5Ojp0ZXN0X2hhcm5lc3NfdjJfY2VydGlmaWVzX2FsbF9zaXhfdmVydGljYWxzX3dpdGhvdXRfZXh0ZXJuYWxfY2xhaW0iLAogICAgInRlc3RzL3dvcmtiZW5jaC90ZXN0X3dhdmUwNl9wcm92aWRlcl9jZXJ0aWZpY2F0aW9uX2ZpZGVsaXR5X3YyLnB5Ojp0ZXN0X2hhcm5lc3Nf
2026-09-10T08:15:36.5748336Z GO_EVIDENCE_B64 djJfYmxvY2tzX2NvbnRyYWN0X3dpdGhfYmFkX3JlcGxheV90b2xlcmFuY2UiLAogICAgInRlc3RzL3dvcmtiZW5jaC90ZXN0X3dhdmUwNl9wcm92aWRlcl9jZXJ0aWZpY2F0aW9uX2ZpZGVsaXR5X3YyLnB5Ojp0ZXN0X2NvbnRyYWN0X2ZpZGVsaXR5X3J1bm5lcl9wYXNzZXNfYWxsX3NpeF92ZXJ0aWNhbF9jb250cm9sbGVkX3NpbXVsYXRpb25zIiwKICAgICJ0ZXN0cy93b3JrYmVuY2gvdGVzdF93YXZlMDZfcHJvdmlkZXJfY2VydGlmaWNhdGlvbl9maWRlbGl0eV92Mi5weTo6dGVzdF9jb250cmFjdF9maWRlbGl0eV9ydW5uZXJf
2026-09-10T08:15:36.5753702Z GO_EVIDENCE_B64 YmxvY2tzX2Nyb3NzX2RvbWFpbl90cnV0aF9vd25lciIsCiAgICAidGVzdHMvd29ya2JlbmNoL3Rlc3Rfd2F2ZTA2X3Byb3ZpZGVyX2NlcnRpZmljYXRpb25fZmlkZWxpdHlfdjIucHk6OnRlc3RfY29udHJhY3RfZmlkZWxpdHlfcnVubmVyX2Jsb2Nrc19jb25mbGljdGluZ19pZGVtcG90ZW50X3JlcGxheSIsCiAgICAidGVzdHMvd29ya2JlbmNoL3Rlc3Rfd2F2ZTA3X21jMDFfb3duZWRfcGF0aF9jbG9zdXJlLnB5Ojp0ZXN0X2V4YWN0X29uYm9hcmRpbmdfaW50ZWdyYXRpb25faXNfYzEyX293bmVkX3dpdGhvdXRfc2VydmljZXNf
2026-09-10T08:15:36.5759084Z GO_EVIDENCE_B64 ZGlyZWN0b3J5X3RyYW5zZmVyIiwKICAgICJ0ZXN0cy93b3JrYmVuY2gvdGVzdF93YXZlMDdfbWMwMV9vd25lZF9wYXRoX2Nsb3N1cmUucHk6OnRlc3RfYzAxX2Nhbm5vdF9idWlsZF9jYXJ2ZWRfb3V0X29uYm9hcmRpbmdfc2VydmljZSIsCiAgICAidGVzdHMvd29ya2JlbmNoL3Rlc3Rfd2F2ZTA3X21jMDFfb3duZWRfcGF0aF9jbG9zdXJlLnB5Ojp0ZXN0X2MxMl9jYW5fYnVpbGRfb25seV90aGVfd2F2ZTA3X2ludGVncmF0aW9uX3BhdGhzIiwKICAgICJ0ZXN0cy93b3JrYmVuY2gvdGVzdF93YXZlMDdfbWMwMV9vd25lZF9wYXRo
2026-09-10T08:15:36.5764347Z GO_EVIDENCE_B64 X2Nsb3N1cmUucHk6OnRlc3Rfb3duZXJzaGlwX2NvbnRyYWN0X21hdGNoZXNfbWFjaGluZV9yZWdpc3RyeSIsCiAgICAidGVzdHMvd29ya2JlbmNoL3Rlc3Rfd2F2ZTA3X21jMDFfb3duZWRfcGF0aF9jbG9zdXJlLnB5Ojp0ZXN0X3dhdmUwN19jYW5kaWRhdGVfc2NvcGVfaXNfbWVyZ2VfY29udHJvbGxlcl9vd25lZF9wYXRoX3ZhbGlkIiwKICAgICJ0ZXN0cy93b3JrYmVuY2gvdGVzdF93YXZlMDdfcHJvdmlkZXJfb25ib2FyZGluZ19nb3Zlcm5hbmNlX3YxLnB5Ojp0ZXN0X3AxXzAxX2xlZ2FjeV9zZWNyZXRfd3JpdGVfaXNfaGFy
2026-09-10T08:15:36.5769748Z GO_EVIDENCE_B64 ZF9ibG9ja2VkX2JlZm9yZV9kYl9hY2Nlc3MiLAogICAgInRlc3RzL3dvcmtiZW5jaC90ZXN0X3dhdmUwN19wcm92aWRlcl9vbmJvYXJkaW5nX2dvdmVybmFuY2VfdjEucHk6OnRlc3RfcDFfMDJfbWFwcGluZ19nb3Zlcm5hbmNlX2lzX3ZlcnRpY2FsX25ldXRyYWxfZm9yX2FsbF9zaXhfdmVydGljYWxzIiwKICAgICJ0ZXN0cy93b3JrYmVuY2gvdGVzdF93YXZlMDdfcHJvdmlkZXJfb25ib2FyZGluZ19nb3Zlcm5hbmNlX3YxLnB5Ojp0ZXN0X21hcHBpbmdfbWlzc2luZ19zZWN0aW9uX2Jsb2Nrc19wcm9ncmVzc193aXRoX2RldGVy
2026-09-10T08:15:36.5775059Z GO_EVIDENCE_B64 bWluaXN0aWNfYmxvY2tlciIsCiAgICAidGVzdHMvd29ya2JlbmNoL3Rlc3Rfd2F2ZTA3X3Byb3ZpZGVyX29uYm9hcmRpbmdfZ292ZXJuYW5jZV92MS5weTo6dGVzdF9wMV8wM19yZWFkaW5lc3NfZWxpZ2liaWxpdHlfaXNfc2FuZGJveF9vbmx5X2FuZF9uZXZlcl9saXZlIiwKICAgICJ0ZXN0cy93b3JrYmVuY2gvdGVzdF93YXZlMDdfcHJvdmlkZXJfb25ib2FyZGluZ19nb3Zlcm5hbmNlX3YxLnB5Ojp0ZXN0X2FpX2Nhbm5vdF9ncmFudF9wcm92aWRlcl9lbGlnaWJpbGl0eSIsCiAgICAidGVzdHMvd29ya2JlbmNoL3Rlc3Rfd2F2
2026-09-10T08:15:36.5780463Z GO_EVIDENCE_B64 ZTA3X3Byb3ZpZGVyX29uYm9hcmRpbmdfZ292ZXJuYW5jZV92MS5weTo6dGVzdF9yZWNlcnRpZmljYXRpb25fdHJpZ2dlcl9pc19mYWlsX2Nsb3NlZF9mb3JfYWxsX2dvdmVybmVkX2RyaWZ0W2NvbnRyYWN0XSIsCiAgICAidGVzdHMvd29ya2JlbmNoL3Rlc3Rfd2F2ZTA3X3Byb3ZpZGVyX29uYm9hcmRpbmdfZ292ZXJuYW5jZV92MS5weTo6dGVzdF9yZWNlcnRpZmljYXRpb25fdHJpZ2dlcl9pc19mYWlsX2Nsb3NlZF9mb3JfYWxsX2dvdmVybmVkX2RyaWZ0W21hcHBpbmddIiwKICAgICJ0ZXN0cy93b3JrYmVuY2gvdGVzdF93YXZl
2026-09-10T08:15:36.5786068Z GO_EVIDENCE_B64 MDdfcHJvdmlkZXJfb25ib2FyZGluZ19nb3Zlcm5hbmNlX3YxLnB5Ojp0ZXN0X3JlY2VydGlmaWNhdGlvbl90cmlnZ2VyX2lzX2ZhaWxfY2xvc2VkX2Zvcl9hbGxfZ292ZXJuZWRfZHJpZnRbY3JlZGVudGlhbF0iLAogICAgInRlc3RzL3dvcmtiZW5jaC90ZXN0X3dhdmUwN19wcm92aWRlcl9vbmJvYXJkaW5nX2dvdmVybmFuY2VfdjEucHk6OnRlc3RfcmVjZXJ0aWZpY2F0aW9uX3RyaWdnZXJfaXNfZmFpbF9jbG9zZWRfZm9yX2FsbF9nb3Zlcm5lZF9kcmlmdFtleHBpcnldIiwKICAgICJ0ZXN0cy93b3JrYmVuY2gvdGVzdF93YXZl
2026-09-10T08:15:36.5791536Z GO_EVIDENCE_B64 MDdfcHJvdmlkZXJfb25ib2FyZGluZ19nb3Zlcm5hbmNlX3YxLnB5Ojp0ZXN0X3JlY2VydGlmaWNhdGlvbl90cmlnZ2VyX2lzX2ZhaWxfY2xvc2VkX2Zvcl9hbGxfZ292ZXJuZWRfZHJpZnRbcmV2b2NhdGlvbl0iLAogICAgInRlc3RzL3dvcmtiZW5jaC90ZXN0X3dhdmUwN19wcm92aWRlcl9vbmJvYXJkaW5nX2dvdmVybmFuY2VfdjEucHk6OnRlc3RfaWxsZWdhbF9zdGF0ZV9qdW1wX2lzX3JlamVjdGVkIgogIF0sCiAgInNlbGVjdGVkX25vZGVpZHMiOiBbCiAgICAidGVzdHMvaW50ZWdyYXRpb24vdGVzdF92NjFfYWlfaW5mcmFz
2026-09-10T08:15:36.5796906Z GO_EVIDENCE_B64 dHJ1Y3R1cmVfcnVudGltZS5weTo6dGVzdF9tYW5pZmVzdF9leHBvc2VzX2FpX2FnZW50X2FzX2NsaWVudF9hbmRfZnJlZV9kaXN0cmlidXRpb24iLAogICAgInRlc3RzL2ludGVncmF0aW9uL3Rlc3RfdjYxX2FpX2luZnJhc3RydWN0dXJlX3J1bnRpbWUucHk6OnRlc3RfaWRlbnRpdHlfcmVsZWFzZV9uZXZlcl9leHBvcnRzX2Z1bGxfdmF1bHQiLAogICAgInRlc3RzL2ludGVncmF0aW9uL3Rlc3RfdjYxX2FpX2luZnJhc3RydWN0dXJlX3J1bnRpbWUucHk6OnRlc3RfYm9va2luZ19wbGFuX3JlcXVpcmVzX3N1cHBsaWVyX2V2aWRl
2026-09-10T08:15:36.5802337Z GO_EVIDENCE_B64 bmNlIiwKICAgICJ0ZXN0cy90ZXN0X2Nvbm5lY3Rvcl9vcHMucHk6OnRlc3RfY29ubmVjdG9yX2xpc3RfYW5kX2NlcnRpZnkiLAogICAgInRlc3RzL3Rlc3RfY29ubmVjdG9yX29wcy5weTo6dGVzdF9jb25uZWN0b3JfaGVhbHRoIiwKICAgICJ0ZXN0cy90ZXN0X2RlcHRoMDhfYXBpX2FuZF9taWdyYXRpb24ucHk6OnRlc3RfYWxsMTRfb2JzZXJ2YXRpb25zX2V4ZWN1dGVfYWdhaW5zdF9hcHBsaWNhdGlvbl9kYXRhYmFzZSIsCiAgICAidGVzdHMvdGVzdF9kZXB0aDA4X2FwaV9hbmRfbWlncmF0aW9uLnB5Ojp0ZXN0X3F1ZXVlX211
2026-09-10T08:15:36.5807587Z GO_EVIDENCE_B64 dGF0aW9uX3JlcXVpcmVzX2dvX2FkbWluX3J1bGVzX3Blcm1pc3Npb25bYW5vbnltb3VzXSIsCiAgICAidGVzdHMvdGVzdF9kZXB0aDA4X2FwaV9hbmRfbWlncmF0aW9uLnB5Ojp0ZXN0X3F1ZXVlX211dGF0aW9uX3JlcXVpcmVzX2dvX2FkbWluX3J1bGVzX3Blcm1pc3Npb25bc3VwcGxpZXJdIiwKICAgICJ0ZXN0cy90ZXN0X2RlcHRoMDhfYXBpX2FuZF9taWdyYXRpb24ucHk6OnRlc3RfcXVldWVfbXV0YXRpb25fcmVxdWlyZXNfZ29fYWRtaW5fcnVsZXNfcGVybWlzc2lvbltyZWFkX29ubHldIiwKICAgICJ0ZXN0cy90ZXN0X2Rl
2026-09-10T08:15:36.5812967Z GO_EVIDENCE_B64 cHRoMDhfYXBpX2FuZF9taWdyYXRpb24ucHk6OnRlc3RfYXBpX3JlamVjdHNfY2xpZW50X3N1cHBsaWVkX2V4ZWN1dGlvbl9hdXRob3JpdHlbY2hhbmdlMF0iLAogICAgInRlc3RzL3Rlc3RfZGVwdGgwOF9hcGlfYW5kX21pZ3JhdGlvbi5weTo6dGVzdF9hcGlfcmVqZWN0c19jbGllbnRfc3VwcGxpZWRfZXhlY3V0aW9uX2F1dGhvcml0eVtjaGFuZ2UxXSIsCiAgICAidGVzdHMvdGVzdF9kZXB0aDA4X2FwaV9hbmRfbWlncmF0aW9uLnB5Ojp0ZXN0X2FwaV9yZWplY3RzX2NsaWVudF9zdXBwbGllZF9leGVjdXRpb25fYXV0aG9yaXR5
2026-09-10T08:15:36.5818424Z GO_EVIDENCE_B64 W2NoYW5nZTJdIiwKICAgICJ0ZXN0cy90ZXN0X2RlcHRoMDhfYXBpX2FuZF9taWdyYXRpb24ucHk6OnRlc3RfYXBpX3JlamVjdHNfY2xpZW50X3N1cHBsaWVkX2V4ZWN1dGlvbl9hdXRob3JpdHlbY2hhbmdlM10iLAogICAgInRlc3RzL3Rlc3RfZGVwdGgwOF9hcGlfYW5kX21pZ3JhdGlvbi5weTo6dGVzdF9hcGlfcmVqZWN0c19jbGllbnRfc3VwcGxpZWRfZXhlY3V0aW9uX2F1dGhvcml0eVtjaGFuZ2U0XSIsCiAgICAidGVzdHMvdGVzdF9kZXB0aDA4X2FwaV9hbmRfbWlncmF0aW9uLnB5Ojp0ZXN0X2FwaV9yZWplY3RzX2NsaWVu
2026-09-10T08:15:36.5823699Z GO_EVIDENCE_B64 dF9zdXBwbGllZF9leGVjdXRpb25fYXV0aG9yaXR5W2NoYW5nZTVdIiwKICAgICJ0ZXN0cy90ZXN0X2RlcHRoMDhfYXBpX2FuZF9taWdyYXRpb24ucHk6OnRlc3RfcXVldWVkX29ic2VydmF0aW9uX2hvbGRzX2lmX2FkbWluX3JvbGVfaXNfcmV2b2tlZCIsCiAgICAidGVzdHMvdGVzdF9kZXB0aDA4X2FwaV9hbmRfbWlncmF0aW9uLnB5Ojp0ZXN0X2FwaV9wYXVzZV9yZXN1bWVfY2FuY2VsX2FuZF9yZXZpc2lvbl9jb25mbGljdCIsCiAgICAidGVzdHMvdGVzdF9kZXB0aDA4X2FwaV9hbmRfbWlncmF0aW9uLnB5Ojp0ZXN0X3dvcmtl
2026-09-10T08:15:36.5829048Z GO_EVIDENCE_B64 cl9jbGlfcHJvY2Vzc19jb25zdW1lc19wZXJzaXN0ZWRfcXVldWUiLAogICAgInRlc3RzL3Rlc3RfZGVwdGgwOF9hcGlfYW5kX21pZ3JhdGlvbi5weTo6dGVzdF9taWdyYXRpb25fcm91bmR0cmlwX3ByZXNlcnZlc19wcmlvcl9kYXRhX2FuZF9wcm90ZWN0c19leGVjdXRpb25fZXZpZGVuY2UiLAogICAgInRlc3RzL3Rlc3RfZGVwdGgxMV9jYXRhbG9nX2FwaS5weTo6dGVzdF9hcGlfaW5kZXBlbmRlbnRfcGVybWlzc2lvbl9zdGFsZV9ldmlkZW5jZV9hbmRfY3VzdG9tZXJfcHJvZ3Jlc3MiLAogICAgInRlc3RzL3Rlc3RfZGVwdGgx
2026-09-10T08:15:36.5834525Z GO_EVIDENCE_B64 MV9jYXRhbG9nX2FwaS5weTo6dGVzdF9zZXJ2aWNlX3JlcXVlc3Rlcl93aXRoX2ZpbmFuY2Vfcm9sZV9jYW5ub3RfYXBwcm92ZV9vd25fc3VwcGxpZXJfcmVxdWVzdCIsCiAgICAidGVzdHMvdGVzdF9kZXB0aDEzX2NhdGFsb2dfZmFyZV9hcGkucHk6OnRlc3Rfc3VwcGxpZXJfcHVibGlzaGVzX29ubHlfb3duX3J1bGVfd2l0aF9leHBsaWNpdF92ZXJzaW9uX2NvbmZpcm1hdGlvbiIsCiAgICAidGVzdHMvdGVzdF9kZXB0aDEzX2NhdGFsb2dfZmFyZV9hcGkucHk6OnRlc3RfbW9iaWxlX2NvbnZlcnNpb25fdXNlc19zYW1lX2V4cGxp
2026-09-10T08:15:36.5840093Z GO_EVIDENCE_B64 Y2l0X2NvbnRyYWN0X2FuZF9pZGVtcG90ZW50X3Jlc3VsdCIsCiAgICAidGVzdHMvdGVzdF9kZXB0aDEzX2NhdGFsb2dfZmFyZV9hcGkucHk6OnRlc3RfbGVnYWN5X3N1cHBsaWVyX2V4ZWN1dGlvbl9jYW5ub3RfYnlwYXNzX2N1c3RvbWVyX2NvbnNlbnRfb3JfZmF1bHRfcmV2aWV3IiwKICAgICJ0ZXN0cy90ZXN0X2RlcHRoMTNfbWlncmF0aW9uLnB5Ojp0ZXN0X3J1bGVfc25hcHNob3RfbWlncmF0aW9uX3ByZXNlcnZlc19oaXN0b3JpY2FsX2NyZWRpdF9hbmRfb3JkZXJfd2l0aG91dF9mYWJyaWNhdGlvbiIsCiAgICAidGVzdHMv
2026-09-10T08:15:36.5845323Z GO_EVIDENCE_B64 dGVzdF9kZXB0aDE0X2Nhc2hfZmFyZV9hcGkucHk6OnRlc3RfbW9iaWxlX2Nhc2hfY2FuY2VsX3JlcXVpcmVzX293bmVkX3F1b3RlX2FuZF9yZXBsYXlzX3NhbWVfd2ViX3JlcXVlc3QiLAogICAgInRlc3RzL3Rlc3RfZGVwdGgxNF9jYXNoX2ZhcmVfYXBpLnB5Ojp0ZXN0X25hdGl2ZV9hbmRfd2ViX2NoYW5nZV9zaGFyZV9vcGVyYXRpb25fcmVjb3ZlcnlfYW5kX29yZGVyX3Byb2dyZXNzIiwKICAgICJ0ZXN0cy90ZXN0X2RlcHRoMTRfY2FzaF9mYXJlX2FwaS5weTo6dGVzdF9zdGF0dXNfYW5kX3Jlc3VtZV9kb19ub3RfYWNjZXB0
2026-09-10T08:15:36.5850669Z GO_EVIDENCE_B64 X2Fub3RoZXJfb3JkZXJfb3BlcmF0aW9uX2lkIiwKICAgICJ0ZXN0cy90ZXN0X2RlcHRoMTRfY2FzaF9mYXJlX2FwaS5weTo6dGVzdF9tb2JpbGVfcGF5bWVudF9yZXRyeV9yZXF1aXJlc19ib29sZWFuX2NvbmZpcm1hdGlvbl9hbmRfb3JpZ2luYWxfaGFzaCIsCiAgICAidGVzdHMvdGVzdF9kZXB0aDE0X21pZ3JhdGlvbi5weTo6dGVzdF9jYXNoX2ZhcmVfbWlncmF0aW9uX3JvdW5kdHJpcF9uZXZlcl9iYWNrZmlsbHNfaGlzdG9yaWNhbF9jb25zZW50IiwKICAgICJ0ZXN0cy90ZXN0X2RlcHRoMTlfYXBpX21pZ3JhdGlvbi5weTo6
2026-09-10T08:15:36.5855918Z GO_EVIDENCE_B64 dGVzdF9odHRwX3JlYWRfbm9fc3RvcmVfYW5kX293bmVyX2lzb2xhdGlvbiIsCiAgICAidGVzdHMvdGVzdF9kZXB0aDE5X2FwaV9taWdyYXRpb24ucHk6OnRlc3RfaHR0cF9mYWN0X3dyaXRlX3JlcXVpcmVzX2dvX2FkbWluX2FuZF9ydWxlX3Blcm1pc3Npb24iLAogICAgInRlc3RzL3Rlc3RfZGVwdGgxOV9hcGlfbWlncmF0aW9uLnB5Ojp0ZXN0X2h0dHBfYmluZGluZ19vcHRpb25zX3JldmlzaW9uX2FuZF9jdXN0b21lcl9ydWxlcyIsCiAgICAidGVzdHMvdGVzdF9kZXB0aDE5X2FwaV9taWdyYXRpb24ucHk6OnRlc3RfYXV0aG9y
2026-09-10T08:15:36.5861275Z GO_EVIDENCE_B64 aXR5X2FwaV90d29fcmV2aWV3ZXJzX2FuZF9vcHNfaG9sZF9xdWV1ZSIsCiAgICAidGVzdHMvdGVzdF9kZXB0aDE5X2FwaV9taWdyYXRpb24ucHk6OnRlc3RfbWlncmF0aW9uX3JvdW5kdHJpcF9wcmVzZXJ2ZXNfbGVnYWN5X2FuZF9yZWZ1c2VzX2ZhY3RfZXZpZGVuY2VfbG9zcyIsCiAgICAidGVzdHMvdGVzdF9kZXB0aDE5X2FwaV9taWdyYXRpb24ucHk6OnRlc3RfbWFsZm9ybWVkX3NpZ25lZF9mYWN0X2ZpZWxkc19yZXR1cm5fY29udHJvbGxlZF9lcnJvcnNba2luZC12YWx1ZTBdIiwKICAgICJ0ZXN0cy90ZXN0X2RlcHRoMTlf
2026-09-10T08:15:36.5866532Z GO_EVIDENCE_B64 YXBpX21pZ3JhdGlvbi5weTo6dGVzdF9tYWxmb3JtZWRfc2lnbmVkX2ZhY3RfZmllbGRzX3JldHVybl9jb250cm9sbGVkX2Vycm9yc1tzdWJqZWN0LXZhbHVlMV0iLAogICAgInRlc3RzL3Rlc3RfZGVwdGgxOV9hcGlfbWlncmF0aW9uLnB5Ojp0ZXN0X21hbGZvcm1lZF9zaWduZWRfZmFjdF9maWVsZHNfcmV0dXJuX2NvbnRyb2xsZWRfZXJyb3JzW2RhdGEtdmFsdWUyXSIsCiAgICAidGVzdHMvdGVzdF9kZXB0aDE5X2FwaV9taWdyYXRpb24ucHk6OnRlc3RfbWFsZm9ybWVkX3NpZ25lZF9mYWN0X2ZpZWxkc19yZXR1cm5fY29udHJv
2026-09-10T08:15:36.5871924Z GO_EVIDENCE_B64 bGxlZF9lcnJvcnNbZGF0YS12YWx1ZTNdIiwKICAgICJ0ZXN0cy90ZXN0X2RlcHRoMjBfYXR0cmFjdGlvbl9jb250cmFjdC5weTo6dGVzdF9wZXJzaXN0ZWRfcXVvdGVfYmluZHNfc2Vzc2lvbl9wYXJ0eV9hbmRfbG9ja2VkX3RvdGFsIiwKICAgICJ0ZXN0cy90ZXN0X2RlcHRoMjBfYXR0cmFjdGlvbl9jb250cmFjdC5weTo6dGVzdF91bnF1b3RlZF9vcmRlcl9hbmRfdW5saXN0ZWRfc2Vzc2lvbl9hcmVfcmVqZWN0ZWQiLAogICAgInRlc3RzL3Rlc3RfZGVwdGgyMF9hdHRyYWN0aW9uX2NvbnRyYWN0LnB5Ojp0ZXN0X2NsaWVudF9j
2026-09-10T08:15:36.5877132Z GO_EVIDENCE_B64 YW5ub3RfY2hhbmdlX3F1b3RlX3Rlcm1zW3F1YW50aXR5LTFdIiwKICAgICJ0ZXN0cy90ZXN0X2RlcHRoMjBfYXR0cmFjdGlvbl9jb250cmFjdC5weTo6dGVzdF9jbGllbnRfY2Fubm90X2NoYW5nZV9xdW90ZV90ZXJtc1tjdXJyZW5jeS1VU0RdIiwKICAgICJ0ZXN0cy90ZXN0X2RlcHRoMjBfYXR0cmFjdGlvbl9jb250cmFjdC5weTo6dGVzdF9jbGllbnRfY2Fubm90X2NoYW5nZV9xdW90ZV90ZXJtc1t2aXNpdF9kYXRlLTIwMzAtMDEtMDFdIiwKICAgICJ0ZXN0cy90ZXN0X2RlcHRoMjBfYXR0cmFjdGlvbl9jb250cmFjdC5weTo6
2026-09-10T08:15:36.5882354Z GO_EVIDENCE_B64 dGVzdF9jbGllbnRfY2Fubm90X2NoYW5nZV9xdW90ZV90ZXJtc1tzZXNzaW9uX3RpbWUtMDM6MTddIiwKICAgICJ0ZXN0cy90ZXN0X2RlcHRoMjBfYXR0cmFjdGlvbl9jb250cmFjdC5weTo6dGVzdF9jbGllbnRfY2Fubm90X2NoYW5nZV9xdW90ZV90ZXJtc1tvZmZlcl9pZC10ZWFtbGFiX3BsYW5ldHNdIiwKICAgICJ0ZXN0cy90ZXN0X2RlcHRoMjBfYXR0cmFjdGlvbl9jb250cmFjdC5weTo6dGVzdF9xdWFudGl0eV9hbmRfYXR0ZW5kZWVzX211c3RfbWF0Y2giLAogICAgInRlc3RzL3Rlc3RfZGVwdGgyMF9hdHRyYWN0aW9uX2Nv
2026-09-10T08:15:36.5887991Z GO_EVIDENCE_B64 bnRyYWN0LnB5Ojp0ZXN0X2Nyb3NzX2FjY291bnRfYW5kX2NoYW5nZWRfcGVyc29uX2Nhbm5vdF9yZXVzZV9jb25zdW1lZF9xdW90ZSIsCiAgICAidGVzdHMvdGVzdF9kZXB0aDIwX2F0dHJhY3Rpb25fY29udHJhY3QucHk6OnRlc3RfY3VycmVudF9pbnZlbnRvcnlfaXNfcmVjaGVja2VkX2JlZm9yZV9vcmRlcl9jcmVhdGlvbiIsCiAgICAidGVzdHMvdGVzdF9kZXB0aDIwX2F0dHJhY3Rpb25fY29udHJhY3QucHk6OnRlc3RfbG9ja2VkX3ByaWNlX2FuZF9yZWZ1bmRfdGVybXNfZG9fbm90X2NoYW5nZV93aXRoX2NhdGFsb2ciLAog
2026-09-10T08:15:36.5893737Z GO_EVIDENCE_B64 ICAgInRlc3RzL3Rlc3RfZGVwdGgyMF9hdHRyYWN0aW9uX2NvbnRyYWN0LnB5Ojp0ZXN0X2V4cGlyZWRfcXVvdGVfY2Fubm90X2JlX2NvbnN1bWVkIiwKICAgICJ0ZXN0cy90ZXN0X2RlcHRoMjBfYXR0cmFjdGlvbl9jb250cmFjdC5weTo6dGVzdF9wYXJhbGxlbF9jb25zdW1wdGlvbl9tYWtlc19vbmVfb3JkZXIiLAogICAgInRlc3RzL3Rlc3RfZGVwdGgyMF9hdHRyYWN0aW9uX2NvbnRyYWN0LnB5Ojp0ZXN0X2ZhaWxlZF9ldmlkZW5jZV9yb2xsc19iYWNrX2NvbnRyYWN0X2FuZF9vcmRlciIsCiAgICAidGVzdHMvdGVzdF9kZXB0
2026-09-10T08:15:36.5899203Z GO_EVIDENCE_B64 aDIwX2F0dHJhY3Rpb25fY29udHJhY3QucHk6OnRlc3RfZGVjbGFyZWRfY2hpbGRfY2Fubm90X3VzZV9hbl9hZHVsdF9wcm9kdWN0X3F1b3RlIiwKICAgICJ0ZXN0cy90ZXN0X2RlcHRoMjRfZXhwaXJ5LnB5Ojp0ZXN0X25ld19kZWFkbGluZV9pc19mcm96ZW5fYW5kX2xlZ2FjeV9oYXNfbm9uZVtSQUlMXSIsCiAgICAidGVzdHMvdGVzdF9kZXB0aDI0X2V4cGlyeS5weTo6dGVzdF9uZXdfZGVhZGxpbmVfaXNfZnJvemVuX2FuZF9sZWdhY3lfaGFzX25vbmVbQVRUUkFDVElPTl0iLAogICAgInRlc3RzL3Rlc3RfZGVwdGgyNF9leHBp
2026-09-10T08:15:36.5904464Z GO_EVIDENCE_B64 cnkucHk6OnRlc3RfZXhwaXJhdGlvbl9yZWxlYXNlc19vbmNlX3dpdGhfbmF0aXZlX2V2aWRlbmNlW1JBSUxdIiwKICAgICJ0ZXN0cy90ZXN0X2RlcHRoMjRfZXhwaXJ5LnB5Ojp0ZXN0X2V4cGlyYXRpb25fcmVsZWFzZXNfb25jZV93aXRoX25hdGl2ZV9ldmlkZW5jZVtBVFRSQUNUSU9OXSIsCiAgICAidGVzdHMvdGVzdF9kZXB0aDI0X2V4cGlyeS5weTo6dGVzdF9kdWVfcGF5bWVudF9yZWplY3RlZF9iZWZvcmVfd29ya2VyX3J1bnNbUkFJTF0iLAogICAgInRlc3RzL3Rlc3RfZGVwdGgyNF9leHBpcnkucHk6OnRlc3RfZHVlX3Bh
2026-09-10T08:15:36.5909860Z GO_EVIDENCE_B64 eW1lbnRfcmVqZWN0ZWRfYmVmb3JlX3dvcmtlcl9ydW5zW0FUVFJBQ1RJT05dIiwKICAgICJ0ZXN0cy90ZXN0X2RlcHRoMjRfZXhwaXJ5LnB5Ojp0ZXN0X2V4YWN0X2RlYWRsaW5lX3VzZXNfZGF0YWJhc2VfdGltZSIsCiAgICAidGVzdHMvdGVzdF9kZXB0aDI0X2V4cGlyeS5weTo6dGVzdF9hbnlfc3RhcnRlZF9wYXltZW50X3JldGFpbnNfY2FwYWNpdHlbUkVRVUlSRVNfQ0hBTk5FTF9TRUxFQ1RJT04tUkFJTF0iLAogICAgInRlc3RzL3Rlc3RfZGVwdGgyNF9leHBpcnkucHk6OnRlc3RfYW55X3N0YXJ0ZWRfcGF5bWVudF9yZXRh
2026-09-10T08:15:36.5915172Z GO_EVIDENCE_B64 aW5zX2NhcGFjaXR5W1JFUVVJUkVTX0NIQU5ORUxfU0VMRUNUSU9OLUFUVFJBQ1RJT05dIiwKICAgICJ0ZXN0cy90ZXN0X2RlcHRoMjRfZXhwaXJ5LnB5Ojp0ZXN0X2FueV9zdGFydGVkX3BheW1lbnRfcmV0YWluc19jYXBhY2l0eVtVTktOT1dOX0VYVEVSTkFMX1NUQVRFLVJBSUxdIiwKICAgICJ0ZXN0cy90ZXN0X2RlcHRoMjRfZXhwaXJ5LnB5Ojp0ZXN0X2FueV9zdGFydGVkX3BheW1lbnRfcmV0YWluc19jYXBhY2l0eVtVTktOT1dOX0VYVEVSTkFMX1NUQVRFLUFUVFJBQ1RJT05dIiwKICAgICJ0ZXN0cy90ZXN0X2RlcHRoMjRf
2026-09-10T08:15:36.5920562Z GO_EVIDENCE_B64 ZXhwaXJ5LnB5Ojp0ZXN0X2FueV9zdGFydGVkX3BheW1lbnRfcmV0YWluc19jYXBhY2l0eVtGQUlMRUQtUkFJTF0iLAogICAgInRlc3RzL3Rlc3RfZGVwdGgyNF9leHBpcnkucHk6OnRlc3RfYW55X3N0YXJ0ZWRfcGF5bWVudF9yZXRhaW5zX2NhcGFjaXR5W0ZBSUxFRC1BVFRSQUNUSU9OXSIsCiAgICAidGVzdHMvdGVzdF9kZXB0aDI0X2V4cGlyeS5weTo6dGVzdF9tYW51YWxfY2FuY2VsX2ZpbmFsaXplc19kZWFkbGluZVtSQUlMXSIsCiAgICAidGVzdHMvdGVzdF9kZXB0aDI0X2V4cGlyeS5weTo6dGVzdF9tYW51YWxfY2FuY2Vs
2026-09-10T08:15:36.5925891Z GO_EVIDENCE_B64 X2ZpbmFsaXplc19kZWFkbGluZVtBVFRSQUNUSU9OXSIsCiAgICAidGVzdHMvdGVzdF9kZXB0aDI0X2V4cGlyeS5weTo6dGVzdF90d29fZXhwaXJ5X3dvcmtlcnNfcmVsZWFzZV9vbmNlW1JBSUxdIiwKICAgICJ0ZXN0cy90ZXN0X2RlcHRoMjRfZXhwaXJ5LnB5Ojp0ZXN0X3R3b19leHBpcnlfd29ya2Vyc19yZWxlYXNlX29uY2VbQVRUUkFDVElPTl0iLAogICAgInRlc3RzL3Rlc3RfZGVwdGgyNF9leHBpcnkucHk6OnRlc3RfcGF5bWVudF9yb290X3dpbnNfYmVmb3JlX3N3ZWVwX2FuZF9jYXB0dXJlX3Jlc3VtZXMiLAogICAgInRl
2026-09-10T08:15:36.5931281Z GO_EVIDENCE_B64 c3RzL3Rlc3RfZGVwdGgyNF9leHBpcnkucHk6OnRlc3RfZXhwaXJ5X3dpbnNfb3JkZXJfbG9ja19hZ2FpbnN0X3BheW1lbnQiLAogICAgInRlc3RzL3Rlc3RfZGVwdGgyNF9leHBpcnkucHk6OnRlc3RfZXhwaXJ5X3JlY292ZXJzX2Zyb21fYWN0dWFsX3Byb2Nlc3NfZXhpdFtGYWxzZV0iLAogICAgInRlc3RzL3Rlc3RfZGVwdGgyNF9leHBpcnkucHk6OnRlc3RfZXhwaXJ5X3JlY292ZXJzX2Zyb21fYWN0dWFsX3Byb2Nlc3NfZXhpdFtUcnVlXSIsCiAgICAidGVzdHMvdGVzdF9kZXB0aDI0X2V4cGlyeS5weTo6dGVzdF9icm9rZW5f
2026-09-10T08:15:36.5936904Z GO_EVIDENCE_B64 ZGVhZGxpbmVfaXNfcXVhcmFudGluZWRfd2l0aG91dF9zdGFydmluZ19nb29kX29yZGVyIiwKICAgICJ0ZXN0cy90ZXN0X2RlcHRoMjRfZXhwaXJ5LnB5Ojp0ZXN0X21pc3NpbmdfY2xhaW1faXNfbm90X3JlcG9ydGVkX2FzX3N1Y2Nlc3NmdWxfcmVsZWFzZSIsCiAgICAidGVzdHMvdGVzdF9kZXB0aDI0X2V4cGlyeS5weTo6dGVzdF9yYWlsX2NoZWNrb3V0X2RvZXNfbm90X2ZhYnJpY2F0ZV9hdXRob3JpemVkX3N0YXRlX29uX3ByZV9yb290X2ZhaWx1cmUiLAogICAgInRlc3RzL3Rlc3RfZGVwdGgyNF9leHBpcnkucHk6OnRlc3Rf
2026-09-10T08:15:36.5942240Z GO_EVIDENCE_B64 b25lX3Nob3Rfd29ya2VyX3J1bnNfYWdhaW5zdF9kdXJhYmxlX2RhdGFiYXNlIiwKICAgICJ0ZXN0cy90ZXN0X2RlcHRoMjRfZXhwaXJ5LnB5Ojp0ZXN0X3dvcmtlcl9yZWNoZWNrc19leGlzdGluZ19pbnRlbnRfZXZlbl9pZl9kZWFkbGluZV9pc19vcGVuIiwKICAgICJ0ZXN0cy90ZXN0X2RlcHRoMjRfZXhwaXJ5LnB5Ojp0ZXN0X2ZhaWxlZF9leHBpcnlfcm9sbHNfYmFja19hbmRfZG9lc19ub3RfYmxvY2tfbmV4dF9jYW5kaWRhdGUiLAogICAgInRlc3RzL3Rlc3RfZGVwdGgyNF9leHBpcnkucHk6OnRlc3Rfd29ya2VyX2JhdGNo
2026-09-10T08:15:36.5947509Z GO_EVIDENCE_B64 X2lzX2JvdW5kZWRfYW5kX3Jlc3RhcnRzX2Zyb21fdW5maW5pc2hlZF9vcmRlcnMiLAogICAgInRlc3RzL3Rlc3RfZGVwdGgyNF9leHBpcnkucHk6OnRlc3RfYXBwbGljYXRpb25fbGlmZXNwYW5fc3RhcnRzX2V4cGlyeV93b3JrZXIiLAogICAgInRlc3RzL3Rlc3RfZGVwdGgyNF9leHBpcnkucHk6OnRlc3RfbWlncmF0aW9uX3ByZXNlcnZlc19hbGxfZGVhZGxpbmVfaGlzdG9yeSIsCiAgICAidGVzdHMvdGVzdF9kZXB0aDMzX21vYmlsaXR5X3JlZnVuZF9jb25zZW50LnB5Ojp0ZXN0X21vYmlsaXR5X2V4YWN0X2NvbnNlbnRfcmVw
2026-09-10T08:15:36.5952873Z GO_EVIDENCE_B64 bGF5X2FuZF9vd25lcl9iaW5kaW5nW1JJREVdIiwKICAgICJ0ZXN0cy90ZXN0X2RlcHRoMzNfbW9iaWxpdHlfcmVmdW5kX2NvbnNlbnQucHk6OnRlc3RfbW9iaWxpdHlfZXhhY3RfY29uc2VudF9yZXBsYXlfYW5kX293bmVyX2JpbmRpbmdbUkVOVEFMXSIsCiAgICAidGVzdHMvdGVzdF9kZXB0aDMzX21vYmlsaXR5X3JlZnVuZF9jb25zZW50LnB5Ojp0ZXN0X21vYmlsaXR5X29yZGVyX2NoYW5nZV9yZXF1aXJlc19uZXdfcmVmdW5kX2NvbnNlbnRbUklERV0iLAogICAgInRlc3RzL3Rlc3RfZGVwdGgzM19tb2JpbGl0eV9yZWZ1bmRf
2026-09-10T08:15:36.5958185Z GO_EVIDENCE_B64 Y29uc2VudC5weTo6dGVzdF9tb2JpbGl0eV9vcmRlcl9jaGFuZ2VfcmVxdWlyZXNfbmV3X3JlZnVuZF9jb25zZW50W1JFTlRBTF0iLAogICAgInRlc3RzL3Rlc3RfZGVwdGgzM19tb2JpbGl0eV9yZWZ1bmRfY29uc2VudC5weTo6dGVzdF9tb2JpbGl0eV9jcmFzaF9hZnRlcl9tb25leV9rZWVwc19wZW5kaW5nX2FuZF9yZWNvdmVyc19vbmNlW1JJREVdIiwKICAgICJ0ZXN0cy90ZXN0X2RlcHRoMzNfbW9iaWxpdHlfcmVmdW5kX2NvbnNlbnQucHk6OnRlc3RfbW9iaWxpdHlfY3Jhc2hfYWZ0ZXJfbW9uZXlfa2VlcHNfcGVuZGluZ19h
2026-09-10T08:15:36.5963463Z GO_EVIDENCE_B64 bmRfcmVjb3ZlcnNfb25jZVtSRU5UQUxdIiwKICAgICJ0ZXN0cy90ZXN0X2RlcHRoMzNfbW9iaWxpdHlfcmVmdW5kX2NvbnNlbnQucHk6OnRlc3RfcmlkZV9wZW5kaW5nX3JlZnVuZF9ibG9ja3NfZnVsZmlsbG1lbnRfYW5kX21vZGlmaWNhdGlvbiIsCiAgICAidGVzdHMvdGVzdF9kZXB0aDMzX21vYmlsaXR5X3JlZnVuZF9jb25zZW50LnB5Ojp0ZXN0X3JpZGVfZmFicmljYXRlZF9tb25leV9yZWNlaXB0X2RvZXNfbm90X2NvbXBsZXRlX29yZGVyIiwKICAgICJ0ZXN0cy90ZXN0X2RlcHRoMzNfbW9iaWxpdHlfcmVmdW5kX2NvbnNl
2026-09-10T08:15:36.5968838Z GO_EVIDENCE_B64 bnQucHk6OnRlc3RfcmVudGFsX2NoYW5nZWRfc2V0dGxlbWVudF9wbGFuX2Nhbm5vdF9yZXN1bWUiLAogICAgInRlc3RzL3Rlc3RfZGVwdGgzNV9yZWZyZXNoX3Njb3BlLnB5Ojp0ZXN0X3dyb25nX2NvbnN1bWVyX2VuZF9kb2VzX25vdF9jb25zdW1lX2NvbnNvbGVfcmVmcmVzaF9vcl9jc3JmWy92MS9tb2JpbGUvYXV0aC9yZWZyZXNoLVNVUFBMSUVSX1VTRVJdIiwKICAgICJ0ZXN0cy90ZXN0X2RlcHRoMzVfcmVmcmVzaF9zY29wZS5weTo6dGVzdF93cm9uZ19jb25zdW1lcl9lbmRfZG9lc19ub3RfY29uc3VtZV9jb25zb2xlX3Jl
2026-09-10T08:15:36.5974096Z GO_EVIDENCE_B64 ZnJlc2hfb3JfY3NyZlsvdjEvbW9iaWxlL2F1dGgvcmVmcmVzaC1HT19BRE1JTl0iLAogICAgInRlc3RzL3Rlc3RfZGVwdGgzNV9yZWZyZXNoX3Njb3BlLnB5Ojp0ZXN0X3dyb25nX2NvbnN1bWVyX2VuZF9kb2VzX25vdF9jb25zdW1lX2NvbnNvbGVfcmVmcmVzaF9vcl9jc3JmWy92MS9jb25zdW1lci9hdXRoL3JlZnJlc2gtU1VQUExJRVJfVVNFUl0iLAogICAgInRlc3RzL3Rlc3RfZGVwdGgzNV9yZWZyZXNoX3Njb3BlLnB5Ojp0ZXN0X3dyb25nX2NvbnN1bWVyX2VuZF9kb2VzX25vdF9jb25zdW1lX2NvbnNvbGVfcmVmcmVzaF9v
2026-09-10T08:15:36.5979358Z GO_EVIDENCE_B64 cl9jc3JmWy92MS9jb25zdW1lci9hdXRoL3JlZnJlc2gtR09fQURNSU5dIiwKICAgICJ0ZXN0cy90ZXN0X2RlcHRoMzVfcmVmcmVzaF9zY29wZS5weTo6dGVzdF9jb25zb2xlX2VuZF9kb2VzX25vdF9jb25zdW1lX2NvbnN1bWVyX3JlZnJlc2giLAogICAgInRlc3RzL3Rlc3RfZGVwdGgzNV9yZWZyZXNoX3Njb3BlLnB5Ojp0ZXN0X21hdGNoaW5nX2VuZF9yb3RhdGVzX29uY2VfYW5kX29sZF9yZWZyZXNoX2Nhbm5vdF9iZV9yZXVzZWRbQ09OU1VNRVJdIiwKICAgICJ0ZXN0cy90ZXN0X2RlcHRoMzVfcmVmcmVzaF9zY29wZS5weTo6
2026-09-10T08:15:36.5984876Z GO_EVIDENCE_B64 dGVzdF9tYXRjaGluZ19lbmRfcm90YXRlc19vbmNlX2FuZF9vbGRfcmVmcmVzaF9jYW5ub3RfYmVfcmV1c2VkW1NVUFBMSUVSX1VTRVJdIiwKICAgICJ0ZXN0cy90ZXN0X2RlcHRoMzVfcmVmcmVzaF9zY29wZS5weTo6dGVzdF9tYXRjaGluZ19lbmRfcm90YXRlc19vbmNlX2FuZF9vbGRfcmVmcmVzaF9jYW5ub3RfYmVfcmV1c2VkW0dPX0FETUlOXSIsCiAgICAidGVzdHMvdGVzdF9kZXB0aDM1X3JlZnJlc2hfc2NvcGUucHk6OnRlc3RfbW9iaWxlX2xvZ291dF9yZXZva2VzX29ubHlfaXRzX2JlYXJlcl9zZXNzaW9uX2FuZF9yZWZy
2026-09-10T08:15:36.5990229Z GO_EVIDENCE_B64 ZXNoIiwKICAgICJ0ZXN0cy90ZXN0X2V4dF90cnV0aF9vcGVyYXRvcl9nb3Zlcm5hbmNlX3JlcGxheS5weTo6dGVzdF9jbGFpbV9pc19yZXBsYXlfc2FmZV9hbmRfbGVhc2VfdGFrZW92ZXJfcmVxdWlyZXNfZXhwaXJ5IiwKICAgICJ0ZXN0cy90ZXN0X2V4dF90cnV0aF9vcGVyYXRvcl9nb3Zlcm5hbmNlX3JlcGxheS5weTo6dGVzdF9tYWtlcl9jaGVja2VyX3Jlc29sdXRpb25fYW5kX2NoZWNrZXJfcmVwbGF5X2FyZV9leGFjdGx5X29uY2UiLAogICAgInRlc3RzL3Rlc3RfZXh0X3RydXRoX29wZXJhdG9yX2dvdmVybmFuY2VfcmVw
2026-09-10T08:15:36.5995489Z GO_EVIDENCE_B64 bGF5LnB5Ojp0ZXN0X2V2aWRlbmNlX2RpZ2VzdF9ibG9ja3NfcG9zdF9zdWJtaXNzaW9uX3RhbXBlcmluZyIsCiAgICAidGVzdHMvdGVzdF9leHRfdHJ1dGhfb3BlcmF0b3JfZ292ZXJuYW5jZV9yZXBsYXkucHk6OnRlc3RfcmVhbF9leHRlcm5hbF90ZXJtaW5hbF90cnV0aF9zdXBlcnNlZGVzX3VuYXBwcm92ZWRfbWFudWFsX2RyYWZ0IiwKICAgICJ0ZXN0cy90ZXN0X2V4dF90cnV0aF9vcGVyYXRvcl9nb3Zlcm5hbmNlX3JlcGxheS5weTo6dGVzdF93ZWJob29rX2RlbGl2ZXJ5X3BheWxvYWRfZHJpZnRfaXNfdHJ1dGhfY29uZmxp
2026-09-10T08:15:36.6000819Z GO_EVIDENCE_B64 Y3QiLAogICAgInRlc3RzL3Rlc3RfZXh0X3RydXRoX29wZXJhdG9yX2dvdmVybmFuY2VfcmVwbGF5LnB5Ojp0ZXN0X3NsYV9xdWV1ZV9mcmVlemVzX3Byb21pc2Vfc3VwcGxpZXJfYW5kX2ZpbmFuY2VfYW5kX2Jsb2Nrc19wcm9tb3Rpb25fdW50aWxfcmVzb2x1dGlvbiIsCiAgICAidGVzdHMvdGVzdF9maXJzdF9jb25uZWN0b3JfYWN0aXZhdGlvbl9yZWFkaW5lc3MucHk6OnRlc3RfdGVtcGxhdGVfY29udGFpbnNfc3VwcGxpZXJfbWF0ZXJpYWxzX2FuZF9kb2VzX25vdF9pbXBseV9saXZlIiwKICAgICJ0ZXN0cy90ZXN0X2ZpcnN0
2026-09-10T08:15:36.6006065Z GO_EVIDENCE_B64 X2Nvbm5lY3Rvcl9hY3RpdmF0aW9uX3JlYWRpbmVzcy5weTo6dGVzdF9rbXNfaW50ZXJmYWNlX3JlamVjdHNfaW5saW5lX3NlY3JldHNfYW5kX25vbl9leHRlcm5hbF9yZWZlcmVuY2UiLAogICAgInRlc3RzL3Rlc3RfZmlyc3RfY29ubmVjdG9yX2FjdGl2YXRpb25fcmVhZGluZXNzLnB5Ojp0ZXN0X2lwX2FsbG93bGlzdF9yZWplY3RzX2ludmFsaWRfY2lkciIsCiAgICAidGVzdHMvdGVzdF9maXJzdF9jb25uZWN0b3JfYWN0aXZhdGlvbl9yZWFkaW5lc3MucHk6OnRlc3RfY2VydGlmaWNhdGlvbl9yZXF1aXJlc19mdWxsX3N1aXRl
2026-09-10T08:15:36.6011380Z GO_EVIDENCE_B64 X2FuZF9ldmlkZW5jZSIsCiAgICAidGVzdHMvdGVzdF9maXJzdF9jb25uZWN0b3JfYWN0aXZhdGlvbl9yZWFkaW5lc3MucHk6OnRlc3Rfd2ViaG9va19yb3RhdGlvbl9yZXF1aXJlc19vdmVybGFwX3Byb29mX2FuZF9leHRlcm5hbF9rZXkiLAogICAgInRlc3RzL3Rlc3RfZmlyc3RfY29ubmVjdG9yX2FjdGl2YXRpb25fcmVhZGluZXNzLnB5Ojp0ZXN0X2luY29tcGxldGVfY29ubmVjdG9yX2lzX2Jsb2NrZWRfd2l0aF9leHBsaWNpdF9yZWFzb25zIiwKICAgICJ0ZXN0cy90ZXN0X2ZpcnN0X2Nvbm5lY3Rvcl9hY3RpdmF0aW9uX3Jl
2026-09-10T08:15:36.6016566Z GO_EVIDENCE_B64 YWRpbmVzcy5weTo6dGVzdF9jb21wbGV0ZV9yZWFkaW5lc3NfaXNfcmVhZHlfZm9yX2V4dGVybmFsX2FjdGl2YXRpb25fYnV0X25ldmVyX2xpdmUiLAogICAgInRlc3RzL3Rlc3RfZmlyc3RfZ29faG9zdGVkX2RpcmVjdF9ib29raW5nX3BpbG90LnB5Ojp0ZXN0X2ZpcnN0X3BpbG90X3N1cHBsaWVyX2lzX2xvY2tlZCIsCiAgICAidGVzdHMvdGVzdF9maXJzdF9nb19ob3N0ZWRfZGlyZWN0X2Jvb2tpbmdfcGlsb3QucHk6OnRlc3RfcGFnZV9yZXF1aXJlc19hY3RpdmVfb2ZmZXJfYmVmb3JlX3B1Ymxpc2giLAogICAgInRlc3RzL3Rl
2026-09-10T08:15:36.6021916Z GO_EVIDENCE_B64 c3RfZmlyc3RfZ29faG9zdGVkX2RpcmVjdF9ib29raW5nX3BpbG90LnB5Ojp0ZXN0X3B1Ymxpc2hlZF9wYWdlX2Rpc2Nsb3Nlc19yZXNlcnZhdGlvbl9vbmx5X2FuZF9hbGlwYXlfcGVuZGluZyIsCiAgICAidGVzdHMvdGVzdF9maXJzdF9nb19ob3N0ZWRfZGlyZWN0X2Jvb2tpbmdfcGlsb3QucHk6OnRlc3RfcmVzZXJ2YXRpb25faXNfaWRlbXBvdGVudF9hbmRfbmV2ZXJfYXR0ZW1wdHNfcGF5bWVudCIsCiAgICAidGVzdHMvdGVzdF9maXJzdF9nb19ob3N0ZWRfZGlyZWN0X2Jvb2tpbmdfcGlsb3QucHk6OnRlc3RfaG90ZWxfY29u
2026-09-10T08:15:36.6027157Z GO_EVIDENCE_B64 ZmlybWF0aW9uX2RvZXNfbm90X2NsYWltX3BheW1lbnRfc3VjY2VzcyIsCiAgICAidGVzdHMvdGVzdF9maXJzdF9nb19ob3N0ZWRfZGlyZWN0X2Jvb2tpbmdfcGlsb3QucHk6OnRlc3RfcmVqZWN0aW9uX2FuZF9jYW5jZWxfcmVzdG9yZV9pbnZlbnRvcnlfd2l0aG91dF9yZWZ1bmQiLAogICAgInRlc3RzL3Rlc3RfZmlyc3RfZ29faG9zdGVkX2RpcmVjdF9ib29raW5nX3BpbG90LnB5Ojp0ZXN0X3N0YXR1c190cnV0aGZ1bGx5X3JlcG9ydHNfbm9fcGF5bWVudF9hbmRfbm90X2xpdmUiLAogICAgInRlc3RzL3Rlc3RfZmxpZ2h0X2pv
2026-09-10T08:15:36.6033071Z GO_EVIDENCE_B64 dXJuZXlfZGVwdGgucHk6OnRlc3Rfc2VhcmNoX3NlbGVjdGlvbl9wcmVib29rX2FuZF9vcmRlcl9wcmVzZXJ2ZV9lbnRpcmVfam91cm5leVtPTkVfV0FZLTFdIiwKICAgICJ0ZXN0cy90ZXN0X2ZsaWdodF9qb3VybmV5X2RlcHRoLnB5Ojp0ZXN0X3NlYXJjaF9zZWxlY3Rpb25fcHJlYm9va19hbmRfb3JkZXJfcHJlc2VydmVfZW50aXJlX2pvdXJuZXlbUk9VTkRfVFJJUC0yXSIsCiAgICAidGVzdHMvdGVzdF9mbGlnaHRfam91cm5leV9kZXB0aC5weTo6dGVzdF9zZWFyY2hfc2VsZWN0aW9uX3ByZWJvb2tfYW5kX29yZGVyX3ByZXNl
2026-09-10T08:15:36.6038551Z GO_EVIDENCE_B64 cnZlX2VudGlyZV9qb3VybmV5W01VTFRJX0NJVFktM10iLAogICAgInRlc3RzL3Rlc3RfZmxpZ2h0X2pvdXJuZXlfZGVwdGgucHk6OnRlc3RfaW52YWxpZF9qb3VybmV5X3JlamVjdGVkX3dpdGhvdXRfd3JpdGluZ19xdW90ZXNbc2FtZV9haXJwb3J0XSIsCiAgICAidGVzdHMvdGVzdF9mbGlnaHRfam91cm5leV9kZXB0aC5weTo6dGVzdF9pbnZhbGlkX2pvdXJuZXlfcmVqZWN0ZWRfd2l0aG91dF93cml0aW5nX3F1b3Rlc1tyZXZlcnNlX2RhdGVdIiwKICAgICJ0ZXN0cy90ZXN0X2ZsaWdodF9qb3VybmV5X2RlcHRoLnB5Ojp0ZXN0
2026-09-10T08:15:36.6043824Z GO_EVIDENCE_B64 X2ludmFsaWRfam91cm5leV9yZWplY3RlZF93aXRob3V0X3dyaXRpbmdfcXVvdGVzW3NhbWVfZGF5XSIsCiAgICAidGVzdHMvdGVzdF9mbGlnaHRfam91cm5leV9kZXB0aC5weTo6dGVzdF9pbnZhbGlkX2pvdXJuZXlfcmVqZWN0ZWRfd2l0aG91dF93cml0aW5nX3F1b3Rlc1t3cm9uZ19yZXR1cm5dIiwKICAgICJ0ZXN0cy90ZXN0X2ZsaWdodF9qb3VybmV5X2RlcHRoLnB5Ojp0ZXN0X2ludmFsaWRfam91cm5leV9yZWplY3RlZF93aXRob3V0X3dyaXRpbmdfcXVvdGVzW21pc3NpbmdfbGVnXSIsCiAgICAidGVzdHMvdGVzdF9mbGln
2026-09-10T08:15:36.6049196Z GO_EVIDENCE_B64 aHRfam91cm5leV9kZXB0aC5weTo6dGVzdF9pbnZhbGlkX2pvdXJuZXlfcmVqZWN0ZWRfd2l0aG91dF93cml0aW5nX3F1b3Rlc1t0b29fbWFueV0iLAogICAgInRlc3RzL3Rlc3RfZmxpZ2h0X2pvdXJuZXlfZGVwdGgucHk6OnRlc3RfaW52YWxpZF9qb3VybmV5X3JlamVjdGVkX3dpdGhvdXRfd3JpdGluZ19xdW90ZXNbcGFzdF0iLAogICAgInRlc3RzL3Rlc3RfZmxpZ2h0X2pvdXJuZXlfZGVwdGgucHk6OnRlc3RfaW52YWxpZF9qb3VybmV5X3JlamVjdGVkX3dpdGhvdXRfd3JpdGluZ19xdW90ZXNbZXh0cmFfcHJpY2VdIiwKICAg
2026-09-10T08:15:36.6054453Z GO_EVIDENCE_B64 ICJ0ZXN0cy90ZXN0X2ZsaWdodF9qb3VybmV5X2RlcHRoLnB5Ojp0ZXN0X2ludmFsaWRfam91cm5leV9yZWplY3RlZF93aXRob3V0X3dyaXRpbmdfcXVvdGVzW3Vua25vd25fa2luZF0iLAogICAgInRlc3RzL3Rlc3RfZmxpZ2h0X2pvdXJuZXlfZGVwdGgucHk6OnRlc3Rfb3Blbl9qYXdfYW5kX3NpeF9sZWdfc2VhcmNoX3N1cHBvcnRlZCIsCiAgICAidGVzdHMvdGVzdF9mbGlnaHRfam91cm5leV9kZXB0aC5weTo6dGVzdF9jb21wb3NlX3JlamVjdHNfdW51c2FibGVfb3JfbWlzbWF0Y2hlZF9xdW90ZXNbZHVwbGljYXRlXSIsCiAg
2026-09-10T08:15:36.6059806Z GO_EVIDENCE_B64 ICAidGVzdHMvdGVzdF9mbGlnaHRfam91cm5leV9kZXB0aC5weTo6dGVzdF9jb21wb3NlX3JlamVjdHNfdW51c2FibGVfb3JfbWlzbWF0Y2hlZF9xdW90ZXNbZXhwaXJlZF0iLAogICAgInRlc3RzL3Rlc3RfZmxpZ2h0X2pvdXJuZXlfZGVwdGgucHk6OnRlc3RfY29tcG9zZV9yZWplY3RzX3VudXNhYmxlX29yX21pc21hdGNoZWRfcXVvdGVzW2N1cnJlbmN5XSIsCiAgICAidGVzdHMvdGVzdF9mbGlnaHRfam91cm5leV9kZXB0aC5weTo6dGVzdF9jb21wb3NlX3JlamVjdHNfdW51c2FibGVfb3JfbWlzbWF0Y2hlZF9xdW90ZXNbbWlz
2026-09-10T08:15:36.6065046Z GO_EVIDENCE_B64 c2luZ10iLAogICAgInRlc3RzL3Rlc3RfZmxpZ2h0X2pvdXJuZXlfZGVwdGgucHk6OnRlc3RfY29tcG9zZV9yZWplY3RzX3VudXNhYmxlX29yX21pc21hdGNoZWRfcXVvdGVzW25lc3RlZF0iLAogICAgInRlc3RzL3Rlc3RfZmxpZ2h0X2pvdXJuZXlfZGVwdGgucHk6OnRlc3RfY29tcG9zZV9yZWplY3RzX3VudXNhYmxlX29yX21pc21hdGNoZWRfcXVvdGVzW3JvdXRlXSIsCiAgICAidGVzdHMvdGVzdF9mbGlnaHRfam91cm5leV9kZXB0aC5weTo6dGVzdF9ub19zaWxlbnRfcmV0dXJuX2ZpZWxkc19vbl9sZWdhY3lfc2luZ2xlX2xl
2026-09-10T08:15:36.6070506Z GO_EVIDENCE_B64 Z19zZWFyY2giLAogICAgInRlc3RzL3Rlc3RfZmxpZ2h0X2pvdXJuZXlfZGVwdGgucHk6OnRlc3Rfcm91bmRfdHJpcF9yZWZ1bmRfdXNlc19zZWxlY3RlZF9sZWdfcnVsZXMiLAogICAgInRlc3RzL3Rlc3RfZmxpZ2h0X2pvdXJuZXlfZGVwdGgucHk6OnRlc3Rfbm9ucmVmdW5kYWJsZV9sZWdfY2Fubm90X2JlX3JlZnVuZGVkX2FuZF9tdWx0aV9jaGFuZ2VfaXNfbm90X3NpbGVudGx5X2ZpcnN0X2xlZyIsCiAgICAidGVzdHMvdGVzdF9mbGlnaHRfam91cm5leV9kZXB0aC5weTo6dGVzdF93cm9uZ19wYXNzZW5nZXJfY291bnRfcmVq
2026-09-10T08:15:36.6075776Z GO_EVIDENCE_B64 ZWN0ZWRfYmVmb3JlX29yZGVyX2NyZWF0aW9uIiwKICAgICJ0ZXN0cy90ZXN0X2ZsaWdodF9qb3VybmV5X2RlcHRoLnB5Ojp0ZXN0X25ld19qb3VybmV5X3BhdGhzX2RvX25vdF9lbmFibGVfcHJvZHVjdGlvbl9maXh0dXJlcyIsCiAgICAidGVzdHMvdGVzdF9mbGlnaHRfam91cm5leV9kZXB0aC5weTo6dGVzdF9wcmVib29rX2Nhbm5vdF9vdXRsaXZlX3Nob3J0ZXN0X3NlbGVjdGVkX3F1b3RlIiwKICAgICJ0ZXN0cy90ZXN0X2dvX2FpX211bHRpbW9kZWwucHk6OnRlc3RfZ29fYWlfcm91dGVzX2FuZF9wZXJzaXN0c19oYXNoX29u
2026-09-10T08:15:36.6083655Z GO_EVIDENCE_B64 bHkiLAogICAgInRlc3RzL3Rlc3RfZ29fYWlfbXVsdGltb2RlbC5weTo6dGVzdF9nb19haV9mYWxsc19iYWNrX3dpdGhvdXRfY2hhbmdpbmdfcHJvZHVjdF9pZGVudGl0eSIsCiAgICAidGVzdHMvdGVzdF9nb19haV9tdWx0aW1vZGVsLnB5Ojp0ZXN0X2NuX3JlcXVlc3RfZG9lc19ub3Rfc2lsZW50bHlfcm91dGVfdG9fZ2xvYmFsX29ubHlfcHJvdmlkZXIiLAogICAgInRlc3RzL3Rlc3RfZ29fYWlfbXVsdGltb2RlbC5weTo6dGVzdF9sbG1fY2Fubm90X3Rha2VfdHJhbnNhY3Rpb25fb3JfZ29fanVkZ21lbnRfYXV0aG9yaXR5IiwK
2026-09-10T08:15:36.6089434Z GO_EVIDENCE_B64 ICAgICJ0ZXN0cy90ZXN0X2dvX2FpX211bHRpbW9kZWwucHk6OnRlc3RfaG90ZWxfcmVjb21tZW5kYXRpb25faXNfZ29fanVkZ21lbnRfbm90X2V4dGVybmFsX21vZGVsIiwKICAgICJ0ZXN0cy90ZXN0X2dvX2FpX211bHRpbW9kZWwucHk6OnRlc3RfZ29fYWlfY29tcGxleGl0eV9jbGFzc2lmaWVyX3Byb21vdGVzX2NvbXBsZXhfdHJpcF90b19tdWx0aV9hZ2VudCIsCiAgICAidGVzdHMvdGVzdF9nb19haV9tdWx0aW1vZGVsLnB5Ojp0ZXN0X2dvX2FpX29yY2hlc3RyYXRpb25fdXNlc19wYXJhbGxlbF90YXNrc19zeW50aGVzaXNf
2026-09-10T08:15:36.6094649Z GO_EVIDENCE_B64 YW5kX2hpZGVzX21vZGVscyIsCiAgICAidGVzdHMvdGVzdF9nb19haV9tdWx0aW1vZGVsLnB5Ojp0ZXN0X2dvX2FpX2hpZ2hfYXNzdXJhbmNlX25ldmVyX2dyYW50c190cmFuc2FjdGlvbl9leGVjdXRpb25fYXV0aG9yaXR5IiwKICAgICJ0ZXN0cy90ZXN0X2dvbGRlbl9wYXRoLnB5Ojp0ZXN0X3NlYXJjaF9wcmVib29rX3BheV9ib29rX2NvbmZpcm0iLAogICAgInRlc3RzL3Rlc3RfaG9zdGVkX2NvbnRlbnRfb3BlcmF0aW9uc19hY2NlcHRhbmNlLnB5Ojp0ZXN0X3NuYXBzaG90X3ByZXNlcnZlc19wZW5kaW5nX3NvdXJjZV9hbmRf
2026-09-10T08:15:36.6099986Z GO_EVIDENCE_B64 aXNfdmVyc2lvbmVkIiwKICAgICJ0ZXN0cy90ZXN0X2hvc3RlZF9jb250ZW50X29wZXJhdGlvbnNfYWNjZXB0YW5jZS5weTo6dGVzdF9vbmx5X2hvdGVsX2F1dGhvcml6ZWRfb3BlcmF0b3JfY2FuX2FwcHJvdmVfd2l0aF9ldmlkZW5jZSIsCiAgICAidGVzdHMvdGVzdF9ob3N0ZWRfY29udGVudF9vcGVyYXRpb25zX2FjY2VwdGFuY2UucHk6OnRlc3Rfbm9uX2hvdGVsX293bmVkX21lZGlhX2lzX3JlamVjdGVkIiwKICAgICJ0ZXN0cy90ZXN0X2hvc3RlZF9jb250ZW50X29wZXJhdGlvbnNfYWNjZXB0YW5jZS5weTo6dGVzdF9hY3R1
2026-09-10T08:15:36.6105151Z GO_EVIDENCE_B64 YWxfZ2F0ZV9yZW1haW5zX2Jsb2NrZWRfd2l0aG91dF9vd25lZF9tZWRpYSIsCiAgICAidGVzdHMvdGVzdF9ob3N0ZWRfY29udGVudF9vcGVyYXRpb25zX2FjY2VwdGFuY2UucHk6OnRlc3RfZ2F0ZV9jb250cmFjdF9vcGVuc19vbmx5X2FmdGVyX2NvbXBsZXRlX3JpZ2h0c192ZXJpZmllZF90ZXN0X2ZpeHR1cmUiLAogICAgInRlc3RzL3Rlc3RfaG9zdGVkX2RpcmVjdF9pbnZlbnRvcnlfbWF0cml4LnB5Ojp0ZXN0X3JlYWxfY29uZmlndXJhdGlvbl9oYXNfZml2ZV9pbmRlcGVuZGVudF9wb29sc19hbmRfbmluZV92YXJpYW50cyIs
2026-09-10T08:15:36.6110451Z GO_EVIDENCE_B64 CiAgICAidGVzdHMvdGVzdF9ob3N0ZWRfZGlyZWN0X2ludmVudG9yeV9tYXRyaXgucHk6OnRlc3RfcHVibGljX2ZhY3RzX2FyZV9zdHJ1Y3R1cmVkX2FuZF9jb25maWd1cmF0aW9uX2lzX2lkZW1wb3RlbnQiLAogICAgInRlc3RzL3Rlc3RfaG9zdGVkX2RpcmVjdF9pbnZlbnRvcnlfbWF0cml4LnB5Ojp0ZXN0X2JyZWFrZmFzdF92YXJpYW50c19zaGFyZV9hdG9taWNfcGh5c2ljYWxfaW52ZW50b3J5X2FuZF9yZXN0b3JlIiwKICAgICJ0ZXN0cy90ZXN0X2hvc3RlZF9kaXJlY3RfcmVzZXJ2YXRpb25fb3BlcmF0aW9ucy5weTo6dGVz
2026-09-10T08:15:36.6115726Z GO_EVIDENCE_B64 dF9kYXRlZF9jYWxlbmRhcl9ib290c3RyYXBfaXNfaWRlbXBvdGVudF9hbmRfc2hhcmVkX2J5X3JhdGVfdmFyaWFudHMiLAogICAgInRlc3RzL3Rlc3RfaG9zdGVkX2RpcmVjdF9yZXNlcnZhdGlvbl9vcGVyYXRpb25zLnB5Ojp0ZXN0X2Nsb3NlX3N0b3Bfc2VsbF9hbmRfcmVvcGVuX2FyZV9lbmZvcmNlZCIsCiAgICAidGVzdHMvdGVzdF9ob3N0ZWRfZGlyZWN0X3Jlc2VydmF0aW9uX29wZXJhdGlvbnMucHk6OnRlc3Rfc3RheV9hZHZhbmNlX29jY3VwYW5jeV9jaGlsZHJlbl9hbmRfZXh0cmFfYmVkX3J1bGVzX2FyZV9lbmZvcmNl
2026-09-10T08:15:36.6121157Z GO_EVIDENCE_B64 ZCIsCiAgICAidGVzdHMvdGVzdF9ob3N0ZWRfZGlyZWN0X3Jlc2VydmF0aW9uX29wZXJhdGlvbnMucHk6OnRlc3RfYXRvbWljX2RhaWx5X2ludmVudG9yeV9wcmV2ZW50c19vdmVyc2VsbF9hbmRfcHJpY2VzX2VhY2hfbmlnaHQiLAogICAgInRlc3RzL3Rlc3RfaG9zdGVkX2RpcmVjdF9yZXNlcnZhdGlvbl9vcGVyYXRpb25zLnB5Ojp0ZXN0X2dvX3BhZ2VfYW5kX3Bob25lX29yZGVyc19zaGFyZV9pbmJveF9ub3RpZmljYXRpb25zX2FuZF9hdWRpdF9jaGFpbiIsCiAgICAidGVzdHMvdGVzdF9ob3N0ZWRfZGlyZWN0X3Jlc2VydmF0
2026-09-10T08:15:36.6126391Z GO_EVIDENCE_B64 aW9uX29wZXJhdGlvbnMucHk6OnRlc3RfdGltZW91dF9yZWxlYXNlc19ldmVyeV9uaWdodF93aXRob3V0X3BheW1lbnRfb3JfcmVmdW5kIiwKICAgICJ0ZXN0cy90ZXN0X2hvc3RlZF9kaXJlY3RfcmVzZXJ2YXRpb25fb3BlcmF0aW9ucy5weTo6dGVzdF9jb25maXJtX2NhbmNlbF9hbmRfYXRvbWljX3Jlc2NoZWR1bGVfa2VlcF9ub19wYXltZW50X3RydXRoIiwKICAgICJ0ZXN0cy90ZXN0X2hvdGVsX3BhcnRuZXJfc2VsZl9vcGVyYXRpbmdfY29yZS5weTo6dGVzdF9wcm9wZXJ0eV9sb3dfcmlza19zZWxmX3NlcnZpY2VfYW5kX2hp
2026-09-10T08:15:36.6131719Z GO_EVIDENCE_B64 Z2hfcmlza19jaGFuZ2VfcmVxdWVzdCIsCiAgICAidGVzdHMvdGVzdF9ob3RlbF9wYXJ0bmVyX3NlbGZfb3BlcmF0aW5nX2NvcmUucHk6OnRlc3Rfcm9vbV9wcm9kdWN0X2dyYXBoX3ByZXNlcnZlc19kaXN0aW5jdF9sYXllcnNfYW5kX29jY3VwYW5jeV9ydWxlcyIsCiAgICAidGVzdHMvdGVzdF9ob3RlbF9wYXJ0bmVyX3NlbGZfb3BlcmF0aW5nX2NvcmUucHk6OnRlc3RfZmFjaWxpdHlfdW5rbm93bl9pc19ub3Rfbm9fYW5kX3BvbGljeV9pc19tYWNoaW5lX3JlYWRhYmxlIiwKICAgICJ0ZXN0cy90ZXN0X2hvdGVsX3BhcnRuZXJf
2026-09-10T08:15:36.6137331Z GO_EVIDENCE_B64 c2VsZl9vcGVyYXRpbmdfY29yZS5weTo6dGVzdF9hcmlfc2VwYXJhdGVzX3NlbGxfc3RhdHVzX2ludmVudG9yeV9hbmRfcHJpY2Vfd2l0aF9kYXRlX292ZXJyaWRlIiwKICAgICJ0ZXN0cy90ZXN0X2hvdGVsX3BhcnRuZXJfc2VsZl9vcGVyYXRpbmdfY29yZS5weTo6dGVzdF9mcmVlX3NhbGVfY2Fubm90X2NhcnJ5X2Zha2Vfcm9vbV9jb3VudCIsCiAgICAidGVzdHMvdGVzdF9ob3RlbF9wYXJ0bmVyX3NlbGZfb3BlcmF0aW5nX2NvcmUucHk6OnRlc3Rfb3BlcmF0aW9uYWxfaW5ib3hfaGFzX3ByaW9yaXR5X3NsYV9vd25lcl9zdGF0
2026-09-10T08:15:36.6142709Z GO_EVIDENCE_B64 ZV9hbmRfZXZpZGVuY2UiLAogICAgInRlc3RzL3Rlc3RfaG90ZWxfcGFydG5lcl9zZWxmX29wZXJhdGluZ19jb3JlLnB5Ojp0ZXN0X2dvX29mZmVyX3N5c3RlbV9nZW5lcmF0aW9uX3JlcXVpcmVzX2lzb2xhdGVkX2F1dGhvcml6ZWRfc3VwcGx5IiwKICAgICJ0ZXN0cy90ZXN0X2hvdGVsX3BhcnRuZXJfc2VsZl9vcGVyYXRpbmdfY29yZS5weTo6dGVzdF9nb19vZmZlcl9hbmRfY29tbWVyY2lhbF92YWx1ZV9uZXZlcl9idXlfcmVjb21tZW5kYXRpb24iLAogICAgInRlc3RzL3Rlc3RfbWFzdGVyMDNfY2xvc3VyZS5weTo6dGVzdF9l
2026-09-10T08:15:36.6148116Z GO_EVIDENCE_B64 eHBvcnRfaXNfZXhwbGljaXRfb3duZXJfc2NvcGVkX2FuZF9jb21wYW5pb25fcGVybWlzc2lvbl9ib3VuZCIsCiAgICAidGVzdHMvdGVzdF9tYXN0ZXIwM19jbG9zdXJlLnB5Ojp0ZXN0X3RyYXZlbGVyX2RlbGV0ZV9lcmFzZXNfcmV1c2FibGVfc2Vuc2l0aXZlX2RhdGFfYW5kX3Jldm9rZXNfY29uc2VudCIsCiAgICAidGVzdHMvdGVzdF9tYXN0ZXIwM19jbG9zdXJlLnB5Ojp0ZXN0X3NhbWVfbmFtZV9kb2VzX25vdF9tZXJnZV9kaXN0aW5jdF9wZW9wbGUiLAogICAgInRlc3RzL3Rlc3RfbWFzdGVyMDNfY2xvc3VyZS5weTo6dGVz
2026-09-10T08:15:36.6153516Z GO_EVIDENCE_B64 dF91bnVzYWJsZV9zZW5zaXRpdmVfZmFjdF9pc19uZXZlcl9yZWxlYXNlZFtwYXN0XSIsCiAgICAidGVzdHMvdGVzdF9tYXN0ZXIwM19jbG9zdXJlLnB5Ojp0ZXN0X3VudXNhYmxlX3NlbnNpdGl2ZV9mYWN0X2lzX25ldmVyX3JlbGVhc2VkW2Z1dHVyZV0iLAogICAgInRlc3RzL3Rlc3RfbWFzdGVyMDNfY2xvc3VyZS5weTo6dGVzdF91bnVzYWJsZV9zZW5zaXRpdmVfZmFjdF9pc19uZXZlcl9yZWxlYXNlZFttYWxmb3JtZWRdIiwKICAgICJ0ZXN0cy90ZXN0X21hc3RlcjAzX2Nsb3N1cmUucHk6OnRlc3RfYXV0b25vbXlfd2l0aG91
2026-09-10T08:15:36.6158954Z GO_EVIDENCE_B64 dF9xdWFsaWZpY2F0aW9uX3JlZ2lzdHJ5X2lzX2RlbmllZCIsCiAgICAidGVzdHMvdGVzdF9tYXN0ZXIwM19jbG9zdXJlLnB5Ojp0ZXN0X2FsbF9zaXhfZXhwbGljaXRfY2hlY2tvdXRzX2JpbmRfYW1vdW50X2FuZF9jYXB0dXJlX29uY2UiLAogICAgInRlc3RzL3Rlc3RfbWFzdGVyX3Y2MV9haV9pbmZyYXN0cnVjdHVyZS5weTo6dGVzdF92NjFfbWFzdGVyX2lkZW50aXR5IiwKICAgICJ0ZXN0cy90ZXN0X21vdGhlcl9wbGFuX3AwX3Byb2R1Y3RfcGF0Y2gucHk6OnRlc3RfY2hlY2tpbl9mb3VyX3N0YXRlc19yZXF1aXJlX2F1dGhv
2026-09-10T08:15:36.6164265Z GO_EVIDENCE_B64 cml6ZWRfZmFjdF9hbmRfYm9hcmRpbmdfcGFzcyIsCiAgICAidGVzdHMvdGVzdF9tb3RoZXJfcGxhbl9wMF9wcm9kdWN0X3BhdGNoLnB5Ojp0ZXN0X3ZlcmlmaWVkX2ZsaWdodF9ldmVudF9hZGp1c3RzX2dvX3BpY2t1cF93aXRoX2JvdW5kZWRfZnJlZV93YWl0X2FuZF9ub19mYWtlX2ZsZWV0X2NvbmZpcm1hdGlvbiIsCiAgICAidGVzdHMvdGVzdF9tb3RoZXJfcGxhbl9wMF9wcm9kdWN0X3BhdGNoLnB5Ojp0ZXN0X3JlcXVpcmVtZW50X2J1aWxkZXJfZm9yYmlkc19zZWNvbmRfcGFnZV9taWNyb3Bob25lX2FuZF9rZWVwc190eXBl
2026-09-10T08:15:36.6169632Z GO_EVIDENCE_B64 c19pbmRlcGVuZGVudF9vZl9xdW90ZV9tb2RlIiwKICAgICJ0ZXN0cy90ZXN0X21vdGhlcl9wbGFuX3AwX3Byb2R1Y3RfcGF0Y2gucHk6OnRlc3Rfc3lzdGVtX3F1b3RlX3VzZXNfb25seV9kZWRpY2F0ZWRfYXV0aG9yaXR5X2FuZF9zZWxlY3Rpb25fcmVxdWlyZXNfcmV2YWxpZGF0aW9uIiwKICAgICJ0ZXN0cy90ZXN0X21vdGhlcl9wbGFuX3AwX3Byb2R1Y3RfcGF0Y2gucHk6OnRlc3RfbWFudWFsX3F1b3RlX3JlcXVpcmVzX3N1cHBsaWVyX3JldmFsaWRhdGlvbl9iZWZvcmVfb3JkZXJfaGFuZG9mZiIsCiAgICAidGVzdHMvdGVz
2026-09-10T08:15:36.6174859Z GO_EVIDENCE_B64 dF9uYW1lZF9zdXBwbGllcl9leHRlcm5hbF9zYW5kYm94X2V4ZWN1dGlvbi5weTo6dGVzdF9uYW1lZF9zdXBwbGllcl9tdXN0X21hdGNoX2FwcHJvdmVkX2ludGFrZSIsCiAgICAidGVzdHMvdGVzdF9uYW1lZF9zdXBwbGllcl9leHRlcm5hbF9zYW5kYm94X2V4ZWN1dGlvbi5weTo6dGVzdF9yZXF1aXJlZF9jYXBhYmlsaXR5X21hbmlmZXN0X2lzX2VuZm9yY2VkIiwKICAgICJ0ZXN0cy90ZXN0X25hbWVkX3N1cHBsaWVyX2V4dGVybmFsX3NhbmRib3hfZXhlY3V0aW9uLnB5Ojp0ZXN0X3RlbXBsYXRlX29ubHlfYmluZGluZ3NfY2Fu
2026-09-10T08:15:36.6180192Z GO_EVIDENCE_B64 bm90X3JlcXVlc3RfZXhlY3V0aW9uX2FwcHJvdmFsIiwKICAgICJ0ZXN0cy90ZXN0X25hbWVkX3N1cHBsaWVyX2V4dGVybmFsX3NhbmRib3hfZXhlY3V0aW9uLnB5Ojp0ZXN0X2F1dGhvcml6YXRpb25fcmVxdWlyZXNfbWFrZXJfY2hlY2tlcl9zZXBhcmF0aW9uIiwKICAgICJ0ZXN0cy90ZXN0X25hbWVkX3N1cHBsaWVyX2V4dGVybmFsX3NhbmRib3hfZXhlY3V0aW9uLnB5Ojp0ZXN0X2FwcHJvdmVkX2V4ZWN1dGlvbl9pc19zdGlsbF9ibG9ja2VkX3dpdGhvdXRfcmVhbF9leGVjdXRvciIsCiAgICAidGVzdHMvdGVzdF9uYW1lZF9z
2026-09-10T08:15:36.6185774Z GO_EVIDENCE_B64 dXBwbGllcl9leHRlcm5hbF9zYW5kYm94X2V4ZWN1dGlvbi5weTo6dGVzdF9ibG9ja2VkX2F0dGVtcHRfY2Fubm90X2NyZWF0ZV9mYWtlX3RyYW5zcG9ydF9ldmlkZW5jZSIsCiAgICAidGVzdHMvdGVzdF9uYW1lZF9zdXBwbGllcl9leHRlcm5hbF9zYW5kYm94X2V4ZWN1dGlvbi5weTo6dGVzdF9kZWNpc2lvbl9uZXZlcl9jbGFpbXNfZXh0ZXJuYWxfdmVyaWZpY2F0aW9uX3dpdGhvdXRfdHJhbnNwb3J0IiwKICAgICJ0ZXN0cy90ZXN0X29tbmljaGFubmVsX3BheW1lbnRfZmluYW5jZV9vcy5weTo6dGVzdF9nbG9iYWxfaWRlbXBv
2026-09-10T08:15:36.6191119Z GO_EVIDENCE_B64 dGVuY3lfYW5kX2NoYW5uZWxfc2VsZWN0aW9uIiwKICAgICJ0ZXN0cy90ZXN0X29tbmljaGFubmVsX3BheW1lbnRfZmluYW5jZV9vcy5weTo6dGVzdF90aW1lb3V0X2Jsb2Nrc19yZXNlbmRfYW5kX2NoYW5uZWxfZmFsbGJhY2siLAogICAgInRlc3RzL3Rlc3Rfb21uaWNoYW5uZWxfcGF5bWVudF9maW5hbmNlX29zLnB5Ojp0ZXN0X2V4cGxpY2l0X2ZhaWx1cmVfYWxsb3dzX2NvbnNlbnRlZF9zd2l0Y2hfd2l0aG91dF9zaWxlbnRfZmFsbGJhY2siLAogICAgInRlc3RzL3Rlc3Rfb21uaWNoYW5uZWxfcGF5bWVudF9maW5hbmNlX29z
2026-09-10T08:15:36.6196380Z GO_EVIDENCE_B64 LnB5Ojp0ZXN0X25vbl9vcmRlcl9vYmxpZ2F0aW9uX2Nhbm5vdF9jbGFpbV9vcmRlcl9yZWNvbmNpbGlhdGlvbiIsCiAgICAidGVzdHMvdGVzdF9vbW5pY2hhbm5lbF9wYXltZW50X2ZpbmFuY2Vfb3MucHk6OnRlc3RfcGxhaW5fY3JlZGVudGlhbHNfYW5kX3JlYWxfZXhlY3V0b3JfYXJlX2Jsb2NrZWQiLAogICAgInRlc3RzL3Rlc3Rfb21uaWNoYW5uZWxfcGF5bWVudF9maW5hbmNlX29zLnB5Ojp0ZXN0X3NpZ25lZF93ZWJob29rX2NvbnZlcmdlc19vbmNlX2FuZF9yZXBsYXlfaXNfaWRlbXBvdGVudCIsCiAgICAidGVzdHMvdGVz
2026-09-10T08:15:36.6201702Z GO_EVIDENCE_B64 dF9wMF9maW5hbF92aXJ0dWFsX2Nsb3N1cmVfc3RyZXNzLnB5Ojp0ZXN0X3N0cmVzc19zdWNjZXNzZnVsX29yZGVyX2Zvcm1zX2Nsb3NlZF9sb29wW3JvdW5kLTFdIiwKICAgICJ0ZXN0cy90ZXN0X3AwX2ZpbmFsX3ZpcnR1YWxfY2xvc3VyZV9zdHJlc3MucHk6OnRlc3Rfc3RyZXNzX3N1Y2Nlc3NmdWxfb3JkZXJfZm9ybXNfY2xvc2VkX2xvb3Bbcm91bmQtMl0iLAogICAgInRlc3RzL3Rlc3RfcDBfZmluYWxfdmlydHVhbF9jbG9zdXJlX3N0cmVzcy5weTo6dGVzdF9zdHJlc3Nfc3VjY2Vzc2Z1bF9vcmRlcl9mb3Jtc19jbG9zZWRf
2026-09-10T08:15:36.6206924Z GO_EVIDENCE_B64 bG9vcFtyb3VuZC0zXSIsCiAgICAidGVzdHMvdGVzdF9wMF9maW5hbF92aXJ0dWFsX2Nsb3N1cmVfc3RyZXNzLnB5Ojp0ZXN0X3N0cmVzc19zdWNjZXNzZnVsX29yZGVyX2Zvcm1zX2Nsb3NlZF9sb29wW3JvdW5kLTRdIiwKICAgICJ0ZXN0cy90ZXN0X3AwX2ZpbmFsX3ZpcnR1YWxfY2xvc3VyZV9zdHJlc3MucHk6OnRlc3Rfc3RyZXNzX3N1Y2Nlc3NmdWxfb3JkZXJfZm9ybXNfY2xvc2VkX2xvb3Bbcm91bmQtNV0iLAogICAgInRlc3RzL3Rlc3RfcDBfZmluYWxfdmlydHVhbF9jbG9zdXJlX3N0cmVzcy5weTo6dGVzdF9zdHJlc3Nf
2026-09-10T08:15:36.6212298Z GO_EVIDENCE_B64 ZHVwbGljYXRlX3BheW1lbnRfYXR0YWNrX2lzX2Jsb2NrZWRbcm91bmQtMV0iLAogICAgInRlc3RzL3Rlc3RfcDBfZmluYWxfdmlydHVhbF9jbG9zdXJlX3N0cmVzcy5weTo6dGVzdF9zdHJlc3NfZHVwbGljYXRlX3BheW1lbnRfYXR0YWNrX2lzX2Jsb2NrZWRbcm91bmQtMl0iLAogICAgInRlc3RzL3Rlc3RfcDBfZmluYWxfdmlydHVhbF9jbG9zdXJlX3N0cmVzcy5weTo6dGVzdF9zdHJlc3NfZHVwbGljYXRlX3BheW1lbnRfYXR0YWNrX2lzX2Jsb2NrZWRbcm91bmQtM10iLAogICAgInRlc3RzL3Rlc3RfcDBfZmluYWxfdmlydHVh
2026-09-10T08:15:36.6217647Z GO_EVIDENCE_B64 bF9jbG9zdXJlX3N0cmVzcy5weTo6dGVzdF9zdHJlc3NfZHVwbGljYXRlX3BheW1lbnRfYXR0YWNrX2lzX2Jsb2NrZWRbcm91bmQtNF0iLAogICAgInRlc3RzL3Rlc3RfcDBfZmluYWxfdmlydHVhbF9jbG9zdXJlX3N0cmVzcy5weTo6dGVzdF9zdHJlc3NfZHVwbGljYXRlX3BheW1lbnRfYXR0YWNrX2lzX2Jsb2NrZWRbcm91bmQtNV0iLAogICAgInRlc3RzL3Rlc3RfcDBfZmluYWxfdmlydHVhbF9jbG9zdXJlX3N0cmVzcy5weTo6dGVzdF9zdHJlc3Nfc3VwcGxpZXJfdGltZW91dF9zdGF5c191bmtub3duX3VudGlsX3JlY29uY2ls
2026-09-10T08:15:36.6223026Z GO_EVIDENCE_B64 ZWRbcm91bmQtMV0iLAogICAgInRlc3RzL3Rlc3RfcDBfZmluYWxfdmlydHVhbF9jbG9zdXJlX3N0cmVzcy5weTo6dGVzdF9zdHJlc3Nfc3VwcGxpZXJfdGltZW91dF9zdGF5c191bmtub3duX3VudGlsX3JlY29uY2lsZWRbcm91bmQtMl0iLAogICAgInRlc3RzL3Rlc3RfcDBfZmluYWxfdmlydHVhbF9jbG9zdXJlX3N0cmVzcy5weTo6dGVzdF9zdHJlc3Nfc3VwcGxpZXJfdGltZW91dF9zdGF5c191bmtub3duX3VudGlsX3JlY29uY2lsZWRbcm91bmQtM10iLAogICAgInRlc3RzL3Rlc3RfcDBfZmluYWxfdmlydHVhbF9jbG9zdXJl
2026-09-10T08:15:36.6228356Z GO_EVIDENCE_B64 X3N0cmVzcy5weTo6dGVzdF9zdHJlc3Nfc3VwcGxpZXJfdGltZW91dF9zdGF5c191bmtub3duX3VudGlsX3JlY29uY2lsZWRbcm91bmQtNF0iLAogICAgInRlc3RzL3Rlc3RfcDBfZmluYWxfdmlydHVhbF9jbG9zdXJlX3N0cmVzcy5weTo6dGVzdF9zdHJlc3Nfc3VwcGxpZXJfdGltZW91dF9zdGF5c191bmtub3duX3VudGlsX3JlY29uY2lsZWRbcm91bmQtNV0iLAogICAgInRlc3RzL3Rlc3RfcDBfZmluYWxfdmlydHVhbF9jbG9zdXJlX3N0cmVzcy5weTo6dGVzdF9zdHJlc3NfcGF5bWVudF93ZWJob29rX3JlcGxheV9pc19pZGVt
2026-09-10T08:15:36.6233896Z GO_EVIDENCE_B64 cG90ZW50W3JvdW5kLTFdIiwKICAgICJ0ZXN0cy90ZXN0X3AwX2ZpbmFsX3ZpcnR1YWxfY2xvc3VyZV9zdHJlc3MucHk6OnRlc3Rfc3RyZXNzX3BheW1lbnRfd2ViaG9va19yZXBsYXlfaXNfaWRlbXBvdGVudFtyb3VuZC0yXSIsCiAgICAidGVzdHMvdGVzdF9wMF9maW5hbF92aXJ0dWFsX2Nsb3N1cmVfc3RyZXNzLnB5Ojp0ZXN0X3N0cmVzc19wYXltZW50X3dlYmhvb2tfcmVwbGF5X2lzX2lkZW1wb3RlbnRbcm91bmQtM10iLAogICAgInRlc3RzL3Rlc3RfcDBfZmluYWxfdmlydHVhbF9jbG9zdXJlX3N0cmVzcy5weTo6dGVzdF9z
2026-09-10T08:15:36.6239192Z GO_EVIDENCE_B64 dHJlc3NfcGF5bWVudF93ZWJob29rX3JlcGxheV9pc19pZGVtcG90ZW50W3JvdW5kLTRdIiwKICAgICJ0ZXN0cy90ZXN0X3AwX2ZpbmFsX3ZpcnR1YWxfY2xvc3VyZV9zdHJlc3MucHk6OnRlc3Rfc3RyZXNzX3BheW1lbnRfd2ViaG9va19yZXBsYXlfaXNfaWRlbXBvdGVudFtyb3VuZC01XSIsCiAgICAidGVzdHMvdGVzdF9wMF9maW5hbF92aXJ0dWFsX2Nsb3N1cmVfc3RyZXNzLnB5Ojp0ZXN0X3N0cmVzc19jYW5jZWxfcmVmdW5kX2Z1bGxfcGF0aF9hbmRfdGVybWluYWxfaW1tdXRhYmlsaXR5W3JvdW5kLTFdIiwKICAgICJ0ZXN0
2026-09-10T08:15:36.6244433Z GO_EVIDENCE_B64 cy90ZXN0X3AwX2ZpbmFsX3ZpcnR1YWxfY2xvc3VyZV9zdHJlc3MucHk6OnRlc3Rfc3RyZXNzX2NhbmNlbF9yZWZ1bmRfZnVsbF9wYXRoX2FuZF90ZXJtaW5hbF9pbW11dGFiaWxpdHlbcm91bmQtMl0iLAogICAgInRlc3RzL3Rlc3RfcDBfZmluYWxfdmlydHVhbF9jbG9zdXJlX3N0cmVzcy5weTo6dGVzdF9zdHJlc3NfY2FuY2VsX3JlZnVuZF9mdWxsX3BhdGhfYW5kX3Rlcm1pbmFsX2ltbXV0YWJpbGl0eVtyb3VuZC0zXSIsCiAgICAidGVzdHMvdGVzdF9wMF9maW5hbF92aXJ0dWFsX2Nsb3N1cmVfc3RyZXNzLnB5Ojp0ZXN0X3N0
2026-09-10T08:15:36.6249784Z GO_EVIDENCE_B64 cmVzc19jYW5jZWxfcmVmdW5kX2Z1bGxfcGF0aF9hbmRfdGVybWluYWxfaW1tdXRhYmlsaXR5W3JvdW5kLTRdIiwKICAgICJ0ZXN0cy90ZXN0X3AwX2ZpbmFsX3ZpcnR1YWxfY2xvc3VyZV9zdHJlc3MucHk6OnRlc3Rfc3RyZXNzX2NhbmNlbF9yZWZ1bmRfZnVsbF9wYXRoX2FuZF90ZXJtaW5hbF9pbW11dGFiaWxpdHlbcm91bmQtNV0iLAogICAgInRlc3RzL3Rlc3RfcDBfZmluYWxfdmlydHVhbF9jbG9zdXJlX3N0cmVzcy5weTo6dGVzdF9zdHJlc3NfcGFydGlhbF9yZWZ1bmRfaXNfYm91bmRlZF9hbmRfY2FuX2NvbXBsZXRlX3Jl
2026-09-10T08:15:36.6255125Z GO_EVIDENCE_B64 bWFpbmluZ19yZWZ1bmRbcm91bmQtMV0iLAogICAgInRlc3RzL3Rlc3RfcDBfZmluYWxfdmlydHVhbF9jbG9zdXJlX3N0cmVzcy5weTo6dGVzdF9zdHJlc3NfcGFydGlhbF9yZWZ1bmRfaXNfYm91bmRlZF9hbmRfY2FuX2NvbXBsZXRlX3JlbWFpbmluZ19yZWZ1bmRbcm91bmQtMl0iLAogICAgInRlc3RzL3Rlc3RfcDBfZmluYWxfdmlydHVhbF9jbG9zdXJlX3N0cmVzcy5weTo6dGVzdF9zdHJlc3NfcGFydGlhbF9yZWZ1bmRfaXNfYm91bmRlZF9hbmRfY2FuX2NvbXBsZXRlX3JlbWFpbmluZ19yZWZ1bmRbcm91bmQtM10iLAogICAg
2026-09-10T08:15:36.6260530Z GO_EVIDENCE_B64 InRlc3RzL3Rlc3RfcDBfZmluYWxfdmlydHVhbF9jbG9zdXJlX3N0cmVzcy5weTo6dGVzdF9zdHJlc3NfcGFydGlhbF9yZWZ1bmRfaXNfYm91bmRlZF9hbmRfY2FuX2NvbXBsZXRlX3JlbWFpbmluZ19yZWZ1bmRbcm91bmQtNF0iLAogICAgInRlc3RzL3Rlc3RfcDBfZmluYWxfdmlydHVhbF9jbG9zdXJlX3N0cmVzcy5weTo6dGVzdF9zdHJlc3NfcGFydGlhbF9yZWZ1bmRfaXNfYm91bmRlZF9hbmRfY2FuX2NvbXBsZXRlX3JlbWFpbmluZ19yZWZ1bmRbcm91bmQtNV0iLAogICAgInRlc3RzL3Rlc3RfcDBfZmluYWxfdmlydHVhbF9j
2026-09-10T08:15:36.6265869Z GO_EVIDENCE_B64 bG9zdXJlX3N0cmVzcy5weTo6dGVzdF9zdHJlc3NfcmVjb25jaWxpYXRpb25fbWlzbWF0Y2hfYmxvY2tzX21hdGNoX2FuZF9jbG9zZVtyb3VuZC0xXSIsCiAgICAidGVzdHMvdGVzdF9wMF9maW5hbF92aXJ0dWFsX2Nsb3N1cmVfc3RyZXNzLnB5Ojp0ZXN0X3N0cmVzc19yZWNvbmNpbGlhdGlvbl9taXNtYXRjaF9ibG9ja3NfbWF0Y2hfYW5kX2Nsb3NlW3JvdW5kLTJdIiwKICAgICJ0ZXN0cy90ZXN0X3AwX2ZpbmFsX3ZpcnR1YWxfY2xvc3VyZV9zdHJlc3MucHk6OnRlc3Rfc3RyZXNzX3JlY29uY2lsaWF0aW9uX21pc21hdGNoX2Js
2026-09-10T08:15:36.6271252Z GO_EVIDENCE_B64 b2Nrc19tYXRjaF9hbmRfY2xvc2Vbcm91bmQtM10iLAogICAgInRlc3RzL3Rlc3RfcDBfZmluYWxfdmlydHVhbF9jbG9zdXJlX3N0cmVzcy5weTo6dGVzdF9zdHJlc3NfcmVjb25jaWxpYXRpb25fbWlzbWF0Y2hfYmxvY2tzX21hdGNoX2FuZF9jbG9zZVtyb3VuZC00XSIsCiAgICAidGVzdHMvdGVzdF9wMF9maW5hbF92aXJ0dWFsX2Nsb3N1cmVfc3RyZXNzLnB5Ojp0ZXN0X3N0cmVzc19yZWNvbmNpbGlhdGlvbl9taXNtYXRjaF9ibG9ja3NfbWF0Y2hfYW5kX2Nsb3NlW3JvdW5kLTVdIiwKICAgICJ0ZXN0cy90ZXN0X3AwX2ZpbmFs
2026-09-10T08:15:36.6276518Z GO_EVIDENCE_B64 X3ZpcnR1YWxfY2xvc3VyZV9zdHJlc3MucHk6OnRlc3Rfc3RyZXNzX2Nsb3NlX3JhY2VfcmVxdWlyZXNfcmVwcmVwYXJlX2FmdGVyX3Njb3BlX2NoYW5nZVtyb3VuZC0xXSIsCiAgICAidGVzdHMvdGVzdF9wMF9maW5hbF92aXJ0dWFsX2Nsb3N1cmVfc3RyZXNzLnB5Ojp0ZXN0X3N0cmVzc19jbG9zZV9yYWNlX3JlcXVpcmVzX3JlcHJlcGFyZV9hZnRlcl9zY29wZV9jaGFuZ2Vbcm91bmQtMl0iLAogICAgInRlc3RzL3Rlc3RfcDBfZmluYWxfdmlydHVhbF9jbG9zdXJlX3N0cmVzcy5weTo6dGVzdF9zdHJlc3NfY2xvc2VfcmFjZV9y
2026-09-10T08:15:36.6282172Z GO_EVIDENCE_B64 ZXF1aXJlc19yZXByZXBhcmVfYWZ0ZXJfc2NvcGVfY2hhbmdlW3JvdW5kLTNdIiwKICAgICJ0ZXN0cy90ZXN0X3AwX2ZpbmFsX3ZpcnR1YWxfY2xvc3VyZV9zdHJlc3MucHk6OnRlc3Rfc3RyZXNzX2Nsb3NlX3JhY2VfcmVxdWlyZXNfcmVwcmVwYXJlX2FmdGVyX3Njb3BlX2NoYW5nZVtyb3VuZC00XSIsCiAgICAidGVzdHMvdGVzdF9wMF9maW5hbF92aXJ0dWFsX2Nsb3N1cmVfc3RyZXNzLnB5Ojp0ZXN0X3N0cmVzc19jbG9zZV9yYWNlX3JlcXVpcmVzX3JlcHJlcGFyZV9hZnRlcl9zY29wZV9jaGFuZ2Vbcm91bmQtNV0iLAogICAg
2026-09-10T08:15:36.6287475Z GO_EVIDENCE_B64 InRlc3RzL3Rlc3RfcmMxOTFfcmVnaXN0cmF0aW9uX3ZhdWx0X3RpZXJlZF9idWlsZC5weTo6dGVzdF90aWVyZWRfYnVpbGRfc3RyYXRlZ3lfaXNfcXVhbGl0eV9maXJzdCIsCiAgICAidGVzdHMvdGVzdF9yYzE5MV9yZWdpc3RyYXRpb25fdmF1bHRfdGllcmVkX2J1aWxkLnB5Ojp0ZXN0X3N1cHBsaWVyX3JlZ2lzdHJhdGlvbl9yZXF1aXJlc19zaW5nbGVfdGVybXNfYWNjZXB0YW5jZSIsCiAgICAidGVzdHMvdGVzdF9yYzE5MV9yZWdpc3RyYXRpb25fdmF1bHRfdGllcmVkX2J1aWxkLnB5Ojp0ZXN0X2NvbnN1bWVyX29uZV9jbGlj
2026-09-10T08:15:36.6292834Z GO_EVIDENCE_B64 a19wZXJzb25hbF92YXVsdF9pc19jb25zZW50X2JvdW5kIiwKICAgICJ0ZXN0cy90ZXN0X3JjMTkxX3JlZ2lzdHJhdGlvbl92YXVsdF90aWVyZWRfYnVpbGQucHk6OnRlc3Rfc3VwcGxpZXJfcGFydG5lcl9vbmJvYXJkaW5nX2NvcHlfaXNfbm90X3BsYWluX3JlZ2lzdHJhdGlvbiIsCiAgICAidGVzdHMvdGVzdF9yYzIwXzJfYWxsX2JfdG9fYS5weTo6dGVzdF9jb25zdW1lcl9zdXJmYWNlX2V4cG9zZXNfYWxsX3NpeF92ZXJ0aWNhbF9hY3Rpb25zX3Rocm91Z2hfZnJvemVuX2ZpdmVfZW50cnlfaG9tZSIsCiAgICAidGVzdHMvdGVz
2026-09-10T08:15:36.6298123Z GO_EVIDENCE_B64 dF9yYzIwXzJfYWxsX2JfdG9fYS5weTo6dGVzdF9yaWRlX3N0YXRlX21hY2hpbmVfcmVjb3ZlcnlfaWxsZWdhbF90cmFuc2l0aW9uX2FuZF9ldmlkZW5jZSIsCiAgICAidGVzdHMvdGVzdF9yYzIwXzJfYWxsX2JfdG9fYS5weTo6dGVzdF9yZW50YWxfcGlja3VwX3JldHVybl9jYW5jZWxfcnVsZXNfYW5kX3JlY29uY2lsaWF0aW9uIiwKICAgICJ0ZXN0cy90ZXN0X3JjMjBfMl9hbGxfYl90b19hLnB5Ojp0ZXN0X2F0dHJhY3Rpb25fcmVkZW1wdGlvbl91bmtub3duX3JlY292ZXJ5X2Nsb3NlZF9hbmRfaWxsZWdhbF9zdGF0ZXMiLAog
2026-09-10T08:15:36.6303359Z GO_EVIDENCE_B64 ICAgInRlc3RzL3Rlc3RfcmMyMF8yX2FsbF9iX3RvX2EucHk6OnRlc3RfYXR0cmFjdGlvbl9zdXBwbGllcl9jbG9zdXJlX2Jsb2Nrc19jb25zdW1lcl9tdXRhdGlvbnMiLAogICAgInRlc3RzL3Rlc3RfcmMyMF8yX2FsbF9iX3RvX2EucHk6OnRlc3RfZmxpZ2h0X3Vua25vd25fc3RhdGVfcmVjb25jaWxpYXRpb25fYW5kX2V2aWRlbmNlIiwKICAgICJ0ZXN0cy90ZXN0X3JjMjBfMl9hbGxfYl90b19hLnB5Ojp0ZXN0X3JhaWxfdW5rbm93bl9zdGF0ZV9yZWNvbmNpbGlhdGlvbl9hbmRfZXZpZGVuY2UiLAogICAgInRlc3RzL3Rlc3Rf
2026-09-10T08:15:36.6308713Z GO_EVIDENCE_B64 cmMyMF9tb2R1bGVfZGVwdGhfY29udHJhY3QucHk6OnRlc3RfcmMyMF9yZXF1aXJlc19maXZlX3JlYWxfZGltZW5zaW9uc19mb3JfZXZlcnlfdmVydGljYWwiLAogICAgInRlc3RzL3Rlc3RfcmMyMF9tb2R1bGVfZGVwdGhfY29udHJhY3QucHk6OnRlc3RfcmMyMF9kb2VzX25vdF9lcXVhdGVfY29kZV9vcl9nYXRlX3dpdGhfZXh0ZXJuYWxfbGl2ZSIsCiAgICAidGVzdHMvdGVzdF9zcHJpbnQxZ19jb25maWcucHk6OnRlc3Rfc2l0ZW1pbmRlcl9yZXF1aXJlc19jb250cmFjdGVkX2NvbmZpZyIsCiAgICAidGVzdHMvdGVzdF9zcHJp
2026-09-10T08:15:36.6314011Z GO_EVIDENCE_B64 bnQxbF9wYXltZW50X29yY2hlc3RyYXRpb24ucHk6OnRlc3RfYXV0aG9yaXplX2Jvb2tfY2FwdHVyZV9zZXF1ZW5jZSIsCiAgICAidGVzdHMvdGVzdF9zcHJpbnQxbF9wYXltZW50X29yY2hlc3RyYXRpb24ucHk6OnRlc3RfZGVmaW5pdGl2ZV9zdXBwbGllcl9ib29raW5nX2ZhaWx1cmVfdm9pZHNfYXV0aG9yaXphdGlvbl9ub19jYXB0dXJlIiwKICAgICJ0ZXN0cy90ZXN0X3NwcmludDFsX3BheW1lbnRfb3JjaGVzdHJhdGlvbi5weTo6dGVzdF9hbWJpZ3VvdXNfc3VwcGxpZXJfYm9va2luZ19kb2VzX25vdF92b2lkX2F1dGhvcml6
2026-09-10T08:15:36.6319378Z GO_EVIDENCE_B64 YXRpb24iLAogICAgInRlc3RzL3Rlc3Rfc3ByaW50MWxfcGF5bWVudF9vcmNoZXN0cmF0aW9uLnB5Ojp0ZXN0X2NhcHR1cmVfZmFpbHVyZV9hZnRlcl9zdXBwbGllcl9ib29raW5nX21vdmVzX3RvX3JlY29uY2lsaWF0aW9uIiwKICAgICJ0ZXN0cy90ZXN0X3NwcmludDFtX2ZhcmVfcnVudGltZS5weTo6dGVzdF9mcmVlX2NhbmNlbF9mdWxsX3JlZnVuZCIsCiAgICAidGVzdHMvdGVzdF9zcHJpbnQxbV9mYXJlX3J1bnRpbWUucHk6OnRlc3RfdGllcmVkX2NhbmNlbF81MF9wZXJjZW50IiwKICAgICJ0ZXN0cy90ZXN0X3NwcmludDFt
2026-09-10T08:15:36.6324751Z GO_EVIDENCE_B64 X2ZhcmVfcnVudGltZS5weTo6dGVzdF9jaGFuZ2VfaGlnaGVyX3ByaWNlX3N1cHBsZW1lbnRfYW5kX2xvd2VyX25vX3JlZnVuZCIsCiAgICAidGVzdHMvdGVzdF9zcHJpbnQxbV9mYXJlX3J1bnRpbWUucHk6OnRlc3Rfc3RheV9jcmVkaXRfcHJvcGVydHlfb25seV9hbmRfcmVkZWVtX3dpdGhfZGlmZmVyZW5jZSIsCiAgICAidGVzdHMvdGVzdF9zcHJpbnQxdV9wcm9kdWN0aW9uX2JmZi5weTo6dGVzdF9iZmZfdXNlc19odHRwX29ubHlfY29va2llc19hbmRfbm9fdG9rZW5zX2luX3BheWxvYWQiLAogICAgInRlc3RzL3Rlc3Rfc3By
2026-09-10T08:15:36.6330645Z GO_EVIDENCE_B64 aW50MXVfcHJvZHVjdGlvbl9iZmYucHk6OnRlc3RfY3NyZl9ibG9ja3NfY29va2llX2F1dGhlbnRpY2F0ZWRfbXV0YXRpb24iLAogICAgInRlc3RzL3Rlc3Rfc3ByaW50MXVfcHJvZHVjdGlvbl9iZmYucHk6OnRlc3Rfc2VjdXJpdHlfaGVhZGVyc19hcmVfcHJlc2VudCIsCiAgICAidGVzdHMvdGVzdF9zcHJpbnQxdV9wcm9kdWN0aW9uX2JmZi5weTo6dGVzdF9tZmFfZW5yb2xsbWVudF9hbmRfbG9naW5fZW5mb3JjZW1lbnQiLAogICAgInRlc3RzL3Rlc3Rfc3ByaW50MXVfcHJvZHVjdGlvbl9iZmYucHk6OnRlc3RfZnJvbnRlbmRf
2026-09-10T08:15:36.6335978Z GO_EVIDENCE_B64 aGFzX25vX2xvY2Fsc3RvcmFnZV9hdXRoX3Rva2VucyIsCiAgICAidGVzdHMvdGVzdF9zcHJpbnQxeV9jb25zdW1lcl9pZGVudGl0eS5weTo6dGVzdF9yZWdpc3Rlcl9zZWN1cmVfY29va2llX2dvX2lkX2FuZF9zZXNzaW9uIiwKICAgICJ0ZXN0cy90ZXN0X3NwcmludDF5X2NvbnN1bWVyX2lkZW50aXR5LnB5Ojp0ZXN0X3RyYXZlbGVyX2FuZF9wYXltZW50X3Rva2VuaXphdGlvbl9ub19wYW5fcmVhZGJhY2siLAogICAgInRlc3RzL3Rlc3Rfc3ByaW50MXlfY29uc3VtZXJfaWRlbnRpdHkucHk6OnRlc3RfYXV0aGVudGljYXRlZF9v
2026-09-10T08:15:36.6341405Z GO_EVIDENCE_B64 cmRlcl9vd25lcnNoaXBfYW5kX3Rva2VuaXplZF9jaGVja291dCIsCiAgICAidGVzdHMvdGVzdF9zcHJpbnQxeV9jb25zdW1lcl9pZGVudGl0eS5weTo6dGVzdF9yZWZyZXNoX3JvdGF0aW9uX2FuZF9sb2dvdXQiLAogICAgInRlc3RzL3Rlc3Rfc3ByaW50MXpfbW9iaWxlLnB5Ojp0ZXN0X25hdGl2ZV9iZWFyZXJfc2Vzc2lvbl9kZXZpY2VfcHVzaF9hbmRfcmVmcmVzaCIsCiAgICAidGVzdHMvdGVzdF9zcHJpbnQxel9tb2JpbGUucHk6OnRlc3RfZGVlcF9saW5rc19hcmVfYWxsb3dsaXN0ZWQiLAogICAgInRlc3RzL3Rlc3Rfc3By
2026-09-10T08:15:36.6346719Z GO_EVIDENCE_B64 aW50MXpfbW9iaWxlLnB5Ojp0ZXN0X3B1c2hfdG9rZW5fbm90X3JldHVybmVkX2FuZF9kZXZpY2VfaXNfdXNlcl9zY29wZWQiLAogICAgInRlc3RzL3Rlc3Rfc3ByaW50MmJfbW9iaWxlX3JlbGVhc2UucHk6OnRlc3RfcHVzaF9yZWNlaXB0X2xpZmVjeWNsZV93aXRoX21vY2tfcHJvdmlkZXIiLAogICAgInRlc3RzL3Rlc3Rfc3ByaW50MmJfbW9iaWxlX3JlbGVhc2UucHk6OnRlc3RfbW9iaWxlX3JlbGVhc2VfYXJ0aWZhY3RzX2FuZF9vZmZsaW5lX2NvbnRyYWN0X2V4aXN0IiwKICAgICJ0ZXN0cy90ZXN0X3NwcmludDJiX21vYmls
2026-09-10T08:15:36.6352150Z GO_EVIDENCE_B64 ZV9yZWxlYXNlLnB5Ojp0ZXN0X3B1c2hfcmVjZWlwdF9pbnRlcm5hbF9hcGlfaXNfbm90X3B1YmxpYyIsCiAgICAidGVzdHMvdGVzdF9zcHJpbnQyZF9icmluZ3VwLnB5Ojp0ZXN0X2NyZWRlbnRpYWxfbWFuaWZlc3RfaGFzXzE1X2dhdGVfZGVwZW5kZW5jaWVzIiwKICAgICJ0ZXN0cy90ZXN0X3NwcmludDJkX2JyaW5ndXAucHk6OnRlc3RfZ2F0ZV9sZWRnZXJfc3RhcnRzX2ZhaWxfY2xvc2VkIiwKICAgICJ0ZXN0cy90ZXN0X3NwcmludDJkX2JyaW5ndXAucHk6OnRlc3RfcHJlZmxpZ2h0X2ZhaWxzX2Nsb3NlZF93aXRob3V0X2Ny
2026-09-10T08:15:36.6357503Z GO_EVIDENCE_B64 ZWRlbnRpYWxzIiwKICAgICJ0ZXN0cy90ZXN0X3NwcmludDJkX2JyaW5ndXAucHk6OnRlc3RfcmVsZWFzZV93b3JrZmxvd193YWl0c19mb3Jfc3RvcmVfYnVpbGRfYW5kX3N1Ym1pdCIsCiAgICAidGVzdHMvdGVzdF9zcHJpbnQyZF9icmluZ3VwLnB5Ojp0ZXN0X2V2aWRlbmNlX3RlbXBsYXRlX2ZvcmJpZHNfc2VjcmV0cyIsCiAgICAidGVzdHMvdGVzdF9zcHJpbnQzYV9mbGlnaHQucHk6OnRlc3RfZmxpZ2h0X3NlYXJjaF90b190aWNrZXRfYW5kX3RyaXAiLAogICAgInRlc3RzL3Rlc3Rfc3ByaW50M2FfZmxpZ2h0LnB5Ojp0ZXN0
2026-09-10T08:15:36.6362979Z GO_EVIDENCE_B64 X2ZsaWdodF9jaGFuZ2VfcmVpc3N1ZXNfdGlja2V0IiwKICAgICJ0ZXN0cy90ZXN0X3NwcmludDNhX2ZsaWdodC5weTo6dGVzdF9mbGlnaHRfcmVmdW5kX3RyYWNrc19mZWVfYW5kX29yaWdpbmFsX3BheW1lbnQiLAogICAgInRlc3RzL3Rlc3Rfc3ByaW50M2FfZmxpZ2h0LnB5Ojp0ZXN0X2Nyb3NzX2FjY291bnRfZmxpZ2h0X29yZGVyX2lzb2xhdGlvbiIsCiAgICAidGVzdHMvdGVzdF9zcHJpbnQzY19tb2JpbGl0eS5weTo6dGVzdF9yaWRlX2FuZF9yZW50YWxfZ29sZGVuX3BhdGgiLAogICAgInRlc3RzL3Rlc3Rfc3ByaW50M2Rf
2026-09-10T08:15:36.6368449Z GO_EVIDENCE_B64 YXR0cmFjdGlvbnMucHk6OnRlc3RfYXR0cmFjdGlvbl9nb2xkZW5fcGF0aCIsCiAgICAidGVzdHMvdGVzdF9zcHJpbnQzZF9hdHRyYWN0aW9ucy5weTo6dGVzdF9ub25fcmVmdW5kYWJsZV9leHBlcmllbmNlIiwKICAgICJ0ZXN0cy90ZXN0X3NwcmludDNsX3JlY292ZXJ5X3JlbGlhYmlsaXR5LnB5Ojp0ZXN0X3JlbGlhYmlsaXR5X3Byb2ZpbGVfcmVidWlsZF9mcm9tX3JlYWxfcmVjb3ZlcnlfZmFjdHMiLAogICAgInRlc3RzL3Rlc3Rfc3ByaW50M2xfcmVjb3ZlcnlfcmVsaWFiaWxpdHkucHk6OnRlc3RfcmVsaWFiaWxpdHlfbWVt
2026-09-10T08:15:36.6373836Z GO_EVIDENCE_B64 b3J5X2NoYW5nZXNfZnV0dXJlX3JlY29uY2lsaWF0aW9uX3BvbGljeV93aXRob3V0X3Jlc2VuZCIsCiAgICAidGVzdHMvdGVzdF9zcHJpbnQzbF9yZWNvdmVyeV9yZWxpYWJpbGl0eS5weTo6dGVzdF9zbGFfZmVlZGJhY2tfdXNlc19wcm9maWxlX2J1dF9kb2VzX25vdF9tdXRhdGVfc3VwcGxpZXJfZmFjdCIsCiAgICAidGVzdHMvdGVzdF9zcHJpbnQzbF9yZWNvdmVyeV9yZWxpYWJpbGl0eS5weTo6dGVzdF9yZWxpYWJpbGl0eV9hZG1pbl9hcGlfaXNfcmVhZF9yZWJ1aWxkX29ubHkiLAogICAgInRlc3RzL3Rlc3Rfc3ByaW50M3Rf
2026-09-10T08:15:36.6379477Z GO_EVIDENCE_B64 cnVudGltZV9vYnNlcnZhYmlsaXR5LnB5Ojp0ZXN0X2hlYWx0aHlfcnVudGltZV9rZWVwc19wcm9tb3Rpb25fb3BlbiIsCiAgICAidGVzdHMvdGVzdF9zcHJpbnQzdF9ydW50aW1lX29ic2VydmFiaWxpdHkucHk6OnRlc3RfYnVybl9yYXRlX2JyZWFjaF9hdXRvX2ZyZWV6ZXNfYW5kX3JlY29tbWVuZHNfbm90X2V4ZWN1dGVzX3JvbGxiYWNrIiwKICAgICJ0ZXN0cy90ZXN0X3NwcmludDN0X3J1bnRpbWVfb2JzZXJ2YWJpbGl0eS5weTo6dGVzdF9mcm96ZW5fcHJvZF9ibG9ja3NfbmV3X3Byb21vdGlvbiIsCiAgICAidGVzdHMvdGVz
2026-09-10T08:15:36.6384995Z GO_EVIDENCE_B64 dF9zcHJpbnQzdF9ydW50aW1lX29ic2VydmFiaWxpdHkucHk6OnRlc3RfcmVsZWFzZV9jb3JyZWxhdGVkX2Fub21hbHlfcmVxdWlyZXNfdmVyaWZpZWRfcmVsZWFzZSIsCiAgICAidGVzdHMvdGVzdF9zcHJpbnQzdF9ydW50aW1lX29ic2VydmFiaWxpdHkucHk6OnRlc3RfdW5mcmVlemVfcmVxdWlyZXNfaGVhbHRoeV9hc3Nlc3NtZW50X2FuZF9ldmlkZW5jZSIsCiAgICAidGVzdHMvdGVzdF9zcHJpbnQzdF9ydW50aW1lX29ic2VydmFiaWxpdHkucHk6OnRlc3Rfcm9sbGJhY2tfcmVjb21tZW5kYXRpb25fYWNrbm93bGVkZ2VtZW50
2026-09-10T08:15:36.6390505Z GO_EVIDENCE_B64 X2lzX2dvdmVybmFuY2Vfb25seSIsCiAgICAidGVzdHMvdGVzdF9zcHJpbnQzeF9pZGVudGl0eV9yZWlzc3VhbmNlLnB5Ojp0ZXN0X3Jldm9rZWRfaWRlbnRpdHlfY2Fubm90X2JlX3JlYWN0aXZhdGVkX2RpcmVjdGx5X2FuZF9yZXF1aXJlc19yZWlzc3VhbmNlIiwKICAgICJ0ZXN0cy90ZXN0X3NwcmludDN4X2lkZW50aXR5X3JlaXNzdWFuY2UucHk6OnRlc3RfYXR0ZXN0YXRpb25fc2lnbmF0dXJlX2NoYWxsZW5nZV9iaW5kaW5nX2FuZF9yZXBsYXlfcHJvdGVjdGlvbiIsCiAgICAidGVzdHMvdGVzdF9zcHJpbnQzeF9pZGVudGl0
2026-09-10T08:15:36.6395840Z GO_EVIDENCE_B64 eV9yZWlzc3VhbmNlLnB5Ojp0ZXN0X2ludmFsaWRfYXR0ZXN0YXRpb25fc2lnbmF0dXJlX2lzX2Jsb2NrZWQiLAogICAgInRlc3RzL3Rlc3Rfc3ByaW50M3hfaWRlbnRpdHlfcmVpc3N1YW5jZS5weTo6dGVzdF9tYWtlcl9jaGVja2VyX2FuZF9icmVha19nbGFzc19yZXF1aXJlX2V4cGxpY2l0X2FwcHJvdmFsX2V2aWRlbmNlIiwKICAgICJ0ZXN0cy90ZXN0X3NwcmludDN4X2lkZW50aXR5X3JlaXNzdWFuY2UucHk6OnRlc3RfaXNzdWVfY3JlYXRlc19uZXdfaWRlbnRpdHlfbGluZWFnZV9hbmRfcGVybWFuZW50X29sZF90b21ic3Rv
2026-09-10T08:15:36.6401181Z GO_EVIDENCE_B64 bmUiLAogICAgInRlc3RzL3Rlc3Rfc3ByaW50M3hfaWRlbnRpdHlfcmVpc3N1YW5jZS5weTo6dGVzdF9vcGVuX3NlY3VyaXR5X2luY2lkZW50X211c3RfYmVfY29udGFpbmVkX2JlZm9yZV9yZWlzc3VhbmNlX2lzc3VlIiwKICAgICJ0ZXN0cy90ZXN0X3NwcmludDN4X2lkZW50aXR5X3JlaXNzdWFuY2UucHk6OnRlc3RfcmVwbGFjZW1lbnRfaWRlbnRpdHlfcmVqb2luc19hdXRvbWF0aW9uX3F1b3J1bV9vbmx5X2FmdGVyX25ld19zaWduZWRfdGVsZW1ldHJ5IiwKICAgICJ0ZXN0cy90ZXN0X3NwcmludDN4X2lkZW50aXR5X3JlaXNz
2026-09-10T08:15:36.6406426Z GO_EVIDENCE_B64 dWFuY2UucHk6OnRlc3RfcmVpc3N1YW5jZV9zdGF0dXNfZXhwb3Nlc19yZXF1ZXN0X2xpbmVhZ2VfdG9tYnN0b25lX2FuZF9jYWNoZV9lcG9jaCIsCiAgICAidGVzdHMvdGVzdF9zcHJpbnQ0Y193aXRuZXNzX2luZGVwZW5kZW5jZV9kci5weTo6dGVzdF9zYW1lX29wZXJhdG9yX3dpdG5lc3Nlc19kb19ub3RfY291bnRfYXNfaW5kZXBlbmRlbnRfcXVvcnVtIiwKICAgICJ0ZXN0cy90ZXN0X3NwcmludDRjX3dpdG5lc3NfaW5kZXBlbmRlbmNlX2RyLnB5Ojp0ZXN0X2luZGVwZW5kZW50X29wZXJhdG9yX2ZhaWx1cmVfZG9tYWluX3F1
2026-09-10T08:15:36.6411939Z GO_EVIDENCE_B64 b3J1bV9wYXNzZXMiLAogICAgInRlc3RzL3Rlc3Rfc3ByaW50NGNfd2l0bmVzc19pbmRlcGVuZGVuY2VfZHIucHk6OnRlc3RfY3Jvc3Nfb3BlcmF0b3JfZ29zc2lwX2RldGVjdHNfc3BsaXRfdmlld19hbmRfb3BlbnNfaW5jaWRlbnQiLAogICAgInRlc3RzL3Rlc3Rfc3ByaW50NGNfd2l0bmVzc19pbmRlcGVuZGVuY2VfZHIucHk6OnRlc3RfY2hlY2twb2ludF9hcmNoaXZlX3JlYnVpbGRfaXNfcHVibGljbHlfdmVyaWZpYWJsZSIsCiAgICAidGVzdHMvdGVzdF9zcHJpbnQ0Y193aXRuZXNzX2luZGVwZW5kZW5jZV9kci5weTo6dGVz
2026-09-10T08:15:36.6417236Z GO_EVIDENCE_B64 dF9vcGVuX3JlZ2lvbl9kaXNhc3Rlcl9mb3JjZXNfNGFfZmFpbF9zYWZlIiwKICAgICJ0ZXN0cy90ZXN0X3NwcmludDRjX3dpdG5lc3NfaW5kZXBlbmRlbmNlX2RyLnB5Ojp0ZXN0X3Byb3ZpZGVyX2Rpc2FzdGVyX3JlYnVpbGRfcmVxdWlyZXNfaW5kZXBlbmRlbnRfd2l0bmVzc2VzIiwKICAgICJ0ZXN0cy90ZXN0X3NwcmludDRjX3dpdG5lc3NfaW5kZXBlbmRlbmNlX2RyLnB5Ojp0ZXN0X2Rpc2FzdGVyX2NvbXBsZXRpb25fcmVxdWlyZXNfZXZlcnlfYWZmZWN0ZWRfcmVnaW9uX3JlYnVpbHQiLAogICAgInRlc3RzL3Rlc3Rfc3By
2026-09-10T08:15:36.6422692Z GO_EVIDENCE_B64 aW50NGNfd2l0bmVzc19pbmRlcGVuZGVuY2VfZHIucHk6OnRlc3RfZHJpbGxfcmVjb3Jkc19yZWNvdmVyeV9ldmlkZW5jZV9hZnRlcl92ZXJpZmllZF9yZWJ1aWxkIiwKICAgICJ0ZXN0cy90ZXN0X3NwcmludDRtX3N0YXRpc3RpY2FsX21vZGVsX2dvdmVybmFuY2UucHk6OnRlc3RfcG9saWN5X3JlcXVpcmVzX3R3b19kaXN0aW5jdF9hcHByb3ZlcnMiLAogICAgInRlc3RzL3Rlc3Rfc3ByaW50NG1fc3RhdGlzdGljYWxfbW9kZWxfZ292ZXJuYW5jZS5weTo6dGVzdF9sZWdhY3lfcHJvbW90aW9uX2lzX2Jsb2NrZWRfd2hlbl80bV9w
2026-09-10T08:15:36.6428045Z GO_EVIDENCE_B64 b2xpY3lfYWN0aXZlIiwKICAgICJ0ZXN0cy90ZXN0X3NwcmludDRtX3N0YXRpc3RpY2FsX21vZGVsX2dvdmVybmFuY2UucHk6OnRlc3Rfc2lnbmlmaWNhbmNlX2FuZF9taW5pbXVtX2VmZmVjdF9zaXplX2dhdGVfYm90aF9ob3Jpem9uc19hbmRfc2VnbWVudHMiLAogICAgInRlc3RzL3Rlc3Rfc3ByaW50NG1fc3RhdGlzdGljYWxfbW9kZWxfZ292ZXJuYW5jZS5weTo6dGVzdF9zYW1wbGVfb3JfZWZmZWN0X3Nob3J0ZmFsbF9ibG9ja3Nfc3RhdGlzdGljYWxfZ2F0ZSIsCiAgICAidGVzdHMvdGVzdF9zcHJpbnQ0bV9zdGF0aXN0aWNh
2026-09-10T08:15:36.6433566Z GO_EVIDENCE_B64 bF9tb2RlbF9nb3Zlcm5hbmNlLnB5Ojp0ZXN0X3N0YWJpbGl0eV93aW5kb3dfYW5kX3NlZ21lbnRfY29uc2lzdGVuY3lfcmVxdWlyZWRfYmVmb3JlX3Byb21vdGlvbiIsCiAgICAidGVzdHMvdGVzdF9zcHJpbnQ0bV9zdGF0aXN0aWNhbF9tb2RlbF9nb3Zlcm5hbmNlLnB5Ojp0ZXN0X2Z1bGxfZ2F0ZV9wcm9tb3Rlc19pbnRvX3Byb2JhdGlvbl9ub3Rfc3RhYmxlX2RpcmVjdGx5IiwKICAgICJ0ZXN0cy90ZXN0X3NwcmludDRtX3N0YXRpc3RpY2FsX21vZGVsX2dvdmVybmFuY2UucHk6OnRlc3RfcHJvYmF0aW9uX3JlZ3Jlc3Npb25f
2026-09-10T08:15:36.6438879Z GO_EVIDENCE_B64 YXV0b21hdGljYWxseV9yb2xsc19iYWNrX3ByZXZpb3VzX2NoYW1waW9uIiwKICAgICJ0ZXN0cy90ZXN0X3NwcmludDRtX3N0YXRpc3RpY2FsX21vZGVsX2dvdmVybmFuY2UucHk6OnRlc3RfcHJvYmF0aW9uX2JlY29tZXNfc3RhYmxlX29ubHlfYWZ0ZXJfd2luZG93X2FuZF9ub19yZWdyZXNzaW9uIiwKICAgICJ0ZXN0cy90ZXN0X3NwcmludDRvX2ZvcmVjYXN0X3RyYWluaW5nX2dvdmVybmFuY2UucHk6OnRlc3RfcG9saWN5X21ha2VyX2NoZWNrZXIiLAogICAgInRlc3RzL3Rlc3Rfc3ByaW50NG9fZm9yZWNhc3RfdHJhaW5pbmdf
2026-09-10T08:15:36.6444071Z GO_EVIDENCE_B64 Z292ZXJuYW5jZS5weTo6dGVzdF9mZWF0dXJlX3JlZ2lzdHJ5X2FuZF9kYXRhc2V0X3NuYXBzaG90X2FyZV92ZXJzaW9uZWRfYW5kX2hhc2hlZCIsCiAgICAidGVzdHMvdGVzdF9zcHJpbnQ0b19mb3JlY2FzdF90cmFpbmluZ19nb3Zlcm5hbmNlLnB5Ojp0ZXN0X3RyYWluaW5nX2RhdGFfcXVhbGl0eV9nYXRlX2Jsb2Nrc19iYWRfZGF0YSIsCiAgICAidGVzdHMvdGVzdF9zcHJpbnQ0b19mb3JlY2FzdF90cmFpbmluZ19nb3Zlcm5hbmNlLnB5Ojp0ZXN0X2xpbmVhZ2VfYW5kX21hbmlmZXN0X2JpbmRfZGF0YXNldF9mZWF0dXJlc19j
2026-09-10T08:15:36.6449407Z GO_EVIDENCE_B64 b2RlX2FuZF9zZWVkIiwKICAgICJ0ZXN0cy90ZXN0X3NwcmludDRvX2ZvcmVjYXN0X3RyYWluaW5nX2dvdmVybmFuY2UucHk6OnRlc3RfcmVwcm9kdWNpYmlsaXR5X21pc21hdGNoX2Jsb2Nrc19tb2RlbF9idWlsZCIsCiAgICAidGVzdHMvdGVzdF9zcHJpbnQ0b19mb3JlY2FzdF90cmFpbmluZ19nb3Zlcm5hbmNlLnB5Ojp0ZXN0X3JlcHJvZHVjaWJsZV9idWlsZF9iZWNvbWVzX2VsaWdpYmxlIiwKICAgICJ0ZXN0cy90ZXN0X3NwcmludDRvX2ZvcmVjYXN0X3RyYWluaW5nX2dvdmVybmFuY2UucHk6OnRlc3RfNGxfYmFja3Rlc3Rf
2026-09-10T08:15:36.6454749Z GO_EVIDENCE_B64 cmVxdWlyZXNfNG9fcmVwcm9kdWNpYmxlX2J1aWxkX3doZW5fcG9saWN5X2FjdGl2ZSIsCiAgICAidGVzdHMvdGVzdF9zcHJpbnQ0b19mb3JlY2FzdF90cmFpbmluZ19nb3Zlcm5hbmNlLnB5Ojp0ZXN0X3N1cHBsaWVyX2ZhY3RfYm91bmRhcnkiLAogICAgInRlc3RzL3Rlc3Rfc3ByaW50NHVfc2VnbWVudF9yZW1lZGlhdGlvbi5weTo6dGVzdF9wb2xpY3lfcmVxdWlyZXNfbWFrZXJfY2hlY2tlciIsCiAgICAidGVzdHMvdGVzdF9zcHJpbnQ0dV9zZWdtZW50X3JlbWVkaWF0aW9uLnB5Ojp0ZXN0X3RhcmdldF9iaW5kc19vcmlnaW5h
2026-09-10T08:15:36.6460216Z GO_EVIDENCE_B64 bF9mYWlsZWRfc2VnbWVudCIsCiAgICAidGVzdHMvdGVzdF9zcHJpbnQ0dV9zZWdtZW50X3JlbWVkaWF0aW9uLnB5Ojp0ZXN0X3RhcmdldF9ub3RfcmVwYWlyZWRfaXNfaW5lZmZlY3RpdmUiLAogICAgInRlc3RzL3Rlc3Rfc3ByaW50NHVfc2VnbWVudF9yZW1lZGlhdGlvbi5weTo6dGVzdF90YXJnZXRfcmVwYWlyX3dpdGhvdXRfcmVncmVzc2lvbl9pc19lZmZlY3RpdmUiLAogICAgInRlc3RzL3Rlc3Rfc3ByaW50NHVfc2VnbWVudF9yZW1lZGlhdGlvbi5weTo6dGVzdF9jcm9zc19zZWdtZW50X3JlZ3Jlc3Npb25fYmxvY2tzX3By
2026-09-10T08:15:36.6465829Z GO_EVIDENCE_B64 b21vdGlvbiIsCiAgICAidGVzdHMvdGVzdF9zcHJpbnQ0dV9zZWdtZW50X3JlbWVkaWF0aW9uLnB5Ojp0ZXN0X3NldmVyZV9jcm9zc19zZWdtZW50X3JlZ3Jlc3Npb25faXNfaGFybWZ1bCIsCiAgICAidGVzdHMvdGVzdF9zcHJpbnQ0dV9zZWdtZW50X3JlbWVkaWF0aW9uLnB5Ojp0ZXN0X3JlZnJlc2hfY2hhbGxlbmdlcl9jYW5ub3RfYnlwYXNzX3JlbWVkaWF0aW9uX2dhdGUiLAogICAgInRlc3RzL3Rlc3Rfc3ByaW50NHVfc2VnbWVudF9yZW1lZGlhdGlvbi5weTo6dGVzdF9lZmZlY3RpdmVfcmVtZWRpYXRpb25fdW5sb2Nrc19w
2026-09-10T08:15:36.6471313Z GO_EVIDENCE_B64 cm9tb3Rpb25fZ2F0ZV9hbmRfcHJlc2VydmVzX3N1cHBsaWVyX2ZhY3QiLAogICAgInRlc3RzL3Rlc3RfdjYxX2FwcF9saWZlc3Bhbi5weTo6dGVzdF92NjFfYXBwX2RlY2xhcmVzX2xpZmVzcGFuX3dpdGhvdXRfZGVwcmVjYXRlZF9vbl9ldmVudF9oYW5kbGVycyIsCiAgICAidGVzdHMvdGVzdF92NjFfYXBwX2xpZmVzcGFuLnB5Ojp0ZXN0X3Y2MV9saWZlc3Bhbl9wcmVzZXJ2ZXNfbGVnYWN5X3N0YXJ0dXBfYm9vdHN0cmFwX3NlbWFudGljcyIsCiAgICAidGVzdHMvdGVzdF93YXZlMDRfdjcwX3JlbGVhc2VfZ2F0ZV9jb250cmFj
2026-09-10T08:15:36.6476560Z GO_EVIDENCE_B64 dC5weTo6dGVzdF92NzBfaXNfdW5pcXVlX2NvbnRyb2xsaW5nX3NvbHV0aW9uX21hc3RlciIsCiAgICAidGVzdHMvdGVzdF93YXZlMDRfdjcwX3JlbGVhc2VfZ2F0ZV9jb250cmFjdC5weTo6dGVzdF9zb3VyY2VfY2FuZGlkYXRlX2hlYWRfaXNfMDExNF9hbmRfbm90X3N0YWdpbmdfZmFjdCIsCiAgICAidGVzdHMvdGVzdF93YXZlMDRfdjcwX3JlbGVhc2VfZ2F0ZV9jb250cmFjdC5weTo6dGVzdF9yZWxlYXNlX2NhbmRpZGF0ZV9tYW5pZmVzdF9oYXNfc2FtZV9taWdyYXRpb25fdHJ1dGhfc3BsaXQiLAogICAgInRlc3RzL3Rlc3Rf
2026-09-10T08:15:36.6482224Z GO_EVIDENCE_B64 d2F2ZTA0X3Y3MF9yZWxlYXNlX2dhdGVfY29udHJhY3QucHk6OnRlc3Rfd2F2ZTA3X2ZyZzAyX3JlbGVhc2VfaWRlbnRpdHlfYmluZHNfd2F2ZTA3X3BhcmVudF9zaGEiLAogICAgInRlc3RzL3Rlc3Rfd2F2ZTA0X3Y3MF9yZWxlYXNlX2dhdGVfY29udHJhY3QucHk6OnRlc3Rfd2F2ZTA3X2ZyZzAyX2JpbmRpbmdfaXNfbm90X2RlcGxveWVkX2FuZF9oYXNfc291cmNlX3NoYSIsCiAgICAidGVzdHMvdGVzdF93YXZlMDRfdjcwX3JlbGVhc2VfZ2F0ZV9jb250cmFjdC5weTo6dGVzdF92NzBfZ2F0ZV9pc19hdXRob3JpdGF0aXZlX2Fu
2026-09-10T08:15:36.6487435Z GO_EVIDENCE_B64 ZF9wcmVzZW50IiwKICAgICJ0ZXN0cy90ZXN0X3dhdmUwNF92NzBfcmVsZWFzZV9nYXRlX2NvbnRyYWN0LnB5Ojp0ZXN0XzAxMTNfMDExNF9taWdyYXRpb25fYnl0ZXNfYXJlX2F1ZGl0X2Zyb3plbiIsCiAgICAidGVzdHMvd29ya2JlbmNoL3Rlc3RfZ29fcGFyYWxsZWxfd29ya2JlbmNoX2J1aWxkMDEucHk6OnRlc3RfZm91cnRlZW5fd29ya3NwYWNlc19hbmRfc2V2ZW5fbGFuZXMiLAogICAgInRlc3RzL3dvcmtiZW5jaC90ZXN0X2dvX3BhcmFsbGVsX3dvcmtiZW5jaF9idWlsZDAxLnB5Ojp0ZXN0X2VhY2hfd29ya3NwYWNlX2hh
2026-09-10T08:15:36.6492805Z GO_EVIDENCE_B64 c19pbmRlcGVuZGVudF9icmFuY2hfYW5kX3dvcmt0cmVlX3ByZWZpeCIsCiAgICAidGVzdHMvd29ya2JlbmNoL3Rlc3RfZ29fcGFyYWxsZWxfd29ya2JlbmNoX2J1aWxkMDEucHk6OnRlc3RfZGVjb21wb3NpdGlvbl9idWlsZHNfaXNvbGF0ZWRfd29ya2l0ZW1zIiwKICAgICJ0ZXN0cy93b3JrYmVuY2gvdGVzdF9nb19wYXJhbGxlbF93b3JrYmVuY2hfYnVpbGQwMS5weTo6dGVzdF9jcm9zc19vd25lZF9wYXRoX2lzX2Jsb2NrZWQiLAogICAgInRlc3RzL3dvcmtiZW5jaC90ZXN0X2dvX3BhcmFsbGVsX3dvcmtiZW5jaF9idWlsZDAx
2026-09-10T08:15:36.6498125Z GO_EVIDENCE_B64 LnB5Ojp0ZXN0X2MxNF9jYW5ub3RfbXV0YXRlX2J1c2luZXNzX3RydXRoX3BhdGhzIiwKICAgICJ0ZXN0cy93b3JrYmVuY2gvdGVzdF9nb19wYXJhbGxlbF93b3JrYmVuY2hfYnVpbGQwMS5weTo6dGVzdF9kZXBlbmRlbmN5X2N5Y2xlX2ZhaWxzX2Nsb3NlZCIsCiAgICAidGVzdHMvd29ya2JlbmNoL3Rlc3RfZ29fcGFyYWxsZWxfd29ya2JlbmNoX2J1aWxkMDEucHk6OnRlc3RfYzA5X2NvbnN0aXR1dGlvbmFsX2Fzc2V0c19wcm90ZWN0ZWRfZnJvbV9vdGhlcl9jZWxscyIsCiAgICAidGVzdHMvd29ya2JlbmNoL3Rlc3RfZ29fcGFy
2026-09-10T08:15:36.6503438Z GO_EVIDENCE_B64 YWxsZWxfd29ya2JlbmNoX2J1aWxkMDEucHk6OnRlc3RfbWVyZ2VfcmVxdWlyZXNfYWxsX2dhdGVzIiwKICAgICJ0ZXN0cy93b3JrYmVuY2gvdGVzdF9nb19wYXJhbGxlbF93b3JrYmVuY2hfYnVpbGQwMS5weTo6dGVzdF9jMTNfbXVzdF9iZV9pbmRlcGVuZGVudF9xYSIsCiAgICAidGVzdHMvd29ya2JlbmNoL3Rlc3RfZ29fcGFyYWxsZWxfd29ya2JlbmNoX2J1aWxkMDEucHk6OnRlc3RfYzE0X211c3RfcmV2aWV3X2xlZ2FsX2dhdGUiLAogICAgInRlc3RzL3dvcmtiZW5jaC90ZXN0X2dvX3BhcmFsbGVsX3dvcmtiZW5jaF9idWls
2026-09-10T08:15:36.6508817Z GO_EVIDENCE_B64 ZDAxLnB5Ojp0ZXN0X3ZhbGlkX2NhbmRpZGF0ZV9jYW5fbWVyZ2UiLAogICAgInRlc3RzL3dvcmtiZW5jaC90ZXN0X2dvX3BhcmFsbGVsX3dvcmtiZW5jaF9idWlsZDAxLnB5Ojp0ZXN0X3BhcmFsbGVsX2NhbmRpZGF0ZV9wYXRoX2NvbGxpc2lvbl9mYWlscyIsCiAgICAidGVzdHMvd29ya2JlbmNoL3Rlc3Rfd2F2ZTA3X21jMDFfb3duZWRfcGF0aF9jbG9zdXJlLnB5Ojp0ZXN0X2V4YWN0X29uYm9hcmRpbmdfaW50ZWdyYXRpb25faXNfYzEyX293bmVkX3dpdGhvdXRfc2VydmljZXNfZGlyZWN0b3J5X3RyYW5zZmVyIiwKICAgICJ0
2026-09-10T08:15:36.6514031Z GO_EVIDENCE_B64 ZXN0cy93b3JrYmVuY2gvdGVzdF93YXZlMDdfbWMwMV9vd25lZF9wYXRoX2Nsb3N1cmUucHk6OnRlc3RfYzAxX2Nhbm5vdF9idWlsZF9jYXJ2ZWRfb3V0X29uYm9hcmRpbmdfc2VydmljZSIsCiAgICAidGVzdHMvd29ya2JlbmNoL3Rlc3Rfd2F2ZTA3X21jMDFfb3duZWRfcGF0aF9jbG9zdXJlLnB5Ojp0ZXN0X2MxMl9jYW5fYnVpbGRfb25seV90aGVfd2F2ZTA3X2ludGVncmF0aW9uX3BhdGhzIiwKICAgICJ0ZXN0cy93b3JrYmVuY2gvdGVzdF93YXZlMDdfbWMwMV9vd25lZF9wYXRoX2Nsb3N1cmUucHk6OnRlc3Rfb3duZXJzaGlw
2026-09-10T08:15:36.6519352Z GO_EVIDENCE_B64 X2NvbnRyYWN0X21hdGNoZXNfbWFjaGluZV9yZWdpc3RyeSIsCiAgICAidGVzdHMvd29ya2JlbmNoL3Rlc3Rfd2F2ZTA3X21jMDFfb3duZWRfcGF0aF9jbG9zdXJlLnB5Ojp0ZXN0X3dhdmUwN19jYW5kaWRhdGVfc2NvcGVfaXNfbWVyZ2VfY29udHJvbGxlcl9vd25lZF9wYXRoX3ZhbGlkIiwKICAgICJ0ZXN0cy93b3JrYmVuY2gvdGVzdF93YXZlMDdfcHJvdmlkZXJfb25ib2FyZGluZ19nb3Zlcm5hbmNlX3YxLnB5Ojp0ZXN0X3AxXzAxX2xlZ2FjeV9zZWNyZXRfd3JpdGVfaXNfaGFyZF9ibG9ja2VkX2JlZm9yZV9kYl9hY2Nlc3Mi
2026-09-10T08:15:36.6524586Z GO_EVIDENCE_B64 LAogICAgInRlc3RzL3dvcmtiZW5jaC90ZXN0X3dhdmUwN19wcm92aWRlcl9vbmJvYXJkaW5nX2dvdmVybmFuY2VfdjEucHk6OnRlc3RfcDFfMDJfbWFwcGluZ19nb3Zlcm5hbmNlX2lzX3ZlcnRpY2FsX25ldXRyYWxfZm9yX2FsbF9zaXhfdmVydGljYWxzIiwKICAgICJ0ZXN0cy93b3JrYmVuY2gvdGVzdF93YXZlMDdfcHJvdmlkZXJfb25ib2FyZGluZ19nb3Zlcm5hbmNlX3YxLnB5Ojp0ZXN0X21hcHBpbmdfbWlzc2luZ19zZWN0aW9uX2Jsb2Nrc19wcm9ncmVzc193aXRoX2RldGVybWluaXN0aWNfYmxvY2tlciIsCiAgICAidGVz
2026-09-10T08:15:36.6530141Z GO_EVIDENCE_B64 dHMvd29ya2JlbmNoL3Rlc3Rfd2F2ZTA3X3Byb3ZpZGVyX29uYm9hcmRpbmdfZ292ZXJuYW5jZV92MS5weTo6dGVzdF9wMV8wM19yZWFkaW5lc3NfZWxpZ2liaWxpdHlfaXNfc2FuZGJveF9vbmx5X2FuZF9uZXZlcl9saXZlIiwKICAgICJ0ZXN0cy93b3JrYmVuY2gvdGVzdF93YXZlMDdfcHJvdmlkZXJfb25ib2FyZGluZ19nb3Zlcm5hbmNlX3YxLnB5Ojp0ZXN0X2FpX2Nhbm5vdF9ncmFudF9wcm92aWRlcl9lbGlnaWJpbGl0eSIsCiAgICAidGVzdHMvd29ya2JlbmNoL3Rlc3Rfd2F2ZTA3X3Byb3ZpZGVyX29uYm9hcmRpbmdfZ292
2026-09-10T08:15:36.6535327Z GO_EVIDENCE_B64 ZXJuYW5jZV92MS5weTo6dGVzdF9yZWNlcnRpZmljYXRpb25fdHJpZ2dlcl9pc19mYWlsX2Nsb3NlZF9mb3JfYWxsX2dvdmVybmVkX2RyaWZ0W2NvbnRyYWN0XSIsCiAgICAidGVzdHMvd29ya2JlbmNoL3Rlc3Rfd2F2ZTA3X3Byb3ZpZGVyX29uYm9hcmRpbmdfZ292ZXJuYW5jZV92MS5weTo6dGVzdF9yZWNlcnRpZmljYXRpb25fdHJpZ2dlcl9pc19mYWlsX2Nsb3NlZF9mb3JfYWxsX2dvdmVybmVkX2RyaWZ0W21hcHBpbmddIiwKICAgICJ0ZXN0cy93b3JrYmVuY2gvdGVzdF93YXZlMDdfcHJvdmlkZXJfb25ib2FyZGluZ19nb3Zl
2026-09-10T08:15:36.6540604Z GO_EVIDENCE_B64 cm5hbmNlX3YxLnB5Ojp0ZXN0X3JlY2VydGlmaWNhdGlvbl90cmlnZ2VyX2lzX2ZhaWxfY2xvc2VkX2Zvcl9hbGxfZ292ZXJuZWRfZHJpZnRbY3JlZGVudGlhbF0iLAogICAgInRlc3RzL3dvcmtiZW5jaC90ZXN0X3dhdmUwN19wcm92aWRlcl9vbmJvYXJkaW5nX2dvdmVybmFuY2VfdjEucHk6OnRlc3RfcmVjZXJ0aWZpY2F0aW9uX3RyaWdnZXJfaXNfZmFpbF9jbG9zZWRfZm9yX2FsbF9nb3Zlcm5lZF9kcmlmdFtleHBpcnldIiwKICAgICJ0ZXN0cy93b3JrYmVuY2gvdGVzdF93YXZlMDdfcHJvdmlkZXJfb25ib2FyZGluZ19nb3Zl
2026-09-10T08:15:36.6545792Z GO_EVIDENCE_B64 cm5hbmNlX3YxLnB5Ojp0ZXN0X3JlY2VydGlmaWNhdGlvbl90cmlnZ2VyX2lzX2ZhaWxfY2xvc2VkX2Zvcl9hbGxfZ292ZXJuZWRfZHJpZnRbcmV2b2NhdGlvbl0iLAogICAgInRlc3RzL3dvcmtiZW5jaC90ZXN0X3dhdmUwN19wcm92aWRlcl9vbmJvYXJkaW5nX2dvdmVybmFuY2VfdjEucHk6OnRlc3RfaWxsZWdhbF9zdGF0ZV9qdW1wX2lzX3JlamVjdGVkIgogIF0sCiAgInJlcG9ydHMiOiB7CiAgICAidGVzdHMvaW50ZWdyYXRpb24vdGVzdF92NjFfYWlfaW5mcmFzdHJ1Y3R1cmVfcnVudGltZS5weTo6dGVzdF9tYW5pZmVzdF9l
2026-09-10T08:15:36.6551202Z GO_EVIDENCE_B64 eHBvc2VzX2FpX2FnZW50X2FzX2NsaWVudF9hbmRfZnJlZV9kaXN0cmlidXRpb24iOiBbCiAgICAgIHsKICAgICAgICAid2hlbiI6ICJzZXR1cCIsCiAgICAgICAgIm91dGNvbWUiOiAicGFzc2VkIgogICAgICB9LAogICAgICB7CiAgICAgICAgIndoZW4iOiAiY2FsbCIsCiAgICAgICAgIm91dGNvbWUiOiAicGFzc2VkIgogICAgICB9LAogICAgICB7CiAgICAgICAgIndoZW4iOiAidGVhcmRvd24iLAogICAgICAgICJvdXRjb21lIjogInBhc3NlZCIKICAgICAgfQogICAgXSwKICAgICJ0ZXN0cy9pbnRlZ3JhdGlvbi90ZXN0X3Y2
2026-09-10T08:15:36.6556568Z GO_EVIDENCE_B64 MV9haV9pbmZyYXN0cnVjdHVyZV9ydW50aW1lLnB5Ojp0ZXN0X2lkZW50aXR5X3JlbGVhc2VfbmV2ZXJfZXhwb3J0c19mdWxsX3ZhdWx0IjogWwogICAgICB7CiAgICAgICAgIndoZW4iOiAic2V0dXAiLAogICAgICAgICJvdXRjb21lIjogInBhc3NlZCIKICAgICAgfSwKICAgICAgewogICAgICAgICJ3aGVuIjogImNhbGwiLAogICAgICAgICJvdXRjb21lIjogInBhc3NlZCIKICAgICAgfSwKICAgICAgewogICAgICAgICJ3aGVuIjogInRlYXJkb3duIiwKICAgICAgICAib3V0Y29tZSI6ICJwYXNzZWQiCiAgICAgIH0KICAgIF0s
2026-09-10T08:15:36.6562001Z GO_EVIDENCE_B64 CiAgICAidGVzdHMvaW50ZWdyYXRpb24vdGVzdF92NjFfYWlfaW5mcmFzdHJ1Y3R1cmVfcnVudGltZS5weTo6dGVzdF9ib29raW5nX3BsYW5fcmVxdWlyZXNfc3VwcGxpZXJfZXZpZGVuY2UiOiBbCiAgICAgIHsKICAgICAgICAid2hlbiI6ICJzZXR1cCIsCiAgICAgICAgIm91dGNvbWUiOiAicGFzc2VkIgogICAgICB9LAogICAgICB7CiAgICAgICAgIndoZW4iOiAiY2FsbCIsCiAgICAgICAgIm91dGNvbWUiOiAicGFzc2VkIgogICAgICB9LAogICAgICB7CiAgICAgICAgIndoZW4iOiAidGVhcmRvd24iLAogICAgICAgICJvdXRj
2026-09-10T08:15:36.6567395Z GO_EVIDENCE_B64 b21lIjogInBhc3NlZCIKICAgICAgfQogICAgXSwKICAgICJ0ZXN0cy90ZXN0X2Nvbm5lY3Rvcl9vcHMucHk6OnRlc3RfY29ubmVjdG9yX2xpc3RfYW5kX2NlcnRpZnkiOiBbCiAgICAgIHsKICAgICAgICAid2hlbiI6ICJzZXR1cCIsCiAgICAgICAgIm91dGNvbWUiOiAicGFzc2VkIgogICAgICB9LAogICAgICB7CiAgICAgICAgIndoZW4iOiAiY2FsbCIsCiAgICAgICAgIm91dGNvbWUiOiAicGFzc2VkIgogICAgICB9LAogICAgICB7CiAgICAgICAgIndoZW4iOiAidGVhcmRvd24iLAogICAgICAgICJvdXRjb21lIjogInBhc3Nl
2026-09-10T08:15:36.6572831Z GO_EVIDENCE_B64 ZCIKICAgICAgfQogICAgXSwKICAgICJ0ZXN0cy90ZXN0X2Nvbm5lY3Rvcl9vcHMucHk6OnRlc3RfY29ubmVjdG9yX2hlYWx0aCI6IFsKICAgICAgewogICAgICAgICJ3aGVuIjogInNldHVwIiwKICAgICAgICAib3V0Y29tZSI6ICJwYXNzZWQiCiAgICAgIH0sCiAgICAgIHsKICAgICAgICAid2hlbiI6ICJjYWxsIiwKICAgICAgICAib3V0Y29tZSI6ICJwYXNzZWQiCiAgICAgIH0sCiAgICAgIHsKICAgICAgICAid2hlbiI6ICJ0ZWFyZG93biIsCiAgICAgICAgIm91dGNvbWUiOiAicGFzc2VkIgogICAgICB9CiAgICBdLAogICAg
2026-09-10T08:15:36.6578611Z GO_EVIDENCE_B64 InRlc3RzL3Rlc3RfZGVwdGgwOF9hcGlfYW5kX21pZ3JhdGlvbi5weTo6dGVzdF9hbGwxNF9vYnNlcnZhdGlvbnNfZXhlY3V0ZV9hZ2FpbnN0X2FwcGxpY2F0aW9uX2RhdGFiYXNlIjogWwogICAgICB7CiAgICAgICAgIndoZW4iOiAic2V0dXAiLAogICAgICAgICJvdXRjb21lIjogInBhc3NlZCIKICAgICAgfSwKICAgICAgewogICAgICAgICJ3aGVuIjogImNhbGwiLAogICAgICAgICJvdXRjb21lIjogInBhc3NlZCIKICAgICAgfSwKICAgICAgewogICAgICAgICJ3aGVuIjogInRlYXJkb3duIiwKICAgICAgICAib3V0Y29tZSI6
2026-09-10T08:15:36.6583924Z GO_EVIDENCE_B64 ICJwYXNzZWQiCiAgICAgIH0KICAgIF0sCiAgICAidGVzdHMvdGVzdF9kZXB0aDA4X2FwaV9hbmRfbWlncmF0aW9uLnB5Ojp0ZXN0X3F1ZXVlX211dGF0aW9uX3JlcXVpcmVzX2dvX2FkbWluX3J1bGVzX3Blcm1pc3Npb25bYW5vbnltb3VzXSI6IFsKICAgICAgewogICAgICAgICJ3aGVuIjogInNldHVwIiwKICAgICAgICAib3V0Y29tZSI6ICJwYXNzZWQiCiAgICAgIH0sCiAgICAgIHsKICAgICAgICAid2hlbiI6ICJjYWxsIiwKICAgICAgICAib3V0Y29tZSI6ICJwYXNzZWQiCiAgICAgIH0sCiAgICAgIHsKICAgICAgICAid2hl
2026-09-10T08:15:36.6589284Z GO_EVIDENCE_B64 biI6ICJ0ZWFyZG93biIsCiAgICAgICAgIm91dGNvbWUiOiAicGFzc2VkIgogICAgICB9CiAgICBdLAogICAgInRlc3RzL3Rlc3RfZGVwdGgwOF9hcGlfYW5kX21pZ3JhdGlvbi5weTo6dGVzdF9xdWV1ZV9tdXRhdGlvbl9yZXF1aXJlc19nb19hZG1pbl9ydWxlc19wZXJtaXNzaW9uW3N1cHBsaWVyXSI6IFsKICAgICAgewogICAgICAgICJ3aGVuIjogInNldHVwIiwKICAgICAgICAib3V0Y29tZSI6ICJwYXNzZWQiCiAgICAgIH0sCiAgICAgIHsKICAgICAgICAid2hlbiI6ICJjYWxsIiwKICAgICAgICAib3V0Y29tZSI6ICJwYXNz
2026-09-10T08:15:36.6594646Z GO_EVIDENCE_B64 ZWQiCiAgICAgIH0sCiAgICAgIHsKICAgICAgICAid2hlbiI6ICJ0ZWFyZG93biIsCiAgICAgICAgIm91dGNvbWUiOiAicGFzc2VkIgogICAgICB9CiAgICBdLAogICAgInRlc3RzL3Rlc3RfZGVwdGgwOF9hcGlfYW5kX21pZ3JhdGlvbi5weTo6dGVzdF9xdWV1ZV9tdXRhdGlvbl9yZXF1aXJlc19nb19hZG1pbl9ydWxlc19wZXJtaXNzaW9uW3JlYWRfb25seV0iOiBbCiAgICAgIHsKICAgICAgICAid2hlbiI6ICJzZXR1cCIsCiAgICAgICAgIm91dGNvbWUiOiAicGFzc2VkIgogICAgICB9LAogICAgICB7CiAgICAgICAgIndoZW4i
2026-09-10T08:15:36.6600106Z GO_EVIDENCE_B64 OiAiY2FsbCIsCiAgICAgICAgIm91dGNvbWUiOiAicGFzc2VkIgogICAgICB9LAogICAgICB7CiAgICAgICAgIndoZW4iOiAidGVhcmRvd24iLAogICAgICAgICJvdXRjb21lIjogInBhc3NlZCIKICAgICAgfQogICAgXSwKICAgICJ0ZXN0cy90ZXN0X2RlcHRoMDhfYXBpX2FuZF9taWdyYXRpb24ucHk6OnRlc3RfYXBpX3JlamVjdHNfY2xpZW50X3N1cHBsaWVkX2V4ZWN1dGlvbl9hdXRob3JpdHlbY2hhbmdlMF0iOiBbCiAgICAgIHsKICAgICAgICAid2hlbiI6ICJzZXR1cCIsCiAgICAgICAgIm91dGNvbWUiOiAicGFzc2VkIgog
2026-09-10T08:15:36.6605524Z GO_EVIDENCE_B64 ICAgICB9LAogICAgICB7CiAgICAgICAgIndoZW4iOiAiY2FsbCIsCiAgICAgICAgIm91dGNvbWUiOiAicGFzc2VkIgogICAgICB9LAogICAgICB7CiAgICAgICAgIndoZW4iOiAidGVhcmRvd24iLAogICAgICAgICJvdXRjb21lIjogInBhc3NlZCIKICAgICAgfQogICAgXSwKICAgICJ0ZXN0cy90ZXN0X2RlcHRoMDhfYXBpX2FuZF9taWdyYXRpb24ucHk6OnRlc3RfYXBpX3JlamVjdHNfY2xpZW50X3N1cHBsaWVkX2V4ZWN1dGlvbl9hdXRob3JpdHlbY2hhbmdlMV0iOiBbCiAgICAgIHsKICAgICAgICAid2hlbiI6ICJzZXR1cCIs
2026-09-10T08:15:36.6611005Z GO_EVIDENCE_B64 CiAgICAgICAgIm91dGNvbWUiOiAicGFzc2VkIgogICAgICB9LAogICAgICB7CiAgICAgICAgIndoZW4iOiAiY2FsbCIsCiAgICAgICAgIm91dGNvbWUiOiAicGFzc2VkIgogICAgICB9LAogICAgICB7CiAgICAgICAgIndoZW4iOiAidGVhcmRvd24iLAogICAgICAgICJvdXRjb21lIjogInBhc3NlZCIKICAgICAgfQogICAgXSwKICAgICJ0ZXN0cy90ZXN0X2RlcHRoMDhfYXBpX2FuZF9taWdyYXRpb24ucHk6OnRlc3RfYXBpX3JlamVjdHNfY2xpZW50X3N1cHBsaWVkX2V4ZWN1dGlvbl9hdXRob3JpdHlbY2hhbmdlMl0iOiBbCiAg
2026-09-10T08:15:36.6616395Z GO_EVIDENCE_B64 ICAgIHsKICAgICAgICAid2hlbiI6ICJzZXR1cCIsCiAgICAgICAgIm91dGNvbWUiOiAicGFzc2VkIgogICAgICB9LAogICAgICB7CiAgICAgICAgIndoZW4iOiAiY2FsbCIsCiAgICAgICAgIm91dGNvbWUiOiAicGFzc2VkIgogICAgICB9LAogICAgICB7CiAgICAgICAgIndoZW4iOiAidGVhcmRvd24iLAogICAgICAgICJvdXRjb21lIjogInBhc3NlZCIKICAgICAgfQogICAgXSwKICAgICJ0ZXN0cy90ZXN0X2RlcHRoMDhfYXBpX2FuZF9taWdyYXRpb24ucHk6OnRlc3RfYXBpX3JlamVjdHNfY2xpZW50X3N1cHBsaWVkX2V4ZWN1
2026-09-10T08:15:36.6621914Z GO_EVIDENCE_B64 dGlvbl9hdXRob3JpdHlbY2hhbmdlM10iOiBbCiAgICAgIHsKICAgICAgICAid2hlbiI6ICJzZXR1cCIsCiAgICAgICAgIm91dGNvbWUiOiAicGFzc2VkIgogICAgICB9LAogICAgICB7CiAgICAgICAgIndoZW4iOiAiY2FsbCIsCiAgICAgICAgIm91dGNvbWUiOiAicGFzc2VkIgogICAgICB9LAogICAgICB7CiAgICAgICAgIndoZW4iOiAidGVhcmRvd24iLAogICAgICAgICJvdXRjb21lIjogInBhc3NlZCIKICAgICAgfQogICAgXSwKICAgICJ0ZXN0cy90ZXN0X2RlcHRoMDhfYXBpX2FuZF9taWdyYXRpb24ucHk6OnRlc3RfYXBp
2026-09-10T08:15:36.6627444Z GO_EVIDENCE_B64 X3JlamVjdHNfY2xpZW50X3N1cHBsaWVkX2V4ZWN1dGlvbl9hdXRob3JpdHlbY2hhbmdlNF0iOiBbCiAgICAgIHsKICAgICAgICAid2hlbiI6ICJzZXR1cCIsCiAgICAgICAgIm91dGNvbWUiOiAicGFzc2VkIgogICAgICB9LAogICAgICB7CiAgICAgICAgIndoZW4iOiAiY2FsbCIsCiAgICAgICAgIm91dGNvbWUiOiAicGFzc2VkIgogICAgICB9LAogICAgICB7CiAgICAgICAgIndoZW4iOiAidGVhcmRvd24iLAogICAgICAgICJvdXRjb21lIjogInBhc3NlZCIKICAgICAgfQogICAgXSwKICAgICJ0ZXN0cy90ZXN0X2RlcHRoMDhf
2026-09-10T08:15:36.6633043Z GO_EVIDENCE_B64 YXBpX2FuZF9taWdyYXRpb24ucHk6OnRlc3RfYXBpX3JlamVjdHNfY2xpZW50X3N1cHBsaWVkX2V4ZWN1dGlvbl9hdXRob3JpdHlbY2hhbmdlNV0iOiBbCiAgICAgIHsKICAgICAgICAid2hlbiI6ICJzZXR1cCIsCiAgICAgICAgIm91dGNvbWUiOiAicGFzc2VkIgogICAgICB9LAogICAgICB7CiAgICAgICAgIndoZW4iOiAiY2FsbCIsCiAgICAgICAgIm91dGNvbWUiOiAicGFzc2VkIgogICAgICB9LAogICAgICB7CiAgICAgICAgIndoZW4iOiAidGVhcmRvd24iLAogICAgICAgICJvdXRjb21lIjogInBhc3NlZCIKICAgICAgfQog
2026-09-10T08:15:36.6638498Z GO_EVIDENCE_B64 ICAgXSwKICAgICJ0ZXN0cy90ZXN0X2RlcHRoMDhfYXBpX2FuZF9taWdyYXRpb24ucHk6OnRlc3RfcXVldWVkX29ic2VydmF0aW9uX2hvbGRzX2lmX2FkbWluX3JvbGVfaXNfcmV2b2tlZCI6IFsKICAgICAgewogICAgICAgICJ3aGVuIjogInNldHVwIiwKICAgICAgICAib3V0Y29tZSI6ICJwYXNzZWQiCiAgICAgIH0sCiAgICAgIHsKICAgICAgICAid2hlbiI6ICJjYWxsIiwKICAgICAgICAib3V0Y29tZSI6ICJwYXNzZWQiCiAgICAgIH0sCiAgICAgIHsKICAgICAgICAid2hlbiI6ICJ0ZWFyZG93biIsCiAgICAgICAgIm91dGNv
2026-09-10T08:15:36.6643921Z GO_EVIDENCE_B64 bWUiOiAicGFzc2VkIgogICAgICB9CiAgICBdLAogICAgInRlc3RzL3Rlc3RfZGVwdGgwOF9hcGlfYW5kX21pZ3JhdGlvbi5weTo6dGVzdF9hcGlfcGF1c2VfcmVzdW1lX2NhbmNlbF9hbmRfcmV2aXNpb25fY29uZmxpY3QiOiBbCiAgICAgIHsKICAgICAgICAid2hlbiI6ICJzZXR1cCIsCiAgICAgICAgIm91dGNvbWUiOiAicGFzc2VkIgogICAgICB9LAogICAgICB7CiAgICAgICAgIndoZW4iOiAiY2FsbCIsCiAgICAgICAgIm91dGNvbWUiOiAicGFzc2VkIgogICAgICB9LAogICAgICB7CiAgICAgICAgIndoZW4iOiAidGVhcmRv
2026-09-10T08:15:36.6649434Z GO_EVIDENCE_B64 d24iLAogICAgICAgICJvdXRjb21lIjogInBhc3NlZCIKICAgICAgfQogICAgXSwKICAgICJ0ZXN0cy90ZXN0X2RlcHRoMDhfYXBpX2FuZF9taWdyYXRpb24ucHk6OnRlc3Rfd29ya2VyX2NsaV9wcm9jZXNzX2NvbnN1bWVzX3BlcnNpc3RlZF9xdWV1ZSI6IFsKICAgICAgewogICAgICAgICJ3aGVuIjogInNldHVwIiwKICAgICAgICAib3V0Y29tZSI6ICJwYXNzZWQiCiAgICAgIH0sCiAgICAgIHsKICAgICAgICAid2hlbiI6ICJjYWxsIiwKICAgICAgICAib3V0Y29tZSI6ICJwYXNzZWQiCiAgICAgIH0sCiAgICAgIHsKICAgICAg
2026-09-10T08:15:36.6654833Z GO_EVIDENCE_B64 ICAid2hlbiI6ICJ0ZWFyZG93biIsCiAgICAgICAgIm91dGNvbWUiOiAicGFzc2VkIgogICAgICB9CiAgICBdLAogICAgInRlc3RzL3Rlc3RfZGVwdGgwOF9hcGlfYW5kX21pZ3JhdGlvbi5weTo6dGVzdF9taWdyYXRpb25fcm91bmR0cmlwX3ByZXNlcnZlc19wcmlvcl9kYXRhX2FuZF9wcm90ZWN0c19leGVjdXRpb25fZXZpZGVuY2UiOiBbCiAgICAgIHsKICAgICAgICAid2hlbiI6ICJzZXR1cCIsCiAgICAgICAgIm91dGNvbWUiOiAicGFzc2VkIgogICAgICB9LAogICAgICB7CiAgICAgICAgIndoZW4iOiAiY2FsbCIsCiAgICAg
2026-09-10T08:15:36.6660252Z GO_EVIDENCE_B64 ICAgIm91dGNvbWUiOiAicGFzc2VkIgogICAgICB9LAogICAgICB7CiAgICAgICAgIndoZW4iOiAidGVhcmRvd24iLAogICAgICAgICJvdXRjb21lIjogInBhc3NlZCIKICAgICAgfQogICAgXSwKICAgICJ0ZXN0cy90ZXN0X2RlcHRoMTFfY2F0YWxvZ19hcGkucHk6OnRlc3RfYXBpX2luZGVwZW5kZW50X3Blcm1pc3Npb25fc3RhbGVfZXZpZGVuY2VfYW5kX2N1c3RvbWVyX3Byb2dyZXNzIjogWwogICAgICB7CiAgICAgICAgIndoZW4iOiAic2V0dXAiLAogICAgICAgICJvdXRjb21lIjogInBhc3NlZCIKICAgICAgfSwKICAgICAg
2026-09-10T08:15:36.6665697Z GO_EVIDENCE_B64 ewogICAgICAgICJ3aGVuIjogImNhbGwiLAogICAgICAgICJvdXRjb21lIjogInBhc3NlZCIKICAgICAgfSwKICAgICAgewogICAgICAgICJ3aGVuIjogInRlYXJkb3duIiwKICAgICAgICAib3V0Y29tZSI6ICJwYXNzZWQiCiAgICAgIH0KICAgIF0sCiAgICAidGVzdHMvdGVzdF9kZXB0aDExX2NhdGFsb2dfYXBpLnB5Ojp0ZXN0X3NlcnZpY2VfcmVxdWVzdGVyX3dpdGhfZmluYW5jZV9yb2xlX2Nhbm5vdF9hcHByb3ZlX293bl9zdXBwbGllcl9yZXF1ZXN0IjogWwogICAgICB7CiAgICAgICAgIndoZW4iOiAic2V0dXAiLAogICAg
2026-09-10T08:15:36.6671284Z GO_EVIDENCE_B64 ICAgICJvdXRjb21lIjogInBhc3NlZCIKICAgICAgfSwKICAgICAgewogICAgICAgICJ3aGVuIjogImNhbGwiLAogICAgICAgICJvdXRjb21lIjogInBhc3NlZCIKICAgICAgfSwKICAgICAgewogICAgICAgICJ3aGVuIjogInRlYXJkb3duIiwKICAgICAgICAib3V0Y29tZSI6ICJwYXNzZWQiCiAgICAgIH0KICAgIF0sCiAgICAidGVzdHMvdGVzdF9kZXB0aDEzX2NhdGFsb2dfZmFyZV9hcGkucHk6OnRlc3Rfc3VwcGxpZXJfcHVibGlzaGVzX29ubHlfb3duX3J1bGVfd2l0aF9leHBsaWNpdF92ZXJzaW9uX2NvbmZpcm1hdGlvbiI6
2026-09-10T08:15:36.6676756Z GO_EVIDENCE_B64 IFsKICAgICAgewogICAgICAgICJ3aGVuIjogInNldHVwIiwKICAgICAgICAib3V0Y29tZSI6ICJwYXNzZWQiCiAgICAgIH0sCiAgICAgIHsKICAgICAgICAid2hlbiI6ICJjYWxsIiwKICAgICAgICAib3V0Y29tZSI6ICJwYXNzZWQiCiAgICAgIH0sCiAgICAgIHsKICAgICAgICAid2hlbiI6ICJ0ZWFyZG93biIsCiAgICAgICAgIm91dGNvbWUiOiAicGFzc2VkIgogICAgICB9CiAgICBdLAogICAgInRlc3RzL3Rlc3RfZGVwdGgxM19jYXRhbG9nX2ZhcmVfYXBpLnB5Ojp0ZXN0X21vYmlsZV9jb252ZXJzaW9uX3VzZXNfc2FtZV9l
2026-09-10T08:15:36.6682860Z GO_EVIDENCE_B64 eHBsaWNpdF9jb250cmFjdF9hbmRfaWRlbXBvdGVudF9yZXN1bHQiOiBbCiAgICAgIHsKICAgICAgICAid2hlbiI6ICJzZXR1cCIsCiAgICAgICAgIm91dGNvbWUiOiAicGFzc2VkIgogICAgICB9LAogICAgICB7CiAgICAgICAgIndoZW4iOiAiY2FsbCIsCiAgICAgICAgIm91dGNvbWUiOiAicGFzc2VkIgogICAgICB9LAogICAgICB7CiAgICAgICAgIndoZW4iOiAidGVhcmRvd24iLAogICAgICAgICJvdXRjb21lIjogInBhc3NlZCIKICAgICAgfQogICAgXSwKICAgICJ0ZXN0cy90ZXN0X2RlcHRoMTNfY2F0YWxvZ19mYXJlX2Fw
2026-09-10T08:15:36.6688368Z GO_EVIDENCE_B64 aS5weTo6dGVzdF9sZWdhY3lfc3VwcGxpZXJfZXhlY3V0aW9uX2Nhbm5vdF9ieXBhc3NfY3VzdG9tZXJfY29uc2VudF9vcl9mYXVsdF9yZXZpZXciOiBbCiAgICAgIHsKICAgICAgICAid2hlbiI6ICJzZXR1cCIsCiAgICAgICAgIm91dGNvbWUiOiAicGFzc2VkIgogICAgICB9LAogICAgICB7CiAgICAgICAgIndoZW4iOiAiY2FsbCIsCiAgICAgICAgIm91dGNvbWUiOiAicGFzc2VkIgogICAgICB9LAogICAgICB7CiAgICAgICAgIndoZW4iOiAidGVhcmRvd24iLAogICAgICAgICJvdXRjb21lIjogInBhc3NlZCIKICAgICAgfQog
2026-09-10T08:15:36.6693736Z GO_EVIDENCE_B64 ICAgXSwKICAgICJ0ZXN0cy90ZXN0X2RlcHRoMTNfbWlncmF0aW9uLnB5Ojp0ZXN0X3J1bGVfc25hcHNob3RfbWlncmF0aW9uX3ByZXNlcnZlc19oaXN0b3JpY2FsX2NyZWRpdF9hbmRfb3JkZXJfd2l0aG91dF9mYWJyaWNhdGlvbiI6IFsKICAgICAgewogICAgICAgICJ3aGVuIjogInNldHVwIiwKICAgICAgICAib3V0Y29tZSI6ICJwYXNzZWQiCiAgICAgIH0sCiAgICAgIHsKICAgICAgICAid2hlbiI6ICJjYWxsIiwKICAgICAgICAib3V0Y29tZSI6ICJwYXNzZWQiCiAgICAgIH0sCiAgICAgIHsKICAgICAgICAid2hlbiI6ICJ0
2026-09-10T08:15:36.6699138Z GO_EVIDENCE_B64 ZWFyZG93biIsCiAgICAgICAgIm91dGNvbWUiOiAicGFzc2VkIgogICAgICB9CiAgICBdLAogICAgInRlc3RzL3Rlc3RfZGVwdGgxNF9jYXNoX2ZhcmVfYXBpLnB5Ojp0ZXN0X21vYmlsZV9jYXNoX2NhbmNlbF9yZXF1aXJlc19vd25lZF9xdW90ZV9hbmRfcmVwbGF5c19zYW1lX3dlYl9yZXF1ZXN0IjogWwogICAgICB7CiAgICAgICAgIndoZW4iOiAic2V0dXAiLAogICAgICAgICJvdXRjb21lIjogInBhc3NlZCIKICAgICAgfSwKICAgICAgewogICAgICAgICJ3aGVuIjogImNhbGwiLAogICAgICAgICJvdXRjb21lIjogInBhc3Nl
2026-09-10T08:15:36.6704496Z GO_EVIDENCE_B64 ZCIKICAgICAgfSwKICAgICAgewogICAgICAgICJ3aGVuIjogInRlYXJkb3duIiwKICAgICAgICAib3V0Y29tZSI6ICJwYXNzZWQiCiAgICAgIH0KICAgIF0sCiAgICAidGVzdHMvdGVzdF9kZXB0aDE0X2Nhc2hfZmFyZV9hcGkucHk6OnRlc3RfbmF0aXZlX2FuZF93ZWJfY2hhbmdlX3NoYXJlX29wZXJhdGlvbl9yZWNvdmVyeV9hbmRfb3JkZXJfcHJvZ3Jlc3MiOiBbCiAgICAgIHsKICAgICAgICAid2hlbiI6ICJzZXR1cCIsCiAgICAgICAgIm91dGNvbWUiOiAicGFzc2VkIgogICAgICB9LAogICAgICB7CiAgICAgICAgIndoZW4i
2026-09-10T08:15:36.6709919Z GO_EVIDENCE_B64 OiAiY2FsbCIsCiAgICAgICAgIm91dGNvbWUiOiAicGFzc2VkIgogICAgICB9LAogICAgICB7CiAgICAgICAgIndoZW4iOiAidGVhcmRvd24iLAogICAgICAgICJvdXRjb21lIjogInBhc3NlZCIKICAgICAgfQogICAgXSwKICAgICJ0ZXN0cy90ZXN0X2RlcHRoMTRfY2FzaF9mYXJlX2FwaS5weTo6dGVzdF9zdGF0dXNfYW5kX3Jlc3VtZV9kb19ub3RfYWNjZXB0X2Fub3RoZXJfb3JkZXJfb3BlcmF0aW9uX2lkIjogWwogICAgICB7CiAgICAgICAgIndoZW4iOiAic2V0dXAiLAogICAgICAgICJvdXRjb21lIjogInBhc3NlZCIKICAg
2026-09-10T08:15:36.6715314Z GO_EVIDENCE_B64 ICAgfSwKICAgICAgewogICAgICAgICJ3aGVuIjogImNhbGwiLAogICAgICAgICJvdXRjb21lIjogInBhc3NlZCIKICAgICAgfSwKICAgICAgewogICAgICAgICJ3aGVuIjogInRlYXJkb3duIiwKICAgICAgICAib3V0Y29tZSI6ICJwYXNzZWQiCiAgICAgIH0KICAgIF0sCiAgICAidGVzdHMvdGVzdF9kZXB0aDE0X2Nhc2hfZmFyZV9hcGkucHk6OnRlc3RfbW9iaWxlX3BheW1lbnRfcmV0cnlfcmVxdWlyZXNfYm9vbGVhbl9jb25maXJtYXRpb25fYW5kX29yaWdpbmFsX2hhc2giOiBbCiAgICAgIHsKICAgICAgICAid2hlbiI6ICJz
2026-09-10T08:15:36.6720789Z GO_EVIDENCE_B64 ZXR1cCIsCiAgICAgICAgIm91dGNvbWUiOiAicGFzc2VkIgogICAgICB9LAogICAgICB7CiAgICAgICAgIndoZW4iOiAiY2FsbCIsCiAgICAgICAgIm91dGNvbWUiOiAicGFzc2VkIgogICAgICB9LAogICAgICB7CiAgICAgICAgIndoZW4iOiAidGVhcmRvd24iLAogICAgICAgICJvdXRjb21lIjogInBhc3NlZCIKICAgICAgfQogICAgXSwKICAgICJ0ZXN0cy90ZXN0X2RlcHRoMTRfbWlncmF0aW9uLnB5Ojp0ZXN0X2Nhc2hfZmFyZV9taWdyYXRpb25fcm91bmR0cmlwX25ldmVyX2JhY2tmaWxsc19oaXN0b3JpY2FsX2NvbnNlbnQi
2026-09-10T08:15:36.6726138Z GO_EVIDENCE_B64 OiBbCiAgICAgIHsKICAgICAgICAid2hlbiI6ICJzZXR1cCIsCiAgICAgICAgIm91dGNvbWUiOiAicGFzc2VkIgogICAgICB9LAogICAgICB7CiAgICAgICAgIndoZW4iOiAiY2FsbCIsCiAgICAgICAgIm91dGNvbWUiOiAicGFzc2VkIgogICAgICB9LAogICAgICB7CiAgICAgICAgIndoZW4iOiAidGVhcmRvd24iLAogICAgICAgICJvdXRjb21lIjogInBhc3NlZCIKICAgICAgfQogICAgXSwKICAgICJ0ZXN0cy90ZXN0X2RlcHRoMTlfYXBpX21pZ3JhdGlvbi5weTo6dGVzdF9odHRwX3JlYWRfbm9fc3RvcmVfYW5kX293bmVyX2lz
2026-09-10T08:15:36.6731884Z GO_EVIDENCE_B64 b2xhdGlvbiI6IFsKICAgICAgewogICAgICAgICJ3aGVuIjogInNldHVwIiwKICAgICAgICAib3V0Y29tZSI6ICJwYXNzZWQiCiAgICAgIH0sCiAgICAgIHsKICAgICAgICAid2hlbiI6ICJjYWxsIiwKICAgICAgICAib3V0Y29tZSI6ICJwYXNzZWQiCiAgICAgIH0sCiAgICAgIHsKICAgICAgICAid2hlbiI6ICJ0ZWFyZG93biIsCiAgICAgICAgIm91dGNvbWUiOiAicGFzc2VkIgogICAgICB9CiAgICBdLAogICAgInRlc3RzL3Rlc3RfZGVwdGgxOV9hcGlfbWlncmF0aW9uLnB5Ojp0ZXN0X2h0dHBfZmFjdF93cml0ZV9yZXF1aXJl
2026-09-10T08:15:36.6737235Z GO_EVIDENCE_B64 c19nb19hZG1pbl9hbmRfcnVsZV9wZXJtaXNzaW9uIjogWwogICAgICB7CiAgICAgICAgIndoZW4iOiAic2V0dXAiLAogICAgICAgICJvdXRjb21lIjogInBhc3NlZCIKICAgICAgfSwKICAgICAgewogICAgICAgICJ3aGVuIjogImNhbGwiLAogICAgICAgICJvdXRjb21lIjogInBhc3NlZCIKICAgICAgfSwKICAgICAgewogICAgICAgICJ3aGVuIjogInRlYXJkb3duIiwKICAgICAgICAib3V0Y29tZSI6ICJwYXNzZWQiCiAgICAgIH0KICAgIF0sCiAgICAidGVzdHMvdGVzdF9kZXB0aDE5X2FwaV9taWdyYXRpb24ucHk6OnRlc3Rf
2026-09-10T08:15:36.6742890Z GO_EVIDENCE_B64 aHR0cF9iaW5kaW5nX29wdGlvbnNfcmV2aXNpb25fYW5kX2N1c3RvbWVyX3J1bGVzIjogWwogICAgICB7CiAgICAgICAgIndoZW4iOiAic2V0dXAiLAogICAgICAgICJvdXRjb21lIjogInBhc3NlZCIKICAgICAgfSwKICAgICAgewogICAgICAgICJ3aGVuIjogImNhbGwiLAogICAgICAgICJvdXRjb21lIjogInBhc3NlZCIKICAgICAgfSwKICAgICAgewogICAgICAgICJ3aGVuIjogInRlYXJkb3duIiwKICAgICAgICAib3V0Y29tZSI6ICJwYXNzZWQiCiAgICAgIH0KICAgIF0sCiAgICAidGVzdHMvdGVzdF9kZXB0aDE5X2FwaV9t
2026-09-10T08:15:36.6748286Z GO_EVIDENCE_B64 aWdyYXRpb24ucHk6OnRlc3RfYXV0aG9yaXR5X2FwaV90d29fcmV2aWV3ZXJzX2FuZF9vcHNfaG9sZF9xdWV1ZSI6IFsKICAgICAgewogICAgICAgICJ3aGVuIjogInNldHVwIiwKICAgICAgICAib3V0Y29tZSI6ICJwYXNzZWQiCiAgICAgIH0sCiAgICAgIHsKICAgICAgICAid2hlbiI6ICJjYWxsIiwKICAgICAgICAib3V0Y29tZSI6ICJwYXNzZWQiCiAgICAgIH0sCiAgICAgIHsKICAgICAgICAid2hlbiI6ICJ0ZWFyZG93biIsCiAgICAgICAgIm91dGNvbWUiOiAicGFzc2VkIgogICAgICB9CiAgICBdLAogICAgInRlc3RzL3Rl
2026-09-10T08:15:36.6753652Z GO_EVIDENCE_B64 c3RfZGVwdGgxOV9hcGlfbWlncmF0aW9uLnB5Ojp0ZXN0X21pZ3JhdGlvbl9yb3VuZHRyaXBfcHJlc2VydmVzX2xlZ2FjeV9hbmRfcmVmdXNlc19mYWN0X2V2aWRlbmNlX2xvc3MiOiBbCiAgICAgIHsKICAgICAgICAid2hlbiI6ICJzZXR1cCIsCiAgICAgICAgIm91dGNvbWUiOiAicGFzc2VkIgogICAgICB9LAogICAgICB7CiAgICAgICAgIndoZW4iOiAiY2FsbCIsCiAgICAgICAgIm91dGNvbWUiOiAicGFzc2VkIgogICAgICB9LAogICAgICB7CiAgICAgICAgIndoZW4iOiAidGVhcmRvd24iLAogICAgICAgICJvdXRjb21lIjog
2026-09-10T08:15:36.6759042Z GO_EVIDENCE_B64 InBhc3NlZCIKICAgICAgfQogICAgXSwKICAgICJ0ZXN0cy90ZXN0X2RlcHRoMTlfYXBpX21pZ3JhdGlvbi5weTo6dGVzdF9tYWxmb3JtZWRfc2lnbmVkX2ZhY3RfZmllbGRzX3JldHVybl9jb250cm9sbGVkX2Vycm9yc1traW5kLXZhbHVlMF0iOiBbCiAgICAgIHsKICAgICAgICAid2hlbiI6ICJzZXR1cCIsCiAgICAgICAgIm91dGNvbWUiOiAicGFzc2VkIgogICAgICB9LAogICAgICB7CiAgICAgICAgIndoZW4iOiAiY2FsbCIsCiAgICAgICAgIm91dGNvbWUiOiAicGFzc2VkIgogICAgICB9LAogICAgICB7CiAgICAgICAgIndo
2026-09-10T08:15:36.6764333Z GO_EVIDENCE_B64 ZW4iOiAidGVhcmRvd24iLAogICAgICAgICJvdXRjb21lIjogInBhc3NlZCIKICAgICAgfQogICAgXSwKICAgICJ0ZXN0cy90ZXN0X2RlcHRoMTlfYXBpX21pZ3JhdGlvbi5weTo6dGVzdF9tYWxmb3JtZWRfc2lnbmVkX2ZhY3RfZmllbGRzX3JldHVybl9jb250cm9sbGVkX2Vycm9yc1tzdWJqZWN0LXZhbHVlMV0iOiBbCiAgICAgIHsKICAgICAgICAid2hlbiI6ICJzZXR1cCIsCiAgICAgICAgIm91dGNvbWUiOiAicGFzc2VkIgogICAgICB9LAogICAgICB7CiAgICAgICAgIndoZW4iOiAiY2FsbCIsCiAgICAgICAgIm91dGNvbWUi
2026-09-10T08:15:36.6769771Z GO_EVIDENCE_B64 OiAicGFzc2VkIgogICAgICB9LAogICAgICB7CiAgICAgICAgIndoZW4iOiAidGVhcmRvd24iLAogICAgICAgICJvdXRjb21lIjogInBhc3NlZCIKICAgICAgfQogICAgXSwKICAgICJ0ZXN0cy90ZXN0X2RlcHRoMTlfYXBpX21pZ3JhdGlvbi5weTo6dGVzdF9tYWxmb3JtZWRfc2lnbmVkX2ZhY3RfZmllbGRzX3JldHVybl9jb250cm9sbGVkX2Vycm9yc1tkYXRhLXZhbHVlMl0iOiBbCiAgICAgIHsKICAgICAgICAid2hlbiI6ICJzZXR1cCIsCiAgICAgICAgIm91dGNvbWUiOiAicGFzc2VkIgogICAgICB9LAogICAgICB7CiAgICAg
2026-09-10T08:15:36.6775080Z GO_EVIDENCE_B64 ICAgIndoZW4iOiAiY2FsbCIsCiAgICAgICAgIm91dGNvbWUiOiAicGFzc2VkIgogICAgICB9LAogICAgICB7CiAgICAgICAgIndoZW4iOiAidGVhcmRvd24iLAogICAgICAgICJvdXRjb21lIjogInBhc3NlZCIKICAgICAgfQogICAgXSwKICAgICJ0ZXN0cy90ZXN0X2RlcHRoMTlfYXBpX21pZ3JhdGlvbi5weTo6dGVzdF9tYWxmb3JtZWRfc2lnbmVkX2ZhY3RfZmllbGRzX3JldHVybl9jb250cm9sbGVkX2Vycm9yc1tkYXRhLXZhbHVlM10iOiBbCiAgICAgIHsKICAgICAgICAid2hlbiI6ICJzZXR1cCIsCiAgICAgICAgIm91dGNv
2026-09-10T08:15:36.6780911Z GO_EVIDENCE_B64 bWUiOiAicGFzc2VkIgogICAgICB9LAogICAgICB7CiAgICAgICAgIndoZW4iOiAiY2FsbCIsCiAgICAgICAgIm91dGNvbWUiOiAicGFzc2VkIgogICAgICB9LAogICAgICB7CiAgICAgICAgIndoZW4iOiAidGVhcmRvd24iLAogICAgICAgICJvdXRjb21lIjogInBhc3NlZCIKICAgICAgfQogICAgXSwKICAgICJ0ZXN0cy90ZXN0X2RlcHRoMjBfYXR0cmFjdGlvbl9jb250cmFjdC5weTo6dGVzdF9wZXJzaXN0ZWRfcXVvdGVfYmluZHNfc2Vzc2lvbl9wYXJ0eV9hbmRfbG9ja2VkX3RvdGFsIjogWwogICAgICB7CiAgICAgICAgIndo
2026-09-10T08:15:36.6786286Z GO_EVIDENCE_B64 ZW4iOiAic2V0dXAiLAogICAgICAgICJvdXRjb21lIjogInBhc3NlZCIKICAgICAgfSwKICAgICAgewogICAgICAgICJ3aGVuIjogImNhbGwiLAogICAgICAgICJvdXRjb21lIjogInBhc3NlZCIKICAgICAgfSwKICAgICAgewogICAgICAgICJ3aGVuIjogInRlYXJkb3duIiwKICAgICAgICAib3V0Y29tZSI6ICJwYXNzZWQiCiAgICAgIH0KICAgIF0sCiAgICAidGVzdHMvdGVzdF9kZXB0aDIwX2F0dHJhY3Rpb25fY29udHJhY3QucHk6OnRlc3RfdW5xdW90ZWRfb3JkZXJfYW5kX3VubGlzdGVkX3Nlc3Npb25fYXJlX3JlamVjdGVk
2026-09-10T08:15:36.6791779Z GO_EVIDENCE_B64 IjogWwogICAgICB7CiAgICAgICAgIndoZW4iOiAic2V0dXAiLAogICAgICAgICJvdXRjb21lIjogInBhc3NlZCIKICAgICAgfSwKICAgICAgewogICAgICAgICJ3aGVuIjogImNhbGwiLAogICAgICAgICJvdXRjb21lIjogInBhc3NlZCIKICAgICAgfSwKICAgICAgewogICAgICAgICJ3aGVuIjogInRlYXJkb3duIiwKICAgICAgICAib3V0Y29tZSI6ICJwYXNzZWQiCiAgICAgIH0KICAgIF0sCiAgICAidGVzdHMvdGVzdF9kZXB0aDIwX2F0dHJhY3Rpb25fY29udHJhY3QucHk6OnRlc3RfY2xpZW50X2Nhbm5vdF9jaGFuZ2VfcXVv
2026-09-10T08:15:36.6797158Z GO_EVIDENCE_B64 dGVfdGVybXNbcXVhbnRpdHktMV0iOiBbCiAgICAgIHsKICAgICAgICAid2hlbiI6ICJzZXR1cCIsCiAgICAgICAgIm91dGNvbWUiOiAicGFzc2VkIgogICAgICB9LAogICAgICB7CiAgICAgICAgIndoZW4iOiAiY2FsbCIsCiAgICAgICAgIm91dGNvbWUiOiAicGFzc2VkIgogICAgICB9LAogICAgICB7CiAgICAgICAgIndoZW4iOiAidGVhcmRvd24iLAogICAgICAgICJvdXRjb21lIjogInBhc3NlZCIKICAgICAgfQogICAgXSwKICAgICJ0ZXN0cy90ZXN0X2RlcHRoMjBfYXR0cmFjdGlvbl9jb250cmFjdC5weTo6dGVzdF9jbGll
2026-09-10T08:15:36.6802635Z GO_EVIDENCE_B64 bnRfY2Fubm90X2NoYW5nZV9xdW90ZV90ZXJtc1tjdXJyZW5jeS1VU0RdIjogWwogICAgICB7CiAgICAgICAgIndoZW4iOiAic2V0dXAiLAogICAgICAgICJvdXRjb21lIjogInBhc3NlZCIKICAgICAgfSwKICAgICAgewogICAgICAgICJ3aGVuIjogImNhbGwiLAogICAgICAgICJvdXRjb21lIjogInBhc3NlZCIKICAgICAgfSwKICAgICAgewogICAgICAgICJ3aGVuIjogInRlYXJkb3duIiwKICAgICAgICAib3V0Y29tZSI6ICJwYXNzZWQiCiAgICAgIH0KICAgIF0sCiAgICAidGVzdHMvdGVzdF9kZXB0aDIwX2F0dHJhY3Rpb25f
2026-09-10T08:15:36.6808035Z GO_EVIDENCE_B64 Y29udHJhY3QucHk6OnRlc3RfY2xpZW50X2Nhbm5vdF9jaGFuZ2VfcXVvdGVfdGVybXNbdmlzaXRfZGF0ZS0yMDMwLTAxLTAxXSI6IFsKICAgICAgewogICAgICAgICJ3aGVuIjogInNldHVwIiwKICAgICAgICAib3V0Y29tZSI6ICJwYXNzZWQiCiAgICAgIH0sCiAgICAgIHsKICAgICAgICAid2hlbiI6ICJjYWxsIiwKICAgICAgICAib3V0Y29tZSI6ICJwYXNzZWQiCiAgICAgIH0sCiAgICAgIHsKICAgICAgICAid2hlbiI6ICJ0ZWFyZG93biIsCiAgICAgICAgIm91dGNvbWUiOiAicGFzc2VkIgogICAgICB9CiAgICBdLAogICAg
2026-09-10T08:15:36.6813341Z GO_EVIDENCE_B64 InRlc3RzL3Rlc3RfZGVwdGgyMF9hdHRyYWN0aW9uX2NvbnRyYWN0LnB5Ojp0ZXN0X2NsaWVudF9jYW5ub3RfY2hhbmdlX3F1b3RlX3Rlcm1zW3Nlc3Npb25fdGltZS0wMzoxN10iOiBbCiAgICAgIHsKICAgICAgICAid2hlbiI6ICJzZXR1cCIsCiAgICAgICAgIm91dGNvbWUiOiAicGFzc2VkIgogICAgICB9LAogICAgICB7CiAgICAgICAgIndoZW4iOiAiY2FsbCIsCiAgICAgICAgIm91dGNvbWUiOiAicGFzc2VkIgogICAgICB9LAogICAgICB7CiAgICAgICAgIndoZW4iOiAidGVhcmRvd24iLAogICAgICAgICJvdXRjb21lIjog
2026-09-10T08:15:36.6818688Z GO_EVIDENCE_B64 InBhc3NlZCIKICAgICAgfQogICAgXSwKICAgICJ0ZXN0cy90ZXN0X2RlcHRoMjBfYXR0cmFjdGlvbl9jb250cmFjdC5weTo6dGVzdF9jbGllbnRfY2Fubm90X2NoYW5nZV9xdW90ZV90ZXJtc1tvZmZlcl9pZC10ZWFtbGFiX3BsYW5ldHNdIjogWwogICAgICB7CiAgICAgICAgIndoZW4iOiAic2V0dXAiLAogICAgICAgICJvdXRjb21lIjogInBhc3NlZCIKICAgICAgfSwKICAgICAgewogICAgICAgICJ3aGVuIjogImNhbGwiLAogICAgICAgICJvdXRjb21lIjogInBhc3NlZCIKICAgICAgfSwKICAgICAgewogICAgICAgICJ3aGVu
2026-09-10T08:15:36.6823983Z GO_EVIDENCE_B64 IjogInRlYXJkb3duIiwKICAgICAgICAib3V0Y29tZSI6ICJwYXNzZWQiCiAgICAgIH0KICAgIF0sCiAgICAidGVzdHMvdGVzdF9kZXB0aDIwX2F0dHJhY3Rpb25fY29udHJhY3QucHk6OnRlc3RfcXVhbnRpdHlfYW5kX2F0dGVuZGVlc19tdXN0X21hdGNoIjogWwogICAgICB7CiAgICAgICAgIndoZW4iOiAic2V0dXAiLAogICAgICAgICJvdXRjb21lIjogInBhc3NlZCIKICAgICAgfSwKICAgICAgewogICAgICAgICJ3aGVuIjogImNhbGwiLAogICAgICAgICJvdXRjb21lIjogInBhc3NlZCIKICAgICAgfSwKICAgICAgewogICAg
2026-09-10T08:15:36.6829786Z GO_EVIDENCE_B64 ICAgICJ3aGVuIjogInRlYXJkb3duIiwKICAgICAgICAib3V0Y29tZSI6ICJwYXNzZWQiCiAgICAgIH0KICAgIF0sCiAgICAidGVzdHMvdGVzdF9kZXB0aDIwX2F0dHJhY3Rpb25fY29udHJhY3QucHk6OnRlc3RfY3Jvc3NfYWNjb3VudF9hbmRfY2hhbmdlZF9wZXJzb25fY2Fubm90X3JldXNlX2NvbnN1bWVkX3F1b3RlIjogWwogICAgICB7CiAgICAgICAgIndoZW4iOiAic2V0dXAiLAogICAgICAgICJvdXRjb21lIjogInBhc3NlZCIKICAgICAgfSwKICAgICAgewogICAgICAgICJ3aGVuIjogImNhbGwiLAogICAgICAgICJvdXRj
2026-09-10T08:15:36.6835108Z GO_EVIDENCE_B64 b21lIjogInBhc3NlZCIKICAgICAgfSwKICAgICAgewogICAgICAgICJ3aGVuIjogInRlYXJkb3duIiwKICAgICAgICAib3V0Y29tZSI6ICJwYXNzZWQiCiAgICAgIH0KICAgIF0sCiAgICAidGVzdHMvdGVzdF9kZXB0aDIwX2F0dHJhY3Rpb25fY29udHJhY3QucHk6OnRlc3RfY3VycmVudF9pbnZlbnRvcnlfaXNfcmVjaGVja2VkX2JlZm9yZV9vcmRlcl9jcmVhdGlvbiI6IFsKICAgICAgewogICAgICAgICJ3aGVuIjogInNldHVwIiwKICAgICAgICAib3V0Y29tZSI6ICJwYXNzZWQiCiAgICAgIH0sCiAgICAgIHsKICAgICAgICAi
2026-09-10T08:15:36.6840569Z GO_EVIDENCE_B64 d2hlbiI6ICJjYWxsIiwKICAgICAgICAib3V0Y29tZSI6ICJwYXNzZWQiCiAgICAgIH0sCiAgICAgIHsKICAgICAgICAid2hlbiI6ICJ0ZWFyZG93biIsCiAgICAgICAgIm91dGNvbWUiOiAicGFzc2VkIgogICAgICB9CiAgICBdLAogICAgInRlc3RzL3Rlc3RfZGVwdGgyMF9hdHRyYWN0aW9uX2NvbnRyYWN0LnB5Ojp0ZXN0X2xvY2tlZF9wcmljZV9hbmRfcmVmdW5kX3Rlcm1zX2RvX25vdF9jaGFuZ2Vfd2l0aF9jYXRhbG9nIjogWwogICAgICB7CiAgICAgICAgIndoZW4iOiAic2V0dXAiLAogICAgICAgICJvdXRjb21lIjogInBh
2026-09-10T08:15:36.6845986Z GO_EVIDENCE_B64 c3NlZCIKICAgICAgfSwKICAgICAgewogICAgICAgICJ3aGVuIjogImNhbGwiLAogICAgICAgICJvdXRjb21lIjogInBhc3NlZCIKICAgICAgfSwKICAgICAgewogICAgICAgICJ3aGVuIjogInRlYXJkb3duIiwKICAgICAgICAib3V0Y29tZSI6ICJwYXNzZWQiCiAgICAgIH0KICAgIF0sCiAgICAidGVzdHMvdGVzdF9kZXB0aDIwX2F0dHJhY3Rpb25fY29udHJhY3QucHk6OnRlc3RfZXhwaXJlZF9xdW90ZV9jYW5ub3RfYmVfY29uc3VtZWQiOiBbCiAgICAgIHsKICAgICAgICAid2hlbiI6ICJzZXR1cCIsCiAgICAgICAgIm91dGNv
2026-09-10T08:15:36.6852017Z GO_EVIDENCE_B64 bWUiOiAicGFzc2VkIgogICAgICB9LAogICAgICB7CiAgICAgICAgIndoZW4iOiAiY2FsbCIsCiAgICAgICAgIm91dGNvbWUiOiAicGFzc2VkIgogICAgICB9LAogICAgICB7CiAgICAgICAgIndoZW4iOiAidGVhcmRvd24iLAogICAgICAgICJvdXRjb21lIjogInBhc3NlZCIKICAgICAgfQogICAgXSwKICAgICJ0ZXN0cy90ZXN0X2RlcHRoMjBfYXR0cmFjdGlvbl9jb250cmFjdC5weTo6dGVzdF9wYXJhbGxlbF9jb25zdW1wdGlvbl9tYWtlc19vbmVfb3JkZXIiOiBbCiAgICAgIHsKICAgICAgICAid2hlbiI6ICJzZXR1cCIsCiAg
2026-09-10T08:15:36.6857527Z GO_EVIDENCE_B64 ICAgICAgIm91dGNvbWUiOiAicGFzc2VkIgogICAgICB9LAogICAgICB7CiAgICAgICAgIndoZW4iOiAiY2FsbCIsCiAgICAgICAgIm91dGNvbWUiOiAicGFzc2VkIgogICAgICB9LAogICAgICB7CiAgICAgICAgIndoZW4iOiAidGVhcmRvd24iLAogICAgICAgICJvdXRjb21lIjogInBhc3NlZCIKICAgICAgfQogICAgXSwKICAgICJ0ZXN0cy90ZXN0X2RlcHRoMjBfYXR0cmFjdGlvbl9jb250cmFjdC5weTo6dGVzdF9mYWlsZWRfZXZpZGVuY2Vfcm9sbHNfYmFja19jb250cmFjdF9hbmRfb3JkZXIiOiBbCiAgICAgIHsKICAgICAg
2026-09-10T08:15:36.6863079Z GO_EVIDENCE_B64 ICAid2hlbiI6ICJzZXR1cCIsCiAgICAgICAgIm91dGNvbWUiOiAicGFzc2VkIgogICAgICB9LAogICAgICB7CiAgICAgICAgIndoZW4iOiAiY2FsbCIsCiAgICAgICAgIm91dGNvbWUiOiAicGFzc2VkIgogICAgICB9LAogICAgICB7CiAgICAgICAgIndoZW4iOiAidGVhcmRvd24iLAogICAgICAgICJvdXRjb21lIjogInBhc3NlZCIKICAgICAgfQogICAgXSwKICAgICJ0ZXN0cy90ZXN0X2RlcHRoMjBfYXR0cmFjdGlvbl9jb250cmFjdC5weTo6dGVzdF9kZWNsYXJlZF9jaGlsZF9jYW5ub3RfdXNlX2FuX2FkdWx0X3Byb2R1Y3Rf
2026-09-10T08:15:36.6868628Z GO_EVIDENCE_B64 cXVvdGUiOiBbCiAgICAgIHsKICAgICAgICAid2hlbiI6ICJzZXR1cCIsCiAgICAgICAgIm91dGNvbWUiOiAicGFzc2VkIgogICAgICB9LAogICAgICB7CiAgICAgICAgIndoZW4iOiAiY2FsbCIsCiAgICAgICAgIm91dGNvbWUiOiAicGFzc2VkIgogICAgICB9LAogICAgICB7CiAgICAgICAgIndoZW4iOiAidGVhcmRvd24iLAogICAgICAgICJvdXRjb21lIjogInBhc3NlZCIKICAgICAgfQogICAgXSwKICAgICJ0ZXN0cy90ZXN0X2RlcHRoMjRfZXhwaXJ5LnB5Ojp0ZXN0X25ld19kZWFkbGluZV9pc19mcm96ZW5fYW5kX2xlZ2Fj
2026-09-10T08:15:36.6874066Z GO_EVIDENCE_B64 eV9oYXNfbm9uZVtSQUlMXSI6IFsKICAgICAgewogICAgICAgICJ3aGVuIjogInNldHVwIiwKICAgICAgICAib3V0Y29tZSI6ICJwYXNzZWQiCiAgICAgIH0sCiAgICAgIHsKICAgICAgICAid2hlbiI6ICJjYWxsIiwKICAgICAgICAib3V0Y29tZSI6ICJwYXNzZWQiCiAgICAgIH0sCiAgICAgIHsKICAgICAgICAid2hlbiI6ICJ0ZWFyZG93biIsCiAgICAgICAgIm91dGNvbWUiOiAicGFzc2VkIgogICAgICB9CiAgICBdLAogICAgInRlc3RzL3Rlc3RfZGVwdGgyNF9leHBpcnkucHk6OnRlc3RfbmV3X2RlYWRsaW5lX2lzX2Zyb3pl
2026-09-10T08:15:36.6879862Z GO_EVIDENCE_B64 bl9hbmRfbGVnYWN5X2hhc19ub25lW0FUVFJBQ1RJT05dIjogWwogICAgICB7CiAgICAgICAgIndoZW4iOiAic2V0dXAiLAogICAgICAgICJvdXRjb21lIjogInBhc3NlZCIKICAgICAgfSwKICAgICAgewogICAgICAgICJ3aGVuIjogImNhbGwiLAogICAgICAgICJvdXRjb21lIjogInBhc3NlZCIKICAgICAgfSwKICAgICAgewogICAgICAgICJ3aGVuIjogInRlYXJkb3duIiwKICAgICAgICAib3V0Y29tZSI6ICJwYXNzZWQiCiAgICAgIH0KICAgIF0sCiAgICAidGVzdHMvdGVzdF9kZXB0aDI0X2V4cGlyeS5weTo6dGVzdF9leHBp
2026-09-10T08:15:36.6885239Z GO_EVIDENCE_B64 cmF0aW9uX3JlbGVhc2VzX29uY2Vfd2l0aF9uYXRpdmVfZXZpZGVuY2VbUkFJTF0iOiBbCiAgICAgIHsKICAgICAgICAid2hlbiI6ICJzZXR1cCIsCiAgICAgICAgIm91dGNvbWUiOiAicGFzc2VkIgogICAgICB9LAogICAgICB7CiAgICAgICAgIndoZW4iOiAiY2FsbCIsCiAgICAgICAgIm91dGNvbWUiOiAicGFzc2VkIgogICAgICB9LAogICAgICB7CiAgICAgICAgIndoZW4iOiAidGVhcmRvd24iLAogICAgICAgICJvdXRjb21lIjogInBhc3NlZCIKICAgICAgfQogICAgXSwKICAgICJ0ZXN0cy90ZXN0X2RlcHRoMjRfZXhwaXJ5
2026-09-10T08:15:36.6890797Z GO_EVIDENCE_B64 LnB5Ojp0ZXN0X2V4cGlyYXRpb25fcmVsZWFzZXNfb25jZV93aXRoX25hdGl2ZV9ldmlkZW5jZVtBVFRSQUNUSU9OXSI6IFsKICAgICAgewogICAgICAgICJ3aGVuIjogInNldHVwIiwKICAgICAgICAib3V0Y29tZSI6ICJwYXNzZWQiCiAgICAgIH0sCiAgICAgIHsKICAgICAgICAid2hlbiI6ICJjYWxsIiwKICAgICAgICAib3V0Y29tZSI6ICJwYXNzZWQiCiAgICAgIH0sCiAgICAgIHsKICAgICAgICAid2hlbiI6ICJ0ZWFyZG93biIsCiAgICAgICAgIm91dGNvbWUiOiAicGFzc2VkIgogICAgICB9CiAgICBdLAogICAgInRlc3Rz
2026-09-10T08:15:36.6896239Z GO_EVIDENCE_B64 L3Rlc3RfZGVwdGgyNF9leHBpcnkucHk6OnRlc3RfZHVlX3BheW1lbnRfcmVqZWN0ZWRfYmVmb3JlX3dvcmtlcl9ydW5zW1JBSUxdIjogWwogICAgICB7CiAgICAgICAgIndoZW4iOiAic2V0dXAiLAogICAgICAgICJvdXRjb21lIjogInBhc3NlZCIKICAgICAgfSwKICAgICAgewogICAgICAgICJ3aGVuIjogImNhbGwiLAogICAgICAgICJvdXRjb21lIjogInBhc3NlZCIKICAgICAgfSwKICAgICAgewogICAgICAgICJ3aGVuIjogInRlYXJkb3duIiwKICAgICAgICAib3V0Y29tZSI6ICJwYXNzZWQiCiAgICAgIH0KICAgIF0sCiAg
2026-09-10T08:15:36.6901763Z GO_EVIDENCE_B64 ICAidGVzdHMvdGVzdF9kZXB0aDI0X2V4cGlyeS5weTo6dGVzdF9kdWVfcGF5bWVudF9yZWplY3RlZF9iZWZvcmVfd29ya2VyX3J1bnNbQVRUUkFDVElPTl0iOiBbCiAgICAgIHsKICAgICAgICAid2hlbiI6ICJzZXR1cCIsCiAgICAgICAgIm91dGNvbWUiOiAicGFzc2VkIgogICAgICB9LAogICAgICB7CiAgICAgICAgIndoZW4iOiAiY2FsbCIsCiAgICAgICAgIm91dGNvbWUiOiAicGFzc2VkIgogICAgICB9LAogICAgICB7CiAgICAgICAgIndoZW4iOiAidGVhcmRvd24iLAogICAgICAgICJvdXRjb21lIjogInBhc3NlZCIKICAg
2026-09-10T08:15:36.6907159Z GO_EVIDENCE_B64 ICAgfQogICAgXSwKICAgICJ0ZXN0cy90ZXN0X2RlcHRoMjRfZXhwaXJ5LnB5Ojp0ZXN0X2V4YWN0X2RlYWRsaW5lX3VzZXNfZGF0YWJhc2VfdGltZSI6IFsKICAgICAgewogICAgICAgICJ3aGVuIjogInNldHVwIiwKICAgICAgICAib3V0Y29tZSI6ICJwYXNzZWQiCiAgICAgIH0sCiAgICAgIHsKICAgICAgICAid2hlbiI6ICJjYWxsIiwKICAgICAgICAib3V0Y29tZSI6ICJwYXNzZWQiCiAgICAgIH0sCiAgICAgIHsKICAgICAgICAid2hlbiI6ICJ0ZWFyZG93biIsCiAgICAgICAgIm91dGNvbWUiOiAicGFzc2VkIgogICAgICB9
2026-09-10T08:15:36.6912710Z GO_EVIDENCE_B64 CiAgICBdLAogICAgInRlc3RzL3Rlc3RfZGVwdGgyNF9leHBpcnkucHk6OnRlc3RfYW55X3N0YXJ0ZWRfcGF5bWVudF9yZXRhaW5zX2NhcGFjaXR5W1JFUVVJUkVTX0NIQU5ORUxfU0VMRUNUSU9OLVJBSUxdIjogWwogICAgICB7CiAgICAgICAgIndoZW4iOiAic2V0dXAiLAogICAgICAgICJvdXRjb21lIjogInBhc3NlZCIKICAgICAgfSwKICAgICAgewogICAgICAgICJ3aGVuIjogImNhbGwiLAogICAgICAgICJvdXRjb21lIjogInBhc3NlZCIKICAgICAgfSwKICAgICAgewogICAgICAgICJ3aGVuIjogInRlYXJkb3duIiwKICAg
2026-09-10T08:15:36.6918245Z GO_EVIDENCE_B64 ICAgICAib3V0Y29tZSI6ICJwYXNzZWQiCiAgICAgIH0KICAgIF0sCiAgICAidGVzdHMvdGVzdF9kZXB0aDI0X2V4cGlyeS5weTo6dGVzdF9hbnlfc3RhcnRlZF9wYXltZW50X3JldGFpbnNfY2FwYWNpdHlbUkVRVUlSRVNfQ0hBTk5FTF9TRUxFQ1RJT04tQVRUUkFDVElPTl0iOiBbCiAgICAgIHsKICAgICAgICAid2hlbiI6ICJzZXR1cCIsCiAgICAgICAgIm91dGNvbWUiOiAicGFzc2VkIgogICAgICB9LAogICAgICB7CiAgICAgICAgIndoZW4iOiAiY2FsbCIsCiAgICAgICAgIm91dGNvbWUiOiAicGFzc2VkIgogICAgICB9LAog
2026-09-10T08:15:36.6923675Z GO_EVIDENCE_B64 ICAgICB7CiAgICAgICAgIndoZW4iOiAidGVhcmRvd24iLAogICAgICAgICJvdXRjb21lIjogInBhc3NlZCIKICAgICAgfQogICAgXSwKICAgICJ0ZXN0cy90ZXN0X2RlcHRoMjRfZXhwaXJ5LnB5Ojp0ZXN0X2FueV9zdGFydGVkX3BheW1lbnRfcmV0YWluc19jYXBhY2l0eVtVTktOT1dOX0VYVEVSTkFMX1NUQVRFLVJBSUxdIjogWwogICAgICB7CiAgICAgICAgIndoZW4iOiAic2V0dXAiLAogICAgICAgICJvdXRjb21lIjogInBhc3NlZCIKICAgICAgfSwKICAgICAgewogICAgICAgICJ3aGVuIjogImNhbGwiLAogICAgICAgICJv
2026-09-10T08:15:36.6929398Z GO_EVIDENCE_B64 dXRjb21lIjogInBhc3NlZCIKICAgICAgfSwKICAgICAgewogICAgICAgICJ3aGVuIjogInRlYXJkb3duIiwKICAgICAgICAib3V0Y29tZSI6ICJwYXNzZWQiCiAgICAgIH0KICAgIF0sCiAgICAidGVzdHMvdGVzdF9kZXB0aDI0X2V4cGlyeS5weTo6dGVzdF9hbnlfc3RhcnRlZF9wYXltZW50X3JldGFpbnNfY2FwYWNpdHlbVU5LTk9XTl9FWFRFUk5BTF9TVEFURS1BVFRSQUNUSU9OXSI6IFsKICAgICAgewogICAgICAgICJ3aGVuIjogInNldHVwIiwKICAgICAgICAib3V0Y29tZSI6ICJwYXNzZWQiCiAgICAgIH0sCiAgICAgIHsK
2026-09-10T08:15:36.6935075Z GO_EVIDENCE_B64 ICAgICAgICAid2hlbiI6ICJjYWxsIiwKICAgICAgICAib3V0Y29tZSI6ICJwYXNzZWQiCiAgICAgIH0sCiAgICAgIHsKICAgICAgICAid2hlbiI6ICJ0ZWFyZG93biIsCiAgICAgICAgIm91dGNvbWUiOiAicGFzc2VkIgogICAgICB9CiAgICBdLAogICAgInRlc3RzL3Rlc3RfZGVwdGgyNF9leHBpcnkucHk6OnRlc3RfYW55X3N0YXJ0ZWRfcGF5bWVudF9yZXRhaW5zX2NhcGFjaXR5W0ZBSUxFRC1SQUlMXSI6IFsKICAgICAgewogICAgICAgICJ3aGVuIjogInNldHVwIiwKICAgICAgICAib3V0Y29tZSI6ICJwYXNzZWQiCiAgICAg
2026-09-10T08:15:36.6940698Z GO_EVIDENCE_B64 IH0sCiAgICAgIHsKICAgICAgICAid2hlbiI6ICJjYWxsIiwKICAgICAgICAib3V0Y29tZSI6ICJwYXNzZWQiCiAgICAgIH0sCiAgICAgIHsKICAgICAgICAid2hlbiI6ICJ0ZWFyZG93biIsCiAgICAgICAgIm91dGNvbWUiOiAicGFzc2VkIgogICAgICB9CiAgICBdLAogICAgInRlc3RzL3Rlc3RfZGVwdGgyNF9leHBpcnkucHk6OnRlc3RfYW55X3N0YXJ0ZWRfcGF5bWVudF9yZXRhaW5zX2NhcGFjaXR5W0ZBSUxFRC1BVFRSQUNUSU9OXSI6IFsKICAgICAgewogICAgICAgICJ3aGVuIjogInNldHVwIiwKICAgICAgICAib3V0Y29t
2026-09-10T08:15:36.6946228Z GO_EVIDENCE_B64 ZSI6ICJwYXNzZWQiCiAgICAgIH0sCiAgICAgIHsKICAgICAgICAid2hlbiI6ICJjYWxsIiwKICAgICAgICAib3V0Y29tZSI6ICJwYXNzZWQiCiAgICAgIH0sCiAgICAgIHsKICAgICAgICAid2hlbiI6ICJ0ZWFyZG93biIsCiAgICAgICAgIm91dGNvbWUiOiAicGFzc2VkIgogICAgICB9CiAgICBdLAogICAgInRlc3RzL3Rlc3RfZGVwdGgyNF9leHBpcnkucHk6OnRlc3RfbWFudWFsX2NhbmNlbF9maW5hbGl6ZXNfZGVhZGxpbmVbUkFJTF0iOiBbCiAgICAgIHsKICAgICAgICAid2hlbiI6ICJzZXR1cCIsCiAgICAgICAgIm91dGNv
2026-09-10T08:15:36.6951893Z GO_EVIDENCE_B64 bWUiOiAicGFzc2VkIgogICAgICB9LAogICAgICB7CiAgICAgICAgIndoZW4iOiAiY2FsbCIsCiAgICAgICAgIm91dGNvbWUiOiAicGFzc2VkIgogICAgICB9LAogICAgICB7CiAgICAgICAgIndoZW4iOiAidGVhcmRvd24iLAogICAgICAgICJvdXRjb21lIjogInBhc3NlZCIKICAgICAgfQogICAgXSwKICAgICJ0ZXN0cy90ZXN0X2RlcHRoMjRfZXhwaXJ5LnB5Ojp0ZXN0X21hbnVhbF9jYW5jZWxfZmluYWxpemVzX2RlYWRsaW5lW0FUVFJBQ1RJT05dIjogWwogICAgICB7CiAgICAgICAgIndoZW4iOiAic2V0dXAiLAogICAgICAg
2026-09-10T08:15:36.6957420Z GO_EVIDENCE_B64 ICJvdXRjb21lIjogInBhc3NlZCIKICAgICAgfSwKICAgICAgewogICAgICAgICJ3aGVuIjogImNhbGwiLAogICAgICAgICJvdXRjb21lIjogInBhc3NlZCIKICAgICAgfSwKICAgICAgewogICAgICAgICJ3aGVuIjogInRlYXJkb3duIiwKICAgICAgICAib3V0Y29tZSI6ICJwYXNzZWQiCiAgICAgIH0KICAgIF0sCiAgICAidGVzdHMvdGVzdF9kZXB0aDI0X2V4cGlyeS5weTo6dGVzdF90d29fZXhwaXJ5X3dvcmtlcnNfcmVsZWFzZV9vbmNlW1JBSUxdIjogWwogICAgICB7CiAgICAgICAgIndoZW4iOiAic2V0dXAiLAogICAgICAg
2026-09-10T08:15:36.6963064Z GO_EVIDENCE_B64 ICJvdXRjb21lIjogInBhc3NlZCIKICAgICAgfSwKICAgICAgewogICAgICAgICJ3aGVuIjogImNhbGwiLAogICAgICAgICJvdXRjb21lIjogInBhc3NlZCIKICAgICAgfSwKICAgICAgewogICAgICAgICJ3aGVuIjogInRlYXJkb3duIiwKICAgICAgICAib3V0Y29tZSI6ICJwYXNzZWQiCiAgICAgIH0KICAgIF0sCiAgICAidGVzdHMvdGVzdF9kZXB0aDI0X2V4cGlyeS5weTo6dGVzdF90d29fZXhwaXJ5X3dvcmtlcnNfcmVsZWFzZV9vbmNlW0FUVFJBQ1RJT05dIjogWwogICAgICB7CiAgICAgICAgIndoZW4iOiAic2V0dXAiLAog
2026-09-10T08:15:36.6968718Z GO_EVIDENCE_B64 ICAgICAgICJvdXRjb21lIjogInBhc3NlZCIKICAgICAgfSwKICAgICAgewogICAgICAgICJ3aGVuIjogImNhbGwiLAogICAgICAgICJvdXRjb21lIjogInBhc3NlZCIKICAgICAgfSwKICAgICAgewogICAgICAgICJ3aGVuIjogInRlYXJkb3duIiwKICAgICAgICAib3V0Y29tZSI6ICJwYXNzZWQiCiAgICAgIH0KICAgIF0sCiAgICAidGVzdHMvdGVzdF9kZXB0aDI0X2V4cGlyeS5weTo6dGVzdF9wYXltZW50X3Jvb3Rfd2luc19iZWZvcmVfc3dlZXBfYW5kX2NhcHR1cmVfcmVzdW1lcyI6IFsKICAgICAgewogICAgICAgICJ3aGVu
2026-09-10T08:15:36.6974359Z GO_EVIDENCE_B64 IjogInNldHVwIiwKICAgICAgICAib3V0Y29tZSI6ICJwYXNzZWQiCiAgICAgIH0sCiAgICAgIHsKICAgICAgICAid2hlbiI6ICJjYWxsIiwKICAgICAgICAib3V0Y29tZSI6ICJwYXNzZWQiCiAgICAgIH0sCiAgICAgIHsKICAgICAgICAid2hlbiI6ICJ0ZWFyZG93biIsCiAgICAgICAgIm91dGNvbWUiOiAicGFzc2VkIgogICAgICB9CiAgICBdLAogICAgInRlc3RzL3Rlc3RfZGVwdGgyNF9leHBpcnkucHk6OnRlc3RfZXhwaXJ5X3dpbnNfb3JkZXJfbG9ja19hZ2FpbnN0X3BheW1lbnQiOiBbCiAgICAgIHsKICAgICAgICAid2hl
2026-09-10T08:15:36.6980022Z GO_EVIDENCE_B64 biI6ICJzZXR1cCIsCiAgICAgICAgIm91dGNvbWUiOiAicGFzc2VkIgogICAgICB9LAogICAgICB7CiAgICAgICAgIndoZW4iOiAiY2FsbCIsCiAgICAgICAgIm91dGNvbWUiOiAicGFzc2VkIgogICAgICB9LAogICAgICB7CiAgICAgICAgIndoZW4iOiAidGVhcmRvd24iLAogICAgICAgICJvdXRjb21lIjogInBhc3NlZCIKICAgICAgfQogICAgXSwKICAgICJ0ZXN0cy90ZXN0X2RlcHRoMjRfZXhwaXJ5LnB5Ojp0ZXN0X2V4cGlyeV9yZWNvdmVyc19mcm9tX2FjdHVhbF9wcm9jZXNzX2V4aXRbRmFsc2VdIjogWwogICAgICB7CiAg
2026-09-10T08:15:36.6985986Z GO_EVIDENCE_B64 ICAgICAgIndoZW4iOiAic2V0dXAiLAogICAgICAgICJvdXRjb21lIjogInBhc3NlZCIKICAgICAgfSwKICAgICAgewogICAgICAgICJ3aGVuIjogImNhbGwiLAogICAgICAgICJvdXRjb21lIjogInBhc3NlZCIKICAgICAgfSwKICAgICAgewogICAgICAgICJ3aGVuIjogInRlYXJkb3duIiwKICAgICAgICAib3V0Y29tZSI6ICJwYXNzZWQiCiAgICAgIH0KICAgIF0sCiAgICAidGVzdHMvdGVzdF9kZXB0aDI0X2V4cGlyeS5weTo6dGVzdF9leHBpcnlfcmVjb3ZlcnNfZnJvbV9hY3R1YWxfcHJvY2Vzc19leGl0W1RydWVdIjogWwog
2026-09-10T08:15:36.6991713Z GO_EVIDENCE_B64 ICAgICB7CiAgICAgICAgIndoZW4iOiAic2V0dXAiLAogICAgICAgICJvdXRjb21lIjogInBhc3NlZCIKICAgICAgfSwKICAgICAgewogICAgICAgICJ3aGVuIjogImNhbGwiLAogICAgICAgICJvdXRjb21lIjogInBhc3NlZCIKICAgICAgfSwKICAgICAgewogICAgICAgICJ3aGVuIjogInRlYXJkb3duIiwKICAgICAgICAib3V0Y29tZSI6ICJwYXNzZWQiCiAgICAgIH0KICAgIF0sCiAgICAidGVzdHMvdGVzdF9kZXB0aDI0X2V4cGlyeS5weTo6dGVzdF9icm9rZW5fZGVhZGxpbmVfaXNfcXVhcmFudGluZWRfd2l0aG91dF9zdGFy
2026-09-10T08:15:36.6997302Z GO_EVIDENCE_B64 dmluZ19nb29kX29yZGVyIjogWwogICAgICB7CiAgICAgICAgIndoZW4iOiAic2V0dXAiLAogICAgICAgICJvdXRjb21lIjogInBhc3NlZCIKICAgICAgfSwKICAgICAgewogICAgICAgICJ3aGVuIjogImNhbGwiLAogICAgICAgICJvdXRjb21lIjogInBhc3NlZCIKICAgICAgfSwKICAgICAgewogICAgICAgICJ3aGVuIjogInRlYXJkb3duIiwKICAgICAgICAib3V0Y29tZSI6ICJwYXNzZWQiCiAgICAgIH0KICAgIF0sCiAgICAidGVzdHMvdGVzdF9kZXB0aDI0X2V4cGlyeS5weTo6dGVzdF9taXNzaW5nX2NsYWltX2lzX25vdF9y
2026-09-10T08:15:36.7003546Z GO_EVIDENCE_B64 ZXBvcnRlZF9hc19zdWNjZXNzZnVsX3JlbGVhc2UiOiBbCiAgICAgIHsKICAgICAgICAid2hlbiI6ICJzZXR1cCIsCiAgICAgICAgIm91dGNvbWUiOiAicGFzc2VkIgogICAgICB9LAogICAgICB7CiAgICAgICAgIndoZW4iOiAiY2FsbCIsCiAgICAgICAgIm91dGNvbWUiOiAicGFzc2VkIgogICAgICB9LAogICAgICB7CiAgICAgICAgIndoZW4iOiAidGVhcmRvd24iLAogICAgICAgICJvdXRjb21lIjogInBhc3NlZCIKICAgICAgfQogICAgXSwKICAgICJ0ZXN0cy90ZXN0X2RlcHRoMjRfZXhwaXJ5LnB5Ojp0ZXN0X3JhaWxfY2hl
2026-09-10T08:15:36.7009411Z GO_EVIDENCE_B64 Y2tvdXRfZG9lc19ub3RfZmFicmljYXRlX2F1dGhvcml6ZWRfc3RhdGVfb25fcHJlX3Jvb3RfZmFpbHVyZSI6IFsKICAgICAgewogICAgICAgICJ3aGVuIjogInNldHVwIiwKICAgICAgICAib3V0Y29tZSI6ICJwYXNzZWQiCiAgICAgIH0sCiAgICAgIHsKICAgICAgICAid2hlbiI6ICJjYWxsIiwKICAgICAgICAib3V0Y29tZSI6ICJwYXNzZWQiCiAgICAgIH0sCiAgICAgIHsKICAgICAgICAid2hlbiI6ICJ0ZWFyZG93biIsCiAgICAgICAgIm91dGNvbWUiOiAicGFzc2VkIgogICAgICB9CiAgICBdLAogICAgInRlc3RzL3Rlc3Rf
2026-09-10T08:15:36.7014987Z GO_EVIDENCE_B64 ZGVwdGgyNF9leHBpcnkucHk6OnRlc3Rfb25lX3Nob3Rfd29ya2VyX3J1bnNfYWdhaW5zdF9kdXJhYmxlX2RhdGFiYXNlIjogWwogICAgICB7CiAgICAgICAgIndoZW4iOiAic2V0dXAiLAogICAgICAgICJvdXRjb21lIjogInBhc3NlZCIKICAgICAgfSwKICAgICAgewogICAgICAgICJ3aGVuIjogImNhbGwiLAogICAgICAgICJvdXRjb21lIjogInBhc3NlZCIKICAgICAgfSwKICAgICAgewogICAgICAgICJ3aGVuIjogInRlYXJkb3duIiwKICAgICAgICAib3V0Y29tZSI6ICJwYXNzZWQiCiAgICAgIH0KICAgIF0sCiAgICAidGVz
2026-09-10T08:15:36.7020612Z GO_EVIDENCE_B64 dHMvdGVzdF9kZXB0aDI0X2V4cGlyeS5weTo6dGVzdF93b3JrZXJfcmVjaGVja3NfZXhpc3RpbmdfaW50ZW50X2V2ZW5faWZfZGVhZGxpbmVfaXNfb3BlbiI6IFsKICAgICAgewogICAgICAgICJ3aGVuIjogInNldHVwIiwKICAgICAgICAib3V0Y29tZSI6ICJwYXNzZWQiCiAgICAgIH0sCiAgICAgIHsKICAgICAgICAid2hlbiI6ICJjYWxsIiwKICAgICAgICAib3V0Y29tZSI6ICJwYXNzZWQiCiAgICAgIH0sCiAgICAgIHsKICAgICAgICAid2hlbiI6ICJ0ZWFyZG93biIsCiAgICAgICAgIm91dGNvbWUiOiAicGFzc2VkIgogICAg
2026-09-10T08:15:36.7026076Z GO_EVIDENCE_B64 ICB9CiAgICBdLAogICAgInRlc3RzL3Rlc3RfZGVwdGgyNF9leHBpcnkucHk6OnRlc3RfZmFpbGVkX2V4cGlyeV9yb2xsc19iYWNrX2FuZF9kb2VzX25vdF9ibG9ja19uZXh0X2NhbmRpZGF0ZSI6IFsKICAgICAgewogICAgICAgICJ3aGVuIjogInNldHVwIiwKICAgICAgICAib3V0Y29tZSI6ICJwYXNzZWQiCiAgICAgIH0sCiAgICAgIHsKICAgICAgICAid2hlbiI6ICJjYWxsIiwKICAgICAgICAib3V0Y29tZSI6ICJwYXNzZWQiCiAgICAgIH0sCiAgICAgIHsKICAgICAgICAid2hlbiI6ICJ0ZWFyZG93biIsCiAgICAgICAgIm91
2026-09-10T08:15:36.7031692Z GO_EVIDENCE_B64 dGNvbWUiOiAicGFzc2VkIgogICAgICB9CiAgICBdLAogICAgInRlc3RzL3Rlc3RfZGVwdGgyNF9leHBpcnkucHk6OnRlc3Rfd29ya2VyX2JhdGNoX2lzX2JvdW5kZWRfYW5kX3Jlc3RhcnRzX2Zyb21fdW5maW5pc2hlZF9vcmRlcnMiOiBbCiAgICAgIHsKICAgICAgICAid2hlbiI6ICJzZXR1cCIsCiAgICAgICAgIm91dGNvbWUiOiAicGFzc2VkIgogICAgICB9LAogICAgICB7CiAgICAgICAgIndoZW4iOiAiY2FsbCIsCiAgICAgICAgIm91dGNvbWUiOiAicGFzc2VkIgogICAgICB9LAogICAgICB7CiAgICAgICAgIndoZW4iOiAi
2026-09-10T08:15:36.7041163Z GO_EVIDENCE_B64 dGVhcmRvd24iLAogICAgICAgICJvdXRjb21lIjogInBhc3NlZCIKICAgICAgfQogICAgXSwKICAgICJ0ZXN0cy90ZXN0X2RlcHRoMjRfZXhwaXJ5LnB5Ojp0ZXN0X2FwcGxpY2F0aW9uX2xpZmVzcGFuX3N0YXJ0c19leHBpcnlfd29ya2VyIjogWwogICAgICB7CiAgICAgICAgIndoZW4iOiAic2V0dXAiLAogICAgICAgICJvdXRjb21lIjogInBhc3NlZCIKICAgICAgfSwKICAgICAgewogICAgICAgICJ3aGVuIjogImNhbGwiLAogICAgICAgICJvdXRjb21lIjogInBhc3NlZCIKICAgICAgfSwKICAgICAgewogICAgICAgICJ3aGVu
2026-09-10T08:15:36.7051689Z GO_EVIDENCE_B64 IjogInRlYXJkb3duIiwKICAgICAgICAib3V0Y29tZSI6ICJwYXNzZWQiCiAgICAgIH0KICAgIF0sCiAgICAidGVzdHMvdGVzdF9kZXB0aDI0X2V4cGlyeS5weTo6dGVzdF9taWdyYXRpb25fcHJlc2VydmVzX2FsbF9kZWFkbGluZV9oaXN0b3J5IjogWwogICAgICB7CiAgICAgICAgIndoZW4iOiAic2V0dXAiLAogICAgICAgICJvdXRjb21lIjogInBhc3NlZCIKICAgICAgfSwKICAgICAgewogICAgICAgICJ3aGVuIjogImNhbGwiLAogICAgICAgICJvdXRjb21lIjogInBhc3NlZCIKICAgICAgfSwKICAgICAgewogICAgICAgICJ3
2026-09-10T08:15:36.7062438Z GO_EVIDENCE_B64 aGVuIjogInRlYXJkb3duIiwKICAgICAgICAib3V0Y29tZSI6ICJwYXNzZWQiCiAgICAgIH0KICAgIF0sCiAgICAidGVzdHMvdGVzdF9kZXB0aDMzX21vYmlsaXR5X3JlZnVuZF9jb25zZW50LnB5Ojp0ZXN0X21vYmlsaXR5X2V4YWN0X2NvbnNlbnRfcmVwbGF5X2FuZF9vd25lcl9iaW5kaW5nW1JJREVdIjogWwogICAgICB7CiAgICAgICAgIndoZW4iOiAic2V0dXAiLAogICAgICAgICJvdXRjb21lIjogInBhc3NlZCIKICAgICAgfSwKICAgICAgewogICAgICAgICJ3aGVuIjogImNhbGwiLAogICAgICAgICJvdXRjb21lIjogInBh
2026-09-10T08:15:36.7073200Z GO_EVIDENCE_B64 c3NlZCIKICAgICAgfSwKICAgICAgewogICAgICAgICJ3aGVuIjogInRlYXJkb3duIiwKICAgICAgICAib3V0Y29tZSI6ICJwYXNzZWQiCiAgICAgIH0KICAgIF0sCiAgICAidGVzdHMvdGVzdF9kZXB0aDMzX21vYmlsaXR5X3JlZnVuZF9jb25zZW50LnB5Ojp0ZXN0X21vYmlsaXR5X2V4YWN0X2NvbnNlbnRfcmVwbGF5X2FuZF9vd25lcl9iaW5kaW5nW1JFTlRBTF0iOiBbCiAgICAgIHsKICAgICAgICAid2hlbiI6ICJzZXR1cCIsCiAgICAgICAgIm91dGNvbWUiOiAicGFzc2VkIgogICAgICB9LAogICAgICB7CiAgICAgICAgIndo
2026-09-10T08:15:36.7080569Z GO_EVIDENCE_B64 ZW4iOiAiY2FsbCIsCiAgICAgICAgIm91dGNvbWUiOiAicGFzc2VkIgogICAgICB9LAogICAgICB7CiAgICAgICAgIndoZW4iOiAidGVhcmRvd24iLAogICAgICAgICJvdXRjb21lIjogInBhc3NlZCIKICAgICAgfQogICAgXSwKICAgICJ0ZXN0cy90ZXN0X2RlcHRoMzNfbW9iaWxpdHlfcmVmdW5kX2NvbnNlbnQucHk6OnRlc3RfbW9iaWxpdHlfb3JkZXJfY2hhbmdlX3JlcXVpcmVzX25ld19yZWZ1bmRfY29uc2VudFtSSURFXSI6IFsKICAgICAgewogICAgICAgICJ3aGVuIjogInNldHVwIiwKICAgICAgICAib3V0Y29tZSI6ICJw
2026-09-10T08:15:36.7086169Z GO_EVIDENCE_B64 YXNzZWQiCiAgICAgIH0sCiAgICAgIHsKICAgICAgICAid2hlbiI6ICJjYWxsIiwKICAgICAgICAib3V0Y29tZSI6ICJwYXNzZWQiCiAgICAgIH0sCiAgICAgIHsKICAgICAgICAid2hlbiI6ICJ0ZWFyZG93biIsCiAgICAgICAgIm91dGNvbWUiOiAicGFzc2VkIgogICAgICB9CiAgICBdLAogICAgInRlc3RzL3Rlc3RfZGVwdGgzM19tb2JpbGl0eV9yZWZ1bmRfY29uc2VudC5weTo6dGVzdF9tb2JpbGl0eV9vcmRlcl9jaGFuZ2VfcmVxdWlyZXNfbmV3X3JlZnVuZF9jb25zZW50W1JFTlRBTF0iOiBbCiAgICAgIHsKICAgICAgICAi
2026-09-10T08:15:36.7091973Z GO_EVIDENCE_B64 d2hlbiI6ICJzZXR1cCIsCiAgICAgICAgIm91dGNvbWUiOiAicGFzc2VkIgogICAgICB9LAogICAgICB7CiAgICAgICAgIndoZW4iOiAiY2FsbCIsCiAgICAgICAgIm91dGNvbWUiOiAicGFzc2VkIgogICAgICB9LAogICAgICB7CiAgICAgICAgIndoZW4iOiAidGVhcmRvd24iLAogICAgICAgICJvdXRjb21lIjogInBhc3NlZCIKICAgICAgfQogICAgXSwKICAgICJ0ZXN0cy90ZXN0X2RlcHRoMzNfbW9iaWxpdHlfcmVmdW5kX2NvbnNlbnQucHk6OnRlc3RfbW9iaWxpdHlfY3Jhc2hfYWZ0ZXJfbW9uZXlfa2VlcHNfcGVuZGluZ19h
2026-09-10T08:15:36.7097538Z GO_EVIDENCE_B64 bmRfcmVjb3ZlcnNfb25jZVtSSURFXSI6IFsKICAgICAgewogICAgICAgICJ3aGVuIjogInNldHVwIiwKICAgICAgICAib3V0Y29tZSI6ICJwYXNzZWQiCiAgICAgIH0sCiAgICAgIHsKICAgICAgICAid2hlbiI6ICJjYWxsIiwKICAgICAgICAib3V0Y29tZSI6ICJwYXNzZWQiCiAgICAgIH0sCiAgICAgIHsKICAgICAgICAid2hlbiI6ICJ0ZWFyZG93biIsCiAgICAgICAgIm91dGNvbWUiOiAicGFzc2VkIgogICAgICB9CiAgICBdLAogICAgInRlc3RzL3Rlc3RfZGVwdGgzM19tb2JpbGl0eV9yZWZ1bmRfY29uc2VudC5weTo6dGVz
2026-09-10T08:15:36.7103243Z GO_EVIDENCE_B64 dF9tb2JpbGl0eV9jcmFzaF9hZnRlcl9tb25leV9rZWVwc19wZW5kaW5nX2FuZF9yZWNvdmVyc19vbmNlW1JFTlRBTF0iOiBbCiAgICAgIHsKICAgICAgICAid2hlbiI6ICJzZXR1cCIsCiAgICAgICAgIm91dGNvbWUiOiAicGFzc2VkIgogICAgICB9LAogICAgICB7CiAgICAgICAgIndoZW4iOiAiY2FsbCIsCiAgICAgICAgIm91dGNvbWUiOiAicGFzc2VkIgogICAgICB9LAogICAgICB7CiAgICAgICAgIndoZW4iOiAidGVhcmRvd24iLAogICAgICAgICJvdXRjb21lIjogInBhc3NlZCIKICAgICAgfQogICAgXSwKICAgICJ0ZXN0
2026-09-10T08:15:36.7109338Z GO_EVIDENCE_B64 cy90ZXN0X2RlcHRoMzNfbW9iaWxpdHlfcmVmdW5kX2NvbnNlbnQucHk6OnRlc3RfcmlkZV9wZW5kaW5nX3JlZnVuZF9ibG9ja3NfZnVsZmlsbG1lbnRfYW5kX21vZGlmaWNhdGlvbiI6IFsKICAgICAgewogICAgICAgICJ3aGVuIjogInNldHVwIiwKICAgICAgICAib3V0Y29tZSI6ICJwYXNzZWQiCiAgICAgIH0sCiAgICAgIHsKICAgICAgICAid2hlbiI6ICJjYWxsIiwKICAgICAgICAib3V0Y29tZSI6ICJwYXNzZWQiCiAgICAgIH0sCiAgICAgIHsKICAgICAgICAid2hlbiI6ICJ0ZWFyZG93biIsCiAgICAgICAgIm91dGNvbWUi
2026-09-10T08:15:36.7114806Z GO_EVIDENCE_B64 OiAicGFzc2VkIgogICAgICB9CiAgICBdLAogICAgInRlc3RzL3Rlc3RfZGVwdGgzM19tb2JpbGl0eV9yZWZ1bmRfY29uc2VudC5weTo6dGVzdF9yaWRlX2ZhYnJpY2F0ZWRfbW9uZXlfcmVjZWlwdF9kb2VzX25vdF9jb21wbGV0ZV9vcmRlciI6IFsKICAgICAgewogICAgICAgICJ3aGVuIjogInNldHVwIiwKICAgICAgICAib3V0Y29tZSI6ICJwYXNzZWQiCiAgICAgIH0sCiAgICAgIHsKICAgICAgICAid2hlbiI6ICJjYWxsIiwKICAgICAgICAib3V0Y29tZSI6ICJwYXNzZWQiCiAgICAgIH0sCiAgICAgIHsKICAgICAgICAid2hl
2026-09-10T08:15:36.7120337Z GO_EVIDENCE_B64 biI6ICJ0ZWFyZG93biIsCiAgICAgICAgIm91dGNvbWUiOiAicGFzc2VkIgogICAgICB9CiAgICBdLAogICAgInRlc3RzL3Rlc3RfZGVwdGgzM19tb2JpbGl0eV9yZWZ1bmRfY29uc2VudC5weTo6dGVzdF9yZW50YWxfY2hhbmdlZF9zZXR0bGVtZW50X3BsYW5fY2Fubm90X3Jlc3VtZSI6IFsKICAgICAgewogICAgICAgICJ3aGVuIjogInNldHVwIiwKICAgICAgICAib3V0Y29tZSI6ICJwYXNzZWQiCiAgICAgIH0sCiAgICAgIHsKICAgICAgICAid2hlbiI6ICJjYWxsIiwKICAgICAgICAib3V0Y29tZSI6ICJwYXNzZWQiCiAgICAg
2026-09-10T08:15:36.7125789Z GO_EVIDENCE_B64 IH0sCiAgICAgIHsKICAgICAgICAid2hlbiI6ICJ0ZWFyZG93biIsCiAgICAgICAgIm91dGNvbWUiOiAicGFzc2VkIgogICAgICB9CiAgICBdLAogICAgInRlc3RzL3Rlc3RfZGVwdGgzNV9yZWZyZXNoX3Njb3BlLnB5Ojp0ZXN0X3dyb25nX2NvbnN1bWVyX2VuZF9kb2VzX25vdF9jb25zdW1lX2NvbnNvbGVfcmVmcmVzaF9vcl9jc3JmWy92MS9tb2JpbGUvYXV0aC9yZWZyZXNoLVNVUFBMSUVSX1VTRVJdIjogWwogICAgICB7CiAgICAgICAgIndoZW4iOiAic2V0dXAiLAogICAgICAgICJvdXRjb21lIjogInBhc3NlZCIKICAgICAg
2026-09-10T08:15:36.7131384Z GO_EVIDENCE_B64 fSwKICAgICAgewogICAgICAgICJ3aGVuIjogImNhbGwiLAogICAgICAgICJvdXRjb21lIjogInBhc3NlZCIKICAgICAgfSwKICAgICAgewogICAgICAgICJ3aGVuIjogInRlYXJkb3duIiwKICAgICAgICAib3V0Y29tZSI6ICJwYXNzZWQiCiAgICAgIH0KICAgIF0sCiAgICAidGVzdHMvdGVzdF9kZXB0aDM1X3JlZnJlc2hfc2NvcGUucHk6OnRlc3Rfd3JvbmdfY29uc3VtZXJfZW5kX2RvZXNfbm90X2NvbnN1bWVfY29uc29sZV9yZWZyZXNoX29yX2NzcmZbL3YxL21vYmlsZS9hdXRoL3JlZnJlc2gtR09fQURNSU5dIjogWwogICAg
2026-09-10T08:15:36.7136987Z GO_EVIDENCE_B64 ICB7CiAgICAgICAgIndoZW4iOiAic2V0dXAiLAogICAgICAgICJvdXRjb21lIjogInBhc3NlZCIKICAgICAgfSwKICAgICAgewogICAgICAgICJ3aGVuIjogImNhbGwiLAogICAgICAgICJvdXRjb21lIjogInBhc3NlZCIKICAgICAgfSwKICAgICAgewogICAgICAgICJ3aGVuIjogInRlYXJkb3duIiwKICAgICAgICAib3V0Y29tZSI6ICJwYXNzZWQiCiAgICAgIH0KICAgIF0sCiAgICAidGVzdHMvdGVzdF9kZXB0aDM1X3JlZnJlc2hfc2NvcGUucHk6OnRlc3Rfd3JvbmdfY29uc3VtZXJfZW5kX2RvZXNfbm90X2NvbnN1bWVfY29u
2026-09-10T08:15:36.7142636Z GO_EVIDENCE_B64 c29sZV9yZWZyZXNoX29yX2NzcmZbL3YxL2NvbnN1bWVyL2F1dGgvcmVmcmVzaC1TVVBQTElFUl9VU0VSXSI6IFsKICAgICAgewogICAgICAgICJ3aGVuIjogInNldHVwIiwKICAgICAgICAib3V0Y29tZSI6ICJwYXNzZWQiCiAgICAgIH0sCiAgICAgIHsKICAgICAgICAid2hlbiI6ICJjYWxsIiwKICAgICAgICAib3V0Y29tZSI6ICJwYXNzZWQiCiAgICAgIH0sCiAgICAgIHsKICAgICAgICAid2hlbiI6ICJ0ZWFyZG93biIsCiAgICAgICAgIm91dGNvbWUiOiAicGFzc2VkIgogICAgICB9CiAgICBdLAogICAgInRlc3RzL3Rlc3Rf
2026-09-10T08:15:36.7148163Z GO_EVIDENCE_B64 ZGVwdGgzNV9yZWZyZXNoX3Njb3BlLnB5Ojp0ZXN0X3dyb25nX2NvbnN1bWVyX2VuZF9kb2VzX25vdF9jb25zdW1lX2NvbnNvbGVfcmVmcmVzaF9vcl9jc3JmWy92MS9jb25zdW1lci9hdXRoL3JlZnJlc2gtR09fQURNSU5dIjogWwogICAgICB7CiAgICAgICAgIndoZW4iOiAic2V0dXAiLAogICAgICAgICJvdXRjb21lIjogInBhc3NlZCIKICAgICAgfSwKICAgICAgewogICAgICAgICJ3aGVuIjogImNhbGwiLAogICAgICAgICJvdXRjb21lIjogInBhc3NlZCIKICAgICAgfSwKICAgICAgewogICAgICAgICJ3aGVuIjogInRlYXJk
2026-09-10T08:15:36.7153587Z GO_EVIDENCE_B64 b3duIiwKICAgICAgICAib3V0Y29tZSI6ICJwYXNzZWQiCiAgICAgIH0KICAgIF0sCiAgICAidGVzdHMvdGVzdF9kZXB0aDM1X3JlZnJlc2hfc2NvcGUucHk6OnRlc3RfY29uc29sZV9lbmRfZG9lc19ub3RfY29uc3VtZV9jb25zdW1lcl9yZWZyZXNoIjogWwogICAgICB7CiAgICAgICAgIndoZW4iOiAic2V0dXAiLAogICAgICAgICJvdXRjb21lIjogInBhc3NlZCIKICAgICAgfSwKICAgICAgewogICAgICAgICJ3aGVuIjogImNhbGwiLAogICAgICAgICJvdXRjb21lIjogInBhc3NlZCIKICAgICAgfSwKICAgICAgewogICAgICAg
2026-09-10T08:15:36.7159420Z GO_EVIDENCE_B64 ICJ3aGVuIjogInRlYXJkb3duIiwKICAgICAgICAib3V0Y29tZSI6ICJwYXNzZWQiCiAgICAgIH0KICAgIF0sCiAgICAidGVzdHMvdGVzdF9kZXB0aDM1X3JlZnJlc2hfc2NvcGUucHk6OnRlc3RfbWF0Y2hpbmdfZW5kX3JvdGF0ZXNfb25jZV9hbmRfb2xkX3JlZnJlc2hfY2Fubm90X2JlX3JldXNlZFtDT05TVU1FUl0iOiBbCiAgICAgIHsKICAgICAgICAid2hlbiI6ICJzZXR1cCIsCiAgICAgICAgIm91dGNvbWUiOiAicGFzc2VkIgogICAgICB9LAogICAgICB7CiAgICAgICAgIndoZW4iOiAiY2FsbCIsCiAgICAgICAgIm91dGNv
2026-09-10T08:15:36.7164941Z GO_EVIDENCE_B64 bWUiOiAicGFzc2VkIgogICAgICB9LAogICAgICB7CiAgICAgICAgIndoZW4iOiAidGVhcmRvd24iLAogICAgICAgICJvdXRjb21lIjogInBhc3NlZCIKICAgICAgfQogICAgXSwKICAgICJ0ZXN0cy90ZXN0X2RlcHRoMzVfcmVmcmVzaF9zY29wZS5weTo6dGVzdF9tYXRjaGluZ19lbmRfcm90YXRlc19vbmNlX2FuZF9vbGRfcmVmcmVzaF9jYW5ub3RfYmVfcmV1c2VkW1NVUFBMSUVSX1VTRVJdIjogWwogICAgICB7CiAgICAgICAgIndoZW4iOiAic2V0dXAiLAogICAgICAgICJvdXRjb21lIjogInBhc3NlZCIKICAgICAgfSwKICAg
2026-09-10T08:15:36.7170773Z GO_EVIDENCE_B64 ICAgewogICAgICAgICJ3aGVuIjogImNhbGwiLAogICAgICAgICJvdXRjb21lIjogInBhc3NlZCIKICAgICAgfSwKICAgICAgewogICAgICAgICJ3aGVuIjogInRlYXJkb3duIiwKICAgICAgICAib3V0Y29tZSI6ICJwYXNzZWQiCiAgICAgIH0KICAgIF0sCiAgICAidGVzdHMvdGVzdF9kZXB0aDM1X3JlZnJlc2hfc2NvcGUucHk6OnRlc3RfbWF0Y2hpbmdfZW5kX3JvdGF0ZXNfb25jZV9hbmRfb2xkX3JlZnJlc2hfY2Fubm90X2JlX3JldXNlZFtHT19BRE1JTl0iOiBbCiAgICAgIHsKICAgICAgICAid2hlbiI6ICJzZXR1cCIsCiAg
2026-09-10T08:15:36.7176408Z GO_EVIDENCE_B64 ICAgICAgIm91dGNvbWUiOiAicGFzc2VkIgogICAgICB9LAogICAgICB7CiAgICAgICAgIndoZW4iOiAiY2FsbCIsCiAgICAgICAgIm91dGNvbWUiOiAicGFzc2VkIgogICAgICB9LAogICAgICB7CiAgICAgICAgIndoZW4iOiAidGVhcmRvd24iLAogICAgICAgICJvdXRjb21lIjogInBhc3NlZCIKICAgICAgfQogICAgXSwKICAgICJ0ZXN0cy90ZXN0X2RlcHRoMzVfcmVmcmVzaF9zY29wZS5weTo6dGVzdF9tb2JpbGVfbG9nb3V0X3Jldm9rZXNfb25seV9pdHNfYmVhcmVyX3Nlc3Npb25fYW5kX3JlZnJlc2giOiBbCiAgICAgIHsK
2026-09-10T08:15:36.7182103Z GO_EVIDENCE_B64 ICAgICAgICAid2hlbiI6ICJzZXR1cCIsCiAgICAgICAgIm91dGNvbWUiOiAicGFzc2VkIgogICAgICB9LAogICAgICB7CiAgICAgICAgIndoZW4iOiAiY2FsbCIsCiAgICAgICAgIm91dGNvbWUiOiAicGFzc2VkIgogICAgICB9LAogICAgICB7CiAgICAgICAgIndoZW4iOiAidGVhcmRvd24iLAogICAgICAgICJvdXRjb21lIjogInBhc3NlZCIKICAgICAgfQogICAgXSwKICAgICJ0ZXN0cy90ZXN0X2V4dF90cnV0aF9vcGVyYXRvcl9nb3Zlcm5hbmNlX3JlcGxheS5weTo6dGVzdF9jbGFpbV9pc19yZXBsYXlfc2FmZV9hbmRfbGVh
2026-09-10T08:15:36.7187889Z GO_EVIDENCE_B64 c2VfdGFrZW92ZXJfcmVxdWlyZXNfZXhwaXJ5IjogWwogICAgICB7CiAgICAgICAgIndoZW4iOiAic2V0dXAiLAogICAgICAgICJvdXRjb21lIjogInBhc3NlZCIKICAgICAgfSwKICAgICAgewogICAgICAgICJ3aGVuIjogImNhbGwiLAogICAgICAgICJvdXRjb21lIjogInBhc3NlZCIKICAgICAgfSwKICAgICAgewogICAgICAgICJ3aGVuIjogInRlYXJkb3duIiwKICAgICAgICAib3V0Y29tZSI6ICJwYXNzZWQiCiAgICAgIH0KICAgIF0sCiAgICAidGVzdHMvdGVzdF9leHRfdHJ1dGhfb3BlcmF0b3JfZ292ZXJuYW5jZV9yZXBs
2026-09-10T08:15:36.7193497Z GO_EVIDENCE_B64 YXkucHk6OnRlc3RfbWFrZXJfY2hlY2tlcl9yZXNvbHV0aW9uX2FuZF9jaGVja2VyX3JlcGxheV9hcmVfZXhhY3RseV9vbmNlIjogWwogICAgICB7CiAgICAgICAgIndoZW4iOiAic2V0dXAiLAogICAgICAgICJvdXRjb21lIjogInBhc3NlZCIKICAgICAgfSwKICAgICAgewogICAgICAgICJ3aGVuIjogImNhbGwiLAogICAgICAgICJvdXRjb21lIjogInBhc3NlZCIKICAgICAgfSwKICAgICAgewogICAgICAgICJ3aGVuIjogInRlYXJkb3duIiwKICAgICAgICAib3V0Y29tZSI6ICJwYXNzZWQiCiAgICAgIH0KICAgIF0sCiAgICAi
2026-09-10T08:15:36.7199116Z GO_EVIDENCE_B64 dGVzdHMvdGVzdF9leHRfdHJ1dGhfb3BlcmF0b3JfZ292ZXJuYW5jZV9yZXBsYXkucHk6OnRlc3RfZXZpZGVuY2VfZGlnZXN0X2Jsb2Nrc19wb3N0X3N1Ym1pc3Npb25fdGFtcGVyaW5nIjogWwogICAgICB7CiAgICAgICAgIndoZW4iOiAic2V0dXAiLAogICAgICAgICJvdXRjb21lIjogInBhc3NlZCIKICAgICAgfSwKICAgICAgewogICAgICAgICJ3aGVuIjogImNhbGwiLAogICAgICAgICJvdXRjb21lIjogInBhc3NlZCIKICAgICAgfSwKICAgICAgewogICAgICAgICJ3aGVuIjogInRlYXJkb3duIiwKICAgICAgICAib3V0Y29t
2026-09-10T08:15:36.7204643Z GO_EVIDENCE_B64 ZSI6ICJwYXNzZWQiCiAgICAgIH0KICAgIF0sCiAgICAidGVzdHMvdGVzdF9leHRfdHJ1dGhfb3BlcmF0b3JfZ292ZXJuYW5jZV9yZXBsYXkucHk6OnRlc3RfcmVhbF9leHRlcm5hbF90ZXJtaW5hbF90cnV0aF9zdXBlcnNlZGVzX3VuYXBwcm92ZWRfbWFudWFsX2RyYWZ0IjogWwogICAgICB7CiAgICAgICAgIndoZW4iOiAic2V0dXAiLAogICAgICAgICJvdXRjb21lIjogInBhc3NlZCIKICAgICAgfSwKICAgICAgewogICAgICAgICJ3aGVuIjogImNhbGwiLAogICAgICAgICJvdXRjb21lIjogInBhc3NlZCIKICAgICAgfSwKICAg
2026-09-10T08:15:36.7210505Z GO_EVIDENCE_B64 ICAgewogICAgICAgICJ3aGVuIjogInRlYXJkb3duIiwKICAgICAgICAib3V0Y29tZSI6ICJwYXNzZWQiCiAgICAgIH0KICAgIF0sCiAgICAidGVzdHMvdGVzdF9leHRfdHJ1dGhfb3BlcmF0b3JfZ292ZXJuYW5jZV9yZXBsYXkucHk6OnRlc3Rfd2ViaG9va19kZWxpdmVyeV9wYXlsb2FkX2RyaWZ0X2lzX3RydXRoX2NvbmZsaWN0IjogWwogICAgICB7CiAgICAgICAgIndoZW4iOiAic2V0dXAiLAogICAgICAgICJvdXRjb21lIjogInBhc3NlZCIKICAgICAgfSwKICAgICAgewogICAgICAgICJ3aGVuIjogImNhbGwiLAogICAgICAg
2026-09-10T08:15:36.7216194Z GO_EVIDENCE_B64 ICJvdXRjb21lIjogInBhc3NlZCIKICAgICAgfSwKICAgICAgewogICAgICAgICJ3aGVuIjogInRlYXJkb3duIiwKICAgICAgICAib3V0Y29tZSI6ICJwYXNzZWQiCiAgICAgIH0KICAgIF0sCiAgICAidGVzdHMvdGVzdF9leHRfdHJ1dGhfb3BlcmF0b3JfZ292ZXJuYW5jZV9yZXBsYXkucHk6OnRlc3Rfc2xhX3F1ZXVlX2ZyZWV6ZXNfcHJvbWlzZV9zdXBwbGllcl9hbmRfZmluYW5jZV9hbmRfYmxvY2tzX3Byb21vdGlvbl91bnRpbF9yZXNvbHV0aW9uIjogWwogICAgICB7CiAgICAgICAgIndoZW4iOiAic2V0dXAiLAogICAgICAg
2026-09-10T08:15:36.7222379Z GO_EVIDENCE_B64 ICJvdXRjb21lIjogInBhc3NlZCIKICAgICAgfSwKICAgICAgewogICAgICAgICJ3aGVuIjogImNhbGwiLAogICAgICAgICJvdXRjb21lIjogInBhc3NlZCIKICAgICAgfSwKICAgICAgewogICAgICAgICJ3aGVuIjogInRlYXJkb3duIiwKICAgICAgICAib3V0Y29tZSI6ICJwYXNzZWQiCiAgICAgIH0KICAgIF0sCiAgICAidGVzdHMvdGVzdF9maXJzdF9jb25uZWN0b3JfYWN0aXZhdGlvbl9yZWFkaW5lc3MucHk6OnRlc3RfdGVtcGxhdGVfY29udGFpbnNfc3VwcGxpZXJfbWF0ZXJpYWxzX2FuZF9kb2VzX25vdF9pbXBseV9saXZl
2026-09-10T08:15:36.7228267Z GO_EVIDENCE_B64 IjogWwogICAgICB7CiAgICAgICAgIndoZW4iOiAic2V0dXAiLAogICAgICAgICJvdXRjb21lIjogInBhc3NlZCIKICAgICAgfSwKICAgICAgewogICAgICAgICJ3aGVuIjogImNhbGwiLAogICAgICAgICJvdXRjb21lIjogInBhc3NlZCIKICAgICAgfSwKICAgICAgewogICAgICAgICJ3aGVuIjogInRlYXJkb3duIiwKICAgICAgICAib3V0Y29tZSI6ICJwYXNzZWQiCiAgICAgIH0KICAgIF0sCiAgICAidGVzdHMvdGVzdF9maXJzdF9jb25uZWN0b3JfYWN0aXZhdGlvbl9yZWFkaW5lc3MucHk6OnRlc3Rfa21zX2ludGVyZmFjZV9y
2026-09-10T08:15:36.7233897Z GO_EVIDENCE_B64 ZWplY3RzX2lubGluZV9zZWNyZXRzX2FuZF9ub25fZXh0ZXJuYWxfcmVmZXJlbmNlIjogWwogICAgICB7CiAgICAgICAgIndoZW4iOiAic2V0dXAiLAogICAgICAgICJvdXRjb21lIjogInBhc3NlZCIKICAgICAgfSwKICAgICAgewogICAgICAgICJ3aGVuIjogImNhbGwiLAogICAgICAgICJvdXRjb21lIjogInBhc3NlZCIKICAgICAgfSwKICAgICAgewogICAgICAgICJ3aGVuIjogInRlYXJkb3duIiwKICAgICAgICAib3V0Y29tZSI6ICJwYXNzZWQiCiAgICAgIH0KICAgIF0sCiAgICAidGVzdHMvdGVzdF9maXJzdF9jb25uZWN0
2026-09-10T08:15:36.7239671Z GO_EVIDENCE_B64 b3JfYWN0aXZhdGlvbl9yZWFkaW5lc3MucHk6OnRlc3RfaXBfYWxsb3dsaXN0X3JlamVjdHNfaW52YWxpZF9jaWRyIjogWwogICAgICB7CiAgICAgICAgIndoZW4iOiAic2V0dXAiLAogICAgICAgICJvdXRjb21lIjogInBhc3NlZCIKICAgICAgfSwKICAgICAgewogICAgICAgICJ3aGVuIjogImNhbGwiLAogICAgICAgICJvdXRjb21lIjogInBhc3NlZCIKICAgICAgfSwKICAgICAgewogICAgICAgICJ3aGVuIjogInRlYXJkb3duIiwKICAgICAgICAib3V0Y29tZSI6ICJwYXNzZWQiCiAgICAgIH0KICAgIF0sCiAgICAidGVzdHMv
2026-09-10T08:15:36.7245190Z GO_EVIDENCE_B64 dGVzdF9maXJzdF9jb25uZWN0b3JfYWN0aXZhdGlvbl9yZWFkaW5lc3MucHk6OnRlc3RfY2VydGlmaWNhdGlvbl9yZXF1aXJlc19mdWxsX3N1aXRlX2FuZF9ldmlkZW5jZSI6IFsKICAgICAgewogICAgICAgICJ3aGVuIjogInNldHVwIiwKICAgICAgICAib3V0Y29tZSI6ICJwYXNzZWQiCiAgICAgIH0sCiAgICAgIHsKICAgICAgICAid2hlbiI6ICJjYWxsIiwKICAgICAgICAib3V0Y29tZSI6ICJwYXNzZWQiCiAgICAgIH0sCiAgICAgIHsKICAgICAgICAid2hlbiI6ICJ0ZWFyZG93biIsCiAgICAgICAgIm91dGNvbWUiOiAicGFz
2026-09-10T08:15:36.7250822Z GO_EVIDENCE_B64 c2VkIgogICAgICB9CiAgICBdLAogICAgInRlc3RzL3Rlc3RfZmlyc3RfY29ubmVjdG9yX2FjdGl2YXRpb25fcmVhZGluZXNzLnB5Ojp0ZXN0X3dlYmhvb2tfcm90YXRpb25fcmVxdWlyZXNfb3ZlcmxhcF9wcm9vZl9hbmRfZXh0ZXJuYWxfa2V5IjogWwogICAgICB7CiAgICAgICAgIndoZW4iOiAic2V0dXAiLAogICAgICAgICJvdXRjb21lIjogInBhc3NlZCIKICAgICAgfSwKICAgICAgewogICAgICAgICJ3aGVuIjogImNhbGwiLAogICAgICAgICJvdXRjb21lIjogInBhc3NlZCIKICAgICAgfSwKICAgICAgewogICAgICAgICJ3
2026-09-10T08:15:36.7256291Z GO_EVIDENCE_B64 aGVuIjogInRlYXJkb3duIiwKICAgICAgICAib3V0Y29tZSI6ICJwYXNzZWQiCiAgICAgIH0KICAgIF0sCiAgICAidGVzdHMvdGVzdF9maXJzdF9jb25uZWN0b3JfYWN0aXZhdGlvbl9yZWFkaW5lc3MucHk6OnRlc3RfaW5jb21wbGV0ZV9jb25uZWN0b3JfaXNfYmxvY2tlZF93aXRoX2V4cGxpY2l0X3JlYXNvbnMiOiBbCiAgICAgIHsKICAgICAgICAid2hlbiI6ICJzZXR1cCIsCiAgICAgICAgIm91dGNvbWUiOiAicGFzc2VkIgogICAgICB9LAogICAgICB7CiAgICAgICAgIndoZW4iOiAiY2FsbCIsCiAgICAgICAgIm91dGNvbWUi
2026-09-10T08:15:36.7261847Z GO_EVIDENCE_B64 OiAicGFzc2VkIgogICAgICB9LAogICAgICB7CiAgICAgICAgIndoZW4iOiAidGVhcmRvd24iLAogICAgICAgICJvdXRjb21lIjogInBhc3NlZCIKICAgICAgfQogICAgXSwKICAgICJ0ZXN0cy90ZXN0X2ZpcnN0X2Nvbm5lY3Rvcl9hY3RpdmF0aW9uX3JlYWRpbmVzcy5weTo6dGVzdF9jb21wbGV0ZV9yZWFkaW5lc3NfaXNfcmVhZHlfZm9yX2V4dGVybmFsX2FjdGl2YXRpb25fYnV0X25ldmVyX2xpdmUiOiBbCiAgICAgIHsKICAgICAgICAid2hlbiI6ICJzZXR1cCIsCiAgICAgICAgIm91dGNvbWUiOiAicGFzc2VkIgogICAgICB9
2026-09-10T08:15:36.7267772Z GO_EVIDENCE_B64 LAogICAgICB7CiAgICAgICAgIndoZW4iOiAiY2FsbCIsCiAgICAgICAgIm91dGNvbWUiOiAicGFzc2VkIgogICAgICB9LAogICAgICB7CiAgICAgICAgIndoZW4iOiAidGVhcmRvd24iLAogICAgICAgICJvdXRjb21lIjogInBhc3NlZCIKICAgICAgfQogICAgXSwKICAgICJ0ZXN0cy90ZXN0X2ZpcnN0X2dvX2hvc3RlZF9kaXJlY3RfYm9va2luZ19waWxvdC5weTo6dGVzdF9maXJzdF9waWxvdF9zdXBwbGllcl9pc19sb2NrZWQiOiBbCiAgICAgIHsKICAgICAgICAid2hlbiI6ICJzZXR1cCIsCiAgICAgICAgIm91dGNvbWUiOiAi
2026-09-10T08:15:36.7273298Z GO_EVIDENCE_B64 cGFzc2VkIgogICAgICB9LAogICAgICB7CiAgICAgICAgIndoZW4iOiAiY2FsbCIsCiAgICAgICAgIm91dGNvbWUiOiAicGFzc2VkIgogICAgICB9LAogICAgICB7CiAgICAgICAgIndoZW4iOiAidGVhcmRvd24iLAogICAgICAgICJvdXRjb21lIjogInBhc3NlZCIKICAgICAgfQogICAgXSwKICAgICJ0ZXN0cy90ZXN0X2ZpcnN0X2dvX2hvc3RlZF9kaXJlY3RfYm9va2luZ19waWxvdC5weTo6dGVzdF9wYWdlX3JlcXVpcmVzX2FjdGl2ZV9vZmZlcl9iZWZvcmVfcHVibGlzaCI6IFsKICAgICAgewogICAgICAgICJ3aGVuIjogInNl
2026-09-10T08:15:36.7278930Z GO_EVIDENCE_B64 dHVwIiwKICAgICAgICAib3V0Y29tZSI6ICJwYXNzZWQiCiAgICAgIH0sCiAgICAgIHsKICAgICAgICAid2hlbiI6ICJjYWxsIiwKICAgICAgICAib3V0Y29tZSI6ICJwYXNzZWQiCiAgICAgIH0sCiAgICAgIHsKICAgICAgICAid2hlbiI6ICJ0ZWFyZG93biIsCiAgICAgICAgIm91dGNvbWUiOiAicGFzc2VkIgogICAgICB9CiAgICBdLAogICAgInRlc3RzL3Rlc3RfZmlyc3RfZ29faG9zdGVkX2RpcmVjdF9ib29raW5nX3BpbG90LnB5Ojp0ZXN0X3B1Ymxpc2hlZF9wYWdlX2Rpc2Nsb3Nlc19yZXNlcnZhdGlvbl9vbmx5X2FuZF9h
2026-09-10T08:15:36.7284516Z GO_EVIDENCE_B64 bGlwYXlfcGVuZGluZyI6IFsKICAgICAgewogICAgICAgICJ3aGVuIjogInNldHVwIiwKICAgICAgICAib3V0Y29tZSI6ICJwYXNzZWQiCiAgICAgIH0sCiAgICAgIHsKICAgICAgICAid2hlbiI6ICJjYWxsIiwKICAgICAgICAib3V0Y29tZSI6ICJwYXNzZWQiCiAgICAgIH0sCiAgICAgIHsKICAgICAgICAid2hlbiI6ICJ0ZWFyZG93biIsCiAgICAgICAgIm91dGNvbWUiOiAicGFzc2VkIgogICAgICB9CiAgICBdLAogICAgInRlc3RzL3Rlc3RfZmlyc3RfZ29faG9zdGVkX2RpcmVjdF9ib29raW5nX3BpbG90LnB5Ojp0ZXN0X3Jl
2026-09-10T08:15:36.7290210Z GO_EVIDENCE_B64 c2VydmF0aW9uX2lzX2lkZW1wb3RlbnRfYW5kX25ldmVyX2F0dGVtcHRzX3BheW1lbnQiOiBbCiAgICAgIHsKICAgICAgICAid2hlbiI6ICJzZXR1cCIsCiAgICAgICAgIm91dGNvbWUiOiAicGFzc2VkIgogICAgICB9LAogICAgICB7CiAgICAgICAgIndoZW4iOiAiY2FsbCIsCiAgICAgICAgIm91dGNvbWUiOiAicGFzc2VkIgogICAgICB9LAogICAgICB7CiAgICAgICAgIndoZW4iOiAidGVhcmRvd24iLAogICAgICAgICJvdXRjb21lIjogInBhc3NlZCIKICAgICAgfQogICAgXSwKICAgICJ0ZXN0cy90ZXN0X2ZpcnN0X2dvX2hv
2026-09-10T08:15:36.7295704Z GO_EVIDENCE_B64 c3RlZF9kaXJlY3RfYm9va2luZ19waWxvdC5weTo6dGVzdF9ob3RlbF9jb25maXJtYXRpb25fZG9lc19ub3RfY2xhaW1fcGF5bWVudF9zdWNjZXNzIjogWwogICAgICB7CiAgICAgICAgIndoZW4iOiAic2V0dXAiLAogICAgICAgICJvdXRjb21lIjogInBhc3NlZCIKICAgICAgfSwKICAgICAgewogICAgICAgICJ3aGVuIjogImNhbGwiLAogICAgICAgICJvdXRjb21lIjogInBhc3NlZCIKICAgICAgfSwKICAgICAgewogICAgICAgICJ3aGVuIjogInRlYXJkb3duIiwKICAgICAgICAib3V0Y29tZSI6ICJwYXNzZWQiCiAgICAgIH0K
2026-09-10T08:15:36.7301355Z GO_EVIDENCE_B64 ICAgIF0sCiAgICAidGVzdHMvdGVzdF9maXJzdF9nb19ob3N0ZWRfZGlyZWN0X2Jvb2tpbmdfcGlsb3QucHk6OnRlc3RfcmVqZWN0aW9uX2FuZF9jYW5jZWxfcmVzdG9yZV9pbnZlbnRvcnlfd2l0aG91dF9yZWZ1bmQiOiBbCiAgICAgIHsKICAgICAgICAid2hlbiI6ICJzZXR1cCIsCiAgICAgICAgIm91dGNvbWUiOiAicGFzc2VkIgogICAgICB9LAogICAgICB7CiAgICAgICAgIndoZW4iOiAiY2FsbCIsCiAgICAgICAgIm91dGNvbWUiOiAicGFzc2VkIgogICAgICB9LAogICAgICB7CiAgICAgICAgIndoZW4iOiAidGVhcmRvd24i
2026-09-10T08:15:36.7306825Z GO_EVIDENCE_B64 LAogICAgICAgICJvdXRjb21lIjogInBhc3NlZCIKICAgICAgfQogICAgXSwKICAgICJ0ZXN0cy90ZXN0X2ZpcnN0X2dvX2hvc3RlZF9kaXJlY3RfYm9va2luZ19waWxvdC5weTo6dGVzdF9zdGF0dXNfdHJ1dGhmdWxseV9yZXBvcnRzX25vX3BheW1lbnRfYW5kX25vdF9saXZlIjogWwogICAgICB7CiAgICAgICAgIndoZW4iOiAic2V0dXAiLAogICAgICAgICJvdXRjb21lIjogInBhc3NlZCIKICAgICAgfSwKICAgICAgewogICAgICAgICJ3aGVuIjogImNhbGwiLAogICAgICAgICJvdXRjb21lIjogInBhc3NlZCIKICAgICAgfSwK
2026-09-10T08:15:36.7312380Z GO_EVIDENCE_B64 ICAgICAgewogICAgICAgICJ3aGVuIjogInRlYXJkb3duIiwKICAgICAgICAib3V0Y29tZSI6ICJwYXNzZWQiCiAgICAgIH0KICAgIF0sCiAgICAidGVzdHMvdGVzdF9mbGlnaHRfam91cm5leV9kZXB0aC5weTo6dGVzdF9zZWFyY2hfc2VsZWN0aW9uX3ByZWJvb2tfYW5kX29yZGVyX3ByZXNlcnZlX2VudGlyZV9qb3VybmV5W09ORV9XQVktMV0iOiBbCiAgICAgIHsKICAgICAgICAid2hlbiI6ICJzZXR1cCIsCiAgICAgICAgIm91dGNvbWUiOiAicGFzc2VkIgogICAgICB9LAogICAgICB7CiAgICAgICAgIndoZW4iOiAiY2FsbCIs
2026-09-10T08:15:36.7318282Z GO_EVIDENCE_B64 CiAgICAgICAgIm91dGNvbWUiOiAicGFzc2VkIgogICAgICB9LAogICAgICB7CiAgICAgICAgIndoZW4iOiAidGVhcmRvd24iLAogICAgICAgICJvdXRjb21lIjogInBhc3NlZCIKICAgICAgfQogICAgXSwKICAgICJ0ZXN0cy90ZXN0X2ZsaWdodF9qb3VybmV5X2RlcHRoLnB5Ojp0ZXN0X3NlYXJjaF9zZWxlY3Rpb25fcHJlYm9va19hbmRfb3JkZXJfcHJlc2VydmVfZW50aXJlX2pvdXJuZXlbUk9VTkRfVFJJUC0yXSI6IFsKICAgICAgewogICAgICAgICJ3aGVuIjogInNldHVwIiwKICAgICAgICAib3V0Y29tZSI6ICJwYXNzZWQi
2026-09-10T08:15:36.7324035Z GO_EVIDENCE_B64 CiAgICAgIH0sCiAgICAgIHsKICAgICAgICAid2hlbiI6ICJjYWxsIiwKICAgICAgICAib3V0Y29tZSI6ICJwYXNzZWQiCiAgICAgIH0sCiAgICAgIHsKICAgICAgICAid2hlbiI6ICJ0ZWFyZG93biIsCiAgICAgICAgIm91dGNvbWUiOiAicGFzc2VkIgogICAgICB9CiAgICBdLAogICAgInRlc3RzL3Rlc3RfZmxpZ2h0X2pvdXJuZXlfZGVwdGgucHk6OnRlc3Rfc2VhcmNoX3NlbGVjdGlvbl9wcmVib29rX2FuZF9vcmRlcl9wcmVzZXJ2ZV9lbnRpcmVfam91cm5leVtNVUxUSV9DSVRZLTNdIjogWwogICAgICB7CiAgICAgICAgIndo
2026-09-10T08:15:36.7329833Z GO_EVIDENCE_B64 ZW4iOiAic2V0dXAiLAogICAgICAgICJvdXRjb21lIjogInBhc3NlZCIKICAgICAgfSwKICAgICAgewogICAgICAgICJ3aGVuIjogImNhbGwiLAogICAgICAgICJvdXRjb21lIjogInBhc3NlZCIKICAgICAgfSwKICAgICAgewogICAgICAgICJ3aGVuIjogInRlYXJkb3duIiwKICAgICAgICAib3V0Y29tZSI6ICJwYXNzZWQiCiAgICAgIH0KICAgIF0sCiAgICAidGVzdHMvdGVzdF9mbGlnaHRfam91cm5leV9kZXB0aC5weTo6dGVzdF9pbnZhbGlkX2pvdXJuZXlfcmVqZWN0ZWRfd2l0aG91dF93cml0aW5nX3F1b3Rlc1tzYW1lX2Fp
2026-09-10T08:15:36.7335397Z GO_EVIDENCE_B64 cnBvcnRdIjogWwogICAgICB7CiAgICAgICAgIndoZW4iOiAic2V0dXAiLAogICAgICAgICJvdXRjb21lIjogInBhc3NlZCIKICAgICAgfSwKICAgICAgewogICAgICAgICJ3aGVuIjogImNhbGwiLAogICAgICAgICJvdXRjb21lIjogInBhc3NlZCIKICAgICAgfSwKICAgICAgewogICAgICAgICJ3aGVuIjogInRlYXJkb3duIiwKICAgICAgICAib3V0Y29tZSI6ICJwYXNzZWQiCiAgICAgIH0KICAgIF0sCiAgICAidGVzdHMvdGVzdF9mbGlnaHRfam91cm5leV9kZXB0aC5weTo6dGVzdF9pbnZhbGlkX2pvdXJuZXlfcmVqZWN0ZWRf
2026-09-10T08:15:36.7341068Z GO_EVIDENCE_B64 d2l0aG91dF93cml0aW5nX3F1b3Rlc1tyZXZlcnNlX2RhdGVdIjogWwogICAgICB7CiAgICAgICAgIndoZW4iOiAic2V0dXAiLAogICAgICAgICJvdXRjb21lIjogInBhc3NlZCIKICAgICAgfSwKICAgICAgewogICAgICAgICJ3aGVuIjogImNhbGwiLAogICAgICAgICJvdXRjb21lIjogInBhc3NlZCIKICAgICAgfSwKICAgICAgewogICAgICAgICJ3aGVuIjogInRlYXJkb3duIiwKICAgICAgICAib3V0Y29tZSI6ICJwYXNzZWQiCiAgICAgIH0KICAgIF0sCiAgICAidGVzdHMvdGVzdF9mbGlnaHRfam91cm5leV9kZXB0aC5weTo6
2026-09-10T08:15:36.7346562Z GO_EVIDENCE_B64 dGVzdF9pbnZhbGlkX2pvdXJuZXlfcmVqZWN0ZWRfd2l0aG91dF93cml0aW5nX3F1b3Rlc1tzYW1lX2RheV0iOiBbCiAgICAgIHsKICAgICAgICAid2hlbiI6ICJzZXR1cCIsCiAgICAgICAgIm91dGNvbWUiOiAicGFzc2VkIgogICAgICB9LAogICAgICB7CiAgICAgICAgIndoZW4iOiAiY2FsbCIsCiAgICAgICAgIm91dGNvbWUiOiAicGFzc2VkIgogICAgICB9LAogICAgICB7CiAgICAgICAgIndoZW4iOiAidGVhcmRvd24iLAogICAgICAgICJvdXRjb21lIjogInBhc3NlZCIKICAgICAgfQogICAgXSwKICAgICJ0ZXN0cy90ZXN0
2026-09-10T08:15:36.7352105Z GO_EVIDENCE_B64 X2ZsaWdodF9qb3VybmV5X2RlcHRoLnB5Ojp0ZXN0X2ludmFsaWRfam91cm5leV9yZWplY3RlZF93aXRob3V0X3dyaXRpbmdfcXVvdGVzW3dyb25nX3JldHVybl0iOiBbCiAgICAgIHsKICAgICAgICAid2hlbiI6ICJzZXR1cCIsCiAgICAgICAgIm91dGNvbWUiOiAicGFzc2VkIgogICAgICB9LAogICAgICB7CiAgICAgICAgIndoZW4iOiAiY2FsbCIsCiAgICAgICAgIm91dGNvbWUiOiAicGFzc2VkIgogICAgICB9LAogICAgICB7CiAgICAgICAgIndoZW4iOiAidGVhcmRvd24iLAogICAgICAgICJvdXRjb21lIjogInBhc3NlZCIK
2026-09-10T08:15:36.7357534Z GO_EVIDENCE_B64 ICAgICAgfQogICAgXSwKICAgICJ0ZXN0cy90ZXN0X2ZsaWdodF9qb3VybmV5X2RlcHRoLnB5Ojp0ZXN0X2ludmFsaWRfam91cm5leV9yZWplY3RlZF93aXRob3V0X3dyaXRpbmdfcXVvdGVzW21pc3NpbmdfbGVnXSI6IFsKICAgICAgewogICAgICAgICJ3aGVuIjogInNldHVwIiwKICAgICAgICAib3V0Y29tZSI6ICJwYXNzZWQiCiAgICAgIH0sCiAgICAgIHsKICAgICAgICAid2hlbiI6ICJjYWxsIiwKICAgICAgICAib3V0Y29tZSI6ICJwYXNzZWQiCiAgICAgIH0sCiAgICAgIHsKICAgICAgICAid2hlbiI6ICJ0ZWFyZG93biIs
2026-09-10T08:15:36.7363044Z GO_EVIDENCE_B64 CiAgICAgICAgIm91dGNvbWUiOiAicGFzc2VkIgogICAgICB9CiAgICBdLAogICAgInRlc3RzL3Rlc3RfZmxpZ2h0X2pvdXJuZXlfZGVwdGgucHk6OnRlc3RfaW52YWxpZF9qb3VybmV5X3JlamVjdGVkX3dpdGhvdXRfd3JpdGluZ19xdW90ZXNbdG9vX21hbnldIjogWwogICAgICB7CiAgICAgICAgIndoZW4iOiAic2V0dXAiLAogICAgICAgICJvdXRjb21lIjogInBhc3NlZCIKICAgICAgfSwKICAgICAgewogICAgICAgICJ3aGVuIjogImNhbGwiLAogICAgICAgICJvdXRjb21lIjogInBhc3NlZCIKICAgICAgfSwKICAgICAgewog
2026-09-10T08:15:36.7368917Z GO_EVIDENCE_B64 ICAgICAgICJ3aGVuIjogInRlYXJkb3duIiwKICAgICAgICAib3V0Y29tZSI6ICJwYXNzZWQiCiAgICAgIH0KICAgIF0sCiAgICAidGVzdHMvdGVzdF9mbGlnaHRfam91cm5leV9kZXB0aC5weTo6dGVzdF9pbnZhbGlkX2pvdXJuZXlfcmVqZWN0ZWRfd2l0aG91dF93cml0aW5nX3F1b3Rlc1twYXN0XSI6IFsKICAgICAgewogICAgICAgICJ3aGVuIjogInNldHVwIiwKICAgICAgICAib3V0Y29tZSI6ICJwYXNzZWQiCiAgICAgIH0sCiAgICAgIHsKICAgICAgICAid2hlbiI6ICJjYWxsIiwKICAgICAgICAib3V0Y29tZSI6ICJwYXNz
2026-09-10T08:15:36.7374360Z GO_EVIDENCE_B64 ZWQiCiAgICAgIH0sCiAgICAgIHsKICAgICAgICAid2hlbiI6ICJ0ZWFyZG93biIsCiAgICAgICAgIm91dGNvbWUiOiAicGFzc2VkIgogICAgICB9CiAgICBdLAogICAgInRlc3RzL3Rlc3RfZmxpZ2h0X2pvdXJuZXlfZGVwdGgucHk6OnRlc3RfaW52YWxpZF9qb3VybmV5X3JlamVjdGVkX3dpdGhvdXRfd3JpdGluZ19xdW90ZXNbZXh0cmFfcHJpY2VdIjogWwogICAgICB7CiAgICAgICAgIndoZW4iOiAic2V0dXAiLAogICAgICAgICJvdXRjb21lIjogInBhc3NlZCIKICAgICAgfSwKICAgICAgewogICAgICAgICJ3aGVuIjogImNh
2026-09-10T08:15:36.7379935Z GO_EVIDENCE_B64 bGwiLAogICAgICAgICJvdXRjb21lIjogInBhc3NlZCIKICAgICAgfSwKICAgICAgewogICAgICAgICJ3aGVuIjogInRlYXJkb3duIiwKICAgICAgICAib3V0Y29tZSI6ICJwYXNzZWQiCiAgICAgIH0KICAgIF0sCiAgICAidGVzdHMvdGVzdF9mbGlnaHRfam91cm5leV9kZXB0aC5weTo6dGVzdF9pbnZhbGlkX2pvdXJuZXlfcmVqZWN0ZWRfd2l0aG91dF93cml0aW5nX3F1b3Rlc1t1bmtub3duX2tpbmRdIjogWwogICAgICB7CiAgICAgICAgIndoZW4iOiAic2V0dXAiLAogICAgICAgICJvdXRjb21lIjogInBhc3NlZCIKICAgICAg
2026-09-10T08:15:36.7385445Z GO_EVIDENCE_B64 fSwKICAgICAgewogICAgICAgICJ3aGVuIjogImNhbGwiLAogICAgICAgICJvdXRjb21lIjogInBhc3NlZCIKICAgICAgfSwKICAgICAgewogICAgICAgICJ3aGVuIjogInRlYXJkb3duIiwKICAgICAgICAib3V0Y29tZSI6ICJwYXNzZWQiCiAgICAgIH0KICAgIF0sCiAgICAidGVzdHMvdGVzdF9mbGlnaHRfam91cm5leV9kZXB0aC5weTo6dGVzdF9vcGVuX2phd19hbmRfc2l4X2xlZ19zZWFyY2hfc3VwcG9ydGVkIjogWwogICAgICB7CiAgICAgICAgIndoZW4iOiAic2V0dXAiLAogICAgICAgICJvdXRjb21lIjogInBhc3NlZCIK
2026-09-10T08:15:36.7391061Z GO_EVIDENCE_B64 ICAgICAgfSwKICAgICAgewogICAgICAgICJ3aGVuIjogImNhbGwiLAogICAgICAgICJvdXRjb21lIjogInBhc3NlZCIKICAgICAgfSwKICAgICAgewogICAgICAgICJ3aGVuIjogInRlYXJkb3duIiwKICAgICAgICAib3V0Y29tZSI6ICJwYXNzZWQiCiAgICAgIH0KICAgIF0sCiAgICAidGVzdHMvdGVzdF9mbGlnaHRfam91cm5leV9kZXB0aC5weTo6dGVzdF9jb21wb3NlX3JlamVjdHNfdW51c2FibGVfb3JfbWlzbWF0Y2hlZF9xdW90ZXNbZHVwbGljYXRlXSI6IFsKICAgICAgewogICAgICAgICJ3aGVuIjogInNldHVwIiwKICAg
2026-09-10T08:15:36.7396574Z GO_EVIDENCE_B64 ICAgICAib3V0Y29tZSI6ICJwYXNzZWQiCiAgICAgIH0sCiAgICAgIHsKICAgICAgICAid2hlbiI6ICJjYWxsIiwKICAgICAgICAib3V0Y29tZSI6ICJwYXNzZWQiCiAgICAgIH0sCiAgICAgIHsKICAgICAgICAid2hlbiI6ICJ0ZWFyZG93biIsCiAgICAgICAgIm91dGNvbWUiOiAicGFzc2VkIgogICAgICB9CiAgICBdLAogICAgInRlc3RzL3Rlc3RfZmxpZ2h0X2pvdXJuZXlfZGVwdGgucHk6OnRlc3RfY29tcG9zZV9yZWplY3RzX3VudXNhYmxlX29yX21pc21hdGNoZWRfcXVvdGVzW2V4cGlyZWRdIjogWwogICAgICB7CiAgICAg
2026-09-10T08:15:36.7402308Z GO_EVIDENCE_B64 ICAgIndoZW4iOiAic2V0dXAiLAogICAgICAgICJvdXRjb21lIjogInBhc3NlZCIKICAgICAgfSwKICAgICAgewogICAgICAgICJ3aGVuIjogImNhbGwiLAogICAgICAgICJvdXRjb21lIjogInBhc3NlZCIKICAgICAgfSwKICAgICAgewogICAgICAgICJ3aGVuIjogInRlYXJkb3duIiwKICAgICAgICAib3V0Y29tZSI6ICJwYXNzZWQiCiAgICAgIH0KICAgIF0sCiAgICAidGVzdHMvdGVzdF9mbGlnaHRfam91cm5leV9kZXB0aC5weTo6dGVzdF9jb21wb3NlX3JlamVjdHNfdW51c2FibGVfb3JfbWlzbWF0Y2hlZF9xdW90ZXNbY3Vy
2026-09-10T08:15:36.7407923Z GO_EVIDENCE_B64 cmVuY3ldIjogWwogICAgICB7CiAgICAgICAgIndoZW4iOiAic2V0dXAiLAogICAgICAgICJvdXRjb21lIjogInBhc3NlZCIKICAgICAgfSwKICAgICAgewogICAgICAgICJ3aGVuIjogImNhbGwiLAogICAgICAgICJvdXRjb21lIjogInBhc3NlZCIKICAgICAgfSwKICAgICAgewogICAgICAgICJ3aGVuIjogInRlYXJkb3duIiwKICAgICAgICAib3V0Y29tZSI6ICJwYXNzZWQiCiAgICAgIH0KICAgIF0sCiAgICAidGVzdHMvdGVzdF9mbGlnaHRfam91cm5leV9kZXB0aC5weTo6dGVzdF9jb21wb3NlX3JlamVjdHNfdW51c2FibGVf
2026-09-10T08:15:36.7413376Z GO_EVIDENCE_B64 b3JfbWlzbWF0Y2hlZF9xdW90ZXNbbWlzc2luZ10iOiBbCiAgICAgIHsKICAgICAgICAid2hlbiI6ICJzZXR1cCIsCiAgICAgICAgIm91dGNvbWUiOiAicGFzc2VkIgogICAgICB9LAogICAgICB7CiAgICAgICAgIndoZW4iOiAiY2FsbCIsCiAgICAgICAgIm91dGNvbWUiOiAicGFzc2VkIgogICAgICB9LAogICAgICB7CiAgICAgICAgIndoZW4iOiAidGVhcmRvd24iLAogICAgICAgICJvdXRjb21lIjogInBhc3NlZCIKICAgICAgfQogICAgXSwKICAgICJ0ZXN0cy90ZXN0X2ZsaWdodF9qb3VybmV5X2RlcHRoLnB5Ojp0ZXN0X2Nv
2026-09-10T08:15:36.7419197Z GO_EVIDENCE_B64 bXBvc2VfcmVqZWN0c191bnVzYWJsZV9vcl9taXNtYXRjaGVkX3F1b3Rlc1tuZXN0ZWRdIjogWwogICAgICB7CiAgICAgICAgIndoZW4iOiAic2V0dXAiLAogICAgICAgICJvdXRjb21lIjogInBhc3NlZCIKICAgICAgfSwKICAgICAgewogICAgICAgICJ3aGVuIjogImNhbGwiLAogICAgICAgICJvdXRjb21lIjogInBhc3NlZCIKICAgICAgfSwKICAgICAgewogICAgICAgICJ3aGVuIjogInRlYXJkb3duIiwKICAgICAgICAib3V0Y29tZSI6ICJwYXNzZWQiCiAgICAgIH0KICAgIF0sCiAgICAidGVzdHMvdGVzdF9mbGlnaHRfam91
2026-09-10T08:15:36.7424605Z GO_EVIDENCE_B64 cm5leV9kZXB0aC5weTo6dGVzdF9jb21wb3NlX3JlamVjdHNfdW51c2FibGVfb3JfbWlzbWF0Y2hlZF9xdW90ZXNbcm91dGVdIjogWwogICAgICB7CiAgICAgICAgIndoZW4iOiAic2V0dXAiLAogICAgICAgICJvdXRjb21lIjogInBhc3NlZCIKICAgICAgfSwKICAgICAgewogICAgICAgICJ3aGVuIjogImNhbGwiLAogICAgICAgICJvdXRjb21lIjogInBhc3NlZCIKICAgICAgfSwKICAgICAgewogICAgICAgICJ3aGVuIjogInRlYXJkb3duIiwKICAgICAgICAib3V0Y29tZSI6ICJwYXNzZWQiCiAgICAgIH0KICAgIF0sCiAgICAi
2026-09-10T08:15:36.7430077Z GO_EVIDENCE_B64 dGVzdHMvdGVzdF9mbGlnaHRfam91cm5leV9kZXB0aC5weTo6dGVzdF9ub19zaWxlbnRfcmV0dXJuX2ZpZWxkc19vbl9sZWdhY3lfc2luZ2xlX2xlZ19zZWFyY2giOiBbCiAgICAgIHsKICAgICAgICAid2hlbiI6ICJzZXR1cCIsCiAgICAgICAgIm91dGNvbWUiOiAicGFzc2VkIgogICAgICB9LAogICAgICB7CiAgICAgICAgIndoZW4iOiAiY2FsbCIsCiAgICAgICAgIm91dGNvbWUiOiAicGFzc2VkIgogICAgICB9LAogICAgICB7CiAgICAgICAgIndoZW4iOiAidGVhcmRvd24iLAogICAgICAgICJvdXRjb21lIjogInBhc3NlZCIK
2026-09-10T08:15:36.7435490Z GO_EVIDENCE_B64 ICAgICAgfQogICAgXSwKICAgICJ0ZXN0cy90ZXN0X2ZsaWdodF9qb3VybmV5X2RlcHRoLnB5Ojp0ZXN0X3JvdW5kX3RyaXBfcmVmdW5kX3VzZXNfc2VsZWN0ZWRfbGVnX3J1bGVzIjogWwogICAgICB7CiAgICAgICAgIndoZW4iOiAic2V0dXAiLAogICAgICAgICJvdXRjb21lIjogInBhc3NlZCIKICAgICAgfSwKICAgICAgewogICAgICAgICJ3aGVuIjogImNhbGwiLAogICAgICAgICJvdXRjb21lIjogInBhc3NlZCIKICAgICAgfSwKICAgICAgewogICAgICAgICJ3aGVuIjogInRlYXJkb3duIiwKICAgICAgICAib3V0Y29tZSI6
2026-09-10T08:15:36.7441001Z GO_EVIDENCE_B64 ICJwYXNzZWQiCiAgICAgIH0KICAgIF0sCiAgICAidGVzdHMvdGVzdF9mbGlnaHRfam91cm5leV9kZXB0aC5weTo6dGVzdF9ub25yZWZ1bmRhYmxlX2xlZ19jYW5ub3RfYmVfcmVmdW5kZWRfYW5kX211bHRpX2NoYW5nZV9pc19ub3Rfc2lsZW50bHlfZmlyc3RfbGVnIjogWwogICAgICB7CiAgICAgICAgIndoZW4iOiAic2V0dXAiLAogICAgICAgICJvdXRjb21lIjogInBhc3NlZCIKICAgICAgfSwKICAgICAgewogICAgICAgICJ3aGVuIjogImNhbGwiLAogICAgICAgICJvdXRjb21lIjogInBhc3NlZCIKICAgICAgfSwKICAgICAg
2026-09-10T08:15:36.7446410Z GO_EVIDENCE_B64 ewogICAgICAgICJ3aGVuIjogInRlYXJkb3duIiwKICAgICAgICAib3V0Y29tZSI6ICJwYXNzZWQiCiAgICAgIH0KICAgIF0sCiAgICAidGVzdHMvdGVzdF9mbGlnaHRfam91cm5leV9kZXB0aC5weTo6dGVzdF93cm9uZ19wYXNzZW5nZXJfY291bnRfcmVqZWN0ZWRfYmVmb3JlX29yZGVyX2NyZWF0aW9uIjogWwogICAgICB7CiAgICAgICAgIndoZW4iOiAic2V0dXAiLAogICAgICAgICJvdXRjb21lIjogInBhc3NlZCIKICAgICAgfSwKICAgICAgewogICAgICAgICJ3aGVuIjogImNhbGwiLAogICAgICAgICJvdXRjb21lIjogInBh
2026-09-10T08:15:36.7451992Z GO_EVIDENCE_B64 c3NlZCIKICAgICAgfSwKICAgICAgewogICAgICAgICJ3aGVuIjogInRlYXJkb3duIiwKICAgICAgICAib3V0Y29tZSI6ICJwYXNzZWQiCiAgICAgIH0KICAgIF0sCiAgICAidGVzdHMvdGVzdF9mbGlnaHRfam91cm5leV9kZXB0aC5weTo6dGVzdF9uZXdfam91cm5leV9wYXRoc19kb19ub3RfZW5hYmxlX3Byb2R1Y3Rpb25fZml4dHVyZXMiOiBbCiAgICAgIHsKICAgICAgICAid2hlbiI6ICJzZXR1cCIsCiAgICAgICAgIm91dGNvbWUiOiAicGFzc2VkIgogICAgICB9LAogICAgICB7CiAgICAgICAgIndoZW4iOiAiY2FsbCIsCiAg
2026-09-10T08:15:36.7457432Z GO_EVIDENCE_B64 ICAgICAgIm91dGNvbWUiOiAicGFzc2VkIgogICAgICB9LAogICAgICB7CiAgICAgICAgIndoZW4iOiAidGVhcmRvd24iLAogICAgICAgICJvdXRjb21lIjogInBhc3NlZCIKICAgICAgfQogICAgXSwKICAgICJ0ZXN0cy90ZXN0X2ZsaWdodF9qb3VybmV5X2RlcHRoLnB5Ojp0ZXN0X3ByZWJvb2tfY2Fubm90X291dGxpdmVfc2hvcnRlc3Rfc2VsZWN0ZWRfcXVvdGUiOiBbCiAgICAgIHsKICAgICAgICAid2hlbiI6ICJzZXR1cCIsCiAgICAgICAgIm91dGNvbWUiOiAicGFzc2VkIgogICAgICB9LAogICAgICB7CiAgICAgICAgIndo
2026-09-10T08:15:36.7462929Z GO_EVIDENCE_B64 ZW4iOiAiY2FsbCIsCiAgICAgICAgIm91dGNvbWUiOiAicGFzc2VkIgogICAgICB9LAogICAgICB7CiAgICAgICAgIndoZW4iOiAidGVhcmRvd24iLAogICAgICAgICJvdXRjb21lIjogInBhc3NlZCIKICAgICAgfQogICAgXSwKICAgICJ0ZXN0cy90ZXN0X2dvX2FpX211bHRpbW9kZWwucHk6OnRlc3RfZ29fYWlfcm91dGVzX2FuZF9wZXJzaXN0c19oYXNoX29ubHkiOiBbCiAgICAgIHsKICAgICAgICAid2hlbiI6ICJzZXR1cCIsCiAgICAgICAgIm91dGNvbWUiOiAicGFzc2VkIgogICAgICB9LAogICAgICB7CiAgICAgICAgIndo
2026-09-10T08:15:36.7468564Z GO_EVIDENCE_B64 ZW4iOiAiY2FsbCIsCiAgICAgICAgIm91dGNvbWUiOiAicGFzc2VkIgogICAgICB9LAogICAgICB7CiAgICAgICAgIndoZW4iOiAidGVhcmRvd24iLAogICAgICAgICJvdXRjb21lIjogInBhc3NlZCIKICAgICAgfQogICAgXSwKICAgICJ0ZXN0cy90ZXN0X2dvX2FpX211bHRpbW9kZWwucHk6OnRlc3RfZ29fYWlfZmFsbHNfYmFja193aXRob3V0X2NoYW5naW5nX3Byb2R1Y3RfaWRlbnRpdHkiOiBbCiAgICAgIHsKICAgICAgICAid2hlbiI6ICJzZXR1cCIsCiAgICAgICAgIm91dGNvbWUiOiAicGFzc2VkIgogICAgICB9LAogICAg
2026-09-10T08:15:36.7474122Z GO_EVIDENCE_B64 ICB7CiAgICAgICAgIndoZW4iOiAiY2FsbCIsCiAgICAgICAgIm91dGNvbWUiOiAicGFzc2VkIgogICAgICB9LAogICAgICB7CiAgICAgICAgIndoZW4iOiAidGVhcmRvd24iLAogICAgICAgICJvdXRjb21lIjogInBhc3NlZCIKICAgICAgfQogICAgXSwKICAgICJ0ZXN0cy90ZXN0X2dvX2FpX211bHRpbW9kZWwucHk6OnRlc3RfY25fcmVxdWVzdF9kb2VzX25vdF9zaWxlbnRseV9yb3V0ZV90b19nbG9iYWxfb25seV9wcm92aWRlciI6IFsKICAgICAgewogICAgICAgICJ3aGVuIjogInNldHVwIiwKICAgICAgICAib3V0Y29tZSI6
2026-09-10T08:15:36.7479670Z GO_EVIDENCE_B64 ICJwYXNzZWQiCiAgICAgIH0sCiAgICAgIHsKICAgICAgICAid2hlbiI6ICJjYWxsIiwKICAgICAgICAib3V0Y29tZSI6ICJwYXNzZWQiCiAgICAgIH0sCiAgICAgIHsKICAgICAgICAid2hlbiI6ICJ0ZWFyZG93biIsCiAgICAgICAgIm91dGNvbWUiOiAicGFzc2VkIgogICAgICB9CiAgICBdLAogICAgInRlc3RzL3Rlc3RfZ29fYWlfbXVsdGltb2RlbC5weTo6dGVzdF9sbG1fY2Fubm90X3Rha2VfdHJhbnNhY3Rpb25fb3JfZ29fanVkZ21lbnRfYXV0aG9yaXR5IjogWwogICAgICB7CiAgICAgICAgIndoZW4iOiAic2V0dXAiLAog
2026-09-10T08:15:36.7485415Z GO_EVIDENCE_B64 ICAgICAgICJvdXRjb21lIjogInBhc3NlZCIKICAgICAgfSwKICAgICAgewogICAgICAgICJ3aGVuIjogImNhbGwiLAogICAgICAgICJvdXRjb21lIjogInBhc3NlZCIKICAgICAgfSwKICAgICAgewogICAgICAgICJ3aGVuIjogInRlYXJkb3duIiwKICAgICAgICAib3V0Y29tZSI6ICJwYXNzZWQiCiAgICAgIH0KICAgIF0sCiAgICAidGVzdHMvdGVzdF9nb19haV9tdWx0aW1vZGVsLnB5Ojp0ZXN0X2hvdGVsX3JlY29tbWVuZGF0aW9uX2lzX2dvX2p1ZGdtZW50X25vdF9leHRlcm5hbF9tb2RlbCI6IFsKICAgICAgewogICAgICAg
2026-09-10T08:15:36.7491028Z GO_EVIDENCE_B64 ICJ3aGVuIjogInNldHVwIiwKICAgICAgICAib3V0Y29tZSI6ICJwYXNzZWQiCiAgICAgIH0sCiAgICAgIHsKICAgICAgICAid2hlbiI6ICJjYWxsIiwKICAgICAgICAib3V0Y29tZSI6ICJwYXNzZWQiCiAgICAgIH0sCiAgICAgIHsKICAgICAgICAid2hlbiI6ICJ0ZWFyZG93biIsCiAgICAgICAgIm91dGNvbWUiOiAicGFzc2VkIgogICAgICB9CiAgICBdLAogICAgInRlc3RzL3Rlc3RfZ29fYWlfbXVsdGltb2RlbC5weTo6dGVzdF9nb19haV9jb21wbGV4aXR5X2NsYXNzaWZpZXJfcHJvbW90ZXNfY29tcGxleF90cmlwX3RvX211
2026-09-10T08:15:36.7496596Z GO_EVIDENCE_B64 bHRpX2FnZW50IjogWwogICAgICB7CiAgICAgICAgIndoZW4iOiAic2V0dXAiLAogICAgICAgICJvdXRjb21lIjogInBhc3NlZCIKICAgICAgfSwKICAgICAgewogICAgICAgICJ3aGVuIjogImNhbGwiLAogICAgICAgICJvdXRjb21lIjogInBhc3NlZCIKICAgICAgfSwKICAgICAgewogICAgICAgICJ3aGVuIjogInRlYXJkb3duIiwKICAgICAgICAib3V0Y29tZSI6ICJwYXNzZWQiCiAgICAgIH0KICAgIF0sCiAgICAidGVzdHMvdGVzdF9nb19haV9tdWx0aW1vZGVsLnB5Ojp0ZXN0X2dvX2FpX29yY2hlc3RyYXRpb25fdXNlc19w
2026-09-10T08:15:36.7502129Z GO_EVIDENCE_B64 YXJhbGxlbF90YXNrc19zeW50aGVzaXNfYW5kX2hpZGVzX21vZGVscyI6IFsKICAgICAgewogICAgICAgICJ3aGVuIjogInNldHVwIiwKICAgICAgICAib3V0Y29tZSI6ICJwYXNzZWQiCiAgICAgIH0sCiAgICAgIHsKICAgICAgICAid2hlbiI6ICJjYWxsIiwKICAgICAgICAib3V0Y29tZSI6ICJwYXNzZWQiCiAgICAgIH0sCiAgICAgIHsKICAgICAgICAid2hlbiI6ICJ0ZWFyZG93biIsCiAgICAgICAgIm91dGNvbWUiOiAicGFzc2VkIgogICAgICB9CiAgICBdLAogICAgInRlc3RzL3Rlc3RfZ29fYWlfbXVsdGltb2RlbC5weTo6
2026-09-10T08:15:36.7507526Z GO_EVIDENCE_B64 dGVzdF9nb19haV9oaWdoX2Fzc3VyYW5jZV9uZXZlcl9ncmFudHNfdHJhbnNhY3Rpb25fZXhlY3V0aW9uX2F1dGhvcml0eSI6IFsKICAgICAgewogICAgICAgICJ3aGVuIjogInNldHVwIiwKICAgICAgICAib3V0Y29tZSI6ICJwYXNzZWQiCiAgICAgIH0sCiAgICAgIHsKICAgICAgICAid2hlbiI6ICJjYWxsIiwKICAgICAgICAib3V0Y29tZSI6ICJwYXNzZWQiCiAgICAgIH0sCiAgICAgIHsKICAgICAgICAid2hlbiI6ICJ0ZWFyZG93biIsCiAgICAgICAgIm91dGNvbWUiOiAicGFzc2VkIgogICAgICB9CiAgICBdLAogICAgInRl
2026-09-10T08:15:36.7513007Z GO_EVIDENCE_B64 c3RzL3Rlc3RfZ29sZGVuX3BhdGgucHk6OnRlc3Rfc2VhcmNoX3ByZWJvb2tfcGF5X2Jvb2tfY29uZmlybSI6IFsKICAgICAgewogICAgICAgICJ3aGVuIjogInNldHVwIiwKICAgICAgICAib3V0Y29tZSI6ICJwYXNzZWQiCiAgICAgIH0sCiAgICAgIHsKICAgICAgICAid2hlbiI6ICJjYWxsIiwKICAgICAgICAib3V0Y29tZSI6ICJwYXNzZWQiCiAgICAgIH0sCiAgICAgIHsKICAgICAgICAid2hlbiI6ICJ0ZWFyZG93biIsCiAgICAgICAgIm91dGNvbWUiOiAicGFzc2VkIgogICAgICB9CiAgICBdLAogICAgInRlc3RzL3Rlc3Rf
2026-09-10T08:15:36.7518682Z GO_EVIDENCE_B64 aG9zdGVkX2NvbnRlbnRfb3BlcmF0aW9uc19hY2NlcHRhbmNlLnB5Ojp0ZXN0X3NuYXBzaG90X3ByZXNlcnZlc19wZW5kaW5nX3NvdXJjZV9hbmRfaXNfdmVyc2lvbmVkIjogWwogICAgICB7CiAgICAgICAgIndoZW4iOiAic2V0dXAiLAogICAgICAgICJvdXRjb21lIjogInBhc3NlZCIKICAgICAgfSwKICAgICAgewogICAgICAgICJ3aGVuIjogImNhbGwiLAogICAgICAgICJvdXRjb21lIjogInBhc3NlZCIKICAgICAgfSwKICAgICAgewogICAgICAgICJ3aGVuIjogInRlYXJkb3duIiwKICAgICAgICAib3V0Y29tZSI6ICJwYXNz
2026-09-10T08:15:36.7524262Z GO_EVIDENCE_B64 ZWQiCiAgICAgIH0KICAgIF0sCiAgICAidGVzdHMvdGVzdF9ob3N0ZWRfY29udGVudF9vcGVyYXRpb25zX2FjY2VwdGFuY2UucHk6OnRlc3Rfb25seV9ob3RlbF9hdXRob3JpemVkX29wZXJhdG9yX2Nhbl9hcHByb3ZlX3dpdGhfZXZpZGVuY2UiOiBbCiAgICAgIHsKICAgICAgICAid2hlbiI6ICJzZXR1cCIsCiAgICAgICAgIm91dGNvbWUiOiAicGFzc2VkIgogICAgICB9LAogICAgICB7CiAgICAgICAgIndoZW4iOiAiY2FsbCIsCiAgICAgICAgIm91dGNvbWUiOiAicGFzc2VkIgogICAgICB9LAogICAgICB7CiAgICAgICAgIndo
2026-09-10T08:15:36.7529772Z GO_EVIDENCE_B64 ZW4iOiAidGVhcmRvd24iLAogICAgICAgICJvdXRjb21lIjogInBhc3NlZCIKICAgICAgfQogICAgXSwKICAgICJ0ZXN0cy90ZXN0X2hvc3RlZF9jb250ZW50X29wZXJhdGlvbnNfYWNjZXB0YW5jZS5weTo6dGVzdF9ub25faG90ZWxfb3duZWRfbWVkaWFfaXNfcmVqZWN0ZWQiOiBbCiAgICAgIHsKICAgICAgICAid2hlbiI6ICJzZXR1cCIsCiAgICAgICAgIm91dGNvbWUiOiAicGFzc2VkIgogICAgICB9LAogICAgICB7CiAgICAgICAgIndoZW4iOiAiY2FsbCIsCiAgICAgICAgIm91dGNvbWUiOiAicGFzc2VkIgogICAgICB9LAog
2026-09-10T08:15:36.7535172Z GO_EVIDENCE_B64 ICAgICB7CiAgICAgICAgIndoZW4iOiAidGVhcmRvd24iLAogICAgICAgICJvdXRjb21lIjogInBhc3NlZCIKICAgICAgfQogICAgXSwKICAgICJ0ZXN0cy90ZXN0X2hvc3RlZF9jb250ZW50X29wZXJhdGlvbnNfYWNjZXB0YW5jZS5weTo6dGVzdF9hY3R1YWxfZ2F0ZV9yZW1haW5zX2Jsb2NrZWRfd2l0aG91dF9vd25lZF9tZWRpYSI6IFsKICAgICAgewogICAgICAgICJ3aGVuIjogInNldHVwIiwKICAgICAgICAib3V0Y29tZSI6ICJwYXNzZWQiCiAgICAgIH0sCiAgICAgIHsKICAgICAgICAid2hlbiI6ICJjYWxsIiwKICAgICAg
2026-09-10T08:15:36.7540636Z GO_EVIDENCE_B64 ICAib3V0Y29tZSI6ICJwYXNzZWQiCiAgICAgIH0sCiAgICAgIHsKICAgICAgICAid2hlbiI6ICJ0ZWFyZG93biIsCiAgICAgICAgIm91dGNvbWUiOiAicGFzc2VkIgogICAgICB9CiAgICBdLAogICAgInRlc3RzL3Rlc3RfaG9zdGVkX2NvbnRlbnRfb3BlcmF0aW9uc19hY2NlcHRhbmNlLnB5Ojp0ZXN0X2dhdGVfY29udHJhY3Rfb3BlbnNfb25seV9hZnRlcl9jb21wbGV0ZV9yaWdodHNfdmVyaWZpZWRfdGVzdF9maXh0dXJlIjogWwogICAgICB7CiAgICAgICAgIndoZW4iOiAic2V0dXAiLAogICAgICAgICJvdXRjb21lIjogInBh
2026-09-10T08:15:36.7546068Z GO_EVIDENCE_B64 c3NlZCIKICAgICAgfSwKICAgICAgewogICAgICAgICJ3aGVuIjogImNhbGwiLAogICAgICAgICJvdXRjb21lIjogInBhc3NlZCIKICAgICAgfSwKICAgICAgewogICAgICAgICJ3aGVuIjogInRlYXJkb3duIiwKICAgICAgICAib3V0Y29tZSI6ICJwYXNzZWQiCiAgICAgIH0KICAgIF0sCiAgICAidGVzdHMvdGVzdF9ob3N0ZWRfZGlyZWN0X2ludmVudG9yeV9tYXRyaXgucHk6OnRlc3RfcmVhbF9jb25maWd1cmF0aW9uX2hhc19maXZlX2luZGVwZW5kZW50X3Bvb2xzX2FuZF9uaW5lX3ZhcmlhbnRzIjogWwogICAgICB7CiAgICAg
2026-09-10T08:15:36.7552389Z GO_EVIDENCE_B64 ICAgIndoZW4iOiAic2V0dXAiLAogICAgICAgICJvdXRjb21lIjogInBhc3NlZCIKICAgICAgfSwKICAgICAgewogICAgICAgICJ3aGVuIjogImNhbGwiLAogICAgICAgICJvdXRjb21lIjogInBhc3NlZCIKICAgICAgfSwKICAgICAgewogICAgICAgICJ3aGVuIjogInRlYXJkb3duIiwKICAgICAgICAib3V0Y29tZSI6ICJwYXNzZWQiCiAgICAgIH0KICAgIF0sCiAgICAidGVzdHMvdGVzdF9ob3N0ZWRfZGlyZWN0X2ludmVudG9yeV9tYXRyaXgucHk6OnRlc3RfcHVibGljX2ZhY3RzX2FyZV9zdHJ1Y3R1cmVkX2FuZF9jb25maWd1
2026-09-10T08:15:36.7559892Z GO_EVIDENCE_B64 cmF0aW9uX2lzX2lkZW1wb3RlbnQiOiBbCiAgICAgIHsKICAgICAgICAid2hlbiI6ICJzZXR1cCIsCiAgICAgICAgIm91dGNvbWUiOiAicGFzc2VkIgogICAgICB9LAogICAgICB7CiAgICAgICAgIndoZW4iOiAiY2FsbCIsCiAgICAgICAgIm91dGNvbWUiOiAicGFzc2VkIgogICAgICB9LAogICAgICB7CiAgICAgICAgIndoZW4iOiAidGVhcmRvd24iLAogICAgICAgICJvdXRjb21lIjogInBhc3NlZCIKICAgICAgfQogICAgXSwKICAgICJ0ZXN0cy90ZXN0X2hvc3RlZF9kaXJlY3RfaW52ZW50b3J5X21hdHJpeC5weTo6dGVzdF9i
2026-09-10T08:15:36.7565369Z GO_EVIDENCE_B64 cmVha2Zhc3RfdmFyaWFudHNfc2hhcmVfYXRvbWljX3BoeXNpY2FsX2ludmVudG9yeV9hbmRfcmVzdG9yZSI6IFsKICAgICAgewogICAgICAgICJ3aGVuIjogInNldHVwIiwKICAgICAgICAib3V0Y29tZSI6ICJwYXNzZWQiCiAgICAgIH0sCiAgICAgIHsKICAgICAgICAid2hlbiI6ICJjYWxsIiwKICAgICAgICAib3V0Y29tZSI6ICJwYXNzZWQiCiAgICAgIH0sCiAgICAgIHsKICAgICAgICAid2hlbiI6ICJ0ZWFyZG93biIsCiAgICAgICAgIm91dGNvbWUiOiAicGFzc2VkIgogICAgICB9CiAgICBdLAogICAgInRlc3RzL3Rlc3Rf
2026-09-10T08:15:36.7570903Z GO_EVIDENCE_B64 aG9zdGVkX2RpcmVjdF9yZXNlcnZhdGlvbl9vcGVyYXRpb25zLnB5Ojp0ZXN0X2RhdGVkX2NhbGVuZGFyX2Jvb3RzdHJhcF9pc19pZGVtcG90ZW50X2FuZF9zaGFyZWRfYnlfcmF0ZV92YXJpYW50cyI6IFsKICAgICAgewogICAgICAgICJ3aGVuIjogInNldHVwIiwKICAgICAgICAib3V0Y29tZSI6ICJwYXNzZWQiCiAgICAgIH0sCiAgICAgIHsKICAgICAgICAid2hlbiI6ICJjYWxsIiwKICAgICAgICAib3V0Y29tZSI6ICJwYXNzZWQiCiAgICAgIH0sCiAgICAgIHsKICAgICAgICAid2hlbiI6ICJ0ZWFyZG93biIsCiAgICAgICAg
2026-09-10T08:15:36.7576666Z GO_EVIDENCE_B64 Im91dGNvbWUiOiAicGFzc2VkIgogICAgICB9CiAgICBdLAogICAgInRlc3RzL3Rlc3RfaG9zdGVkX2RpcmVjdF9yZXNlcnZhdGlvbl9vcGVyYXRpb25zLnB5Ojp0ZXN0X2Nsb3NlX3N0b3Bfc2VsbF9hbmRfcmVvcGVuX2FyZV9lbmZvcmNlZCI6IFsKICAgICAgewogICAgICAgICJ3aGVuIjogInNldHVwIiwKICAgICAgICAib3V0Y29tZSI6ICJwYXNzZWQiCiAgICAgIH0sCiAgICAgIHsKICAgICAgICAid2hlbiI6ICJjYWxsIiwKICAgICAgICAib3V0Y29tZSI6ICJwYXNzZWQiCiAgICAgIH0sCiAgICAgIHsKICAgICAgICAid2hl
2026-09-10T08:15:36.7582164Z GO_EVIDENCE_B64 biI6ICJ0ZWFyZG93biIsCiAgICAgICAgIm91dGNvbWUiOiAicGFzc2VkIgogICAgICB9CiAgICBdLAogICAgInRlc3RzL3Rlc3RfaG9zdGVkX2RpcmVjdF9yZXNlcnZhdGlvbl9vcGVyYXRpb25zLnB5Ojp0ZXN0X3N0YXlfYWR2YW5jZV9vY2N1cGFuY3lfY2hpbGRyZW5fYW5kX2V4dHJhX2JlZF9ydWxlc19hcmVfZW5mb3JjZWQiOiBbCiAgICAgIHsKICAgICAgICAid2hlbiI6ICJzZXR1cCIsCiAgICAgICAgIm91dGNvbWUiOiAicGFzc2VkIgogICAgICB9LAogICAgICB7CiAgICAgICAgIndoZW4iOiAiY2FsbCIsCiAgICAgICAg
2026-09-10T08:15:36.7587524Z GO_EVIDENCE_B64 Im91dGNvbWUiOiAicGFzc2VkIgogICAgICB9LAogICAgICB7CiAgICAgICAgIndoZW4iOiAidGVhcmRvd24iLAogICAgICAgICJvdXRjb21lIjogInBhc3NlZCIKICAgICAgfQogICAgXSwKICAgICJ0ZXN0cy90ZXN0X2hvc3RlZF9kaXJlY3RfcmVzZXJ2YXRpb25fb3BlcmF0aW9ucy5weTo6dGVzdF9hdG9taWNfZGFpbHlfaW52ZW50b3J5X3ByZXZlbnRzX292ZXJzZWxsX2FuZF9wcmljZXNfZWFjaF9uaWdodCI6IFsKICAgICAgewogICAgICAgICJ3aGVuIjogInNldHVwIiwKICAgICAgICAib3V0Y29tZSI6ICJwYXNzZWQiCiAg
2026-09-10T08:15:36.7593004Z GO_EVIDENCE_B64 ICAgIH0sCiAgICAgIHsKICAgICAgICAid2hlbiI6ICJjYWxsIiwKICAgICAgICAib3V0Y29tZSI6ICJwYXNzZWQiCiAgICAgIH0sCiAgICAgIHsKICAgICAgICAid2hlbiI6ICJ0ZWFyZG93biIsCiAgICAgICAgIm91dGNvbWUiOiAicGFzc2VkIgogICAgICB9CiAgICBdLAogICAgInRlc3RzL3Rlc3RfaG9zdGVkX2RpcmVjdF9yZXNlcnZhdGlvbl9vcGVyYXRpb25zLnB5Ojp0ZXN0X2dvX3BhZ2VfYW5kX3Bob25lX29yZGVyc19zaGFyZV9pbmJveF9ub3RpZmljYXRpb25zX2FuZF9hdWRpdF9jaGFpbiI6IFsKICAgICAgewogICAg
2026-09-10T08:15:36.7598547Z GO_EVIDENCE_B64 ICAgICJ3aGVuIjogInNldHVwIiwKICAgICAgICAib3V0Y29tZSI6ICJwYXNzZWQiCiAgICAgIH0sCiAgICAgIHsKICAgICAgICAid2hlbiI6ICJjYWxsIiwKICAgICAgICAib3V0Y29tZSI6ICJwYXNzZWQiCiAgICAgIH0sCiAgICAgIHsKICAgICAgICAid2hlbiI6ICJ0ZWFyZG93biIsCiAgICAgICAgIm91dGNvbWUiOiAicGFzc2VkIgogICAgICB9CiAgICBdLAogICAgInRlc3RzL3Rlc3RfaG9zdGVkX2RpcmVjdF9yZXNlcnZhdGlvbl9vcGVyYXRpb25zLnB5Ojp0ZXN0X3RpbWVvdXRfcmVsZWFzZXNfZXZlcnlfbmlnaHRfd2l0
2026-09-10T08:15:36.7603977Z GO_EVIDENCE_B64 aG91dF9wYXltZW50X29yX3JlZnVuZCI6IFsKICAgICAgewogICAgICAgICJ3aGVuIjogInNldHVwIiwKICAgICAgICAib3V0Y29tZSI6ICJwYXNzZWQiCiAgICAgIH0sCiAgICAgIHsKICAgICAgICAid2hlbiI6ICJjYWxsIiwKICAgICAgICAib3V0Y29tZSI6ICJwYXNzZWQiCiAgICAgIH0sCiAgICAgIHsKICAgICAgICAid2hlbiI6ICJ0ZWFyZG93biIsCiAgICAgICAgIm91dGNvbWUiOiAicGFzc2VkIgogICAgICB9CiAgICBdLAogICAgInRlc3RzL3Rlc3RfaG9zdGVkX2RpcmVjdF9yZXNlcnZhdGlvbl9vcGVyYXRpb25zLnB5
2026-09-10T08:15:36.7609462Z GO_EVIDENCE_B64 Ojp0ZXN0X2NvbmZpcm1fY2FuY2VsX2FuZF9hdG9taWNfcmVzY2hlZHVsZV9rZWVwX25vX3BheW1lbnRfdHJ1dGgiOiBbCiAgICAgIHsKICAgICAgICAid2hlbiI6ICJzZXR1cCIsCiAgICAgICAgIm91dGNvbWUiOiAicGFzc2VkIgogICAgICB9LAogICAgICB7CiAgICAgICAgIndoZW4iOiAiY2FsbCIsCiAgICAgICAgIm91dGNvbWUiOiAicGFzc2VkIgogICAgICB9LAogICAgICB7CiAgICAgICAgIndoZW4iOiAidGVhcmRvd24iLAogICAgICAgICJvdXRjb21lIjogInBhc3NlZCIKICAgICAgfQogICAgXSwKICAgICJ0ZXN0cy90
2026-09-10T08:15:36.7614847Z GO_EVIDENCE_B64 ZXN0X2hvdGVsX3BhcnRuZXJfc2VsZl9vcGVyYXRpbmdfY29yZS5weTo6dGVzdF9wcm9wZXJ0eV9sb3dfcmlza19zZWxmX3NlcnZpY2VfYW5kX2hpZ2hfcmlza19jaGFuZ2VfcmVxdWVzdCI6IFsKICAgICAgewogICAgICAgICJ3aGVuIjogInNldHVwIiwKICAgICAgICAib3V0Y29tZSI6ICJwYXNzZWQiCiAgICAgIH0sCiAgICAgIHsKICAgICAgICAid2hlbiI6ICJjYWxsIiwKICAgICAgICAib3V0Y29tZSI6ICJwYXNzZWQiCiAgICAgIH0sCiAgICAgIHsKICAgICAgICAid2hlbiI6ICJ0ZWFyZG93biIsCiAgICAgICAgIm91dGNv
2026-09-10T08:15:36.7620314Z GO_EVIDENCE_B64 bWUiOiAicGFzc2VkIgogICAgICB9CiAgICBdLAogICAgInRlc3RzL3Rlc3RfaG90ZWxfcGFydG5lcl9zZWxmX29wZXJhdGluZ19jb3JlLnB5Ojp0ZXN0X3Jvb21fcHJvZHVjdF9ncmFwaF9wcmVzZXJ2ZXNfZGlzdGluY3RfbGF5ZXJzX2FuZF9vY2N1cGFuY3lfcnVsZXMiOiBbCiAgICAgIHsKICAgICAgICAid2hlbiI6ICJzZXR1cCIsCiAgICAgICAgIm91dGNvbWUiOiAicGFzc2VkIgogICAgICB9LAogICAgICB7CiAgICAgICAgIndoZW4iOiAiY2FsbCIsCiAgICAgICAgIm91dGNvbWUiOiAicGFzc2VkIgogICAgICB9LAogICAg
2026-09-10T08:15:36.7626078Z GO_EVIDENCE_B64 ICB7CiAgICAgICAgIndoZW4iOiAidGVhcmRvd24iLAogICAgICAgICJvdXRjb21lIjogInBhc3NlZCIKICAgICAgfQogICAgXSwKICAgICJ0ZXN0cy90ZXN0X2hvdGVsX3BhcnRuZXJfc2VsZl9vcGVyYXRpbmdfY29yZS5weTo6dGVzdF9mYWNpbGl0eV91bmtub3duX2lzX25vdF9ub19hbmRfcG9saWN5X2lzX21hY2hpbmVfcmVhZGFibGUiOiBbCiAgICAgIHsKICAgICAgICAid2hlbiI6ICJzZXR1cCIsCiAgICAgICAgIm91dGNvbWUiOiAicGFzc2VkIgogICAgICB9LAogICAgICB7CiAgICAgICAgIndoZW4iOiAiY2FsbCIsCiAg
2026-09-10T08:15:36.7631621Z GO_EVIDENCE_B64 ICAgICAgIm91dGNvbWUiOiAicGFzc2VkIgogICAgICB9LAogICAgICB7CiAgICAgICAgIndoZW4iOiAidGVhcmRvd24iLAogICAgICAgICJvdXRjb21lIjogInBhc3NlZCIKICAgICAgfQogICAgXSwKICAgICJ0ZXN0cy90ZXN0X2hvdGVsX3BhcnRuZXJfc2VsZl9vcGVyYXRpbmdfY29yZS5weTo6dGVzdF9hcmlfc2VwYXJhdGVzX3NlbGxfc3RhdHVzX2ludmVudG9yeV9hbmRfcHJpY2Vfd2l0aF9kYXRlX292ZXJyaWRlIjogWwogICAgICB7CiAgICAgICAgIndoZW4iOiAic2V0dXAiLAogICAgICAgICJvdXRjb21lIjogInBhc3Nl
2026-09-10T08:15:36.7637142Z GO_EVIDENCE_B64 ZCIKICAgICAgfSwKICAgICAgewogICAgICAgICJ3aGVuIjogImNhbGwiLAogICAgICAgICJvdXRjb21lIjogInBhc3NlZCIKICAgICAgfSwKICAgICAgewogICAgICAgICJ3aGVuIjogInRlYXJkb3duIiwKICAgICAgICAib3V0Y29tZSI6ICJwYXNzZWQiCiAgICAgIH0KICAgIF0sCiAgICAidGVzdHMvdGVzdF9ob3RlbF9wYXJ0bmVyX3NlbGZfb3BlcmF0aW5nX2NvcmUucHk6OnRlc3RfZnJlZV9zYWxlX2Nhbm5vdF9jYXJyeV9mYWtlX3Jvb21fY291bnQiOiBbCiAgICAgIHsKICAgICAgICAid2hlbiI6ICJzZXR1cCIsCiAgICAg
2026-09-10T08:15:36.7642777Z GO_EVIDENCE_B64 ICAgIm91dGNvbWUiOiAicGFzc2VkIgogICAgICB9LAogICAgICB7CiAgICAgICAgIndoZW4iOiAiY2FsbCIsCiAgICAgICAgIm91dGNvbWUiOiAicGFzc2VkIgogICAgICB9LAogICAgICB7CiAgICAgICAgIndoZW4iOiAidGVhcmRvd24iLAogICAgICAgICJvdXRjb21lIjogInBhc3NlZCIKICAgICAgfQogICAgXSwKICAgICJ0ZXN0cy90ZXN0X2hvdGVsX3BhcnRuZXJfc2VsZl9vcGVyYXRpbmdfY29yZS5weTo6dGVzdF9vcGVyYXRpb25hbF9pbmJveF9oYXNfcHJpb3JpdHlfc2xhX293bmVyX3N0YXRlX2FuZF9ldmlkZW5jZSI6
2026-09-10T08:15:36.7648387Z GO_EVIDENCE_B64 IFsKICAgICAgewogICAgICAgICJ3aGVuIjogInNldHVwIiwKICAgICAgICAib3V0Y29tZSI6ICJwYXNzZWQiCiAgICAgIH0sCiAgICAgIHsKICAgICAgICAid2hlbiI6ICJjYWxsIiwKICAgICAgICAib3V0Y29tZSI6ICJwYXNzZWQiCiAgICAgIH0sCiAgICAgIHsKICAgICAgICAid2hlbiI6ICJ0ZWFyZG93biIsCiAgICAgICAgIm91dGNvbWUiOiAicGFzc2VkIgogICAgICB9CiAgICBdLAogICAgInRlc3RzL3Rlc3RfaG90ZWxfcGFydG5lcl9zZWxmX29wZXJhdGluZ19jb3JlLnB5Ojp0ZXN0X2dvX29mZmVyX3N5c3RlbV9nZW5l
2026-09-10T08:15:36.7653948Z GO_EVIDENCE_B64 cmF0aW9uX3JlcXVpcmVzX2lzb2xhdGVkX2F1dGhvcml6ZWRfc3VwcGx5IjogWwogICAgICB7CiAgICAgICAgIndoZW4iOiAic2V0dXAiLAogICAgICAgICJvdXRjb21lIjogInBhc3NlZCIKICAgICAgfSwKICAgICAgewogICAgICAgICJ3aGVuIjogImNhbGwiLAogICAgICAgICJvdXRjb21lIjogInBhc3NlZCIKICAgICAgfSwKICAgICAgewogICAgICAgICJ3aGVuIjogInRlYXJkb3duIiwKICAgICAgICAib3V0Y29tZSI6ICJwYXNzZWQiCiAgICAgIH0KICAgIF0sCiAgICAidGVzdHMvdGVzdF9ob3RlbF9wYXJ0bmVyX3NlbGZf
2026-09-10T08:15:36.7659523Z GO_EVIDENCE_B64 b3BlcmF0aW5nX2NvcmUucHk6OnRlc3RfZ29fb2ZmZXJfYW5kX2NvbW1lcmNpYWxfdmFsdWVfbmV2ZXJfYnV5X3JlY29tbWVuZGF0aW9uIjogWwogICAgICB7CiAgICAgICAgIndoZW4iOiAic2V0dXAiLAogICAgICAgICJvdXRjb21lIjogInBhc3NlZCIKICAgICAgfSwKICAgICAgewogICAgICAgICJ3aGVuIjogImNhbGwiLAogICAgICAgICJvdXRjb21lIjogInBhc3NlZCIKICAgICAgfSwKICAgICAgewogICAgICAgICJ3aGVuIjogInRlYXJkb3duIiwKICAgICAgICAib3V0Y29tZSI6ICJwYXNzZWQiCiAgICAgIH0KICAgIF0s
2026-09-10T08:15:36.7664960Z GO_EVIDENCE_B64 CiAgICAidGVzdHMvdGVzdF9tYXN0ZXIwM19jbG9zdXJlLnB5Ojp0ZXN0X2V4cG9ydF9pc19leHBsaWNpdF9vd25lcl9zY29wZWRfYW5kX2NvbXBhbmlvbl9wZXJtaXNzaW9uX2JvdW5kIjogWwogICAgICB7CiAgICAgICAgIndoZW4iOiAic2V0dXAiLAogICAgICAgICJvdXRjb21lIjogInBhc3NlZCIKICAgICAgfSwKICAgICAgewogICAgICAgICJ3aGVuIjogImNhbGwiLAogICAgICAgICJvdXRjb21lIjogInBhc3NlZCIKICAgICAgfSwKICAgICAgewogICAgICAgICJ3aGVuIjogInRlYXJkb3duIiwKICAgICAgICAib3V0Y29t
2026-09-10T08:15:36.7670479Z GO_EVIDENCE_B64 ZSI6ICJwYXNzZWQiCiAgICAgIH0KICAgIF0sCiAgICAidGVzdHMvdGVzdF9tYXN0ZXIwM19jbG9zdXJlLnB5Ojp0ZXN0X3RyYXZlbGVyX2RlbGV0ZV9lcmFzZXNfcmV1c2FibGVfc2Vuc2l0aXZlX2RhdGFfYW5kX3Jldm9rZXNfY29uc2VudCI6IFsKICAgICAgewogICAgICAgICJ3aGVuIjogInNldHVwIiwKICAgICAgICAib3V0Y29tZSI6ICJwYXNzZWQiCiAgICAgIH0sCiAgICAgIHsKICAgICAgICAid2hlbiI6ICJjYWxsIiwKICAgICAgICAib3V0Y29tZSI6ICJwYXNzZWQiCiAgICAgIH0sCiAgICAgIHsKICAgICAgICAid2hl
2026-09-10T08:15:36.7676223Z GO_EVIDENCE_B64 biI6ICJ0ZWFyZG93biIsCiAgICAgICAgIm91dGNvbWUiOiAicGFzc2VkIgogICAgICB9CiAgICBdLAogICAgInRlc3RzL3Rlc3RfbWFzdGVyMDNfY2xvc3VyZS5weTo6dGVzdF9zYW1lX25hbWVfZG9lc19ub3RfbWVyZ2VfZGlzdGluY3RfcGVvcGxlIjogWwogICAgICB7CiAgICAgICAgIndoZW4iOiAic2V0dXAiLAogICAgICAgICJvdXRjb21lIjogInBhc3NlZCIKICAgICAgfSwKICAgICAgewogICAgICAgICJ3aGVuIjogImNhbGwiLAogICAgICAgICJvdXRjb21lIjogInBhc3NlZCIKICAgICAgfSwKICAgICAgewogICAgICAg
2026-09-10T08:15:36.7681780Z GO_EVIDENCE_B64 ICJ3aGVuIjogInRlYXJkb3duIiwKICAgICAgICAib3V0Y29tZSI6ICJwYXNzZWQiCiAgICAgIH0KICAgIF0sCiAgICAidGVzdHMvdGVzdF9tYXN0ZXIwM19jbG9zdXJlLnB5Ojp0ZXN0X3VudXNhYmxlX3NlbnNpdGl2ZV9mYWN0X2lzX25ldmVyX3JlbGVhc2VkW3Bhc3RdIjogWwogICAgICB7CiAgICAgICAgIndoZW4iOiAic2V0dXAiLAogICAgICAgICJvdXRjb21lIjogInBhc3NlZCIKICAgICAgfSwKICAgICAgewogICAgICAgICJ3aGVuIjogImNhbGwiLAogICAgICAgICJvdXRjb21lIjogInBhc3NlZCIKICAgICAgfSwKICAg
2026-09-10T08:15:36.7687226Z GO_EVIDENCE_B64 ICAgewogICAgICAgICJ3aGVuIjogInRlYXJkb3duIiwKICAgICAgICAib3V0Y29tZSI6ICJwYXNzZWQiCiAgICAgIH0KICAgIF0sCiAgICAidGVzdHMvdGVzdF9tYXN0ZXIwM19jbG9zdXJlLnB5Ojp0ZXN0X3VudXNhYmxlX3NlbnNpdGl2ZV9mYWN0X2lzX25ldmVyX3JlbGVhc2VkW2Z1dHVyZV0iOiBbCiAgICAgIHsKICAgICAgICAid2hlbiI6ICJzZXR1cCIsCiAgICAgICAgIm91dGNvbWUiOiAicGFzc2VkIgogICAgICB9LAogICAgICB7CiAgICAgICAgIndoZW4iOiAiY2FsbCIsCiAgICAgICAgIm91dGNvbWUiOiAicGFzc2Vk
2026-09-10T08:15:36.7692816Z GO_EVIDENCE_B64 IgogICAgICB9LAogICAgICB7CiAgICAgICAgIndoZW4iOiAidGVhcmRvd24iLAogICAgICAgICJvdXRjb21lIjogInBhc3NlZCIKICAgICAgfQogICAgXSwKICAgICJ0ZXN0cy90ZXN0X21hc3RlcjAzX2Nsb3N1cmUucHk6OnRlc3RfdW51c2FibGVfc2Vuc2l0aXZlX2ZhY3RfaXNfbmV2ZXJfcmVsZWFzZWRbbWFsZm9ybWVkXSI6IFsKICAgICAgewogICAgICAgICJ3aGVuIjogInNldHVwIiwKICAgICAgICAib3V0Y29tZSI6ICJwYXNzZWQiCiAgICAgIH0sCiAgICAgIHsKICAgICAgICAid2hlbiI6ICJjYWxsIiwKICAgICAgICAi
2026-09-10T08:15:36.7698383Z GO_EVIDENCE_B64 b3V0Y29tZSI6ICJwYXNzZWQiCiAgICAgIH0sCiAgICAgIHsKICAgICAgICAid2hlbiI6ICJ0ZWFyZG93biIsCiAgICAgICAgIm91dGNvbWUiOiAicGFzc2VkIgogICAgICB9CiAgICBdLAogICAgInRlc3RzL3Rlc3RfbWFzdGVyMDNfY2xvc3VyZS5weTo6dGVzdF9hdXRvbm9teV93aXRob3V0X3F1YWxpZmljYXRpb25fcmVnaXN0cnlfaXNfZGVuaWVkIjogWwogICAgICB7CiAgICAgICAgIndoZW4iOiAic2V0dXAiLAogICAgICAgICJvdXRjb21lIjogInBhc3NlZCIKICAgICAgfSwKICAgICAgewogICAgICAgICJ3aGVuIjogImNh
2026-09-10T08:15:36.7703888Z GO_EVIDENCE_B64 bGwiLAogICAgICAgICJvdXRjb21lIjogInBhc3NlZCIKICAgICAgfSwKICAgICAgewogICAgICAgICJ3aGVuIjogInRlYXJkb3duIiwKICAgICAgICAib3V0Y29tZSI6ICJwYXNzZWQiCiAgICAgIH0KICAgIF0sCiAgICAidGVzdHMvdGVzdF9tYXN0ZXIwM19jbG9zdXJlLnB5Ojp0ZXN0X2FsbF9zaXhfZXhwbGljaXRfY2hlY2tvdXRzX2JpbmRfYW1vdW50X2FuZF9jYXB0dXJlX29uY2UiOiBbCiAgICAgIHsKICAgICAgICAid2hlbiI6ICJzZXR1cCIsCiAgICAgICAgIm91dGNvbWUiOiAicGFzc2VkIgogICAgICB9LAogICAgICB7
2026-09-10T08:15:36.7709528Z GO_EVIDENCE_B64 CiAgICAgICAgIndoZW4iOiAiY2FsbCIsCiAgICAgICAgIm91dGNvbWUiOiAicGFzc2VkIgogICAgICB9LAogICAgICB7CiAgICAgICAgIndoZW4iOiAidGVhcmRvd24iLAogICAgICAgICJvdXRjb21lIjogInBhc3NlZCIKICAgICAgfQogICAgXSwKICAgICJ0ZXN0cy90ZXN0X21hc3Rlcl92NjFfYWlfaW5mcmFzdHJ1Y3R1cmUucHk6OnRlc3RfdjYxX21hc3Rlcl9pZGVudGl0eSI6IFsKICAgICAgewogICAgICAgICJ3aGVuIjogInNldHVwIiwKICAgICAgICAib3V0Y29tZSI6ICJwYXNzZWQiCiAgICAgIH0sCiAgICAgIHsKICAg
2026-09-10T08:15:36.7715041Z GO_EVIDENCE_B64 ICAgICAid2hlbiI6ICJjYWxsIiwKICAgICAgICAib3V0Y29tZSI6ICJwYXNzZWQiCiAgICAgIH0sCiAgICAgIHsKICAgICAgICAid2hlbiI6ICJ0ZWFyZG93biIsCiAgICAgICAgIm91dGNvbWUiOiAicGFzc2VkIgogICAgICB9CiAgICBdLAogICAgInRlc3RzL3Rlc3RfbW90aGVyX3BsYW5fcDBfcHJvZHVjdF9wYXRjaC5weTo6dGVzdF9jaGVja2luX2ZvdXJfc3RhdGVzX3JlcXVpcmVfYXV0aG9yaXplZF9mYWN0X2FuZF9ib2FyZGluZ19wYXNzIjogWwogICAgICB7CiAgICAgICAgIndoZW4iOiAic2V0dXAiLAogICAgICAgICJv
2026-09-10T08:15:36.7720665Z GO_EVIDENCE_B64 dXRjb21lIjogInBhc3NlZCIKICAgICAgfSwKICAgICAgewogICAgICAgICJ3aGVuIjogImNhbGwiLAogICAgICAgICJvdXRjb21lIjogInBhc3NlZCIKICAgICAgfSwKICAgICAgewogICAgICAgICJ3aGVuIjogInRlYXJkb3duIiwKICAgICAgICAib3V0Y29tZSI6ICJwYXNzZWQiCiAgICAgIH0KICAgIF0sCiAgICAidGVzdHMvdGVzdF9tb3RoZXJfcGxhbl9wMF9wcm9kdWN0X3BhdGNoLnB5Ojp0ZXN0X3ZlcmlmaWVkX2ZsaWdodF9ldmVudF9hZGp1c3RzX2dvX3BpY2t1cF93aXRoX2JvdW5kZWRfZnJlZV93YWl0X2FuZF9ub19m
2026-09-10T08:15:36.7726500Z GO_EVIDENCE_B64 YWtlX2ZsZWV0X2NvbmZpcm1hdGlvbiI6IFsKICAgICAgewogICAgICAgICJ3aGVuIjogInNldHVwIiwKICAgICAgICAib3V0Y29tZSI6ICJwYXNzZWQiCiAgICAgIH0sCiAgICAgIHsKICAgICAgICAid2hlbiI6ICJjYWxsIiwKICAgICAgICAib3V0Y29tZSI6ICJwYXNzZWQiCiAgICAgIH0sCiAgICAgIHsKICAgICAgICAid2hlbiI6ICJ0ZWFyZG93biIsCiAgICAgICAgIm91dGNvbWUiOiAicGFzc2VkIgogICAgICB9CiAgICBdLAogICAgInRlc3RzL3Rlc3RfbW90aGVyX3BsYW5fcDBfcHJvZHVjdF9wYXRjaC5weTo6dGVzdF9y
2026-09-10T08:15:36.7732364Z GO_EVIDENCE_B64 ZXF1aXJlbWVudF9idWlsZGVyX2ZvcmJpZHNfc2Vjb25kX3BhZ2VfbWljcm9waG9uZV9hbmRfa2VlcHNfdHlwZXNfaW5kZXBlbmRlbnRfb2ZfcXVvdGVfbW9kZSI6IFsKICAgICAgewogICAgICAgICJ3aGVuIjogInNldHVwIiwKICAgICAgICAib3V0Y29tZSI6ICJwYXNzZWQiCiAgICAgIH0sCiAgICAgIHsKICAgICAgICAid2hlbiI6ICJjYWxsIiwKICAgICAgICAib3V0Y29tZSI6ICJwYXNzZWQiCiAgICAgIH0sCiAgICAgIHsKICAgICAgICAid2hlbiI6ICJ0ZWFyZG93biIsCiAgICAgICAgIm91dGNvbWUiOiAicGFzc2VkIgog
2026-09-10T08:15:36.7737917Z GO_EVIDENCE_B64 ICAgICB9CiAgICBdLAogICAgInRlc3RzL3Rlc3RfbW90aGVyX3BsYW5fcDBfcHJvZHVjdF9wYXRjaC5weTo6dGVzdF9zeXN0ZW1fcXVvdGVfdXNlc19vbmx5X2RlZGljYXRlZF9hdXRob3JpdHlfYW5kX3NlbGVjdGlvbl9yZXF1aXJlc19yZXZhbGlkYXRpb24iOiBbCiAgICAgIHsKICAgICAgICAid2hlbiI6ICJzZXR1cCIsCiAgICAgICAgIm91dGNvbWUiOiAicGFzc2VkIgogICAgICB9LAogICAgICB7CiAgICAgICAgIndoZW4iOiAiY2FsbCIsCiAgICAgICAgIm91dGNvbWUiOiAicGFzc2VkIgogICAgICB9LAogICAgICB7CiAg
2026-09-10T08:15:36.7743360Z GO_EVIDENCE_B64 ICAgICAgIndoZW4iOiAidGVhcmRvd24iLAogICAgICAgICJvdXRjb21lIjogInBhc3NlZCIKICAgICAgfQogICAgXSwKICAgICJ0ZXN0cy90ZXN0X21vdGhlcl9wbGFuX3AwX3Byb2R1Y3RfcGF0Y2gucHk6OnRlc3RfbWFudWFsX3F1b3RlX3JlcXVpcmVzX3N1cHBsaWVyX3JldmFsaWRhdGlvbl9iZWZvcmVfb3JkZXJfaGFuZG9mZiI6IFsKICAgICAgewogICAgICAgICJ3aGVuIjogInNldHVwIiwKICAgICAgICAib3V0Y29tZSI6ICJwYXNzZWQiCiAgICAgIH0sCiAgICAgIHsKICAgICAgICAid2hlbiI6ICJjYWxsIiwKICAgICAg
2026-09-10T08:15:36.7748872Z GO_EVIDENCE_B64 ICAib3V0Y29tZSI6ICJwYXNzZWQiCiAgICAgIH0sCiAgICAgIHsKICAgICAgICAid2hlbiI6ICJ0ZWFyZG93biIsCiAgICAgICAgIm91dGNvbWUiOiAicGFzc2VkIgogICAgICB9CiAgICBdLAogICAgInRlc3RzL3Rlc3RfbmFtZWRfc3VwcGxpZXJfZXh0ZXJuYWxfc2FuZGJveF9leGVjdXRpb24ucHk6OnRlc3RfbmFtZWRfc3VwcGxpZXJfbXVzdF9tYXRjaF9hcHByb3ZlZF9pbnRha2UiOiBbCiAgICAgIHsKICAgICAgICAid2hlbiI6ICJzZXR1cCIsCiAgICAgICAgIm91dGNvbWUiOiAicGFzc2VkIgogICAgICB9LAogICAgICB7
2026-09-10T08:15:36.7754392Z GO_EVIDENCE_B64 CiAgICAgICAgIndoZW4iOiAiY2FsbCIsCiAgICAgICAgIm91dGNvbWUiOiAicGFzc2VkIgogICAgICB9LAogICAgICB7CiAgICAgICAgIndoZW4iOiAidGVhcmRvd24iLAogICAgICAgICJvdXRjb21lIjogInBhc3NlZCIKICAgICAgfQogICAgXSwKICAgICJ0ZXN0cy90ZXN0X25hbWVkX3N1cHBsaWVyX2V4dGVybmFsX3NhbmRib3hfZXhlY3V0aW9uLnB5Ojp0ZXN0X3JlcXVpcmVkX2NhcGFiaWxpdHlfbWFuaWZlc3RfaXNfZW5mb3JjZWQiOiBbCiAgICAgIHsKICAgICAgICAid2hlbiI6ICJzZXR1cCIsCiAgICAgICAgIm91dGNv
2026-09-10T08:15:36.7759983Z GO_EVIDENCE_B64 bWUiOiAicGFzc2VkIgogICAgICB9LAogICAgICB7CiAgICAgICAgIndoZW4iOiAiY2FsbCIsCiAgICAgICAgIm91dGNvbWUiOiAicGFzc2VkIgogICAgICB9LAogICAgICB7CiAgICAgICAgIndoZW4iOiAidGVhcmRvd24iLAogICAgICAgICJvdXRjb21lIjogInBhc3NlZCIKICAgICAgfQogICAgXSwKICAgICJ0ZXN0cy90ZXN0X25hbWVkX3N1cHBsaWVyX2V4dGVybmFsX3NhbmRib3hfZXhlY3V0aW9uLnB5Ojp0ZXN0X3RlbXBsYXRlX29ubHlfYmluZGluZ3NfY2Fubm90X3JlcXVlc3RfZXhlY3V0aW9uX2FwcHJvdmFsIjogWwog
2026-09-10T08:15:36.7765546Z GO_EVIDENCE_B64 ICAgICB7CiAgICAgICAgIndoZW4iOiAic2V0dXAiLAogICAgICAgICJvdXRjb21lIjogInBhc3NlZCIKICAgICAgfSwKICAgICAgewogICAgICAgICJ3aGVuIjogImNhbGwiLAogICAgICAgICJvdXRjb21lIjogInBhc3NlZCIKICAgICAgfSwKICAgICAgewogICAgICAgICJ3aGVuIjogInRlYXJkb3duIiwKICAgICAgICAib3V0Y29tZSI6ICJwYXNzZWQiCiAgICAgIH0KICAgIF0sCiAgICAidGVzdHMvdGVzdF9uYW1lZF9zdXBwbGllcl9leHRlcm5hbF9zYW5kYm94X2V4ZWN1dGlvbi5weTo6dGVzdF9hdXRob3JpemF0aW9uX3Jl
2026-09-10T08:15:36.7771209Z GO_EVIDENCE_B64 cXVpcmVzX21ha2VyX2NoZWNrZXJfc2VwYXJhdGlvbiI6IFsKICAgICAgewogICAgICAgICJ3aGVuIjogInNldHVwIiwKICAgICAgICAib3V0Y29tZSI6ICJwYXNzZWQiCiAgICAgIH0sCiAgICAgIHsKICAgICAgICAid2hlbiI6ICJjYWxsIiwKICAgICAgICAib3V0Y29tZSI6ICJwYXNzZWQiCiAgICAgIH0sCiAgICAgIHsKICAgICAgICAid2hlbiI6ICJ0ZWFyZG93biIsCiAgICAgICAgIm91dGNvbWUiOiAicGFzc2VkIgogICAgICB9CiAgICBdLAogICAgInRlc3RzL3Rlc3RfbmFtZWRfc3VwcGxpZXJfZXh0ZXJuYWxfc2FuZGJv
2026-09-10T08:15:36.7776869Z GO_EVIDENCE_B64 eF9leGVjdXRpb24ucHk6OnRlc3RfYXBwcm92ZWRfZXhlY3V0aW9uX2lzX3N0aWxsX2Jsb2NrZWRfd2l0aG91dF9yZWFsX2V4ZWN1dG9yIjogWwogICAgICB7CiAgICAgICAgIndoZW4iOiAic2V0dXAiLAogICAgICAgICJvdXRjb21lIjogInBhc3NlZCIKICAgICAgfSwKICAgICAgewogICAgICAgICJ3aGVuIjogImNhbGwiLAogICAgICAgICJvdXRjb21lIjogInBhc3NlZCIKICAgICAgfSwKICAgICAgewogICAgICAgICJ3aGVuIjogInRlYXJkb3duIiwKICAgICAgICAib3V0Y29tZSI6ICJwYXNzZWQiCiAgICAgIH0KICAgIF0s
2026-09-10T08:15:36.7782522Z GO_EVIDENCE_B64 CiAgICAidGVzdHMvdGVzdF9uYW1lZF9zdXBwbGllcl9leHRlcm5hbF9zYW5kYm94X2V4ZWN1dGlvbi5weTo6dGVzdF9ibG9ja2VkX2F0dGVtcHRfY2Fubm90X2NyZWF0ZV9mYWtlX3RyYW5zcG9ydF9ldmlkZW5jZSI6IFsKICAgICAgewogICAgICAgICJ3aGVuIjogInNldHVwIiwKICAgICAgICAib3V0Y29tZSI6ICJwYXNzZWQiCiAgICAgIH0sCiAgICAgIHsKICAgICAgICAid2hlbiI6ICJjYWxsIiwKICAgICAgICAib3V0Y29tZSI6ICJwYXNzZWQiCiAgICAgIH0sCiAgICAgIHsKICAgICAgICAid2hlbiI6ICJ0ZWFyZG93biIs
2026-09-10T08:15:36.7788053Z GO_EVIDENCE_B64 CiAgICAgICAgIm91dGNvbWUiOiAicGFzc2VkIgogICAgICB9CiAgICBdLAogICAgInRlc3RzL3Rlc3RfbmFtZWRfc3VwcGxpZXJfZXh0ZXJuYWxfc2FuZGJveF9leGVjdXRpb24ucHk6OnRlc3RfZGVjaXNpb25fbmV2ZXJfY2xhaW1zX2V4dGVybmFsX3ZlcmlmaWNhdGlvbl93aXRob3V0X3RyYW5zcG9ydCI6IFsKICAgICAgewogICAgICAgICJ3aGVuIjogInNldHVwIiwKICAgICAgICAib3V0Y29tZSI6ICJwYXNzZWQiCiAgICAgIH0sCiAgICAgIHsKICAgICAgICAid2hlbiI6ICJjYWxsIiwKICAgICAgICAib3V0Y29tZSI6ICJw
2026-09-10T08:15:36.7793521Z GO_EVIDENCE_B64 YXNzZWQiCiAgICAgIH0sCiAgICAgIHsKICAgICAgICAid2hlbiI6ICJ0ZWFyZG93biIsCiAgICAgICAgIm91dGNvbWUiOiAicGFzc2VkIgogICAgICB9CiAgICBdLAogICAgInRlc3RzL3Rlc3Rfb21uaWNoYW5uZWxfcGF5bWVudF9maW5hbmNlX29zLnB5Ojp0ZXN0X2dsb2JhbF9pZGVtcG90ZW5jeV9hbmRfY2hhbm5lbF9zZWxlY3Rpb24iOiBbCiAgICAgIHsKICAgICAgICAid2hlbiI6ICJzZXR1cCIsCiAgICAgICAgIm91dGNvbWUiOiAicGFzc2VkIgogICAgICB9LAogICAgICB7CiAgICAgICAgIndoZW4iOiAiY2FsbCIsCiAg
2026-09-10T08:15:36.7799055Z GO_EVIDENCE_B64 ICAgICAgIm91dGNvbWUiOiAicGFzc2VkIgogICAgICB9LAogICAgICB7CiAgICAgICAgIndoZW4iOiAidGVhcmRvd24iLAogICAgICAgICJvdXRjb21lIjogInBhc3NlZCIKICAgICAgfQogICAgXSwKICAgICJ0ZXN0cy90ZXN0X29tbmljaGFubmVsX3BheW1lbnRfZmluYW5jZV9vcy5weTo6dGVzdF90aW1lb3V0X2Jsb2Nrc19yZXNlbmRfYW5kX2NoYW5uZWxfZmFsbGJhY2siOiBbCiAgICAgIHsKICAgICAgICAid2hlbiI6ICJzZXR1cCIsCiAgICAgICAgIm91dGNvbWUiOiAicGFzc2VkIgogICAgICB9LAogICAgICB7CiAgICAg
2026-09-10T08:15:36.7804605Z GO_EVIDENCE_B64 ICAgIndoZW4iOiAiY2FsbCIsCiAgICAgICAgIm91dGNvbWUiOiAicGFzc2VkIgogICAgICB9LAogICAgICB7CiAgICAgICAgIndoZW4iOiAidGVhcmRvd24iLAogICAgICAgICJvdXRjb21lIjogInBhc3NlZCIKICAgICAgfQogICAgXSwKICAgICJ0ZXN0cy90ZXN0X29tbmljaGFubmVsX3BheW1lbnRfZmluYW5jZV9vcy5weTo6dGVzdF9leHBsaWNpdF9mYWlsdXJlX2FsbG93c19jb25zZW50ZWRfc3dpdGNoX3dpdGhvdXRfc2lsZW50X2ZhbGxiYWNrIjogWwogICAgICB7CiAgICAgICAgIndoZW4iOiAic2V0dXAiLAogICAgICAg
2026-09-10T08:15:36.7810236Z GO_EVIDENCE_B64 ICJvdXRjb21lIjogInBhc3NlZCIKICAgICAgfSwKICAgICAgewogICAgICAgICJ3aGVuIjogImNhbGwiLAogICAgICAgICJvdXRjb21lIjogInBhc3NlZCIKICAgICAgfSwKICAgICAgewogICAgICAgICJ3aGVuIjogInRlYXJkb3duIiwKICAgICAgICAib3V0Y29tZSI6ICJwYXNzZWQiCiAgICAgIH0KICAgIF0sCiAgICAidGVzdHMvdGVzdF9vbW5pY2hhbm5lbF9wYXltZW50X2ZpbmFuY2Vfb3MucHk6OnRlc3Rfbm9uX29yZGVyX29ibGlnYXRpb25fY2Fubm90X2NsYWltX29yZGVyX3JlY29uY2lsaWF0aW9uIjogWwogICAgICB7
2026-09-10T08:15:36.7815780Z GO_EVIDENCE_B64 CiAgICAgICAgIndoZW4iOiAic2V0dXAiLAogICAgICAgICJvdXRjb21lIjogInBhc3NlZCIKICAgICAgfSwKICAgICAgewogICAgICAgICJ3aGVuIjogImNhbGwiLAogICAgICAgICJvdXRjb21lIjogInBhc3NlZCIKICAgICAgfSwKICAgICAgewogICAgICAgICJ3aGVuIjogInRlYXJkb3duIiwKICAgICAgICAib3V0Y29tZSI6ICJwYXNzZWQiCiAgICAgIH0KICAgIF0sCiAgICAidGVzdHMvdGVzdF9vbW5pY2hhbm5lbF9wYXltZW50X2ZpbmFuY2Vfb3MucHk6OnRlc3RfcGxhaW5fY3JlZGVudGlhbHNfYW5kX3JlYWxfZXhlY3V0
2026-09-10T08:15:36.7821429Z GO_EVIDENCE_B64 b3JfYXJlX2Jsb2NrZWQiOiBbCiAgICAgIHsKICAgICAgICAid2hlbiI6ICJzZXR1cCIsCiAgICAgICAgIm91dGNvbWUiOiAicGFzc2VkIgogICAgICB9LAogICAgICB7CiAgICAgICAgIndoZW4iOiAiY2FsbCIsCiAgICAgICAgIm91dGNvbWUiOiAicGFzc2VkIgogICAgICB9LAogICAgICB7CiAgICAgICAgIndoZW4iOiAidGVhcmRvd24iLAogICAgICAgICJvdXRjb21lIjogInBhc3NlZCIKICAgICAgfQogICAgXSwKICAgICJ0ZXN0cy90ZXN0X29tbmljaGFubmVsX3BheW1lbnRfZmluYW5jZV9vcy5weTo6dGVzdF9zaWduZWRf
2026-09-10T08:15:36.7826941Z GO_EVIDENCE_B64 d2ViaG9va19jb252ZXJnZXNfb25jZV9hbmRfcmVwbGF5X2lzX2lkZW1wb3RlbnQiOiBbCiAgICAgIHsKICAgICAgICAid2hlbiI6ICJzZXR1cCIsCiAgICAgICAgIm91dGNvbWUiOiAicGFzc2VkIgogICAgICB9LAogICAgICB7CiAgICAgICAgIndoZW4iOiAiY2FsbCIsCiAgICAgICAgIm91dGNvbWUiOiAicGFzc2VkIgogICAgICB9LAogICAgICB7CiAgICAgICAgIndoZW4iOiAidGVhcmRvd24iLAogICAgICAgICJvdXRjb21lIjogInBhc3NlZCIKICAgICAgfQogICAgXSwKICAgICJ0ZXN0cy90ZXN0X3AwX2ZpbmFsX3ZpcnR1
2026-09-10T08:15:36.7832809Z GO_EVIDENCE_B64 YWxfY2xvc3VyZV9zdHJlc3MucHk6OnRlc3Rfc3RyZXNzX3N1Y2Nlc3NmdWxfb3JkZXJfZm9ybXNfY2xvc2VkX2xvb3Bbcm91bmQtMV0iOiBbCiAgICAgIHsKICAgICAgICAid2hlbiI6ICJzZXR1cCIsCiAgICAgICAgIm91dGNvbWUiOiAicGFzc2VkIgogICAgICB9LAogICAgICB7CiAgICAgICAgIndoZW4iOiAiY2FsbCIsCiAgICAgICAgIm91dGNvbWUiOiAicGFzc2VkIgogICAgICB9LAogICAgICB7CiAgICAgICAgIndoZW4iOiAidGVhcmRvd24iLAogICAgICAgICJvdXRjb21lIjogInBhc3NlZCIKICAgICAgfQogICAgXSwK
2026-09-10T08:15:36.7838294Z GO_EVIDENCE_B64 ICAgICJ0ZXN0cy90ZXN0X3AwX2ZpbmFsX3ZpcnR1YWxfY2xvc3VyZV9zdHJlc3MucHk6OnRlc3Rfc3RyZXNzX3N1Y2Nlc3NmdWxfb3JkZXJfZm9ybXNfY2xvc2VkX2xvb3Bbcm91bmQtMl0iOiBbCiAgICAgIHsKICAgICAgICAid2hlbiI6ICJzZXR1cCIsCiAgICAgICAgIm91dGNvbWUiOiAicGFzc2VkIgogICAgICB9LAogICAgICB7CiAgICAgICAgIndoZW4iOiAiY2FsbCIsCiAgICAgICAgIm91dGNvbWUiOiAicGFzc2VkIgogICAgICB9LAogICAgICB7CiAgICAgICAgIndoZW4iOiAidGVhcmRvd24iLAogICAgICAgICJvdXRj
2026-09-10T08:15:36.7843654Z GO_EVIDENCE_B64 b21lIjogInBhc3NlZCIKICAgICAgfQogICAgXSwKICAgICJ0ZXN0cy90ZXN0X3AwX2ZpbmFsX3ZpcnR1YWxfY2xvc3VyZV9zdHJlc3MucHk6OnRlc3Rfc3RyZXNzX3N1Y2Nlc3NmdWxfb3JkZXJfZm9ybXNfY2xvc2VkX2xvb3Bbcm91bmQtM10iOiBbCiAgICAgIHsKICAgICAgICAid2hlbiI6ICJzZXR1cCIsCiAgICAgICAgIm91dGNvbWUiOiAicGFzc2VkIgogICAgICB9LAogICAgICB7CiAgICAgICAgIndoZW4iOiAiY2FsbCIsCiAgICAgICAgIm91dGNvbWUiOiAicGFzc2VkIgogICAgICB9LAogICAgICB7CiAgICAgICAgIndo
2026-09-10T08:15:36.7849115Z GO_EVIDENCE_B64 ZW4iOiAidGVhcmRvd24iLAogICAgICAgICJvdXRjb21lIjogInBhc3NlZCIKICAgICAgfQogICAgXSwKICAgICJ0ZXN0cy90ZXN0X3AwX2ZpbmFsX3ZpcnR1YWxfY2xvc3VyZV9zdHJlc3MucHk6OnRlc3Rfc3RyZXNzX3N1Y2Nlc3NmdWxfb3JkZXJfZm9ybXNfY2xvc2VkX2xvb3Bbcm91bmQtNF0iOiBbCiAgICAgIHsKICAgICAgICAid2hlbiI6ICJzZXR1cCIsCiAgICAgICAgIm91dGNvbWUiOiAicGFzc2VkIgogICAgICB9LAogICAgICB7CiAgICAgICAgIndoZW4iOiAiY2FsbCIsCiAgICAgICAgIm91dGNvbWUiOiAicGFzc2Vk
2026-09-10T08:15:36.7854571Z GO_EVIDENCE_B64 IgogICAgICB9LAogICAgICB7CiAgICAgICAgIndoZW4iOiAidGVhcmRvd24iLAogICAgICAgICJvdXRjb21lIjogInBhc3NlZCIKICAgICAgfQogICAgXSwKICAgICJ0ZXN0cy90ZXN0X3AwX2ZpbmFsX3ZpcnR1YWxfY2xvc3VyZV9zdHJlc3MucHk6OnRlc3Rfc3RyZXNzX3N1Y2Nlc3NmdWxfb3JkZXJfZm9ybXNfY2xvc2VkX2xvb3Bbcm91bmQtNV0iOiBbCiAgICAgIHsKICAgICAgICAid2hlbiI6ICJzZXR1cCIsCiAgICAgICAgIm91dGNvbWUiOiAicGFzc2VkIgogICAgICB9LAogICAgICB7CiAgICAgICAgIndoZW4iOiAiY2Fs
2026-09-10T08:15:36.7860089Z GO_EVIDENCE_B64 bCIsCiAgICAgICAgIm91dGNvbWUiOiAicGFzc2VkIgogICAgICB9LAogICAgICB7CiAgICAgICAgIndoZW4iOiAidGVhcmRvd24iLAogICAgICAgICJvdXRjb21lIjogInBhc3NlZCIKICAgICAgfQogICAgXSwKICAgICJ0ZXN0cy90ZXN0X3AwX2ZpbmFsX3ZpcnR1YWxfY2xvc3VyZV9zdHJlc3MucHk6OnRlc3Rfc3RyZXNzX2R1cGxpY2F0ZV9wYXltZW50X2F0dGFja19pc19ibG9ja2VkW3JvdW5kLTFdIjogWwogICAgICB7CiAgICAgICAgIndoZW4iOiAic2V0dXAiLAogICAgICAgICJvdXRjb21lIjogInBhc3NlZCIKICAgICAg
2026-09-10T08:15:36.7865580Z GO_EVIDENCE_B64 fSwKICAgICAgewogICAgICAgICJ3aGVuIjogImNhbGwiLAogICAgICAgICJvdXRjb21lIjogInBhc3NlZCIKICAgICAgfSwKICAgICAgewogICAgICAgICJ3aGVuIjogInRlYXJkb3duIiwKICAgICAgICAib3V0Y29tZSI6ICJwYXNzZWQiCiAgICAgIH0KICAgIF0sCiAgICAidGVzdHMvdGVzdF9wMF9maW5hbF92aXJ0dWFsX2Nsb3N1cmVfc3RyZXNzLnB5Ojp0ZXN0X3N0cmVzc19kdXBsaWNhdGVfcGF5bWVudF9hdHRhY2tfaXNfYmxvY2tlZFtyb3VuZC0yXSI6IFsKICAgICAgewogICAgICAgICJ3aGVuIjogInNldHVwIiwKICAg
2026-09-10T08:15:36.7871195Z GO_EVIDENCE_B64 ICAgICAib3V0Y29tZSI6ICJwYXNzZWQiCiAgICAgIH0sCiAgICAgIHsKICAgICAgICAid2hlbiI6ICJjYWxsIiwKICAgICAgICAib3V0Y29tZSI6ICJwYXNzZWQiCiAgICAgIH0sCiAgICAgIHsKICAgICAgICAid2hlbiI6ICJ0ZWFyZG93biIsCiAgICAgICAgIm91dGNvbWUiOiAicGFzc2VkIgogICAgICB9CiAgICBdLAogICAgInRlc3RzL3Rlc3RfcDBfZmluYWxfdmlydHVhbF9jbG9zdXJlX3N0cmVzcy5weTo6dGVzdF9zdHJlc3NfZHVwbGljYXRlX3BheW1lbnRfYXR0YWNrX2lzX2Jsb2NrZWRbcm91bmQtM10iOiBbCiAgICAg
2026-09-10T08:15:36.7876686Z GO_EVIDENCE_B64 IHsKICAgICAgICAid2hlbiI6ICJzZXR1cCIsCiAgICAgICAgIm91dGNvbWUiOiAicGFzc2VkIgogICAgICB9LAogICAgICB7CiAgICAgICAgIndoZW4iOiAiY2FsbCIsCiAgICAgICAgIm91dGNvbWUiOiAicGFzc2VkIgogICAgICB9LAogICAgICB7CiAgICAgICAgIndoZW4iOiAidGVhcmRvd24iLAogICAgICAgICJvdXRjb21lIjogInBhc3NlZCIKICAgICAgfQogICAgXSwKICAgICJ0ZXN0cy90ZXN0X3AwX2ZpbmFsX3ZpcnR1YWxfY2xvc3VyZV9zdHJlc3MucHk6OnRlc3Rfc3RyZXNzX2R1cGxpY2F0ZV9wYXltZW50X2F0dGFj
2026-09-10T08:15:36.7882596Z GO_EVIDENCE_B64 a19pc19ibG9ja2VkW3JvdW5kLTRdIjogWwogICAgICB7CiAgICAgICAgIndoZW4iOiAic2V0dXAiLAogICAgICAgICJvdXRjb21lIjogInBhc3NlZCIKICAgICAgfSwKICAgICAgewogICAgICAgICJ3aGVuIjogImNhbGwiLAogICAgICAgICJvdXRjb21lIjogInBhc3NlZCIKICAgICAgfSwKICAgICAgewogICAgICAgICJ3aGVuIjogInRlYXJkb3duIiwKICAgICAgICAib3V0Y29tZSI6ICJwYXNzZWQiCiAgICAgIH0KICAgIF0sCiAgICAidGVzdHMvdGVzdF9wMF9maW5hbF92aXJ0dWFsX2Nsb3N1cmVfc3RyZXNzLnB5Ojp0ZXN0
2026-09-10T08:15:36.7888173Z GO_EVIDENCE_B64 X3N0cmVzc19kdXBsaWNhdGVfcGF5bWVudF9hdHRhY2tfaXNfYmxvY2tlZFtyb3VuZC01XSI6IFsKICAgICAgewogICAgICAgICJ3aGVuIjogInNldHVwIiwKICAgICAgICAib3V0Y29tZSI6ICJwYXNzZWQiCiAgICAgIH0sCiAgICAgIHsKICAgICAgICAid2hlbiI6ICJjYWxsIiwKICAgICAgICAib3V0Y29tZSI6ICJwYXNzZWQiCiAgICAgIH0sCiAgICAgIHsKICAgICAgICAid2hlbiI6ICJ0ZWFyZG93biIsCiAgICAgICAgIm91dGNvbWUiOiAicGFzc2VkIgogICAgICB9CiAgICBdLAogICAgInRlc3RzL3Rlc3RfcDBfZmluYWxf
2026-09-10T08:15:36.7893615Z GO_EVIDENCE_B64 dmlydHVhbF9jbG9zdXJlX3N0cmVzcy5weTo6dGVzdF9zdHJlc3Nfc3VwcGxpZXJfdGltZW91dF9zdGF5c191bmtub3duX3VudGlsX3JlY29uY2lsZWRbcm91bmQtMV0iOiBbCiAgICAgIHsKICAgICAgICAid2hlbiI6ICJzZXR1cCIsCiAgICAgICAgIm91dGNvbWUiOiAicGFzc2VkIgogICAgICB9LAogICAgICB7CiAgICAgICAgIndoZW4iOiAiY2FsbCIsCiAgICAgICAgIm91dGNvbWUiOiAicGFzc2VkIgogICAgICB9LAogICAgICB7CiAgICAgICAgIndoZW4iOiAidGVhcmRvd24iLAogICAgICAgICJvdXRjb21lIjogInBhc3Nl
2026-09-10T08:15:36.7899103Z GO_EVIDENCE_B64 ZCIKICAgICAgfQogICAgXSwKICAgICJ0ZXN0cy90ZXN0X3AwX2ZpbmFsX3ZpcnR1YWxfY2xvc3VyZV9zdHJlc3MucHk6OnRlc3Rfc3RyZXNzX3N1cHBsaWVyX3RpbWVvdXRfc3RheXNfdW5rbm93bl91bnRpbF9yZWNvbmNpbGVkW3JvdW5kLTJdIjogWwogICAgICB7CiAgICAgICAgIndoZW4iOiAic2V0dXAiLAogICAgICAgICJvdXRjb21lIjogInBhc3NlZCIKICAgICAgfSwKICAgICAgewogICAgICAgICJ3aGVuIjogImNhbGwiLAogICAgICAgICJvdXRjb21lIjogInBhc3NlZCIKICAgICAgfSwKICAgICAgewogICAgICAgICJ3
2026-09-10T08:15:36.7904500Z GO_EVIDENCE_B64 aGVuIjogInRlYXJkb3duIiwKICAgICAgICAib3V0Y29tZSI6ICJwYXNzZWQiCiAgICAgIH0KICAgIF0sCiAgICAidGVzdHMvdGVzdF9wMF9maW5hbF92aXJ0dWFsX2Nsb3N1cmVfc3RyZXNzLnB5Ojp0ZXN0X3N0cmVzc19zdXBwbGllcl90aW1lb3V0X3N0YXlzX3Vua25vd25fdW50aWxfcmVjb25jaWxlZFtyb3VuZC0zXSI6IFsKICAgICAgewogICAgICAgICJ3aGVuIjogInNldHVwIiwKICAgICAgICAib3V0Y29tZSI6ICJwYXNzZWQiCiAgICAgIH0sCiAgICAgIHsKICAgICAgICAid2hlbiI6ICJjYWxsIiwKICAgICAgICAib3V0
2026-09-10T08:15:36.7910000Z GO_EVIDENCE_B64 Y29tZSI6ICJwYXNzZWQiCiAgICAgIH0sCiAgICAgIHsKICAgICAgICAid2hlbiI6ICJ0ZWFyZG93biIsCiAgICAgICAgIm91dGNvbWUiOiAicGFzc2VkIgogICAgICB9CiAgICBdLAogICAgInRlc3RzL3Rlc3RfcDBfZmluYWxfdmlydHVhbF9jbG9zdXJlX3N0cmVzcy5weTo6dGVzdF9zdHJlc3Nfc3VwcGxpZXJfdGltZW91dF9zdGF5c191bmtub3duX3VudGlsX3JlY29uY2lsZWRbcm91bmQtNF0iOiBbCiAgICAgIHsKICAgICAgICAid2hlbiI6ICJzZXR1cCIsCiAgICAgICAgIm91dGNvbWUiOiAicGFzc2VkIgogICAgICB9LAog
2026-09-10T08:15:36.7915506Z GO_EVIDENCE_B64 ICAgICB7CiAgICAgICAgIndoZW4iOiAiY2FsbCIsCiAgICAgICAgIm91dGNvbWUiOiAicGFzc2VkIgogICAgICB9LAogICAgICB7CiAgICAgICAgIndoZW4iOiAidGVhcmRvd24iLAogICAgICAgICJvdXRjb21lIjogInBhc3NlZCIKICAgICAgfQogICAgXSwKICAgICJ0ZXN0cy90ZXN0X3AwX2ZpbmFsX3ZpcnR1YWxfY2xvc3VyZV9zdHJlc3MucHk6OnRlc3Rfc3RyZXNzX3N1cHBsaWVyX3RpbWVvdXRfc3RheXNfdW5rbm93bl91bnRpbF9yZWNvbmNpbGVkW3JvdW5kLTVdIjogWwogICAgICB7CiAgICAgICAgIndoZW4iOiAic2V0
2026-09-10T08:15:36.7921185Z GO_EVIDENCE_B64 dXAiLAogICAgICAgICJvdXRjb21lIjogInBhc3NlZCIKICAgICAgfSwKICAgICAgewogICAgICAgICJ3aGVuIjogImNhbGwiLAogICAgICAgICJvdXRjb21lIjogInBhc3NlZCIKICAgICAgfSwKICAgICAgewogICAgICAgICJ3aGVuIjogInRlYXJkb3duIiwKICAgICAgICAib3V0Y29tZSI6ICJwYXNzZWQiCiAgICAgIH0KICAgIF0sCiAgICAidGVzdHMvdGVzdF9wMF9maW5hbF92aXJ0dWFsX2Nsb3N1cmVfc3RyZXNzLnB5Ojp0ZXN0X3N0cmVzc19wYXltZW50X3dlYmhvb2tfcmVwbGF5X2lzX2lkZW1wb3RlbnRbcm91bmQtMV0i
2026-09-10T08:15:36.7926757Z GO_EVIDENCE_B64 OiBbCiAgICAgIHsKICAgICAgICAid2hlbiI6ICJzZXR1cCIsCiAgICAgICAgIm91dGNvbWUiOiAicGFzc2VkIgogICAgICB9LAogICAgICB7CiAgICAgICAgIndoZW4iOiAiY2FsbCIsCiAgICAgICAgIm91dGNvbWUiOiAicGFzc2VkIgogICAgICB9LAogICAgICB7CiAgICAgICAgIndoZW4iOiAidGVhcmRvd24iLAogICAgICAgICJvdXRjb21lIjogInBhc3NlZCIKICAgICAgfQogICAgXSwKICAgICJ0ZXN0cy90ZXN0X3AwX2ZpbmFsX3ZpcnR1YWxfY2xvc3VyZV9zdHJlc3MucHk6OnRlc3Rfc3RyZXNzX3BheW1lbnRfd2ViaG9v
2026-09-10T08:15:36.7932843Z GO_EVIDENCE_B64 a19yZXBsYXlfaXNfaWRlbXBvdGVudFtyb3VuZC0yXSI6IFsKICAgICAgewogICAgICAgICJ3aGVuIjogInNldHVwIiwKICAgICAgICAib3V0Y29tZSI6ICJwYXNzZWQiCiAgICAgIH0sCiAgICAgIHsKICAgICAgICAid2hlbiI6ICJjYWxsIiwKICAgICAgICAib3V0Y29tZSI6ICJwYXNzZWQiCiAgICAgIH0sCiAgICAgIHsKICAgICAgICAid2hlbiI6ICJ0ZWFyZG93biIsCiAgICAgICAgIm91dGNvbWUiOiAicGFzc2VkIgogICAgICB9CiAgICBdLAogICAgInRlc3RzL3Rlc3RfcDBfZmluYWxfdmlydHVhbF9jbG9zdXJlX3N0cmVz
2026-09-10T08:15:36.7938455Z GO_EVIDENCE_B64 cy5weTo6dGVzdF9zdHJlc3NfcGF5bWVudF93ZWJob29rX3JlcGxheV9pc19pZGVtcG90ZW50W3JvdW5kLTNdIjogWwogICAgICB7CiAgICAgICAgIndoZW4iOiAic2V0dXAiLAogICAgICAgICJvdXRjb21lIjogInBhc3NlZCIKICAgICAgfSwKICAgICAgewogICAgICAgICJ3aGVuIjogImNhbGwiLAogICAgICAgICJvdXRjb21lIjogInBhc3NlZCIKICAgICAgfSwKICAgICAgewogICAgICAgICJ3aGVuIjogInRlYXJkb3duIiwKICAgICAgICAib3V0Y29tZSI6ICJwYXNzZWQiCiAgICAgIH0KICAgIF0sCiAgICAidGVzdHMvdGVz
2026-09-10T08:15:36.7943898Z GO_EVIDENCE_B64 dF9wMF9maW5hbF92aXJ0dWFsX2Nsb3N1cmVfc3RyZXNzLnB5Ojp0ZXN0X3N0cmVzc19wYXltZW50X3dlYmhvb2tfcmVwbGF5X2lzX2lkZW1wb3RlbnRbcm91bmQtNF0iOiBbCiAgICAgIHsKICAgICAgICAid2hlbiI6ICJzZXR1cCIsCiAgICAgICAgIm91dGNvbWUiOiAicGFzc2VkIgogICAgICB9LAogICAgICB7CiAgICAgICAgIndoZW4iOiAiY2FsbCIsCiAgICAgICAgIm91dGNvbWUiOiAicGFzc2VkIgogICAgICB9LAogICAgICB7CiAgICAgICAgIndoZW4iOiAidGVhcmRvd24iLAogICAgICAgICJvdXRjb21lIjogInBhc3Nl
2026-09-10T08:15:36.7949437Z GO_EVIDENCE_B64 ZCIKICAgICAgfQogICAgXSwKICAgICJ0ZXN0cy90ZXN0X3AwX2ZpbmFsX3ZpcnR1YWxfY2xvc3VyZV9zdHJlc3MucHk6OnRlc3Rfc3RyZXNzX3BheW1lbnRfd2ViaG9va19yZXBsYXlfaXNfaWRlbXBvdGVudFtyb3VuZC01XSI6IFsKICAgICAgewogICAgICAgICJ3aGVuIjogInNldHVwIiwKICAgICAgICAib3V0Y29tZSI6ICJwYXNzZWQiCiAgICAgIH0sCiAgICAgIHsKICAgICAgICAid2hlbiI6ICJjYWxsIiwKICAgICAgICAib3V0Y29tZSI6ICJwYXNzZWQiCiAgICAgIH0sCiAgICAgIHsKICAgICAgICAid2hlbiI6ICJ0ZWFy
2026-09-10T08:15:36.7954944Z GO_EVIDENCE_B64 ZG93biIsCiAgICAgICAgIm91dGNvbWUiOiAicGFzc2VkIgogICAgICB9CiAgICBdLAogICAgInRlc3RzL3Rlc3RfcDBfZmluYWxfdmlydHVhbF9jbG9zdXJlX3N0cmVzcy5weTo6dGVzdF9zdHJlc3NfY2FuY2VsX3JlZnVuZF9mdWxsX3BhdGhfYW5kX3Rlcm1pbmFsX2ltbXV0YWJpbGl0eVtyb3VuZC0xXSI6IFsKICAgICAgewogICAgICAgICJ3aGVuIjogInNldHVwIiwKICAgICAgICAib3V0Y29tZSI6ICJwYXNzZWQiCiAgICAgIH0sCiAgICAgIHsKICAgICAgICAid2hlbiI6ICJjYWxsIiwKICAgICAgICAib3V0Y29tZSI6ICJw
2026-09-10T08:15:36.7960587Z GO_EVIDENCE_B64 YXNzZWQiCiAgICAgIH0sCiAgICAgIHsKICAgICAgICAid2hlbiI6ICJ0ZWFyZG93biIsCiAgICAgICAgIm91dGNvbWUiOiAicGFzc2VkIgogICAgICB9CiAgICBdLAogICAgInRlc3RzL3Rlc3RfcDBfZmluYWxfdmlydHVhbF9jbG9zdXJlX3N0cmVzcy5weTo6dGVzdF9zdHJlc3NfY2FuY2VsX3JlZnVuZF9mdWxsX3BhdGhfYW5kX3Rlcm1pbmFsX2ltbXV0YWJpbGl0eVtyb3VuZC0yXSI6IFsKICAgICAgewogICAgICAgICJ3aGVuIjogInNldHVwIiwKICAgICAgICAib3V0Y29tZSI6ICJwYXNzZWQiCiAgICAgIH0sCiAgICAgIHsK
2026-09-10T08:15:36.7966153Z GO_EVIDENCE_B64 ICAgICAgICAid2hlbiI6ICJjYWxsIiwKICAgICAgICAib3V0Y29tZSI6ICJwYXNzZWQiCiAgICAgIH0sCiAgICAgIHsKICAgICAgICAid2hlbiI6ICJ0ZWFyZG93biIsCiAgICAgICAgIm91dGNvbWUiOiAicGFzc2VkIgogICAgICB9CiAgICBdLAogICAgInRlc3RzL3Rlc3RfcDBfZmluYWxfdmlydHVhbF9jbG9zdXJlX3N0cmVzcy5weTo6dGVzdF9zdHJlc3NfY2FuY2VsX3JlZnVuZF9mdWxsX3BhdGhfYW5kX3Rlcm1pbmFsX2ltbXV0YWJpbGl0eVtyb3VuZC0zXSI6IFsKICAgICAgewogICAgICAgICJ3aGVuIjogInNldHVwIiwK
2026-09-10T08:15:36.7972392Z GO_EVIDENCE_B64 ICAgICAgICAib3V0Y29tZSI6ICJwYXNzZWQiCiAgICAgIH0sCiAgICAgIHsKICAgICAgICAid2hlbiI6ICJjYWxsIiwKICAgICAgICAib3V0Y29tZSI6ICJwYXNzZWQiCiAgICAgIH0sCiAgICAgIHsKICAgICAgICAid2hlbiI6ICJ0ZWFyZG93biIsCiAgICAgICAgIm91dGNvbWUiOiAicGFzc2VkIgogICAgICB9CiAgICBdLAogICAgInRlc3RzL3Rlc3RfcDBfZmluYWxfdmlydHVhbF9jbG9zdXJlX3N0cmVzcy5weTo6dGVzdF9zdHJlc3NfY2FuY2VsX3JlZnVuZF9mdWxsX3BhdGhfYW5kX3Rlcm1pbmFsX2ltbXV0YWJpbGl0eVty
2026-09-10T08:15:36.7978121Z GO_EVIDENCE_B64 b3VuZC00XSI6IFsKICAgICAgewogICAgICAgICJ3aGVuIjogInNldHVwIiwKICAgICAgICAib3V0Y29tZSI6ICJwYXNzZWQiCiAgICAgIH0sCiAgICAgIHsKICAgICAgICAid2hlbiI6ICJjYWxsIiwKICAgICAgICAib3V0Y29tZSI6ICJwYXNzZWQiCiAgICAgIH0sCiAgICAgIHsKICAgICAgICAid2hlbiI6ICJ0ZWFyZG93biIsCiAgICAgICAgIm91dGNvbWUiOiAicGFzc2VkIgogICAgICB9CiAgICBdLAogICAgInRlc3RzL3Rlc3RfcDBfZmluYWxfdmlydHVhbF9jbG9zdXJlX3N0cmVzcy5weTo6dGVzdF9zdHJlc3NfY2FuY2Vs
2026-09-10T08:15:36.7984022Z GO_EVIDENCE_B64 X3JlZnVuZF9mdWxsX3BhdGhfYW5kX3Rlcm1pbmFsX2ltbXV0YWJpbGl0eVtyb3VuZC01XSI6IFsKICAgICAgewogICAgICAgICJ3aGVuIjogInNldHVwIiwKICAgICAgICAib3V0Y29tZSI6ICJwYXNzZWQiCiAgICAgIH0sCiAgICAgIHsKICAgICAgICAid2hlbiI6ICJjYWxsIiwKICAgICAgICAib3V0Y29tZSI6ICJwYXNzZWQiCiAgICAgIH0sCiAgICAgIHsKICAgICAgICAid2hlbiI6ICJ0ZWFyZG93biIsCiAgICAgICAgIm91dGNvbWUiOiAicGFzc2VkIgogICAgICB9CiAgICBdLAogICAgInRlc3RzL3Rlc3RfcDBfZmluYWxf
2026-09-10T08:15:36.7989612Z GO_EVIDENCE_B64 dmlydHVhbF9jbG9zdXJlX3N0cmVzcy5weTo6dGVzdF9zdHJlc3NfcGFydGlhbF9yZWZ1bmRfaXNfYm91bmRlZF9hbmRfY2FuX2NvbXBsZXRlX3JlbWFpbmluZ19yZWZ1bmRbcm91bmQtMV0iOiBbCiAgICAgIHsKICAgICAgICAid2hlbiI6ICJzZXR1cCIsCiAgICAgICAgIm91dGNvbWUiOiAicGFzc2VkIgogICAgICB9LAogICAgICB7CiAgICAgICAgIndoZW4iOiAiY2FsbCIsCiAgICAgICAgIm91dGNvbWUiOiAicGFzc2VkIgogICAgICB9LAogICAgICB7CiAgICAgICAgIndoZW4iOiAidGVhcmRvd24iLAogICAgICAgICJvdXRj
2026-09-10T08:15:36.7995056Z GO_EVIDENCE_B64 b21lIjogInBhc3NlZCIKICAgICAgfQogICAgXSwKICAgICJ0ZXN0cy90ZXN0X3AwX2ZpbmFsX3ZpcnR1YWxfY2xvc3VyZV9zdHJlc3MucHk6OnRlc3Rfc3RyZXNzX3BhcnRpYWxfcmVmdW5kX2lzX2JvdW5kZWRfYW5kX2Nhbl9jb21wbGV0ZV9yZW1haW5pbmdfcmVmdW5kW3JvdW5kLTJdIjogWwogICAgICB7CiAgICAgICAgIndoZW4iOiAic2V0dXAiLAogICAgICAgICJvdXRjb21lIjogInBhc3NlZCIKICAgICAgfSwKICAgICAgewogICAgICAgICJ3aGVuIjogImNhbGwiLAogICAgICAgICJvdXRjb21lIjogInBhc3NlZCIKICAg
2026-09-10T08:15:36.8000597Z GO_EVIDENCE_B64 ICAgfSwKICAgICAgewogICAgICAgICJ3aGVuIjogInRlYXJkb3duIiwKICAgICAgICAib3V0Y29tZSI6ICJwYXNzZWQiCiAgICAgIH0KICAgIF0sCiAgICAidGVzdHMvdGVzdF9wMF9maW5hbF92aXJ0dWFsX2Nsb3N1cmVfc3RyZXNzLnB5Ojp0ZXN0X3N0cmVzc19wYXJ0aWFsX3JlZnVuZF9pc19ib3VuZGVkX2FuZF9jYW5fY29tcGxldGVfcmVtYWluaW5nX3JlZnVuZFtyb3VuZC0zXSI6IFsKICAgICAgewogICAgICAgICJ3aGVuIjogInNldHVwIiwKICAgICAgICAib3V0Y29tZSI6ICJwYXNzZWQiCiAgICAgIH0sCiAgICAgIHsK
2026-09-10T08:15:36.8006547Z GO_EVIDENCE_B64 ICAgICAgICAid2hlbiI6ICJjYWxsIiwKICAgICAgICAib3V0Y29tZSI6ICJwYXNzZWQiCiAgICAgIH0sCiAgICAgIHsKICAgICAgICAid2hlbiI6ICJ0ZWFyZG93biIsCiAgICAgICAgIm91dGNvbWUiOiAicGFzc2VkIgogICAgICB9CiAgICBdLAogICAgInRlc3RzL3Rlc3RfcDBfZmluYWxfdmlydHVhbF9jbG9zdXJlX3N0cmVzcy5weTo6dGVzdF9zdHJlc3NfcGFydGlhbF9yZWZ1bmRfaXNfYm91bmRlZF9hbmRfY2FuX2NvbXBsZXRlX3JlbWFpbmluZ19yZWZ1bmRbcm91bmQtNF0iOiBbCiAgICAgIHsKICAgICAgICAid2hlbiI6
2026-09-10T08:15:36.8012391Z GO_EVIDENCE_B64 ICJzZXR1cCIsCiAgICAgICAgIm91dGNvbWUiOiAicGFzc2VkIgogICAgICB9LAogICAgICB7CiAgICAgICAgIndoZW4iOiAiY2FsbCIsCiAgICAgICAgIm91dGNvbWUiOiAicGFzc2VkIgogICAgICB9LAogICAgICB7CiAgICAgICAgIndoZW4iOiAidGVhcmRvd24iLAogICAgICAgICJvdXRjb21lIjogInBhc3NlZCIKICAgICAgfQogICAgXSwKICAgICJ0ZXN0cy90ZXN0X3AwX2ZpbmFsX3ZpcnR1YWxfY2xvc3VyZV9zdHJlc3MucHk6OnRlc3Rfc3RyZXNzX3BhcnRpYWxfcmVmdW5kX2lzX2JvdW5kZWRfYW5kX2Nhbl9jb21wbGV0
2026-09-10T08:15:36.8018492Z GO_EVIDENCE_B64 ZV9yZW1haW5pbmdfcmVmdW5kW3JvdW5kLTVdIjogWwogICAgICB7CiAgICAgICAgIndoZW4iOiAic2V0dXAiLAogICAgICAgICJvdXRjb21lIjogInBhc3NlZCIKICAgICAgfSwKICAgICAgewogICAgICAgICJ3aGVuIjogImNhbGwiLAogICAgICAgICJvdXRjb21lIjogInBhc3NlZCIKICAgICAgfSwKICAgICAgewogICAgICAgICJ3aGVuIjogInRlYXJkb3duIiwKICAgICAgICAib3V0Y29tZSI6ICJwYXNzZWQiCiAgICAgIH0KICAgIF0sCiAgICAidGVzdHMvdGVzdF9wMF9maW5hbF92aXJ0dWFsX2Nsb3N1cmVfc3RyZXNzLnB5
2026-09-10T08:15:36.8024070Z GO_EVIDENCE_B64 Ojp0ZXN0X3N0cmVzc19yZWNvbmNpbGlhdGlvbl9taXNtYXRjaF9ibG9ja3NfbWF0Y2hfYW5kX2Nsb3NlW3JvdW5kLTFdIjogWwogICAgICB7CiAgICAgICAgIndoZW4iOiAic2V0dXAiLAogICAgICAgICJvdXRjb21lIjogInBhc3NlZCIKICAgICAgfSwKICAgICAgewogICAgICAgICJ3aGVuIjogImNhbGwiLAogICAgICAgICJvdXRjb21lIjogInBhc3NlZCIKICAgICAgfSwKICAgICAgewogICAgICAgICJ3aGVuIjogInRlYXJkb3duIiwKICAgICAgICAib3V0Y29tZSI6ICJwYXNzZWQiCiAgICAgIH0KICAgIF0sCiAgICAidGVz
2026-09-10T08:15:36.8029627Z GO_EVIDENCE_B64 dHMvdGVzdF9wMF9maW5hbF92aXJ0dWFsX2Nsb3N1cmVfc3RyZXNzLnB5Ojp0ZXN0X3N0cmVzc19yZWNvbmNpbGlhdGlvbl9taXNtYXRjaF9ibG9ja3NfbWF0Y2hfYW5kX2Nsb3NlW3JvdW5kLTJdIjogWwogICAgICB7CiAgICAgICAgIndoZW4iOiAic2V0dXAiLAogICAgICAgICJvdXRjb21lIjogInBhc3NlZCIKICAgICAgfSwKICAgICAgewogICAgICAgICJ3aGVuIjogImNhbGwiLAogICAgICAgICJvdXRjb21lIjogInBhc3NlZCIKICAgICAgfSwKICAgICAgewogICAgICAgICJ3aGVuIjogInRlYXJkb3duIiwKICAgICAgICAi
2026-09-10T08:15:36.8035210Z GO_EVIDENCE_B64 b3V0Y29tZSI6ICJwYXNzZWQiCiAgICAgIH0KICAgIF0sCiAgICAidGVzdHMvdGVzdF9wMF9maW5hbF92aXJ0dWFsX2Nsb3N1cmVfc3RyZXNzLnB5Ojp0ZXN0X3N0cmVzc19yZWNvbmNpbGlhdGlvbl9taXNtYXRjaF9ibG9ja3NfbWF0Y2hfYW5kX2Nsb3NlW3JvdW5kLTNdIjogWwogICAgICB7CiAgICAgICAgIndoZW4iOiAic2V0dXAiLAogICAgICAgICJvdXRjb21lIjogInBhc3NlZCIKICAgICAgfSwKICAgICAgewogICAgICAgICJ3aGVuIjogImNhbGwiLAogICAgICAgICJvdXRjb21lIjogInBhc3NlZCIKICAgICAgfSwKICAg
2026-09-10T08:15:36.8040866Z GO_EVIDENCE_B64 ICAgewogICAgICAgICJ3aGVuIjogInRlYXJkb3duIiwKICAgICAgICAib3V0Y29tZSI6ICJwYXNzZWQiCiAgICAgIH0KICAgIF0sCiAgICAidGVzdHMvdGVzdF9wMF9maW5hbF92aXJ0dWFsX2Nsb3N1cmVfc3RyZXNzLnB5Ojp0ZXN0X3N0cmVzc19yZWNvbmNpbGlhdGlvbl9taXNtYXRjaF9ibG9ja3NfbWF0Y2hfYW5kX2Nsb3NlW3JvdW5kLTRdIjogWwogICAgICB7CiAgICAgICAgIndoZW4iOiAic2V0dXAiLAogICAgICAgICJvdXRjb21lIjogInBhc3NlZCIKICAgICAgfSwKICAgICAgewogICAgICAgICJ3aGVuIjogImNhbGwi
2026-09-10T08:15:36.8046394Z GO_EVIDENCE_B64 LAogICAgICAgICJvdXRjb21lIjogInBhc3NlZCIKICAgICAgfSwKICAgICAgewogICAgICAgICJ3aGVuIjogInRlYXJkb3duIiwKICAgICAgICAib3V0Y29tZSI6ICJwYXNzZWQiCiAgICAgIH0KICAgIF0sCiAgICAidGVzdHMvdGVzdF9wMF9maW5hbF92aXJ0dWFsX2Nsb3N1cmVfc3RyZXNzLnB5Ojp0ZXN0X3N0cmVzc19yZWNvbmNpbGlhdGlvbl9taXNtYXRjaF9ibG9ja3NfbWF0Y2hfYW5kX2Nsb3NlW3JvdW5kLTVdIjogWwogICAgICB7CiAgICAgICAgIndoZW4iOiAic2V0dXAiLAogICAgICAgICJvdXRjb21lIjogInBhc3Nl
2026-09-10T08:15:36.8052047Z GO_EVIDENCE_B64 ZCIKICAgICAgfSwKICAgICAgewogICAgICAgICJ3aGVuIjogImNhbGwiLAogICAgICAgICJvdXRjb21lIjogInBhc3NlZCIKICAgICAgfSwKICAgICAgewogICAgICAgICJ3aGVuIjogInRlYXJkb3duIiwKICAgICAgICAib3V0Y29tZSI6ICJwYXNzZWQiCiAgICAgIH0KICAgIF0sCiAgICAidGVzdHMvdGVzdF9wMF9maW5hbF92aXJ0dWFsX2Nsb3N1cmVfc3RyZXNzLnB5Ojp0ZXN0X3N0cmVzc19jbG9zZV9yYWNlX3JlcXVpcmVzX3JlcHJlcGFyZV9hZnRlcl9zY29wZV9jaGFuZ2Vbcm91bmQtMV0iOiBbCiAgICAgIHsKICAgICAg
2026-09-10T08:15:36.8057551Z GO_EVIDENCE_B64 ICAid2hlbiI6ICJzZXR1cCIsCiAgICAgICAgIm91dGNvbWUiOiAicGFzc2VkIgogICAgICB9LAogICAgICB7CiAgICAgICAgIndoZW4iOiAiY2FsbCIsCiAgICAgICAgIm91dGNvbWUiOiAicGFzc2VkIgogICAgICB9LAogICAgICB7CiAgICAgICAgIndoZW4iOiAidGVhcmRvd24iLAogICAgICAgICJvdXRjb21lIjogInBhc3NlZCIKICAgICAgfQogICAgXSwKICAgICJ0ZXN0cy90ZXN0X3AwX2ZpbmFsX3ZpcnR1YWxfY2xvc3VyZV9zdHJlc3MucHk6OnRlc3Rfc3RyZXNzX2Nsb3NlX3JhY2VfcmVxdWlyZXNfcmVwcmVwYXJlX2Fm
2026-09-10T08:15:36.8063359Z GO_EVIDENCE_B64 dGVyX3Njb3BlX2NoYW5nZVtyb3VuZC0yXSI6IFsKICAgICAgewogICAgICAgICJ3aGVuIjogInNldHVwIiwKICAgICAgICAib3V0Y29tZSI6ICJwYXNzZWQiCiAgICAgIH0sCiAgICAgIHsKICAgICAgICAid2hlbiI6ICJjYWxsIiwKICAgICAgICAib3V0Y29tZSI6ICJwYXNzZWQiCiAgICAgIH0sCiAgICAgIHsKICAgICAgICAid2hlbiI6ICJ0ZWFyZG93biIsCiAgICAgICAgIm91dGNvbWUiOiAicGFzc2VkIgogICAgICB9CiAgICBdLAogICAgInRlc3RzL3Rlc3RfcDBfZmluYWxfdmlydHVhbF9jbG9zdXJlX3N0cmVzcy5weTo6
2026-09-10T08:15:36.8068958Z GO_EVIDENCE_B64 dGVzdF9zdHJlc3NfY2xvc2VfcmFjZV9yZXF1aXJlc19yZXByZXBhcmVfYWZ0ZXJfc2NvcGVfY2hhbmdlW3JvdW5kLTNdIjogWwogICAgICB7CiAgICAgICAgIndoZW4iOiAic2V0dXAiLAogICAgICAgICJvdXRjb21lIjogInBhc3NlZCIKICAgICAgfSwKICAgICAgewogICAgICAgICJ3aGVuIjogImNhbGwiLAogICAgICAgICJvdXRjb21lIjogInBhc3NlZCIKICAgICAgfSwKICAgICAgewogICAgICAgICJ3aGVuIjogInRlYXJkb3duIiwKICAgICAgICAib3V0Y29tZSI6ICJwYXNzZWQiCiAgICAgIH0KICAgIF0sCiAgICAidGVz
2026-09-10T08:15:36.8074405Z GO_EVIDENCE_B64 dHMvdGVzdF9wMF9maW5hbF92aXJ0dWFsX2Nsb3N1cmVfc3RyZXNzLnB5Ojp0ZXN0X3N0cmVzc19jbG9zZV9yYWNlX3JlcXVpcmVzX3JlcHJlcGFyZV9hZnRlcl9zY29wZV9jaGFuZ2Vbcm91bmQtNF0iOiBbCiAgICAgIHsKICAgICAgICAid2hlbiI6ICJzZXR1cCIsCiAgICAgICAgIm91dGNvbWUiOiAicGFzc2VkIgogICAgICB9LAogICAgICB7CiAgICAgICAgIndoZW4iOiAiY2FsbCIsCiAgICAgICAgIm91dGNvbWUiOiAicGFzc2VkIgogICAgICB9LAogICAgICB7CiAgICAgICAgIndoZW4iOiAidGVhcmRvd24iLAogICAgICAg
2026-09-10T08:15:36.8079863Z GO_EVIDENCE_B64 ICJvdXRjb21lIjogInBhc3NlZCIKICAgICAgfQogICAgXSwKICAgICJ0ZXN0cy90ZXN0X3AwX2ZpbmFsX3ZpcnR1YWxfY2xvc3VyZV9zdHJlc3MucHk6OnRlc3Rfc3RyZXNzX2Nsb3NlX3JhY2VfcmVxdWlyZXNfcmVwcmVwYXJlX2FmdGVyX3Njb3BlX2NoYW5nZVtyb3VuZC01XSI6IFsKICAgICAgewogICAgICAgICJ3aGVuIjogInNldHVwIiwKICAgICAgICAib3V0Y29tZSI6ICJwYXNzZWQiCiAgICAgIH0sCiAgICAgIHsKICAgICAgICAid2hlbiI6ICJjYWxsIiwKICAgICAgICAib3V0Y29tZSI6ICJwYXNzZWQiCiAgICAgIH0s
2026-09-10T08:15:36.8085531Z GO_EVIDENCE_B64 CiAgICAgIHsKICAgICAgICAid2hlbiI6ICJ0ZWFyZG93biIsCiAgICAgICAgIm91dGNvbWUiOiAicGFzc2VkIgogICAgICB9CiAgICBdLAogICAgInRlc3RzL3Rlc3RfcmMxOTFfcmVnaXN0cmF0aW9uX3ZhdWx0X3RpZXJlZF9idWlsZC5weTo6dGVzdF90aWVyZWRfYnVpbGRfc3RyYXRlZ3lfaXNfcXVhbGl0eV9maXJzdCI6IFsKICAgICAgewogICAgICAgICJ3aGVuIjogInNldHVwIiwKICAgICAgICAib3V0Y29tZSI6ICJwYXNzZWQiCiAgICAgIH0sCiAgICAgIHsKICAgICAgICAid2hlbiI6ICJjYWxsIiwKICAgICAgICAib3V0
2026-09-10T08:15:36.8091274Z GO_EVIDENCE_B64 Y29tZSI6ICJwYXNzZWQiCiAgICAgIH0sCiAgICAgIHsKICAgICAgICAid2hlbiI6ICJ0ZWFyZG93biIsCiAgICAgICAgIm91dGNvbWUiOiAicGFzc2VkIgogICAgICB9CiAgICBdLAogICAgInRlc3RzL3Rlc3RfcmMxOTFfcmVnaXN0cmF0aW9uX3ZhdWx0X3RpZXJlZF9idWlsZC5weTo6dGVzdF9zdXBwbGllcl9yZWdpc3RyYXRpb25fcmVxdWlyZXNfc2luZ2xlX3Rlcm1zX2FjY2VwdGFuY2UiOiBbCiAgICAgIHsKICAgICAgICAid2hlbiI6ICJzZXR1cCIsCiAgICAgICAgIm91dGNvbWUiOiAicGFzc2VkIgogICAgICB9LAogICAg
2026-09-10T08:15:36.8096751Z GO_EVIDENCE_B64 ICB7CiAgICAgICAgIndoZW4iOiAiY2FsbCIsCiAgICAgICAgIm91dGNvbWUiOiAicGFzc2VkIgogICAgICB9LAogICAgICB7CiAgICAgICAgIndoZW4iOiAidGVhcmRvd24iLAogICAgICAgICJvdXRjb21lIjogInBhc3NlZCIKICAgICAgfQogICAgXSwKICAgICJ0ZXN0cy90ZXN0X3JjMTkxX3JlZ2lzdHJhdGlvbl92YXVsdF90aWVyZWRfYnVpbGQucHk6OnRlc3RfY29uc3VtZXJfb25lX2NsaWNrX3BlcnNvbmFsX3ZhdWx0X2lzX2NvbnNlbnRfYm91bmQiOiBbCiAgICAgIHsKICAgICAgICAid2hlbiI6ICJzZXR1cCIsCiAgICAg
2026-09-10T08:15:36.8102410Z GO_EVIDENCE_B64 ICAgIm91dGNvbWUiOiAicGFzc2VkIgogICAgICB9LAogICAgICB7CiAgICAgICAgIndoZW4iOiAiY2FsbCIsCiAgICAgICAgIm91dGNvbWUiOiAicGFzc2VkIgogICAgICB9LAogICAgICB7CiAgICAgICAgIndoZW4iOiAidGVhcmRvd24iLAogICAgICAgICJvdXRjb21lIjogInBhc3NlZCIKICAgICAgfQogICAgXSwKICAgICJ0ZXN0cy90ZXN0X3JjMTkxX3JlZ2lzdHJhdGlvbl92YXVsdF90aWVyZWRfYnVpbGQucHk6OnRlc3Rfc3VwcGxpZXJfcGFydG5lcl9vbmJvYXJkaW5nX2NvcHlfaXNfbm90X3BsYWluX3JlZ2lzdHJhdGlv
2026-09-10T08:15:36.8108357Z GO_EVIDENCE_B64 biI6IFsKICAgICAgewogICAgICAgICJ3aGVuIjogInNldHVwIiwKICAgICAgICAib3V0Y29tZSI6ICJwYXNzZWQiCiAgICAgIH0sCiAgICAgIHsKICAgICAgICAid2hlbiI6ICJjYWxsIiwKICAgICAgICAib3V0Y29tZSI6ICJwYXNzZWQiCiAgICAgIH0sCiAgICAgIHsKICAgICAgICAid2hlbiI6ICJ0ZWFyZG93biIsCiAgICAgICAgIm91dGNvbWUiOiAicGFzc2VkIgogICAgICB9CiAgICBdLAogICAgInRlc3RzL3Rlc3RfcmMyMF8yX2FsbF9iX3RvX2EucHk6OnRlc3RfY29uc3VtZXJfc3VyZmFjZV9leHBvc2VzX2FsbF9zaXhf
2026-09-10T08:15:36.8113950Z GO_EVIDENCE_B64 dmVydGljYWxfYWN0aW9uc190aHJvdWdoX2Zyb3plbl9maXZlX2VudHJ5X2hvbWUiOiBbCiAgICAgIHsKICAgICAgICAid2hlbiI6ICJzZXR1cCIsCiAgICAgICAgIm91dGNvbWUiOiAicGFzc2VkIgogICAgICB9LAogICAgICB7CiAgICAgICAgIndoZW4iOiAiY2FsbCIsCiAgICAgICAgIm91dGNvbWUiOiAicGFzc2VkIgogICAgICB9LAogICAgICB7CiAgICAgICAgIndoZW4iOiAidGVhcmRvd24iLAogICAgICAgICJvdXRjb21lIjogInBhc3NlZCIKICAgICAgfQogICAgXSwKICAgICJ0ZXN0cy90ZXN0X3JjMjBfMl9hbGxfYl90
2026-09-10T08:15:36.8119555Z GO_EVIDENCE_B64 b19hLnB5Ojp0ZXN0X3JpZGVfc3RhdGVfbWFjaGluZV9yZWNvdmVyeV9pbGxlZ2FsX3RyYW5zaXRpb25fYW5kX2V2aWRlbmNlIjogWwogICAgICB7CiAgICAgICAgIndoZW4iOiAic2V0dXAiLAogICAgICAgICJvdXRjb21lIjogInBhc3NlZCIKICAgICAgfSwKICAgICAgewogICAgICAgICJ3aGVuIjogImNhbGwiLAogICAgICAgICJvdXRjb21lIjogInBhc3NlZCIKICAgICAgfSwKICAgICAgewogICAgICAgICJ3aGVuIjogInRlYXJkb3duIiwKICAgICAgICAib3V0Y29tZSI6ICJwYXNzZWQiCiAgICAgIH0KICAgIF0sCiAgICAi
2026-09-10T08:15:36.8125084Z GO_EVIDENCE_B64 dGVzdHMvdGVzdF9yYzIwXzJfYWxsX2JfdG9fYS5weTo6dGVzdF9yZW50YWxfcGlja3VwX3JldHVybl9jYW5jZWxfcnVsZXNfYW5kX3JlY29uY2lsaWF0aW9uIjogWwogICAgICB7CiAgICAgICAgIndoZW4iOiAic2V0dXAiLAogICAgICAgICJvdXRjb21lIjogInBhc3NlZCIKICAgICAgfSwKICAgICAgewogICAgICAgICJ3aGVuIjogImNhbGwiLAogICAgICAgICJvdXRjb21lIjogInBhc3NlZCIKICAgICAgfSwKICAgICAgewogICAgICAgICJ3aGVuIjogInRlYXJkb3duIiwKICAgICAgICAib3V0Y29tZSI6ICJwYXNzZWQiCiAg
2026-09-10T08:15:36.8130919Z GO_EVIDENCE_B64 ICAgIH0KICAgIF0sCiAgICAidGVzdHMvdGVzdF9yYzIwXzJfYWxsX2JfdG9fYS5weTo6dGVzdF9hdHRyYWN0aW9uX3JlZGVtcHRpb25fdW5rbm93bl9yZWNvdmVyeV9jbG9zZWRfYW5kX2lsbGVnYWxfc3RhdGVzIjogWwogICAgICB7CiAgICAgICAgIndoZW4iOiAic2V0dXAiLAogICAgICAgICJvdXRjb21lIjogInBhc3NlZCIKICAgICAgfSwKICAgICAgewogICAgICAgICJ3aGVuIjogImNhbGwiLAogICAgICAgICJvdXRjb21lIjogInBhc3NlZCIKICAgICAgfSwKICAgICAgewogICAgICAgICJ3aGVuIjogInRlYXJkb3duIiwK
2026-09-10T08:15:36.8136415Z GO_EVIDENCE_B64 ICAgICAgICAib3V0Y29tZSI6ICJwYXNzZWQiCiAgICAgIH0KICAgIF0sCiAgICAidGVzdHMvdGVzdF9yYzIwXzJfYWxsX2JfdG9fYS5weTo6dGVzdF9hdHRyYWN0aW9uX3N1cHBsaWVyX2Nsb3N1cmVfYmxvY2tzX2NvbnN1bWVyX211dGF0aW9ucyI6IFsKICAgICAgewogICAgICAgICJ3aGVuIjogInNldHVwIiwKICAgICAgICAib3V0Y29tZSI6ICJwYXNzZWQiCiAgICAgIH0sCiAgICAgIHsKICAgICAgICAid2hlbiI6ICJjYWxsIiwKICAgICAgICAib3V0Y29tZSI6ICJwYXNzZWQiCiAgICAgIH0sCiAgICAgIHsKICAgICAgICAi
2026-09-10T08:15:36.8142529Z GO_EVIDENCE_B64 d2hlbiI6ICJ0ZWFyZG93biIsCiAgICAgICAgIm91dGNvbWUiOiAicGFzc2VkIgogICAgICB9CiAgICBdLAogICAgInRlc3RzL3Rlc3RfcmMyMF8yX2FsbF9iX3RvX2EucHk6OnRlc3RfZmxpZ2h0X3Vua25vd25fc3RhdGVfcmVjb25jaWxpYXRpb25fYW5kX2V2aWRlbmNlIjogWwogICAgICB7CiAgICAgICAgIndoZW4iOiAic2V0dXAiLAogICAgICAgICJvdXRjb21lIjogInBhc3NlZCIKICAgICAgfSwKICAgICAgewogICAgICAgICJ3aGVuIjogImNhbGwiLAogICAgICAgICJvdXRjb21lIjogInBhc3NlZCIKICAgICAgfSwKICAg
2026-09-10T08:15:36.8148119Z GO_EVIDENCE_B64 ICAgewogICAgICAgICJ3aGVuIjogInRlYXJkb3duIiwKICAgICAgICAib3V0Y29tZSI6ICJwYXNzZWQiCiAgICAgIH0KICAgIF0sCiAgICAidGVzdHMvdGVzdF9yYzIwXzJfYWxsX2JfdG9fYS5weTo6dGVzdF9yYWlsX3Vua25vd25fc3RhdGVfcmVjb25jaWxpYXRpb25fYW5kX2V2aWRlbmNlIjogWwogICAgICB7CiAgICAgICAgIndoZW4iOiAic2V0dXAiLAogICAgICAgICJvdXRjb21lIjogInBhc3NlZCIKICAgICAgfSwKICAgICAgewogICAgICAgICJ3aGVuIjogImNhbGwiLAogICAgICAgICJvdXRjb21lIjogInBhc3NlZCIK
2026-09-10T08:15:36.8153712Z GO_EVIDENCE_B64 ICAgICAgfSwKICAgICAgewogICAgICAgICJ3aGVuIjogInRlYXJkb3duIiwKICAgICAgICAib3V0Y29tZSI6ICJwYXNzZWQiCiAgICAgIH0KICAgIF0sCiAgICAidGVzdHMvdGVzdF9yYzIwX21vZHVsZV9kZXB0aF9jb250cmFjdC5weTo6dGVzdF9yYzIwX3JlcXVpcmVzX2ZpdmVfcmVhbF9kaW1lbnNpb25zX2Zvcl9ldmVyeV92ZXJ0aWNhbCI6IFsKICAgICAgewogICAgICAgICJ3aGVuIjogInNldHVwIiwKICAgICAgICAib3V0Y29tZSI6ICJwYXNzZWQiCiAgICAgIH0sCiAgICAgIHsKICAgICAgICAid2hlbiI6ICJjYWxsIiwK
2026-09-10T08:15:36.8159304Z GO_EVIDENCE_B64 ICAgICAgICAib3V0Y29tZSI6ICJwYXNzZWQiCiAgICAgIH0sCiAgICAgIHsKICAgICAgICAid2hlbiI6ICJ0ZWFyZG93biIsCiAgICAgICAgIm91dGNvbWUiOiAicGFzc2VkIgogICAgICB9CiAgICBdLAogICAgInRlc3RzL3Rlc3RfcmMyMF9tb2R1bGVfZGVwdGhfY29udHJhY3QucHk6OnRlc3RfcmMyMF9kb2VzX25vdF9lcXVhdGVfY29kZV9vcl9nYXRlX3dpdGhfZXh0ZXJuYWxfbGl2ZSI6IFsKICAgICAgewogICAgICAgICJ3aGVuIjogInNldHVwIiwKICAgICAgICAib3V0Y29tZSI6ICJwYXNzZWQiCiAgICAgIH0sCiAgICAg
2026-09-10T08:15:36.8164839Z GO_EVIDENCE_B64 IHsKICAgICAgICAid2hlbiI6ICJjYWxsIiwKICAgICAgICAib3V0Y29tZSI6ICJwYXNzZWQiCiAgICAgIH0sCiAgICAgIHsKICAgICAgICAid2hlbiI6ICJ0ZWFyZG93biIsCiAgICAgICAgIm91dGNvbWUiOiAicGFzc2VkIgogICAgICB9CiAgICBdLAogICAgInRlc3RzL3Rlc3Rfc3ByaW50MWdfY29uZmlnLnB5Ojp0ZXN0X3NpdGVtaW5kZXJfcmVxdWlyZXNfY29udHJhY3RlZF9jb25maWciOiBbCiAgICAgIHsKICAgICAgICAid2hlbiI6ICJzZXR1cCIsCiAgICAgICAgIm91dGNvbWUiOiAicGFzc2VkIgogICAgICB9LAogICAg
2026-09-10T08:15:36.8170435Z GO_EVIDENCE_B64 ICB7CiAgICAgICAgIndoZW4iOiAiY2FsbCIsCiAgICAgICAgIm91dGNvbWUiOiAicGFzc2VkIgogICAgICB9LAogICAgICB7CiAgICAgICAgIndoZW4iOiAidGVhcmRvd24iLAogICAgICAgICJvdXRjb21lIjogInBhc3NlZCIKICAgICAgfQogICAgXSwKICAgICJ0ZXN0cy90ZXN0X3NwcmludDFsX3BheW1lbnRfb3JjaGVzdHJhdGlvbi5weTo6dGVzdF9hdXRob3JpemVfYm9va19jYXB0dXJlX3NlcXVlbmNlIjogWwogICAgICB7CiAgICAgICAgIndoZW4iOiAic2V0dXAiLAogICAgICAgICJvdXRjb21lIjogInBhc3NlZCIKICAg
2026-09-10T08:15:36.8176006Z GO_EVIDENCE_B64 ICAgfSwKICAgICAgewogICAgICAgICJ3aGVuIjogImNhbGwiLAogICAgICAgICJvdXRjb21lIjogInBhc3NlZCIKICAgICAgfSwKICAgICAgewogICAgICAgICJ3aGVuIjogInRlYXJkb3duIiwKICAgICAgICAib3V0Y29tZSI6ICJwYXNzZWQiCiAgICAgIH0KICAgIF0sCiAgICAidGVzdHMvdGVzdF9zcHJpbnQxbF9wYXltZW50X29yY2hlc3RyYXRpb24ucHk6OnRlc3RfZGVmaW5pdGl2ZV9zdXBwbGllcl9ib29raW5nX2ZhaWx1cmVfdm9pZHNfYXV0aG9yaXphdGlvbl9ub19jYXB0dXJlIjogWwogICAgICB7CiAgICAgICAgIndo
2026-09-10T08:15:36.8181719Z GO_EVIDENCE_B64 ZW4iOiAic2V0dXAiLAogICAgICAgICJvdXRjb21lIjogInBhc3NlZCIKICAgICAgfSwKICAgICAgewogICAgICAgICJ3aGVuIjogImNhbGwiLAogICAgICAgICJvdXRjb21lIjogInBhc3NlZCIKICAgICAgfSwKICAgICAgewogICAgICAgICJ3aGVuIjogInRlYXJkb3duIiwKICAgICAgICAib3V0Y29tZSI6ICJwYXNzZWQiCiAgICAgIH0KICAgIF0sCiAgICAidGVzdHMvdGVzdF9zcHJpbnQxbF9wYXltZW50X29yY2hlc3RyYXRpb24ucHk6OnRlc3RfYW1iaWd1b3VzX3N1cHBsaWVyX2Jvb2tpbmdfZG9lc19ub3Rfdm9pZF9hdXRo
2026-09-10T08:15:36.8187317Z GO_EVIDENCE_B64 b3JpemF0aW9uIjogWwogICAgICB7CiAgICAgICAgIndoZW4iOiAic2V0dXAiLAogICAgICAgICJvdXRjb21lIjogInBhc3NlZCIKICAgICAgfSwKICAgICAgewogICAgICAgICJ3aGVuIjogImNhbGwiLAogICAgICAgICJvdXRjb21lIjogInBhc3NlZCIKICAgICAgfSwKICAgICAgewogICAgICAgICJ3aGVuIjogInRlYXJkb3duIiwKICAgICAgICAib3V0Y29tZSI6ICJwYXNzZWQiCiAgICAgIH0KICAgIF0sCiAgICAidGVzdHMvdGVzdF9zcHJpbnQxbF9wYXltZW50X29yY2hlc3RyYXRpb24ucHk6OnRlc3RfY2FwdHVyZV9mYWls
2026-09-10T08:15:36.8193346Z GO_EVIDENCE_B64 dXJlX2FmdGVyX3N1cHBsaWVyX2Jvb2tpbmdfbW92ZXNfdG9fcmVjb25jaWxpYXRpb24iOiBbCiAgICAgIHsKICAgICAgICAid2hlbiI6ICJzZXR1cCIsCiAgICAgICAgIm91dGNvbWUiOiAicGFzc2VkIgogICAgICB9LAogICAgICB7CiAgICAgICAgIndoZW4iOiAiY2FsbCIsCiAgICAgICAgIm91dGNvbWUiOiAicGFzc2VkIgogICAgICB9LAogICAgICB7CiAgICAgICAgIndoZW4iOiAidGVhcmRvd24iLAogICAgICAgICJvdXRjb21lIjogInBhc3NlZCIKICAgICAgfQogICAgXSwKICAgICJ0ZXN0cy90ZXN0X3NwcmludDFtX2Zh
2026-09-10T08:15:36.8198999Z GO_EVIDENCE_B64 cmVfcnVudGltZS5weTo6dGVzdF9mcmVlX2NhbmNlbF9mdWxsX3JlZnVuZCI6IFsKICAgICAgewogICAgICAgICJ3aGVuIjogInNldHVwIiwKICAgICAgICAib3V0Y29tZSI6ICJwYXNzZWQiCiAgICAgIH0sCiAgICAgIHsKICAgICAgICAid2hlbiI6ICJjYWxsIiwKICAgICAgICAib3V0Y29tZSI6ICJwYXNzZWQiCiAgICAgIH0sCiAgICAgIHsKICAgICAgICAid2hlbiI6ICJ0ZWFyZG93biIsCiAgICAgICAgIm91dGNvbWUiOiAicGFzc2VkIgogICAgICB9CiAgICBdLAogICAgInRlc3RzL3Rlc3Rfc3ByaW50MW1fZmFyZV9ydW50
2026-09-10T08:15:36.8204545Z GO_EVIDENCE_B64 aW1lLnB5Ojp0ZXN0X3RpZXJlZF9jYW5jZWxfNTBfcGVyY2VudCI6IFsKICAgICAgewogICAgICAgICJ3aGVuIjogInNldHVwIiwKICAgICAgICAib3V0Y29tZSI6ICJwYXNzZWQiCiAgICAgIH0sCiAgICAgIHsKICAgICAgICAid2hlbiI6ICJjYWxsIiwKICAgICAgICAib3V0Y29tZSI6ICJwYXNzZWQiCiAgICAgIH0sCiAgICAgIHsKICAgICAgICAid2hlbiI6ICJ0ZWFyZG93biIsCiAgICAgICAgIm91dGNvbWUiOiAicGFzc2VkIgogICAgICB9CiAgICBdLAogICAgInRlc3RzL3Rlc3Rfc3ByaW50MW1fZmFyZV9ydW50aW1lLnB5
2026-09-10T08:15:36.8210184Z GO_EVIDENCE_B64 Ojp0ZXN0X2NoYW5nZV9oaWdoZXJfcHJpY2Vfc3VwcGxlbWVudF9hbmRfbG93ZXJfbm9fcmVmdW5kIjogWwogICAgICB7CiAgICAgICAgIndoZW4iOiAic2V0dXAiLAogICAgICAgICJvdXRjb21lIjogInBhc3NlZCIKICAgICAgfSwKICAgICAgewogICAgICAgICJ3aGVuIjogImNhbGwiLAogICAgICAgICJvdXRjb21lIjogInBhc3NlZCIKICAgICAgfSwKICAgICAgewogICAgICAgICJ3aGVuIjogInRlYXJkb3duIiwKICAgICAgICAib3V0Y29tZSI6ICJwYXNzZWQiCiAgICAgIH0KICAgIF0sCiAgICAidGVzdHMvdGVzdF9zcHJp
2026-09-10T08:15:36.8215732Z GO_EVIDENCE_B64 bnQxbV9mYXJlX3J1bnRpbWUucHk6OnRlc3Rfc3RheV9jcmVkaXRfcHJvcGVydHlfb25seV9hbmRfcmVkZWVtX3dpdGhfZGlmZmVyZW5jZSI6IFsKICAgICAgewogICAgICAgICJ3aGVuIjogInNldHVwIiwKICAgICAgICAib3V0Y29tZSI6ICJwYXNzZWQiCiAgICAgIH0sCiAgICAgIHsKICAgICAgICAid2hlbiI6ICJjYWxsIiwKICAgICAgICAib3V0Y29tZSI6ICJwYXNzZWQiCiAgICAgIH0sCiAgICAgIHsKICAgICAgICAid2hlbiI6ICJ0ZWFyZG93biIsCiAgICAgICAgIm91dGNvbWUiOiAicGFzc2VkIgogICAgICB9CiAgICBd
2026-09-10T08:15:36.8221317Z GO_EVIDENCE_B64 LAogICAgInRlc3RzL3Rlc3Rfc3ByaW50MXVfcHJvZHVjdGlvbl9iZmYucHk6OnRlc3RfYmZmX3VzZXNfaHR0cF9vbmx5X2Nvb2tpZXNfYW5kX25vX3Rva2Vuc19pbl9wYXlsb2FkIjogWwogICAgICB7CiAgICAgICAgIndoZW4iOiAic2V0dXAiLAogICAgICAgICJvdXRjb21lIjogInBhc3NlZCIKICAgICAgfSwKICAgICAgewogICAgICAgICJ3aGVuIjogImNhbGwiLAogICAgICAgICJvdXRjb21lIjogInBhc3NlZCIKICAgICAgfSwKICAgICAgewogICAgICAgICJ3aGVuIjogInRlYXJkb3duIiwKICAgICAgICAib3V0Y29tZSI6
2026-09-10T08:15:36.8226810Z GO_EVIDENCE_B64 ICJwYXNzZWQiCiAgICAgIH0KICAgIF0sCiAgICAidGVzdHMvdGVzdF9zcHJpbnQxdV9wcm9kdWN0aW9uX2JmZi5weTo6dGVzdF9jc3JmX2Jsb2Nrc19jb29raWVfYXV0aGVudGljYXRlZF9tdXRhdGlvbiI6IFsKICAgICAgewogICAgICAgICJ3aGVuIjogInNldHVwIiwKICAgICAgICAib3V0Y29tZSI6ICJwYXNzZWQiCiAgICAgIH0sCiAgICAgIHsKICAgICAgICAid2hlbiI6ICJjYWxsIiwKICAgICAgICAib3V0Y29tZSI6ICJwYXNzZWQiCiAgICAgIH0sCiAgICAgIHsKICAgICAgICAid2hlbiI6ICJ0ZWFyZG93biIsCiAgICAg
2026-09-10T08:15:36.8232455Z GO_EVIDENCE_B64 ICAgIm91dGNvbWUiOiAicGFzc2VkIgogICAgICB9CiAgICBdLAogICAgInRlc3RzL3Rlc3Rfc3ByaW50MXVfcHJvZHVjdGlvbl9iZmYucHk6OnRlc3Rfc2VjdXJpdHlfaGVhZGVyc19hcmVfcHJlc2VudCI6IFsKICAgICAgewogICAgICAgICJ3aGVuIjogInNldHVwIiwKICAgICAgICAib3V0Y29tZSI6ICJwYXNzZWQiCiAgICAgIH0sCiAgICAgIHsKICAgICAgICAid2hlbiI6ICJjYWxsIiwKICAgICAgICAib3V0Y29tZSI6ICJwYXNzZWQiCiAgICAgIH0sCiAgICAgIHsKICAgICAgICAid2hlbiI6ICJ0ZWFyZG93biIsCiAgICAg
2026-09-10T08:15:36.8238083Z GO_EVIDENCE_B64 ICAgIm91dGNvbWUiOiAicGFzc2VkIgogICAgICB9CiAgICBdLAogICAgInRlc3RzL3Rlc3Rfc3ByaW50MXVfcHJvZHVjdGlvbl9iZmYucHk6OnRlc3RfbWZhX2Vucm9sbG1lbnRfYW5kX2xvZ2luX2VuZm9yY2VtZW50IjogWwogICAgICB7CiAgICAgICAgIndoZW4iOiAic2V0dXAiLAogICAgICAgICJvdXRjb21lIjogInBhc3NlZCIKICAgICAgfSwKICAgICAgewogICAgICAgICJ3aGVuIjogImNhbGwiLAogICAgICAgICJvdXRjb21lIjogInBhc3NlZCIKICAgICAgfSwKICAgICAgewogICAgICAgICJ3aGVuIjogInRlYXJkb3du
2026-09-10T08:15:36.8243842Z GO_EVIDENCE_B64 IiwKICAgICAgICAib3V0Y29tZSI6ICJwYXNzZWQiCiAgICAgIH0KICAgIF0sCiAgICAidGVzdHMvdGVzdF9zcHJpbnQxdV9wcm9kdWN0aW9uX2JmZi5weTo6dGVzdF9mcm9udGVuZF9oYXNfbm9fbG9jYWxzdG9yYWdlX2F1dGhfdG9rZW5zIjogWwogICAgICB7CiAgICAgICAgIndoZW4iOiAic2V0dXAiLAogICAgICAgICJvdXRjb21lIjogInBhc3NlZCIKICAgICAgfSwKICAgICAgewogICAgICAgICJ3aGVuIjogImNhbGwiLAogICAgICAgICJvdXRjb21lIjogInBhc3NlZCIKICAgICAgfSwKICAgICAgewogICAgICAgICJ3aGVu
2026-09-10T08:15:36.8249434Z GO_EVIDENCE_B64 IjogInRlYXJkb3duIiwKICAgICAgICAib3V0Y29tZSI6ICJwYXNzZWQiCiAgICAgIH0KICAgIF0sCiAgICAidGVzdHMvdGVzdF9zcHJpbnQxeV9jb25zdW1lcl9pZGVudGl0eS5weTo6dGVzdF9yZWdpc3Rlcl9zZWN1cmVfY29va2llX2dvX2lkX2FuZF9zZXNzaW9uIjogWwogICAgICB7CiAgICAgICAgIndoZW4iOiAic2V0dXAiLAogICAgICAgICJvdXRjb21lIjogInBhc3NlZCIKICAgICAgfSwKICAgICAgewogICAgICAgICJ3aGVuIjogImNhbGwiLAogICAgICAgICJvdXRjb21lIjogInBhc3NlZCIKICAgICAgfSwKICAgICAg
2026-09-10T08:15:36.8254964Z GO_EVIDENCE_B64 ewogICAgICAgICJ3aGVuIjogInRlYXJkb3duIiwKICAgICAgICAib3V0Y29tZSI6ICJwYXNzZWQiCiAgICAgIH0KICAgIF0sCiAgICAidGVzdHMvdGVzdF9zcHJpbnQxeV9jb25zdW1lcl9pZGVudGl0eS5weTo6dGVzdF90cmF2ZWxlcl9hbmRfcGF5bWVudF90b2tlbml6YXRpb25fbm9fcGFuX3JlYWRiYWNrIjogWwogICAgICB7CiAgICAgICAgIndoZW4iOiAic2V0dXAiLAogICAgICAgICJvdXRjb21lIjogInBhc3NlZCIKICAgICAgfSwKICAgICAgewogICAgICAgICJ3aGVuIjogImNhbGwiLAogICAgICAgICJvdXRjb21lIjog
2026-09-10T08:15:36.8260558Z GO_EVIDENCE_B64 InBhc3NlZCIKICAgICAgfSwKICAgICAgewogICAgICAgICJ3aGVuIjogInRlYXJkb3duIiwKICAgICAgICAib3V0Y29tZSI6ICJwYXNzZWQiCiAgICAgIH0KICAgIF0sCiAgICAidGVzdHMvdGVzdF9zcHJpbnQxeV9jb25zdW1lcl9pZGVudGl0eS5weTo6dGVzdF9hdXRoZW50aWNhdGVkX29yZGVyX293bmVyc2hpcF9hbmRfdG9rZW5pemVkX2NoZWNrb3V0IjogWwogICAgICB7CiAgICAgICAgIndoZW4iOiAic2V0dXAiLAogICAgICAgICJvdXRjb21lIjogInBhc3NlZCIKICAgICAgfSwKICAgICAgewogICAgICAgICJ3aGVuIjog
2026-09-10T08:15:36.8266101Z GO_EVIDENCE_B64 ImNhbGwiLAogICAgICAgICJvdXRjb21lIjogInBhc3NlZCIKICAgICAgfSwKICAgICAgewogICAgICAgICJ3aGVuIjogInRlYXJkb3duIiwKICAgICAgICAib3V0Y29tZSI6ICJwYXNzZWQiCiAgICAgIH0KICAgIF0sCiAgICAidGVzdHMvdGVzdF9zcHJpbnQxeV9jb25zdW1lcl9pZGVudGl0eS5weTo6dGVzdF9yZWZyZXNoX3JvdGF0aW9uX2FuZF9sb2dvdXQiOiBbCiAgICAgIHsKICAgICAgICAid2hlbiI6ICJzZXR1cCIsCiAgICAgICAgIm91dGNvbWUiOiAicGFzc2VkIgogICAgICB9LAogICAgICB7CiAgICAgICAgIndoZW4i
2026-09-10T08:15:36.8271720Z GO_EVIDENCE_B64 OiAiY2FsbCIsCiAgICAgICAgIm91dGNvbWUiOiAicGFzc2VkIgogICAgICB9LAogICAgICB7CiAgICAgICAgIndoZW4iOiAidGVhcmRvd24iLAogICAgICAgICJvdXRjb21lIjogInBhc3NlZCIKICAgICAgfQogICAgXSwKICAgICJ0ZXN0cy90ZXN0X3NwcmludDF6X21vYmlsZS5weTo6dGVzdF9uYXRpdmVfYmVhcmVyX3Nlc3Npb25fZGV2aWNlX3B1c2hfYW5kX3JlZnJlc2giOiBbCiAgICAgIHsKICAgICAgICAid2hlbiI6ICJzZXR1cCIsCiAgICAgICAgIm91dGNvbWUiOiAicGFzc2VkIgogICAgICB9LAogICAgICB7CiAgICAg
2026-09-10T08:15:36.8277257Z GO_EVIDENCE_B64 ICAgIndoZW4iOiAiY2FsbCIsCiAgICAgICAgIm91dGNvbWUiOiAicGFzc2VkIgogICAgICB9LAogICAgICB7CiAgICAgICAgIndoZW4iOiAidGVhcmRvd24iLAogICAgICAgICJvdXRjb21lIjogInBhc3NlZCIKICAgICAgfQogICAgXSwKICAgICJ0ZXN0cy90ZXN0X3NwcmludDF6X21vYmlsZS5weTo6dGVzdF9kZWVwX2xpbmtzX2FyZV9hbGxvd2xpc3RlZCI6IFsKICAgICAgewogICAgICAgICJ3aGVuIjogInNldHVwIiwKICAgICAgICAib3V0Y29tZSI6ICJwYXNzZWQiCiAgICAgIH0sCiAgICAgIHsKICAgICAgICAid2hlbiI6
2026-09-10T08:15:36.8282811Z GO_EVIDENCE_B64 ICJjYWxsIiwKICAgICAgICAib3V0Y29tZSI6ICJwYXNzZWQiCiAgICAgIH0sCiAgICAgIHsKICAgICAgICAid2hlbiI6ICJ0ZWFyZG93biIsCiAgICAgICAgIm91dGNvbWUiOiAicGFzc2VkIgogICAgICB9CiAgICBdLAogICAgInRlc3RzL3Rlc3Rfc3ByaW50MXpfbW9iaWxlLnB5Ojp0ZXN0X3B1c2hfdG9rZW5fbm90X3JldHVybmVkX2FuZF9kZXZpY2VfaXNfdXNlcl9zY29wZWQiOiBbCiAgICAgIHsKICAgICAgICAid2hlbiI6ICJzZXR1cCIsCiAgICAgICAgIm91dGNvbWUiOiAicGFzc2VkIgogICAgICB9LAogICAgICB7CiAg
2026-09-10T08:15:36.8288354Z GO_EVIDENCE_B64 ICAgICAgIndoZW4iOiAiY2FsbCIsCiAgICAgICAgIm91dGNvbWUiOiAicGFzc2VkIgogICAgICB9LAogICAgICB7CiAgICAgICAgIndoZW4iOiAidGVhcmRvd24iLAogICAgICAgICJvdXRjb21lIjogInBhc3NlZCIKICAgICAgfQogICAgXSwKICAgICJ0ZXN0cy90ZXN0X3NwcmludDJiX21vYmlsZV9yZWxlYXNlLnB5Ojp0ZXN0X3B1c2hfcmVjZWlwdF9saWZlY3ljbGVfd2l0aF9tb2NrX3Byb3ZpZGVyIjogWwogICAgICB7CiAgICAgICAgIndoZW4iOiAic2V0dXAiLAogICAgICAgICJvdXRjb21lIjogInBhc3NlZCIKICAgICAg
2026-09-10T08:15:36.8294164Z GO_EVIDENCE_B64 fSwKICAgICAgewogICAgICAgICJ3aGVuIjogImNhbGwiLAogICAgICAgICJvdXRjb21lIjogInBhc3NlZCIKICAgICAgfSwKICAgICAgewogICAgICAgICJ3aGVuIjogInRlYXJkb3duIiwKICAgICAgICAib3V0Y29tZSI6ICJwYXNzZWQiCiAgICAgIH0KICAgIF0sCiAgICAidGVzdHMvdGVzdF9zcHJpbnQyYl9tb2JpbGVfcmVsZWFzZS5weTo6dGVzdF9tb2JpbGVfcmVsZWFzZV9hcnRpZmFjdHNfYW5kX29mZmxpbmVfY29udHJhY3RfZXhpc3QiOiBbCiAgICAgIHsKICAgICAgICAid2hlbiI6ICJzZXR1cCIsCiAgICAgICAgIm91
2026-09-10T08:15:36.8299791Z GO_EVIDENCE_B64 dGNvbWUiOiAicGFzc2VkIgogICAgICB9LAogICAgICB7CiAgICAgICAgIndoZW4iOiAiY2FsbCIsCiAgICAgICAgIm91dGNvbWUiOiAicGFzc2VkIgogICAgICB9LAogICAgICB7CiAgICAgICAgIndoZW4iOiAidGVhcmRvd24iLAogICAgICAgICJvdXRjb21lIjogInBhc3NlZCIKICAgICAgfQogICAgXSwKICAgICJ0ZXN0cy90ZXN0X3NwcmludDJiX21vYmlsZV9yZWxlYXNlLnB5Ojp0ZXN0X3B1c2hfcmVjZWlwdF9pbnRlcm5hbF9hcGlfaXNfbm90X3B1YmxpYyI6IFsKICAgICAgewogICAgICAgICJ3aGVuIjogInNldHVwIiwK
2026-09-10T08:15:36.8305272Z GO_EVIDENCE_B64 ICAgICAgICAib3V0Y29tZSI6ICJwYXNzZWQiCiAgICAgIH0sCiAgICAgIHsKICAgICAgICAid2hlbiI6ICJjYWxsIiwKICAgICAgICAib3V0Y29tZSI6ICJwYXNzZWQiCiAgICAgIH0sCiAgICAgIHsKICAgICAgICAid2hlbiI6ICJ0ZWFyZG93biIsCiAgICAgICAgIm91dGNvbWUiOiAicGFzc2VkIgogICAgICB9CiAgICBdLAogICAgInRlc3RzL3Rlc3Rfc3ByaW50MmRfYnJpbmd1cC5weTo6dGVzdF9jcmVkZW50aWFsX21hbmlmZXN0X2hhc18xNV9nYXRlX2RlcGVuZGVuY2llcyI6IFsKICAgICAgewogICAgICAgICJ3aGVuIjog
2026-09-10T08:15:36.8310826Z GO_EVIDENCE_B64 InNldHVwIiwKICAgICAgICAib3V0Y29tZSI6ICJwYXNzZWQiCiAgICAgIH0sCiAgICAgIHsKICAgICAgICAid2hlbiI6ICJjYWxsIiwKICAgICAgICAib3V0Y29tZSI6ICJwYXNzZWQiCiAgICAgIH0sCiAgICAgIHsKICAgICAgICAid2hlbiI6ICJ0ZWFyZG93biIsCiAgICAgICAgIm91dGNvbWUiOiAicGFzc2VkIgogICAgICB9CiAgICBdLAogICAgInRlc3RzL3Rlc3Rfc3ByaW50MmRfYnJpbmd1cC5weTo6dGVzdF9nYXRlX2xlZGdlcl9zdGFydHNfZmFpbF9jbG9zZWQiOiBbCiAgICAgIHsKICAgICAgICAid2hlbiI6ICJzZXR1
2026-09-10T08:15:36.8316300Z GO_EVIDENCE_B64 cCIsCiAgICAgICAgIm91dGNvbWUiOiAicGFzc2VkIgogICAgICB9LAogICAgICB7CiAgICAgICAgIndoZW4iOiAiY2FsbCIsCiAgICAgICAgIm91dGNvbWUiOiAicGFzc2VkIgogICAgICB9LAogICAgICB7CiAgICAgICAgIndoZW4iOiAidGVhcmRvd24iLAogICAgICAgICJvdXRjb21lIjogInBhc3NlZCIKICAgICAgfQogICAgXSwKICAgICJ0ZXN0cy90ZXN0X3NwcmludDJkX2JyaW5ndXAucHk6OnRlc3RfcHJlZmxpZ2h0X2ZhaWxzX2Nsb3NlZF93aXRob3V0X2NyZWRlbnRpYWxzIjogWwogICAgICB7CiAgICAgICAgIndoZW4i
2026-09-10T08:15:36.8321880Z GO_EVIDENCE_B64 OiAic2V0dXAiLAogICAgICAgICJvdXRjb21lIjogInBhc3NlZCIKICAgICAgfSwKICAgICAgewogICAgICAgICJ3aGVuIjogImNhbGwiLAogICAgICAgICJvdXRjb21lIjogInBhc3NlZCIKICAgICAgfSwKICAgICAgewogICAgICAgICJ3aGVuIjogInRlYXJkb3duIiwKICAgICAgICAib3V0Y29tZSI6ICJwYXNzZWQiCiAgICAgIH0KICAgIF0sCiAgICAidGVzdHMvdGVzdF9zcHJpbnQyZF9icmluZ3VwLnB5Ojp0ZXN0X3JlbGVhc2Vfd29ya2Zsb3dfd2FpdHNfZm9yX3N0b3JlX2J1aWxkX2FuZF9zdWJtaXQiOiBbCiAgICAgIHsK
2026-09-10T08:15:36.8327356Z GO_EVIDENCE_B64 ICAgICAgICAid2hlbiI6ICJzZXR1cCIsCiAgICAgICAgIm91dGNvbWUiOiAicGFzc2VkIgogICAgICB9LAogICAgICB7CiAgICAgICAgIndoZW4iOiAiY2FsbCIsCiAgICAgICAgIm91dGNvbWUiOiAicGFzc2VkIgogICAgICB9LAogICAgICB7CiAgICAgICAgIndoZW4iOiAidGVhcmRvd24iLAogICAgICAgICJvdXRjb21lIjogInBhc3NlZCIKICAgICAgfQogICAgXSwKICAgICJ0ZXN0cy90ZXN0X3NwcmludDJkX2JyaW5ndXAucHk6OnRlc3RfZXZpZGVuY2VfdGVtcGxhdGVfZm9yYmlkc19zZWNyZXRzIjogWwogICAgICB7CiAg
2026-09-10T08:15:36.8332974Z GO_EVIDENCE_B64 ICAgICAgIndoZW4iOiAic2V0dXAiLAogICAgICAgICJvdXRjb21lIjogInBhc3NlZCIKICAgICAgfSwKICAgICAgewogICAgICAgICJ3aGVuIjogImNhbGwiLAogICAgICAgICJvdXRjb21lIjogInBhc3NlZCIKICAgICAgfSwKICAgICAgewogICAgICAgICJ3aGVuIjogInRlYXJkb3duIiwKICAgICAgICAib3V0Y29tZSI6ICJwYXNzZWQiCiAgICAgIH0KICAgIF0sCiAgICAidGVzdHMvdGVzdF9zcHJpbnQzYV9mbGlnaHQucHk6OnRlc3RfZmxpZ2h0X3NlYXJjaF90b190aWNrZXRfYW5kX3RyaXAiOiBbCiAgICAgIHsKICAgICAg
2026-09-10T08:15:36.8338592Z GO_EVIDENCE_B64 ICAid2hlbiI6ICJzZXR1cCIsCiAgICAgICAgIm91dGNvbWUiOiAicGFzc2VkIgogICAgICB9LAogICAgICB7CiAgICAgICAgIndoZW4iOiAiY2FsbCIsCiAgICAgICAgIm91dGNvbWUiOiAicGFzc2VkIgogICAgICB9LAogICAgICB7CiAgICAgICAgIndoZW4iOiAidGVhcmRvd24iLAogICAgICAgICJvdXRjb21lIjogInBhc3NlZCIKICAgICAgfQogICAgXSwKICAgICJ0ZXN0cy90ZXN0X3NwcmludDNhX2ZsaWdodC5weTo6dGVzdF9mbGlnaHRfY2hhbmdlX3JlaXNzdWVzX3RpY2tldCI6IFsKICAgICAgewogICAgICAgICJ3aGVu
2026-09-10T08:15:36.8344210Z GO_EVIDENCE_B64 IjogInNldHVwIiwKICAgICAgICAib3V0Y29tZSI6ICJwYXNzZWQiCiAgICAgIH0sCiAgICAgIHsKICAgICAgICAid2hlbiI6ICJjYWxsIiwKICAgICAgICAib3V0Y29tZSI6ICJwYXNzZWQiCiAgICAgIH0sCiAgICAgIHsKICAgICAgICAid2hlbiI6ICJ0ZWFyZG93biIsCiAgICAgICAgIm91dGNvbWUiOiAicGFzc2VkIgogICAgICB9CiAgICBdLAogICAgInRlc3RzL3Rlc3Rfc3ByaW50M2FfZmxpZ2h0LnB5Ojp0ZXN0X2ZsaWdodF9yZWZ1bmRfdHJhY2tzX2ZlZV9hbmRfb3JpZ2luYWxfcGF5bWVudCI6IFsKICAgICAgewogICAg
2026-09-10T08:15:36.8349867Z GO_EVIDENCE_B64 ICAgICJ3aGVuIjogInNldHVwIiwKICAgICAgICAib3V0Y29tZSI6ICJwYXNzZWQiCiAgICAgIH0sCiAgICAgIHsKICAgICAgICAid2hlbiI6ICJjYWxsIiwKICAgICAgICAib3V0Y29tZSI6ICJwYXNzZWQiCiAgICAgIH0sCiAgICAgIHsKICAgICAgICAid2hlbiI6ICJ0ZWFyZG93biIsCiAgICAgICAgIm91dGNvbWUiOiAicGFzc2VkIgogICAgICB9CiAgICBdLAogICAgInRlc3RzL3Rlc3Rfc3ByaW50M2FfZmxpZ2h0LnB5Ojp0ZXN0X2Nyb3NzX2FjY291bnRfZmxpZ2h0X29yZGVyX2lzb2xhdGlvbiI6IFsKICAgICAgewogICAg
2026-09-10T08:15:36.8355338Z GO_EVIDENCE_B64 ICAgICJ3aGVuIjogInNldHVwIiwKICAgICAgICAib3V0Y29tZSI6ICJwYXNzZWQiCiAgICAgIH0sCiAgICAgIHsKICAgICAgICAid2hlbiI6ICJjYWxsIiwKICAgICAgICAib3V0Y29tZSI6ICJwYXNzZWQiCiAgICAgIH0sCiAgICAgIHsKICAgICAgICAid2hlbiI6ICJ0ZWFyZG93biIsCiAgICAgICAgIm91dGNvbWUiOiAicGFzc2VkIgogICAgICB9CiAgICBdLAogICAgInRlc3RzL3Rlc3Rfc3ByaW50M2NfbW9iaWxpdHkucHk6OnRlc3RfcmlkZV9hbmRfcmVudGFsX2dvbGRlbl9wYXRoIjogWwogICAgICB7CiAgICAgICAgIndo
2026-09-10T08:15:36.8360931Z GO_EVIDENCE_B64 ZW4iOiAic2V0dXAiLAogICAgICAgICJvdXRjb21lIjogInBhc3NlZCIKICAgICAgfSwKICAgICAgewogICAgICAgICJ3aGVuIjogImNhbGwiLAogICAgICAgICJvdXRjb21lIjogInBhc3NlZCIKICAgICAgfSwKICAgICAgewogICAgICAgICJ3aGVuIjogInRlYXJkb3duIiwKICAgICAgICAib3V0Y29tZSI6ICJwYXNzZWQiCiAgICAgIH0KICAgIF0sCiAgICAidGVzdHMvdGVzdF9zcHJpbnQzZF9hdHRyYWN0aW9ucy5weTo6dGVzdF9hdHRyYWN0aW9uX2dvbGRlbl9wYXRoIjogWwogICAgICB7CiAgICAgICAgIndoZW4iOiAic2V0
2026-09-10T08:15:36.8366493Z GO_EVIDENCE_B64 dXAiLAogICAgICAgICJvdXRjb21lIjogInBhc3NlZCIKICAgICAgfSwKICAgICAgewogICAgICAgICJ3aGVuIjogImNhbGwiLAogICAgICAgICJvdXRjb21lIjogInBhc3NlZCIKICAgICAgfSwKICAgICAgewogICAgICAgICJ3aGVuIjogInRlYXJkb3duIiwKICAgICAgICAib3V0Y29tZSI6ICJwYXNzZWQiCiAgICAgIH0KICAgIF0sCiAgICAidGVzdHMvdGVzdF9zcHJpbnQzZF9hdHRyYWN0aW9ucy5weTo6dGVzdF9ub25fcmVmdW5kYWJsZV9leHBlcmllbmNlIjogWwogICAgICB7CiAgICAgICAgIndoZW4iOiAic2V0dXAiLAog
2026-09-10T08:15:36.8372189Z GO_EVIDENCE_B64 ICAgICAgICJvdXRjb21lIjogInBhc3NlZCIKICAgICAgfSwKICAgICAgewogICAgICAgICJ3aGVuIjogImNhbGwiLAogICAgICAgICJvdXRjb21lIjogInBhc3NlZCIKICAgICAgfSwKICAgICAgewogICAgICAgICJ3aGVuIjogInRlYXJkb3duIiwKICAgICAgICAib3V0Y29tZSI6ICJwYXNzZWQiCiAgICAgIH0KICAgIF0sCiAgICAidGVzdHMvdGVzdF9zcHJpbnQzbF9yZWNvdmVyeV9yZWxpYWJpbGl0eS5weTo6dGVzdF9yZWxpYWJpbGl0eV9wcm9maWxlX3JlYnVpbGRfZnJvbV9yZWFsX3JlY292ZXJ5X2ZhY3RzIjogWwogICAg
2026-09-10T08:15:36.8377846Z GO_EVIDENCE_B64 ICB7CiAgICAgICAgIndoZW4iOiAic2V0dXAiLAogICAgICAgICJvdXRjb21lIjogInBhc3NlZCIKICAgICAgfSwKICAgICAgewogICAgICAgICJ3aGVuIjogImNhbGwiLAogICAgICAgICJvdXRjb21lIjogInBhc3NlZCIKICAgICAgfSwKICAgICAgewogICAgICAgICJ3aGVuIjogInRlYXJkb3duIiwKICAgICAgICAib3V0Y29tZSI6ICJwYXNzZWQiCiAgICAgIH0KICAgIF0sCiAgICAidGVzdHMvdGVzdF9zcHJpbnQzbF9yZWNvdmVyeV9yZWxpYWJpbGl0eS5weTo6dGVzdF9yZWxpYWJpbGl0eV9tZW1vcnlfY2hhbmdlc19mdXR1
2026-09-10T08:15:36.8383406Z GO_EVIDENCE_B64 cmVfcmVjb25jaWxpYXRpb25fcG9saWN5X3dpdGhvdXRfcmVzZW5kIjogWwogICAgICB7CiAgICAgICAgIndoZW4iOiAic2V0dXAiLAogICAgICAgICJvdXRjb21lIjogInBhc3NlZCIKICAgICAgfSwKICAgICAgewogICAgICAgICJ3aGVuIjogImNhbGwiLAogICAgICAgICJvdXRjb21lIjogInBhc3NlZCIKICAgICAgfSwKICAgICAgewogICAgICAgICJ3aGVuIjogInRlYXJkb3duIiwKICAgICAgICAib3V0Y29tZSI6ICJwYXNzZWQiCiAgICAgIH0KICAgIF0sCiAgICAidGVzdHMvdGVzdF9zcHJpbnQzbF9yZWNvdmVyeV9yZWxp
2026-09-10T08:15:36.8389176Z GO_EVIDENCE_B64 YWJpbGl0eS5weTo6dGVzdF9zbGFfZmVlZGJhY2tfdXNlc19wcm9maWxlX2J1dF9kb2VzX25vdF9tdXRhdGVfc3VwcGxpZXJfZmFjdCI6IFsKICAgICAgewogICAgICAgICJ3aGVuIjogInNldHVwIiwKICAgICAgICAib3V0Y29tZSI6ICJwYXNzZWQiCiAgICAgIH0sCiAgICAgIHsKICAgICAgICAid2hlbiI6ICJjYWxsIiwKICAgICAgICAib3V0Y29tZSI6ICJwYXNzZWQiCiAgICAgIH0sCiAgICAgIHsKICAgICAgICAid2hlbiI6ICJ0ZWFyZG93biIsCiAgICAgICAgIm91dGNvbWUiOiAicGFzc2VkIgogICAgICB9CiAgICBdLAog
2026-09-10T08:15:36.8394665Z GO_EVIDENCE_B64 ICAgInRlc3RzL3Rlc3Rfc3ByaW50M2xfcmVjb3ZlcnlfcmVsaWFiaWxpdHkucHk6OnRlc3RfcmVsaWFiaWxpdHlfYWRtaW5fYXBpX2lzX3JlYWRfcmVidWlsZF9vbmx5IjogWwogICAgICB7CiAgICAgICAgIndoZW4iOiAic2V0dXAiLAogICAgICAgICJvdXRjb21lIjogInBhc3NlZCIKICAgICAgfSwKICAgICAgewogICAgICAgICJ3aGVuIjogImNhbGwiLAogICAgICAgICJvdXRjb21lIjogInBhc3NlZCIKICAgICAgfSwKICAgICAgewogICAgICAgICJ3aGVuIjogInRlYXJkb3duIiwKICAgICAgICAib3V0Y29tZSI6ICJwYXNz
2026-09-10T08:15:36.8400552Z GO_EVIDENCE_B64 ZWQiCiAgICAgIH0KICAgIF0sCiAgICAidGVzdHMvdGVzdF9zcHJpbnQzdF9ydW50aW1lX29ic2VydmFiaWxpdHkucHk6OnRlc3RfaGVhbHRoeV9ydW50aW1lX2tlZXBzX3Byb21vdGlvbl9vcGVuIjogWwogICAgICB7CiAgICAgICAgIndoZW4iOiAic2V0dXAiLAogICAgICAgICJvdXRjb21lIjogInBhc3NlZCIKICAgICAgfSwKICAgICAgewogICAgICAgICJ3aGVuIjogImNhbGwiLAogICAgICAgICJvdXRjb21lIjogInBhc3NlZCIKICAgICAgfSwKICAgICAgewogICAgICAgICJ3aGVuIjogInRlYXJkb3duIiwKICAgICAgICAi
2026-09-10T08:15:36.8405999Z GO_EVIDENCE_B64 b3V0Y29tZSI6ICJwYXNzZWQiCiAgICAgIH0KICAgIF0sCiAgICAidGVzdHMvdGVzdF9zcHJpbnQzdF9ydW50aW1lX29ic2VydmFiaWxpdHkucHk6OnRlc3RfYnVybl9yYXRlX2JyZWFjaF9hdXRvX2ZyZWV6ZXNfYW5kX3JlY29tbWVuZHNfbm90X2V4ZWN1dGVzX3JvbGxiYWNrIjogWwogICAgICB7CiAgICAgICAgIndoZW4iOiAic2V0dXAiLAogICAgICAgICJvdXRjb21lIjogInBhc3NlZCIKICAgICAgfSwKICAgICAgewogICAgICAgICJ3aGVuIjogImNhbGwiLAogICAgICAgICJvdXRjb21lIjogInBhc3NlZCIKICAgICAgfSwK
2026-09-10T08:15:36.8411515Z GO_EVIDENCE_B64 ICAgICAgewogICAgICAgICJ3aGVuIjogInRlYXJkb3duIiwKICAgICAgICAib3V0Y29tZSI6ICJwYXNzZWQiCiAgICAgIH0KICAgIF0sCiAgICAidGVzdHMvdGVzdF9zcHJpbnQzdF9ydW50aW1lX29ic2VydmFiaWxpdHkucHk6OnRlc3RfZnJvemVuX3Byb2RfYmxvY2tzX25ld19wcm9tb3Rpb24iOiBbCiAgICAgIHsKICAgICAgICAid2hlbiI6ICJzZXR1cCIsCiAgICAgICAgIm91dGNvbWUiOiAicGFzc2VkIgogICAgICB9LAogICAgICB7CiAgICAgICAgIndoZW4iOiAiY2FsbCIsCiAgICAgICAgIm91dGNvbWUiOiAicGFzc2Vk
2026-09-10T08:15:36.8416969Z GO_EVIDENCE_B64 IgogICAgICB9LAogICAgICB7CiAgICAgICAgIndoZW4iOiAidGVhcmRvd24iLAogICAgICAgICJvdXRjb21lIjogInBhc3NlZCIKICAgICAgfQogICAgXSwKICAgICJ0ZXN0cy90ZXN0X3NwcmludDN0X3J1bnRpbWVfb2JzZXJ2YWJpbGl0eS5weTo6dGVzdF9yZWxlYXNlX2NvcnJlbGF0ZWRfYW5vbWFseV9yZXF1aXJlc192ZXJpZmllZF9yZWxlYXNlIjogWwogICAgICB7CiAgICAgICAgIndoZW4iOiAic2V0dXAiLAogICAgICAgICJvdXRjb21lIjogInBhc3NlZCIKICAgICAgfSwKICAgICAgewogICAgICAgICJ3aGVuIjogImNh
2026-09-10T08:15:36.8422566Z GO_EVIDENCE_B64 bGwiLAogICAgICAgICJvdXRjb21lIjogInBhc3NlZCIKICAgICAgfSwKICAgICAgewogICAgICAgICJ3aGVuIjogInRlYXJkb3duIiwKICAgICAgICAib3V0Y29tZSI6ICJwYXNzZWQiCiAgICAgIH0KICAgIF0sCiAgICAidGVzdHMvdGVzdF9zcHJpbnQzdF9ydW50aW1lX29ic2VydmFiaWxpdHkucHk6OnRlc3RfdW5mcmVlemVfcmVxdWlyZXNfaGVhbHRoeV9hc3Nlc3NtZW50X2FuZF9ldmlkZW5jZSI6IFsKICAgICAgewogICAgICAgICJ3aGVuIjogInNldHVwIiwKICAgICAgICAib3V0Y29tZSI6ICJwYXNzZWQiCiAgICAgIH0s
2026-09-10T08:15:36.8428149Z GO_EVIDENCE_B64 CiAgICAgIHsKICAgICAgICAid2hlbiI6ICJjYWxsIiwKICAgICAgICAib3V0Y29tZSI6ICJwYXNzZWQiCiAgICAgIH0sCiAgICAgIHsKICAgICAgICAid2hlbiI6ICJ0ZWFyZG93biIsCiAgICAgICAgIm91dGNvbWUiOiAicGFzc2VkIgogICAgICB9CiAgICBdLAogICAgInRlc3RzL3Rlc3Rfc3ByaW50M3RfcnVudGltZV9vYnNlcnZhYmlsaXR5LnB5Ojp0ZXN0X3JvbGxiYWNrX3JlY29tbWVuZGF0aW9uX2Fja25vd2xlZGdlbWVudF9pc19nb3Zlcm5hbmNlX29ubHkiOiBbCiAgICAgIHsKICAgICAgICAid2hlbiI6ICJzZXR1cCIs
2026-09-10T08:15:36.8433665Z GO_EVIDENCE_B64 CiAgICAgICAgIm91dGNvbWUiOiAicGFzc2VkIgogICAgICB9LAogICAgICB7CiAgICAgICAgIndoZW4iOiAiY2FsbCIsCiAgICAgICAgIm91dGNvbWUiOiAicGFzc2VkIgogICAgICB9LAogICAgICB7CiAgICAgICAgIndoZW4iOiAidGVhcmRvd24iLAogICAgICAgICJvdXRjb21lIjogInBhc3NlZCIKICAgICAgfQogICAgXSwKICAgICJ0ZXN0cy90ZXN0X3NwcmludDN4X2lkZW50aXR5X3JlaXNzdWFuY2UucHk6OnRlc3RfcmV2b2tlZF9pZGVudGl0eV9jYW5ub3RfYmVfcmVhY3RpdmF0ZWRfZGlyZWN0bHlfYW5kX3JlcXVpcmVz
2026-09-10T08:15:36.8439280Z GO_EVIDENCE_B64 X3JlaXNzdWFuY2UiOiBbCiAgICAgIHsKICAgICAgICAid2hlbiI6ICJzZXR1cCIsCiAgICAgICAgIm91dGNvbWUiOiAicGFzc2VkIgogICAgICB9LAogICAgICB7CiAgICAgICAgIndoZW4iOiAiY2FsbCIsCiAgICAgICAgIm91dGNvbWUiOiAicGFzc2VkIgogICAgICB9LAogICAgICB7CiAgICAgICAgIndoZW4iOiAidGVhcmRvd24iLAogICAgICAgICJvdXRjb21lIjogInBhc3NlZCIKICAgICAgfQogICAgXSwKICAgICJ0ZXN0cy90ZXN0X3NwcmludDN4X2lkZW50aXR5X3JlaXNzdWFuY2UucHk6OnRlc3RfYXR0ZXN0YXRpb25f
2026-09-10T08:15:36.8444783Z GO_EVIDENCE_B64 c2lnbmF0dXJlX2NoYWxsZW5nZV9iaW5kaW5nX2FuZF9yZXBsYXlfcHJvdGVjdGlvbiI6IFsKICAgICAgewogICAgICAgICJ3aGVuIjogInNldHVwIiwKICAgICAgICAib3V0Y29tZSI6ICJwYXNzZWQiCiAgICAgIH0sCiAgICAgIHsKICAgICAgICAid2hlbiI6ICJjYWxsIiwKICAgICAgICAib3V0Y29tZSI6ICJwYXNzZWQiCiAgICAgIH0sCiAgICAgIHsKICAgICAgICAid2hlbiI6ICJ0ZWFyZG93biIsCiAgICAgICAgIm91dGNvbWUiOiAicGFzc2VkIgogICAgICB9CiAgICBdLAogICAgInRlc3RzL3Rlc3Rfc3ByaW50M3hfaWRl
2026-09-10T08:15:36.8450634Z GO_EVIDENCE_B64 bnRpdHlfcmVpc3N1YW5jZS5weTo6dGVzdF9pbnZhbGlkX2F0dGVzdGF0aW9uX3NpZ25hdHVyZV9pc19ibG9ja2VkIjogWwogICAgICB7CiAgICAgICAgIndoZW4iOiAic2V0dXAiLAogICAgICAgICJvdXRjb21lIjogInBhc3NlZCIKICAgICAgfSwKICAgICAgewogICAgICAgICJ3aGVuIjogImNhbGwiLAogICAgICAgICJvdXRjb21lIjogInBhc3NlZCIKICAgICAgfSwKICAgICAgewogICAgICAgICJ3aGVuIjogInRlYXJkb3duIiwKICAgICAgICAib3V0Y29tZSI6ICJwYXNzZWQiCiAgICAgIH0KICAgIF0sCiAgICAidGVzdHMv
2026-09-10T08:15:36.8456112Z GO_EVIDENCE_B64 dGVzdF9zcHJpbnQzeF9pZGVudGl0eV9yZWlzc3VhbmNlLnB5Ojp0ZXN0X21ha2VyX2NoZWNrZXJfYW5kX2JyZWFrX2dsYXNzX3JlcXVpcmVfZXhwbGljaXRfYXBwcm92YWxfZXZpZGVuY2UiOiBbCiAgICAgIHsKICAgICAgICAid2hlbiI6ICJzZXR1cCIsCiAgICAgICAgIm91dGNvbWUiOiAicGFzc2VkIgogICAgICB9LAogICAgICB7CiAgICAgICAgIndoZW4iOiAiY2FsbCIsCiAgICAgICAgIm91dGNvbWUiOiAicGFzc2VkIgogICAgICB9LAogICAgICB7CiAgICAgICAgIndoZW4iOiAidGVhcmRvd24iLAogICAgICAgICJvdXRj
2026-09-10T08:15:36.8461658Z GO_EVIDENCE_B64 b21lIjogInBhc3NlZCIKICAgICAgfQogICAgXSwKICAgICJ0ZXN0cy90ZXN0X3NwcmludDN4X2lkZW50aXR5X3JlaXNzdWFuY2UucHk6OnRlc3RfaXNzdWVfY3JlYXRlc19uZXdfaWRlbnRpdHlfbGluZWFnZV9hbmRfcGVybWFuZW50X29sZF90b21ic3RvbmUiOiBbCiAgICAgIHsKICAgICAgICAid2hlbiI6ICJzZXR1cCIsCiAgICAgICAgIm91dGNvbWUiOiAicGFzc2VkIgogICAgICB9LAogICAgICB7CiAgICAgICAgIndoZW4iOiAiY2FsbCIsCiAgICAgICAgIm91dGNvbWUiOiAicGFzc2VkIgogICAgICB9LAogICAgICB7CiAg
2026-09-10T08:15:36.8467058Z GO_EVIDENCE_B64 ICAgICAgIndoZW4iOiAidGVhcmRvd24iLAogICAgICAgICJvdXRjb21lIjogInBhc3NlZCIKICAgICAgfQogICAgXSwKICAgICJ0ZXN0cy90ZXN0X3NwcmludDN4X2lkZW50aXR5X3JlaXNzdWFuY2UucHk6OnRlc3Rfb3Blbl9zZWN1cml0eV9pbmNpZGVudF9tdXN0X2JlX2NvbnRhaW5lZF9iZWZvcmVfcmVpc3N1YW5jZV9pc3N1ZSI6IFsKICAgICAgewogICAgICAgICJ3aGVuIjogInNldHVwIiwKICAgICAgICAib3V0Y29tZSI6ICJwYXNzZWQiCiAgICAgIH0sCiAgICAgIHsKICAgICAgICAid2hlbiI6ICJjYWxsIiwKICAgICAg
2026-09-10T08:15:36.8472552Z GO_EVIDENCE_B64 ICAib3V0Y29tZSI6ICJwYXNzZWQiCiAgICAgIH0sCiAgICAgIHsKICAgICAgICAid2hlbiI6ICJ0ZWFyZG93biIsCiAgICAgICAgIm91dGNvbWUiOiAicGFzc2VkIgogICAgICB9CiAgICBdLAogICAgInRlc3RzL3Rlc3Rfc3ByaW50M3hfaWRlbnRpdHlfcmVpc3N1YW5jZS5weTo6dGVzdF9yZXBsYWNlbWVudF9pZGVudGl0eV9yZWpvaW5zX2F1dG9tYXRpb25fcXVvcnVtX29ubHlfYWZ0ZXJfbmV3X3NpZ25lZF90ZWxlbWV0cnkiOiBbCiAgICAgIHsKICAgICAgICAid2hlbiI6ICJzZXR1cCIsCiAgICAgICAgIm91dGNvbWUiOiAi
2026-09-10T08:15:36.8478099Z GO_EVIDENCE_B64 cGFzc2VkIgogICAgICB9LAogICAgICB7CiAgICAgICAgIndoZW4iOiAiY2FsbCIsCiAgICAgICAgIm91dGNvbWUiOiAicGFzc2VkIgogICAgICB9LAogICAgICB7CiAgICAgICAgIndoZW4iOiAidGVhcmRvd24iLAogICAgICAgICJvdXRjb21lIjogInBhc3NlZCIKICAgICAgfQogICAgXSwKICAgICJ0ZXN0cy90ZXN0X3NwcmludDN4X2lkZW50aXR5X3JlaXNzdWFuY2UucHk6OnRlc3RfcmVpc3N1YW5jZV9zdGF0dXNfZXhwb3Nlc19yZXF1ZXN0X2xpbmVhZ2VfdG9tYnN0b25lX2FuZF9jYWNoZV9lcG9jaCI6IFsKICAgICAgewog
2026-09-10T08:15:36.8483570Z GO_EVIDENCE_B64 ICAgICAgICJ3aGVuIjogInNldHVwIiwKICAgICAgICAib3V0Y29tZSI6ICJwYXNzZWQiCiAgICAgIH0sCiAgICAgIHsKICAgICAgICAid2hlbiI6ICJjYWxsIiwKICAgICAgICAib3V0Y29tZSI6ICJwYXNzZWQiCiAgICAgIH0sCiAgICAgIHsKICAgICAgICAid2hlbiI6ICJ0ZWFyZG93biIsCiAgICAgICAgIm91dGNvbWUiOiAicGFzc2VkIgogICAgICB9CiAgICBdLAogICAgInRlc3RzL3Rlc3Rfc3ByaW50NGNfd2l0bmVzc19pbmRlcGVuZGVuY2VfZHIucHk6OnRlc3Rfc2FtZV9vcGVyYXRvcl93aXRuZXNzZXNfZG9fbm90X2Nv
2026-09-10T08:15:36.8489118Z GO_EVIDENCE_B64 dW50X2FzX2luZGVwZW5kZW50X3F1b3J1bSI6IFsKICAgICAgewogICAgICAgICJ3aGVuIjogInNldHVwIiwKICAgICAgICAib3V0Y29tZSI6ICJwYXNzZWQiCiAgICAgIH0sCiAgICAgIHsKICAgICAgICAid2hlbiI6ICJjYWxsIiwKICAgICAgICAib3V0Y29tZSI6ICJwYXNzZWQiCiAgICAgIH0sCiAgICAgIHsKICAgICAgICAid2hlbiI6ICJ0ZWFyZG93biIsCiAgICAgICAgIm91dGNvbWUiOiAicGFzc2VkIgogICAgICB9CiAgICBdLAogICAgInRlc3RzL3Rlc3Rfc3ByaW50NGNfd2l0bmVzc19pbmRlcGVuZGVuY2VfZHIucHk6
2026-09-10T08:15:36.8494549Z GO_EVIDENCE_B64 OnRlc3RfaW5kZXBlbmRlbnRfb3BlcmF0b3JfZmFpbHVyZV9kb21haW5fcXVvcnVtX3Bhc3NlcyI6IFsKICAgICAgewogICAgICAgICJ3aGVuIjogInNldHVwIiwKICAgICAgICAib3V0Y29tZSI6ICJwYXNzZWQiCiAgICAgIH0sCiAgICAgIHsKICAgICAgICAid2hlbiI6ICJjYWxsIiwKICAgICAgICAib3V0Y29tZSI6ICJwYXNzZWQiCiAgICAgIH0sCiAgICAgIHsKICAgICAgICAid2hlbiI6ICJ0ZWFyZG93biIsCiAgICAgICAgIm91dGNvbWUiOiAicGFzc2VkIgogICAgICB9CiAgICBdLAogICAgInRlc3RzL3Rlc3Rfc3ByaW50
2026-09-10T08:15:36.8502401Z GO_EVIDENCE_B64 NGNfd2l0bmVzc19pbmRlcGVuZGVuY2VfZHIucHk6OnRlc3RfY3Jvc3Nfb3BlcmF0b3JfZ29zc2lwX2RldGVjdHNfc3BsaXRfdmlld19hbmRfb3BlbnNfaW5jaWRlbnQiOiBbCiAgICAgIHsKICAgICAgICAid2hlbiI6ICJzZXR1cCIsCiAgICAgICAgIm91dGNvbWUiOiAicGFzc2VkIgogICAgICB9LAogICAgICB7CiAgICAgICAgIndoZW4iOiAiY2FsbCIsCiAgICAgICAgIm91dGNvbWUiOiAicGFzc2VkIgogICAgICB9LAogICAgICB7CiAgICAgICAgIndoZW4iOiAidGVhcmRvd24iLAogICAgICAgICJvdXRjb21lIjogInBhc3Nl
2026-09-10T08:15:36.8508375Z GO_EVIDENCE_B64 ZCIKICAgICAgfQogICAgXSwKICAgICJ0ZXN0cy90ZXN0X3NwcmludDRjX3dpdG5lc3NfaW5kZXBlbmRlbmNlX2RyLnB5Ojp0ZXN0X2NoZWNrcG9pbnRfYXJjaGl2ZV9yZWJ1aWxkX2lzX3B1YmxpY2x5X3ZlcmlmaWFibGUiOiBbCiAgICAgIHsKICAgICAgICAid2hlbiI6ICJzZXR1cCIsCiAgICAgICAgIm91dGNvbWUiOiAicGFzc2VkIgogICAgICB9LAogICAgICB7CiAgICAgICAgIndoZW4iOiAiY2FsbCIsCiAgICAgICAgIm91dGNvbWUiOiAicGFzc2VkIgogICAgICB9LAogICAgICB7CiAgICAgICAgIndoZW4iOiAidGVhcmRv
2026-09-10T08:15:36.8513887Z GO_EVIDENCE_B64 d24iLAogICAgICAgICJvdXRjb21lIjogInBhc3NlZCIKICAgICAgfQogICAgXSwKICAgICJ0ZXN0cy90ZXN0X3NwcmludDRjX3dpdG5lc3NfaW5kZXBlbmRlbmNlX2RyLnB5Ojp0ZXN0X29wZW5fcmVnaW9uX2Rpc2FzdGVyX2ZvcmNlc180YV9mYWlsX3NhZmUiOiBbCiAgICAgIHsKICAgICAgICAid2hlbiI6ICJzZXR1cCIsCiAgICAgICAgIm91dGNvbWUiOiAicGFzc2VkIgogICAgICB9LAogICAgICB7CiAgICAgICAgIndoZW4iOiAiY2FsbCIsCiAgICAgICAgIm91dGNvbWUiOiAicGFzc2VkIgogICAgICB9LAogICAgICB7CiAg
2026-09-10T08:15:36.8519480Z GO_EVIDENCE_B64 ICAgICAgIndoZW4iOiAidGVhcmRvd24iLAogICAgICAgICJvdXRjb21lIjogInBhc3NlZCIKICAgICAgfQogICAgXSwKICAgICJ0ZXN0cy90ZXN0X3NwcmludDRjX3dpdG5lc3NfaW5kZXBlbmRlbmNlX2RyLnB5Ojp0ZXN0X3Byb3ZpZGVyX2Rpc2FzdGVyX3JlYnVpbGRfcmVxdWlyZXNfaW5kZXBlbmRlbnRfd2l0bmVzc2VzIjogWwogICAgICB7CiAgICAgICAgIndoZW4iOiAic2V0dXAiLAogICAgICAgICJvdXRjb21lIjogInBhc3NlZCIKICAgICAgfSwKICAgICAgewogICAgICAgICJ3aGVuIjogImNhbGwiLAogICAgICAgICJv
2026-09-10T08:15:36.8524978Z GO_EVIDENCE_B64 dXRjb21lIjogInBhc3NlZCIKICAgICAgfSwKICAgICAgewogICAgICAgICJ3aGVuIjogInRlYXJkb3duIiwKICAgICAgICAib3V0Y29tZSI6ICJwYXNzZWQiCiAgICAgIH0KICAgIF0sCiAgICAidGVzdHMvdGVzdF9zcHJpbnQ0Y193aXRuZXNzX2luZGVwZW5kZW5jZV9kci5weTo6dGVzdF9kaXNhc3Rlcl9jb21wbGV0aW9uX3JlcXVpcmVzX2V2ZXJ5X2FmZmVjdGVkX3JlZ2lvbl9yZWJ1aWx0IjogWwogICAgICB7CiAgICAgICAgIndoZW4iOiAic2V0dXAiLAogICAgICAgICJvdXRjb21lIjogInBhc3NlZCIKICAgICAgfSwKICAg
2026-09-10T08:15:36.8530624Z GO_EVIDENCE_B64 ICAgewogICAgICAgICJ3aGVuIjogImNhbGwiLAogICAgICAgICJvdXRjb21lIjogInBhc3NlZCIKICAgICAgfSwKICAgICAgewogICAgICAgICJ3aGVuIjogInRlYXJkb3duIiwKICAgICAgICAib3V0Y29tZSI6ICJwYXNzZWQiCiAgICAgIH0KICAgIF0sCiAgICAidGVzdHMvdGVzdF9zcHJpbnQ0Y193aXRuZXNzX2luZGVwZW5kZW5jZV9kci5weTo6dGVzdF9kcmlsbF9yZWNvcmRzX3JlY292ZXJ5X2V2aWRlbmNlX2FmdGVyX3ZlcmlmaWVkX3JlYnVpbGQiOiBbCiAgICAgIHsKICAgICAgICAid2hlbiI6ICJzZXR1cCIsCiAgICAg
2026-09-10T08:15:36.8536178Z GO_EVIDENCE_B64 ICAgIm91dGNvbWUiOiAicGFzc2VkIgogICAgICB9LAogICAgICB7CiAgICAgICAgIndoZW4iOiAiY2FsbCIsCiAgICAgICAgIm91dGNvbWUiOiAicGFzc2VkIgogICAgICB9LAogICAgICB7CiAgICAgICAgIndoZW4iOiAidGVhcmRvd24iLAogICAgICAgICJvdXRjb21lIjogInBhc3NlZCIKICAgICAgfQogICAgXSwKICAgICJ0ZXN0cy90ZXN0X3NwcmludDRtX3N0YXRpc3RpY2FsX21vZGVsX2dvdmVybmFuY2UucHk6OnRlc3RfcG9saWN5X3JlcXVpcmVzX3R3b19kaXN0aW5jdF9hcHByb3ZlcnMiOiBbCiAgICAgIHsKICAgICAg
2026-09-10T08:15:36.8541854Z GO_EVIDENCE_B64 ICAid2hlbiI6ICJzZXR1cCIsCiAgICAgICAgIm91dGNvbWUiOiAicGFzc2VkIgogICAgICB9LAogICAgICB7CiAgICAgICAgIndoZW4iOiAiY2FsbCIsCiAgICAgICAgIm91dGNvbWUiOiAicGFzc2VkIgogICAgICB9LAogICAgICB7CiAgICAgICAgIndoZW4iOiAidGVhcmRvd24iLAogICAgICAgICJvdXRjb21lIjogInBhc3NlZCIKICAgICAgfQogICAgXSwKICAgICJ0ZXN0cy90ZXN0X3NwcmludDRtX3N0YXRpc3RpY2FsX21vZGVsX2dvdmVybmFuY2UucHk6OnRlc3RfbGVnYWN5X3Byb21vdGlvbl9pc19ibG9ja2VkX3doZW5f
2026-09-10T08:15:36.8547406Z GO_EVIDENCE_B64 NG1fcG9saWN5X2FjdGl2ZSI6IFsKICAgICAgewogICAgICAgICJ3aGVuIjogInNldHVwIiwKICAgICAgICAib3V0Y29tZSI6ICJwYXNzZWQiCiAgICAgIH0sCiAgICAgIHsKICAgICAgICAid2hlbiI6ICJjYWxsIiwKICAgICAgICAib3V0Y29tZSI6ICJwYXNzZWQiCiAgICAgIH0sCiAgICAgIHsKICAgICAgICAid2hlbiI6ICJ0ZWFyZG93biIsCiAgICAgICAgIm91dGNvbWUiOiAicGFzc2VkIgogICAgICB9CiAgICBdLAogICAgInRlc3RzL3Rlc3Rfc3ByaW50NG1fc3RhdGlzdGljYWxfbW9kZWxfZ292ZXJuYW5jZS5weTo6dGVz
2026-09-10T08:15:36.8553382Z GO_EVIDENCE_B64 dF9zaWduaWZpY2FuY2VfYW5kX21pbmltdW1fZWZmZWN0X3NpemVfZ2F0ZV9ib3RoX2hvcml6b25zX2FuZF9zZWdtZW50cyI6IFsKICAgICAgewogICAgICAgICJ3aGVuIjogInNldHVwIiwKICAgICAgICAib3V0Y29tZSI6ICJwYXNzZWQiCiAgICAgIH0sCiAgICAgIHsKICAgICAgICAid2hlbiI6ICJjYWxsIiwKICAgICAgICAib3V0Y29tZSI6ICJwYXNzZWQiCiAgICAgIH0sCiAgICAgIHsKICAgICAgICAid2hlbiI6ICJ0ZWFyZG93biIsCiAgICAgICAgIm91dGNvbWUiOiAicGFzc2VkIgogICAgICB9CiAgICBdLAogICAgInRl
2026-09-10T08:15:36.8558943Z GO_EVIDENCE_B64 c3RzL3Rlc3Rfc3ByaW50NG1fc3RhdGlzdGljYWxfbW9kZWxfZ292ZXJuYW5jZS5weTo6dGVzdF9zYW1wbGVfb3JfZWZmZWN0X3Nob3J0ZmFsbF9ibG9ja3Nfc3RhdGlzdGljYWxfZ2F0ZSI6IFsKICAgICAgewogICAgICAgICJ3aGVuIjogInNldHVwIiwKICAgICAgICAib3V0Y29tZSI6ICJwYXNzZWQiCiAgICAgIH0sCiAgICAgIHsKICAgICAgICAid2hlbiI6ICJjYWxsIiwKICAgICAgICAib3V0Y29tZSI6ICJwYXNzZWQiCiAgICAgIH0sCiAgICAgIHsKICAgICAgICAid2hlbiI6ICJ0ZWFyZG93biIsCiAgICAgICAgIm91dGNv
2026-09-10T08:15:36.8564364Z GO_EVIDENCE_B64 bWUiOiAicGFzc2VkIgogICAgICB9CiAgICBdLAogICAgInRlc3RzL3Rlc3Rfc3ByaW50NG1fc3RhdGlzdGljYWxfbW9kZWxfZ292ZXJuYW5jZS5weTo6dGVzdF9zdGFiaWxpdHlfd2luZG93X2FuZF9zZWdtZW50X2NvbnNpc3RlbmN5X3JlcXVpcmVkX2JlZm9yZV9wcm9tb3Rpb24iOiBbCiAgICAgIHsKICAgICAgICAid2hlbiI6ICJzZXR1cCIsCiAgICAgICAgIm91dGNvbWUiOiAicGFzc2VkIgogICAgICB9LAogICAgICB7CiAgICAgICAgIndoZW4iOiAiY2FsbCIsCiAgICAgICAgIm91dGNvbWUiOiAicGFzc2VkIgogICAgICB9
2026-09-10T08:15:36.8569939Z GO_EVIDENCE_B64 LAogICAgICB7CiAgICAgICAgIndoZW4iOiAidGVhcmRvd24iLAogICAgICAgICJvdXRjb21lIjogInBhc3NlZCIKICAgICAgfQogICAgXSwKICAgICJ0ZXN0cy90ZXN0X3NwcmludDRtX3N0YXRpc3RpY2FsX21vZGVsX2dvdmVybmFuY2UucHk6OnRlc3RfZnVsbF9nYXRlX3Byb21vdGVzX2ludG9fcHJvYmF0aW9uX25vdF9zdGFibGVfZGlyZWN0bHkiOiBbCiAgICAgIHsKICAgICAgICAid2hlbiI6ICJzZXR1cCIsCiAgICAgICAgIm91dGNvbWUiOiAicGFzc2VkIgogICAgICB9LAogICAgICB7CiAgICAgICAgIndoZW4iOiAiY2Fs
2026-09-10T08:15:36.8575440Z GO_EVIDENCE_B64 bCIsCiAgICAgICAgIm91dGNvbWUiOiAicGFzc2VkIgogICAgICB9LAogICAgICB7CiAgICAgICAgIndoZW4iOiAidGVhcmRvd24iLAogICAgICAgICJvdXRjb21lIjogInBhc3NlZCIKICAgICAgfQogICAgXSwKICAgICJ0ZXN0cy90ZXN0X3NwcmludDRtX3N0YXRpc3RpY2FsX21vZGVsX2dvdmVybmFuY2UucHk6OnRlc3RfcHJvYmF0aW9uX3JlZ3Jlc3Npb25fYXV0b21hdGljYWxseV9yb2xsc19iYWNrX3ByZXZpb3VzX2NoYW1waW9uIjogWwogICAgICB7CiAgICAgICAgIndoZW4iOiAic2V0dXAiLAogICAgICAgICJvdXRjb21l
2026-09-10T08:15:36.8581084Z GO_EVIDENCE_B64 IjogInBhc3NlZCIKICAgICAgfSwKICAgICAgewogICAgICAgICJ3aGVuIjogImNhbGwiLAogICAgICAgICJvdXRjb21lIjogInBhc3NlZCIKICAgICAgfSwKICAgICAgewogICAgICAgICJ3aGVuIjogInRlYXJkb3duIiwKICAgICAgICAib3V0Y29tZSI6ICJwYXNzZWQiCiAgICAgIH0KICAgIF0sCiAgICAidGVzdHMvdGVzdF9zcHJpbnQ0bV9zdGF0aXN0aWNhbF9tb2RlbF9nb3Zlcm5hbmNlLnB5Ojp0ZXN0X3Byb2JhdGlvbl9iZWNvbWVzX3N0YWJsZV9vbmx5X2FmdGVyX3dpbmRvd19hbmRfbm9fcmVncmVzc2lvbiI6IFsKICAg
2026-09-10T08:15:36.8586650Z GO_EVIDENCE_B64 ICAgewogICAgICAgICJ3aGVuIjogInNldHVwIiwKICAgICAgICAib3V0Y29tZSI6ICJwYXNzZWQiCiAgICAgIH0sCiAgICAgIHsKICAgICAgICAid2hlbiI6ICJjYWxsIiwKICAgICAgICAib3V0Y29tZSI6ICJwYXNzZWQiCiAgICAgIH0sCiAgICAgIHsKICAgICAgICAid2hlbiI6ICJ0ZWFyZG93biIsCiAgICAgICAgIm91dGNvbWUiOiAicGFzc2VkIgogICAgICB9CiAgICBdLAogICAgInRlc3RzL3Rlc3Rfc3ByaW50NG9fZm9yZWNhc3RfdHJhaW5pbmdfZ292ZXJuYW5jZS5weTo6dGVzdF9wb2xpY3lfbWFrZXJfY2hlY2tlciI6
2026-09-10T08:15:36.8592368Z GO_EVIDENCE_B64 IFsKICAgICAgewogICAgICAgICJ3aGVuIjogInNldHVwIiwKICAgICAgICAib3V0Y29tZSI6ICJwYXNzZWQiCiAgICAgIH0sCiAgICAgIHsKICAgICAgICAid2hlbiI6ICJjYWxsIiwKICAgICAgICAib3V0Y29tZSI6ICJwYXNzZWQiCiAgICAgIH0sCiAgICAgIHsKICAgICAgICAid2hlbiI6ICJ0ZWFyZG93biIsCiAgICAgICAgIm91dGNvbWUiOiAicGFzc2VkIgogICAgICB9CiAgICBdLAogICAgInRlc3RzL3Rlc3Rfc3ByaW50NG9fZm9yZWNhc3RfdHJhaW5pbmdfZ292ZXJuYW5jZS5weTo6dGVzdF9mZWF0dXJlX3JlZ2lzdHJ5
2026-09-10T08:15:36.8597963Z GO_EVIDENCE_B64 X2FuZF9kYXRhc2V0X3NuYXBzaG90X2FyZV92ZXJzaW9uZWRfYW5kX2hhc2hlZCI6IFsKICAgICAgewogICAgICAgICJ3aGVuIjogInNldHVwIiwKICAgICAgICAib3V0Y29tZSI6ICJwYXNzZWQiCiAgICAgIH0sCiAgICAgIHsKICAgICAgICAid2hlbiI6ICJjYWxsIiwKICAgICAgICAib3V0Y29tZSI6ICJwYXNzZWQiCiAgICAgIH0sCiAgICAgIHsKICAgICAgICAid2hlbiI6ICJ0ZWFyZG93biIsCiAgICAgICAgIm91dGNvbWUiOiAicGFzc2VkIgogICAgICB9CiAgICBdLAogICAgInRlc3RzL3Rlc3Rfc3ByaW50NG9fZm9yZWNh
2026-09-10T08:15:36.8603547Z GO_EVIDENCE_B64 c3RfdHJhaW5pbmdfZ292ZXJuYW5jZS5weTo6dGVzdF90cmFpbmluZ19kYXRhX3F1YWxpdHlfZ2F0ZV9ibG9ja3NfYmFkX2RhdGEiOiBbCiAgICAgIHsKICAgICAgICAid2hlbiI6ICJzZXR1cCIsCiAgICAgICAgIm91dGNvbWUiOiAicGFzc2VkIgogICAgICB9LAogICAgICB7CiAgICAgICAgIndoZW4iOiAiY2FsbCIsCiAgICAgICAgIm91dGNvbWUiOiAicGFzc2VkIgogICAgICB9LAogICAgICB7CiAgICAgICAgIndoZW4iOiAidGVhcmRvd24iLAogICAgICAgICJvdXRjb21lIjogInBhc3NlZCIKICAgICAgfQogICAgXSwKICAg
2026-09-10T08:15:36.8609253Z GO_EVIDENCE_B64 ICJ0ZXN0cy90ZXN0X3NwcmludDRvX2ZvcmVjYXN0X3RyYWluaW5nX2dvdmVybmFuY2UucHk6OnRlc3RfbGluZWFnZV9hbmRfbWFuaWZlc3RfYmluZF9kYXRhc2V0X2ZlYXR1cmVzX2NvZGVfYW5kX3NlZWQiOiBbCiAgICAgIHsKICAgICAgICAid2hlbiI6ICJzZXR1cCIsCiAgICAgICAgIm91dGNvbWUiOiAicGFzc2VkIgogICAgICB9LAogICAgICB7CiAgICAgICAgIndoZW4iOiAiY2FsbCIsCiAgICAgICAgIm91dGNvbWUiOiAicGFzc2VkIgogICAgICB9LAogICAgICB7CiAgICAgICAgIndoZW4iOiAidGVhcmRvd24iLAogICAg
2026-09-10T08:15:36.8614694Z GO_EVIDENCE_B64 ICAgICJvdXRjb21lIjogInBhc3NlZCIKICAgICAgfQogICAgXSwKICAgICJ0ZXN0cy90ZXN0X3NwcmludDRvX2ZvcmVjYXN0X3RyYWluaW5nX2dvdmVybmFuY2UucHk6OnRlc3RfcmVwcm9kdWNpYmlsaXR5X21pc21hdGNoX2Jsb2Nrc19tb2RlbF9idWlsZCI6IFsKICAgICAgewogICAgICAgICJ3aGVuIjogInNldHVwIiwKICAgICAgICAib3V0Y29tZSI6ICJwYXNzZWQiCiAgICAgIH0sCiAgICAgIHsKICAgICAgICAid2hlbiI6ICJjYWxsIiwKICAgICAgICAib3V0Y29tZSI6ICJwYXNzZWQiCiAgICAgIH0sCiAgICAgIHsKICAg
2026-09-10T08:15:36.8620224Z GO_EVIDENCE_B64 ICAgICAid2hlbiI6ICJ0ZWFyZG93biIsCiAgICAgICAgIm91dGNvbWUiOiAicGFzc2VkIgogICAgICB9CiAgICBdLAogICAgInRlc3RzL3Rlc3Rfc3ByaW50NG9fZm9yZWNhc3RfdHJhaW5pbmdfZ292ZXJuYW5jZS5weTo6dGVzdF9yZXByb2R1Y2libGVfYnVpbGRfYmVjb21lc19lbGlnaWJsZSI6IFsKICAgICAgewogICAgICAgICJ3aGVuIjogInNldHVwIiwKICAgICAgICAib3V0Y29tZSI6ICJwYXNzZWQiCiAgICAgIH0sCiAgICAgIHsKICAgICAgICAid2hlbiI6ICJjYWxsIiwKICAgICAgICAib3V0Y29tZSI6ICJwYXNzZWQi
2026-09-10T08:15:36.8625606Z GO_EVIDENCE_B64 CiAgICAgIH0sCiAgICAgIHsKICAgICAgICAid2hlbiI6ICJ0ZWFyZG93biIsCiAgICAgICAgIm91dGNvbWUiOiAicGFzc2VkIgogICAgICB9CiAgICBdLAogICAgInRlc3RzL3Rlc3Rfc3ByaW50NG9fZm9yZWNhc3RfdHJhaW5pbmdfZ292ZXJuYW5jZS5weTo6dGVzdF80bF9iYWNrdGVzdF9yZXF1aXJlc180b19yZXByb2R1Y2libGVfYnVpbGRfd2hlbl9wb2xpY3lfYWN0aXZlIjogWwogICAgICB7CiAgICAgICAgIndoZW4iOiAic2V0dXAiLAogICAgICAgICJvdXRjb21lIjogInBhc3NlZCIKICAgICAgfSwKICAgICAgewogICAg
2026-09-10T08:15:36.8631162Z GO_EVIDENCE_B64 ICAgICJ3aGVuIjogImNhbGwiLAogICAgICAgICJvdXRjb21lIjogInBhc3NlZCIKICAgICAgfSwKICAgICAgewogICAgICAgICJ3aGVuIjogInRlYXJkb3duIiwKICAgICAgICAib3V0Y29tZSI6ICJwYXNzZWQiCiAgICAgIH0KICAgIF0sCiAgICAidGVzdHMvdGVzdF9zcHJpbnQ0b19mb3JlY2FzdF90cmFpbmluZ19nb3Zlcm5hbmNlLnB5Ojp0ZXN0X3N1cHBsaWVyX2ZhY3RfYm91bmRhcnkiOiBbCiAgICAgIHsKICAgICAgICAid2hlbiI6ICJzZXR1cCIsCiAgICAgICAgIm91dGNvbWUiOiAicGFzc2VkIgogICAgICB9LAogICAg
2026-09-10T08:15:36.8636653Z GO_EVIDENCE_B64 ICB7CiAgICAgICAgIndoZW4iOiAiY2FsbCIsCiAgICAgICAgIm91dGNvbWUiOiAicGFzc2VkIgogICAgICB9LAogICAgICB7CiAgICAgICAgIndoZW4iOiAidGVhcmRvd24iLAogICAgICAgICJvdXRjb21lIjogInBhc3NlZCIKICAgICAgfQogICAgXSwKICAgICJ0ZXN0cy90ZXN0X3NwcmludDR1X3NlZ21lbnRfcmVtZWRpYXRpb24ucHk6OnRlc3RfcG9saWN5X3JlcXVpcmVzX21ha2VyX2NoZWNrZXIiOiBbCiAgICAgIHsKICAgICAgICAid2hlbiI6ICJzZXR1cCIsCiAgICAgICAgIm91dGNvbWUiOiAicGFzc2VkIgogICAgICB9
2026-09-10T08:15:36.8642251Z GO_EVIDENCE_B64 LAogICAgICB7CiAgICAgICAgIndoZW4iOiAiY2FsbCIsCiAgICAgICAgIm91dGNvbWUiOiAicGFzc2VkIgogICAgICB9LAogICAgICB7CiAgICAgICAgIndoZW4iOiAidGVhcmRvd24iLAogICAgICAgICJvdXRjb21lIjogInBhc3NlZCIKICAgICAgfQogICAgXSwKICAgICJ0ZXN0cy90ZXN0X3NwcmludDR1X3NlZ21lbnRfcmVtZWRpYXRpb24ucHk6OnRlc3RfdGFyZ2V0X2JpbmRzX29yaWdpbmFsX2ZhaWxlZF9zZWdtZW50IjogWwogICAgICB7CiAgICAgICAgIndoZW4iOiAic2V0dXAiLAogICAgICAgICJvdXRjb21lIjogInBh
2026-09-10T08:15:36.8647891Z GO_EVIDENCE_B64 c3NlZCIKICAgICAgfSwKICAgICAgewogICAgICAgICJ3aGVuIjogImNhbGwiLAogICAgICAgICJvdXRjb21lIjogInBhc3NlZCIKICAgICAgfSwKICAgICAgewogICAgICAgICJ3aGVuIjogInRlYXJkb3duIiwKICAgICAgICAib3V0Y29tZSI6ICJwYXNzZWQiCiAgICAgIH0KICAgIF0sCiAgICAidGVzdHMvdGVzdF9zcHJpbnQ0dV9zZWdtZW50X3JlbWVkaWF0aW9uLnB5Ojp0ZXN0X3RhcmdldF9ub3RfcmVwYWlyZWRfaXNfaW5lZmZlY3RpdmUiOiBbCiAgICAgIHsKICAgICAgICAid2hlbiI6ICJzZXR1cCIsCiAgICAgICAgIm91
2026-09-10T08:15:36.8653444Z GO_EVIDENCE_B64 dGNvbWUiOiAicGFzc2VkIgogICAgICB9LAogICAgICB7CiAgICAgICAgIndoZW4iOiAiY2FsbCIsCiAgICAgICAgIm91dGNvbWUiOiAicGFzc2VkIgogICAgICB9LAogICAgICB7CiAgICAgICAgIndoZW4iOiAidGVhcmRvd24iLAogICAgICAgICJvdXRjb21lIjogInBhc3NlZCIKICAgICAgfQogICAgXSwKICAgICJ0ZXN0cy90ZXN0X3NwcmludDR1X3NlZ21lbnRfcmVtZWRpYXRpb24ucHk6OnRlc3RfdGFyZ2V0X3JlcGFpcl93aXRob3V0X3JlZ3Jlc3Npb25faXNfZWZmZWN0aXZlIjogWwogICAgICB7CiAgICAgICAgIndoZW4i
2026-09-10T08:15:36.8659428Z GO_EVIDENCE_B64 OiAic2V0dXAiLAogICAgICAgICJvdXRjb21lIjogInBhc3NlZCIKICAgICAgfSwKICAgICAgewogICAgICAgICJ3aGVuIjogImNhbGwiLAogICAgICAgICJvdXRjb21lIjogInBhc3NlZCIKICAgICAgfSwKICAgICAgewogICAgICAgICJ3aGVuIjogInRlYXJkb3duIiwKICAgICAgICAib3V0Y29tZSI6ICJwYXNzZWQiCiAgICAgIH0KICAgIF0sCiAgICAidGVzdHMvdGVzdF9zcHJpbnQ0dV9zZWdtZW50X3JlbWVkaWF0aW9uLnB5Ojp0ZXN0X2Nyb3NzX3NlZ21lbnRfcmVncmVzc2lvbl9ibG9ja3NfcHJvbW90aW9uIjogWwogICAg
2026-09-10T08:15:36.8665021Z GO_EVIDENCE_B64 ICB7CiAgICAgICAgIndoZW4iOiAic2V0dXAiLAogICAgICAgICJvdXRjb21lIjogInBhc3NlZCIKICAgICAgfSwKICAgICAgewogICAgICAgICJ3aGVuIjogImNhbGwiLAogICAgICAgICJvdXRjb21lIjogInBhc3NlZCIKICAgICAgfSwKICAgICAgewogICAgICAgICJ3aGVuIjogInRlYXJkb3duIiwKICAgICAgICAib3V0Y29tZSI6ICJwYXNzZWQiCiAgICAgIH0KICAgIF0sCiAgICAidGVzdHMvdGVzdF9zcHJpbnQ0dV9zZWdtZW50X3JlbWVkaWF0aW9uLnB5Ojp0ZXN0X3NldmVyZV9jcm9zc19zZWdtZW50X3JlZ3Jlc3Npb25f
2026-09-10T08:15:36.8670675Z GO_EVIDENCE_B64 aXNfaGFybWZ1bCI6IFsKICAgICAgewogICAgICAgICJ3aGVuIjogInNldHVwIiwKICAgICAgICAib3V0Y29tZSI6ICJwYXNzZWQiCiAgICAgIH0sCiAgICAgIHsKICAgICAgICAid2hlbiI6ICJjYWxsIiwKICAgICAgICAib3V0Y29tZSI6ICJwYXNzZWQiCiAgICAgIH0sCiAgICAgIHsKICAgICAgICAid2hlbiI6ICJ0ZWFyZG93biIsCiAgICAgICAgIm91dGNvbWUiOiAicGFzc2VkIgogICAgICB9CiAgICBdLAogICAgInRlc3RzL3Rlc3Rfc3ByaW50NHVfc2VnbWVudF9yZW1lZGlhdGlvbi5weTo6dGVzdF9yZWZyZXNoX2NoYWxs
2026-09-10T08:15:36.8676185Z GO_EVIDENCE_B64 ZW5nZXJfY2Fubm90X2J5cGFzc19yZW1lZGlhdGlvbl9nYXRlIjogWwogICAgICB7CiAgICAgICAgIndoZW4iOiAic2V0dXAiLAogICAgICAgICJvdXRjb21lIjogInBhc3NlZCIKICAgICAgfSwKICAgICAgewogICAgICAgICJ3aGVuIjogImNhbGwiLAogICAgICAgICJvdXRjb21lIjogInBhc3NlZCIKICAgICAgfSwKICAgICAgewogICAgICAgICJ3aGVuIjogInRlYXJkb3duIiwKICAgICAgICAib3V0Y29tZSI6ICJwYXNzZWQiCiAgICAgIH0KICAgIF0sCiAgICAidGVzdHMvdGVzdF9zcHJpbnQ0dV9zZWdtZW50X3JlbWVkaWF0
2026-09-10T08:15:36.8681764Z GO_EVIDENCE_B64 aW9uLnB5Ojp0ZXN0X2VmZmVjdGl2ZV9yZW1lZGlhdGlvbl91bmxvY2tzX3Byb21vdGlvbl9nYXRlX2FuZF9wcmVzZXJ2ZXNfc3VwcGxpZXJfZmFjdCI6IFsKICAgICAgewogICAgICAgICJ3aGVuIjogInNldHVwIiwKICAgICAgICAib3V0Y29tZSI6ICJwYXNzZWQiCiAgICAgIH0sCiAgICAgIHsKICAgICAgICAid2hlbiI6ICJjYWxsIiwKICAgICAgICAib3V0Y29tZSI6ICJwYXNzZWQiCiAgICAgIH0sCiAgICAgIHsKICAgICAgICAid2hlbiI6ICJ0ZWFyZG93biIsCiAgICAgICAgIm91dGNvbWUiOiAicGFzc2VkIgogICAgICB9
2026-09-10T08:15:36.8687215Z GO_EVIDENCE_B64 CiAgICBdLAogICAgInRlc3RzL3Rlc3RfdjYxX2FwcF9saWZlc3Bhbi5weTo6dGVzdF92NjFfYXBwX2RlY2xhcmVzX2xpZmVzcGFuX3dpdGhvdXRfZGVwcmVjYXRlZF9vbl9ldmVudF9oYW5kbGVycyI6IFsKICAgICAgewogICAgICAgICJ3aGVuIjogInNldHVwIiwKICAgICAgICAib3V0Y29tZSI6ICJwYXNzZWQiCiAgICAgIH0sCiAgICAgIHsKICAgICAgICAid2hlbiI6ICJjYWxsIiwKICAgICAgICAib3V0Y29tZSI6ICJwYXNzZWQiCiAgICAgIH0sCiAgICAgIHsKICAgICAgICAid2hlbiI6ICJ0ZWFyZG93biIsCiAgICAgICAg
2026-09-10T08:15:36.8692775Z GO_EVIDENCE_B64 Im91dGNvbWUiOiAicGFzc2VkIgogICAgICB9CiAgICBdLAogICAgInRlc3RzL3Rlc3RfdjYxX2FwcF9saWZlc3Bhbi5weTo6dGVzdF92NjFfbGlmZXNwYW5fcHJlc2VydmVzX2xlZ2FjeV9zdGFydHVwX2Jvb3RzdHJhcF9zZW1hbnRpY3MiOiBbCiAgICAgIHsKICAgICAgICAid2hlbiI6ICJzZXR1cCIsCiAgICAgICAgIm91dGNvbWUiOiAicGFzc2VkIgogICAgICB9LAogICAgICB7CiAgICAgICAgIndoZW4iOiAiY2FsbCIsCiAgICAgICAgIm91dGNvbWUiOiAicGFzc2VkIgogICAgICB9LAogICAgICB7CiAgICAgICAgIndoZW4i
2026-09-10T08:15:36.8698305Z GO_EVIDENCE_B64 OiAidGVhcmRvd24iLAogICAgICAgICJvdXRjb21lIjogInBhc3NlZCIKICAgICAgfQogICAgXSwKICAgICJ0ZXN0cy90ZXN0X3dhdmUwNF92NzBfcmVsZWFzZV9nYXRlX2NvbnRyYWN0LnB5Ojp0ZXN0X3Y3MF9pc191bmlxdWVfY29udHJvbGxpbmdfc29sdXRpb25fbWFzdGVyIjogWwogICAgICB7CiAgICAgICAgIndoZW4iOiAic2V0dXAiLAogICAgICAgICJvdXRjb21lIjogInBhc3NlZCIKICAgICAgfSwKICAgICAgewogICAgICAgICJ3aGVuIjogImNhbGwiLAogICAgICAgICJvdXRjb21lIjogInBhc3NlZCIKICAgICAgfSwK
2026-09-10T08:15:36.8703750Z GO_EVIDENCE_B64 ICAgICAgewogICAgICAgICJ3aGVuIjogInRlYXJkb3duIiwKICAgICAgICAib3V0Y29tZSI6ICJwYXNzZWQiCiAgICAgIH0KICAgIF0sCiAgICAidGVzdHMvdGVzdF93YXZlMDRfdjcwX3JlbGVhc2VfZ2F0ZV9jb250cmFjdC5weTo6dGVzdF9zb3VyY2VfY2FuZGlkYXRlX2hlYWRfaXNfMDExNF9hbmRfbm90X3N0YWdpbmdfZmFjdCI6IFsKICAgICAgewogICAgICAgICJ3aGVuIjogInNldHVwIiwKICAgICAgICAib3V0Y29tZSI6ICJwYXNzZWQiCiAgICAgIH0sCiAgICAgIHsKICAgICAgICAid2hlbiI6ICJjYWxsIiwKICAgICAg
2026-09-10T08:15:36.8709570Z GO_EVIDENCE_B64 ICAib3V0Y29tZSI6ICJwYXNzZWQiCiAgICAgIH0sCiAgICAgIHsKICAgICAgICAid2hlbiI6ICJ0ZWFyZG93biIsCiAgICAgICAgIm91dGNvbWUiOiAicGFzc2VkIgogICAgICB9CiAgICBdLAogICAgInRlc3RzL3Rlc3Rfd2F2ZTA0X3Y3MF9yZWxlYXNlX2dhdGVfY29udHJhY3QucHk6OnRlc3RfcmVsZWFzZV9jYW5kaWRhdGVfbWFuaWZlc3RfaGFzX3NhbWVfbWlncmF0aW9uX3RydXRoX3NwbGl0IjogWwogICAgICB7CiAgICAgICAgIndoZW4iOiAic2V0dXAiLAogICAgICAgICJvdXRjb21lIjogInBhc3NlZCIKICAgICAgfSwK
2026-09-10T08:15:36.8715081Z GO_EVIDENCE_B64 ICAgICAgewogICAgICAgICJ3aGVuIjogImNhbGwiLAogICAgICAgICJvdXRjb21lIjogInBhc3NlZCIKICAgICAgfSwKICAgICAgewogICAgICAgICJ3aGVuIjogInRlYXJkb3duIiwKICAgICAgICAib3V0Y29tZSI6ICJwYXNzZWQiCiAgICAgIH0KICAgIF0sCiAgICAidGVzdHMvdGVzdF93YXZlMDRfdjcwX3JlbGVhc2VfZ2F0ZV9jb250cmFjdC5weTo6dGVzdF93YXZlMDdfZnJnMDJfcmVsZWFzZV9pZGVudGl0eV9iaW5kc193YXZlMDdfcGFyZW50X3NoYSI6IFsKICAgICAgewogICAgICAgICJ3aGVuIjogInNldHVwIiwKICAg
2026-09-10T08:15:36.8720916Z GO_EVIDENCE_B64 ICAgICAib3V0Y29tZSI6ICJwYXNzZWQiCiAgICAgIH0sCiAgICAgIHsKICAgICAgICAid2hlbiI6ICJjYWxsIiwKICAgICAgICAib3V0Y29tZSI6ICJwYXNzZWQiCiAgICAgIH0sCiAgICAgIHsKICAgICAgICAid2hlbiI6ICJ0ZWFyZG93biIsCiAgICAgICAgIm91dGNvbWUiOiAicGFzc2VkIgogICAgICB9CiAgICBdLAogICAgInRlc3RzL3Rlc3Rfd2F2ZTA0X3Y3MF9yZWxlYXNlX2dhdGVfY29udHJhY3QucHk6OnRlc3Rfd2F2ZTA3X2ZyZzAyX2JpbmRpbmdfaXNfbm90X2RlcGxveWVkX2FuZF9oYXNfc291cmNlX3NoYSI6IFsK
2026-09-10T08:15:36.8726529Z GO_EVIDENCE_B64 ICAgICAgewogICAgICAgICJ3aGVuIjogInNldHVwIiwKICAgICAgICAib3V0Y29tZSI6ICJwYXNzZWQiCiAgICAgIH0sCiAgICAgIHsKICAgICAgICAid2hlbiI6ICJjYWxsIiwKICAgICAgICAib3V0Y29tZSI6ICJwYXNzZWQiCiAgICAgIH0sCiAgICAgIHsKICAgICAgICAid2hlbiI6ICJ0ZWFyZG93biIsCiAgICAgICAgIm91dGNvbWUiOiAicGFzc2VkIgogICAgICB9CiAgICBdLAogICAgInRlc3RzL3Rlc3Rfd2F2ZTA0X3Y3MF9yZWxlYXNlX2dhdGVfY29udHJhY3QucHk6OnRlc3RfdjcwX2dhdGVfaXNfYXV0aG9yaXRhdGl2
2026-09-10T08:15:36.8732502Z GO_EVIDENCE_B64 ZV9hbmRfcHJlc2VudCI6IFsKICAgICAgewogICAgICAgICJ3aGVuIjogInNldHVwIiwKICAgICAgICAib3V0Y29tZSI6ICJwYXNzZWQiCiAgICAgIH0sCiAgICAgIHsKICAgICAgICAid2hlbiI6ICJjYWxsIiwKICAgICAgICAib3V0Y29tZSI6ICJwYXNzZWQiCiAgICAgIH0sCiAgICAgIHsKICAgICAgICAid2hlbiI6ICJ0ZWFyZG93biIsCiAgICAgICAgIm91dGNvbWUiOiAicGFzc2VkIgogICAgICB9CiAgICBdLAogICAgInRlc3RzL3Rlc3Rfd2F2ZTA0X3Y3MF9yZWxlYXNlX2dhdGVfY29udHJhY3QucHk6OnRlc3RfMDExM18w
2026-09-10T08:15:36.8738215Z GO_EVIDENCE_B64 MTE0X21pZ3JhdGlvbl9ieXRlc19hcmVfYXVkaXRfZnJvemVuIjogWwogICAgICB7CiAgICAgICAgIndoZW4iOiAic2V0dXAiLAogICAgICAgICJvdXRjb21lIjogInBhc3NlZCIKICAgICAgfSwKICAgICAgewogICAgICAgICJ3aGVuIjogImNhbGwiLAogICAgICAgICJvdXRjb21lIjogInBhc3NlZCIKICAgICAgfSwKICAgICAgewogICAgICAgICJ3aGVuIjogInRlYXJkb3duIiwKICAgICAgICAib3V0Y29tZSI6ICJwYXNzZWQiCiAgICAgIH0KICAgIF0sCiAgICAidGVzdHMvd29ya2JlbmNoL3Rlc3RfZ29fcGFyYWxsZWxfd29y
2026-09-10T08:15:36.8743796Z GO_EVIDENCE_B64 a2JlbmNoX2J1aWxkMDEucHk6OnRlc3RfZm91cnRlZW5fd29ya3NwYWNlc19hbmRfc2V2ZW5fbGFuZXMiOiBbCiAgICAgIHsKICAgICAgICAid2hlbiI6ICJzZXR1cCIsCiAgICAgICAgIm91dGNvbWUiOiAicGFzc2VkIgogICAgICB9LAogICAgICB7CiAgICAgICAgIndoZW4iOiAiY2FsbCIsCiAgICAgICAgIm91dGNvbWUiOiAicGFzc2VkIgogICAgICB9LAogICAgICB7CiAgICAgICAgIndoZW4iOiAidGVhcmRvd24iLAogICAgICAgICJvdXRjb21lIjogInBhc3NlZCIKICAgICAgfQogICAgXSwKICAgICJ0ZXN0cy93b3JrYmVu
2026-09-10T08:15:36.8749431Z GO_EVIDENCE_B64 Y2gvdGVzdF9nb19wYXJhbGxlbF93b3JrYmVuY2hfYnVpbGQwMS5weTo6dGVzdF9lYWNoX3dvcmtzcGFjZV9oYXNfaW5kZXBlbmRlbnRfYnJhbmNoX2FuZF93b3JrdHJlZV9wcmVmaXgiOiBbCiAgICAgIHsKICAgICAgICAid2hlbiI6ICJzZXR1cCIsCiAgICAgICAgIm91dGNvbWUiOiAicGFzc2VkIgogICAgICB9LAogICAgICB7CiAgICAgICAgIndoZW4iOiAiY2FsbCIsCiAgICAgICAgIm91dGNvbWUiOiAicGFzc2VkIgogICAgICB9LAogICAgICB7CiAgICAgICAgIndoZW4iOiAidGVhcmRvd24iLAogICAgICAgICJvdXRjb21l
2026-09-10T08:15:36.8754990Z GO_EVIDENCE_B64 IjogInBhc3NlZCIKICAgICAgfQogICAgXSwKICAgICJ0ZXN0cy93b3JrYmVuY2gvdGVzdF9nb19wYXJhbGxlbF93b3JrYmVuY2hfYnVpbGQwMS5weTo6dGVzdF9kZWNvbXBvc2l0aW9uX2J1aWxkc19pc29sYXRlZF93b3JraXRlbXMiOiBbCiAgICAgIHsKICAgICAgICAid2hlbiI6ICJzZXR1cCIsCiAgICAgICAgIm91dGNvbWUiOiAicGFzc2VkIgogICAgICB9LAogICAgICB7CiAgICAgICAgIndoZW4iOiAiY2FsbCIsCiAgICAgICAgIm91dGNvbWUiOiAicGFzc2VkIgogICAgICB9LAogICAgICB7CiAgICAgICAgIndoZW4iOiAi
2026-09-10T08:15:36.8760975Z GO_EVIDENCE_B64 dGVhcmRvd24iLAogICAgICAgICJvdXRjb21lIjogInBhc3NlZCIKICAgICAgfQogICAgXSwKICAgICJ0ZXN0cy93b3JrYmVuY2gvdGVzdF9nb19wYXJhbGxlbF93b3JrYmVuY2hfYnVpbGQwMS5weTo6dGVzdF9jcm9zc19vd25lZF9wYXRoX2lzX2Jsb2NrZWQiOiBbCiAgICAgIHsKICAgICAgICAid2hlbiI6ICJzZXR1cCIsCiAgICAgICAgIm91dGNvbWUiOiAicGFzc2VkIgogICAgICB9LAogICAgICB7CiAgICAgICAgIndoZW4iOiAiY2FsbCIsCiAgICAgICAgIm91dGNvbWUiOiAicGFzc2VkIgogICAgICB9LAogICAgICB7CiAg
2026-09-10T08:15:36.8766507Z GO_EVIDENCE_B64 ICAgICAgIndoZW4iOiAidGVhcmRvd24iLAogICAgICAgICJvdXRjb21lIjogInBhc3NlZCIKICAgICAgfQogICAgXSwKICAgICJ0ZXN0cy93b3JrYmVuY2gvdGVzdF9nb19wYXJhbGxlbF93b3JrYmVuY2hfYnVpbGQwMS5weTo6dGVzdF9jMTRfY2Fubm90X211dGF0ZV9idXNpbmVzc190cnV0aF9wYXRocyI6IFsKICAgICAgewogICAgICAgICJ3aGVuIjogInNldHVwIiwKICAgICAgICAib3V0Y29tZSI6ICJwYXNzZWQiCiAgICAgIH0sCiAgICAgIHsKICAgICAgICAid2hlbiI6ICJjYWxsIiwKICAgICAgICAib3V0Y29tZSI6ICJw
2026-09-10T08:15:36.8772394Z GO_EVIDENCE_B64 YXNzZWQiCiAgICAgIH0sCiAgICAgIHsKICAgICAgICAid2hlbiI6ICJ0ZWFyZG93biIsCiAgICAgICAgIm91dGNvbWUiOiAicGFzc2VkIgogICAgICB9CiAgICBdLAogICAgInRlc3RzL3dvcmtiZW5jaC90ZXN0X2dvX3BhcmFsbGVsX3dvcmtiZW5jaF9idWlsZDAxLnB5Ojp0ZXN0X2RlcGVuZGVuY3lfY3ljbGVfZmFpbHNfY2xvc2VkIjogWwogICAgICB7CiAgICAgICAgIndoZW4iOiAic2V0dXAiLAogICAgICAgICJvdXRjb21lIjogInBhc3NlZCIKICAgICAgfSwKICAgICAgewogICAgICAgICJ3aGVuIjogImNhbGwiLAogICAg
2026-09-10T08:15:36.8778135Z GO_EVIDENCE_B64 ICAgICJvdXRjb21lIjogInBhc3NlZCIKICAgICAgfSwKICAgICAgewogICAgICAgICJ3aGVuIjogInRlYXJkb3duIiwKICAgICAgICAib3V0Y29tZSI6ICJwYXNzZWQiCiAgICAgIH0KICAgIF0sCiAgICAidGVzdHMvd29ya2JlbmNoL3Rlc3RfZ29fcGFyYWxsZWxfd29ya2JlbmNoX2J1aWxkMDEucHk6OnRlc3RfYzA5X2NvbnN0aXR1dGlvbmFsX2Fzc2V0c19wcm90ZWN0ZWRfZnJvbV9vdGhlcl9jZWxscyI6IFsKICAgICAgewogICAgICAgICJ3aGVuIjogInNldHVwIiwKICAgICAgICAib3V0Y29tZSI6ICJwYXNzZWQiCiAgICAg
2026-09-10T08:15:36.8870437Z GO_EVIDENCE_B64 IH0sCiAgICAgIHsKICAgICAgICAid2hlbiI6ICJjYWxsIiwKICAgICAgICAib3V0Y29tZSI6ICJwYXNzZWQiCiAgICAgIH0sCiAgICAgIHsKICAgICAgICAid2hlbiI6ICJ0ZWFyZG93biIsCiAgICAgICAgIm91dGNvbWUiOiAicGFzc2VkIgogICAgICB9CiAgICBdLAogICAgInRlc3RzL3dvcmtiZW5jaC90ZXN0X2dvX3BhcmFsbGVsX3dvcmtiZW5jaF9idWlsZDAxLnB5Ojp0ZXN0X21lcmdlX3JlcXVpcmVzX2FsbF9nYXRlcyI6IFsKICAgICAgewogICAgICAgICJ3aGVuIjogInNldHVwIiwKICAgICAgICAib3V0Y29tZSI6ICJw
2026-09-10T08:15:36.8880009Z GO_EVIDENCE_B64 YXNzZWQiCiAgICAgIH0sCiAgICAgIHsKICAgICAgICAid2hlbiI6ICJjYWxsIiwKICAgICAgICAib3V0Y29tZSI6ICJwYXNzZWQiCiAgICAgIH0sCiAgICAgIHsKICAgICAgICAid2hlbiI6ICJ0ZWFyZG93biIsCiAgICAgICAgIm91dGNvbWUiOiAicGFzc2VkIgogICAgICB9CiAgICBdLAogICAgInRlc3RzL3dvcmtiZW5jaC90ZXN0X2dvX3BhcmFsbGVsX3dvcmtiZW5jaF9idWlsZDAxLnB5Ojp0ZXN0X2MxM19tdXN0X2JlX2luZGVwZW5kZW50X3FhIjogWwogICAgICB7CiAgICAgICAgIndoZW4iOiAic2V0dXAiLAogICAgICAg
2026-09-10T08:15:36.8886460Z GO_EVIDENCE_B64 ICJvdXRjb21lIjogInBhc3NlZCIKICAgICAgfSwKICAgICAgewogICAgICAgICJ3aGVuIjogImNhbGwiLAogICAgICAgICJvdXRjb21lIjogInBhc3NlZCIKICAgICAgfSwKICAgICAgewogICAgICAgICJ3aGVuIjogInRlYXJkb3duIiwKICAgICAgICAib3V0Y29tZSI6ICJwYXNzZWQiCiAgICAgIH0KICAgIF0sCiAgICAidGVzdHMvd29ya2JlbmNoL3Rlc3RfZ29fcGFyYWxsZWxfd29ya2JlbmNoX2J1aWxkMDEucHk6OnRlc3RfYzE0X211c3RfcmV2aWV3X2xlZ2FsX2dhdGUiOiBbCiAgICAgIHsKICAgICAgICAid2hlbiI6ICJz
2026-09-10T08:15:36.8892337Z GO_EVIDENCE_B64 ZXR1cCIsCiAgICAgICAgIm91dGNvbWUiOiAicGFzc2VkIgogICAgICB9LAogICAgICB7CiAgICAgICAgIndoZW4iOiAiY2FsbCIsCiAgICAgICAgIm91dGNvbWUiOiAicGFzc2VkIgogICAgICB9LAogICAgICB7CiAgICAgICAgIndoZW4iOiAidGVhcmRvd24iLAogICAgICAgICJvdXRjb21lIjogInBhc3NlZCIKICAgICAgfQogICAgXSwKICAgICJ0ZXN0cy93b3JrYmVuY2gvdGVzdF9nb19wYXJhbGxlbF93b3JrYmVuY2hfYnVpbGQwMS5weTo6dGVzdF92YWxpZF9jYW5kaWRhdGVfY2FuX21lcmdlIjogWwogICAgICB7CiAgICAg
2026-09-10T08:15:36.8898325Z GO_EVIDENCE_B64 ICAgIndoZW4iOiAic2V0dXAiLAogICAgICAgICJvdXRjb21lIjogInBhc3NlZCIKICAgICAgfSwKICAgICAgewogICAgICAgICJ3aGVuIjogImNhbGwiLAogICAgICAgICJvdXRjb21lIjogInBhc3NlZCIKICAgICAgfSwKICAgICAgewogICAgICAgICJ3aGVuIjogInRlYXJkb3duIiwKICAgICAgICAib3V0Y29tZSI6ICJwYXNzZWQiCiAgICAgIH0KICAgIF0sCiAgICAidGVzdHMvd29ya2JlbmNoL3Rlc3RfZ29fcGFyYWxsZWxfd29ya2JlbmNoX2J1aWxkMDEucHk6OnRlc3RfcGFyYWxsZWxfY2FuZGlkYXRlX3BhdGhfY29sbGlz
2026-09-10T08:15:36.8904410Z GO_EVIDENCE_B64 aW9uX2ZhaWxzIjogWwogICAgICB7CiAgICAgICAgIndoZW4iOiAic2V0dXAiLAogICAgICAgICJvdXRjb21lIjogInBhc3NlZCIKICAgICAgfSwKICAgICAgewogICAgICAgICJ3aGVuIjogImNhbGwiLAogICAgICAgICJvdXRjb21lIjogInBhc3NlZCIKICAgICAgfSwKICAgICAgewogICAgICAgICJ3aGVuIjogInRlYXJkb3duIiwKICAgICAgICAib3V0Y29tZSI6ICJwYXNzZWQiCiAgICAgIH0KICAgIF0sCiAgICAidGVzdHMvd29ya2JlbmNoL3Rlc3Rfd2F2ZTA3X21jMDFfb3duZWRfcGF0aF9jbG9zdXJlLnB5Ojp0ZXN0X2V4
2026-09-10T08:15:36.8910083Z GO_EVIDENCE_B64 YWN0X29uYm9hcmRpbmdfaW50ZWdyYXRpb25faXNfYzEyX293bmVkX3dpdGhvdXRfc2VydmljZXNfZGlyZWN0b3J5X3RyYW5zZmVyIjogWwogICAgICB7CiAgICAgICAgIndoZW4iOiAic2V0dXAiLAogICAgICAgICJvdXRjb21lIjogInBhc3NlZCIKICAgICAgfSwKICAgICAgewogICAgICAgICJ3aGVuIjogImNhbGwiLAogICAgICAgICJvdXRjb21lIjogInBhc3NlZCIKICAgICAgfSwKICAgICAgewogICAgICAgICJ3aGVuIjogInRlYXJkb3duIiwKICAgICAgICAib3V0Y29tZSI6ICJwYXNzZWQiCiAgICAgIH0KICAgIF0sCiAg
2026-09-10T08:15:36.8915504Z GO_EVIDENCE_B64 ICAidGVzdHMvd29ya2JlbmNoL3Rlc3Rfd2F2ZTA3X21jMDFfb3duZWRfcGF0aF9jbG9zdXJlLnB5Ojp0ZXN0X2MwMV9jYW5ub3RfYnVpbGRfY2FydmVkX291dF9vbmJvYXJkaW5nX3NlcnZpY2UiOiBbCiAgICAgIHsKICAgICAgICAid2hlbiI6ICJzZXR1cCIsCiAgICAgICAgIm91dGNvbWUiOiAicGFzc2VkIgogICAgICB9LAogICAgICB7CiAgICAgICAgIndoZW4iOiAiY2FsbCIsCiAgICAgICAgIm91dGNvbWUiOiAicGFzc2VkIgogICAgICB9LAogICAgICB7CiAgICAgICAgIndoZW4iOiAidGVhcmRvd24iLAogICAgICAgICJv
2026-09-10T08:15:36.8920992Z GO_EVIDENCE_B64 dXRjb21lIjogInBhc3NlZCIKICAgICAgfQogICAgXSwKICAgICJ0ZXN0cy93b3JrYmVuY2gvdGVzdF93YXZlMDdfbWMwMV9vd25lZF9wYXRoX2Nsb3N1cmUucHk6OnRlc3RfYzEyX2Nhbl9idWlsZF9vbmx5X3RoZV93YXZlMDdfaW50ZWdyYXRpb25fcGF0aHMiOiBbCiAgICAgIHsKICAgICAgICAid2hlbiI6ICJzZXR1cCIsCiAgICAgICAgIm91dGNvbWUiOiAicGFzc2VkIgogICAgICB9LAogICAgICB7CiAgICAgICAgIndoZW4iOiAiY2FsbCIsCiAgICAgICAgIm91dGNvbWUiOiAicGFzc2VkIgogICAgICB9LAogICAgICB7CiAg
2026-09-10T08:15:36.8926366Z GO_EVIDENCE_B64 ICAgICAgIndoZW4iOiAidGVhcmRvd24iLAogICAgICAgICJvdXRjb21lIjogInBhc3NlZCIKICAgICAgfQogICAgXSwKICAgICJ0ZXN0cy93b3JrYmVuY2gvdGVzdF93YXZlMDdfbWMwMV9vd25lZF9wYXRoX2Nsb3N1cmUucHk6OnRlc3Rfb3duZXJzaGlwX2NvbnRyYWN0X21hdGNoZXNfbWFjaGluZV9yZWdpc3RyeSI6IFsKICAgICAgewogICAgICAgICJ3aGVuIjogInNldHVwIiwKICAgICAgICAib3V0Y29tZSI6ICJwYXNzZWQiCiAgICAgIH0sCiAgICAgIHsKICAgICAgICAid2hlbiI6ICJjYWxsIiwKICAgICAgICAib3V0Y29t
2026-09-10T08:15:36.8931851Z GO_EVIDENCE_B64 ZSI6ICJwYXNzZWQiCiAgICAgIH0sCiAgICAgIHsKICAgICAgICAid2hlbiI6ICJ0ZWFyZG93biIsCiAgICAgICAgIm91dGNvbWUiOiAicGFzc2VkIgogICAgICB9CiAgICBdLAogICAgInRlc3RzL3dvcmtiZW5jaC90ZXN0X3dhdmUwN19tYzAxX293bmVkX3BhdGhfY2xvc3VyZS5weTo6dGVzdF93YXZlMDdfY2FuZGlkYXRlX3Njb3BlX2lzX21lcmdlX2NvbnRyb2xsZXJfb3duZWRfcGF0aF92YWxpZCI6IFsKICAgICAgewogICAgICAgICJ3aGVuIjogInNldHVwIiwKICAgICAgICAib3V0Y29tZSI6ICJwYXNzZWQiCiAgICAgIH0s
2026-09-10T08:15:36.8937287Z GO_EVIDENCE_B64 CiAgICAgIHsKICAgICAgICAid2hlbiI6ICJjYWxsIiwKICAgICAgICAib3V0Y29tZSI6ICJwYXNzZWQiCiAgICAgIH0sCiAgICAgIHsKICAgICAgICAid2hlbiI6ICJ0ZWFyZG93biIsCiAgICAgICAgIm91dGNvbWUiOiAicGFzc2VkIgogICAgICB9CiAgICBdLAogICAgInRlc3RzL3dvcmtiZW5jaC90ZXN0X3dhdmUwN19wcm92aWRlcl9vbmJvYXJkaW5nX2dvdmVybmFuY2VfdjEucHk6OnRlc3RfcDFfMDFfbGVnYWN5X3NlY3JldF93cml0ZV9pc19oYXJkX2Jsb2NrZWRfYmVmb3JlX2RiX2FjY2VzcyI6IFsKICAgICAgewogICAg
2026-09-10T08:15:36.8942878Z GO_EVIDENCE_B64 ICAgICJ3aGVuIjogInNldHVwIiwKICAgICAgICAib3V0Y29tZSI6ICJwYXNzZWQiCiAgICAgIH0sCiAgICAgIHsKICAgICAgICAid2hlbiI6ICJjYWxsIiwKICAgICAgICAib3V0Y29tZSI6ICJwYXNzZWQiCiAgICAgIH0sCiAgICAgIHsKICAgICAgICAid2hlbiI6ICJ0ZWFyZG93biIsCiAgICAgICAgIm91dGNvbWUiOiAicGFzc2VkIgogICAgICB9CiAgICBdLAogICAgInRlc3RzL3dvcmtiZW5jaC90ZXN0X3dhdmUwN19wcm92aWRlcl9vbmJvYXJkaW5nX2dvdmVybmFuY2VfdjEucHk6OnRlc3RfcDFfMDJfbWFwcGluZ19nb3Zl
2026-09-10T08:15:36.8948443Z GO_EVIDENCE_B64 cm5hbmNlX2lzX3ZlcnRpY2FsX25ldXRyYWxfZm9yX2FsbF9zaXhfdmVydGljYWxzIjogWwogICAgICB7CiAgICAgICAgIndoZW4iOiAic2V0dXAiLAogICAgICAgICJvdXRjb21lIjogInBhc3NlZCIKICAgICAgfSwKICAgICAgewogICAgICAgICJ3aGVuIjogImNhbGwiLAogICAgICAgICJvdXRjb21lIjogInBhc3NlZCIKICAgICAgfSwKICAgICAgewogICAgICAgICJ3aGVuIjogInRlYXJkb3duIiwKICAgICAgICAib3V0Y29tZSI6ICJwYXNzZWQiCiAgICAgIH0KICAgIF0sCiAgICAidGVzdHMvd29ya2JlbmNoL3Rlc3Rfd2F2
2026-09-10T08:15:36.8954189Z GO_EVIDENCE_B64 ZTA3X3Byb3ZpZGVyX29uYm9hcmRpbmdfZ292ZXJuYW5jZV92MS5weTo6dGVzdF9tYXBwaW5nX21pc3Npbmdfc2VjdGlvbl9ibG9ja3NfcHJvZ3Jlc3Nfd2l0aF9kZXRlcm1pbmlzdGljX2Jsb2NrZXIiOiBbCiAgICAgIHsKICAgICAgICAid2hlbiI6ICJzZXR1cCIsCiAgICAgICAgIm91dGNvbWUiOiAicGFzc2VkIgogICAgICB9LAogICAgICB7CiAgICAgICAgIndoZW4iOiAiY2FsbCIsCiAgICAgICAgIm91dGNvbWUiOiAicGFzc2VkIgogICAgICB9LAogICAgICB7CiAgICAgICAgIndoZW4iOiAidGVhcmRvd24iLAogICAgICAg
2026-09-10T08:15:36.8959613Z GO_EVIDENCE_B64 ICJvdXRjb21lIjogInBhc3NlZCIKICAgICAgfQogICAgXSwKICAgICJ0ZXN0cy93b3JrYmVuY2gvdGVzdF93YXZlMDdfcHJvdmlkZXJfb25ib2FyZGluZ19nb3Zlcm5hbmNlX3YxLnB5Ojp0ZXN0X3AxXzAzX3JlYWRpbmVzc19lbGlnaWJpbGl0eV9pc19zYW5kYm94X29ubHlfYW5kX25ldmVyX2xpdmUiOiBbCiAgICAgIHsKICAgICAgICAid2hlbiI6ICJzZXR1cCIsCiAgICAgICAgIm91dGNvbWUiOiAicGFzc2VkIgogICAgICB9LAogICAgICB7CiAgICAgICAgIndoZW4iOiAiY2FsbCIsCiAgICAgICAgIm91dGNvbWUiOiAicGFz
2026-09-10T08:15:36.8964997Z GO_EVIDENCE_B64 c2VkIgogICAgICB9LAogICAgICB7CiAgICAgICAgIndoZW4iOiAidGVhcmRvd24iLAogICAgICAgICJvdXRjb21lIjogInBhc3NlZCIKICAgICAgfQogICAgXSwKICAgICJ0ZXN0cy93b3JrYmVuY2gvdGVzdF93YXZlMDdfcHJvdmlkZXJfb25ib2FyZGluZ19nb3Zlcm5hbmNlX3YxLnB5Ojp0ZXN0X2FpX2Nhbm5vdF9ncmFudF9wcm92aWRlcl9lbGlnaWJpbGl0eSI6IFsKICAgICAgewogICAgICAgICJ3aGVuIjogInNldHVwIiwKICAgICAgICAib3V0Y29tZSI6ICJwYXNzZWQiCiAgICAgIH0sCiAgICAgIHsKICAgICAgICAid2hl
2026-09-10T08:15:36.8970506Z GO_EVIDENCE_B64 biI6ICJjYWxsIiwKICAgICAgICAib3V0Y29tZSI6ICJwYXNzZWQiCiAgICAgIH0sCiAgICAgIHsKICAgICAgICAid2hlbiI6ICJ0ZWFyZG93biIsCiAgICAgICAgIm91dGNvbWUiOiAicGFzc2VkIgogICAgICB9CiAgICBdLAogICAgInRlc3RzL3dvcmtiZW5jaC90ZXN0X3dhdmUwN19wcm92aWRlcl9vbmJvYXJkaW5nX2dvdmVybmFuY2VfdjEucHk6OnRlc3RfcmVjZXJ0aWZpY2F0aW9uX3RyaWdnZXJfaXNfZmFpbF9jbG9zZWRfZm9yX2FsbF9nb3Zlcm5lZF9kcmlmdFtjb250cmFjdF0iOiBbCiAgICAgIHsKICAgICAgICAid2hl
2026-09-10T08:15:36.8975968Z GO_EVIDENCE_B64 biI6ICJzZXR1cCIsCiAgICAgICAgIm91dGNvbWUiOiAicGFzc2VkIgogICAgICB9LAogICAgICB7CiAgICAgICAgIndoZW4iOiAiY2FsbCIsCiAgICAgICAgIm91dGNvbWUiOiAicGFzc2VkIgogICAgICB9LAogICAgICB7CiAgICAgICAgIndoZW4iOiAidGVhcmRvd24iLAogICAgICAgICJvdXRjb21lIjogInBhc3NlZCIKICAgICAgfQogICAgXSwKICAgICJ0ZXN0cy93b3JrYmVuY2gvdGVzdF93YXZlMDdfcHJvdmlkZXJfb25ib2FyZGluZ19nb3Zlcm5hbmNlX3YxLnB5Ojp0ZXN0X3JlY2VydGlmaWNhdGlvbl90cmlnZ2VyX2lz
2026-09-10T08:15:36.8981582Z GO_EVIDENCE_B64 X2ZhaWxfY2xvc2VkX2Zvcl9hbGxfZ292ZXJuZWRfZHJpZnRbbWFwcGluZ10iOiBbCiAgICAgIHsKICAgICAgICAid2hlbiI6ICJzZXR1cCIsCiAgICAgICAgIm91dGNvbWUiOiAicGFzc2VkIgogICAgICB9LAogICAgICB7CiAgICAgICAgIndoZW4iOiAiY2FsbCIsCiAgICAgICAgIm91dGNvbWUiOiAicGFzc2VkIgogICAgICB9LAogICAgICB7CiAgICAgICAgIndoZW4iOiAidGVhcmRvd24iLAogICAgICAgICJvdXRjb21lIjogInBhc3NlZCIKICAgICAgfQogICAgXSwKICAgICJ0ZXN0cy93b3JrYmVuY2gvdGVzdF93YXZlMDdf
2026-09-10T08:15:36.8987013Z GO_EVIDENCE_B64 cHJvdmlkZXJfb25ib2FyZGluZ19nb3Zlcm5hbmNlX3YxLnB5Ojp0ZXN0X3JlY2VydGlmaWNhdGlvbl90cmlnZ2VyX2lzX2ZhaWxfY2xvc2VkX2Zvcl9hbGxfZ292ZXJuZWRfZHJpZnRbY3JlZGVudGlhbF0iOiBbCiAgICAgIHsKICAgICAgICAid2hlbiI6ICJzZXR1cCIsCiAgICAgICAgIm91dGNvbWUiOiAicGFzc2VkIgogICAgICB9LAogICAgICB7CiAgICAgICAgIndoZW4iOiAiY2FsbCIsCiAgICAgICAgIm91dGNvbWUiOiAicGFzc2VkIgogICAgICB9LAogICAgICB7CiAgICAgICAgIndoZW4iOiAidGVhcmRvd24iLAogICAg
2026-09-10T08:15:36.8992490Z GO_EVIDENCE_B64 ICAgICJvdXRjb21lIjogInBhc3NlZCIKICAgICAgfQogICAgXSwKICAgICJ0ZXN0cy93b3JrYmVuY2gvdGVzdF93YXZlMDdfcHJvdmlkZXJfb25ib2FyZGluZ19nb3Zlcm5hbmNlX3YxLnB5Ojp0ZXN0X3JlY2VydGlmaWNhdGlvbl90cmlnZ2VyX2lzX2ZhaWxfY2xvc2VkX2Zvcl9hbGxfZ292ZXJuZWRfZHJpZnRbZXhwaXJ5XSI6IFsKICAgICAgewogICAgICAgICJ3aGVuIjogInNldHVwIiwKICAgICAgICAib3V0Y29tZSI6ICJwYXNzZWQiCiAgICAgIH0sCiAgICAgIHsKICAgICAgICAid2hlbiI6ICJjYWxsIiwKICAgICAgICAi
2026-09-10T08:15:36.8998010Z GO_EVIDENCE_B64 b3V0Y29tZSI6ICJwYXNzZWQiCiAgICAgIH0sCiAgICAgIHsKICAgICAgICAid2hlbiI6ICJ0ZWFyZG93biIsCiAgICAgICAgIm91dGNvbWUiOiAicGFzc2VkIgogICAgICB9CiAgICBdLAogICAgInRlc3RzL3dvcmtiZW5jaC90ZXN0X3dhdmUwN19wcm92aWRlcl9vbmJvYXJkaW5nX2dvdmVybmFuY2VfdjEucHk6OnRlc3RfcmVjZXJ0aWZpY2F0aW9uX3RyaWdnZXJfaXNfZmFpbF9jbG9zZWRfZm9yX2FsbF9nb3Zlcm5lZF9kcmlmdFtyZXZvY2F0aW9uXSI6IFsKICAgICAgewogICAgICAgICJ3aGVuIjogInNldHVwIiwKICAgICAg
2026-09-10T08:15:36.9003674Z GO_EVIDENCE_B64 ICAib3V0Y29tZSI6ICJwYXNzZWQiCiAgICAgIH0sCiAgICAgIHsKICAgICAgICAid2hlbiI6ICJjYWxsIiwKICAgICAgICAib3V0Y29tZSI6ICJwYXNzZWQiCiAgICAgIH0sCiAgICAgIHsKICAgICAgICAid2hlbiI6ICJ0ZWFyZG93biIsCiAgICAgICAgIm91dGNvbWUiOiAicGFzc2VkIgogICAgICB9CiAgICBdLAogICAgInRlc3RzL3dvcmtiZW5jaC90ZXN0X3dhdmUwN19wcm92aWRlcl9vbmJvYXJkaW5nX2dvdmVybmFuY2VfdjEucHk6OnRlc3RfaWxsZWdhbF9zdGF0ZV9qdW1wX2lzX3JlamVjdGVkIjogWwogICAgICB7CiAg
2026-09-10T08:15:36.9008640Z GO_EVIDENCE_B64 ICAgICAgIndoZW4iOiAic2V0dXAiLAogICAgICAgICJvdXRjb21lIjogInBhc3NlZCIKICAgICAgfSwKICAgICAgewogICAgICAgICJ3aGVuIjogImNhbGwiLAogICAgICAgICJvdXRjb21lIjogInBhc3NlZCIKICAgICAgfSwKICAgICAgewogICAgICAgICJ3aGVuIjogInRlYXJkb3duIiwKICAgICAgICAib3V0Y29tZSI6ICJwYXNzZWQiCiAgICAgIH0KICAgIF0KICB9LAogICJweXRlc3RfZXhpdHN0YXR1cyI6IDAKfQo=
2026-09-10T08:15:36.9010779Z GO_EVIDENCE_FILE_END backend-inventory.json
2026-09-10T08:15:36.9011389Z GO_EVIDENCE_FILE_BEGIN bundle-build.json 263 08ab2b0dbaff4312115483a98e3c721676ab55c7e0aae71a8fbbab316ce9e4a3
2026-09-10T08:15:36.9014189Z GO_EVIDENCE_B64 eyJhcmNoaXZlX3NoYTI1NiI6ICJiNDYzNGY5ZGE1MTVhMjJmOTVmYjc0MGI5NzljMmY3N2ZkY2UyOTM0MmVhYmJiOWM1NGU1YzY2Njk3NmY1Yjg2IiwgInNvdXJjZV90cmVlX3NoYTI1NiI6ICJjNThlZGIwYzA1NjhjM2Y5ZmU4MGJhMDE0YzI2MDUxM2EwN2E4ZTc0YjIxMWI2MDhhZGU0ZDkwNTJmODY0NWIzIiwgInZlcmlmaWVkX2ZpbGVzIjogMTI2NywgInNjb3BlIjogIk9GRkxJTkVfQlVORExFX0lOVEVHUklUWSIsICJmaW5hbF9yZWxlYXNlIjogIkhPTEQifQo=
2026-09-10T08:15:36.9016480Z GO_EVIDENCE_FILE_END bundle-build.json
2026-09-10T08:15:36.9017092Z GO_EVIDENCE_FILE_BEGIN bundle-restore.json 275 dbc60429e0f45902195b95d3861a6170cd52800da086e98ce7140d2a79ca2bb3
2026-09-10T08:15:36.9020162Z GO_EVIDENCE_B64 ewogICJhcmNoaXZlX3NoYTI1NiI6ICJiNDYzNGY5ZGE1MTVhMjJmOTVmYjc0MGI5NzljMmY3N2ZkY2UyOTM0MmVhYmJiOWM1NGU1YzY2Njk3NmY1Yjg2IiwKICAic291cmNlX3RyZWVfc2hhMjU2IjogImM1OGVkYjBjMDU2OGMzZjlmZTgwYmEwMTRjMjYwNTEzYTA3YThlNzRiMjExYjYwOGFkZTRkOTA1MmY4NjQ1YjMiLAogICJ2ZXJpZmllZF9maWxlcyI6IDEyNjcsCiAgInNjb3BlIjogIk9GRkxJTkVfQlVORExFX0lOVEVHUklUWSIsCiAgImZpbmFsX3JlbGVhc2UiOiAiSE9MRCIKfQo=
2026-09-10T08:15:36.9022628Z GO_EVIDENCE_FILE_END bundle-restore.json
2026-09-10T08:15:36.9023253Z GO_EVIDENCE_FILE_BEGIN http-runtime-binding.json 1513 493191b38e65a7895544ec9726278eafead98bf2e1e562319d9810a5af7e2744
2026-09-10T08:15:36.9026543Z GO_EVIDENCE_B64 ewogICJzY2hlbWEiOiAiZ28uaXNvbGF0ZWQtcnVudGltZS52MSIsCiAgInNvdXJjZV90cmVlX3NoYTI1NiI6ICJjNThlZGIwYzA1NjhjM2Y5ZmU4MGJhMDE0YzI2MDUxM2EwN2E4ZTc0YjIxMWI2MDhhZGU0ZDkwNTJmODY0NWIzIiwKICAidmVyaWZpZWRfc291cmNlX2ZpbGVzIjogMTI2NywKICAicHl0aG9uIjogIjMuMTMuNSAobWFpbiwgSnVuIDEyIDIwMjUsIDAzOjUxOjE1KSBbR0NDIDExLjQuMF0iLAogICJtb2RlIjogIklTT0xBVEVEX1NRTElURV9IVFRQIiwKICAiZGF0YV9jbGFzcyI6ICJTWU5USEVUSUNfT05MWSIsCiAg
2026-09-10T08:15:36.9032117Z GO_EVIDENCE_B64 ImRhdGFiYXNlIjogIk5FV19QUklWQVRFX1NRTElURSIsCiAgIm91dGJvdW5kX25ldHdvcmsiOiAiUFlUSE9OX0FVRElUX0RFTlkiLAogICJiYWNrZ3JvdW5kX3dvcmtlcnMiOiAiRElTQUJMRUQiLAogICJicm93c2VyX2dhdGUiOiAiSE9MRCIsCiAgInBvc3RncmVzX2dhdGUiOiAiTk9UX1JVTiIsCiAgImZpbmFsX3JlbGVhc2UiOiAiSE9MRCIsCiAgInBhY2thZ2VzIjogewogICAgInR5cGluZ19leHRlbnNpb25zIjogIjQuMTYuMCIsCiAgICAiYW55aW8iOiAiNC4xMy4wIiwKICAgICJ0eXBpbmctaW5zcGVjdGlvbiI6ICIwLjQu
2026-09-10T08:15:36.9037796Z GO_EVIDENCE_B64 MiIsCiAgICAicHljcGFyc2VyIjogIjMuMCIsCiAgICAiU1FMQWxjaGVteSI6ICIyLjAuNTAiLAogICAgInB5ZGFudGljLXNldHRpbmdzIjogIjIuMTQuMSIsCiAgICAiY2ZmaSI6ICIyLjAuMCIsCiAgICAiY3J5cHRvZ3JhcGh5IjogIjQ2LjAuNCIsCiAgICAicGx1Z2d5IjogIjEuNi4wIiwKICAgICJjZXJ0aWZpIjogIjIwMjYuNS4yMCIsCiAgICAiTWFya3VwU2FmZSI6ICIzLjAuMyIsCiAgICAicHN5Y29wZy1iaW5hcnkiOiAiMy4yLjEwIiwKICAgICJNYWtvIjogIjEuMy4xMCIsCiAgICAiUHlnbWVudHMiOiAiMi4yMC4wIiwK
2026-09-10T08:15:36.9043381Z GO_EVIDENCE_B64 ICAgICJodHRwY29yZSI6ICIxLjAuOSIsCiAgICAiaDExIjogIjAuMTYuMCIsCiAgICAic3RhcmxldHRlIjogIjAuNTAuMCIsCiAgICAiY2xpY2siOiAiOC41LjAiLAogICAgIlB5SldUIjogIjIuMTMuMCIsCiAgICAicHl0ZXN0IjogIjkuMC4yIiwKICAgICJwaWxsb3ciOiAiMTIuMy4wIiwKICAgICJwc3ljb3BnIjogIjMuMi4xMCIsCiAgICAiaHR0cHgiOiAiMC4yOC4xIiwKICAgICJweWRhbnRpY19jb3JlIjogIjIuNDYuNCIsCiAgICAicGlwIjogIjI1LjEuMSIsCiAgICAiZmFzdGFwaSI6ICIwLjEyOC4yIiwKICAgICJhbGVt
2026-09-10T08:15:36.9049183Z GO_EVIDENCE_B64 YmljIjogIjEuMTYuNSIsCiAgICAiYW5ub3RhdGVkLWRvYyI6ICIwLjAuNCIsCiAgICAidXZpY29ybiI6ICIwLjM1LjAiLAogICAgInBhY2thZ2luZyI6ICIyNS4wIiwKICAgICJweXRlc3QtYXN5bmNpbyI6ICIxLjMuMCIsCiAgICAiaWRuYSI6ICIzLjE3IiwKICAgICJweWRhbnRpYyI6ICIyLjEzLjQiLAogICAgInJlZGlzIjogIjUuMi4xIiwKICAgICJpbmljb25maWciOiAiMi4zLjAiLAogICAgInB5dGhvbi1kb3RlbnYiOiAiMS4yLjIiLAogICAgImdyZWVubGV0IjogIjMuNS4xIiwKICAgICJhbm5vdGF0ZWQtdHlwZXMiOiAi
2026-09-10T08:15:36.9052164Z GO_EVIDENCE_B64 MC43LjAiCiAgfQp9Cg==
2026-09-10T08:15:36.9052677Z GO_EVIDENCE_FILE_END http-runtime-binding.json
2026-09-10T08:15:36.9053287Z GO_EVIDENCE_FILE_BEGIN http-checks.json 42301 c6bcc2a4c6a6026c856ef4fc2343988e32a0873e2f2ea7b1ae1c93dbbb47ebe8
2026-09-10T08:15:36.9056559Z GO_EVIDENCE_B64 ewogICJzb3VyY2VfdHJlZV9zaGEyNTYiOiAiYzU4ZWRiMGMwNTY4YzNmOWZlODBiYTAxNGMyNjA1MTNhMDdhOGU3NGIyMTFiNjA4YWRlNGQ5MDUyZjg2NDViMyIsCiAgImNoZWNrcyI6IFsKICAgIHsKICAgICAgIm5hbWUiOiAiZnJlc2ggU1FMaXRlIHJ1bnRpbWUgYm91bmQgdG8gc291cmNlIiwKICAgICAgInBhc3NlZCI6IHRydWUKICAgIH0sCiAgICB7CiAgICAgICJuYW1lIjogImNyZWRlbnRpYWwgZmlsZSBvd25lci1vbmx5IiwKICAgICAgInBhc3NlZCI6IHRydWUKICAgIH0sCiAgICB7CiAgICAgICJuYW1lIjogImxpdmUg
2026-09-10T08:15:36.9061994Z GO_EVIDENCE_B64 YmluZGluZyBlbmRwb2ludCIsCiAgICAgICJwYXNzZWQiOiB0cnVlCiAgICB9LAogICAgewogICAgICAibmFtZSI6ICJub24taXNvbGF0ZWQgSG9zdCByZWplY3RlZCIsCiAgICAgICJwYXNzZWQiOiB0cnVlCiAgICB9LAogICAgewogICAgICAibmFtZSI6ICJzZXJ2ZWQgZXhhY3QgcGFnZSAvZ28tYXBwLyIsCiAgICAgICJwYXNzZWQiOiB0cnVlCiAgICB9LAogICAgewogICAgICAibmFtZSI6ICJsb2NhbCBlbnRyeSBhc3NldCAvZ28tYXBwL3N0eWxlcy5jc3M/dj0yMDI2MDkwOS1kZXB0aDI4IiwKICAgICAgInBhc3NlZCI6IHRy
2026-09-10T08:15:36.9066821Z GO_EVIDENCE_B64 dWUKICAgIH0sCiAgICB7CiAgICAgICJuYW1lIjogInNlcnZlZCBleGFjdCBhc3NldCAvZ28tYXBwL3N0eWxlcy5jc3M/dj0yMDI2MDkwOS1kZXB0aDI4IiwKICAgICAgInBhc3NlZCI6IHRydWUKICAgIH0sCiAgICB7CiAgICAgICJuYW1lIjogImxvY2FsIGVudHJ5IGFzc2V0IC9nby1hcHAvdmktcmVmZXJlbmNlLTEwLmNzcz92PTIwMjYwOTA5LWRlcHRoMjgiLAogICAgICAicGFzc2VkIjogdHJ1ZQogICAgfSwKICAgIHsKICAgICAgIm5hbWUiOiAic2VydmVkIGV4YWN0IGFzc2V0IC9nby1hcHAvdmktcmVmZXJlbmNlLTEwLmNz
2026-09-10T08:15:36.9071564Z GO_EVIDENCE_B64 cz92PTIwMjYwOTA5LWRlcHRoMjgiLAogICAgICAicGFzc2VkIjogdHJ1ZQogICAgfSwKICAgIHsKICAgICAgIm5hbWUiOiAibG9jYWwgZW50cnkgYXNzZXQgL2dvLWFwcC9mbGlnaHQtam91cm5leXMuY3NzP3Y9MjAyNjA5MDYtZGVwdGgxIiwKICAgICAgInBhc3NlZCI6IHRydWUKICAgIH0sCiAgICB7CiAgICAgICJuYW1lIjogInNlcnZlZCBleGFjdCBhc3NldCAvZ28tYXBwL2ZsaWdodC1qb3VybmV5cy5jc3M/dj0yMDI2MDkwNi1kZXB0aDEiLAogICAgICAicGFzc2VkIjogdHJ1ZQogICAgfSwKICAgIHsKICAgICAgIm5hbWUi
2026-09-10T08:15:36.9075899Z GO_EVIDENCE_B64 OiAibG9jYWwgZW50cnkgYXNzZXQgL2dvLWFwcC9ib29raW5nLXRyYXZlbGVycy5jc3M/dj0yMDI2MDkwNy1tYXN0ZXIwMyIsCiAgICAgICJwYXNzZWQiOiB0cnVlCiAgICB9LAogICAgewogICAgICAibmFtZSI6ICJzZXJ2ZWQgZXhhY3QgYXNzZXQgL2dvLWFwcC9ib29raW5nLXRyYXZlbGVycy5jc3M/dj0yMDI2MDkwNy1tYXN0ZXIwMyIsCiAgICAgICJwYXNzZWQiOiB0cnVlCiAgICB9LAogICAgewogICAgICAibmFtZSI6ICJsb2NhbCBlbnRyeSBhc3NldCAvZ28tYXBwL3ZhdWx0LW1hbmFnZXIuY3NzP3Y9MjAyNjA5MDctZGVw
2026-09-10T08:15:36.9080745Z GO_EVIDENCE_B64 dGgwNCIsCiAgICAgICJwYXNzZWQiOiB0cnVlCiAgICB9LAogICAgewogICAgICAibmFtZSI6ICJzZXJ2ZWQgZXhhY3QgYXNzZXQgL2dvLWFwcC92YXVsdC1tYW5hZ2VyLmNzcz92PTIwMjYwOTA3LWRlcHRoMDQiLAogICAgICAicGFzc2VkIjogdHJ1ZQogICAgfSwKICAgIHsKICAgICAgIm5hbWUiOiAibG9jYWwgZW50cnkgYXNzZXQgL2dvLWFwcC90cmF2ZWwtc3RhdHVzLmNzcz92PTIwMjYwOTA4LWRlcHRoMTkiLAogICAgICAicGFzc2VkIjogdHJ1ZQogICAgfSwKICAgIHsKICAgICAgIm5hbWUiOiAic2VydmVkIGV4YWN0IGFz
2026-09-10T08:15:36.9085817Z GO_EVIDENCE_B64 c2V0IC9nby1hcHAvdHJhdmVsLXN0YXR1cy5jc3M/dj0yMDI2MDkwOC1kZXB0aDE5IiwKICAgICAgInBhc3NlZCI6IHRydWUKICAgIH0sCiAgICB7CiAgICAgICJuYW1lIjogImxvY2FsIGVudHJ5IGFzc2V0IC9nby1hcHAvZGlyZWN0LWFmdGVyLXNhbGVzLmpzP3Y9MjAyNjA5MDctZGVwdGgxMiIsCiAgICAgICJwYXNzZWQiOiB0cnVlCiAgICB9LAogICAgewogICAgICAibmFtZSI6ICJzZXJ2ZWQgZXhhY3QgYXNzZXQgL2dvLWFwcC9kaXJlY3QtYWZ0ZXItc2FsZXMuanM/dj0yMDI2MDkwNy1kZXB0aDEyIiwKICAgICAgInBhc3Nl
2026-09-10T08:15:36.9090423Z GO_EVIDENCE_B64 ZCI6IHRydWUKICAgIH0sCiAgICB7CiAgICAgICJuYW1lIjogImxvY2FsIGVudHJ5IGFzc2V0IC9nby1hcHAvdHJpcC1uYXZpZ2F0aW9uLmpzP3Y9MjAyNjA5MDktZGVwdGgyOSIsCiAgICAgICJwYXNzZWQiOiB0cnVlCiAgICB9LAogICAgewogICAgICAibmFtZSI6ICJzZXJ2ZWQgZXhhY3QgYXNzZXQgL2dvLWFwcC90cmlwLW5hdmlnYXRpb24uanM/dj0yMDI2MDkwOS1kZXB0aDI5IiwKICAgICAgInBhc3NlZCI6IHRydWUKICAgIH0sCiAgICB7CiAgICAgICJuYW1lIjogImxvY2FsIGVudHJ5IGFzc2V0IC9nby1hcHAvYXBwLmpz
2026-09-10T08:15:36.9095075Z GO_EVIDENCE_B64 P3Y9MjAyNjA5MDktZGVwdGgyOSIsCiAgICAgICJwYXNzZWQiOiB0cnVlCiAgICB9LAogICAgewogICAgICAibmFtZSI6ICJzZXJ2ZWQgZXhhY3QgYXNzZXQgL2dvLWFwcC9hcHAuanM/dj0yMDI2MDkwOS1kZXB0aDI5IiwKICAgICAgInBhc3NlZCI6IHRydWUKICAgIH0sCiAgICB7CiAgICAgICJuYW1lIjogImxvY2FsIGVudHJ5IGFzc2V0IC9nby1hcHAvZmxpZ2h0LWpvdXJuZXlzLmpzP3Y9MjAyNjA5MDYtZGVwdGgxIiwKICAgICAgInBhc3NlZCI6IHRydWUKICAgIH0sCiAgICB7CiAgICAgICJuYW1lIjogInNlcnZlZCBleGFj
2026-09-10T08:15:36.9100081Z GO_EVIDENCE_B64 dCBhc3NldCAvZ28tYXBwL2ZsaWdodC1qb3VybmV5cy5qcz92PTIwMjYwOTA2LWRlcHRoMSIsCiAgICAgICJwYXNzZWQiOiB0cnVlCiAgICB9LAogICAgewogICAgICAibmFtZSI6ICJsb2NhbCBlbnRyeSBhc3NldCAvZ28tYXBwL2NhdGFsb2ctZmFyZS5qcz92PTIwMjYwOTA3LWRlcHRoMTMiLAogICAgICAicGFzc2VkIjogdHJ1ZQogICAgfSwKICAgIHsKICAgICAgIm5hbWUiOiAic2VydmVkIGV4YWN0IGFzc2V0IC9nby1hcHAvY2F0YWxvZy1mYXJlLmpzP3Y9MjAyNjA5MDctZGVwdGgxMyIsCiAgICAgICJwYXNzZWQiOiB0cnVl
2026-09-10T08:15:36.9105570Z GO_EVIDENCE_B64 CiAgICB9LAogICAgewogICAgICAibmFtZSI6ICJsb2NhbCBlbnRyeSBhc3NldCAvZ28tYXBwL2NhdGFsb2ctY2FzaC1mYXJlLmpzP3Y9MjAyNjA5MDctZGVwdGgxNCIsCiAgICAgICJwYXNzZWQiOiB0cnVlCiAgICB9LAogICAgewogICAgICAibmFtZSI6ICJzZXJ2ZWQgZXhhY3QgYXNzZXQgL2dvLWFwcC9jYXRhbG9nLWNhc2gtZmFyZS5qcz92PTIwMjYwOTA3LWRlcHRoMTQiLAogICAgICAicGFzc2VkIjogdHJ1ZQogICAgfSwKICAgIHsKICAgICAgIm5hbWUiOiAibG9jYWwgZW50cnkgYXNzZXQgL2dvLWFwcC9ib29raW5nLXRy
2026-09-10T08:15:36.9110407Z GO_EVIDENCE_B64 YXZlbGVycy5qcz92PTIwMjYwOTA4LWRlcHRoMjAiLAogICAgICAicGFzc2VkIjogdHJ1ZQogICAgfSwKICAgIHsKICAgICAgIm5hbWUiOiAic2VydmVkIGV4YWN0IGFzc2V0IC9nby1hcHAvYm9va2luZy10cmF2ZWxlcnMuanM/dj0yMDI2MDkwOC1kZXB0aDIwIiwKICAgICAgInBhc3NlZCI6IHRydWUKICAgIH0sCiAgICB7CiAgICAgICJuYW1lIjogImxvY2FsIGVudHJ5IGFzc2V0IC9nby1hcHAvY2F0YWxvZy1jcmVkaXQuanM/dj0yMDI2MDkwNy1kZXB0aDEyIiwKICAgICAgInBhc3NlZCI6IHRydWUKICAgIH0sCiAgICB7CiAg
2026-09-10T08:15:36.9115138Z GO_EVIDENCE_B64 ICAgICJuYW1lIjogInNlcnZlZCBleGFjdCBhc3NldCAvZ28tYXBwL2NhdGFsb2ctY3JlZGl0LmpzP3Y9MjAyNjA5MDctZGVwdGgxMiIsCiAgICAgICJwYXNzZWQiOiB0cnVlCiAgICB9LAogICAgewogICAgICAibmFtZSI6ICJsb2NhbCBlbnRyeSBhc3NldCAvZ28tYXBwL3JlbnRhbC1hZnRlci1zYWxlcy5qcz92PTIwMjYwOTA3LWRlcHRoMDYiLAogICAgICAicGFzc2VkIjogdHJ1ZQogICAgfSwKICAgIHsKICAgICAgIm5hbWUiOiAic2VydmVkIGV4YWN0IGFzc2V0IC9nby1hcHAvcmVudGFsLWFmdGVyLXNhbGVzLmpzP3Y9MjAy
2026-09-10T08:15:36.9119935Z GO_EVIDENCE_B64 NjA5MDctZGVwdGgwNiIsCiAgICAgICJwYXNzZWQiOiB0cnVlCiAgICB9LAogICAgewogICAgICAibmFtZSI6ICJsb2NhbCBlbnRyeSBhc3NldCAvZ28tYXBwL3ZhdWx0LW1hbmFnZXIuanM/dj0yMDI2MDkwNy1kZXB0aDA0IiwKICAgICAgInBhc3NlZCI6IHRydWUKICAgIH0sCiAgICB7CiAgICAgICJuYW1lIjogInNlcnZlZCBleGFjdCBhc3NldCAvZ28tYXBwL3ZhdWx0LW1hbmFnZXIuanM/dj0yMDI2MDkwNy1kZXB0aDA0IiwKICAgICAgInBhc3NlZCI6IHRydWUKICAgIH0sCiAgICB7CiAgICAgICJuYW1lIjogImxvY2FsIGVu
2026-09-10T08:15:36.9124597Z GO_EVIDENCE_B64 dHJ5IGFzc2V0IC9nby1hcHAvdHJhdmVsLXN0YXR1cy5qcz92PTIwMjYwOTA4LWRlcHRoMTkiLAogICAgICAicGFzc2VkIjogdHJ1ZQogICAgfSwKICAgIHsKICAgICAgIm5hbWUiOiAic2VydmVkIGV4YWN0IGFzc2V0IC9nby1hcHAvdHJhdmVsLXN0YXR1cy5qcz92PTIwMjYwOTA4LWRlcHRoMTkiLAogICAgICAicGFzc2VkIjogdHJ1ZQogICAgfSwKICAgIHsKICAgICAgIm5hbWUiOiAibG9jYWwgZW50cnkgYXNzZXQgL2dvLWFwcC9yYWlsLWF0dHJhY3Rpb24tYm9va2luZy5qcz92PTIwMjYwOTA4LWRlcHRoMjAiLAogICAgICAi
2026-09-10T08:15:36.9129582Z GO_EVIDENCE_B64 cGFzc2VkIjogdHJ1ZQogICAgfSwKICAgIHsKICAgICAgIm5hbWUiOiAic2VydmVkIGV4YWN0IGFzc2V0IC9nby1hcHAvcmFpbC1hdHRyYWN0aW9uLWJvb2tpbmcuanM/dj0yMDI2MDkwOC1kZXB0aDIwIiwKICAgICAgInBhc3NlZCI6IHRydWUKICAgIH0sCiAgICB7CiAgICAgICJuYW1lIjogInNlcnZlZCBleGFjdCBwYWdlIC9nby1hZG1pbi8iLAogICAgICAicGFzc2VkIjogdHJ1ZQogICAgfSwKICAgIHsKICAgICAgIm5hbWUiOiAibG9jYWwgZW50cnkgYXNzZXQgL2NvbnNvbGUtYXNzZXRzL3N0eWxlcy5jc3M/dj0yMDI2MDkw
2026-09-10T08:15:36.9134509Z GO_EVIDENCE_B64 OS1kZXB0aDI4IiwKICAgICAgInBhc3NlZCI6IHRydWUKICAgIH0sCiAgICB7CiAgICAgICJuYW1lIjogInNlcnZlZCBleGFjdCBhc3NldCAvY29uc29sZS1hc3NldHMvc3R5bGVzLmNzcz92PTIwMjYwOTA5LWRlcHRoMjgiLAogICAgICAicGFzc2VkIjogdHJ1ZQogICAgfSwKICAgIHsKICAgICAgIm5hbWUiOiAibG9jYWwgZW50cnkgYXNzZXQgL2dvLWFkbWluL2NvbmZpZy5qcz92PTIwMjYwODI1LXJjMjAuMyIsCiAgICAgICJwYXNzZWQiOiB0cnVlCiAgICB9LAogICAgewogICAgICAibmFtZSI6ICJzZXJ2ZWQgZXhhY3QgYXNz
2026-09-10T08:15:36.9140349Z GO_EVIDENCE_B64 ZXQgL2dvLWFkbWluL2NvbmZpZy5qcz92PTIwMjYwODI1LXJjMjAuMyIsCiAgICAgICJwYXNzZWQiOiB0cnVlCiAgICB9LAogICAgewogICAgICAibmFtZSI6ICJsb2NhbCBlbnRyeSBhc3NldCAvZ28tYWRtaW4vcGVyc29uYWwtdHJhdmVsLXZhdWx0LmpzP3Y9MjAyNjA4MjUtcmMyMC4zIiwKICAgICAgInBhc3NlZCI6IHRydWUKICAgIH0sCiAgICB7CiAgICAgICJuYW1lIjogInNlcnZlZCBleGFjdCBhc3NldCAvZ28tYWRtaW4vcGVyc29uYWwtdHJhdmVsLXZhdWx0LmpzP3Y9MjAyNjA4MjUtcmMyMC4zIiwKICAgICAgInBhc3Nl
2026-09-10T08:15:36.9145817Z GO_EVIDENCE_B64 ZCI6IHRydWUKICAgIH0sCiAgICB7CiAgICAgICJuYW1lIjogImxvY2FsIGVudHJ5IGFzc2V0IC9nby1hZG1pbi9jb25zdW1lci1ncm93dGgtZGlyZWN0LXZhbHVlLmpzP3Y9MjAyNjA4MjUtcmMyMC4zIiwKICAgICAgInBhc3NlZCI6IHRydWUKICAgIH0sCiAgICB7CiAgICAgICJuYW1lIjogInNlcnZlZCBleGFjdCBhc3NldCAvZ28tYWRtaW4vY29uc3VtZXItZ3Jvd3RoLWRpcmVjdC12YWx1ZS5qcz92PTIwMjYwODI1LXJjMjAuMyIsCiAgICAgICJwYXNzZWQiOiB0cnVlCiAgICB9LAogICAgewogICAgICAibmFtZSI6ICJsb2Nh
2026-09-10T08:15:36.9150750Z GO_EVIDENCE_B64 bCBlbnRyeSBhc3NldCAvZ28tYWRtaW4vY29tbWVyY2lhbC1vcy5qcz92PTIwMjYwODI1LXJjMjAuMyIsCiAgICAgICJwYXNzZWQiOiB0cnVlCiAgICB9LAogICAgewogICAgICAibmFtZSI6ICJzZXJ2ZWQgZXhhY3QgYXNzZXQgL2dvLWFkbWluL2NvbW1lcmNpYWwtb3MuanM/dj0yMDI2MDgyNS1yYzIwLjMiLAogICAgICAicGFzc2VkIjogdHJ1ZQogICAgfSwKICAgIHsKICAgICAgIm5hbWUiOiAibG9jYWwgZW50cnkgYXNzZXQgL2dvLWFkbWluL2dvb2QtaG90ZWwtc3RhbmRhcmQuanM/dj0yMDI2MDgyNS1yYzIwLjMiLAogICAg
2026-09-10T08:15:36.9155108Z GO_EVIDENCE_B64 ICAicGFzc2VkIjogdHJ1ZQogICAgfSwKICAgIHsKICAgICAgIm5hbWUiOiAic2VydmVkIGV4YWN0IGFzc2V0IC9nby1hZG1pbi9nb29kLWhvdGVsLXN0YW5kYXJkLmpzP3Y9MjAyNjA4MjUtcmMyMC4zIiwKICAgICAgInBhc3NlZCI6IHRydWUKICAgIH0sCiAgICB7CiAgICAgICJuYW1lIjogImxvY2FsIGVudHJ5IGFzc2V0IC9nby1hZG1pbi9wcm9kdWN0aW9uLWNvbm5lY3RvcnMuanM/dj0yMDI2MDgyNS1yYzIwLjMiLAogICAgICAicGFzc2VkIjogdHJ1ZQogICAgfSwKICAgIHsKICAgICAgIm5hbWUiOiAic2VydmVkIGV4YWN0
2026-09-10T08:15:36.9159506Z GO_EVIDENCE_B64 IGFzc2V0IC9nby1hZG1pbi9wcm9kdWN0aW9uLWNvbm5lY3RvcnMuanM/dj0yMDI2MDgyNS1yYzIwLjMiLAogICAgICAicGFzc2VkIjogdHJ1ZQogICAgfSwKICAgIHsKICAgICAgIm5hbWUiOiAibG9jYWwgZW50cnkgYXNzZXQgL2dvLWFkbWluL3Byb2R1Y3Rpb24tY29ubmVjdG9yLXJ1bnRpbWUuanM/dj0yMDI2MDgyNS1yYzIwLjMiLAogICAgICAicGFzc2VkIjogdHJ1ZQogICAgfSwKICAgIHsKICAgICAgIm5hbWUiOiAic2VydmVkIGV4YWN0IGFzc2V0IC9nby1hZG1pbi9wcm9kdWN0aW9uLWNvbm5lY3Rvci1ydW50aW1lLmpz
2026-09-10T08:15:36.9163593Z GO_EVIDENCE_B64 P3Y9MjAyNjA4MjUtcmMyMC4zIiwKICAgICAgInBhc3NlZCI6IHRydWUKICAgIH0sCiAgICB7CiAgICAgICJuYW1lIjogImxvY2FsIGVudHJ5IGFzc2V0IC9nby1hZG1pbi9jb25uZWN0b3ItYWN0aXZhdGlvbi1yZWFkaW5lc3MuanM/dj0yMDI2MDgyNS1yYzIwLjMiLAogICAgICAicGFzc2VkIjogdHJ1ZQogICAgfSwKICAgIHsKICAgICAgIm5hbWUiOiAic2VydmVkIGV4YWN0IGFzc2V0IC9nby1hZG1pbi9jb25uZWN0b3ItYWN0aXZhdGlvbi1yZWFkaW5lc3MuanM/dj0yMDI2MDgyNS1yYzIwLjMiLAogICAgICAicGFzc2VkIjog
2026-09-10T08:15:36.9167995Z GO_EVIDENCE_B64 dHJ1ZQogICAgfSwKICAgIHsKICAgICAgIm5hbWUiOiAibG9jYWwgZW50cnkgYXNzZXQgL2dvLWFkbWluL3BhaXJlZC1jb25uZWN0b3ItcGlsb3QuanM/dj0yMDI2MDgyNS1yYzIwLjMiLAogICAgICAicGFzc2VkIjogdHJ1ZQogICAgfSwKICAgIHsKICAgICAgIm5hbWUiOiAic2VydmVkIGV4YWN0IGFzc2V0IC9nby1hZG1pbi9wYWlyZWQtY29ubmVjdG9yLXBpbG90LmpzP3Y9MjAyNjA4MjUtcmMyMC4zIiwKICAgICAgInBhc3NlZCI6IHRydWUKICAgIH0sCiAgICB7CiAgICAgICJuYW1lIjogImxvY2FsIGVudHJ5IGFzc2V0IC9n
2026-09-10T08:15:36.9172289Z GO_EVIDENCE_B64 by1hZG1pbi9leHRlcm5hbC1zYW5kYm94LWNlcnRpZmljYXRpb24uanM/dj0yMDI2MDgyNS1yYzIwLjMiLAogICAgICAicGFzc2VkIjogdHJ1ZQogICAgfSwKICAgIHsKICAgICAgIm5hbWUiOiAic2VydmVkIGV4YWN0IGFzc2V0IC9nby1hZG1pbi9leHRlcm5hbC1zYW5kYm94LWNlcnRpZmljYXRpb24uanM/dj0yMDI2MDgyNS1yYzIwLjMiLAogICAgICAicGFzc2VkIjogdHJ1ZQogICAgfSwKICAgIHsKICAgICAgIm5hbWUiOiAibG9jYWwgZW50cnkgYXNzZXQgL2dvLWFkbWluL25hbWVkLXN1cHBsaWVyLWV4ZWN1dGlvbi5qcz92
2026-09-10T08:15:36.9177169Z GO_EVIDENCE_B64 PTIwMjYwODI1LXJjMjAuMyIsCiAgICAgICJwYXNzZWQiOiB0cnVlCiAgICB9LAogICAgewogICAgICAibmFtZSI6ICJzZXJ2ZWQgZXhhY3QgYXNzZXQgL2dvLWFkbWluL25hbWVkLXN1cHBsaWVyLWV4ZWN1dGlvbi5qcz92PTIwMjYwODI1LXJjMjAuMyIsCiAgICAgICJwYXNzZWQiOiB0cnVlCiAgICB9LAogICAgewogICAgICAibmFtZSI6ICJsb2NhbCBlbnRyeSBhc3NldCAvZ28tYWRtaW4vaG9zdGVkLWRpcmVjdC1ib29raW5nLmpzP3Y9MjAyNjA4MjUtcmMyMC4zIiwKICAgICAgInBhc3NlZCI6IHRydWUKICAgIH0sCiAgICB7
2026-09-10T08:15:36.9183019Z GO_EVIDENCE_B64 CiAgICAgICJuYW1lIjogInNlcnZlZCBleGFjdCBhc3NldCAvZ28tYWRtaW4vaG9zdGVkLWRpcmVjdC1ib29raW5nLmpzP3Y9MjAyNjA4MjUtcmMyMC4zIiwKICAgICAgInBhc3NlZCI6IHRydWUKICAgIH0sCiAgICB7CiAgICAgICJuYW1lIjogImxvY2FsIGVudHJ5IGFzc2V0IC9nby1hZG1pbi9ob3N0ZWQtY29udGVudC1hY2NlcHRhbmNlLmpzP3Y9MjAyNjA4MjUtcmMyMC4zIiwKICAgICAgInBhc3NlZCI6IHRydWUKICAgIH0sCiAgICB7CiAgICAgICJuYW1lIjogInNlcnZlZCBleGFjdCBhc3NldCAvZ28tYWRtaW4vaG9zdGVk
2026-09-10T08:15:36.9188175Z GO_EVIDENCE_B64 LWNvbnRlbnQtYWNjZXB0YW5jZS5qcz92PTIwMjYwODI1LXJjMjAuMyIsCiAgICAgICJwYXNzZWQiOiB0cnVlCiAgICB9LAogICAgewogICAgICAibmFtZSI6ICJsb2NhbCBlbnRyeSBhc3NldCAvZ28tYWRtaW4vaG9zdGVkLXJlc2VydmF0aW9uLW9wZXJhdGlvbnMuanM/dj0yMDI2MDgyNS1yYzIwLjMiLAogICAgICAicGFzc2VkIjogdHJ1ZQogICAgfSwKICAgIHsKICAgICAgIm5hbWUiOiAic2VydmVkIGV4YWN0IGFzc2V0IC9nby1hZG1pbi9ob3N0ZWQtcmVzZXJ2YXRpb24tb3BlcmF0aW9ucy5qcz92PTIwMjYwODI1LXJjMjAu
2026-09-10T08:15:36.9192786Z GO_EVIDENCE_B64 MyIsCiAgICAgICJwYXNzZWQiOiB0cnVlCiAgICB9LAogICAgewogICAgICAibmFtZSI6ICJsb2NhbCBlbnRyeSBhc3NldCAvZ28tYWRtaW4vaG9zdGVkLWZyb250ZGVzay1jb21tYW5kLWNlbnRlci5qcz92PTIwMjYwODI1LXJjMjAuMyIsCiAgICAgICJwYXNzZWQiOiB0cnVlCiAgICB9LAogICAgewogICAgICAibmFtZSI6ICJzZXJ2ZWQgZXhhY3QgYXNzZXQgL2dvLWFkbWluL2hvc3RlZC1mcm9udGRlc2stY29tbWFuZC1jZW50ZXIuanM/dj0yMDI2MDgyNS1yYzIwLjMiLAogICAgICAicGFzc2VkIjogdHJ1ZQogICAgfSwKICAg
2026-09-10T08:15:36.9197483Z GO_EVIDENCE_B64 IHsKICAgICAgIm5hbWUiOiAibG9jYWwgZW50cnkgYXNzZXQgL2dvLWFkbWluL2FsaXBheS1zYWZlZ3VhcmRlZC1zZXR0bGVtZW50LmpzP3Y9MjAyNjA4MjUtcmMyMC4zIiwKICAgICAgInBhc3NlZCI6IHRydWUKICAgIH0sCiAgICB7CiAgICAgICJuYW1lIjogInNlcnZlZCBleGFjdCBhc3NldCAvZ28tYWRtaW4vYWxpcGF5LXNhZmVndWFyZGVkLXNldHRsZW1lbnQuanM/dj0yMDI2MDgyNS1yYzIwLjMiLAogICAgICAicGFzc2VkIjogdHJ1ZQogICAgfSwKICAgIHsKICAgICAgIm5hbWUiOiAibG9jYWwgZW50cnkgYXNzZXQgL2dv
2026-09-10T08:15:36.9202570Z GO_EVIDENCE_B64 LWFkbWluL3N0YXktb3BlcmF0aW9ucy1jb21tYW5kLWNlbnRlci5qcz92PTIwMjYwODI1LXJjMjAuMyIsCiAgICAgICJwYXNzZWQiOiB0cnVlCiAgICB9LAogICAgewogICAgICAibmFtZSI6ICJzZXJ2ZWQgZXhhY3QgYXNzZXQgL2dvLWFkbWluL3N0YXktb3BlcmF0aW9ucy1jb21tYW5kLWNlbnRlci5qcz92PTIwMjYwODI1LXJjMjAuMyIsCiAgICAgICJwYXNzZWQiOiB0cnVlCiAgICB9LAogICAgewogICAgICAibmFtZSI6ICJsb2NhbCBlbnRyeSBhc3NldCAvZ28tYWRtaW4vZGlzcHV0ZS1yZWNvbmNpbGlhdGlvbi1jb21tYW5k
2026-09-10T08:15:36.9207433Z GO_EVIDENCE_B64 LWNlbnRlci5qcz92PTIwMjYwODI1LXJjMjAuMyIsCiAgICAgICJwYXNzZWQiOiB0cnVlCiAgICB9LAogICAgewogICAgICAibmFtZSI6ICJzZXJ2ZWQgZXhhY3QgYXNzZXQgL2dvLWFkbWluL2Rpc3B1dGUtcmVjb25jaWxpYXRpb24tY29tbWFuZC1jZW50ZXIuanM/dj0yMDI2MDgyNS1yYzIwLjMiLAogICAgICAicGFzc2VkIjogdHJ1ZQogICAgfSwKICAgIHsKICAgICAgIm5hbWUiOiAibG9jYWwgZW50cnkgYXNzZXQgL2dvLWFkbWluL2FkbWluLXV4LmpzP3Y9MjAyNjA4MjUtcmMyMC4zIiwKICAgICAgInBhc3NlZCI6IHRydWUK
2026-09-10T08:15:36.9212012Z GO_EVIDENCE_B64 ICAgIH0sCiAgICB7CiAgICAgICJuYW1lIjogInNlcnZlZCBleGFjdCBhc3NldCAvZ28tYWRtaW4vYWRtaW4tdXguanM/dj0yMDI2MDgyNS1yYzIwLjMiLAogICAgICAicGFzc2VkIjogdHJ1ZQogICAgfSwKICAgIHsKICAgICAgIm5hbWUiOiAibG9jYWwgZW50cnkgYXNzZXQgL2dvLWFkbWluL2hvdGVsLXBhZ2UtZmFjdG9yeS5qcz92PTIwMjYwODI1LXJjMjAuMyIsCiAgICAgICJwYXNzZWQiOiB0cnVlCiAgICB9LAogICAgewogICAgICAibmFtZSI6ICJzZXJ2ZWQgZXhhY3QgYXNzZXQgL2dvLWFkbWluL2hvdGVsLXBhZ2UtZmFj
2026-09-10T08:15:36.9216374Z GO_EVIDENCE_B64 dG9yeS5qcz92PTIwMjYwODI1LXJjMjAuMyIsCiAgICAgICJwYXNzZWQiOiB0cnVlCiAgICB9LAogICAgewogICAgICAibmFtZSI6ICJsb2NhbCBlbnRyeSBhc3NldCAvZ28tYWRtaW4vaG9zdGVkLWZhdWx0LWZpbmFuY2UuanM/dj0yMDI2MDkwNy1kZXB0aDExIiwKICAgICAgInBhc3NlZCI6IHRydWUKICAgIH0sCiAgICB7CiAgICAgICJuYW1lIjogInNlcnZlZCBleGFjdCBhc3NldCAvZ28tYWRtaW4vaG9zdGVkLWZhdWx0LWZpbmFuY2UuanM/dj0yMDI2MDkwNy1kZXB0aDExIiwKICAgICAgInBhc3NlZCI6IHRydWUKICAgIH0s
2026-09-10T08:15:36.9221215Z GO_EVIDENCE_B64 CiAgICB7CiAgICAgICJuYW1lIjogImxvY2FsIGVudHJ5IGFzc2V0IC9nby1hZG1pbi9ob3N0ZWQtZGlzcnVwdGlvbi5qcz92PTIwMjYwOTA3LWRlcHRoMTAiLAogICAgICAicGFzc2VkIjogdHJ1ZQogICAgfSwKICAgIHsKICAgICAgIm5hbWUiOiAic2VydmVkIGV4YWN0IGFzc2V0IC9nby1hZG1pbi9ob3N0ZWQtZGlzcnVwdGlvbi5qcz92PTIwMjYwOTA3LWRlcHRoMTAiLAogICAgICAicGFzc2VkIjogdHJ1ZQogICAgfSwKICAgIHsKICAgICAgIm5hbWUiOiAibG9jYWwgZW50cnkgYXNzZXQgL2NvbnNvbGUtYXNzZXRzL2NhdGFs
2026-09-10T08:15:36.9226718Z GO_EVIDENCE_B64 b2ctcmVtZWR5LmpzP3Y9MjAyNjA5MDctZGVwdGgxMSIsCiAgICAgICJwYXNzZWQiOiB0cnVlCiAgICB9LAogICAgewogICAgICAibmFtZSI6ICJzZXJ2ZWQgZXhhY3QgYXNzZXQgL2NvbnNvbGUtYXNzZXRzL2NhdGFsb2ctcmVtZWR5LmpzP3Y9MjAyNjA5MDctZGVwdGgxMSIsCiAgICAgICJwYXNzZWQiOiB0cnVlCiAgICB9LAogICAgewogICAgICAibmFtZSI6ICJsb2NhbCBlbnRyeSBhc3NldCAvY29uc29sZS1hc3NldHMvYXBwLmpzP3Y9MjAyNjA5MDktZGVwdGgyOCIsCiAgICAgICJwYXNzZWQiOiB0cnVlCiAgICB9LAogICAg
2026-09-10T08:15:36.9232680Z GO_EVIDENCE_B64 ewogICAgICAibmFtZSI6ICJzZXJ2ZWQgZXhhY3QgYXNzZXQgL2NvbnNvbGUtYXNzZXRzL2FwcC5qcz92PTIwMjYwOTA5LWRlcHRoMjgiLAogICAgICAicGFzc2VkIjogdHJ1ZQogICAgfSwKICAgIHsKICAgICAgIm5hbWUiOiAic2VydmVkIGV4YWN0IHBhZ2UgL3N1cHBsaWVyLWNvbnNvbGUvIiwKICAgICAgInBhc3NlZCI6IHRydWUKICAgIH0sCiAgICB7CiAgICAgICJuYW1lIjogImxvY2FsIGVudHJ5IGFzc2V0IC9jb25zb2xlLWFzc2V0cy9zdHlsZXMuY3NzP3Y9MjAyNjA5MDktZGVwdGgyOCIsCiAgICAgICJwYXNzZWQiOiB0
2026-09-10T08:15:36.9237845Z GO_EVIDENCE_B64 cnVlCiAgICB9LAogICAgewogICAgICAibmFtZSI6ICJzZXJ2ZWQgZXhhY3QgYXNzZXQgL2NvbnNvbGUtYXNzZXRzL3N0eWxlcy5jc3M/dj0yMDI2MDkwOS1kZXB0aDI4IiwKICAgICAgInBhc3NlZCI6IHRydWUKICAgIH0sCiAgICB7CiAgICAgICJuYW1lIjogImxvY2FsIGVudHJ5IGFzc2V0IC9zdXBwbGllci1jb25zb2xlL2NvbmZpZy5qcz92PTIwMjYwODI1LXJjMjAuMyIsCiAgICAgICJwYXNzZWQiOiB0cnVlCiAgICB9LAogICAgewogICAgICAibmFtZSI6ICJzZXJ2ZWQgZXhhY3QgYXNzZXQgL3N1cHBsaWVyLWNvbnNvbGUv
2026-09-10T08:15:36.9242171Z GO_EVIDENCE_B64 Y29uZmlnLmpzP3Y9MjAyNjA4MjUtcmMyMC4zIiwKICAgICAgInBhc3NlZCI6IHRydWUKICAgIH0sCiAgICB7CiAgICAgICJuYW1lIjogImxvY2FsIGVudHJ5IGFzc2V0IC9zdXBwbGllci1jb25zb2xlL2RpcmVjdC12YWx1ZS1lY29ub21pY3MuanM/dj0yMDI2MDgyNS1yYzIwLjMiLAogICAgICAicGFzc2VkIjogdHJ1ZQogICAgfSwKICAgIHsKICAgICAgIm5hbWUiOiAic2VydmVkIGV4YWN0IGFzc2V0IC9zdXBwbGllci1jb25zb2xlL2RpcmVjdC12YWx1ZS1lY29ub21pY3MuanM/dj0yMDI2MDgyNS1yYzIwLjMiLAogICAgICAi
2026-09-10T08:15:36.9247004Z GO_EVIDENCE_B64 cGFzc2VkIjogdHJ1ZQogICAgfSwKICAgIHsKICAgICAgIm5hbWUiOiAibG9jYWwgZW50cnkgYXNzZXQgL2NvbnNvbGUtYXNzZXRzL2NhdGFsb2ctcmVtZWR5LmpzP3Y9MjAyNjA5MDctZGVwdGgxMSIsCiAgICAgICJwYXNzZWQiOiB0cnVlCiAgICB9LAogICAgewogICAgICAibmFtZSI6ICJzZXJ2ZWQgZXhhY3QgYXNzZXQgL2NvbnNvbGUtYXNzZXRzL2NhdGFsb2ctcmVtZWR5LmpzP3Y9MjAyNjA5MDctZGVwdGgxMSIsCiAgICAgICJwYXNzZWQiOiB0cnVlCiAgICB9LAogICAgewogICAgICAibmFtZSI6ICJsb2NhbCBlbnRyeSBh
2026-09-10T08:15:36.9251852Z GO_EVIDENCE_B64 c3NldCAvc3VwcGxpZXItY29uc29sZS9jYXRhbG9nLWZhcmUuanM/dj0yMDI2MDkwNy1kZXB0aDEzIiwKICAgICAgInBhc3NlZCI6IHRydWUKICAgIH0sCiAgICB7CiAgICAgICJuYW1lIjogInNlcnZlZCBleGFjdCBhc3NldCAvc3VwcGxpZXItY29uc29sZS9jYXRhbG9nLWZhcmUuanM/dj0yMDI2MDkwNy1kZXB0aDEzIiwKICAgICAgInBhc3NlZCI6IHRydWUKICAgIH0sCiAgICB7CiAgICAgICJuYW1lIjogImxvY2FsIGVudHJ5IGFzc2V0IC9jb25zb2xlLWFzc2V0cy9hcHAuanM/dj0yMDI2MDkwOS1kZXB0aDI4IiwKICAgICAg
2026-09-10T08:15:36.9256553Z GO_EVIDENCE_B64 InBhc3NlZCI6IHRydWUKICAgIH0sCiAgICB7CiAgICAgICJuYW1lIjogInNlcnZlZCBleGFjdCBhc3NldCAvY29uc29sZS1hc3NldHMvYXBwLmpzP3Y9MjAyNjA5MDktZGVwdGgyOCIsCiAgICAgICJwYXNzZWQiOiB0cnVlCiAgICB9LAogICAgewogICAgICAibmFtZSI6ICJzZXJ2ZWQgZXhhY3QgcGFnZSAvZ28tYXBwL2RpcmVjdC5odG1sIiwKICAgICAgInBhc3NlZCI6IHRydWUKICAgIH0sCiAgICB7CiAgICAgICJuYW1lIjogImxvY2FsIGVudHJ5IGFzc2V0IC9nby1hcHAvZGlyZWN0LmNzcz92PTIwMjYwOTA3LWRlcHRoMTAi
2026-09-10T08:15:36.9261665Z GO_EVIDENCE_B64 LAogICAgICAicGFzc2VkIjogdHJ1ZQogICAgfSwKICAgIHsKICAgICAgIm5hbWUiOiAic2VydmVkIGV4YWN0IGFzc2V0IC9nby1hcHAvZGlyZWN0LmNzcz92PTIwMjYwOTA3LWRlcHRoMTAiLAogICAgICAicGFzc2VkIjogdHJ1ZQogICAgfSwKICAgIHsKICAgICAgIm5hbWUiOiAibG9jYWwgZW50cnkgYXNzZXQgL2dvLWFwcC9ib29raW5nLXRyYXZlbGVycy5jc3M/dj0yMDI2MDkwNy1tYXN0ZXIwMyIsCiAgICAgICJwYXNzZWQiOiB0cnVlCiAgICB9LAogICAgewogICAgICAibmFtZSI6ICJzZXJ2ZWQgZXhhY3QgYXNzZXQgL2dv
2026-09-10T08:15:36.9266494Z GO_EVIDENCE_B64 LWFwcC9ib29raW5nLXRyYXZlbGVycy5jc3M/dj0yMDI2MDkwNy1tYXN0ZXIwMyIsCiAgICAgICJwYXNzZWQiOiB0cnVlCiAgICB9LAogICAgewogICAgICAibmFtZSI6ICJsb2NhbCBlbnRyeSBhc3NldCAvZ28tYXBwL2RpcmVjdC1mYXJlLmpzP3Y9MjAyNjA5MDctZGVwdGgxMCIsCiAgICAgICJwYXNzZWQiOiB0cnVlCiAgICB9LAogICAgewogICAgICAibmFtZSI6ICJzZXJ2ZWQgZXhhY3QgYXNzZXQgL2dvLWFwcC9kaXJlY3QtZmFyZS5qcz92PTIwMjYwOTA3LWRlcHRoMTAiLAogICAgICAicGFzc2VkIjogdHJ1ZQogICAgfSwK
2026-09-10T08:15:36.9271476Z GO_EVIDENCE_B64 ICAgIHsKICAgICAgIm5hbWUiOiAibG9jYWwgZW50cnkgYXNzZXQgL2dvLWFwcC9kaXJlY3QtYWZ0ZXItc2FsZXMuanM/dj0yMDI2MDkwNy1kZXB0aDExIiwKICAgICAgInBhc3NlZCI6IHRydWUKICAgIH0sCiAgICB7CiAgICAgICJuYW1lIjogInNlcnZlZCBleGFjdCBhc3NldCAvZ28tYXBwL2RpcmVjdC1hZnRlci1zYWxlcy5qcz92PTIwMjYwOTA3LWRlcHRoMTEiLAogICAgICAicGFzc2VkIjogdHJ1ZQogICAgfSwKICAgIHsKICAgICAgIm5hbWUiOiAibG9jYWwgZW50cnkgYXNzZXQgL2dvLWFwcC9kaXJlY3QtY3JlZGl0Lmpz
2026-09-10T08:15:36.9276800Z GO_EVIDENCE_B64 P3Y9MjAyNjA5MDctZGVwdGgxMCIsCiAgICAgICJwYXNzZWQiOiB0cnVlCiAgICB9LAogICAgewogICAgICAibmFtZSI6ICJzZXJ2ZWQgZXhhY3QgYXNzZXQgL2dvLWFwcC9kaXJlY3QtY3JlZGl0LmpzP3Y9MjAyNjA5MDctZGVwdGgxMCIsCiAgICAgICJwYXNzZWQiOiB0cnVlCiAgICB9LAogICAgewogICAgICAibmFtZSI6ICJsb2NhbCBlbnRyeSBhc3NldCAvZ28tYXBwL2RpcmVjdC5qcz92PTIwMjYwOTA3LWRlcHRoMTAiLAogICAgICAicGFzc2VkIjogdHJ1ZQogICAgfSwKICAgIHsKICAgICAgIm5hbWUiOiAic2VydmVkIGV4
2026-09-10T08:15:36.9282412Z GO_EVIDENCE_B64 YWN0IGFzc2V0IC9nby1hcHAvZGlyZWN0LmpzP3Y9MjAyNjA5MDctZGVwdGgxMCIsCiAgICAgICJwYXNzZWQiOiB0cnVlCiAgICB9LAogICAgewogICAgICAibmFtZSI6ICJjb25zdW1lciB1bmF1dGhlbnRpY2F0ZWQiLAogICAgICAicGFzc2VkIjogdHJ1ZQogICAgfSwKICAgIHsKICAgICAgIm5hbWUiOiAiY29uc3VtZXIgbG9naW4iLAogICAgICAicGFzc2VkIjogdHJ1ZQogICAgfSwKICAgIHsKICAgICAgIm5hbWUiOiAiY29uc3VtZXIgaWRlbnRpdHkgbWF0Y2hlcyIsCiAgICAgICJwYXNzZWQiOiB0cnVlCiAgICB9LAogICAg
2026-09-10T08:15:36.9288065Z GO_EVIDENCE_B64 ewogICAgICAibmFtZSI6ICJzdXBwbGllciBsb2dpbiIsCiAgICAgICJwYXNzZWQiOiB0cnVlCiAgICB9LAogICAgewogICAgICAibmFtZSI6ICJzdXBwbGllciByb2xlIiwKICAgICAgInBhc3NlZCI6IHRydWUKICAgIH0sCiAgICB7CiAgICAgICJuYW1lIjogInN1cHBsaWVyIG93bmVyc2hpcCIsCiAgICAgICJwYXNzZWQiOiB0cnVlCiAgICB9LAogICAgewogICAgICAibmFtZSI6ICJjb25zdW1lciBzdXJ2aXZlcyBjb25zb2xlIGxvZ2luIiwKICAgICAgInBhc3NlZCI6IHRydWUKICAgIH0sCiAgICB7CiAgICAgICJuYW1lIjog
2026-09-10T08:15:36.9293658Z GO_EVIDENCE_B64 InN1cHBsaWVyIHJlZnJlc2giLAogICAgICAicGFzc2VkIjogdHJ1ZQogICAgfSwKICAgIHsKICAgICAgIm5hbWUiOiAic3VwcGxpZXIgcmVmcmVzaCByb3RhdGVzIHRva2VuIiwKICAgICAgInBhc3NlZCI6IHRydWUKICAgIH0sCiAgICB7CiAgICAgICJuYW1lIjogInN1cHBsaWVyIHdyb25nLXJvbGUgbG9naW4gcmVqZWN0ZWQiLAogICAgICAicGFzc2VkIjogdHJ1ZQogICAgfSwKICAgIHsKICAgICAgIm5hbWUiOiAic3VwcGxpZXIgd3Jvbmctcm9sZSBsZWF2ZXMgaWRlbnRpdHkiLAogICAgICAicGFzc2VkIjogdHJ1ZQogICAg
2026-09-10T08:15:36.9299353Z GO_EVIDENCE_B64 fSwKICAgIHsKICAgICAgIm5hbWUiOiAic3VwcGxpZXIgbG9nb3V0IiwKICAgICAgInBhc3NlZCI6IHRydWUKICAgIH0sCiAgICB7CiAgICAgICJuYW1lIjogInN1cHBsaWVyIHByb3RlY3RlZCByZWFkIGRlbmllZCBhZnRlciBsb2dvdXQiLAogICAgICAicGFzc2VkIjogdHJ1ZQogICAgfSwKICAgIHsKICAgICAgIm5hbWUiOiAiY29uc3VtZXIgc3Vydml2ZXMgc3VwcGxpZXIgbG9nb3V0IiwKICAgICAgInBhc3NlZCI6IHRydWUKICAgIH0sCiAgICB7CiAgICAgICJuYW1lIjogImFkbWluIGxvZ2luIiwKICAgICAgInBhc3NlZCI6
2026-09-10T08:15:36.9304950Z GO_EVIDENCE_B64 IHRydWUKICAgIH0sCiAgICB7CiAgICAgICJuYW1lIjogImFkbWluIHJvbGUiLAogICAgICAicGFzc2VkIjogdHJ1ZQogICAgfSwKICAgIHsKICAgICAgIm5hbWUiOiAiY29uc3VtZXIgc3Vydml2ZXMgY29uc29sZSBsb2dpbiIsCiAgICAgICJwYXNzZWQiOiB0cnVlCiAgICB9LAogICAgewogICAgICAibmFtZSI6ICJhZG1pbiByZWZyZXNoIiwKICAgICAgInBhc3NlZCI6IHRydWUKICAgIH0sCiAgICB7CiAgICAgICJuYW1lIjogImFkbWluIHJlZnJlc2ggcm90YXRlcyB0b2tlbiIsCiAgICAgICJwYXNzZWQiOiB0cnVlCiAgICB9
2026-09-10T08:15:36.9310584Z GO_EVIDENCE_B64 LAogICAgewogICAgICAibmFtZSI6ICJhZG1pbiB3cm9uZy1yb2xlIGxvZ2luIHJlamVjdGVkIiwKICAgICAgInBhc3NlZCI6IHRydWUKICAgIH0sCiAgICB7CiAgICAgICJuYW1lIjogImFkbWluIHdyb25nLXJvbGUgbGVhdmVzIGlkZW50aXR5IiwKICAgICAgInBhc3NlZCI6IHRydWUKICAgIH0sCiAgICB7CiAgICAgICJuYW1lIjogImFkbWluIGxvZ291dCIsCiAgICAgICJwYXNzZWQiOiB0cnVlCiAgICB9LAogICAgewogICAgICAibmFtZSI6ICJhZG1pbiBwcm90ZWN0ZWQgcmVhZCBkZW5pZWQgYWZ0ZXIgbG9nb3V0IiwKICAg
2026-09-10T08:15:36.9316155Z GO_EVIDENCE_B64 ICAgInBhc3NlZCI6IHRydWUKICAgIH0sCiAgICB7CiAgICAgICJuYW1lIjogImNvbnN1bWVyIHN1cnZpdmVzIGFkbWluIGxvZ291dCIsCiAgICAgICJwYXNzZWQiOiB0cnVlCiAgICB9LAogICAgewogICAgICAibmFtZSI6ICJjb25zdW1lciByZWZyZXNoIiwKICAgICAgInBhc3NlZCI6IHRydWUKICAgIH0sCiAgICB7CiAgICAgICJuYW1lIjogImNvbnN1bWVyIHJlZnJlc2ggcm90YXRlcyB0b2tlbiIsCiAgICAgICJwYXNzZWQiOiB0cnVlCiAgICB9LAogICAgewogICAgICAibmFtZSI6ICJjb25zdW1lciBsb2dvdXQiLAogICAg
2026-09-10T08:15:36.9321838Z GO_EVIDENCE_B64 ICAicGFzc2VkIjogdHJ1ZQogICAgfSwKICAgIHsKICAgICAgIm5hbWUiOiAiY29uc3VtZXIgcHJvdGVjdGVkIHJlYWQgZGVuaWVkIGFmdGVyIGxvZ291dCIsCiAgICAgICJwYXNzZWQiOiB0cnVlCiAgICB9LAogICAgewogICAgICAibmFtZSI6ICJjb25zdW1lciByZWZyZXNoIGRlbmllZCBhZnRlciBsb2dvdXQiLAogICAgICAicGFzc2VkIjogdHJ1ZQogICAgfSwKICAgIHsKICAgICAgIm5hbWUiOiAiZXhpc3Rpbmcgc3RhdGUgcHJlc2VydmVkIiwKICAgICAgInBhc3NlZCI6IHRydWUKICAgIH0KICBdLAogICJyZXF1ZXN0cyI6
2026-09-10T08:15:36.9327814Z GO_EVIDENCE_B64 IFsKICAgIHsKICAgICAgInBhdGgiOiAiL2hlYWx0aCIsCiAgICAgICJtZXRob2QiOiAiR0VUIiwKICAgICAgInN0YXR1cyI6IDIwMCwKICAgICAgInJlc3BvbnNlX3NoYTI1NiI6ICIxZDljODAwZDQ1NTM2YjliNzgxNWU4ZmU4NzFkYzI4ZjE0ZWEyN2ZkNmM1ODIxNGM1OGZiYzgxZGJjZTRlMDQ1IiwKICAgICAgInNvdXJjZV90cmVlX2hlYWRlciI6ICJjNThlZGIwYzA1NjhjM2Y5ZmU4MGJhMDE0YzI2MDUxM2EwN2E4ZTc0YjIxMWI2MDhhZGU0ZDkwNTJmODY0NWIzIgogICAgfSwKICAgIHsKICAgICAgInBhdGgiOiAiL19fYWNj
2026-09-10T08:15:36.9333365Z GO_EVIDENCE_B64 ZXB0YW5jZS9iaW5kaW5nIiwKICAgICAgIm1ldGhvZCI6ICJHRVQiLAogICAgICAic3RhdHVzIjogMjAwLAogICAgICAicmVzcG9uc2Vfc2hhMjU2IjogIjc2ZjRhNTQ4ODZmZDEzYzAxYmM4YmNjNjM2OWMzNmJiN2NlMDhiM2ZjNTBiMTEwOGZjYTJhNzc0YzA0ZTQzNmYiLAogICAgICAic291cmNlX3RyZWVfaGVhZGVyIjogImM1OGVkYjBjMDU2OGMzZjlmZTgwYmEwMTRjMjYwNTEzYTA3YThlNzRiMjExYjYwOGFkZTRkOTA1MmY4NjQ1YjMiCiAgICB9LAogICAgewogICAgICAicGF0aCI6ICIvaGVhbHRoIiwKICAgICAgIm1ldGhv
2026-09-10T08:15:36.9338997Z GO_EVIDENCE_B64 ZCI6ICJHRVQiLAogICAgICAic3RhdHVzIjogNDAzLAogICAgICAicmVzcG9uc2Vfc2hhMjU2IjogImFiNjg5ZTg5NzdlODc2NzExOWQ3NDIwMThkODg4ZTkwMjI2MjFmNWZkZmJhNGMzNjc3NjM1ZGVlYTU0OGZiMDciLAogICAgICAic291cmNlX3RyZWVfaGVhZGVyIjogbnVsbAogICAgfSwKICAgIHsKICAgICAgInBhdGgiOiAiL2dvLWFwcC8iLAogICAgICAibWV0aG9kIjogIkdFVCIsCiAgICAgICJzdGF0dXMiOiAyMDAsCiAgICAgICJyZXNwb25zZV9zaGEyNTYiOiAiNjYxYjQ0OWFmMmU4NGFjYTZkNmFhOWI1MThjMWJlMTVj
2026-09-10T08:15:36.9344547Z GO_EVIDENCE_B64 NDBkYjhkYjY3ZTI2OGI4NTU5MDc0OGI0MmM5OTg4YSIsCiAgICAgICJzb3VyY2VfdHJlZV9oZWFkZXIiOiAiYzU4ZWRiMGMwNTY4YzNmOWZlODBiYTAxNGMyNjA1MTNhMDdhOGU3NGIyMTFiNjA4YWRlNGQ5MDUyZjg2NDViMyIKICAgIH0sCiAgICB7CiAgICAgICJwYXRoIjogIi9nby1hcHAvc3R5bGVzLmNzcz92PTIwMjYwOTA5LWRlcHRoMjgiLAogICAgICAibWV0aG9kIjogIkdFVCIsCiAgICAgICJzdGF0dXMiOiAyMDAsCiAgICAgICJyZXNwb25zZV9zaGEyNTYiOiAiMjE5MmQyNDZjODdkY2Q4ZjAwZDdjYTUyOGJhYThjMGQy
2026-09-10T08:15:36.9350183Z GO_EVIDENCE_B64 MjQzMjI4NTZhNTBmYTEyYWY1OTdkMzM0NDhkNzc5ZiIsCiAgICAgICJzb3VyY2VfdHJlZV9oZWFkZXIiOiAiYzU4ZWRiMGMwNTY4YzNmOWZlODBiYTAxNGMyNjA1MTNhMDdhOGU3NGIyMTFiNjA4YWRlNGQ5MDUyZjg2NDViMyIKICAgIH0sCiAgICB7CiAgICAgICJwYXRoIjogIi9nby1hcHAvdmktcmVmZXJlbmNlLTEwLmNzcz92PTIwMjYwOTA5LWRlcHRoMjgiLAogICAgICAibWV0aG9kIjogIkdFVCIsCiAgICAgICJzdGF0dXMiOiAyMDAsCiAgICAgICJyZXNwb25zZV9zaGEyNTYiOiAiOWQ3NmIwNjk3ZmE0MGNjNTU0ZGYzNjE3
2026-09-10T08:15:36.9355799Z GO_EVIDENCE_B64 ODE5MTMzZmVhOGUwYzhkODVkNGE0YTg4MmUyYTEyZmE4NmQ5ZjEyNCIsCiAgICAgICJzb3VyY2VfdHJlZV9oZWFkZXIiOiAiYzU4ZWRiMGMwNTY4YzNmOWZlODBiYTAxNGMyNjA1MTNhMDdhOGU3NGIyMTFiNjA4YWRlNGQ5MDUyZjg2NDViMyIKICAgIH0sCiAgICB7CiAgICAgICJwYXRoIjogIi9nby1hcHAvZmxpZ2h0LWpvdXJuZXlzLmNzcz92PTIwMjYwOTA2LWRlcHRoMSIsCiAgICAgICJtZXRob2QiOiAiR0VUIiwKICAgICAgInN0YXR1cyI6IDIwMCwKICAgICAgInJlc3BvbnNlX3NoYTI1NiI6ICI1NjhmMGUxMWM0YWY1ZmI3
2026-09-10T08:15:36.9360904Z GO_EVIDENCE_B64 YzFmMzdlY2FlMGRmZTc1YmJmZDM2MTZlZDljODZmOGVkOWU4MWU3OWRjZWJmZTNhIiwKICAgICAgInNvdXJjZV90cmVlX2hlYWRlciI6ICJjNThlZGIwYzA1NjhjM2Y5ZmU4MGJhMDE0YzI2MDUxM2EwN2E4ZTc0YjIxMWI2MDhhZGU0ZDkwNTJmODY0NWIzIgogICAgfSwKICAgIHsKICAgICAgInBhdGgiOiAiL2dvLWFwcC9ib29raW5nLXRyYXZlbGVycy5jc3M/dj0yMDI2MDkwNy1tYXN0ZXIwMyIsCiAgICAgICJtZXRob2QiOiAiR0VUIiwKICAgICAgInN0YXR1cyI6IDIwMCwKICAgICAgInJlc3BvbnNlX3NoYTI1NiI6ICIwYTJj
2026-09-10T08:15:36.9365882Z GO_EVIDENCE_B64 OTU3NWI4MGNkZTAzMTRlODU0ZDk5ZmRkZmJjMzQxM2QwZWQ4MDk2NjU2MTViYjgwZWRhYjBmZGRlNWE1IiwKICAgICAgInNvdXJjZV90cmVlX2hlYWRlciI6ICJjNThlZGIwYzA1NjhjM2Y5ZmU4MGJhMDE0YzI2MDUxM2EwN2E4ZTc0YjIxMWI2MDhhZGU0ZDkwNTJmODY0NWIzIgogICAgfSwKICAgIHsKICAgICAgInBhdGgiOiAiL2dvLWFwcC92YXVsdC1tYW5hZ2VyLmNzcz92PTIwMjYwOTA3LWRlcHRoMDQiLAogICAgICAibWV0aG9kIjogIkdFVCIsCiAgICAgICJzdGF0dXMiOiAyMDAsCiAgICAgICJyZXNwb25zZV9zaGEyNTYi
2026-09-10T08:15:36.9370993Z GO_EVIDENCE_B64 OiAiYTM3MzRlYmZlZDE2ODIxNzdlNmUxYzc1NjFkOGUyNWVlY2E5NmU2MTE3ZDhhY2U3Njk0NzI4ZGFiMWVjY2YzZSIsCiAgICAgICJzb3VyY2VfdHJlZV9oZWFkZXIiOiAiYzU4ZWRiMGMwNTY4YzNmOWZlODBiYTAxNGMyNjA1MTNhMDdhOGU3NGIyMTFiNjA4YWRlNGQ5MDUyZjg2NDViMyIKICAgIH0sCiAgICB7CiAgICAgICJwYXRoIjogIi9nby1hcHAvdHJhdmVsLXN0YXR1cy5jc3M/dj0yMDI2MDkwOC1kZXB0aDE5IiwKICAgICAgIm1ldGhvZCI6ICJHRVQiLAogICAgICAic3RhdHVzIjogMjAwLAogICAgICAicmVzcG9uc2Vf
2026-09-10T08:15:36.9376347Z GO_EVIDENCE_B64 c2hhMjU2IjogImQyZDg5NjgyNWVhMDBhZGVlM2NkYzViZWFhZTQwZWUwNWIyYWYxYTMwOWY0OTBiZTIyYjM1NmZjMjBmNzc3MzgiLAogICAgICAic291cmNlX3RyZWVfaGVhZGVyIjogImM1OGVkYjBjMDU2OGMzZjlmZTgwYmEwMTRjMjYwNTEzYTA3YThlNzRiMjExYjYwOGFkZTRkOTA1MmY4NjQ1YjMiCiAgICB9LAogICAgewogICAgICAicGF0aCI6ICIvZ28tYXBwL2RpcmVjdC1hZnRlci1zYWxlcy5qcz92PTIwMjYwOTA3LWRlcHRoMTIiLAogICAgICAibWV0aG9kIjogIkdFVCIsCiAgICAgICJzdGF0dXMiOiAyMDAsCiAgICAg
2026-09-10T08:15:36.9382229Z GO_EVIDENCE_B64 ICJyZXNwb25zZV9zaGEyNTYiOiAiZDAxMGFkZGFhODI1N2NhYmM5OWVmMzZkMDllMDc3ZTFhNDU3MjRkMjNiNzgyYjk4ODhkZjJlOWRhMDMyNTg2YyIsCiAgICAgICJzb3VyY2VfdHJlZV9oZWFkZXIiOiAiYzU4ZWRiMGMwNTY4YzNmOWZlODBiYTAxNGMyNjA1MTNhMDdhOGU3NGIyMTFiNjA4YWRlNGQ5MDUyZjg2NDViMyIKICAgIH0sCiAgICB7CiAgICAgICJwYXRoIjogIi9nby1hcHAvdHJpcC1uYXZpZ2F0aW9uLmpzP3Y9MjAyNjA5MDktZGVwdGgyOSIsCiAgICAgICJtZXRob2QiOiAiR0VUIiwKICAgICAgInN0YXR1cyI6IDIw
2026-09-10T08:15:36.9387370Z GO_EVIDENCE_B64 MCwKICAgICAgInJlc3BvbnNlX3NoYTI1NiI6ICIyODNlMTkzZmM4OWJlZjNlMzM4NTAyODJlZDBiODIzNzgwMzg1M2VkZjA0Y2UzMGZjNDdlYzQ1YWVjOTcyMGU5IiwKICAgICAgInNvdXJjZV90cmVlX2hlYWRlciI6ICJjNThlZGIwYzA1NjhjM2Y5ZmU4MGJhMDE0YzI2MDUxM2EwN2E4ZTc0YjIxMWI2MDhhZGU0ZDkwNTJmODY0NWIzIgogICAgfSwKICAgIHsKICAgICAgInBhdGgiOiAiL2dvLWFwcC9hcHAuanM/dj0yMDI2MDkwOS1kZXB0aDI5IiwKICAgICAgIm1ldGhvZCI6ICJHRVQiLAogICAgICAic3RhdHVzIjogMjAwLAog
2026-09-10T08:15:36.9392594Z GO_EVIDENCE_B64 ICAgICAicmVzcG9uc2Vfc2hhMjU2IjogIjQ4Yjc0OGFkMjAwNzIxODY0ZDZhMDczZDEyYjBkM2FiZTU4ZTJjOTZmZGZmZGIzNDNkMmNmMzM3ZmZmMDVmODQiLAogICAgICAic291cmNlX3RyZWVfaGVhZGVyIjogImM1OGVkYjBjMDU2OGMzZjlmZTgwYmEwMTRjMjYwNTEzYTA3YThlNzRiMjExYjYwOGFkZTRkOTA1MmY4NjQ1YjMiCiAgICB9LAogICAgewogICAgICAicGF0aCI6ICIvZ28tYXBwL2ZsaWdodC1qb3VybmV5cy5qcz92PTIwMjYwOTA2LWRlcHRoMSIsCiAgICAgICJtZXRob2QiOiAiR0VUIiwKICAgICAgInN0YXR1cyI6
2026-09-10T08:15:36.9397785Z GO_EVIDENCE_B64 IDIwMCwKICAgICAgInJlc3BvbnNlX3NoYTI1NiI6ICI5ZmNhNmQ1MmM4NTk3YTkxYTA4NzlkNWM1YzA1MDdiM2RhZGY2YjA4MGFlMzZlMTcxODM0NjNkZDY4ZGYxMjIxIiwKICAgICAgInNvdXJjZV90cmVlX2hlYWRlciI6ICJjNThlZGIwYzA1NjhjM2Y5ZmU4MGJhMDE0YzI2MDUxM2EwN2E4ZTc0YjIxMWI2MDhhZGU0ZDkwNTJmODY0NWIzIgogICAgfSwKICAgIHsKICAgICAgInBhdGgiOiAiL2dvLWFwcC9jYXRhbG9nLWZhcmUuanM/dj0yMDI2MDkwNy1kZXB0aDEzIiwKICAgICAgIm1ldGhvZCI6ICJHRVQiLAogICAgICAic3Rh
2026-09-10T08:15:36.9402935Z GO_EVIDENCE_B64 dHVzIjogMjAwLAogICAgICAicmVzcG9uc2Vfc2hhMjU2IjogImMyMGViZGYwMTFjZTgzYWU2M2JlZGJiYzBmMDAyZWYyNjM5ZDJmZjVmZmE3N2JkZjZlYjRhNDllNzNjODIzYjYiLAogICAgICAic291cmNlX3RyZWVfaGVhZGVyIjogImM1OGVkYjBjMDU2OGMzZjlmZTgwYmEwMTRjMjYwNTEzYTA3YThlNzRiMjExYjYwOGFkZTRkOTA1MmY4NjQ1YjMiCiAgICB9LAogICAgewogICAgICAicGF0aCI6ICIvZ28tYXBwL2NhdGFsb2ctY2FzaC1mYXJlLmpzP3Y9MjAyNjA5MDctZGVwdGgxNCIsCiAgICAgICJtZXRob2QiOiAiR0VUIiwK
2026-09-10T08:15:36.9408509Z GO_EVIDENCE_B64 ICAgICAgInN0YXR1cyI6IDIwMCwKICAgICAgInJlc3BvbnNlX3NoYTI1NiI6ICJjMzlhNTFhMmI0OWU2MzhmZmEyMTA4YjhkZTlhNjJhYmQ2MDQxODczZmIyMjE1MDIyNzA2NGZhODMzNzM1ZGQ0IiwKICAgICAgInNvdXJjZV90cmVlX2hlYWRlciI6ICJjNThlZGIwYzA1NjhjM2Y5ZmU4MGJhMDE0YzI2MDUxM2EwN2E4ZTc0YjIxMWI2MDhhZGU0ZDkwNTJmODY0NWIzIgogICAgfSwKICAgIHsKICAgICAgInBhdGgiOiAiL2dvLWFwcC9ib29raW5nLXRyYXZlbGVycy5qcz92PTIwMjYwOTA4LWRlcHRoMjAiLAogICAgICAibWV0aG9k
2026-09-10T08:15:36.9413844Z GO_EVIDENCE_B64 IjogIkdFVCIsCiAgICAgICJzdGF0dXMiOiAyMDAsCiAgICAgICJyZXNwb25zZV9zaGEyNTYiOiAiYWZkMjI4Y2U5NmE4N2RmMDRiMGM2YjAwZmNjYTQ0NWU2M2ExZGRhOWYzODJiNjlkMzg3ZjdjYTEyZjk5NDkwOSIsCiAgICAgICJzb3VyY2VfdHJlZV9oZWFkZXIiOiAiYzU4ZWRiMGMwNTY4YzNmOWZlODBiYTAxNGMyNjA1MTNhMDdhOGU3NGIyMTFiNjA4YWRlNGQ5MDUyZjg2NDViMyIKICAgIH0sCiAgICB7CiAgICAgICJwYXRoIjogIi9nby1hcHAvY2F0YWxvZy1jcmVkaXQuanM/dj0yMDI2MDkwNy1kZXB0aDEyIiwKICAgICAg
2026-09-10T08:15:36.9419273Z GO_EVIDENCE_B64 Im1ldGhvZCI6ICJHRVQiLAogICAgICAic3RhdHVzIjogMjAwLAogICAgICAicmVzcG9uc2Vfc2hhMjU2IjogImNmZGY0ZTdkOWVhZDUyYWJkMzlkMTY1NDkzMjgyNWM1MTBjYjVjMWVmY2I3Y2EyZmQ5MjZmNTk4MGRjNDUzMzMiLAogICAgICAic291cmNlX3RyZWVfaGVhZGVyIjogImM1OGVkYjBjMDU2OGMzZjlmZTgwYmEwMTRjMjYwNTEzYTA3YThlNzRiMjExYjYwOGFkZTRkOTA1MmY4NjQ1YjMiCiAgICB9LAogICAgewogICAgICAicGF0aCI6ICIvZ28tYXBwL3JlbnRhbC1hZnRlci1zYWxlcy5qcz92PTIwMjYwOTA3LWRlcHRo
2026-09-10T08:15:36.9425013Z GO_EVIDENCE_B64 MDYiLAogICAgICAibWV0aG9kIjogIkdFVCIsCiAgICAgICJzdGF0dXMiOiAyMDAsCiAgICAgICJyZXNwb25zZV9zaGEyNTYiOiAiOTUzZGY1NGQxNTk0NmUyMzczMjI4MDRhMmZiZmRlZjg1YjM5ODE3ODQ0ZGZmYjJiZmE5MmRiOWM5OTY0OTAwNiIsCiAgICAgICJzb3VyY2VfdHJlZV9oZWFkZXIiOiAiYzU4ZWRiMGMwNTY4YzNmOWZlODBiYTAxNGMyNjA1MTNhMDdhOGU3NGIyMTFiNjA4YWRlNGQ5MDUyZjg2NDViMyIKICAgIH0sCiAgICB7CiAgICAgICJwYXRoIjogIi9nby1hcHAvdmF1bHQtbWFuYWdlci5qcz92PTIwMjYwOTA3
2026-09-10T08:15:36.9431265Z GO_EVIDENCE_B64 LWRlcHRoMDQiLAogICAgICAibWV0aG9kIjogIkdFVCIsCiAgICAgICJzdGF0dXMiOiAyMDAsCiAgICAgICJyZXNwb25zZV9zaGEyNTYiOiAiMTBjZWY1MmIyYmZiMDE1NTc1NTI4NWFmZmUzOTgyMzY3OGI5ODkwMjM0ZDkxOGMyZDZiZjQzM2FmOWM2N2Q3MiIsCiAgICAgICJzb3VyY2VfdHJlZV9oZWFkZXIiOiAiYzU4ZWRiMGMwNTY4YzNmOWZlODBiYTAxNGMyNjA1MTNhMDdhOGU3NGIyMTFiNjA4YWRlNGQ5MDUyZjg2NDViMyIKICAgIH0sCiAgICB7CiAgICAgICJwYXRoIjogIi9nby1hcHAvdHJhdmVsLXN0YXR1cy5qcz92PTIw
2026-09-10T08:15:36.9436814Z GO_EVIDENCE_B64 MjYwOTA4LWRlcHRoMTkiLAogICAgICAibWV0aG9kIjogIkdFVCIsCiAgICAgICJzdGF0dXMiOiAyMDAsCiAgICAgICJyZXNwb25zZV9zaGEyNTYiOiAiNDMxMzBlZGE4OGU3OThmZDRlOWVlM2Y4ZjgzMTAwY2IwOTc4N2IxOWRiYWQwZTA1MTBjYjAzYzcxNTBkMDc5MSIsCiAgICAgICJzb3VyY2VfdHJlZV9oZWFkZXIiOiAiYzU4ZWRiMGMwNTY4YzNmOWZlODBiYTAxNGMyNjA1MTNhMDdhOGU3NGIyMTFiNjA4YWRlNGQ5MDUyZjg2NDViMyIKICAgIH0sCiAgICB7CiAgICAgICJwYXRoIjogIi9nby1hcHAvcmFpbC1hdHRyYWN0aW9u
2026-09-10T08:15:36.9442525Z GO_EVIDENCE_B64 LWJvb2tpbmcuanM/dj0yMDI2MDkwOC1kZXB0aDIwIiwKICAgICAgIm1ldGhvZCI6ICJHRVQiLAogICAgICAic3RhdHVzIjogMjAwLAogICAgICAicmVzcG9uc2Vfc2hhMjU2IjogImVmM2M4Nzc2ODNkODc5NDFhZjY2N2Q1ZjVhNjRiZDMyY2Q2YzBiYzViZGY1OTc1ODMzNzAxNDA2ZWY4MWQxMmEiLAogICAgICAic291cmNlX3RyZWVfaGVhZGVyIjogImM1OGVkYjBjMDU2OGMzZjlmZTgwYmEwMTRjMjYwNTEzYTA3YThlNzRiMjExYjYwOGFkZTRkOTA1MmY4NjQ1YjMiCiAgICB9LAogICAgewogICAgICAicGF0aCI6ICIvZ28tYWRt
2026-09-10T08:15:36.9448015Z GO_EVIDENCE_B64 aW4vIiwKICAgICAgIm1ldGhvZCI6ICJHRVQiLAogICAgICAic3RhdHVzIjogMjAwLAogICAgICAicmVzcG9uc2Vfc2hhMjU2IjogIjU2ZTM2N2M2YWRjYjMwNmY3N2IyMWNlODliMWQ1MWIzMTFhYWZjY2ZkNGEyNDk5ZGIyOGI1MWI4NTRiYzAwMzMiLAogICAgICAic291cmNlX3RyZWVfaGVhZGVyIjogImM1OGVkYjBjMDU2OGMzZjlmZTgwYmEwMTRjMjYwNTEzYTA3YThlNzRiMjExYjYwOGFkZTRkOTA1MmY4NjQ1YjMiCiAgICB9LAogICAgewogICAgICAicGF0aCI6ICIvY29uc29sZS1hc3NldHMvc3R5bGVzLmNzcz92PTIwMjYw
2026-09-10T08:15:36.9453594Z GO_EVIDENCE_B64 OTA5LWRlcHRoMjgiLAogICAgICAibWV0aG9kIjogIkdFVCIsCiAgICAgICJzdGF0dXMiOiAyMDAsCiAgICAgICJyZXNwb25zZV9zaGEyNTYiOiAiNmE2Y2Y5Yjk4ZDkzMzQ1YmFjMzdlMDAxZGY3NWE3YTU2MjcyNWMyYzhhODRkZDY2MzVhZDIwOWFkNGY2OWI5MyIsCiAgICAgICJzb3VyY2VfdHJlZV9oZWFkZXIiOiAiYzU4ZWRiMGMwNTY4YzNmOWZlODBiYTAxNGMyNjA1MTNhMDdhOGU3NGIyMTFiNjA4YWRlNGQ5MDUyZjg2NDViMyIKICAgIH0sCiAgICB7CiAgICAgICJwYXRoIjogIi9nby1hZG1pbi9jb25maWcuanM/dj0yMDI2
2026-09-10T08:15:36.9459218Z GO_EVIDENCE_B64 MDgyNS1yYzIwLjMiLAogICAgICAibWV0aG9kIjogIkdFVCIsCiAgICAgICJzdGF0dXMiOiAyMDAsCiAgICAgICJyZXNwb25zZV9zaGEyNTYiOiAiNmZjMWY5NzU5MmYwZWY2YzJhYjFjOGQ4NmE0NWM2NDA1MjZhNmE5MzFkMWQzNjM1MDc4M2MwYTQzODk4NzQxMiIsCiAgICAgICJzb3VyY2VfdHJlZV9oZWFkZXIiOiAiYzU4ZWRiMGMwNTY4YzNmOWZlODBiYTAxNGMyNjA1MTNhMDdhOGU3NGIyMTFiNjA4YWRlNGQ5MDUyZjg2NDViMyIKICAgIH0sCiAgICB7CiAgICAgICJwYXRoIjogIi9nby1hZG1pbi9wZXJzb25hbC10cmF2ZWwt
2026-09-10T08:15:36.9464721Z GO_EVIDENCE_B64 dmF1bHQuanM/dj0yMDI2MDgyNS1yYzIwLjMiLAogICAgICAibWV0aG9kIjogIkdFVCIsCiAgICAgICJzdGF0dXMiOiAyMDAsCiAgICAgICJyZXNwb25zZV9zaGEyNTYiOiAiZTYyZDA5NzQ5NTQwY2I1MTk4MTdkMTE4Zjk2YzY4YTFhMjYxZGJmNTcxOThiNTRhZDdkZDdkMGVmMDI1NzIwYiIsCiAgICAgICJzb3VyY2VfdHJlZV9oZWFkZXIiOiAiYzU4ZWRiMGMwNTY4YzNmOWZlODBiYTAxNGMyNjA1MTNhMDdhOGU3NGIyMTFiNjA4YWRlNGQ5MDUyZjg2NDViMyIKICAgIH0sCiAgICB7CiAgICAgICJwYXRoIjogIi9nby1hZG1pbi9j
2026-09-10T08:15:36.9470230Z GO_EVIDENCE_B64 b25zdW1lci1ncm93dGgtZGlyZWN0LXZhbHVlLmpzP3Y9MjAyNjA4MjUtcmMyMC4zIiwKICAgICAgIm1ldGhvZCI6ICJHRVQiLAogICAgICAic3RhdHVzIjogMjAwLAogICAgICAicmVzcG9uc2Vfc2hhMjU2IjogImM3MTI2MGMxMGI4NGZkYzI5NDc1MWU3Njc4OGNlZTA0ZGM1MmE2ZWEwN2U2ZjZiMjY5ODhkNWZjMTA1NmU2ZDEiLAogICAgICAic291cmNlX3RyZWVfaGVhZGVyIjogImM1OGVkYjBjMDU2OGMzZjlmZTgwYmEwMTRjMjYwNTEzYTA3YThlNzRiMjExYjYwOGFkZTRkOTA1MmY4NjQ1YjMiCiAgICB9LAogICAgewogICAg
2026-09-10T08:15:36.9475663Z GO_EVIDENCE_B64 ICAicGF0aCI6ICIvZ28tYWRtaW4vY29tbWVyY2lhbC1vcy5qcz92PTIwMjYwODI1LXJjMjAuMyIsCiAgICAgICJtZXRob2QiOiAiR0VUIiwKICAgICAgInN0YXR1cyI6IDIwMCwKICAgICAgInJlc3BvbnNlX3NoYTI1NiI6ICI4YWYzNzMyNWMzZmMwMWMxODNiMzlmNjRhM2I5YjQ0NGRiMmYyN2UxNThiNzIxYzRmMzk2NDhlZmJhMjcwYzdmIiwKICAgICAgInNvdXJjZV90cmVlX2hlYWRlciI6ICJjNThlZGIwYzA1NjhjM2Y5ZmU4MGJhMDE0YzI2MDUxM2EwN2E4ZTc0YjIxMWI2MDhhZGU0ZDkwNTJmODY0NWIzIgogICAgfSwKICAg
2026-09-10T08:15:36.9481212Z GO_EVIDENCE_B64 IHsKICAgICAgInBhdGgiOiAiL2dvLWFkbWluL2dvb2QtaG90ZWwtc3RhbmRhcmQuanM/dj0yMDI2MDgyNS1yYzIwLjMiLAogICAgICAibWV0aG9kIjogIkdFVCIsCiAgICAgICJzdGF0dXMiOiAyMDAsCiAgICAgICJyZXNwb25zZV9zaGEyNTYiOiAiMzE2OTVkNTg0MTA0OTBhNzFhOTZlNjRiMmRjNzY0YzliY2QyZDlmMmYyZjFkMGFhY2MxYTFhZjUxNDE5NTk1NiIsCiAgICAgICJzb3VyY2VfdHJlZV9oZWFkZXIiOiAiYzU4ZWRiMGMwNTY4YzNmOWZlODBiYTAxNGMyNjA1MTNhMDdhOGU3NGIyMTFiNjA4YWRlNGQ5MDUyZjg2NDVi
2026-09-10T08:15:36.9486007Z GO_EVIDENCE_B64 MyIKICAgIH0sCiAgICB7CiAgICAgICJwYXRoIjogIi9nby1hZG1pbi9wcm9kdWN0aW9uLWNvbm5lY3RvcnMuanM/dj0yMDI2MDgyNS1yYzIwLjMiLAogICAgICAibWV0aG9kIjogIkdFVCIsCiAgICAgICJzdGF0dXMiOiAyMDAsCiAgICAgICJyZXNwb25zZV9zaGEyNTYiOiAiNmU4NDU5NDBlMzJkMzBiYjNiZDVkM2M5YzJhM2MyZDRiYjAzNjg3YjM5MTljZmE2OGU5YTkzNzE0OWE0OGQwYSIsCiAgICAgICJzb3VyY2VfdHJlZV9oZWFkZXIiOiAiYzU4ZWRiMGMwNTY4YzNmOWZlODBiYTAxNGMyNjA1MTNhMDdhOGU3NGIyMTFiNjA4
2026-09-10T08:15:36.9491207Z GO_EVIDENCE_B64 YWRlNGQ5MDUyZjg2NDViMyIKICAgIH0sCiAgICB7CiAgICAgICJwYXRoIjogIi9nby1hZG1pbi9wcm9kdWN0aW9uLWNvbm5lY3Rvci1ydW50aW1lLmpzP3Y9MjAyNjA4MjUtcmMyMC4zIiwKICAgICAgIm1ldGhvZCI6ICJHRVQiLAogICAgICAic3RhdHVzIjogMjAwLAogICAgICAicmVzcG9uc2Vfc2hhMjU2IjogImIwMGEwNmQ1ZTk4YzE0YWMwMTM3OWMwNjVhYmUzOTAyZTY1NTY1MTAyYzQyZmMzNzMyNTMzNmQ2OWVkYWFkNzYiLAogICAgICAic291cmNlX3RyZWVfaGVhZGVyIjogImM1OGVkYjBjMDU2OGMzZjlmZTgwYmEwMTRj
2026-09-10T08:15:36.9496667Z GO_EVIDENCE_B64 MjYwNTEzYTA3YThlNzRiMjExYjYwOGFkZTRkOTA1MmY4NjQ1YjMiCiAgICB9LAogICAgewogICAgICAicGF0aCI6ICIvZ28tYWRtaW4vY29ubmVjdG9yLWFjdGl2YXRpb24tcmVhZGluZXNzLmpzP3Y9MjAyNjA4MjUtcmMyMC4zIiwKICAgICAgIm1ldGhvZCI6ICJHRVQiLAogICAgICAic3RhdHVzIjogMjAwLAogICAgICAicmVzcG9uc2Vfc2hhMjU2IjogIjRmNzljY2FjYmViMGYyZDIwNzQzY2RlNTFjNmJmMjQ0MDQxNmIyNDhjNzUyYjgxM2U2M2ZkZDIxNGM2M2ZjNDciLAogICAgICAic291cmNlX3RyZWVfaGVhZGVyIjogImM1
2026-09-10T08:15:36.9502342Z GO_EVIDENCE_B64 OGVkYjBjMDU2OGMzZjlmZTgwYmEwMTRjMjYwNTEzYTA3YThlNzRiMjExYjYwOGFkZTRkOTA1MmY4NjQ1YjMiCiAgICB9LAogICAgewogICAgICAicGF0aCI6ICIvZ28tYWRtaW4vcGFpcmVkLWNvbm5lY3Rvci1waWxvdC5qcz92PTIwMjYwODI1LXJjMjAuMyIsCiAgICAgICJtZXRob2QiOiAiR0VUIiwKICAgICAgInN0YXR1cyI6IDIwMCwKICAgICAgInJlc3BvbnNlX3NoYTI1NiI6ICI4NmRhMmM1ZjBlODY3ZjEyZThkOWQ5NGIwZjVhMzNjM2VmYjM4MmNmZjYzMjM2ODY3N2U4MjEwMTMwNzQwZmQ4IiwKICAgICAgInNvdXJjZV90
2026-09-10T08:15:36.9508604Z GO_EVIDENCE_B64 cmVlX2hlYWRlciI6ICJjNThlZGIwYzA1NjhjM2Y5ZmU4MGJhMDE0YzI2MDUxM2EwN2E4ZTc0YjIxMWI2MDhhZGU0ZDkwNTJmODY0NWIzIgogICAgfSwKICAgIHsKICAgICAgInBhdGgiOiAiL2dvLWFkbWluL2V4dGVybmFsLXNhbmRib3gtY2VydGlmaWNhdGlvbi5qcz92PTIwMjYwODI1LXJjMjAuMyIsCiAgICAgICJtZXRob2QiOiAiR0VUIiwKICAgICAgInN0YXR1cyI6IDIwMCwKICAgICAgInJlc3BvbnNlX3NoYTI1NiI6ICIwMDk3ZmRiYzY5NTIzZjM4OTQ5N2U2NjE3ZTkzNjlhOTQ2ZjI2MDBhNDg3NjU4ZDUwM2Q3ODZiNmM1
2026-09-10T08:15:36.9514100Z GO_EVIDENCE_B64 MGU1Mzc2IiwKICAgICAgInNvdXJjZV90cmVlX2hlYWRlciI6ICJjNThlZGIwYzA1NjhjM2Y5ZmU4MGJhMDE0YzI2MDUxM2EwN2E4ZTc0YjIxMWI2MDhhZGU0ZDkwNTJmODY0NWIzIgogICAgfSwKICAgIHsKICAgICAgInBhdGgiOiAiL2dvLWFkbWluL25hbWVkLXN1cHBsaWVyLWV4ZWN1dGlvbi5qcz92PTIwMjYwODI1LXJjMjAuMyIsCiAgICAgICJtZXRob2QiOiAiR0VUIiwKICAgICAgInN0YXR1cyI6IDIwMCwKICAgICAgInJlc3BvbnNlX3NoYTI1NiI6ICI1YWE1OTQ5OGVkOWZmMmVjZGI1MmVmOGM3YjUxZmE4NmJjYjUzZDAw
2026-09-10T08:15:36.9519692Z GO_EVIDENCE_B64 NWNmYzMzNzE5Y2RmZDBlZmYzNGM3MjBlIiwKICAgICAgInNvdXJjZV90cmVlX2hlYWRlciI6ICJjNThlZGIwYzA1NjhjM2Y5ZmU4MGJhMDE0YzI2MDUxM2EwN2E4ZTc0YjIxMWI2MDhhZGU0ZDkwNTJmODY0NWIzIgogICAgfSwKICAgIHsKICAgICAgInBhdGgiOiAiL2dvLWFkbWluL2hvc3RlZC1kaXJlY3QtYm9va2luZy5qcz92PTIwMjYwODI1LXJjMjAuMyIsCiAgICAgICJtZXRob2QiOiAiR0VUIiwKICAgICAgInN0YXR1cyI6IDIwMCwKICAgICAgInJlc3BvbnNlX3NoYTI1NiI6ICIzNzkzNDZiNWJjZmQ1Mzk0ZjQ2ZmE1MTdi
2026-09-10T08:15:36.9524668Z GO_EVIDENCE_B64 MDRiNDg1Mzc0ZDJiM2E5ZTllNTBkMjZmZmIyNWU1NTFkYWZiMzgyIiwKICAgICAgInNvdXJjZV90cmVlX2hlYWRlciI6ICJjNThlZGIwYzA1NjhjM2Y5ZmU4MGJhMDE0YzI2MDUxM2EwN2E4ZTc0YjIxMWI2MDhhZGU0ZDkwNTJmODY0NWIzIgogICAgfSwKICAgIHsKICAgICAgInBhdGgiOiAiL2dvLWFkbWluL2hvc3RlZC1jb250ZW50LWFjY2VwdGFuY2UuanM/dj0yMDI2MDgyNS1yYzIwLjMiLAogICAgICAibWV0aG9kIjogIkdFVCIsCiAgICAgICJzdGF0dXMiOiAyMDAsCiAgICAgICJyZXNwb25zZV9zaGEyNTYiOiAiZTAxMzlh
2026-09-10T08:15:36.9530080Z GO_EVIDENCE_B64 OWIzNWI2MWY2NTQ1Mzg1YWIwMjVmNTI0ZGFmZDRlNDZkZDBiMTViNGE2MTc5ZjBjZWVjNjNiZDVjZSIsCiAgICAgICJzb3VyY2VfdHJlZV9oZWFkZXIiOiAiYzU4ZWRiMGMwNTY4YzNmOWZlODBiYTAxNGMyNjA1MTNhMDdhOGU3NGIyMTFiNjA4YWRlNGQ5MDUyZjg2NDViMyIKICAgIH0sCiAgICB7CiAgICAgICJwYXRoIjogIi9nby1hZG1pbi9ob3N0ZWQtcmVzZXJ2YXRpb24tb3BlcmF0aW9ucy5qcz92PTIwMjYwODI1LXJjMjAuMyIsCiAgICAgICJtZXRob2QiOiAiR0VUIiwKICAgICAgInN0YXR1cyI6IDIwMCwKICAgICAgInJl
2026-09-10T08:15:36.9535284Z GO_EVIDENCE_B64 c3BvbnNlX3NoYTI1NiI6ICI1MzdiZjE2MGJlNjI0MjBhNTM1OGY1MzYxMzE1YjgyYzNiNzQyNWI2NjczNjNiNGNjZmI5NmQzMWZmYjg4Njg2IiwKICAgICAgInNvdXJjZV90cmVlX2hlYWRlciI6ICJjNThlZGIwYzA1NjhjM2Y5ZmU4MGJhMDE0YzI2MDUxM2EwN2E4ZTc0YjIxMWI2MDhhZGU0ZDkwNTJmODY0NWIzIgogICAgfSwKICAgIHsKICAgICAgInBhdGgiOiAiL2dvLWFkbWluL2hvc3RlZC1mcm9udGRlc2stY29tbWFuZC1jZW50ZXIuanM/dj0yMDI2MDgyNS1yYzIwLjMiLAogICAgICAibWV0aG9kIjogIkdFVCIsCiAgICAg
2026-09-10T08:15:36.9540632Z GO_EVIDENCE_B64 ICJzdGF0dXMiOiAyMDAsCiAgICAgICJyZXNwb25zZV9zaGEyNTYiOiAiMWQ4MzliYmQxZmRmYjkwNDgxNjY1NzkyMTg0NTlkY2ZhMjgxMDg1YzNlOTJiNDkwNzIwY2IwMzIyOGZhMWZhZSIsCiAgICAgICJzb3VyY2VfdHJlZV9oZWFkZXIiOiAiYzU4ZWRiMGMwNTY4YzNmOWZlODBiYTAxNGMyNjA1MTNhMDdhOGU3NGIyMTFiNjA4YWRlNGQ5MDUyZjg2NDViMyIKICAgIH0sCiAgICB7CiAgICAgICJwYXRoIjogIi9nby1hZG1pbi9hbGlwYXktc2FmZWd1YXJkZWQtc2V0dGxlbWVudC5qcz92PTIwMjYwODI1LXJjMjAuMyIsCiAgICAg
2026-09-10T08:15:36.9546147Z GO_EVIDENCE_B64 ICJtZXRob2QiOiAiR0VUIiwKICAgICAgInN0YXR1cyI6IDIwMCwKICAgICAgInJlc3BvbnNlX3NoYTI1NiI6ICJlMmZjYTAyY2E4NmYyMjM4YTU4ZTBkMjk5NDIxN2RjMjZhODBmNjdlMjhhM2I4ZDU4ZGZlYWU3NDY5MmQ3YTRiIiwKICAgICAgInNvdXJjZV90cmVlX2hlYWRlciI6ICJjNThlZGIwYzA1NjhjM2Y5ZmU4MGJhMDE0YzI2MDUxM2EwN2E4ZTc0YjIxMWI2MDhhZGU0ZDkwNTJmODY0NWIzIgogICAgfSwKICAgIHsKICAgICAgInBhdGgiOiAiL2dvLWFkbWluL3N0YXktb3BlcmF0aW9ucy1jb21tYW5kLWNlbnRlci5qcz92
2026-09-10T08:15:36.9551781Z GO_EVIDENCE_B64 PTIwMjYwODI1LXJjMjAuMyIsCiAgICAgICJtZXRob2QiOiAiR0VUIiwKICAgICAgInN0YXR1cyI6IDIwMCwKICAgICAgInJlc3BvbnNlX3NoYTI1NiI6ICIxYTVhODQ4MTNiZTI2OTczYmIwNzdjNjY1MGNiNGI5NTQ0MWUzYmNjODM0ZmRiOTM4MTNkMmI0YzlmN2IxZjI3IiwKICAgICAgInNvdXJjZV90cmVlX2hlYWRlciI6ICJjNThlZGIwYzA1NjhjM2Y5ZmU4MGJhMDE0YzI2MDUxM2EwN2E4ZTc0YjIxMWI2MDhhZGU0ZDkwNTJmODY0NWIzIgogICAgfSwKICAgIHsKICAgICAgInBhdGgiOiAiL2dvLWFkbWluL2Rpc3B1dGUtcmVj
2026-09-10T08:15:36.9557083Z GO_EVIDENCE_B64 b25jaWxpYXRpb24tY29tbWFuZC1jZW50ZXIuanM/dj0yMDI2MDgyNS1yYzIwLjMiLAogICAgICAibWV0aG9kIjogIkdFVCIsCiAgICAgICJzdGF0dXMiOiAyMDAsCiAgICAgICJyZXNwb25zZV9zaGEyNTYiOiAiOGUyOTM0ZmY3N2E2NWZmNzQ2YzM2MDA3ZDZmZjVlZDQxZGRjMDJlYTllYWFkNjI3YmFjNTJmYWQ4YzI5NmQ2OCIsCiAgICAgICJzb3VyY2VfdHJlZV9oZWFkZXIiOiAiYzU4ZWRiMGMwNTY4YzNmOWZlODBiYTAxNGMyNjA1MTNhMDdhOGU3NGIyMTFiNjA4YWRlNGQ5MDUyZjg2NDViMyIKICAgIH0sCiAgICB7CiAgICAg
2026-09-10T08:15:36.9562445Z GO_EVIDENCE_B64 ICJwYXRoIjogIi9nby1hZG1pbi9hZG1pbi11eC5qcz92PTIwMjYwODI1LXJjMjAuMyIsCiAgICAgICJtZXRob2QiOiAiR0VUIiwKICAgICAgInN0YXR1cyI6IDIwMCwKICAgICAgInJlc3BvbnNlX3NoYTI1NiI6ICI4YTRhOGJhMTFkNWQwMzU5ZDI4NGI3OGY0OGI5ZTZmNTM5MTI5YmEzZjdhMDE2NTZmOTBhMDg1NGI1MWNkMjZiIiwKICAgICAgInNvdXJjZV90cmVlX2hlYWRlciI6ICJjNThlZGIwYzA1NjhjM2Y5ZmU4MGJhMDE0YzI2MDUxM2EwN2E4ZTc0YjIxMWI2MDhhZGU0ZDkwNTJmODY0NWIzIgogICAgfSwKICAgIHsKICAg
2026-09-10T08:15:36.9568125Z GO_EVIDENCE_B64 ICAgInBhdGgiOiAiL2dvLWFkbWluL2hvdGVsLXBhZ2UtZmFjdG9yeS5qcz92PTIwMjYwODI1LXJjMjAuMyIsCiAgICAgICJtZXRob2QiOiAiR0VUIiwKICAgICAgInN0YXR1cyI6IDIwMCwKICAgICAgInJlc3BvbnNlX3NoYTI1NiI6ICI1N2UwZWJmYWVjNTZhNjgxYTcyZGQ4OGM5Yzk1MWI0MTdkZDE2NDIxYTk4Mzc2ODE2ZGZmYmUxM2E2NWJlODZmIiwKICAgICAgInNvdXJjZV90cmVlX2hlYWRlciI6ICJjNThlZGIwYzA1NjhjM2Y5ZmU4MGJhMDE0YzI2MDUxM2EwN2E4ZTc0YjIxMWI2MDhhZGU0ZDkwNTJmODY0NWIzIgogICAg
2026-09-10T08:15:36.9573641Z GO_EVIDENCE_B64 fSwKICAgIHsKICAgICAgInBhdGgiOiAiL2dvLWFkbWluL2hvc3RlZC1mYXVsdC1maW5hbmNlLmpzP3Y9MjAyNjA5MDctZGVwdGgxMSIsCiAgICAgICJtZXRob2QiOiAiR0VUIiwKICAgICAgInN0YXR1cyI6IDIwMCwKICAgICAgInJlc3BvbnNlX3NoYTI1NiI6ICJkYWNiOTdkZTliMjkxNTRjZmM5Yjk1MTBjMjg1ZjA3OTkyMWJjNjFkOTAxOTRjOTk1YjVjYWM5Y2ZhMzJlZjMwIiwKICAgICAgInNvdXJjZV90cmVlX2hlYWRlciI6ICJjNThlZGIwYzA1NjhjM2Y5ZmU4MGJhMDE0YzI2MDUxM2EwN2E4ZTc0YjIxMWI2MDhhZGU0ZDkw
2026-09-10T08:15:36.9579600Z GO_EVIDENCE_B64 NTJmODY0NWIzIgogICAgfSwKICAgIHsKICAgICAgInBhdGgiOiAiL2dvLWFkbWluL2hvc3RlZC1kaXNydXB0aW9uLmpzP3Y9MjAyNjA5MDctZGVwdGgxMCIsCiAgICAgICJtZXRob2QiOiAiR0VUIiwKICAgICAgInN0YXR1cyI6IDIwMCwKICAgICAgInJlc3BvbnNlX3NoYTI1NiI6ICIyNzRjNzg0ZTRmNWZjZTJiY2NjMjQwMmMxNjBjY2I3NmM0ZWNkZGEyMWIzZmMzM2I3NTlhZmYwMDU4OGI0MmVhIiwKICAgICAgInNvdXJjZV90cmVlX2hlYWRlciI6ICJjNThlZGIwYzA1NjhjM2Y5ZmU4MGJhMDE0YzI2MDUxM2EwN2E4ZTc0YjIx
2026-09-10T08:15:36.9585155Z GO_EVIDENCE_B64 MWI2MDhhZGU0ZDkwNTJmODY0NWIzIgogICAgfSwKICAgIHsKICAgICAgInBhdGgiOiAiL2NvbnNvbGUtYXNzZXRzL2NhdGFsb2ctcmVtZWR5LmpzP3Y9MjAyNjA5MDctZGVwdGgxMSIsCiAgICAgICJtZXRob2QiOiAiR0VUIiwKICAgICAgInN0YXR1cyI6IDIwMCwKICAgICAgInJlc3BvbnNlX3NoYTI1NiI6ICI5MGNkODIyYzk4NDRlOThiM2RlYTY3NjQxMDk2NWVjZGRhZmJjY2EwNDM2NWU4MjliMjk5ZTZkYjBlYTY2YjY0IiwKICAgICAgInNvdXJjZV90cmVlX2hlYWRlciI6ICJjNThlZGIwYzA1NjhjM2Y5ZmU4MGJhMDE0YzI2
2026-09-10T08:15:36.9590815Z GO_EVIDENCE_B64 MDUxM2EwN2E4ZTc0YjIxMWI2MDhhZGU0ZDkwNTJmODY0NWIzIgogICAgfSwKICAgIHsKICAgICAgInBhdGgiOiAiL2NvbnNvbGUtYXNzZXRzL2FwcC5qcz92PTIwMjYwOTA5LWRlcHRoMjgiLAogICAgICAibWV0aG9kIjogIkdFVCIsCiAgICAgICJzdGF0dXMiOiAyMDAsCiAgICAgICJyZXNwb25zZV9zaGEyNTYiOiAiMjBmM2I3ZTM0YTZlYjc2NjgyNDNhYzMzZDU5NzU5ZjkxNjU0ZGI3MzhkM2RiNTgxMGY0MzAxYmIxODdmMzk5ZSIsCiAgICAgICJzb3VyY2VfdHJlZV9oZWFkZXIiOiAiYzU4ZWRiMGMwNTY4YzNmOWZlODBiYTAx
2026-09-10T08:15:36.9596337Z GO_EVIDENCE_B64 NGMyNjA1MTNhMDdhOGU3NGIyMTFiNjA4YWRlNGQ5MDUyZjg2NDViMyIKICAgIH0sCiAgICB7CiAgICAgICJwYXRoIjogIi9zdXBwbGllci1jb25zb2xlLyIsCiAgICAgICJtZXRob2QiOiAiR0VUIiwKICAgICAgInN0YXR1cyI6IDIwMCwKICAgICAgInJlc3BvbnNlX3NoYTI1NiI6ICIwZmZiNDIwOTViNGEyMjhjNWFlZDM2ZDViZDg3ZWU4ODIxMWY2ZmQ3Zjg5ZDBkMmE0MTRiOWUyMWYyMmU5Mjg2IiwKICAgICAgInNvdXJjZV90cmVlX2hlYWRlciI6ICJjNThlZGIwYzA1NjhjM2Y5ZmU4MGJhMDE0YzI2MDUxM2EwN2E4ZTc0YjIx
2026-09-10T08:15:36.9601495Z GO_EVIDENCE_B64 MWI2MDhhZGU0ZDkwNTJmODY0NWIzIgogICAgfSwKICAgIHsKICAgICAgInBhdGgiOiAiL2NvbnNvbGUtYXNzZXRzL3N0eWxlcy5jc3M/dj0yMDI2MDkwOS1kZXB0aDI4IiwKICAgICAgIm1ldGhvZCI6ICJHRVQiLAogICAgICAic3RhdHVzIjogMjAwLAogICAgICAicmVzcG9uc2Vfc2hhMjU2IjogIjZhNmNmOWI5OGQ5MzM0NWJhYzM3ZTAwMWRmNzVhN2E1NjI3MjVjMmM4YTg0ZGQ2NjM1YWQyMDlhZDRmNjliOTMiLAogICAgICAic291cmNlX3RyZWVfaGVhZGVyIjogImM1OGVkYjBjMDU2OGMzZjlmZTgwYmEwMTRjMjYwNTEzYTA3
2026-09-10T08:15:36.9606041Z GO_EVIDENCE_B64 YThlNzRiMjExYjYwOGFkZTRkOTA1MmY4NjQ1YjMiCiAgICB9LAogICAgewogICAgICAicGF0aCI6ICIvc3VwcGxpZXItY29uc29sZS9jb25maWcuanM/dj0yMDI2MDgyNS1yYzIwLjMiLAogICAgICAibWV0aG9kIjogIkdFVCIsCiAgICAgICJzdGF0dXMiOiAyMDAsCiAgICAgICJyZXNwb25zZV9zaGEyNTYiOiAiNThkNzI5NGJjMjlmOWQzYWZhYzRlZGVhYmFmMWZiMTc5ZDAyNzRiNzgxZjgzMjQ4ZmMxZWI2NTZhNThlM2U3NSIsCiAgICAgICJzb3VyY2VfdHJlZV9oZWFkZXIiOiAiYzU4ZWRiMGMwNTY4YzNmOWZlODBiYTAxNGMy
2026-09-10T08:15:36.9610578Z GO_EVIDENCE_B64 NjA1MTNhMDdhOGU3NGIyMTFiNjA4YWRlNGQ5MDUyZjg2NDViMyIKICAgIH0sCiAgICB7CiAgICAgICJwYXRoIjogIi9zdXBwbGllci1jb25zb2xlL2RpcmVjdC12YWx1ZS1lY29ub21pY3MuanM/dj0yMDI2MDgyNS1yYzIwLjMiLAogICAgICAibWV0aG9kIjogIkdFVCIsCiAgICAgICJzdGF0dXMiOiAyMDAsCiAgICAgICJyZXNwb25zZV9zaGEyNTYiOiAiZTdmNjgwM2Q4YTRjYTJlMDcxMzM4YzQwZjZlNTE3OGMyMWQ4ZmMyMjNiNzM0ZGFiODFkZmE0ZjcyYjgwOTUwNyIsCiAgICAgICJzb3VyY2VfdHJlZV9oZWFkZXIiOiAiYzU4
2026-09-10T08:15:36.9615510Z GO_EVIDENCE_B64 ZWRiMGMwNTY4YzNmOWZlODBiYTAxNGMyNjA1MTNhMDdhOGU3NGIyMTFiNjA4YWRlNGQ5MDUyZjg2NDViMyIKICAgIH0sCiAgICB7CiAgICAgICJwYXRoIjogIi9jb25zb2xlLWFzc2V0cy9jYXRhbG9nLXJlbWVkeS5qcz92PTIwMjYwOTA3LWRlcHRoMTEiLAogICAgICAibWV0aG9kIjogIkdFVCIsCiAgICAgICJzdGF0dXMiOiAyMDAsCiAgICAgICJyZXNwb25zZV9zaGEyNTYiOiAiOTBjZDgyMmM5ODQ0ZTk4YjNkZWE2NzY0MTA5NjVlY2RkYWZiY2NhMDQzNjVlODI5YjI5OWU2ZGIwZWE2NmI2NCIsCiAgICAgICJzb3VyY2VfdHJl
2026-09-10T08:15:36.9621076Z GO_EVIDENCE_B64 ZV9oZWFkZXIiOiAiYzU4ZWRiMGMwNTY4YzNmOWZlODBiYTAxNGMyNjA1MTNhMDdhOGU3NGIyMTFiNjA4YWRlNGQ5MDUyZjg2NDViMyIKICAgIH0sCiAgICB7CiAgICAgICJwYXRoIjogIi9zdXBwbGllci1jb25zb2xlL2NhdGFsb2ctZmFyZS5qcz92PTIwMjYwOTA3LWRlcHRoMTMiLAogICAgICAibWV0aG9kIjogIkdFVCIsCiAgICAgICJzdGF0dXMiOiAyMDAsCiAgICAgICJyZXNwb25zZV9zaGEyNTYiOiAiYWI3NzI0NTAxNjdmZDY5Zjc3YzJmNzljNzRlYWJiNzQ3OTRmZjM1MWU3OTljYjJmZDNhNDY1NjE2YmNmYzdkNiIsCiAg
2026-09-10T08:15:36.9626320Z GO_EVIDENCE_B64 ICAgICJzb3VyY2VfdHJlZV9oZWFkZXIiOiAiYzU4ZWRiMGMwNTY4YzNmOWZlODBiYTAxNGMyNjA1MTNhMDdhOGU3NGIyMTFiNjA4YWRlNGQ5MDUyZjg2NDViMyIKICAgIH0sCiAgICB7CiAgICAgICJwYXRoIjogIi9jb25zb2xlLWFzc2V0cy9hcHAuanM/dj0yMDI2MDkwOS1kZXB0aDI4IiwKICAgICAgIm1ldGhvZCI6ICJHRVQiLAogICAgICAic3RhdHVzIjogMjAwLAogICAgICAicmVzcG9uc2Vfc2hhMjU2IjogIjIwZjNiN2UzNGE2ZWI3NjY4MjQzYWMzM2Q1OTc1OWY5MTY1NGRiNzM4ZDNkYjU4MTBmNDMwMWJiMTg3ZjM5OWUi
2026-09-10T08:15:36.9631325Z GO_EVIDENCE_B64 LAogICAgICAic291cmNlX3RyZWVfaGVhZGVyIjogImM1OGVkYjBjMDU2OGMzZjlmZTgwYmEwMTRjMjYwNTEzYTA3YThlNzRiMjExYjYwOGFkZTRkOTA1MmY4NjQ1YjMiCiAgICB9LAogICAgewogICAgICAicGF0aCI6ICIvZ28tYXBwL2RpcmVjdC5odG1sIiwKICAgICAgIm1ldGhvZCI6ICJHRVQiLAogICAgICAic3RhdHVzIjogMjAwLAogICAgICAicmVzcG9uc2Vfc2hhMjU2IjogIjNhOGUzMzQ0ZGE0MjNiZjFjMzE5OGE3MmMzOWQ2NjY2Y2I0YWRhOTk2YjdhZWZmYmQ5NDc2NmE3ZjZhZjI1Y2YiLAogICAgICAic291cmNlX3Ry
2026-09-10T08:15:36.9636299Z GO_EVIDENCE_B64 ZWVfaGVhZGVyIjogImM1OGVkYjBjMDU2OGMzZjlmZTgwYmEwMTRjMjYwNTEzYTA3YThlNzRiMjExYjYwOGFkZTRkOTA1MmY4NjQ1YjMiCiAgICB9LAogICAgewogICAgICAicGF0aCI6ICIvZ28tYXBwL2RpcmVjdC5jc3M/dj0yMDI2MDkwNy1kZXB0aDEwIiwKICAgICAgIm1ldGhvZCI6ICJHRVQiLAogICAgICAic3RhdHVzIjogMjAwLAogICAgICAicmVzcG9uc2Vfc2hhMjU2IjogIjM0NWRmOGQ2ODJmOGMyNzQ2YmJhMjAzZGY4NjlmZDMxYjI0NGJiZDczZTQ2NjlkM2YzOGIwZTU1OTgyMDQwMWUiLAogICAgICAic291cmNlX3Ry
2026-09-10T08:15:36.9641368Z GO_EVIDENCE_B64 ZWVfaGVhZGVyIjogImM1OGVkYjBjMDU2OGMzZjlmZTgwYmEwMTRjMjYwNTEzYTA3YThlNzRiMjExYjYwOGFkZTRkOTA1MmY4NjQ1YjMiCiAgICB9LAogICAgewogICAgICAicGF0aCI6ICIvZ28tYXBwL2Jvb2tpbmctdHJhdmVsZXJzLmNzcz92PTIwMjYwOTA3LW1hc3RlcjAzIiwKICAgICAgIm1ldGhvZCI6ICJHRVQiLAogICAgICAic3RhdHVzIjogMjAwLAogICAgICAicmVzcG9uc2Vfc2hhMjU2IjogIjBhMmM5NTc1YjgwY2RlMDMxNGU4NTRkOTlmZGRmYmMzNDEzZDBlZDgwOTY2NTYxNWJiODBlZGFiMGZkZGU1YTUiLAogICAg
2026-09-10T08:15:36.9646938Z GO_EVIDENCE_B64 ICAic291cmNlX3RyZWVfaGVhZGVyIjogImM1OGVkYjBjMDU2OGMzZjlmZTgwYmEwMTRjMjYwNTEzYTA3YThlNzRiMjExYjYwOGFkZTRkOTA1MmY4NjQ1YjMiCiAgICB9LAogICAgewogICAgICAicGF0aCI6ICIvZ28tYXBwL2RpcmVjdC1mYXJlLmpzP3Y9MjAyNjA5MDctZGVwdGgxMCIsCiAgICAgICJtZXRob2QiOiAiR0VUIiwKICAgICAgInN0YXR1cyI6IDIwMCwKICAgICAgInJlc3BvbnNlX3NoYTI1NiI6ICJlNGNlZjMyMzg3MmMwMDBiOTdiYjYzNGRhYTk4OTM0ODQ3ZTM5NTYwNWI1Mzk5YmI1MjI1ZjNkNDBiOGZkZjI2IiwK
2026-09-10T08:15:36.9652018Z GO_EVIDENCE_B64 ICAgICAgInNvdXJjZV90cmVlX2hlYWRlciI6ICJjNThlZGIwYzA1NjhjM2Y5ZmU4MGJhMDE0YzI2MDUxM2EwN2E4ZTc0YjIxMWI2MDhhZGU0ZDkwNTJmODY0NWIzIgogICAgfSwKICAgIHsKICAgICAgInBhdGgiOiAiL2dvLWFwcC9kaXJlY3QtYWZ0ZXItc2FsZXMuanM/dj0yMDI2MDkwNy1kZXB0aDExIiwKICAgICAgIm1ldGhvZCI6ICJHRVQiLAogICAgICAic3RhdHVzIjogMjAwLAogICAgICAicmVzcG9uc2Vfc2hhMjU2IjogImQwMTBhZGRhYTgyNTdjYWJjOTllZjM2ZDA5ZTA3N2UxYTQ1NzI0ZDIzYjc4MmI5ODg4ZGYyZTlk
2026-09-10T08:15:36.9656336Z GO_EVIDENCE_B64 YTAzMjU4NmMiLAogICAgICAic291cmNlX3RyZWVfaGVhZGVyIjogImM1OGVkYjBjMDU2OGMzZjlmZTgwYmEwMTRjMjYwNTEzYTA3YThlNzRiMjExYjYwOGFkZTRkOTA1MmY4NjQ1YjMiCiAgICB9LAogICAgewogICAgICAicGF0aCI6ICIvZ28tYXBwL2RpcmVjdC1jcmVkaXQuanM/dj0yMDI2MDkwNy1kZXB0aDEwIiwKICAgICAgIm1ldGhvZCI6ICJHRVQiLAogICAgICAic3RhdHVzIjogMjAwLAogICAgICAicmVzcG9uc2Vfc2hhMjU2IjogImE5ZjFkMTI1MzEyN2ZmZGIyYjFjODNjMjQ0ZWI0MzgxYzUzNzk0YjY0NmI5NTZhNzcw
2026-09-10T08:15:36.9661368Z GO_EVIDENCE_B64 Y2VlNzU1NWU0NGI1ZGUiLAogICAgICAic291cmNlX3RyZWVfaGVhZGVyIjogImM1OGVkYjBjMDU2OGMzZjlmZTgwYmEwMTRjMjYwNTEzYTA3YThlNzRiMjExYjYwOGFkZTRkOTA1MmY4NjQ1YjMiCiAgICB9LAogICAgewogICAgICAicGF0aCI6ICIvZ28tYXBwL2RpcmVjdC5qcz92PTIwMjYwOTA3LWRlcHRoMTAiLAogICAgICAibWV0aG9kIjogIkdFVCIsCiAgICAgICJzdGF0dXMiOiAyMDAsCiAgICAgICJyZXNwb25zZV9zaGEyNTYiOiAiNzViOWEzYzRiN2ZkYjY1YmJiMWZlMWZhZDEyMTBlZWJmNTM1NjM4ZmIzYjhlYTk1YTNi
2026-09-10T08:15:36.9666928Z GO_EVIDENCE_B64 MTE0MjlmYmIyMzAzMSIsCiAgICAgICJzb3VyY2VfdHJlZV9oZWFkZXIiOiAiYzU4ZWRiMGMwNTY4YzNmOWZlODBiYTAxNGMyNjA1MTNhMDdhOGU3NGIyMTFiNjA4YWRlNGQ5MDUyZjg2NDViMyIKICAgIH0sCiAgICB7CiAgICAgICJwYXRoIjogIi92MS9jb25zdW1lci9tZSIsCiAgICAgICJtZXRob2QiOiAiR0VUIiwKICAgICAgInN0YXR1cyI6IDQwMSwKICAgICAgInJlc3BvbnNlX3NoYTI1NiI6ICIzMzMzZjE5YWY2NWZlMjM4YjZhM2M3YmQ0YWFhZjk2YjMzZjczNjliMGM0YmY0NGUwOTIwYjc4MjYxY2FkMzVkIiwKICAgICAg
2026-09-10T08:15:36.9672765Z GO_EVIDENCE_B64 InNvdXJjZV90cmVlX2hlYWRlciI6ICJjNThlZGIwYzA1NjhjM2Y5ZmU4MGJhMDE0YzI2MDUxM2EwN2E4ZTc0YjIxMWI2MDhhZGU0ZDkwNTJmODY0NWIzIgogICAgfSwKICAgIHsKICAgICAgInBhdGgiOiAiL3YxL2NvbnN1bWVyL2F1dGgvbG9naW4iLAogICAgICAibWV0aG9kIjogIlBPU1QiLAogICAgICAic3RhdHVzIjogMjAwLAogICAgICAicmVzcG9uc2Vfc2hhMjU2IjogImI5ODI1YWFhMjQ3ZmYxNzY3NTM2NjA2MDdiNGFkMTU1M2IxY2I3NDEyOTY3YWQ0NWU1MGIyZmI2NjIzODc0MzEiLAogICAgICAic291cmNlX3RyZWVf
2026-09-10T08:15:36.9678522Z GO_EVIDENCE_B64 aGVhZGVyIjogImM1OGVkYjBjMDU2OGMzZjlmZTgwYmEwMTRjMjYwNTEzYTA3YThlNzRiMjExYjYwOGFkZTRkOTA1MmY4NjQ1YjMiCiAgICB9LAogICAgewogICAgICAicGF0aCI6ICIvdjEvY29uc3VtZXIvbWUiLAogICAgICAibWV0aG9kIjogIkdFVCIsCiAgICAgICJzdGF0dXMiOiAyMDAsCiAgICAgICJyZXNwb25zZV9zaGEyNTYiOiAiOTM2YzNlYWQ3NjBjNjFhOTcxMzQzZjhkM2FjNDZhMTA1OWM5MThkMThhNTM5NDRiZGJjN2NlZjM0YTIxZTExOCIsCiAgICAgICJzb3VyY2VfdHJlZV9oZWFkZXIiOiAiYzU4ZWRiMGMwNTY4
2026-09-10T08:15:36.9684166Z GO_EVIDENCE_B64 YzNmOWZlODBiYTAxNGMyNjA1MTNhMDdhOGU3NGIyMTFiNjA4YWRlNGQ5MDUyZjg2NDViMyIKICAgIH0sCiAgICB7CiAgICAgICJwYXRoIjogIi9iZmYvYXV0aC9sb2dpbiIsCiAgICAgICJtZXRob2QiOiAiUE9TVCIsCiAgICAgICJzdGF0dXMiOiAyMDAsCiAgICAgICJyZXNwb25zZV9zaGEyNTYiOiAiZDg3NmI0NzVlY2MxMmFmYjYzNzkyNjJiZjU1NThlMjQxODJjNDViZThmNTEyY2VkZTZlNDI2ZGE4OTVhOTY5MiIsCiAgICAgICJzb3VyY2VfdHJlZV9oZWFkZXIiOiAiYzU4ZWRiMGMwNTY4YzNmOWZlODBiYTAxNGMyNjA1MTNh
2026-09-10T08:15:36.9689924Z GO_EVIDENCE_B64 MDdhOGU3NGIyMTFiNjA4YWRlNGQ5MDUyZjg2NDViMyIKICAgIH0sCiAgICB7CiAgICAgICJwYXRoIjogIi9iZmYvYXV0aC9tZSIsCiAgICAgICJtZXRob2QiOiAiR0VUIiwKICAgICAgInN0YXR1cyI6IDIwMCwKICAgICAgInJlc3BvbnNlX3NoYTI1NiI6ICJkY2U3M2RiNzc4OWFiOTM0NTdiZGUwMGZiZDZkODhlOTk0ZDgxMjg4OTQ5ZGFlNzBlZTE5ZDk1M2NiNWMxODRlIiwKICAgICAgInNvdXJjZV90cmVlX2hlYWRlciI6ICJjNThlZGIwYzA1NjhjM2Y5ZmU4MGJhMDE0YzI2MDUxM2EwN2E4ZTc0YjIxMWI2MDhhZGU0ZDkwNTJm
2026-09-10T08:15:36.9695537Z GO_EVIDENCE_B64 ODY0NWIzIgogICAgfSwKICAgIHsKICAgICAgInBhdGgiOiAiL3YxL2NvbnN1bWVyL21lIiwKICAgICAgIm1ldGhvZCI6ICJHRVQiLAogICAgICAic3RhdHVzIjogMjAwLAogICAgICAicmVzcG9uc2Vfc2hhMjU2IjogIjkzNmMzZWFkNzYwYzYxYTk3MTM0M2Y4ZDNhYzQ2YTEwNTljOTE4ZDE4YTUzOTQ0YmRiYzdjZWYzNGEyMWUxMTgiLAogICAgICAic291cmNlX3RyZWVfaGVhZGVyIjogImM1OGVkYjBjMDU2OGMzZjlmZTgwYmEwMTRjMjYwNTEzYTA3YThlNzRiMjExYjYwOGFkZTRkOTA1MmY4NjQ1YjMiCiAgICB9LAogICAgewog
2026-09-10T08:15:36.9701204Z GO_EVIDENCE_B64 ICAgICAicGF0aCI6ICIvYmZmL2F1dGgvcmVmcmVzaCIsCiAgICAgICJtZXRob2QiOiAiUE9TVCIsCiAgICAgICJzdGF0dXMiOiAyMDAsCiAgICAgICJyZXNwb25zZV9zaGEyNTYiOiAiMmE0Y2I3YWNiYzQwZTZlZTQ1Y2U1ZDM5OGI3ZjY1NWNmNDYzMzdmZTBhNDg5Y2E2ZmRkMGM5ZGI1Yjg2ZDBiMyIsCiAgICAgICJzb3VyY2VfdHJlZV9oZWFkZXIiOiAiYzU4ZWRiMGMwNTY4YzNmOWZlODBiYTAxNGMyNjA1MTNhMDdhOGU3NGIyMTFiNjA4YWRlNGQ5MDUyZjg2NDViMyIKICAgIH0sCiAgICB7CiAgICAgICJwYXRoIjogIi9iZmYv
2026-09-10T08:15:36.9706824Z GO_EVIDENCE_B64 YXV0aC9sb2dpbiIsCiAgICAgICJtZXRob2QiOiAiUE9TVCIsCiAgICAgICJzdGF0dXMiOiA0MDEsCiAgICAgICJyZXNwb25zZV9zaGEyNTYiOiAiMTYzMzc5YjRhNTBhYjEzNTg4NGJiYzllNTQ0YjYyNWYzMzg0MTE0YTVmMWUxZDZjZDg4NjkyN2MxNDQ1OGI3ZiIsCiAgICAgICJzb3VyY2VfdHJlZV9oZWFkZXIiOiAiYzU4ZWRiMGMwNTY4YzNmOWZlODBiYTAxNGMyNjA1MTNhMDdhOGU3NGIyMTFiNjA4YWRlNGQ5MDUyZjg2NDViMyIKICAgIH0sCiAgICB7CiAgICAgICJwYXRoIjogIi9iZmYvYXV0aC9tZSIsCiAgICAgICJtZXRo
2026-09-10T08:15:36.9712704Z GO_EVIDENCE_B64 b2QiOiAiR0VUIiwKICAgICAgInN0YXR1cyI6IDIwMCwKICAgICAgInJlc3BvbnNlX3NoYTI1NiI6ICJkY2U3M2RiNzc4OWFiOTM0NTdiZGUwMGZiZDZkODhlOTk0ZDgxMjg4OTQ5ZGFlNzBlZTE5ZDk1M2NiNWMxODRlIiwKICAgICAgInNvdXJjZV90cmVlX2hlYWRlciI6ICJjNThlZGIwYzA1NjhjM2Y5ZmU4MGJhMDE0YzI2MDUxM2EwN2E4ZTc0YjIxMWI2MDhhZGU0ZDkwNTJmODY0NWIzIgogICAgfSwKICAgIHsKICAgICAgInBhdGgiOiAiL2JmZi9hdXRoL2xvZ291dCIsCiAgICAgICJtZXRob2QiOiAiUE9TVCIsCiAgICAgICJz
2026-09-10T08:15:36.9718355Z GO_EVIDENCE_B64 dGF0dXMiOiAyMDAsCiAgICAgICJyZXNwb25zZV9zaGEyNTYiOiAiNTMyMDExNTY4Njg4MjZkNjA4OTAyZGJhMTgyZjBmMzIzZmUzMzlhMTEzM2E4MDg3ZTc0Y2E4OTg5NTBlZDcyOSIsCiAgICAgICJzb3VyY2VfdHJlZV9oZWFkZXIiOiAiYzU4ZWRiMGMwNTY4YzNmOWZlODBiYTAxNGMyNjA1MTNhMDdhOGU3NGIyMTFiNjA4YWRlNGQ5MDUyZjg2NDViMyIKICAgIH0sCiAgICB7CiAgICAgICJwYXRoIjogIi9iZmYvYXV0aC9tZSIsCiAgICAgICJtZXRob2QiOiAiR0VUIiwKICAgICAgInN0YXR1cyI6IDQwMSwKICAgICAgInJlc3Bv
2026-09-10T08:15:36.9724122Z GO_EVIDENCE_B64 bnNlX3NoYTI1NiI6ICIzMzMzZjE5YWY2NWZlMjM4YjZhM2M3YmQ0YWFhZjk2YjMzZjczNjliMGM0YmY0NGUwOTIwYjc4MjYxY2FkMzVkIiwKICAgICAgInNvdXJjZV90cmVlX2hlYWRlciI6ICJjNThlZGIwYzA1NjhjM2Y5ZmU4MGJhMDE0YzI2MDUxM2EwN2E4ZTc0YjIxMWI2MDhhZGU0ZDkwNTJmODY0NWIzIgogICAgfSwKICAgIHsKICAgICAgInBhdGgiOiAiL3YxL2NvbnN1bWVyL21lIiwKICAgICAgIm1ldGhvZCI6ICJHRVQiLAogICAgICAic3RhdHVzIjogMjAwLAogICAgICAicmVzcG9uc2Vfc2hhMjU2IjogIjkzNmMzZWFk
2026-09-10T08:15:36.9729993Z GO_EVIDENCE_B64 NzYwYzYxYTk3MTM0M2Y4ZDNhYzQ2YTEwNTljOTE4ZDE4YTUzOTQ0YmRiYzdjZWYzNGEyMWUxMTgiLAogICAgICAic291cmNlX3RyZWVfaGVhZGVyIjogImM1OGVkYjBjMDU2OGMzZjlmZTgwYmEwMTRjMjYwNTEzYTA3YThlNzRiMjExYjYwOGFkZTRkOTA1MmY4NjQ1YjMiCiAgICB9LAogICAgewogICAgICAicGF0aCI6ICIvYmZmL2F1dGgvbG9naW4iLAogICAgICAibWV0aG9kIjogIlBPU1QiLAogICAgICAic3RhdHVzIjogMjAwLAogICAgICAicmVzcG9uc2Vfc2hhMjU2IjogImQ4NzZiNDc1ZWNjMTJhZmI2Mzc5MjYyYmY1NTU4
2026-09-10T08:15:36.9735616Z GO_EVIDENCE_B64 ZTI0MTgyYzQ1YmU4ZjUxMmNlZGU2ZTQyNmRhODk1YTk2OTIiLAogICAgICAic291cmNlX3RyZWVfaGVhZGVyIjogImM1OGVkYjBjMDU2OGMzZjlmZTgwYmEwMTRjMjYwNTEzYTA3YThlNzRiMjExYjYwOGFkZTRkOTA1MmY4NjQ1YjMiCiAgICB9LAogICAgewogICAgICAicGF0aCI6ICIvYmZmL2F1dGgvbWUiLAogICAgICAibWV0aG9kIjogIkdFVCIsCiAgICAgICJzdGF0dXMiOiAyMDAsCiAgICAgICJyZXNwb25zZV9zaGEyNTYiOiAiYzU1MzE2Mzg2MDZjMzRhMTBiMDBhMTA4YjM5YjZlNDg0NWE5ODc2ZmZiOWJkZWFiNjkzNTQ0
2026-09-10T08:15:36.9741345Z GO_EVIDENCE_B64 YjgxYTI1MzQwZSIsCiAgICAgICJzb3VyY2VfdHJlZV9oZWFkZXIiOiAiYzU4ZWRiMGMwNTY4YzNmOWZlODBiYTAxNGMyNjA1MTNhMDdhOGU3NGIyMTFiNjA4YWRlNGQ5MDUyZjg2NDViMyIKICAgIH0sCiAgICB7CiAgICAgICJwYXRoIjogIi92MS9jb25zdW1lci9tZSIsCiAgICAgICJtZXRob2QiOiAiR0VUIiwKICAgICAgInN0YXR1cyI6IDIwMCwKICAgICAgInJlc3BvbnNlX3NoYTI1NiI6ICI5MzZjM2VhZDc2MGM2MWE5NzEzNDNmOGQzYWM0NmExMDU5YzkxOGQxOGE1Mzk0NGJkYmM3Y2VmMzRhMjFlMTE4IiwKICAgICAgInNv
2026-09-10T08:15:36.9746917Z GO_EVIDENCE_B64 dXJjZV90cmVlX2hlYWRlciI6ICJjNThlZGIwYzA1NjhjM2Y5ZmU4MGJhMDE0YzI2MDUxM2EwN2E4ZTc0YjIxMWI2MDhhZGU0ZDkwNTJmODY0NWIzIgogICAgfSwKICAgIHsKICAgICAgInBhdGgiOiAiL2JmZi9hdXRoL3JlZnJlc2giLAogICAgICAibWV0aG9kIjogIlBPU1QiLAogICAgICAic3RhdHVzIjogMjAwLAogICAgICAicmVzcG9uc2Vfc2hhMjU2IjogIjJhNGNiN2FjYmM0MGU2ZWU0NWNlNWQzOThiN2Y2NTVjZjQ2MzM3ZmUwYTQ4OWNhNmZkZDBjOWRiNWI4NmQwYjMiLAogICAgICAic291cmNlX3RyZWVfaGVhZGVyIjog
2026-09-10T08:15:36.9752626Z GO_EVIDENCE_B64 ImM1OGVkYjBjMDU2OGMzZjlmZTgwYmEwMTRjMjYwNTEzYTA3YThlNzRiMjExYjYwOGFkZTRkOTA1MmY4NjQ1YjMiCiAgICB9LAogICAgewogICAgICAicGF0aCI6ICIvYmZmL2F1dGgvbG9naW4iLAogICAgICAibWV0aG9kIjogIlBPU1QiLAogICAgICAic3RhdHVzIjogNDAxLAogICAgICAicmVzcG9uc2Vfc2hhMjU2IjogIjE2MzM3OWI0YTUwYWIxMzU4ODRiYmM5ZTU0NGI2MjVmMzM4NDExNGE1ZjFlMWQ2Y2Q4ODY5MjdjMTQ0NThiN2YiLAogICAgICAic291cmNlX3RyZWVfaGVhZGVyIjogImM1OGVkYjBjMDU2OGMzZjlmZTgw
2026-09-10T08:15:36.9758371Z GO_EVIDENCE_B64 YmEwMTRjMjYwNTEzYTA3YThlNzRiMjExYjYwOGFkZTRkOTA1MmY4NjQ1YjMiCiAgICB9LAogICAgewogICAgICAicGF0aCI6ICIvYmZmL2F1dGgvbWUiLAogICAgICAibWV0aG9kIjogIkdFVCIsCiAgICAgICJzdGF0dXMiOiAyMDAsCiAgICAgICJyZXNwb25zZV9zaGEyNTYiOiAiYzU1MzE2Mzg2MDZjMzRhMTBiMDBhMTA4YjM5YjZlNDg0NWE5ODc2ZmZiOWJkZWFiNjkzNTQ0YjgxYTI1MzQwZSIsCiAgICAgICJzb3VyY2VfdHJlZV9oZWFkZXIiOiAiYzU4ZWRiMGMwNTY4YzNmOWZlODBiYTAxNGMyNjA1MTNhMDdhOGU3NGIyMTFi
2026-09-10T08:15:36.9763995Z GO_EVIDENCE_B64 NjA4YWRlNGQ5MDUyZjg2NDViMyIKICAgIH0sCiAgICB7CiAgICAgICJwYXRoIjogIi9iZmYvYXV0aC9sb2dvdXQiLAogICAgICAibWV0aG9kIjogIlBPU1QiLAogICAgICAic3RhdHVzIjogMjAwLAogICAgICAicmVzcG9uc2Vfc2hhMjU2IjogIjUzMjAxMTU2ODY4ODI2ZDYwODkwMmRiYTE4MmYwZjMyM2ZlMzM5YTExMzNhODA4N2U3NGNhODk4OTUwZWQ3MjkiLAogICAgICAic291cmNlX3RyZWVfaGVhZGVyIjogImM1OGVkYjBjMDU2OGMzZjlmZTgwYmEwMTRjMjYwNTEzYTA3YThlNzRiMjExYjYwOGFkZTRkOTA1MmY4NjQ1YjMi
2026-09-10T08:15:36.9769662Z GO_EVIDENCE_B64 CiAgICB9LAogICAgewogICAgICAicGF0aCI6ICIvYmZmL2F1dGgvbWUiLAogICAgICAibWV0aG9kIjogIkdFVCIsCiAgICAgICJzdGF0dXMiOiA0MDEsCiAgICAgICJyZXNwb25zZV9zaGEyNTYiOiAiMzMzM2YxOWFmNjVmZTIzOGI2YTNjN2JkNGFhYWY5NmIzM2Y3MzY5YjBjNGJmNDRlMDkyMGI3ODI2MWNhZDM1ZCIsCiAgICAgICJzb3VyY2VfdHJlZV9oZWFkZXIiOiAiYzU4ZWRiMGMwNTY4YzNmOWZlODBiYTAxNGMyNjA1MTNhMDdhOGU3NGIyMTFiNjA4YWRlNGQ5MDUyZjg2NDViMyIKICAgIH0sCiAgICB7CiAgICAgICJwYXRo
2026-09-10T08:15:36.9775183Z GO_EVIDENCE_B64 IjogIi92MS9jb25zdW1lci9tZSIsCiAgICAgICJtZXRob2QiOiAiR0VUIiwKICAgICAgInN0YXR1cyI6IDIwMCwKICAgICAgInJlc3BvbnNlX3NoYTI1NiI6ICI5MzZjM2VhZDc2MGM2MWE5NzEzNDNmOGQzYWM0NmExMDU5YzkxOGQxOGE1Mzk0NGJkYmM3Y2VmMzRhMjFlMTE4IiwKICAgICAgInNvdXJjZV90cmVlX2hlYWRlciI6ICJjNThlZGIwYzA1NjhjM2Y5ZmU4MGJhMDE0YzI2MDUxM2EwN2E4ZTc0YjIxMWI2MDhhZGU0ZDkwNTJmODY0NWIzIgogICAgfSwKICAgIHsKICAgICAgInBhdGgiOiAiL3YxL2NvbnN1bWVyL2F1dGgv
2026-09-10T08:15:36.9781152Z GO_EVIDENCE_B64 cmVmcmVzaCIsCiAgICAgICJtZXRob2QiOiAiUE9TVCIsCiAgICAgICJzdGF0dXMiOiAyMDAsCiAgICAgICJyZXNwb25zZV9zaGEyNTYiOiAiMjEzYjM0ZjIwZmEyNGY4MmQ0MjZjZTFkNTI0Njg3ODRjMmU5ZWZmYjViNWFiMWVjZjIyYTZiZmY0YWIyYzc2YyIsCiAgICAgICJzb3VyY2VfdHJlZV9oZWFkZXIiOiAiYzU4ZWRiMGMwNTY4YzNmOWZlODBiYTAxNGMyNjA1MTNhMDdhOGU3NGIyMTFiNjA4YWRlNGQ5MDUyZjg2NDViMyIKICAgIH0sCiAgICB7CiAgICAgICJwYXRoIjogIi92MS9jb25zdW1lci9hdXRoL2xvZ291dCIsCiAg
2026-09-10T08:15:36.9786781Z GO_EVIDENCE_B64 ICAgICJtZXRob2QiOiAiUE9TVCIsCiAgICAgICJzdGF0dXMiOiAyMDAsCiAgICAgICJyZXNwb25zZV9zaGEyNTYiOiAiNTMyMDExNTY4Njg4MjZkNjA4OTAyZGJhMTgyZjBmMzIzZmUzMzlhMTEzM2E4MDg3ZTc0Y2E4OTg5NTBlZDcyOSIsCiAgICAgICJzb3VyY2VfdHJlZV9oZWFkZXIiOiAiYzU4ZWRiMGMwNTY4YzNmOWZlODBiYTAxNGMyNjA1MTNhMDdhOGU3NGIyMTFiNjA4YWRlNGQ5MDUyZjg2NDViMyIKICAgIH0sCiAgICB7CiAgICAgICJwYXRoIjogIi92MS9jb25zdW1lci9tZSIsCiAgICAgICJtZXRob2QiOiAiR0VUIiwK
2026-09-10T08:15:36.9792431Z GO_EVIDENCE_B64 ICAgICAgInN0YXR1cyI6IDQwMSwKICAgICAgInJlc3BvbnNlX3NoYTI1NiI6ICIzMzMzZjE5YWY2NWZlMjM4YjZhM2M3YmQ0YWFhZjk2YjMzZjczNjliMGM0YmY0NGUwOTIwYjc4MjYxY2FkMzVkIiwKICAgICAgInNvdXJjZV90cmVlX2hlYWRlciI6ICJjNThlZGIwYzA1NjhjM2Y5ZmU4MGJhMDE0YzI2MDUxM2EwN2E4ZTc0YjIxMWI2MDhhZGU0ZDkwNTJmODY0NWIzIgogICAgfSwKICAgIHsKICAgICAgInBhdGgiOiAiL3YxL2NvbnN1bWVyL2F1dGgvcmVmcmVzaCIsCiAgICAgICJtZXRob2QiOiAiUE9TVCIsCiAgICAgICJzdGF0
2026-09-10T08:15:36.9798043Z GO_EVIDENCE_B64 dXMiOiA0MDEsCiAgICAgICJyZXNwb25zZV9zaGEyNTYiOiAiNjAxZTRiYzA4Y2Y5NDhlYzU4YWJiYjYzOWZkMDQxNDgwNjU4OTAxN2ZmNzU3MThhZTJjYWE1NGRiZDM4NmQwYyIsCiAgICAgICJzb3VyY2VfdHJlZV9oZWFkZXIiOiAiYzU4ZWRiMGMwNTY4YzNmOWZlODBiYTAxNGMyNjA1MTNhMDdhOGU3NGIyMTFiNjA4YWRlNGQ5MDUyZjg2NDViMyIKICAgIH0KICBdLAogICJzY29wZSI6ICJMSVZFX0xPT1BCQUNLX0hUVFBfT05MWSIsCiAgImJyb3dzZXJfZ2F0ZSI6ICJIT0xEIiwKICAiZmluYWxfcmVsZWFzZSI6ICJIT0xEIgp9
2026-09-10T08:15:36.9800802Z GO_EVIDENCE_B64 Cg==
2026-09-10T08:15:36.9801089Z GO_EVIDENCE_FILE_END http-checks.json
2026-09-10T08:15:36.9801686Z GO_EVIDENCE_FILE_BEGIN http-result.json 117 1bf88fcba8b3828e3baa336a833936bfe60c4b1cf4fdc2c75548d20b3eff2a05
2026-09-10T08:15:36.9802956Z GO_EVIDENCE_B64 eyJjaGVja3NfcGFzc2VkIjogMTQ4LCAiZmFpbGVkIjogMCwgImh0dHBfcmVxdWVzdHMiOiA4NywgInNjb3BlIjogIkxJVkVfTE9PUEJBQ0tfSFRUUF9PTkxZIiwgImJyb3dzZXJfZ2F0ZSI6ICJIT0xEIn0K
2026-09-10T08:15:36.9803908Z GO_EVIDENCE_FILE_END http-result.json
2026-09-10T08:15:36.9804515Z GO_EVIDENCE_FILE_BEGIN packaging-tests.log 1533 87fdccaa127d13f74f2bd51cdadcd37467087122081469e96c1e5e36014280e1
2026-09-10T08:15:36.9807898Z GO_EVIDENCE_B64 dGVzdF9hcmNoaXZlX3RhbXBlcl9hbmRfdW5saXN0ZWRfbWVtYmVyX3JlamVjdGVkICh0ZXN0X2RlcHRoMzZfYWNjZXB0YW5jZV9wYWNrYWdpbmcuUnVudGltZVBhY2thZ2luZ1Rlc3RzLnRlc3RfYXJjaGl2ZV90YW1wZXJfYW5kX3VubGlzdGVkX21lbWJlcl9yZWplY3RlZCkgLi4uIG9rCnRlc3RfY2hhbmdlZF9zb3VyY2VfaXNfcmVqZWN0ZWQgKHRlc3RfZGVwdGgzNl9hY2NlcHRhbmNlX3BhY2thZ2luZy5SdW50aW1lUGFja2FnaW5nVGVzdHMudGVzdF9jaGFuZ2VkX3NvdXJjZV9pc19yZWplY3RlZCkgLi4uIG9rCnRlc3RfZXhp
2026-09-10T08:15:36.9813322Z GO_EVIDENCE_B64 c3Rpbmdfb3V0cHV0X2lzX3ByZXNlcnZlZCAodGVzdF9kZXB0aDM2X2FjY2VwdGFuY2VfcGFja2FnaW5nLlJ1bnRpbWVQYWNrYWdpbmdUZXN0cy50ZXN0X2V4aXN0aW5nX291dHB1dF9pc19wcmVzZXJ2ZWQpIC4uLiBvawp0ZXN0X2luaGVyaXRlZF9jcmVkZW50aWFsc19hbmRfZGF0YWJhc2VfYXJlX25vdF9wcm9wYWdhdGVkICh0ZXN0X2RlcHRoMzZfYWNjZXB0YW5jZV9wYWNrYWdpbmcuUnVudGltZVBhY2thZ2luZ1Rlc3RzLnRlc3RfaW5oZXJpdGVkX2NyZWRlbnRpYWxzX2FuZF9kYXRhYmFzZV9hcmVfbm90X3Byb3BhZ2F0ZWQp
2026-09-10T08:15:36.9818814Z GO_EVIDENCE_B64 IC4uLiBvawp0ZXN0X291dGJvdW5kX29wZXJhdGlvbnNfYXJlX2RlbmllZCAodGVzdF9kZXB0aDM2X2FjY2VwdGFuY2VfcGFja2FnaW5nLlJ1bnRpbWVQYWNrYWdpbmdUZXN0cy50ZXN0X291dGJvdW5kX29wZXJhdGlvbnNfYXJlX2RlbmllZCkgLi4uIG9rCnRlc3Rfcm91bmR0cmlwX2FuZF9yZXByb2R1Y2libGVfYnl0ZXMgKHRlc3RfZGVwdGgzNl9hY2NlcHRhbmNlX3BhY2thZ2luZy5SdW50aW1lUGFja2FnaW5nVGVzdHMudGVzdF9yb3VuZHRyaXBfYW5kX3JlcHJvZHVjaWJsZV9ieXRlcykgLi4uIG9rCnRlc3Rfc291cmNlX3N5
2026-09-10T08:15:36.9824328Z GO_EVIDENCE_B64 bWxpbmtfaXNfcmVqZWN0ZWQgKHRlc3RfZGVwdGgzNl9hY2NlcHRhbmNlX3BhY2thZ2luZy5SdW50aW1lUGFja2FnaW5nVGVzdHMudGVzdF9zb3VyY2Vfc3ltbGlua19pc19yZWplY3RlZCkgLi4uIG9rCnRlc3RfdW50cmFja2VkX2J5dGVjb2RlX2lzX3JlamVjdGVkICh0ZXN0X2RlcHRoMzZfYWNjZXB0YW5jZV9wYWNrYWdpbmcuUnVudGltZVBhY2thZ2luZ1Rlc3RzLnRlc3RfdW50cmFja2VkX2J5dGVjb2RlX2lzX3JlamVjdGVkKSAuLi4gb2sKdGVzdF91bnRyYWNrZWRfY29uZmlndXJhdGlvbl9pc19yZWplY3RlZCAodGVzdF9k
2026-09-10T08:15:36.9829929Z GO_EVIDENCE_B64 ZXB0aDM2X2FjY2VwdGFuY2VfcGFja2FnaW5nLlJ1bnRpbWVQYWNrYWdpbmdUZXN0cy50ZXN0X3VudHJhY2tlZF9jb25maWd1cmF0aW9uX2lzX3JlamVjdGVkKSAuLi4gb2sKdGVzdF93cm9uZ19waW5uZWRfdHJlZV9pc19yZWplY3RlZCAodGVzdF9kZXB0aDM2X2FjY2VwdGFuY2VfcGFja2FnaW5nLlJ1bnRpbWVQYWNrYWdpbmdUZXN0cy50ZXN0X3dyb25nX3Bpbm5lZF90cmVlX2lzX3JlamVjdGVkKSAuLi4gb2sKCi0tLS0tLS0tLS0tLS0tLS0tLS0tLS0tLS0tLS0tLS0tLS0tLS0tLS0tLS0tLS0tLS0tLS0tLS0tLS0tLS0tLS0t
2026-09-10T08:15:36.9832659Z GO_EVIDENCE_B64 LS0tLS0KUmFuIDEwIHRlc3RzIGluIDAuMzQycwoKT0sK
2026-09-10T08:15:36.9832826Z GO_EVIDENCE_FILE_END packaging-tests.log
2026-09-10T08:15:36.9908786Z Node 20 is being deprecated. This workflow is running with Node 24 by default. If you need to temporarily use Node 20, you can set the ACTIONS_ALLOW_USE_UNSECURE_NODE_VERSION=true environment variable. For more information see: https://github.blog/changelog/2025-09-19-deprecation-of-node-20-on-github-actions-runners/
2026-09-10T08:15:36.9908984Z ##[group]Run actions/upload-artifact@v4
2026-09-10T08:15:36.9909072Z with:
2026-09-10T08:15:36.9909243Z   name: GO-DEPTH36-predeployment-34453179558-shard-2
2026-09-10T08:15:36.9909354Z   path: evidence/
2026-09-10T08:15:36.9909457Z   if-no-files-found: error
2026-09-10T08:15:36.9909552Z   retention-days: 90
2026-09-10T08:15:36.9909643Z   compression-level: 6
2026-09-10T08:15:36.9909740Z   overwrite: false
2026-09-10T08:15:36.9909839Z   include-hidden-files: false
2026-09-10T08:15:36.9909928Z env:
2026-09-10T08:15:36.9910022Z   ACCEPTANCE_SHARD: 2
2026-09-10T08:15:36.9910192Z   SEALED_CANDIDATE: 7bd98db21ee950aeb91c12b296b1864b5a758c3f
2026-09-10T08:15:36.9910489Z   EXPECTED_SOURCE_TREE: c58edb0c0568c3f9fe80ba014c260513a07a8e74b211b608ade4d9052f8645b3
2026-09-10T08:15:36.9910596Z   PYTHONDONTWRITEBYTECODE: 1
2026-09-10T08:15:36.9910759Z   pythonLocation: /opt/hostedtoolcache/Python/3.13.5/x64
2026-09-10T08:15:36.9910948Z   PKG_CONFIG_PATH: /opt/hostedtoolcache/Python/3.13.5/x64/lib/pkgconfig
2026-09-10T08:15:36.9911091Z   Python_ROOT_DIR: /opt/hostedtoolcache/Python/3.13.5/x64
2026-09-10T08:15:36.9911243Z   Python2_ROOT_DIR: /opt/hostedtoolcache/Python/3.13.5/x64
2026-09-10T08:15:36.9911377Z   Python3_ROOT_DIR: /opt/hostedtoolcache/Python/3.13.5/x64
2026-09-10T08:15:36.9911536Z   LD_LIBRARY_PATH: /opt/hostedtoolcache/Python/3.13.5/x64/lib
2026-09-10T08:15:36.9911693Z   GO_NATIVE_NODE: /opt/hostedtoolcache/node/22.22.0/x64/bin/node
2026-09-10T08:15:36.9911780Z ##[endgroup]
2026-09-10T08:15:37.1861843Z (node:2792) [DEP0040] DeprecationWarning: The `punycode` module is deprecated. Please use a userland alternative instead.
2026-09-10T08:15:37.1863481Z (Use `node --trace-deprecation ...` to show where the warning was created)
2026-09-10T08:15:37.2352758Z With the provided path, there will be 27 files uploaded
2026-09-10T08:15:37.2354016Z Artifact name is valid!
2026-09-10T08:15:37.2354646Z Root directory input is valid!
2026-09-10T08:15:37.4291187Z Beginning upload of artifact content to blob storage
2026-09-10T08:15:37.7413088Z (node:2792) [DEP0169] DeprecationWarning: `url.parse()` behavior is not standardized and prone to errors that have security implications. Use the WHATWG URL API instead. CVEs are not issued for `url.parse()` vulnerabilities.
2026-09-10T08:15:37.9669474Z Uploaded bytes 8388608
2026-09-10T08:15:38.0529425Z Uploaded bytes 11835272
2026-09-10T08:15:38.0703462Z Finished uploading artifact content to blob storage!
2026-09-10T08:15:38.0705092Z SHA256 digest of uploaded artifact zip is 656ee2fbbb5391291c20bea95061cba20f1493b594c929bfb222203c87ccd376
2026-09-10T08:15:38.0707224Z Finalizing artifact upload
2026-09-10T08:15:38.2711318Z Artifact GO-DEPTH36-predeployment-34453179558-shard-2.zip successfully finalized. Artifact ID 10142752623
2026-09-10T08:15:38.2713160Z Artifact GO-DEPTH36-predeployment-34453179558-shard-2 has been successfully uploaded! Final size is 11835272 bytes. Artifact ID is 10142752623
2026-09-10T08:15:38.2719461Z Artifact download URL: https://github.com/yuguangzhi3836-glitch/GO/actions/runs/34453179558/artifacts/10142752623
2026-09-10T08:15:38.2949028Z Node 20 is being deprecated. This workflow is running with Node 24 by default. If you need to temporarily use Node 20, you can set the ACTIONS_ALLOW_USE_UNSECURE_NODE_VERSION=true environment variable. For more information see: https://github.blog/changelog/2025-09-19-deprecation-of-node-20-on-github-actions-runners/
2026-09-10T08:15:38.2950231Z Post job cleanup.
2026-09-10T08:15:38.4318784Z (node:2804) [DEP0040] DeprecationWarning: The `punycode` module is deprecated. Please use a userland alternative instead.
2026-09-10T08:15:38.4321218Z (Use `node --trace-deprecation ...` to show where the warning was created)
2026-09-10T08:15:38.4570997Z Node 20 is being deprecated. This workflow is running with Node 24 by default. If you need to temporarily use Node 20, you can set the ACTIONS_ALLOW_USE_UNSECURE_NODE_VERSION=true environment variable. For more information see: https://github.blog/changelog/2025-09-19-deprecation-of-node-20-on-github-actions-runners/
2026-09-10T08:15:38.4572802Z Post job cleanup.
2026-09-10T08:15:38.6141953Z (node:2812) [DEP0040] DeprecationWarning: The `punycode` module is deprecated. Please use a userland alternative instead.
2026-09-10T08:15:38.6189040Z (Use `node --trace-deprecation ...` to show where the warning was created)
2026-09-10T08:15:38.6504676Z Node 20 is being deprecated. This workflow is running with Node 24 by default. If you need to temporarily use Node 20, you can set the ACTIONS_ALLOW_USE_UNSECURE_NODE_VERSION=true environment variable. For more information see: https://github.blog/changelog/2025-09-19-deprecation-of-node-20-on-github-actions-runners/
2026-09-10T08:15:38.6507134Z Post job cleanup.
2026-09-10T08:15:38.7678857Z [command]/usr/bin/git version
2026-09-10T08:15:38.7743139Z git version 2.55.0
2026-09-10T08:15:38.7848911Z Temporarily overriding HOME='/home/runner/work/_temp/61c6eb28-8cbf-43bc-bb58-e3cde46b927f' before making global git config changes
2026-09-10T08:15:38.7850587Z Adding repository directory to the temporary git global config as a safe directory
2026-09-10T08:15:38.7851982Z [command]/usr/bin/git config --global --add safe.directory /home/runner/work/GO/GO/candidate
2026-09-10T08:15:38.7899099Z [command]/usr/bin/git config --local --name-only --get-regexp core\.sshCommand
2026-09-10T08:15:38.7969625Z [command]/usr/bin/git submodule foreach --recursive sh -c "git config --local --name-only --get-regexp 'core\.sshCommand' && git config --local --unset-all 'core.sshCommand' || :"
2026-09-10T08:15:38.8379830Z [command]/usr/bin/git config --local --name-only --get-regexp http\.https\:\/\/github\.com\/\.extraheader
2026-09-10T08:15:38.8474439Z [command]/usr/bin/git submodule foreach --recursive sh -c "git config --local --name-only --get-regexp 'http\.https\:\/\/github\.com\/\.extraheader' && git config --local --unset-all 'http.https://github.com/.extraheader' || :"
2026-09-10T08:15:38.9331725Z [command]/usr/bin/git config --local --name-only --get-regexp ^includeIf\.gitdir:
2026-09-10T08:15:38.9479292Z [command]/usr/bin/git submodule foreach --recursive git config --local --show-origin --name-only --get-regexp remote.origin.url
2026-09-10T08:15:39.0237432Z Node 20 is being deprecated. This workflow is running with Node 24 by default. If you need to temporarily use Node 20, you can set the ACTIONS_ALLOW_USE_UNSECURE_NODE_VERSION=true environment variable. For more information see: https://github.blog/changelog/2025-09-19-deprecation-of-node-20-on-github-actions-runners/
2026-09-10T08:15:39.0238898Z Post job cleanup.
2026-09-10T08:15:39.1238727Z [command]/usr/bin/git version
2026-09-10T08:15:39.1318583Z git version 2.55.0
2026-09-10T08:15:39.1384820Z Temporarily overriding HOME='/home/runner/work/_temp/6d4cdf24-ae3e-4c6a-ac1c-a38691a34070' before making global git config changes
2026-09-10T08:15:39.1404834Z Adding repository directory to the temporary git global config as a safe directory
2026-09-10T08:15:39.1406158Z [command]/usr/bin/git config --global --add safe.directory /home/runner/work/GO/GO/tooling
2026-09-10T08:15:39.1472988Z [command]/usr/bin/git config --local --name-only --get-regexp core\.sshCommand
2026-09-10T08:15:39.1528629Z [command]/usr/bin/git submodule foreach --recursive sh -c "git config --local --name-only --get-regexp 'core\.sshCommand' && git config --local --unset-all 'core.sshCommand' || :"
2026-09-10T08:15:39.1971270Z [command]/usr/bin/git config --local --name-only --get-regexp http\.https\:\/\/github\.com\/\.extraheader
2026-09-10T08:15:39.2069714Z [command]/usr/bin/git submodule foreach --recursive sh -c "git config --local --name-only --get-regexp 'http\.https\:\/\/github\.com\/\.extraheader' && git config --local --unset-all 'http.https://github.com/.extraheader' || :"
2026-09-10T08:15:39.2519502Z [command]/usr/bin/git config --local --name-only --get-regexp ^includeIf\.gitdir:
2026-09-10T08:15:39.2582313Z [command]/usr/bin/git submodule foreach --recursive git config --local --show-origin --name-only --get-regexp remote.origin.url
2026-09-10T08:15:39.3124965Z Cleaning up orphan processes
2026-09-10T08:15:39.3396605Z ##[warning]Node.js 20 is deprecated. The following actions target Node.js 20 but are being forced to run on Node.js 24: actions/checkout@v4, actions/setup-node@v4, actions/setup-python@v5, actions/upload-artifact@v4. For more information see: https://github.blog/changelog/2025-09-19-deprecation-of-node-20-on-github-actions-runners/
