2026-09-10T08:04:14.6208783Z Current runner version: '2.337.0'
2026-09-10T08:04:14.6249202Z ##[group]Runner Image Provisioner
2026-09-10T08:04:14.6250887Z Hosted Compute Agent
2026-09-10T08:04:14.6251993Z Version: 20260828.587
2026-09-10T08:04:14.6253021Z Commit: abac92662cab4cc7352de4f9f9d2e2419aad9c29
2026-09-10T08:04:14.6254117Z Build Date: 2026-08-28T16:44:25Z
2026-09-10T08:04:14.6255891Z Worker ID: {1210b549-7bcb-4161-9f03-07525e54721c}
2026-09-10T08:04:14.6257070Z Azure Region: westcentralus
2026-09-10T08:04:14.6258092Z ##[endgroup]
2026-09-10T08:04:14.6260404Z ##[group]Operating System
2026-09-10T08:04:14.6261399Z Ubuntu
2026-09-10T08:04:14.6262438Z 22.04.5
2026-09-10T08:04:14.6263244Z LTS
2026-09-10T08:04:14.6264160Z ##[endgroup]
2026-09-10T08:04:14.6265540Z ##[group]Runner Image
2026-09-10T08:04:14.6266487Z Image: ubuntu-22.04
2026-09-10T08:04:14.6267509Z Version: 20260831.284.1
2026-09-10T08:04:14.6269629Z Included Software: https://github.com/actions/runner-images/blob/ubuntu22/20260831.284/images/ubuntu/Ubuntu2204-Readme.md
2026-09-10T08:04:14.6272309Z Image Release: https://github.com/actions/runner-images/releases/tag/ubuntu22%2F20260831.284
2026-09-10T08:04:14.6273902Z ##[endgroup]
2026-09-10T08:04:14.6276498Z ##[group]GITHUB_TOKEN Permissions
2026-09-10T08:04:14.6280237Z Actions: read
2026-09-10T08:04:14.6281316Z Contents: read
2026-09-10T08:04:14.6282220Z Metadata: read
2026-09-10T08:04:14.6283178Z ##[endgroup]
2026-09-10T08:04:14.6286790Z Secret source: Actions
2026-09-10T08:04:14.6288558Z Cache mode: write
2026-09-10T08:04:14.6290211Z Prepare workflow directory
2026-09-10T08:04:14.7497879Z Prepare all required actions
2026-09-10T08:04:14.7663864Z Getting action download info
2026-09-10T08:04:15.1404758Z Download action repository 'actions/checkout@v4' (SHA:11d5960a326750d5838078e36cf38b85af677262)
2026-09-10T08:04:15.2366321Z Download action repository 'actions/setup-python@v5' (SHA:a26af69be951a213d495a4c3e4e4022e16d87065)
2026-09-10T08:04:15.3463771Z Download action repository 'actions/setup-node@v4' (SHA:49933ea5288caeca8642d1e84afbd3f7d6820020)
2026-09-10T08:04:15.4835722Z Download action repository 'actions/upload-artifact@v4' (SHA:ea165f8d65b6e75b540449e92b4886f43607fa02)
2026-09-10T08:04:15.7162230Z Complete job name: isolated (3)
2026-09-10T08:04:15.7914468Z Node 20 is being deprecated. This workflow is running with Node 24 by default. If you need to temporarily use Node 20, you can set the ACTIONS_ALLOW_USE_UNSECURE_NODE_VERSION=true environment variable. For more information see: https://github.blog/changelog/2025-09-19-deprecation-of-node-20-on-github-actions-runners/
2026-09-10T08:04:15.7923411Z ##[group]Run actions/checkout@v4
2026-09-10T08:04:15.7924089Z with:
2026-09-10T08:04:15.7924951Z   ref: 9725334a729f9ea43b6cb62c63bf52539511f312
2026-09-10T08:04:15.7925552Z   path: tooling
2026-09-10T08:04:15.7926016Z   persist-credentials: false
2026-09-10T08:04:15.7926549Z   repository: yuguangzhi3836-glitch/GO
2026-09-10T08:04:15.7930795Z   token: ***
2026-09-10T08:04:15.7931232Z   ssh-strict: true
2026-09-10T08:04:15.7931703Z   ssh-user: git
2026-09-10T08:04:15.7932114Z   clean: true
2026-09-10T08:04:15.7932561Z   sparse-checkout-cone-mode: true
2026-09-10T08:04:15.7933078Z   fetch-depth: 1
2026-09-10T08:04:15.7933548Z   fetch-tags: false
2026-09-10T08:04:15.7933993Z   show-progress: true
2026-09-10T08:04:15.7934685Z   lfs: false
2026-09-10T08:04:15.7935107Z   submodules: false
2026-09-10T08:04:15.7935553Z   set-safe-directory: true
2026-09-10T08:04:15.7936057Z   allow-unsafe-pr-checkout: false
2026-09-10T08:04:15.7936842Z env:
2026-09-10T08:04:15.7937251Z   ACCEPTANCE_SHARD: 3
2026-09-10T08:04:15.7937809Z   SEALED_CANDIDATE: 7bd98db21ee950aeb91c12b296b1864b5a758c3f
2026-09-10T08:04:15.7938729Z   EXPECTED_SOURCE_TREE: c58edb0c0568c3f9fe80ba014c260513a07a8e74b211b608ade4d9052f8645b3
2026-09-10T08:04:15.7939566Z   PYTHONDONTWRITEBYTECODE: 1
2026-09-10T08:04:15.7940130Z ##[endgroup]
2026-09-10T08:04:15.9291201Z Syncing repository: yuguangzhi3836-glitch/GO
2026-09-10T08:04:15.9293987Z ##[group]Getting Git version info
2026-09-10T08:04:15.9296025Z Working directory is '/home/runner/work/GO/GO/tooling'
2026-09-10T08:04:15.9297578Z [command]/usr/bin/git version
2026-09-10T08:04:15.9425372Z git version 2.55.0
2026-09-10T08:04:15.9511941Z ##[endgroup]
2026-09-10T08:04:15.9543576Z Temporarily overriding HOME='/home/runner/work/_temp/bf23210a-6992-48c2-9256-4795ab5bfc52' before making global git config changes
2026-09-10T08:04:15.9566179Z Adding repository directory to the temporary git global config as a safe directory
2026-09-10T08:04:15.9575758Z [command]/usr/bin/git config --global --add safe.directory /home/runner/work/GO/GO/tooling
2026-09-10T08:04:15.9579132Z ##[group]Initializing the repository
2026-09-10T08:04:15.9587398Z [command]/usr/bin/git init /home/runner/work/GO/GO/tooling
2026-09-10T08:04:15.9693310Z hint: Using 'master' as the name for the initial branch. This default branch name
2026-09-10T08:04:15.9712034Z hint: will change to "main" in Git 3.0. To configure the initial branch name
2026-09-10T08:04:15.9718165Z hint: to use in all of your new repositories, which will suppress this warning,
2026-09-10T08:04:15.9719549Z hint: call:
2026-09-10T08:04:15.9720289Z hint:
2026-09-10T08:04:15.9721240Z hint: 	git config --global init.defaultBranch <name>
2026-09-10T08:04:15.9722282Z hint:
2026-09-10T08:04:15.9723280Z hint: Names commonly chosen instead of 'master' are 'main', 'trunk' and
2026-09-10T08:04:15.9745485Z hint: 'development'. The just-created branch can be renamed via this command:
2026-09-10T08:04:15.9760181Z hint:
2026-09-10T08:04:15.9777999Z hint: 	git branch -m <name>
2026-09-10T08:04:15.9782658Z hint:
2026-09-10T08:04:15.9783884Z hint: Disable this message with "git config set advice.defaultBranchName false"
2026-09-10T08:04:15.9785767Z Initialized empty Git repository in /home/runner/work/GO/GO/tooling/.git/
2026-09-10T08:04:15.9821987Z [command]/usr/bin/git remote add origin https://github.com/yuguangzhi3836-glitch/GO
2026-09-10T08:04:15.9850642Z ##[endgroup]
2026-09-10T08:04:15.9852066Z ##[group]Disabling automatic garbage collection
2026-09-10T08:04:15.9875295Z [command]/usr/bin/git config --local gc.auto 0
2026-09-10T08:04:15.9898454Z ##[endgroup]
2026-09-10T08:04:15.9899757Z ##[group]Setting up auth
2026-09-10T08:04:15.9901532Z [command]/usr/bin/git config --local --name-only --get-regexp core\.sshCommand
2026-09-10T08:04:15.9911486Z [command]/usr/bin/git submodule foreach --recursive sh -c "git config --local --name-only --get-regexp 'core\.sshCommand' && git config --local --unset-all 'core.sshCommand' || :"
2026-09-10T08:04:16.0510130Z [command]/usr/bin/git config --local --name-only --get-regexp http\.https\:\/\/github\.com\/\.extraheader
2026-09-10T08:04:16.0617555Z [command]/usr/bin/git submodule foreach --recursive sh -c "git config --local --name-only --get-regexp 'http\.https\:\/\/github\.com\/\.extraheader' && git config --local --unset-all 'http.https://github.com/.extraheader' || :"
2026-09-10T08:04:16.1001678Z [command]/usr/bin/git config --local --name-only --get-regexp ^includeIf\.gitdir:
2026-09-10T08:04:16.1050653Z [command]/usr/bin/git submodule foreach --recursive git config --local --show-origin --name-only --get-regexp remote.origin.url
2026-09-10T08:04:16.1375188Z [command]/usr/bin/git config --local http.https://github.com/.extraheader AUTHORIZATION: basic ***
2026-09-10T08:04:16.1428046Z ##[endgroup]
2026-09-10T08:04:16.1429973Z ##[group]Fetching the repository
2026-09-10T08:04:16.1439608Z [command]/usr/bin/git -c protocol.version=2 fetch --no-tags --prune --no-recurse-submodules --depth=1 origin 9725334a729f9ea43b6cb62c63bf52539511f312
2026-09-10T08:04:19.0751772Z From https://github.com/yuguangzhi3836-glitch/GO
2026-09-10T08:04:19.0753752Z  * branch            9725334a729f9ea43b6cb62c63bf52539511f312 -> FETCH_HEAD
2026-09-10T08:04:19.0758313Z ##[endgroup]
2026-09-10T08:04:19.0759290Z ##[group]Determining the checkout info
2026-09-10T08:04:19.0760280Z ##[endgroup]
2026-09-10T08:04:19.0761075Z [command]/usr/bin/git sparse-checkout disable
2026-09-10T08:04:19.0817961Z [command]/usr/bin/git config --local --unset-all extensions.worktreeConfig
2026-09-10T08:04:19.0868581Z ##[group]Checking out the ref
2026-09-10T08:04:19.0872520Z [command]/usr/bin/git checkout --progress --force 9725334a729f9ea43b6cb62c63bf52539511f312
2026-09-10T08:04:19.5033502Z Note: switching to '9725334a729f9ea43b6cb62c63bf52539511f312'.
2026-09-10T08:04:19.5043723Z 
2026-09-10T08:04:19.5044834Z You are in 'detached HEAD' state. You can look around, make experimental
2026-09-10T08:04:19.5046246Z changes and commit them, and you can discard any commits you make in this
2026-09-10T08:04:19.5047466Z state without impacting any branches by switching back to a branch.
2026-09-10T08:04:19.5048221Z 
2026-09-10T08:04:19.5048811Z If you want to create a new branch to retain commits you create, you may
2026-09-10T08:04:19.5049859Z do so (now or later) by using -c with the switch command. Example:
2026-09-10T08:04:19.5050542Z 
2026-09-10T08:04:19.5050982Z   git switch -c <new-branch-name>
2026-09-10T08:04:19.5051544Z 
2026-09-10T08:04:19.5052057Z Or undo this operation with:
2026-09-10T08:04:19.5052576Z 
2026-09-10T08:04:19.5053099Z   git switch -
2026-09-10T08:04:19.5053789Z 
2026-09-10T08:04:19.5054712Z Turn off this advice by setting config variable advice.detachedHead to false
2026-09-10T08:04:19.5055507Z 
2026-09-10T08:04:19.5056427Z HEAD is now at 9725334 ci: verify complete DEPTH36R3 with spawn-safe isolated test runner
2026-09-10T08:04:19.5107993Z ##[endgroup]
2026-09-10T08:04:19.5170797Z [command]/usr/bin/git log -1 --format=%H
2026-09-10T08:04:19.5207137Z 9725334a729f9ea43b6cb62c63bf52539511f312
2026-09-10T08:04:19.5224966Z ##[group]Removing auth
2026-09-10T08:04:19.5235494Z [command]/usr/bin/git config --local --name-only --get-regexp core\.sshCommand
2026-09-10T08:04:19.5276687Z [command]/usr/bin/git submodule foreach --recursive sh -c "git config --local --name-only --get-regexp 'core\.sshCommand' && git config --local --unset-all 'core.sshCommand' || :"
2026-09-10T08:04:19.5603241Z [command]/usr/bin/git config --local --name-only --get-regexp http\.https\:\/\/github\.com\/\.extraheader
2026-09-10T08:04:19.5641298Z http.https://github.com/.extraheader
2026-09-10T08:04:19.5652463Z [command]/usr/bin/git config --local --unset-all http.https://github.com/.extraheader
2026-09-10T08:04:19.5707082Z [command]/usr/bin/git submodule foreach --recursive sh -c "git config --local --name-only --get-regexp 'http\.https\:\/\/github\.com\/\.extraheader' && git config --local --unset-all 'http.https://github.com/.extraheader' || :"
2026-09-10T08:04:19.6022954Z [command]/usr/bin/git config --local --name-only --get-regexp ^includeIf\.gitdir:
2026-09-10T08:04:19.6080357Z [command]/usr/bin/git submodule foreach --recursive git config --local --show-origin --name-only --get-regexp remote.origin.url
2026-09-10T08:04:19.6625820Z ##[endgroup]
2026-09-10T08:04:19.6910063Z Node 20 is being deprecated. This workflow is running with Node 24 by default. If you need to temporarily use Node 20, you can set the ACTIONS_ALLOW_USE_UNSECURE_NODE_VERSION=true environment variable. For more information see: https://github.blog/changelog/2025-09-19-deprecation-of-node-20-on-github-actions-runners/
2026-09-10T08:04:19.6912020Z ##[group]Run actions/checkout@v4
2026-09-10T08:04:19.6912289Z with:
2026-09-10T08:04:19.6912546Z   ref: 7bd98db21ee950aeb91c12b296b1864b5a758c3f
2026-09-10T08:04:19.6912849Z   path: candidate
2026-09-10T08:04:19.6913084Z   persist-credentials: false
2026-09-10T08:04:19.6913362Z   repository: yuguangzhi3836-glitch/GO
2026-09-10T08:04:19.6916734Z   token: ***
2026-09-10T08:04:19.6916951Z   ssh-strict: true
2026-09-10T08:04:19.6917166Z   ssh-user: git
2026-09-10T08:04:19.6917371Z   clean: true
2026-09-10T08:04:19.6917602Z   sparse-checkout-cone-mode: true
2026-09-10T08:04:19.6917868Z   fetch-depth: 1
2026-09-10T08:04:19.6918171Z   fetch-tags: false
2026-09-10T08:04:19.6918438Z   show-progress: true
2026-09-10T08:04:19.6918660Z   lfs: false
2026-09-10T08:04:19.6918864Z   submodules: false
2026-09-10T08:04:19.6919086Z   set-safe-directory: true
2026-09-10T08:04:19.6919621Z   allow-unsafe-pr-checkout: false
2026-09-10T08:04:19.6919890Z env:
2026-09-10T08:04:19.6920094Z   ACCEPTANCE_SHARD: 3
2026-09-10T08:04:19.6920411Z   SEALED_CANDIDATE: 7bd98db21ee950aeb91c12b296b1864b5a758c3f
2026-09-10T08:04:19.6920917Z   EXPECTED_SOURCE_TREE: c58edb0c0568c3f9fe80ba014c260513a07a8e74b211b608ade4d9052f8645b3
2026-09-10T08:04:19.6921386Z   PYTHONDONTWRITEBYTECODE: 1
2026-09-10T08:04:19.6921650Z ##[endgroup]
2026-09-10T08:04:19.8010889Z Syncing repository: yuguangzhi3836-glitch/GO
2026-09-10T08:04:19.8033665Z ##[group]Getting Git version info
2026-09-10T08:04:19.8034919Z Working directory is '/home/runner/work/GO/GO/candidate'
2026-09-10T08:04:19.8101949Z [command]/usr/bin/git version
2026-09-10T08:04:19.8187395Z git version 2.55.0
2026-09-10T08:04:19.8232892Z ##[endgroup]
2026-09-10T08:04:19.8260002Z Temporarily overriding HOME='/home/runner/work/_temp/017fbb42-4965-4686-a000-67525ad7fe94' before making global git config changes
2026-09-10T08:04:19.8276166Z Adding repository directory to the temporary git global config as a safe directory
2026-09-10T08:04:19.8292836Z [command]/usr/bin/git config --global --add safe.directory /home/runner/work/GO/GO/candidate
2026-09-10T08:04:19.8388414Z ##[group]Initializing the repository
2026-09-10T08:04:19.8393912Z [command]/usr/bin/git init /home/runner/work/GO/GO/candidate
2026-09-10T08:04:19.8495460Z hint: Using 'master' as the name for the initial branch. This default branch name
2026-09-10T08:04:19.8505363Z hint: will change to "main" in Git 3.0. To configure the initial branch name
2026-09-10T08:04:19.8522289Z hint: to use in all of your new repositories, which will suppress this warning,
2026-09-10T08:04:19.8523129Z hint: call:
2026-09-10T08:04:19.8523542Z hint:
2026-09-10T08:04:19.8524203Z hint: 	git config --global init.defaultBranch <name>
2026-09-10T08:04:19.8534822Z hint:
2026-09-10T08:04:19.8545227Z hint: Names commonly chosen instead of 'master' are 'main', 'trunk' and
2026-09-10T08:04:19.8561478Z hint: 'development'. The just-created branch can be renamed via this command:
2026-09-10T08:04:19.8580943Z hint:
2026-09-10T08:04:19.8605291Z hint: 	git branch -m <name>
2026-09-10T08:04:19.8605959Z hint:
2026-09-10T08:04:19.8625380Z hint: Disable this message with "git config set advice.defaultBranchName false"
2026-09-10T08:04:19.8645176Z Initialized empty Git repository in /home/runner/work/GO/GO/candidate/.git/
2026-09-10T08:04:19.8675960Z [command]/usr/bin/git remote add origin https://github.com/yuguangzhi3836-glitch/GO
2026-09-10T08:04:19.8677935Z ##[endgroup]
2026-09-10T08:04:19.8678657Z ##[group]Disabling automatic garbage collection
2026-09-10T08:04:19.8679368Z [command]/usr/bin/git config --local gc.auto 0
2026-09-10T08:04:19.8680992Z ##[endgroup]
2026-09-10T08:04:19.8681610Z ##[group]Setting up auth
2026-09-10T08:04:19.8682864Z [command]/usr/bin/git config --local --name-only --get-regexp core\.sshCommand
2026-09-10T08:04:19.8741502Z [command]/usr/bin/git submodule foreach --recursive sh -c "git config --local --name-only --get-regexp 'core\.sshCommand' && git config --local --unset-all 'core.sshCommand' || :"
2026-09-10T08:04:19.9228425Z [command]/usr/bin/git config --local --name-only --get-regexp http\.https\:\/\/github\.com\/\.extraheader
2026-09-10T08:04:19.9318061Z [command]/usr/bin/git submodule foreach --recursive sh -c "git config --local --name-only --get-regexp 'http\.https\:\/\/github\.com\/\.extraheader' && git config --local --unset-all 'http.https://github.com/.extraheader' || :"
2026-09-10T08:04:19.9863677Z [command]/usr/bin/git config --local --name-only --get-regexp ^includeIf\.gitdir:
2026-09-10T08:04:19.9955759Z [command]/usr/bin/git submodule foreach --recursive git config --local --show-origin --name-only --get-regexp remote.origin.url
2026-09-10T08:04:20.0454556Z [command]/usr/bin/git config --local http.https://github.com/.extraheader AUTHORIZATION: basic ***
2026-09-10T08:04:20.0536223Z ##[endgroup]
2026-09-10T08:04:20.0555491Z ##[group]Fetching the repository
2026-09-10T08:04:20.0558288Z [command]/usr/bin/git -c protocol.version=2 fetch --no-tags --prune --no-recurse-submodules --depth=1 origin 7bd98db21ee950aeb91c12b296b1864b5a758c3f
2026-09-10T08:04:22.7698588Z From https://github.com/yuguangzhi3836-glitch/GO
2026-09-10T08:04:22.7701482Z  * branch            7bd98db21ee950aeb91c12b296b1864b5a758c3f -> FETCH_HEAD
2026-09-10T08:04:22.7707594Z ##[endgroup]
2026-09-10T08:04:22.7708481Z ##[group]Determining the checkout info
2026-09-10T08:04:22.7710600Z ##[endgroup]
2026-09-10T08:04:22.7718980Z [command]/usr/bin/git sparse-checkout disable
2026-09-10T08:04:22.7779969Z [command]/usr/bin/git config --local --unset-all extensions.worktreeConfig
2026-09-10T08:04:22.7851446Z ##[group]Checking out the ref
2026-09-10T08:04:22.7852503Z [command]/usr/bin/git checkout --progress --force 7bd98db21ee950aeb91c12b296b1864b5a758c3f
2026-09-10T08:04:23.1895382Z Note: switching to '7bd98db21ee950aeb91c12b296b1864b5a758c3f'.
2026-09-10T08:04:23.1899738Z 
2026-09-10T08:04:23.1900384Z You are in 'detached HEAD' state. You can look around, make experimental
2026-09-10T08:04:23.1901622Z changes and commit them, and you can discard any commits you make in this
2026-09-10T08:04:23.1902697Z state without impacting any branches by switching back to a branch.
2026-09-10T08:04:23.1903361Z 
2026-09-10T08:04:23.1903873Z If you want to create a new branch to retain commits you create, you may
2026-09-10T08:04:23.1904982Z do so (now or later) by using -c with the switch command. Example:
2026-09-10T08:04:23.1905596Z 
2026-09-10T08:04:23.1905953Z   git switch -c <new-branch-name>
2026-09-10T08:04:23.1906424Z 
2026-09-10T08:04:23.1906745Z Or undo this operation with:
2026-09-10T08:04:23.1907176Z 
2026-09-10T08:04:23.1907476Z   git switch -
2026-09-10T08:04:23.1907858Z 
2026-09-10T08:04:23.1908413Z Turn off this advice by setting config variable advice.detachedHead to false
2026-09-10T08:04:23.1909074Z 
2026-09-10T08:04:23.1909700Z HEAD is now at 7bd98db test(mobile): verify offline and idempotency contract through shared transport
2026-09-10T08:04:23.1966635Z ##[endgroup]
2026-09-10T08:04:23.2019970Z [command]/usr/bin/git log -1 --format=%H
2026-09-10T08:04:23.2058408Z 7bd98db21ee950aeb91c12b296b1864b5a758c3f
2026-09-10T08:04:23.2068480Z ##[group]Removing auth
2026-09-10T08:04:23.2072849Z [command]/usr/bin/git config --local --name-only --get-regexp core\.sshCommand
2026-09-10T08:04:23.2117302Z [command]/usr/bin/git submodule foreach --recursive sh -c "git config --local --name-only --get-regexp 'core\.sshCommand' && git config --local --unset-all 'core.sshCommand' || :"
2026-09-10T08:04:23.2413040Z [command]/usr/bin/git config --local --name-only --get-regexp http\.https\:\/\/github\.com\/\.extraheader
2026-09-10T08:04:23.2448330Z http.https://github.com/.extraheader
2026-09-10T08:04:23.2466662Z [command]/usr/bin/git config --local --unset-all http.https://github.com/.extraheader
2026-09-10T08:04:23.2505060Z [command]/usr/bin/git submodule foreach --recursive sh -c "git config --local --name-only --get-regexp 'http\.https\:\/\/github\.com\/\.extraheader' && git config --local --unset-all 'http.https://github.com/.extraheader' || :"
2026-09-10T08:04:23.2806639Z [command]/usr/bin/git config --local --name-only --get-regexp ^includeIf\.gitdir:
2026-09-10T08:04:23.2845131Z [command]/usr/bin/git submodule foreach --recursive git config --local --show-origin --name-only --get-regexp remote.origin.url
2026-09-10T08:04:23.3184951Z ##[endgroup]
2026-09-10T08:04:23.3429134Z Node 20 is being deprecated. This workflow is running with Node 24 by default. If you need to temporarily use Node 20, you can set the ACTIONS_ALLOW_USE_UNSECURE_NODE_VERSION=true environment variable. For more information see: https://github.blog/changelog/2025-09-19-deprecation-of-node-20-on-github-actions-runners/
2026-09-10T08:04:23.3430334Z ##[group]Run actions/setup-python@v5
2026-09-10T08:04:23.3430611Z with:
2026-09-10T08:04:23.3430822Z   python-version: 3.13.5
2026-09-10T08:04:23.3431062Z   check-latest: false
2026-09-10T08:04:23.3434162Z   token: ***
2026-09-10T08:04:23.3434671Z   update-environment: true
2026-09-10T08:04:23.3435139Z   allow-prereleases: false
2026-09-10T08:04:23.3435376Z   freethreaded: false
2026-09-10T08:04:23.3435597Z env:
2026-09-10T08:04:23.3435790Z   ACCEPTANCE_SHARD: 3
2026-09-10T08:04:23.3436069Z   SEALED_CANDIDATE: 7bd98db21ee950aeb91c12b296b1864b5a758c3f
2026-09-10T08:04:23.3436606Z   EXPECTED_SOURCE_TREE: c58edb0c0568c3f9fe80ba014c260513a07a8e74b211b608ade4d9052f8645b3
2026-09-10T08:04:23.3437054Z   PYTHONDONTWRITEBYTECODE: 1
2026-09-10T08:04:23.3437307Z ##[endgroup]
2026-09-10T08:04:23.4957159Z ##[group]Installed versions
2026-09-10T08:04:23.4970915Z Version 3.13.5 was not found in the local cache
2026-09-10T08:04:23.5092172Z (node:2020) [DEP0040] DeprecationWarning: The `punycode` module is deprecated. Please use a userland alternative instead.
2026-09-10T08:04:23.5093637Z (Use `node --trace-deprecation ...` to show where the warning was created)
2026-09-10T08:04:24.4724047Z Version 3.13.5 is available for downloading
2026-09-10T08:04:24.4725344Z Download from "https://github.com/actions/python-versions/releases/download/3.13.5-15601068749/python-3.13.5-linux-22.04-x64.tar.gz"
2026-09-10T08:04:25.5793857Z Extract downloaded archive
2026-09-10T08:04:25.5976083Z [command]/usr/bin/tar xz --warning=no-unknown-keyword --overwrite -C /home/runner/work/_temp/1ca2d89c-c204-48cc-bd33-4e3bbfcf8362 -f /home/runner/work/_temp/e5abdb8d-8a4a-4366-8577-66f8abd01e76
2026-09-10T08:04:28.2135806Z Execute installation script
2026-09-10T08:04:28.2269228Z Check if Python hostedtoolcache folder exist...
2026-09-10T08:04:28.2279429Z Create Python 3.13.5 folder
2026-09-10T08:04:28.2295789Z Copy Python binaries to hostedtoolcache folder
2026-09-10T08:04:28.9164055Z Create additional symlinks (Required for the UsePythonVersion Azure Pipelines task and the setup-python GitHub Action)
2026-09-10T08:04:28.9218205Z Upgrading pip...
2026-09-10T08:04:31.5884676Z Looking in links: /tmp/tmpbe4wdrm6
2026-09-10T08:04:31.5889307Z Requirement already satisfied: pip in /opt/hostedtoolcache/Python/3.13.5/x64/lib/python3.13/site-packages (25.1.1)
2026-09-10T08:04:33.3617579Z Collecting pip
2026-09-10T08:04:33.4228476Z Downloading pip-26.2.1-py3-none-any.whl.metadata (4.6 kB)
2026-09-10T08:04:33.4491081Z Downloading pip-26.2.1-py3-none-any.whl (1.8 MB)
2026-09-10T08:04:33.5461360Z ━━━━━━━━━━━━━━━━━━━━━━━━━━━━━━━━━━━━━━━━ 1.8/1.8 MB 30.4 MB/s eta 0:00:00
2026-09-10T08:04:33.5491846Z 
2026-09-10T08:04:33.5692583Z Installing collected packages: pip
2026-09-10T08:04:33.5695300Z Attempting uninstall: pip
2026-09-10T08:04:33.5729553Z Found existing installation: pip 25.1.1
2026-09-10T08:04:33.6084744Z Uninstalling pip-25.1.1:
2026-09-10T08:04:33.6148104Z Successfully uninstalled pip-25.1.1
2026-09-10T08:04:34.6344064Z Successfully installed pip-26.2.1
2026-09-10T08:04:34.7033649Z Create complete file
2026-09-10T08:04:34.7078363Z Successfully set up CPython (3.13.5)
2026-09-10T08:04:34.7081644Z ##[endgroup]
2026-09-10T08:04:34.7319724Z Node 20 is being deprecated. This workflow is running with Node 24 by default. If you need to temporarily use Node 20, you can set the ACTIONS_ALLOW_USE_UNSECURE_NODE_VERSION=true environment variable. For more information see: https://github.blog/changelog/2025-09-19-deprecation-of-node-20-on-github-actions-runners/
2026-09-10T08:04:34.7320966Z ##[group]Run actions/setup-node@v4
2026-09-10T08:04:34.7321243Z with:
2026-09-10T08:04:34.7321452Z   node-version: 22.22.0
2026-09-10T08:04:34.7321683Z   always-auth: false
2026-09-10T08:04:34.7321898Z   check-latest: false
2026-09-10T08:04:34.7325176Z   token: ***
2026-09-10T08:04:34.7325378Z env:
2026-09-10T08:04:34.7325579Z   ACCEPTANCE_SHARD: 3
2026-09-10T08:04:34.7325879Z   SEALED_CANDIDATE: 7bd98db21ee950aeb91c12b296b1864b5a758c3f
2026-09-10T08:04:34.7326375Z   EXPECTED_SOURCE_TREE: c58edb0c0568c3f9fe80ba014c260513a07a8e74b211b608ade4d9052f8645b3
2026-09-10T08:04:34.7326826Z   PYTHONDONTWRITEBYTECODE: 1
2026-09-10T08:04:34.7327171Z   pythonLocation: /opt/hostedtoolcache/Python/3.13.5/x64
2026-09-10T08:04:34.7327640Z   PKG_CONFIG_PATH: /opt/hostedtoolcache/Python/3.13.5/x64/lib/pkgconfig
2026-09-10T08:04:34.7328298Z   Python_ROOT_DIR: /opt/hostedtoolcache/Python/3.13.5/x64
2026-09-10T08:04:34.7328669Z   Python2_ROOT_DIR: /opt/hostedtoolcache/Python/3.13.5/x64
2026-09-10T08:04:34.7329032Z   Python3_ROOT_DIR: /opt/hostedtoolcache/Python/3.13.5/x64
2026-09-10T08:04:34.7329397Z   LD_LIBRARY_PATH: /opt/hostedtoolcache/Python/3.13.5/x64/lib
2026-09-10T08:04:34.7329717Z ##[endgroup]
2026-09-10T08:04:34.8974620Z Attempting to download 22.22.0...
2026-09-10T08:04:34.9092092Z (node:2070) [DEP0040] DeprecationWarning: The `punycode` module is deprecated. Please use a userland alternative instead.
2026-09-10T08:04:34.9093987Z (Use `node --trace-deprecation ...` to show where the warning was created)
2026-09-10T08:04:35.8348456Z Acquiring 22.22.0 - x64 from https://github.com/actions/node-versions/releases/download/22.22.0-20981702931/node-22.22.0-linux-x64.tar.gz
2026-09-10T08:04:36.6077916Z Extracting ...
2026-09-10T08:04:36.6231630Z [command]/usr/bin/tar xz --strip 1 --warning=no-unknown-keyword --overwrite -C /home/runner/work/_temp/30cdb778-232c-4eef-a82e-23d97408dfec -f /home/runner/work/_temp/a7958130-791e-454b-9cce-89a95e071305
2026-09-10T08:04:38.0800422Z Adding to the cache ...
2026-09-10T08:04:40.9334999Z ##[group]Environment details
2026-09-10T08:04:41.2485750Z node: v22.22.0
2026-09-10T08:04:41.2486161Z npm: 10.9.4
2026-09-10T08:04:41.2486455Z yarn: 1.22.22
2026-09-10T08:04:41.2487125Z ##[endgroup]
2026-09-10T08:04:41.2691546Z ##[group]Run mkdir -p evidence
2026-09-10T08:04:41.2691928Z [36;1mmkdir -p evidence[0m
2026-09-10T08:04:41.2692334Z [36;1mgit -C candidate rev-parse HEAD | tee evidence/candidate-commit.txt[0m
2026-09-10T08:04:41.2692837Z [36;1mtest "$(git -C candidate rev-parse HEAD)" = "$SEALED_CANDIDATE"[0m
2026-09-10T08:04:41.2693881Z [36;1mpython -c 'import hashlib,json,pathlib;p=pathlib.Path("candidate/deliverables/CP11_DEPTH36R3_MOBILE_CONTRACT_20260910");m=json.loads((p/"MANIFEST.json").read_text());assert hashlib.sha256((p/"DELTA.json").read_bytes()).hexdigest()==m["delta_sha256"]'[0m
2026-09-10T08:04:41.3139460Z shell: /usr/bin/bash --noprofile --norc -e -o pipefail {0}
2026-09-10T08:04:41.3139847Z env:
2026-09-10T08:04:41.3140064Z   ACCEPTANCE_SHARD: 3
2026-09-10T08:04:41.3140368Z   SEALED_CANDIDATE: 7bd98db21ee950aeb91c12b296b1864b5a758c3f
2026-09-10T08:04:41.3140872Z   EXPECTED_SOURCE_TREE: c58edb0c0568c3f9fe80ba014c260513a07a8e74b211b608ade4d9052f8645b3
2026-09-10T08:04:41.3141397Z   PYTHONDONTWRITEBYTECODE: 1
2026-09-10T08:04:41.3141718Z   pythonLocation: /opt/hostedtoolcache/Python/3.13.5/x64
2026-09-10T08:04:41.3142131Z   PKG_CONFIG_PATH: /opt/hostedtoolcache/Python/3.13.5/x64/lib/pkgconfig
2026-09-10T08:04:41.3142539Z   Python_ROOT_DIR: /opt/hostedtoolcache/Python/3.13.5/x64
2026-09-10T08:04:41.3142913Z   Python2_ROOT_DIR: /opt/hostedtoolcache/Python/3.13.5/x64
2026-09-10T08:04:41.3143281Z   Python3_ROOT_DIR: /opt/hostedtoolcache/Python/3.13.5/x64
2026-09-10T08:04:41.3143653Z   LD_LIBRARY_PATH: /opt/hostedtoolcache/Python/3.13.5/x64/lib
2026-09-10T08:04:41.3143988Z ##[endgroup]
2026-09-10T08:04:41.3330217Z 7bd98db21ee950aeb91c12b296b1864b5a758c3f
2026-09-10T08:04:41.4734866Z ##[group]Run python tooling/ci/depth36/materialize_parent.py \
2026-09-10T08:04:41.4735398Z [36;1mpython tooling/ci/depth36/materialize_parent.py \[0m
2026-09-10T08:04:41.4735838Z [36;1m  --depth26 candidate/deliverables/CP11_DEPTH26_20260909 \[0m
2026-09-10T08:04:41.4736257Z [36;1m  --depth27 candidate/deliverables/CP11_DEPTH27_20260909 \[0m
2026-09-10T08:04:41.4736705Z [36;1m  --depth28 candidate/deliverables/CP11_DEPTH28_V14_INTEGRATION_20260909 \[0m
2026-09-10T08:04:41.4737253Z [36;1m  --output "$GITHUB_WORKSPACE/restored-parent" | tee evidence/parent-restore.log[0m
2026-09-10T08:04:41.4737883Z [36;1mpython candidate/deliverables/CP11_DEPTH29_TRIP_REENTRY_20260909/restore_depth29.py \[0m
2026-09-10T08:04:41.4738393Z [36;1m  --parent "$GITHUB_WORKSPACE/restored-parent" \[0m
2026-09-10T08:04:41.4738864Z [36;1m  --output "$GITHUB_WORKSPACE/restored-depth29" | tee evidence/depth29-restore.log[0m
2026-09-10T08:04:41.4739717Z [36;1mpython candidate/deliverables/CP11_DEPTH30_NATIVE_PAYMENT_20260909/restore_depth30.py \[0m
2026-09-10T08:04:41.4740228Z [36;1m  --parent "$GITHUB_WORKSPACE/restored-depth29" \[0m
2026-09-10T08:04:41.4740673Z [36;1m  --output "$GITHUB_WORKSPACE/restored-depth30" | tee evidence/depth30-restore.log[0m
2026-09-10T08:04:41.4741252Z [36;1mpython candidate/deliverables/CP11_DEPTH31_CONSENT_DIRECT_20260910/restore_delta.py \[0m
2026-09-10T08:04:41.4741726Z [36;1m  --parent "$GITHUB_WORKSPACE/restored-depth30" \[0m
2026-09-10T08:04:41.4742148Z [36;1m  --package candidate/deliverables/CP11_DEPTH31_CONSENT_DIRECT_20260910 \[0m
2026-09-10T08:04:41.4742669Z [36;1m  --output "$GITHUB_WORKSPACE/restored-depth31" | tee evidence/depth31-restore.log[0m
2026-09-10T08:04:41.4743267Z [36;1mpython candidate/deliverables/CP11_DEPTH32R2_CHANGE_TERMS_REFUND_20260910/restore_delta.py \[0m
2026-09-10T08:04:41.4743781Z [36;1m  --parent "$GITHUB_WORKSPACE/restored-depth31" \[0m
2026-09-10T08:04:41.4744489Z [36;1m  --package candidate/deliverables/CP11_DEPTH32R2_CHANGE_TERMS_REFUND_20260910 \[0m
2026-09-10T08:04:41.4745163Z [36;1m  --output "$GITHUB_WORKSPACE/restored-depth32r2" | tee evidence/depth32r2-restore.log[0m
2026-09-10T08:04:41.4745749Z [36;1mpython candidate/deliverables/CP11_DEPTH33_MOBILITY_REFUND_20260910/restore_delta.py \[0m
2026-09-10T08:04:41.4746224Z [36;1m  --parent "$GITHUB_WORKSPACE/restored-depth32r2" \[0m
2026-09-10T08:04:41.4746652Z [36;1m  --package candidate/deliverables/CP11_DEPTH33_MOBILITY_REFUND_20260910 \[0m
2026-09-10T08:04:41.4747188Z [36;1m  --output "$GITHUB_WORKSPACE/restored-depth33" | tee evidence/depth33-restore.log[0m
2026-09-10T08:04:41.4747798Z [36;1mpython candidate/deliverables/CP11_DEPTH34R2_HOTEL_QUOTE_IDENTITY_20260910/restore_delta.py \[0m
2026-09-10T08:04:41.4748319Z [36;1m  --parent "$GITHUB_WORKSPACE/restored-depth33" \[0m
2026-09-10T08:04:41.4748792Z [36;1m  --package candidate/deliverables/CP11_DEPTH34R2_HOTEL_QUOTE_IDENTITY_20260910 \[0m
2026-09-10T08:04:41.4749392Z [36;1m  --output "$GITHUB_WORKSPACE/restored-depth34r2" | tee evidence/depth34r2-restore.log[0m
2026-09-10T08:04:41.4750008Z [36;1mpython candidate/deliverables/CP11_DEPTH35R2_SESSION_TRANSITIONS_20260910/restore_delta.py \[0m
2026-09-10T08:04:41.4750521Z [36;1m  --parent "$GITHUB_WORKSPACE/restored-depth34r2" \[0m
2026-09-10T08:04:41.4750980Z [36;1m  --package candidate/deliverables/CP11_DEPTH35R2_SESSION_TRANSITIONS_20260910 \[0m
2026-09-10T08:04:41.4751541Z [36;1m  --output "$GITHUB_WORKSPACE/restored-depth35r2" | tee evidence/depth35r2-restore.log[0m
2026-09-10T08:04:41.4752133Z [36;1mpython candidate/deliverables/CP11_DEPTH36_ISOLATED_RUNTIME_20260910/restore_delta.py \[0m
2026-09-10T08:04:41.4752614Z [36;1m  --parent "$GITHUB_WORKSPACE/restored-depth35r2" \[0m
2026-09-10T08:04:41.4753055Z [36;1m  --package candidate/deliverables/CP11_DEPTH36_ISOLATED_RUNTIME_20260910 \[0m
2026-09-10T08:04:41.4753600Z [36;1m  --output "$GITHUB_WORKSPACE/restored-depth36" | tee evidence/depth36-restore.log[0m
2026-09-10T08:04:41.4754588Z [36;1mpython candidate/deliverables/CP11_DEPTH36R2_SUPPORT_RESTORE_20260910/restore_delta.py \[0m
2026-09-10T08:04:41.4755119Z [36;1m  --parent "$GITHUB_WORKSPACE/restored-depth36" \[0m
2026-09-10T08:04:41.4755552Z [36;1m  --package candidate/deliverables/CP11_DEPTH36R2_SUPPORT_RESTORE_20260910 \[0m
2026-09-10T08:04:41.4756110Z [36;1m  --output "$GITHUB_WORKSPACE/restored-depth36r2" | tee evidence/depth36r2-restore.log[0m
2026-09-10T08:04:41.4756702Z [36;1mpython candidate/deliverables/CP11_DEPTH36R3_MOBILE_CONTRACT_20260910/restore_delta.py \[0m
2026-09-10T08:04:41.4757195Z [36;1m  --parent "$GITHUB_WORKSPACE/restored-depth36r2" \[0m
2026-09-10T08:04:41.4757626Z [36;1m  --package candidate/deliverables/CP11_DEPTH36R3_MOBILE_CONTRACT_20260910 \[0m
2026-09-10T08:04:41.4758122Z [36;1m  --output "$GITHUB_WORKSPACE/restored" | tee evidence/restore.log[0m
2026-09-10T08:04:41.4837375Z shell: /usr/bin/bash --noprofile --norc -e -o pipefail {0}
2026-09-10T08:04:41.4837730Z env:
2026-09-10T08:04:41.4837949Z   ACCEPTANCE_SHARD: 3
2026-09-10T08:04:41.4838250Z   SEALED_CANDIDATE: 7bd98db21ee950aeb91c12b296b1864b5a758c3f
2026-09-10T08:04:41.4838748Z   EXPECTED_SOURCE_TREE: c58edb0c0568c3f9fe80ba014c260513a07a8e74b211b608ade4d9052f8645b3
2026-09-10T08:04:41.4839194Z   PYTHONDONTWRITEBYTECODE: 1
2026-09-10T08:04:41.4839509Z   pythonLocation: /opt/hostedtoolcache/Python/3.13.5/x64
2026-09-10T08:04:41.4839916Z   PKG_CONFIG_PATH: /opt/hostedtoolcache/Python/3.13.5/x64/lib/pkgconfig
2026-09-10T08:04:41.4840349Z   Python_ROOT_DIR: /opt/hostedtoolcache/Python/3.13.5/x64
2026-09-10T08:04:41.4840725Z   Python2_ROOT_DIR: /opt/hostedtoolcache/Python/3.13.5/x64
2026-09-10T08:04:41.4841103Z   Python3_ROOT_DIR: /opt/hostedtoolcache/Python/3.13.5/x64
2026-09-10T08:04:41.4841489Z   LD_LIBRARY_PATH: /opt/hostedtoolcache/Python/3.13.5/x64/lib
2026-09-10T08:04:41.4841808Z ##[endgroup]
2026-09-10T08:04:42.6855968Z {
2026-09-10T08:04:42.6856819Z   "restored_files_verified": 1081,
2026-09-10T08:04:42.6857646Z   "parent_files_verified": 1077,
2026-09-10T08:04:42.6862908Z   "source_tree_sha256": "7f8be7894c15f42e311610cccaaf8590402cd9ae1facca77956379a5aec43952",
2026-09-10T08:04:42.6864182Z   "delta_sha256": "f95e9541757f0051815373611b0230ee1bcc58201a451e6b99261754110e98ab",
2026-09-10T08:04:42.6868748Z   "output": "/tmp/go-offline-lineage-msjp8rq0/depth27",
2026-09-10T08:04:42.6869505Z   "FINAL_RELEASE_GATE": "HOLD"
2026-09-10T08:04:42.6870038Z }
2026-09-10T08:04:43.1983965Z {
2026-09-10T08:04:43.1985654Z   "restored_files_verified": 1093,
2026-09-10T08:04:43.1997792Z   "parent_files_verified": 1081,
2026-09-10T08:04:43.1998897Z   "source_tree_sha256": "3a8440e2d74e1dc4f86509686968683f98bec4b78c9f0ca0e43a02dedeac285f",
2026-09-10T08:04:43.2000043Z   "delta_sha256": "98f006935a421b99aa4ea35c1f43ec0186b04bfc262e01b46f3d4f341d13a109",
2026-09-10T08:04:43.2000976Z   "output": "/home/runner/work/GO/GO/restored-parent",
2026-09-10T08:04:43.2001769Z   "FINAL_RELEASE_GATE": "HOLD"
2026-09-10T08:04:43.2002304Z }
2026-09-10T08:04:43.3398650Z {"verified_files": 1093, "result": "PASS", "scope": "offline archive materialization only", "independent_ci": false, "release_gate": "HOLD"}
2026-09-10T08:04:43.9078973Z {
2026-09-10T08:04:43.9080205Z   "parent_files_verified": 1201,
2026-09-10T08:04:43.9080966Z   "restored_files_verified": 1207,
2026-09-10T08:04:43.9081900Z   "source_tree_sha256": "ffcea37a3d2ce626026571c1d16eb7be190bd1b048b6b8dfd0d6c8164f2b556c",
2026-09-10T08:04:43.9083054Z   "delta_sha256": "df32a08b8e330e36c95a53d576bad00f22203cfec566145dd830856d2da5540b",
2026-09-10T08:04:43.9083959Z   "scope": "offline source materialization only",
2026-09-10T08:04:43.9084849Z   "independent_ci": false,
2026-09-10T08:04:43.9085441Z   "FINAL_RELEASE_GATE": "HOLD"
2026-09-10T08:04:43.9086637Z }
2026-09-10T08:04:44.4578704Z {
2026-09-10T08:04:44.4579988Z   "parent_files_verified": 1207,
2026-09-10T08:04:44.4580624Z   "restored_files_verified": 1222,
2026-09-10T08:04:44.4581999Z   "source_tree_sha256": "f576c976bfe8f34d3182ba232fe1290c374346106c602a4fffe4935366f7a961",
2026-09-10T08:04:44.4583192Z   "delta_sha256": "6803c349f241feae33a879d91243bc6bb1ff23c77701f98d69a0ec06d9b5d107",
2026-09-10T08:04:44.4591901Z   "scope": "offline source materialization only",
2026-09-10T08:04:44.4592586Z   "independent_ci": false,
2026-09-10T08:04:44.4593139Z   "FINAL_RELEASE_GATE": "HOLD"
2026-09-10T08:04:44.4593617Z }
2026-09-10T08:04:45.1468562Z {"verified_files": 1232, "source_tree_sha256": "2b9095df2e9a58f8f5ac6861c514163cbbc9e135def204c4e2d5edb65b3f68e0", "parent_verified_files": 1222, "changed_files": 28, "environment": "offline restoration only", "release_gate": "HOLD"}
2026-09-10T08:04:45.8245907Z {"verified_files": 1236, "source_tree_sha256": "a309bdda03e0621a7be5622463a92bcfe728238f28c4ea6c212c6be43c875c11", "parent_verified_files": 1232, "changed_files": 11, "environment": "offline restoration only", "release_gate": "HOLD"}
2026-09-10T08:04:46.2978131Z {"verified_files": 1239, "source_tree_sha256": "a67a70cd2442e67ece9c9b2795b049c6aea2ba4d882448b912eb7eb996d4459c", "parent_verified_files": 1236, "changed_files": 9, "environment": "offline restoration only", "release_gate": "HOLD"}
2026-09-10T08:04:46.7951321Z {"verified_files": 1241, "source_tree_sha256": "e94bb749a680c4aec3f946dc2ce6d284cd48b60361dc7d6ef85ffcf6f29457b5", "parent_verified_files": 1239, "changed_files": 6, "environment": "offline restoration only", "release_gate": "HOLD"}
2026-09-10T08:04:47.2731158Z {"verified_files": 1243, "source_tree_sha256": "d8659259388accc8c05365e6e82ee8c66b4861561f96af15b5feea1d216066fe", "parent_verified_files": 1241, "changed_files": 7, "environment": "offline restoration only", "release_gate": "HOLD"}
2026-09-10T08:04:47.7342412Z {"verified_files": 1247, "source_tree_sha256": "59b4f02e18a50d9cb96369cb559b04cf5e658c592ae0a02b7662bdecacb91d56", "parent_verified_files": 1243, "changed_files": 4, "environment": "offline restoration only", "release_gate": "HOLD"}
2026-09-10T08:04:48.2119986Z {"verified_files": 1267, "source_tree_sha256": "a68f5f02e3f194d00d3e794bdafa08982be8c0ccb54d0a824c3008ffeb53f284", "parent_verified_files": 1247, "changed_files": 21, "environment": "offline restoration only", "release_gate": "HOLD"}
2026-09-10T08:04:48.6746097Z {"verified_files": 1267, "source_tree_sha256": "c58edb0c0568c3f9fe80ba014c260513a07a8e74b211b608ade4d9052f8645b3", "parent_verified_files": 1267, "changed_files": 1, "environment": "offline restoration only", "release_gate": "HOLD"}
2026-09-10T08:04:48.6854853Z ##[group]Run python tooling/ci/depth36/dependencies.py --repository candidate --output dependencies | tee evidence/dependencies.json
2026-09-10T08:04:48.6855889Z [36;1mpython tooling/ci/depth36/dependencies.py --repository candidate --output dependencies | tee evidence/dependencies.json[0m
2026-09-10T08:04:48.6856478Z [36;1mpython -m venv isolated-runtime[0m
2026-09-10T08:04:48.6857170Z [36;1misolated-runtime/bin/python -m pip install --no-index --no-deps --find-links dependencies/wheelhouse -r tooling/ci/depth36/requirements.lock[0m
2026-09-10T08:04:48.6857870Z [36;1misolated-runtime/bin/python -m pip check[0m
2026-09-10T08:04:48.6858304Z [36;1misolated-runtime/bin/python -m pip freeze > evidence/pip-freeze.txt[0m
2026-09-10T08:04:48.6937343Z shell: /usr/bin/bash --noprofile --norc -e -o pipefail {0}
2026-09-10T08:04:48.6937880Z env:
2026-09-10T08:04:48.6951649Z   ACCEPTANCE_SHARD: 3
2026-09-10T08:04:48.6952186Z   SEALED_CANDIDATE: 7bd98db21ee950aeb91c12b296b1864b5a758c3f
2026-09-10T08:04:48.6952934Z   EXPECTED_SOURCE_TREE: c58edb0c0568c3f9fe80ba014c260513a07a8e74b211b608ade4d9052f8645b3
2026-09-10T08:04:48.6953395Z   PYTHONDONTWRITEBYTECODE: 1
2026-09-10T08:04:48.6953709Z   pythonLocation: /opt/hostedtoolcache/Python/3.13.5/x64
2026-09-10T08:04:48.6954140Z   PKG_CONFIG_PATH: /opt/hostedtoolcache/Python/3.13.5/x64/lib/pkgconfig
2026-09-10T08:04:48.6954798Z   Python_ROOT_DIR: /opt/hostedtoolcache/Python/3.13.5/x64
2026-09-10T08:04:48.6955168Z   Python2_ROOT_DIR: /opt/hostedtoolcache/Python/3.13.5/x64
2026-09-10T08:04:48.6955552Z   Python3_ROOT_DIR: /opt/hostedtoolcache/Python/3.13.5/x64
2026-09-10T08:04:48.6955922Z   LD_LIBRARY_PATH: /opt/hostedtoolcache/Python/3.13.5/x64/lib
2026-09-10T08:04:48.6956239Z ##[endgroup]
2026-09-10T08:04:49.1340120Z {"archive_sha256": "b13a76ab9351f81da70e8e2c8873c20141abe953cd3f96aeb181ef86a34b58dd", "verified_wheels": 37, "source": "pinned GO repository ci/dependency_parts only", "application_source_restored": false}
2026-09-10T08:04:54.0969290Z Looking in links: dependencies/wheelhouse
2026-09-10T08:04:54.1079051Z Processing ./dependencies/wheelhouse/alembic-1.16.5-py3-none-any.whl (from -r tooling/ci/depth36/requirements.lock (line 1))
2026-09-10T08:04:54.1169660Z Processing ./dependencies/wheelhouse/annotated_doc-0.0.4-py3-none-any.whl (from -r tooling/ci/depth36/requirements.lock (line 2))
2026-09-10T08:04:54.1209351Z Processing ./dependencies/wheelhouse/annotated_types-0.7.0-py3-none-any.whl (from -r tooling/ci/depth36/requirements.lock (line 3))
2026-09-10T08:04:54.1243376Z Processing ./dependencies/wheelhouse/anyio-4.13.0-py3-none-any.whl (from -r tooling/ci/depth36/requirements.lock (line 4))
2026-09-10T08:04:54.1283495Z Processing ./dependencies/wheelhouse/certifi-2026.5.20-py3-none-any.whl (from -r tooling/ci/depth36/requirements.lock (line 5))
2026-09-10T08:04:54.1311419Z Processing ./dependencies/wheelhouse/cffi-2.0.0-cp313-cp313-manylinux_2_17_x86_64.whl (from -r tooling/ci/depth36/requirements.lock (line 6))
2026-09-10T08:04:54.1341430Z Processing ./dependencies/wheelhouse/click-8.5.0-py3-none-any.whl (from -r tooling/ci/depth36/requirements.lock (line 7))
2026-09-10T08:04:54.1368306Z Processing ./dependencies/wheelhouse/cryptography-46.0.4-cp311-abi3-manylinux_2_34_x86_64.whl (from -r tooling/ci/depth36/requirements.lock (line 8))
2026-09-10T08:04:54.1493719Z Processing ./dependencies/wheelhouse/fastapi-0.128.2-py3-none-any.whl (from -r tooling/ci/depth36/requirements.lock (line 9))
2026-09-10T08:04:54.1584779Z Processing ./dependencies/wheelhouse/greenlet-3.5.1-cp313-cp313-manylinux_2_24_x86_64.whl (from -r tooling/ci/depth36/requirements.lock (line 10))
2026-09-10T08:04:54.1631246Z Processing ./dependencies/wheelhouse/h11-0.16.0-py3-none-any.whl (from -r tooling/ci/depth36/requirements.lock (line 11))
2026-09-10T08:04:54.1686270Z Processing ./dependencies/wheelhouse/httpcore-1.0.9-py3-none-any.whl (from -r tooling/ci/depth36/requirements.lock (line 12))
2026-09-10T08:04:54.1711398Z Processing ./dependencies/wheelhouse/httpx-0.28.1-py3-none-any.whl (from -r tooling/ci/depth36/requirements.lock (line 13))
2026-09-10T08:04:54.1749954Z Processing ./dependencies/wheelhouse/idna-3.17-py3-none-any.whl (from -r tooling/ci/depth36/requirements.lock (line 14))
2026-09-10T08:04:54.1783288Z Processing ./dependencies/wheelhouse/iniconfig-2.3.0-py3-none-any.whl (from -r tooling/ci/depth36/requirements.lock (line 15))
2026-09-10T08:04:54.1815284Z Processing ./dependencies/wheelhouse/mako-1.3.10-py3-none-any.whl (from -r tooling/ci/depth36/requirements.lock (line 16))
2026-09-10T08:04:54.1871205Z Processing ./dependencies/wheelhouse/markupsafe-3.0.3-cp313-cp313-manylinux2014_x86_64.manylinux_2_17_x86_64.manylinux_2_28_x86_64.whl (from -r tooling/ci/depth36/requirements.lock (line 17))
2026-09-10T08:04:54.1895767Z Processing ./dependencies/wheelhouse/packaging-25.0-py3-none-any.whl (from -r tooling/ci/depth36/requirements.lock (line 18))
2026-09-10T08:04:54.2106772Z Processing ./dependencies/wheelhouse/pillow-12.3.0-cp313-cp313-manylinux_2_27_x86_64.whl (from -r tooling/ci/depth36/requirements.lock (line 19))
2026-09-10T08:04:54.2115891Z Processing ./dependencies/wheelhouse/pluggy-1.6.0-py3-none-any.whl (from -r tooling/ci/depth36/requirements.lock (line 20))
2026-09-10T08:04:54.2152389Z Processing ./dependencies/wheelhouse/psycopg_binary-3.2.10-cp313-cp313-manylinux2014_x86_64.manylinux_2_17_x86_64.whl (from -r tooling/ci/depth36/requirements.lock (line 21))
2026-09-10T08:04:54.2228419Z Processing ./dependencies/wheelhouse/psycopg-3.2.10-py3-none-any.whl (from -r tooling/ci/depth36/requirements.lock (line 22))
2026-09-10T08:04:54.2305751Z Processing ./dependencies/wheelhouse/pycparser-3.0-py3-none-any.whl (from -r tooling/ci/depth36/requirements.lock (line 23))
2026-09-10T08:04:54.2336605Z Processing ./dependencies/wheelhouse/pydantic_settings-2.14.1-py3-none-any.whl (from -r tooling/ci/depth36/requirements.lock (line 24))
2026-09-10T08:04:54.2385632Z Processing ./dependencies/wheelhouse/pydantic-2.13.4-py3-none-any.whl (from -r tooling/ci/depth36/requirements.lock (line 25))
2026-09-10T08:04:54.2482342Z Processing ./dependencies/wheelhouse/pydantic_core-2.46.4-cp313-cp313-manylinux_2_17_x86_64.whl (from -r tooling/ci/depth36/requirements.lock (line 26))
2026-09-10T08:04:54.2542733Z Processing ./dependencies/wheelhouse/Pygments-2.20.0-py3-none-any.whl (from -r tooling/ci/depth36/requirements.lock (line 27))
2026-09-10T08:04:54.2647317Z Processing ./dependencies/wheelhouse/PyJWT-2.13.0-py3-none-any.whl (from -r tooling/ci/depth36/requirements.lock (line 28))
2026-09-10T08:04:54.2678057Z Processing ./dependencies/wheelhouse/pytest_asyncio-1.3.0-py3-none-any.whl (from -r tooling/ci/depth36/requirements.lock (line 29))
2026-09-10T08:04:54.2715000Z Processing ./dependencies/wheelhouse/pytest-9.0.2-py3-none-any.whl (from -r tooling/ci/depth36/requirements.lock (line 30))
2026-09-10T08:04:54.2780692Z Processing ./dependencies/wheelhouse/python_dotenv-1.2.2-py3-none-any.whl (from -r tooling/ci/depth36/requirements.lock (line 31))
2026-09-10T08:04:54.2824933Z Processing ./dependencies/wheelhouse/redis-5.2.1-py3-none-any.whl (from -r tooling/ci/depth36/requirements.lock (line 32))
2026-09-10T08:04:54.2866014Z Processing ./dependencies/wheelhouse/SQLAlchemy-2.0.50-cp313-cp313-manylinux_2_17_x86_64.whl (from -r tooling/ci/depth36/requirements.lock (line 33))
2026-09-10T08:04:54.3067430Z Processing ./dependencies/wheelhouse/starlette-0.50.0-py3-none-any.whl (from -r tooling/ci/depth36/requirements.lock (line 34))
2026-09-10T08:04:54.3109584Z Processing ./dependencies/wheelhouse/typing_inspection-0.4.2-py3-none-any.whl (from -r tooling/ci/depth36/requirements.lock (line 35))
2026-09-10T08:04:54.3135668Z Processing ./dependencies/wheelhouse/typing_extensions-4.16.0-py3-none-any.whl (from -r tooling/ci/depth36/requirements.lock (line 36))
2026-09-10T08:04:54.3162631Z Processing ./dependencies/wheelhouse/uvicorn-0.35.0-py3-none-any.whl (from -r tooling/ci/depth36/requirements.lock (line 37))
2026-09-10T08:04:54.3516539Z Installing collected packages: uvicorn, typing-inspection, typing_extensions, starlette, SQLAlchemy, redis, python-dotenv, pytest-asyncio, pytest, PyJWT, Pygments, pydantic-settings, pydantic_core, pydantic, pycparser, psycopg-binary, psycopg, pluggy, Pillow, packaging, MarkupSafe, Mako, iniconfig, idna, httpx, httpcore, h11, greenlet, fastapi, cryptography, click, cffi, certifi, anyio, annotated-types, annotated-doc, alembic
2026-09-10T08:05:00.1766149Z 
2026-09-10T08:05:00.1821590Z Successfully installed Mako-1.3.10 MarkupSafe-3.0.3 Pillow-12.3.0 PyJWT-2.13.0 Pygments-2.20.0 SQLAlchemy-2.0.50 alembic-1.16.5 annotated-doc-0.0.4 annotated-types-0.7.0 anyio-4.13.0 certifi-2026.5.20 cffi-2.0.0 click-8.5.0 cryptography-46.0.4 fastapi-0.128.2 greenlet-3.5.1 h11-0.16.0 httpcore-1.0.9 httpx-0.28.1 idna-3.17 iniconfig-2.3.0 packaging-25.0 pluggy-1.6.0 psycopg-3.2.10 psycopg-binary-3.2.10 pycparser-3.0 pydantic-2.13.4 pydantic-settings-2.14.1 pydantic_core-2.46.4 pytest-9.0.2 pytest-asyncio-1.3.0 python-dotenv-1.2.2 redis-5.2.1 starlette-0.50.0 typing-inspection-0.4.2 typing_extensions-4.16.0 uvicorn-0.35.0
2026-09-10T08:05:01.0925659Z No broken requirements found.
2026-09-10T08:05:02.0244164Z ##[group]Run isolated-runtime/bin/python - <<'PY'
2026-09-10T08:05:02.0245034Z [36;1misolated-runtime/bin/python - <<'PY'[0m
2026-09-10T08:05:02.0245685Z [36;1mimport hashlib,json,os,pathlib,shutil,subprocess,sys[0m
2026-09-10T08:05:02.0246835Z [36;1mfp=json.loads(pathlib.Path('candidate/deliverables/CP11_DEPTH36R3_MOBILE_CONTRACT_20260910/SOURCE_FINGERPRINT.json').read_text())[0m
2026-09-10T08:05:02.0247863Z [36;1mfor name,expected in fp.items():[0m
2026-09-10T08:05:02.0248636Z [36;1m    assert hashlib.sha256((pathlib.Path('restored')/name).read_bytes()).hexdigest()==expected,name[0m
2026-09-10T08:05:02.0249685Z [36;1mtree=hashlib.sha256(''.join(f'{k}\0{v}\n' for k,v in sorted(fp.items())).encode()).hexdigest()[0m
2026-09-10T08:05:02.0250528Z [36;1massert tree==os.environ['EXPECTED_SOURCE_TREE'] and len(fp)==1267[0m
2026-09-10T08:05:02.0251241Z [36;1mnode_path=pathlib.Path(shutil.which('node')).resolve()[0m
2026-09-10T08:05:02.0252142Z [36;1mnode_version=subprocess.check_output([str(node_path),'--version'],text=True).strip()[0m
2026-09-10T08:05:02.0252928Z [36;1massert node_version=='v22.22.0',node_version[0m
2026-09-10T08:05:02.0253770Z [36;1mwith open(os.environ['GITHUB_ENV'],'a') as env_file: env_file.write('GO_NATIVE_NODE='+str(node_path)+'\n')[0m
2026-09-10T08:05:02.0257603Z [36;1mresult={'candidate':os.environ['SEALED_CANDIDATE'],'source_tree_sha256':tree,'verified_files':len(fp),'python':sys.version,'node':node_version,'node_binary_sha256':hashlib.sha256(node_path.read_bytes()).hexdigest(),'node_usage':'backend suite native API bridge; no device or native build','environment':'GitHub disposable runner; synthetic loopback HTTP, SQLite regression and offline packaging; no browser or Hong Kong access','three_end_real_ux_login':'HOLD','six_vertical_real_e2e':'HOLD','sealed_node_gate':'HOLD','final_release':'HOLD','deployed':False}[0m
2026-09-10T08:05:02.0261492Z [36;1mpathlib.Path('evidence/source-lineage.json').write_text(json.dumps(result,indent=2)+'\n')[0m
2026-09-10T08:05:02.0262297Z [36;1mprint(json.dumps(result))[0m
2026-09-10T08:05:02.0262707Z [36;1mPY[0m
2026-09-10T08:05:02.0375634Z shell: /usr/bin/bash --noprofile --norc -e -o pipefail {0}
2026-09-10T08:05:02.0376191Z env:
2026-09-10T08:05:02.0376501Z   ACCEPTANCE_SHARD: 3
2026-09-10T08:05:02.0376966Z   SEALED_CANDIDATE: 7bd98db21ee950aeb91c12b296b1864b5a758c3f
2026-09-10T08:05:02.0377835Z   EXPECTED_SOURCE_TREE: c58edb0c0568c3f9fe80ba014c260513a07a8e74b211b608ade4d9052f8645b3
2026-09-10T08:05:02.0378593Z   PYTHONDONTWRITEBYTECODE: 1
2026-09-10T08:05:02.0379095Z   pythonLocation: /opt/hostedtoolcache/Python/3.13.5/x64
2026-09-10T08:05:02.0379780Z   PKG_CONFIG_PATH: /opt/hostedtoolcache/Python/3.13.5/x64/lib/pkgconfig
2026-09-10T08:05:02.0380440Z   Python_ROOT_DIR: /opt/hostedtoolcache/Python/3.13.5/x64
2026-09-10T08:05:02.0381018Z   Python2_ROOT_DIR: /opt/hostedtoolcache/Python/3.13.5/x64
2026-09-10T08:05:02.0381613Z   Python3_ROOT_DIR: /opt/hostedtoolcache/Python/3.13.5/x64
2026-09-10T08:05:02.0382250Z   LD_LIBRARY_PATH: /opt/hostedtoolcache/Python/3.13.5/x64/lib
2026-09-10T08:05:02.0382772Z ##[endgroup]
2026-09-10T08:05:02.4974577Z {"candidate": "7bd98db21ee950aeb91c12b296b1864b5a758c3f", "source_tree_sha256": "c58edb0c0568c3f9fe80ba014c260513a07a8e74b211b608ade4d9052f8645b3", "verified_files": 1267, "python": "3.13.5 (main, Jun 12 2025, 03:51:15) [GCC 11.4.0]", "node": "v22.22.0", "node_binary_sha256": "1bec56ef7cfa9a76f3e0b7c0a87f220eb73f23102b9c0b4c7529a3f7c3ce7c31", "node_usage": "backend suite native API bridge; no device or native build", "environment": "GitHub disposable runner; synthetic loopback HTTP, SQLite regression and offline packaging; no browser or Hong Kong access", "three_end_real_ux_login": "HOLD", "six_vertical_real_e2e": "HOLD", "sealed_node_gate": "HOLD", "final_release": "HOLD", "deployed": false}
2026-09-10T08:05:02.5106724Z ##[group]Run ../isolated-runtime/bin/python -m unittest discover -s tests -p test_depth36_acceptance_packaging.py -v 2>&1 | tee ../evidence/packaging-tests.log
2026-09-10T08:05:02.5108590Z [36;1m../isolated-runtime/bin/python -m unittest discover -s tests -p test_depth36_acceptance_packaging.py -v 2>&1 | tee ../evidence/packaging-tests.log[0m
2026-09-10T08:05:02.5200633Z shell: /usr/bin/bash --noprofile --norc -e -o pipefail {0}
2026-09-10T08:05:02.5201037Z env:
2026-09-10T08:05:02.5201256Z   ACCEPTANCE_SHARD: 3
2026-09-10T08:05:02.5201567Z   SEALED_CANDIDATE: 7bd98db21ee950aeb91c12b296b1864b5a758c3f
2026-09-10T08:05:02.5202094Z   EXPECTED_SOURCE_TREE: c58edb0c0568c3f9fe80ba014c260513a07a8e74b211b608ade4d9052f8645b3
2026-09-10T08:05:02.5202538Z   PYTHONDONTWRITEBYTECODE: 1
2026-09-10T08:05:02.5202846Z   pythonLocation: /opt/hostedtoolcache/Python/3.13.5/x64
2026-09-10T08:05:02.5203261Z   PKG_CONFIG_PATH: /opt/hostedtoolcache/Python/3.13.5/x64/lib/pkgconfig
2026-09-10T08:05:02.5203727Z   Python_ROOT_DIR: /opt/hostedtoolcache/Python/3.13.5/x64
2026-09-10T08:05:02.5204112Z   Python2_ROOT_DIR: /opt/hostedtoolcache/Python/3.13.5/x64
2026-09-10T08:05:02.5204804Z   Python3_ROOT_DIR: /opt/hostedtoolcache/Python/3.13.5/x64
2026-09-10T08:05:02.5205185Z   LD_LIBRARY_PATH: /opt/hostedtoolcache/Python/3.13.5/x64/lib
2026-09-10T08:05:02.5205579Z   GO_NATIVE_NODE: /opt/hostedtoolcache/node/22.22.0/x64/bin/node
2026-09-10T08:05:02.5205908Z ##[endgroup]
2026-09-10T08:05:02.9699272Z test_archive_tamper_and_unlisted_member_rejected (test_depth36_acceptance_packaging.RuntimePackagingTests.test_archive_tamper_and_unlisted_member_rejected) ... ok
2026-09-10T08:05:02.9708065Z test_changed_source_is_rejected (test_depth36_acceptance_packaging.RuntimePackagingTests.test_changed_source_is_rejected) ... ok
2026-09-10T08:05:02.9719060Z test_existing_output_is_preserved (test_depth36_acceptance_packaging.RuntimePackagingTests.test_existing_output_is_preserved) ... ok
2026-09-10T08:05:02.9725398Z test_inherited_credentials_and_database_are_not_propagated (test_depth36_acceptance_packaging.RuntimePackagingTests.test_inherited_credentials_and_database_are_not_propagated) ... ok
2026-09-10T08:05:03.3269612Z test_outbound_operations_are_denied (test_depth36_acceptance_packaging.RuntimePackagingTests.test_outbound_operations_are_denied) ... ok
2026-09-10T08:05:03.3286143Z test_roundtrip_and_reproducible_bytes (test_depth36_acceptance_packaging.RuntimePackagingTests.test_roundtrip_and_reproducible_bytes) ... ok
2026-09-10T08:05:03.3288344Z test_source_symlink_is_rejected (test_depth36_acceptance_packaging.RuntimePackagingTests.test_source_symlink_is_rejected) ... ok
2026-09-10T08:05:03.3292714Z test_untracked_bytecode_is_rejected (test_depth36_acceptance_packaging.RuntimePackagingTests.test_untracked_bytecode_is_rejected) ... ok
2026-09-10T08:05:03.3295200Z test_untracked_configuration_is_rejected (test_depth36_acceptance_packaging.RuntimePackagingTests.test_untracked_configuration_is_rejected) ... ok
2026-09-10T08:05:03.3297847Z test_wrong_pinned_tree_is_rejected (test_depth36_acceptance_packaging.RuntimePackagingTests.test_wrong_pinned_tree_is_rejected) ... ok
2026-09-10T08:05:03.3299025Z 
2026-09-10T08:05:03.3299903Z ----------------------------------------------------------------------
2026-09-10T08:05:03.3300683Z Ran 10 tests in 0.365s
2026-09-10T08:05:03.3301403Z 
2026-09-10T08:05:03.3301793Z OK
2026-09-10T08:05:03.3483204Z ##[group]Run isolated-runtime/bin/python restored/scripts/acceptance_bundle.py --source restored --fingerprint candidate/deliverables/CP11_DEPTH36R3_MOBILE_CONTRACT_20260910/SOURCE_FINGERPRINT.json --expected-tree "$EXPECTED_SOURCE_TREE" --output evidence/GO_DEPTH36R3_SOURCE_20260910.zip | tee evidence/bundle-build.json
2026-09-10T08:05:03.3487233Z [36;1misolated-runtime/bin/python restored/scripts/acceptance_bundle.py --source restored --fingerprint candidate/deliverables/CP11_DEPTH36R3_MOBILE_CONTRACT_20260910/SOURCE_FINGERPRINT.json --expected-tree "$EXPECTED_SOURCE_TREE" --output evidence/GO_DEPTH36R3_SOURCE_20260910.zip | tee evidence/bundle-build.json[0m
2026-09-10T08:05:03.3489344Z [36;1misolated-runtime/bin/python -B - <<'PY'[0m
2026-09-10T08:05:03.3489884Z [36;1mimport hashlib,json,pathlib,sys[0m
2026-09-10T08:05:03.3490378Z [36;1msys.path.insert(0,'restored/scripts')[0m
2026-09-10T08:05:03.3490884Z [36;1mfrom acceptance_bundle import verify[0m
2026-09-10T08:05:03.3491396Z [36;1mp=pathlib.Path('evidence/GO_DEPTH36R3_SOURCE_20260910.zip')[0m
2026-09-10T08:05:03.3492195Z [36;1mresult=verify(p,hashlib.sha256(p.read_bytes()).hexdigest(),'c58edb0c0568c3f9fe80ba014c260513a07a8e74b211b608ade4d9052f8645b3',pathlib.Path('bundle-restore'))[0m
2026-09-10T08:05:03.3493091Z [36;1mpathlib.Path('evidence/bundle-restore.json').write_text(json.dumps(result,indent=2)+'\n')[0m
2026-09-10T08:05:03.3493552Z [36;1mPY[0m
2026-09-10T08:05:03.3570916Z shell: /usr/bin/bash --noprofile --norc -e -o pipefail {0}
2026-09-10T08:05:03.3571285Z env:
2026-09-10T08:05:03.3571500Z   ACCEPTANCE_SHARD: 3
2026-09-10T08:05:03.3571808Z   SEALED_CANDIDATE: 7bd98db21ee950aeb91c12b296b1864b5a758c3f
2026-09-10T08:05:03.3572315Z   EXPECTED_SOURCE_TREE: c58edb0c0568c3f9fe80ba014c260513a07a8e74b211b608ade4d9052f8645b3
2026-09-10T08:05:03.3572770Z   PYTHONDONTWRITEBYTECODE: 1
2026-09-10T08:05:03.3573080Z   pythonLocation: /opt/hostedtoolcache/Python/3.13.5/x64
2026-09-10T08:05:03.3573515Z   PKG_CONFIG_PATH: /opt/hostedtoolcache/Python/3.13.5/x64/lib/pkgconfig
2026-09-10T08:05:03.3573935Z   Python_ROOT_DIR: /opt/hostedtoolcache/Python/3.13.5/x64
2026-09-10T08:05:03.3574583Z   Python2_ROOT_DIR: /opt/hostedtoolcache/Python/3.13.5/x64
2026-09-10T08:05:03.3575653Z   Python3_ROOT_DIR: /opt/hostedtoolcache/Python/3.13.5/x64
2026-09-10T08:05:03.3576161Z   LD_LIBRARY_PATH: /opt/hostedtoolcache/Python/3.13.5/x64/lib
2026-09-10T08:05:03.3576709Z   GO_NATIVE_NODE: /opt/hostedtoolcache/node/22.22.0/x64/bin/node
2026-09-10T08:05:03.3577187Z ##[endgroup]
2026-09-10T08:05:04.5748478Z {"archive_sha256": "b4634f9da515a22f95fb740b979c2f77fdce29342eabbb9c54e5c666976f5b86", "source_tree_sha256": "c58edb0c0568c3f9fe80ba014c260513a07a8e74b211b608ade4d9052f8645b3", "verified_files": 1267, "scope": "OFFLINE_BUNDLE_INTEGRITY", "final_release": "HOLD"}
2026-09-10T08:05:05.4438837Z ##[group]Run isolated-runtime/bin/python bundle-restore/source/scripts/acceptance_smoke.py --source bundle-restore/source --fingerprint bundle-restore/SOURCE_FINGERPRINT.json --expected-tree "$EXPECTED_SOURCE_TREE" --evidence evidence | tee evidence/http-result.json
2026-09-10T08:05:05.4441974Z [36;1misolated-runtime/bin/python bundle-restore/source/scripts/acceptance_smoke.py --source bundle-restore/source --fingerprint bundle-restore/SOURCE_FINGERPRINT.json --expected-tree "$EXPECTED_SOURCE_TREE" --evidence evidence | tee evidence/http-result.json[0m
2026-09-10T08:05:05.4538121Z shell: /usr/bin/bash --noprofile --norc -e -o pipefail {0}
2026-09-10T08:05:05.4538502Z env:
2026-09-10T08:05:05.4538727Z   ACCEPTANCE_SHARD: 3
2026-09-10T08:05:05.4539038Z   SEALED_CANDIDATE: 7bd98db21ee950aeb91c12b296b1864b5a758c3f
2026-09-10T08:05:05.4539542Z   EXPECTED_SOURCE_TREE: c58edb0c0568c3f9fe80ba014c260513a07a8e74b211b608ade4d9052f8645b3
2026-09-10T08:05:05.4540241Z   PYTHONDONTWRITEBYTECODE: 1
2026-09-10T08:05:05.4540706Z   pythonLocation: /opt/hostedtoolcache/Python/3.13.5/x64
2026-09-10T08:05:05.4541329Z   PKG_CONFIG_PATH: /opt/hostedtoolcache/Python/3.13.5/x64/lib/pkgconfig
2026-09-10T08:05:05.4541983Z   Python_ROOT_DIR: /opt/hostedtoolcache/Python/3.13.5/x64
2026-09-10T08:05:05.4542570Z   Python2_ROOT_DIR: /opt/hostedtoolcache/Python/3.13.5/x64
2026-09-10T08:05:05.4543162Z   Python3_ROOT_DIR: /opt/hostedtoolcache/Python/3.13.5/x64
2026-09-10T08:05:05.4543540Z   LD_LIBRARY_PATH: /opt/hostedtoolcache/Python/3.13.5/x64/lib
2026-09-10T08:05:05.4543946Z   GO_NATIVE_NODE: /opt/hostedtoolcache/node/22.22.0/x64/bin/node
2026-09-10T08:05:05.4544636Z ##[endgroup]
2026-09-10T08:05:19.3696975Z {"checks_passed": 148, "failed": 0, "http_requests": 87, "scope": "LIVE_LOOPBACK_HTTP_ONLY", "browser_gate": "HOLD"}
2026-09-10T08:05:19.3945390Z ##[group]Run ../isolated-runtime/bin/python ../tooling/ci/depth36/run_backend.py --shard "$ACCEPTANCE_SHARD" --total 4 --evidence ../evidence | tee ../evidence/backend-full.log
2026-09-10T08:05:19.3946613Z [36;1m../isolated-runtime/bin/python ../tooling/ci/depth36/run_backend.py --shard "$ACCEPTANCE_SHARD" --total 4 --evidence ../evidence | tee ../evidence/backend-full.log[0m
2026-09-10T08:05:19.4022619Z shell: /usr/bin/bash --noprofile --norc -e -o pipefail {0}
2026-09-10T08:05:19.4022973Z env:
2026-09-10T08:05:19.4023178Z   ACCEPTANCE_SHARD: 3
2026-09-10T08:05:19.4023497Z   SEALED_CANDIDATE: 7bd98db21ee950aeb91c12b296b1864b5a758c3f
2026-09-10T08:05:19.4024004Z   EXPECTED_SOURCE_TREE: c58edb0c0568c3f9fe80ba014c260513a07a8e74b211b608ade4d9052f8645b3
2026-09-10T08:05:19.4024593Z   PYTHONDONTWRITEBYTECODE: 1
2026-09-10T08:05:19.4024904Z   pythonLocation: /opt/hostedtoolcache/Python/3.13.5/x64
2026-09-10T08:05:19.4025350Z   PKG_CONFIG_PATH: /opt/hostedtoolcache/Python/3.13.5/x64/lib/pkgconfig
2026-09-10T08:05:19.4025758Z   Python_ROOT_DIR: /opt/hostedtoolcache/Python/3.13.5/x64
2026-09-10T08:05:19.4026124Z   Python2_ROOT_DIR: /opt/hostedtoolcache/Python/3.13.5/x64
2026-09-10T08:05:19.4026502Z   Python3_ROOT_DIR: /opt/hostedtoolcache/Python/3.13.5/x64
2026-09-10T08:05:19.4026871Z   LD_LIBRARY_PATH: /opt/hostedtoolcache/Python/3.13.5/x64/lib
2026-09-10T08:05:19.4027262Z   GO_NATIVE_NODE: /opt/hostedtoolcache/node/22.22.0/x64/bin/node
2026-09-10T08:05:19.4027587Z ##[endgroup]
2026-09-10T08:05:50.7848579Z ........................................................................ [ 15%]
2026-09-10T08:06:42.2935689Z ........................................................................ [ 31%]
2026-09-10T08:07:44.8996225Z ........................................................................ [ 47%]
2026-09-10T08:08:14.4181078Z ........................................................................ [ 63%]
2026-09-10T08:08:36.4866327Z .........s.............................................................. [ 78%]
2026-09-10T08:10:24.5393203Z ........................................................................ [ 94%]
2026-09-10T08:11:27.0262019Z .........................                                                [100%]
2026-09-10T08:11:27.0263357Z =============================== warnings summary ===============================
2026-09-10T08:11:27.0265213Z tests/test_commercial_constitution_admin_os.py::test_admin_cannot_create_recommendation_without_independent_judgment
2026-09-10T08:11:27.0267551Z   /home/runner/work/GO/GO/restored/src/go_hotel/services/commercial_constitution.py:29: SAWarning: fully NULL primary key identity cannot load any object.  This condition may raise an error in a future release.
2026-09-10T08:11:27.0269400Z     rec=s.get(RecommendationDecisionRow,judgment_decision_id)
2026-09-10T08:11:27.0269987Z 
2026-09-10T08:11:27.0270461Z tests/test_depth09_hotel_replication.py: 175 warnings
2026-09-10T08:11:27.0271249Z tests/test_depth18_media_durability.py: 33 warnings
2026-09-10T08:11:27.0272954Z   /home/runner/work/GO/GO/restored/src/go_hotel/services/media_harvester.py:79: DeprecationWarning: Image.Image.getdata is deprecated and will be removed in Pillow 14 (2027-10-15). Use get_flattened_data instead.
2026-09-10T08:11:27.0274588Z     px=list(g.getdata())
2026-09-10T08:11:27.0274975Z 
2026-09-10T08:11:27.0275866Z tests/test_depth20_api_fulfillment.py::test_migration_roundtrip_preserves_history_and_refuses_prebook_evidence_loss
2026-09-10T08:11:27.0277384Z tests/test_depth20_api_fulfillment.py::test_migration_roundtrip_preserves_history_and_refuses_prebook_evidence_loss
2026-09-10T08:11:27.0278901Z tests/test_depth20_api_fulfillment.py::test_migration_roundtrip_preserves_history_and_refuses_prebook_evidence_loss
2026-09-10T08:11:27.0280371Z tests/test_depth20_api_fulfillment.py::test_migration_roundtrip_preserves_history_and_refuses_prebook_evidence_loss
2026-09-10T08:11:27.0282261Z tests/test_depth20_api_fulfillment.py::test_migration_roundtrip_preserves_history_and_refuses_prebook_evidence_loss
2026-09-10T08:11:27.0285055Z   /home/runner/work/GO/GO/isolated-runtime/lib/python3.13/site-packages/alembic/config.py:598: DeprecationWarning: No path_separator found in configuration; falling back to legacy splitting on spaces, commas, and colons for prepend_sys_path.  Consider adding path_separator=os to Alembic config.
2026-09-10T08:11:27.0286942Z     util.warn_deprecated(
2026-09-10T08:11:27.0287331Z 
2026-09-10T08:11:27.0287916Z -- Docs: https://docs.pytest.org/en/stable/how-to/capture-warnings.html
2026-09-10T08:11:27.0288873Z ============================= slowest 20 durations =============================
2026-09-10T08:11:27.0290524Z 13.62s call     tests/test_depth15_migration.py::test_source_exclusion_migration_roundtrip_preserves_old_full_capture_allocation
2026-09-10T08:11:27.0292156Z 13.56s call     tests/test_depth10_migration.py::test_supplier_fault_migration_roundtrip_preserves_original_credit_and_allocations
2026-09-10T08:11:27.0293766Z 13.46s call     tests/test_depth11_migration.py::test_catalog_remedy_migration_preserves_historical_cases_and_hosted_mandates
2026-09-10T08:11:27.0295466Z 10.45s call     tests/test_depth15_migration.py::test_downgrade_cannot_drop_a_nonzero_exclusion_and_revive_forfeited_source_value
2026-09-10T08:11:27.0296984Z 5.95s call     tests/test_depth30_native_api_contract.py::test_native_six_vertical_creation_payment_and_refund_contracts
2026-09-10T08:11:27.0298681Z 4.75s setup    tests/autonomy/test_depth16_current_authority.py::test_current_independent_qualification_permits_repeated_in_scope_decisions
2026-09-10T08:11:27.0300775Z 4.03s setup    tests/test_commercial_constitution_admin_os.py::test_admin_cannot_create_recommendation_without_independent_judgment
2026-09-10T08:11:27.0302515Z 4.01s setup    tests/test_sprint4x_portfolio_champion_continuity.py::test_candidate_must_be_materially_superior_before_replacement_approval
2026-09-10T08:11:27.0304124Z 3.99s setup    tests/test_sprint4e_continuous_chaos_waiver.py::test_waiver_auto_expires_and_cannot_authorize_release
2026-09-10T08:11:27.0305844Z 3.96s setup    tests/test_sprint4e_continuous_chaos_waiver.py::test_scheduler_runs_due_campaign_and_advances_next_run
2026-09-10T08:11:27.0307363Z 3.96s setup    tests/test_sprint4x_portfolio_champion_continuity.py::test_multi_objective_safety_beats_single_score_gain
2026-09-10T08:11:27.0309046Z 3.93s setup    tests/test_sprint4x_portfolio_champion_continuity.py::test_superior_candidate_gets_approved_but_not_immediate_champion_replacement
2026-09-10T08:11:27.0310525Z 3.93s setup    tests/test_sprint4v_generalization.py::test_holdout_safety_detects_regression
2026-09-10T08:11:27.0311909Z 3.93s setup    tests/test_sprint4i_enterprise_risk_appetite.py::test_stress_assessment_never_changes_supplier_fact
2026-09-10T08:11:27.0313322Z 3.92s setup    tests/test_commercial_constitution_admin_os.py::test_recommendation_and_value_are_independent
2026-09-10T08:11:27.0314991Z 3.91s setup    tests/test_commercial_constitution_admin_os.py::test_t20_is_evidence_driven_fallback_excluded_and_idempotent
2026-09-10T08:11:27.0316691Z 3.91s setup    tests/test_sprint4q_model_serving_attestation.py::test_verified_serving_attestation_allows_forecast_runtime_and_mismatch_stops_it
2026-09-10T08:11:27.0318601Z 3.90s setup    tests/test_sprint4e_continuous_chaos_waiver.py::test_waiver_requires_two_distinct_approvers_and_requester_cannot_approve
2026-09-10T08:11:27.0320119Z 3.90s setup    tests/test_sprint4e_continuous_chaos_waiver.py::test_readiness_trend_detects_rto_regression
2026-09-10T08:11:27.0321671Z 3.90s setup    tests/test_commercial_constitution_admin_os.py::test_recommendation_eligibility_is_derived_only_from_judgment_decision
2026-09-10T08:11:27.0322986Z 456 passed, 1 skipped, 1222 deselected, 214 warnings in 363.43s (0:06:03)
2026-09-10T08:11:30.3133959Z ##[group]Run python tooling/ci/depth36/export_evidence.py
2026-09-10T08:11:30.3134673Z [36;1mpython tooling/ci/depth36/export_evidence.py[0m
2026-09-10T08:11:30.3209940Z shell: /usr/bin/bash --noprofile --norc -e -o pipefail {0}
2026-09-10T08:11:30.3210288Z env:
2026-09-10T08:11:30.3210487Z   ACCEPTANCE_SHARD: 3
2026-09-10T08:11:30.3210785Z   SEALED_CANDIDATE: 7bd98db21ee950aeb91c12b296b1864b5a758c3f
2026-09-10T08:11:30.3211292Z   EXPECTED_SOURCE_TREE: c58edb0c0568c3f9fe80ba014c260513a07a8e74b211b608ade4d9052f8645b3
2026-09-10T08:11:30.3211739Z   PYTHONDONTWRITEBYTECODE: 1
2026-09-10T08:11:30.3212057Z   pythonLocation: /opt/hostedtoolcache/Python/3.13.5/x64
2026-09-10T08:11:30.3212472Z   PKG_CONFIG_PATH: /opt/hostedtoolcache/Python/3.13.5/x64/lib/pkgconfig
2026-09-10T08:11:30.3212880Z   Python_ROOT_DIR: /opt/hostedtoolcache/Python/3.13.5/x64
2026-09-10T08:11:30.3213265Z   Python2_ROOT_DIR: /opt/hostedtoolcache/Python/3.13.5/x64
2026-09-10T08:11:30.3213671Z   Python3_ROOT_DIR: /opt/hostedtoolcache/Python/3.13.5/x64
2026-09-10T08:11:30.3214039Z   LD_LIBRARY_PATH: /opt/hostedtoolcache/Python/3.13.5/x64/lib
2026-09-10T08:11:30.3214573Z   GO_NATIVE_NODE: /opt/hostedtoolcache/node/22.22.0/x64/bin/node
2026-09-10T08:11:30.3214895Z ##[endgroup]
2026-09-10T08:11:30.5206068Z GO_EVIDENCE_FILE_BEGIN source-lineage.json 730 9cd8d440c059b7aea327c9555833b6140c095be044f7d1365c6bc80b41e053ec
2026-09-10T08:11:30.5214074Z GO_EVIDENCE_B64 ewogICJjYW5kaWRhdGUiOiAiN2JkOThkYjIxZWU5NTBhZWI5MWMxMmIyOTZiMTg2NGI1YTc1OGMzZiIsCiAgInNvdXJjZV90cmVlX3NoYTI1NiI6ICJjNThlZGIwYzA1NjhjM2Y5ZmU4MGJhMDE0YzI2MDUxM2EwN2E4ZTc0YjIxMWI2MDhhZGU0ZDkwNTJmODY0NWIzIiwKICAidmVyaWZpZWRfZmlsZXMiOiAxMjY3LAogICJweXRob24iOiAiMy4xMy41IChtYWluLCBKdW4gMTIgMjAyNSwgMDM6NTE6MTUpIFtHQ0MgMTEuNC4wXSIsCiAgIm5vZGUiOiAidjIyLjIyLjAiLAogICJub2RlX2JpbmFyeV9zaGEyNTYiOiAiMWJlYzU2ZWY3
2026-09-10T08:11:30.5230367Z GO_EVIDENCE_B64 Y2ZhOWE3NmYzZTBiN2MwYTg3ZjIyMGViNzNmMjMxMDJiOWMwYjRjNzUyOWEzZjdjM2NlN2MzMSIsCiAgIm5vZGVfdXNhZ2UiOiAiYmFja2VuZCBzdWl0ZSBuYXRpdmUgQVBJIGJyaWRnZTsgbm8gZGV2aWNlIG9yIG5hdGl2ZSBidWlsZCIsCiAgImVudmlyb25tZW50IjogIkdpdEh1YiBkaXNwb3NhYmxlIHJ1bm5lcjsgc3ludGhldGljIGxvb3BiYWNrIEhUVFAsIFNRTGl0ZSByZWdyZXNzaW9uIGFuZCBvZmZsaW5lIHBhY2thZ2luZzsgbm8gYnJvd3NlciBvciBIb25nIEtvbmcgYWNjZXNzIiwKICAidGhyZWVfZW5kX3JlYWxfdXhf
2026-09-10T08:11:30.5240673Z GO_EVIDENCE_B64 bG9naW4iOiAiSE9MRCIsCiAgInNpeF92ZXJ0aWNhbF9yZWFsX2UyZSI6ICJIT0xEIiwKICAic2VhbGVkX25vZGVfZ2F0ZSI6ICJIT0xEIiwKICAiZmluYWxfcmVsZWFzZSI6ICJIT0xEIiwKICAiZGVwbG95ZWQiOiBmYWxzZQp9Cg==
2026-09-10T08:11:30.5242908Z GO_EVIDENCE_FILE_END source-lineage.json
2026-09-10T08:11:30.5244019Z GO_EVIDENCE_FILE_BEGIN post-test-source.json 134 519a5329478f7433b87871c873a3f24a30f2da13eead9b12162f6408f3f21f6d
2026-09-10T08:11:30.5249998Z GO_EVIDENCE_B64 ewogICJzb3VyY2VfYWZ0ZXJfdGVzdHMiOiAiUEFTUyIsCiAgImJyb3dzZXJfZ2F0ZSI6ICJIT0xEIiwKICAiZmluYWxfcmVsZWFzZSI6ICJIT0xEIiwKICAidmVyaWZpZWRfZmlsZXMiOiAxMjY3LAogICJtaXNtYXRjaGVzIjogW10KfQo=
2026-09-10T08:11:30.5252388Z GO_EVIDENCE_FILE_END post-test-source.json
2026-09-10T08:11:30.5253504Z GO_EVIDENCE_FILE_BEGIN backend-full.xml 68433 8ff18aec2ad06c1f039fe1d9ac3c85561d16ebaab06b3a29d2864921915c1c25
2026-09-10T08:11:30.5261523Z GO_EVIDENCE_B64 PD94bWwgdmVyc2lvbj0iMS4wIiBlbmNvZGluZz0idXRmLTgiPz48dGVzdHN1aXRlcyBuYW1lPSJweXRlc3QgdGVzdHMiPjx0ZXN0c3VpdGUgbmFtZT0icHl0ZXN0IiBlcnJvcnM9IjAiIGZhaWx1cmVzPSIwIiBza2lwcGVkPSIxIiB0ZXN0cz0iNDU3IiB0aW1lPSIzNjMuNDE5IiB0aW1lc3RhbXA9IjIwMjYtMDktMTBUMDg6MDU6MjAuNTA0MjM2KzAwOjAwIiBob3N0bmFtZT0icnVubmVydm05eGcyZCI+PHRlc3RjYXNlIGNsYXNzbmFtZT0idGVzdHMuYXV0b25vbXkudGVzdF9kZXB0aDE2X2N1cnJlbnRfYXV0aG9yaXR5IiBuYW1l
2026-09-10T08:11:30.5279851Z GO_EVIDENCE_B64 PSJ0ZXN0X2N1cnJlbnRfaW5kZXBlbmRlbnRfcXVhbGlmaWNhdGlvbl9wZXJtaXRzX3JlcGVhdGVkX2luX3Njb3BlX2RlY2lzaW9ucyIgdGltZT0iNC43NTQiIC8+PHRlc3RjYXNlIGNsYXNzbmFtZT0idGVzdHMuYXV0b25vbXkudGVzdF9kZXB0aDE2X2N1cnJlbnRfYXV0aG9yaXR5IiBuYW1lPSJ0ZXN0X21pc3Npbmdfb3Jfc3RhbGVfcXVhbGlmaWNhdGlvbl9pc19pbnNwZWN0YWJsZV9idXRfY2Fubm90X2V4ZWN1dGVbY2hhbmdlczAtQVVUT05PTVlfUVVBTElGSUNBVElPTl9WQUxJRElUWV9SRVFVSVJFRF0iIHRpbWU9IjAuMDg2
2026-09-10T08:11:30.5294084Z GO_EVIDENCE_B64 IiAvPjx0ZXN0Y2FzZSBjbGFzc25hbWU9InRlc3RzLmF1dG9ub215LnRlc3RfZGVwdGgxNl9jdXJyZW50X2F1dGhvcml0eSIgbmFtZT0idGVzdF9taXNzaW5nX29yX3N0YWxlX3F1YWxpZmljYXRpb25faXNfaW5zcGVjdGFibGVfYnV0X2Nhbm5vdF9leGVjdXRlW2NoYW5nZXMxLUFVVE9OT01ZX1FVQUxJRklDQVRJT05fTk9UX1lFVF9WQUxJRF0iIHRpbWU9IjAuMDg1IiAvPjx0ZXN0Y2FzZSBjbGFzc25hbWU9InRlc3RzLmF1dG9ub215LnRlc3RfZGVwdGgxNl9jdXJyZW50X2F1dGhvcml0eSIgbmFtZT0idGVzdF9taXNzaW5nX29y
2026-09-10T08:11:30.5308402Z GO_EVIDENCE_B64 X3N0YWxlX3F1YWxpZmljYXRpb25faXNfaW5zcGVjdGFibGVfYnV0X2Nhbm5vdF9leGVjdXRlW2NoYW5nZXMyLUFVVE9OT01ZX1FVQUxJRklDQVRJT05fRVhQSVJFRF0iIHRpbWU9IjAuMDg1IiAvPjx0ZXN0Y2FzZSBjbGFzc25hbWU9InRlc3RzLmF1dG9ub215LnRlc3RfZGVwdGgxNl9jdXJyZW50X2F1dGhvcml0eSIgbmFtZT0idGVzdF9taXNzaW5nX29yX3N0YWxlX3F1YWxpZmljYXRpb25faXNfaW5zcGVjdGFibGVfYnV0X2Nhbm5vdF9leGVjdXRlW2NoYW5nZXMzLUFVVE9OT01ZX1FVQUxJRklDQVRJT05fUE9MSUNZX0NIQU5H
2026-09-10T08:11:30.5321486Z GO_EVIDENCE_B64 RURdIiB0aW1lPSIwLjA4NiIgLz48dGVzdGNhc2UgY2xhc3NuYW1lPSJ0ZXN0cy5hdXRvbm9teS50ZXN0X2RlcHRoMTZfY3VycmVudF9hdXRob3JpdHkiIG5hbWU9InRlc3RfcmV2b2NhdGlvbl90YWtlc19lZmZlY3Rfb25fbmV4dF9hY3Rpb25fYW5kX29sZF9ldmlkZW5jZV9jYW5ub3RfcmVxdWFsaWZ5W3N1c3BlbmRdIiB0aW1lPSIwLjA4NSIgLz48dGVzdGNhc2UgY2xhc3NuYW1lPSJ0ZXN0cy5hdXRvbm9teS50ZXN0X2RlcHRoMTZfY3VycmVudF9hdXRob3JpdHkiIG5hbWU9InRlc3RfcmV2b2NhdGlvbl90YWtlc19lZmZlY3Rf
2026-09-10T08:11:30.5335132Z GO_EVIDENCE_B64 b25fbmV4dF9hY3Rpb25fYW5kX29sZF9ldmlkZW5jZV9jYW5ub3RfcmVxdWFsaWZ5W3Jldm9rZV0iIHRpbWU9IjAuMDg1IiAvPjx0ZXN0Y2FzZSBjbGFzc25hbWU9InRlc3RzLmF1dG9ub215LnRlc3RfZGVwdGgxNl9jdXJyZW50X2F1dGhvcml0eSIgbmFtZT0idGVzdF9hY3Rvcl9hbmRfdmFsaWRhdG9yX2Nhbm5vdF9yZWxlYXNlX3RoZWlyX293bl9xdWFsaWZpY2F0aW9uW05vbmVdIiB0aW1lPSIwLjA4MyIgLz48dGVzdGNhc2UgY2xhc3NuYW1lPSJ0ZXN0cy5hdXRvbm9teS50ZXN0X2RlcHRoMTZfY3VycmVudF9hdXRob3JpdHki
2026-09-10T08:11:30.5347231Z GO_EVIDENCE_B64 IG5hbWU9InRlc3RfYWN0b3JfYW5kX3ZhbGlkYXRvcl9jYW5ub3RfcmVsZWFzZV90aGVpcl9vd25fcXVhbGlmaWNhdGlvbltDMDJdIiB0aW1lPSIwLjA4NCIgLz48dGVzdGNhc2UgY2xhc3NuYW1lPSJ0ZXN0cy5hdXRvbm9teS50ZXN0X2RlcHRoMTZfY3VycmVudF9hdXRob3JpdHkiIG5hbWU9InRlc3RfYWN0b3JfYW5kX3ZhbGlkYXRvcl9jYW5ub3RfcmVsZWFzZV90aGVpcl9vd25fcXVhbGlmaWNhdGlvbltDMTNdIiB0aW1lPSIwLjA4NCIgLz48dGVzdGNhc2UgY2xhc3NuYW1lPSJ0ZXN0cy5hdXRvbm9teS50ZXN0X2RlcHRoMTZf
2026-09-10T08:11:30.5361116Z GO_EVIDENCE_B64 Y3VycmVudF9hdXRob3JpdHkiIG5hbWU9InRlc3RfYWN0b3JfYW5kX3ZhbGlkYXRvcl9jYW5ub3RfcmVsZWFzZV90aGVpcl9vd25fcXVhbGlmaWNhdGlvblt1bmtub3duXSIgdGltZT0iMC4wODMiIC8+PHRlc3RjYXNlIGNsYXNzbmFtZT0idGVzdHMuYXV0b25vbXkudGVzdF9kZXB0aDE2X2N1cnJlbnRfYXV0aG9yaXR5IiBuYW1lPSJ0ZXN0X2ludmFsaWRfbGlmZXRpbWVfaXNfcmVqZWN0ZWRfd2l0aG91dF9pbnN0YWxsaW5nX3F1YWxpZmljYXRpb25bY2hhbmdlczBdIiB0aW1lPSIwLjA4MyIgLz48dGVzdGNhc2UgY2xhc3NuYW1l
2026-09-10T08:11:30.5374016Z GO_EVIDENCE_B64 PSJ0ZXN0cy5hdXRvbm9teS50ZXN0X2RlcHRoMTZfY3VycmVudF9hdXRob3JpdHkiIG5hbWU9InRlc3RfaW52YWxpZF9saWZldGltZV9pc19yZWplY3RlZF93aXRob3V0X2luc3RhbGxpbmdfcXVhbGlmaWNhdGlvbltjaGFuZ2VzMV0iIHRpbWU9IjAuMDgzIiAvPjx0ZXN0Y2FzZSBjbGFzc25hbWU9InRlc3RzLmF1dG9ub215LnRlc3RfZGVwdGgxNl9jdXJyZW50X2F1dGhvcml0eSIgbmFtZT0idGVzdF9pbnZhbGlkX2xpZmV0aW1lX2lzX3JlamVjdGVkX3dpdGhvdXRfaW5zdGFsbGluZ19xdWFsaWZpY2F0aW9uW2NoYW5nZXMyXSIg
2026-09-10T08:11:30.5386960Z GO_EVIDENCE_B64 dGltZT0iMC4wODQiIC8+PHRlc3RjYXNlIGNsYXNzbmFtZT0idGVzdHMuYXV0b25vbXkudGVzdF9kZXB0aDE2X2N1cnJlbnRfYXV0aG9yaXR5IiBuYW1lPSJ0ZXN0X3Njb3BlX2Nhbm5vdF9iZV9ib3Jyb3dlZF9mcm9tX2FfZGlmZmVyZW50X2Vudmlyb25tZW50X29yX2NhcGFiaWxpdHkiIHRpbWU9IjAuMDg0IiAvPjx0ZXN0Y2FzZSBjbGFzc25hbWU9InRlc3RzLmF1dG9ub215LnRlc3RfZGVwdGgxNl9jdXJyZW50X2F1dGhvcml0eSIgbmFtZT0idGVzdF9tYXRlcmlhbF9hY3Rpb25fZmFjdHNfY2Fubm90X2JvcnJvd196ZXJvX21v
2026-09-10T08:11:30.5399643Z GO_EVIDENCE_B64 bmV5X29yX3BpaV9yaXNrX3F1YWxpZmljYXRpb25bY2hhbmdlczBdIiB0aW1lPSIwLjA4NSIgLz48dGVzdGNhc2UgY2xhc3NuYW1lPSJ0ZXN0cy5hdXRvbm9teS50ZXN0X2RlcHRoMTZfY3VycmVudF9hdXRob3JpdHkiIG5hbWU9InRlc3RfbWF0ZXJpYWxfYWN0aW9uX2ZhY3RzX2Nhbm5vdF9ib3Jyb3dfemVyb19tb25leV9vcl9waWlfcmlza19xdWFsaWZpY2F0aW9uW2NoYW5nZXMxXSIgdGltZT0iMC4wODYiIC8+PHRlc3RjYXNlIGNsYXNzbmFtZT0idGVzdHMuYXV0b25vbXkudGVzdF9kZXB0aDE2X2N1cnJlbnRfYXV0aG9yaXR5
2026-09-10T08:11:30.5412453Z GO_EVIDENCE_B64 IiBuYW1lPSJ0ZXN0X21hdGVyaWFsX2FjdGlvbl9mYWN0c19jYW5ub3RfYm9ycm93X3plcm9fbW9uZXlfb3JfcGlpX3Jpc2tfcXVhbGlmaWNhdGlvbltjaGFuZ2VzMl0iIHRpbWU9IjAuMDg1IiAvPjx0ZXN0Y2FzZSBjbGFzc25hbWU9InRlc3RzLmF1dG9ub215LnRlc3RfZGVwdGgxNl9jdXJyZW50X2F1dGhvcml0eSIgbmFtZT0idGVzdF9pbnB1dF9jb2xsZWN0aW9uc19jYW5ub3RfbXV0YXRlX2FuX2FjY2VwdGVkX2FjdGlvbl9vcl9xdWFsaWZpY2F0aW9uIiB0aW1lPSIwLjA4NCIgLz48dGVzdGNhc2UgY2xhc3NuYW1lPSJ0ZXN0
2026-09-10T08:11:30.5425194Z GO_EVIDENCE_B64 cy5hdXRvbm9teS50ZXN0X2RlcHRoMTZfY3VycmVudF9hdXRob3JpdHkiIG5hbWU9InRlc3RfYWxsX21hdGNoaW5nX3BvbGljeV9jb25kaXRpb25zX211c3RfYmVfdmVyaWZpZWRfd2l0aF90aGVpcl9vd25fcnVsZV9iaW5kaW5nIiB0aW1lPSIwLjA4NiIgLz48dGVzdGNhc2UgY2xhc3NuYW1lPSJ0ZXN0cy5hdXRvbm9teS50ZXN0X2RlcHRoMTZfY3VycmVudF9hdXRob3JpdHkiIG5hbWU9InRlc3Rfc2FtZV9jb25kaXRpb25fbmFtZV9mcm9tX2RpZmZlcmVudF9wb2xpY2llc19kb2VzX25vdF9zaGFyZV9hbl9hdHRlc3RhdGlvbiIg
2026-09-10T08:11:30.5437644Z GO_EVIDENCE_B64 dGltZT0iMC4wODQiIC8+PHRlc3RjYXNlIGNsYXNzbmFtZT0idGVzdHMuYXV0b25vbXkudGVzdF9kZXB0aDE2X2N1cnJlbnRfYXV0aG9yaXR5IiBuYW1lPSJ0ZXN0X3NlbGZfYXNzZXJ0ZWRfbWV0YWRhdGFfb3JfbWlzc2luZ192ZXJpZmllcl9uZXZlcl9zYXRpc2ZpZXNfcG9saWN5X2NvbmRpdGlvbnMiIHRpbWU9IjAuMDg1IiAvPjx0ZXN0Y2FzZSBjbGFzc25hbWU9InRlc3RzLmF1dG9ub215LnRlc3RfZGVwdGgxNl9jdXJyZW50X2F1dGhvcml0eSIgbmFtZT0idGVzdF9zdGFsZV9taXNtYXRjaGVkX29yX3VucHJvdmVuX2NvbmRp
2026-09-10T08:11:30.5450822Z GO_EVIDENCE_B64 dGlvbl9jYW5ub3RfZXhlY3V0ZVtjaGFuZ2VzMF0iIHRpbWU9IjAuMDg0IiAvPjx0ZXN0Y2FzZSBjbGFzc25hbWU9InRlc3RzLmF1dG9ub215LnRlc3RfZGVwdGgxNl9jdXJyZW50X2F1dGhvcml0eSIgbmFtZT0idGVzdF9zdGFsZV9taXNtYXRjaGVkX29yX3VucHJvdmVuX2NvbmRpdGlvbl9jYW5ub3RfZXhlY3V0ZVtjaGFuZ2VzMV0iIHRpbWU9IjAuMDg0IiAvPjx0ZXN0Y2FzZSBjbGFzc25hbWU9InRlc3RzLmF1dG9ub215LnRlc3RfZGVwdGgxNl9jdXJyZW50X2F1dGhvcml0eSIgbmFtZT0idGVzdF9zdGFsZV9taXNtYXRjaGVk
2026-09-10T08:11:30.5458410Z GO_EVIDENCE_B64 X29yX3VucHJvdmVuX2NvbmRpdGlvbl9jYW5ub3RfZXhlY3V0ZVtjaGFuZ2VzMl0iIHRpbWU9IjAuMDg1IiAvPjx0ZXN0Y2FzZSBjbGFzc25hbWU9InRlc3RzLmF1dG9ub215LnRlc3RfZGVwdGgxNl9jdXJyZW50X2F1dGhvcml0eSIgbmFtZT0idGVzdF9zdGFsZV9taXNtYXRjaGVkX29yX3VucHJvdmVuX2NvbmRpdGlvbl9jYW5ub3RfZXhlY3V0ZVtjaGFuZ2VzM10iIHRpbWU9IjAuMDg4IiAvPjx0ZXN0Y2FzZSBjbGFzc25hbWU9InRlc3RzLmF1dG9ub215LnRlc3RfZGVwdGgxNl9jdXJyZW50X2F1dGhvcml0eSIgbmFtZT0idGVz
2026-09-10T08:11:30.5465471Z GO_EVIDENCE_B64 dF9zdGFsZV9taXNtYXRjaGVkX29yX3VucHJvdmVuX2NvbmRpdGlvbl9jYW5ub3RfZXhlY3V0ZVtjaGFuZ2VzNF0iIHRpbWU9IjAuMDg2IiAvPjx0ZXN0Y2FzZSBjbGFzc25hbWU9InRlc3RzLmF1dG9ub215LnRlc3RfZGVwdGgxNl9jdXJyZW50X2F1dGhvcml0eSIgbmFtZT0idGVzdF9zdGFsZV9taXNtYXRjaGVkX29yX3VucHJvdmVuX2NvbmRpdGlvbl9jYW5ub3RfZXhlY3V0ZVtjaGFuZ2VzNV0iIHRpbWU9IjAuMDg1IiAvPjx0ZXN0Y2FzZSBjbGFzc25hbWU9InRlc3RzLmF1dG9ub215LnRlc3RfZGVwdGgxNl9jdXJyZW50X2F1
2026-09-10T08:11:30.5472110Z GO_EVIDENCE_B64 dGhvcml0eSIgbmFtZT0idGVzdF9zdGFsZV9taXNtYXRjaGVkX29yX3VucHJvdmVuX2NvbmRpdGlvbl9jYW5ub3RfZXhlY3V0ZVtjaGFuZ2VzNl0iIHRpbWU9IjAuMDg0IiAvPjx0ZXN0Y2FzZSBjbGFzc25hbWU9InRlc3RzLmF1dG9ub215LnRlc3RfZGVwdGgxNl9jdXJyZW50X2F1dGhvcml0eSIgbmFtZT0idGVzdF9zdGFsZV9taXNtYXRjaGVkX29yX3VucHJvdmVuX2NvbmRpdGlvbl9jYW5ub3RfZXhlY3V0ZVtjaGFuZ2VzN10iIHRpbWU9IjAuMDg0IiAvPjx0ZXN0Y2FzZSBjbGFzc25hbWU9InRlc3RzLmF1dG9ub215LnRlc3Rf
2026-09-10T08:11:30.5479015Z GO_EVIDENCE_B64 ZGVwdGgxNl9jdXJyZW50X2F1dGhvcml0eSIgbmFtZT0idGVzdF9zdGFsZV9taXNtYXRjaGVkX29yX3VucHJvdmVuX2NvbmRpdGlvbl9jYW5ub3RfZXhlY3V0ZVtjaGFuZ2VzOF0iIHRpbWU9IjAuMDg0IiAvPjx0ZXN0Y2FzZSBjbGFzc25hbWU9InRlc3RzLmF1dG9ub215LnRlc3RfZGVwdGgxNl9jdXJyZW50X2F1dGhvcml0eSIgbmFtZT0idGVzdF9zYW1lX2FjdGlvbl9pZF93aXRoX2NoYW5nZWRfcGF5bG9hZF9jYW5ub3RfcmV1c2VfYV9jb25kaXRpb25fcHJvb2YiIHRpbWU9IjAuMDg1IiAvPjx0ZXN0Y2FzZSBjbGFzc25hbWU9
2026-09-10T08:11:30.5485874Z GO_EVIDENCE_B64 InRlc3RzLmF1dG9ub215LnRlc3RfZGVwdGgxNl9jdXJyZW50X2F1dGhvcml0eSIgbmFtZT0idGVzdF9yZXNvbHZlcl9vdXRhZ2VfaG9sZHNfZXhlY3V0aW9uX3dpdGhvdXRfdGhyb3dpbmdfYXdheV9vdGhlcl9wb2xpY3lfY29uZGl0aW9ucyIgdGltZT0iMC4wODYiIC8+PHRlc3RjYXNlIGNsYXNzbmFtZT0idGVzdHMuYXV0b25vbXkudGVzdF9kZXB0aDE2X2N1cnJlbnRfYXV0aG9yaXR5IiBuYW1lPSJ0ZXN0X2VhcmxpZXJfcHJvb2ZzX2FyZV9jaGVja2VkX2FnYWluX2FmdGVyX3Nsb3dfbGF0ZXJfY29uZGl0aW9uX2xvb2t1cCIg
2026-09-10T08:11:30.5492588Z GO_EVIDENCE_B64 dGltZT0iMC4wODQiIC8+PHRlc3RjYXNlIGNsYXNzbmFtZT0idGVzdHMuYXV0b25vbXkudGVzdF9kZXB0aDE2X2N1cnJlbnRfYXV0aG9yaXR5IiBuYW1lPSJ0ZXN0X3F1YWxpZmljYXRpb25faXNfY2hlY2tlZF9hZ2Fpbl9hZnRlcl9jb25kaXRpb25fbG9va3VwW2V4cGlyZV0iIHRpbWU9IjAuMDg0IiAvPjx0ZXN0Y2FzZSBjbGFzc25hbWU9InRlc3RzLmF1dG9ub215LnRlc3RfZGVwdGgxNl9jdXJyZW50X2F1dGhvcml0eSIgbmFtZT0idGVzdF9xdWFsaWZpY2F0aW9uX2lzX2NoZWNrZWRfYWdhaW5fYWZ0ZXJfY29uZGl0aW9uX2xv
2026-09-10T08:11:30.5499321Z GO_EVIDENCE_B64 b2t1cFtyZXZva2VdIiB0aW1lPSIwLjA4NCIgLz48dGVzdGNhc2UgY2xhc3NuYW1lPSJ0ZXN0cy5hdXRvbm9teS50ZXN0X2RlcHRoMTZfY3VycmVudF9hdXRob3JpdHkiIG5hbWU9InRlc3RfcG9saWN5X3JlcGxhY2VtZW50X2R1cmluZ19jb25kaXRpb25fbG9va3VwX3JlcXVpcmVzX2FfZnJlc2hfZGVjaXNpb24iIHRpbWU9IjAuMDg1IiAvPjx0ZXN0Y2FzZSBjbGFzc25hbWU9InRlc3RzLmF1dG9ub215LnRlc3RfZGVwdGgxNl9jdXJyZW50X2F1dGhvcml0eSIgbmFtZT0idGVzdF9hbGxvd19mb3Jfb25lX2V4cG9zdXJlX2RvZXNf
2026-09-10T08:11:30.5506054Z GO_EVIDENCE_B64 bm90X2NvdmVyX2FkZGl0aW9uYWxfZXhwb3N1cmVzIiB0aW1lPSIwLjA4NCIgLz48dGVzdGNhc2UgY2xhc3NuYW1lPSJ0ZXN0cy5hdXRvbm9teS50ZXN0X2RlcHRoMTZfY3VycmVudF9hdXRob3JpdHkiIG5hbWU9InRlc3RfcmVzdHJpY3RpdmVfcG9saWN5X3ByZXZlbnRzX2NvbmRpdGlvbl9sb29rdXBfYW5kX2V4ZWN1dGlvbltMRUdBTF9IT0xEXSIgdGltZT0iMC4wODUiIC8+PHRlc3RjYXNlIGNsYXNzbmFtZT0idGVzdHMuYXV0b25vbXkudGVzdF9kZXB0aDE2X2N1cnJlbnRfYXV0aG9yaXR5IiBuYW1lPSJ0ZXN0X3Jlc3RyaWN0
2026-09-10T08:11:30.5512540Z GO_EVIDENCE_B64 aXZlX3BvbGljeV9wcmV2ZW50c19jb25kaXRpb25fbG9va3VwX2FuZF9leGVjdXRpb25bTEVHQUxfQkxPQ0tdIiB0aW1lPSIwLjA4NCIgLz48dGVzdGNhc2UgY2xhc3NuYW1lPSJ0ZXN0cy5hdXRvbm9teS50ZXN0X2RlcHRoMTZfY3VycmVudF9hdXRob3JpdHkiIG5hbWU9InRlc3RfcG9saWN5X2Nhbm5vdF9yZW1vdmVfZXh0ZXJuYWxfcmV2aWV3X29yX2FtYmlndW91c2x5X2R1cGxpY2F0ZV9wb2xpY3lfaWRlbnRpdHkiIHRpbWU9IjAuMDg0IiAvPjx0ZXN0Y2FzZSBjbGFzc25hbWU9InRlc3RzLmF1dG9ub215LnRlc3RfZGVwdGgx
2026-09-10T08:11:30.5519249Z GO_EVIDENCE_B64 Nl9jdXJyZW50X2F1dGhvcml0eSIgbmFtZT0idGVzdF9hbWJpZ3VvdXNfdHlwZXNfY2Fubm90X2NoYW5nZV9yaXNrX29yX2Vudmlyb25tZW50X3NlbWFudGljc1smbHQ7bGFtYmRhJmd0OzBdIiB0aW1lPSIwLjA4NCIgLz48dGVzdGNhc2UgY2xhc3NuYW1lPSJ0ZXN0cy5hdXRvbm9teS50ZXN0X2RlcHRoMTZfY3VycmVudF9hdXRob3JpdHkiIG5hbWU9InRlc3RfYW1iaWd1b3VzX3R5cGVzX2Nhbm5vdF9jaGFuZ2Vfcmlza19vcl9lbnZpcm9ubWVudF9zZW1hbnRpY3NbJmx0O2xhbWJkYSZndDsxXSIgdGltZT0iMC4wODQiIC8+PHRl
2026-09-10T08:11:30.5526095Z GO_EVIDENCE_B64 c3RjYXNlIGNsYXNzbmFtZT0idGVzdHMuYXV0b25vbXkudGVzdF9kZXB0aDE2X2N1cnJlbnRfYXV0aG9yaXR5IiBuYW1lPSJ0ZXN0X2FtYmlndW91c190eXBlc19jYW5ub3RfY2hhbmdlX3Jpc2tfb3JfZW52aXJvbm1lbnRfc2VtYW50aWNzWyZsdDtsYW1iZGEmZ3Q7Ml0iIHRpbWU9IjAuMDg0IiAvPjx0ZXN0Y2FzZSBjbGFzc25hbWU9InRlc3RzLmF1dG9ub215LnRlc3RfZGVwdGgxNl9jdXJyZW50X2F1dGhvcml0eSIgbmFtZT0idGVzdF9hbWJpZ3VvdXNfdHlwZXNfY2Fubm90X2NoYW5nZV9yaXNrX29yX2Vudmlyb25tZW50X3Nl
2026-09-10T08:11:30.5532640Z GO_EVIDENCE_B64 bWFudGljc1smbHQ7bGFtYmRhJmd0OzNdIiB0aW1lPSIwLjA4NCIgLz48dGVzdGNhc2UgY2xhc3NuYW1lPSJ0ZXN0cy5hdXRvbm9teS50ZXN0X2RlcHRoMTZfY3VycmVudF9hdXRob3JpdHkiIG5hbWU9InRlc3RfYW1iaWd1b3VzX3R5cGVzX2Nhbm5vdF9jaGFuZ2Vfcmlza19vcl9lbnZpcm9ubWVudF9zZW1hbnRpY3NbJmx0O2xhbWJkYSZndDs0XSIgdGltZT0iMC4wODQiIC8+PHRlc3RjYXNlIGNsYXNzbmFtZT0idGVzdHMuYXV0b25vbXkudGVzdF9kZXB0aDE2X2N1cnJlbnRfYXV0aG9yaXR5IiBuYW1lPSJ0ZXN0X2FtYmlndW91
2026-09-10T08:11:30.5539445Z GO_EVIDENCE_B64 c190eXBlc19jYW5ub3RfY2hhbmdlX3Jpc2tfb3JfZW52aXJvbm1lbnRfc2VtYW50aWNzWyZsdDtsYW1iZGEmZ3Q7NV0iIHRpbWU9IjAuMDg0IiAvPjx0ZXN0Y2FzZSBjbGFzc25hbWU9InRlc3RzLmF1dG9ub215LnRlc3RfZGVwdGgxNl9jdXJyZW50X2F1dGhvcml0eSIgbmFtZT0idGVzdF9hbWJpZ3VvdXNfdHlwZXNfY2Fubm90X2NoYW5nZV9yaXNrX29yX2Vudmlyb25tZW50X3NlbWFudGljc1smbHQ7bGFtYmRhJmd0OzZdIiB0aW1lPSIwLjA4NiIgLz48dGVzdGNhc2UgY2xhc3NuYW1lPSJ0ZXN0cy5hdXRvbm9teS50ZXN0X2Rl
2026-09-10T08:11:30.5546177Z GO_EVIDENCE_B64 cHRoMTZfY3VycmVudF9hdXRob3JpdHkiIG5hbWU9InRlc3Rfbm9uemVyb19yZXZlcnNpYmlsaXR5X2lzX25vdF9zaWxlbnRseV9jbGFzc2lmaWVkX2FzX2xvY2FsX3plcm9fcmlzayIgdGltZT0iMC4wODUiIC8+PHRlc3RjYXNlIGNsYXNzbmFtZT0idGVzdHMuYXV0b25vbXkudGVzdF92N19haV9vcmdfYnVpbGQwMSIgbmFtZT0idGVzdF9leGFjdGx5XzEzX3Blcm1hbmVudF9jZWxsc19hbmRfdW5pcXVlX2RvbWFpbl9maW5hbF9vd25lciIgdGltZT0iMC4wODQiIC8+PHRlc3RjYXNlIGNsYXNzbmFtZT0idGVzdHMuYXV0b25vbXku
2026-09-10T08:11:30.5552947Z GO_EVIDENCE_B64 dGVzdF92N19haV9vcmdfYnVpbGQwMSIgbmFtZT0idGVzdF9ub19jcm9zc19kb21haW5fdHJ1dGhfbXV0YXRpb24iIHRpbWU9IjAuMDg1IiAvPjx0ZXN0Y2FzZSBjbGFzc25hbWU9InRlc3RzLmF1dG9ub215LnRlc3RfdjdfYWlfb3JnX2J1aWxkMDEiIG5hbWU9InRlc3Rfcmlza19lbmdpbmVfaXNfZGV0ZXJtaW5pc3RpY19hbmRfcjNfcjRfYXJlX2hhcmRfYm91bmRhcmllcyIgdGltZT0iMC4wODQiIC8+PHRlc3RjYXNlIGNsYXNzbmFtZT0idGVzdHMuYXV0b25vbXkudGVzdF92N19haV9vcmdfYnVpbGQwMSIgbmFtZT0idGVzdF9i
2026-09-10T08:11:30.5559630Z GO_EVIDENCE_B64 dWlsZGVyX2Nhbm5vdF9zZWxmX2NlcnRpZnlfb3JfcmVsZWFzZSIgdGltZT0iMC4wODQiIC8+PHRlc3RjYXNlIGNsYXNzbmFtZT0idGVzdHMuYXV0b25vbXkudGVzdF92N19haV9vcmdfYnVpbGQwMSIgbmFtZT0idGVzdF9yMl9yZXF1aXJlc19zaGFkb3dfdGhlbl9jYW5hcnlfYmVmb3JlX2F1dG9ub21vdXNfcXVhbGlmaWVkIiB0aW1lPSIwLjA4NCIgLz48dGVzdGNhc2UgY2xhc3NuYW1lPSJ0ZXN0cy5hdXRvbm9teS50ZXN0X3Y3X2FpX29yZ19idWlsZDAxIiBuYW1lPSJ0ZXN0X3IzX2lzX2RldGVybWluaXN0aWNfY29udHJvbGxl
2026-09-10T08:11:30.5566351Z GO_EVIDENCE_B64 ZF9hbmRfcjRfcHJvaGliaXRlZCIgdGltZT0iMC4wODQiIC8+PHRlc3RjYXNlIGNsYXNzbmFtZT0idGVzdHMuYXV0b25vbXkudGVzdF92N19haV9vcmdfYnVpbGQwMSIgbmFtZT0idGVzdF9wcm9kdWN0aW9uX3F1YWxpZmljYXRpb25fZmFpbHNfY2xvc2VkX3VudGlsX2xlZ2FsX2FjY291bnRhYmlsaXR5X2lzX2JvdW5kIiB0aW1lPSIwLjA4NSIgLz48dGVzdGNhc2UgY2xhc3NuYW1lPSJ0ZXN0cy5hdXRvbm9teS50ZXN0X3Y3X2FpX29yZ19idWlsZDAxIiBuYW1lPSJ0ZXN0X3F1YWxpZmljYXRpb25faXNfY2VsbF9jYXBhYmlsaXR5
2026-09-10T08:11:30.5572900Z GO_EVIDENCE_B64 X3Jpc2tfZW52aXJvbm1lbnRfc2NvcGVkX2FuZF9yZXZvY2FibGUiIHRpbWU9IjAuMDg0IiAvPjx0ZXN0Y2FzZSBjbGFzc25hbWU9InRlc3RzLmF1dG9ub215LnRlc3RfdjdfYWlfb3JnX2J1aWxkMDEiIG5hbWU9InRlc3RfZ29fYWlfZG9lc19ub3Rfb3duX2pvdXJuZXlfdHJhbnNhY3Rpb25fb3JfcmVjb21tZW5kYXRpb25fdHJ1dGgiIHRpbWU9IjAuMDg1IiAvPjx0ZXN0Y2FzZSBjbGFzc25hbWU9InRlc3RzLmF1dG9ub215LnRlc3RfdjdfYWlfb3JnX2J1aWxkMDFfMV9sZWdhbF9hdXRob3JpdHkiIG5hbWU9InRlc3RfYnVpbGQw
2026-09-10T08:11:30.5579569Z GO_EVIDENCE_B64 MV8xX2FkZHNfYzE0X3dpdGhvdXRfY2hhbmdpbmdfMTNfZXhpc3RpbmdfY2VsbHMiIHRpbWU9IjAuMDg0IiAvPjx0ZXN0Y2FzZSBjbGFzc25hbWU9InRlc3RzLmF1dG9ub215LnRlc3RfdjdfYWlfb3JnX2J1aWxkMDFfMV9sZWdhbF9hdXRob3JpdHkiIG5hbWU9InRlc3RfYWxsX2FjdGlvbnNfbXVzdF9wYXNzX2F1dGhvcml0eV9ldmVuX3doZW5fbm9fbGVnYWxfcmV2aWV3X2lzX3JlcXVpcmVkIiB0aW1lPSIwLjA4NCIgLz48dGVzdGNhc2UgY2xhc3NuYW1lPSJ0ZXN0cy5hdXRvbm9teS50ZXN0X3Y3X2FpX29yZ19idWlsZDAxXzFf
2026-09-10T08:11:30.5586399Z GO_EVIDENCE_B64 bGVnYWxfYXV0aG9yaXR5IiBuYW1lPSJ0ZXN0X3Vub3duZWRfY2FwYWJpbGl0eV9pc19ibG9ja2VkX2JlZm9yZV9sZWdhbF9yZXZpZXciIHRpbWU9IjAuMDg0IiAvPjx0ZXN0Y2FzZSBjbGFzc25hbWU9InRlc3RzLmF1dG9ub215LnRlc3RfdjdfYWlfb3JnX2J1aWxkMDFfMV9sZWdhbF9hdXRob3JpdHkiIG5hbWU9InRlc3RfY3Jvc3NfZG9tYWluX3RydXRoX211dGF0aW9uX2lzX2Jsb2NrZWRfYnlfYXV0aG9yaXR5X2dhdGUiIHRpbWU9IjAuMDgzIiAvPjx0ZXN0Y2FzZSBjbGFzc25hbWU9InRlc3RzLmF1dG9ub215LnRlc3Rfdjdf
2026-09-10T08:11:30.5592938Z GO_EVIDENCE_B64 YWlfb3JnX2J1aWxkMDFfMV9sZWdhbF9hdXRob3JpdHkiIG5hbWU9InRlc3Rfc2VsZl9lbXBvd2VybWVudF9pc19oYXJkX2Jsb2NrZWQiIHRpbWU9IjAuMDgzIiAvPjx0ZXN0Y2FzZSBjbGFzc25hbWU9InRlc3RzLmF1dG9ub215LnRlc3RfdjdfYWlfb3JnX2J1aWxkMDFfMV9sZWdhbF9hdXRob3JpdHkiIG5hbWU9InRlc3RfbGVnYWxfZXhwb3N1cmVfcm91dGVzX3RvX2MxNF9hbmRfbm9fcG9saWN5X2ZhaWxzX2Nsb3NlZF90b19ob2xkIiB0aW1lPSIwLjA4MyIgLz48dGVzdGNhc2UgY2xhc3NuYW1lPSJ0ZXN0cy5hdXRvbm9teS50
2026-09-10T08:11:30.5599554Z GO_EVIDENCE_B64 ZXN0X3Y3X2FpX29yZ19idWlsZDAxXzFfbGVnYWxfYXV0aG9yaXR5IiBuYW1lPSJ0ZXN0X2xlZ2FsbHlfZXhwb3NlZF9hY3Rpb25fcmVxdWlyZXNfanVyaXNkaWN0aW9uIiB0aW1lPSIwLjA4NCIgLz48dGVzdGNhc2UgY2xhc3NuYW1lPSJ0ZXN0cy5hdXRvbm9teS50ZXN0X3Y3X2FpX29yZ19idWlsZDAxXzFfbGVnYWxfYXV0aG9yaXR5IiBuYW1lPSJ0ZXN0X2FwcHJvdmVkX21hY2hpbmVfcnVsZV9yZXR1cm5zX2ltbWVkaWF0ZV9sZWdhbF9hbGxvdyIgdGltZT0iMC4wODQiIC8+PHRlc3RjYXNlIGNsYXNzbmFtZT0idGVzdHMuYXV0
2026-09-10T08:11:30.5606149Z GO_EVIDENCE_B64 b25vbXkudGVzdF92N19haV9vcmdfYnVpbGQwMV8xX2xlZ2FsX2F1dGhvcml0eSIgbmFtZT0idGVzdF9ncmVlbl9vcGVyYXRpb25fbGFiZWxfY2Fubm90X2J5cGFzc19keW5hbWljX2xlZ2FsX2V4cG9zdXJlIiB0aW1lPSIwLjA4MyIgLz48dGVzdGNhc2UgY2xhc3NuYW1lPSJ0ZXN0cy5hdXRvbm9teS50ZXN0X3Y3X2FpX29yZ19idWlsZDAxXzFfbGVnYWxfYXV0aG9yaXR5IiBuYW1lPSJ0ZXN0X2MxNF9jb25zdGl0dXRpb25hbF9yZXZpZXdfaXNfbWFuZGF0b3J5X2Zvcl9ncmVlbl9hY3Rpb25zX3RvbyIgdGltZT0iMC4wODQiIC8+
2026-09-10T08:11:30.5612768Z GO_EVIDENCE_B64 PHRlc3RjYXNlIGNsYXNzbmFtZT0idGVzdHMuYXV0b25vbXkudGVzdF92N19haV9vcmdfYnVpbGQwMV8xX2xlZ2FsX2F1dGhvcml0eSIgbmFtZT0idGVzdF9nb19jb25zdGl0dXRpb25fcHJvaGliaXRpb25fYmxvY2tzX2V2ZW5fd2l0aG91dF9leHRlcm5hbF9sZWdhbF9leHBvc3VyZSIgdGltZT0iMC4wODQiIC8+PHRlc3RjYXNlIGNsYXNzbmFtZT0idGVzdHMuZmxpZ2h0LnRlc3Rfd2F2ZTA1X2ZsaWdodF9wcm9kdWN0aW9uX3RydXRoX2dhdGUiIG5hbWU9InRlc3RfZmxpZ2h0X2ZpeHR1cmVfc2VhcmNoX2ZhaWxzX2Nsb3NlZF9p
2026-09-10T08:11:30.5619411Z GO_EVIDENCE_B64 bl9wcm9kdWN0aW9uIiB0aW1lPSIwLjA4NCIgLz48dGVzdGNhc2UgY2xhc3NuYW1lPSJ0ZXN0cy5mbGlnaHQudGVzdF93YXZlMDVfZmxpZ2h0X3Byb2R1Y3Rpb25fdHJ1dGhfZ2F0ZSIgbmFtZT0idGVzdF9mbGlnaHRfZml4dHVyZV9zZWFyY2hfbm90X2Jsb2NrZWRfYnlfdHJ1dGhfZ2F0ZV9pbl9sb2NhbCIgdGltZT0iMC4wODQiIC8+PHRlc3RjYXNlIGNsYXNzbmFtZT0idGVzdHMudGVzdF9jb21tZXJjaWFsX2NvbnN0aXR1dGlvbl9hZG1pbl9vcyIgbmFtZT0idGVzdF9hZG1pbl9jYW5ub3RfY3JlYXRlX3JlY29tbWVuZGF0aW9u
2026-09-10T08:11:30.5628590Z GO_EVIDENCE_B64 X3dpdGhvdXRfaW5kZXBlbmRlbnRfanVkZ21lbnQiIHRpbWU9IjQuMDM1IiAvPjx0ZXN0Y2FzZSBjbGFzc25hbWU9InRlc3RzLnRlc3RfY29tbWVyY2lhbF9jb25zdGl0dXRpb25fYWRtaW5fb3MiIG5hbWU9InRlc3RfcmVjb21tZW5kYXRpb25fYW5kX3ZhbHVlX2FyZV9pbmRlcGVuZGVudCIgdGltZT0iMy45MzciIC8+PHRlc3RjYXNlIGNsYXNzbmFtZT0idGVzdHMudGVzdF9jb21tZXJjaWFsX2NvbnN0aXR1dGlvbl9hZG1pbl9vcyIgbmFtZT0idGVzdF9yZWNvbW1lbmRhdGlvbl9lbGlnaWJpbGl0eV9pc19kZXJpdmVkX29ubHlf
2026-09-10T08:11:30.5635641Z GO_EVIDENCE_B64 ZnJvbV9qdWRnbWVudF9kZWNpc2lvbiIgdGltZT0iMy45MDgiIC8+PHRlc3RjYXNlIGNsYXNzbmFtZT0idGVzdHMudGVzdF9jb21tZXJjaWFsX2NvbnN0aXR1dGlvbl9hZG1pbl9vcyIgbmFtZT0idGVzdF9kaXJlY3RfZmlyc3RfYW5kX2dvdmVybmVkX2ZhbGxiYWNrIiB0aW1lPSIzLjkwNSIgLz48dGVzdGNhc2UgY2xhc3NuYW1lPSJ0ZXN0cy50ZXN0X2NvbW1lcmNpYWxfY29uc3RpdHV0aW9uX2FkbWluX29zIiBuYW1lPSJ0ZXN0X3QyMF9pc19ldmlkZW5jZV9kcml2ZW5fZmFsbGJhY2tfZXhjbHVkZWRfYW5kX2lkZW1wb3RlbnQi
2026-09-10T08:11:30.5642203Z GO_EVIDENCE_B64 IHRpbWU9IjQuMDA2IiAvPjx0ZXN0Y2FzZSBjbGFzc25hbWU9InRlc3RzLnRlc3RfY29tbWVyY2lhbF9jb25zdGl0dXRpb25fYWRtaW5fb3MiIG5hbWU9InRlc3RfaW52b2ljZV9wb2xpY3lfd2FpdmVyX2FuZF9tYWtlcl9jaGVja2VyIiB0aW1lPSIzLjkzMSIgLz48dGVzdGNhc2UgY2xhc3NuYW1lPSJ0ZXN0cy50ZXN0X2NvbW1lcmNpYWxfY29uc3RpdHV0aW9uX2FkbWluX29zIiBuYW1lPSJ0ZXN0X2hvdGVsX25ldF9ndWFyZF9ibG9ja3NfYmVsb3dfYXV0aG9yaXplZF9mbG9vciIgdGltZT0iMy44OTIiIC8+PHRlc3RjYXNlIGNs
2026-09-10T08:11:30.5649218Z GO_EVIDENCE_B64 YXNzbmFtZT0idGVzdHMudGVzdF9jb21tZXJjaWFsX2NvbnN0aXR1dGlvbl9hZG1pbl9vcyIgbmFtZT0idGVzdF9wb2xpY3lfcmVxdWlyZXNfbWFrZXJfY2hlY2tlcl9hbmRfcmVqZWN0c19ib3VnaHRfcmVjb21tZW5kYXRpb25fcnVsZSIgdGltZT0iMy44OTAiIC8+PHRlc3RjYXNlIGNsYXNzbmFtZT0idGVzdHMudGVzdF9jb21tZXJjaWFsX2NvbnN0aXR1dGlvbl9hZG1pbl9vcyIgbmFtZT0idGVzdF9pbnZvaWNlX3BvbGljeV9hbW91bnRfaXNfZmFpbF9jbG9zZWRfbm9fbGVnYWN5X2RlZmF1bHQiIHRpbWU9IjMuODMwIiAvPjx0
2026-09-10T08:11:30.5656123Z GO_EVIDENCE_B64 ZXN0Y2FzZSBjbGFzc25hbWU9InRlc3RzLnRlc3RfY29uc3VtZXJfdW5pZmllZF9saWZlY3ljbGUiIG5hbWU9InRlc3RfZWFjaF92ZXJ0aWNhbF9yZXF1aXJlc19jb21wbGV0ZV9ldmlkZW5jZWRfZmFjdCIgdGltZT0iMC4xMjQiIC8+PHRlc3RjYXNlIGNsYXNzbmFtZT0idGVzdHMudGVzdF9jb25zdW1lcl91bmlmaWVkX2xpZmVjeWNsZSIgbmFtZT0idGVzdF9taXNzaW5nX2V2aWRlbmNlX2FuZF9pbnZhbGlkX3N0YXRlX2ZhaWxfY2xvc2VkIiB0aW1lPSIwLjA4NSIgLz48dGVzdGNhc2UgY2xhc3NuYW1lPSJ0ZXN0cy50ZXN0X2Nv
2026-09-10T08:11:30.5662653Z GO_EVIDENCE_B64 bnN1bWVyX3VuaWZpZWRfbGlmZWN5Y2xlIiBuYW1lPSJ0ZXN0X3N0YWxlX3ZlcnRpY2FsX2ZhY3RfY2Fubm90X292ZXJ3cml0ZV9uZXdlcl90cnV0aF9hbmRfYWNjb3VudF9pc29sYXRlZCIgdGltZT0iMC4xMTEiIC8+PHRlc3RjYXNlIGNsYXNzbmFtZT0idGVzdHMudGVzdF9kZXB0aDA2X3JlbnRhbF9zZXR0bGVtZW50IiBuYW1lPSJ0ZXN0X2xvbmdlcl9zaG9ydGVyX2xvbmdlcl90aGVuX2NhbmNlbF9yZXR1cm5zX2V2ZXJ5X2NhcHR1cmVfb25jZSIgdGltZT0iMC42MzciIC8+PHRlc3RjYXNlIGNsYXNzbmFtZT0idGVzdHMudGVz
2026-09-10T08:11:30.5669314Z GO_EVIDENCE_B64 dF9kZXB0aDA2X3JlbnRhbF9zZXR0bGVtZW50IiBuYW1lPSJ0ZXN0X3F1b3RlX2lzX2V4cGxpY2l0X2JvdW5kX3RvX2Ftb3VudF9vd25lcl9hbmRfZGF0ZXMiIHRpbWU9IjAuNDczIiAvPjx0ZXN0Y2FzZSBjbGFzc25hbWU9InRlc3RzLnRlc3RfZGVwdGgwNl9yZW50YWxfc2V0dGxlbWVudCIgbmFtZT0idGVzdF9leHBpcmVkX3F1b3RlX2FuZF9taXNtYXRjaGVkX29yZGVyX2RvX25vdF9tb3ZlX21vbmV5IiB0aW1lPSIwLjQ1NSIgLz48dGVzdGNhc2UgY2xhc3NuYW1lPSJ0ZXN0cy50ZXN0X2RlcHRoMDZfcmVudGFsX3NldHRsZW1l
2026-09-10T08:11:30.5676307Z GO_EVIDENCE_B64 bnQiIG5hbWU9InRlc3RfdG9wdXBfZmFpbHVyZV9pc19yZWNvdmVyYWJsZV9hbmRfYmxvY2tzX2NvbXBldGluZ19hY3Rpb25zIiB0aW1lPSIwLjQ4NCIgLz48dGVzdGNhc2UgY2xhc3NuYW1lPSJ0ZXN0cy50ZXN0X2RlcHRoMDZfcmVudGFsX3NldHRsZW1lbnQiIG5hbWU9InRlc3RfcGFydGlhbF9yZWZ1bmRfd29ya2VyX3Jlc3RhcnRfcmV1c2VzX2Zyb3plbl9hbGxvY2F0aW9uc1tzaG9ydGVuXSIgdGltZT0iMC41MzIiIC8+PHRlc3RjYXNlIGNsYXNzbmFtZT0idGVzdHMudGVzdF9kZXB0aDA2X3JlbnRhbF9zZXR0bGVtZW50IiBu
2026-09-10T08:11:30.5685075Z GO_EVIDENCE_B64 YW1lPSJ0ZXN0X3BhcnRpYWxfcmVmdW5kX3dvcmtlcl9yZXN0YXJ0X3JldXNlc19mcm96ZW5fYWxsb2NhdGlvbnNbY2FuY2VsXSIgdGltZT0iMC41MjQiIC8+PHRlc3RjYXNlIGNsYXNzbmFtZT0idGVzdHMudGVzdF9kZXB0aDA2X3JlbnRhbF9zZXR0bGVtZW50IiBuYW1lPSJ0ZXN0X2NvbXBldGluZ19xdW90ZXNfb25seV9vbmVfY2FuX2NoYW5nZV9vcmRlciIgdGltZT0iMC41MDAiIC8+PHRlc3RjYXNlIGNsYXNzbmFtZT0idGVzdHMudGVzdF9kZXB0aDA2X3JlbnRhbF9zZXR0bGVtZW50IiBuYW1lPSJ0ZXN0X3NhbWVfcXVvdGVf
2026-09-10T08:11:30.5691638Z GO_EVIDENCE_B64 Y29uY3VycmVudF9yZXRyaWVzX2NoYXJnZV9vbmNlIiB0aW1lPSIwLjUwMiIgLz48dGVzdGNhc2UgY2xhc3NuYW1lPSJ0ZXN0cy50ZXN0X2RlcHRoMDZfcmVudGFsX3NldHRsZW1lbnQiIG5hbWU9InRlc3RfZXF1YWxfcHJpY2VfY2hhbmdlX2RvZXNfbm90X2FkZF9tb25leV9tb3ZlbWVudHMiIHRpbWU9IjAuNDU1IiAvPjx0ZXN0Y2FzZSBjbGFzc25hbWU9InRlc3RzLnRlc3RfZGVwdGgwNl9yZW50YWxfc2V0dGxlbWVudCIgbmFtZT0idGVzdF9zdGFnaW5nX2Nhbm5vdF9ydW5fcmVudGFsX3NpbXVsYXRvciIgdGltZT0iMC40NDQi
2026-09-10T08:11:30.5698280Z GO_EVIDENCE_B64 IC8+PHRlc3RjYXNlIGNsYXNzbmFtZT0idGVzdHMudGVzdF9kZXB0aDA5X2hvdGVsX3JlcGxpY2F0aW9uIiBuYW1lPSJ0ZXN0X2RlY2xhcmVkX3Jvb21zX2FyZV9jYXB0dXJlZF93aXRoX2V4YWN0X2ZhY3RzX2FuZF9pbWFnZV9iaW5kaW5ncyIgdGltZT0iMC4wMDQiIC8+PHRlc3RjYXNlIGNsYXNzbmFtZT0idGVzdHMudGVzdF9kZXB0aDA5X2hvdGVsX3JlcGxpY2F0aW9uIiBuYW1lPSJ0ZXN0X29mZmljaWFsX2NhcHR1cmVfcmVqZWN0c19vcl9ob2xkc19hbWJpZ3VvdXNfYW5kX2luY29tcGxldGVfc291cmNlc1t3cm9uZ19ob3Rl
2026-09-10T08:11:30.5705006Z GO_EVIDENCE_B64 bF0iIHRpbWU9IjAuMDAxIiAvPjx0ZXN0Y2FzZSBjbGFzc25hbWU9InRlc3RzLnRlc3RfZGVwdGgwOV9ob3RlbF9yZXBsaWNhdGlvbiIgbmFtZT0idGVzdF9vZmZpY2lhbF9jYXB0dXJlX3JlamVjdHNfb3JfaG9sZHNfYW1iaWd1b3VzX2FuZF9pbmNvbXBsZXRlX3NvdXJjZXNbY3Jvc3Nfb3JpZ2luXSIgdGltZT0iMC4wMDEiIC8+PHRlc3RjYXNlIGNsYXNzbmFtZT0idGVzdHMudGVzdF9kZXB0aDA5X2hvdGVsX3JlcGxpY2F0aW9uIiBuYW1lPSJ0ZXN0X29mZmljaWFsX2NhcHR1cmVfcmVqZWN0c19vcl9ob2xkc19hbWJpZ3VvdXNf
2026-09-10T08:11:30.5711704Z GO_EVIDENCE_B64 YW5kX2luY29tcGxldGVfc291cmNlc1tmb3JlaWduX3BhcmVudF0iIHRpbWU9IjAuMDAxIiAvPjx0ZXN0Y2FzZSBjbGFzc25hbWU9InRlc3RzLnRlc3RfZGVwdGgwOV9ob3RlbF9yZXBsaWNhdGlvbiIgbmFtZT0idGVzdF9vZmZpY2lhbF9jYXB0dXJlX3JlamVjdHNfb3JfaG9sZHNfYW1iaWd1b3VzX2FuZF9pbmNvbXBsZXRlX3NvdXJjZXNbbWlzc2luZ19wYWdlXSIgdGltZT0iMC4wMDEiIC8+PHRlc3RjYXNlIGNsYXNzbmFtZT0idGVzdHMudGVzdF9kZXB0aDA5X2hvdGVsX3JlcGxpY2F0aW9uIiBuYW1lPSJ0ZXN0X29mZmljaWFs
2026-09-10T08:11:30.5718625Z GO_EVIDENCE_B64 X2NhcHR1cmVfcmVqZWN0c19vcl9ob2xkc19hbWJpZ3VvdXNfYW5kX2luY29tcGxldGVfc291cmNlc1tidWRnZXRdIiB0aW1lPSIwLjAwMSIgLz48dGVzdGNhc2UgY2xhc3NuYW1lPSJ0ZXN0cy50ZXN0X2RlcHRoMDlfaG90ZWxfcmVwbGljYXRpb24iIG5hbWU9InRlc3Rfb2ZmaWNpYWxfY2FwdHVyZV9yZWplY3RzX29yX2hvbGRzX2FtYmlndW91c19hbmRfaW5jb21wbGV0ZV9zb3VyY2VzW21pc3NpbmdfaWRdIiB0aW1lPSIwLjAwMSIgLz48dGVzdGNhc2UgY2xhc3NuYW1lPSJ0ZXN0cy50ZXN0X2RlcHRoMDlfaG90ZWxfcmVwbGlj
2026-09-10T08:11:30.5725184Z GO_EVIDENCE_B64 YXRpb24iIG5hbWU9InRlc3Rfb2ZmaWNpYWxfY2FwdHVyZV9yZWplY3RzX29yX2hvbGRzX2FtYmlndW91c19hbmRfaW5jb21wbGV0ZV9zb3VyY2VzW2R1cGxpY2F0ZV9yb29tXSIgdGltZT0iMC4wMDEiIC8+PHRlc3RjYXNlIGNsYXNzbmFtZT0idGVzdHMudGVzdF9kZXB0aDA5X2hvdGVsX3JlcGxpY2F0aW9uIiBuYW1lPSJ0ZXN0X25vX3Jvb21fZGlyZWN0b3J5X2FuZF9hcmJpdHJhcnlfaW1hZ2VzX2RvX25vdF9iZWNvbWVfY29tcGxldGVfY2F0YWxvZyIgdGltZT0iMC4wMDEiIC8+PHRlc3RjYXNlIGNsYXNzbmFtZT0idGVzdHMu
2026-09-10T08:11:30.5733117Z GO_EVIDENCE_B64 dGVzdF9kZXB0aDA5X2hvdGVsX3JlcGxpY2F0aW9uIiBuYW1lPSJ0ZXN0X25hbWVfYWRkcmVzc19hbG9uZV9zdGF5c19kcmFmdF9hbmRfbWFudWFsX3B1Ymxpc2hfaXNfYmxvY2tlZCIgdGltZT0iMC4xMzQiIC8+PHRlc3RjYXNlIGNsYXNzbmFtZT0idGVzdHMudGVzdF9kZXB0aDA5X2hvdGVsX3JlcGxpY2F0aW9uIiBuYW1lPSJ0ZXN0X25hbWVfb25seV9tYXRjaF9kb2VzX25vdF9tZXJnZV9zZXBhcmF0ZV9wcm9wZXJ0aWVzIiB0aW1lPSIwLjEzNSIgLz48dGVzdGNhc2UgY2xhc3NuYW1lPSJ0ZXN0cy50ZXN0X2RlcHRoMDlfaG90
2026-09-10T08:11:30.5739895Z GO_EVIDENCE_B64 ZWxfcmVwbGljYXRpb24iIG5hbWU9InRlc3Rfc2FtZV9uYW1lX2FuZF9hZGRyZXNzX3Jlc29sdmVzX2lkZW50aXR5X2Fjcm9zc19zb3VyY2VzIiB0aW1lPSIwLjEyNyIgLz48dGVzdGNhc2UgY2xhc3NuYW1lPSJ0ZXN0cy50ZXN0X2RlcHRoMDlfaG90ZWxfcmVwbGljYXRpb24iIG5hbWU9InRlc3RfY29uY3VycmVudF9pZGVudGljYWxfaW1wb3J0X2hhc19vbmVfcHJvZmlsZV9zbmFwc2hvdF9hbmRfdmVyc2lvbiIgdGltZT0iMC4yNTEiIC8+PHRlc3RjYXNlIGNsYXNzbmFtZT0idGVzdHMudGVzdF9kZXB0aDA5X2hvdGVsX3JlcGxp
2026-09-10T08:11:30.5746871Z GO_EVIDENCE_B64 Y2F0aW9uIiBuYW1lPSJ0ZXN0X2NvbmN1cnJlbnRfY2hhbmdlZF9zbmFwc2hvdHNfa2VlcF9zdGFibGVfcHJvdmlkZXJfaWRlbnRpdHkiIHRpbWU9IjAuMjUzIiAvPjx0ZXN0Y2FzZSBjbGFzc25hbWU9InRlc3RzLnRlc3RfZGVwdGgwOV9ob3RlbF9yZXBsaWNhdGlvbiIgbmFtZT0idGVzdF9vYnNvbGV0ZV9zb3VyY2VfZmllbGRzX2FyZV9yZW1vdmVkX3dpdGhvdXRfaGlzdG9yaWNhbF9jb25mbGljdHMiIHRpbWU9IjAuMTI1IiAvPjx0ZXN0Y2FzZSBjbGFzc25hbWU9InRlc3RzLnRlc3RfZGVwdGgwOV9ob3RlbF9yZXBsaWNhdGlv
2026-09-10T08:11:30.5753491Z GO_EVIDENCE_B64 biIgbmFtZT0idGVzdF9mdWxsX2NhdGFsb2dfY2FjaGVfY2FuX3B1Ymxpc2hfYW5kX3JlcGxheV93aXRob3V0X2dyb3d0aCIgdGltZT0iMC4yNDUiIC8+PHRlc3RjYXNlIGNsYXNzbmFtZT0idGVzdHMudGVzdF9kZXB0aDA5X2hvdGVsX3JlcGxpY2F0aW9uIiBuYW1lPSJ0ZXN0X2JhZF91cGRhdGVfcHJlc2VydmVzX2xhc3RfZ29vZF9wdWJsaWNfdmVyc2lvbiIgdGltZT0iMC4yMTciIC8+PHRlc3RjYXNlIGNsYXNzbmFtZT0idGVzdHMudGVzdF9kZXB0aDA5X2hvdGVsX3JlcGxpY2F0aW9uIiBuYW1lPSJ0ZXN0X21hbnVhbF91bnB1
2026-09-10T08:11:30.5760132Z GO_EVIDENCE_B64 Ymxpc2hfc3Vydml2ZXNfcmVjb21wb3NlX2FuZF91cGRhdGVzIiB0aW1lPSIwLjI0MiIgLz48dGVzdGNhc2UgY2xhc3NuYW1lPSJ0ZXN0cy50ZXN0X2RlcHRoMDlfaG90ZWxfcmVwbGljYXRpb24iIG5hbWU9InRlc3RfcHVibGljYXRpb25fY2hlY2tzX3JlYWxfbWVkaWFfYW5kX2V4YWN0X2NhdGFsb2dfZXZpZGVuY2VbZmlsZV9kZWxldGVkXSIgdGltZT0iMC4xNzUiIC8+PHRlc3RjYXNlIGNsYXNzbmFtZT0idGVzdHMudGVzdF9kZXB0aDA5X2hvdGVsX3JlcGxpY2F0aW9uIiBuYW1lPSJ0ZXN0X3B1YmxpY2F0aW9uX2NoZWNrc19y
2026-09-10T08:11:30.5766751Z GO_EVIDENCE_B64 ZWFsX21lZGlhX2FuZF9leGFjdF9jYXRhbG9nX2V2aWRlbmNlW2ZpbGVfY29ycnVwdGVkXSIgdGltZT0iMC4xNzUiIC8+PHRlc3RjYXNlIGNsYXNzbmFtZT0idGVzdHMudGVzdF9kZXB0aDA5X2hvdGVsX3JlcGxpY2F0aW9uIiBuYW1lPSJ0ZXN0X3B1YmxpY2F0aW9uX2NoZWNrc19yZWFsX21lZGlhX2FuZF9leGFjdF9jYXRhbG9nX2V2aWRlbmNlW3JpZ2h0c19yZXZva2VkXSIgdGltZT0iMC4xNzgiIC8+PHRlc3RjYXNlIGNsYXNzbmFtZT0idGVzdHMudGVzdF9kZXB0aDA5X2hvdGVsX3JlcGxpY2F0aW9uIiBuYW1lPSJ0ZXN0X3B1
2026-09-10T08:11:30.5773240Z GO_EVIDENCE_B64 YmxpY2F0aW9uX2NoZWNrc19yZWFsX21lZGlhX2FuZF9leGFjdF9jYXRhbG9nX2V2aWRlbmNlW3dyb25nX3Jvb21dIiB0aW1lPSIwLjE3OSIgLz48dGVzdGNhc2UgY2xhc3NuYW1lPSJ0ZXN0cy50ZXN0X2RlcHRoMDlfaG90ZWxfcmVwbGljYXRpb24iIG5hbWU9InRlc3RfcHVibGljYXRpb25fY2hlY2tzX3JlYWxfbWVkaWFfYW5kX2V4YWN0X2NhdGFsb2dfZXZpZGVuY2Vbd3JvbmdfaG90ZWxdIiB0aW1lPSIwLjE4NCIgLz48dGVzdGNhc2UgY2xhc3NuYW1lPSJ0ZXN0cy50ZXN0X2RlcHRoMDlfaG90ZWxfcmVwbGljYXRpb24iIG5h
2026-09-10T08:11:30.5780143Z GO_EVIDENCE_B64 bWU9InRlc3RfcHVibGljYXRpb25fY2hlY2tzX3JlYWxfbWVkaWFfYW5kX2V4YWN0X2NhdGFsb2dfZXZpZGVuY2Vbd3Jvbmdfc291cmNlX3VybF0iIHRpbWU9IjAuMTg2IiAvPjx0ZXN0Y2FzZSBjbGFzc25hbWU9InRlc3RzLnRlc3RfZGVwdGgwOV9ob3RlbF9yZXBsaWNhdGlvbiIgbmFtZT0idGVzdF9wdWJsaWNhdGlvbl9jaGVja3NfcmVhbF9tZWRpYV9hbmRfZXhhY3RfY2F0YWxvZ19ldmlkZW5jZVtkdXBsaWNhdGVzXSIgdGltZT0iMC4xNzkiIC8+PHRlc3RjYXNlIGNsYXNzbmFtZT0idGVzdHMudGVzdF9kZXB0aDA5X2hvdGVs
2026-09-10T08:11:30.5786749Z GO_EVIDENCE_B64 X3JlcGxpY2F0aW9uIiBuYW1lPSJ0ZXN0X3B1YmxpY2F0aW9uX2NoZWNrc19yZWFsX21lZGlhX2FuZF9leGFjdF9jYXRhbG9nX2V2aWRlbmNlW3VucmV2aWV3ZWRfaW52ZW50b3J5XSIgdGltZT0iMC4xOTAiIC8+PHRlc3RjYXNlIGNsYXNzbmFtZT0idGVzdHMudGVzdF9kZXB0aDA5X2hvdGVsX3JlcGxpY2F0aW9uIiBuYW1lPSJ0ZXN0X3B1YmxpY2F0aW9uX2NoZWNrc19yZWFsX21lZGlhX2FuZF9leGFjdF9jYXRhbG9nX2V2aWRlbmNlW21pc3NpbmdfY29yZV9mYWN0XSIgdGltZT0iMC4xODgiIC8+PHRlc3RjYXNlIGNsYXNzbmFt
2026-09-10T08:11:30.5793179Z GO_EVIDENCE_B64 ZT0idGVzdHMudGVzdF9kZXB0aDA5X2hvdGVsX3JlcGxpY2F0aW9uIiBuYW1lPSJ0ZXN0X3B1YmxpY2F0aW9uX2NoZWNrc19yZWFsX21lZGlhX2FuZF9leGFjdF9jYXRhbG9nX2V2aWRlbmNlW3Jvb21fc2V0X21pc21hdGNoXSIgdGltZT0iMC4xOTEiIC8+PHRlc3RjYXNlIGNsYXNzbmFtZT0idGVzdHMudGVzdF9kZXB0aDA5X2hvdGVsX3JlcGxpY2F0aW9uIiBuYW1lPSJ0ZXN0X3JlZ2lvbmFsX2ZpbmlzaGVkX3dvcmtfd2l0aF9pbmNvbXBsZXRlX2NhdGFsb2dfaXNfbm90X2NvbXBsZXRlZCIgdGltZT0iMC4xMjAiIC8+PHRlc3Rj
2026-09-10T08:11:30.5799768Z GO_EVIDENCE_B64 YXNlIGNsYXNzbmFtZT0idGVzdHMudGVzdF9kZXB0aDA5X2hvdGVsX3JlcGxpY2F0aW9uIiBuYW1lPSJ0ZXN0X3JlYWRfb25seV9hZG1pbl9jYW5ub3RfY2hhbmdlX2NhdGFsb2dfb3JfcHVibGlzaFsvc291cmNlcy9pbmdlc3RdIiB0aW1lPSIwLjMxOCIgLz48dGVzdGNhc2UgY2xhc3NuYW1lPSJ0ZXN0cy50ZXN0X2RlcHRoMDlfaG90ZWxfcmVwbGljYXRpb24iIG5hbWU9InRlc3RfcmVhZF9vbmx5X2FkbWluX2Nhbm5vdF9jaGFuZ2VfY2F0YWxvZ19vcl9wdWJsaXNoWy9tZWRpYS9oYXJ2ZXN0XSIgdGltZT0iMC4zMTkiIC8+PHRl
2026-09-10T08:11:30.5806713Z GO_EVIDENCE_B64 c3RjYXNlIGNsYXNzbmFtZT0idGVzdHMudGVzdF9kZXB0aDA5X2hvdGVsX3JlcGxpY2F0aW9uIiBuYW1lPSJ0ZXN0X3JlYWRfb25seV9hZG1pbl9jYW5ub3RfY2hhbmdlX2NhdGFsb2dfb3JfcHVibGlzaFsvZmFjdG9yeS9ob3RlbHMvdGVzdC9wdWJsaWNhdGlvbl0iIHRpbWU9IjAuMzE5IiAvPjx0ZXN0Y2FzZSBjbGFzc25hbWU9InRlc3RzLnRlc3RfZGVwdGgwOV9ob3RlbF9yZXBsaWNhdGlvbiIgbmFtZT0idGVzdF9kaXNjb3ZlcnlfYXBpX3JlcG9ydHNfY29sbGVjdGlvbl9zZXBhcmF0ZWx5X2Zyb21fcmVhZHlfY2F0YWxvZyIg
2026-09-10T08:11:30.5813280Z GO_EVIDENCE_B64 dGltZT0iMC4yNjkiIC8+PHRlc3RjYXNlIGNsYXNzbmFtZT0idGVzdHMudGVzdF9kZXB0aDA5X2hvdGVsX3JlcGxpY2F0aW9uIiBuYW1lPSJ0ZXN0X3R3b19vZmZpY2lhbF9waG90b3NfYXJlX2NvcGllZF93aXRob3V0X2ludmVudGluZ19hX3RoaXJkIiB0aW1lPSIwLjE2MSIgLz48dGVzdGNhc2UgY2xhc3NuYW1lPSJ0ZXN0cy50ZXN0X2RlcHRoMDlfaG90ZWxfcmVwbGljYXRpb24iIG5hbWU9InRlc3RfdW5yZWxhdGVkX2FwcHJvdmVkX2ltYWdlc19uZXZlcl9lbnRlcl90aGVfcHVibGljX3BhZ2UiIHRpbWU9IjAuMTgxIiAvPjx0
2026-09-10T08:11:30.5819903Z GO_EVIDENCE_B64 ZXN0Y2FzZSBjbGFzc25hbWU9InRlc3RzLnRlc3RfZGVwdGgwOV9ob3RlbF9yZXBsaWNhdGlvbiIgbmFtZT0idGVzdF90ZW5faG90ZWxfcmVwbGljYXRpb25fcmVwbGF5X2tlZXBzX2lkZW50aXR5X2FuZF9yb29tX21lZGlhX3NlcGFyYXRlIiB0aW1lPSIxLjA5NiIgLz48dGVzdGNhc2UgY2xhc3NuYW1lPSJ0ZXN0cy50ZXN0X2RlcHRoMDlfaG90ZWxfcmVwbGljYXRpb24iIG5hbWU9InRlc3RfbWFsZm9ybWVkX2NhdGFsb2dfaXNfaW5jb21wbGV0ZV9hbmRfY2Fubm90X2NyYXNoX3RoZV9nYXRlW2JhZDBdIiB0aW1lPSIwLjAwMSIg
2026-09-10T08:11:30.5826448Z GO_EVIDENCE_B64 Lz48dGVzdGNhc2UgY2xhc3NuYW1lPSJ0ZXN0cy50ZXN0X2RlcHRoMDlfaG90ZWxfcmVwbGljYXRpb24iIG5hbWU9InRlc3RfbWFsZm9ybWVkX2NhdGFsb2dfaXNfaW5jb21wbGV0ZV9hbmRfY2Fubm90X2NyYXNoX3RoZV9nYXRlW2JhZDFdIiB0aW1lPSIwLjAwMSIgLz48dGVzdGNhc2UgY2xhc3NuYW1lPSJ0ZXN0cy50ZXN0X2RlcHRoMDlfaG90ZWxfcmVwbGljYXRpb24iIG5hbWU9InRlc3RfbWFsZm9ybWVkX2NhdGFsb2dfaXNfaW5jb21wbGV0ZV9hbmRfY2Fubm90X2NyYXNoX3RoZV9nYXRlW2JhZDJdIiB0aW1lPSIwLjAwMSIg
2026-09-10T08:11:30.5832894Z GO_EVIDENCE_B64 Lz48dGVzdGNhc2UgY2xhc3NuYW1lPSJ0ZXN0cy50ZXN0X2RlcHRoMDlfaG90ZWxfcmVwbGljYXRpb24iIG5hbWU9InRlc3RfbWFsZm9ybWVkX2NhdGFsb2dfaXNfaW5jb21wbGV0ZV9hbmRfY2Fubm90X2NyYXNoX3RoZV9nYXRlW2JhZDNdIiB0aW1lPSIwLjAwMSIgLz48dGVzdGNhc2UgY2xhc3NuYW1lPSJ0ZXN0cy50ZXN0X2RlcHRoMDlfaG90ZWxfcmVwbGljYXRpb24iIG5hbWU9InRlc3RfZXhwbGljaXRfdGFyZ2V0X2Nhbm5vdF9yZWFzc2lnbl9hbl9leGlzdGluZ19zb3VyY2VfaWRlbnRpdHkiIHRpbWU9IjAuMTI1IiAvPjx0
2026-09-10T08:11:30.5839664Z GO_EVIDENCE_B64 ZXN0Y2FzZSBjbGFzc25hbWU9InRlc3RzLnRlc3RfZGVwdGgwOV9ob3RlbF9yZXBsaWNhdGlvbiIgbmFtZT0idGVzdF9mYWlsZWRfY29tcG9zaXRpb25fcm9sbHNfYmFja19zb3VyY2VfYW5kX3Byb2ZpbGVfdG9nZXRoZXIiIHRpbWU9IjAuMTA4IiAvPjx0ZXN0Y2FzZSBjbGFzc25hbWU9InRlc3RzLnRlc3RfZGVwdGgwOV9ob3RlbF9yZXBsaWNhdGlvbiIgbmFtZT0idGVzdF9ib3VuZGVkX3BhcmFsbGVsX2JhdGNoX3ByZXNlcnZlc19vcmRlcl9hbmRfaXNvbGF0ZXNfZmFpbGVkX2hvdGVsIiB0aW1lPSIwLjQwNiIgLz48dGVzdGNh
2026-09-10T08:11:30.5846296Z GO_EVIDENCE_B64 c2UgY2xhc3NuYW1lPSJ0ZXN0cy50ZXN0X2RlcHRoMDlfc3RheV9jcmVkaXQiIG5hbWU9InRlc3RfY29udmVyc2lvbl9pc19mdW5kZWRfc2luZ2xlX2lzc3VlX2FuZF9wcmVzZXJ2ZXNfb3JpZ2luYWxfZXhwaXJ5X29uX3JlcGxheSIgdGltZT0iMC44NjQiIC8+PHRlc3RjYXNlIGNsYXNzbmFtZT0idGVzdHMudGVzdF9kZXB0aDA5X3N0YXlfY3JlZGl0IiBuYW1lPSJ0ZXN0X3JlZGVtcHRpb25faGlnaGVyX2VxdWFsX2xvd2VyX2FuZF9maW5hbF9mdWxmaWxsbWVudF93aXRob3V0X2R1cGxpY2F0ZV9jYXNoWzEwMDAwMC0zODAwMC0x
2026-09-10T08:11:30.5852837Z GO_EVIDENCE_B64 NjIwMDAtMF0iIHRpbWU9IjAuOTg0IiAvPjx0ZXN0Y2FzZSBjbGFzc25hbWU9InRlc3RzLnRlc3RfZGVwdGgwOV9zdGF5X2NyZWRpdCIgbmFtZT0idGVzdF9yZWRlbXB0aW9uX2hpZ2hlcl9lcXVhbF9sb3dlcl9hbmRfZmluYWxfZnVsZmlsbG1lbnRfd2l0aG91dF9kdXBsaWNhdGVfY2FzaFs4MTAwMC0wLTE2MjAwMC0wXSIgdGltZT0iMC45OTQiIC8+PHRlc3RjYXNlIGNsYXNzbmFtZT0idGVzdHMudGVzdF9kZXB0aDA5X3N0YXlfY3JlZGl0IiBuYW1lPSJ0ZXN0X3JlZGVtcHRpb25faGlnaGVyX2VxdWFsX2xvd2VyX2FuZF9maW5h
2026-09-10T08:11:30.5859509Z GO_EVIDENCE_B64 bF9mdWxmaWxsbWVudF93aXRob3V0X2R1cGxpY2F0ZV9jYXNoWzQwMDAwLTAtODAwMDAtODIwMDBdIiB0aW1lPSIxLjAwOSIgLz48dGVzdGNhc2UgY2xhc3NuYW1lPSJ0ZXN0cy50ZXN0X2RlcHRoMDlfc3RheV9jcmVkaXQiIG5hbWU9InRlc3RfY2FuY2VsX3JldHVybnNfb25seV91bnVzZWRfY3JlZGl0X25vdF9sb3dlcl9wcmljZV9mb3JmZWl0dXJlIiB0aW1lPSIwLjg5NSIgLz48dGVzdGNhc2UgY2xhc3NuYW1lPSJ0ZXN0cy50ZXN0X2RlcHRoMDlfc3RheV9jcmVkaXQiIG5hbWU9InRlc3RfY2FuY2VsbGVkX2NyZWRpdF9mZWVf
2026-09-10T08:11:30.5866293Z GO_EVIDENCE_B64 cmVmdW5kX2RvZXNfbm90X3JlZnVuZF9yZXN0b3JlZF9jcmVkaXRfdHdpY2UiIHRpbWU9IjEuMDg5IiAvPjx0ZXN0Y2FzZSBjbGFzc25hbWU9InRlc3RzLnRlc3RfZGVwdGgwOV9zdGF5X2NyZWRpdCIgbmFtZT0idGVzdF91bnVzZWRfY3JlZGl0X3JlZnVuZF9mcmVlemVzX3JlZGVtcHRpb25fYW5kX3N1cnZpdmVzX2V4ZWN1dG9yX2ZhaWx1cmUiIHRpbWU9IjAuOTQ0IiAvPjx0ZXN0Y2FzZSBjbGFzc25hbWU9InRlc3RzLnRlc3RfZGVwdGgwOV9zdGF5X2NyZWRpdCIgbmFtZT0idGVzdF9yZWRlZW1lZF9zdGF5X3JlZnVuZF9zcGFu
2026-09-10T08:11:30.5872896Z GO_EVIDENCE_B64 c19jYXNoX2FuZF9jcmVkaXRfb3JpZ2luYWxfY2FwdHVyZXMiIHRpbWU9IjEuMDY4IiAvPjx0ZXN0Y2FzZSBjbGFzc25hbWU9InRlc3RzLnRlc3RfZGVwdGgxMF9taWdyYXRpb24iIG5hbWU9InRlc3Rfc3VwcGxpZXJfZmF1bHRfbWlncmF0aW9uX3JvdW5kdHJpcF9wcmVzZXJ2ZXNfb3JpZ2luYWxfY3JlZGl0X2FuZF9hbGxvY2F0aW9ucyIgdGltZT0iMTMuNTU5IiAvPjx0ZXN0Y2FzZSBjbGFzc25hbWU9InRlc3RzLnRlc3RfZGVwdGgxMV9jYXRhbG9nX3N1cHBsaWVyX3JlbWVkeSIgbmFtZT0idGVzdF9yZXF1ZXN0X2tlZXBzX29y
2026-09-10T08:11:30.5879603Z GO_EVIDENCE_B64 ZGVyX2FuZF9mdW5kc19hbmRfY2Fubm90X3NlbGZfYXBwcm92ZSIgdGltZT0iMC4zMjkiIC8+PHRlc3RjYXNlIGNsYXNzbmFtZT0idGVzdHMudGVzdF9kZXB0aDExX2NhdGFsb2dfc3VwcGxpZXJfcmVtZWR5IiBuYW1lPSJ0ZXN0X2FjdHVhbF9wYWlkX2luc3RlYWRfb2ZfY3VycmVudF9vcmRlcl90b3RhbF9hbmRfc2NvcGVkX2JhbmtfcHJpb3JpdHkiIHRpbWU9IjAuMzMyIiAvPjx0ZXN0Y2FzZSBjbGFzc25hbWU9InRlc3RzLnRlc3RfZGVwdGgxMV9jYXRhbG9nX3N1cHBsaWVyX3JlbWVkeSIgbmFtZT0idGVzdF9ub19tYW5kYXRl
2026-09-10T08:11:30.5886302Z GO_EVIDENCE_B64 X2FuZF9maW5pdGVfZnVuZF9zaG9ydGFnZV9kb19ub3RfY2xhaW1fcGFpZCIgdGltZT0iMC4zMTkiIC8+PHRlc3RjYXNlIGNsYXNzbmFtZT0idGVzdHMudGVzdF9kZXB0aDExX2NhdGFsb2dfc3VwcGxpZXJfcmVtZWR5IiBuYW1lPSJ0ZXN0X2V4YWN0X3Byb3RlY3Rpb25fbGlhYmlsaXR5X2FuZF9kdXJhYmxlX2lkZW1wb3RlbnRfcmVjb3ZlcnkiIHRpbWU9IjAuMzQzIiAvPjx0ZXN0Y2FzZSBjbGFzc25hbWU9InRlc3RzLnRlc3RfZGVwdGgxMV9jYXRhbG9nX3N1cHBsaWVyX3JlbWVkeSIgbmFtZT0idGVzdF9wcmlvcl9vcmlnaW5h
2026-09-10T08:11:30.5892876Z GO_EVIDENCE_B64 bF9yZWZ1bmRfaXNfbm90X3JlcGVhdGVkX2J1dF9jb21wZW5zYXRpb25fdXNlc19hY3R1YWxfZ3Jvc3NfcGFpZCIgdGltZT0iMC4zMTQiIC8+PHRlc3RjYXNlIGNsYXNzbmFtZT0idGVzdHMudGVzdF9kZXB0aDExX2NhdGFsb2dfc3VwcGxpZXJfcmVtZWR5IiBuYW1lPSJ0ZXN0X2FwcHJvdmVkX3JlbWVkeV9wcmV2ZW50c191bnJlbGF0ZWRfcmVmdW5kX29yX2NoYW5nZV9zcGVuZGluZ19yZXNlcnZlZF9mdW5kcyIgdGltZT0iMC4zMTMiIC8+PHRlc3RjYXNlIGNsYXNzbmFtZT0idGVzdHMudGVzdF9kZXB0aDExX2NhdGFsb2dfc3Vw
2026-09-10T08:11:30.5899631Z GO_EVIDENCE_B64 cGxpZXJfcmVtZWR5IiBuYW1lPSJ0ZXN0X3N1cHBsaWVyX3RpbWVvdXRfcXVlcmllc19zdGF0dXNfd2l0aG91dF9yZXNlbmRpbmdfb3JfcmVmdW5kaW5nX2Vhcmx5IiB0aW1lPSIwLjMxMSIgLz48dGVzdGNhc2UgY2xhc3NuYW1lPSJ0ZXN0cy50ZXN0X2RlcHRoMTFfY2F0YWxvZ19zdXBwbGllcl9yZW1lZHkiIG5hbWU9InRlc3RfcmVmdW5kX2ZhdWx0X3JvbGxzX2JhY2tfYWxsX21vbmV5X2FuZF9yZXN1bWVzX2FmdGVyX2NvbmZpcm1lZF9jYW5jZWwiIHRpbWU9IjAuMzA1IiAvPjx0ZXN0Y2FzZSBjbGFzc25hbWU9InRlc3RzLnRl
2026-09-10T08:11:30.5906266Z GO_EVIDENCE_B64 c3RfZGVwdGgxMV9jYXRhbG9nX3N1cHBsaWVyX3JlbWVkeSIgbmFtZT0idGVzdF9jb21wZW5zYXRpb25fZmF1bHRfY2Fubm90X3JlcGVhdF9jb21wbGV0ZWRfcmVmdW5kIiB0aW1lPSIwLjMxNSIgLz48dGVzdGNhc2UgY2xhc3NuYW1lPSJ0ZXN0cy50ZXN0X2RlcHRoMTFfY2F0YWxvZ19zdXBwbGllcl9yZW1lZHkiIG5hbWU9InRlc3RfZm91cl9jb25jdXJyZW50X2V4ZWN1dGlvbnNfcHJvZHVjZV9vbmVfc3VwcGxpZXJfY2FuY2VsX3JlZnVuZF9hbmRfY29tcGVuc2F0aW9uIiB0aW1lPSIwLjQ0MSIgLz48dGVzdGNhc2UgY2xhc3Nu
2026-09-10T08:11:30.5912708Z GO_EVIDENCE_B64 YW1lPSJ0ZXN0cy50ZXN0X2RlcHRoMTFfY2F0YWxvZ19zdXBwbGllcl9yZW1lZHkiIG5hbWU9InRlc3RfZXh0ZXJuYWxfZmF1bHRfcmVmdW5kc193aXRob3V0X2V4dHJhX3N1cHBsaWVyX2RlYml0IiB0aW1lPSIwLjI5MCIgLz48dGVzdGNhc2UgY2xhc3NuYW1lPSJ0ZXN0cy50ZXN0X2RlcHRoMTFfbWlncmF0aW9uIiBuYW1lPSJ0ZXN0X2NhdGFsb2dfcmVtZWR5X21pZ3JhdGlvbl9wcmVzZXJ2ZXNfaGlzdG9yaWNhbF9jYXNlc19hbmRfaG9zdGVkX21hbmRhdGVzIiB0aW1lPSIxMy40NTkiIC8+PHRlc3RjYXNlIGNsYXNzbmFtZT0i
2026-09-10T08:11:30.5919914Z GO_EVIDENCE_B64 dGVzdHMudGVzdF9kZXB0aDEyX2NyZWRpdF9hZnRlcl9zYWxlcyIgbmFtZT0idGVzdF9jdXN0b21lcl9jYW5jZWxfcmVmdW5kc19vbmx5X3N1cHBsZW1lbnRfYW5kX3Jlc3RvcmVzX2NyZWRpdF93aXRob3V0X2V4dGVuZGluZyIgdGltZT0iMC40OTQiIC8+PHRlc3RjYXNlIGNsYXNzbmFtZT0idGVzdHMudGVzdF9kZXB0aDEyX2NyZWRpdF9hZnRlcl9zYWxlcyIgbmFtZT0idGVzdF9sb3dlcl9wcmljZV9mb3JmZWl0dXJlX2lzX3ByZXNlcnZlZF9hZnRlcl9jdXN0b21lcl9jYW5jZWxsYXRpb24iIHRpbWU9IjAuNDUyIiAvPjx0ZXN0
2026-09-10T08:11:30.5926950Z GO_EVIDENCE_B64 Y2FzZSBjbGFzc25hbWU9InRlc3RzLnRlc3RfZGVwdGgxMl9jcmVkaXRfYWZ0ZXJfc2FsZXMiIG5hbWU9InRlc3RfY3VzdG9tZXJfY2FuY2VsbGF0aW9uX3VzZXNfYWNjZXB0ZWRfdGllcnNfZXZlbl9pZl9zdXBwbGllcl9ydWxlX2NoYW5nZXMiIHRpbWU9IjAuNDA1IiAvPjx0ZXN0Y2FzZSBjbGFzc25hbWU9InRlc3RzLnRlc3RfZGVwdGgxMl9jcmVkaXRfYWZ0ZXJfc2FsZXMiIG5hbWU9InRlc3RfY2FzaF9yZWZ1bmRfZmFpbHVyZV9rZWVwc19jcmVkaXRfdW5hdmFpbGFibGVfdW50aWxfYXRvbWljX3JldHJ5IiB0aW1lPSIwLjM4
2026-09-10T08:11:30.5933564Z GO_EVIDENCE_B64 OCIgLz48dGVzdGNhc2UgY2xhc3NuYW1lPSJ0ZXN0cy50ZXN0X2RlcHRoMTJfY3JlZGl0X2FmdGVyX3NhbGVzIiBuYW1lPSJ0ZXN0X2N1c3RvbWVyX2NhbmNlbF91bmtub3duX3Jlc3BvbnNlX3F1ZXJpZXNfYmVmb3JlX3Jlc3RvcmluZyIgdGltZT0iMC4zODciIC8+PHRlc3RjYXNlIGNsYXNzbmFtZT0idGVzdHMudGVzdF9kZXB0aDEyX2NyZWRpdF9hZnRlcl9zYWxlcyIgbmFtZT0idGVzdF9yZXN0b3JlZF9jcmVkaXRfYWZ0ZXJfZXhwaXJ5X2RvZXNfbm90X2dhaW5fYV9uZXdfeWVhciIgdGltZT0iMC4zOTMiIC8+PHRlc3RjYXNl
2026-09-10T08:11:30.5940270Z GO_EVIDENCE_B64 IGNsYXNzbmFtZT0idGVzdHMudGVzdF9kZXB0aDEyX2NyZWRpdF9hcGkiIG5hbWU9InRlc3Rfc2lnbmVkX2N1c3RvbWVyX2NyZWRpdF9yZXF1aXJlc19zZWxlY3RlZF9vd25lZF9ndWVzdF9hbmRfZnVsbF9jdXJyZW50X2NvbnNlbnQiIHRpbWU9IjEuMDYzIiAvPjx0ZXN0Y2FzZSBjbGFzc25hbWU9InRlc3RzLnRlc3RfZGVwdGgxMl9jcmVkaXRfYXBpIiBuYW1lPSJ0ZXN0X3dpdGhkcmF3bl90cmF2ZWxlcl9wZXJtaXNzaW9uX2tlZXBzX2NyZWRpdF91bmNoYW5nZWRfYW5kX2Nyb3NzX2NyZWRpdF9hY3Rpb25zX2ZhaWwiIHRpbWU9
2026-09-10T08:11:30.5946960Z GO_EVIDENCE_B64 IjAuNjczIiAvPjx0ZXN0Y2FzZSBjbGFzc25hbWU9InRlc3RzLnRlc3RfZGVwdGgxMl9wYXJlbnRfbW9uZXlfYnVkZ2V0IiBuYW1lPSJ0ZXN0X3JlZnVuZF9jYW5ub3RfYm9ycm93X2Fub3RoZXJfY2FwdHVyZV9idWRnZXRfd2l0aGluX3NhbWVfcm9vdCIgdGltZT0iMC4xMjYiIC8+PHRlc3RjYXNlIGNsYXNzbmFtZT0idGVzdHMudGVzdF9kZXB0aDEyX3BhcmVudF9tb25leV9idWRnZXQiIG5hbWU9InRlc3RfY2FwdHVyZV9jYW5ub3RfYm9ycm93X2Fub3RoZXJfYXV0aG9yaXphdGlvbl9idWRnZXRfd2l0aGluX3NhbWVfcm9vdCIg
2026-09-10T08:11:30.5953567Z GO_EVIDENCE_B64 dGltZT0iMC4xMTciIC8+PHRlc3RjYXNlIGNsYXNzbmFtZT0idGVzdHMudGVzdF9kZXB0aDE1X21pZ3JhdGlvbiIgbmFtZT0idGVzdF9zb3VyY2VfZXhjbHVzaW9uX21pZ3JhdGlvbl9yb3VuZHRyaXBfcHJlc2VydmVzX29sZF9mdWxsX2NhcHR1cmVfYWxsb2NhdGlvbiIgdGltZT0iMTMuNjI0IiAvPjx0ZXN0Y2FzZSBjbGFzc25hbWU9InRlc3RzLnRlc3RfZGVwdGgxNV9taWdyYXRpb24iIG5hbWU9InRlc3RfZG93bmdyYWRlX2Nhbm5vdF9kcm9wX2Ffbm9uemVyb19leGNsdXNpb25fYW5kX3Jldml2ZV9mb3JmZWl0ZWRfc291cmNl
2026-09-10T08:11:30.5960435Z GO_EVIDENCE_B64 X3ZhbHVlIiB0aW1lPSIxMC40NDkiIC8+PHRlc3RjYXNlIGNsYXNzbmFtZT0idGVzdHMudGVzdF9kZXB0aDE4X21lZGlhX2R1cmFiaWxpdHkiIG5hbWU9InRlc3RfaW5kZXBlbmRlbnRfcHJvY2Vzc2VzX2tlZXBfYWxsX2hhcnZlc3RzX2FuZF9zaGFyZWRfY29udGVudCIgdGltZT0iMC4xOTEiIC8+PHRlc3RjYXNlIGNsYXNzbmFtZT0idGVzdHMudGVzdF9kZXB0aDE4X21lZGlhX2R1cmFiaWxpdHkiIG5hbWU9InRlc3RfaW5kZXBlbmRlbnRfcHJvY2Vzc2VzX3ByZXNlcnZlX2V2ZXJ5X3JpZ2h0c19ldmVudCIgdGltZT0iMC4xMDYi
2026-09-10T08:11:30.5967116Z GO_EVIDENCE_B64 IC8+PHRlc3RjYXNlIGNsYXNzbmFtZT0idGVzdHMudGVzdF9kZXB0aDE4X21lZGlhX2R1cmFiaWxpdHkiIG5hbWU9InRlc3Rfc2lna2lsbF9yb2xsc19iYWNrX3VuY29tbWl0dGVkX21ldGFkYXRhX3dpdGhvdXRfbG9zaW5nX2NvbW1pdHRlZF9zdGF0ZVtoYXJ2ZXN0XSIgdGltZT0iMC4wMzgiIC8+PHRlc3RjYXNlIGNsYXNzbmFtZT0idGVzdHMudGVzdF9kZXB0aDE4X21lZGlhX2R1cmFiaWxpdHkiIG5hbWU9InRlc3Rfc2lna2lsbF9yb2xsc19iYWNrX3VuY29tbWl0dGVkX21ldGFkYXRhX3dpdGhvdXRfbG9zaW5nX2NvbW1pdHRl
2026-09-10T08:11:30.5973698Z GO_EVIDENCE_B64 ZF9zdGF0ZVtyaWdodHNdIiB0aW1lPSIwLjAzMyIgLz48dGVzdGNhc2UgY2xhc3NuYW1lPSJ0ZXN0cy50ZXN0X2RlcHRoMThfbWVkaWFfZHVyYWJpbGl0eSIgbmFtZT0idGVzdF9zdGFsZV9zbmFwc2hvdF9jYW5ub3RfZXJhc2VfaGFydmVzdF9vcl9yZXN0b3JlX3Jldm9rZWRfcmlnaHRzIiB0aW1lPSIwLjAxNCIgLz48dGVzdGNhc2UgY2xhc3NuYW1lPSJ0ZXN0cy50ZXN0X2RlcHRoMThfbWVkaWFfZHVyYWJpbGl0eSIgbmFtZT0idGVzdF9zdGFsZV9yaWdodHNfYXBwcm92YWxfY2Fubm90X292ZXJyaWRlX3Jldm9jYXRpb24iIHRp
2026-09-10T08:11:30.5980411Z GO_EVIDENCE_B64 bWU9IjAuMDEwIiAvPjx0ZXN0Y2FzZSBjbGFzc25hbWU9InRlc3RzLnRlc3RfZGVwdGgxOF9tZWRpYV9kdXJhYmlsaXR5IiBuYW1lPSJ0ZXN0X2xlZ2FjeV9pbXBvcnRfaXNfb25jZV9wcmVzZXJ2ZXNfb3JpZ2luYWxfYW5kX2RvZXNfbm90X3Jlc3VycmVjdF9ncmFudCIgdGltZT0iMC4wMTMiIC8+PHRlc3RjYXNlIGNsYXNzbmFtZT0idGVzdHMudGVzdF9kZXB0aDE4X21lZGlhX2R1cmFiaWxpdHkiIG5hbWU9InRlc3RfY29ycnVwdF9sZWdhY3lfaXNfbmV2ZXJfcmVwbGFjZWRfYnlfZW1wdHlfaW5kZXhbe10iIHRpbWU9IjAuMDA0
2026-09-10T08:11:30.5987280Z GO_EVIDENCE_B64 IiAvPjx0ZXN0Y2FzZSBjbGFzc25hbWU9InRlc3RzLnRlc3RfZGVwdGgxOF9tZWRpYV9kdXJhYmlsaXR5IiBuYW1lPSJ0ZXN0X2NvcnJ1cHRfbGVnYWN5X2lzX25ldmVyX3JlcGxhY2VkX2J5X2VtcHR5X2luZGV4W1tdXSIgdGltZT0iMC4wMDMiIC8+PHRlc3RjYXNlIGNsYXNzbmFtZT0idGVzdHMudGVzdF9kZXB0aDE4X21lZGlhX2R1cmFiaWxpdHkiIG5hbWU9InRlc3RfY29ycnVwdF9sZWdhY3lfaXNfbmV2ZXJfcmVwbGFjZWRfYnlfZW1wdHlfaW5kZXhbeyZxdW90O3ZlcnNpb24mcXVvdDs6MSwmcXVvdDthc3NldHMmcXVvdDs6
2026-09-10T08:11:30.5993874Z GO_EVIDENCE_B64 W119XSIgdGltZT0iMC4wMDMiIC8+PHRlc3RjYXNlIGNsYXNzbmFtZT0idGVzdHMudGVzdF9kZXB0aDE4X21lZGlhX2R1cmFiaWxpdHkiIG5hbWU9InRlc3RfY29ycnVwdF9sZWdhY3lfaXNfbmV2ZXJfcmVwbGFjZWRfYnlfZW1wdHlfaW5kZXhbeyZxdW90O3ZlcnNpb24mcXVvdDs6MSwmcXVvdDthc3NldHMmcXVvdDs6eyZxdW90O2EmcXVvdDs6eyZxdW90O2Fzc2V0X2lkJnF1b3Q7OiZxdW90O2EmcXVvdDssJnF1b3Q7Y2FjaGVfZmlsZSZxdW90OzomcXVvdDsuLi8uLi9vdXRzaWRlJnF1b3Q7fX19XSIgdGltZT0iMC4wMDMiIC8+
2026-09-10T08:11:30.6000596Z GO_EVIDENCE_B64 PHRlc3RjYXNlIGNsYXNzbmFtZT0idGVzdHMudGVzdF9kZXB0aDE4X21lZGlhX2R1cmFiaWxpdHkiIG5hbWU9InRlc3RfaW52YWxpZF9sZWdhY3lfcmlnaHRzX2FyZV9ub3RfcHVibGljX2V2ZW5faWZfZmxhZ19zYXlzX3RydWVbb3duZXJdIiB0aW1lPSIwLjAwOSIgLz48dGVzdGNhc2UgY2xhc3NuYW1lPSJ0ZXN0cy50ZXN0X2RlcHRoMThfbWVkaWFfZHVyYWJpbGl0eSIgbmFtZT0idGVzdF9pbnZhbGlkX2xlZ2FjeV9yaWdodHNfYXJlX25vdF9wdWJsaWNfZXZlbl9pZl9mbGFnX3NheXNfdHJ1ZVtldmlkZW5jZV0iIHRpbWU9IjAu
2026-09-10T08:11:30.6007309Z GO_EVIDENCE_B64 MDA5IiAvPjx0ZXN0Y2FzZSBjbGFzc25hbWU9InRlc3RzLnRlc3RfZGVwdGgxOF9tZWRpYV9kdXJhYmlsaXR5IiBuYW1lPSJ0ZXN0X2ludmFsaWRfbGVnYWN5X3JpZ2h0c19hcmVfbm90X3B1YmxpY19ldmVuX2lmX2ZsYWdfc2F5c190cnVlW2V4cGlyeV0iIHRpbWU9IjAuMDEwIiAvPjx0ZXN0Y2FzZSBjbGFzc25hbWU9InRlc3RzLnRlc3RfZGVwdGgxOF9tZWRpYV9kdXJhYmlsaXR5IiBuYW1lPSJ0ZXN0X2ludmFsaWRfbGVnYWN5X3JpZ2h0c19hcmVfbm90X3B1YmxpY19ldmVuX2lmX2ZsYWdfc2F5c190cnVlW2NvbnRyYWN0XSIg
2026-09-10T08:11:30.6013876Z GO_EVIDENCE_B64 dGltZT0iMC4wMDkiIC8+PHRlc3RjYXNlIGNsYXNzbmFtZT0idGVzdHMudGVzdF9kZXB0aDE4X21lZGlhX2R1cmFiaWxpdHkiIG5hbWU9InRlc3RfcHVyZ2Vfa2VlcHNfb3RoZXJfaG90ZWxfc2hhcmVkX2ZpbGVzX2FuZF9jYW5fYWRtaXRfc2FtZV9oYXNoX2FnYWluIiB0aW1lPSIwLjAxNiIgLz48dGVzdGNhc2UgY2xhc3NuYW1lPSJ0ZXN0cy50ZXN0X2RlcHRoMThfbWVkaWFfZHVyYWJpbGl0eSIgbmFtZT0idGVzdF9jb25jdXJyZW50X3B1cmdlX2FuZF9hZG1pc3Npb25fbmV2ZXJfcmVtb3ZlX3JlZmVyZW5jZWRfYnl0ZXMiIHRp
2026-09-10T08:11:30.6020725Z GO_EVIDENCE_B64 bWU9IjAuMDk1IiAvPjx0ZXN0Y2FzZSBjbGFzc25hbWU9InRlc3RzLnRlc3RfZGVwdGgxOF9tZWRpYV9kdXJhYmlsaXR5IiBuYW1lPSJ0ZXN0X2FkbWlzc2lvbl9yZWplY3RzX3RhbXBlcmVkX2RlZHVwX2ZpbGVfYW5kX2tlZXBzX3ByaW9yX3JlY29yZCIgdGltZT0iMC4wMTAiIC8+PHRlc3RjYXNlIGNsYXNzbmFtZT0idGVzdHMudGVzdF9kZXB0aDE4X21lZGlhX2R1cmFiaWxpdHkiIG5hbWU9InRlc3RfaW5kZXhfY29tbWl0X2ZhaWx1cmVfZG9lc19ub3RfcHVibGlzaF9vcl9lcmFzZV9leGlzdGluZ19yZWNvcmQiIHRpbWU9IjAu
2026-09-10T08:11:30.6027457Z GO_EVIDENCE_B64 MDEwIiAvPjx0ZXN0Y2FzZSBjbGFzc25hbWU9InRlc3RzLnRlc3RfZGVwdGgxOF9tZWRpYV9kdXJhYmlsaXR5IiBuYW1lPSJ0ZXN0X3B1YmxpY19yb3V0ZV9yZWNoZWNrc19yaWdodHNfYW5kX25ldmVyX3NlbmRzX2ltbXV0YWJsZV9jYWNoZSIgdGltZT0iMC4wNTAiIC8+PHRlc3RjYXNlIGNsYXNzbmFtZT0idGVzdHMudGVzdF9kZXB0aDE4X21lZGlhX2R1cmFiaWxpdHkiIG5hbWU9InRlc3RfYWRtaW5fcmlnaHRzX3JvdXRlX3JlcXVpcmVzX2N1cnJlbnRfYXNzZXRfcmV2aXNpb24iIHRpbWU9IjAuMDU0IiAvPjx0ZXN0Y2FzZSBj
2026-09-10T08:11:30.6034063Z GO_EVIDENCE_B64 bGFzc25hbWU9InRlc3RzLnRlc3RfZGVwdGgxOF9tZWRpYV9kdXJhYmlsaXR5IiBuYW1lPSJ0ZXN0X3ByaXZhdGVfaW50ZXJtZWRpYXRlX3JlZGlyZWN0X2lzX2Jsb2NrZWRfYmVmb3JlX25ldHdvcmtfcmVxdWVzdCIgdGltZT0iMC4wMDQiIC8+PHRlc3RjYXNlIGNsYXNzbmFtZT0idGVzdHMudGVzdF9kZXB0aDE4X21lZGlhX2R1cmFiaWxpdHkiIG5hbWU9InRlc3RfcmVkaXJlY3RfbG9vcF9pc19ib3VuZGVkX2FuZF9jcm9zc19vcmlnaW5fY3JlZGVudGlhbHNfYXJlX3JlbW92ZWQiIHRpbWU9IjAuMDA2IiAvPjx0ZXN0Y2FzZSBj
2026-09-10T08:11:30.6040847Z GO_EVIDENCE_B64 bGFzc25hbWU9InRlc3RzLnRlc3RfZGVwdGgxOF9tZWRpYV9kdXJhYmlsaXR5IiBuYW1lPSJ0ZXN0X3ByaXZhdGVfdGVzdF9vdmVycmlkZV9pc19kaXNhYmxlZF9pbl9kZXBsb3llZF9lbnZpcm9ubWVudHNbcHJvZHVjdGlvbl0iIHRpbWU9IjAuMDA0IiAvPjx0ZXN0Y2FzZSBjbGFzc25hbWU9InRlc3RzLnRlc3RfZGVwdGgxOF9tZWRpYV9kdXJhYmlsaXR5IiBuYW1lPSJ0ZXN0X3ByaXZhdGVfdGVzdF9vdmVycmlkZV9pc19kaXNhYmxlZF9pbl9kZXBsb3llZF9lbnZpcm9ubWVudHNbcHJvZF0iIHRpbWU9IjAuMDAzIiAvPjx0ZXN0
2026-09-10T08:11:30.6047599Z GO_EVIDENCE_B64 Y2FzZSBjbGFzc25hbWU9InRlc3RzLnRlc3RfZGVwdGgxOF9tZWRpYV9kdXJhYmlsaXR5IiBuYW1lPSJ0ZXN0X3ByaXZhdGVfdGVzdF9vdmVycmlkZV9pc19kaXNhYmxlZF9pbl9kZXBsb3llZF9lbnZpcm9ubWVudHNbc3RhZ2luZ10iIHRpbWU9IjAuMDAzIiAvPjx0ZXN0Y2FzZSBjbGFzc25hbWU9InRlc3RzLnRlc3RfZGVwdGgxOV90cmF2ZWxfZmFjdHMiIG5hbWU9InRlc3RfcmVhZF9pc19vd25lcl9zY29wZWRfYW5kX2RvZXNfbm90X2ludmVudF9vcl93cml0ZV9mYWN0IiB0aW1lPSIwLjEzNSIgLz48dGVzdGNhc2UgY2xhc3Nu
2026-09-10T08:11:30.6054406Z GO_EVIDENCE_B64 YW1lPSJ0ZXN0cy50ZXN0X2RlcHRoMTlfdHJhdmVsX2ZhY3RzIiBuYW1lPSJ0ZXN0X2ZvdXJfY2VsbHNfYW5kX29mZmljaWFsX2NvcnJlY3Rpb25fdXNlX3NvdXJjZV9vcmRlcl9ub3Rfc3RhdGVfcmFuayIgdGltZT0iMC4xNjEiIC8+PHRlc3RjYXNlIGNsYXNzbmFtZT0idGVzdHMudGVzdF9kZXB0aDE5X3RyYXZlbF9mYWN0cyIgbmFtZT0idGVzdF91bnNpZ25lZF9sZWdhY3lfc291cmNlX3N0cmluZ19pc19ub3RfYXV0aG9yaXR5IiB0aW1lPSIwLjEwOCIgLz48dGVzdGNhc2UgY2xhc3NuYW1lPSJ0ZXN0cy50ZXN0X2RlcHRoMTlf
2026-09-10T08:11:30.6060947Z GO_EVIDENCE_B64 dHJhdmVsX2ZhY3RzIiBuYW1lPSJ0ZXN0X3NpZ25hdHVyZV9iaW5kc19leGFjdF9ib2R5X2FuZF9ldmVudF9pZGVudGl0eSIgdGltZT0iMC4xNDMiIC8+PHRlc3RjYXNlIGNsYXNzbmFtZT0idGVzdHMudGVzdF9kZXB0aDE5X3RyYXZlbF9mYWN0cyIgbmFtZT0idGVzdF91bnRydXN0ZWRfbGlua3NfY2Fubm90X2JlY29tZV9vZmZpY2lhbFtqYXZhc2NyaXB0OmFsZXJ0KDEpXSIgdGltZT0iMC4xMjIiIC8+PHRlc3RjYXNlIGNsYXNzbmFtZT0idGVzdHMudGVzdF9kZXB0aDE5X3RyYXZlbF9mYWN0cyIgbmFtZT0idGVzdF91bnRydXN0
2026-09-10T08:11:30.6067613Z GO_EVIDENCE_B64 ZWRfbGlua3NfY2Fubm90X2JlY29tZV9vZmZpY2lhbFtodHRwOi8vYWlybGluZS5leGFtcGxlL3Bhc3NdIiB0aW1lPSIwLjEyMSIgLz48dGVzdGNhc2UgY2xhc3NuYW1lPSJ0ZXN0cy50ZXN0X2RlcHRoMTlfdHJhdmVsX2ZhY3RzIiBuYW1lPSJ0ZXN0X3VudHJ1c3RlZF9saW5rc19jYW5ub3RfYmVjb21lX29mZmljaWFsW2h0dHBzOi8vYWlybGluZS5leGFtcGxlLmV2aWwudGVzdC9wYXNzXSIgdGltZT0iMC4xMTkiIC8+PHRlc3RjYXNlIGNsYXNzbmFtZT0idGVzdHMudGVzdF9kZXB0aDE5X3RyYXZlbF9mYWN0cyIgbmFtZT0idGVz
2026-09-10T08:11:30.6074139Z GO_EVIDENCE_B64 dF91bnRydXN0ZWRfbGlua3NfY2Fubm90X2JlY29tZV9vZmZpY2lhbFtodHRwczovL3VzZXJAYWlybGluZS5leGFtcGxlL3Bhc3NdIiB0aW1lPSIwLjExOCIgLz48dGVzdGNhc2UgY2xhc3NuYW1lPSJ0ZXN0cy50ZXN0X2RlcHRoMTlfdHJhdmVsX2ZhY3RzIiBuYW1lPSJ0ZXN0X3VudHJ1c3RlZF9saW5rc19jYW5ub3RfYmVjb21lX29mZmljaWFsW2h0dHBzOi8vYWlybGluZS5leGFtcGxlOjgwODAvcGFzc10iIHRpbWU9IjAuMTE4IiAvPjx0ZXN0Y2FzZSBjbGFzc25hbWU9InRlc3RzLnRlc3RfZGVwdGgxOV90cmF2ZWxfZmFjdHMi
2026-09-10T08:11:30.6080799Z GO_EVIDENCE_B64 IG5hbWU9InRlc3RfdW50cnVzdGVkX2xpbmtzX2Nhbm5vdF9iZWNvbWVfb2ZmaWNpYWxbaHR0cHM6Ly9haXJsaW5lLmV4YW1wbGUvXG5wYXNzXSIgdGltZT0iMC4xMjEiIC8+PHRlc3RjYXNlIGNsYXNzbmFtZT0idGVzdHMudGVzdF9kZXB0aDE5X3RyYXZlbF9mYWN0cyIgbmFtZT0idGVzdF91bnRydXN0ZWRfbGlua3NfY2Fubm90X2JlY29tZV9vZmZpY2lhbFtodHRwczovL2V2aWwuZXhhbXBsZS9wYXNzXSIgdGltZT0iMC4xMzgiIC8+PHRlc3RjYXNlIGNsYXNzbmFtZT0idGVzdHMudGVzdF9kZXB0aDE5X3RyYXZlbF9mYWN0cyIg
2026-09-10T08:11:30.6087663Z GO_EVIDENCE_B64 bmFtZT0idGVzdF9pbmRlcGVuZGVudF9yZXZpZXdfcmV2aXNpb25fYW5kX3Jldm9jYXRpb25fcmVtb3ZlX3Bhc3Nfb25fcmVhZCIgdGltZT0iMC4xMjgiIC8+PHRlc3RjYXNlIGNsYXNzbmFtZT0idGVzdHMudGVzdF9kZXB0aDE5X3RyYXZlbF9mYWN0cyIgbmFtZT0idGVzdF9tYWtlcl9jYW5ub3RfYXBwcm92ZV9hbmRfcmVnaXN0ZXJlZF9rZXlfY2Fubm90X3NpbGVudGx5X2NoYW5nZSIgdGltZT0iMC4xMjkiIC8+PHRlc3RjYXNlIGNsYXNzbmFtZT0idGVzdHMudGVzdF9kZXB0aDE5X3RyYXZlbF9mYWN0cyIgbmFtZT0idGVzdF9j
2026-09-10T08:11:30.6094343Z GO_EVIDENCE_B64 aGFuZ2VkX29yZGVyX25ldmVyX3JldXNlc19wcmlvcl9wYXNzW3RpY2tldF0iIHRpbWU9IjAuMTI1IiAvPjx0ZXN0Y2FzZSBjbGFzc25hbWU9InRlc3RzLnRlc3RfZGVwdGgxOV90cmF2ZWxfZmFjdHMiIG5hbWU9InRlc3RfY2hhbmdlZF9vcmRlcl9uZXZlcl9yZXVzZXNfcHJpb3JfcGFzc1tpdGluZXJhcnldIiB0aW1lPSIwLjEyNiIgLz48dGVzdGNhc2UgY2xhc3NuYW1lPSJ0ZXN0cy50ZXN0X2RlcHRoMTlfdHJhdmVsX2ZhY3RzIiBuYW1lPSJ0ZXN0X2NoYW5nZWRfb3JkZXJfbmV2ZXJfcmV1c2VzX3ByaW9yX3Bhc3NbdHJhdmVs
2026-09-10T08:11:30.6100919Z GO_EVIDENCE_B64 ZXJdIiB0aW1lPSIwLjEyNCIgLz48dGVzdGNhc2UgY2xhc3NuYW1lPSJ0ZXN0cy50ZXN0X2RlcHRoMTlfdHJhdmVsX2ZhY3RzIiBuYW1lPSJ0ZXN0X2NoYW5nZWRfb3JkZXJfbmV2ZXJfcmV1c2VzX3ByaW9yX3Bhc3NbcmVmdW5kXSIgdGltZT0iMC4xMjUiIC8+PHRlc3RjYXNlIGNsYXNzbmFtZT0idGVzdHMudGVzdF9kZXB0aDE5X3RyYXZlbF9mYWN0cyIgbmFtZT0idGVzdF9mYWN0X3ZhbGlkaXR5X3dpbmRvd1tleHBpcmVkXSIgdGltZT0iMC4xMTkiIC8+PHRlc3RjYXNlIGNsYXNzbmFtZT0idGVzdHMudGVzdF9kZXB0aDE5X3Ry
2026-09-10T08:11:30.6107766Z GO_EVIDENCE_B64 YXZlbF9mYWN0cyIgbmFtZT0idGVzdF9mYWN0X3ZhbGlkaXR5X3dpbmRvd1tmdXR1cmVdIiB0aW1lPSIwLjExOCIgLz48dGVzdGNhc2UgY2xhc3NuYW1lPSJ0ZXN0cy50ZXN0X2RlcHRoMTlfdHJhdmVsX2ZhY3RzIiBuYW1lPSJ0ZXN0X2ZhY3RfdmFsaWRpdHlfd2luZG93W3Rvb19vbGRdIiB0aW1lPSIwLjExOSIgLz48dGVzdGNhc2UgY2xhc3NuYW1lPSJ0ZXN0cy50ZXN0X2RlcHRoMTlfdHJhdmVsX2ZhY3RzIiBuYW1lPSJ0ZXN0X2ZhY3RfdmFsaWRpdHlfd2luZG93W2JleW9uZF9hdXRob3JpdHldIiB0aW1lPSIwLjExOSIgLz48
2026-09-10T08:11:30.6114566Z GO_EVIDENCE_B64 dGVzdGNhc2UgY2xhc3NuYW1lPSJ0ZXN0cy50ZXN0X2RlcHRoMTlfdHJhdmVsX2ZhY3RzIiBuYW1lPSJ0ZXN0X25vX2ZhbGxiYWNrX3RvX29sZGVyX2ZhY3Rfd2hlbl9uZXdlc3RfaXNfZXhwaXJlZF9vcl9jb3JydXB0IiB0aW1lPSIwLjEzMiIgLz48dGVzdGNhc2UgY2xhc3NuYW1lPSJ0ZXN0cy50ZXN0X2RlcHRoMTlfdHJhdmVsX2ZhY3RzIiBuYW1lPSJ0ZXN0X3NlcXVlbmNlX2FuZF9wcm92aWRlcl9zd2l0Y2hfYXJlX2V4cGxpY2l0IiB0aW1lPSIwLjEzMiIgLz48dGVzdGNhc2UgY2xhc3NuYW1lPSJ0ZXN0cy50ZXN0X2RlcHRo
2026-09-10T08:11:30.6121146Z GO_EVIDENCE_B64 MTlfdHJhdmVsX2ZhY3RzIiBuYW1lPSJ0ZXN0X2NhcnJpZXJfc2NvcGVfYW5kX3Byb2R1Y3Rpb25fZ2F0ZSIgdGltZT0iMC4xMTkiIC8+PHRlc3RjYXNlIGNsYXNzbmFtZT0idGVzdHMudGVzdF9kZXB0aDIwX2FwaV9mdWxmaWxsbWVudCIgbmFtZT0idGVzdF9yYWlsX3N1cHBsaWVyX2Nhbm5vdF90aWNrZXRfd3JvbmdfY291bnRfb3JfaW52YWxpZF9pZGVudGl0aWVzW3RpY2tldHMwXSIgdGltZT0iMC41MTAiIC8+PHRlc3RjYXNlIGNsYXNzbmFtZT0idGVzdHMudGVzdF9kZXB0aDIwX2FwaV9mdWxmaWxsbWVudCIgbmFtZT0idGVz
2026-09-10T08:11:30.6127863Z GO_EVIDENCE_B64 dF9yYWlsX3N1cHBsaWVyX2Nhbm5vdF90aWNrZXRfd3JvbmdfY291bnRfb3JfaW52YWxpZF9pZGVudGl0aWVzW3RpY2tldHMxXSIgdGltZT0iMC40OTgiIC8+PHRlc3RjYXNlIGNsYXNzbmFtZT0idGVzdHMudGVzdF9kZXB0aDIwX2FwaV9mdWxmaWxsbWVudCIgbmFtZT0idGVzdF9yYWlsX3N1cHBsaWVyX2Nhbm5vdF90aWNrZXRfd3JvbmdfY291bnRfb3JfaW52YWxpZF9pZGVudGl0aWVzW3RpY2tldHMyXSIgdGltZT0iMS4wODAiIC8+PHRlc3RjYXNlIGNsYXNzbmFtZT0idGVzdHMudGVzdF9kZXB0aDIwX2FwaV9mdWxmaWxsbWVu
2026-09-10T08:11:30.6134533Z GO_EVIDENCE_B64 dCIgbmFtZT0idGVzdF9yYWlsX3N1cHBsaWVyX2Nhbm5vdF90aWNrZXRfd3JvbmdfY291bnRfb3JfaW52YWxpZF9pZGVudGl0aWVzW3RpY2tldHMzXSIgdGltZT0iMC40ODkiIC8+PHRlc3RjYXNlIGNsYXNzbmFtZT0idGVzdHMudGVzdF9kZXB0aDIwX2FwaV9mdWxmaWxsbWVudCIgbmFtZT0idGVzdF9yYWlsX3N1cHBsaWVyX2Nhbm5vdF90aWNrZXRfd3JvbmdfY291bnRfb3JfaW52YWxpZF9pZGVudGl0aWVzW3RpY2tldHM0XSIgdGltZT0iMC40OTEiIC8+PHRlc3RjYXNlIGNsYXNzbmFtZT0idGVzdHMudGVzdF9kZXB0aDIwX2Fw
2026-09-10T08:11:30.6141153Z GO_EVIDENCE_B64 aV9mdWxmaWxsbWVudCIgbmFtZT0idGVzdF9jb25maXJtZWRfcmFpbF90aWNrZXRzX3JlcGxheV9leGFjdGx5X2FuZF9jYW5ub3RfYmVfcmVwbGFjZWQiIHRpbWU9IjAuNDk5IiAvPjx0ZXN0Y2FzZSBjbGFzc25hbWU9InRlc3RzLnRlc3RfZGVwdGgyMF9hcGlfZnVsZmlsbG1lbnQiIG5hbWU9InRlc3RfbXVsdGlfcGVyc29uX2NoYW5nZV9yZWZ1bmRfcmV0dXJuc190b19vcmlnaW5hbF9hbmRfYWRqdXN0bWVudF9jYXB0dXJlcyIgdGltZT0iMC42MjAiIC8+PHRlc3RjYXNlIGNsYXNzbmFtZT0idGVzdHMudGVzdF9kZXB0aDIwX2Fw
2026-09-10T08:11:30.6148028Z GO_EVIDENCE_B64 aV9mdWxmaWxsbWVudCIgbmFtZT0idGVzdF9idXNpbmVzc19jbGFzc19jaGFuZ2VfdXNlc19xdW90ZWRfemVyb19mZWUiIHRpbWU9IjAuNTM2IiAvPjx0ZXN0Y2FzZSBjbGFzc25hbWU9InRlc3RzLnRlc3RfZGVwdGgyMF9hcGlfZnVsZmlsbG1lbnQiIG5hbWU9InRlc3Rfd3JvbmdfcmVpc3N1ZWRfcGFydHlfY2Fubm90X2NhcHR1cmVfYWRqdXN0bWVudCIgdGltZT0iMC42MDMiIC8+PHRlc3RjYXNlIGNsYXNzbmFtZT0idGVzdHMudGVzdF9kZXB0aDIwX2FwaV9mdWxmaWxsbWVudCIgbmFtZT0idGVzdF9taXNzaW5nX2NvbmZpcm1l
2026-09-10T08:11:30.6154721Z GO_EVIDENCE_B64 ZF9hZGp1c3RtZW50X2Nhbm5vdF9tYXJrX2NoYW5nZV9leGVjdXRlZCIgdGltZT0iMC41NTIiIC8+PHRlc3RjYXNlIGNsYXNzbmFtZT0idGVzdHMudGVzdF9kZXB0aDIwX2FwaV9mdWxmaWxsbWVudCIgbmFtZT0idGVzdF9zaWduZWRfaW5fcHJlYm9va19jYW5ub3RfYmVfY2xhaW1lZF9ieV9hbm90aGVyX2NvbnN1bWVyIiB0aW1lPSIwLjczMiIgLz48dGVzdGNhc2UgY2xhc3NuYW1lPSJ0ZXN0cy50ZXN0X2RlcHRoMjBfYXBpX2Z1bGZpbGxtZW50IiBuYW1lPSJ0ZXN0X3JhaWxfaHR0cF9yZWplY3RzX2FtYmlndW91c19vcl91bnN1
2026-09-10T08:11:30.6161276Z GO_EVIDENCE_B64 cHBvcnRlZF9xdWFudGl0aWVzW1RydWVdIiB0aW1lPSIwLjE4MyIgLz48dGVzdGNhc2UgY2xhc3NuYW1lPSJ0ZXN0cy50ZXN0X2RlcHRoMjBfYXBpX2Z1bGZpbGxtZW50IiBuYW1lPSJ0ZXN0X3JhaWxfaHR0cF9yZWplY3RzX2FtYmlndW91c19vcl91bnN1cHBvcnRlZF9xdWFudGl0aWVzWzEuMl0iIHRpbWU9IjAuMTg2IiAvPjx0ZXN0Y2FzZSBjbGFzc25hbWU9InRlc3RzLnRlc3RfZGVwdGgyMF9hcGlfZnVsZmlsbG1lbnQiIG5hbWU9InRlc3RfcmFpbF9odHRwX3JlamVjdHNfYW1iaWd1b3VzX29yX3Vuc3VwcG9ydGVkX3F1YW50
2026-09-10T08:11:30.6167973Z GO_EVIDENCE_B64 aXRpZXNbMl0iIHRpbWU9IjAuMTg0IiAvPjx0ZXN0Y2FzZSBjbGFzc25hbWU9InRlc3RzLnRlc3RfZGVwdGgyMF9hcGlfZnVsZmlsbG1lbnQiIG5hbWU9InRlc3RfcmFpbF9odHRwX3JlamVjdHNfYW1iaWd1b3VzX29yX3Vuc3VwcG9ydGVkX3F1YW50aXRpZXNbMF0iIHRpbWU9IjAuMTgyIiAvPjx0ZXN0Y2FzZSBjbGFzc25hbWU9InRlc3RzLnRlc3RfZGVwdGgyMF9hcGlfZnVsZmlsbG1lbnQiIG5hbWU9InRlc3RfcmFpbF9odHRwX3JlamVjdHNfYW1iaWd1b3VzX29yX3Vuc3VwcG9ydGVkX3F1YW50aXRpZXNbMTBdIiB0aW1lPSIw
2026-09-10T08:11:30.6174793Z GO_EVIDENCE_B64 LjE3OSIgLz48dGVzdGNhc2UgY2xhc3NuYW1lPSJ0ZXN0cy50ZXN0X2RlcHRoMjBfYXBpX2Z1bGZpbGxtZW50IiBuYW1lPSJ0ZXN0X2ludmFsaWRfYXV0aGVudGljYXRpb25fbmV2ZXJfZmFsbHNfYmFja190b19hbm9ueW1vdXNfcXVvdGUiIHRpbWU9IjAuMTc1IiAvPjx0ZXN0Y2FzZSBjbGFzc25hbWU9InRlc3RzLnRlc3RfZGVwdGgyMF9hcGlfZnVsZmlsbG1lbnQiIG5hbWU9InRlc3RfY2hhbmdlZF92YXVsdF9pZGVudGl0eV93aXRoX3NhbWVfbmFtZV9jYW5ub3RfcmV1c2VfcHJlYm9vayIgdGltZT0iMC4xMzgiIC8+PHRlc3Rj
2026-09-10T08:11:30.6181371Z GO_EVIDENCE_B64 YXNlIGNsYXNzbmFtZT0idGVzdHMudGVzdF9kZXB0aDIwX2FwaV9mdWxmaWxsbWVudCIgbmFtZT0idGVzdF9taWdyYXRpb25fcm91bmR0cmlwX3ByZXNlcnZlc19oaXN0b3J5X2FuZF9yZWZ1c2VzX3ByZWJvb2tfZXZpZGVuY2VfbG9zcyIgdGltZT0iMC44NDkiIC8+PHRlc3RjYXNlIGNsYXNzbmFtZT0idGVzdHMudGVzdF9kZXB0aDI3X3Nlc3Npb25faXNvbGF0aW9uIiBuYW1lPSJ0ZXN0X2NvbnN1bWVyX2FuZF9jb25zb2xlX2Nhbl9jb2V4aXN0X2FuZF9sb2dvdXRfaW5kZXBlbmRlbnRseVtzdXBwbGllcl9vd25lci1jaGFuZ2Ut
2026-09-10T08:11:30.6188027Z GO_EVIDENCE_B64 bWUtc3VwcGxpZXJdIiB0aW1lPSIwLjQ0NyIgLz48dGVzdGNhc2UgY2xhc3NuYW1lPSJ0ZXN0cy50ZXN0X2RlcHRoMjdfc2Vzc2lvbl9pc29sYXRpb24iIG5hbWU9InRlc3RfY29uc3VtZXJfYW5kX2NvbnNvbGVfY2FuX2NvZXhpc3RfYW5kX2xvZ291dF9pbmRlcGVuZGVudGx5W2dvX2FkbWluLWNoYW5nZS1tZS1hZG1pbl0iIHRpbWU9IjAuNDIyIiAvPjx0ZXN0Y2FzZSBjbGFzc25hbWU9InRlc3RzLnRlc3RfZGVwdGgyN19zZXNzaW9uX2lzb2xhdGlvbiIgbmFtZT0idGVzdF9jb25zb2xlX2xvZ291dF9kb2VzX25vdF9mYWxsX2Jh
2026-09-10T08:11:30.6194572Z GO_EVIDENCE_B64 Y2tfdG9fY29uc3VtZXJfc2Vzc2lvbiIgdGltZT0iMC40MzQiIC8+PHRlc3RjYXNlIGNsYXNzbmFtZT0idGVzdHMudGVzdF9kZXB0aDI3X3Nlc3Npb25faXNvbGF0aW9uIiBuYW1lPSJ0ZXN0X2NvbnN1bWVyX3JlZnJlc2hfdXNlc19vd25fY3NyZl93aXRoX2NvbnNvbGVfY29va2llX3ByZXNlbnQiIHRpbWU9IjAuNDA1IiAvPjx0ZXN0Y2FzZSBjbGFzc25hbWU9InRlc3RzLnRlc3RfZGVwdGgyN19zZXNzaW9uX2lzb2xhdGlvbiIgbmFtZT0idGVzdF9vdGhlcl9zY29wZV9jc3JmX2Nhbm5vdF9sb2dvdXRfY29uc3VtZXIiIHRpbWU9
2026-09-10T08:11:30.6201105Z GO_EVIDENCE_B64 IjAuNDMyIiAvPjx0ZXN0Y2FzZSBjbGFzc25hbWU9InRlc3RzLnRlc3RfZGVwdGgyN19zZXNzaW9uX2lzb2xhdGlvbiIgbmFtZT0idGVzdF9zaGFyZWRfZW5kcG9pbnRfdXNlc19leHBsaWNpdF9zY29wZV9hbmRfcmVqZWN0c19hbWJpZ3VpdHkiIHRpbWU9IjAuNDExIiAvPjx0ZXN0Y2FzZSBjbGFzc25hbWU9InRlc3RzLnRlc3RfZGVwdGgyN19zZXNzaW9uX2lzb2xhdGlvbiIgbmFtZT0idGVzdF9oZWFkZXJfY2Fubm90X2NoYW5nZV9maXhlZF9yb3V0ZV9zY29wZV9vcl9ncmFudF9wZXJtaXNzaW9ucyIgdGltZT0iMC40MTgiIC8+
2026-09-10T08:11:30.6207877Z GO_EVIDENCE_B64 PHRlc3RjYXNlIGNsYXNzbmFtZT0idGVzdHMudGVzdF9kZXB0aDI3X3Nlc3Npb25faXNvbGF0aW9uIiBuYW1lPSJ0ZXN0X2V4cGlyZWRfY29uc29sZV9hY2Nlc3NfZG9lc19ub3Rfc2hhZG93X2NvbnN1bWVyIiB0aW1lPSIwLjQ0MSIgLz48dGVzdGNhc2UgY2xhc3NuYW1lPSJ0ZXN0cy50ZXN0X2RlcHRoMjdfc2Vzc2lvbl9pc29sYXRpb24iIG5hbWU9InRlc3RfYmVhcmVyX2lkZW50aXR5X3N0YXlzX2F1dGhvcml0YXRpdmUiIHRpbWU9IjAuNDA0IiAvPjx0ZXN0Y2FzZSBjbGFzc25hbWU9InRlc3RzLnRlc3RfZGVwdGgyN19zZXNz
2026-09-10T08:11:30.6214368Z GO_EVIDENCE_B64 aW9uX2lzb2xhdGlvbiIgbmFtZT0idGVzdF93cm9uZ19jb25zb2xlX2xvZ2luX2RvZXNfbm90X3JlcGxhY2VfZXhpc3Rpbmdfc2Vzc2lvbiIgdGltZT0iMC40ODIiIC8+PHRlc3RjYXNlIGNsYXNzbmFtZT0idGVzdHMudGVzdF9kZXB0aDI3X3Nlc3Npb25faXNvbGF0aW9uIiBuYW1lPSJ0ZXN0X290aGVyX2NvbnNvbGVfdGFiX2lkZW50aXR5X2NoYW5nZV9pc19kZXRlY3RlZF9iZWZvcmVfYWN0aW9uIiB0aW1lPSIwLjQ4NyIgLz48dGVzdGNhc2UgY2xhc3NuYW1lPSJ0ZXN0cy50ZXN0X2RlcHRoMzBfbmF0aXZlX2FwaV9jb250cmFj
2026-09-10T08:11:30.6220865Z GO_EVIDENCE_B64 dCIgbmFtZT0idGVzdF9uYXRpdmVfc2l4X3ZlcnRpY2FsX2NyZWF0aW9uX3BheW1lbnRfYW5kX3JlZnVuZF9jb250cmFjdHMiIHRpbWU9IjYuMTAyIiAvPjx0ZXN0Y2FzZSBjbGFzc25hbWU9InRlc3RzLnRlc3RfZGVwdGgzMl9mbGlnaHRfcmVmdW5kX2NvbnNlbnQiIG5hbWU9InRlc3RfZmxpZ2h0X3JlZnVuZF9jb25zZW50X2FuZF9yZXBsYXlfaGF2ZV9vbmVfbW9uZXlfaWRlbnRpdHkiIHRpbWU9IjAuMTk5IiAvPjx0ZXN0Y2FzZSBjbGFzc25hbWU9InRlc3RzLnRlc3RfZGVwdGgzMl9mbGlnaHRfcmVmdW5kX2NvbnNlbnQiIG5h
2026-09-10T08:11:30.6227486Z GO_EVIDENCE_B64 bWU9InRlc3RfY2hhbmdlZF9vcmRlcl9pbnZhbGlkYXRlc19vbGRfZmxpZ2h0X3JlZnVuZF9xdW90ZVthbW91bnRdIiB0aW1lPSIwLjE2MSIgLz48dGVzdGNhc2UgY2xhc3NuYW1lPSJ0ZXN0cy50ZXN0X2RlcHRoMzJfZmxpZ2h0X3JlZnVuZF9jb25zZW50IiBuYW1lPSJ0ZXN0X2NoYW5nZWRfb3JkZXJfaW52YWxpZGF0ZXNfb2xkX2ZsaWdodF9yZWZ1bmRfcXVvdGVbcmV2aXNpb25dIiB0aW1lPSIwLjE1NSIgLz48dGVzdGNhc2UgY2xhc3NuYW1lPSJ0ZXN0cy50ZXN0X2RlcHRoMzJfZmxpZ2h0X3JlZnVuZF9jb25zZW50IiBuYW1l
2026-09-10T08:11:30.6234085Z GO_EVIDENCE_B64 PSJ0ZXN0X2ZsaWdodF90aW1lb3V0X2tlZXBzX2Zyb3plbl9jb25zZW50X2FuZF9yZXN1bWVzX29yaWdpbmFsX21vbmV5X2tleSIgdGltZT0iMC4xNzkiIC8+PHRlc3RjYXNlIGNsYXNzbmFtZT0idGVzdHMudGVzdF9kZXB0aDMyX2ZsaWdodF9yZWZ1bmRfY29uc2VudCIgbmFtZT0idGVzdF9tdXRhdGVkX2NvbnNlbnRfcmVjb3JkX2Jsb2Nrc19yZWNvdmVyeSIgdGltZT0iMC4xNjMiIC8+PHRlc3RjYXNlIGNsYXNzbmFtZT0idGVzdHMudGVzdF9kZXB0aDMyX2ZsaWdodF9yZWZ1bmRfY29uc2VudCIgbmFtZT0idGVzdF9oaXN0b3Jp
2026-09-10T08:11:30.6240701Z GO_EVIDENCE_B64 Y2FsX3BlbmRpbmdfcmVmdW5kX2RvZXNfbm90X2ludmVudF9jb25zZW50IiB0aW1lPSIwLjE2OCIgLz48dGVzdGNhc2UgY2xhc3NuYW1lPSJ0ZXN0cy50ZXN0X2V4dGVybmFsX3N1cHBsaWVyX3NhbmRib3hfY2VydGlmaWNhdGlvbiIgbmFtZT0idGVzdF9taXNzaW5nX2V4dGVybmFsX2lucHV0c19hcmVfZXhwbGljaXRfYmxvY2tlcnMiIHRpbWU9IjAuMTI1IiAvPjx0ZXN0Y2FzZSBjbGFzc25hbWU9InRlc3RzLnRlc3RfZXh0ZXJuYWxfc3VwcGxpZXJfc2FuZGJveF9jZXJ0aWZpY2F0aW9uIiBuYW1lPSJ0ZXN0X3Jhd19jcmVkZW50
2026-09-10T08:11:30.6247310Z GO_EVIDENCE_B64 aWFsc19hcmVfcmVqZWN0ZWRfYW5kX29ubHlfdmF1bHRfcmVmZXJlbmNlc19hbGxvd2VkIiB0aW1lPSIwLjExOCIgLz48dGVzdGNhc2UgY2xhc3NuYW1lPSJ0ZXN0cy50ZXN0X2V4dGVybmFsX3N1cHBsaWVyX3NhbmRib3hfY2VydGlmaWNhdGlvbiIgbmFtZT0idGVzdF9jb21wbGV0ZV9pbnRha2VfcmVxdWlyZXNfYm90aF9jcmVkZW50aWFsX2FjY2Vzc190ZXN0cyIgdGltZT0iMC4xMjkiIC8+PHRlc3RjYXNlIGNsYXNzbmFtZT0idGVzdHMudGVzdF9leHRlcm5hbF9zdXBwbGllcl9zYW5kYm94X2NlcnRpZmljYXRpb24iIG5hbWU9
2026-09-10T08:11:30.6253877Z GO_EVIDENCE_B64 InRlc3RfZnJhbWV3b3JrX2RyeV9ydW5faXNfaWRlbXBvdGVudF9hbmRfbm90X2V4dGVybmFsX2V4ZWN1dGlvbiIgdGltZT0iMC4xMzMiIC8+PHRlc3RjYXNlIGNsYXNzbmFtZT0idGVzdHMudGVzdF9leHRlcm5hbF9zdXBwbGllcl9zYW5kYm94X2NlcnRpZmljYXRpb24iIG5hbWU9InRlc3RfZXh0ZXJuYWxfZXhlY3V0aW9uX2lzX2Jsb2NrZWRfd2l0aG91dF9wcm92aWRlcl9leGVjdXRvciIgdGltZT0iMC4xMjQiIC8+PHRlc3RjYXNlIGNsYXNzbmFtZT0idGVzdHMudGVzdF9leHRlcm5hbF9zdXBwbGllcl9zYW5kYm94X2NlcnRp
2026-09-10T08:11:30.6260501Z GO_EVIDENCE_B64 ZmljYXRpb24iIG5hbWU9InRlc3RfZHJ5X3J1bl9jYW5ub3RfaW1wb3J0X2F0dGVzdGVkX2V4dGVybmFsX2V2aWRlbmNlIiB0aW1lPSIwLjEzMCIgLz48dGVzdGNhc2UgY2xhc3NuYW1lPSJ0ZXN0cy50ZXN0X2V4dGVybmFsX3N1cHBsaWVyX3NhbmRib3hfY2VydGlmaWNhdGlvbiIgbmFtZT0idGVzdF9jYWxsYmFja19wcm9vZl9pc19zaWduYXR1cmVfZ2F0ZWRfYW5kX3JlcGxheV9zYWZlIiB0aW1lPSIwLjEzMiIgLz48dGVzdGNhc2UgY2xhc3NuYW1lPSJ0ZXN0cy50ZXN0X2V4dGVybmFsX3N1cHBsaWVyX3NhbmRib3hfY2VydGlm
2026-09-10T08:11:30.6267549Z GO_EVIDENCE_B64 aWNhdGlvbiIgbmFtZT0idGVzdF9kcnlfcnVuX2RlY2lzaW9uX25ldmVyX2NsYWltc19leHRlcm5hbF9jZXJ0aWZpY2F0aW9uX29yX2xpdmUiIHRpbWU9IjAuMTM0IiAvPjx0ZXN0Y2FzZSBjbGFzc25hbWU9InRlc3RzLnRlc3RfZmluYWxfZGVwdGhfdGVybWluYWxfaGFyZGVuaW5nIiBuYW1lPSJ0ZXN0X2ZsaWdodF9vbGRfcXVvdGVfY2Fubm90X2V4ZWN1dGVfYWZ0ZXJfcmVmdW5kIiB0aW1lPSIwLjYxNSIgLz48dGVzdGNhc2UgY2xhc3NuYW1lPSJ0ZXN0cy50ZXN0X2ZpbmFsX2RlcHRoX3Rlcm1pbmFsX2hhcmRlbmluZyIgbmFt
2026-09-10T08:11:30.6274130Z GO_EVIDENCE_B64 ZT0idGVzdF9hdHRyYWN0aW9uX2V4cGlyZWRfcXVvdGVfZmFpbHNfY2xvc2VkIiB0aW1lPSIwLjcyMyIgLz48dGVzdGNhc2UgY2xhc3NuYW1lPSJ0ZXN0cy50ZXN0X2ZpbmFsX2RlcHRoX3Rlcm1pbmFsX2hhcmRlbmluZyIgbmFtZT0idGVzdF9yaWRlX3Vua25vd25fZnJvbV9pbl9wcm9ncmVzc19yZXN0b3Jlc19pbl9wcm9ncmVzcyIgdGltZT0iMC43MDciIC8+PHRlc3RjYXNlIGNsYXNzbmFtZT0idGVzdHMudGVzdF9maW5hbF9kZXB0aF90ZXJtaW5hbF9oYXJkZW5pbmciIG5hbWU9InRlc3RfbGF0ZV9zdXBwbGllcl9mYWN0X2Nh
2026-09-10T08:11:30.6280781Z GO_EVIDENCE_B64 bm5vdF9yZXN1cnJlY3RfY29tcGxldGVkX3JpZGUiIHRpbWU9IjAuNjk4IiAvPjx0ZXN0Y2FzZSBjbGFzc25hbWU9InRlc3RzLnRlc3RfZmluYWxfZGVwdGhfdGVybWluYWxfaGFyZGVuaW5nIiBuYW1lPSJ0ZXN0X3JpZGVfdW5rbm93bl9jYW5fY29udmVyZ2VfdG9fZmFpbGVkIiB0aW1lPSIwLjY4NCIgLz48dGVzdGNhc2UgY2xhc3NuYW1lPSJ0ZXN0cy50ZXN0X2ZpbmFsX2RlcHRoX3Rlcm1pbmFsX2hhcmRlbmluZyIgbmFtZT0idGVzdF9hdHRyYWN0aW9uX3JlZGVlbV9ldmlkZW5jZV9rZWVwc19jb25zdW1lZF9jcmVkZW50aWFs
2026-09-10T08:11:30.6287447Z GO_EVIDENCE_B64 IiB0aW1lPSIwLjcwNSIgLz48dGVzdGNhc2UgY2xhc3NuYW1lPSJ0ZXN0cy50ZXN0X2ZpbmFsX2RlcHRoX3Rlcm1pbmFsX2hhcmRlbmluZyIgbmFtZT0idGVzdF9zYW1lX3N1cHBsaWVyX2ZhY3RfcmVwbGF5X2RvZXNfbm90X2FwcGVuZF9ldmVudHMiIHRpbWU9IjAuNjczIiAvPjx0ZXN0Y2FzZSBjbGFzc25hbWU9InRlc3RzLnRlc3RfZmlyc3RfcGFpcmVkX2Nvbm5lY3Rvcl9waWxvdCIgbmFtZT0idGVzdF9yZWFsX2V4dGVybmFsX3BpbG90X2lzX2hhcmRfYmxvY2tlZF93aXRob3V0X3N1cHBsaWVyX2lucHV0cyIgdGltZT0iMC4x
2026-09-10T08:11:30.6294164Z GO_EVIDENCE_B64 MTAiIC8+PHRlc3RjYXNlIGNsYXNzbmFtZT0idGVzdHMudGVzdF9maXJzdF9wYWlyZWRfY29ubmVjdG9yX3BpbG90IiBuYW1lPSJ0ZXN0X3BhaXJfcmVxdWlyZXNfaG90ZWxfYW5kX3BheW1lbnRfdmVydGljYWxzIiB0aW1lPSIwLjExMSIgLz48dGVzdGNhc2UgY2xhc3NuYW1lPSJ0ZXN0cy50ZXN0X2ZpcnN0X3BhaXJlZF9jb25uZWN0b3JfcGlsb3QiIG5hbWU9InRlc3RfZXhlY3V0aW9uX3JlcXVpcmVzX3Ntb2tlX2FuZF9yb2xsYmFja19nYXRlIiB0aW1lPSIwLjEyMSIgLz48dGVzdGNhc2UgY2xhc3NuYW1lPSJ0ZXN0cy50ZXN0
2026-09-10T08:11:30.6300822Z GO_EVIDENCE_B64 X2ZpcnN0X3BhaXJlZF9jb25uZWN0b3JfcGlsb3QiIG5hbWU9InRlc3RfZnVsbF9zYW5kYm94X29yZGVyX2NhbmNlbF9yZWZ1bmRfcXVlcnlfZmxvd19hbmRfam9pbnRfcmVjb25jaWxpYXRpb24iIHRpbWU9IjAuMTQ0IiAvPjx0ZXN0Y2FzZSBjbGFzc25hbWU9InRlc3RzLnRlc3RfZmlyc3RfcGFpcmVkX2Nvbm5lY3Rvcl9waWxvdCIgbmFtZT0idGVzdF9leGVjdXRpb25faWRlbXBvdGVuY3lfYW5kX2NhbmFyeV9saW1pdF9wcmV2ZW50X2R1cGxpY2F0ZV9vcl9leHRyYV9ydW4iIHRpbWU9IjAuMTMwIiAvPjx0ZXN0Y2FzZSBjbGFz
2026-09-10T08:11:30.6307445Z GO_EVIDENCE_B64 c25hbWU9InRlc3RzLnRlc3RfZmlyc3RfcGFpcmVkX2Nvbm5lY3Rvcl9waWxvdCIgbmFtZT0idGVzdF9raWxsX3N3aXRjaF9ibG9ja3NfcGlsb3RfZXhlY3V0aW9uIiB0aW1lPSIwLjEyMCIgLz48dGVzdGNhc2UgY2xhc3NuYW1lPSJ0ZXN0cy50ZXN0X2ZpcnN0X3BhaXJlZF9jb25uZWN0b3JfcGlsb3QiIG5hbWU9InRlc3Rfc2lnbmVkX2NhbGxiYWNrc19hcmVfcmVwbGF5X3NhZmVfYW5kX2V2aWRlbmNlX2NoYWluX2lzX2xpbmtlZCIgdGltZT0iMC4xMzQiIC8+PHRlc3RjYXNlIGNsYXNzbmFtZT0idGVzdHMudGVzdF9nb19pZGVu
2026-09-10T08:11:30.6313982Z GO_EVIDENCE_B64 dGl0eV9lbnRpdGxlbWVudHMiIG5hbWU9InRlc3Rfc3RhZmZfcnVsZV9lbmdpbmVfdW5pZm9ybV9zaXh0eV9wZXJjZW50X2FuZF9mZl93ZWFrZXIiIHRpbWU9IjAuMTMzIiAvPjx0ZXN0Y2FzZSBjbGFzc25hbWU9InRlc3RzLnRlc3RfZ29faWRlbnRpdHlfZW50aXRsZW1lbnRzIiBuYW1lPSJ0ZXN0X293bmVyX3BhdGhzX2FyZV9tdXR1YWxseV9leGNsdXNpdmVfYW5kX3JlY29nbml0aW9uX3JlbWFpbnMiIHRpbWU9IjAuMTIzIiAvPjx0ZXN0Y2FzZSBjbGFzc25hbWU9InRlc3RzLnRlc3RfZ29faWRlbnRpdHlfZW50aXRsZW1lbnRz
2026-09-10T08:11:30.6320570Z GO_EVIDENCE_B64 IiBuYW1lPSJ0ZXN0X3N0YWZmX3Jldm9jYXRpb25fcHJlc2VydmVzX2FjY291bnRfYnV0X3JlbW92ZXNfZW50aXRsZW1lbnQiIHRpbWU9IjAuMTIxIiAvPjx0ZXN0Y2FzZSBjbGFzc25hbWU9InRlc3RzLnRlc3RfZ29faWRlbnRpdHlfZW50aXRsZW1lbnRzIiBuYW1lPSJ0ZXN0X3Jpc2tfcmV2YWxpZGF0aW9uX2FuZF9pbnZpdGF0aW9uX2NvbnN1bXB0aW9uX3J1bGVzIiB0aW1lPSIwLjEzMiIgLz48dGVzdGNhc2UgY2xhc3NuYW1lPSJ0ZXN0cy50ZXN0X2hvc3RlZF9mcm9udGRlc2tfdWF0X2RhaWx5X2Nsb3NlIiBuYW1lPSJ0ZXN0
2026-09-10T08:11:30.6327321Z GO_EVIDENCE_B64 X2hvdGVsX3N0YWZmX3JvbGVzX2FyZV9yZXF1aXJlZF9hbmRfZXZpZGVuY2VfYm91bmQiIHRpbWU9IjAuMTk2IiAvPjx0ZXN0Y2FzZSBjbGFzc25hbWU9InRlc3RzLnRlc3RfaG9zdGVkX2Zyb250ZGVza191YXRfZGFpbHlfY2xvc2UiIG5hbWU9InRlc3Rfc2hpZnRfaGFuZG92ZXJfY2FwdHVyZXNfdW5yZXNvbHZlZF9pbmJveCIgdGltZT0iMC4xOTgiIC8+PHRlc3RjYXNlIGNsYXNzbmFtZT0idGVzdHMudGVzdF9ob3N0ZWRfZnJvbnRkZXNrX3VhdF9kYWlseV9jbG9zZSIgbmFtZT0idGVzdF9ndWVzdF9kYXRhX2lzX21hc2tlZF9h
2026-09-10T08:11:30.6333942Z GO_EVIDENCE_B64 bmRfdW5tYXNrX2lzX21hbmFnZXJfYXVkaXRlZCIgdGltZT0iMC4yMTkiIC8+PHRlc3RjYXNlIGNsYXNzbmFtZT0idGVzdHMudGVzdF9ob3N0ZWRfZnJvbnRkZXNrX3VhdF9kYWlseV9jbG9zZSIgbmFtZT0idGVzdF9waG9uZV9kdXBsaWNhdGVfcmVxdWlyZXNfcmV2aWV3X2V2aWRlbmNlX2FuZF91bmlmaWVzX29yZGVyIiB0aW1lPSIwLjIyOSIgLz48dGVzdGNhc2UgY2xhc3NuYW1lPSJ0ZXN0cy50ZXN0X2hvc3RlZF9mcm9udGRlc2tfdWF0X2RhaWx5X2Nsb3NlIiBuYW1lPSJ0ZXN0X3JlamVjdF9jYW5jZWxfcmVzY2hlZHVsZV9y
2026-09-10T08:11:30.6340764Z GO_EVIDENCE_B64 ZXF1aXJlX21hbmFnZXJfbWFrZXJfY2hlY2tlciIgdGltZT0iMC4yMDkiIC8+PHRlc3RjYXNlIGNsYXNzbmFtZT0idGVzdHMudGVzdF9ob3N0ZWRfZnJvbnRkZXNrX3VhdF9kYWlseV9jbG9zZSIgbmFtZT0idGVzdF9zbGFfbWFuYWdlcl9hbGVydF9hbmRfcHJpbnRhYmxlX2Fycml2YWxfdm91Y2hlciIgdGltZT0iMC4yMTMiIC8+PHRlc3RjYXNlIGNsYXNzbmFtZT0idGVzdHMudGVzdF9ob3N0ZWRfZnJvbnRkZXNrX3VhdF9kYWlseV9jbG9zZSIgbmFtZT0idGVzdF9kYWlseV9jbG9zZV9pc19pZGVtcG90ZW50X2FuZF9jb250YWlu
2026-09-10T08:11:30.6347458Z GO_EVIDENCE_B64 c196ZXJvX3BheW1lbnRfdHJ1dGgiIHRpbWU9IjAuMjAyIiAvPjx0ZXN0Y2FzZSBjbGFzc25hbWU9InRlc3RzLnRlc3RfaG9zdGVkX2Zyb250ZGVza191YXRfZGFpbHlfY2xvc2UiIG5hbWU9InRlc3RfdWF0X3JlcXVpcmVzX21hbmFnZXJfZXZpZGVuY2VfYW5kX2FsbF9zY2VuYXJpb3MiIHRpbWU9IjAuMjAyIiAvPjx0ZXN0Y2FzZSBjbGFzc25hbWU9InRlc3RzLnRlc3RfaG90ZWxfZGlzY292ZXJ5X29yY2hlc3RyYXRvciIgbmFtZT0idGVzdF9kaXNjb3Zlcnlfc2xpY2UxX2NvbnRyYWN0X2lzX3ByZXNlbnRfYW5kX2JvdW5kZWQi
2026-09-10T08:11:30.6354053Z GO_EVIDENCE_B64 IHRpbWU9IjAuMDAxIiAvPjx0ZXN0Y2FzZSBjbGFzc25hbWU9InRlc3RzLnRlc3RfaG90ZWxfZGlzY292ZXJ5X29yY2hlc3RyYXRvciIgbmFtZT0idGVzdF9kaXNjb3ZlcnlfcGFyc2VyX3ByZWZlcnNfc3RydWN0dXJlZF9mYWN0c19hbmRfZG9lc19ub3RfY29weV9ib2R5X3Byb3NlIiB0aW1lPSIwLjAwMSIgLz48dGVzdGNhc2UgY2xhc3NuYW1lPSJ0ZXN0cy50ZXN0X2hvdGVsX3N1cHBseV9zYW5kYm94X3JjMTQiIG5hbWU9InRlc3RfaW5saW5lX3NlY3JldF9pc19mb3JiaWRkZW4iIHRpbWU9IjAuMTE0IiAvPjx0ZXN0Y2FzZSBj
2026-09-10T08:11:30.6360654Z GO_EVIDENCE_B64 bGFzc25hbWU9InRlc3RzLnRlc3RfaG90ZWxfc3VwcGx5X3NhbmRib3hfcmMxNCIgbmFtZT0idGVzdF9yZWFkaW5lc3Nfd2l0aG91dF9leHRlcm5hbF90cmFuc3BvcnRfaXNfZXhwbGljaXQiIHRpbWU9IjAuMTI4IiAvPjx0ZXN0Y2FzZSBjbGFzc25hbWU9InRlc3RzLnRlc3RfaG90ZWxfc3VwcGx5X3NhbmRib3hfcmMxNCIgbmFtZT0idGVzdF9mcmFtZXdvcmtfY2VydGlmaWNhdGlvbl9jYW5ub3RfY2xhaW1fZXh0ZXJuYWxfY29ubmVjdGlvbiIgdGltZT0iMC4xMjUiIC8+PHRlc3RjYXNlIGNsYXNzbmFtZT0idGVzdHMudGVzdF9o
2026-09-10T08:11:30.6367340Z GO_EVIDENCE_B64 b3RlbF9zdXBwbHlfc2FuZGJveF9yYzE0IiBuYW1lPSJ0ZXN0X2V4dGVybmFsX2NlcnRpZmljYXRpb25fYmxvY2tzX3dpdGhvdXRfcHJvdmlkZXJfZXhlY3V0b3IiIHRpbWU9IjAuMTIxIiAvPjx0ZXN0Y2FzZSBjbGFzc25hbWU9InRlc3RzLnRlc3RfaG90ZWxfc3VwcGx5X3NhbmRib3hfcmMxNCIgbmFtZT0idGVzdF9tYXBwaW5nX3JlcXVpcmVzX3Jvb21fYW5kX3JhdGVfcGxhbiIgdGltZT0iMC4xMTIiIC8+PHRlc3RjYXNlIGNsYXNzbmFtZT0idGVzdHMudGVzdF9wMF8wMTAwX3Bvc3RncmVzX2NvbmN1cnJlbmN5IiBuYW1lPSJ0
2026-09-10T08:11:30.6373987Z GO_EVIDENCE_B64 ZXN0X29yZGVyX3BheW1lbnRfcm9vdF91bmlxdWVfdW5kZXJfcG9zdGdyZXNfcmFjZSIgdGltZT0iMC4wMDAiPjxza2lwcGVkIHR5cGU9InB5dGVzdC5za2lwIiBtZXNzYWdlPSJQT1NUR1JFU19URVNUX0RBVEFCQVNFX1VSTCBub3QgY29uZmlndXJlZCI+L2hvbWUvcnVubmVyL3dvcmsvR08vR08vcmVzdG9yZWQvdGVzdHMvdGVzdF9wMF8wMTAwX3Bvc3RncmVzX2NvbmN1cnJlbmN5LnB5OjEwOiBQT1NUR1JFU19URVNUX0RBVEFCQVNFX1VSTCBub3QgY29uZmlndXJlZDwvc2tpcHBlZD48L3Rlc3RjYXNlPjx0ZXN0Y2FzZSBjbGFz
2026-09-10T08:11:30.6380619Z GO_EVIDENCE_B64 c25hbWU9InRlc3RzLnRlc3RfcDBfZGVzaWduX2NvZGVfZnJlZXplIiBuYW1lPSJ0ZXN0X2Rlc2lnbl9hbmRfY29kZV9zdGF0aWNfZnJlZXplX2lzX2NvbXBsZXRlX2J5X3JlcXVpcmVtZW50X2NoYWluIiB0aW1lPSIwLjEzNCIgLz48dGVzdGNhc2UgY2xhc3NuYW1lPSJ0ZXN0cy50ZXN0X3AwX2Rlc2lnbl9jb2RlX2ZyZWV6ZSIgbmFtZT0idGVzdF9wcm92aWRlcl9jb250cmFjdHNfYXJlX2Z1bGxfYW5kX2ZhaWxfY2xvc2VkX29uX3RpbWVvdXRfcmV0cnlfYW5kX3ZlcnNpb24iIHRpbWU9IjAuMDAxIiAvPjx0ZXN0Y2FzZSBjbGFz
2026-09-10T08:11:30.6387249Z GO_EVIDENCE_B64 c25hbWU9InRlc3RzLnRlc3RfcDBfZGVzaWduX2NvZGVfZnJlZXplIiBuYW1lPSJ0ZXN0X3ZlcnRpY2FsX2FkYXB0ZXJfcmVxdWlyZXNfaWRlbXBvdGVuY3lfZXZpZGVuY2VfYW5kX2F0dGVzdGF0aW9uIiB0aW1lPSIwLjAwMSIgLz48dGVzdGNhc2UgY2xhc3NuYW1lPSJ0ZXN0cy50ZXN0X3AwX2Rlc2lnbl9jb2RlX2ZyZWV6ZSIgbmFtZT0idGVzdF91bnN1cHBvcnRlZF9wcm92aWRlcl9jYXBhYmlsaXR5X2lzX3JlamVjdGVkIiB0aW1lPSIwLjAwMSIgLz48dGVzdGNhc2UgY2xhc3NuYW1lPSJ0ZXN0cy50ZXN0X3AwX2Rlc2lnbl9j
2026-09-10T08:11:30.6393959Z GO_EVIDENCE_B64 b2RlX2ZyZWV6ZSIgbmFtZT0idGVzdF9mYWxsYmFja19jYW5ub3RfbWFzcXVlcmFkZV9hc19vZmZpY2lhbCIgdGltZT0iMC4wMDEiIC8+PHRlc3RjYXNlIGNsYXNzbmFtZT0idGVzdHMudGVzdF9wMF9kZXNpZ25fY29kZV9mcmVlemUiIG5hbWU9InRlc3RfdW5rbm93bl9leHRlcm5hbF9zdGF0ZV9kb2VzX25vdF9iZWNvbWVfc3VjY2VzcyIgdGltZT0iMC4wMDAiIC8+PHRlc3RjYXNlIGNsYXNzbmFtZT0idGVzdHMudGVzdF9wMF9kZXNpZ25fY29kZV9mcmVlemUiIG5hbWU9InRlc3RfdmVydGljYWxfc3BlY2lmaWNfY2FwYWJpbGl0
2026-09-10T08:11:30.6400786Z GO_EVIDENCE_B64 aWVzX2FuZF9mYWN0c19hcmVfcHJlc2VydmVkIiB0aW1lPSIwLjAwMSIgLz48dGVzdGNhc2UgY2xhc3NuYW1lPSJ0ZXN0cy50ZXN0X3AwX2Rlc2lnbl9jb2RlX2ZyZWV6ZSIgbmFtZT0idGVzdF9jYW5jZWxfcmVmdW5kX3N0YXRlX21hY2hpbmVfcmVqZWN0c19pbGxlZ2FsX21pc3NpbmdfZXZpZGVuY2VfYW5kX3Rlcm1pbmFsX211dGF0aW9uIiB0aW1lPSIwLjAwMSIgLz48dGVzdGNhc2UgY2xhc3NuYW1lPSJ0ZXN0cy50ZXN0X3AwX2Rlc2lnbl9jb2RlX2ZyZWV6ZSIgbmFtZT0idGVzdF9zdGF0aWNfZnJlZXplX25ldmVyX2NsYWlt
2026-09-10T08:11:30.6407438Z GO_EVIDENCE_B64 c19ydW50aW1lX2NlcnRpZmljYXRpb24iIHRpbWU9IjAuMTI4IiAvPjx0ZXN0Y2FzZSBjbGFzc25hbWU9InRlc3RzLnRlc3RfcGFyZW50X3AwX3RyYXZlbF9pbnRlbGxpZ2VuY2VfaG90ZWxfaW5mcmEiIG5hbWU9InRlc3RfdGllcjVfYWRtaXNzaW9uX2ZpdmVfc3Rhcl9vcl9maXZlX2RpYW1vbmRfb25seSIgdGltZT0iMC4wODYiIC8+PHRlc3RjYXNlIGNsYXNzbmFtZT0idGVzdHMudGVzdF9wYXJlbnRfcDBfdHJhdmVsX2ludGVsbGlnZW5jZV9ob3RlbF9pbmZyYSIgbmFtZT0idGVzdF9yZWdpb25hbF9zdGFyX3RpZXJfdXNlc19l
2026-09-10T08:11:30.6413939Z GO_EVIDENCE_B64 dmlkZW5jZV9ydWxlIiB0aW1lPSIwLjA4NyIgLz48dGVzdGNhc2UgY2xhc3NuYW1lPSJ0ZXN0cy50ZXN0X3BhcmVudF9wMF90cmF2ZWxfaW50ZWxsaWdlbmNlX2hvdGVsX2luZnJhIiBuYW1lPSJ0ZXN0X25hdGlvbmFsX3RpZXJfc2VxdWVuY2Vfc3RhcnRzXzVfdGhlbl80IiB0aW1lPSIwLjA4NyIgLz48dGVzdGNhc2UgY2xhc3NuYW1lPSJ0ZXN0cy50ZXN0X3I4Ml9hZG1pbl9maXJzdF9tZmFfZW5yb2xsbWVudCIgbmFtZT0idGVzdF9hZG1pbl9maXJzdF9tZmFfZW5yb2xsbWVudF9sb2dpbl9sb2dvdXRfcmVsb2dpbiIgdGltZT0i
2026-09-10T08:11:30.6420679Z GO_EVIDENCE_B64 MC41MDUiIC8+PHRlc3RjYXNlIGNsYXNzbmFtZT0idGVzdHMudGVzdF9yYzE1X2FvbHVndXlhX3N1cHBseV90cnV0aCIgbmFtZT0idGVzdF9hb2x1Z3V5YV9vZmZpY2lhbF90cnV0aF9nYXRlX2FuZF9wcm9qZWN0aW9uX3JlcGxhY2VzX3Rlc3RfdHJ1dGgiIHRpbWU9IjAuMTQ3IiAvPjx0ZXN0Y2FzZSBjbGFzc25hbWU9InRlc3RzLnRlc3RfcmMxNV9hb2x1Z3V5YV9zdXBwbHlfdHJ1dGgiIG5hbWU9InRlc3Rfc3RhbGVfb3JfdGVzdF90cnV0aF9pc19yZWplY3RlZCIgdGltZT0iMC4xMjYiIC8+PHRlc3RjYXNlIGNsYXNzbmFtZT0i
2026-09-10T08:11:30.6427344Z GO_EVIDENCE_B64 dGVzdHMudGVzdF9yYzE1X2FvbHVndXlhX3N1cHBseV90cnV0aCIgbmFtZT0idGVzdF9kaXJlY3RfZmlyc3RfYW5kX3VudmVyaWZpZWRfZmFsbGJhY2tfZmFpbF9jbG9zZWQiIHRpbWU9IjAuMTM0IiAvPjx0ZXN0Y2FzZSBjbGFzc25hbWU9InRlc3RzLnRlc3RfcmMxOV9uYXRpb25hbF90aHJvdWdocHV0X3Byb2R1Y3RfY29tcGxldGVuZXNzIiBuYW1lPSJ0ZXN0X3JjMTlfcmVnaW9uYWxfdGhyb3VnaHB1dF9jb250cmFjdCIgdGltZT0iMC4wMDEiIC8+PHRlc3RjYXNlIGNsYXNzbmFtZT0idGVzdHMudGVzdF9yYzE5X25hdGlvbmFs
2026-09-10T08:11:30.6433878Z GO_EVIDENCE_B64 X3Rocm91Z2hwdXRfcHJvZHVjdF9jb21wbGV0ZW5lc3MiIG5hbWU9InRlc3RfcmMxOV9mdWxsX2Vjb3N5c3RlbV9jb21wbGV0ZW5lc3NfY29udHJhY3QiIHRpbWU9IjAuMDAyIiAvPjx0ZXN0Y2FzZSBjbGFzc25hbWU9InRlc3RzLnRlc3RfcmMxOV9uYXRpb25hbF90aHJvdWdocHV0X3Byb2R1Y3RfY29tcGxldGVuZXNzIiBuYW1lPSJ0ZXN0X3JjMTlfY2FjaGVfYnVzdGVyX29uX2JvdGhfb3BlcmF0aW9uYWxfZW50cnlwb2ludHMiIHRpbWU9IjAuMDAxIiAvPjx0ZXN0Y2FzZSBjbGFzc25hbWU9InRlc3RzLnRlc3Rfc3ByaW50MWdf
2026-09-10T08:11:30.6440661Z GO_EVIDENCE_B64 bWFwcGluZyIgbmFtZT0idGVzdF9zaXRlbWluZGVyX3N5bnRoZXRpY19jYW5vbmljYWxfb2ZmZXJfbWFwcGluZyIgdGltZT0iMC4wODgiIC8+PHRlc3RjYXNlIGNsYXNzbmFtZT0idGVzdHMudGVzdF9zcHJpbnQxZ19tYXBwaW5nIiBuYW1lPSJ0ZXN0X3VubWFwcGVkX3Byb3BlcnR5X2lzX25vdF9leHBvc2VkIiB0aW1lPSIwLjA4NyIgLz48dGVzdGNhc2UgY2xhc3NuYW1lPSJ0ZXN0cy50ZXN0X3NwcmludDFvX3RydXRoX3Jpc2siIG5hbWU9InRlc3RfZml2ZV9zdGFyX29uZV90YXBfY29tcGxldGVzX2FuZF9wdWJsaWNfc2NvcmVf
2026-09-10T08:11:30.6447301Z GO_EVIDENCE_B64 c3RheXNfM190b181IiB0aW1lPSIwLjI5NCIgLz48dGVzdGNhc2UgY2xhc3NuYW1lPSJ0ZXN0cy50ZXN0X3NwcmludDFvX3RydXRoX3Jpc2siIG5hbWU9InRlc3RfbG93X3N0YXJfcmVxdWlyZXNfc3RydWN0dXJlZF90YWciIHRpbWU9IjAuMjcxIiAvPjx0ZXN0Y2FzZSBjbGFzc25hbWU9InRlc3RzLnRlc3Rfc3ByaW50MW9fdHJ1dGhfcmlzayIgbmFtZT0idGVzdF9zZXJpb3VzX2h5Z2llbmVfY3JlYXRlc19jYW5kaWRhdGVfYW5kX29ubHlfbWFwc19yZWxldmFudF9kaW1lbnNpb24iIHRpbWU9IjAuMzM1IiAvPjx0ZXN0Y2FzZSBj
2026-09-10T08:11:30.6453908Z GO_EVIDENCE_B64 bGFzc25hbWU9InRlc3RzLnRlc3Rfc3ByaW50MW9fdHJ1dGhfcmlzayIgbmFtZT0idGVzdF9zdXBwbGllcl9ldmlkZW5jZV9jb25maXJtZWRfcmlza19jcmVhdGVzX2p1ZGdtZW50X2hvb2siIHRpbWU9IjAuNzQ2IiAvPjx0ZXN0Y2FzZSBjbGFzc25hbWU9InRlc3RzLnRlc3Rfc3ByaW50MW9fdHJ1dGhfcmlzayIgbmFtZT0idGVzdF9yZWplY3RlZF9jYW5kaWRhdGVfZG9lc19ub3RfY3JlYXRlX2p1ZGdtZW50X2hvb2siIHRpbWU9IjAuNjQ2IiAvPjx0ZXN0Y2FzZSBjbGFzc25hbWU9InRlc3RzLnRlc3Rfc3ByaW50MW9fdHJ1dGhf
2026-09-10T08:11:30.6460475Z GO_EVIDENCE_B64 cmlzayIgbmFtZT0idGVzdF9yZW1lZGlhdGlvbl9tb3Zlc19jb25maXJtZWRfcmlza190b19tb25pdG9yaW5nX2FuZF9yZWhvb2tzX2p1ZGdtZW50IiB0aW1lPSIwLjg0MyIgLz48dGVzdGNhc2UgY2xhc3NuYW1lPSJ0ZXN0cy50ZXN0X3NwcmludDFvX3RydXRoX3Jpc2siIG5hbWU9InRlc3Rfc2Vjb25kX3RyaWdnZXJfb25seV9mb3Jfbm90X3Jldmlld2VkX2FuZF9jb21wbGV0ZWRfbmV2ZXJfcmV0cmlnZ2VycyIgdGltZT0iMC4zMTAiIC8+PHRlc3RjYXNlIGNsYXNzbmFtZT0idGVzdHMudGVzdF9zcHJpbnQxcF9qdWRnbWVudF9y
2026-09-10T08:11:30.6466996Z GO_EVIDENCE_B64 dW50aW1lIiBuYW1lPSJ0ZXN0X2hpZ2hfZ29fc2NvcmVfZG9lc19ub3RfYXV0b19jcmVhdGVfcmVjb21tZW5kYXRpb24iIHRpbWU9IjAuMjk5IiAvPjx0ZXN0Y2FzZSBjbGFzc25hbWU9InRlc3RzLnRlc3Rfc3ByaW50MXBfanVkZ21lbnRfcnVudGltZSIgbmFtZT0idGVzdF9jb21tZXJjaWFsX2ZpZWxkc19waHlzaWNhbGx5X3JlamVjdGVkX2Zyb21fanVkZ21lbnQiIHRpbWU9IjAuMjkzIiAvPjx0ZXN0Y2FzZSBjbGFzc25hbWU9InRlc3RzLnRlc3Rfc3ByaW50MXBfanVkZ21lbnRfcnVudGltZSIgbmFtZT0idGVzdF9jb25maXJt
2026-09-10T08:11:30.6473433Z GO_EVIDENCE_B64 ZWRfc2VyaW91c19yaXNrX3JlaG9va3NfYW5kX21vdmVzX3RvX25vdF9yZWNvbW1lbmRlZCIgdGltZT0iMC42NzAiIC8+PHRlc3RjYXNlIGNsYXNzbmFtZT0idGVzdHMudGVzdF9zcHJpbnQxcF9qdWRnbWVudF9ydW50aW1lIiBuYW1lPSJ0ZXN0X3JlbWVkaWF0aW9uX2NyZWF0ZXNfbmV3X2p1ZGdtZW50X2FuZF9yZXBsYXlhYmxlX2hpc3RvcnkiIHRpbWU9IjAuOTA5IiAvPjx0ZXN0Y2FzZSBjbGFzc25hbWU9InRlc3RzLnRlc3Rfc3ByaW50MXBfanVkZ21lbnRfcnVudGltZSIgbmFtZT0idGVzdF9yYXdfc3Rhcl9ub3RfaW5fZmVh
2026-09-10T08:11:30.6480293Z GO_EVIDENCE_B64 dHVyZV9zbmFwc2hvdCIgdGltZT0iMC4yOTIiIC8+PHRlc3RjYXNlIGNsYXNzbmFtZT0idGVzdHMudGVzdF9zcHJpbnQxcF9qdWRnbWVudF9ydW50aW1lIiBuYW1lPSJ0ZXN0X2NvbnN0aXR1dGlvbl9hc3Nlc3NtZW50X2Nhbl9wdWJsaXNoX2dvX3JlY29tbWVuZGVkX3dpdGhvdXRfc2NvcmVfdGhyZXNob2xkX3J1bGUiIHRpbWU9IjAuMjkwIiAvPjx0ZXN0Y2FzZSBjbGFzc25hbWU9InRlc3RzLnRlc3Rfc3ByaW50MXBfanVkZ21lbnRfcnVudGltZSIgbmFtZT0idGVzdF93b3J0aF90aGVfam91cm5leV95ZXNfaXNfbWFuZGF0b3J5
2026-09-10T08:11:30.6487079Z GO_EVIDENCE_B64 X2Zvcl9yZWNvbW1lbmRhdGlvbiIgdGltZT0iMC4yODgiIC8+PHRlc3RjYXNlIGNsYXNzbmFtZT0idGVzdHMudGVzdF9zcHJpbnQxcF9qdWRnbWVudF9ydW50aW1lIiBuYW1lPSJ0ZXN0X25lc3RlZF9jb21tZXJjaWFsX2ZpZWxkX2lzX3JlamVjdGVkX2Zyb21fcmVjb21tZW5kYXRpb25fYXNzZXNzbWVudCIgdGltZT0iMC4yNzMiIC8+PHRlc3RjYXNlIGNsYXNzbmFtZT0idGVzdHMudGVzdF9zcHJpbnQxcV9vcGVyYXRpb25hbF9kYXNoYm9hcmQiIG5hbWU9InRlc3Rfc3VwcGxpZXJfaWRlbnRpdHlfcHJvcGFnYXRlc190b19vcmRl
2026-09-10T08:11:30.6493739Z GO_EVIDENCE_B64 cl9hbmRfc3VwcGxpZXJfZGFzaGJvYXJkIiB0aW1lPSIwLjMzNyIgLz48dGVzdGNhc2UgY2xhc3NuYW1lPSJ0ZXN0cy50ZXN0X3NwcmludDFxX29wZXJhdGlvbmFsX2Rhc2hib2FyZCIgbmFtZT0idGVzdF9zdXBwbGllcl9vcmRlcl9saXN0X2lzX3RlbmFudF9zY29wZWQiIHRpbWU9IjAuNDkyIiAvPjx0ZXN0Y2FzZSBjbGFzc25hbWU9InRlc3RzLnRlc3Rfc3ByaW50MXFfb3BlcmF0aW9uYWxfZGFzaGJvYXJkIiBuYW1lPSJ0ZXN0X3N1cHBsaWVyX3JlZnVuZF9hcHBlYXJzX2luX2NvbnNvbGUiIHRpbWU9IjAuMzgwIiAvPjx0ZXN0
2026-09-10T08:11:30.6500479Z GO_EVIDENCE_B64 Y2FzZSBjbGFzc25hbWU9InRlc3RzLnRlc3Rfc3ByaW50MXFfb3BlcmF0aW9uYWxfZGFzaGJvYXJkIiBuYW1lPSJ0ZXN0X2FkbWluX2Rhc2hib2FyZF9hbmRfcXVldWVzX2FyZV9vcGVyYXRpb25hbF92aWV3cyIgdGltZT0iMC40MjciIC8+PHRlc3RjYXNlIGNsYXNzbmFtZT0idGVzdHMudGVzdF9zcHJpbnQxcV9vcGVyYXRpb25hbF9kYXNoYm9hcmQiIG5hbWU9InRlc3Rfc3VwcGxpZXJfZmluYW5jaWFsX3Jpc2tfaXNfdmlzaWJsZSIgdGltZT0iMC40NTUiIC8+PHRlc3RjYXNlIGNsYXNzbmFtZT0idGVzdHMudGVzdF9zcHJpbnQx
2026-09-10T08:11:30.6507224Z GO_EVIDENCE_B64 cl9pZGVudGl0eV9zZWN1cml0eSIgbmFtZT0idGVzdF9zdXBwbGllcl9kYXNoYm9hcmRfcmVxdWlyZXNfYXV0aF9hbmRfdGVuYW50X2NvbWVzX2Zyb21fdG9rZW4iIHRpbWU9IjAuMjQ3IiAvPjx0ZXN0Y2FzZSBjbGFzc25hbWU9InRlc3RzLnRlc3Rfc3ByaW50MXJfaWRlbnRpdHlfc2VjdXJpdHkiIG5hbWU9InRlc3RfYWRtaW5fcmJhY19zZXBhcmF0ZXNfZmluYW5jZV9mcm9tX3RydXN0IiB0aW1lPSIwLjM0NyIgLz48dGVzdGNhc2UgY2xhc3NuYW1lPSJ0ZXN0cy50ZXN0X3NwcmludDFyX2lkZW50aXR5X3NlY3VyaXR5IiBuYW1l
2026-09-10T08:11:30.6513975Z GO_EVIDENCE_B64 PSJ0ZXN0X3JlZnJlc2hfYW5kX3Nlc3Npb25fcmV2b2NhdGlvbiIgdGltZT0iMC4yNTQiIC8+PHRlc3RjYXNlIGNsYXNzbmFtZT0idGVzdHMudGVzdF9zcHJpbnQxcl9pZGVudGl0eV9zZWN1cml0eSIgbmFtZT0idGVzdF9kdWFsX2NvbnRyb2xfcmVxdWlyZXNfZGlzdGluY3Rfc2Vjb25kX2FkbWluIiB0aW1lPSIwLjUxNyIgLz48dGVzdGNhc2UgY2xhc3NuYW1lPSJ0ZXN0cy50ZXN0X3NwcmludDFyX2lkZW50aXR5X3NlY3VyaXR5IiBuYW1lPSJ0ZXN0X211dGF0aW5nX2F1dGhlbnRpY2F0ZWRfcmVxdWVzdF93cml0ZXNfYXVkaXQi
2026-09-10T08:11:30.6520549Z GO_EVIDENCE_B64 IHRpbWU9IjAuMjU2IiAvPjx0ZXN0Y2FzZSBjbGFzc25hbWU9InRlc3RzLnRlc3Rfc3ByaW50MXhfY29uc3VtZXJfZTJlIiBuYW1lPSJ0ZXN0X2NvbnN1bWVyX2Zyb250ZW5kX21vdW50IiB0aW1lPSIwLjIwNiIgLz48dGVzdGNhc2UgY2xhc3NuYW1lPSJ0ZXN0cy50ZXN0X3NwcmludDF4X2NvbnN1bWVyX2UyZSIgbmFtZT0idGVzdF9jb25zdW1lcl9ib29raW5nX3RyaXBzX2NoYW5nZV9jYW5jZWxfcmVmdW5kIiB0aW1lPSIwLjQyNyIgLz48dGVzdGNhc2UgY2xhc3NuYW1lPSJ0ZXN0cy50ZXN0X3NwcmludDF4X2NvbnN1bWVyX2Uy
2026-09-10T08:11:30.6527075Z GO_EVIDENCE_B64 ZSIgbmFtZT0idGVzdF9jb25zdW1lcl9zdGF5X2NyZWRpdF9hbmRfcXVpY2tfcmV2aWV3IiB0aW1lPSIwLjQ3MyIgLz48dGVzdGNhc2UgY2xhc3NuYW1lPSJ0ZXN0cy50ZXN0X3NwcmludDJhX21vYmlsZV9lMmUiIG5hbWU9InRlc3RfYm9va2luZ19wdXNoX2RlZXBfbGlua19hbmRfY2hlY2tpbl9qb2IiIHRpbWU9IjAuNTY5IiAvPjx0ZXN0Y2FzZSBjbGFzc25hbWU9InRlc3RzLnRlc3Rfc3ByaW50MmFfbW9iaWxlX2UyZSIgbmFtZT0idGVzdF9yZWZ1bmRfYW5kX2NvbXBlbnNhdGlvbl9ldmVudHNfYmVjb21lX21vYmlsZV9ub3Rp
2026-09-10T08:11:30.6533529Z GO_EVIDENCE_B64 ZmljYXRpb25zIiB0aW1lPSIwLjU0NSIgLz48dGVzdGNhc2UgY2xhc3NuYW1lPSJ0ZXN0cy50ZXN0X3NwcmludDJhX21vYmlsZV9lMmUiIG5hbWU9InRlc3RfY2hlY2tvdXRfcmV2aWV3X2ZpcnN0X3B1c2hfdGhlbl9uZXh0X2FwcF9vcGVuX3F1aWNrX3Jldmlld19hbmRfbm9fcmVwZWF0IiB0aW1lPSIwLjYwMCIgLz48dGVzdGNhc2UgY2xhc3NuYW1lPSJ0ZXN0cy50ZXN0X3NwcmludDJhX21vYmlsZV9lMmUiIG5hbWU9InRlc3RfbmF0aXZlX2xvd19yZXZpZXdfcmVxdWlyZXNfc3RydWN0dXJlZF90YWdfYW5kX2Nhbl9jcmVhdGVf
2026-09-10T08:11:30.6540339Z GO_EVIDENCE_B64 cmlzayIgdGltZT0iMC42MzAiIC8+PHRlc3RjYXNlIGNsYXNzbmFtZT0idGVzdHMudGVzdF9zcHJpbnQyYV9tb2JpbGVfZTJlIiBuYW1lPSJ0ZXN0X21vYmlsZV9mYXJlX3dyYXBwZXJzX2VuZm9yY2VfY29uc3VtZXJfb3duZXJzaGlwIiB0aW1lPSIwLjg4MyIgLz48dGVzdGNhc2UgY2xhc3NuYW1lPSJ0ZXN0cy50ZXN0X3NwcmludDNlX3VuaWZpZWRfdHJpcHMiIG5hbWU9InRlc3RfdW5pZmllZF9nb190cmlwc19zaXhfdmVydGljYWxzIiB0aW1lPSIwLjQ0NCIgLz48dGVzdGNhc2UgY2xhc3NuYW1lPSJ0ZXN0cy50ZXN0X3Nwcmlu
2026-09-10T08:11:30.6547079Z GO_EVIDENCE_B64 dDNlX3VuaWZpZWRfdHJpcHMiIG5hbWU9InRlc3RfY3Jvc3NfYWNjb3VudF9qb3VybmV5X2lzb2xhdGlvbiIgdGltZT0iMC42NTgiIC8+PHRlc3RjYXNlIGNsYXNzbmFtZT0idGVzdHMudGVzdF9zcHJpbnQzaF9yZWNvdmVyeV9leGVjdXRpb24iIG5hbWU9InRlc3RfYXRvbWljX2ludGVudF9pc19pZGVtcG90ZW50X2FuZF9zdXBwbGllcl9leGVjdXRpb25faXNfbm9uX2F0b21pYyIgdGltZT0iMC41NTYiIC8+PHRlc3RjYXNlIGNsYXNzbmFtZT0idGVzdHMudGVzdF9zcHJpbnQzaF9yZWNvdmVyeV9leGVjdXRpb24iIG5hbWU9InRl
2026-09-10T08:11:30.6553613Z GO_EVIDENCE_B64 c3RfcHJpY2VfY2hhbmdlX3BhdXNlc19vbmx5X29uZV9pdGVtX2FuZF9yZXF1aXJlc19yZWF1dGhvcml6YXRpb24iIHRpbWU9IjAuNTMzIiAvPjx0ZXN0Y2FzZSBjbGFzc25hbWU9InRlc3RzLnRlc3Rfc3ByaW50M2hfcmVjb3ZlcnlfZXhlY3V0aW9uIiBuYW1lPSJ0ZXN0X3Vua25vd25fZXh0ZXJuYWxfc3RhdGVfcmVjb25jaWxlc193aXRob3V0X3NlY29uZF9zdXBwbGllcl9tdXRhdGlvbiIgdGltZT0iMC41NTUiIC8+PHRlc3RjYXNlIGNsYXNzbmFtZT0idGVzdHMudGVzdF9zcHJpbnQza19yZWNvdmVyeV9zbGFfb3BzIiBuYW1l
2026-09-10T08:11:30.6560397Z GO_EVIDENCE_B64 PSJ0ZXN0X2Nhc2VfZ2V0c19zbGFfcXVldWVfcGxheWJvb2tfYW5kX2V2aWRlbmNlX3JlcXVpcmVtZW50IiB0aW1lPSIwLjYwNCIgLz48dGVzdGNhc2UgY2xhc3NuYW1lPSJ0ZXN0cy50ZXN0X3NwcmludDNrX3JlY292ZXJ5X3NsYV9vcHMiIG5hbWU9InRlc3Rfc2xhX3RpY2tfYXV0b19hc3NpZ25zX2VzY2FsYXRlc19hbmRfZW1pdHNfYWxlcnRfd2l0aG91dF90b3VjaGluZ19zdXBwbGllcl9mYWN0IiB0aW1lPSIwLjYxNyIgLz48dGVzdGNhc2UgY2xhc3NuYW1lPSJ0ZXN0cy50ZXN0X3NwcmludDNrX3JlY292ZXJ5X3NsYV9vcHMi
2026-09-10T08:11:30.6567120Z GO_EVIDENCE_B64 IG5hbWU9InRlc3RfcmVzcG9uc2liaWxpdHlfdHJhbnNmZXJfaXNfb3BlcmF0aW9uYWxfb25seSIgdGltZT0iMC42MjUiIC8+PHRlc3RjYXNlIGNsYXNzbmFtZT0idGVzdHMudGVzdF9zcHJpbnQza19yZWNvdmVyeV9zbGFfb3BzIiBuYW1lPSJ0ZXN0X2Nhc2VfY2xvc2VfaXNfYmxvY2tlZF91bnRpbF9yZXF1aXJlZF9maW5hbF9leHRlcm5hbF9mYWN0X2V4aXN0cyIgdGltZT0iMC42NDEiIC8+PHRlc3RjYXNlIGNsYXNzbmFtZT0idGVzdHMudGVzdF9zcHJpbnQza19yZWNvdmVyeV9zbGFfb3BzIiBuYW1lPSJ0ZXN0X3NsYV9wb2xp
2026-09-10T08:11:30.6573914Z GO_EVIDENCE_B64 Y3lfYW5kX3F1ZXVlX2FwaV9hbmRfbm9fc3VwcGxpZXJfZmFjdF9tdXRhdG9yIiB0aW1lPSIxLjI0OCIgLz48dGVzdGNhc2UgY2xhc3NuYW1lPSJ0ZXN0cy50ZXN0X3NwcmludDNyX3JlbGVhc2VfZ292ZXJuYW5jZSIgbmFtZT0idGVzdF9pbW11dGFibGVfY29uZmlnX3ZlcnNpb25zX2luY3JlbWVudF9hbmRfZGV2X2JpbmRpbmdfdHJhY2tzX2xhdGVzdCIgdGltZT0iMC4xMjEiIC8+PHRlc3RjYXNlIGNsYXNzbmFtZT0idGVzdHMudGVzdF9zcHJpbnQzcl9yZWxlYXNlX2dvdmVybmFuY2UiIG5hbWU9InRlc3RfZHJ5X3J1bl9yZXF1
2026-09-10T08:11:30.6580606Z GO_EVIDENCE_B64 aXJlc19zb3VyY2VfZW52aXJvbm1lbnRfYmluZGluZ19tYXRjaCIgdGltZT0iMC4xMzEiIC8+PHRlc3RjYXNlIGNsYXNzbmFtZT0idGVzdHMudGVzdF9zcHJpbnQzcl9yZWxlYXNlX2dvdmVybmFuY2UiIG5hbWU9InRlc3RfcHJvZF9yZXF1aXJlc19zdGFnaW5nX2V2aWRlbmNlX2FuZF9tYWtlcl9jaGVja2VyIiB0aW1lPSIwLjE2MiIgLz48dGVzdGNhc2UgY2xhc3NuYW1lPSJ0ZXN0cy50ZXN0X3NwcmludDNyX3JlbGVhc2VfZ292ZXJuYW5jZSIgbmFtZT0idGVzdF9leHBsaWNpdF9yb2xsYmFja190YXJnZXRfcmVzdG9yZXNfcHJl
2026-09-10T08:11:30.6587306Z GO_EVIDENCE_B64 dmlvdXNfcHJvZF9tYW5pZmVzdCIgdGltZT0iMC4yMzEiIC8+PHRlc3RjYXNlIGNsYXNzbmFtZT0idGVzdHMudGVzdF9zcHJpbnQzcl9yZWxlYXNlX2dvdmVybmFuY2UiIG5hbWU9InRlc3RfZHJpZnRfZGV0ZWN0aW9uX2lzX29ic2VydmF0aW9uYWxfYW5kX2RvZXNfbm90X2F1dG9fbXV0YXRlX2V4cGVjdGVkX2JpbmRpbmciIHRpbWU9IjAuMTY0IiAvPjx0ZXN0Y2FzZSBjbGFzc25hbWU9InRlc3RzLnRlc3Rfc3ByaW50M3JfcmVsZWFzZV9nb3Zlcm5hbmNlIiBuYW1lPSJ0ZXN0X3N0cmF0ZWd5X2NhbGlicmF0aW9uX29yX2luY2lk
2026-09-10T08:11:30.6593837Z GO_EVIDENCE_B64 ZW50X2NoYW5nZV9jYW5fYmVfc25hcHNob3R0ZWRfYXNfcmVsZWFzZV9jb25maWciIHRpbWU9IjAuMTU5IiAvPjx0ZXN0Y2FzZSBjbGFzc25hbWU9InRlc3RzLnRlc3Rfc3ByaW50M3VfcnVudGltZV90ZWxlbWV0cnlfZ292ZXJuYW5jZSIgbmFtZT0idGVzdF9nb3Zlcm5lZF9zb3VyY2VfaGFzX3N0YWJsZV9wcm92ZW5hbmNlX2FuZF9zdGF0ZV9nYXRlIiB0aW1lPSIwLjExNyIgLz48dGVzdGNhc2UgY2xhc3NuYW1lPSJ0ZXN0cy50ZXN0X3NwcmludDN1X3J1bnRpbWVfdGVsZW1ldHJ5X2dvdmVybmFuY2UiIG5hbWU9InRlc3RfcXVh
2026-09-10T08:11:30.6600533Z GO_EVIDENCE_B64 bGl0eV9nYXRlX2Jsb2Nrc19zdHJvbmdfYWN0aW9uX2V2ZW5fd2hlbl9idXJuX3JhdGVfaXNfYmFkIiB0aW1lPSIwLjIwOCIgLz48dGVzdGNhc2UgY2xhc3NuYW1lPSJ0ZXN0cy50ZXN0X3NwcmludDN1X3J1bnRpbWVfdGVsZW1ldHJ5X2dvdmVybmFuY2UiIG5hbWU9InRlc3RfbXVsdGlfd2luZG93X2JyZWFjaF93aXRoX2dvb2RfdGVsZW1ldHJ5X2ZyZWV6ZXNfYW5kX3JlY29tbWVuZHMiIHRpbWU9IjAuMTg3IiAvPjx0ZXN0Y2FzZSBjbGFzc25hbWU9InRlc3RzLnRlc3Rfc3ByaW50M3VfcnVudGltZV90ZWxlbWV0cnlfZ292ZXJu
2026-09-10T08:11:30.6607171Z GO_EVIDENCE_B64 YW5jZSIgbmFtZT0idGVzdF9pbmNpZGVudF9jb3JyZWxhdGlvbl9jYXJyaWVzX3JlbGVhc2VfYXR0ZXN0YXRpb25fdmVyaWZpY2F0aW9uX2FuZF9xdWFsaXR5X2V2aWRlbmNlIiB0aW1lPSIwLjE4NCIgLz48dGVzdGNhc2UgY2xhc3NuYW1lPSJ0ZXN0cy50ZXN0X3NwcmludDN1X3J1bnRpbWVfdGVsZW1ldHJ5X2dvdmVybmFuY2UiIG5hbWU9InRlc3RfcG9saWN5X3JlcXVpcmVzX211bHRpcGxlX3ZhbGlkX3dpbmRvd3MiIHRpbWU9IjAuMDg2IiAvPjx0ZXN0Y2FzZSBjbGFzc25hbWU9InRlc3RzLnRlc3Rfc3ByaW50M3VfcnVudGlt
2026-09-10T08:11:30.6613633Z GO_EVIDENCE_B64 ZV90ZWxlbWV0cnlfZ292ZXJuYW5jZSIgbmFtZT0idGVzdF9zdGF0dXNfZXhwb3Nlc19zb3VyY2VfcXVhbGl0eV9wb2xpY3lfY29ycmVsYXRpb25fYW5kX3JlbGVhc2Vfc2FmZXR5IiB0aW1lPSIwLjIwOSIgLz48dGVzdGNhc2UgY2xhc3NuYW1lPSJ0ZXN0cy50ZXN0X3NwcmludDN1X3J1bnRpbWVfdGVsZW1ldHJ5X2dvdmVybmFuY2UiIG5hbWU9InRlc3RfbGVnYWN5XzN0X2Fzc2Vzc21lbnRfY2Fubm90X2J5cGFzc19nb3Zlcm5lZF90ZWxlbWV0cnlfZ2F0ZSIgdGltZT0iMC4xMTUiIC8+PHRlc3RjYXNlIGNsYXNzbmFtZT0idGVz
2026-09-10T08:11:30.6620244Z GO_EVIDENCE_B64 dHMudGVzdF9zcHJpbnQzeV9jcmVkZW50aWFsX2F1dGhvcml0eSIgbmFtZT0idGVzdF9wb2xpY3lfdmVyc2lvbmluZ19hbmRfaGFyZHdhcmVfdHJ1c3RfY2xhc3NfZ2F0ZSIgdGltZT0iMC43OTAiIC8+PHRlc3RjYXNlIGNsYXNzbmFtZT0idGVzdHMudGVzdF9zcHJpbnQzeV9jcmVkZW50aWFsX2F1dGhvcml0eSIgbmFtZT0idGVzdF92ZXJpZmllcl9xdW9ydW1faXNfcmVxdWlyZWRfYmVmb3JlX2NyZWRlbnRpYWxfaXNzdWUiIHRpbWU9IjAuMTY4IiAvPjx0ZXN0Y2FzZSBjbGFzc25hbWU9InRlc3RzLnRlc3Rfc3ByaW50M3lfY3Jl
2026-09-10T08:11:30.6626927Z GO_EVIDENCE_B64 ZGVudGlhbF9hdXRob3JpdHkiIG5hbWU9InRlc3RfaXNzdWVfY3JlYXRlc19lbGlnaWJsZV9jcmVkZW50aWFsX2FuZF9pbW11dGFibGVfbGluZWFnZV9mYWN0IiB0aW1lPSIwLjE4NSIgLz48dGVzdGNhc2UgY2xhc3NuYW1lPSJ0ZXN0cy50ZXN0X3NwcmludDN5X2NyZWRlbnRpYWxfYXV0aG9yaXR5IiBuYW1lPSJ0ZXN0X2FjdGl2ZV8zeV9wb2xpY3lfZ2F0ZXNfdGVsZW1ldHJ5X3F1b3J1bV91bnRpbF9ib3RoX2lkZW50aXRpZXNfaGF2ZV9jcmVkZW50aWFscyIgdGltZT0iMC4yNDIiIC8+PHRlc3RjYXNlIGNsYXNzbmFtZT0idGVz
2026-09-10T08:11:30.6633674Z GO_EVIDENCE_B64 dHMudGVzdF9zcHJpbnQzeV9jcmVkZW50aWFsX2F1dGhvcml0eSIgbmFtZT0idGVzdF9yZXZvY2F0aW9uX3N5bmNfcmVtb3Zlc19leGlzdGluZ19jcmVkZW50aWFsX2Zyb21fYXV0b21hdGlvbl9lbGlnaWJpbGl0eSIgdGltZT0iMC4yMzEiIC8+PHRlc3RjYXNlIGNsYXNzbmFtZT0idGVzdHMudGVzdF9zcHJpbnQzeV9jcmVkZW50aWFsX2F1dGhvcml0eSIgbmFtZT0idGVzdF9yZXZva2luZ19hdXRob3JpdHlfcHJvcGFnYXRlc190b19hbGxfaXNzdWVkX2NyZWRlbnRpYWxzIiB0aW1lPSIwLjIwOCIgLz48dGVzdGNhc2UgY2xhc3Nu
2026-09-10T08:11:30.6640280Z GO_EVIDENCE_B64 YW1lPSJ0ZXN0cy50ZXN0X3NwcmludDN5X2NyZWRlbnRpYWxfYXV0aG9yaXR5IiBuYW1lPSJ0ZXN0X2ZhaWxlZF92ZXJpZmllcl9yZWplY3RzX2lzc3VhbmNlX2FuZF9jYW5ub3RfYmVfaXNzdWVkIiB0aW1lPSIwLjE1NyIgLz48dGVzdGNhc2UgY2xhc3NuYW1lPSJ0ZXN0cy50ZXN0X3NwcmludDN5X2NyZWRlbnRpYWxfYXV0aG9yaXR5IiBuYW1lPSJ0ZXN0X3N0YXR1c19leHBvc2VzX3Jvb3RfaXNzdWVyX3BvbGljeV9jcmVkZW50aWFsc19hbmRfcmV2b2NhdGlvbl9zeW5jIiB0aW1lPSIwLjE4MyIgLz48dGVzdGNhc2UgY2xhc3Nu
2026-09-10T08:11:30.6646836Z GO_EVIDENCE_B64 YW1lPSJ0ZXN0cy50ZXN0X3NwcmludDRiX3RyYW5zcGFyZW5jeV9nb3NzaXAiIG5hbWU9InRlc3RfY29uc2lzdGVuY3lfcHJvb2ZfdmVyaWZpZXNfYXBwZW5kX29ubHlfZXh0ZW5zaW9uIiB0aW1lPSIwLjE0NSIgLz48dGVzdGNhc2UgY2xhc3NuYW1lPSJ0ZXN0cy50ZXN0X3NwcmludDRiX3RyYW5zcGFyZW5jeV9nb3NzaXAiIG5hbWU9InRlc3Rfd2l0bmVzc19mZWRlcmF0aW9uX3JlcXVpcmVzX3ZhbGlkX3F1b3J1bSIgdGltZT0iMC4xMzAiIC8+PHRlc3RjYXNlIGNsYXNzbmFtZT0idGVzdHMudGVzdF9zcHJpbnQ0Yl90cmFuc3Bh
2026-09-10T08:11:30.6653284Z GO_EVIDENCE_B64 cmVuY3lfZ29zc2lwIiBuYW1lPSJ0ZXN0X2dvc3NpcF9zYW1lX2NoZWNrcG9pbnRfZG9lc19ub3Rfb3Blbl9pbmNpZGVudCIgdGltZT0iMC4xMzciIC8+PHRlc3RjYXNlIGNsYXNzbmFtZT0idGVzdHMudGVzdF9zcHJpbnQ0Yl90cmFuc3BhcmVuY3lfZ29zc2lwIiBuYW1lPSJ0ZXN0X2dvc3NpcF9jb25mbGljdF9vcGVuc19zZXYxX2luY2lkZW50X2FuZF9pc29sYXRlc19yZWdpb25zIiB0aW1lPSIwLjE1NSIgLz48dGVzdGNhc2UgY2xhc3NuYW1lPSJ0ZXN0cy50ZXN0X3NwcmludDRiX3RyYW5zcGFyZW5jeV9nb3NzaXAiIG5hbWU9
2026-09-10T08:11:30.6660051Z GO_EVIDENCE_B64 InRlc3RfaXNvbGF0ZWRfcmVnaW9uX2ZvcmNlc180YV9hZG1pc3Npb25fZmFpbF9zYWZlIiB0aW1lPSIwLjE2OCIgLz48dGVzdGNhc2UgY2xhc3NuYW1lPSJ0ZXN0cy50ZXN0X3NwcmludDRiX3RyYW5zcGFyZW5jeV9nb3NzaXAiIG5hbWU9InRlc3RfcmVjb3ZlcnlfcmVxdWlyZXNfdmVyaWZpZWRfY29uc2lzdGVuY3lfYW5kX3dpdG5lc3NfZmVkZXJhdGlvbl9xdW9ydW0iIHRpbWU9IjAuMTQ3IiAvPjx0ZXN0Y2FzZSBjbGFzc25hbWU9InRlc3RzLnRlc3Rfc3ByaW50NGJfdHJhbnNwYXJlbmN5X2dvc3NpcCIgbmFtZT0idGVzdF9y
2026-09-10T08:11:30.6667231Z GO_EVIDENCE_B64 ZWdpb25fcmVqb2luX3JlcXVpcmVzX3JlY292ZXJ5X2FuZF9yZXNvbHZlc19hZnRlcl9hbGxfcmVnaW9uc19yZWpvaW4iIHRpbWU9IjAuMTYwIiAvPjx0ZXN0Y2FzZSBjbGFzc25hbWU9InRlc3RzLnRlc3Rfc3ByaW50NGJfdHJhbnNwYXJlbmN5X2dvc3NpcCIgbmFtZT0idGVzdF9wdWJsaWNfY29uc2lzdGVuY3lfcHJvb2ZfaXNfYW5vbnltb3VzIiB0aW1lPSIwLjE4OSIgLz48dGVzdGNhc2UgY2xhc3NuYW1lPSJ0ZXN0cy50ZXN0X3NwcmludDRlX2NvbnRpbnVvdXNfY2hhb3Nfd2FpdmVyIiBuYW1lPSJ0ZXN0X3NjaGVkdWxlcl9y
2026-09-10T08:11:30.6678691Z GO_EVIDENCE_B64 dW5zX2R1ZV9jYW1wYWlnbl9hbmRfYWR2YW5jZXNfbmV4dF9ydW4iIHRpbWU9IjQuMDA1IiAvPjx0ZXN0Y2FzZSBjbGFzc25hbWU9InRlc3RzLnRlc3Rfc3ByaW50NGVfY29udGludW91c19jaGFvc193YWl2ZXIiIG5hbWU9InRlc3RfcmVhZGluZXNzX3RyZW5kX2RldGVjdHNfcnRvX3JlZ3Jlc3Npb24iIHRpbWU9IjMuOTI5IiAvPjx0ZXN0Y2FzZSBjbGFzc25hbWU9InRlc3RzLnRlc3Rfc3ByaW50NGVfY29udGludW91c19jaGFvc193YWl2ZXIiIG5hbWU9InRlc3RfZXZpZGVuY2VfYWdpbmdfbWFya3NfdHJlbmRfcmVncmVzc2Vk
2026-09-10T08:11:30.6689165Z GO_EVIDENCE_B64 IiB0aW1lPSIzLjg1MCIgLz48dGVzdGNhc2UgY2xhc3NuYW1lPSJ0ZXN0cy50ZXN0X3NwcmludDRlX2NvbnRpbnVvdXNfY2hhb3Nfd2FpdmVyIiBuYW1lPSJ0ZXN0X3dhaXZlcl9yZXF1aXJlc190d29fZGlzdGluY3RfYXBwcm92ZXJzX2FuZF9yZXF1ZXN0ZXJfY2Fubm90X2FwcHJvdmUiIHRpbWU9IjMuOTMzIiAvPjx0ZXN0Y2FzZSBjbGFzc25hbWU9InRlc3RzLnRlc3Rfc3ByaW50NGVfY29udGludW91c19jaGFvc193YWl2ZXIiIG5hbWU9InRlc3Rfd2FpdmVyX2F1dG9fZXhwaXJlc19hbmRfY2Fubm90X2F1dGhvcml6ZV9yZWxl
2026-09-10T08:11:30.6697156Z GO_EVIDENCE_B64 YXNlIiB0aW1lPSI0LjAyMCIgLz48dGVzdGNhc2UgY2xhc3NuYW1lPSJ0ZXN0cy50ZXN0X3NwcmludDRlX2NvbnRpbnVvdXNfY2hhb3Nfd2FpdmVyIiBuYW1lPSJ0ZXN0X3ZhbGlkX2dhdGVfYXV0aG9yaXplc193aXRob3V0X3dhaXZlcl9hbmRfcmVjb3Jkc19oaXN0b3J5IiB0aW1lPSIzLjg0OSIgLz48dGVzdGNhc2UgY2xhc3NuYW1lPSJ0ZXN0cy50ZXN0X3NwcmludDRlX2NvbnRpbnVvdXNfY2hhb3Nfd2FpdmVyIiBuYW1lPSJ0ZXN0X2Jsb2NrZWRfZ2F0ZV9jYW5fb25seV9iZV9ieXBhc3NlZF9ieV9hY3RpdmVfYXBwcm92ZWRf
2026-09-10T08:11:30.6705216Z GO_EVIDENCE_B64 d2FpdmVyIiB0aW1lPSIzLjg4OSIgLz48dGVzdGNhc2UgY2xhc3NuYW1lPSJ0ZXN0cy50ZXN0X3NwcmludDRlX2NvbnRpbnVvdXNfY2hhb3Nfd2FpdmVyIiBuYW1lPSJ0ZXN0X3dhaXZlcl93aW5kb3dfaXNfaGFyZF9ib3VuZGVkX2FuZF9zdXBwbGllcl9mYWN0X3VuY2hhbmdlZCIgdGltZT0iMy44OTciIC8+PHRlc3RjYXNlIGNsYXNzbmFtZT0idGVzdHMudGVzdF9zcHJpbnQ0aV9lbnRlcnByaXNlX3Jpc2tfYXBwZXRpdGUiIG5hbWU9InRlc3Rfcmlza19hcHBldGl0ZV9yZXF1aXJlc190d29fZGlzdGluY3RfYm9hcmRfYXBwcm92
2026-09-10T08:11:30.6716134Z GO_EVIDENCE_B64 ZXJzIiB0aW1lPSIzLjc2NCIgLz48dGVzdGNhc2UgY2xhc3NuYW1lPSJ0ZXN0cy50ZXN0X3NwcmludDRpX2VudGVycHJpc2Vfcmlza19hcHBldGl0ZSIgbmFtZT0idGVzdF9jdXJyZW50X3BvcnRmb2xpb19jYW5fcGFzc193aGlsZV9zdHJlc3NfYnJlYWNoZXNfYXBwZXRpdGVfYW5kX2ZyZWV6ZXMiIHRpbWU9IjMuOTQxIiAvPjx0ZXN0Y2FzZSBjbGFzc25hbWU9InRlc3RzLnRlc3Rfc3ByaW50NGlfZW50ZXJwcmlzZV9yaXNrX2FwcGV0aXRlIiBuYW1lPSJ0ZXN0X2hlYWRyb29tX2J1ZmZlcl9hbmRfc2Vuc2l0aXZpdHlfYXJlX2V4
2026-09-10T08:11:30.6723766Z GO_EVIDENCE_B64 cGxpY2l0IiB0aW1lPSIzLjg2MSIgLz48dGVzdGNhc2UgY2xhc3NuYW1lPSJ0ZXN0cy50ZXN0X3NwcmludDRpX2VudGVycHJpc2Vfcmlza19hcHBldGl0ZSIgbmFtZT0idGVzdF9jb3JyZWxhdGlvbl9hbXBsaWZpZXJfaW5jcmVhc2VzX3N0cmVzc2VkX2V4cG9zdXJlIiB0aW1lPSIzLjg5MSIgLz48dGVzdGNhc2UgY2xhc3NuYW1lPSJ0ZXN0cy50ZXN0X3NwcmludDRpX2VudGVycHJpc2Vfcmlza19hcHBldGl0ZSIgbmFtZT0idGVzdF9zdHJlc3NfZnJlZXplX2Jsb2Nrc19uZXdfd2FpdmVyX2FuZF9uZXdfZXhlY3V0aXZlX2FjY2Vw
2026-09-10T08:11:30.6732725Z GO_EVIDENCE_B64 dGFuY2UiIHRpbWU9IjMuOTU0IiAvPjx0ZXN0Y2FzZSBjbGFzc25hbWU9InRlc3RzLnRlc3Rfc3ByaW50NGlfZW50ZXJwcmlzZV9yaXNrX2FwcGV0aXRlIiBuYW1lPSJ0ZXN0XzRnX3Jlc2lkdWFsX3Jpc2tfcmVsZWFzZV9pc19ibG9ja2VkX2J5X2FjdGl2ZV9zdHJlc3NfZnJlZXplIiB0aW1lPSIzLjkyMiIgLz48dGVzdGNhc2UgY2xhc3NuYW1lPSJ0ZXN0cy50ZXN0X3NwcmludDRpX2VudGVycHJpc2Vfcmlza19hcHBldGl0ZSIgbmFtZT0idGVzdF9mcmVlemVfcmVsZWFzZV9yZXF1aXJlc19sYXRlc3Rfbm9uX2JyZWFjaF9zdHJl
2026-09-10T08:11:30.6742166Z GO_EVIDENCE_B64 c3NfYXNzZXNzbWVudF9hbmRfZXZpZGVuY2UiIHRpbWU9IjMuODc3IiAvPjx0ZXN0Y2FzZSBjbGFzc25hbWU9InRlc3RzLnRlc3Rfc3ByaW50NGlfZW50ZXJwcmlzZV9yaXNrX2FwcGV0aXRlIiBuYW1lPSJ0ZXN0X3N0cmVzc19hc3Nlc3NtZW50X25ldmVyX2NoYW5nZXNfc3VwcGxpZXJfZmFjdCIgdGltZT0iNC4wMDMiIC8+PHRlc3RjYXNlIGNsYXNzbmFtZT0idGVzdHMudGVzdF9zcHJpbnQ0bl9mb3JlY2FzdF9kcmlmdF9nb3Zlcm5hbmNlIiBuYW1lPSJ0ZXN0X3BvbGljeV9tYWtlcl9jaGVja2VyIiB0aW1lPSIwLjEyOSIgLz48
2026-09-10T08:11:30.6766146Z GO_EVIDENCE_B64 dGVzdGNhc2UgY2xhc3NuYW1lPSJ0ZXN0cy50ZXN0X3NwcmludDRuX2ZvcmVjYXN0X2RyaWZ0X2dvdmVybmFuY2UiIG5hbWU9InRlc3RfaW5zdWZmaWNpZW50X3NhbXBsZV9kb2VzX25vdF90cmlnZ2VyX3JlZnJlc2giIHRpbWU9IjAuMTUyIiAvPjx0ZXN0Y2FzZSBjbGFzc25hbWU9InRlc3RzLnRlc3Rfc3ByaW50NG5fZm9yZWNhc3RfZHJpZnRfZ292ZXJuYW5jZSIgbmFtZT0idGVzdF9wb3B1bGF0aW9uX2FuZF9zZWdtZW50X2RyaWZ0X2RldGVjdGVkIiB0aW1lPSIwLjEzNiIgLz48dGVzdGNhc2UgY2xhc3NuYW1lPSJ0ZXN0cy50
2026-09-10T08:11:30.6772718Z GO_EVIDENCE_B64 ZXN0X3NwcmludDRuX2ZvcmVjYXN0X2RyaWZ0X2dvdmVybmFuY2UiIG5hbWU9InRlc3RfcmVzaWR1YWxfZHJpZnRfZGV0ZWN0ZWQiIHRpbWU9IjAuMTM3IiAvPjx0ZXN0Y2FzZSBjbGFzc25hbWU9InRlc3RzLnRlc3Rfc3ByaW50NG5fZm9yZWNhc3RfZHJpZnRfZ292ZXJuYW5jZSIgbmFtZT0idGVzdF9jb25zZWN1dGl2ZV9icmVhY2hlc19yZXF1aXJlZF9iZWZvcmVfcmV0cmFpbmluZyIgdGltZT0iMC4xNTAiIC8+PHRlc3RjYXNlIGNsYXNzbmFtZT0idGVzdHMudGVzdF9zcHJpbnQ0bl9mb3JlY2FzdF9kcmlmdF9nb3Zlcm5hbmNl
2026-09-10T08:11:30.6781904Z GO_EVIDENCE_B64 IiBuYW1lPSJ0ZXN0X2F1dG9fZ2VuZXJhdGVkX2NhbmRpZGF0ZV9pc19jaGFsbGVuZ2VyX25vdF9jaGFtcGlvbiIgdGltZT0iMC4xNTIiIC8+PHRlc3RjYXNlIGNsYXNzbmFtZT0idGVzdHMudGVzdF9zcHJpbnQ0bl9mb3JlY2FzdF9kcmlmdF9nb3Zlcm5hbmNlIiBuYW1lPSJ0ZXN0X3JlZnJlc2hfcGlwZWxpbmVfcG9pbnRzX3RvXzRsXzRtX2dvdmVybmFuY2UiIHRpbWU9IjAuMTQ0IiAvPjx0ZXN0Y2FzZSBjbGFzc25hbWU9InRlc3RzLnRlc3Rfc3ByaW50NG5fZm9yZWNhc3RfZHJpZnRfZ292ZXJuYW5jZSIgbmFtZT0idGVzdF9z
2026-09-10T08:11:30.6789246Z GO_EVIDENCE_B64 dXBwbGllcl9mYWN0X2JvdW5kYXJ5IiB0aW1lPSIwLjE0NSIgLz48dGVzdGNhc2UgY2xhc3NuYW1lPSJ0ZXN0cy50ZXN0X3NwcmludDRwX21vZGVsX2FydGlmYWN0X2dvdmVybmFuY2UiIG5hbWU9InRlc3RfYXJ0aWZhY3RfcG9saWN5X3JlcXVpcmVzX21ha2VyX2NoZWNrZXIiIHRpbWU9IjAuMTgzIiAvPjx0ZXN0Y2FzZSBjbGFzc25hbWU9InRlc3RzLnRlc3Rfc3ByaW50NHBfbW9kZWxfYXJ0aWZhY3RfZ292ZXJuYW5jZSIgbmFtZT0idGVzdF9hcnRpZmFjdF9yZWdpc3RyeV9iaW5kc19yZXByb2R1Y2libGVfNG9fYnVpbGRfYW5k
2026-09-10T08:11:30.6795880Z GO_EVIDENCE_B64 X3BhY2thZ2VfZm9ybWF0IiB0aW1lPSIwLjI1NiIgLz48dGVzdGNhc2UgY2xhc3NuYW1lPSJ0ZXN0cy50ZXN0X3NwcmludDRwX21vZGVsX2FydGlmYWN0X2dvdmVybmFuY2UiIG5hbWU9InRlc3Rfc2JvbV9hbmRfcHJvdmVuYW5jZV9hcmVfZGlnZXN0X2JvdW5kX3RvX2FydGlmYWN0IiB0aW1lPSIwLjE4MiIgLz48dGVzdGNhc2UgY2xhc3NuYW1lPSJ0ZXN0cy50ZXN0X3NwcmludDRwX21vZGVsX2FydGlmYWN0X2dvdmVybmFuY2UiIG5hbWU9InRlc3RfaW52YWxpZF9zaWduZWRfYnVpbGRfYXR0ZXN0YXRpb25faXNfcmVqZWN0ZWRf
2026-09-10T08:11:30.6802594Z GO_EVIDENCE_B64 ZnJvbV9wcm9tb3Rpb25fYmluZGluZyIgdGltZT0iMC4yMDAiIC8+PHRlc3RjYXNlIGNsYXNzbmFtZT0idGVzdHMudGVzdF9zcHJpbnQ0cF9tb2RlbF9hcnRpZmFjdF9nb3Zlcm5hbmNlIiBuYW1lPSJ0ZXN0X3NpZ25lZF9hdHRlc3RhdGlvbl9pbnRlZ3JpdHlfYW5kX3Byb21vdGlvbl9iaW5kaW5nX2Zvcm1fc3VwcGx5X2NoYWluIiB0aW1lPSIwLjIwMiIgLz48dGVzdGNhc2UgY2xhc3NuYW1lPSJ0ZXN0cy50ZXN0X3NwcmludDRwX21vZGVsX2FydGlmYWN0X2dvdmVybmFuY2UiIG5hbWU9InRlc3RfdGFtcGVyX2RldGVjdGlvbl9p
2026-09-10T08:11:30.6809561Z GO_EVIDENCE_B64 bnZhbGlkYXRlc180bF9iYWNrdGVzdF9ldmVuX2FmdGVyX3ByZXZpb3VzX3Bhc3MiIHRpbWU9IjAuMjE2IiAvPjx0ZXN0Y2FzZSBjbGFzc25hbWU9InRlc3RzLnRlc3Rfc3ByaW50NHBfbW9kZWxfYXJ0aWZhY3RfZ292ZXJuYW5jZSIgbmFtZT0idGVzdF80bF9hbmRfNG1fY2Fubm90X2J5cGFzc19zaWduZWRfYXJ0aWZhY3RfZ2F0ZV93aGVuX3BvbGljeV9hY3RpdmUiIHRpbWU9IjAuMTkzIiAvPjx0ZXN0Y2FzZSBjbGFzc25hbWU9InRlc3RzLnRlc3Rfc3ByaW50NHBfbW9kZWxfYXJ0aWZhY3RfZ292ZXJuYW5jZSIgbmFtZT0idGVz
2026-09-10T08:11:30.6816265Z GO_EVIDENCE_B64 dF9zdXBwbGllcl9mYWN0X2JvdW5kYXJ5IiB0aW1lPSIwLjE5MCIgLz48dGVzdGNhc2UgY2xhc3NuYW1lPSJ0ZXN0cy50ZXN0X3NwcmludDRxX21vZGVsX3NlcnZpbmdfYXR0ZXN0YXRpb24iIG5hbWU9InRlc3Rfc2VydmluZ19wb2xpY3lfcmVxdWlyZXNfbWFrZXJfY2hlY2tlciIgdGltZT0iMy44OTkiIC8+PHRlc3RjYXNlIGNsYXNzbmFtZT0idGVzdHMudGVzdF9zcHJpbnQ0cV9tb2RlbF9zZXJ2aW5nX2F0dGVzdGF0aW9uIiBuYW1lPSJ0ZXN0X2RlcGxveW1lbnRfYmluZGluZ19yZXF1aXJlc180cF9zaWduZWRfYXJ0aWZhY3Rf
2026-09-10T08:11:30.6822791Z GO_EVIDENCE_B64 YmluZGluZyIgdGltZT0iMy45NDMiIC8+PHRlc3RjYXNlIGNsYXNzbmFtZT0idGVzdHMudGVzdF9zcHJpbnQ0cV9tb2RlbF9zZXJ2aW5nX2F0dGVzdGF0aW9uIiBuYW1lPSJ0ZXN0X3J1bnRpbWVfbW9kZWxfZmluZ2VycHJpbnRfaXNfYm91bmRfdG9fZGVwbG95bWVudF9hbmRfYXJ0aWZhY3QiIHRpbWU9IjMuOTQzIiAvPjx0ZXN0Y2FzZSBjbGFzc25hbWU9InRlc3RzLnRlc3Rfc3ByaW50NHFfbW9kZWxfc2VydmluZ19hdHRlc3RhdGlvbiIgbmFtZT0idGVzdF93cm9uZ19sb2FkZWRfYXJ0aWZhY3RfZGlnZXN0X2ltbWVkaWF0ZWx5
2026-09-10T08:11:30.6829754Z GO_EVIDENCE_B64 X2Jsb2Nrc19zZXJ2aW5nIiB0aW1lPSIzLjg4MSIgLz48dGVzdGNhc2UgY2xhc3NuYW1lPSJ0ZXN0cy50ZXN0X3NwcmludDRxX21vZGVsX3NlcnZpbmdfYXR0ZXN0YXRpb24iIG5hbWU9InRlc3Rfd3JvbmdfcnVudGltZV9maW5nZXJwcmludF9pc19mYWlsX3NhZmVfYmxvY2tlZCIgdGltZT0iMy45NzciIC8+PHRlc3RjYXNlIGNsYXNzbmFtZT0idGVzdHMudGVzdF9zcHJpbnQ0cV9tb2RlbF9zZXJ2aW5nX2F0dGVzdGF0aW9uIiBuYW1lPSJ0ZXN0X3ZlcmlmaWVkX3NlcnZpbmdfYXR0ZXN0YXRpb25fYWxsb3dzX2ZvcmVjYXN0X3J1
2026-09-10T08:11:30.6836301Z GO_EVIDENCE_B64 bnRpbWVfYW5kX21pc21hdGNoX3N0b3BzX2l0IiB0aW1lPSI0LjA0MSIgLz48dGVzdGNhc2UgY2xhc3NuYW1lPSJ0ZXN0cy50ZXN0X3NwcmludDRxX21vZGVsX3NlcnZpbmdfYXR0ZXN0YXRpb24iIG5hbWU9InRlc3Rfcm9sbGJhY2tfbGluZWFnZV9yZXF1aXJlc19uZXdfdmVyaWZpZWRfcnVudGltZV9iZWZvcmVfcmVsZWFzZSIgdGltZT0iMy45MTQiIC8+PHRlc3RjYXNlIGNsYXNzbmFtZT0idGVzdHMudGVzdF9zcHJpbnQ0cV9tb2RlbF9zZXJ2aW5nX2F0dGVzdGF0aW9uIiBuYW1lPSJ0ZXN0X3N1cHBsaWVyX2ZhY3RfYm91bmRh
2026-09-10T08:11:30.6842787Z GO_EVIDENCE_B64 cnkiIHRpbWU9IjMuODY4IiAvPjx0ZXN0Y2FzZSBjbGFzc25hbWU9InRlc3RzLnRlc3Rfc3ByaW50NHZfZ2VuZXJhbGl6YXRpb24iIG5hbWU9InRlc3RfcG9saWN5X21ha2VyX2NoZWNrZXIiIHRpbWU9IjMuODE5IiAvPjx0ZXN0Y2FzZSBjbGFzc25hbWU9InRlc3RzLnRlc3Rfc3ByaW50NHZfZ2VuZXJhbGl6YXRpb24iIG5hbWU9InRlc3RfYWRqYWNlbnRfZ2VuZXJhbGl6YXRpb25fZGV0ZWN0c19yZWdyZXNzaW9uIiB0aW1lPSIzLjg1OSIgLz48dGVzdGNhc2UgY2xhc3NuYW1lPSJ0ZXN0cy50ZXN0X3NwcmludDR2X2dlbmVyYWxp
2026-09-10T08:11:30.6849447Z GO_EVIDENCE_B64 emF0aW9uIiBuYW1lPSJ0ZXN0X2hvbGRvdXRfc2FmZXR5X2RldGVjdHNfcmVncmVzc2lvbiIgdGltZT0iMy45NTciIC8+PHRlc3RjYXNlIGNsYXNzbmFtZT0idGVzdHMudGVzdF9zcHJpbnQ0dl9nZW5lcmFsaXphdGlvbiIgbmFtZT0idGVzdF9wcmVfcHJvbW90aW9uX3JlcXVpcmVzX2dlbmVyYWxpemF0aW9uX2FuZF9ob2xkb3V0IiB0aW1lPSIzLjgwNCIgLz48dGVzdGNhc2UgY2xhc3NuYW1lPSJ0ZXN0cy50ZXN0X3NwcmludDR2X2dlbmVyYWxpemF0aW9uIiBuYW1lPSJ0ZXN0X3Bhc3NlZF9nZW5lcmFsaXphdGlvbl9hbmRfaG9s
2026-09-10T08:11:30.6856276Z GO_EVIDENCE_B64 ZG91dF91bmxvY2tfZ2F0ZSIgdGltZT0iMy44MjUiIC8+PHRlc3RjYXNlIGNsYXNzbmFtZT0idGVzdHMudGVzdF9zcHJpbnQ0dl9nZW5lcmFsaXphdGlvbiIgbmFtZT0idGVzdF9wb3N0X3Byb21vdGlvbl9wcm9vZl9jYW5fYmVfcHJvdmVuIiB0aW1lPSIzLjg5NSIgLz48dGVzdGNhc2UgY2xhc3NuYW1lPSJ0ZXN0cy50ZXN0X3NwcmludDR2X2dlbmVyYWxpemF0aW9uIiBuYW1lPSJ0ZXN0X3Bvc3RfcHJvbW90aW9uX3JlZ3Jlc3Npb25fcmVxdWlyZXNfZ292ZXJuZWRfcm9sbGJhY2siIHRpbWU9IjMuODk0IiAvPjx0ZXN0Y2FzZSBj
2026-09-10T08:11:30.6862940Z GO_EVIDENCE_B64 bGFzc25hbWU9InRlc3RzLnRlc3Rfc3ByaW50NHZfZ2VuZXJhbGl6YXRpb24iIG5hbWU9InRlc3RfcHJvYmF0aW9uX3JlcXVpcmVzX2N1cnJlbnRfcHJvZHVjdGlvbl9wcm9vZl9hbmRfcHJlc2VydmVzX3N1cHBsaWVyX2ZhY3QiIHRpbWU9IjMuOTAwIiAvPjx0ZXN0Y2FzZSBjbGFzc25hbWU9InRlc3RzLnRlc3Rfc3ByaW50NHhfcG9ydGZvbGlvX2NoYW1waW9uX2NvbnRpbnVpdHkiIG5hbWU9InRlc3RfY29udGludWl0eV9kaXN0aW5ndWlzaGVzX2RlZ3JhZGluZ19ub19sb25nZXJfb3B0aW1hbF9hbmRfdW5zYWZlIiB0aW1lPSIz
2026-09-10T08:11:30.6869628Z GO_EVIDENCE_B64 LjgzMCIgLz48dGVzdGNhc2UgY2xhc3NuYW1lPSJ0ZXN0cy50ZXN0X3NwcmludDR4X3BvcnRmb2xpb19jaGFtcGlvbl9jb250aW51aXR5IiBuYW1lPSJ0ZXN0X29ubHlfNHdfcG9ydGZvbGlvX3dpbm5lcl9jYW5fb3Blbl9jaGFsbGVuZ2UiIHRpbWU9IjMuODcwIiAvPjx0ZXN0Y2FzZSBjbGFzc25hbWU9InRlc3RzLnRlc3Rfc3ByaW50NHhfcG9ydGZvbGlvX2NoYW1waW9uX2NvbnRpbnVpdHkiIG5hbWU9InRlc3RfbXVsdGlfb2JqZWN0aXZlX3NhZmV0eV9iZWF0c19zaW5nbGVfc2NvcmVfZ2FpbiIgdGltZT0iMy45NzMiIC8+PHRl
2026-09-10T08:11:30.6876224Z GO_EVIDENCE_B64 c3RjYXNlIGNsYXNzbmFtZT0idGVzdHMudGVzdF9zcHJpbnQ0eF9wb3J0Zm9saW9fY2hhbXBpb25fY29udGludWl0eSIgbmFtZT0idGVzdF9jYW5kaWRhdGVfbXVzdF9iZV9tYXRlcmlhbGx5X3N1cGVyaW9yX2JlZm9yZV9yZXBsYWNlbWVudF9hcHByb3ZhbCIgdGltZT0iNC4wMzEiIC8+PHRlc3RjYXNlIGNsYXNzbmFtZT0idGVzdHMudGVzdF9zcHJpbnQ0eF9wb3J0Zm9saW9fY2hhbXBpb25fY29udGludWl0eSIgbmFtZT0idGVzdF9zdXBlcmlvcl9jYW5kaWRhdGVfZ2V0c19hcHByb3ZlZF9idXRfbm90X2ltbWVkaWF0ZV9jaGFt
2026-09-10T08:11:30.6882789Z GO_EVIDENCE_B64 cGlvbl9yZXBsYWNlbWVudCIgdGltZT0iMy45NTIiIC8+PHRlc3RjYXNlIGNsYXNzbmFtZT0idGVzdHMudGVzdF9zcHJpbnQ0eF9wb3J0Zm9saW9fY2hhbXBpb25fY29udGludWl0eSIgbmFtZT0idGVzdF90cmFuc2l0aW9uX3JlYWRzXzRyX2NhbmFyeV9hc19zb3VyY2Vfb2ZfdHJ1dGgiIHRpbWU9IjMuODkzIiAvPjx0ZXN0Y2FzZSBjbGFzc25hbWU9InRlc3RzLnRlc3Rfc3ByaW50NHhfcG9ydGZvbGlvX2NoYW1waW9uX2NvbnRpbnVpdHkiIG5hbWU9InRlc3RfZnVsbF90cmFmZmljX2Nhbm5vdF9maW5hbGl6ZV93aXRob3V0XzR2
2026-09-10T08:11:30.6889584Z GO_EVIDENCE_B64 X3Byb2R1Y3Rpb25fcHJvb2YiIHRpbWU9IjMuOTEwIiAvPjx0ZXN0Y2FzZSBjbGFzc25hbWU9InRlc3RzLnRlc3Rfc3ByaW50NHhfcG9ydGZvbGlvX2NoYW1waW9uX2NvbnRpbnVpdHkiIG5hbWU9InRlc3Rfc2FmZV9yZXBsYWNlbWVudF9hbmRfcm9sbGJhY2tfcHJlc2VydmVfaGlzdG9yeV9hbmRfc3VwcGxpZXJfZmFjdCIgdGltZT0iMy44NzgiIC8+PHRlc3RjYXNlIGNsYXNzbmFtZT0idGVzdHMudGVzdF93YXZlMDNfYzA3X2MwOV9hdXRob3JpdHlfY29udHJhY3QiIG5hbWU9InRlc3RfYzA3X3ByZXBhcmVzX2V2aWRlbmNlX29u
2026-09-10T08:11:30.6896131Z GO_EVIDENCE_B64 bHlfYW5kX25ldmVyX2p1ZGdtZW50X3RydXRoIiB0aW1lPSIwLjExMSIgLz48dGVzdGNhc2UgY2xhc3NuYW1lPSJ0ZXN0cy50ZXN0X3dhdmUwM19jMDdfYzA5X2F1dGhvcml0eV9jb250cmFjdCIgbmFtZT0idGVzdF9jMDdfbGVnYWN5X2p1ZGdtZW50X2VudHJ5cG9pbnRzX2ZhaWxfY2xvc2VkIiB0aW1lPSIwLjA4NiIgLz48dGVzdGNhc2UgY2xhc3NuYW1lPSJ0ZXN0cy50ZXN0X3dhdmUwM19jMDdfYzA5X2F1dGhvcml0eV9jb250cmFjdCIgbmFtZT0idGVzdF9jMDlfcmVqZWN0c190cmF2ZWxlcl9maXRfY29udGV4dF9hc19yZWNv
2026-09-10T08:11:30.6902579Z GO_EVIDENCE_B64 bW1lbmRhdGlvbl9pbnB1dCIgdGltZT0iMC4wODYiIC8+PHRlc3RjYXNlIGNsYXNzbmFtZT0idGVzdHMudGVzdF93YXZlMDNfYzA3X2MwOV9hdXRob3JpdHlfY29udHJhY3QiIG5hbWU9InRlc3Rfd2F2ZTAzX2NvbnRyYWN0X3JlZ2lzdHJ5X2tlZXBzX2MwOV9hc19maW5hbF9vd25lciIgdGltZT0iMC4wODYiIC8+PHRlc3RjYXNlIGNsYXNzbmFtZT0idGVzdHMudGVzdF93YXZlMDNfYzA3X2MwOV9hdXRob3JpdHlfY29udHJhY3QiIG5hbWU9InRlc3RfYzA3X2F1dG9ub215X3JlZ2lzdHJ5X2hhc19jb250ZXh0X2V2aWRlbmNlX2J1
2026-09-10T08:11:30.6909271Z GO_EVIDENCE_B64 dF9ub3RfanVkZ21lbnRfY2FwYWJpbGl0eSIgdGltZT0iMC4wODciIC8+PHRlc3RjYXNlIGNsYXNzbmFtZT0idGVzdHMud29ya2JlbmNoLnRlc3Rfd2F2ZTA2X3Byb3ZpZGVyX2NlcnRpZmljYXRpb25fZmlkZWxpdHlfdjIiIG5hbWU9InRlc3RfaGFybmVzc192Ml9jZXJ0aWZpZXNfYWxsX3NpeF92ZXJ0aWNhbHNfd2l0aG91dF9leHRlcm5hbF9jbGFpbSIgdGltZT0iMC4wODciIC8+PHRlc3RjYXNlIGNsYXNzbmFtZT0idGVzdHMud29ya2JlbmNoLnRlc3Rfd2F2ZTA2X3Byb3ZpZGVyX2NlcnRpZmljYXRpb25fZmlkZWxpdHlfdjIi
2026-09-10T08:11:30.6915922Z GO_EVIDENCE_B64 IG5hbWU9InRlc3RfaGFybmVzc192Ml9ibG9ja3NfY29udHJhY3Rfd2l0aF9iYWRfcmVwbGF5X3RvbGVyYW5jZSIgdGltZT0iMC4wODYiIC8+PHRlc3RjYXNlIGNsYXNzbmFtZT0idGVzdHMud29ya2JlbmNoLnRlc3Rfd2F2ZTA2X3Byb3ZpZGVyX2NlcnRpZmljYXRpb25fZmlkZWxpdHlfdjIiIG5hbWU9InRlc3RfY29udHJhY3RfZmlkZWxpdHlfcnVubmVyX3Bhc3Nlc19hbGxfc2l4X3ZlcnRpY2FsX2NvbnRyb2xsZWRfc2ltdWxhdGlvbnMiIHRpbWU9IjAuMDg5IiAvPjx0ZXN0Y2FzZSBjbGFzc25hbWU9InRlc3RzLndvcmtiZW5j
2026-09-10T08:11:30.6922528Z GO_EVIDENCE_B64 aC50ZXN0X3dhdmUwNl9wcm92aWRlcl9jZXJ0aWZpY2F0aW9uX2ZpZGVsaXR5X3YyIiBuYW1lPSJ0ZXN0X2NvbnRyYWN0X2ZpZGVsaXR5X3J1bm5lcl9ibG9ja3NfY3Jvc3NfZG9tYWluX3RydXRoX293bmVyIiB0aW1lPSIwLjA4NiIgLz48dGVzdGNhc2UgY2xhc3NuYW1lPSJ0ZXN0cy53b3JrYmVuY2gudGVzdF93YXZlMDZfcHJvdmlkZXJfY2VydGlmaWNhdGlvbl9maWRlbGl0eV92MiIgbmFtZT0idGVzdF9jb250cmFjdF9maWRlbGl0eV9ydW5uZXJfYmxvY2tzX2NvbmZsaWN0aW5nX2lkZW1wb3RlbnRfcmVwbGF5IiB0aW1lPSIw
2026-09-10T08:11:30.6925903Z GO_EVIDENCE_B64 LjA4OCIgLz48L3Rlc3RzdWl0ZT48L3Rlc3RzdWl0ZXM+
2026-09-10T08:11:30.6926318Z GO_EVIDENCE_FILE_END backend-full.xml
2026-09-10T08:11:30.6926968Z GO_EVIDENCE_FILE_BEGIN backend-inventory.json 394405 eda8255df87c69185e04454c07b8d18756d87c13ac632a583584c56295a213db
2026-09-10T08:11:30.6930924Z GO_EVIDENCE_B64 ewogICJjYW5kaWRhdGUiOiAiN2JkOThkYjIxZWU5NTBhZWI5MWMxMmIyOTZiMTg2NGI1YTc1OGMzZiIsCiAgInNvdXJjZV90cmVlX3NoYTI1NiI6ICJjNThlZGIwYzA1NjhjM2Y5ZmU4MGJhMDE0YzI2MDUxM2EwN2E4ZTc0YjIxMWI2MDhhZGU0ZDkwNTJmODY0NWIzIiwKICAic2hhcmQiOiAzLAogICJ0b3RhbF9zaGFyZHMiOiA0LAogICJhbGxfbm9kZWlkcyI6IFsKICAgICJ0ZXN0cy9hdXRvbm9teS90ZXN0X2RlcHRoMDhfZHVyYWJsZS5weTo6dGVzdF9ldmVyeV9jZWxsX3BlcnNpc3RzX2FuZF9yZXN1bWVzX2NvbW1pdHRlZF9z
2026-09-10T08:11:30.6937653Z GO_EVIDENCE_B64 dGVwX3dpdGhvdXRfZHVwbGljYXRlW0MwMV0iLAogICAgInRlc3RzL2F1dG9ub215L3Rlc3RfZGVwdGgwOF9kdXJhYmxlLnB5Ojp0ZXN0X2V2ZXJ5X2NlbGxfcGVyc2lzdHNfYW5kX3Jlc3VtZXNfY29tbWl0dGVkX3N0ZXBfd2l0aG91dF9kdXBsaWNhdGVbQzAyXSIsCiAgICAidGVzdHMvYXV0b25vbXkvdGVzdF9kZXB0aDA4X2R1cmFibGUucHk6OnRlc3RfZXZlcnlfY2VsbF9wZXJzaXN0c19hbmRfcmVzdW1lc19jb21taXR0ZWRfc3RlcF93aXRob3V0X2R1cGxpY2F0ZVtDMDNdIiwKICAgICJ0ZXN0cy9hdXRvbm9teS90ZXN0X2Rl
2026-09-10T08:11:30.6944433Z GO_EVIDENCE_B64 cHRoMDhfZHVyYWJsZS5weTo6dGVzdF9ldmVyeV9jZWxsX3BlcnNpc3RzX2FuZF9yZXN1bWVzX2NvbW1pdHRlZF9zdGVwX3dpdGhvdXRfZHVwbGljYXRlW0MwNF0iLAogICAgInRlc3RzL2F1dG9ub215L3Rlc3RfZGVwdGgwOF9kdXJhYmxlLnB5Ojp0ZXN0X2V2ZXJ5X2NlbGxfcGVyc2lzdHNfYW5kX3Jlc3VtZXNfY29tbWl0dGVkX3N0ZXBfd2l0aG91dF9kdXBsaWNhdGVbQzA1XSIsCiAgICAidGVzdHMvYXV0b25vbXkvdGVzdF9kZXB0aDA4X2R1cmFibGUucHk6OnRlc3RfZXZlcnlfY2VsbF9wZXJzaXN0c19hbmRfcmVzdW1lc19j
2026-09-10T08:11:30.6950998Z GO_EVIDENCE_B64 b21taXR0ZWRfc3RlcF93aXRob3V0X2R1cGxpY2F0ZVtDMDZdIiwKICAgICJ0ZXN0cy9hdXRvbm9teS90ZXN0X2RlcHRoMDhfZHVyYWJsZS5weTo6dGVzdF9ldmVyeV9jZWxsX3BlcnNpc3RzX2FuZF9yZXN1bWVzX2NvbW1pdHRlZF9zdGVwX3dpdGhvdXRfZHVwbGljYXRlW0MwN10iLAogICAgInRlc3RzL2F1dG9ub215L3Rlc3RfZGVwdGgwOF9kdXJhYmxlLnB5Ojp0ZXN0X2V2ZXJ5X2NlbGxfcGVyc2lzdHNfYW5kX3Jlc3VtZXNfY29tbWl0dGVkX3N0ZXBfd2l0aG91dF9kdXBsaWNhdGVbQzA4XSIsCiAgICAidGVzdHMvYXV0b25v
2026-09-10T08:11:30.6957876Z GO_EVIDENCE_B64 bXkvdGVzdF9kZXB0aDA4X2R1cmFibGUucHk6OnRlc3RfZXZlcnlfY2VsbF9wZXJzaXN0c19hbmRfcmVzdW1lc19jb21taXR0ZWRfc3RlcF93aXRob3V0X2R1cGxpY2F0ZVtDMDldIiwKICAgICJ0ZXN0cy9hdXRvbm9teS90ZXN0X2RlcHRoMDhfZHVyYWJsZS5weTo6dGVzdF9ldmVyeV9jZWxsX3BlcnNpc3RzX2FuZF9yZXN1bWVzX2NvbW1pdHRlZF9zdGVwX3dpdGhvdXRfZHVwbGljYXRlW0MxMF0iLAogICAgInRlc3RzL2F1dG9ub215L3Rlc3RfZGVwdGgwOF9kdXJhYmxlLnB5Ojp0ZXN0X2V2ZXJ5X2NlbGxfcGVyc2lzdHNfYW5k
2026-09-10T08:11:30.6964554Z GO_EVIDENCE_B64 X3Jlc3VtZXNfY29tbWl0dGVkX3N0ZXBfd2l0aG91dF9kdXBsaWNhdGVbQzExXSIsCiAgICAidGVzdHMvYXV0b25vbXkvdGVzdF9kZXB0aDA4X2R1cmFibGUucHk6OnRlc3RfZXZlcnlfY2VsbF9wZXJzaXN0c19hbmRfcmVzdW1lc19jb21taXR0ZWRfc3RlcF93aXRob3V0X2R1cGxpY2F0ZVtDMTJdIiwKICAgICJ0ZXN0cy9hdXRvbm9teS90ZXN0X2RlcHRoMDhfZHVyYWJsZS5weTo6dGVzdF9ldmVyeV9jZWxsX3BlcnNpc3RzX2FuZF9yZXN1bWVzX2NvbW1pdHRlZF9zdGVwX3dpdGhvdXRfZHVwbGljYXRlW0MxM10iLAogICAgInRl
2026-09-10T08:11:30.6971004Z GO_EVIDENCE_B64 c3RzL2F1dG9ub215L3Rlc3RfZGVwdGgwOF9kdXJhYmxlLnB5Ojp0ZXN0X2V2ZXJ5X2NlbGxfcGVyc2lzdHNfYW5kX3Jlc3VtZXNfY29tbWl0dGVkX3N0ZXBfd2l0aG91dF9kdXBsaWNhdGVbQzE0XSIsCiAgICAidGVzdHMvYXV0b25vbXkvdGVzdF9kZXB0aDA4X2R1cmFibGUucHk6OnRlc3Rfc2FtZV9rZXlfY2Fubm90X2NoYW5nZV9yZXF1ZXN0W3BheWxvYWQtdmFsdWUwXSIsCiAgICAidGVzdHMvYXV0b25vbXkvdGVzdF9kZXB0aDA4X2R1cmFibGUucHk6OnRlc3Rfc2FtZV9rZXlfY2Fubm90X2NoYW5nZV9yZXF1ZXN0W21heF9h
2026-09-10T08:11:30.6977576Z GO_EVIDENCE_B64 dHRlbXB0cy0zXSIsCiAgICAidGVzdHMvYXV0b25vbXkvdGVzdF9kZXB0aDA4X2R1cmFibGUucHk6OnRlc3RfcGFyYWxsZWxfc3VibWl0X2FuZF9jbGFpbV9oYXZlX29uZV9lZmZlY3QiLAogICAgInRlc3RzL2F1dG9ub215L3Rlc3RfZGVwdGgwOF9kdXJhYmxlLnB5Ojp0ZXN0X3JldHJ5X3JvbGxzX2JhY2tfZWZmZWN0X2FuZF9zdG9wc19hdF9idWRnZXQiLAogICAgInRlc3RzL2F1dG9ub215L3Rlc3RfZGVwdGgwOF9kdXJhYmxlLnB5Ojp0ZXN0X3JldHJ5X2hhc19wZXJzaXN0ZWRfYmFja29mZiIsCiAgICAidGVzdHMvYXV0b25v
2026-09-10T08:11:30.6984299Z GO_EVIDENCE_B64 bXkvdGVzdF9kZXB0aDA4X2R1cmFibGUucHk6OnRlc3RfdW5rbm93bl9oYW5kbGVyX2FuZF9uZXdfdmVyc2lvbl9ob2xkX2V4aXN0aW5nX3Rhc2siLAogICAgInRlc3RzL2F1dG9ub215L3Rlc3RfZGVwdGgwOF9kdXJhYmxlLnB5Ojp0ZXN0X3BhdXNlX3Jlc3VtZV9hbmRfY2FuY2VsX2ZlbmNlX29sZF93b3JrZXIiLAogICAgInRlc3RzL2F1dG9ub215L3Rlc3RfZGVwdGgwOF9kdXJhYmxlLnB5Ojp0ZXN0X3JvbGVfcmV2b2tlZF9hZnRlcl9maXJzdF9jaGVja3BvaW50X3ByZXZlbnRzX25leHRfc3RlcCIsCiAgICAidGVzdHMvYXV0
2026-09-10T08:11:30.6990715Z GO_EVIDENCE_B64 b25vbXkvdGVzdF9kZXB0aDA4X2R1cmFibGUucHk6OnRlc3Rfc3RhbmRpbmdfcXVhbGlmaWNhdGlvbl9zdXJ2aXZlc19yZXN0YXJ0X2FuZF9sb3NzX3N0b3BzX3JldHJ5W3Jldm9rZV0iLAogICAgInRlc3RzL2F1dG9ub215L3Rlc3RfZGVwdGgwOF9kdXJhYmxlLnB5Ojp0ZXN0X3N0YW5kaW5nX3F1YWxpZmljYXRpb25fc3Vydml2ZXNfcmVzdGFydF9hbmRfbG9zc19zdG9wc19yZXRyeVtleHBpcmVdIiwKICAgICJ0ZXN0cy9hdXRvbm9teS90ZXN0X2RlcHRoMDhfZHVyYWJsZS5weTo6dGVzdF9jMTNfY2Fubm90X3NlbGZfcXVhbGlm
2026-09-10T08:11:30.6997301Z GO_EVIDENCE_B64 eSIsCiAgICAidGVzdHMvYXV0b25vbXkvdGVzdF9kZXB0aDA4X2R1cmFibGUucHk6OnRlc3RfYzE0X2Nhbm5vdF9iZV9ieXBhc3NlZF9pbl9kdXJhYmxlX2V4ZWN1dGlvbltjaGFuZ2UwLUNST1NTX0RPTUFJTl9UUlVUSF9NVVRBVElPTl9ERU5JRURdIiwKICAgICJ0ZXN0cy9hdXRvbm9teS90ZXN0X2RlcHRoMDhfZHVyYWJsZS5weTo6dGVzdF9jMTRfY2Fubm90X2JlX2J5cGFzc2VkX2luX2R1cmFibGVfZXhlY3V0aW9uW2NoYW5nZTEtU0VMRl9FTVBPV0VSTUVOVF9QUk9ISUJJVEVEXSIsCiAgICAidGVzdHMvYXV0b25vbXkvdGVz
2026-09-10T08:11:30.7003838Z GO_EVIDENCE_B64 dF9kZXB0aDA4X2R1cmFibGUucHk6OnRlc3RfYzE0X2Nhbm5vdF9iZV9ieXBhc3NlZF9pbl9kdXJhYmxlX2V4ZWN1dGlvbltjaGFuZ2UyLUFVVE9OT01ZX1FVQUxJRklDQVRJT05fTUlTU0lOR10iLAogICAgInRlc3RzL2F1dG9ub215L3Rlc3RfZGVwdGgwOF9kdXJhYmxlLnB5Ojp0ZXN0X2MxNF9jYW5ub3RfYmVfYnlwYXNzZWRfaW5fZHVyYWJsZV9leGVjdXRpb25bY2hhbmdlMy1MRUdBTF9IT0xEXSIsCiAgICAidGVzdHMvYXV0b25vbXkvdGVzdF9kZXB0aDA4X2R1cmFibGUucHk6OnRlc3RfY29uZGl0aW9uYWxfbGVnYWxfYWxs
2026-09-10T08:11:30.7010541Z GO_EVIDENCE_B64 b3dfaXNfbm90X2V4ZWN1dGFibGVfd2l0aG91dF9zYXRpc2ZpZXIiLAogICAgInRlc3RzL2F1dG9ub215L3Rlc3RfZGVwdGgwOF9kdXJhYmxlLnB5Ojp0ZXN0X2V4cGlyZWRfYW5kX3dyb25nX3Rva2VuX2hlYXJ0YmVhdHNfZG9fbm90X3Jlc3VycmVjdF9sZWFzZSIsCiAgICAidGVzdHMvYXV0b25vbXkvdGVzdF9kZXB0aDA4X2R1cmFibGUucHk6OnRlc3RfY2hlY2twb2ludHNfZGV0ZWN0X2NvcnJ1cHRpb24iLAogICAgInRlc3RzL2F1dG9ub215L3Rlc3RfZGVwdGgwOF9kdXJhYmxlLnB5Ojp0ZXN0X3JlcXVlc3RfdGFtcGVyaW5n
2026-09-10T08:11:30.7017107Z GO_EVIDENCE_B64 X2lzX3JlamVjdGVkX2JlZm9yZV9lZmZlY3QiLAogICAgInRlc3RzL2F1dG9ub215L3Rlc3RfZGVwdGgwOF9kdXJhYmxlLnB5Ojp0ZXN0X2xvY2FsX3N0ZXBfZXhwaXJpbmdfYmVmb3JlX2NvbW1pdF9yb2xsc19iYWNrIiwKICAgICJ0ZXN0cy9hdXRvbm9teS90ZXN0X2RlcHRoMDhfZHVyYWJsZS5weTo6dGVzdF9lbnZpcm9ubWVudF9zY29wZV9pc29sYXRpb25fYW5kX3Byb2R1Y3Rpb25fZ2F0ZSIsCiAgICAidGVzdHMvYXV0b25vbXkvdGVzdF9kZXB0aDA4X2R1cmFibGUucHk6OnRlc3RfZXh0ZXJuYWxfYW1iaWd1b3VzX291dGNv
2026-09-10T08:11:30.7023611Z GO_EVIDENCE_B64 bWVfaXNfcmVjb25jaWxlZF93aXRob3V0X3Jlc2VuZFtTVUNDRUVERURdIiwKICAgICJ0ZXN0cy9hdXRvbm9teS90ZXN0X2RlcHRoMDhfZHVyYWJsZS5weTo6dGVzdF9leHRlcm5hbF9hbWJpZ3VvdXNfb3V0Y29tZV9pc19yZWNvbmNpbGVkX3dpdGhvdXRfcmVzZW5kW1VOS05PV05dIiwKICAgICJ0ZXN0cy9hdXRvbm9teS90ZXN0X2RlcHRoMDhfZHVyYWJsZS5weTo6dGVzdF9leHRlcm5hbF9hbWJpZ3VvdXNfb3V0Y29tZV9pc19yZWNvbmNpbGVkX3dpdGhvdXRfcmVzZW5kW0ZBSUxFRF0iLAogICAgInRlc3RzL2F1dG9ub215L3Rl
2026-09-10T08:11:30.7030235Z GO_EVIDENCE_B64 c3RfZGVwdGgwOF9kdXJhYmxlLnB5Ojp0ZXN0X2V4dGVybmFsX3JlY29uY2lsaWF0aW9uX3JlamVjdHNfdW5ib3VuZF9yZWNlaXB0IiwKICAgICJ0ZXN0cy9hdXRvbm9teS90ZXN0X2RlcHRoMDhfZHVyYWJsZS5weTo6dGVzdF9zaWdraWxsX3JlY292ZXJ5X3VzZXNfZGF0YWJhc2Vfbm90X3Byb2Nlc3NfbWVtb3J5W2FmdGVyX2NsYWltXSIsCiAgICAidGVzdHMvYXV0b25vbXkvdGVzdF9kZXB0aDA4X2R1cmFibGUucHk6OnRlc3Rfc2lna2lsbF9yZWNvdmVyeV91c2VzX2RhdGFiYXNlX25vdF9wcm9jZXNzX21lbW9yeVtpbnNpZGVf
2026-09-10T08:11:30.7036822Z GO_EVIDENCE_B64 dHJhbnNhY3Rpb25dIiwKICAgICJ0ZXN0cy9hdXRvbm9teS90ZXN0X2RlcHRoMDhfZHVyYWJsZS5weTo6dGVzdF9zaWdraWxsX3JlY292ZXJ5X3VzZXNfZGF0YWJhc2Vfbm90X3Byb2Nlc3NfbWVtb3J5W2FmdGVyX2NoZWNrcG9pbnRdIiwKICAgICJ0ZXN0cy9hdXRvbm9teS90ZXN0X2RlcHRoMDhfZHVyYWJsZS5weTo6dGVzdF9wcm9jZXNzX2RpZXNfYWZ0ZXJfcHJvdmlkZXJfZWZmZWN0X25ldmVyX3JlZGlzcGF0Y2hlcyIsCiAgICAidGVzdHMvYXV0b25vbXkvdGVzdF9kZXB0aDE2X2N1cnJlbnRfYXV0aG9yaXR5LnB5Ojp0ZXN0
2026-09-10T08:11:30.7043529Z GO_EVIDENCE_B64 X2N1cnJlbnRfaW5kZXBlbmRlbnRfcXVhbGlmaWNhdGlvbl9wZXJtaXRzX3JlcGVhdGVkX2luX3Njb3BlX2RlY2lzaW9ucyIsCiAgICAidGVzdHMvYXV0b25vbXkvdGVzdF9kZXB0aDE2X2N1cnJlbnRfYXV0aG9yaXR5LnB5Ojp0ZXN0X21pc3Npbmdfb3Jfc3RhbGVfcXVhbGlmaWNhdGlvbl9pc19pbnNwZWN0YWJsZV9idXRfY2Fubm90X2V4ZWN1dGVbY2hhbmdlczAtQVVUT05PTVlfUVVBTElGSUNBVElPTl9WQUxJRElUWV9SRVFVSVJFRF0iLAogICAgInRlc3RzL2F1dG9ub215L3Rlc3RfZGVwdGgxNl9jdXJyZW50X2F1dGhvcml0
2026-09-10T08:11:30.7050157Z GO_EVIDENCE_B64 eS5weTo6dGVzdF9taXNzaW5nX29yX3N0YWxlX3F1YWxpZmljYXRpb25faXNfaW5zcGVjdGFibGVfYnV0X2Nhbm5vdF9leGVjdXRlW2NoYW5nZXMxLUFVVE9OT01ZX1FVQUxJRklDQVRJT05fTk9UX1lFVF9WQUxJRF0iLAogICAgInRlc3RzL2F1dG9ub215L3Rlc3RfZGVwdGgxNl9jdXJyZW50X2F1dGhvcml0eS5weTo6dGVzdF9taXNzaW5nX29yX3N0YWxlX3F1YWxpZmljYXRpb25faXNfaW5zcGVjdGFibGVfYnV0X2Nhbm5vdF9leGVjdXRlW2NoYW5nZXMyLUFVVE9OT01ZX1FVQUxJRklDQVRJT05fRVhQSVJFRF0iLAogICAgInRl
2026-09-10T08:11:30.7056646Z GO_EVIDENCE_B64 c3RzL2F1dG9ub215L3Rlc3RfZGVwdGgxNl9jdXJyZW50X2F1dGhvcml0eS5weTo6dGVzdF9taXNzaW5nX29yX3N0YWxlX3F1YWxpZmljYXRpb25faXNfaW5zcGVjdGFibGVfYnV0X2Nhbm5vdF9leGVjdXRlW2NoYW5nZXMzLUFVVE9OT01ZX1FVQUxJRklDQVRJT05fUE9MSUNZX0NIQU5HRURdIiwKICAgICJ0ZXN0cy9hdXRvbm9teS90ZXN0X2RlcHRoMTZfY3VycmVudF9hdXRob3JpdHkucHk6OnRlc3RfcmV2b2NhdGlvbl90YWtlc19lZmZlY3Rfb25fbmV4dF9hY3Rpb25fYW5kX29sZF9ldmlkZW5jZV9jYW5ub3RfcmVxdWFsaWZ5
2026-09-10T08:11:30.7063005Z GO_EVIDENCE_B64 W3N1c3BlbmRdIiwKICAgICJ0ZXN0cy9hdXRvbm9teS90ZXN0X2RlcHRoMTZfY3VycmVudF9hdXRob3JpdHkucHk6OnRlc3RfcmV2b2NhdGlvbl90YWtlc19lZmZlY3Rfb25fbmV4dF9hY3Rpb25fYW5kX29sZF9ldmlkZW5jZV9jYW5ub3RfcmVxdWFsaWZ5W3Jldm9rZV0iLAogICAgInRlc3RzL2F1dG9ub215L3Rlc3RfZGVwdGgxNl9jdXJyZW50X2F1dGhvcml0eS5weTo6dGVzdF9hY3Rvcl9hbmRfdmFsaWRhdG9yX2Nhbm5vdF9yZWxlYXNlX3RoZWlyX293bl9xdWFsaWZpY2F0aW9uW05vbmVdIiwKICAgICJ0ZXN0cy9hdXRvbm9t
2026-09-10T08:11:30.7069724Z GO_EVIDENCE_B64 eS90ZXN0X2RlcHRoMTZfY3VycmVudF9hdXRob3JpdHkucHk6OnRlc3RfYWN0b3JfYW5kX3ZhbGlkYXRvcl9jYW5ub3RfcmVsZWFzZV90aGVpcl9vd25fcXVhbGlmaWNhdGlvbltDMDJdIiwKICAgICJ0ZXN0cy9hdXRvbm9teS90ZXN0X2RlcHRoMTZfY3VycmVudF9hdXRob3JpdHkucHk6OnRlc3RfYWN0b3JfYW5kX3ZhbGlkYXRvcl9jYW5ub3RfcmVsZWFzZV90aGVpcl9vd25fcXVhbGlmaWNhdGlvbltDMTNdIiwKICAgICJ0ZXN0cy9hdXRvbm9teS90ZXN0X2RlcHRoMTZfY3VycmVudF9hdXRob3JpdHkucHk6OnRlc3RfYWN0b3Jf
2026-09-10T08:11:30.7076407Z GO_EVIDENCE_B64 YW5kX3ZhbGlkYXRvcl9jYW5ub3RfcmVsZWFzZV90aGVpcl9vd25fcXVhbGlmaWNhdGlvblt1bmtub3duXSIsCiAgICAidGVzdHMvYXV0b25vbXkvdGVzdF9kZXB0aDE2X2N1cnJlbnRfYXV0aG9yaXR5LnB5Ojp0ZXN0X2ludmFsaWRfbGlmZXRpbWVfaXNfcmVqZWN0ZWRfd2l0aG91dF9pbnN0YWxsaW5nX3F1YWxpZmljYXRpb25bY2hhbmdlczBdIiwKICAgICJ0ZXN0cy9hdXRvbm9teS90ZXN0X2RlcHRoMTZfY3VycmVudF9hdXRob3JpdHkucHk6OnRlc3RfaW52YWxpZF9saWZldGltZV9pc19yZWplY3RlZF93aXRob3V0X2luc3Rh
2026-09-10T08:11:30.7082972Z GO_EVIDENCE_B64 bGxpbmdfcXVhbGlmaWNhdGlvbltjaGFuZ2VzMV0iLAogICAgInRlc3RzL2F1dG9ub215L3Rlc3RfZGVwdGgxNl9jdXJyZW50X2F1dGhvcml0eS5weTo6dGVzdF9pbnZhbGlkX2xpZmV0aW1lX2lzX3JlamVjdGVkX3dpdGhvdXRfaW5zdGFsbGluZ19xdWFsaWZpY2F0aW9uW2NoYW5nZXMyXSIsCiAgICAidGVzdHMvYXV0b25vbXkvdGVzdF9kZXB0aDE2X2N1cnJlbnRfYXV0aG9yaXR5LnB5Ojp0ZXN0X3Njb3BlX2Nhbm5vdF9iZV9ib3Jyb3dlZF9mcm9tX2FfZGlmZmVyZW50X2Vudmlyb25tZW50X29yX2NhcGFiaWxpdHkiLAogICAg
2026-09-10T08:11:30.7089495Z GO_EVIDENCE_B64 InRlc3RzL2F1dG9ub215L3Rlc3RfZGVwdGgxNl9jdXJyZW50X2F1dGhvcml0eS5weTo6dGVzdF9tYXRlcmlhbF9hY3Rpb25fZmFjdHNfY2Fubm90X2JvcnJvd196ZXJvX21vbmV5X29yX3BpaV9yaXNrX3F1YWxpZmljYXRpb25bY2hhbmdlczBdIiwKICAgICJ0ZXN0cy9hdXRvbm9teS90ZXN0X2RlcHRoMTZfY3VycmVudF9hdXRob3JpdHkucHk6OnRlc3RfbWF0ZXJpYWxfYWN0aW9uX2ZhY3RzX2Nhbm5vdF9ib3Jyb3dfemVyb19tb25leV9vcl9waWlfcmlza19xdWFsaWZpY2F0aW9uW2NoYW5nZXMxXSIsCiAgICAidGVzdHMvYXV0
2026-09-10T08:11:30.7095922Z GO_EVIDENCE_B64 b25vbXkvdGVzdF9kZXB0aDE2X2N1cnJlbnRfYXV0aG9yaXR5LnB5Ojp0ZXN0X21hdGVyaWFsX2FjdGlvbl9mYWN0c19jYW5ub3RfYm9ycm93X3plcm9fbW9uZXlfb3JfcGlpX3Jpc2tfcXVhbGlmaWNhdGlvbltjaGFuZ2VzMl0iLAogICAgInRlc3RzL2F1dG9ub215L3Rlc3RfZGVwdGgxNl9jdXJyZW50X2F1dGhvcml0eS5weTo6dGVzdF9pbnB1dF9jb2xsZWN0aW9uc19jYW5ub3RfbXV0YXRlX2FuX2FjY2VwdGVkX2FjdGlvbl9vcl9xdWFsaWZpY2F0aW9uIiwKICAgICJ0ZXN0cy9hdXRvbm9teS90ZXN0X2RlcHRoMTZfY3VycmVu
2026-09-10T08:11:30.7102484Z GO_EVIDENCE_B64 dF9hdXRob3JpdHkucHk6OnRlc3RfYWxsX21hdGNoaW5nX3BvbGljeV9jb25kaXRpb25zX211c3RfYmVfdmVyaWZpZWRfd2l0aF90aGVpcl9vd25fcnVsZV9iaW5kaW5nIiwKICAgICJ0ZXN0cy9hdXRvbm9teS90ZXN0X2RlcHRoMTZfY3VycmVudF9hdXRob3JpdHkucHk6OnRlc3Rfc2FtZV9jb25kaXRpb25fbmFtZV9mcm9tX2RpZmZlcmVudF9wb2xpY2llc19kb2VzX25vdF9zaGFyZV9hbl9hdHRlc3RhdGlvbiIsCiAgICAidGVzdHMvYXV0b25vbXkvdGVzdF9kZXB0aDE2X2N1cnJlbnRfYXV0aG9yaXR5LnB5Ojp0ZXN0X3NlbGZf
2026-09-10T08:11:30.7109025Z GO_EVIDENCE_B64 YXNzZXJ0ZWRfbWV0YWRhdGFfb3JfbWlzc2luZ192ZXJpZmllcl9uZXZlcl9zYXRpc2ZpZXNfcG9saWN5X2NvbmRpdGlvbnMiLAogICAgInRlc3RzL2F1dG9ub215L3Rlc3RfZGVwdGgxNl9jdXJyZW50X2F1dGhvcml0eS5weTo6dGVzdF9zdGFsZV9taXNtYXRjaGVkX29yX3VucHJvdmVuX2NvbmRpdGlvbl9jYW5ub3RfZXhlY3V0ZVtjaGFuZ2VzMF0iLAogICAgInRlc3RzL2F1dG9ub215L3Rlc3RfZGVwdGgxNl9jdXJyZW50X2F1dGhvcml0eS5weTo6dGVzdF9zdGFsZV9taXNtYXRjaGVkX29yX3VucHJvdmVuX2NvbmRpdGlvbl9j
2026-09-10T08:11:30.7115608Z GO_EVIDENCE_B64 YW5ub3RfZXhlY3V0ZVtjaGFuZ2VzMV0iLAogICAgInRlc3RzL2F1dG9ub215L3Rlc3RfZGVwdGgxNl9jdXJyZW50X2F1dGhvcml0eS5weTo6dGVzdF9zdGFsZV9taXNtYXRjaGVkX29yX3VucHJvdmVuX2NvbmRpdGlvbl9jYW5ub3RfZXhlY3V0ZVtjaGFuZ2VzMl0iLAogICAgInRlc3RzL2F1dG9ub215L3Rlc3RfZGVwdGgxNl9jdXJyZW50X2F1dGhvcml0eS5weTo6dGVzdF9zdGFsZV9taXNtYXRjaGVkX29yX3VucHJvdmVuX2NvbmRpdGlvbl9jYW5ub3RfZXhlY3V0ZVtjaGFuZ2VzM10iLAogICAgInRlc3RzL2F1dG9ub215L3Rl
2026-09-10T08:11:30.7122042Z GO_EVIDENCE_B64 c3RfZGVwdGgxNl9jdXJyZW50X2F1dGhvcml0eS5weTo6dGVzdF9zdGFsZV9taXNtYXRjaGVkX29yX3VucHJvdmVuX2NvbmRpdGlvbl9jYW5ub3RfZXhlY3V0ZVtjaGFuZ2VzNF0iLAogICAgInRlc3RzL2F1dG9ub215L3Rlc3RfZGVwdGgxNl9jdXJyZW50X2F1dGhvcml0eS5weTo6dGVzdF9zdGFsZV9taXNtYXRjaGVkX29yX3VucHJvdmVuX2NvbmRpdGlvbl9jYW5ub3RfZXhlY3V0ZVtjaGFuZ2VzNV0iLAogICAgInRlc3RzL2F1dG9ub215L3Rlc3RfZGVwdGgxNl9jdXJyZW50X2F1dGhvcml0eS5weTo6dGVzdF9zdGFsZV9taXNt
2026-09-10T08:11:30.7128811Z GO_EVIDENCE_B64 YXRjaGVkX29yX3VucHJvdmVuX2NvbmRpdGlvbl9jYW5ub3RfZXhlY3V0ZVtjaGFuZ2VzNl0iLAogICAgInRlc3RzL2F1dG9ub215L3Rlc3RfZGVwdGgxNl9jdXJyZW50X2F1dGhvcml0eS5weTo6dGVzdF9zdGFsZV9taXNtYXRjaGVkX29yX3VucHJvdmVuX2NvbmRpdGlvbl9jYW5ub3RfZXhlY3V0ZVtjaGFuZ2VzN10iLAogICAgInRlc3RzL2F1dG9ub215L3Rlc3RfZGVwdGgxNl9jdXJyZW50X2F1dGhvcml0eS5weTo6dGVzdF9zdGFsZV9taXNtYXRjaGVkX29yX3VucHJvdmVuX2NvbmRpdGlvbl9jYW5ub3RfZXhlY3V0ZVtjaGFu
2026-09-10T08:11:30.7135322Z GO_EVIDENCE_B64 Z2VzOF0iLAogICAgInRlc3RzL2F1dG9ub215L3Rlc3RfZGVwdGgxNl9jdXJyZW50X2F1dGhvcml0eS5weTo6dGVzdF9zYW1lX2FjdGlvbl9pZF93aXRoX2NoYW5nZWRfcGF5bG9hZF9jYW5ub3RfcmV1c2VfYV9jb25kaXRpb25fcHJvb2YiLAogICAgInRlc3RzL2F1dG9ub215L3Rlc3RfZGVwdGgxNl9jdXJyZW50X2F1dGhvcml0eS5weTo6dGVzdF9yZXNvbHZlcl9vdXRhZ2VfaG9sZHNfZXhlY3V0aW9uX3dpdGhvdXRfdGhyb3dpbmdfYXdheV9vdGhlcl9wb2xpY3lfY29uZGl0aW9ucyIsCiAgICAidGVzdHMvYXV0b25vbXkvdGVz
2026-09-10T08:11:30.7141670Z GO_EVIDENCE_B64 dF9kZXB0aDE2X2N1cnJlbnRfYXV0aG9yaXR5LnB5Ojp0ZXN0X2VhcmxpZXJfcHJvb2ZzX2FyZV9jaGVja2VkX2FnYWluX2FmdGVyX3Nsb3dfbGF0ZXJfY29uZGl0aW9uX2xvb2t1cCIsCiAgICAidGVzdHMvYXV0b25vbXkvdGVzdF9kZXB0aDE2X2N1cnJlbnRfYXV0aG9yaXR5LnB5Ojp0ZXN0X3F1YWxpZmljYXRpb25faXNfY2hlY2tlZF9hZ2Fpbl9hZnRlcl9jb25kaXRpb25fbG9va3VwW2V4cGlyZV0iLAogICAgInRlc3RzL2F1dG9ub215L3Rlc3RfZGVwdGgxNl9jdXJyZW50X2F1dGhvcml0eS5weTo6dGVzdF9xdWFsaWZpY2F0
2026-09-10T08:11:30.7148180Z GO_EVIDENCE_B64 aW9uX2lzX2NoZWNrZWRfYWdhaW5fYWZ0ZXJfY29uZGl0aW9uX2xvb2t1cFtyZXZva2VdIiwKICAgICJ0ZXN0cy9hdXRvbm9teS90ZXN0X2RlcHRoMTZfY3VycmVudF9hdXRob3JpdHkucHk6OnRlc3RfcG9saWN5X3JlcGxhY2VtZW50X2R1cmluZ19jb25kaXRpb25fbG9va3VwX3JlcXVpcmVzX2FfZnJlc2hfZGVjaXNpb24iLAogICAgInRlc3RzL2F1dG9ub215L3Rlc3RfZGVwdGgxNl9jdXJyZW50X2F1dGhvcml0eS5weTo6dGVzdF9hbGxvd19mb3Jfb25lX2V4cG9zdXJlX2RvZXNfbm90X2NvdmVyX2FkZGl0aW9uYWxfZXhwb3N1
2026-09-10T08:11:30.7154865Z GO_EVIDENCE_B64 cmVzIiwKICAgICJ0ZXN0cy9hdXRvbm9teS90ZXN0X2RlcHRoMTZfY3VycmVudF9hdXRob3JpdHkucHk6OnRlc3RfcmVzdHJpY3RpdmVfcG9saWN5X3ByZXZlbnRzX2NvbmRpdGlvbl9sb29rdXBfYW5kX2V4ZWN1dGlvbltMRUdBTF9IT0xEXSIsCiAgICAidGVzdHMvYXV0b25vbXkvdGVzdF9kZXB0aDE2X2N1cnJlbnRfYXV0aG9yaXR5LnB5Ojp0ZXN0X3Jlc3RyaWN0aXZlX3BvbGljeV9wcmV2ZW50c19jb25kaXRpb25fbG9va3VwX2FuZF9leGVjdXRpb25bTEVHQUxfQkxPQ0tdIiwKICAgICJ0ZXN0cy9hdXRvbm9teS90ZXN0X2Rl
2026-09-10T08:11:30.7161516Z GO_EVIDENCE_B64 cHRoMTZfY3VycmVudF9hdXRob3JpdHkucHk6OnRlc3RfcG9saWN5X2Nhbm5vdF9yZW1vdmVfZXh0ZXJuYWxfcmV2aWV3X29yX2FtYmlndW91c2x5X2R1cGxpY2F0ZV9wb2xpY3lfaWRlbnRpdHkiLAogICAgInRlc3RzL2F1dG9ub215L3Rlc3RfZGVwdGgxNl9jdXJyZW50X2F1dGhvcml0eS5weTo6dGVzdF9hbWJpZ3VvdXNfdHlwZXNfY2Fubm90X2NoYW5nZV9yaXNrX29yX2Vudmlyb25tZW50X3NlbWFudGljc1s8bGFtYmRhPjBdIiwKICAgICJ0ZXN0cy9hdXRvbm9teS90ZXN0X2RlcHRoMTZfY3VycmVudF9hdXRob3JpdHkucHk6
2026-09-10T08:11:30.7168021Z GO_EVIDENCE_B64 OnRlc3RfYW1iaWd1b3VzX3R5cGVzX2Nhbm5vdF9jaGFuZ2Vfcmlza19vcl9lbnZpcm9ubWVudF9zZW1hbnRpY3NbPGxhbWJkYT4xXSIsCiAgICAidGVzdHMvYXV0b25vbXkvdGVzdF9kZXB0aDE2X2N1cnJlbnRfYXV0aG9yaXR5LnB5Ojp0ZXN0X2FtYmlndW91c190eXBlc19jYW5ub3RfY2hhbmdlX3Jpc2tfb3JfZW52aXJvbm1lbnRfc2VtYW50aWNzWzxsYW1iZGE+Ml0iLAogICAgInRlc3RzL2F1dG9ub215L3Rlc3RfZGVwdGgxNl9jdXJyZW50X2F1dGhvcml0eS5weTo6dGVzdF9hbWJpZ3VvdXNfdHlwZXNfY2Fubm90X2NoYW5n
2026-09-10T08:11:30.7174530Z GO_EVIDENCE_B64 ZV9yaXNrX29yX2Vudmlyb25tZW50X3NlbWFudGljc1s8bGFtYmRhPjNdIiwKICAgICJ0ZXN0cy9hdXRvbm9teS90ZXN0X2RlcHRoMTZfY3VycmVudF9hdXRob3JpdHkucHk6OnRlc3RfYW1iaWd1b3VzX3R5cGVzX2Nhbm5vdF9jaGFuZ2Vfcmlza19vcl9lbnZpcm9ubWVudF9zZW1hbnRpY3NbPGxhbWJkYT40XSIsCiAgICAidGVzdHMvYXV0b25vbXkvdGVzdF9kZXB0aDE2X2N1cnJlbnRfYXV0aG9yaXR5LnB5Ojp0ZXN0X2FtYmlndW91c190eXBlc19jYW5ub3RfY2hhbmdlX3Jpc2tfb3JfZW52aXJvbm1lbnRfc2VtYW50aWNzWzxs
2026-09-10T08:11:30.7180946Z GO_EVIDENCE_B64 YW1iZGE+NV0iLAogICAgInRlc3RzL2F1dG9ub215L3Rlc3RfZGVwdGgxNl9jdXJyZW50X2F1dGhvcml0eS5weTo6dGVzdF9hbWJpZ3VvdXNfdHlwZXNfY2Fubm90X2NoYW5nZV9yaXNrX29yX2Vudmlyb25tZW50X3NlbWFudGljc1s8bGFtYmRhPjZdIiwKICAgICJ0ZXN0cy9hdXRvbm9teS90ZXN0X2RlcHRoMTZfY3VycmVudF9hdXRob3JpdHkucHk6OnRlc3Rfbm9uemVyb19yZXZlcnNpYmlsaXR5X2lzX25vdF9zaWxlbnRseV9jbGFzc2lmaWVkX2FzX2xvY2FsX3plcm9fcmlzayIsCiAgICAidGVzdHMvYXV0b25vbXkvdGVzdF9k
2026-09-10T08:11:30.7187794Z GO_EVIDENCE_B64 ZXB0aDE3X2R1cmFibGVfYXV0aG9yaXR5LnB5Ojp0ZXN0X2ltbXV0YWJsZV9yZWNvcmRfcm91bmR0cmlwX2hhc19leHBsaWNpdF9yZWdpc3RyYXRpb25fd2luZG93IiwKICAgICJ0ZXN0cy9hdXRvbm9teS90ZXN0X2RlcHRoMTdfZHVyYWJsZV9hdXRob3JpdHkucHk6OnRlc3RfbGVnYWN5X3JlY29yZF93aXRob3V0X3dpbmRvd19zdGF5c19ob2xkX2FuZF9pc19ub3RfcmV3cml0dGVuIiwKICAgICJ0ZXN0cy9hdXRvbm9teS90ZXN0X2RlcHRoMTdfZHVyYWJsZV9hdXRob3JpdHkucHk6OnRlc3RfcmV2b2NhdGlvbl9ibG9ja3NfcmVw
2026-09-10T08:11:30.7194531Z GO_EVIDENCE_B64 bGF5aW5nX3NhbWVfaW5kZXBlbmRlbnRfZXZpZGVuY2UiLAogICAgInRlc3RzL2F1dG9ub215L3Rlc3RfZGVwdGgxN19kdXJhYmxlX2F1dGhvcml0eS5weTo6dGVzdF9uZXdfaW5kZXBlbmRlbnRfZXZpZGVuY2VfY2FuX3JlcXVhbGlmeV9hZnRlcl9yZXZvY2F0aW9uIiwKICAgICJ0ZXN0cy9hdXRvbm9teS90ZXN0X2RlcHRoMTdfZHVyYWJsZV9hdXRob3JpdHkucHk6OnRlc3RfcGVyc2lzdGVkX3Njb3BlX3BvbGljeV9hbmRfdGltZV9hcmVfY2hlY2tlZFtwb2xpY3ktQVVUT05PTVlfUVVBTElGSUNBVElPTl9QT0xJQ1lfQ0hBTkdF
2026-09-10T08:11:30.7208062Z GO_EVIDENCE_B64 RF0iLAogICAgInRlc3RzL2F1dG9ub215L3Rlc3RfZGVwdGgxN19kdXJhYmxlX2F1dGhvcml0eS5weTo6dGVzdF9wZXJzaXN0ZWRfc2NvcGVfcG9saWN5X2FuZF90aW1lX2FyZV9jaGVja2VkW3Njb3BlLVFVQUxJRklDQVRJT05fSU5WQUxJRF0iLAogICAgInRlc3RzL2F1dG9ub215L3Rlc3RfZGVwdGgxN19kdXJhYmxlX2F1dGhvcml0eS5weTo6dGVzdF9wZXJzaXN0ZWRfc2NvcGVfcG9saWN5X2FuZF90aW1lX2FyZV9jaGVja2VkW2Z1dHVyZS1BVVRPTk9NWV9RVUFMSUZJQ0FUSU9OX05PVF9ZRVRfVkFMSURdIiwKICAgICJ0ZXN0
2026-09-10T08:11:30.7214983Z GO_EVIDENCE_B64 cy9hdXRvbm9teS90ZXN0X2RlcHRoMTdfZHVyYWJsZV9hdXRob3JpdHkucHk6OnRlc3RfcGVyc2lzdGVkX3Njb3BlX3BvbGljeV9hbmRfdGltZV9hcmVfY2hlY2tlZFt0dGwtQVVUT05PTVlfUVVBTElGSUNBVElPTl9FWFBJUkVEXSIsCiAgICAidGVzdHMvYXV0b25vbXkvdGVzdF9kZXB0aDE3X2R1cmFibGVfYXV0aG9yaXR5LnB5Ojp0ZXN0X2F1dGhvcml0eV9leHBpcmluZ19pbnNpZGVfc3RlcF9yb2xsc19iYWNrX2VmZmVjdF9hbmRfY2hlY2twb2ludCIsCiAgICAidGVzdHMvYXV0b25vbXkvdGVzdF9kZXB0aDE3X2R1cmFibGVf
2026-09-10T08:11:30.7221550Z GO_EVIDENCE_B64 YXV0aG9yaXR5LnB5Ojp0ZXN0X2NvbmRpdGlvbmFsX2V4ZWN1dGlvbl9wZXJzaXN0c19ib3VuZF9ldmlkZW5jZV9mb3JfZWFjaF9zdGVwIiwKICAgICJ0ZXN0cy9hdXRvbm9teS90ZXN0X2RlcHRoMTdfZHVyYWJsZV9hdXRob3JpdHkucHk6OnRlc3Rfd3JvbmdfYWN0aW9uX29yX3VuYXZhaWxhYmxlX3Byb29mX2Nhbm5vdF9hdXRob3JpemVfZWZmZWN0W3BheWxvYWRdIiwKICAgICJ0ZXN0cy9hdXRvbm9teS90ZXN0X2RlcHRoMTdfZHVyYWJsZV9hdXRob3JpdHkucHk6OnRlc3Rfd3JvbmdfYWN0aW9uX29yX3VuYXZhaWxhYmxlX3By
2026-09-10T08:11:30.7228493Z GO_EVIDENCE_B64 b29mX2Nhbm5vdF9hdXRob3JpemVfZWZmZWN0W3N0ZXBdIiwKICAgICJ0ZXN0cy9hdXRvbm9teS90ZXN0X2RlcHRoMTdfZHVyYWJsZV9hdXRob3JpdHkucHk6OnRlc3Rfd3JvbmdfYWN0aW9uX29yX3VuYXZhaWxhYmxlX3Byb29mX2Nhbm5vdF9hdXRob3JpemVfZWZmZWN0W2V4Y2VwdGlvbl0iLAogICAgInRlc3RzL2F1dG9ub215L3Rlc3RfZGVwdGgxN19kdXJhYmxlX2F1dGhvcml0eS5weTo6dGVzdF9zdGVwX3plcm9fcHJvb2ZfY2Fubm90X2F1dGhvcml6ZV9zdGVwX29uZSIsCiAgICAidGVzdHMvYXV0b25vbXkvdGVzdF9kZXB0
2026-09-10T08:11:30.7235357Z GO_EVIDENCE_B64 aDE3X2R1cmFibGVfYXV0aG9yaXR5LnB5Ojp0ZXN0X2NvbmRpdGlvbl9leHBpcmluZ19pbnNpZGVfc3RlcF9yb2xsc19iYWNrX2xvY2FsX2VmZmVjdCIsCiAgICAidGVzdHMvYXV0b25vbXkvdGVzdF92N19haV9vcmdfYnVpbGQwMS5weTo6dGVzdF9leGFjdGx5XzEzX3Blcm1hbmVudF9jZWxsc19hbmRfdW5pcXVlX2RvbWFpbl9maW5hbF9vd25lciIsCiAgICAidGVzdHMvYXV0b25vbXkvdGVzdF92N19haV9vcmdfYnVpbGQwMS5weTo6dGVzdF9ub19jcm9zc19kb21haW5fdHJ1dGhfbXV0YXRpb24iLAogICAgInRlc3RzL2F1dG9u
2026-09-10T08:11:30.7246084Z GO_EVIDENCE_B64 b215L3Rlc3RfdjdfYWlfb3JnX2J1aWxkMDEucHk6OnRlc3Rfcmlza19lbmdpbmVfaXNfZGV0ZXJtaW5pc3RpY19hbmRfcjNfcjRfYXJlX2hhcmRfYm91bmRhcmllcyIsCiAgICAidGVzdHMvYXV0b25vbXkvdGVzdF92N19haV9vcmdfYnVpbGQwMS5weTo6dGVzdF9idWlsZGVyX2Nhbm5vdF9zZWxmX2NlcnRpZnlfb3JfcmVsZWFzZSIsCiAgICAidGVzdHMvYXV0b25vbXkvdGVzdF92N19haV9vcmdfYnVpbGQwMS5weTo6dGVzdF9yMl9yZXF1aXJlc19zaGFkb3dfdGhlbl9jYW5hcnlfYmVmb3JlX2F1dG9ub21vdXNfcXVhbGlmaWVk
2026-09-10T08:11:30.7252637Z GO_EVIDENCE_B64 IiwKICAgICJ0ZXN0cy9hdXRvbm9teS90ZXN0X3Y3X2FpX29yZ19idWlsZDAxLnB5Ojp0ZXN0X3IzX2lzX2RldGVybWluaXN0aWNfY29udHJvbGxlZF9hbmRfcjRfcHJvaGliaXRlZCIsCiAgICAidGVzdHMvYXV0b25vbXkvdGVzdF92N19haV9vcmdfYnVpbGQwMS5weTo6dGVzdF9wcm9kdWN0aW9uX3F1YWxpZmljYXRpb25fZmFpbHNfY2xvc2VkX3VudGlsX2xlZ2FsX2FjY291bnRhYmlsaXR5X2lzX2JvdW5kIiwKICAgICJ0ZXN0cy9hdXRvbm9teS90ZXN0X3Y3X2FpX29yZ19idWlsZDAxLnB5Ojp0ZXN0X3F1YWxpZmljYXRpb25f
2026-09-10T08:11:30.7259448Z GO_EVIDENCE_B64 aXNfY2VsbF9jYXBhYmlsaXR5X3Jpc2tfZW52aXJvbm1lbnRfc2NvcGVkX2FuZF9yZXZvY2FibGUiLAogICAgInRlc3RzL2F1dG9ub215L3Rlc3RfdjdfYWlfb3JnX2J1aWxkMDEucHk6OnRlc3RfZ29fYWlfZG9lc19ub3Rfb3duX2pvdXJuZXlfdHJhbnNhY3Rpb25fb3JfcmVjb21tZW5kYXRpb25fdHJ1dGgiLAogICAgInRlc3RzL2F1dG9ub215L3Rlc3RfdjdfYWlfb3JnX2J1aWxkMDFfMV9sZWdhbF9hdXRob3JpdHkucHk6OnRlc3RfYnVpbGQwMV8xX2FkZHNfYzE0X3dpdGhvdXRfY2hhbmdpbmdfMTNfZXhpc3RpbmdfY2VsbHMi
2026-09-10T08:11:30.7266053Z GO_EVIDENCE_B64 LAogICAgInRlc3RzL2F1dG9ub215L3Rlc3RfdjdfYWlfb3JnX2J1aWxkMDFfMV9sZWdhbF9hdXRob3JpdHkucHk6OnRlc3RfYWxsX2FjdGlvbnNfbXVzdF9wYXNzX2F1dGhvcml0eV9ldmVuX3doZW5fbm9fbGVnYWxfcmV2aWV3X2lzX3JlcXVpcmVkIiwKICAgICJ0ZXN0cy9hdXRvbm9teS90ZXN0X3Y3X2FpX29yZ19idWlsZDAxXzFfbGVnYWxfYXV0aG9yaXR5LnB5Ojp0ZXN0X3Vub3duZWRfY2FwYWJpbGl0eV9pc19ibG9ja2VkX2JlZm9yZV9sZWdhbF9yZXZpZXciLAogICAgInRlc3RzL2F1dG9ub215L3Rlc3RfdjdfYWlfb3Jn
2026-09-10T08:11:30.7272563Z GO_EVIDENCE_B64 X2J1aWxkMDFfMV9sZWdhbF9hdXRob3JpdHkucHk6OnRlc3RfY3Jvc3NfZG9tYWluX3RydXRoX211dGF0aW9uX2lzX2Jsb2NrZWRfYnlfYXV0aG9yaXR5X2dhdGUiLAogICAgInRlc3RzL2F1dG9ub215L3Rlc3RfdjdfYWlfb3JnX2J1aWxkMDFfMV9sZWdhbF9hdXRob3JpdHkucHk6OnRlc3Rfc2VsZl9lbXBvd2VybWVudF9pc19oYXJkX2Jsb2NrZWQiLAogICAgInRlc3RzL2F1dG9ub215L3Rlc3RfdjdfYWlfb3JnX2J1aWxkMDFfMV9sZWdhbF9hdXRob3JpdHkucHk6OnRlc3RfbGVnYWxfZXhwb3N1cmVfcm91dGVzX3RvX2MxNF9h
2026-09-10T08:11:30.7279564Z GO_EVIDENCE_B64 bmRfbm9fcG9saWN5X2ZhaWxzX2Nsb3NlZF90b19ob2xkIiwKICAgICJ0ZXN0cy9hdXRvbm9teS90ZXN0X3Y3X2FpX29yZ19idWlsZDAxXzFfbGVnYWxfYXV0aG9yaXR5LnB5Ojp0ZXN0X2xlZ2FsbHlfZXhwb3NlZF9hY3Rpb25fcmVxdWlyZXNfanVyaXNkaWN0aW9uIiwKICAgICJ0ZXN0cy9hdXRvbm9teS90ZXN0X3Y3X2FpX29yZ19idWlsZDAxXzFfbGVnYWxfYXV0aG9yaXR5LnB5Ojp0ZXN0X2FwcHJvdmVkX21hY2hpbmVfcnVsZV9yZXR1cm5zX2ltbWVkaWF0ZV9sZWdhbF9hbGxvdyIsCiAgICAidGVzdHMvYXV0b25vbXkvdGVz
2026-09-10T08:11:30.7286482Z GO_EVIDENCE_B64 dF92N19haV9vcmdfYnVpbGQwMV8xX2xlZ2FsX2F1dGhvcml0eS5weTo6dGVzdF9ncmVlbl9vcGVyYXRpb25fbGFiZWxfY2Fubm90X2J5cGFzc19keW5hbWljX2xlZ2FsX2V4cG9zdXJlIiwKICAgICJ0ZXN0cy9hdXRvbm9teS90ZXN0X3Y3X2FpX29yZ19idWlsZDAxXzFfbGVnYWxfYXV0aG9yaXR5LnB5Ojp0ZXN0X2MxNF9jb25zdGl0dXRpb25hbF9yZXZpZXdfaXNfbWFuZGF0b3J5X2Zvcl9ncmVlbl9hY3Rpb25zX3RvbyIsCiAgICAidGVzdHMvYXV0b25vbXkvdGVzdF92N19haV9vcmdfYnVpbGQwMV8xX2xlZ2FsX2F1dGhvcml0
2026-09-10T08:11:30.7293299Z GO_EVIDENCE_B64 eS5weTo6dGVzdF9nb19jb25zdGl0dXRpb25fcHJvaGliaXRpb25fYmxvY2tzX2V2ZW5fd2l0aG91dF9leHRlcm5hbF9sZWdhbF9leHBvc3VyZSIsCiAgICAidGVzdHMvZmxpZ2h0L3Rlc3Rfd2F2ZTA1X2ZsaWdodF9wcm9kdWN0aW9uX3RydXRoX2dhdGUucHk6OnRlc3RfZmxpZ2h0X2ZpeHR1cmVfc2VhcmNoX2ZhaWxzX2Nsb3NlZF9pbl9wcm9kdWN0aW9uIiwKICAgICJ0ZXN0cy9mbGlnaHQvdGVzdF93YXZlMDVfZmxpZ2h0X3Byb2R1Y3Rpb25fdHJ1dGhfZ2F0ZS5weTo6dGVzdF9mbGlnaHRfZml4dHVyZV9zZWFyY2hfbm90X2Js
2026-09-10T08:11:30.7300247Z GO_EVIDENCE_B64 b2NrZWRfYnlfdHJ1dGhfZ2F0ZV9pbl9sb2NhbCIsCiAgICAidGVzdHMvaW50ZWdyYXRpb24vdGVzdF92NjFfYWlfaW5mcmFzdHJ1Y3R1cmVfcnVudGltZS5weTo6dGVzdF9tYW5pZmVzdF9leHBvc2VzX2FpX2FnZW50X2FzX2NsaWVudF9hbmRfZnJlZV9kaXN0cmlidXRpb24iLAogICAgInRlc3RzL2ludGVncmF0aW9uL3Rlc3RfdjYxX2FpX2luZnJhc3RydWN0dXJlX3J1bnRpbWUucHk6OnRlc3RfaWRlbnRpdHlfcmVsZWFzZV9uZXZlcl9leHBvcnRzX2Z1bGxfdmF1bHQiLAogICAgInRlc3RzL2ludGVncmF0aW9uL3Rlc3RfdjYx
2026-09-10T08:11:30.7324524Z GO_EVIDENCE_B64 X2FpX2luZnJhc3RydWN0dXJlX3J1bnRpbWUucHk6OnRlc3RfYm9va2luZ19wbGFuX3JlcXVpcmVzX3N1cHBsaWVyX2V2aWRlbmNlIiwKICAgICJ0ZXN0cy90ZXN0X2FsaXBheV9zYWZlZ3VhcmRlZF9zZXR0bGVtZW50X2FjdGl2YXRpb24ucHk6OnRlc3RfZXhpc3RpbmdfYWNjb3VudF9pc19hdHRlc3RlZF9idXRfYWN0aXZhdGlvbl9nYXRlX3JlbWFpbnNfYmxvY2tlZCIsCiAgICAidGVzdHMvdGVzdF9hbGlwYXlfc2FmZWd1YXJkZWRfc2V0dGxlbWVudF9hY3RpdmF0aW9uLnB5Ojp0ZXN0X2NyZWRlbnRpYWxzX2FjY2VwdF9yZWZl
2026-09-10T08:11:30.7332337Z GO_EVIDENCE_B64 cmVuY2VzX29ubHlfYW5kX25ldmVyX3BsYWluX3ByaXZhdGVfa2V5IiwKICAgICJ0ZXN0cy90ZXN0X2FsaXBheV9zYWZlZ3VhcmRlZF9zZXR0bGVtZW50X2FjdGl2YXRpb24ucHk6OnRlc3RfZXh0ZXJuYWxfYXV0aG9yaXphdGlvbl9pc19oYXJkX2Jsb2NrZWRfYnV0X2NvbnRyYWN0X2RyeV9ydW5faXNfdHJ1dGhmdWxfYW5kX2lkZW1wb3RlbnQiLAogICAgInRlc3RzL3Rlc3RfYWxpcGF5X3NhZmVndWFyZGVkX3NldHRsZW1lbnRfYWN0aXZhdGlvbi5weTo6dGVzdF9mcmVlX2NhbmNlbF9ob3RlbF9yZWplY3RfdGltZW91dF9yZWxl
2026-09-10T08:11:30.7339203Z GO_EVIDENCE_B64 YXNlX2NvbnRyYWN0X3dpdGhvdXRfZXh0ZXJuYWxfY2xhaW0iLAogICAgInRlc3RzL3Rlc3RfYWxpcGF5X3NhZmVndWFyZGVkX3NldHRsZW1lbnRfYWN0aXZhdGlvbi5weTo6dGVzdF9mdWxmaWxsbWVudF9nYXRlX2lzX3JlcXVpcmVkX2JlZm9yZV9jb250cmFjdF9jYXB0dXJlX2FuZF9ub19zZXR0bGVtZW50X2NsYWltZWQiLAogICAgInRlc3RzL3Rlc3RfYWxpcGF5X3NhZmVndWFyZGVkX3NldHRsZW1lbnRfYWN0aXZhdGlvbi5weTo6dGVzdF9ub19zaG93X2FuZF9jYW5jZWxsYXRpb25fZmVlX3JlcXVpcmVfbWFrZXJfY2hlY2tl
2026-09-10T08:11:30.7346431Z GO_EVIDENCE_B64 ciIsCiAgICAidGVzdHMvdGVzdF9hbGlwYXlfc2FmZWd1YXJkZWRfc2V0dGxlbWVudF9hY3RpdmF0aW9uLnB5Ojp0ZXN0X3dlYmhvb2tfc2lnbmF0dXJlX2FuZF9yZXBsYXlfaWRlbXBvdGVuY3lfY29udHJhY3QiLAogICAgInRlc3RzL3Rlc3RfYWxpcGF5X3NhZmVndWFyZGVkX3NldHRsZW1lbnRfYWN0aXZhdGlvbi5weTo6dGVzdF9qb2ludF9yZWNvbmNpbGlhdGlvbl9ldmlkZW5jZV9uZXZlcl9jbGFpbXNfZXh0ZXJuYWxfc2V0dGxlbWVudCIsCiAgICAidGVzdHMvdGVzdF9hb2x1Z3V5YV9zdGFnaW5nX2Jvb3RzdHJhcF9jeWNs
2026-09-10T08:11:30.7353165Z GO_EVIDENCE_B64 ZS5weTo6dGVzdF9jcmVhdGVfZGlzYWJsZV9jcmVhdGVfY3ljbGVfaXNfaWRlbXBvdGVudF9hbmRfcHVibGlzaGVkIiwKICAgICJ0ZXN0cy90ZXN0X2FvbHVndXlhX3N0YWdpbmdfYm9vdHN0cmFwX2N5Y2xlLnB5Ojp0ZXN0X3JvbGxiYWNrX3JlZnVzZXNfd2hlbl9yZXNlcnZhdGlvbl9yZWZlcmVuY2VzX2Jvb3RzdHJhcF9vZmZlciIsCiAgICAidGVzdHMvdGVzdF9hb2x1Z3V5YV9zdGFnaW5nX2Jvb3RzdHJhcF9jeWNsZS5weTo6dGVzdF9yb2xsYmFja19kZWxldGVzX3VudXNlZF9ib290c3RyYXBfZ3JhcGgiLAogICAgInRlc3Rz
2026-09-10T08:11:30.7360009Z GO_EVIDENCE_B64 L3Rlc3RfYW9sdWd1eWFfc3RhZ2luZ19ib290c3RyYXBfY3ljbGUucHk6OnRlc3RfYm9vdHN0cmFwX3JlZnVzZXNfYW5fdW5leHBlY3RlZF9vZmZlcl9ncmFwaCIsCiAgICAidGVzdHMvdGVzdF9idWlsZDE2X3BoYXNlMV90cnV0aF9zdGF0aWMucHk6OnRlc3RfY29uc3VtZXJfaGFzX25vX2RlbW9fdHJhbnNhY3Rpb25fZmFjdHMiLAogICAgInRlc3RzL3Rlc3RfYnVpbGQxNl9waGFzZTFfdHJ1dGhfc3RhdGljLnB5Ojp0ZXN0X2lkZW50aXR5X29wZXJhdGluZ19zdXJmYWNlc19hcmVfd2lyZWQiLAogICAgInRlc3RzL3Rlc3RfY29t
2026-09-10T08:11:30.7366506Z GO_EVIDENCE_B64 bWVyY2lhbF9jb25zdGl0dXRpb25fYWRtaW5fb3MucHk6OnRlc3RfYWRtaW5fY2Fubm90X2NyZWF0ZV9yZWNvbW1lbmRhdGlvbl93aXRob3V0X2luZGVwZW5kZW50X2p1ZGdtZW50IiwKICAgICJ0ZXN0cy90ZXN0X2NvbW1lcmNpYWxfY29uc3RpdHV0aW9uX2FkbWluX29zLnB5Ojp0ZXN0X3JlY29tbWVuZGF0aW9uX2FuZF92YWx1ZV9hcmVfaW5kZXBlbmRlbnQiLAogICAgInRlc3RzL3Rlc3RfY29tbWVyY2lhbF9jb25zdGl0dXRpb25fYWRtaW5fb3MucHk6OnRlc3RfcmVjb21tZW5kYXRpb25fZWxpZ2liaWxpdHlfaXNfZGVyaXZl
2026-09-10T08:11:30.7372897Z GO_EVIDENCE_B64 ZF9vbmx5X2Zyb21fanVkZ21lbnRfZGVjaXNpb24iLAogICAgInRlc3RzL3Rlc3RfY29tbWVyY2lhbF9jb25zdGl0dXRpb25fYWRtaW5fb3MucHk6OnRlc3RfZGlyZWN0X2ZpcnN0X2FuZF9nb3Zlcm5lZF9mYWxsYmFjayIsCiAgICAidGVzdHMvdGVzdF9jb21tZXJjaWFsX2NvbnN0aXR1dGlvbl9hZG1pbl9vcy5weTo6dGVzdF90MjBfaXNfZXZpZGVuY2VfZHJpdmVuX2ZhbGxiYWNrX2V4Y2x1ZGVkX2FuZF9pZGVtcG90ZW50IiwKICAgICJ0ZXN0cy90ZXN0X2NvbW1lcmNpYWxfY29uc3RpdHV0aW9uX2FkbWluX29zLnB5Ojp0ZXN0
2026-09-10T08:11:30.7379626Z GO_EVIDENCE_B64 X2ludm9pY2VfcG9saWN5X3dhaXZlcl9hbmRfbWFrZXJfY2hlY2tlciIsCiAgICAidGVzdHMvdGVzdF9jb21tZXJjaWFsX2NvbnN0aXR1dGlvbl9hZG1pbl9vcy5weTo6dGVzdF9ob3RlbF9uZXRfZ3VhcmRfYmxvY2tzX2JlbG93X2F1dGhvcml6ZWRfZmxvb3IiLAogICAgInRlc3RzL3Rlc3RfY29tbWVyY2lhbF9jb25zdGl0dXRpb25fYWRtaW5fb3MucHk6OnRlc3RfcG9saWN5X3JlcXVpcmVzX21ha2VyX2NoZWNrZXJfYW5kX3JlamVjdHNfYm91Z2h0X3JlY29tbWVuZGF0aW9uX3J1bGUiLAogICAgInRlc3RzL3Rlc3RfY29tbWVy
2026-09-10T08:11:30.7386127Z GO_EVIDENCE_B64 Y2lhbF9jb25zdGl0dXRpb25fYWRtaW5fb3MucHk6OnRlc3RfaW52b2ljZV9wb2xpY3lfYW1vdW50X2lzX2ZhaWxfY2xvc2VkX25vX2xlZ2FjeV9kZWZhdWx0IiwKICAgICJ0ZXN0cy90ZXN0X2NvbmN1cnJlbmN5LnB5Ojp0ZXN0X2NvbmN1cnJlbnRfcGF5bWVudF9oYXNfb25lX2V4dGVybmFsX2F1dGhvcml6YXRpb24iLAogICAgInRlc3RzL3Rlc3RfY29uY3VycmVuY3kucHk6OnRlc3RfY29uY3VycmVudF9jb25maXJtYXRpb25faGFzX29uZV9jb25uZWN0b3JfYm9vayIsCiAgICAidGVzdHMvdGVzdF9jb25uZWN0b3JfZnJhbWV3
2026-09-10T08:11:30.7392480Z GO_EVIDENCE_B64 b3JrLnB5Ojp0ZXN0X2Nvbm5lY3Rvcl9jZXJ0aWZpY2F0aW9uX3Bhc3Nlc19mb3JfbW9jayIsCiAgICAidGVzdHMvdGVzdF9jb25uZWN0b3JfZnJhbWV3b3JrLnB5Ojp0ZXN0X3RpbWVvdXRfYW5kX2NpcmN1aXRfYnJlYWtlcl9vcGVuIiwKICAgICJ0ZXN0cy90ZXN0X2Nvbm5lY3Rvcl9vcHMucHk6OnRlc3RfY29ubmVjdG9yX2xpc3RfYW5kX2NlcnRpZnkiLAogICAgInRlc3RzL3Rlc3RfY29ubmVjdG9yX29wcy5weTo6dGVzdF9jb25uZWN0b3JfaGVhbHRoIiwKICAgICJ0ZXN0cy90ZXN0X2NvbnN1bWVyX2dyb3d0aF9vZmZpY2lh
2026-09-10T08:11:30.7399057Z GO_EVIDENCE_B64 bF9kaXJlY3RfdmFsdWUucHk6OnRlc3Rfb2ZmaWNpYWxfZGlyZWN0X3ZhbHVlX3ByaW9yaXR5X2FuZF90aHJlZV9wZXJjZW50X2FuY2hvcl9kb2VzX25vdF90b3VjaF9yZWNvbW1lbmRhdGlvbiIsCiAgICAidGVzdHMvdGVzdF9jb25zdW1lcl9ncm93dGhfb2ZmaWNpYWxfZGlyZWN0X3ZhbHVlLnB5Ojp0ZXN0X2NoYW5uZWxfZWNvbm9taWNzX3N1cHBsaWVyX2Nhbl9zaGFyZV9zbWFsbF92YWx1ZV9hbmRfc3RpbGxfZWFybl9tb3JlIiwKICAgICJ0ZXN0cy90ZXN0X2NvbnN1bWVyX2dyb3d0aF9vZmZpY2lhbF9kaXJlY3RfdmFsdWUu
2026-09-10T08:11:30.7405875Z GO_EVIDENCE_B64 cHk6OnRlc3RfbWFya2V0X2JlbmNobWFya19jb21wYXJhYmxlX2dhdGUiLAogICAgInRlc3RzL3Rlc3RfY29uc3VtZXJfZ3Jvd3RoX29mZmljaWFsX2RpcmVjdF92YWx1ZS5weTo6dGVzdF90cmlwX2ludml0ZV9qb2luX2FuZF9ncm93dGhfa19jb250cmFjdCIsCiAgICAidGVzdHMvdGVzdF9jb25zdW1lcl9ncm93dGhfb2ZmaWNpYWxfZGlyZWN0X3ZhbHVlLnB5Ojp0ZXN0X2FkdWx0X3RyYXZlbGVyX2NsYWltX3JlcXVpcmVzX3RhcmdldF9hY2NvdW50X2lkZW50aXR5X2FuZF9taW5vcl9pc19ibG9ja2VkIiwKICAgICJ0ZXN0cy90
2026-09-10T08:11:30.7412331Z GO_EVIDENCE_B64 ZXN0X2NvbnN1bWVyX2dyb3d0aF9vZmZpY2lhbF9kaXJlY3RfdmFsdWUucHk6OnRlc3RfaW1tdXRhYmxlX2dyb3d0aF9hbmRfbWFya2V0X2V2aWRlbmNlX3RyaWdnZXJfY29udHJhY3RfaXNfaW5fbWlncmF0aW9uIiwKICAgICJ0ZXN0cy90ZXN0X2NvbnN1bWVyX3VuaWZpZWRfbGlmZWN5Y2xlLnB5Ojp0ZXN0X2VhY2hfdmVydGljYWxfcmVxdWlyZXNfY29tcGxldGVfZXZpZGVuY2VkX2ZhY3QiLAogICAgInRlc3RzL3Rlc3RfY29uc3VtZXJfdW5pZmllZF9saWZlY3ljbGUucHk6OnRlc3RfbWlzc2luZ19ldmlkZW5jZV9hbmRfaW52
2026-09-10T08:11:30.7418988Z GO_EVIDENCE_B64 YWxpZF9zdGF0ZV9mYWlsX2Nsb3NlZCIsCiAgICAidGVzdHMvdGVzdF9jb25zdW1lcl91bmlmaWVkX2xpZmVjeWNsZS5weTo6dGVzdF9zdGFsZV92ZXJ0aWNhbF9mYWN0X2Nhbm5vdF9vdmVyd3JpdGVfbmV3ZXJfdHJ1dGhfYW5kX2FjY291bnRfaXNvbGF0ZWQiLAogICAgInRlc3RzL3Rlc3RfZGVwdGgwNF92YXVsdF9tYW5hZ2VtZW50LnB5Ojp0ZXN0X2ZhY3RfZWRpdF9jcmVhdGVzX3VzZXJfcmV2aXNpb25fYW5kX2Ryb3BzX3ByaW9yX2RvY3VtZW50X2NlcnRpZmljYXRpb24iLAogICAgInRlc3RzL3Rlc3RfZGVwdGgwNF92YXVs
2026-09-10T08:11:30.7425506Z GO_EVIDENCE_B64 dF9tYW5hZ2VtZW50LnB5Ojp0ZXN0X3R3b19jb25jdXJyZW50X3BlcnNvbl9lZGl0c19jYW5ub3Rfc2lsZW50bHlfb3ZlcndyaXRlIiwKICAgICJ0ZXN0cy90ZXN0X2RlcHRoMDRfdmF1bHRfbWFuYWdlbWVudC5weTo6dGVzdF9yZXZva2luZ19zZWxmX3Blcm1pc3Npb25fYmxvY2tzX3JlYWxfZGF0YV9yZWxlYXNlW1VTRV9GT1JfQk9PS0lORy1MRUdBTF9OQU1FXSIsCiAgICAidGVzdHMvdGVzdF9kZXB0aDA0X3ZhdWx0X21hbmFnZW1lbnQucHk6OnRlc3RfcmV2b2tpbmdfc2VsZl9wZXJtaXNzaW9uX2Jsb2Nrc19yZWFsX2RhdGFf
2026-09-10T08:11:30.7431946Z GO_EVIDENCE_B64 cmVsZWFzZVtTRU5TSVRJVkVfREFUQS1EQVRFX09GX0JJUlRIXSIsCiAgICAidGVzdHMvdGVzdF9kZXB0aDA0X3ZhdWx0X21hbmFnZW1lbnQucHk6OnRlc3RfY29tcGFuaW9uX2lkZW50aXR5X21hdGNoX2Nhbm5vdF9ieXBhc3NfZWRpdF9wZXJtaXNzaW9uIiwKICAgICJ0ZXN0cy90ZXN0X2RlcHRoMDRfdmF1bHRfbWFuYWdlbWVudC5weTo6dGVzdF91bmtub3duX29yX3JlamVjdGVkX3JlZmVyZW5jZV9uZXZlcl9mYWxsc19iYWNrX3RvX2FjY291bnRfb3duZXJbbWlzc2luZ10iLAogICAgInRlc3RzL3Rlc3RfZGVwdGgwNF92YXVs
2026-09-10T08:11:30.7438748Z GO_EVIDENCE_B64 dF9tYW5hZ2VtZW50LnB5Ojp0ZXN0X3Vua25vd25fb3JfcmVqZWN0ZWRfcmVmZXJlbmNlX25ldmVyX2ZhbGxzX2JhY2tfdG9fYWNjb3VudF9vd25lcltyZWplY3RlZF0iLAogICAgInRlc3RzL3Rlc3RfZGVwdGgwNF92YXVsdF9tYW5hZ2VtZW50LnB5Ojp0ZXN0X3NvdXJjZV9kaXNjb25uZWN0X2Jsb2Nrc19uZXdfYW5kX3BlbmRpbmdfaW1wb3J0c19idXRfa2VlcHNfc2F2ZWRfZmFjdHMiLAogICAgInRlc3RzL3Rlc3RfZGVwdGgwNF92YXVsdF9tYW5hZ2VtZW50LnB5Ojp0ZXN0X2NvbmZsaWN0X2Nob2ljZV9yZXF1aXJlc19yZXZp
2026-09-10T08:11:30.7445311Z GO_EVIDENCE_B64 ZXdfYWdhaW5fd2hlbl9leGlzdGluZ192YWx1ZV9jaGFuZ2VzW2VkaXRdIiwKICAgICJ0ZXN0cy90ZXN0X2RlcHRoMDRfdmF1bHRfbWFuYWdlbWVudC5weTo6dGVzdF9jb25mbGljdF9jaG9pY2VfcmVxdWlyZXNfcmV2aWV3X2FnYWluX3doZW5fZXhpc3RpbmdfdmFsdWVfY2hhbmdlc1tkZWxldGVdIiwKICAgICJ0ZXN0cy90ZXN0X2RlcHRoMDRfdmF1bHRfbWFuYWdlbWVudC5weTo6dGVzdF9kZWxldGVkX3JldmlzaW9uX2NoYWluX2lzX2VyYXNlZF9mcm9tX2V4cG9ydF9jb3JlX2FuZF9pbXBvcnRfY29waWVzIiwKICAgICJ0ZXN0
2026-09-10T08:11:30.7451874Z GO_EVIDENCE_B64 cy90ZXN0X2RlcHRoMDRfdmF1bHRfbWFuYWdlbWVudC5weTo6dGVzdF9pbnZhbGlkX2VkaXRfaXNfYXRvbWljX2FuZF9jYW5ub3RfY2hhbmdlX3JlbGF0aW9uc2hpcF9vcl9jZXJ0aWZpY2F0aW9uIiwKICAgICJ0ZXN0cy90ZXN0X2RlcHRoMDRfdmF1bHRfbWFuYWdlbWVudC5weTo6dGVzdF9hcGlfcmVxdWlyZXNfb3duZXJfc3RyaWN0X3Blcm1pc3Npb25fYW5kX2V4cGxpY2l0X3VuY2FjaGVkX2luc3BlY3Rpb24iLAogICAgInRlc3RzL3Rlc3RfZGVwdGgwNF92YXVsdF9tYW5hZ2VtZW50LnB5Ojp0ZXN0X2NvbXBsZXRlZF9pbXBv
2026-09-10T08:11:30.7458503Z GO_EVIDENCE_B64 cnRfcmV2aWV3X2lzX2ltbXV0YWJsZV9hbmRfcmVwbGF5X2RvZXNfbm90X2R1cGxpY2F0ZSIsCiAgICAidGVzdHMvdGVzdF9kZXB0aDA0X3ZhdWx0X21hbmFnZW1lbnQucHk6OnRlc3RfZHVwbGljYXRlX3RyYXZlbGVyX3JlZmVyZW5jZV9pc19yZWplY3RlZF9hdG9taWNhbGx5IiwKICAgICJ0ZXN0cy90ZXN0X2RlcHRoMDRfdmF1bHRfbWFuYWdlbWVudC5weTo6dGVzdF9zb3VyY2VfZGVsZXRlX2VyYXNlc19jb3JlX3ZhbHVlc19hbmRfcmVjb25uZWN0X3JlcXVpcmVzX2ZyZXNoX2ltcG9ydCIsCiAgICAidGVzdHMvdGVzdF9kZXB0
2026-09-10T08:11:30.7465339Z GO_EVIDENCE_B64 aDA0X3ZhdWx0X21hbmFnZW1lbnQucHk6OnRlc3RfY2xlYXJpbmdfYmlydGhfZGF0ZV9hbHNvX2VyYXNlc19vcmlnaW5hbF90cmF2ZWxlcl9kZWNsYXJhdGlvbiIsCiAgICAidGVzdHMvdGVzdF9kZXB0aDA0X3ZhdWx0X21hbmFnZW1lbnQucHk6OnRlc3Rfc291cmNlX2RlbGV0aW9uX3JldGFpbnNfaW5kZXBlbmRlbnRfbWFudWFsX3JldmlzaW9uIiwKICAgICJ0ZXN0cy90ZXN0X2RlcHRoMDRfdmF1bHRfbWFuYWdlbWVudC5weTo6dGVzdF9zZWxmX2V4cG9ydF9yZXNwZWN0c19yZXZva2VkX3NoYXJlX2FuZF9zZW5zaXRpdmVfcGVy
2026-09-10T08:11:30.7471960Z GO_EVIDENCE_B64 bWlzc2lvbnMiLAogICAgInRlc3RzL3Rlc3RfZGVwdGgwNV9mbGlnaHRfcGFydGllcy5weTo6dGVzdF90aHJlZV9hZHVsdHNfaGF2ZV9tYXRjaGluZ19wcmljZXNfdGlja2V0c19hbmRfb3JpZ2luYWxfcmVmdW5kW09ORV9XQVktMV0iLAogICAgInRlc3RzL3Rlc3RfZGVwdGgwNV9mbGlnaHRfcGFydGllcy5weTo6dGVzdF90aHJlZV9hZHVsdHNfaGF2ZV9tYXRjaGluZ19wcmljZXNfdGlja2V0c19hbmRfb3JpZ2luYWxfcmVmdW5kW1JPVU5EX1RSSVAtMl0iLAogICAgInRlc3RzL3Rlc3RfZGVwdGgwNV9mbGlnaHRfcGFydGllcy5w
2026-09-10T08:11:30.7478708Z GO_EVIDENCE_B64 eTo6dGVzdF90aHJlZV9hZHVsdHNfaGF2ZV9tYXRjaGluZ19wcmljZXNfdGlja2V0c19hbmRfb3JpZ2luYWxfcmVmdW5kW01VTFRJX0NJVFktM10iLAogICAgInRlc3RzL3Rlc3RfZGVwdGgwNV9mbGlnaHRfcGFydGllcy5weTo6dGVzdF9iYWRfcGFydHlfY291bnRzX3JlamVjdGVkX2JlZm9yZV9xdW90ZXNfYXJlX3dyaXR0ZW5bMF0iLAogICAgInRlc3RzL3Rlc3RfZGVwdGgwNV9mbGlnaHRfcGFydGllcy5weTo6dGVzdF9iYWRfcGFydHlfY291bnRzX3JlamVjdGVkX2JlZm9yZV9xdW90ZXNfYXJlX3dyaXR0ZW5bMTBdIiwKICAg
2026-09-10T08:11:30.7485473Z GO_EVIDENCE_B64 ICJ0ZXN0cy90ZXN0X2RlcHRoMDVfZmxpZ2h0X3BhcnRpZXMucHk6OnRlc3RfYmFkX3BhcnR5X2NvdW50c19yZWplY3RlZF9iZWZvcmVfcXVvdGVzX2FyZV93cml0dGVuW1RydWVdIiwKICAgICJ0ZXN0cy90ZXN0X2RlcHRoMDVfZmxpZ2h0X3BhcnRpZXMucHk6OnRlc3RfYmFkX3BhcnR5X2NvdW50c19yZWplY3RlZF9iZWZvcmVfcXVvdGVzX2FyZV93cml0dGVuWzJdIiwKICAgICJ0ZXN0cy90ZXN0X2RlcHRoMDVfZmxpZ2h0X3BhcnRpZXMucHk6OnRlc3RfYmFkX3BhcnR5X2NvdW50c19yZWplY3RlZF9iZWZvcmVfcXVvdGVzX2Fy
2026-09-10T08:11:30.7492014Z GO_EVIDENCE_B64 ZV93cml0dGVuWzEuNV0iLAogICAgInRlc3RzL3Rlc3RfZGVwdGgwNV9mbGlnaHRfcGFydGllcy5weTo6dGVzdF9jb21wb3NpdGlvbl9yZWplY3RzX2RpZmZlcmVudF9wYXJ0eV9zaXplcyIsCiAgICAidGVzdHMvdGVzdF9kZXB0aDA1X2ZsaWdodF9wYXJ0aWVzLnB5Ojp0ZXN0X21pc3NpbmdfcGhhbnRvbV9hbmRfdW5zdXBwb3J0ZWRfcGFzc2VuZ2Vyc19uZXZlcl9jcmVhdGVfb3JkZXJbcGFzc2VuZ2VyczBdIiwKICAgICJ0ZXN0cy90ZXN0X2RlcHRoMDVfZmxpZ2h0X3BhcnRpZXMucHk6OnRlc3RfbWlzc2luZ19waGFudG9tX2Fu
2026-09-10T08:11:30.7498998Z GO_EVIDENCE_B64 ZF91bnN1cHBvcnRlZF9wYXNzZW5nZXJzX25ldmVyX2NyZWF0ZV9vcmRlcltwYXNzZW5nZXJzMV0iLAogICAgInRlc3RzL3Rlc3RfZGVwdGgwNV9mbGlnaHRfcGFydGllcy5weTo6dGVzdF9taXNzaW5nX3BoYW50b21fYW5kX3Vuc3VwcG9ydGVkX3Bhc3NlbmdlcnNfbmV2ZXJfY3JlYXRlX29yZGVyW3Bhc3NlbmdlcnMyXSIsCiAgICAidGVzdHMvdGVzdF9kZXB0aDA1X2ZsaWdodF9wYXJ0aWVzLnB5Ojp0ZXN0X25pbmVfYWR1bHRfYm91bmRhcnlfYW5kX3NlcnZlcl9jb3VudF9jYW5ub3RfYmVfY2hhbmdlZF9hdF9vcmRlcl90aW1l
2026-09-10T08:11:30.7505701Z GO_EVIDENCE_B64 IiwKICAgICJ0ZXN0cy90ZXN0X2RlcHRoMDVfZmxpZ2h0X3BhcnRpZXMucHk6OnRlc3RfdmF1bHRfcGFydHlfcmVqZWN0c19kdXBsaWNhdGVfYW5kX3Jldm9rZWRfdHJhdmVsZXJzIiwKICAgICJ0ZXN0cy90ZXN0X2RlcHRoMDVfZmxpZ2h0X3BhcnRpZXMucHk6OnRlc3RfY2hhbmdlX3N1cmNoYXJnZV9yZWZ1bmRfc3Vydml2ZXNfcGFydGlhbF9mYWlsdXJlX2FuZF9wcm9jZXNzX3Jlc3RhcnQiLAogICAgInRlc3RzL3Rlc3RfZGVwdGgwNV9mbGlnaHRfcGFydGllcy5weTo6dGVzdF9jaGFuZ2VfYXV0aG9yaXphdGlvbl9mYWlsdXJl
2026-09-10T08:11:30.7512302Z GO_EVIDENCE_B64 X3ByZXNlcnZlc19jbGFpbV9hbmRfY2FuX3Jlc3VtZSIsCiAgICAidGVzdHMvdGVzdF9kZXB0aDA1X2ZsaWdodF9wYXJ0aWVzLnB5Ojp0ZXN0X3NpbXVsdGFuZW91c19mbGlnaHRfcmVmdW5kX3JlcXVlc3RzX3JldHVybl9vbmVfZHVyYWJsZV9yZWZ1bmQiLAogICAgInRlc3RzL3Rlc3RfZGVwdGgwNV9tb25leV9yZXRyaWVzLnB5Ojp0ZXN0X3JlbGVhc2VkX2F1dGhvcml6YXRpb25fY2Fubm90X2JlX2NhcHR1cmVkX2xhdGVyIiwKICAgICJ0ZXN0cy90ZXN0X2RlcHRoMDVfbW9uZXlfcmV0cmllcy5weTo6dGVzdF9jYXB0dXJlZF9h
2026-09-10T08:11:30.7518893Z GO_EVIDENCE_B64 dXRob3JpemF0aW9uX2Nhbm5vdF9iZV9yZWxlYXNlZF9hc191bnVzZWQiLAogICAgInRlc3RzL3Rlc3RfZGVwdGgwNV9tb25leV9yZXRyaWVzLnB5Ojp0ZXN0X2lkZW1wb3RlbmN5X2tleV9jYW5ub3RfYmVfcmV1c2VkX2Zvcl9hX2RpZmZlcmVudF9tb25leV9pbnN0cnVjdGlvbltyb290XSIsCiAgICAidGVzdHMvdGVzdF9kZXB0aDA1X21vbmV5X3JldHJpZXMucHk6OnRlc3RfaWRlbXBvdGVuY3lfa2V5X2Nhbm5vdF9iZV9yZXVzZWRfZm9yX2FfZGlmZmVyZW50X21vbmV5X2luc3RydWN0aW9uW2Ftb3VudF0iLAogICAgInRlc3Rz
2026-09-10T08:11:30.7525593Z GO_EVIDENCE_B64 L3Rlc3RfZGVwdGgwNV9tb25leV9yZXRyaWVzLnB5Ojp0ZXN0X2lkZW1wb3RlbmN5X2tleV9jYW5ub3RfYmVfcmV1c2VkX2Zvcl9hX2RpZmZlcmVudF9tb25leV9pbnN0cnVjdGlvblt0eXBlXSIsCiAgICAidGVzdHMvdGVzdF9kZXB0aDA1X21vbmV5X3JldHJpZXMucHk6OnRlc3RfaWRlbXBvdGVuY3lfa2V5X2Nhbm5vdF9iZV9yZXVzZWRfZm9yX2FfZGlmZmVyZW50X21vbmV5X2luc3RydWN0aW9uW3BhcmVudF0iLAogICAgInRlc3RzL3Rlc3RfZGVwdGgwNV9tb25leV9yZXRyaWVzLnB5Ojp0ZXN0X3NpbXVsdGFuZW91c19yZWZ1
2026-09-10T08:11:30.7532107Z GO_EVIDENCE_B64 bmRzX3ByZXNlcnZlX2J1ZGdldF9hbmRfcmV0cnlfaWRlbnRpdHlbRmFsc2VdIiwKICAgICJ0ZXN0cy90ZXN0X2RlcHRoMDVfbW9uZXlfcmV0cmllcy5weTo6dGVzdF9zaW11bHRhbmVvdXNfcmVmdW5kc19wcmVzZXJ2ZV9idWRnZXRfYW5kX3JldHJ5X2lkZW50aXR5W1RydWVdIiwKICAgICJ0ZXN0cy90ZXN0X2RlcHRoMDZfZGlyZWN0X2NoZWNrb3V0LnB5Ojp0ZXN0X29mZmljaWFsX2ludmVudG9yeV9yZXNlcnZhdGlvbl9hdXRob3JpemF0aW9uX2NhbmNlbF9pc19vbmVfYXRvbWljX3JlbGVhc2UiLAogICAgInRlc3RzL3Rlc3Rf
2026-09-10T08:11:30.7538729Z GO_EVIDENCE_B64 ZGVwdGgwNl9kaXJlY3RfY2hlY2tvdXQucHk6OnRlc3RfY2hlY2tvdXRfYmluZHNfb3duZXJfYW1vdW50X2N1cnJlbmN5X2FuZF9yZXF1aXJlc19leHBsaWNpdF9tb2RlIiwKICAgICJ0ZXN0cy90ZXN0X2RlcHRoMDZfZGlyZWN0X2NoZWNrb3V0LnB5Ojp0ZXN0X2NvbmZpcm1hdGlvbl90aW1lb3V0X3JlbGVhc2VzX29ubHlfa25vd25fc2ltdWxhdGVkX2Zyb3plbl9mdW5kcyIsCiAgICAidGVzdHMvdGVzdF9kZXB0aDA2X2RpcmVjdF9jaGVja291dC5weTo6dGVzdF91bmtub3duX2Z1bmRzX2tlZXBfaW52ZW50b3J5X2FuZF9ibG9j
2026-09-10T08:11:30.7545312Z GO_EVIDENCE_B64 a19jYW5jZWxfYW5kX3RpbWVvdXQiLAogICAgInRlc3RzL3Rlc3RfZGVwdGgwNl9kaXJlY3RfY2hlY2tvdXQucHk6OnRlc3RfZnJvemVuX2F1dGhvcml6YXRpb25fYmxvY2tzX3Jlc2NoZWR1bGVfYW5kX2NhcHR1cmVfdW50aWxfZnVsZmlsbG1lbnQiLAogICAgInRlc3RzL3Rlc3RfZGVwdGgwNl9kaXJlY3RfY2hlY2tvdXQucHk6OnRlc3Rfc2ltdWx0YW5lb3VzX2NoZWNrb3V0X3JldHJpZXNfaGF2ZV9vbmVfYXV0aG9yaXphdGlvbiIsCiAgICAidGVzdHMvdGVzdF9kZXB0aDA2X2RpcmVjdF9jaGVja291dC5weTo6dGVzdF9jYW5j
2026-09-10T08:11:30.7551729Z GO_EVIDENCE_B64 ZWxfcmFjaW5nX2NoZWNrb3V0X2Nhbm5vdF9sZWF2ZV9mdW5kc19mcm96ZW5fZm9yX2NhbmNlbGxlZF9yb29tIiwKICAgICJ0ZXN0cy90ZXN0X2RlcHRoMDZfZGlyZWN0X2NoZWNrb3V0LnB5Ojp0ZXN0X3Jlc2VydmF0aW9uc19jYW5fYmVfcmVjb3ZlcmVkX2J5X293bmVyX2FmdGVyX3BhZ2VfcmVsb2FkIiwKICAgICJ0ZXN0cy90ZXN0X2RlcHRoMDZfZGlyZWN0X2NoZWNrb3V0LnB5Ojp0ZXN0X2F1dGhvcml6YXRpb25fcmVqZWN0c19ub25fc2ltdWxhdGVkX29yX2V4cGlyZWRfb3JkZXJbc3RhZ2luZ10iLAogICAgInRlc3RzL3Rl
2026-09-10T08:11:30.7558432Z GO_EVIDENCE_B64 c3RfZGVwdGgwNl9kaXJlY3RfY2hlY2tvdXQucHk6OnRlc3RfYXV0aG9yaXphdGlvbl9yZWplY3RzX25vbl9zaW11bGF0ZWRfb3JfZXhwaXJlZF9vcmRlcltyZWFsLXJhdGVdIiwKICAgICJ0ZXN0cy90ZXN0X2RlcHRoMDZfZGlyZWN0X2NoZWNrb3V0LnB5Ojp0ZXN0X2F1dGhvcml6YXRpb25fcmVqZWN0c19ub25fc2ltdWxhdGVkX29yX2V4cGlyZWRfb3JkZXJbZXhwaXJlZF0iLAogICAgInRlc3RzL3Rlc3RfZGVwdGgwNl9taWdyYXRpb24ucHk6OnRlc3RfcmVudGFsX3NldHRsZW1lbnRfbWlncmF0aW9uX3JvdW5kdHJpcF9wcmVz
2026-09-10T08:11:30.7565019Z GO_EVIDENCE_B64 ZXJ2ZXNfZXhpc3RpbmdfcmVmdW5kcyIsCiAgICAidGVzdHMvdGVzdF9kZXB0aDA2X3JlbnRhbF9zZXR0bGVtZW50LnB5Ojp0ZXN0X2xvbmdlcl9zaG9ydGVyX2xvbmdlcl90aGVuX2NhbmNlbF9yZXR1cm5zX2V2ZXJ5X2NhcHR1cmVfb25jZSIsCiAgICAidGVzdHMvdGVzdF9kZXB0aDA2X3JlbnRhbF9zZXR0bGVtZW50LnB5Ojp0ZXN0X3F1b3RlX2lzX2V4cGxpY2l0X2JvdW5kX3RvX2Ftb3VudF9vd25lcl9hbmRfZGF0ZXMiLAogICAgInRlc3RzL3Rlc3RfZGVwdGgwNl9yZW50YWxfc2V0dGxlbWVudC5weTo6dGVzdF9leHBpcmVk
2026-09-10T08:11:30.7571569Z GO_EVIDENCE_B64 X3F1b3RlX2FuZF9taXNtYXRjaGVkX29yZGVyX2RvX25vdF9tb3ZlX21vbmV5IiwKICAgICJ0ZXN0cy90ZXN0X2RlcHRoMDZfcmVudGFsX3NldHRsZW1lbnQucHk6OnRlc3RfdG9wdXBfZmFpbHVyZV9pc19yZWNvdmVyYWJsZV9hbmRfYmxvY2tzX2NvbXBldGluZ19hY3Rpb25zIiwKICAgICJ0ZXN0cy90ZXN0X2RlcHRoMDZfcmVudGFsX3NldHRsZW1lbnQucHk6OnRlc3RfcGFydGlhbF9yZWZ1bmRfd29ya2VyX3Jlc3RhcnRfcmV1c2VzX2Zyb3plbl9hbGxvY2F0aW9uc1tzaG9ydGVuXSIsCiAgICAidGVzdHMvdGVzdF9kZXB0aDA2
2026-09-10T08:11:30.7578132Z GO_EVIDENCE_B64 X3JlbnRhbF9zZXR0bGVtZW50LnB5Ojp0ZXN0X3BhcnRpYWxfcmVmdW5kX3dvcmtlcl9yZXN0YXJ0X3JldXNlc19mcm96ZW5fYWxsb2NhdGlvbnNbY2FuY2VsXSIsCiAgICAidGVzdHMvdGVzdF9kZXB0aDA2X3JlbnRhbF9zZXR0bGVtZW50LnB5Ojp0ZXN0X2NvbXBldGluZ19xdW90ZXNfb25seV9vbmVfY2FuX2NoYW5nZV9vcmRlciIsCiAgICAidGVzdHMvdGVzdF9kZXB0aDA2X3JlbnRhbF9zZXR0bGVtZW50LnB5Ojp0ZXN0X3NhbWVfcXVvdGVfY29uY3VycmVudF9yZXRyaWVzX2NoYXJnZV9vbmNlIiwKICAgICJ0ZXN0cy90ZXN0
2026-09-10T08:11:30.7584874Z GO_EVIDENCE_B64 X2RlcHRoMDZfcmVudGFsX3NldHRsZW1lbnQucHk6OnRlc3RfZXF1YWxfcHJpY2VfY2hhbmdlX2RvZXNfbm90X2FkZF9tb25leV9tb3ZlbWVudHMiLAogICAgInRlc3RzL3Rlc3RfZGVwdGgwNl9yZW50YWxfc2V0dGxlbWVudC5weTo6dGVzdF9zdGFnaW5nX2Nhbm5vdF9ydW5fcmVudGFsX3NpbXVsYXRvciIsCiAgICAidGVzdHMvdGVzdF9kZXB0aDA3X2hvc3RlZF9tb25leS5weTo6dGVzdF9hdXRob3JpemF0aW9uX2JpbmRzX3NlbGVjdGVkX3Jvb21fb3duZXJfaG90ZWxfYW5kX2hhc19ub19jYXNoX3Bvc3RpbmciLAogICAgInRl
2026-09-10T08:11:30.7591421Z GO_EVIDENCE_B64 c3RzL3Rlc3RfZGVwdGgwN19ob3N0ZWRfbW9uZXkucHk6OnRlc3RfY2FuY2VsX3JlamVjdF9leHBpcnlfcmVsZWFzZV9ncmFwaF9hbmRfbmlnaHRseV9pbnZlbnRvcnlfd2l0aG91dF9jYXNoX3JlZnVuZFtDQU5DRUxdIiwKICAgICJ0ZXN0cy90ZXN0X2RlcHRoMDdfaG9zdGVkX21vbmV5LnB5Ojp0ZXN0X2NhbmNlbF9yZWplY3RfZXhwaXJ5X3JlbGVhc2VfZ3JhcGhfYW5kX25pZ2h0bHlfaW52ZW50b3J5X3dpdGhvdXRfY2FzaF9yZWZ1bmRbUkVKRUNUXSIsCiAgICAidGVzdHMvdGVzdF9kZXB0aDA3X2hvc3RlZF9tb25leS5weTo6
2026-09-10T08:11:30.7598059Z GO_EVIDENCE_B64 dGVzdF9jYW5jZWxfcmVqZWN0X2V4cGlyeV9yZWxlYXNlX2dyYXBoX2FuZF9uaWdodGx5X2ludmVudG9yeV93aXRob3V0X2Nhc2hfcmVmdW5kW0VYUElSRV0iLAogICAgInRlc3RzL3Rlc3RfZGVwdGgwN19ob3N0ZWRfbW9uZXkucHk6OnRlc3RfcmVsZWFzZV9hbmRfaW52ZW50b3J5X3JvbGxiYWNrX2lmX3Byb2plY3Rpb25fZmFpbHNfdGhlbl9yZXRyeV9vbmNlIiwKICAgICJ0ZXN0cy90ZXN0X2RlcHRoMDdfaG9zdGVkX21vbmV5LnB5Ojp0ZXN0X2NhcHR1cmVfb25seV9kdWFsX2NvbmZpcm1lZF9mdWxmaWxsbWVudF9hbmRfcmVs
2026-09-10T08:11:30.7604638Z GO_EVIDENCE_B64 ZWFzZV91bnVzZWRfYW1vdW50WzE2MjAwMF0iLAogICAgInRlc3RzL3Rlc3RfZGVwdGgwN19ob3N0ZWRfbW9uZXkucHk6OnRlc3RfY2FwdHVyZV9vbmx5X2R1YWxfY29uZmlybWVkX2Z1bGZpbGxtZW50X2FuZF9yZWxlYXNlX3VudXNlZF9hbW91bnRbODEwMDFdIiwKICAgICJ0ZXN0cy90ZXN0X2RlcHRoMDdfaG9zdGVkX21vbmV5LnB5Ojp0ZXN0X2NhcHR1cmVfb25seV9kdWFsX2NvbmZpcm1lZF9mdWxmaWxsbWVudF9hbmRfcmVsZWFzZV91bnVzZWRfYW1vdW50WzBdIiwKICAgICJ0ZXN0cy90ZXN0X2RlcHRoMDdfaG9zdGVkX21v
2026-09-10T08:11:30.7611093Z GO_EVIDENCE_B64 bmV5LnB5Ojp0ZXN0X2Z1bGZpbGxtZW50X2Nhbm5vdF9ieXBhc3Nfc3RheV9vcl9jaGFuZ2VfcHJvb2ZfYW5kX2Rpc3B1dGVfcmVjaGVja3NfYXRfY2FwdHVyZSIsCiAgICAidGVzdHMvdGVzdF9kZXB0aDA3X2hvc3RlZF9tb25leS5weTo6dGVzdF9jYXB0dXJlX2xlZGdlcl9mYXVsdF9yb2xsc19iYWNrX2Nhc2hfcmVsZWFzZV9hbmRfb3JkZXJfdGhlbl9yZXRyaWVzIiwKICAgICJ0ZXN0cy90ZXN0X2RlcHRoMDdfaG9zdGVkX21vbmV5LnB5Ojp0ZXN0X3NpbXVsdGFuZW91c19jYXB0dXJlX3JldHJpZXNfcG9zdF9vbmNlIiwKICAg
2026-09-10T08:11:30.7617797Z GO_EVIDENCE_B64 ICJ0ZXN0cy90ZXN0X2RlcHRoMDdfaG9zdGVkX21vbmV5LnB5Ojp0ZXN0X3BhcnRpYWxfcmVmdW5kX2lzX2R1cmFibGVfb3JpZ2luYWxfY2FwdHVyZV9hbmRfb25seV9jbG9zZXNfaXRzX2Nhc2UiLAogICAgInRlc3RzL3Rlc3RfZGVwdGgwN19ob3N0ZWRfbW9uZXkucHk6OnRlc3RfdHdvX3BhcnRpYWxfcmVmdW5kc19zdGFydF9kaXN0aW5jdF9jeWNsZXNfd2l0aG91dF9yZXNldHRpbmdfdHJpcF9jb21wbGV0aW9uIiwKICAgICJ0ZXN0cy90ZXN0X2RlcHRoMDdfaG9zdGVkX21vbmV5LnB5Ojp0ZXN0X3BhcmFsbGVsX3JlZnVuZF9h
2026-09-10T08:11:30.7624294Z GO_EVIDENCE_B64 cHByb3ZhbHNfY2Fubm90X292ZXJjb21taXRfYWN0dWFsX2NhcHR1cmUiLAogICAgInRlc3RzL3Rlc3RfZGVwdGgwN19ob3N0ZWRfbW9uZXkucHk6OnRlc3RfYXBwcm92YWxfY2hlY2tzX2luZGVwZW5kZW50X2FjdG9yX2FjdHVhbF9jYXNoX2Z1bGxfYW1vdW50X2FuZF9jbG9zZWRfY2FzZSIsCiAgICAidGVzdHMvdGVzdF9kZXB0aDA3X2hvc3RlZF9tb25leS5weTo6dGVzdF9vd25lcl9hZnRlcl9zYWxlc19hcGlfaWRlbXBvdGVuY3lfYW5kX3JlZnVuZF9wZXJtaXNzaW9ucyIsCiAgICAidGVzdHMvdGVzdF9kZXB0aDA3X2hvc3Rl
2026-09-10T08:11:30.7630716Z GO_EVIDENCE_B64 ZF9tb25leS5weTo6dGVzdF90ZXJtaW5hbF9yZWZ1bmRfc3RpbGxfcmVqZWN0c191bnByb3Zlbl9jeWNsZV9yZXNldCIsCiAgICAidGVzdHMvdGVzdF9kZXB0aDA3X2hvc3RlZF9tb25leS5weTo6dGVzdF9yZWxlYXNlZF9hdXRob3JpemF0aW9uX3JldHJ5X2lzX2FjdGlvbmFibGVfbm90X3VuaXF1ZV9jb25zdHJhaW50X2ZhaWx1cmUiLAogICAgInRlc3RzL3Rlc3RfZGVwdGgwN19ob3N0ZWRfbW9uZXkucHk6OnRlc3RfcGVuZGluZ19ob3RlbF9oYXNfbm9fZ3Vlc3Rfc3RheV9hbmRfZ3JhcGhfZXh0ZW5zaW9uX2Nhbm5vdF9mYWtl
2026-09-10T08:11:30.7637258Z GO_EVIDENCE_B64 X2ludmVudG9yeSIsCiAgICAidGVzdHMvdGVzdF9kZXB0aDA3X2hvc3RlZF9tb25leS5weTo6dGVzdF91bmtub3duX21vbmV5X29yX2V4dGVybmFsX2F1dGhvcml6YXRpb25fYmxvY2tzX3JlZnVuZF9iZWZvcmVfY2xhaW0iLAogICAgInRlc3RzL3Rlc3RfZGVwdGgwOF9hcGlfYW5kX21pZ3JhdGlvbi5weTo6dGVzdF9hbGwxNF9vYnNlcnZhdGlvbnNfZXhlY3V0ZV9hZ2FpbnN0X2FwcGxpY2F0aW9uX2RhdGFiYXNlIiwKICAgICJ0ZXN0cy90ZXN0X2RlcHRoMDhfYXBpX2FuZF9taWdyYXRpb24ucHk6OnRlc3RfcXVldWVfbXV0YXRp
2026-09-10T08:11:30.7643941Z GO_EVIDENCE_B64 b25fcmVxdWlyZXNfZ29fYWRtaW5fcnVsZXNfcGVybWlzc2lvblthbm9ueW1vdXNdIiwKICAgICJ0ZXN0cy90ZXN0X2RlcHRoMDhfYXBpX2FuZF9taWdyYXRpb24ucHk6OnRlc3RfcXVldWVfbXV0YXRpb25fcmVxdWlyZXNfZ29fYWRtaW5fcnVsZXNfcGVybWlzc2lvbltzdXBwbGllcl0iLAogICAgInRlc3RzL3Rlc3RfZGVwdGgwOF9hcGlfYW5kX21pZ3JhdGlvbi5weTo6dGVzdF9xdWV1ZV9tdXRhdGlvbl9yZXF1aXJlc19nb19hZG1pbl9ydWxlc19wZXJtaXNzaW9uW3JlYWRfb25seV0iLAogICAgInRlc3RzL3Rlc3RfZGVwdGgw
2026-09-10T08:11:30.7650610Z GO_EVIDENCE_B64 OF9hcGlfYW5kX21pZ3JhdGlvbi5weTo6dGVzdF9hcGlfcmVqZWN0c19jbGllbnRfc3VwcGxpZWRfZXhlY3V0aW9uX2F1dGhvcml0eVtjaGFuZ2UwXSIsCiAgICAidGVzdHMvdGVzdF9kZXB0aDA4X2FwaV9hbmRfbWlncmF0aW9uLnB5Ojp0ZXN0X2FwaV9yZWplY3RzX2NsaWVudF9zdXBwbGllZF9leGVjdXRpb25fYXV0aG9yaXR5W2NoYW5nZTFdIiwKICAgICJ0ZXN0cy90ZXN0X2RlcHRoMDhfYXBpX2FuZF9taWdyYXRpb24ucHk6OnRlc3RfYXBpX3JlamVjdHNfY2xpZW50X3N1cHBsaWVkX2V4ZWN1dGlvbl9hdXRob3JpdHlbY2hh
2026-09-10T08:11:30.7659964Z GO_EVIDENCE_B64 bmdlMl0iLAogICAgInRlc3RzL3Rlc3RfZGVwdGgwOF9hcGlfYW5kX21pZ3JhdGlvbi5weTo6dGVzdF9hcGlfcmVqZWN0c19jbGllbnRfc3VwcGxpZWRfZXhlY3V0aW9uX2F1dGhvcml0eVtjaGFuZ2UzXSIsCiAgICAidGVzdHMvdGVzdF9kZXB0aDA4X2FwaV9hbmRfbWlncmF0aW9uLnB5Ojp0ZXN0X2FwaV9yZWplY3RzX2NsaWVudF9zdXBwbGllZF9leGVjdXRpb25fYXV0aG9yaXR5W2NoYW5nZTRdIiwKICAgICJ0ZXN0cy90ZXN0X2RlcHRoMDhfYXBpX2FuZF9taWdyYXRpb24ucHk6OnRlc3RfYXBpX3JlamVjdHNfY2xpZW50X3N1
2026-09-10T08:11:30.7670444Z GO_EVIDENCE_B64 cHBsaWVkX2V4ZWN1dGlvbl9hdXRob3JpdHlbY2hhbmdlNV0iLAogICAgInRlc3RzL3Rlc3RfZGVwdGgwOF9hcGlfYW5kX21pZ3JhdGlvbi5weTo6dGVzdF9xdWV1ZWRfb2JzZXJ2YXRpb25faG9sZHNfaWZfYWRtaW5fcm9sZV9pc19yZXZva2VkIiwKICAgICJ0ZXN0cy90ZXN0X2RlcHRoMDhfYXBpX2FuZF9taWdyYXRpb24ucHk6OnRlc3RfYXBpX3BhdXNlX3Jlc3VtZV9jYW5jZWxfYW5kX3JldmlzaW9uX2NvbmZsaWN0IiwKICAgICJ0ZXN0cy90ZXN0X2RlcHRoMDhfYXBpX2FuZF9taWdyYXRpb24ucHk6OnRlc3Rfd29ya2VyX2Ns
2026-09-10T08:11:30.7677513Z GO_EVIDENCE_B64 aV9wcm9jZXNzX2NvbnN1bWVzX3BlcnNpc3RlZF9xdWV1ZSIsCiAgICAidGVzdHMvdGVzdF9kZXB0aDA4X2FwaV9hbmRfbWlncmF0aW9uLnB5Ojp0ZXN0X21pZ3JhdGlvbl9yb3VuZHRyaXBfcHJlc2VydmVzX3ByaW9yX2RhdGFfYW5kX3Byb3RlY3RzX2V4ZWN1dGlvbl9ldmlkZW5jZSIsCiAgICAidGVzdHMvdGVzdF9kZXB0aDA4X2hvc3RlZF9jaGFuZ2UucHk6OnRlc3RfY2hhbmdlX2hpZ2hfc3VwcGxlbWVudF9sb3dfbm9fcmVmdW5kX2FuZF9pbW11dGFibGVfb3JpZ2luYWxfYXV0aG9yaXphdGlvblsxMDAwMDAtMjAxMDAwXSIs
2026-09-10T08:11:30.7684609Z GO_EVIDENCE_B64 CiAgICAidGVzdHMvdGVzdF9kZXB0aDA4X2hvc3RlZF9jaGFuZ2UucHk6OnRlc3RfY2hhbmdlX2hpZ2hfc3VwcGxlbWVudF9sb3dfbm9fcmVmdW5kX2FuZF9pbW11dGFibGVfb3JpZ2luYWxfYXV0aG9yaXphdGlvbls4MTAwMC0xNjMwMDBdIiwKICAgICJ0ZXN0cy90ZXN0X2RlcHRoMDhfaG9zdGVkX2NoYW5nZS5weTo6dGVzdF9jaGFuZ2VfaGlnaF9zdXBwbGVtZW50X2xvd19ub19yZWZ1bmRfYW5kX2ltbXV0YWJsZV9vcmlnaW5hbF9hdXRob3JpemF0aW9uWzQwMDAwLTE2MzAwMF0iLAogICAgInRlc3RzL3Rlc3RfZGVwdGgwOF9o
2026-09-10T08:11:30.7691358Z GO_EVIDENCE_B64 b3N0ZWRfY2hhbmdlLnB5Ojp0ZXN0X3N0YWxlX3F1b3RlX3ByaWNlX2NoYW5nZV9sYXN0X25pZ2h0X3NvbGRfb3V0X2FuZF9sZWRnZXJfZmF1bHRfa2VlcF9vbGRfc3RheSIsCiAgICAidGVzdHMvdGVzdF9kZXB0aDA4X2hvc3RlZF9jaGFuZ2UucHk6OnRlc3RfbXVsdGlwbGVfY2hhbmdlc19rZWVwX3ByaW9yX3Jvb3RzX2FuZF9yZWZ1bmRfZmluYWxfb3JpZ2luYWxfY2FwdHVyZSIsCiAgICAidGVzdHMvdGVzdF9kZXB0aDA4X2hvc3RlZF9jaGFuZ2UucHk6OnRlc3RfaW5faG91c2VfZXh0ZW5zaW9uX3ByZXNlcnZlc19vbGRfbmln
2026-09-10T08:11:30.7700211Z GO_EVIDENCE_B64 aHRfcHJpY2VzX2FuZF91cGRhdGVzX2Z1bGZpbGxtZW50IiwKICAgICJ0ZXN0cy90ZXN0X2RlcHRoMDhfaG9zdGVkX2NoYW5nZS5weTo6dGVzdF9wYXJhbGxlbF9jaGFuZ2VzX293bmVyX2FuZF9jdXJyZW5jeV9uZXZlcl9kb3VibGVfcmVsZWFzZSIsCiAgICAidGVzdHMvdGVzdF9kZXB0aDA4X2hvc3RlZF9jaGFuZ2UucHk6OnRlc3RfemVyb19mZWVfZXF1YWxfb3JfbG93ZXJfcmVwcmljZV9rZWVwc19ob2xkX3dpdGhvdXRfbWludGluZ19jcmVkaXQiLAogICAgInRlc3RzL3Rlc3RfZGVwdGgwOF9ob3N0ZWRfY2hhbmdlLnB5Ojp0
2026-09-10T08:11:30.7708620Z GO_EVIDENCE_B64 ZXN0X3Vua25vd25fbW9uZXlfYW5kX29wZW5fZGlzcHV0ZV9mcmVlemVfZGF0ZWRfY2hhbmdlcyIsCiAgICAidGVzdHMvdGVzdF9kZXB0aDA4X2hvc3RlZF9jaGFuZ2UucHk6OnRlc3RfY2hhbmdlZF9vcmRlcl9ub19zaG93X3NldHRsZXNfY3VycmVudF9ob2xkX2FuZF9jYW5fcmVmdW5kX2l0IiwKICAgICJ0ZXN0cy90ZXN0X2RlcHRoMDhfaG9zdGVkX2ZhcmUucHk6OnRlc3Rfc3VwcGxpZXJfcnVsZXNfcmVqZWN0X2FtYmlndW91c19vcl9mb3JiaWRkZW5fdGVybXNbc3RheV9jcmVkaXRfZGF5cy0zNjYtMzY1XSIsCiAgICAidGVz
2026-09-10T08:11:30.7718647Z GO_EVIDENCE_B64 dHMvdGVzdF9kZXB0aDA4X2hvc3RlZF9mYXJlLnB5Ojp0ZXN0X3N1cHBsaWVyX3J1bGVzX3JlamVjdF9hbWJpZ3VvdXNfb3JfZm9yYmlkZGVuX3Rlcm1zW3N0YXlfY3JlZGl0X3Njb3BlLUdPX1dBTExFVC1QUk9QRVJUWV9PTkxZXSIsCiAgICAidGVzdHMvdGVzdF9kZXB0aDA4X2hvc3RlZF9mYXJlLnB5Ojp0ZXN0X3N1cHBsaWVyX3J1bGVzX3JlamVjdF9hbWJpZ3VvdXNfb3JfZm9yYmlkZGVuX3Rlcm1zW2NoYW5nZV9hbGxvd2VkLXllcy1CT09MRUFOXSIsCiAgICAidGVzdHMvdGVzdF9kZXB0aDA4X2hvc3RlZF9mYXJlLnB5Ojp0
2026-09-10T08:11:30.7731207Z GO_EVIDENCE_B64 ZXN0X3N1cHBsaWVyX3J1bGVzX3JlamVjdF9hbWJpZ3VvdXNfb3JfZm9yYmlkZGVuX3Rlcm1zW2NoZWNrX2luX2hvdXItVHJ1ZS1DSEVDS19JTl0iLAogICAgInRlc3RzL3Rlc3RfZGVwdGgwOF9ob3N0ZWRfZmFyZS5weTo6dGVzdF9zdXBwbGllcl9ydWxlc19yZWplY3RfYW1iaWd1b3VzX29yX2ZvcmJpZGRlbl90ZXJtc1tub19zaG93X2ZlZV9iYXNpc19wb2ludHMtMTAwMDEtTk9fU0hPV10iLAogICAgInRlc3RzL3Rlc3RfZGVwdGgwOF9ob3N0ZWRfZmFyZS5weTo6dGVzdF9zdXBwbGllcl9ydWxlc19yZWplY3RfYW1iaWd1b3Vz
2026-09-10T08:11:30.7743652Z GO_EVIDENCE_B64 X29yX2ZvcmJpZGRlbl90ZXJtc1tjYW5jZWxsYXRpb25fdGllcnMtdmFsdWU1LUNPTVBMRVRFXSIsCiAgICAidGVzdHMvdGVzdF9kZXB0aDA4X2hvc3RlZF9mYXJlLnB5Ojp0ZXN0X3J1bGVfcHVibGljYXRpb25faXNfdmVyc2lvbmVkX29yZGVyX3NuYXBzaG90X2lzX25vdF9yZXRyb2FjdGl2ZSIsCiAgICAidGVzdHMvdGVzdF9kZXB0aDA4X2hvc3RlZF9mYXJlLnB5Ojp0ZXN0X2NhbmNlbGxhdGlvbl9xdW90ZV9jb25zZW50X2F0b21pY19pbnZlbnRvcnlfbW9uZXlfYW5kX2lkZW1wb3RlbnRfcmVwbGF5W1RydWUtMF0iLAogICAg
2026-09-10T08:11:30.7756509Z GO_EVIDENCE_B64 InRlc3RzL3Rlc3RfZGVwdGgwOF9ob3N0ZWRfZmFyZS5weTo6dGVzdF9jYW5jZWxsYXRpb25fcXVvdGVfY29uc2VudF9hdG9taWNfaW52ZW50b3J5X21vbmV5X2FuZF9pZGVtcG90ZW50X3JlcGxheVtGYWxzZS04MTAwMF0iLAogICAgInRlc3RzL3Rlc3RfZGVwdGgwOF9ob3N0ZWRfZmFyZS5weTo6dGVzdF9mYXJlX3F1b3RlX293bmVyX2V4cGlyeV9zdGFsZV9zdGF0ZV9hbmRfaGFzaF9hcmVfZW5mb3JjZWQiLAogICAgInRlc3RzL3Rlc3RfZGVwdGgwOF9ob3N0ZWRfZmFyZS5weTo6dGVzdF9jb29saW5nX2FuZF90aWVyX2JvdW5k
2026-09-10T08:11:30.7769198Z GO_EVIDENCE_B64 YXJpZXNfZm9yY2VfZnJlc2hfcXVvdGUiLAogICAgInRlc3RzL3Rlc3RfZGVwdGgwOF9ob3N0ZWRfZmFyZS5weTo6dGVzdF91bmNvbmZpZ3VyZWRfb2xkX29yZGVyX25ldmVyX2luaGVyaXRzX25ld19mZWVfcnVsZSIsCiAgICAidGVzdHMvdGVzdF9kZXB0aDA4X2hvc3RlZF9mYXJlLnB5Ojp0ZXN0X2NvbmZpcm1lZF9mcmVlX3JlbGVhc2VfYW5kX29sZF9jYW5jZWxfcm91dGVzX2Nhbm5vdF9ieXBhc3NfZmFyZSIsCiAgICAidGVzdHMvdGVzdF9kZXB0aDA4X2hvc3RlZF9mYXJlLnB5Ojp0ZXN0X21vbmV5X29yX3Byb2plY3Rpb25f
2026-09-10T08:11:30.7782097Z GO_EVIDENCE_B64 ZmF1bHRfcm9sbHNfYmFja19xdW90ZV9mZWVfcmVsZWFzZV9hbmRfaW52ZW50b3J5IiwKICAgICJ0ZXN0cy90ZXN0X2RlcHRoMDhfaG9zdGVkX2ZhcmUucHk6OnRlc3RfcGFyYWxsZWxfY2FuY2VsX3F1b3Rlc19zZXR0bGVfZXhhY3RseV9vbmNlIiwKICAgICJ0ZXN0cy90ZXN0X2RlcHRoMDhfaG9zdGVkX2ZhcmUucHk6OnRlc3Rfbm9fc2hvd19kZWFkbGluZV9ydWxlX2FwcHJvdmFsX2ludmVudG9yeV9hbmRfb3JpZ2luYWxfZmVlX3JlZnVuZFswXSIsCiAgICAidGVzdHMvdGVzdF9kZXB0aDA4X2hvc3RlZF9mYXJlLnB5Ojp0ZXN0
2026-09-10T08:11:30.7795420Z GO_EVIDENCE_B64 X25vX3Nob3dfZGVhZGxpbmVfcnVsZV9hcHByb3ZhbF9pbnZlbnRvcnlfYW5kX29yaWdpbmFsX2ZlZV9yZWZ1bmRbODAwMF0iLAogICAgInRlc3RzL3Rlc3RfZGVwdGgwOF9ob3N0ZWRfZmFyZS5weTo6dGVzdF9ub19zaG93X2RlYWRsaW5lX3J1bGVfYXBwcm92YWxfaW52ZW50b3J5X2FuZF9vcmlnaW5hbF9mZWVfcmVmdW5kWzEwMDAwXSIsCiAgICAidGVzdHMvdGVzdF9kZXB0aDA4X2hvc3RlZF9mYXJlLnB5Ojp0ZXN0X2NhbmNlbGxlZF9mZWVfY2FuX2JlX2Rpc3B1dGVkX3dpdGhvdXRfcmVvcGVuaW5nX29yX2ZhYnJpY2F0aW5n
2026-09-10T08:11:30.7808345Z GO_EVIDENCE_B64 X2Ffc3RheSIsCiAgICAidGVzdHMvdGVzdF9kZXB0aDA4X21pZ3JhdGlvbi5weTo6dGVzdF9mYXJlX21pZ3JhdGlvbl9yb3VuZHRyaXBfcHJlc2VydmVzX3ByaW9yX3RhYmxlc19hbmRfZG9lc19ub3RfZmFicmljYXRlX3NuYXBzaG90cyIsCiAgICAidGVzdHMvdGVzdF9kZXB0aDA5X2NyZWRpdF9hcGkucHk6OnRlc3RfcmVkZW1wdGlvbl9yZXF1aXJlc19jdXJyZW50X293bmVkX3RyYXZlbGVyX3JlbGVhc2VfYW5kX3JlamVjdHNfcmF3X3BpaSIsCiAgICAidGVzdHMvdGVzdF9kZXB0aDA5X2NyZWRpdF9hcGkucHk6OnRlc3RfY3Jl
2026-09-10T08:11:30.7821098Z GO_EVIDENCE_B64 ZGl0X2xpc3RfYW5kX29yZGVyX2V4cG9zZV9kaXN0aW5jdF92YWx1ZV9jYXNoX2FuZF90ZXJtaW5hbF9zdGF0ZSIsCiAgICAidGVzdHMvdGVzdF9kZXB0aDA5X2NyZWRpdF9hcGkucHk6OnRlc3RfcmVkZW1wdGlvbl9xdW90ZV9jYXJyaWVzX2F1dGhvcml0YXRpdmVfbmV3X3J1bGVfYWZ0ZXJfc2VhcmNoX3BvbGljeV9jaGFuZ2VzIiwKICAgICJ0ZXN0cy90ZXN0X2RlcHRoMDlfY3JlZGl0X2FwaS5weTo6dGVzdF93aXRoZHJhd25fYm9va2luZ19wZXJtaXNzaW9uX3ByZXZlbnRzX2NyZWRpdF9yZWRlbXB0aW9uX3dpdGhvdXRfdmFs
2026-09-10T08:11:30.7833771Z GO_EVIDENCE_B64 dWVfY2hhbmdlIiwKICAgICJ0ZXN0cy90ZXN0X2RlcHRoMDlfY3JlZGl0X2JvdW5kYXJpZXMucHk6OnRlc3RfbWlzc2luZ19oaXN0b3JpY2FsX2NyZWRpdF90ZXJtc19hcmVfbmV2ZXJfcmV0cm9maXR0ZWQiLAogICAgInRlc3RzL3Rlc3RfZGVwdGgwOV9jcmVkaXRfYm91bmRhcmllcy5weTo6dGVzdF9jb252ZXJzaW9uX2ZhaWx1cmVfcm9sbHNfYmFja19jYXB0dXJlX2ludmVudG9yeV9jcmVkaXRfYW5kX3RyaXAiLAogICAgInRlc3RzL3Rlc3RfZGVwdGgwOV9jcmVkaXRfYm91bmRhcmllcy5weTo6dGVzdF9vd25lcl9wcm9wZXJ0
2026-09-10T08:11:30.7847225Z GO_EVIDENCE_B64 eV9jdXJyZW5jeV9hbW91bnRfYW5kX2xlZGdlcl9ib3VuZGFyaWVzIiwKICAgICJ0ZXN0cy90ZXN0X2RlcHRoMDlfY3JlZGl0X2JvdW5kYXJpZXMucHk6OnRlc3RfZXhwaXJ5X2lzX2NoZWNrX2luX2Jhc2VkX2FuZF9qb2JfaXNfaWRlbXBvdGVudF93aXRob3V0X3JlZnVuZCIsCiAgICAidGVzdHMvdGVzdF9kZXB0aDA5X2NyZWRpdF9ib3VuZGFyaWVzLnB5Ojp0ZXN0X2NvbmN1cnJlbnRfZGlzdGluY3RfcXVvdGVzX2NvbnN1bWVfb25lX2NyZWRpdF9vbmNlIiwKICAgICJ0ZXN0cy90ZXN0X2RlcHRoMDlfY3JlZGl0X2JvdW5kYXJp
2026-09-10T08:11:30.7860085Z GO_EVIDENCE_B64 ZXMucHk6OnRlc3RfcmVkZW1wdGlvbl9mYWlsdXJlX2FmdGVyX2Nhc2hfYXV0aG9yaXphdGlvbl9yZXN0b3Jlc19pbnZlbnRvcnlfYW5kX3ZhbHVlIiwKICAgICJ0ZXN0cy90ZXN0X2RlcHRoMDlfY3JlZGl0X2JvdW5kYXJpZXMucHk6OnRlc3Rfc291cmNlX3Vua25vd25fYmxvY2tzX2NoaWxkX3JlZnVuZF9yZXRyeV9hbmRfcmVwb3J0c19yZWNvbmNpbGlhdGlvbiIsCiAgICAidGVzdHMvdGVzdF9kZXB0aDA5X2NyZWRpdF9ib3VuZGFyaWVzLnB5Ojp0ZXN0X3BhcnRpYWxfZnVsZmlsbG1lbnRfcmVzdG9yZXNfb25seV91bnVzZWRf
2026-09-10T08:11:30.7872970Z GO_EVIDENCE_B64 Y3JlZGl0X3dpdGhvdXRfZXh0ZW5kaW5nX2V4cGlyeSIsCiAgICAidGVzdHMvdGVzdF9kZXB0aDA5X2NyZWRpdF9ib3VuZGFyaWVzLnB5Ojp0ZXN0X2NyZWRpdF9jaGFuZ2VfcmVhdXRob3JpemVzX2Nhc2hfb25seV9hbmRfY2Fubm90X2V4dGVuZF9jcmVkaXRfdmFsaWRpdHkiLAogICAgInRlc3RzL3Rlc3RfZGVwdGgwOV9jcmVkaXRfYm91bmRhcmllcy5weTo6dGVzdF90d29fY2FwdHVyZV9yZWZ1bmRfZmFpbHVyZV9pc19hdG9taWNfYW5kX3JldHJ5X2hhc19ub19kdXBsaWNhdGVfbGVkZ2VyIiwKICAgICJ0ZXN0cy90ZXN0X2Rl
2026-09-10T08:11:30.7886139Z GO_EVIDENCE_B64 cHRoMDlfY3JlZGl0X2JvdW5kYXJpZXMucHk6OnRlc3RfbGFzdF9uaWdodF9leGhhdXN0aW9uX2FuZF9jaGFuZ2VkX3ByaWNlX2xlYXZlX2NyZWRpdF91bnRvdWNoZWQiLAogICAgInRlc3RzL3Rlc3RfZGVwdGgwOV9jcmVkaXRfYm91bmRhcmllcy5weTo6dGVzdF9yZXBlYXRlZF9yZWRlbXB0aW9uX2NhbmNlbGxhdGlvbl9yZWZ1bmRzX2NvbnNlcnZlX29yaWdpbmFsX3ZhbHVlIiwKICAgICJ0ZXN0cy90ZXN0X2RlcHRoMDlfY3JlZGl0X2JvdW5kYXJpZXMucHk6OnRlc3RfY3JlZGl0X3JlZnVuZF9hcHByb3ZhbF9hbmRfcmVkZW1w
2026-09-10T08:11:30.7899040Z GO_EVIDENCE_B64 dGlvbl9jYW5ub3Rfc3BlbmRfdGhlX3NhbWVfc291cmNlIiwKICAgICJ0ZXN0cy90ZXN0X2RlcHRoMDlfY3JlZGl0X2JvdW5kYXJpZXMucHk6OnRlc3RfY3JlZGl0X25vX3Nob3dfdXNlc19wcmVwYWlkX3RoZW5fY2FzaF9hbmRfa2VlcHNfaW5kZXBlbmRlbnRfcmV2aWV3IiwKICAgICJ0ZXN0cy90ZXN0X2RlcHRoMDlfY3JlZGl0X2JvdW5kYXJpZXMucHk6OnRlc3RfdW51c2VkX2NyZWRpdF9yZWZ1bmRfZXhwaXJ5X2RvZXNfbm90X2RlcGVuZF9vbl9iYWNrZ3JvdW5kX2pvYl90aW1pbmciLAogICAgInRlc3RzL3Rlc3RfZGVwdGgw
2026-09-10T08:11:30.7912122Z GO_EVIDENCE_B64 OV9jcmVkaXRfYm91bmRhcmllcy5weTo6dGVzdF91bnVzZWRfY3JlZGl0X3JlZnVuZF9hcHByb3ZlZF9iZWZvcmVfZXhwaXJ5X3JlbWFpbnNfcGF5YWJsZV9hZnRlcl9leHBpcnkiLAogICAgInRlc3RzL3Rlc3RfZGVwdGgwOV9ob3RlbF9yZXBsaWNhdGlvbi5weTo6dGVzdF9kZWNsYXJlZF9yb29tc19hcmVfY2FwdHVyZWRfd2l0aF9leGFjdF9mYWN0c19hbmRfaW1hZ2VfYmluZGluZ3MiLAogICAgInRlc3RzL3Rlc3RfZGVwdGgwOV9ob3RlbF9yZXBsaWNhdGlvbi5weTo6dGVzdF9vZmZpY2lhbF9jYXB0dXJlX3JlamVjdHNfb3Jf
2026-09-10T08:11:30.7925218Z GO_EVIDENCE_B64 aG9sZHNfYW1iaWd1b3VzX2FuZF9pbmNvbXBsZXRlX3NvdXJjZXNbd3JvbmdfaG90ZWxdIiwKICAgICJ0ZXN0cy90ZXN0X2RlcHRoMDlfaG90ZWxfcmVwbGljYXRpb24ucHk6OnRlc3Rfb2ZmaWNpYWxfY2FwdHVyZV9yZWplY3RzX29yX2hvbGRzX2FtYmlndW91c19hbmRfaW5jb21wbGV0ZV9zb3VyY2VzW2Nyb3NzX29yaWdpbl0iLAogICAgInRlc3RzL3Rlc3RfZGVwdGgwOV9ob3RlbF9yZXBsaWNhdGlvbi5weTo6dGVzdF9vZmZpY2lhbF9jYXB0dXJlX3JlamVjdHNfb3JfaG9sZHNfYW1iaWd1b3VzX2FuZF9pbmNvbXBsZXRlX3Nv
2026-09-10T08:11:30.7938010Z GO_EVIDENCE_B64 dXJjZXNbZm9yZWlnbl9wYXJlbnRdIiwKICAgICJ0ZXN0cy90ZXN0X2RlcHRoMDlfaG90ZWxfcmVwbGljYXRpb24ucHk6OnRlc3Rfb2ZmaWNpYWxfY2FwdHVyZV9yZWplY3RzX29yX2hvbGRzX2FtYmlndW91c19hbmRfaW5jb21wbGV0ZV9zb3VyY2VzW21pc3NpbmdfcGFnZV0iLAogICAgInRlc3RzL3Rlc3RfZGVwdGgwOV9ob3RlbF9yZXBsaWNhdGlvbi5weTo6dGVzdF9vZmZpY2lhbF9jYXB0dXJlX3JlamVjdHNfb3JfaG9sZHNfYW1iaWd1b3VzX2FuZF9pbmNvbXBsZXRlX3NvdXJjZXNbYnVkZ2V0XSIsCiAgICAidGVzdHMvdGVz
2026-09-10T08:11:30.7950665Z GO_EVIDENCE_B64 dF9kZXB0aDA5X2hvdGVsX3JlcGxpY2F0aW9uLnB5Ojp0ZXN0X29mZmljaWFsX2NhcHR1cmVfcmVqZWN0c19vcl9ob2xkc19hbWJpZ3VvdXNfYW5kX2luY29tcGxldGVfc291cmNlc1ttaXNzaW5nX2lkXSIsCiAgICAidGVzdHMvdGVzdF9kZXB0aDA5X2hvdGVsX3JlcGxpY2F0aW9uLnB5Ojp0ZXN0X29mZmljaWFsX2NhcHR1cmVfcmVqZWN0c19vcl9ob2xkc19hbWJpZ3VvdXNfYW5kX2luY29tcGxldGVfc291cmNlc1tkdXBsaWNhdGVfcm9vbV0iLAogICAgInRlc3RzL3Rlc3RfZGVwdGgwOV9ob3RlbF9yZXBsaWNhdGlvbi5weTo6
2026-09-10T08:11:30.7963557Z GO_EVIDENCE_B64 dGVzdF9ub19yb29tX2RpcmVjdG9yeV9hbmRfYXJiaXRyYXJ5X2ltYWdlc19kb19ub3RfYmVjb21lX2NvbXBsZXRlX2NhdGFsb2ciLAogICAgInRlc3RzL3Rlc3RfZGVwdGgwOV9ob3RlbF9yZXBsaWNhdGlvbi5weTo6dGVzdF9uYW1lX2FkZHJlc3NfYWxvbmVfc3RheXNfZHJhZnRfYW5kX21hbnVhbF9wdWJsaXNoX2lzX2Jsb2NrZWQiLAogICAgInRlc3RzL3Rlc3RfZGVwdGgwOV9ob3RlbF9yZXBsaWNhdGlvbi5weTo6dGVzdF9uYW1lX29ubHlfbWF0Y2hfZG9lc19ub3RfbWVyZ2Vfc2VwYXJhdGVfcHJvcGVydGllcyIsCiAgICAi
2026-09-10T08:11:30.7976543Z GO_EVIDENCE_B64 dGVzdHMvdGVzdF9kZXB0aDA5X2hvdGVsX3JlcGxpY2F0aW9uLnB5Ojp0ZXN0X3NhbWVfbmFtZV9hbmRfYWRkcmVzc19yZXNvbHZlc19pZGVudGl0eV9hY3Jvc3Nfc291cmNlcyIsCiAgICAidGVzdHMvdGVzdF9kZXB0aDA5X2hvdGVsX3JlcGxpY2F0aW9uLnB5Ojp0ZXN0X2NvbmN1cnJlbnRfaWRlbnRpY2FsX2ltcG9ydF9oYXNfb25lX3Byb2ZpbGVfc25hcHNob3RfYW5kX3ZlcnNpb24iLAogICAgInRlc3RzL3Rlc3RfZGVwdGgwOV9ob3RlbF9yZXBsaWNhdGlvbi5weTo6dGVzdF9jb25jdXJyZW50X2NoYW5nZWRfc25hcHNob3Rz
2026-09-10T08:11:30.7989216Z GO_EVIDENCE_B64 X2tlZXBfc3RhYmxlX3Byb3ZpZGVyX2lkZW50aXR5IiwKICAgICJ0ZXN0cy90ZXN0X2RlcHRoMDlfaG90ZWxfcmVwbGljYXRpb24ucHk6OnRlc3Rfb2Jzb2xldGVfc291cmNlX2ZpZWxkc19hcmVfcmVtb3ZlZF93aXRob3V0X2hpc3RvcmljYWxfY29uZmxpY3RzIiwKICAgICJ0ZXN0cy90ZXN0X2RlcHRoMDlfaG90ZWxfcmVwbGljYXRpb24ucHk6OnRlc3RfZnVsbF9jYXRhbG9nX2NhY2hlX2Nhbl9wdWJsaXNoX2FuZF9yZXBsYXlfd2l0aG91dF9ncm93dGgiLAogICAgInRlc3RzL3Rlc3RfZGVwdGgwOV9ob3RlbF9yZXBsaWNhdGlv
2026-09-10T08:11:30.8002154Z GO_EVIDENCE_B64 bi5weTo6dGVzdF9iYWRfdXBkYXRlX3ByZXNlcnZlc19sYXN0X2dvb2RfcHVibGljX3ZlcnNpb24iLAogICAgInRlc3RzL3Rlc3RfZGVwdGgwOV9ob3RlbF9yZXBsaWNhdGlvbi5weTo6dGVzdF9tYW51YWxfdW5wdWJsaXNoX3N1cnZpdmVzX3JlY29tcG9zZV9hbmRfdXBkYXRlcyIsCiAgICAidGVzdHMvdGVzdF9kZXB0aDA5X2hvdGVsX3JlcGxpY2F0aW9uLnB5Ojp0ZXN0X3B1YmxpY2F0aW9uX2NoZWNrc19yZWFsX21lZGlhX2FuZF9leGFjdF9jYXRhbG9nX2V2aWRlbmNlW2ZpbGVfZGVsZXRlZF0iLAogICAgInRlc3RzL3Rlc3Rf
2026-09-10T08:11:30.8016142Z GO_EVIDENCE_B64 ZGVwdGgwOV9ob3RlbF9yZXBsaWNhdGlvbi5weTo6dGVzdF9wdWJsaWNhdGlvbl9jaGVja3NfcmVhbF9tZWRpYV9hbmRfZXhhY3RfY2F0YWxvZ19ldmlkZW5jZVtmaWxlX2NvcnJ1cHRlZF0iLAogICAgInRlc3RzL3Rlc3RfZGVwdGgwOV9ob3RlbF9yZXBsaWNhdGlvbi5weTo6dGVzdF9wdWJsaWNhdGlvbl9jaGVja3NfcmVhbF9tZWRpYV9hbmRfZXhhY3RfY2F0YWxvZ19ldmlkZW5jZVtyaWdodHNfcmV2b2tlZF0iLAogICAgInRlc3RzL3Rlc3RfZGVwdGgwOV9ob3RlbF9yZXBsaWNhdGlvbi5weTo6dGVzdF9wdWJsaWNhdGlvbl9j
2026-09-10T08:11:30.8029293Z GO_EVIDENCE_B64 aGVja3NfcmVhbF9tZWRpYV9hbmRfZXhhY3RfY2F0YWxvZ19ldmlkZW5jZVt3cm9uZ19yb29tXSIsCiAgICAidGVzdHMvdGVzdF9kZXB0aDA5X2hvdGVsX3JlcGxpY2F0aW9uLnB5Ojp0ZXN0X3B1YmxpY2F0aW9uX2NoZWNrc19yZWFsX21lZGlhX2FuZF9leGFjdF9jYXRhbG9nX2V2aWRlbmNlW3dyb25nX2hvdGVsXSIsCiAgICAidGVzdHMvdGVzdF9kZXB0aDA5X2hvdGVsX3JlcGxpY2F0aW9uLnB5Ojp0ZXN0X3B1YmxpY2F0aW9uX2NoZWNrc19yZWFsX21lZGlhX2FuZF9leGFjdF9jYXRhbG9nX2V2aWRlbmNlW3dyb25nX3NvdXJj
2026-09-10T08:11:30.8042079Z GO_EVIDENCE_B64 ZV91cmxdIiwKICAgICJ0ZXN0cy90ZXN0X2RlcHRoMDlfaG90ZWxfcmVwbGljYXRpb24ucHk6OnRlc3RfcHVibGljYXRpb25fY2hlY2tzX3JlYWxfbWVkaWFfYW5kX2V4YWN0X2NhdGFsb2dfZXZpZGVuY2VbZHVwbGljYXRlc10iLAogICAgInRlc3RzL3Rlc3RfZGVwdGgwOV9ob3RlbF9yZXBsaWNhdGlvbi5weTo6dGVzdF9wdWJsaWNhdGlvbl9jaGVja3NfcmVhbF9tZWRpYV9hbmRfZXhhY3RfY2F0YWxvZ19ldmlkZW5jZVt1bnJldmlld2VkX2ludmVudG9yeV0iLAogICAgInRlc3RzL3Rlc3RfZGVwdGgwOV9ob3RlbF9yZXBsaWNh
2026-09-10T08:11:30.8055276Z GO_EVIDENCE_B64 dGlvbi5weTo6dGVzdF9wdWJsaWNhdGlvbl9jaGVja3NfcmVhbF9tZWRpYV9hbmRfZXhhY3RfY2F0YWxvZ19ldmlkZW5jZVttaXNzaW5nX2NvcmVfZmFjdF0iLAogICAgInRlc3RzL3Rlc3RfZGVwdGgwOV9ob3RlbF9yZXBsaWNhdGlvbi5weTo6dGVzdF9wdWJsaWNhdGlvbl9jaGVja3NfcmVhbF9tZWRpYV9hbmRfZXhhY3RfY2F0YWxvZ19ldmlkZW5jZVtyb29tX3NldF9taXNtYXRjaF0iLAogICAgInRlc3RzL3Rlc3RfZGVwdGgwOV9ob3RlbF9yZXBsaWNhdGlvbi5weTo6dGVzdF9yZWdpb25hbF9maW5pc2hlZF93b3JrX3dpdGhf
2026-09-10T08:11:30.8068128Z GO_EVIDENCE_B64 aW5jb21wbGV0ZV9jYXRhbG9nX2lzX25vdF9jb21wbGV0ZWQiLAogICAgInRlc3RzL3Rlc3RfZGVwdGgwOV9ob3RlbF9yZXBsaWNhdGlvbi5weTo6dGVzdF9yZWFkX29ubHlfYWRtaW5fY2Fubm90X2NoYW5nZV9jYXRhbG9nX29yX3B1Ymxpc2hbL3NvdXJjZXMvaW5nZXN0XSIsCiAgICAidGVzdHMvdGVzdF9kZXB0aDA5X2hvdGVsX3JlcGxpY2F0aW9uLnB5Ojp0ZXN0X3JlYWRfb25seV9hZG1pbl9jYW5ub3RfY2hhbmdlX2NhdGFsb2dfb3JfcHVibGlzaFsvbWVkaWEvaGFydmVzdF0iLAogICAgInRlc3RzL3Rlc3RfZGVwdGgwOV9o
2026-09-10T08:11:30.8081016Z GO_EVIDENCE_B64 b3RlbF9yZXBsaWNhdGlvbi5weTo6dGVzdF9yZWFkX29ubHlfYWRtaW5fY2Fubm90X2NoYW5nZV9jYXRhbG9nX29yX3B1Ymxpc2hbL2ZhY3RvcnkvaG90ZWxzL3Rlc3QvcHVibGljYXRpb25dIiwKICAgICJ0ZXN0cy90ZXN0X2RlcHRoMDlfaG90ZWxfcmVwbGljYXRpb24ucHk6OnRlc3RfZGlzY292ZXJ5X2FwaV9yZXBvcnRzX2NvbGxlY3Rpb25fc2VwYXJhdGVseV9mcm9tX3JlYWR5X2NhdGFsb2ciLAogICAgInRlc3RzL3Rlc3RfZGVwdGgwOV9ob3RlbF9yZXBsaWNhdGlvbi5weTo6dGVzdF90d29fb2ZmaWNpYWxfcGhvdG9zX2Fy
2026-09-10T08:11:30.8093801Z GO_EVIDENCE_B64 ZV9jb3BpZWRfd2l0aG91dF9pbnZlbnRpbmdfYV90aGlyZCIsCiAgICAidGVzdHMvdGVzdF9kZXB0aDA5X2hvdGVsX3JlcGxpY2F0aW9uLnB5Ojp0ZXN0X3VucmVsYXRlZF9hcHByb3ZlZF9pbWFnZXNfbmV2ZXJfZW50ZXJfdGhlX3B1YmxpY19wYWdlIiwKICAgICJ0ZXN0cy90ZXN0X2RlcHRoMDlfaG90ZWxfcmVwbGljYXRpb24ucHk6OnRlc3RfdGVuX2hvdGVsX3JlcGxpY2F0aW9uX3JlcGxheV9rZWVwc19pZGVudGl0eV9hbmRfcm9vbV9tZWRpYV9zZXBhcmF0ZSIsCiAgICAidGVzdHMvdGVzdF9kZXB0aDA5X2hvdGVsX3JlcGxp
2026-09-10T08:11:30.8106653Z GO_EVIDENCE_B64 Y2F0aW9uLnB5Ojp0ZXN0X21hbGZvcm1lZF9jYXRhbG9nX2lzX2luY29tcGxldGVfYW5kX2Nhbm5vdF9jcmFzaF90aGVfZ2F0ZVtiYWQwXSIsCiAgICAidGVzdHMvdGVzdF9kZXB0aDA5X2hvdGVsX3JlcGxpY2F0aW9uLnB5Ojp0ZXN0X21hbGZvcm1lZF9jYXRhbG9nX2lzX2luY29tcGxldGVfYW5kX2Nhbm5vdF9jcmFzaF90aGVfZ2F0ZVtiYWQxXSIsCiAgICAidGVzdHMvdGVzdF9kZXB0aDA5X2hvdGVsX3JlcGxpY2F0aW9uLnB5Ojp0ZXN0X21hbGZvcm1lZF9jYXRhbG9nX2lzX2luY29tcGxldGVfYW5kX2Nhbm5vdF9jcmFzaF90
2026-09-10T08:11:30.8120794Z GO_EVIDENCE_B64 aGVfZ2F0ZVtiYWQyXSIsCiAgICAidGVzdHMvdGVzdF9kZXB0aDA5X2hvdGVsX3JlcGxpY2F0aW9uLnB5Ojp0ZXN0X21hbGZvcm1lZF9jYXRhbG9nX2lzX2luY29tcGxldGVfYW5kX2Nhbm5vdF9jcmFzaF90aGVfZ2F0ZVtiYWQzXSIsCiAgICAidGVzdHMvdGVzdF9kZXB0aDA5X2hvdGVsX3JlcGxpY2F0aW9uLnB5Ojp0ZXN0X2V4cGxpY2l0X3RhcmdldF9jYW5ub3RfcmVhc3NpZ25fYW5fZXhpc3Rpbmdfc291cmNlX2lkZW50aXR5IiwKICAgICJ0ZXN0cy90ZXN0X2RlcHRoMDlfaG90ZWxfcmVwbGljYXRpb24ucHk6OnRlc3RfZmFp
2026-09-10T08:11:30.8133646Z GO_EVIDENCE_B64 bGVkX2NvbXBvc2l0aW9uX3JvbGxzX2JhY2tfc291cmNlX2FuZF9wcm9maWxlX3RvZ2V0aGVyIiwKICAgICJ0ZXN0cy90ZXN0X2RlcHRoMDlfaG90ZWxfcmVwbGljYXRpb24ucHk6OnRlc3RfYm91bmRlZF9wYXJhbGxlbF9iYXRjaF9wcmVzZXJ2ZXNfb3JkZXJfYW5kX2lzb2xhdGVzX2ZhaWxlZF9ob3RlbCIsCiAgICAidGVzdHMvdGVzdF9kZXB0aDA5X21pZ3JhdGlvbi5weTo6dGVzdF9jcmVkaXRfbWlncmF0aW9uX3JvdW5kdHJpcF9wcmVzZXJ2ZXNfZmFyZV9yb3dzX2FuZF9uZXZlcl9jcmVhdGVzX3VuZnVuZGVkX2NyZWRpdCIs
2026-09-10T08:11:30.8146951Z GO_EVIDENCE_B64 CiAgICAidGVzdHMvdGVzdF9kZXB0aDA5X3N0YXlfY3JlZGl0LnB5Ojp0ZXN0X2NvbnZlcnNpb25faXNfZnVuZGVkX3NpbmdsZV9pc3N1ZV9hbmRfcHJlc2VydmVzX29yaWdpbmFsX2V4cGlyeV9vbl9yZXBsYXkiLAogICAgInRlc3RzL3Rlc3RfZGVwdGgwOV9zdGF5X2NyZWRpdC5weTo6dGVzdF9yZWRlbXB0aW9uX2hpZ2hlcl9lcXVhbF9sb3dlcl9hbmRfZmluYWxfZnVsZmlsbG1lbnRfd2l0aG91dF9kdXBsaWNhdGVfY2FzaFsxMDAwMDAtMzgwMDAtMTYyMDAwLTBdIiwKICAgICJ0ZXN0cy90ZXN0X2RlcHRoMDlfc3RheV9jcmVk
2026-09-10T08:11:30.8159957Z GO_EVIDENCE_B64 aXQucHk6OnRlc3RfcmVkZW1wdGlvbl9oaWdoZXJfZXF1YWxfbG93ZXJfYW5kX2ZpbmFsX2Z1bGZpbGxtZW50X3dpdGhvdXRfZHVwbGljYXRlX2Nhc2hbODEwMDAtMC0xNjIwMDAtMF0iLAogICAgInRlc3RzL3Rlc3RfZGVwdGgwOV9zdGF5X2NyZWRpdC5weTo6dGVzdF9yZWRlbXB0aW9uX2hpZ2hlcl9lcXVhbF9sb3dlcl9hbmRfZmluYWxfZnVsZmlsbG1lbnRfd2l0aG91dF9kdXBsaWNhdGVfY2FzaFs0MDAwMC0wLTgwMDAwLTgyMDAwXSIsCiAgICAidGVzdHMvdGVzdF9kZXB0aDA5X3N0YXlfY3JlZGl0LnB5Ojp0ZXN0X2NhbmNl
2026-09-10T08:11:30.8172758Z GO_EVIDENCE_B64 bF9yZXR1cm5zX29ubHlfdW51c2VkX2NyZWRpdF9ub3RfbG93ZXJfcHJpY2VfZm9yZmVpdHVyZSIsCiAgICAidGVzdHMvdGVzdF9kZXB0aDA5X3N0YXlfY3JlZGl0LnB5Ojp0ZXN0X2NhbmNlbGxlZF9jcmVkaXRfZmVlX3JlZnVuZF9kb2VzX25vdF9yZWZ1bmRfcmVzdG9yZWRfY3JlZGl0X3R3aWNlIiwKICAgICJ0ZXN0cy90ZXN0X2RlcHRoMDlfc3RheV9jcmVkaXQucHk6OnRlc3RfdW51c2VkX2NyZWRpdF9yZWZ1bmRfZnJlZXplc19yZWRlbXB0aW9uX2FuZF9zdXJ2aXZlc19leGVjdXRvcl9mYWlsdXJlIiwKICAgICJ0ZXN0cy90
2026-09-10T08:11:30.8185583Z GO_EVIDENCE_B64 ZXN0X2RlcHRoMDlfc3RheV9jcmVkaXQucHk6OnRlc3RfcmVkZWVtZWRfc3RheV9yZWZ1bmRfc3BhbnNfY2FzaF9hbmRfY3JlZGl0X29yaWdpbmFsX2NhcHR1cmVzIiwKICAgICJ0ZXN0cy90ZXN0X2RlcHRoMTBfZGlzcnVwdGlvbl9hcGkucHk6OnRlc3RfYXBpX3Njb3BlX2luZGVwZW5kZW50X2V2aWRlbmNlX3NuYXBzaG90X2FuZF9jdXN0b21lcl9yZXRyeSIsCiAgICAidGVzdHMvdGVzdF9kZXB0aDEwX2Rpc3J1cHRpb25fYXBpLnB5Ojp0ZXN0X2FwaV9iYW5rX21hbmRhdGVfYW5kX3JlY292ZXJ5X3JlamVjdF91bnNjb3BlZF91
2026-09-10T08:11:30.8198789Z GO_EVIDENCE_B64 c2Vyc19hbmRfbm9uaW50ZWdlcl9tb25leSIsCiAgICAidGVzdHMvdGVzdF9kZXB0aDEwX2Rpc3J1cHRpb25fcmVjb3ZlcnkucHk6OnRlc3RfZ3Vlc3RfbGlhYmlsaXR5X2hvbGRfY2Fubm90X3BheV9hbmRfb25seV9uZXdfZXZpZGVuY2VfcmVvcGVuc193aXRoX2hpc3RvcnkiLAogICAgInRlc3RzL3Rlc3RfZGVwdGgxMF9kaXNydXB0aW9uX3JlY292ZXJ5LnB5Ojp0ZXN0X2V4cGlyZWRfbWFuZGF0ZV9kb2VzX25vdF9kZWJpdF9iYW5rIiwKICAgICJ0ZXN0cy90ZXN0X2RlcHRoMTBfZGlzcnVwdGlvbl9yZWNvdmVyeS5weTo6dGVz
2026-09-10T08:11:30.8211396Z GO_EVIDENCE_B64 dF9yZWZ1bmRfaW50ZXJydXB0aW9uX2Nhbm5vdF9zdGFydF9jb21wZW5zYXRpb25fYW5kX3JldHJ5X2lzX2V4YWN0IiwKICAgICJ0ZXN0cy90ZXN0X2RlcHRoMTBfZGlzcnVwdGlvbl9yZWNvdmVyeS5weTo6dGVzdF9jb25jdXJyZW50X3JlY292ZXJ5X2FuZF9sZWdhY3lfZ3VhcmRfcHJlc2VydmVfZmluaXRlX2Z1bmQiLAogICAgInRlc3RzL3Rlc3RfZGVwdGgxMF9kaXNydXB0aW9uX3JlY292ZXJ5LnB5Ojp0ZXN0X3JlcGVhdGVkX21hbmRhdGVfZG9jdW1lbnRfY2Fubm90X2NoYW5nZV9saW1pdF9vcl9yZXN1cnJlY3RfcmV2b2tl
2026-09-10T08:11:30.8224066Z GO_EVIDENCE_B64 ZF9hdXRob3JpdHkiLAogICAgInRlc3RzL3Rlc3RfZGVwdGgxMF9ob3N0ZWRfZGlzcnVwdGlvbi5weTo6dGVzdF9yZXF1ZXN0X2RvZXNfbm90X2NhbmNlbF9hbmRfbmVlZHNfZXZpZGVuY2VfaW5kZXBlbmRlbnRfY2hlY2tlcl9hbmRfb3duZXJzaGlwIiwKICAgICJ0ZXN0cy90ZXN0X2RlcHRoMTBfaG9zdGVkX2Rpc3J1cHRpb24ucHk6OnRlc3RfdW5jYXB0dXJlZF9hdXRob3JpemF0aW9uX2lzX3JlbGVhc2VkX2FuZF9uZXZlcl91c2VkX2FzX2RvdWJsZV9jb21wZW5zYXRpb25fYmFzaXMiLAogICAgInRlc3RzL3Rlc3RfZGVwdGgx
2026-09-10T08:11:30.8237164Z GO_EVIDENCE_B64 MF9ob3N0ZWRfZGlzcnVwdGlvbi5weTo6dGVzdF9jcmVkaXRfcmVmdW5kX2FuZF9jb21wZW5zYXRpb25fdXNlX2Rpc3RpbmN0X29yaWdpbmFsX2FuZF9ob3RlbF9yb290cyIsCiAgICAidGVzdHMvdGVzdF9kZXB0aDEwX2hvc3RlZF9kaXNydXB0aW9uLnB5Ojp0ZXN0X2Zpbml0ZV9mdW5kc19rZWVwX2NvbXBlbnNhdGlvbl9wZW5kaW5nX3RoZW5fcmVzdW1lX3dpdGhvdXRfcmVwZWF0X3JlZnVuZCIsCiAgICAidGVzdHMvdGVzdF9kZXB0aDEwX2hvc3RlZF9kaXNydXB0aW9uLnB5Ojp0ZXN0X2NvbXBlbnNhdGlvbl9mYWlsdXJlX3Jv
2026-09-10T08:11:30.8249969Z GO_EVIDENCE_B64 bGxzX2JhY2tfZnVuZF9kcmF3X2FuZF9wcmVzZXJ2ZXNfY29tcGxldGVkX3JlZnVuZCIsCiAgICAidGVzdHMvdGVzdF9kZXB0aDEwX2hvc3RlZF9kaXNydXB0aW9uLnB5Ojp0ZXN0X2V4dGVybmFsX2NhdXNlX3JlZnVuZHNfd2l0aG91dF9kZWJpdF9vcl9kb3VibGVfY29tcGVuc2F0aW9uIiwKICAgICJ0ZXN0cy90ZXN0X2RlcHRoMTBfaG9zdGVkX2Rpc3J1cHRpb24ucHk6OnRlc3RfYmFua19yZXF1aXJlc19jdXJyZW50X3Njb3BlZF9tYW5kYXRlX2FuZF9wcm90ZWN0aW9uX2lzX2Zpbml0ZSIsCiAgICAidGVzdHMvdGVzdF9kZXB0
2026-09-10T08:11:30.8262955Z GO_EVIDENCE_B64 aDEwX2hvc3RlZF9kaXNydXB0aW9uLnB5Ojp0ZXN0X3Byb3RlY3Rpb25fYWR2YW5jZV9jcmVhdGVzX2V4YWN0X3N1cHBsaWVyX2xpYWJpbGl0eSIsCiAgICAidGVzdHMvdGVzdF9kZXB0aDEwX2hvc3RlZF9kaXNydXB0aW9uLnB5Ojp0ZXN0X2NvbmN1cnJlbnRfZXhlY3V0aW9uX2RvZXNfbm90X3JlcGVhdF9yZWZ1bmRfb3JfY29tcGVuc2F0aW9uIiwKICAgICJ0ZXN0cy90ZXN0X2RlcHRoMTBfaG9zdGVkX2Rpc3J1cHRpb24ucHk6OnRlc3RfcHJvdGVjdGlvbl9yZWNvdmVyeV9pc19pZGVtcG90ZW50X2J5X2tleV9hbmRfc291cmNl
2026-09-10T08:11:30.8275812Z GO_EVIDENCE_B64 X3JlY2VpcHQiLAogICAgInRlc3RzL3Rlc3RfZGVwdGgxMF9ob3N0ZWRfZGlzcnVwdGlvbi5weTo6dGVzdF9zbWFsbF9iYW5rX21hbmRhdGVfY2Fwc19vbmx5X3RoZV9iYW5rX3BvcnRpb24iLAogICAgInRlc3RzL3Rlc3RfZGVwdGgxMF9ob3N0ZWRfZGlzcnVwdGlvbi5weTo6dGVzdF9yZXBsYWNlZF9hbmRfcmV2b2tlZF9tYW5kYXRlc19jYW5ub3RfZmFsbF9iYWNrX3RvX29sZF9iYW5rX3Blcm1pc3Npb24iLAogICAgInRlc3RzL3Rlc3RfZGVwdGgxMF9ob3N0ZWRfZGlzcnVwdGlvbi5weTo6dGVzdF9jdXN0b21lcl9yZXRyeV9y
2026-09-10T08:11:30.8288808Z GO_EVIDENCE_B64 dW5zX2FwcHJvdmVkX2NhbmNlbGxhdGlvbl9iZWZvcmVfcmVmdW5kIiwKICAgICJ0ZXN0cy90ZXN0X2RlcHRoMTBfbWlncmF0aW9uLnB5Ojp0ZXN0X3N1cHBsaWVyX2ZhdWx0X21pZ3JhdGlvbl9yb3VuZHRyaXBfcHJlc2VydmVzX29yaWdpbmFsX2NyZWRpdF9hbmRfYWxsb2NhdGlvbnMiLAogICAgInRlc3RzL3Rlc3RfZGVwdGgxMV9jYXRhbG9nX2FwaS5weTo6dGVzdF9hcGlfaW5kZXBlbmRlbnRfcGVybWlzc2lvbl9zdGFsZV9ldmlkZW5jZV9hbmRfY3VzdG9tZXJfcHJvZ3Jlc3MiLAogICAgInRlc3RzL3Rlc3RfZGVwdGgxMV9j
2026-09-10T08:11:30.8301736Z GO_EVIDENCE_B64 YXRhbG9nX2FwaS5weTo6dGVzdF9zZXJ2aWNlX3JlcXVlc3Rlcl93aXRoX2ZpbmFuY2Vfcm9sZV9jYW5ub3RfYXBwcm92ZV9vd25fc3VwcGxpZXJfcmVxdWVzdCIsCiAgICAidGVzdHMvdGVzdF9kZXB0aDExX2NhdGFsb2dfbW9uZXlfZmFjdHMucHk6OnRlc3RfYnJpZGdlX2ltcG9ydF91c2VzX3JlY29yZGVkX3BheW1lbnRfYW1vdW50X2FuZF9hdG9taWNfcm9sbGJhY2siLAogICAgInRlc3RzL3Rlc3RfZGVwdGgxMV9jYXRhbG9nX21vbmV5X2ZhY3RzLnB5Ojp0ZXN0X3Vua25vd25fcGF5bWVudF9mYWN0X2Jsb2Nrc19zdXBwbGll
2026-09-10T08:11:30.8314564Z GO_EVIDENCE_B64 cl9yZXF1ZXN0X2JlZm9yZV9jYW5jZWwiLAogICAgInRlc3RzL3Rlc3RfZGVwdGgxMV9jYXRhbG9nX21vbmV5X2ZhY3RzLnB5Ojp0ZXN0X3N1cHBsaWVyX2ZhdWx0X3JlZnVuZHNfY2FwdHVyZWRfY2hhbmdlX2RpZmZlcmVuY2VfZnJvbV9pdHNfb3duX3Jvb3QiLAogICAgInRlc3RzL3Rlc3RfZGVwdGgxMV9jYXRhbG9nX21vbmV5X2ZhY3RzLnB5Ojp0ZXN0X3NlY29uZF9zb3VyY2VfcmVmdW5kX2ZhaWx1cmVfcm9sbHNfYmFja19ib3RoX3NvdXJjZXNfYW5kX3Jlc3VtZXMiLAogICAgInRlc3RzL3Rlc3RfZGVwdGgxMV9jYXRhbG9n
2026-09-10T08:11:30.8327648Z GO_EVIDENCE_B64 X3N1cHBsaWVyX3JlbWVkeS5weTo6dGVzdF9yZXF1ZXN0X2tlZXBzX29yZGVyX2FuZF9mdW5kc19hbmRfY2Fubm90X3NlbGZfYXBwcm92ZSIsCiAgICAidGVzdHMvdGVzdF9kZXB0aDExX2NhdGFsb2dfc3VwcGxpZXJfcmVtZWR5LnB5Ojp0ZXN0X2FjdHVhbF9wYWlkX2luc3RlYWRfb2ZfY3VycmVudF9vcmRlcl90b3RhbF9hbmRfc2NvcGVkX2JhbmtfcHJpb3JpdHkiLAogICAgInRlc3RzL3Rlc3RfZGVwdGgxMV9jYXRhbG9nX3N1cHBsaWVyX3JlbWVkeS5weTo6dGVzdF9ub19tYW5kYXRlX2FuZF9maW5pdGVfZnVuZF9zaG9ydGFn
2026-09-10T08:11:30.8340542Z GO_EVIDENCE_B64 ZV9kb19ub3RfY2xhaW1fcGFpZCIsCiAgICAidGVzdHMvdGVzdF9kZXB0aDExX2NhdGFsb2dfc3VwcGxpZXJfcmVtZWR5LnB5Ojp0ZXN0X2V4YWN0X3Byb3RlY3Rpb25fbGlhYmlsaXR5X2FuZF9kdXJhYmxlX2lkZW1wb3RlbnRfcmVjb3ZlcnkiLAogICAgInRlc3RzL3Rlc3RfZGVwdGgxMV9jYXRhbG9nX3N1cHBsaWVyX3JlbWVkeS5weTo6dGVzdF9wcmlvcl9vcmlnaW5hbF9yZWZ1bmRfaXNfbm90X3JlcGVhdGVkX2J1dF9jb21wZW5zYXRpb25fdXNlc19hY3R1YWxfZ3Jvc3NfcGFpZCIsCiAgICAidGVzdHMvdGVzdF9kZXB0aDEx
2026-09-10T08:11:30.8353407Z GO_EVIDENCE_B64 X2NhdGFsb2dfc3VwcGxpZXJfcmVtZWR5LnB5Ojp0ZXN0X2FwcHJvdmVkX3JlbWVkeV9wcmV2ZW50c191bnJlbGF0ZWRfcmVmdW5kX29yX2NoYW5nZV9zcGVuZGluZ19yZXNlcnZlZF9mdW5kcyIsCiAgICAidGVzdHMvdGVzdF9kZXB0aDExX2NhdGFsb2dfc3VwcGxpZXJfcmVtZWR5LnB5Ojp0ZXN0X3N1cHBsaWVyX3RpbWVvdXRfcXVlcmllc19zdGF0dXNfd2l0aG91dF9yZXNlbmRpbmdfb3JfcmVmdW5kaW5nX2Vhcmx5IiwKICAgICJ0ZXN0cy90ZXN0X2RlcHRoMTFfY2F0YWxvZ19zdXBwbGllcl9yZW1lZHkucHk6OnRlc3RfcmVm
2026-09-10T08:11:30.8366443Z GO_EVIDENCE_B64 dW5kX2ZhdWx0X3JvbGxzX2JhY2tfYWxsX21vbmV5X2FuZF9yZXN1bWVzX2FmdGVyX2NvbmZpcm1lZF9jYW5jZWwiLAogICAgInRlc3RzL3Rlc3RfZGVwdGgxMV9jYXRhbG9nX3N1cHBsaWVyX3JlbWVkeS5weTo6dGVzdF9jb21wZW5zYXRpb25fZmF1bHRfY2Fubm90X3JlcGVhdF9jb21wbGV0ZWRfcmVmdW5kIiwKICAgICJ0ZXN0cy90ZXN0X2RlcHRoMTFfY2F0YWxvZ19zdXBwbGllcl9yZW1lZHkucHk6OnRlc3RfZm91cl9jb25jdXJyZW50X2V4ZWN1dGlvbnNfcHJvZHVjZV9vbmVfc3VwcGxpZXJfY2FuY2VsX3JlZnVuZF9hbmRf
2026-09-10T08:11:30.8379157Z GO_EVIDENCE_B64 Y29tcGVuc2F0aW9uIiwKICAgICJ0ZXN0cy90ZXN0X2RlcHRoMTFfY2F0YWxvZ19zdXBwbGllcl9yZW1lZHkucHk6OnRlc3RfZXh0ZXJuYWxfZmF1bHRfcmVmdW5kc193aXRob3V0X2V4dHJhX3N1cHBsaWVyX2RlYml0IiwKICAgICJ0ZXN0cy90ZXN0X2RlcHRoMTFfbWlncmF0aW9uLnB5Ojp0ZXN0X2NhdGFsb2dfcmVtZWR5X21pZ3JhdGlvbl9wcmVzZXJ2ZXNfaGlzdG9yaWNhbF9jYXNlc19hbmRfaG9zdGVkX21hbmRhdGVzIiwKICAgICJ0ZXN0cy90ZXN0X2RlcHRoMTJfY2F0YWxvZ19jcmVkaXQucHk6OnRlc3RfY29udmVyc2lv
2026-09-10T08:11:30.8392048Z GO_EVIDENCE_B64 bl9hY3R1YWxfcGFpZF9hbmRfb3JpZ2luYWxfc291cmNlX3JlZnVuZF9pc19mcm96ZW4iLAogICAgInRlc3RzL3Rlc3RfZGVwdGgxMl9jYXRhbG9nX2NyZWRpdC5weTo6dGVzdF9jb252ZXJzaW9uX3Vua25vd25fcmVwbHlfcXVlcmllc193aXRob3V0X3Jlc2VuZGluZyIsCiAgICAidGVzdHMvdGVzdF9kZXB0aDEyX2NhdGFsb2dfY3JlZGl0LnB5Ojp0ZXN0X3J1bGVfc25hcHNob3RfY29uc2VudF9hbmRfdmFsaWRpdHlfYXJlX2ZpeGVkIiwKICAgICJ0ZXN0cy90ZXN0X2RlcHRoMTJfY2F0YWxvZ19jcmVkaXQucHk6OnRlc3RfbG93
2026-09-10T08:11:30.8405029Z GO_EVIDENCE_B64 ZXJfcHJpY2VfZm9yZmVpdHNfb25seV9kaWZmZXJlbmNlX2FuZF9ub19uZXdfY2FwdHVyZSIsCiAgICAidGVzdHMvdGVzdF9kZXB0aDEyX2NhdGFsb2dfY3JlZGl0LnB5Ojp0ZXN0X2ZvdXJfcmVkZW1wdGlvbnNfaGF2ZV9vbmVfc3VwcGxpZXJfYm9va2luZyIsCiAgICAidGVzdHMvdGVzdF9kZXB0aDEyX2NhdGFsb2dfY3JlZGl0LnB5Ojp0ZXN0X2RpZmZlcmVudF9xdW90ZXNfY2Fubm90X2RvdWJsZV9zcGVuZF9zYW1lX2NyZWRpdCIsCiAgICAidGVzdHMvdGVzdF9kZXB0aDEyX2NhdGFsb2dfY3JlZGl0LnB5Ojp0ZXN0X3ByZWJv
2026-09-10T08:11:30.8418107Z GO_EVIDENCE_B64 b2tfcHJpY2VfY2hhbmdlX3Jlc3RvcmVzX2NyZWRpdF9hbmRfZG9lc19ub3RfYm9vayIsCiAgICAidGVzdHMvdGVzdF9kZXB0aDEyX2NhdGFsb2dfY3JlZGl0LnB5Ojp0ZXN0X21pc3NpbmdfcHJlYm9va19yZXBseV9pc19yZWNvdmVyZWRfYnlfcXVlcnkiLAogICAgInRlc3RzL3Rlc3RfZGVwdGgxMl9jYXRhbG9nX2NyZWRpdC5weTo6dGVzdF9taXNzaW5nX2Jvb2tpbmdfcmVwbHlfaXNfcmVjb3ZlcmVkX3dpdGhvdXRfcmVzZW5kIiwKICAgICJ0ZXN0cy90ZXN0X2RlcHRoMTJfY2F0YWxvZ19jcmVkaXQucHk6OnRlc3Rfc3VwcGxp
2026-09-10T08:11:30.8431138Z GO_EVIDENCE_B64 ZXJfcmVqZWN0aW9uX3Jlc3RvcmVzX2NyZWRpdF9hbmRfcmVsZWFzZXNfZGlmZmVyZW5jZSIsCiAgICAidGVzdHMvdGVzdF9kZXB0aDEyX2NhdGFsb2dfY3JlZGl0LnB5Ojp0ZXN0X2NhcHR1cmVfZmFpbHVyZV9rZWVwc19ib29raW5nX2FuZF9jcmVkaXRfcmVzZXJ2ZWRfdW50aWxfbmV3X2NvbnNlbnQiLAogICAgInRlc3RzL3Rlc3RfZGVwdGgxMl9jYXRhbG9nX2NyZWRpdC5weTo6dGVzdF9hdXRob3JpemF0aW9uX2RlY2xpbmVfbmV2ZXJfYm9va3NfYW5kX3Jlc3RvcmVzX2NyZWRpdCIsCiAgICAidGVzdHMvdGVzdF9kZXB0aDEy
2026-09-10T08:11:30.8444204Z GO_EVIDENCE_B64 X2NhdGFsb2dfY3JlZGl0LnB5Ojp0ZXN0X2RlY2xpbmVkX2NhcHR1cmVfcmV0cnlfY2Fubm90X2JlX2NhcHR1cmVkX2J5X3N0YXR1c19yZWNvbmNpbGlhdGlvbiIsCiAgICAidGVzdHMvdGVzdF9kZXB0aDEyX2NhdGFsb2dfY3JlZGl0LnB5Ojp0ZXN0X3Vua25vd25fYm9va2luZ19pc19ub3RfdHJlYXRlZF9hc19yZWplY3Rpb24iLAogICAgInRlc3RzL3Rlc3RfZGVwdGgxMl9jYXRhbG9nX2NyZWRpdC5weTo6dGVzdF9leHBpcmVkX2NyZWRpdF9jYW5ub3RfYmVfcmVkZWVtZWRfZXZlbl93aXRoX2xpdmVfcXVvdGUiLAogICAgInRl
2026-09-10T08:11:30.8457107Z GO_EVIDENCE_B64 c3RzL3Rlc3RfZGVwdGgxMl9jYXRhbG9nX2NyZWRpdC5weTo6dGVzdF9xdW90ZV90YW1wZXJfb3JfY3Jvc3NfcHJvcGVydHlfbmV2ZXJfcmVzZXJ2ZXNfY3JlZGl0IiwKICAgICJ0ZXN0cy90ZXN0X2RlcHRoMTJfY3JlZGl0X2FmdGVyX3NhbGVzLnB5Ojp0ZXN0X2N1c3RvbWVyX2NhbmNlbF9yZWZ1bmRzX29ubHlfc3VwcGxlbWVudF9hbmRfcmVzdG9yZXNfY3JlZGl0X3dpdGhvdXRfZXh0ZW5kaW5nIiwKICAgICJ0ZXN0cy90ZXN0X2RlcHRoMTJfY3JlZGl0X2FmdGVyX3NhbGVzLnB5Ojp0ZXN0X2xvd2VyX3ByaWNlX2ZvcmZlaXR1
2026-09-10T08:11:30.8470033Z GO_EVIDENCE_B64 cmVfaXNfcHJlc2VydmVkX2FmdGVyX2N1c3RvbWVyX2NhbmNlbGxhdGlvbiIsCiAgICAidGVzdHMvdGVzdF9kZXB0aDEyX2NyZWRpdF9hZnRlcl9zYWxlcy5weTo6dGVzdF9jdXN0b21lcl9jYW5jZWxsYXRpb25fdXNlc19hY2NlcHRlZF90aWVyc19ldmVuX2lmX3N1cHBsaWVyX3J1bGVfY2hhbmdlcyIsCiAgICAidGVzdHMvdGVzdF9kZXB0aDEyX2NyZWRpdF9hZnRlcl9zYWxlcy5weTo6dGVzdF9jYXNoX3JlZnVuZF9mYWlsdXJlX2tlZXBzX2NyZWRpdF91bmF2YWlsYWJsZV91bnRpbF9hdG9taWNfcmV0cnkiLAogICAgInRlc3Rz
2026-09-10T08:11:30.8483022Z GO_EVIDENCE_B64 L3Rlc3RfZGVwdGgxMl9jcmVkaXRfYWZ0ZXJfc2FsZXMucHk6OnRlc3RfY3VzdG9tZXJfY2FuY2VsX3Vua25vd25fcmVzcG9uc2VfcXVlcmllc19iZWZvcmVfcmVzdG9yaW5nIiwKICAgICJ0ZXN0cy90ZXN0X2RlcHRoMTJfY3JlZGl0X2FmdGVyX3NhbGVzLnB5Ojp0ZXN0X3Jlc3RvcmVkX2NyZWRpdF9hZnRlcl9leHBpcnlfZG9lc19ub3RfZ2Fpbl9hX25ld195ZWFyIiwKICAgICJ0ZXN0cy90ZXN0X2RlcHRoMTJfY3JlZGl0X2FwaS5weTo6dGVzdF9zaWduZWRfY3VzdG9tZXJfY3JlZGl0X3JlcXVpcmVzX3NlbGVjdGVkX293bmVk
2026-09-10T08:11:30.8496096Z GO_EVIDENCE_B64 X2d1ZXN0X2FuZF9mdWxsX2N1cnJlbnRfY29uc2VudCIsCiAgICAidGVzdHMvdGVzdF9kZXB0aDEyX2NyZWRpdF9hcGkucHk6OnRlc3Rfd2l0aGRyYXduX3RyYXZlbGVyX3Blcm1pc3Npb25fa2VlcHNfY3JlZGl0X3VuY2hhbmdlZF9hbmRfY3Jvc3NfY3JlZGl0X2FjdGlvbnNfZmFpbCIsCiAgICAidGVzdHMvdGVzdF9kZXB0aDEyX2NyZWRpdF9yZW1lZHkucHk6OnRlc3Rfc3VwcGxpZXJfY2FuY2VsX3JldHVybnNfYXBwbGllZF9jcmVkaXRfYW5kX2Nhc2hfdG9fZWFjaF9vcmlnaW5hbF9jYXB0dXJlIiwKICAgICJ0ZXN0cy90ZXN0
2026-09-10T08:11:30.8509181Z GO_EVIDENCE_B64 X2RlcHRoMTJfY3JlZGl0X3JlbWVkeS5weTo6dGVzdF9sb3dlcl9wcmljZV9mb3JmZWl0dXJlX2lzX25vdF9yZWZ1bmRlZF9vcl9kb3VibGVfY29tcGVuc2F0ZWQiLAogICAgInRlc3RzL3Rlc3RfZGVwdGgxMl9jcmVkaXRfcmVtZWR5LnB5Ojp0ZXN0X3NlY29uZF9yZWZ1bmRfZmFpbHVyZV9yb2xsc19iYWNrX2NyZWRpdF9hbmRfY2FzaF9hc19vbmVfc3RhZ2UiLAogICAgInRlc3RzL3Rlc3RfZGVwdGgxMl9jcmVkaXRfcmVtZWR5LnB5Ojp0ZXN0X2NvbnZlcnNpb25fYWN0aXZhdGlvbl9mYWlsdXJlX2Nhbl9yZXN1bWVfYWZ0ZXJf
2026-09-10T08:11:30.8522009Z GO_EVIDENCE_B64 c3VwcGxpZXJfY2FuY2VsIiwKICAgICJ0ZXN0cy90ZXN0X2RlcHRoMTJfY3JlZGl0X3JlbWVkeS5weTo6dGVzdF9jYXB0dXJlX2xlZGdlcl9mYWlsdXJlX3JvbGxzX2JhY2tfY2FwdHVyZV9idXRfa2VlcHNfY29uZmlybWVkX3N1cHBsaWVyX2Zvcl9yZXN1bWUiLAogICAgInRlc3RzL3Rlc3RfZGVwdGgxMl9jcmVkaXRfcmVtZWR5LnB5Ojp0ZXN0X2FsdGVyZWRfYWxsb2NhdGlvbl9jYW5ub3RfbW92ZV9mb3JmZWl0ZWRfdmFsdWVfaW50b19yZWZ1bmRhYmxlX3ZhbHVlIiwKICAgICJ0ZXN0cy90ZXN0X2RlcHRoMTJfY3JlZGl0X3Jl
2026-09-10T08:11:30.8535063Z GO_EVIDENCE_B64 bWVkeS5weTo6dGVzdF9jdXN0b21lcl9yZXN0b3JlZF9jcmVkaXRfdGhlbl9zdXBwbGllcl9yZWZ1bmRfcHJlc2VydmVzX29yaWdpbmFsX2ZvcmZlaXR1cmUiLAogICAgInRlc3RzL3Rlc3RfZGVwdGgxMl9taWdyYXRpb24ucHk6OnRlc3RfY2F0YWxvZ19jcmVkaXRfbWlncmF0aW9uX3ByZXNlcnZlc19oaXN0b3JpY2FsX2NyZWRpdF93aXRob3V0X2ludmVudGVkX2Z1bmRpbmciLAogICAgInRlc3RzL3Rlc3RfZGVwdGgxMl9wYXJlbnRfbW9uZXlfYnVkZ2V0LnB5Ojp0ZXN0X3JlZnVuZF9jYW5ub3RfYm9ycm93X2Fub3RoZXJfY2Fw
2026-09-10T08:11:30.8548052Z GO_EVIDENCE_B64 dHVyZV9idWRnZXRfd2l0aGluX3NhbWVfcm9vdCIsCiAgICAidGVzdHMvdGVzdF9kZXB0aDEyX3BhcmVudF9tb25leV9idWRnZXQucHk6OnRlc3RfY2FwdHVyZV9jYW5ub3RfYm9ycm93X2Fub3RoZXJfYXV0aG9yaXphdGlvbl9idWRnZXRfd2l0aGluX3NhbWVfcm9vdCIsCiAgICAidGVzdHMvdGVzdF9kZXB0aDEzX2NhdGFsb2dfZmFyZS5weTo6dGVzdF9wcmVib29rX3Rlcm1zX3N1cnZpdmVfcHVibGljYXRpb25fYW5kX25leHRfb2ZmZXJfZ2V0c19uZXdfdmVyc2lvbiIsCiAgICAidGVzdHMvdGVzdF9kZXB0aDEzX2NhdGFsb2df
2026-09-10T08:11:30.8561375Z GO_EVIDENCE_B64 ZmFyZS5weTo6dGVzdF9vcmlnaW5hbF9vcmRlcl9ydWxlc19kcml2ZV9jYW5jZWxsYXRpb25fYW5kX2NyZWRpdF9hZnRlcl9zdXBwbGllcl91cGRhdGUiLAogICAgInRlc3RzL3Rlc3RfZGVwdGgxM19jYXRhbG9nX2ZhcmUucHk6OnRlc3RfY3VycmVudF9xdW90ZV9jb25zZW50X2lzX3JlcXVpcmVkX2JlZm9yZV9hdXRoZW50aWNhdGVkX3Byb2ZpbGVfcmVsZWFzZSIsCiAgICAidGVzdHMvdGVzdF9kZXB0aDEzX2NhdGFsb2dfZmFyZS5weTo6dGVzdF9vcmRlcl9hbmRfcnVsZV9zbmFwc2hvdF9yb2xsX2JhY2tfdG9nZXRoZXJfaWZf
2026-09-10T08:11:30.8574410Z GO_EVIDENCE_B64 ZXZlbnRfcGVyc2lzdGVuY2VfZmFpbHMiLAogICAgInRlc3RzL3Rlc3RfZGVwdGgxM19jYXRhbG9nX2ZhcmUucHk6OnRlc3RfaGlzdG9yaWNhbF9vcmRlcl93aXRob3V0X3NuYXBzaG90X25ldmVyX3VzZXNfdG9kYXlzX3J1bGVzIiwKICAgICJ0ZXN0cy90ZXN0X2RlcHRoMTNfY2F0YWxvZ19mYXJlLnB5Ojp0ZXN0X2NoYW5nZWRfcnVsZV9ldmlkZW5jZV9pc19yZWplY3RlZF9iZWZvcmVfYW55X2NhbmNlbGxhdGlvbltvcmRlcl9zbmFwc2hvdF0iLAogICAgInRlc3RzL3Rlc3RfZGVwdGgxM19jYXRhbG9nX2ZhcmUucHk6OnRlc3Rf
2026-09-10T08:11:30.8587491Z GO_EVIDENCE_B64 Y2hhbmdlZF9ydWxlX2V2aWRlbmNlX2lzX3JlamVjdGVkX2JlZm9yZV9hbnlfY2FuY2VsbGF0aW9uW3NvdXJjZV92ZXJzaW9uXSIsCiAgICAidGVzdHMvdGVzdF9kZXB0aDEzX2NhdGFsb2dfZmFyZS5weTo6dGVzdF9jaGFuZ2VkX3J1bGVfZXZpZGVuY2VfaXNfcmVqZWN0ZWRfYmVmb3JlX2FueV9jYW5jZWxsYXRpb25bb2ZmZXJfZGF0ZV0iLAogICAgInRlc3RzL3Rlc3RfZGVwdGgxM19jYXRhbG9nX2ZhcmUucHk6OnRlc3RfcHVibGlzaGluZ19pc19vd25lZF92ZXJzaW9uX2NoZWNrZWRfYW5kX2N1cnJlbmN5X3Njb3BlZCIsCiAg
2026-09-10T08:11:30.8600286Z GO_EVIDENCE_B64 ICAidGVzdHMvdGVzdF9kZXB0aDEzX2NhdGFsb2dfZmFyZS5weTo6dGVzdF9jb25jdXJyZW50X2Rpc3RpbmN0X3B1YmxpY2F0aW9uc19jYW5ub3Rfb3ZlcndyaXRlX3RoZV9zYW1lX3ZlcnNpb24iLAogICAgInRlc3RzL3Rlc3RfZGVwdGgxM19jYXRhbG9nX2ZhcmUucHk6OnRlc3RfY29vbGluZ193aW5kb3dfdXNlc19vcmlnaW5hbF9vcmRlcl90aW1lX2FuZF9ob3RlbF90aW1lem9uZSIsCiAgICAidGVzdHMvdGVzdF9kZXB0aDEzX2NhdGFsb2dfZmFyZS5weTo6dGVzdF9jcmVkaXRfY2FuY2VsbGF0aW9uX3N1cHBvcnRzX2V4YWN0
2026-09-10T08:11:30.8612664Z GO_EVIDENCE_B64 X2Jhc2lzX3BvaW50c193aXRob3V0X2Zsb2F0X21vbmV5IiwKICAgICJ0ZXN0cy90ZXN0X2RlcHRoMTNfY2F0YWxvZ19mYXJlX2FwaS5weTo6dGVzdF9zdXBwbGllcl9wdWJsaXNoZXNfb25seV9vd25fcnVsZV93aXRoX2V4cGxpY2l0X3ZlcnNpb25fY29uZmlybWF0aW9uIiwKICAgICJ0ZXN0cy90ZXN0X2RlcHRoMTNfY2F0YWxvZ19mYXJlX2FwaS5weTo6dGVzdF9tb2JpbGVfY29udmVyc2lvbl91c2VzX3NhbWVfZXhwbGljaXRfY29udHJhY3RfYW5kX2lkZW1wb3RlbnRfcmVzdWx0IiwKICAgICJ0ZXN0cy90ZXN0X2RlcHRoMTNf
2026-09-10T08:11:30.8625588Z GO_EVIDENCE_B64 Y2F0YWxvZ19mYXJlX2FwaS5weTo6dGVzdF9sZWdhY3lfc3VwcGxpZXJfZXhlY3V0aW9uX2Nhbm5vdF9ieXBhc3NfY3VzdG9tZXJfY29uc2VudF9vcl9mYXVsdF9yZXZpZXciLAogICAgInRlc3RzL3Rlc3RfZGVwdGgxM19taWdyYXRpb24ucHk6OnRlc3RfcnVsZV9zbmFwc2hvdF9taWdyYXRpb25fcHJlc2VydmVzX2hpc3RvcmljYWxfY3JlZGl0X2FuZF9vcmRlcl93aXRob3V0X2ZhYnJpY2F0aW9uIiwKICAgICJ0ZXN0cy90ZXN0X2RlcHRoMTRfY2FzaF9mYXJlLnB5Ojp0ZXN0X3R3b19oaWdoZXJfY2hhbmdlc19jaGFyZ2Vfb25s
2026-09-10T08:11:30.8638631Z GO_EVIDENCE_B64 eV9yZW1haW5pbmdfZGlmZmVyZW5jZV9hbmRfcmVmdW5kX2VhY2hfY2FwdHVyZSIsCiAgICAidGVzdHMvdGVzdF9kZXB0aDE0X2Nhc2hfZmFyZS5weTo6dGVzdF9oaWdoX2xvd19oaWdoX2ZvcmZlaXRzX2xvd2VyX2RpZmZlcmVuY2Vfd2l0aG91dF9mdXR1cmVfb2Zmc2V0IiwKICAgICJ0ZXN0cy90ZXN0X2RlcHRoMTRfY2FzaF9mYXJlLnB5Ojp0ZXN0X3ByaW9yX3BhcnRpYWxfcmVmdW5kX3JlZHVjZXNfY3VycmVudF9jYW5jZWxfYmFzaXNfYW5kX2J1ZGdldCIsCiAgICAidGVzdHMvdGVzdF9kZXB0aDE0X2Nhc2hfZmFyZS5weTo6
2026-09-10T08:11:30.8651547Z GO_EVIDENCE_B64 dGVzdF9zZWNvbmRfcmVmdW5kX2ZhaWx1cmVfcm9sbHNfYmFja19hbGxfYW5kX3Jlc3VtZXNfYWZ0ZXJfY2FuY2VsbGVkIiwKICAgICJ0ZXN0cy90ZXN0X2RlcHRoMTRfY2FzaF9mYXJlLnB5Ojp0ZXN0X3N1cHBsaWVyX3JlcGx5X2xvc3NfcXVlcmllc19jb25maXJtZWRfcmVzdWx0X3dpdGhvdXRfcmVkaXNwYXRjaFtDQU5DRUxdIiwKICAgICJ0ZXN0cy90ZXN0X2RlcHRoMTRfY2FzaF9mYXJlLnB5Ojp0ZXN0X3N1cHBsaWVyX3JlcGx5X2xvc3NfcXVlcmllc19jb25maXJtZWRfcmVzdWx0X3dpdGhvdXRfcmVkaXNwYXRjaFtDSEFO
2026-09-10T08:11:30.8664481Z GO_EVIDENCE_B64 R0VdIiwKICAgICJ0ZXN0cy90ZXN0X2RlcHRoMTRfY2FzaF9mYXJlLnB5Ojp0ZXN0X3Vua25vd25fY2hhbmdlX2tlZXBzX2F1dGhvcml6YXRpb25fYW5kX2Jsb2Nrc19vdGhlcl9tb25leV9hbmRfYnVzaW5lc3NfcGF0aHMiLAogICAgInRlc3RzL3Rlc3RfZGVwdGgxNF9jYXNoX2ZhcmUucHk6OnRlc3RfZGVmaW5pdGl2ZV9jaGFuZ2VfcmVqZWN0aW9uX3JlbGVhc2VzX29ubHlfaXRzX2F1dGhvcml6YXRpb24iLAogICAgInRlc3RzL3Rlc3RfZGVwdGgxNF9jYXNoX2ZhcmUucHk6OnRlc3RfcGF5bWVudF9kZWNsaW5lX2RvZXNfbm90
2026-09-10T08:11:30.8677567Z GO_EVIDENCE_B64 X3NlbmRfY2hhbmdlX2FuZF9jYW5ub3RfYmVfcmVwbGF5ZWRfYXNfc3VjY2VzcyIsCiAgICAidGVzdHMvdGVzdF9kZXB0aDE0X2Nhc2hfZmFyZS5weTo6dGVzdF9jYXB0dXJlX2ZhaWx1cmVfa2VlcHNfY29uZmlybWVkX3N1cHBsaWVyX2NoYW5nZV9hbmRfcmVxdWlyZXNfcGF5bWVudF9jb25zZW50IiwKICAgICJ0ZXN0cy90ZXN0X2RlcHRoMTRfY2FzaF9mYXJlLnB5Ojp0ZXN0X2NhcHR1cmVfbGVkZ2VyX2ZhaWx1cmVfcmVzdW1lc193aXRob3V0X3JlYXV0aG9yaXppbmdfb3JfcmVjaGFuZ2luZyIsCiAgICAidGVzdHMvdGVzdF9k
2026-09-10T08:11:30.8690425Z GO_EVIDENCE_B64 ZXB0aDE0X2Nhc2hfZmFyZS5weTo6dGVzdF9hdXRob3JpemF0aW9uX2xlZGdlcl9mYWlsdXJlX2tlZXBzX2FjY2VwdGVkX3BsYW5fYW5kX3Jlc3VtZXNfb25jZSIsCiAgICAidGVzdHMvdGVzdF9kZXB0aDE0X2Nhc2hfZmFyZS5weTo6dGVzdF9xdWVyeV9jb25maXJtYXRpb25fZm9yX2RpZmZlcmVudF9kYXRlc19jYW5ub3RfY29tcGxldGVfdGhpc19jaGFuZ2UiLAogICAgInRlc3RzL3Rlc3RfZGVwdGgxNF9jYXNoX2ZhcmUucHk6OnRlc3RfZm91cl9jb21wZXRpbmdfY2hhbmdlX3F1b3Rlc19oYXZlX29uZV9jbGFpbV9hbmRfb25l
2026-09-10T08:11:30.8702429Z GO_EVIDENCE_B64 X2FkZGl0aW9uYWxfY2FwdHVyZSIsCiAgICAidGVzdHMvdGVzdF9kZXB0aDE0X2Nhc2hfZmFyZS5weTo6dGVzdF9leHBpcmVkX3F1b3RlX2FuZF9jaGFuZ2VkX21vbmV5X2ZhY3RzX25ldmVyX2Rpc3BhdGNoIiwKICAgICJ0ZXN0cy90ZXN0X2RlcHRoMTRfY2FzaF9mYXJlLnB5Ojp0ZXN0X3F1b3RlX3RhbXBlcmluZ19hbmRfd3JvbmdfYWN0aW9uX2RvX25vdF9jbGFpbV9vcmRlciIsCiAgICAidGVzdHMvdGVzdF9kZXB0aDE0X2Nhc2hfZmFyZS5weTo6dGVzdF9sb3N0X2ludmVudG9yeV9pc19yZWplY3RlZF9hbmRfcmVjb25jaWxl
2026-09-10T08:11:30.8715067Z GO_EVIDENCE_B64 ZF93aXRob3V0X2NoYXJnaW5nIiwKICAgICJ0ZXN0cy90ZXN0X2RlcHRoMTRfY2FzaF9mYXJlLnB5Ojp0ZXN0X2hpc3RvcmljYWxfcnVsZV93aXRob3V0X2ZlZV9yZWZ1bmRfcG9saWN5X2lzX25vdF9yZXRyb2FjdGl2ZWx5X2ludmVudGVkIiwKICAgICJ0ZXN0cy90ZXN0X2RlcHRoMTRfY2FzaF9mYXJlLnB5Ojp0ZXN0X3plcm9fb3JfbmVnYXRpdmVfcmVwcmljZWRfcm9vbV9pc19ub3Rfb2ZmZXJlZCIsCiAgICAidGVzdHMvdGVzdF9kZXB0aDE0X2Nhc2hfZmFyZS5weTo6dGVzdF9uZXdfY2hhbmdlX2FmdGVyX3BhcnRpYWxfcmVm
2026-09-10T08:11:30.8727901Z GO_EVIDENCE_B64 dW5kX3JlcXVpcmVzX3Jvb21fdmFsdWVfYWxsb2NhdGlvbiIsCiAgICAidGVzdHMvdGVzdF9kZXB0aDE0X2Nhc2hfZmFyZS5weTo6dGVzdF9sb3dlcl9jaGFuZ2VfY2FuY2VsbGF0aW9uX2Nhbm5vdF9yZWZ1bmRfb3Jfc3BlbmRfdGhlX2ZvcmZlaXRlZF9kaWZmZXJlbmNlIiwKICAgICJ0ZXN0cy90ZXN0X2RlcHRoMTRfY2FzaF9mYXJlLnB5Ojp0ZXN0X3JlamVjdGVkX3F1b3RlX2Nhbl9iZV9yZXBsYWNlZF9ieV9uZXdfY3VzdG9tZXJfcXVvdGUiLAogICAgInRlc3RzL3Rlc3RfZGVwdGgxNF9jYXNoX2ZhcmVfYXBpLnB5Ojp0ZXN0
2026-09-10T08:11:30.8740970Z GO_EVIDENCE_B64 X21vYmlsZV9jYXNoX2NhbmNlbF9yZXF1aXJlc19vd25lZF9xdW90ZV9hbmRfcmVwbGF5c19zYW1lX3dlYl9yZXF1ZXN0IiwKICAgICJ0ZXN0cy90ZXN0X2RlcHRoMTRfY2FzaF9mYXJlX2FwaS5weTo6dGVzdF9uYXRpdmVfYW5kX3dlYl9jaGFuZ2Vfc2hhcmVfb3BlcmF0aW9uX3JlY292ZXJ5X2FuZF9vcmRlcl9wcm9ncmVzcyIsCiAgICAidGVzdHMvdGVzdF9kZXB0aDE0X2Nhc2hfZmFyZV9hcGkucHk6OnRlc3Rfc3RhdHVzX2FuZF9yZXN1bWVfZG9fbm90X2FjY2VwdF9hbm90aGVyX29yZGVyX29wZXJhdGlvbl9pZCIsCiAgICAi
2026-09-10T08:11:30.8753764Z GO_EVIDENCE_B64 dGVzdHMvdGVzdF9kZXB0aDE0X2Nhc2hfZmFyZV9hcGkucHk6OnRlc3RfbW9iaWxlX3BheW1lbnRfcmV0cnlfcmVxdWlyZXNfYm9vbGVhbl9jb25maXJtYXRpb25fYW5kX29yaWdpbmFsX2hhc2giLAogICAgInRlc3RzL3Rlc3RfZGVwdGgxNF9taWdyYXRpb24ucHk6OnRlc3RfY2FzaF9mYXJlX21pZ3JhdGlvbl9yb3VuZHRyaXBfbmV2ZXJfYmFja2ZpbGxzX2hpc3RvcmljYWxfY29uc2VudCIsCiAgICAidGVzdHMvdGVzdF9kZXB0aDE1X2NyZWRpdF9leGNsdXNpb24ucHk6OnRlc3RfbG93X2Nhc2hfY2hhbmdlX2NvbnZlcnRzX29u
2026-09-10T08:11:30.8767299Z GO_EVIDENCE_B64 bHlfcmV0YWluZWRfdmFsdWVfYW5kX3ByZXNlcnZlc19yZWFsX3JlZnVuZF9mYWN0cyIsCiAgICAidGVzdHMvdGVzdF9kZXB0aDE1X2NyZWRpdF9leGNsdXNpb24ucHk6OnRlc3Rfb3JpZ2luYWxfZnVsbF9zb3VyY2VfY3JlZGl0X2hhc19ub19mYWJyaWNhdGVkX3plcm9fZm9yZmVpdHVyZV9icmVha2Rvd24iLAogICAgInRlc3RzL3Rlc3RfZGVwdGgxNV9jcmVkaXRfZXhjbHVzaW9uLnB5Ojp0ZXN0X2hpZ2hfcmVkZW1wdGlvbl90aGVuX2N1c3RvbWVyX2NhbmNlbF9yZXN0b3Jlc19vbmx5X3JldGFpbmVkX2NyZWRpdCIsCiAgICAi
2026-09-10T08:11:30.8780706Z GO_EVIDENCE_B64 dGVzdHMvdGVzdF9kZXB0aDE1X2NyZWRpdF9leGNsdXNpb24ucHk6OnRlc3RfY2FzaF9hbmRfcmVkZW1wdGlvbl9mb3JmZWl0dXJlc19hcmVfc2VwYXJhdGVfYW5kX25laXRoZXJfaXNfcmVzdG9yZWQiLAogICAgInRlc3RzL3Rlc3RfZGVwdGgxNV9jcmVkaXRfZXhjbHVzaW9uLnB5Ojp0ZXN0X3N1cHBsaWVyX2ZhdWx0X3JlZnVuZHNfYW5kX2NvbXBlbnNhdGVzX2FwcGxpZWRfdmFsdWVfd2l0aG91dF9vcmlnaW5hbF9leGNsdXNpb24iLAogICAgInRlc3RzL3Rlc3RfZGVwdGgxNV9jcmVkaXRfZXhjbHVzaW9uLnB5Ojp0ZXN0X3pl
2026-09-10T08:11:30.8794421Z GO_EVIDENCE_B64 cm9fZnVuZGVkX2NhcHR1cmVfc3RheXNfcmVzZXJ2ZWRfZnJvbV9nZW5lcmljX3JlZnVuZCIsCiAgICAidGVzdHMvdGVzdF9kZXB0aDE1X2NyZWRpdF9leGNsdXNpb24ucHk6OnRlc3Rfc291cmNlX2Ftb3VudF90YW1wZXJpbmdfaXNfZGV0ZWN0ZWRfd2l0aG91dF9yZXN0b3JpbmdfYW55X3ZhbHVlW2Z1bmRlZF9taW5vcl0iLAogICAgInRlc3RzL3Rlc3RfZGVwdGgxNV9jcmVkaXRfZXhjbHVzaW9uLnB5Ojp0ZXN0X3NvdXJjZV9hbW91bnRfdGFtcGVyaW5nX2lzX2RldGVjdGVkX3dpdGhvdXRfcmVzdG9yaW5nX2FueV92YWx1ZVtw
2026-09-10T08:11:30.8807566Z GO_EVIDENCE_B64 cmlvcl9yZWZ1bmRfbWlub3JdIiwKICAgICJ0ZXN0cy90ZXN0X2RlcHRoMTVfY3JlZGl0X2V4Y2x1c2lvbi5weTo6dGVzdF9zb3VyY2VfYW1vdW50X3RhbXBlcmluZ19pc19kZXRlY3RlZF93aXRob3V0X3Jlc3RvcmluZ19hbnlfdmFsdWVbZXhjbHVkZWRfbWlub3JdIiwKICAgICJ0ZXN0cy90ZXN0X2RlcHRoMTVfY3JlZGl0X2V4Y2x1c2lvbi5weTo6dGVzdF9yZW1vdmVkX29yaWdpbl9vcGVyYXRpb25faXNfbm90X3JlcGxhY2VkX2J5X2luZmVycmVkX2ZvcmZlaXR1cmUiLAogICAgInRlc3RzL3Rlc3RfZGVwdGgxNV9jcmVkaXRf
2026-09-10T08:11:30.8820318Z GO_EVIDENCE_B64 ZXhjbHVzaW9uLnB5Ojp0ZXN0X2NoYW5nZWRfb3JpZ2luX3BsYW5faXNfZGV0ZWN0ZWRfb25fbGF0ZXJfY3JlZGl0X3JlYWQiLAogICAgInRlc3RzL3Rlc3RfZGVwdGgxNV9jcmVkaXRfZXhjbHVzaW9uLnB5Ojp0ZXN0X3ByaW9yX2FjdHVhbF9yZWZ1bmRfaXNfbm90X2NvbmZ1c2VkX3dpdGhfZXhjbHVkZWRfY2hhbmdlX3ZhbHVlIiwKICAgICJ0ZXN0cy90ZXN0X2RlcHRoMTVfY3JlZGl0X2V4Y2x1c2lvbi5weTo6dGVzdF9mb3VyX2NvbnZlcnNpb25fcmVxdWVzdHNfc2hhcmVfb25lX3NwbGl0X2NvbnRyYWN0X2FuZF9vbmVfc3Vw
2026-09-10T08:11:30.8833119Z GO_EVIDENCE_B64 cGxpZXJfY2FuY2VsIiwKICAgICJ0ZXN0cy90ZXN0X2RlcHRoMTVfY3JlZGl0X2V4Y2x1c2lvbi5weTo6dGVzdF9zcGxpdF9zb3VyY2VfcmVzZXJ2YXRpb25fZmFpbHVyZV9yb2xsc19iYWNrX2JlZm9yZV9zdXBwbGllcl9jYW5jZWwiLAogICAgInRlc3RzL3Rlc3RfZGVwdGgxNV9jcmVkaXRfZXhjbHVzaW9uLnB5Ojp0ZXN0X3Vua25vd25fY29udmVyc2lvbl9yZWNvdmVyeV9rZWVwc19vcmlnaW5hbF9leGNsdXNpb25fYW5kX2RvZXNfbm90X3JlY2FuY2VsIiwKICAgICJ0ZXN0cy90ZXN0X2RlcHRoMTVfY3JlZGl0X2V4Y2x1c2lv
2026-09-10T08:11:30.8846470Z GO_EVIDENCE_B64 bi5weTo6dGVzdF9sYXRlX2N1c3RvbWVyX2NhbmNlbGxhdGlvbl9yZWNvdmVyeV9jYW5ub3RfZXh0ZW5kX3NwbGl0X2NyZWRpdF9vcl9yZXN0b3JlX2V4Y2x1c2lvbiIsCiAgICAidGVzdHMvdGVzdF9kZXB0aDE1X21pZ3JhdGlvbi5weTo6dGVzdF9zb3VyY2VfZXhjbHVzaW9uX21pZ3JhdGlvbl9yb3VuZHRyaXBfcHJlc2VydmVzX29sZF9mdWxsX2NhcHR1cmVfYWxsb2NhdGlvbiIsCiAgICAidGVzdHMvdGVzdF9kZXB0aDE1X21pZ3JhdGlvbi5weTo6dGVzdF9kb3duZ3JhZGVfY2Fubm90X2Ryb3BfYV9ub256ZXJvX2V4Y2x1c2lv
2026-09-10T08:11:30.8859622Z GO_EVIDENCE_B64 bl9hbmRfcmV2aXZlX2ZvcmZlaXRlZF9zb3VyY2VfdmFsdWUiLAogICAgInRlc3RzL3Rlc3RfZGVwdGgxN19kZW1vX2F1dG9ub215LnB5Ojp0ZXN0X3NoaXBwZWRfZGVtb19lbnZpcm9ubWVudF9jYW5fb2JzZXJ2ZV93aXRob3V0X3Byb2R1Y3Rpb25fYXV0aG9yaXR5IiwKICAgICJ0ZXN0cy90ZXN0X2RlcHRoMThfbWVkaWFfZHVyYWJpbGl0eS5weTo6dGVzdF9pbmRlcGVuZGVudF9wcm9jZXNzZXNfa2VlcF9hbGxfaGFydmVzdHNfYW5kX3NoYXJlZF9jb250ZW50IiwKICAgICJ0ZXN0cy90ZXN0X2RlcHRoMThfbWVkaWFfZHVyYWJp
2026-09-10T08:11:30.8872475Z GO_EVIDENCE_B64 bGl0eS5weTo6dGVzdF9pbmRlcGVuZGVudF9wcm9jZXNzZXNfcHJlc2VydmVfZXZlcnlfcmlnaHRzX2V2ZW50IiwKICAgICJ0ZXN0cy90ZXN0X2RlcHRoMThfbWVkaWFfZHVyYWJpbGl0eS5weTo6dGVzdF9zaWdraWxsX3JvbGxzX2JhY2tfdW5jb21taXR0ZWRfbWV0YWRhdGFfd2l0aG91dF9sb3NpbmdfY29tbWl0dGVkX3N0YXRlW2hhcnZlc3RdIiwKICAgICJ0ZXN0cy90ZXN0X2RlcHRoMThfbWVkaWFfZHVyYWJpbGl0eS5weTo6dGVzdF9zaWdraWxsX3JvbGxzX2JhY2tfdW5jb21taXR0ZWRfbWV0YWRhdGFfd2l0aG91dF9sb3Np
2026-09-10T08:11:30.8885499Z GO_EVIDENCE_B64 bmdfY29tbWl0dGVkX3N0YXRlW3JpZ2h0c10iLAogICAgInRlc3RzL3Rlc3RfZGVwdGgxOF9tZWRpYV9kdXJhYmlsaXR5LnB5Ojp0ZXN0X3N0YWxlX3NuYXBzaG90X2Nhbm5vdF9lcmFzZV9oYXJ2ZXN0X29yX3Jlc3RvcmVfcmV2b2tlZF9yaWdodHMiLAogICAgInRlc3RzL3Rlc3RfZGVwdGgxOF9tZWRpYV9kdXJhYmlsaXR5LnB5Ojp0ZXN0X3N0YWxlX3JpZ2h0c19hcHByb3ZhbF9jYW5ub3Rfb3ZlcnJpZGVfcmV2b2NhdGlvbiIsCiAgICAidGVzdHMvdGVzdF9kZXB0aDE4X21lZGlhX2R1cmFiaWxpdHkucHk6OnRlc3RfbGVnYWN5
2026-09-10T08:11:30.8898617Z GO_EVIDENCE_B64 X2ltcG9ydF9pc19vbmNlX3ByZXNlcnZlc19vcmlnaW5hbF9hbmRfZG9lc19ub3RfcmVzdXJyZWN0X2dyYW50IiwKICAgICJ0ZXN0cy90ZXN0X2RlcHRoMThfbWVkaWFfZHVyYWJpbGl0eS5weTo6dGVzdF9jb3JydXB0X2xlZ2FjeV9pc19uZXZlcl9yZXBsYWNlZF9ieV9lbXB0eV9pbmRleFt7XSIsCiAgICAidGVzdHMvdGVzdF9kZXB0aDE4X21lZGlhX2R1cmFiaWxpdHkucHk6OnRlc3RfY29ycnVwdF9sZWdhY3lfaXNfbmV2ZXJfcmVwbGFjZWRfYnlfZW1wdHlfaW5kZXhbW11dIiwKICAgICJ0ZXN0cy90ZXN0X2RlcHRoMThfbWVk
2026-09-10T08:11:30.8911951Z GO_EVIDENCE_B64 aWFfZHVyYWJpbGl0eS5weTo6dGVzdF9jb3JydXB0X2xlZ2FjeV9pc19uZXZlcl9yZXBsYWNlZF9ieV9lbXB0eV9pbmRleFt7XCJ2ZXJzaW9uXCI6MSxcImFzc2V0c1wiOltdfV0iLAogICAgInRlc3RzL3Rlc3RfZGVwdGgxOF9tZWRpYV9kdXJhYmlsaXR5LnB5Ojp0ZXN0X2NvcnJ1cHRfbGVnYWN5X2lzX25ldmVyX3JlcGxhY2VkX2J5X2VtcHR5X2luZGV4W3tcInZlcnNpb25cIjoxLFwiYXNzZXRzXCI6e1wiYVwiOntcImFzc2V0X2lkXCI6XCJhXCIsXCJjYWNoZV9maWxlXCI6XCIuLi8uLi9vdXRzaWRlXCJ9fX1dIiwKICAgICJ0
2026-09-10T08:11:30.8925182Z GO_EVIDENCE_B64 ZXN0cy90ZXN0X2RlcHRoMThfbWVkaWFfZHVyYWJpbGl0eS5weTo6dGVzdF9pbnZhbGlkX2xlZ2FjeV9yaWdodHNfYXJlX25vdF9wdWJsaWNfZXZlbl9pZl9mbGFnX3NheXNfdHJ1ZVtvd25lcl0iLAogICAgInRlc3RzL3Rlc3RfZGVwdGgxOF9tZWRpYV9kdXJhYmlsaXR5LnB5Ojp0ZXN0X2ludmFsaWRfbGVnYWN5X3JpZ2h0c19hcmVfbm90X3B1YmxpY19ldmVuX2lmX2ZsYWdfc2F5c190cnVlW2V2aWRlbmNlXSIsCiAgICAidGVzdHMvdGVzdF9kZXB0aDE4X21lZGlhX2R1cmFiaWxpdHkucHk6OnRlc3RfaW52YWxpZF9sZWdhY3lf
2026-09-10T08:11:30.8938203Z GO_EVIDENCE_B64 cmlnaHRzX2FyZV9ub3RfcHVibGljX2V2ZW5faWZfZmxhZ19zYXlzX3RydWVbZXhwaXJ5XSIsCiAgICAidGVzdHMvdGVzdF9kZXB0aDE4X21lZGlhX2R1cmFiaWxpdHkucHk6OnRlc3RfaW52YWxpZF9sZWdhY3lfcmlnaHRzX2FyZV9ub3RfcHVibGljX2V2ZW5faWZfZmxhZ19zYXlzX3RydWVbY29udHJhY3RdIiwKICAgICJ0ZXN0cy90ZXN0X2RlcHRoMThfbWVkaWFfZHVyYWJpbGl0eS5weTo6dGVzdF9wdXJnZV9rZWVwc19vdGhlcl9ob3RlbF9zaGFyZWRfZmlsZXNfYW5kX2Nhbl9hZG1pdF9zYW1lX2hhc2hfYWdhaW4iLAogICAg
2026-09-10T08:11:30.8951480Z GO_EVIDENCE_B64 InRlc3RzL3Rlc3RfZGVwdGgxOF9tZWRpYV9kdXJhYmlsaXR5LnB5Ojp0ZXN0X2NvbmN1cnJlbnRfcHVyZ2VfYW5kX2FkbWlzc2lvbl9uZXZlcl9yZW1vdmVfcmVmZXJlbmNlZF9ieXRlcyIsCiAgICAidGVzdHMvdGVzdF9kZXB0aDE4X21lZGlhX2R1cmFiaWxpdHkucHk6OnRlc3RfYWRtaXNzaW9uX3JlamVjdHNfdGFtcGVyZWRfZGVkdXBfZmlsZV9hbmRfa2VlcHNfcHJpb3JfcmVjb3JkIiwKICAgICJ0ZXN0cy90ZXN0X2RlcHRoMThfbWVkaWFfZHVyYWJpbGl0eS5weTo6dGVzdF9pbmRleF9jb21taXRfZmFpbHVyZV9kb2VzX25v
2026-09-10T08:11:30.8965236Z GO_EVIDENCE_B64 dF9wdWJsaXNoX29yX2VyYXNlX2V4aXN0aW5nX3JlY29yZCIsCiAgICAidGVzdHMvdGVzdF9kZXB0aDE4X21lZGlhX2R1cmFiaWxpdHkucHk6OnRlc3RfcHVibGljX3JvdXRlX3JlY2hlY2tzX3JpZ2h0c19hbmRfbmV2ZXJfc2VuZHNfaW1tdXRhYmxlX2NhY2hlIiwKICAgICJ0ZXN0cy90ZXN0X2RlcHRoMThfbWVkaWFfZHVyYWJpbGl0eS5weTo6dGVzdF9hZG1pbl9yaWdodHNfcm91dGVfcmVxdWlyZXNfY3VycmVudF9hc3NldF9yZXZpc2lvbiIsCiAgICAidGVzdHMvdGVzdF9kZXB0aDE4X21lZGlhX2R1cmFiaWxpdHkucHk6OnRl
2026-09-10T08:11:30.8978232Z GO_EVIDENCE_B64 c3RfcHJpdmF0ZV9pbnRlcm1lZGlhdGVfcmVkaXJlY3RfaXNfYmxvY2tlZF9iZWZvcmVfbmV0d29ya19yZXF1ZXN0IiwKICAgICJ0ZXN0cy90ZXN0X2RlcHRoMThfbWVkaWFfZHVyYWJpbGl0eS5weTo6dGVzdF9yZWRpcmVjdF9sb29wX2lzX2JvdW5kZWRfYW5kX2Nyb3NzX29yaWdpbl9jcmVkZW50aWFsc19hcmVfcmVtb3ZlZCIsCiAgICAidGVzdHMvdGVzdF9kZXB0aDE4X21lZGlhX2R1cmFiaWxpdHkucHk6OnRlc3RfcHJpdmF0ZV90ZXN0X292ZXJyaWRlX2lzX2Rpc2FibGVkX2luX2RlcGxveWVkX2Vudmlyb25tZW50c1twcm9k
2026-09-10T08:11:30.8991796Z GO_EVIDENCE_B64 dWN0aW9uXSIsCiAgICAidGVzdHMvdGVzdF9kZXB0aDE4X21lZGlhX2R1cmFiaWxpdHkucHk6OnRlc3RfcHJpdmF0ZV90ZXN0X292ZXJyaWRlX2lzX2Rpc2FibGVkX2luX2RlcGxveWVkX2Vudmlyb25tZW50c1twcm9kXSIsCiAgICAidGVzdHMvdGVzdF9kZXB0aDE4X21lZGlhX2R1cmFiaWxpdHkucHk6OnRlc3RfcHJpdmF0ZV90ZXN0X292ZXJyaWRlX2lzX2Rpc2FibGVkX2luX2RlcGxveWVkX2Vudmlyb25tZW50c1tzdGFnaW5nXSIsCiAgICAidGVzdHMvdGVzdF9kZXB0aDE4X3JlZ2lvbmFsX3F1ZXVlLnB5Ojp0ZXN0X3BhcmFs
2026-09-10T08:11:30.9005329Z GO_EVIDENCE_B64 bGVsX3N1Ym1pc3Npb25zX2FuZF9jbGFpbXNfa2VlcF9vbmVfb3duZXJfYW5kX29uZV9qb2IiLAogICAgInRlc3RzL3Rlc3RfZGVwdGgxOF9yZWdpb25hbF9xdWV1ZS5weTo6dGVzdF9zYW1lX2lkX2RpZmZlcmVudF9wYXlsb2FkX2lzX3JlamVjdGVkIiwKICAgICJ0ZXN0cy90ZXN0X2RlcHRoMThfcmVnaW9uYWxfcXVldWUucHk6OnRlc3RfZXhwaXJlZF9jbGFpbV9pc19yZWNvdmVyZWRfYW5kX29sZF9vd25lcl9jYW5ub3RfYWNrX29yX3JlbmV3IiwKICAgICJ0ZXN0cy90ZXN0X2RlcHRoMThfcmVnaW9uYWxfcXVldWUucHk6OnRl
2026-09-10T08:11:30.9018488Z GO_EVIDENCE_B64 c3RfaGVhcnRiZWF0X2V4dGVuZHNfY3VycmVudF9jbGFpbSIsCiAgICAidGVzdHMvdGVzdF9kZXB0aDE4X3JlZ2lvbmFsX3F1ZXVlLnB5Ojp0ZXN0X2ZhaWxlZF9hbmRfZXhwaXJlZF93b3JrX2hhc19ib3VuZGVkX3JldHJ5X2FuZF90ZXJtaW5hbF9ldmlkZW5jZSIsCiAgICAidGVzdHMvdGVzdF9kZXB0aDE4X3JlZ2lvbmFsX3F1ZXVlLnB5Ojp0ZXN0X25vbnJldHJ5YWJsZV9mYWlsdXJlX2lzX25vdF9yZXBsYXllZCIsCiAgICAidGVzdHMvdGVzdF9kZXB0aDE4X3JlZ2lvbmFsX3F1ZXVlLnB5Ojp0ZXN0X3NpZ2tpbGxfYWZ0ZXJf
2026-09-10T08:11:30.9031354Z GO_EVIDENCE_B64 Y2xhaW1fa2VlcHNfd29ya19mb3JfYV9uZXdfcHJvY2VzcyIsCiAgICAidGVzdHMvdGVzdF9kZXB0aDE4X3JlZ2lvbmFsX3F1ZXVlLnB5Ojp0ZXN0X3F1ZXVlX2FuZF9lbnF1ZXVlX2V2aWRlbmNlX2NvbW1pdF9vcl9yb2xsYmFja190b2dldGhlciIsCiAgICAidGVzdHMvdGVzdF9kZXB0aDE4X3JlZ2lvbmFsX3F1ZXVlLnB5Ojp0ZXN0X3N0YWxlX3BhcmVudF9jYW5ub3RfZW5xdWV1ZV9jaGlsZHJlbiIsCiAgICAidGVzdHMvdGVzdF9kZXB0aDE4X3JlZ2lvbmFsX3F1ZXVlLnB5Ojp0ZXN0X3Jvb3RfcmVwbGF5X2hhc19pZGVudGlj
2026-09-10T08:11:30.9044780Z GO_EVIDENCE_B64 YWxfY2hpbGRyZW5fYW5kX3NpbmdsZV9lbnF1ZXVlX2V2aWRlbmNlIiwKICAgICJ0ZXN0cy90ZXN0X2RlcHRoMThfcmVnaW9uYWxfcXVldWUucHk6OnRlc3Rfd29ya2VyX2Fja19vbmx5X2FmdGVyX3Byb2Nlc3NpbmdfYW5kX3N0cnVjdHVyZWRfZmFpbHVyZXNfcmV0cnkiLAogICAgInRlc3RzL3Rlc3RfZGVwdGgxOF9yZWdpb25hbF9xdWV1ZS5weTo6dGVzdF93b3JrZXJfZXhjZXB0aW9uX2tlZXBzX3JldHJ5YWJsZV93b3JrIiwKICAgICJ0ZXN0cy90ZXN0X2RlcHRoMThfcmVnaW9uYWxfcXVldWUucHk6OnRlc3RfbWFudWFsX3Jl
2026-09-10T08:11:30.9057536Z GO_EVIDENCE_B64 dHJ5X3JlcGxheXNfc2FtZV9mYWlsdXJlX29uY2VfYW5kX3ByZXNlcnZlc19mYWlsZWRfdGllciIsCiAgICAidGVzdHMvdGVzdF9kZXB0aDE4X3JlZ2lvbmFsX3F1ZXVlLnB5Ojp0ZXN0X3RpZXJfYWNjZXB0YW5jZV9hbmRfbmV4dF9yb290X2FyZV9hdG9taWNfd2l0aG91dF9yZWRpcyIsCiAgICAidGVzdHMvdGVzdF9kZXB0aDE4X3JlZ2lvbmFsX3F1ZXVlLnB5Ojp0ZXN0X3N0YXR1c19uZXZlcl9jYWxsc19wZW5kaW5nX2RlbGl2ZXJ5X2NvbXBsZXRlX2FuZF9kZWR1cGxpY2F0ZXNfb2xkX2V2ZW50cyIsCiAgICAidGVzdHMvdGVz
2026-09-10T08:11:30.9070423Z GO_EVIDENCE_B64 dF9kZXB0aDE4X3JlZ2lvbmFsX3F1ZXVlLnB5Ojp0ZXN0X21pZ3JhdGlvbl9yb3VuZHRyaXBfcHJlc2VydmVzX2RhdGFfYW5kX2Jsb2Nrc19sb3NzX29mX3F1ZXVlX2V2aWRlbmNlIiwKICAgICJ0ZXN0cy90ZXN0X2RlcHRoMThfcmVnaW9uYWxfcXVldWUucHk6OnRlc3RfbWFudWFsX3JldHJ5X2RvZXNfbm90X2R1cGxpY2F0ZV9hdXRvX3JldHJ5X29yX2NvbXBsZXRlZF93b3JrIiwKICAgICJ0ZXN0cy90ZXN0X2RlcHRoMThfcmVnaW9uYWxfcXVldWUucHk6OnRlc3RfdGllcl9kb2VzX25vdF9hZHZhbmNlX3doaWxlX290aGVyX2Zh
2026-09-10T08:11:30.9083534Z GO_EVIDENCE_B64 bm91dF9vcl9mYWlsZWRfd29ya19yZW1haW5zIiwKICAgICJ0ZXN0cy90ZXN0X2RlcHRoMThfcmVnaW9uYWxfcXVldWUucHk6OnRlc3RfbWFudWFsX3JldHJ5X3N1cGVyc2VkZXNfZGVhZF9kZWxpdmVyeV9vbmx5X3dpdGhfZHVyYWJsZV9yZXBsYWNlbWVudCIsCiAgICAidGVzdHMvdGVzdF9kZXB0aDE4X3JlZ2lvbmFsX3F1ZXVlLnB5Ojp0ZXN0X2xlZ2FjeV9zbmFwc2hvdF9pbXBvcnRfaXNfdmFsaWRhdGVkX2JlZm9yZV93cml0ZXNfYW5kX2lkZW1wb3RlbnQiLAogICAgInRlc3RzL3Rlc3RfZGVwdGgxOF9yZWdpb25hbF9xdWV1
2026-09-10T08:11:30.9096859Z GO_EVIDENCE_B64 ZS5weTo6dGVzdF9leGhhdXN0ZWRfZGVsaXZlcnlfaGFzX2FjdGlvbmFibGVfZXhjZXB0aW9uX2FuZF9leGFjdF90YXNrX3JldHJ5IiwKICAgICJ0ZXN0cy90ZXN0X2RlcHRoMThfcmVnaW9uYWxfcXVldWUucHk6OnRlc3RfbXVsdGlwbGVfZGVhZF9ob3RlbHNfaW5fc2FtZV9jaXR5X2VhY2hfcmVjZWl2ZV9yZWNvdmVyeSIsCiAgICAidGVzdHMvdGVzdF9kZXB0aDE4X3JlZ2lvbmFsX3F1ZXVlLnB5Ojp0ZXN0X2ZhaWxlZF9tYW51YWxfcmVjb3ZlcnlfZG9lc19ub3RfaGlkZV9vcmlnaW5hbF9kZWFkX3Rhc2siLAogICAgInRlc3Rz
2026-09-10T08:11:30.9110767Z GO_EVIDENCE_B64 L3Rlc3RfZGVwdGgxOV9hcGlfbWlncmF0aW9uLnB5Ojp0ZXN0X2h0dHBfcmVhZF9ub19zdG9yZV9hbmRfb3duZXJfaXNvbGF0aW9uIiwKICAgICJ0ZXN0cy90ZXN0X2RlcHRoMTlfYXBpX21pZ3JhdGlvbi5weTo6dGVzdF9odHRwX2ZhY3Rfd3JpdGVfcmVxdWlyZXNfZ29fYWRtaW5fYW5kX3J1bGVfcGVybWlzc2lvbiIsCiAgICAidGVzdHMvdGVzdF9kZXB0aDE5X2FwaV9taWdyYXRpb24ucHk6OnRlc3RfaHR0cF9iaW5kaW5nX29wdGlvbnNfcmV2aXNpb25fYW5kX2N1c3RvbWVyX3J1bGVzIiwKICAgICJ0ZXN0cy90ZXN0X2RlcHRo
2026-09-10T08:11:30.9123674Z GO_EVIDENCE_B64 MTlfYXBpX21pZ3JhdGlvbi5weTo6dGVzdF9hdXRob3JpdHlfYXBpX3R3b19yZXZpZXdlcnNfYW5kX29wc19ob2xkX3F1ZXVlIiwKICAgICJ0ZXN0cy90ZXN0X2RlcHRoMTlfYXBpX21pZ3JhdGlvbi5weTo6dGVzdF9taWdyYXRpb25fcm91bmR0cmlwX3ByZXNlcnZlc19sZWdhY3lfYW5kX3JlZnVzZXNfZmFjdF9ldmlkZW5jZV9sb3NzIiwKICAgICJ0ZXN0cy90ZXN0X2RlcHRoMTlfYXBpX21pZ3JhdGlvbi5weTo6dGVzdF9tYWxmb3JtZWRfc2lnbmVkX2ZhY3RfZmllbGRzX3JldHVybl9jb250cm9sbGVkX2Vycm9yc1traW5kLXZh
2026-09-10T08:11:30.9136871Z GO_EVIDENCE_B64 bHVlMF0iLAogICAgInRlc3RzL3Rlc3RfZGVwdGgxOV9hcGlfbWlncmF0aW9uLnB5Ojp0ZXN0X21hbGZvcm1lZF9zaWduZWRfZmFjdF9maWVsZHNfcmV0dXJuX2NvbnRyb2xsZWRfZXJyb3JzW3N1YmplY3QtdmFsdWUxXSIsCiAgICAidGVzdHMvdGVzdF9kZXB0aDE5X2FwaV9taWdyYXRpb24ucHk6OnRlc3RfbWFsZm9ybWVkX3NpZ25lZF9mYWN0X2ZpZWxkc19yZXR1cm5fY29udHJvbGxlZF9lcnJvcnNbZGF0YS12YWx1ZTJdIiwKICAgICJ0ZXN0cy90ZXN0X2RlcHRoMTlfYXBpX21pZ3JhdGlvbi5weTo6dGVzdF9tYWxmb3JtZWRf
2026-09-10T08:11:30.9150055Z GO_EVIDENCE_B64 c2lnbmVkX2ZhY3RfZmllbGRzX3JldHVybl9jb250cm9sbGVkX2Vycm9yc1tkYXRhLXZhbHVlM10iLAogICAgInRlc3RzL3Rlc3RfZGVwdGgxOV9yaWRlX3N5bmMucHk6OnRlc3RfZXhhY3RfZGF0ZV9haXJwb3J0X2Nsb3NlZF9hbmRfZGlzYWJsZWRfcmlkZXNfYXJlX2lzb2xhdGVkIiwKICAgICJ0ZXN0cy90ZXN0X2RlcHRoMTlfcmlkZV9zeW5jLnB5Ojp0ZXN0X2N1c3RvbWVyX2Nhbm5vdF9hdXRob3JpemVfd2FpdGluZ190ZXJtc1tpbmNsdWRlZF93YWl0X21pbnV0ZXMtOTk5XSIsCiAgICAidGVzdHMvdGVzdF9kZXB0aDE5X3Jp
2026-09-10T08:11:30.9163352Z GO_EVIDENCE_B64 ZGVfc3luYy5weTo6dGVzdF9jdXN0b21lcl9jYW5ub3RfYXV0aG9yaXplX3dhaXRpbmdfdGVybXNbZGVsYXlfcHJvdGVjdGlvbl9mcmVlX3dhaXRfbWludXRlcy05OTldIiwKICAgICJ0ZXN0cy90ZXN0X2RlcHRoMTlfcmlkZV9zeW5jLnB5Ojp0ZXN0X2N1c3RvbWVyX2Nhbm5vdF9hdXRob3JpemVfd2FpdGluZ190ZXJtc1ttYXhfZnJlZV93YWl0X21pbnV0ZXMtOTk5XSIsCiAgICAidGVzdHMvdGVzdF9kZXB0aDE5X3JpZGVfc3luYy5weTo6dGVzdF9jdXN0b21lcl9jYW5ub3RfYXV0aG9yaXplX3dhaXRpbmdfdGVybXNbc3VwcGxp
2026-09-10T08:11:30.9176403Z GO_EVIDENCE_B64 ZXJfcnVsZV9zbmFwc2hvdC12YWx1ZTNdIiwKICAgICJ0ZXN0cy90ZXN0X2RlcHRoMTlfcmlkZV9zeW5jLnB5Ojp0ZXN0X3BvbGljeV9vcHRfaW5faXNfYm91bmRlZF9hbmRfcHJvcG9zYWxfZG9lc19ub3RfY2hhbmdlX2NvbmZpcm1lZF90aW1lIiwKICAgICJ0ZXN0cy90ZXN0X2RlcHRoMTlfcmlkZV9zeW5jLnB5Ojp0ZXN0X3BvbGljeV9taXNzaW5nX29yX2NoYW5nZWRfY2Fubm90X2JlY29tZV9hdXRob3JpemVkIiwKICAgICJ0ZXN0cy90ZXN0X2RlcHRoMTlfcmlkZV9zeW5jLnB5Ojp0ZXN0X3Vua25vd25fYWZ0ZXJfZmxlZXRf
2026-09-10T08:11:30.9189450Z GO_EVIDENCE_B64 YWNjZXB0YW5jZV9yZW9wZW5zX3JlY2VpcHRfYW5kX3F1ZXJpZXNfb25seSIsCiAgICAidGVzdHMvdGVzdF9kZXB0aDE5X3JpZGVfc3luYy5weTo6dGVzdF9zaWdraWxsX2FmdGVyX2NvbW1pdHRlZF9wcm92aWRlcl9yZWNlaXB0X3JlY292ZXJzX3dpdGhvdXRfcmVzZW5kIiwKICAgICJ0ZXN0cy90ZXN0X2RlcHRoMTlfcmlkZV9zeW5jLnB5Ojp0ZXN0X2NyYXNoX2JlZm9yZV9kaXNwYXRjaF9rZWVwc191bmtub3duX3dpdGhvdXRfYmxpbmRfcmVzZW5kIiwKICAgICJ0ZXN0cy90ZXN0X2RlcHRoMTlfcmlkZV9zeW5jLnB5Ojp0ZXN0
2026-09-10T08:11:30.9202267Z GO_EVIDENCE_B64 X3BhcmFsbGVsX3Byb2Nlc3NvcnNfbmV2ZXJfc2VuZF9zYW1lX2ludGVudF90d2ljZSIsCiAgICAidGVzdHMvdGVzdF9kZXB0aDE5X3JpZGVfc3luYy5weTo6dGVzdF9mbGVldF9yZWplY3Rpb25fYW5kX3dyb25nX2NvbmZpcm1hdGlvbl9kb19ub3RfY2hhbmdlX2N1c3RvbWVyX3RpbWUiLAogICAgInRlc3RzL3Rlc3RfZGVwdGgxOV9yaWRlX3N5bmMucHk6OnRlc3RfY3VycmVudF9hdXRob3JpdHlfYmluZGluZ19vcmRlcl9hbmRfcG9saWN5X3JlY2hlY2tlZF9iZWZvcmVfZGlzcGF0Y2hbcmV2b2tlXSIsCiAgICAidGVzdHMvdGVz
2026-09-10T08:11:30.9215242Z GO_EVIDENCE_B64 dF9kZXB0aDE5X3JpZGVfc3luYy5weTo6dGVzdF9jdXJyZW50X2F1dGhvcml0eV9iaW5kaW5nX29yZGVyX2FuZF9wb2xpY3lfcmVjaGVja2VkX2JlZm9yZV9kaXNwYXRjaFtkaXNhYmxlXSIsCiAgICAidGVzdHMvdGVzdF9kZXB0aDE5X3JpZGVfc3luYy5weTo6dGVzdF9jdXJyZW50X2F1dGhvcml0eV9iaW5kaW5nX29yZGVyX2FuZF9wb2xpY3lfcmVjaGVja2VkX2JlZm9yZV9kaXNwYXRjaFttYW51YWxfdGltZV0iLAogICAgInRlc3RzL3Rlc3RfZGVwdGgxOV9yaWRlX3N5bmMucHk6OnRlc3RfY3VycmVudF9hdXRob3JpdHlfYmlu
2026-09-10T08:11:30.9228575Z GO_EVIDENCE_B64 ZGluZ19vcmRlcl9hbmRfcG9saWN5X3JlY2hlY2tlZF9iZWZvcmVfZGlzcGF0Y2hbY2xvc2VdIiwKICAgICJ0ZXN0cy90ZXN0X2RlcHRoMTlfcmlkZV9zeW5jLnB5Ojp0ZXN0X2N1cnJlbnRfYXV0aG9yaXR5X2JpbmRpbmdfb3JkZXJfYW5kX3BvbGljeV9yZWNoZWNrZWRfYmVmb3JlX2Rpc3BhdGNoW3BvbGljeV0iLAogICAgInRlc3RzL3Rlc3RfZGVwdGgxOV9yaWRlX3N5bmMucHk6OnRlc3RfcmV2b2tlZF9kdXJpbmdfZXh0ZXJuYWxfY2FsbF9yZWNvcmRzX2hvbGRfd2l0aG91dF9mYWJyaWNhdGVkX2xvY2FsX3N1Y2Nlc3MiLAog
2026-09-10T08:11:30.9241540Z GO_EVIDENCE_B64 ICAgInRlc3RzL3Rlc3RfZGVwdGgxOV9yaWRlX3N5bmMucHk6OnRlc3RfbmV3X2ZhY3Rfc3VwZXJzZWRlc19wZW5kaW5nX2FuZF9ldmVudF9yZXBsYXlfY2Fubm90X21hdGNoX2xhdGVyX2JpbmRpbmdzIiwKICAgICJ0ZXN0cy90ZXN0X2RlcHRoMTlfcmlkZV9zeW5jLnB5Ojp0ZXN0X2N1c3RvbWVyX2JpbmRpbmdfcmV2aXNpb25fYW5kX293bmVyc2hpcF9pc29sYXRpb24iLAogICAgInRlc3RzL3Rlc3RfZGVwdGgxOV9yaWRlX3N5bmMucHk6OnRlc3RfdW5ib3VuZF9vcl9pbmNvbnNpc3RlbnRfZmxlZXRfcmVjZWlwdF9uZXZlcl9j
2026-09-10T08:11:30.9254586Z GO_EVIDENCE_B64 b25maXJtc1toYXNoXSIsCiAgICAidGVzdHMvdGVzdF9kZXB0aDE5X3JpZGVfc3luYy5weTo6dGVzdF91bmJvdW5kX29yX2luY29uc2lzdGVudF9mbGVldF9yZWNlaXB0X25ldmVyX2NvbmZpcm1zW3RpbWVdIiwKICAgICJ0ZXN0cy90ZXN0X2RlcHRoMTlfcmlkZV9zeW5jLnB5Ojp0ZXN0X3VuYm91bmRfb3JfaW5jb25zaXN0ZW50X2ZsZWV0X3JlY2VpcHRfbmV2ZXJfY29uZmlybXNbcmVmZXJlbmNlXSIsCiAgICAidGVzdHMvdGVzdF9kZXB0aDE5X3JpZGVfc3luYy5weTo6dGVzdF9ib29raW5nX2VudHJ5X3NhdmVzX3NlcnZlcl9w
2026-09-10T08:11:30.9267470Z GO_EVIDENCE_B64 b2xpY3lfYW5kX3RyYWNraW5nX3RvZ2V0aGVyIiwKICAgICJ0ZXN0cy90ZXN0X2RlcHRoMTlfcmlkZV9zeW5jLnB5Ojp0ZXN0X3Jldm9rZWRfc291cmNlX2lzX3Zpc2libGVfYXNfdW5hdmFpbGFibGVfd2l0aG91dF9tdXRhdGluZ19iaW5kaW5nIiwKICAgICJ0ZXN0cy90ZXN0X2RlcHRoMTlfcmlkZV9zeW5jLnB5Ojp0ZXN0X2xlZ2FjeV9sb2NhbF9waWNrdXBfaXNfb3BhcXVlX3VudGlsX2V4cGxpY2l0X2ZsZWV0X2NvbmZpcm1hdGlvbiIsCiAgICAidGVzdHMvdGVzdF9kZXB0aDE5X3JpZGVfc3luYy5weTo6dGVzdF9kZWxheV9w
2026-09-10T08:11:30.9280219Z GO_EVIDENCE_B64 cm90ZWN0aW9uX2RvZXNfbm90X2dyYW50X2V4dHJhX3dhaXRfZm9yX25vbl9kZWxheV9mYWN0c1tFQVJMWV0iLAogICAgInRlc3RzL3Rlc3RfZGVwdGgxOV9yaWRlX3N5bmMucHk6OnRlc3RfZGVsYXlfcHJvdGVjdGlvbl9kb2VzX25vdF9ncmFudF9leHRyYV93YWl0X2Zvcl9ub25fZGVsYXlfZmFjdHNbTEFOREVEXSIsCiAgICAidGVzdHMvdGVzdF9kZXB0aDE5X3JpZGVfc3luYy5weTo6dGVzdF9kZWxheV9wcm90ZWN0aW9uX2RvZXNfbm90X2dyYW50X2V4dHJhX3dhaXRfZm9yX25vbl9kZWxheV9mYWN0c1tDT1JSRUNURURdIiwK
2026-09-10T08:11:30.9292962Z GO_EVIDENCE_B64 ICAgICJ0ZXN0cy90ZXN0X2RlcHRoMTlfcmlkZV9zeW5jLnB5Ojp0ZXN0X2NvcnJlY3Rpb25fd2l0aGRyYXdzX3ByZXZpb3VzX2RlbGF5X3Byb3RlY3Rpb25fYmVmb3JlX2Rpc3BhdGNoIiwKICAgICJ0ZXN0cy90ZXN0X2RlcHRoMTlfdHJhdmVsX2ZhY3RzLnB5Ojp0ZXN0X3JlYWRfaXNfb3duZXJfc2NvcGVkX2FuZF9kb2VzX25vdF9pbnZlbnRfb3Jfd3JpdGVfZmFjdCIsCiAgICAidGVzdHMvdGVzdF9kZXB0aDE5X3RyYXZlbF9mYWN0cy5weTo6dGVzdF9mb3VyX2NlbGxzX2FuZF9vZmZpY2lhbF9jb3JyZWN0aW9uX3VzZV9zb3Vy
2026-09-10T08:11:30.9306024Z GO_EVIDENCE_B64 Y2Vfb3JkZXJfbm90X3N0YXRlX3JhbmsiLAogICAgInRlc3RzL3Rlc3RfZGVwdGgxOV90cmF2ZWxfZmFjdHMucHk6OnRlc3RfdW5zaWduZWRfbGVnYWN5X3NvdXJjZV9zdHJpbmdfaXNfbm90X2F1dGhvcml0eSIsCiAgICAidGVzdHMvdGVzdF9kZXB0aDE5X3RyYXZlbF9mYWN0cy5weTo6dGVzdF9zaWduYXR1cmVfYmluZHNfZXhhY3RfYm9keV9hbmRfZXZlbnRfaWRlbnRpdHkiLAogICAgInRlc3RzL3Rlc3RfZGVwdGgxOV90cmF2ZWxfZmFjdHMucHk6OnRlc3RfdW50cnVzdGVkX2xpbmtzX2Nhbm5vdF9iZWNvbWVfb2ZmaWNpYWxb
2026-09-10T08:11:30.9319353Z GO_EVIDENCE_B64 amF2YXNjcmlwdDphbGVydCgxKV0iLAogICAgInRlc3RzL3Rlc3RfZGVwdGgxOV90cmF2ZWxfZmFjdHMucHk6OnRlc3RfdW50cnVzdGVkX2xpbmtzX2Nhbm5vdF9iZWNvbWVfb2ZmaWNpYWxbaHR0cDovL2FpcmxpbmUuZXhhbXBsZS9wYXNzXSIsCiAgICAidGVzdHMvdGVzdF9kZXB0aDE5X3RyYXZlbF9mYWN0cy5weTo6dGVzdF91bnRydXN0ZWRfbGlua3NfY2Fubm90X2JlY29tZV9vZmZpY2lhbFtodHRwczovL2FpcmxpbmUuZXhhbXBsZS5ldmlsLnRlc3QvcGFzc10iLAogICAgInRlc3RzL3Rlc3RfZGVwdGgxOV90cmF2ZWxfZmFj
2026-09-10T08:11:30.9332589Z GO_EVIDENCE_B64 dHMucHk6OnRlc3RfdW50cnVzdGVkX2xpbmtzX2Nhbm5vdF9iZWNvbWVfb2ZmaWNpYWxbaHR0cHM6Ly91c2VyQGFpcmxpbmUuZXhhbXBsZS9wYXNzXSIsCiAgICAidGVzdHMvdGVzdF9kZXB0aDE5X3RyYXZlbF9mYWN0cy5weTo6dGVzdF91bnRydXN0ZWRfbGlua3NfY2Fubm90X2JlY29tZV9vZmZpY2lhbFtodHRwczovL2FpcmxpbmUuZXhhbXBsZTo4MDgwL3Bhc3NdIiwKICAgICJ0ZXN0cy90ZXN0X2RlcHRoMTlfdHJhdmVsX2ZhY3RzLnB5Ojp0ZXN0X3VudHJ1c3RlZF9saW5rc19jYW5ub3RfYmVjb21lX29mZmljaWFsW2h0dHBz
2026-09-10T08:11:30.9346209Z GO_EVIDENCE_B64 Oi8vYWlybGluZS5leGFtcGxlL1xcbnBhc3NdIiwKICAgICJ0ZXN0cy90ZXN0X2RlcHRoMTlfdHJhdmVsX2ZhY3RzLnB5Ojp0ZXN0X3VudHJ1c3RlZF9saW5rc19jYW5ub3RfYmVjb21lX29mZmljaWFsW2h0dHBzOi8vZXZpbC5leGFtcGxlL3Bhc3NdIiwKICAgICJ0ZXN0cy90ZXN0X2RlcHRoMTlfdHJhdmVsX2ZhY3RzLnB5Ojp0ZXN0X2luZGVwZW5kZW50X3Jldmlld19yZXZpc2lvbl9hbmRfcmV2b2NhdGlvbl9yZW1vdmVfcGFzc19vbl9yZWFkIiwKICAgICJ0ZXN0cy90ZXN0X2RlcHRoMTlfdHJhdmVsX2ZhY3RzLnB5Ojp0ZXN0
2026-09-10T08:11:30.9358864Z GO_EVIDENCE_B64 X21ha2VyX2Nhbm5vdF9hcHByb3ZlX2FuZF9yZWdpc3RlcmVkX2tleV9jYW5ub3Rfc2lsZW50bHlfY2hhbmdlIiwKICAgICJ0ZXN0cy90ZXN0X2RlcHRoMTlfdHJhdmVsX2ZhY3RzLnB5Ojp0ZXN0X2NoYW5nZWRfb3JkZXJfbmV2ZXJfcmV1c2VzX3ByaW9yX3Bhc3NbdGlja2V0XSIsCiAgICAidGVzdHMvdGVzdF9kZXB0aDE5X3RyYXZlbF9mYWN0cy5weTo6dGVzdF9jaGFuZ2VkX29yZGVyX25ldmVyX3JldXNlc19wcmlvcl9wYXNzW2l0aW5lcmFyeV0iLAogICAgInRlc3RzL3Rlc3RfZGVwdGgxOV90cmF2ZWxfZmFjdHMucHk6OnRl
2026-09-10T08:11:30.9372184Z GO_EVIDENCE_B64 c3RfY2hhbmdlZF9vcmRlcl9uZXZlcl9yZXVzZXNfcHJpb3JfcGFzc1t0cmF2ZWxlcl0iLAogICAgInRlc3RzL3Rlc3RfZGVwdGgxOV90cmF2ZWxfZmFjdHMucHk6OnRlc3RfY2hhbmdlZF9vcmRlcl9uZXZlcl9yZXVzZXNfcHJpb3JfcGFzc1tyZWZ1bmRdIiwKICAgICJ0ZXN0cy90ZXN0X2RlcHRoMTlfdHJhdmVsX2ZhY3RzLnB5Ojp0ZXN0X2ZhY3RfdmFsaWRpdHlfd2luZG93W2V4cGlyZWRdIiwKICAgICJ0ZXN0cy90ZXN0X2RlcHRoMTlfdHJhdmVsX2ZhY3RzLnB5Ojp0ZXN0X2ZhY3RfdmFsaWRpdHlfd2luZG93W2Z1dHVyZV0i
2026-09-10T08:11:30.9385611Z GO_EVIDENCE_B64 LAogICAgInRlc3RzL3Rlc3RfZGVwdGgxOV90cmF2ZWxfZmFjdHMucHk6OnRlc3RfZmFjdF92YWxpZGl0eV93aW5kb3dbdG9vX29sZF0iLAogICAgInRlc3RzL3Rlc3RfZGVwdGgxOV90cmF2ZWxfZmFjdHMucHk6OnRlc3RfZmFjdF92YWxpZGl0eV93aW5kb3dbYmV5b25kX2F1dGhvcml0eV0iLAogICAgInRlc3RzL3Rlc3RfZGVwdGgxOV90cmF2ZWxfZmFjdHMucHk6OnRlc3Rfbm9fZmFsbGJhY2tfdG9fb2xkZXJfZmFjdF93aGVuX25ld2VzdF9pc19leHBpcmVkX29yX2NvcnJ1cHQiLAogICAgInRlc3RzL3Rlc3RfZGVwdGgxOV90
2026-09-10T08:11:30.9398863Z GO_EVIDENCE_B64 cmF2ZWxfZmFjdHMucHk6OnRlc3Rfc2VxdWVuY2VfYW5kX3Byb3ZpZGVyX3N3aXRjaF9hcmVfZXhwbGljaXQiLAogICAgInRlc3RzL3Rlc3RfZGVwdGgxOV90cmF2ZWxfZmFjdHMucHk6OnRlc3RfY2Fycmllcl9zY29wZV9hbmRfcHJvZHVjdGlvbl9nYXRlIiwKICAgICJ0ZXN0cy90ZXN0X2RlcHRoMjBfYXBpX2Z1bGZpbGxtZW50LnB5Ojp0ZXN0X3JhaWxfc3VwcGxpZXJfY2Fubm90X3RpY2tldF93cm9uZ19jb3VudF9vcl9pbnZhbGlkX2lkZW50aXRpZXNbdGlja2V0czBdIiwKICAgICJ0ZXN0cy90ZXN0X2RlcHRoMjBfYXBpX2Z1
2026-09-10T08:11:30.9412041Z GO_EVIDENCE_B64 bGZpbGxtZW50LnB5Ojp0ZXN0X3JhaWxfc3VwcGxpZXJfY2Fubm90X3RpY2tldF93cm9uZ19jb3VudF9vcl9pbnZhbGlkX2lkZW50aXRpZXNbdGlja2V0czFdIiwKICAgICJ0ZXN0cy90ZXN0X2RlcHRoMjBfYXBpX2Z1bGZpbGxtZW50LnB5Ojp0ZXN0X3JhaWxfc3VwcGxpZXJfY2Fubm90X3RpY2tldF93cm9uZ19jb3VudF9vcl9pbnZhbGlkX2lkZW50aXRpZXNbdGlja2V0czJdIiwKICAgICJ0ZXN0cy90ZXN0X2RlcHRoMjBfYXBpX2Z1bGZpbGxtZW50LnB5Ojp0ZXN0X3JhaWxfc3VwcGxpZXJfY2Fubm90X3RpY2tldF93cm9uZ19j
2026-09-10T08:11:30.9425146Z GO_EVIDENCE_B64 b3VudF9vcl9pbnZhbGlkX2lkZW50aXRpZXNbdGlja2V0czNdIiwKICAgICJ0ZXN0cy90ZXN0X2RlcHRoMjBfYXBpX2Z1bGZpbGxtZW50LnB5Ojp0ZXN0X3JhaWxfc3VwcGxpZXJfY2Fubm90X3RpY2tldF93cm9uZ19jb3VudF9vcl9pbnZhbGlkX2lkZW50aXRpZXNbdGlja2V0czRdIiwKICAgICJ0ZXN0cy90ZXN0X2RlcHRoMjBfYXBpX2Z1bGZpbGxtZW50LnB5Ojp0ZXN0X2NvbmZpcm1lZF9yYWlsX3RpY2tldHNfcmVwbGF5X2V4YWN0bHlfYW5kX2Nhbm5vdF9iZV9yZXBsYWNlZCIsCiAgICAidGVzdHMvdGVzdF9kZXB0aDIwX2Fw
2026-09-10T08:11:30.9438020Z GO_EVIDENCE_B64 aV9mdWxmaWxsbWVudC5weTo6dGVzdF9tdWx0aV9wZXJzb25fY2hhbmdlX3JlZnVuZF9yZXR1cm5zX3RvX29yaWdpbmFsX2FuZF9hZGp1c3RtZW50X2NhcHR1cmVzIiwKICAgICJ0ZXN0cy90ZXN0X2RlcHRoMjBfYXBpX2Z1bGZpbGxtZW50LnB5Ojp0ZXN0X2J1c2luZXNzX2NsYXNzX2NoYW5nZV91c2VzX3F1b3RlZF96ZXJvX2ZlZSIsCiAgICAidGVzdHMvdGVzdF9kZXB0aDIwX2FwaV9mdWxmaWxsbWVudC5weTo6dGVzdF93cm9uZ19yZWlzc3VlZF9wYXJ0eV9jYW5ub3RfY2FwdHVyZV9hZGp1c3RtZW50IiwKICAgICJ0ZXN0cy90
2026-09-10T08:11:30.9450883Z GO_EVIDENCE_B64 ZXN0X2RlcHRoMjBfYXBpX2Z1bGZpbGxtZW50LnB5Ojp0ZXN0X21pc3NpbmdfY29uZmlybWVkX2FkanVzdG1lbnRfY2Fubm90X21hcmtfY2hhbmdlX2V4ZWN1dGVkIiwKICAgICJ0ZXN0cy90ZXN0X2RlcHRoMjBfYXBpX2Z1bGZpbGxtZW50LnB5Ojp0ZXN0X3NpZ25lZF9pbl9wcmVib29rX2Nhbm5vdF9iZV9jbGFpbWVkX2J5X2Fub3RoZXJfY29uc3VtZXIiLAogICAgInRlc3RzL3Rlc3RfZGVwdGgyMF9hcGlfZnVsZmlsbG1lbnQucHk6OnRlc3RfcmFpbF9odHRwX3JlamVjdHNfYW1iaWd1b3VzX29yX3Vuc3VwcG9ydGVkX3F1YW50
2026-09-10T08:11:30.9464482Z GO_EVIDENCE_B64 aXRpZXNbVHJ1ZV0iLAogICAgInRlc3RzL3Rlc3RfZGVwdGgyMF9hcGlfZnVsZmlsbG1lbnQucHk6OnRlc3RfcmFpbF9odHRwX3JlamVjdHNfYW1iaWd1b3VzX29yX3Vuc3VwcG9ydGVkX3F1YW50aXRpZXNbMS4yXSIsCiAgICAidGVzdHMvdGVzdF9kZXB0aDIwX2FwaV9mdWxmaWxsbWVudC5weTo6dGVzdF9yYWlsX2h0dHBfcmVqZWN0c19hbWJpZ3VvdXNfb3JfdW5zdXBwb3J0ZWRfcXVhbnRpdGllc1syXSIsCiAgICAidGVzdHMvdGVzdF9kZXB0aDIwX2FwaV9mdWxmaWxsbWVudC5weTo6dGVzdF9yYWlsX2h0dHBfcmVqZWN0c19h
2026-09-10T08:11:30.9478035Z GO_EVIDENCE_B64 bWJpZ3VvdXNfb3JfdW5zdXBwb3J0ZWRfcXVhbnRpdGllc1swXSIsCiAgICAidGVzdHMvdGVzdF9kZXB0aDIwX2FwaV9mdWxmaWxsbWVudC5weTo6dGVzdF9yYWlsX2h0dHBfcmVqZWN0c19hbWJpZ3VvdXNfb3JfdW5zdXBwb3J0ZWRfcXVhbnRpdGllc1sxMF0iLAogICAgInRlc3RzL3Rlc3RfZGVwdGgyMF9hcGlfZnVsZmlsbG1lbnQucHk6OnRlc3RfaW52YWxpZF9hdXRoZW50aWNhdGlvbl9uZXZlcl9mYWxsc19iYWNrX3RvX2Fub255bW91c19xdW90ZSIsCiAgICAidGVzdHMvdGVzdF9kZXB0aDIwX2FwaV9mdWxmaWxsbWVudC5w
2026-09-10T08:11:30.9491338Z GO_EVIDENCE_B64 eTo6dGVzdF9jaGFuZ2VkX3ZhdWx0X2lkZW50aXR5X3dpdGhfc2FtZV9uYW1lX2Nhbm5vdF9yZXVzZV9wcmVib29rIiwKICAgICJ0ZXN0cy90ZXN0X2RlcHRoMjBfYXBpX2Z1bGZpbGxtZW50LnB5Ojp0ZXN0X21pZ3JhdGlvbl9yb3VuZHRyaXBfcHJlc2VydmVzX2hpc3RvcnlfYW5kX3JlZnVzZXNfcHJlYm9va19ldmlkZW5jZV9sb3NzIiwKICAgICJ0ZXN0cy90ZXN0X2RlcHRoMjBfYXR0cmFjdGlvbl9jb250cmFjdC5weTo6dGVzdF9wZXJzaXN0ZWRfcXVvdGVfYmluZHNfc2Vzc2lvbl9wYXJ0eV9hbmRfbG9ja2VkX3RvdGFsIiwK
2026-09-10T08:11:30.9505031Z GO_EVIDENCE_B64 ICAgICJ0ZXN0cy90ZXN0X2RlcHRoMjBfYXR0cmFjdGlvbl9jb250cmFjdC5weTo6dGVzdF91bnF1b3RlZF9vcmRlcl9hbmRfdW5saXN0ZWRfc2Vzc2lvbl9hcmVfcmVqZWN0ZWQiLAogICAgInRlc3RzL3Rlc3RfZGVwdGgyMF9hdHRyYWN0aW9uX2NvbnRyYWN0LnB5Ojp0ZXN0X2NsaWVudF9jYW5ub3RfY2hhbmdlX3F1b3RlX3Rlcm1zW3F1YW50aXR5LTFdIiwKICAgICJ0ZXN0cy90ZXN0X2RlcHRoMjBfYXR0cmFjdGlvbl9jb250cmFjdC5weTo6dGVzdF9jbGllbnRfY2Fubm90X2NoYW5nZV9xdW90ZV90ZXJtc1tjdXJyZW5jeS1V
2026-09-10T08:11:30.9518175Z GO_EVIDENCE_B64 U0RdIiwKICAgICJ0ZXN0cy90ZXN0X2RlcHRoMjBfYXR0cmFjdGlvbl9jb250cmFjdC5weTo6dGVzdF9jbGllbnRfY2Fubm90X2NoYW5nZV9xdW90ZV90ZXJtc1t2aXNpdF9kYXRlLTIwMzAtMDEtMDFdIiwKICAgICJ0ZXN0cy90ZXN0X2RlcHRoMjBfYXR0cmFjdGlvbl9jb250cmFjdC5weTo6dGVzdF9jbGllbnRfY2Fubm90X2NoYW5nZV9xdW90ZV90ZXJtc1tzZXNzaW9uX3RpbWUtMDM6MTddIiwKICAgICJ0ZXN0cy90ZXN0X2RlcHRoMjBfYXR0cmFjdGlvbl9jb250cmFjdC5weTo6dGVzdF9jbGllbnRfY2Fubm90X2NoYW5nZV9x
2026-09-10T08:11:30.9531535Z GO_EVIDENCE_B64 dW90ZV90ZXJtc1tvZmZlcl9pZC10ZWFtbGFiX3BsYW5ldHNdIiwKICAgICJ0ZXN0cy90ZXN0X2RlcHRoMjBfYXR0cmFjdGlvbl9jb250cmFjdC5weTo6dGVzdF9xdWFudGl0eV9hbmRfYXR0ZW5kZWVzX211c3RfbWF0Y2giLAogICAgInRlc3RzL3Rlc3RfZGVwdGgyMF9hdHRyYWN0aW9uX2NvbnRyYWN0LnB5Ojp0ZXN0X2Nyb3NzX2FjY291bnRfYW5kX2NoYW5nZWRfcGVyc29uX2Nhbm5vdF9yZXVzZV9jb25zdW1lZF9xdW90ZSIsCiAgICAidGVzdHMvdGVzdF9kZXB0aDIwX2F0dHJhY3Rpb25fY29udHJhY3QucHk6OnRlc3RfY3Vy
2026-09-10T08:11:30.9544538Z GO_EVIDENCE_B64 cmVudF9pbnZlbnRvcnlfaXNfcmVjaGVja2VkX2JlZm9yZV9vcmRlcl9jcmVhdGlvbiIsCiAgICAidGVzdHMvdGVzdF9kZXB0aDIwX2F0dHJhY3Rpb25fY29udHJhY3QucHk6OnRlc3RfbG9ja2VkX3ByaWNlX2FuZF9yZWZ1bmRfdGVybXNfZG9fbm90X2NoYW5nZV93aXRoX2NhdGFsb2ciLAogICAgInRlc3RzL3Rlc3RfZGVwdGgyMF9hdHRyYWN0aW9uX2NvbnRyYWN0LnB5Ojp0ZXN0X2V4cGlyZWRfcXVvdGVfY2Fubm90X2JlX2NvbnN1bWVkIiwKICAgICJ0ZXN0cy90ZXN0X2RlcHRoMjBfYXR0cmFjdGlvbl9jb250cmFjdC5weTo6
2026-09-10T08:11:30.9557893Z GO_EVIDENCE_B64 dGVzdF9wYXJhbGxlbF9jb25zdW1wdGlvbl9tYWtlc19vbmVfb3JkZXIiLAogICAgInRlc3RzL3Rlc3RfZGVwdGgyMF9hdHRyYWN0aW9uX2NvbnRyYWN0LnB5Ojp0ZXN0X2ZhaWxlZF9ldmlkZW5jZV9yb2xsc19iYWNrX2NvbnRyYWN0X2FuZF9vcmRlciIsCiAgICAidGVzdHMvdGVzdF9kZXB0aDIwX2F0dHJhY3Rpb25fY29udHJhY3QucHk6OnRlc3RfZGVjbGFyZWRfY2hpbGRfY2Fubm90X3VzZV9hbl9hZHVsdF9wcm9kdWN0X3F1b3RlIiwKICAgICJ0ZXN0cy90ZXN0X2RlcHRoMjBfcHJlYm9va19jb250cmFjdC5weTo6dGVzdF9w
2026-09-10T08:11:30.9570787Z GO_EVIDENCE_B64 YXJ0eV9xdW90ZV9iaW5kc190b3RhbF9jb3VudF9hbmRfb25lX29yZGVyIiwKICAgICJ0ZXN0cy90ZXN0X2RlcHRoMjBfcHJlYm9va19jb250cmFjdC5weTo6dGVzdF91bnF1b3RlZF9wYXJ0eV9zaXplX2Nhbm5vdF9jaGFuZ2VfcHJpY2VfYXRfb3JkZXJfY3JlYXRpb25bMF0iLAogICAgInRlc3RzL3Rlc3RfZGVwdGgyMF9wcmVib29rX2NvbnRyYWN0LnB5Ojp0ZXN0X3VucXVvdGVkX3BhcnR5X3NpemVfY2Fubm90X2NoYW5nZV9wcmljZV9hdF9vcmRlcl9jcmVhdGlvblsxXSIsCiAgICAidGVzdHMvdGVzdF9kZXB0aDIwX3ByZWJv
2026-09-10T08:11:30.9583724Z GO_EVIDENCE_B64 b2tfY29udHJhY3QucHk6OnRlc3RfdW5xdW90ZWRfcGFydHlfc2l6ZV9jYW5ub3RfY2hhbmdlX3ByaWNlX2F0X29yZGVyX2NyZWF0aW9uWzNdIiwKICAgICJ0ZXN0cy90ZXN0X2RlcHRoMjBfcHJlYm9va19jb250cmFjdC5weTo6dGVzdF9zYW1lX3F1b3RlX2Nhbm5vdF9iZV9yZXVzZWRfYnlfYW5vdGhlcl9vd25lcl9vcl9jaGFuZ2VkX3BhcnR5IiwKICAgICJ0ZXN0cy90ZXN0X2RlcHRoMjBfcHJlYm9va19jb250cmFjdC5weTo6dGVzdF9pc3N1ZWRfcXVvdGVfaXNfcHJpdmF0ZV90b19pdHNfYWNjb3VudF9iZWZvcmVfZmlyc3Rf
2026-09-10T08:11:30.9596702Z GO_EVIDENCE_B64 Y29uc3VtcHRpb24iLAogICAgInRlc3RzL3Rlc3RfZGVwdGgyMF9wcmVib29rX2NvbnRyYWN0LnB5Ojp0ZXN0X2V4cGlyZWRfcXVvdGVfY2Fubm90X2JlX2NvbnN1bWVkX2J1dF9leGFjdF9jb21wbGV0ZWRfcmVxdWVzdF9jYW5fYmVfcmVwbGF5ZWQiLAogICAgInRlc3RzL3Rlc3RfZGVwdGgyMF9wcmVib29rX2NvbnRyYWN0LnB5Ojp0ZXN0X3RhbXBlcmVkX3Rlcm1zX2Nhbm5vdF9yZXByaWNlX2FuX2V4aXN0aW5nX3F1b3RlIiwKICAgICJ0ZXN0cy90ZXN0X2RlcHRoMjBfcHJlYm9va19jb250cmFjdC5weTo6dGVzdF9vcmRlcl9h
2026-09-10T08:11:30.9609835Z GO_EVIDENCE_B64 bmRfcXVvdGVfY29uc3VtcHRpb25fcm9sbF9iYWNrX3RvZ2V0aGVyIiwKICAgICJ0ZXN0cy90ZXN0X2RlcHRoMjBfcHJlYm9va19jb250cmFjdC5weTo6dGVzdF9wYXJhbGxlbF9jb25zdW1lcnNfY2Fubm90X2NyZWF0ZV9tdWx0aXBsZV9vcmRlcnNfZm9yX29uZV9wcmVib29rIiwKICAgICJ0ZXN0cy90ZXN0X2RlcHRoMjBfcHJlYm9va19jb250cmFjdC5weTo6dGVzdF9wbGFjZWhvbGRlcl9uYW1lX29yX2NoaWxkX2Nhbm5vdF9iZV91c2VkX2Zvcl9xdW90ZWRfYWR1bHRbcGVyc29uMF0iLAogICAgInRlc3RzL3Rlc3RfZGVwdGgy
2026-09-10T08:11:30.9622399Z GO_EVIDENCE_B64 MF9wcmVib29rX2NvbnRyYWN0LnB5Ojp0ZXN0X3BsYWNlaG9sZGVyX25hbWVfb3JfY2hpbGRfY2Fubm90X2JlX3VzZWRfZm9yX3F1b3RlZF9hZHVsdFtwZXJzb24xXSIsCiAgICAidGVzdHMvdGVzdF9kZXB0aDIwX3ByZWJvb2tfY29udHJhY3QucHk6OnRlc3RfcGxhY2Vob2xkZXJfbmFtZV9vcl9jaGlsZF9jYW5ub3RfYmVfdXNlZF9mb3JfcXVvdGVkX2FkdWx0W3BlcnNvbjJdIiwKICAgICJ0ZXN0cy90ZXN0X2RlcHRoMjBfcHJlYm9va19jb250cmFjdC5weTo6dGVzdF9sZWdhY3lfcHJlYm9va19taXNzaW5nX3Rlcm1zX2lzX25v
2026-09-10T08:11:30.9635450Z GO_EVIDENCE_B64 dF9iYWNrZmlsbGVkX2Zyb21fY3VycmVudF9vZmZlciIsCiAgICAidGVzdHMvdGVzdF9kZXB0aDIxX3JlZnVuZF9yZWNvdmVyeS5weTo6dGVzdF9yZWZ1bmRfcmV0cnlfcmV0dXJuc19zYW1lX3JlY2VpcHRfYW5kX29uZV9tb25leV9tb3ZlbWVudFtSQUlMXSIsCiAgICAidGVzdHMvdGVzdF9kZXB0aDIxX3JlZnVuZF9yZWNvdmVyeS5weTo6dGVzdF9yZWZ1bmRfcmV0cnlfcmV0dXJuc19zYW1lX3JlY2VpcHRfYW5kX29uZV9tb25leV9tb3ZlbWVudFtBVFRSQUNUSU9OXSIsCiAgICAidGVzdHMvdGVzdF9kZXB0aDIxX3JlZnVuZF9y
2026-09-10T08:11:30.9648652Z GO_EVIDENCE_B64 ZWNvdmVyeS5weTo6dGVzdF9tb25leV9jb25maXJtZWRfdGhlbl9vcmRlcl9jb21taXRfZmFpbHVyZV9yZWNvdmVyc193aXRob3V0X3JlZnVuZF9yZXNlbmRbUkFJTF0iLAogICAgInRlc3RzL3Rlc3RfZGVwdGgyMV9yZWZ1bmRfcmVjb3ZlcnkucHk6OnRlc3RfbW9uZXlfY29uZmlybWVkX3RoZW5fb3JkZXJfY29tbWl0X2ZhaWx1cmVfcmVjb3ZlcnNfd2l0aG91dF9yZWZ1bmRfcmVzZW5kW0FUVFJBQ1RJT05dIiwKICAgICJ0ZXN0cy90ZXN0X2RlcHRoMjFfcmVmdW5kX3JlY292ZXJ5LnB5Ojp0ZXN0X2NvbmN1cnJlbnRfcmVmdW5k
2026-09-10T08:11:30.9661726Z GO_EVIDENCE_B64 X2hhc19vbmVfZXhlY3V0b3JfYW5kX2Jsb2Nrc19jaGFuZ2Vfb3JfcmVkZWVtW1JBSUxdIiwKICAgICJ0ZXN0cy90ZXN0X2RlcHRoMjFfcmVmdW5kX3JlY292ZXJ5LnB5Ojp0ZXN0X2NvbmN1cnJlbnRfcmVmdW5kX2hhc19vbmVfZXhlY3V0b3JfYW5kX2Jsb2Nrc19jaGFuZ2Vfb3JfcmVkZWVtW0FUVFJBQ1RJT05dIiwKICAgICJ0ZXN0cy90ZXN0X2RlcHRoMjFfcmVmdW5kX3JlY292ZXJ5LnB5Ojp0ZXN0X3Vua25vd25fbW9uZXlfcmVtYWluc19wZW5kaW5nX2FuZF9jYW5ub3RfY2hhbmdlW1JBSUxdIiwKICAgICJ0ZXN0cy90ZXN0
2026-09-10T08:11:30.9675299Z GO_EVIDENCE_B64 X2RlcHRoMjFfcmVmdW5kX3JlY292ZXJ5LnB5Ojp0ZXN0X3Vua25vd25fbW9uZXlfcmVtYWluc19wZW5kaW5nX2FuZF9jYW5ub3RfY2hhbmdlW0FUVFJBQ1RJT05dIiwKICAgICJ0ZXN0cy90ZXN0X2RlcHRoMjFfcmVmdW5kX3JlY292ZXJ5LnB5Ojp0ZXN0X2ZhYnJpY2F0ZWRfY29uZmlybWF0aW9uX2Nhbm5vdF9jb21wbGV0ZV9yZWZ1bmRbUkFJTF0iLAogICAgInRlc3RzL3Rlc3RfZGVwdGgyMV9yZWZ1bmRfcmVjb3ZlcnkucHk6OnRlc3RfZmFicmljYXRlZF9jb25maXJtYXRpb25fY2Fubm90X2NvbXBsZXRlX3JlZnVuZFtBVFRS
2026-09-10T08:11:30.9691996Z GO_EVIDENCE_B64 QUNUSU9OXSIsCiAgICAidGVzdHMvdGVzdF9kZXB0aDIxX3JlZnVuZF9yZWNvdmVyeS5weTo6dGVzdF9yZWZ1bmRfcmVjZWlwdF9mb3JfYW5vdGhlcl9vcmRlcl9jYW5ub3RfY29tcGxldGVfdGhpc19vcmRlcltSQUlMXSIsCiAgICAidGVzdHMvdGVzdF9kZXB0aDIxX3JlZnVuZF9yZWNvdmVyeS5weTo6dGVzdF9yZWZ1bmRfcmVjZWlwdF9mb3JfYW5vdGhlcl9vcmRlcl9jYW5ub3RfY29tcGxldGVfdGhpc19vcmRlcltBVFRSQUNUSU9OXSIsCiAgICAidGVzdHMvdGVzdF9kZXB0aDIxX3JlZnVuZF9yZWNvdmVyeS5weTo6dGVzdF9w
2026-09-10T08:11:30.9706220Z GO_EVIDENCE_B64 cm9jZXNzX2V4aXRfYWZ0ZXJfbW9uZXlfY2FuX3Jlc3VtZV9vbmx5X2FmdGVyX2xlYXNlX2V4cGlyeVtSQUlMXSIsCiAgICAidGVzdHMvdGVzdF9kZXB0aDIxX3JlZnVuZF9yZWNvdmVyeS5weTo6dGVzdF9wcm9jZXNzX2V4aXRfYWZ0ZXJfbW9uZXlfY2FuX3Jlc3VtZV9vbmx5X2FmdGVyX2xlYXNlX2V4cGlyeVtBVFRSQUNUSU9OXSIsCiAgICAidGVzdHMvdGVzdF9kZXB0aDIxX3JlZnVuZF9yZWNvdmVyeS5weTo6dGVzdF9yYWlsX2NoYW5nZV9yZXNlcnZlc19vcmRlcl9iZWZvcmVfYXV0aG9yaXphdGlvbl9hbmRfcmVzdW1lc19h
2026-09-10T08:11:30.9720335Z GO_EVIDENCE_B64 ZnRlcl9jcmFzaCIsCiAgICAidGVzdHMvdGVzdF9kZXB0aDIxX3JlZnVuZF9yZWNvdmVyeS5weTo6dGVzdF9tdXRhdGVkX2Zyb3plbl9xdW90ZV9pc19yZWplY3RlZF9iZWZvcmVfbW9yZV9tb25leV9tb3ZlcyIsCiAgICAidGVzdHMvdGVzdF9kZXB0aDIxX3JlZnVuZF9yZWNvdmVyeS5weTo6dGVzdF9taWdyYXRpb25fcm91bmR0cmlwX3ByZXNlcnZlc19wcmlvcl9oaXN0b3J5X2FuZF9ibG9ja3Nfam91cm5hbF9sb3NzIiwKICAgICJ0ZXN0cy90ZXN0X2RlcHRoMjJfcmFpbF9yZXNvbHV0aW9uLnB5Ojp0ZXN0X2V4YWN0X3JlcGxh
2026-09-10T08:11:30.9733798Z GO_EVIDENCE_B64 eV9hbmRfY29uZmxpY3RpbmdfZGVjaXNpb25bVElDS0VURURdIiwKICAgICJ0ZXN0cy90ZXN0X2RlcHRoMjJfcmFpbF9yZXNvbHV0aW9uLnB5Ojp0ZXN0X2V4YWN0X3JlcGxheV9hbmRfY29uZmxpY3RpbmdfZGVjaXNpb25bRkFJTEVEXSIsCiAgICAidGVzdHMvdGVzdF9kZXB0aDIyX3JhaWxfcmVzb2x1dGlvbi5weTo6dGVzdF9jb21taXRfZmFpbHVyZV9hZnRlcl9tb25leV9yZWNvdmVyc1tUSUNLRVRFRF0iLAogICAgInRlc3RzL3Rlc3RfZGVwdGgyMl9yYWlsX3Jlc29sdXRpb24ucHk6OnRlc3RfY29tbWl0X2ZhaWx1cmVfYWZ0
2026-09-10T08:11:30.9747633Z GO_EVIDENCE_B64 ZXJfbW9uZXlfcmVjb3ZlcnNbRkFJTEVEXSIsCiAgICAidGVzdHMvdGVzdF9kZXB0aDIyX3JhaWxfcmVzb2x1dGlvbi5weTo6dGVzdF9jb25jdXJyZW50X29wcG9zaXRlX2RlY2lzaW9uX25ldmVyX2Rpc3BhdGNoZXNfbW9uZXlbVElDS0VURURdIiwKICAgICJ0ZXN0cy90ZXN0X2RlcHRoMjJfcmFpbF9yZXNvbHV0aW9uLnB5Ojp0ZXN0X2NvbmN1cnJlbnRfb3Bwb3NpdGVfZGVjaXNpb25fbmV2ZXJfZGlzcGF0Y2hlc19tb25leVtGQUlMRURdIiwKICAgICJ0ZXN0cy90ZXN0X2RlcHRoMjJfcmFpbF9yZXNvbHV0aW9uLnB5Ojp0ZXN0
2026-09-10T08:11:30.9761239Z GO_EVIDENCE_B64 X3Byb2Nlc3NfZXhpdF9hZnRlcl9tb25leV9yZWNvdmVyc1tUSUNLRVRFRF0iLAogICAgInRlc3RzL3Rlc3RfZGVwdGgyMl9yYWlsX3Jlc29sdXRpb24ucHk6OnRlc3RfcHJvY2Vzc19leGl0X2FmdGVyX21vbmV5X3JlY292ZXJzW0ZBSUxFRF0iLAogICAgInRlc3RzL3Rlc3RfZGVwdGgyMl9yYWlsX3Jlc29sdXRpb24ucHk6OnRlc3RfcHJpb3JfcmVwbGF5X2Nhbm5vdF9tb2RpZnlfbmV4dF9jaGFuZ2UiLAogICAgInRlc3RzL3Rlc3RfZGVwdGgyMl9yYWlsX3Jlc29sdXRpb24ucHk6OnRlc3RfZnJvemVuX2lkZW50aXR5X2Nhbm5v
2026-09-10T08:11:30.9775553Z GO_EVIDENCE_B64 dF9iZV9yZXBsYWNlZFt0aWNrZXRdIiwKICAgICJ0ZXN0cy90ZXN0X2RlcHRoMjJfcmFpbF9yZXNvbHV0aW9uLnB5Ojp0ZXN0X2Zyb3plbl9pZGVudGl0eV9jYW5ub3RfYmVfcmVwbGFjZWRbcXVvdGVdIiwKICAgICJ0ZXN0cy90ZXN0X2RlcHRoMjJfcmFpbF9yZXNvbHV0aW9uLnB5Ojp0ZXN0X2Zyb3plbl9pZGVudGl0eV9jYW5ub3RfYmVfcmVwbGFjZWRbb3duZXJdIiwKICAgICJ0ZXN0cy90ZXN0X2RlcHRoMjJfcmFpbF9yZXNvbHV0aW9uLnB5Ojp0ZXN0X2Zyb3plbl9pZGVudGl0eV9jYW5ub3RfYmVfcmVwbGFjZWRbaGFzaF0i
2026-09-10T08:11:30.9788930Z GO_EVIDENCE_B64 LAogICAgInRlc3RzL3Rlc3RfZGVwdGgyMl9yYWlsX3Jlc29sdXRpb24ucHk6OnRlc3RfZmFicmljYXRlZF9tb25leV9zdGF5c19wZW5kaW5nW1RJQ0tFVEVEXSIsCiAgICAidGVzdHMvdGVzdF9kZXB0aDIyX3JhaWxfcmVzb2x1dGlvbi5weTo6dGVzdF9mYWJyaWNhdGVkX21vbmV5X3N0YXlzX3BlbmRpbmdbRkFJTEVEXSIsCiAgICAidGVzdHMvdGVzdF9kZXB0aDIyX3JhaWxfcmVzb2x1dGlvbi5weTo6dGVzdF9zdGFsZV93b3JrZXJfY2Fubm90X2NvbW1pdCIsCiAgICAidGVzdHMvdGVzdF9kZXB0aDIyX3JhaWxfcmVzb2x1dGlv
2026-09-10T08:11:30.9802339Z GO_EVIDENCE_B64 bi5weTo6dGVzdF9taWdyYXRpb25fcmV0YWluc19ub25lbXB0eV9qb3VybmFsIiwKICAgICJ0ZXN0cy90ZXN0X2RlcHRoMjJfcmFpbF9yZXNvbHV0aW9uLnB5Ojp0ZXN0X3F1b3RlX2lkX3JlcXVpcmVkX3doZW5fZGVsYXllZF9yZXNwb25zZV9pc19hbWJpZ3VvdXMiLAogICAgInRlc3RzL3Rlc3RfZGVwdGgyMl9yYWlsX3Jlc29sdXRpb24ucHk6OnRlc3RfbW9uZXlfcmVjZWlwdF9mcm9tX290aGVyX29yZGVyX3JlamVjdGVkIiwKICAgICJ0ZXN0cy90ZXN0X2RlcHRoMjJfcmFpbF9yZXNvbHV0aW9uLnB5Ojp0ZXN0X3F1b3RlX2lk
2026-09-10T08:11:30.9815809Z GO_EVIDENCE_B64 X2Zyb21fb3RoZXJfb3JkZXJfY2Fubm90X2Rpc3BhdGNoX21vbmV5IiwKICAgICJ0ZXN0cy90ZXN0X2RlcHRoMjJfcmFpbF9yZXNvbHV0aW9uLnB5Ojp0ZXN0X2FkbWluX3JvdXRlX3JlcXVpcmVzX2F1dGhfYW5kX2NvbmZsaWN0c19hcmVfNDA5IiwKICAgICJ0ZXN0cy90ZXN0X2RlcHRoMjNfY2FwYWNpdHkucHk6OnRlc3RfY29uY3VycmVudF9kaXN0aW5jdF9xdW90ZXNfc2hhcmVfb25lX2NhcGFjaXR5W1JBSUwtOS0yXSIsCiAgICAidGVzdHMvdGVzdF9kZXB0aDIzX2NhcGFjaXR5LnB5Ojp0ZXN0X2NvbmN1cnJlbnRfZGlzdGlu
2026-09-10T08:11:30.9829305Z GO_EVIDENCE_B64 Y3RfcXVvdGVzX3NoYXJlX29uZV9jYXBhY2l0eVtBVFRSQUNUSU9OLTEyLTJdIiwKICAgICJ0ZXN0cy90ZXN0X2RlcHRoMjNfY2FwYWNpdHkucHk6OnRlc3RfY2FuY2VsX3VucGFpZF9yZWxlYXNlc19vbmNlX2FuZF9ibG9ja3NfbGF0ZXJfcGF5bWVudFtSQUlMXSIsCiAgICAidGVzdHMvdGVzdF9kZXB0aDIzX2NhcGFjaXR5LnB5Ojp0ZXN0X2NhbmNlbF91bnBhaWRfcmVsZWFzZXNfb25jZV9hbmRfYmxvY2tzX2xhdGVyX3BheW1lbnRbQVRUUkFDVElPTl0iLAogICAgInRlc3RzL3Rlc3RfZGVwdGgyM19jYXBhY2l0eS5weTo6dGVz
2026-09-10T08:11:30.9843207Z GO_EVIDENCE_B64 dF9wYXltZW50X3N0YXJ0ZWRfY2Fubm90X3JlbGVhc2VfY2FwYWNpdHlbUkFJTF0iLAogICAgInRlc3RzL3Rlc3RfZGVwdGgyM19jYXBhY2l0eS5weTo6dGVzdF9wYXltZW50X3N0YXJ0ZWRfY2Fubm90X3JlbGVhc2VfY2FwYWNpdHlbQVRUUkFDVElPTl0iLAogICAgInRlc3RzL3Rlc3RfZGVwdGgyM19jYXBhY2l0eS5weTo6dGVzdF9yZWZ1bmRfb25seV9yZWxlYXNlc19hZnRlcl9jb25maXJtZWRfbW9uZXlbUkFJTF0iLAogICAgInRlc3RzL3Rlc3RfZGVwdGgyM19jYXBhY2l0eS5weTo6dGVzdF9yZWZ1bmRfb25seV9yZWxlYXNl
2026-09-10T08:11:30.9856995Z GO_EVIDENCE_B64 c19hZnRlcl9jb25maXJtZWRfbW9uZXlbQVRUUkFDVElPTl0iLAogICAgInRlc3RzL3Rlc3RfZGVwdGgyM19jYXBhY2l0eS5weTo6dGVzdF9yYWlsX2NoYW5nZV9ob2xkc19ib3RoX2RhdGVzX3VudGlsX3Jlc3VsdF90aGVuX3JlbGVhc2VzX2NvcnJlY3RfcG9vbFtUSUNLRVRFRF0iLAogICAgInRlc3RzL3Rlc3RfZGVwdGgyM19jYXBhY2l0eS5weTo6dGVzdF9yYWlsX2NoYW5nZV9ob2xkc19ib3RoX2RhdGVzX3VudGlsX3Jlc3VsdF90aGVuX3JlbGVhc2VzX2NvcnJlY3RfcG9vbFtGQUlMRURdIiwKICAgICJ0ZXN0cy90ZXN0X2Rl
2026-09-10T08:11:30.9870514Z GO_EVIDENCE_B64 cHRoMjNfY2FwYWNpdHkucHk6OnRlc3RfYXR0cmFjdGlvbl9jaGFuZ2VfYW5kX3JlZGVtcHRpb25fcmV0YWluX2N1cnJlbnRfc2Vzc2lvbl9jYXBhY2l0eSIsCiAgICAidGVzdHMvdGVzdF9kZXB0aDIzX2NhcGFjaXR5LnB5Ojp0ZXN0X2F0dHJhY3Rpb25fc2FtZV9zZXNzaW9uX2NoYW5nZV9kb2VzX25vdF9kb3VibGVfcmVzZXJ2ZSIsCiAgICAidGVzdHMvdGVzdF9kZXB0aDIzX2NhcGFjaXR5LnB5Ojp0ZXN0X2RhdGVfYW5kX3Nlc3Npb25fcG9vbHNfYXJlX2lzb2xhdGVkIiwKICAgICJ0ZXN0cy90ZXN0X2RlcHRoMjNfY2FwYWNp
2026-09-10T08:11:30.9884474Z GO_EVIDENCE_B64 dHkucHk6OnRlc3Rfc2FtZV9wcmVib29rX3JlcGxheV9kb2VzX25vdF9hbGxvY2F0ZV90d2ljZSIsCiAgICAidGVzdHMvdGVzdF9kZXB0aDIzX2NhcGFjaXR5LnB5Ojp0ZXN0X3RyYWluX2NhcGFjaXR5X2lzX3NoYXJlZF9hY3Jvc3Nfb3ZlcmxhcHBpbmdfc3RhdGlvbl9xdWVyaWVzIiwKICAgICJ0ZXN0cy90ZXN0X2RlcHRoMjNfY2FwYWNpdHkucHk6OnRlc3RfbWlncmF0aW9uX2Jsb2Nrc19hbGxvY2F0ZWRfaGlzdG9yeV9sb3NzIiwKICAgICJ0ZXN0cy90ZXN0X2RlcHRoMjNfY2FwYWNpdHkucHk6OnRlc3RfbGVnYWN5X29yZGVy
2026-09-10T08:11:30.9898263Z GO_EVIDENCE_B64 c19hcmVfbm90X3NpbGVudGx5X2lnbm9yZWRbUkFJTF0iLAogICAgInRlc3RzL3Rlc3RfZGVwdGgyM19jYXBhY2l0eS5weTo6dGVzdF9sZWdhY3lfb3JkZXJzX2FyZV9ub3Rfc2lsZW50bHlfaWdub3JlZFtBVFRSQUNUSU9OXSIsCiAgICAidGVzdHMvdGVzdF9kZXB0aDIzX2NhcGFjaXR5LnB5Ojp0ZXN0X29yZGVyX2NvbW1pdF9mYWlsdXJlX3JvbGxzX2JhY2tfY2FwYWNpdHkiLAogICAgInRlc3RzL3Rlc3RfZGVwdGgyM19jYXBhY2l0eS5weTo6dGVzdF9jYXBhY2l0eV9zdXJ2aXZlc19wcm9jZXNzX2V4aXQiLAogICAgInRlc3Rz
2026-09-10T08:11:30.9911619Z GO_EVIDENCE_B64 L3Rlc3RfZGVwdGgyM19jYXBhY2l0eS5weTo6dGVzdF9zdGFydGVkX3BheW1lbnRfd2luc19yYWNlX2FnYWluc3RfdW5wYWlkX2NhbmNlbGxhdGlvbiIsCiAgICAidGVzdHMvdGVzdF9kZXB0aDIzX2NhcGFjaXR5LnB5Ojp0ZXN0X2F0dHJhY3Rpb25fY2hhbmdlX2Nhbm5vdF9yZXNlcnZlX2Z1bGxfdGFyZ2V0IiwKICAgICJ0ZXN0cy90ZXN0X2RlcHRoMjNfY2FwYWNpdHkucHk6OnRlc3RfcmFpbF9jaGFuZ2VfdGFyZ2V0X2Z1bGxfcmVqZWN0c19iZWZvcmVfc3VwcGxlbWVudGFsX2F1dGhvcml6YXRpb24iLAogICAgInRlc3RzL3Rl
2026-09-10T08:11:30.9925461Z GO_EVIDENCE_B64 c3RfZGVwdGgyNF9leHBpcnkucHk6OnRlc3RfbmV3X2RlYWRsaW5lX2lzX2Zyb3plbl9hbmRfbGVnYWN5X2hhc19ub25lW1JBSUxdIiwKICAgICJ0ZXN0cy90ZXN0X2RlcHRoMjRfZXhwaXJ5LnB5Ojp0ZXN0X25ld19kZWFkbGluZV9pc19mcm96ZW5fYW5kX2xlZ2FjeV9oYXNfbm9uZVtBVFRSQUNUSU9OXSIsCiAgICAidGVzdHMvdGVzdF9kZXB0aDI0X2V4cGlyeS5weTo6dGVzdF9leHBpcmF0aW9uX3JlbGVhc2VzX29uY2Vfd2l0aF9uYXRpdmVfZXZpZGVuY2VbUkFJTF0iLAogICAgInRlc3RzL3Rlc3RfZGVwdGgyNF9leHBpcnku
2026-09-10T08:11:30.9939037Z GO_EVIDENCE_B64 cHk6OnRlc3RfZXhwaXJhdGlvbl9yZWxlYXNlc19vbmNlX3dpdGhfbmF0aXZlX2V2aWRlbmNlW0FUVFJBQ1RJT05dIiwKICAgICJ0ZXN0cy90ZXN0X2RlcHRoMjRfZXhwaXJ5LnB5Ojp0ZXN0X2R1ZV9wYXltZW50X3JlamVjdGVkX2JlZm9yZV93b3JrZXJfcnVuc1tSQUlMXSIsCiAgICAidGVzdHMvdGVzdF9kZXB0aDI0X2V4cGlyeS5weTo6dGVzdF9kdWVfcGF5bWVudF9yZWplY3RlZF9iZWZvcmVfd29ya2VyX3J1bnNbQVRUUkFDVElPTl0iLAogICAgInRlc3RzL3Rlc3RfZGVwdGgyNF9leHBpcnkucHk6OnRlc3RfZXhhY3RfZGVh
2026-09-10T08:11:30.9952578Z GO_EVIDENCE_B64 ZGxpbmVfdXNlc19kYXRhYmFzZV90aW1lIiwKICAgICJ0ZXN0cy90ZXN0X2RlcHRoMjRfZXhwaXJ5LnB5Ojp0ZXN0X2FueV9zdGFydGVkX3BheW1lbnRfcmV0YWluc19jYXBhY2l0eVtSRVFVSVJFU19DSEFOTkVMX1NFTEVDVElPTi1SQUlMXSIsCiAgICAidGVzdHMvdGVzdF9kZXB0aDI0X2V4cGlyeS5weTo6dGVzdF9hbnlfc3RhcnRlZF9wYXltZW50X3JldGFpbnNfY2FwYWNpdHlbUkVRVUlSRVNfQ0hBTk5FTF9TRUxFQ1RJT04tQVRUUkFDVElPTl0iLAogICAgInRlc3RzL3Rlc3RfZGVwdGgyNF9leHBpcnkucHk6OnRlc3RfYW55
2026-09-10T08:11:30.9966915Z GO_EVIDENCE_B64 X3N0YXJ0ZWRfcGF5bWVudF9yZXRhaW5zX2NhcGFjaXR5W1VOS05PV05fRVhURVJOQUxfU1RBVEUtUkFJTF0iLAogICAgInRlc3RzL3Rlc3RfZGVwdGgyNF9leHBpcnkucHk6OnRlc3RfYW55X3N0YXJ0ZWRfcGF5bWVudF9yZXRhaW5zX2NhcGFjaXR5W1VOS05PV05fRVhURVJOQUxfU1RBVEUtQVRUUkFDVElPTl0iLAogICAgInRlc3RzL3Rlc3RfZGVwdGgyNF9leHBpcnkucHk6OnRlc3RfYW55X3N0YXJ0ZWRfcGF5bWVudF9yZXRhaW5zX2NhcGFjaXR5W0ZBSUxFRC1SQUlMXSIsCiAgICAidGVzdHMvdGVzdF9kZXB0aDI0X2V4cGly
2026-09-10T08:11:30.9980445Z GO_EVIDENCE_B64 eS5weTo6dGVzdF9hbnlfc3RhcnRlZF9wYXltZW50X3JldGFpbnNfY2FwYWNpdHlbRkFJTEVELUFUVFJBQ1RJT05dIiwKICAgICJ0ZXN0cy90ZXN0X2RlcHRoMjRfZXhwaXJ5LnB5Ojp0ZXN0X21hbnVhbF9jYW5jZWxfZmluYWxpemVzX2RlYWRsaW5lW1JBSUxdIiwKICAgICJ0ZXN0cy90ZXN0X2RlcHRoMjRfZXhwaXJ5LnB5Ojp0ZXN0X21hbnVhbF9jYW5jZWxfZmluYWxpemVzX2RlYWRsaW5lW0FUVFJBQ1RJT05dIiwKICAgICJ0ZXN0cy90ZXN0X2RlcHRoMjRfZXhwaXJ5LnB5Ojp0ZXN0X3R3b19leHBpcnlfd29ya2Vyc19yZWxl
2026-09-10T08:11:30.9994130Z GO_EVIDENCE_B64 YXNlX29uY2VbUkFJTF0iLAogICAgInRlc3RzL3Rlc3RfZGVwdGgyNF9leHBpcnkucHk6OnRlc3RfdHdvX2V4cGlyeV93b3JrZXJzX3JlbGVhc2Vfb25jZVtBVFRSQUNUSU9OXSIsCiAgICAidGVzdHMvdGVzdF9kZXB0aDI0X2V4cGlyeS5weTo6dGVzdF9wYXltZW50X3Jvb3Rfd2luc19iZWZvcmVfc3dlZXBfYW5kX2NhcHR1cmVfcmVzdW1lcyIsCiAgICAidGVzdHMvdGVzdF9kZXB0aDI0X2V4cGlyeS5weTo6dGVzdF9leHBpcnlfd2luc19vcmRlcl9sb2NrX2FnYWluc3RfcGF5bWVudCIsCiAgICAidGVzdHMvdGVzdF9kZXB0aDI0
2026-09-10T08:11:31.0007989Z GO_EVIDENCE_B64 X2V4cGlyeS5weTo6dGVzdF9leHBpcnlfcmVjb3ZlcnNfZnJvbV9hY3R1YWxfcHJvY2Vzc19leGl0W0ZhbHNlXSIsCiAgICAidGVzdHMvdGVzdF9kZXB0aDI0X2V4cGlyeS5weTo6dGVzdF9leHBpcnlfcmVjb3ZlcnNfZnJvbV9hY3R1YWxfcHJvY2Vzc19leGl0W1RydWVdIiwKICAgICJ0ZXN0cy90ZXN0X2RlcHRoMjRfZXhwaXJ5LnB5Ojp0ZXN0X2Jyb2tlbl9kZWFkbGluZV9pc19xdWFyYW50aW5lZF93aXRob3V0X3N0YXJ2aW5nX2dvb2Rfb3JkZXIiLAogICAgInRlc3RzL3Rlc3RfZGVwdGgyNF9leHBpcnkucHk6OnRlc3RfbWlz
2026-09-10T08:11:31.0021374Z GO_EVIDENCE_B64 c2luZ19jbGFpbV9pc19ub3RfcmVwb3J0ZWRfYXNfc3VjY2Vzc2Z1bF9yZWxlYXNlIiwKICAgICJ0ZXN0cy90ZXN0X2RlcHRoMjRfZXhwaXJ5LnB5Ojp0ZXN0X3JhaWxfY2hlY2tvdXRfZG9lc19ub3RfZmFicmljYXRlX2F1dGhvcml6ZWRfc3RhdGVfb25fcHJlX3Jvb3RfZmFpbHVyZSIsCiAgICAidGVzdHMvdGVzdF9kZXB0aDI0X2V4cGlyeS5weTo6dGVzdF9vbmVfc2hvdF93b3JrZXJfcnVuc19hZ2FpbnN0X2R1cmFibGVfZGF0YWJhc2UiLAogICAgInRlc3RzL3Rlc3RfZGVwdGgyNF9leHBpcnkucHk6OnRlc3Rfd29ya2VyX3Jl
2026-09-10T08:11:31.0034166Z GO_EVIDENCE_B64 Y2hlY2tzX2V4aXN0aW5nX2ludGVudF9ldmVuX2lmX2RlYWRsaW5lX2lzX29wZW4iLAogICAgInRlc3RzL3Rlc3RfZGVwdGgyNF9leHBpcnkucHk6OnRlc3RfZmFpbGVkX2V4cGlyeV9yb2xsc19iYWNrX2FuZF9kb2VzX25vdF9ibG9ja19uZXh0X2NhbmRpZGF0ZSIsCiAgICAidGVzdHMvdGVzdF9kZXB0aDI0X2V4cGlyeS5weTo6dGVzdF93b3JrZXJfYmF0Y2hfaXNfYm91bmRlZF9hbmRfcmVzdGFydHNfZnJvbV91bmZpbmlzaGVkX29yZGVycyIsCiAgICAidGVzdHMvdGVzdF9kZXB0aDI0X2V4cGlyeS5weTo6dGVzdF9hcHBsaWNh
2026-09-10T08:11:31.0047565Z GO_EVIDENCE_B64 dGlvbl9saWZlc3Bhbl9zdGFydHNfZXhwaXJ5X3dvcmtlciIsCiAgICAidGVzdHMvdGVzdF9kZXB0aDI0X2V4cGlyeS5weTo6dGVzdF9taWdyYXRpb25fcHJlc2VydmVzX2FsbF9kZWFkbGluZV9oaXN0b3J5IiwKICAgICJ0ZXN0cy90ZXN0X2RlcHRoMjVfbWlncmF0aW9uX2hpc3RvcnkucHk6OnRlc3RfZnJlc2hfZGF0YWJhc2VfY2FuX2FwcGx5X2VudGlyZV9jaGFpbl93aXRob3V0X3N0YW1wIiwKICAgICJ0ZXN0cy90ZXN0X2RlcHRoMjVfbWlncmF0aW9uX2hpc3RvcnkucHk6OnRlc3RfMDA3Nl9jb250YWluc19vbmx5X2l0c19o
2026-09-10T08:11:31.0060934Z GO_EVIDENCE_B64 aXN0b3JpY2FsX2NvbHVtbnNfYW5kX2NvbnN0cmFpbnRzIiwKICAgICJ0ZXN0cy90ZXN0X2RlcHRoMjVfbWlncmF0aW9uX2hpc3RvcnkucHk6OnRlc3RfbWlncmF0aW9uX2RvZXNfbm90X2RlcGVuZF9vbl9jdXJyZW50X2J1c2luZXNzX21ldGFkYXRhIiwKICAgICJ0ZXN0cy90ZXN0X2RlcHRoMjVfbWlncmF0aW9uX2hpc3RvcnkucHk6OnRlc3RfcmFpbF9yZXNwb25zZV90aW1lc3RhbXBzX3N1cnZpdmVfZGF0YWJhc2VfdGltZXpvbmVfcm91bmR0cmlwIiwKICAgICJ0ZXN0cy90ZXN0X2RlcHRoMjVfbWlncmF0aW9uX2hpc3Rvcnku
2026-09-10T08:11:31.0074195Z GO_EVIDENCE_B64 cHk6OnRlc3RfcmFpbF93aWR0aF91cGdyYWRlX3ByZXNlcnZlc19oaXN0b3J5X2FuZF9yZWZ1c2VzX2xvc3N5X2Rvd25ncmFkZSIsCiAgICAidGVzdHMvdGVzdF9kZXB0aDI2X2F0dHJhY3Rpb25fdGVybXMucHk6OnRlc3RfY29udHJhY3RfYmluZGluZ19yZWplY3RzX3JlZnVuZF9iZWZvcmVfYW55X21vbmV5W293bmVyX2lkLWFub3RoZXItb3duZXJdIiwKICAgICJ0ZXN0cy90ZXN0X2RlcHRoMjZfYXR0cmFjdGlvbl90ZXJtcy5weTo6dGVzdF9jb250cmFjdF9iaW5kaW5nX3JlamVjdHNfcmVmdW5kX2JlZm9yZV9hbnlfbW9uZXlb
2026-09-10T08:11:31.0089135Z GO_EVIDENCE_B64 c3RhdGUtUVVPVEVEXSIsCiAgICAidGVzdHMvdGVzdF9kZXB0aDI2X2F0dHJhY3Rpb25fdGVybXMucHk6OnRlc3RfY29udHJhY3RfYmluZGluZ19yZWplY3RzX3JlZnVuZF9iZWZvcmVfYW55X21vbmV5W2NvbnN1bWVkX2hhc2gtTm9uZV0iLAogICAgInRlc3RzL3Rlc3RfZGVwdGgyNl9hdHRyYWN0aW9uX3Rlcm1zLnB5Ojp0ZXN0X2NvbnRyYWN0X2JpbmRpbmdfcmVqZWN0c19yZWZ1bmRfYmVmb3JlX2FueV9tb25leVtjb25zdW1lZF9tcy1Ob25lXSIsCiAgICAidGVzdHMvdGVzdF9kZXB0aDI2X2F0dHJhY3Rpb25fdGVybXMucHk6
2026-09-10T08:11:31.0102746Z GO_EVIDENCE_B64 OnRlc3Rfb3JkZXJfdGVybXNfbWlzbWF0Y2hfYmxvY2tzX2NoYW5nZV9hbmRfcmVmdW5kW3F1YW50aXR5LTNdIiwKICAgICJ0ZXN0cy90ZXN0X2RlcHRoMjZfYXR0cmFjdGlvbl90ZXJtcy5weTo6dGVzdF9vcmRlcl90ZXJtc19taXNtYXRjaF9ibG9ja3NfY2hhbmdlX2FuZF9yZWZ1bmRbYXR0ZW5kZWVzLXZhbHVlMV0iLAogICAgInRlc3RzL3Rlc3RfZGVwdGgyNl9hdHRyYWN0aW9uX3Rlcm1zLnB5Ojp0ZXN0X29yZGVyX3Rlcm1zX21pc21hdGNoX2Jsb2Nrc19jaGFuZ2VfYW5kX3JlZnVuZFtwcm9kdWN0X2lkLXRva3lvX2NvbmNl
2026-09-10T08:11:31.0116495Z GO_EVIDENCE_B64 cnRdIiwKICAgICJ0ZXN0cy90ZXN0X2RlcHRoMjZfYXR0cmFjdGlvbl90ZXJtcy5weTo6dGVzdF9vcmRlcl90ZXJtc19taXNtYXRjaF9ibG9ja3NfY2hhbmdlX2FuZF9yZWZ1bmRbY3VycmVuY3ktVVNEXSIsCiAgICAidGVzdHMvdGVzdF9kZXB0aDI2X2NvbnRyb2xfYnJpZGdlLnB5Ojp0ZXN0X2F1dGhlbnRpY2F0ZWRfY29tbWFuZF9ldmlkZW5jZV9yb3VuZHRyaXAiLAogICAgInRlc3RzL3Rlc3RfZGVwdGgyNl9jb250cm9sX2JyaWRnZS5weTo6dGVzdF9sb3N0X3JlY2VpcHRfYW5kX25vZGVfcmVzdGFydF9kb19ub3RfcmVwZWF0
2026-09-10T08:11:31.0129733Z GO_EVIDENCE_B64 X3Byb2JlIiwKICAgICJ0ZXN0cy90ZXN0X2RlcHRoMjZfY29udHJvbF9icmlkZ2UucHk6OnRlc3Rfb2xkX2xlYXNlX2FuZF9jb25mbGljdGluZ19yZXN1bHRfYXJlX3JlamVjdGVkIiwKICAgICJ0ZXN0cy90ZXN0X2RlcHRoMjZfY29udHJvbF9icmlkZ2UucHk6OnRlc3RfZXhwaXJlZF90YXNrX2FuZF9ib3VuZGVkX2RlbGl2ZXJ5X2F0dGVtcHRzIiwKICAgICJ0ZXN0cy90ZXN0X2RlcHRoMjZfY29udHJvbF9icmlkZ2UucHk6OnRlc3RfcGFyYWxsZWxfbGVhc2VfaGFzX3NpbmdsZV9vd25lciIsCiAgICAidGVzdHMvdGVzdF9kZXB0
2026-09-10T08:11:31.0143436Z GO_EVIDENCE_B64 aDI2X2NvbnRyb2xfYnJpZGdlLnB5Ojp0ZXN0X29wZXJhdG9yX29ic2VydmVzX2V4cGlyeV93aXRob3V0X25vZGVfcG9sbCIsCiAgICAidGVzdHMvdGVzdF9kZXB0aDI2X2NvbnRyb2xfYnJpZGdlLnB5Ojp0ZXN0X3dyaXRlX2FjdGlvbnNfYXJlX3VuYXZhaWxhYmxlW3NoZWxsXSIsCiAgICAidGVzdHMvdGVzdF9kZXB0aDI2X2NvbnRyb2xfYnJpZGdlLnB5Ojp0ZXN0X3dyaXRlX2FjdGlvbnNfYXJlX3VuYXZhaWxhYmxlW3NlcnZpY2VfcmVzdGFydF0iLAogICAgInRlc3RzL3Rlc3RfZGVwdGgyNl9jb250cm9sX2JyaWRnZS5weTo6
2026-09-10T08:11:31.0157094Z GO_EVIDENCE_B64 dGVzdF93cml0ZV9hY3Rpb25zX2FyZV91bmF2YWlsYWJsZVtydW50aW1lX2N1dG92ZXJdIiwKICAgICJ0ZXN0cy90ZXN0X2RlcHRoMjZfY29udHJvbF9icmlkZ2UucHk6OnRlc3Rfd3JpdGVfYWN0aW9uc19hcmVfdW5hdmFpbGFibGVbZGJfd3JpdGVdIiwKICAgICJ0ZXN0cy90ZXN0X2RlcHRoMjZfY29udHJvbF9icmlkZ2UucHk6OnRlc3Rfd3JpdGVfYWN0aW9uc19hcmVfdW5hdmFpbGFibGVbZGVwbG95XSIsCiAgICAidGVzdHMvdGVzdF9kZXB0aDI2X2NvbnRyb2xfYnJpZGdlLnB5Ojp0ZXN0X3dyaXRlX2FjdGlvbnNfYXJlX3Vu
2026-09-10T08:11:31.0170507Z GO_EVIDENCE_B64 YXZhaWxhYmxlW3NldF9hdXRob3JpdHldIiwKICAgICJ0ZXN0cy90ZXN0X2RlcHRoMjZfY29udHJvbF9icmlkZ2UucHk6OnRlc3RfdHJhbnNwb3J0X3JlamVjdHNfdW5hcHByb3ZlZF91cmxfc2hhcGVzW2h0dHA6Ly9nb2FpZGlyZWN0LmNuXSIsCiAgICAidGVzdHMvdGVzdF9kZXB0aDI2X2NvbnRyb2xfYnJpZGdlLnB5Ojp0ZXN0X3RyYW5zcG9ydF9yZWplY3RzX3VuYXBwcm92ZWRfdXJsX3NoYXBlc1todHRwczovLzEyNy4wLjAuMV0iLAogICAgInRlc3RzL3Rlc3RfZGVwdGgyNl9jb250cm9sX2JyaWRnZS5weTo6dGVzdF90cmFu
2026-09-10T08:11:31.0184433Z GO_EVIDENCE_B64 c3BvcnRfcmVqZWN0c191bmFwcHJvdmVkX3VybF9zaGFwZXNbaHR0cHM6Ly9sb2NhbGhvc3RdIiwKICAgICJ0ZXN0cy90ZXN0X2RlcHRoMjZfY29udHJvbF9icmlkZ2UucHk6OnRlc3RfdHJhbnNwb3J0X3JlamVjdHNfdW5hcHByb3ZlZF91cmxfc2hhcGVzW2h0dHBzOi8vWzo6MV1dIiwKICAgICJ0ZXN0cy90ZXN0X2RlcHRoMjZfY29udHJvbF9icmlkZ2UucHk6OnRlc3RfdHJhbnNwb3J0X3JlamVjdHNfdW5hcHByb3ZlZF91cmxfc2hhcGVzW2h0dHBzOi8vMTAuMC4wLjFdIiwKICAgICJ0ZXN0cy90ZXN0X2RlcHRoMjZfY29udHJv
2026-09-10T08:11:31.0198699Z GO_EVIDENCE_B64 bF9icmlkZ2UucHk6OnRlc3RfdHJhbnNwb3J0X3JlamVjdHNfdW5hcHByb3ZlZF91cmxfc2hhcGVzW2h0dHBzOi8vdXNlcjpwYXNzQGV4YW1wbGUuY29tXSIsCiAgICAidGVzdHMvdGVzdF9kZXB0aDI2X2NvbnRyb2xfYnJpZGdlLnB5Ojp0ZXN0X3RyYW5zcG9ydF9yZWplY3RzX3VuYXBwcm92ZWRfdXJsX3NoYXBlc1todHRwczovL2V4YW1wbGUuY29tP3Rva2VuPXNlY3JldF0iLAogICAgInRlc3RzL3Rlc3RfZGVwdGgyNl9jb250cm9sX2JyaWRnZS5weTo6dGVzdF93cm9uZ19zaWduYXR1cmVfZG9lc19ub3RfZXhlY3V0ZSIsCiAg
2026-09-10T08:11:31.0212277Z GO_EVIDENCE_B64 ICAidGVzdHMvdGVzdF9kZXB0aDI2X2NvbnRyb2xfYnJpZGdlLnB5Ojp0ZXN0X3Byb2JlX2ZhaWx1cmVfY2Fubm90X2JlX2FfcGFzc2luZ19nYXRlIiwKICAgICJ0ZXN0cy90ZXN0X2RlcHRoMjZfY29udHJvbF9icmlkZ2UucHk6OnRlc3RfdGFza19pZF9pc19ib3VuZF90b19pbnRlbnQiLAogICAgInRlc3RzL3Rlc3RfZGVwdGgyNl9jb250cm9sX2JyaWRnZS5weTo6dGVzdF9maWxlX3Byb2JlX2Nhbm5vdF9lc2NhcGVfYXBwcm92ZWRfcm9vdCIsCiAgICAidGVzdHMvdGVzdF9kZXB0aDI2X2NvbnRyb2xfYnJpZGdlLnB5Ojp0ZXN0
2026-09-10T08:11:31.0225652Z GO_EVIDENCE_B64 X25vZGVfY2Fubm90X2NsYWltX3N1Y2Nlc3Nfd2l0aG91dF9ydW5uaW5nIiwKICAgICJ0ZXN0cy90ZXN0X2RlcHRoMjdfc2Vzc2lvbl9pc29sYXRpb24ucHk6OnRlc3RfY29uc3VtZXJfYW5kX2NvbnNvbGVfY2FuX2NvZXhpc3RfYW5kX2xvZ291dF9pbmRlcGVuZGVudGx5W3N1cHBsaWVyX293bmVyLWNoYW5nZS1tZS1zdXBwbGllcl0iLAogICAgInRlc3RzL3Rlc3RfZGVwdGgyN19zZXNzaW9uX2lzb2xhdGlvbi5weTo6dGVzdF9jb25zdW1lcl9hbmRfY29uc29sZV9jYW5fY29leGlzdF9hbmRfbG9nb3V0X2luZGVwZW5kZW50bHlb
2026-09-10T08:11:31.0238610Z GO_EVIDENCE_B64 Z29fYWRtaW4tY2hhbmdlLW1lLWFkbWluXSIsCiAgICAidGVzdHMvdGVzdF9kZXB0aDI3X3Nlc3Npb25faXNvbGF0aW9uLnB5Ojp0ZXN0X2NvbnNvbGVfbG9nb3V0X2RvZXNfbm90X2ZhbGxfYmFja190b19jb25zdW1lcl9zZXNzaW9uIiwKICAgICJ0ZXN0cy90ZXN0X2RlcHRoMjdfc2Vzc2lvbl9pc29sYXRpb24ucHk6OnRlc3RfY29uc3VtZXJfcmVmcmVzaF91c2VzX293bl9jc3JmX3dpdGhfY29uc29sZV9jb29raWVfcHJlc2VudCIsCiAgICAidGVzdHMvdGVzdF9kZXB0aDI3X3Nlc3Npb25faXNvbGF0aW9uLnB5Ojp0ZXN0X290
2026-09-10T08:11:31.0251643Z GO_EVIDENCE_B64 aGVyX3Njb3BlX2NzcmZfY2Fubm90X2xvZ291dF9jb25zdW1lciIsCiAgICAidGVzdHMvdGVzdF9kZXB0aDI3X3Nlc3Npb25faXNvbGF0aW9uLnB5Ojp0ZXN0X3NoYXJlZF9lbmRwb2ludF91c2VzX2V4cGxpY2l0X3Njb3BlX2FuZF9yZWplY3RzX2FtYmlndWl0eSIsCiAgICAidGVzdHMvdGVzdF9kZXB0aDI3X3Nlc3Npb25faXNvbGF0aW9uLnB5Ojp0ZXN0X2hlYWRlcl9jYW5ub3RfY2hhbmdlX2ZpeGVkX3JvdXRlX3Njb3BlX29yX2dyYW50X3Blcm1pc3Npb25zIiwKICAgICJ0ZXN0cy90ZXN0X2RlcHRoMjdfc2Vzc2lvbl9pc29s
2026-09-10T08:11:31.0265173Z GO_EVIDENCE_B64 YXRpb24ucHk6OnRlc3RfZXhwaXJlZF9jb25zb2xlX2FjY2Vzc19kb2VzX25vdF9zaGFkb3dfY29uc3VtZXIiLAogICAgInRlc3RzL3Rlc3RfZGVwdGgyN19zZXNzaW9uX2lzb2xhdGlvbi5weTo6dGVzdF9iZWFyZXJfaWRlbnRpdHlfc3RheXNfYXV0aG9yaXRhdGl2ZSIsCiAgICAidGVzdHMvdGVzdF9kZXB0aDI3X3Nlc3Npb25faXNvbGF0aW9uLnB5Ojp0ZXN0X3dyb25nX2NvbnNvbGVfbG9naW5fZG9lc19ub3RfcmVwbGFjZV9leGlzdGluZ19zZXNzaW9uIiwKICAgICJ0ZXN0cy90ZXN0X2RlcHRoMjdfc2Vzc2lvbl9pc29sYXRp
2026-09-10T08:11:31.0278948Z GO_EVIDENCE_B64 b24ucHk6OnRlc3Rfb3RoZXJfY29uc29sZV90YWJfaWRlbnRpdHlfY2hhbmdlX2lzX2RldGVjdGVkX2JlZm9yZV9hY3Rpb24iLAogICAgInRlc3RzL3Rlc3RfZGVwdGgyOV90cmlwX3JlZW50cnkucHk6OnRlc3Rfc2l4X2NyZWF0ZWRfb3JkZXJzX3JlbWFpbl9yZWFjaGFibGVfYmVmb3JlX2FuZF9hZnRlcl9jaGVja291dCIsCiAgICAidGVzdHMvdGVzdF9kZXB0aDI5X3RyaXBfcmVlbnRyeS5weTo6dGVzdF9ob3N0ZWRfcmVzZXJ2YXRpb25fdXNlc19vd25lcl9iaW5kaW5nX2FuZF9kaXJlY3RfbmF2aWdhdGlvbiIsCiAgICAidGVz
2026-09-10T08:11:31.0292013Z GO_EVIDENCE_B64 dHMvdGVzdF9kZXB0aDI5X3RyaXBfcmVlbnRyeS5weTo6dGVzdF90cmlwX3JlYWRzX2RvX25vdF93cml0ZV9vcl90dXJuX2luamVjdGVkX3VybHNfaW50b19uYXZpZ2F0aW9uIiwKICAgICJ0ZXN0cy90ZXN0X2RlcHRoMjlfdHJpcF9yZWVudHJ5LnB5Ojp0ZXN0X3N0YWxlX2xpZmVjeWNsZV9kb2VzX25vdF9tYXNrX25ld19uYXRpdmVfc3RhdGVfb3JfaW5mZXJfcGF5bWVudCIsCiAgICAidGVzdHMvdGVzdF9kZXB0aDI5X3RyaXBfcmVlbnRyeS5weTo6dGVzdF90cmlwX3JlYWRfY2Fubm90X2J5cGFzc19leGlzdGluZ19wcm9kdWN0
2026-09-10T08:11:31.0304844Z GO_EVIDENCE_B64 aW9uX3RydXRoX2dhdGUiLAogICAgInRlc3RzL3Rlc3RfZGVwdGgzMF9uYXRpdmVfYXBpX2NvbnRyYWN0LnB5Ojp0ZXN0X25hdGl2ZV9zaXhfdmVydGljYWxfY3JlYXRpb25fcGF5bWVudF9hbmRfcmVmdW5kX2NvbnRyYWN0cyIsCiAgICAidGVzdHMvdGVzdF9kZXB0aDMxX3JlZnVuZF9jb25zZW50LnB5Ojp0ZXN0X2NvbmZpcm1lZF9yZWZ1bmRfYmluZHNfb3duZXJfb3JkZXJfdGVybXNfYW5kX3JlcGxheVtSQUlMXSIsCiAgICAidGVzdHMvdGVzdF9kZXB0aDMxX3JlZnVuZF9jb25zZW50LnB5Ojp0ZXN0X2NvbmZpcm1lZF9yZWZ1
2026-09-10T08:11:31.0319810Z GO_EVIDENCE_B64 bmRfYmluZHNfb3duZXJfb3JkZXJfdGVybXNfYW5kX3JlcGxheVtBVFRSQUNUSU9OXSIsCiAgICAidGVzdHMvdGVzdF9kZXB0aDMxX3JlZnVuZF9jb25zZW50LnB5Ojp0ZXN0X3F1b3RlX2lzX3JlY2hlY2tlZF9pbnNpZGVfb3JkZXJfbG9ja19iZWZvcmVfbW9uZXlbUkFJTF0iLAogICAgInRlc3RzL3Rlc3RfZGVwdGgzMV9yZWZ1bmRfY29uc2VudC5weTo6dGVzdF9xdW90ZV9pc19yZWNoZWNrZWRfaW5zaWRlX29yZGVyX2xvY2tfYmVmb3JlX21vbmV5W0FUVFJBQ1RJT05dIiwKICAgICJ0ZXN0cy90ZXN0X2RlcHRoMzFfcmVmdW5k
2026-09-10T08:11:31.0332920Z GO_EVIDENCE_B64 X2NvbnNlbnQucHk6OnRlc3RfY29uZmlybWVkX2VuZHBvaW50X2JvZHlfaXNfc3RyaWN0W2JvZHkwXSIsCiAgICAidGVzdHMvdGVzdF9kZXB0aDMxX3JlZnVuZF9jb25zZW50LnB5Ojp0ZXN0X2NvbmZpcm1lZF9lbmRwb2ludF9ib2R5X2lzX3N0cmljdFtib2R5MV0iLAogICAgInRlc3RzL3Rlc3RfZGVwdGgzMV9yZWZ1bmRfY29uc2VudC5weTo6dGVzdF9jb25maXJtZWRfZW5kcG9pbnRfYm9keV9pc19zdHJpY3RbYm9keTJdIiwKICAgICJ0ZXN0cy90ZXN0X2RlcHRoMzFfcmVmdW5kX2NvbnNlbnQucHk6OnRlc3RfY29uZmlybWVk
2026-09-10T08:11:31.0344927Z GO_EVIDENCE_B64 X2VuZHBvaW50X2JvZHlfaXNfc3RyaWN0W2JvZHkzXSIsCiAgICAidGVzdHMvdGVzdF9kZXB0aDMxX3JlZnVuZF9jb25zZW50LnB5Ojp0ZXN0X2NvbmZpcm1lZF9lbmRwb2ludF9ib2R5X2lzX3N0cmljdFtib2R5NF0iLAogICAgInRlc3RzL3Rlc3RfZGVwdGgzMl9mbGlnaHRfcmVmdW5kX2NvbnNlbnQucHk6OnRlc3RfZmxpZ2h0X3JlZnVuZF9jb25zZW50X2FuZF9yZXBsYXlfaGF2ZV9vbmVfbW9uZXlfaWRlbnRpdHkiLAogICAgInRlc3RzL3Rlc3RfZGVwdGgzMl9mbGlnaHRfcmVmdW5kX2NvbnNlbnQucHk6OnRlc3RfY2hhbmdl
2026-09-10T08:11:31.0354035Z GO_EVIDENCE_B64 ZF9vcmRlcl9pbnZhbGlkYXRlc19vbGRfZmxpZ2h0X3JlZnVuZF9xdW90ZVthbW91bnRdIiwKICAgICJ0ZXN0cy90ZXN0X2RlcHRoMzJfZmxpZ2h0X3JlZnVuZF9jb25zZW50LnB5Ojp0ZXN0X2NoYW5nZWRfb3JkZXJfaW52YWxpZGF0ZXNfb2xkX2ZsaWdodF9yZWZ1bmRfcXVvdGVbcmV2aXNpb25dIiwKICAgICJ0ZXN0cy90ZXN0X2RlcHRoMzJfZmxpZ2h0X3JlZnVuZF9jb25zZW50LnB5Ojp0ZXN0X2ZsaWdodF90aW1lb3V0X2tlZXBzX2Zyb3plbl9jb25zZW50X2FuZF9yZXN1bWVzX29yaWdpbmFsX21vbmV5X2tleSIsCiAgICAi
2026-09-10T08:11:31.0360757Z GO_EVIDENCE_B64 dGVzdHMvdGVzdF9kZXB0aDMyX2ZsaWdodF9yZWZ1bmRfY29uc2VudC5weTo6dGVzdF9tdXRhdGVkX2NvbnNlbnRfcmVjb3JkX2Jsb2Nrc19yZWNvdmVyeSIsCiAgICAidGVzdHMvdGVzdF9kZXB0aDMyX2ZsaWdodF9yZWZ1bmRfY29uc2VudC5weTo6dGVzdF9oaXN0b3JpY2FsX3BlbmRpbmdfcmVmdW5kX2RvZXNfbm90X2ludmVudF9jb25zZW50IiwKICAgICJ0ZXN0cy90ZXN0X2RlcHRoMzNfbW9iaWxpdHlfcmVmdW5kX2NvbnNlbnQucHk6OnRlc3RfbW9iaWxpdHlfZXhhY3RfY29uc2VudF9yZXBsYXlfYW5kX293bmVyX2JpbmRp
2026-09-10T08:11:31.0368210Z GO_EVIDENCE_B64 bmdbUklERV0iLAogICAgInRlc3RzL3Rlc3RfZGVwdGgzM19tb2JpbGl0eV9yZWZ1bmRfY29uc2VudC5weTo6dGVzdF9tb2JpbGl0eV9leGFjdF9jb25zZW50X3JlcGxheV9hbmRfb3duZXJfYmluZGluZ1tSRU5UQUxdIiwKICAgICJ0ZXN0cy90ZXN0X2RlcHRoMzNfbW9iaWxpdHlfcmVmdW5kX2NvbnNlbnQucHk6OnRlc3RfbW9iaWxpdHlfb3JkZXJfY2hhbmdlX3JlcXVpcmVzX25ld19yZWZ1bmRfY29uc2VudFtSSURFXSIsCiAgICAidGVzdHMvdGVzdF9kZXB0aDMzX21vYmlsaXR5X3JlZnVuZF9jb25zZW50LnB5Ojp0ZXN0X21v
2026-09-10T08:11:31.0377255Z GO_EVIDENCE_B64 YmlsaXR5X29yZGVyX2NoYW5nZV9yZXF1aXJlc19uZXdfcmVmdW5kX2NvbnNlbnRbUkVOVEFMXSIsCiAgICAidGVzdHMvdGVzdF9kZXB0aDMzX21vYmlsaXR5X3JlZnVuZF9jb25zZW50LnB5Ojp0ZXN0X21vYmlsaXR5X2NyYXNoX2FmdGVyX21vbmV5X2tlZXBzX3BlbmRpbmdfYW5kX3JlY292ZXJzX29uY2VbUklERV0iLAogICAgInRlc3RzL3Rlc3RfZGVwdGgzM19tb2JpbGl0eV9yZWZ1bmRfY29uc2VudC5weTo6dGVzdF9tb2JpbGl0eV9jcmFzaF9hZnRlcl9tb25leV9rZWVwc19wZW5kaW5nX2FuZF9yZWNvdmVyc19vbmNlW1JF
2026-09-10T08:11:31.0386394Z GO_EVIDENCE_B64 TlRBTF0iLAogICAgInRlc3RzL3Rlc3RfZGVwdGgzM19tb2JpbGl0eV9yZWZ1bmRfY29uc2VudC5weTo6dGVzdF9yaWRlX3BlbmRpbmdfcmVmdW5kX2Jsb2Nrc19mdWxmaWxsbWVudF9hbmRfbW9kaWZpY2F0aW9uIiwKICAgICJ0ZXN0cy90ZXN0X2RlcHRoMzNfbW9iaWxpdHlfcmVmdW5kX2NvbnNlbnQucHk6OnRlc3RfcmlkZV9mYWJyaWNhdGVkX21vbmV5X3JlY2VpcHRfZG9lc19ub3RfY29tcGxldGVfb3JkZXIiLAogICAgInRlc3RzL3Rlc3RfZGVwdGgzM19tb2JpbGl0eV9yZWZ1bmRfY29uc2VudC5weTo6dGVzdF9yZW50YWxf
2026-09-10T08:11:31.0396105Z GO_EVIDENCE_B64 Y2hhbmdlZF9zZXR0bGVtZW50X3BsYW5fY2Fubm90X3Jlc3VtZSIsCiAgICAidGVzdHMvdGVzdF9kZXB0aDM0X2hvdGVsX3F1b3RlX3JlYWQucHk6OnRlc3RfZXhhY3RfcXVvdGVfcmVhZF9pc19pbW11dGFibGVfYW5kX2RvZXNfbm90X2NyZWF0ZV9uZXdfcXVvdGVfb3JfZXhlY3V0ZSIsCiAgICAidGVzdHMvdGVzdF9kZXB0aDM0X2hvdGVsX3F1b3RlX3JlYWQucHk6OnRlc3RfbmV3X3F1b3RlX2RvZXNfbm90X3JlcGxhY2Vfb3JpZ2luYWxfYWNjZXB0ZWRfaWRlbnRpdHkiLAogICAgInRlc3RzL3Rlc3RfZGVwdGgzNF9ob3RlbF9x
2026-09-10T08:11:31.0402608Z GO_EVIDENCE_B64 dW90ZV9yZWFkLnB5Ojp0ZXN0X2NvcnJ1cHRlZF9zdG9yZWRfcXVvdGVfY2Fubm90X2JlX3JlYWRfYXNfY3VzdG9tZXJfdGVybXMiLAogICAgInRlc3RzL3Rlc3RfZGVwdGgzNF9ob3RlbF9xdW90ZV9yZWFkLnB5Ojp0ZXN0X2N1cnJlbnRfb3JkZXJfcmV2aXNpb25fc3RpbGxfcmVjaGVja2VkX2F0X2V4ZWN1dGlvbl93aXRoX3NhbWVfYW1vdW50IiwKICAgICJ0ZXN0cy90ZXN0X2RlcHRoMzVfcmVmcmVzaF9zY29wZS5weTo6dGVzdF93cm9uZ19jb25zdW1lcl9lbmRfZG9lc19ub3RfY29uc3VtZV9jb25zb2xlX3JlZnJlc2hfb3Jf
2026-09-10T08:11:31.0409324Z GO_EVIDENCE_B64 Y3NyZlsvdjEvbW9iaWxlL2F1dGgvcmVmcmVzaC1TVVBQTElFUl9VU0VSXSIsCiAgICAidGVzdHMvdGVzdF9kZXB0aDM1X3JlZnJlc2hfc2NvcGUucHk6OnRlc3Rfd3JvbmdfY29uc3VtZXJfZW5kX2RvZXNfbm90X2NvbnN1bWVfY29uc29sZV9yZWZyZXNoX29yX2NzcmZbL3YxL21vYmlsZS9hdXRoL3JlZnJlc2gtR09fQURNSU5dIiwKICAgICJ0ZXN0cy90ZXN0X2RlcHRoMzVfcmVmcmVzaF9zY29wZS5weTo6dGVzdF93cm9uZ19jb25zdW1lcl9lbmRfZG9lc19ub3RfY29uc3VtZV9jb25zb2xlX3JlZnJlc2hfb3JfY3NyZlsvdjEv
2026-09-10T08:11:31.0416317Z GO_EVIDENCE_B64 Y29uc3VtZXIvYXV0aC9yZWZyZXNoLVNVUFBMSUVSX1VTRVJdIiwKICAgICJ0ZXN0cy90ZXN0X2RlcHRoMzVfcmVmcmVzaF9zY29wZS5weTo6dGVzdF93cm9uZ19jb25zdW1lcl9lbmRfZG9lc19ub3RfY29uc3VtZV9jb25zb2xlX3JlZnJlc2hfb3JfY3NyZlsvdjEvY29uc3VtZXIvYXV0aC9yZWZyZXNoLUdPX0FETUlOXSIsCiAgICAidGVzdHMvdGVzdF9kZXB0aDM1X3JlZnJlc2hfc2NvcGUucHk6OnRlc3RfY29uc29sZV9lbmRfZG9lc19ub3RfY29uc3VtZV9jb25zdW1lcl9yZWZyZXNoIiwKICAgICJ0ZXN0cy90ZXN0X2RlcHRo
2026-09-10T08:11:31.0422817Z GO_EVIDENCE_B64 MzVfcmVmcmVzaF9zY29wZS5weTo6dGVzdF9tYXRjaGluZ19lbmRfcm90YXRlc19vbmNlX2FuZF9vbGRfcmVmcmVzaF9jYW5ub3RfYmVfcmV1c2VkW0NPTlNVTUVSXSIsCiAgICAidGVzdHMvdGVzdF9kZXB0aDM1X3JlZnJlc2hfc2NvcGUucHk6OnRlc3RfbWF0Y2hpbmdfZW5kX3JvdGF0ZXNfb25jZV9hbmRfb2xkX3JlZnJlc2hfY2Fubm90X2JlX3JldXNlZFtTVVBQTElFUl9VU0VSXSIsCiAgICAidGVzdHMvdGVzdF9kZXB0aDM1X3JlZnJlc2hfc2NvcGUucHk6OnRlc3RfbWF0Y2hpbmdfZW5kX3JvdGF0ZXNfb25jZV9hbmRfb2xk
2026-09-10T08:11:31.0429564Z GO_EVIDENCE_B64 X3JlZnJlc2hfY2Fubm90X2JlX3JldXNlZFtHT19BRE1JTl0iLAogICAgInRlc3RzL3Rlc3RfZGVwdGgzNV9yZWZyZXNoX3Njb3BlLnB5Ojp0ZXN0X21vYmlsZV9sb2dvdXRfcmV2b2tlc19vbmx5X2l0c19iZWFyZXJfc2Vzc2lvbl9hbmRfcmVmcmVzaCIsCiAgICAidGVzdHMvdGVzdF9kZXB0aDM2X2FjY2VwdGFuY2VfcGFja2FnaW5nLnB5OjpSdW50aW1lUGFja2FnaW5nVGVzdHM6OnRlc3RfYXJjaGl2ZV90YW1wZXJfYW5kX3VubGlzdGVkX21lbWJlcl9yZWplY3RlZCIsCiAgICAidGVzdHMvdGVzdF9kZXB0aDM2X2FjY2VwdGFu
2026-09-10T08:11:31.0436213Z GO_EVIDENCE_B64 Y2VfcGFja2FnaW5nLnB5OjpSdW50aW1lUGFja2FnaW5nVGVzdHM6OnRlc3RfY2hhbmdlZF9zb3VyY2VfaXNfcmVqZWN0ZWQiLAogICAgInRlc3RzL3Rlc3RfZGVwdGgzNl9hY2NlcHRhbmNlX3BhY2thZ2luZy5weTo6UnVudGltZVBhY2thZ2luZ1Rlc3RzOjp0ZXN0X2V4aXN0aW5nX291dHB1dF9pc19wcmVzZXJ2ZWQiLAogICAgInRlc3RzL3Rlc3RfZGVwdGgzNl9hY2NlcHRhbmNlX3BhY2thZ2luZy5weTo6UnVudGltZVBhY2thZ2luZ1Rlc3RzOjp0ZXN0X2luaGVyaXRlZF9jcmVkZW50aWFsc19hbmRfZGF0YWJhc2VfYXJlX25v
2026-09-10T08:11:31.0442949Z GO_EVIDENCE_B64 dF9wcm9wYWdhdGVkIiwKICAgICJ0ZXN0cy90ZXN0X2RlcHRoMzZfYWNjZXB0YW5jZV9wYWNrYWdpbmcucHk6OlJ1bnRpbWVQYWNrYWdpbmdUZXN0czo6dGVzdF9vdXRib3VuZF9vcGVyYXRpb25zX2FyZV9kZW5pZWQiLAogICAgInRlc3RzL3Rlc3RfZGVwdGgzNl9hY2NlcHRhbmNlX3BhY2thZ2luZy5weTo6UnVudGltZVBhY2thZ2luZ1Rlc3RzOjp0ZXN0X3JvdW5kdHJpcF9hbmRfcmVwcm9kdWNpYmxlX2J5dGVzIiwKICAgICJ0ZXN0cy90ZXN0X2RlcHRoMzZfYWNjZXB0YW5jZV9wYWNrYWdpbmcucHk6OlJ1bnRpbWVQYWNrYWdp
2026-09-10T08:11:31.0449644Z GO_EVIDENCE_B64 bmdUZXN0czo6dGVzdF9zb3VyY2Vfc3ltbGlua19pc19yZWplY3RlZCIsCiAgICAidGVzdHMvdGVzdF9kZXB0aDM2X2FjY2VwdGFuY2VfcGFja2FnaW5nLnB5OjpSdW50aW1lUGFja2FnaW5nVGVzdHM6OnRlc3RfdW50cmFja2VkX2J5dGVjb2RlX2lzX3JlamVjdGVkIiwKICAgICJ0ZXN0cy90ZXN0X2RlcHRoMzZfYWNjZXB0YW5jZV9wYWNrYWdpbmcucHk6OlJ1bnRpbWVQYWNrYWdpbmdUZXN0czo6dGVzdF91bnRyYWNrZWRfY29uZmlndXJhdGlvbl9pc19yZWplY3RlZCIsCiAgICAidGVzdHMvdGVzdF9kZXB0aDM2X2FjY2VwdGFu
2026-09-10T08:11:31.0456286Z GO_EVIDENCE_B64 Y2VfcGFja2FnaW5nLnB5OjpSdW50aW1lUGFja2FnaW5nVGVzdHM6OnRlc3Rfd3JvbmdfcGlubmVkX3RyZWVfaXNfcmVqZWN0ZWQiLAogICAgInRlc3RzL3Rlc3RfZXh0X3RydXRoX29wZXJhdG9yX2dvdmVybmFuY2VfcmVwbGF5LnB5Ojp0ZXN0X2NsYWltX2lzX3JlcGxheV9zYWZlX2FuZF9sZWFzZV90YWtlb3Zlcl9yZXF1aXJlc19leHBpcnkiLAogICAgInRlc3RzL3Rlc3RfZXh0X3RydXRoX29wZXJhdG9yX2dvdmVybmFuY2VfcmVwbGF5LnB5Ojp0ZXN0X21ha2VyX2NoZWNrZXJfcmVzb2x1dGlvbl9hbmRfY2hlY2tlcl9yZXBs
2026-09-10T08:11:31.0462812Z GO_EVIDENCE_B64 YXlfYXJlX2V4YWN0bHlfb25jZSIsCiAgICAidGVzdHMvdGVzdF9leHRfdHJ1dGhfb3BlcmF0b3JfZ292ZXJuYW5jZV9yZXBsYXkucHk6OnRlc3RfZXZpZGVuY2VfZGlnZXN0X2Jsb2Nrc19wb3N0X3N1Ym1pc3Npb25fdGFtcGVyaW5nIiwKICAgICJ0ZXN0cy90ZXN0X2V4dF90cnV0aF9vcGVyYXRvcl9nb3Zlcm5hbmNlX3JlcGxheS5weTo6dGVzdF9yZWFsX2V4dGVybmFsX3Rlcm1pbmFsX3RydXRoX3N1cGVyc2VkZXNfdW5hcHByb3ZlZF9tYW51YWxfZHJhZnQiLAogICAgInRlc3RzL3Rlc3RfZXh0X3RydXRoX29wZXJhdG9yX2dv
2026-09-10T08:11:31.0469431Z GO_EVIDENCE_B64 dmVybmFuY2VfcmVwbGF5LnB5Ojp0ZXN0X3dlYmhvb2tfZGVsaXZlcnlfcGF5bG9hZF9kcmlmdF9pc190cnV0aF9jb25mbGljdCIsCiAgICAidGVzdHMvdGVzdF9leHRfdHJ1dGhfb3BlcmF0b3JfZ292ZXJuYW5jZV9yZXBsYXkucHk6OnRlc3Rfc2xhX3F1ZXVlX2ZyZWV6ZXNfcHJvbWlzZV9zdXBwbGllcl9hbmRfZmluYW5jZV9hbmRfYmxvY2tzX3Byb21vdGlvbl91bnRpbF9yZXNvbHV0aW9uIiwKICAgICJ0ZXN0cy90ZXN0X2V4dGVybmFsX3N1cHBsaWVyX3NhbmRib3hfY2VydGlmaWNhdGlvbi5weTo6dGVzdF9taXNzaW5nX2V4
2026-09-10T08:11:31.0476264Z GO_EVIDENCE_B64 dGVybmFsX2lucHV0c19hcmVfZXhwbGljaXRfYmxvY2tlcnMiLAogICAgInRlc3RzL3Rlc3RfZXh0ZXJuYWxfc3VwcGxpZXJfc2FuZGJveF9jZXJ0aWZpY2F0aW9uLnB5Ojp0ZXN0X3Jhd19jcmVkZW50aWFsc19hcmVfcmVqZWN0ZWRfYW5kX29ubHlfdmF1bHRfcmVmZXJlbmNlc19hbGxvd2VkIiwKICAgICJ0ZXN0cy90ZXN0X2V4dGVybmFsX3N1cHBsaWVyX3NhbmRib3hfY2VydGlmaWNhdGlvbi5weTo6dGVzdF9jb21wbGV0ZV9pbnRha2VfcmVxdWlyZXNfYm90aF9jcmVkZW50aWFsX2FjY2Vzc190ZXN0cyIsCiAgICAidGVzdHMv
2026-09-10T08:11:31.0482822Z GO_EVIDENCE_B64 dGVzdF9leHRlcm5hbF9zdXBwbGllcl9zYW5kYm94X2NlcnRpZmljYXRpb24ucHk6OnRlc3RfZnJhbWV3b3JrX2RyeV9ydW5faXNfaWRlbXBvdGVudF9hbmRfbm90X2V4dGVybmFsX2V4ZWN1dGlvbiIsCiAgICAidGVzdHMvdGVzdF9leHRlcm5hbF9zdXBwbGllcl9zYW5kYm94X2NlcnRpZmljYXRpb24ucHk6OnRlc3RfZXh0ZXJuYWxfZXhlY3V0aW9uX2lzX2Jsb2NrZWRfd2l0aG91dF9wcm92aWRlcl9leGVjdXRvciIsCiAgICAidGVzdHMvdGVzdF9leHRlcm5hbF9zdXBwbGllcl9zYW5kYm94X2NlcnRpZmljYXRpb24ucHk6OnRl
2026-09-10T08:11:31.0489408Z GO_EVIDENCE_B64 c3RfZHJ5X3J1bl9jYW5ub3RfaW1wb3J0X2F0dGVzdGVkX2V4dGVybmFsX2V2aWRlbmNlIiwKICAgICJ0ZXN0cy90ZXN0X2V4dGVybmFsX3N1cHBsaWVyX3NhbmRib3hfY2VydGlmaWNhdGlvbi5weTo6dGVzdF9jYWxsYmFja19wcm9vZl9pc19zaWduYXR1cmVfZ2F0ZWRfYW5kX3JlcGxheV9zYWZlIiwKICAgICJ0ZXN0cy90ZXN0X2V4dGVybmFsX3N1cHBsaWVyX3NhbmRib3hfY2VydGlmaWNhdGlvbi5weTo6dGVzdF9kcnlfcnVuX2RlY2lzaW9uX25ldmVyX2NsYWltc19leHRlcm5hbF9jZXJ0aWZpY2F0aW9uX29yX2xpdmUiLAog
2026-09-10T08:11:31.0496014Z GO_EVIDENCE_B64 ICAgInRlc3RzL3Rlc3RfZmluYWxfZGVwdGhfdGVybWluYWxfaGFyZGVuaW5nLnB5Ojp0ZXN0X2ZsaWdodF9vbGRfcXVvdGVfY2Fubm90X2V4ZWN1dGVfYWZ0ZXJfcmVmdW5kIiwKICAgICJ0ZXN0cy90ZXN0X2ZpbmFsX2RlcHRoX3Rlcm1pbmFsX2hhcmRlbmluZy5weTo6dGVzdF9hdHRyYWN0aW9uX2V4cGlyZWRfcXVvdGVfZmFpbHNfY2xvc2VkIiwKICAgICJ0ZXN0cy90ZXN0X2ZpbmFsX2RlcHRoX3Rlcm1pbmFsX2hhcmRlbmluZy5weTo6dGVzdF9yaWRlX3Vua25vd25fZnJvbV9pbl9wcm9ncmVzc19yZXN0b3Jlc19pbl9wcm9n
2026-09-10T08:11:31.0502777Z GO_EVIDENCE_B64 cmVzcyIsCiAgICAidGVzdHMvdGVzdF9maW5hbF9kZXB0aF90ZXJtaW5hbF9oYXJkZW5pbmcucHk6OnRlc3RfbGF0ZV9zdXBwbGllcl9mYWN0X2Nhbm5vdF9yZXN1cnJlY3RfY29tcGxldGVkX3JpZGUiLAogICAgInRlc3RzL3Rlc3RfZmluYWxfZGVwdGhfdGVybWluYWxfaGFyZGVuaW5nLnB5Ojp0ZXN0X3JpZGVfdW5rbm93bl9jYW5fY29udmVyZ2VfdG9fZmFpbGVkIiwKICAgICJ0ZXN0cy90ZXN0X2ZpbmFsX2RlcHRoX3Rlcm1pbmFsX2hhcmRlbmluZy5weTo6dGVzdF9hdHRyYWN0aW9uX3JlZGVlbV9ldmlkZW5jZV9rZWVwc19j
2026-09-10T08:11:31.0509447Z GO_EVIDENCE_B64 b25zdW1lZF9jcmVkZW50aWFsIiwKICAgICJ0ZXN0cy90ZXN0X2ZpbmFsX2RlcHRoX3Rlcm1pbmFsX2hhcmRlbmluZy5weTo6dGVzdF9zYW1lX3N1cHBsaWVyX2ZhY3RfcmVwbGF5X2RvZXNfbm90X2FwcGVuZF9ldmVudHMiLAogICAgInRlc3RzL3Rlc3RfZmluYWxfZGVwdGhfdmF1bHRfYm9va2luZ19lbnRyeS5weTo6dGVzdF9zaXhfdmVydGljYWxfYm9va2luZ19lbnRyaWVzX3VzZV92YXVsdF9taW5pbXVtX3JlbGVhc2UiLAogICAgInRlc3RzL3Rlc3RfZmlyc3RfY29ubmVjdG9yX2FjdGl2YXRpb25fcmVhZGluZXNzLnB5Ojp0
2026-09-10T08:11:31.0516051Z GO_EVIDENCE_B64 ZXN0X3RlbXBsYXRlX2NvbnRhaW5zX3N1cHBsaWVyX21hdGVyaWFsc19hbmRfZG9lc19ub3RfaW1wbHlfbGl2ZSIsCiAgICAidGVzdHMvdGVzdF9maXJzdF9jb25uZWN0b3JfYWN0aXZhdGlvbl9yZWFkaW5lc3MucHk6OnRlc3Rfa21zX2ludGVyZmFjZV9yZWplY3RzX2lubGluZV9zZWNyZXRzX2FuZF9ub25fZXh0ZXJuYWxfcmVmZXJlbmNlIiwKICAgICJ0ZXN0cy90ZXN0X2ZpcnN0X2Nvbm5lY3Rvcl9hY3RpdmF0aW9uX3JlYWRpbmVzcy5weTo6dGVzdF9pcF9hbGxvd2xpc3RfcmVqZWN0c19pbnZhbGlkX2NpZHIiLAogICAgInRl
2026-09-10T08:11:31.0522575Z GO_EVIDENCE_B64 c3RzL3Rlc3RfZmlyc3RfY29ubmVjdG9yX2FjdGl2YXRpb25fcmVhZGluZXNzLnB5Ojp0ZXN0X2NlcnRpZmljYXRpb25fcmVxdWlyZXNfZnVsbF9zdWl0ZV9hbmRfZXZpZGVuY2UiLAogICAgInRlc3RzL3Rlc3RfZmlyc3RfY29ubmVjdG9yX2FjdGl2YXRpb25fcmVhZGluZXNzLnB5Ojp0ZXN0X3dlYmhvb2tfcm90YXRpb25fcmVxdWlyZXNfb3ZlcmxhcF9wcm9vZl9hbmRfZXh0ZXJuYWxfa2V5IiwKICAgICJ0ZXN0cy90ZXN0X2ZpcnN0X2Nvbm5lY3Rvcl9hY3RpdmF0aW9uX3JlYWRpbmVzcy5weTo6dGVzdF9pbmNvbXBsZXRlX2Nv
2026-09-10T08:11:31.0529182Z GO_EVIDENCE_B64 bm5lY3Rvcl9pc19ibG9ja2VkX3dpdGhfZXhwbGljaXRfcmVhc29ucyIsCiAgICAidGVzdHMvdGVzdF9maXJzdF9jb25uZWN0b3JfYWN0aXZhdGlvbl9yZWFkaW5lc3MucHk6OnRlc3RfY29tcGxldGVfcmVhZGluZXNzX2lzX3JlYWR5X2Zvcl9leHRlcm5hbF9hY3RpdmF0aW9uX2J1dF9uZXZlcl9saXZlIiwKICAgICJ0ZXN0cy90ZXN0X2ZpcnN0X2dvX2hvc3RlZF9kaXJlY3RfYm9va2luZ19waWxvdC5weTo6dGVzdF9maXJzdF9waWxvdF9zdXBwbGllcl9pc19sb2NrZWQiLAogICAgInRlc3RzL3Rlc3RfZmlyc3RfZ29faG9zdGVk
2026-09-10T08:11:31.0535891Z GO_EVIDENCE_B64 X2RpcmVjdF9ib29raW5nX3BpbG90LnB5Ojp0ZXN0X3BhZ2VfcmVxdWlyZXNfYWN0aXZlX29mZmVyX2JlZm9yZV9wdWJsaXNoIiwKICAgICJ0ZXN0cy90ZXN0X2ZpcnN0X2dvX2hvc3RlZF9kaXJlY3RfYm9va2luZ19waWxvdC5weTo6dGVzdF9wdWJsaXNoZWRfcGFnZV9kaXNjbG9zZXNfcmVzZXJ2YXRpb25fb25seV9hbmRfYWxpcGF5X3BlbmRpbmciLAogICAgInRlc3RzL3Rlc3RfZmlyc3RfZ29faG9zdGVkX2RpcmVjdF9ib29raW5nX3BpbG90LnB5Ojp0ZXN0X3Jlc2VydmF0aW9uX2lzX2lkZW1wb3RlbnRfYW5kX25ldmVyX2F0
2026-09-10T08:11:31.0542291Z GO_EVIDENCE_B64 dGVtcHRzX3BheW1lbnQiLAogICAgInRlc3RzL3Rlc3RfZmlyc3RfZ29faG9zdGVkX2RpcmVjdF9ib29raW5nX3BpbG90LnB5Ojp0ZXN0X2hvdGVsX2NvbmZpcm1hdGlvbl9kb2VzX25vdF9jbGFpbV9wYXltZW50X3N1Y2Nlc3MiLAogICAgInRlc3RzL3Rlc3RfZmlyc3RfZ29faG9zdGVkX2RpcmVjdF9ib29raW5nX3BpbG90LnB5Ojp0ZXN0X3JlamVjdGlvbl9hbmRfY2FuY2VsX3Jlc3RvcmVfaW52ZW50b3J5X3dpdGhvdXRfcmVmdW5kIiwKICAgICJ0ZXN0cy90ZXN0X2ZpcnN0X2dvX2hvc3RlZF9kaXJlY3RfYm9va2luZ19waWxv
2026-09-10T08:11:31.0548835Z GO_EVIDENCE_B64 dC5weTo6dGVzdF9zdGF0dXNfdHJ1dGhmdWxseV9yZXBvcnRzX25vX3BheW1lbnRfYW5kX25vdF9saXZlIiwKICAgICJ0ZXN0cy90ZXN0X2ZpcnN0X3BhaXJlZF9jb25uZWN0b3JfcGlsb3QucHk6OnRlc3RfcmVhbF9leHRlcm5hbF9waWxvdF9pc19oYXJkX2Jsb2NrZWRfd2l0aG91dF9zdXBwbGllcl9pbnB1dHMiLAogICAgInRlc3RzL3Rlc3RfZmlyc3RfcGFpcmVkX2Nvbm5lY3Rvcl9waWxvdC5weTo6dGVzdF9wYWlyX3JlcXVpcmVzX2hvdGVsX2FuZF9wYXltZW50X3ZlcnRpY2FscyIsCiAgICAidGVzdHMvdGVzdF9maXJzdF9w
2026-09-10T08:11:31.0555339Z GO_EVIDENCE_B64 YWlyZWRfY29ubmVjdG9yX3BpbG90LnB5Ojp0ZXN0X2V4ZWN1dGlvbl9yZXF1aXJlc19zbW9rZV9hbmRfcm9sbGJhY2tfZ2F0ZSIsCiAgICAidGVzdHMvdGVzdF9maXJzdF9wYWlyZWRfY29ubmVjdG9yX3BpbG90LnB5Ojp0ZXN0X2Z1bGxfc2FuZGJveF9vcmRlcl9jYW5jZWxfcmVmdW5kX3F1ZXJ5X2Zsb3dfYW5kX2pvaW50X3JlY29uY2lsaWF0aW9uIiwKICAgICJ0ZXN0cy90ZXN0X2ZpcnN0X3BhaXJlZF9jb25uZWN0b3JfcGlsb3QucHk6OnRlc3RfZXhlY3V0aW9uX2lkZW1wb3RlbmN5X2FuZF9jYW5hcnlfbGltaXRfcHJldmVu
2026-09-10T08:11:31.0561893Z GO_EVIDENCE_B64 dF9kdXBsaWNhdGVfb3JfZXh0cmFfcnVuIiwKICAgICJ0ZXN0cy90ZXN0X2ZpcnN0X3BhaXJlZF9jb25uZWN0b3JfcGlsb3QucHk6OnRlc3Rfa2lsbF9zd2l0Y2hfYmxvY2tzX3BpbG90X2V4ZWN1dGlvbiIsCiAgICAidGVzdHMvdGVzdF9maXJzdF9wYWlyZWRfY29ubmVjdG9yX3BpbG90LnB5Ojp0ZXN0X3NpZ25lZF9jYWxsYmFja3NfYXJlX3JlcGxheV9zYWZlX2FuZF9ldmlkZW5jZV9jaGFpbl9pc19saW5rZWQiLAogICAgInRlc3RzL3Rlc3RfZmxpZ2h0X2pvdXJuZXlfZGVwdGgucHk6OnRlc3Rfc2VhcmNoX3NlbGVjdGlvbl9w
2026-09-10T08:11:31.0568485Z GO_EVIDENCE_B64 cmVib29rX2FuZF9vcmRlcl9wcmVzZXJ2ZV9lbnRpcmVfam91cm5leVtPTkVfV0FZLTFdIiwKICAgICJ0ZXN0cy90ZXN0X2ZsaWdodF9qb3VybmV5X2RlcHRoLnB5Ojp0ZXN0X3NlYXJjaF9zZWxlY3Rpb25fcHJlYm9va19hbmRfb3JkZXJfcHJlc2VydmVfZW50aXJlX2pvdXJuZXlbUk9VTkRfVFJJUC0yXSIsCiAgICAidGVzdHMvdGVzdF9mbGlnaHRfam91cm5leV9kZXB0aC5weTo6dGVzdF9zZWFyY2hfc2VsZWN0aW9uX3ByZWJvb2tfYW5kX29yZGVyX3ByZXNlcnZlX2VudGlyZV9qb3VybmV5W01VTFRJX0NJVFktM10iLAogICAg
2026-09-10T08:11:31.0575128Z GO_EVIDENCE_B64 InRlc3RzL3Rlc3RfZmxpZ2h0X2pvdXJuZXlfZGVwdGgucHk6OnRlc3RfaW52YWxpZF9qb3VybmV5X3JlamVjdGVkX3dpdGhvdXRfd3JpdGluZ19xdW90ZXNbc2FtZV9haXJwb3J0XSIsCiAgICAidGVzdHMvdGVzdF9mbGlnaHRfam91cm5leV9kZXB0aC5weTo6dGVzdF9pbnZhbGlkX2pvdXJuZXlfcmVqZWN0ZWRfd2l0aG91dF93cml0aW5nX3F1b3Rlc1tyZXZlcnNlX2RhdGVdIiwKICAgICJ0ZXN0cy90ZXN0X2ZsaWdodF9qb3VybmV5X2RlcHRoLnB5Ojp0ZXN0X2ludmFsaWRfam91cm5leV9yZWplY3RlZF93aXRob3V0X3dyaXRp
2026-09-10T08:11:31.0581640Z GO_EVIDENCE_B64 bmdfcXVvdGVzW3NhbWVfZGF5XSIsCiAgICAidGVzdHMvdGVzdF9mbGlnaHRfam91cm5leV9kZXB0aC5weTo6dGVzdF9pbnZhbGlkX2pvdXJuZXlfcmVqZWN0ZWRfd2l0aG91dF93cml0aW5nX3F1b3Rlc1t3cm9uZ19yZXR1cm5dIiwKICAgICJ0ZXN0cy90ZXN0X2ZsaWdodF9qb3VybmV5X2RlcHRoLnB5Ojp0ZXN0X2ludmFsaWRfam91cm5leV9yZWplY3RlZF93aXRob3V0X3dyaXRpbmdfcXVvdGVzW21pc3NpbmdfbGVnXSIsCiAgICAidGVzdHMvdGVzdF9mbGlnaHRfam91cm5leV9kZXB0aC5weTo6dGVzdF9pbnZhbGlkX2pvdXJu
2026-09-10T08:11:31.0588217Z GO_EVIDENCE_B64 ZXlfcmVqZWN0ZWRfd2l0aG91dF93cml0aW5nX3F1b3Rlc1t0b29fbWFueV0iLAogICAgInRlc3RzL3Rlc3RfZmxpZ2h0X2pvdXJuZXlfZGVwdGgucHk6OnRlc3RfaW52YWxpZF9qb3VybmV5X3JlamVjdGVkX3dpdGhvdXRfd3JpdGluZ19xdW90ZXNbcGFzdF0iLAogICAgInRlc3RzL3Rlc3RfZmxpZ2h0X2pvdXJuZXlfZGVwdGgucHk6OnRlc3RfaW52YWxpZF9qb3VybmV5X3JlamVjdGVkX3dpdGhvdXRfd3JpdGluZ19xdW90ZXNbZXh0cmFfcHJpY2VdIiwKICAgICJ0ZXN0cy90ZXN0X2ZsaWdodF9qb3VybmV5X2RlcHRoLnB5Ojp0
2026-09-10T08:11:31.0594949Z GO_EVIDENCE_B64 ZXN0X2ludmFsaWRfam91cm5leV9yZWplY3RlZF93aXRob3V0X3dyaXRpbmdfcXVvdGVzW3Vua25vd25fa2luZF0iLAogICAgInRlc3RzL3Rlc3RfZmxpZ2h0X2pvdXJuZXlfZGVwdGgucHk6OnRlc3Rfb3Blbl9qYXdfYW5kX3NpeF9sZWdfc2VhcmNoX3N1cHBvcnRlZCIsCiAgICAidGVzdHMvdGVzdF9mbGlnaHRfam91cm5leV9kZXB0aC5weTo6dGVzdF9jb21wb3NlX3JlamVjdHNfdW51c2FibGVfb3JfbWlzbWF0Y2hlZF9xdW90ZXNbZHVwbGljYXRlXSIsCiAgICAidGVzdHMvdGVzdF9mbGlnaHRfam91cm5leV9kZXB0aC5weTo6
2026-09-10T08:11:31.0601431Z GO_EVIDENCE_B64 dGVzdF9jb21wb3NlX3JlamVjdHNfdW51c2FibGVfb3JfbWlzbWF0Y2hlZF9xdW90ZXNbZXhwaXJlZF0iLAogICAgInRlc3RzL3Rlc3RfZmxpZ2h0X2pvdXJuZXlfZGVwdGgucHk6OnRlc3RfY29tcG9zZV9yZWplY3RzX3VudXNhYmxlX29yX21pc21hdGNoZWRfcXVvdGVzW2N1cnJlbmN5XSIsCiAgICAidGVzdHMvdGVzdF9mbGlnaHRfam91cm5leV9kZXB0aC5weTo6dGVzdF9jb21wb3NlX3JlamVjdHNfdW51c2FibGVfb3JfbWlzbWF0Y2hlZF9xdW90ZXNbbWlzc2luZ10iLAogICAgInRlc3RzL3Rlc3RfZmxpZ2h0X2pvdXJuZXlf
2026-09-10T08:11:31.0608028Z GO_EVIDENCE_B64 ZGVwdGgucHk6OnRlc3RfY29tcG9zZV9yZWplY3RzX3VudXNhYmxlX29yX21pc21hdGNoZWRfcXVvdGVzW25lc3RlZF0iLAogICAgInRlc3RzL3Rlc3RfZmxpZ2h0X2pvdXJuZXlfZGVwdGgucHk6OnRlc3RfY29tcG9zZV9yZWplY3RzX3VudXNhYmxlX29yX21pc21hdGNoZWRfcXVvdGVzW3JvdXRlXSIsCiAgICAidGVzdHMvdGVzdF9mbGlnaHRfam91cm5leV9kZXB0aC5weTo6dGVzdF9ub19zaWxlbnRfcmV0dXJuX2ZpZWxkc19vbl9sZWdhY3lfc2luZ2xlX2xlZ19zZWFyY2giLAogICAgInRlc3RzL3Rlc3RfZmxpZ2h0X2pvdXJu
2026-09-10T08:11:31.0614659Z GO_EVIDENCE_B64 ZXlfZGVwdGgucHk6OnRlc3Rfcm91bmRfdHJpcF9yZWZ1bmRfdXNlc19zZWxlY3RlZF9sZWdfcnVsZXMiLAogICAgInRlc3RzL3Rlc3RfZmxpZ2h0X2pvdXJuZXlfZGVwdGgucHk6OnRlc3Rfbm9ucmVmdW5kYWJsZV9sZWdfY2Fubm90X2JlX3JlZnVuZGVkX2FuZF9tdWx0aV9jaGFuZ2VfaXNfbm90X3NpbGVudGx5X2ZpcnN0X2xlZyIsCiAgICAidGVzdHMvdGVzdF9mbGlnaHRfam91cm5leV9kZXB0aC5weTo6dGVzdF93cm9uZ19wYXNzZW5nZXJfY291bnRfcmVqZWN0ZWRfYmVmb3JlX29yZGVyX2NyZWF0aW9uIiwKICAgICJ0ZXN0
2026-09-10T08:11:31.0621807Z GO_EVIDENCE_B64 cy90ZXN0X2ZsaWdodF9qb3VybmV5X2RlcHRoLnB5Ojp0ZXN0X25ld19qb3VybmV5X3BhdGhzX2RvX25vdF9lbmFibGVfcHJvZHVjdGlvbl9maXh0dXJlcyIsCiAgICAidGVzdHMvdGVzdF9mbGlnaHRfam91cm5leV9kZXB0aC5weTo6dGVzdF9wcmVib29rX2Nhbm5vdF9vdXRsaXZlX3Nob3J0ZXN0X3NlbGVjdGVkX3F1b3RlIiwKICAgICJ0ZXN0cy90ZXN0X2dvX2FpX211bHRpbW9kZWwucHk6OnRlc3RfZ29fYWlfcm91dGVzX2FuZF9wZXJzaXN0c19oYXNoX29ubHkiLAogICAgInRlc3RzL3Rlc3RfZ29fYWlfbXVsdGltb2RlbC5w
2026-09-10T08:11:31.0632409Z GO_EVIDENCE_B64 eTo6dGVzdF9nb19haV9mYWxsc19iYWNrX3dpdGhvdXRfY2hhbmdpbmdfcHJvZHVjdF9pZGVudGl0eSIsCiAgICAidGVzdHMvdGVzdF9nb19haV9tdWx0aW1vZGVsLnB5Ojp0ZXN0X2NuX3JlcXVlc3RfZG9lc19ub3Rfc2lsZW50bHlfcm91dGVfdG9fZ2xvYmFsX29ubHlfcHJvdmlkZXIiLAogICAgInRlc3RzL3Rlc3RfZ29fYWlfbXVsdGltb2RlbC5weTo6dGVzdF9sbG1fY2Fubm90X3Rha2VfdHJhbnNhY3Rpb25fb3JfZ29fanVkZ21lbnRfYXV0aG9yaXR5IiwKICAgICJ0ZXN0cy90ZXN0X2dvX2FpX211bHRpbW9kZWwucHk6OnRl
2026-09-10T08:11:31.0639842Z GO_EVIDENCE_B64 c3RfaG90ZWxfcmVjb21tZW5kYXRpb25faXNfZ29fanVkZ21lbnRfbm90X2V4dGVybmFsX21vZGVsIiwKICAgICJ0ZXN0cy90ZXN0X2dvX2FpX211bHRpbW9kZWwucHk6OnRlc3RfZ29fYWlfY29tcGxleGl0eV9jbGFzc2lmaWVyX3Byb21vdGVzX2NvbXBsZXhfdHJpcF90b19tdWx0aV9hZ2VudCIsCiAgICAidGVzdHMvdGVzdF9nb19haV9tdWx0aW1vZGVsLnB5Ojp0ZXN0X2dvX2FpX29yY2hlc3RyYXRpb25fdXNlc19wYXJhbGxlbF90YXNrc19zeW50aGVzaXNfYW5kX2hpZGVzX21vZGVscyIsCiAgICAidGVzdHMvdGVzdF9nb19h
2026-09-10T08:11:31.0646472Z GO_EVIDENCE_B64 aV9tdWx0aW1vZGVsLnB5Ojp0ZXN0X2dvX2FpX2hpZ2hfYXNzdXJhbmNlX25ldmVyX2dyYW50c190cmFuc2FjdGlvbl9leGVjdXRpb25fYXV0aG9yaXR5IiwKICAgICJ0ZXN0cy90ZXN0X2dvX2lkZW50aXR5X2VudGl0bGVtZW50cy5weTo6dGVzdF9zdGFmZl9ydWxlX2VuZ2luZV91bmlmb3JtX3NpeHR5X3BlcmNlbnRfYW5kX2ZmX3dlYWtlciIsCiAgICAidGVzdHMvdGVzdF9nb19pZGVudGl0eV9lbnRpdGxlbWVudHMucHk6OnRlc3Rfb3duZXJfcGF0aHNfYXJlX211dHVhbGx5X2V4Y2x1c2l2ZV9hbmRfcmVjb2duaXRpb25fcmVt
2026-09-10T08:11:31.0653047Z GO_EVIDENCE_B64 YWlucyIsCiAgICAidGVzdHMvdGVzdF9nb19pZGVudGl0eV9lbnRpdGxlbWVudHMucHk6OnRlc3Rfc3RhZmZfcmV2b2NhdGlvbl9wcmVzZXJ2ZXNfYWNjb3VudF9idXRfcmVtb3Zlc19lbnRpdGxlbWVudCIsCiAgICAidGVzdHMvdGVzdF9nb19pZGVudGl0eV9lbnRpdGxlbWVudHMucHk6OnRlc3Rfcmlza19yZXZhbGlkYXRpb25fYW5kX2ludml0YXRpb25fY29uc3VtcHRpb25fcnVsZXMiLAogICAgInRlc3RzL3Rlc3RfZ29sZGVuX3BhdGgucHk6OnRlc3Rfc2VhcmNoX3ByZWJvb2tfcGF5X2Jvb2tfY29uZmlybSIsCiAgICAidGVz
2026-09-10T08:11:31.0659857Z GO_EVIDENCE_B64 dHMvdGVzdF9nb29kX2hvdGVsX3N0YW5kYXJkX2dvdmVybmFuY2UucHk6OnRlc3RfaW5pdGlhbF9nb19nb29kX2hvdGVsX3N0YW5kYXJkX2lzX2FjdGl2ZV9hbmRfdmVyc2lvbmVkIiwKICAgICJ0ZXN0cy90ZXN0X2dvb2RfaG90ZWxfc3RhbmRhcmRfZ292ZXJuYW5jZS5weTo6dGVzdF9zdGFuZGFyZF9jaGFuZ2VfcmVxdWlyZXNfbWFrZXJfY2hlY2tlciIsCiAgICAidGVzdHMvdGVzdF9nb29kX2hvdGVsX3N0YW5kYXJkX2dvdmVybmFuY2UucHk6OnRlc3RfY29tbWVyY2lhbF9hbmRfcG9wdWxhcml0eV9maWVsZHNfYXJlX2ZvcmJp
2026-09-10T08:11:31.0666958Z GO_EVIDENCE_B64 ZGRlbl9mcm9tX3N0YW5kYXJkIiwKICAgICJ0ZXN0cy90ZXN0X2dvb2RfaG90ZWxfc3RhbmRhcmRfZ292ZXJuYW5jZS5weTo6dGVzdF9jb21tZXJjaWFsX29zX3JlcXVpcmVzX3NhbWVfc3RhbmRhcmRfYmluZGluZ19vbl9qdWRnbWVudF9hbmRfcmVjb21tZW5kYXRpb24iLAogICAgInRlc3RzL3Rlc3RfZ3Vlc3Rfc3RheV9mdWxmaWxsbWVudF9zZXR0bGVtZW50X2VsaWdpYmlsaXR5LnB5Ojp0ZXN0X3ByZV9hcnJpdmFsX2lzX2lkZW1wb3RlbnRfYW5kX2luY29tcGxldGVfc3RheV9jYW5ub3Rfc2V0dGxlIiwKICAgICJ0ZXN0cy90
2026-09-10T08:11:31.0673499Z GO_EVIDENCE_B64 ZXN0X2d1ZXN0X3N0YXlfZnVsZmlsbG1lbnRfc2V0dGxlbWVudF9lbGlnaWJpbGl0eS5weTo6dGVzdF9pZGVudGl0eV9zdG9yZXNfaGFzaF9yZWZlcmVuY2VfYW5kX2NoZWNraW5fcmVxdWlyZXNfaWRlbnRpdHlfcm9vbV9yZWdpc3RyYXRpb24iLAogICAgInRlc3RzL3Rlc3RfZ3Vlc3Rfc3RheV9mdWxmaWxsbWVudF9zZXR0bGVtZW50X2VsaWdpYmlsaXR5LnB5Ojp0ZXN0X3Jvb21fYXNzaWdubWVudF9jaGFuZ2VfYW5kX2V4dGVuc2lvbl9hcmVfZXZpZGVuY2VkIiwKICAgICJ0ZXN0cy90ZXN0X2d1ZXN0X3N0YXlfZnVsZmlsbG1l
2026-09-10T08:11:31.0680243Z GO_EVIDENCE_B64 bnRfc2V0dGxlbWVudF9lbGlnaWJpbGl0eS5weTo6dGVzdF9kdWFsX2NoZWNrb3V0X2V2aWRlbmNlX2VuYWJsZXNfY29udHJhY3Rfb25seV9lbGlnaWJpbGl0eV93aXRob3V0X3BheW1lbnQiLAogICAgInRlc3RzL3Rlc3RfZ3Vlc3Rfc3RheV9mdWxmaWxsbWVudF9zZXR0bGVtZW50X2VsaWdpYmlsaXR5LnB5Ojp0ZXN0X2Vhcmx5X2NoZWNrb3V0X3N1cHBvcnRzX3BhcnRpYWxfZnVsZmlsbG1lbnRfYW1vdW50IiwKICAgICJ0ZXN0cy90ZXN0X2d1ZXN0X3N0YXlfZnVsZmlsbG1lbnRfc2V0dGxlbWVudF9lbGlnaWJpbGl0eS5weTo6
2026-09-10T08:11:31.0686970Z GO_EVIDENCE_B64 dGVzdF9vcGVuX2Rpc3B1dGVfZnJlZXplc19vdGhlcndpc2VfZWxpZ2libGVfc2V0dGxlbWVudCIsCiAgICAidGVzdHMvdGVzdF9ndWVzdF9zdGF5X2Z1bGZpbGxtZW50X3NldHRsZW1lbnRfZWxpZ2liaWxpdHkucHk6OnRlc3Rfbm9fc2hvd19yZXF1aXJlc19wcmVhcHByb3ZlZF9hbW91bnRfYW5kX2V2aWRlbmNlIiwKICAgICJ0ZXN0cy90ZXN0X2d1ZXN0X3N0YXlfZnVsZmlsbG1lbnRfc2V0dGxlbWVudF9lbGlnaWJpbGl0eS5weTo6dGVzdF90aW1lbGluZV9leHBsaWNpdGx5X3JlbWFpbnNfbm9uX2xpdmUiLAogICAgInRlc3Rz
2026-09-10T08:11:31.0693683Z GO_EVIDENCE_B64 L3Rlc3RfaG9zdGVkX2NvbnRlbnRfb3BlcmF0aW9uc19hY2NlcHRhbmNlLnB5Ojp0ZXN0X3NuYXBzaG90X3ByZXNlcnZlc19wZW5kaW5nX3NvdXJjZV9hbmRfaXNfdmVyc2lvbmVkIiwKICAgICJ0ZXN0cy90ZXN0X2hvc3RlZF9jb250ZW50X29wZXJhdGlvbnNfYWNjZXB0YW5jZS5weTo6dGVzdF9vbmx5X2hvdGVsX2F1dGhvcml6ZWRfb3BlcmF0b3JfY2FuX2FwcHJvdmVfd2l0aF9ldmlkZW5jZSIsCiAgICAidGVzdHMvdGVzdF9ob3N0ZWRfY29udGVudF9vcGVyYXRpb25zX2FjY2VwdGFuY2UucHk6OnRlc3Rfbm9uX2hvdGVsX293
2026-09-10T08:11:31.0700169Z GO_EVIDENCE_B64 bmVkX21lZGlhX2lzX3JlamVjdGVkIiwKICAgICJ0ZXN0cy90ZXN0X2hvc3RlZF9jb250ZW50X29wZXJhdGlvbnNfYWNjZXB0YW5jZS5weTo6dGVzdF9hY3R1YWxfZ2F0ZV9yZW1haW5zX2Jsb2NrZWRfd2l0aG91dF9vd25lZF9tZWRpYSIsCiAgICAidGVzdHMvdGVzdF9ob3N0ZWRfY29udGVudF9vcGVyYXRpb25zX2FjY2VwdGFuY2UucHk6OnRlc3RfZ2F0ZV9jb250cmFjdF9vcGVuc19vbmx5X2FmdGVyX2NvbXBsZXRlX3JpZ2h0c192ZXJpZmllZF90ZXN0X2ZpeHR1cmUiLAogICAgInRlc3RzL3Rlc3RfaG9zdGVkX2RpcmVjdF9p
2026-09-10T08:11:31.0706688Z GO_EVIDENCE_B64 bnZlbnRvcnlfbWF0cml4LnB5Ojp0ZXN0X3JlYWxfY29uZmlndXJhdGlvbl9oYXNfZml2ZV9pbmRlcGVuZGVudF9wb29sc19hbmRfbmluZV92YXJpYW50cyIsCiAgICAidGVzdHMvdGVzdF9ob3N0ZWRfZGlyZWN0X2ludmVudG9yeV9tYXRyaXgucHk6OnRlc3RfcHVibGljX2ZhY3RzX2FyZV9zdHJ1Y3R1cmVkX2FuZF9jb25maWd1cmF0aW9uX2lzX2lkZW1wb3RlbnQiLAogICAgInRlc3RzL3Rlc3RfaG9zdGVkX2RpcmVjdF9pbnZlbnRvcnlfbWF0cml4LnB5Ojp0ZXN0X2JyZWFrZmFzdF92YXJpYW50c19zaGFyZV9hdG9taWNfcGh5
2026-09-10T08:11:31.0713205Z GO_EVIDENCE_B64 c2ljYWxfaW52ZW50b3J5X2FuZF9yZXN0b3JlIiwKICAgICJ0ZXN0cy90ZXN0X2hvc3RlZF9kaXJlY3RfcmVzZXJ2YXRpb25fb3BlcmF0aW9ucy5weTo6dGVzdF9kYXRlZF9jYWxlbmRhcl9ib290c3RyYXBfaXNfaWRlbXBvdGVudF9hbmRfc2hhcmVkX2J5X3JhdGVfdmFyaWFudHMiLAogICAgInRlc3RzL3Rlc3RfaG9zdGVkX2RpcmVjdF9yZXNlcnZhdGlvbl9vcGVyYXRpb25zLnB5Ojp0ZXN0X2Nsb3NlX3N0b3Bfc2VsbF9hbmRfcmVvcGVuX2FyZV9lbmZvcmNlZCIsCiAgICAidGVzdHMvdGVzdF9ob3N0ZWRfZGlyZWN0X3Jlc2Vy
2026-09-10T08:11:31.0719800Z GO_EVIDENCE_B64 dmF0aW9uX29wZXJhdGlvbnMucHk6OnRlc3Rfc3RheV9hZHZhbmNlX29jY3VwYW5jeV9jaGlsZHJlbl9hbmRfZXh0cmFfYmVkX3J1bGVzX2FyZV9lbmZvcmNlZCIsCiAgICAidGVzdHMvdGVzdF9ob3N0ZWRfZGlyZWN0X3Jlc2VydmF0aW9uX29wZXJhdGlvbnMucHk6OnRlc3RfYXRvbWljX2RhaWx5X2ludmVudG9yeV9wcmV2ZW50c19vdmVyc2VsbF9hbmRfcHJpY2VzX2VhY2hfbmlnaHQiLAogICAgInRlc3RzL3Rlc3RfaG9zdGVkX2RpcmVjdF9yZXNlcnZhdGlvbl9vcGVyYXRpb25zLnB5Ojp0ZXN0X2dvX3BhZ2VfYW5kX3Bob25l
2026-09-10T08:11:31.0726612Z GO_EVIDENCE_B64 X29yZGVyc19zaGFyZV9pbmJveF9ub3RpZmljYXRpb25zX2FuZF9hdWRpdF9jaGFpbiIsCiAgICAidGVzdHMvdGVzdF9ob3N0ZWRfZGlyZWN0X3Jlc2VydmF0aW9uX29wZXJhdGlvbnMucHk6OnRlc3RfdGltZW91dF9yZWxlYXNlc19ldmVyeV9uaWdodF93aXRob3V0X3BheW1lbnRfb3JfcmVmdW5kIiwKICAgICJ0ZXN0cy90ZXN0X2hvc3RlZF9kaXJlY3RfcmVzZXJ2YXRpb25fb3BlcmF0aW9ucy5weTo6dGVzdF9jb25maXJtX2NhbmNlbF9hbmRfYXRvbWljX3Jlc2NoZWR1bGVfa2VlcF9ub19wYXltZW50X3RydXRoIiwKICAgICJ0
2026-09-10T08:11:31.0733088Z GO_EVIDENCE_B64 ZXN0cy90ZXN0X2hvc3RlZF9mcm9udGRlc2tfdWF0X2RhaWx5X2Nsb3NlLnB5Ojp0ZXN0X2hvdGVsX3N0YWZmX3JvbGVzX2FyZV9yZXF1aXJlZF9hbmRfZXZpZGVuY2VfYm91bmQiLAogICAgInRlc3RzL3Rlc3RfaG9zdGVkX2Zyb250ZGVza191YXRfZGFpbHlfY2xvc2UucHk6OnRlc3Rfc2hpZnRfaGFuZG92ZXJfY2FwdHVyZXNfdW5yZXNvbHZlZF9pbmJveCIsCiAgICAidGVzdHMvdGVzdF9ob3N0ZWRfZnJvbnRkZXNrX3VhdF9kYWlseV9jbG9zZS5weTo6dGVzdF9ndWVzdF9kYXRhX2lzX21hc2tlZF9hbmRfdW5tYXNrX2lzX21h
2026-09-10T08:11:31.0739738Z GO_EVIDENCE_B64 bmFnZXJfYXVkaXRlZCIsCiAgICAidGVzdHMvdGVzdF9ob3N0ZWRfZnJvbnRkZXNrX3VhdF9kYWlseV9jbG9zZS5weTo6dGVzdF9waG9uZV9kdXBsaWNhdGVfcmVxdWlyZXNfcmV2aWV3X2V2aWRlbmNlX2FuZF91bmlmaWVzX29yZGVyIiwKICAgICJ0ZXN0cy90ZXN0X2hvc3RlZF9mcm9udGRlc2tfdWF0X2RhaWx5X2Nsb3NlLnB5Ojp0ZXN0X3JlamVjdF9jYW5jZWxfcmVzY2hlZHVsZV9yZXF1aXJlX21hbmFnZXJfbWFrZXJfY2hlY2tlciIsCiAgICAidGVzdHMvdGVzdF9ob3N0ZWRfZnJvbnRkZXNrX3VhdF9kYWlseV9jbG9zZS5w
2026-09-10T08:11:31.0746429Z GO_EVIDENCE_B64 eTo6dGVzdF9zbGFfbWFuYWdlcl9hbGVydF9hbmRfcHJpbnRhYmxlX2Fycml2YWxfdm91Y2hlciIsCiAgICAidGVzdHMvdGVzdF9ob3N0ZWRfZnJvbnRkZXNrX3VhdF9kYWlseV9jbG9zZS5weTo6dGVzdF9kYWlseV9jbG9zZV9pc19pZGVtcG90ZW50X2FuZF9jb250YWluc196ZXJvX3BheW1lbnRfdHJ1dGgiLAogICAgInRlc3RzL3Rlc3RfaG9zdGVkX2Zyb250ZGVza191YXRfZGFpbHlfY2xvc2UucHk6OnRlc3RfdWF0X3JlcXVpcmVzX21hbmFnZXJfZXZpZGVuY2VfYW5kX2FsbF9zY2VuYXJpb3MiLAogICAgInRlc3RzL3Rlc3Rf
2026-09-10T08:11:31.0753085Z GO_EVIDENCE_B64 aG90ZWxfYXV0b3BhZ2VfZmFjdG9yeS5weTo6dGVzdF9hdXRvcGFnZV9jb250cmFjdF9zeW1ib2xzX2V4aXN0IiwKICAgICJ0ZXN0cy90ZXN0X2hvdGVsX2F1dG9wYWdlX2ZhY3RvcnkucHk6OnRlc3Rfc291cmNlX3JpZ2h0c19hbmRfcHJlYnVpbHRfcGFnZV9wcmluY2lwbGVzX2FyZV9mYWlsX2Nsb3NlZCIsCiAgICAidGVzdHMvdGVzdF9ob3RlbF9kaXNjb3Zlcnlfb3JjaGVzdHJhdG9yLnB5Ojp0ZXN0X2Rpc2NvdmVyeV9zbGljZTFfY29udHJhY3RfaXNfcHJlc2VudF9hbmRfYm91bmRlZCIsCiAgICAidGVzdHMvdGVzdF9ob3Rl
2026-09-10T08:11:31.0759661Z GO_EVIDENCE_B64 bF9kaXNjb3Zlcnlfb3JjaGVzdHJhdG9yLnB5Ojp0ZXN0X2Rpc2NvdmVyeV9wYXJzZXJfcHJlZmVyc19zdHJ1Y3R1cmVkX2ZhY3RzX2FuZF9kb2VzX25vdF9jb3B5X2JvZHlfcHJvc2UiLAogICAgInRlc3RzL3Rlc3RfaG90ZWxfZ29fZGlyZWN0X3ZvY2FidWxhcnkucHk6OnRlc3RfZ29fZGlyZWN0X2lzX3NpbmdsZV9wcm9kdWN0X3ZvY2FidWxhcnkiLAogICAgInRlc3RzL3Rlc3RfaG90ZWxfZ29fZGlyZWN0X3ZvY2FidWxhcnkucHk6OnRlc3RfZ29fZGlyZWN0X3ZlcmlmaWVkX2RvZXNfbm90X2Zha2VfbGl2ZV90cmFuc2FjdGlv
2026-09-10T08:11:31.0766261Z GO_EVIDENCE_B64 biIsCiAgICAidGVzdHMvdGVzdF9ob3RlbF9wYXJ0bmVyX3NlbGZfb3BlcmF0aW5nX2NvcmUucHk6OnRlc3RfcHJvcGVydHlfbG93X3Jpc2tfc2VsZl9zZXJ2aWNlX2FuZF9oaWdoX3Jpc2tfY2hhbmdlX3JlcXVlc3QiLAogICAgInRlc3RzL3Rlc3RfaG90ZWxfcGFydG5lcl9zZWxmX29wZXJhdGluZ19jb3JlLnB5Ojp0ZXN0X3Jvb21fcHJvZHVjdF9ncmFwaF9wcmVzZXJ2ZXNfZGlzdGluY3RfbGF5ZXJzX2FuZF9vY2N1cGFuY3lfcnVsZXMiLAogICAgInRlc3RzL3Rlc3RfaG90ZWxfcGFydG5lcl9zZWxmX29wZXJhdGluZ19jb3Jl
2026-09-10T08:11:31.0772812Z GO_EVIDENCE_B64 LnB5Ojp0ZXN0X2ZhY2lsaXR5X3Vua25vd25faXNfbm90X25vX2FuZF9wb2xpY3lfaXNfbWFjaGluZV9yZWFkYWJsZSIsCiAgICAidGVzdHMvdGVzdF9ob3RlbF9wYXJ0bmVyX3NlbGZfb3BlcmF0aW5nX2NvcmUucHk6OnRlc3RfYXJpX3NlcGFyYXRlc19zZWxsX3N0YXR1c19pbnZlbnRvcnlfYW5kX3ByaWNlX3dpdGhfZGF0ZV9vdmVycmlkZSIsCiAgICAidGVzdHMvdGVzdF9ob3RlbF9wYXJ0bmVyX3NlbGZfb3BlcmF0aW5nX2NvcmUucHk6OnRlc3RfZnJlZV9zYWxlX2Nhbm5vdF9jYXJyeV9mYWtlX3Jvb21fY291bnQiLAogICAg
2026-09-10T08:11:31.0779407Z GO_EVIDENCE_B64 InRlc3RzL3Rlc3RfaG90ZWxfcGFydG5lcl9zZWxmX29wZXJhdGluZ19jb3JlLnB5Ojp0ZXN0X29wZXJhdGlvbmFsX2luYm94X2hhc19wcmlvcml0eV9zbGFfb3duZXJfc3RhdGVfYW5kX2V2aWRlbmNlIiwKICAgICJ0ZXN0cy90ZXN0X2hvdGVsX3BhcnRuZXJfc2VsZl9vcGVyYXRpbmdfY29yZS5weTo6dGVzdF9nb19vZmZlcl9zeXN0ZW1fZ2VuZXJhdGlvbl9yZXF1aXJlc19pc29sYXRlZF9hdXRob3JpemVkX3N1cHBseSIsCiAgICAidGVzdHMvdGVzdF9ob3RlbF9wYXJ0bmVyX3NlbGZfb3BlcmF0aW5nX2NvcmUucHk6OnRlc3Rf
2026-09-10T08:11:31.0786159Z GO_EVIDENCE_B64 Z29fb2ZmZXJfYW5kX2NvbW1lcmNpYWxfdmFsdWVfbmV2ZXJfYnV5X3JlY29tbWVuZGF0aW9uIiwKICAgICJ0ZXN0cy90ZXN0X2hvdGVsX3JlZ2lzdHJhdGlvbl9nb19kaXJlY3QucHk6OnRlc3RfZ29fZGlyZWN0X3ZvY2FidWxhcnlfYW5kX21pZ3JhdGlvbiIsCiAgICAidGVzdHMvdGVzdF9ob3RlbF9yZWdpc3RyYXRpb25fZ29fZGlyZWN0LnB5Ojp0ZXN0X3JlZ2lzdHJhdGlvbl92ZXJpZmljYXRpb25fZG9lc19ub3RfY2xhaW1fbGl2ZV90cmFuc2FjdGlvbiIsCiAgICAidGVzdHMvdGVzdF9ob3RlbF9yZWdpc3RyYXRpb25fZ29f
2026-09-10T08:11:31.0792566Z GO_EVIDENCE_B64 ZGlyZWN0LnB5Ojp0ZXN0X2xlZ2FjeV9jbGFpbV9wcm9kdWN0X3Rlcm1zX2Fic2VudF9mcm9tX2FjdGl2ZV9hdXRvcGFnZV9jb2RlIiwKICAgICJ0ZXN0cy90ZXN0X2hvdGVsX3N1cHBseV9zYW5kYm94X3JjMTQucHk6OnRlc3RfaW5saW5lX3NlY3JldF9pc19mb3JiaWRkZW4iLAogICAgInRlc3RzL3Rlc3RfaG90ZWxfc3VwcGx5X3NhbmRib3hfcmMxNC5weTo6dGVzdF9yZWFkaW5lc3Nfd2l0aG91dF9leHRlcm5hbF90cmFuc3BvcnRfaXNfZXhwbGljaXQiLAogICAgInRlc3RzL3Rlc3RfaG90ZWxfc3VwcGx5X3NhbmRib3hfcmMx
2026-09-10T08:11:31.0799175Z GO_EVIDENCE_B64 NC5weTo6dGVzdF9mcmFtZXdvcmtfY2VydGlmaWNhdGlvbl9jYW5ub3RfY2xhaW1fZXh0ZXJuYWxfY29ubmVjdGlvbiIsCiAgICAidGVzdHMvdGVzdF9ob3RlbF9zdXBwbHlfc2FuZGJveF9yYzE0LnB5Ojp0ZXN0X2V4dGVybmFsX2NlcnRpZmljYXRpb25fYmxvY2tzX3dpdGhvdXRfcHJvdmlkZXJfZXhlY3V0b3IiLAogICAgInRlc3RzL3Rlc3RfaG90ZWxfc3VwcGx5X3NhbmRib3hfcmMxNC5weTo6dGVzdF9tYXBwaW5nX3JlcXVpcmVzX3Jvb21fYW5kX3JhdGVfcGxhbiIsCiAgICAidGVzdHMvdGVzdF9pZGVtcG90ZW5jeS5weTo6
2026-09-10T08:11:31.0805869Z GO_EVIDENCE_B64 dGVzdF9jcmVhdGVfb3JkZXJfaWRlbXBvdGVudCIsCiAgICAidGVzdHMvdGVzdF9pZGVtcG90ZW5jeS5weTo6dGVzdF9pZGVtcG90ZW5jeV9jb25mbGljdCIsCiAgICAidGVzdHMvdGVzdF9tYXN0ZXIwM19jbG9zdXJlLnB5Ojp0ZXN0X2V4cG9ydF9pc19leHBsaWNpdF9vd25lcl9zY29wZWRfYW5kX2NvbXBhbmlvbl9wZXJtaXNzaW9uX2JvdW5kIiwKICAgICJ0ZXN0cy90ZXN0X21hc3RlcjAzX2Nsb3N1cmUucHk6OnRlc3RfdHJhdmVsZXJfZGVsZXRlX2VyYXNlc19yZXVzYWJsZV9zZW5zaXRpdmVfZGF0YV9hbmRfcmV2b2tlc19j
2026-09-10T08:11:31.0812456Z GO_EVIDENCE_B64 b25zZW50IiwKICAgICJ0ZXN0cy90ZXN0X21hc3RlcjAzX2Nsb3N1cmUucHk6OnRlc3Rfc2FtZV9uYW1lX2RvZXNfbm90X21lcmdlX2Rpc3RpbmN0X3Blb3BsZSIsCiAgICAidGVzdHMvdGVzdF9tYXN0ZXIwM19jbG9zdXJlLnB5Ojp0ZXN0X3VudXNhYmxlX3NlbnNpdGl2ZV9mYWN0X2lzX25ldmVyX3JlbGVhc2VkW3Bhc3RdIiwKICAgICJ0ZXN0cy90ZXN0X21hc3RlcjAzX2Nsb3N1cmUucHk6OnRlc3RfdW51c2FibGVfc2Vuc2l0aXZlX2ZhY3RfaXNfbmV2ZXJfcmVsZWFzZWRbZnV0dXJlXSIsCiAgICAidGVzdHMvdGVzdF9tYXN0
2026-09-10T08:11:31.0818965Z GO_EVIDENCE_B64 ZXIwM19jbG9zdXJlLnB5Ojp0ZXN0X3VudXNhYmxlX3NlbnNpdGl2ZV9mYWN0X2lzX25ldmVyX3JlbGVhc2VkW21hbGZvcm1lZF0iLAogICAgInRlc3RzL3Rlc3RfbWFzdGVyMDNfY2xvc3VyZS5weTo6dGVzdF9hdXRvbm9teV93aXRob3V0X3F1YWxpZmljYXRpb25fcmVnaXN0cnlfaXNfZGVuaWVkIiwKICAgICJ0ZXN0cy90ZXN0X21hc3RlcjAzX2Nsb3N1cmUucHk6OnRlc3RfYWxsX3NpeF9leHBsaWNpdF9jaGVja291dHNfYmluZF9hbW91bnRfYW5kX2NhcHR1cmVfb25jZSIsCiAgICAidGVzdHMvdGVzdF9tYXN0ZXIwM19pbnZl
2026-09-10T08:11:31.0825575Z GO_EVIDENCE_B64 bnRvcnlfc2VjdXJpdHkucHk6OnRlc3Rfb2ZmaWNpYWxfY2F0YWxvZ19kb2VzX25vdF9yZWxhYmVsX3VudmVyaWZpZWRfcG9saWNpZXMiLAogICAgInRlc3RzL3Rlc3RfbWFzdGVyMDNfaW52ZW50b3J5X3NlY3VyaXR5LnB5Ojp0ZXN0X2xhc3Rfcm9vbV9jb25jdXJyZW5jeV9hbmRfZHVwbGljYXRlX2NhbmNlbF9wcmVzZXJ2ZV9zdG9jayIsCiAgICAidGVzdHMvdGVzdF9tYXN0ZXIwM19pbnZlbnRvcnlfc2VjdXJpdHkucHk6OnRlc3RfbGFzdF9uaWdodF9mYWlsdXJlX2FuZF9jaGFuZ2VkX3ByaWNlX3JvbGxfYmFja19hbGxfaW52
2026-09-10T08:11:31.0832024Z GO_EVIDENCE_B64 ZW50b3J5IiwKICAgICJ0ZXN0cy90ZXN0X21hc3RlcjAzX2ludmVudG9yeV9zZWN1cml0eS5weTo6dGVzdF9oZWxkX3N0b2NrX293bmVyX2FuZF9wYXltZW50X3VuY2VydGFpbnR5X2FyZV9wcm90ZWN0ZWQiLAogICAgInRlc3RzL3Rlc3RfbWFzdGVyMDNfaW52ZW50b3J5X3NlY3VyaXR5LnB5Ojp0ZXN0X2ZhaWxlZF9yZXNjaGVkdWxlX3Jlc3RvcmVzX29yaWdpbmFsX25pZ2h0cyIsCiAgICAidGVzdHMvdGVzdF9tYXN0ZXIwM19pbnZlbnRvcnlfc2VjdXJpdHkucHk6OnRlc3RfcmVudGFsX2R1cmF0aW9uX3ByaWNpbmdfYW5kX2lu
2026-09-10T08:11:31.0838604Z GO_EVIDENCE_B64 dmFsaWRfcGVyaW9kcyIsCiAgICAidGVzdHMvdGVzdF9tYXN0ZXIwM19pbnZlbnRvcnlfc2VjdXJpdHkucHk6OnRlc3RfcHJvZHVjdGlvbl9sZWdhY3lfcm91dGVzX3JlcXVpcmVfaWRlbnRpdHlfYW5kX2Nhbm5vdF9zcG9vZl9vd25lciIsCiAgICAidGVzdHMvdGVzdF9tYXN0ZXJfdjYxXzA4MjJfcG9saWN5LnB5Ojp0ZXN0X21hc3Rlcl8wODIyX2NvbnRyb2xzIiwKICAgICJ0ZXN0cy90ZXN0X21hc3Rlcl92NjFfMDgyMl9wb2xpY3kucHk6OnRlc3Rfc3Vic2NyaXB0aW9uX3ByaWNpbmdfbG9ja2VkIiwKICAgICJ0ZXN0cy90ZXN0
2026-09-10T08:11:31.0845498Z GO_EVIDENCE_B64 X21hc3Rlcl92NjFfMDgyMl9wb2xpY3kucHk6OnRlc3RfZmluYW5jZV9iYXNlX291dHB1dHMiLAogICAgInRlc3RzL3Rlc3RfbWFzdGVyX3Y2MV8wODIyX3BvbGljeS5weTo6dGVzdF9nb19zdGFyX2VxdWl2YWxlbnRfbGFiZWxzIiwKICAgICJ0ZXN0cy90ZXN0X21hc3Rlcl92NjFfYWlfaW5mcmFzdHJ1Y3R1cmUucHk6OnRlc3RfdjYxX21hc3Rlcl9pZGVudGl0eSIsCiAgICAidGVzdHMvdGVzdF9tb3RoZXJfcGxhbl9wMF9wcm9kdWN0X3BhdGNoLnB5Ojp0ZXN0X2NoZWNraW5fZm91cl9zdGF0ZXNfcmVxdWlyZV9hdXRob3JpemVk
2026-09-10T08:11:31.0851990Z GO_EVIDENCE_B64 X2ZhY3RfYW5kX2JvYXJkaW5nX3Bhc3MiLAogICAgInRlc3RzL3Rlc3RfbW90aGVyX3BsYW5fcDBfcHJvZHVjdF9wYXRjaC5weTo6dGVzdF92ZXJpZmllZF9mbGlnaHRfZXZlbnRfYWRqdXN0c19nb19waWNrdXBfd2l0aF9ib3VuZGVkX2ZyZWVfd2FpdF9hbmRfbm9fZmFrZV9mbGVldF9jb25maXJtYXRpb24iLAogICAgInRlc3RzL3Rlc3RfbW90aGVyX3BsYW5fcDBfcHJvZHVjdF9wYXRjaC5weTo6dGVzdF9yZXF1aXJlbWVudF9idWlsZGVyX2ZvcmJpZHNfc2Vjb25kX3BhZ2VfbWljcm9waG9uZV9hbmRfa2VlcHNfdHlwZXNfaW5k
2026-09-10T08:11:31.0858678Z GO_EVIDENCE_B64 ZXBlbmRlbnRfb2ZfcXVvdGVfbW9kZSIsCiAgICAidGVzdHMvdGVzdF9tb3RoZXJfcGxhbl9wMF9wcm9kdWN0X3BhdGNoLnB5Ojp0ZXN0X3N5c3RlbV9xdW90ZV91c2VzX29ubHlfZGVkaWNhdGVkX2F1dGhvcml0eV9hbmRfc2VsZWN0aW9uX3JlcXVpcmVzX3JldmFsaWRhdGlvbiIsCiAgICAidGVzdHMvdGVzdF9tb3RoZXJfcGxhbl9wMF9wcm9kdWN0X3BhdGNoLnB5Ojp0ZXN0X21hbnVhbF9xdW90ZV9yZXF1aXJlc19zdXBwbGllcl9yZXZhbGlkYXRpb25fYmVmb3JlX29yZGVyX2hhbmRvZmYiLAogICAgInRlc3RzL3Rlc3RfbmFt
2026-09-10T08:11:31.0865407Z GO_EVIDENCE_B64 ZWRfc3VwcGxpZXJfZXh0ZXJuYWxfc2FuZGJveF9leGVjdXRpb24ucHk6OnRlc3RfbmFtZWRfc3VwcGxpZXJfbXVzdF9tYXRjaF9hcHByb3ZlZF9pbnRha2UiLAogICAgInRlc3RzL3Rlc3RfbmFtZWRfc3VwcGxpZXJfZXh0ZXJuYWxfc2FuZGJveF9leGVjdXRpb24ucHk6OnRlc3RfcmVxdWlyZWRfY2FwYWJpbGl0eV9tYW5pZmVzdF9pc19lbmZvcmNlZCIsCiAgICAidGVzdHMvdGVzdF9uYW1lZF9zdXBwbGllcl9leHRlcm5hbF9zYW5kYm94X2V4ZWN1dGlvbi5weTo6dGVzdF90ZW1wbGF0ZV9vbmx5X2JpbmRpbmdzX2Nhbm5vdF9y
2026-09-10T08:11:31.0872205Z GO_EVIDENCE_B64 ZXF1ZXN0X2V4ZWN1dGlvbl9hcHByb3ZhbCIsCiAgICAidGVzdHMvdGVzdF9uYW1lZF9zdXBwbGllcl9leHRlcm5hbF9zYW5kYm94X2V4ZWN1dGlvbi5weTo6dGVzdF9hdXRob3JpemF0aW9uX3JlcXVpcmVzX21ha2VyX2NoZWNrZXJfc2VwYXJhdGlvbiIsCiAgICAidGVzdHMvdGVzdF9uYW1lZF9zdXBwbGllcl9leHRlcm5hbF9zYW5kYm94X2V4ZWN1dGlvbi5weTo6dGVzdF9hcHByb3ZlZF9leGVjdXRpb25faXNfc3RpbGxfYmxvY2tlZF93aXRob3V0X3JlYWxfZXhlY3V0b3IiLAogICAgInRlc3RzL3Rlc3RfbmFtZWRfc3VwcGxp
2026-09-10T08:11:31.0878913Z GO_EVIDENCE_B64 ZXJfZXh0ZXJuYWxfc2FuZGJveF9leGVjdXRpb24ucHk6OnRlc3RfYmxvY2tlZF9hdHRlbXB0X2Nhbm5vdF9jcmVhdGVfZmFrZV90cmFuc3BvcnRfZXZpZGVuY2UiLAogICAgInRlc3RzL3Rlc3RfbmFtZWRfc3VwcGxpZXJfZXh0ZXJuYWxfc2FuZGJveF9leGVjdXRpb24ucHk6OnRlc3RfZGVjaXNpb25fbmV2ZXJfY2xhaW1zX2V4dGVybmFsX3ZlcmlmaWNhdGlvbl93aXRob3V0X3RyYW5zcG9ydCIsCiAgICAidGVzdHMvdGVzdF9vbW5pY2hhbm5lbF9wYXltZW50X2ZpbmFuY2Vfb3MucHk6OnRlc3RfZ2xvYmFsX2lkZW1wb3RlbmN5
2026-09-10T08:11:31.0885611Z GO_EVIDENCE_B64 X2FuZF9jaGFubmVsX3NlbGVjdGlvbiIsCiAgICAidGVzdHMvdGVzdF9vbW5pY2hhbm5lbF9wYXltZW50X2ZpbmFuY2Vfb3MucHk6OnRlc3RfdGltZW91dF9ibG9ja3NfcmVzZW5kX2FuZF9jaGFubmVsX2ZhbGxiYWNrIiwKICAgICJ0ZXN0cy90ZXN0X29tbmljaGFubmVsX3BheW1lbnRfZmluYW5jZV9vcy5weTo6dGVzdF9leHBsaWNpdF9mYWlsdXJlX2FsbG93c19jb25zZW50ZWRfc3dpdGNoX3dpdGhvdXRfc2lsZW50X2ZhbGxiYWNrIiwKICAgICJ0ZXN0cy90ZXN0X29tbmljaGFubmVsX3BheW1lbnRfZmluYW5jZV9vcy5weTo6
2026-09-10T08:11:31.0892117Z GO_EVIDENCE_B64 dGVzdF9ub25fb3JkZXJfb2JsaWdhdGlvbl9jYW5ub3RfY2xhaW1fb3JkZXJfcmVjb25jaWxpYXRpb24iLAogICAgInRlc3RzL3Rlc3Rfb21uaWNoYW5uZWxfcGF5bWVudF9maW5hbmNlX29zLnB5Ojp0ZXN0X3BsYWluX2NyZWRlbnRpYWxzX2FuZF9yZWFsX2V4ZWN1dG9yX2FyZV9ibG9ja2VkIiwKICAgICJ0ZXN0cy90ZXN0X29tbmljaGFubmVsX3BheW1lbnRfZmluYW5jZV9vcy5weTo6dGVzdF9zaWduZWRfd2ViaG9va19jb252ZXJnZXNfb25jZV9hbmRfcmVwbGF5X2lzX2lkZW1wb3RlbnQiLAogICAgInRlc3RzL3Rlc3Rfb3V0
2026-09-10T08:11:31.0898727Z GO_EVIDENCE_B64 Ym94X3Jlc2lsaWVuY2UucHk6OnRlc3Rfb3V0Ym94X3JldHJ5X3RoZW5fcHVibGlzaCIsCiAgICAidGVzdHMvdGVzdF9vdXRib3hfcmVzaWxpZW5jZS5weTo6dGVzdF9vdXRib3hfZGVhZF9sZXR0ZXJzX2FmdGVyX21heF9hdHRlbXB0cyIsCiAgICAidGVzdHMvdGVzdF9wMF8wMDk3XzAwOThfcmVidWlsZC5weTo6dGVzdF8wMDk3X3BlcnNpc3RzX2RpcmVjdF9maXJzdF9hbmRfMDA5OF9zZXJ2ZXJfcmVzb2x2ZXNfcGF5bWVudF90cnV0aCIsCiAgICAidGVzdHMvdGVzdF9wMF8wMDk3XzAwOThfcmVidWlsZC5weTo6dGVzdF8wMDk4
2026-09-10T08:11:31.0905492Z GO_EVIDENCE_B64 X2N1bXVsYXRpdmVfbW9uZXlfZ3VhcmRzX2FuZF9zY29wZWRfY2xvc2VfcmV2YWxpZGF0aW9uIiwKICAgICJ0ZXN0cy90ZXN0X3AwXzAwOTlfYXRvbWljX3RydXRoLnB5Ojp0ZXN0X29yZGVyX2hhc19zaW5nbGVfcGF5bWVudF9yb290X2V2ZW5fd2l0aF9kaWZmZXJlbnRfaWRlbXBvdGVuY3lfYW5kX2NoYW5uZWxfcmVxdWVzdCIsCiAgICAidGVzdHMvdGVzdF9wMF8wMDk5X2F0b21pY190cnV0aC5weTo6dGVzdF9hdXRob3JpemF0aW9uX2RvZXNfbm90X3Bvc3RfZ2xfY2FwdHVyZV9kb2VzX2FuZF9yZWNvbmNpbGlhdGlvbl9yZXF1
2026-09-10T08:11:31.0911972Z GO_EVIDENCE_B64 aXJlc19kdXJhYmxlX2V4dGVybmFsX2xpbmVzIiwKICAgICJ0ZXN0cy90ZXN0X3AwXzAwOTlfYXRvbWljX3RydXRoLnB5Ojp0ZXN0X2Nsb3NlX3Njb3BlX3VzZXNfbGVnYWxfZW50aXR5X2N1cnJlbmN5X2FuZF9wZXJpb2QiLAogICAgInRlc3RzL3Rlc3RfcDBfMDA5OV9hdG9taWNfdHJ1dGgucHk6OnRlc3RfcGF5bWVudF9zdWNjZXNzX2NyZWF0ZXNfc3VwcGxpZXJfZnVsZmlsbG1lbnRfYW5kX29ubHlfc3VwcGxpZXJfY29uZmlybWF0aW9uX2NvbmZpcm1zX29yZGVyX2FuZF90cmlwcyIsCiAgICAidGVzdHMvdGVzdF9wMF8wMTAw
2026-09-10T08:11:31.0918644Z GO_EVIDENCE_B64 X3Bvc3RncmVzX2NvbmN1cnJlbmN5LnB5Ojp0ZXN0X29yZGVyX3BheW1lbnRfcm9vdF91bmlxdWVfdW5kZXJfcG9zdGdyZXNfcmFjZSIsCiAgICAidGVzdHMvdGVzdF9wMF8wMTAwX3JlYWxfZXh0ZXJuYWxfZXhlY3V0aW9uLnB5Ojp0ZXN0XzAxMDBfcmVhbF90cmFuc3BvcnRfaXNfZmFpbF9jbG9zZWRfd2l0aG91dF9uZXR3b3JrX2VuYWJsZSIsCiAgICAidGVzdHMvdGVzdF9wMF8wMTAwX3JlYWxfZXh0ZXJuYWxfZXhlY3V0aW9uLnB5Ojp0ZXN0XzAxMDBfc2lnbmVkX3BzcF9hbmRfc3VwcGxpZXJfY2FsbGJhY2tzX2RyaXZlXzAw
2026-09-10T08:11:31.0925294Z GO_EVIDENCE_B64 OTlfdHJ1dGhfY2hhaW4iLAogICAgInRlc3RzL3Rlc3RfcDBfMDEwMF9yZWFsX2V4dGVybmFsX2V4ZWN1dGlvbi5weTo6dGVzdF8wMTAwX3NpZ25lZF9zZXR0bGVtZW50X2JhbmtfZmVlZF9hbmRfcmVjb25jaWxpYXRpb24iLAogICAgInRlc3RzL3Rlc3RfcDBfMDEwMV9uYW1lZF9wcm92aWRlcl9wcmVmbGlnaHQucHk6OnRlc3RfMDEwMV9uYW1lZF9wcm92aWRlcl9ydW5uZXJfZmFpbHNfY2xvc2VkX3dpdGhvdXRfY3JlZGVudGlhbHMiLAogICAgInRlc3RzL3Rlc3RfcDBfMDEwMV9wb3N0Z3Jlc19yYWNlX21hdHJpeC5weTo6dGVz
2026-09-10T08:11:31.0932034Z GO_EVIDENCE_B64 dF8wMTAxX29yZGVyX3BheW1lbnRfcm9vdF9leGFjdGx5X29uY2VfcG9zdGdyZXMiLAogICAgInRlc3RzL3Rlc3RfcDBfMDEwMV9wb3N0Z3Jlc19yYWNlX21hdHJpeC5weTo6dGVzdF8wMTAxX3dlYmhvb2tfZGVsaXZlcnlfcmVwbGF5X3VuaXF1ZV9wb3N0Z3JlcyIsCiAgICAidGVzdHMvdGVzdF9wMF8wMTAxX3Bvc3RncmVzX3JhY2VfbWF0cml4LnB5Ojp0ZXN0XzAxMDFfY2FwdHVyZV9yZWZ1bmRfc2VyaWFsaXphdGlvbl9wb3N0Z3JlcyIsCiAgICAidGVzdHMvdGVzdF9wMF8wMTAxX3Bvc3RncmVzX3JhY2VfbWF0cml4LnB5Ojp0
2026-09-10T08:11:31.0938727Z GO_EVIDENCE_B64 ZXN0XzAxMDFfZmluYW5jZV9jbG9zZV9hcHByb3ZhbF9yYWNlX3Bvc3RncmVzIiwKICAgICJ0ZXN0cy90ZXN0X3AwXzAxMDFfcG9zdGdyZXNfcmFjZV9tYXRyaXgucHk6OnRlc3RfMDEwMV9wb3N0Z3Jlc19zZXJ2ZXJfaXNfcmVhbF9wb3N0Z3JlcyIsCiAgICAidGVzdHMvdGVzdF9wMF9kZXNpZ25fY29kZV9mcmVlemUucHk6OnRlc3RfZGVzaWduX2FuZF9jb2RlX3N0YXRpY19mcmVlemVfaXNfY29tcGxldGVfYnlfcmVxdWlyZW1lbnRfY2hhaW4iLAogICAgInRlc3RzL3Rlc3RfcDBfZGVzaWduX2NvZGVfZnJlZXplLnB5Ojp0ZXN0
2026-09-10T08:11:31.0945494Z GO_EVIDENCE_B64 X3Byb3ZpZGVyX2NvbnRyYWN0c19hcmVfZnVsbF9hbmRfZmFpbF9jbG9zZWRfb25fdGltZW91dF9yZXRyeV9hbmRfdmVyc2lvbiIsCiAgICAidGVzdHMvdGVzdF9wMF9kZXNpZ25fY29kZV9mcmVlemUucHk6OnRlc3RfdmVydGljYWxfYWRhcHRlcl9yZXF1aXJlc19pZGVtcG90ZW5jeV9ldmlkZW5jZV9hbmRfYXR0ZXN0YXRpb24iLAogICAgInRlc3RzL3Rlc3RfcDBfZGVzaWduX2NvZGVfZnJlZXplLnB5Ojp0ZXN0X3Vuc3VwcG9ydGVkX3Byb3ZpZGVyX2NhcGFiaWxpdHlfaXNfcmVqZWN0ZWQiLAogICAgInRlc3RzL3Rlc3RfcDBf
2026-09-10T08:11:31.0952039Z GO_EVIDENCE_B64 ZGVzaWduX2NvZGVfZnJlZXplLnB5Ojp0ZXN0X2ZhbGxiYWNrX2Nhbm5vdF9tYXNxdWVyYWRlX2FzX29mZmljaWFsIiwKICAgICJ0ZXN0cy90ZXN0X3AwX2Rlc2lnbl9jb2RlX2ZyZWV6ZS5weTo6dGVzdF91bmtub3duX2V4dGVybmFsX3N0YXRlX2RvZXNfbm90X2JlY29tZV9zdWNjZXNzIiwKICAgICJ0ZXN0cy90ZXN0X3AwX2Rlc2lnbl9jb2RlX2ZyZWV6ZS5weTo6dGVzdF92ZXJ0aWNhbF9zcGVjaWZpY19jYXBhYmlsaXRpZXNfYW5kX2ZhY3RzX2FyZV9wcmVzZXJ2ZWQiLAogICAgInRlc3RzL3Rlc3RfcDBfZGVzaWduX2NvZGVf
2026-09-10T08:11:31.0958696Z GO_EVIDENCE_B64 ZnJlZXplLnB5Ojp0ZXN0X2NhbmNlbF9yZWZ1bmRfc3RhdGVfbWFjaGluZV9yZWplY3RzX2lsbGVnYWxfbWlzc2luZ19ldmlkZW5jZV9hbmRfdGVybWluYWxfbXV0YXRpb24iLAogICAgInRlc3RzL3Rlc3RfcDBfZGVzaWduX2NvZGVfZnJlZXplLnB5Ojp0ZXN0X3N0YXRpY19mcmVlemVfbmV2ZXJfY2xhaW1zX3J1bnRpbWVfY2VydGlmaWNhdGlvbiIsCiAgICAidGVzdHMvdGVzdF9wMF9maW5hbF9jbG9zdXJlX3Byb2dyYW0ucHk6OnRlc3RfZmluYWxfY2xvc3VyZV9kZXNpZ25fY29udHJhY3RfY292ZXJzX2FsbF9kYXkxX3ZlcnRp
2026-09-10T08:11:31.0965723Z GO_EVIDENCE_B64 Y2Fsc19hbmRfcmVmdW5kX3N0YXRlcyIsCiAgICAidGVzdHMvdGVzdF9wMF9maW5hbF9jbG9zdXJlX3Byb2dyYW0ucHk6OnRlc3RfZmluYWxfY2xvc3VyZV9zdGF0dXNfaXNfZmFpbF9jbG9zZWRfdW50aWxfcmVhbF9ydW50aW1lX2V2aWRlbmNlX2V4aXN0cyIsCiAgICAidGVzdHMvdGVzdF9wMF9maW5hbF9jbG9zdXJlX3Byb2dyYW0ucHk6OnRlc3RfZmluYWxfY2xvc3VyZV9idW5kbGVfaXNfYXBwZW5kX29ubHlfc25hcHNob3QiLAogICAgInRlc3RzL3Rlc3RfcDBfZmluYWxfdmlydHVhbF9jbG9zdXJlX3N0cmVzcy5weTo6dGVz
2026-09-10T08:11:31.0972215Z GO_EVIDENCE_B64 dF9zdHJlc3Nfc3VjY2Vzc2Z1bF9vcmRlcl9mb3Jtc19jbG9zZWRfbG9vcFtyb3VuZC0xXSIsCiAgICAidGVzdHMvdGVzdF9wMF9maW5hbF92aXJ0dWFsX2Nsb3N1cmVfc3RyZXNzLnB5Ojp0ZXN0X3N0cmVzc19zdWNjZXNzZnVsX29yZGVyX2Zvcm1zX2Nsb3NlZF9sb29wW3JvdW5kLTJdIiwKICAgICJ0ZXN0cy90ZXN0X3AwX2ZpbmFsX3ZpcnR1YWxfY2xvc3VyZV9zdHJlc3MucHk6OnRlc3Rfc3RyZXNzX3N1Y2Nlc3NmdWxfb3JkZXJfZm9ybXNfY2xvc2VkX2xvb3Bbcm91bmQtM10iLAogICAgInRlc3RzL3Rlc3RfcDBfZmluYWxf
2026-09-10T08:11:31.0978729Z GO_EVIDENCE_B64 dmlydHVhbF9jbG9zdXJlX3N0cmVzcy5weTo6dGVzdF9zdHJlc3Nfc3VjY2Vzc2Z1bF9vcmRlcl9mb3Jtc19jbG9zZWRfbG9vcFtyb3VuZC00XSIsCiAgICAidGVzdHMvdGVzdF9wMF9maW5hbF92aXJ0dWFsX2Nsb3N1cmVfc3RyZXNzLnB5Ojp0ZXN0X3N0cmVzc19zdWNjZXNzZnVsX29yZGVyX2Zvcm1zX2Nsb3NlZF9sb29wW3JvdW5kLTVdIiwKICAgICJ0ZXN0cy90ZXN0X3AwX2ZpbmFsX3ZpcnR1YWxfY2xvc3VyZV9zdHJlc3MucHk6OnRlc3Rfc3RyZXNzX2R1cGxpY2F0ZV9wYXltZW50X2F0dGFja19pc19ibG9ja2VkW3JvdW5k
2026-09-10T08:11:31.0985180Z GO_EVIDENCE_B64 LTFdIiwKICAgICJ0ZXN0cy90ZXN0X3AwX2ZpbmFsX3ZpcnR1YWxfY2xvc3VyZV9zdHJlc3MucHk6OnRlc3Rfc3RyZXNzX2R1cGxpY2F0ZV9wYXltZW50X2F0dGFja19pc19ibG9ja2VkW3JvdW5kLTJdIiwKICAgICJ0ZXN0cy90ZXN0X3AwX2ZpbmFsX3ZpcnR1YWxfY2xvc3VyZV9zdHJlc3MucHk6OnRlc3Rfc3RyZXNzX2R1cGxpY2F0ZV9wYXltZW50X2F0dGFja19pc19ibG9ja2VkW3JvdW5kLTNdIiwKICAgICJ0ZXN0cy90ZXN0X3AwX2ZpbmFsX3ZpcnR1YWxfY2xvc3VyZV9zdHJlc3MucHk6OnRlc3Rfc3RyZXNzX2R1cGxpY2F0
2026-09-10T08:11:31.0991479Z GO_EVIDENCE_B64 ZV9wYXltZW50X2F0dGFja19pc19ibG9ja2VkW3JvdW5kLTRdIiwKICAgICJ0ZXN0cy90ZXN0X3AwX2ZpbmFsX3ZpcnR1YWxfY2xvc3VyZV9zdHJlc3MucHk6OnRlc3Rfc3RyZXNzX2R1cGxpY2F0ZV9wYXltZW50X2F0dGFja19pc19ibG9ja2VkW3JvdW5kLTVdIiwKICAgICJ0ZXN0cy90ZXN0X3AwX2ZpbmFsX3ZpcnR1YWxfY2xvc3VyZV9zdHJlc3MucHk6OnRlc3Rfc3RyZXNzX3N1cHBsaWVyX3RpbWVvdXRfc3RheXNfdW5rbm93bl91bnRpbF9yZWNvbmNpbGVkW3JvdW5kLTFdIiwKICAgICJ0ZXN0cy90ZXN0X3AwX2ZpbmFsX3Zp
2026-09-10T08:11:31.0998130Z GO_EVIDENCE_B64 cnR1YWxfY2xvc3VyZV9zdHJlc3MucHk6OnRlc3Rfc3RyZXNzX3N1cHBsaWVyX3RpbWVvdXRfc3RheXNfdW5rbm93bl91bnRpbF9yZWNvbmNpbGVkW3JvdW5kLTJdIiwKICAgICJ0ZXN0cy90ZXN0X3AwX2ZpbmFsX3ZpcnR1YWxfY2xvc3VyZV9zdHJlc3MucHk6OnRlc3Rfc3RyZXNzX3N1cHBsaWVyX3RpbWVvdXRfc3RheXNfdW5rbm93bl91bnRpbF9yZWNvbmNpbGVkW3JvdW5kLTNdIiwKICAgICJ0ZXN0cy90ZXN0X3AwX2ZpbmFsX3ZpcnR1YWxfY2xvc3VyZV9zdHJlc3MucHk6OnRlc3Rfc3RyZXNzX3N1cHBsaWVyX3RpbWVvdXRf
2026-09-10T08:11:31.1004726Z GO_EVIDENCE_B64 c3RheXNfdW5rbm93bl91bnRpbF9yZWNvbmNpbGVkW3JvdW5kLTRdIiwKICAgICJ0ZXN0cy90ZXN0X3AwX2ZpbmFsX3ZpcnR1YWxfY2xvc3VyZV9zdHJlc3MucHk6OnRlc3Rfc3RyZXNzX3N1cHBsaWVyX3RpbWVvdXRfc3RheXNfdW5rbm93bl91bnRpbF9yZWNvbmNpbGVkW3JvdW5kLTVdIiwKICAgICJ0ZXN0cy90ZXN0X3AwX2ZpbmFsX3ZpcnR1YWxfY2xvc3VyZV9zdHJlc3MucHk6OnRlc3Rfc3RyZXNzX3BheW1lbnRfd2ViaG9va19yZXBsYXlfaXNfaWRlbXBvdGVudFtyb3VuZC0xXSIsCiAgICAidGVzdHMvdGVzdF9wMF9maW5h
2026-09-10T08:11:31.1011170Z GO_EVIDENCE_B64 bF92aXJ0dWFsX2Nsb3N1cmVfc3RyZXNzLnB5Ojp0ZXN0X3N0cmVzc19wYXltZW50X3dlYmhvb2tfcmVwbGF5X2lzX2lkZW1wb3RlbnRbcm91bmQtMl0iLAogICAgInRlc3RzL3Rlc3RfcDBfZmluYWxfdmlydHVhbF9jbG9zdXJlX3N0cmVzcy5weTo6dGVzdF9zdHJlc3NfcGF5bWVudF93ZWJob29rX3JlcGxheV9pc19pZGVtcG90ZW50W3JvdW5kLTNdIiwKICAgICJ0ZXN0cy90ZXN0X3AwX2ZpbmFsX3ZpcnR1YWxfY2xvc3VyZV9zdHJlc3MucHk6OnRlc3Rfc3RyZXNzX3BheW1lbnRfd2ViaG9va19yZXBsYXlfaXNfaWRlbXBvdGVu
2026-09-10T08:11:31.1017713Z GO_EVIDENCE_B64 dFtyb3VuZC00XSIsCiAgICAidGVzdHMvdGVzdF9wMF9maW5hbF92aXJ0dWFsX2Nsb3N1cmVfc3RyZXNzLnB5Ojp0ZXN0X3N0cmVzc19wYXltZW50X3dlYmhvb2tfcmVwbGF5X2lzX2lkZW1wb3RlbnRbcm91bmQtNV0iLAogICAgInRlc3RzL3Rlc3RfcDBfZmluYWxfdmlydHVhbF9jbG9zdXJlX3N0cmVzcy5weTo6dGVzdF9zdHJlc3NfY2FuY2VsX3JlZnVuZF9mdWxsX3BhdGhfYW5kX3Rlcm1pbmFsX2ltbXV0YWJpbGl0eVtyb3VuZC0xXSIsCiAgICAidGVzdHMvdGVzdF9wMF9maW5hbF92aXJ0dWFsX2Nsb3N1cmVfc3RyZXNzLnB5
2026-09-10T08:11:31.1024295Z GO_EVIDENCE_B64 Ojp0ZXN0X3N0cmVzc19jYW5jZWxfcmVmdW5kX2Z1bGxfcGF0aF9hbmRfdGVybWluYWxfaW1tdXRhYmlsaXR5W3JvdW5kLTJdIiwKICAgICJ0ZXN0cy90ZXN0X3AwX2ZpbmFsX3ZpcnR1YWxfY2xvc3VyZV9zdHJlc3MucHk6OnRlc3Rfc3RyZXNzX2NhbmNlbF9yZWZ1bmRfZnVsbF9wYXRoX2FuZF90ZXJtaW5hbF9pbW11dGFiaWxpdHlbcm91bmQtM10iLAogICAgInRlc3RzL3Rlc3RfcDBfZmluYWxfdmlydHVhbF9jbG9zdXJlX3N0cmVzcy5weTo6dGVzdF9zdHJlc3NfY2FuY2VsX3JlZnVuZF9mdWxsX3BhdGhfYW5kX3Rlcm1pbmFs
2026-09-10T08:11:31.1030944Z GO_EVIDENCE_B64 X2ltbXV0YWJpbGl0eVtyb3VuZC00XSIsCiAgICAidGVzdHMvdGVzdF9wMF9maW5hbF92aXJ0dWFsX2Nsb3N1cmVfc3RyZXNzLnB5Ojp0ZXN0X3N0cmVzc19jYW5jZWxfcmVmdW5kX2Z1bGxfcGF0aF9hbmRfdGVybWluYWxfaW1tdXRhYmlsaXR5W3JvdW5kLTVdIiwKICAgICJ0ZXN0cy90ZXN0X3AwX2ZpbmFsX3ZpcnR1YWxfY2xvc3VyZV9zdHJlc3MucHk6OnRlc3Rfc3RyZXNzX3BhcnRpYWxfcmVmdW5kX2lzX2JvdW5kZWRfYW5kX2Nhbl9jb21wbGV0ZV9yZW1haW5pbmdfcmVmdW5kW3JvdW5kLTFdIiwKICAgICJ0ZXN0cy90ZXN0
2026-09-10T08:11:31.1037714Z GO_EVIDENCE_B64 X3AwX2ZpbmFsX3ZpcnR1YWxfY2xvc3VyZV9zdHJlc3MucHk6OnRlc3Rfc3RyZXNzX3BhcnRpYWxfcmVmdW5kX2lzX2JvdW5kZWRfYW5kX2Nhbl9jb21wbGV0ZV9yZW1haW5pbmdfcmVmdW5kW3JvdW5kLTJdIiwKICAgICJ0ZXN0cy90ZXN0X3AwX2ZpbmFsX3ZpcnR1YWxfY2xvc3VyZV9zdHJlc3MucHk6OnRlc3Rfc3RyZXNzX3BhcnRpYWxfcmVmdW5kX2lzX2JvdW5kZWRfYW5kX2Nhbl9jb21wbGV0ZV9yZW1haW5pbmdfcmVmdW5kW3JvdW5kLTNdIiwKICAgICJ0ZXN0cy90ZXN0X3AwX2ZpbmFsX3ZpcnR1YWxfY2xvc3VyZV9zdHJl
2026-09-10T08:11:31.1044176Z GO_EVIDENCE_B64 c3MucHk6OnRlc3Rfc3RyZXNzX3BhcnRpYWxfcmVmdW5kX2lzX2JvdW5kZWRfYW5kX2Nhbl9jb21wbGV0ZV9yZW1haW5pbmdfcmVmdW5kW3JvdW5kLTRdIiwKICAgICJ0ZXN0cy90ZXN0X3AwX2ZpbmFsX3ZpcnR1YWxfY2xvc3VyZV9zdHJlc3MucHk6OnRlc3Rfc3RyZXNzX3BhcnRpYWxfcmVmdW5kX2lzX2JvdW5kZWRfYW5kX2Nhbl9jb21wbGV0ZV9yZW1haW5pbmdfcmVmdW5kW3JvdW5kLTVdIiwKICAgICJ0ZXN0cy90ZXN0X3AwX2ZpbmFsX3ZpcnR1YWxfY2xvc3VyZV9zdHJlc3MucHk6OnRlc3Rfc3RyZXNzX3JlY29uY2lsaWF0
2026-09-10T08:11:31.1050822Z GO_EVIDENCE_B64 aW9uX21pc21hdGNoX2Jsb2Nrc19tYXRjaF9hbmRfY2xvc2Vbcm91bmQtMV0iLAogICAgInRlc3RzL3Rlc3RfcDBfZmluYWxfdmlydHVhbF9jbG9zdXJlX3N0cmVzcy5weTo6dGVzdF9zdHJlc3NfcmVjb25jaWxpYXRpb25fbWlzbWF0Y2hfYmxvY2tzX21hdGNoX2FuZF9jbG9zZVtyb3VuZC0yXSIsCiAgICAidGVzdHMvdGVzdF9wMF9maW5hbF92aXJ0dWFsX2Nsb3N1cmVfc3RyZXNzLnB5Ojp0ZXN0X3N0cmVzc19yZWNvbmNpbGlhdGlvbl9taXNtYXRjaF9ibG9ja3NfbWF0Y2hfYW5kX2Nsb3NlW3JvdW5kLTNdIiwKICAgICJ0ZXN0
2026-09-10T08:11:31.1057508Z GO_EVIDENCE_B64 cy90ZXN0X3AwX2ZpbmFsX3ZpcnR1YWxfY2xvc3VyZV9zdHJlc3MucHk6OnRlc3Rfc3RyZXNzX3JlY29uY2lsaWF0aW9uX21pc21hdGNoX2Jsb2Nrc19tYXRjaF9hbmRfY2xvc2Vbcm91bmQtNF0iLAogICAgInRlc3RzL3Rlc3RfcDBfZmluYWxfdmlydHVhbF9jbG9zdXJlX3N0cmVzcy5weTo6dGVzdF9zdHJlc3NfcmVjb25jaWxpYXRpb25fbWlzbWF0Y2hfYmxvY2tzX21hdGNoX2FuZF9jbG9zZVtyb3VuZC01XSIsCiAgICAidGVzdHMvdGVzdF9wMF9maW5hbF92aXJ0dWFsX2Nsb3N1cmVfc3RyZXNzLnB5Ojp0ZXN0X3N0cmVzc19j
2026-09-10T08:11:31.1063991Z GO_EVIDENCE_B64 bG9zZV9yYWNlX3JlcXVpcmVzX3JlcHJlcGFyZV9hZnRlcl9zY29wZV9jaGFuZ2Vbcm91bmQtMV0iLAogICAgInRlc3RzL3Rlc3RfcDBfZmluYWxfdmlydHVhbF9jbG9zdXJlX3N0cmVzcy5weTo6dGVzdF9zdHJlc3NfY2xvc2VfcmFjZV9yZXF1aXJlc19yZXByZXBhcmVfYWZ0ZXJfc2NvcGVfY2hhbmdlW3JvdW5kLTJdIiwKICAgICJ0ZXN0cy90ZXN0X3AwX2ZpbmFsX3ZpcnR1YWxfY2xvc3VyZV9zdHJlc3MucHk6OnRlc3Rfc3RyZXNzX2Nsb3NlX3JhY2VfcmVxdWlyZXNfcmVwcmVwYXJlX2FmdGVyX3Njb3BlX2NoYW5nZVtyb3Vu
2026-09-10T08:11:31.1070683Z GO_EVIDENCE_B64 ZC0zXSIsCiAgICAidGVzdHMvdGVzdF9wMF9maW5hbF92aXJ0dWFsX2Nsb3N1cmVfc3RyZXNzLnB5Ojp0ZXN0X3N0cmVzc19jbG9zZV9yYWNlX3JlcXVpcmVzX3JlcHJlcGFyZV9hZnRlcl9zY29wZV9jaGFuZ2Vbcm91bmQtNF0iLAogICAgInRlc3RzL3Rlc3RfcDBfZmluYWxfdmlydHVhbF9jbG9zdXJlX3N0cmVzcy5weTo6dGVzdF9zdHJlc3NfY2xvc2VfcmFjZV9yZXF1aXJlc19yZXByZXBhcmVfYWZ0ZXJfc2NvcGVfY2hhbmdlW3JvdW5kLTVdIiwKICAgICJ0ZXN0cy90ZXN0X3BhcmVudF9pbXBsZW1lbnRhdGlvbl9jb2RlX3Jl
2026-09-10T08:11:31.1077282Z GO_EVIDENCE_B64 dmlld19kZWJ0X2Nsb3N1cmUucHk6OnRlc3RfdHJhdmVsX2ludGVsbGlnZW5jZV9hcGlfaWRlbXBvdGVuY3lfcmVwbGF5c19hbmRfY29uZmxpY3RzIiwKICAgICJ0ZXN0cy90ZXN0X3BhcmVudF9pbXBsZW1lbnRhdGlvbl9jb2RlX3Jldmlld19kZWJ0X2Nsb3N1cmUucHk6OnRlc3RfdGlfbXV0YXRpb25fcm91dGVzX2FsbF91c2VfcmVxdWVzdF9pZGVtcG90ZW5jeV9ndWFyZCIsCiAgICAidGVzdHMvdGVzdF9wYXJlbnRfaW1wbGVtZW50YXRpb25fY29kZV9yZXZpZXdfZGVidF9jbG9zdXJlLnB5Ojp0ZXN0X2Nvc3RfZ292ZXJub3Jf
2026-09-10T08:11:31.1087544Z GO_EVIDENCE_B64 aGFyZF9idWRnZXRzX3F1YWxpdHlfcHJpY2VfYW5kX2NpcmN1aXQiLAogICAgInRlc3RzL3Rlc3RfcGFyZW50X2ltcGxlbWVudGF0aW9uX2NvZGVfcmV2aWV3X2RlYnRfY2xvc3VyZS5weTo6dGVzdF9jb3N0X2dvdmVybm9yX3Nlc3Npb25fc2NvcGVfYW5kX3JldmVudWVfbWV0cmljcyIsCiAgICAidGVzdHMvdGVzdF9wYXJlbnRfaW1wbGVtZW50YXRpb25fY29kZV9yZXZpZXdfZGVidF9jbG9zdXJlLnB5Ojp0ZXN0X2N1cnJlbnRfc291cmNlX2hlYWRfYW5kX3VwZ3JhZGVfZG93bmdyYWRlX3JvdW5kdHJpcCIsCiAgICAidGVzdHMv
2026-09-10T08:11:31.1096982Z GO_EVIDENCE_B64 dGVzdF9wYXJlbnRfcDBfdHJhdmVsX2ludGVsbGlnZW5jZV9ob3RlbF9pbmZyYS5weTo6dGVzdF90aWVyNV9hZG1pc3Npb25fZml2ZV9zdGFyX29yX2ZpdmVfZGlhbW9uZF9vbmx5IiwKICAgICJ0ZXN0cy90ZXN0X3BhcmVudF9wMF90cmF2ZWxfaW50ZWxsaWdlbmNlX2hvdGVsX2luZnJhLnB5Ojp0ZXN0X3JlZ2lvbmFsX3N0YXJfdGllcl91c2VzX2V2aWRlbmNlX3J1bGUiLAogICAgInRlc3RzL3Rlc3RfcGFyZW50X3AwX3RyYXZlbF9pbnRlbGxpZ2VuY2VfaG90ZWxfaW5mcmEucHk6OnRlc3RfbmF0aW9uYWxfdGllcl9zZXF1ZW5j
2026-09-10T08:11:31.1103499Z GO_EVIDENCE_B64 ZV9zdGFydHNfNV90aGVuXzQiLAogICAgInRlc3RzL3Rlc3RfcGF5bWVudF9mYWlsdXJlLnB5Ojp0ZXN0X3BheW1lbnRfZGVjbGluZV9kb2VzX25vdF9jb25maXJtX29yZGVyIiwKICAgICJ0ZXN0cy90ZXN0X3BheW1lbnRfZmFpbHVyZS5weTo6dGVzdF9kZWNsaW5lZF9wYXltZW50X2Nhbl9yZXRyeV93aXRoX25ld19leHRlcm5hbF9vcGVyYXRpb24iLAogICAgInRlc3RzL3Rlc3RfcGVyc2lzdGVuY2UucHk6OnRlc3Rfc3RhdGVfZXZlbnRfYW5kX291dGJveF9hcmVfcGVyc2lzdGVkIiwKICAgICJ0ZXN0cy90ZXN0X3BlcnNpc3Rl
2026-09-10T08:11:31.1110213Z GO_EVIDENCE_B64 bmNlLnB5Ojp0ZXN0X2lkZW1wb3RlbmN5X2lzX2R1cmFibGUiLAogICAgInRlc3RzL3Rlc3RfcGVyc2lzdGVuY2UucHk6OnRlc3Rfb3V0Ym94X2Nhbl9iZV9kcmFpbmVkIiwKICAgICJ0ZXN0cy90ZXN0X3BlcnNvbmFsX3RyYXZlbF92YXVsdC5weTo6dGVzdF9zY3JlZW5zaG90X2ltcG9ydF9yZXF1aXJlc19yZXZpZXdfYW5kX21hc2tzX3NlbnNpdGl2ZV9mYWN0IiwKICAgICJ0ZXN0cy90ZXN0X3BlcnNvbmFsX3RyYXZlbF92YXVsdC5weTo6dGVzdF9zZW5zaXRpdmVfcmVsZWFzZV9yZXF1aXJlc19jb25zZW50X2FuZF9yZWxlYXNl
2026-09-10T08:11:31.1116766Z GO_EVIDENCE_B64 c19vbmx5X3JlcXVlc3RlZF9maWVsZHMiLAogICAgInRlc3RzL3Rlc3RfcGVyc29uYWxfdHJhdmVsX3ZhdWx0LnB5Ojp0ZXN0X2ltcG9ydF9pZGVtcG90ZW5jeV9hbmRfY29uZmxpY3Rfbm9fc2lsZW50X292ZXJ3cml0ZSIsCiAgICAidGVzdHMvdGVzdF9wZXJzb25hbF90cmF2ZWxfdmF1bHQucHk6OnRlc3RfY29tcGxldGVuZXNzX2lzX2NhcGFiaWxpdHlfYmFzZWRfbm90X3BlcmNlbnRfb25seSIsCiAgICAidGVzdHMvdGVzdF9wZXJzb25hbF90cmF2ZWxfdmF1bHQucHk6OnRlc3RfY29uc3VtZXJfY2Fubm90X3NlbGZfYXNzZXJ0
2026-09-10T08:11:31.1123496Z GO_EVIDENCE_B64 X29mZmljaWFsX29yX3ZlcmlmaWVkX3NvdXJjZSIsCiAgICAidGVzdHMvdGVzdF9waGFzZTFfY3Jvc3NfZG9tYWluX2Nsb3N1cmUucHk6OnRlc3RfYWxsX2RheV9vbmVfdmVydGljYWxzX3NoYXJlX3JlcXVpcmVkX2NhcGFiaWxpdHlfY29udHJhY3QiLAogICAgInRlc3RzL3Rlc3RfcGhhc2UxX2Nyb3NzX2RvbWFpbl9jbG9zdXJlLnB5Ojp0ZXN0X2RpcmVjdF9maXJzdF93aW5zX2V2ZW5fd2hlbl9mYWxsYmFja19pc19wcmVzZW50IiwKICAgICJ0ZXN0cy90ZXN0X3BoYXNlMV9jcm9zc19kb21haW5fY2xvc3VyZS5weTo6dGVzdF9m
2026-09-10T08:11:31.1130237Z GO_EVIDENCE_B64 YWxsYmFja19yZXF1aXJlc19hdXRob3JpdHlfYXZhaWxhYmlsaXR5X2FuZF9ldmlkZW5jZSIsCiAgICAidGVzdHMvdGVzdF9waGFzZTFfY3Jvc3NfZG9tYWluX2Nsb3N1cmUucHk6OnRlc3RfZXZpZGVuY2VfcG9saWN5X2ZvcmJpZHNfdGltZW91dF9yZXNlbmRfYW5kX21vY2tfc3VjY2VzcyIsCiAgICAidGVzdHMvdGVzdF9wb3N0X3N0YXlfZGlzcHV0ZV9yZWZ1bmRfcmVjb25jaWxpYXRpb24ucHk6OnRlc3RfdGhyZWVfcGFydHlfY2FzZV90eXBlc19hbmRfb3Blbl9jYXNlX2ZyZWV6ZV9zZXR0bGVtZW50IiwKICAgICJ0ZXN0cy90
2026-09-10T08:11:31.1136943Z GO_EVIDENCE_B64 ZXN0X3Bvc3Rfc3RheV9kaXNwdXRlX3JlZnVuZF9yZWNvbmNpbGlhdGlvbi5weTo6dGVzdF9pbWFnZV9maWxlX2NvbW11bmljYXRpb25fdGltZWxpbmVfZXZpZGVuY2VfYW5kX3Jlc3BvbnNlcyIsCiAgICAidGVzdHMvdGVzdF9wb3N0X3N0YXlfZGlzcHV0ZV9yZWZ1bmRfcmVjb25jaWxpYXRpb24ucHk6OnRlc3Rfc2xhX2VzY2FsYXRpb25fYW5kX21lZGlhdGlvbl9hcmVfZXZpZGVuY2VkIiwKICAgICJ0ZXN0cy90ZXN0X3Bvc3Rfc3RheV9kaXNwdXRlX3JlZnVuZF9yZWNvbmNpbGlhdGlvbi5weTo6dGVzdF9kZWNpc2lvbl9yZXF1
2026-09-10T08:11:31.1143517Z GO_EVIDENCE_B64 aXJlc19tYWtlcl9jaGVja2VyX2FuZF9ibG9ja3NfZXhjZXNzX3JlZnVuZCIsCiAgICAidGVzdHMvdGVzdF9wb3N0X3N0YXlfZGlzcHV0ZV9yZWZ1bmRfcmVjb25jaWxpYXRpb24ucHk6OnRlc3RfcGFydGlhbF9yZWZ1bmRfaXNfY29udHJhY3Rfb25seV9pZGVtcG90ZW50X2FuZF9uZXZlcl9leGVjdXRlcyIsCiAgICAidGVzdHMvdGVzdF9wb3N0X3N0YXlfZGlzcHV0ZV9yZWZ1bmRfcmVjb25jaWxpYXRpb24ucHk6OnRlc3Rfbm9fcmVmdW5kX3JlcXVpcmVzX3plcm9fYW5kX3Byb2R1Y2VzX25vX3JlZnVuZF9lbGlnaWJpbGl0eSIs
2026-09-10T08:11:31.1150165Z GO_EVIDENCE_B64 CiAgICAidGVzdHMvdGVzdF9wb3N0X3N0YXlfZGlzcHV0ZV9yZWZ1bmRfcmVjb25jaWxpYXRpb24ucHk6OnRlc3Rfam9pbnRfcmVjb25jaWxpYXRpb25fZGV0ZWN0c19hbmRfcmVjb3Jkc19jb250cmFjdF9hbW91bnRzIiwKICAgICJ0ZXN0cy90ZXN0X3Bvc3Rfc3RheV9kaXNwdXRlX3JlZnVuZF9yZWNvbmNpbGlhdGlvbi5weTo6dGVzdF9jYXNlX2Nsb3NlX3JlcXVpcmVzX2RlY2lzaW9uX2FuZF9jcmVhdGVzX2ltbXV0YWJsZV9zdW1tYXJ5X2hhc2giLAogICAgInRlc3RzL3Rlc3RfcHJvZHVjdGlvbl9jb25uZWN0b3JfbGl2ZV9n
2026-09-10T08:11:31.1156877Z GO_EVIDENCE_B64 YXRlLnB5Ojp0ZXN0X2VuZ2luZWVyaW5nX29yX3NhbmRib3hfYWRhcHRlcl9uZXZlcl9wYXNzZXNfbGl2ZV9nYXRlIiwKICAgICJ0ZXN0cy90ZXN0X3Byb2R1Y3Rpb25fY29ubmVjdG9yX2xpdmVfZ2F0ZS5weTo6dGVzdF9pbmxpbmVfc2VjcmV0X2lzX2ZvcmJpZGRlbl9hbmRfZXh0ZXJuYWxfcmVmZXJlbmNlX3JlcXVpcmVkIiwKICAgICJ0ZXN0cy90ZXN0X3Byb2R1Y3Rpb25fY29ubmVjdG9yX2xpdmVfZ2F0ZS5weTo6dGVzdF9wcm9kdWN0aW9uX2NlcnRpZmljYXRpb25fcmVxdWlyZXNfc2FuZGJveF9maXJzdF9pbl9zdGF0ZV9t
2026-09-10T08:11:31.1163325Z GO_EVIDENCE_B64 YWNoaW5lIiwKICAgICJ0ZXN0cy90ZXN0X3Byb2R1Y3Rpb25fY29ubmVjdG9yX2xpdmVfZ2F0ZS5weTo6dGVzdF9saXZlX2dhdGVfYmxvY2tzX21pc3NpbmdfY29udHJhY3RfY2VydGlmaWNhdGlvbl9vYnNlcnZhYmlsaXR5X2FuZF9mYWlsX3NhZmUiLAogICAgInRlc3RzL3Rlc3RfcHJvZHVjdGlvbl9jb25uZWN0b3JfbGl2ZV9nYXRlLnB5Ojp0ZXN0X2Z1bGxfZ2F0ZV90aGVuX21ha2VyX2NoZWNrZXJfYWN0aXZhdGlvbl9yZWFjaGVzX2xpdmUiLAogICAgInRlc3RzL3Rlc3RfcHJvZHVjdGlvbl9jb25uZWN0b3JfbGl2ZV9nYXRl
2026-09-10T08:11:31.1169873Z GO_EVIDENCE_B64 LnB5Ojp0ZXN0X2tpbGxfc3dpdGNoX3N1c3BlbmRzX2xpdmVfY29ubmVjdG9yX2FuZF9yZWNvcmRzX2ZhaWxfc2FmZSIsCiAgICAidGVzdHMvdGVzdF9wcm9kdWN0aW9uX2Nvbm5lY3Rvcl9ydW50aW1lX2VuZm9yY2VtZW50LnB5Ojp0ZXN0X25vbl9saXZlX2Nvbm5lY3Rvcl9pc19kZW5pZWRfYmVmb3JlX3N1cHBsaWVyX211dGF0aW9uIiwKICAgICJ0ZXN0cy90ZXN0X3Byb2R1Y3Rpb25fY29ubmVjdG9yX3J1bnRpbWVfZW5mb3JjZW1lbnQucHk6OnRlc3Rfb3BlcmF0aW9uX2lkZW1wb3RlbmN5X3JldXNlc19zYW1lX29wZXJhdGlv
2026-09-10T08:11:31.1176309Z GO_EVIDENCE_B64 bl9hbmRfcmVqZWN0c19wYXlsb2FkX2RyaWZ0IiwKICAgICJ0ZXN0cy90ZXN0X3Byb2R1Y3Rpb25fY29ubmVjdG9yX3J1bnRpbWVfZW5mb3JjZW1lbnQucHk6OnRlc3Rfc2lnbmVkX3dlYmhvb2tfY29udmVyZ2VzX29wZXJhdGlvbl9hbmRfZHVwbGljYXRlX2RlbGl2ZXJ5X2lzX3JlcGxheV9zYWZlIiwKICAgICJ0ZXN0cy90ZXN0X3Byb2R1Y3Rpb25fY29ubmVjdG9yX3J1bnRpbWVfZW5mb3JjZW1lbnQucHk6OnRlc3RfcmVwZWF0ZWRfaW52YWxpZF93ZWJob29rX3NpZ25hdHVyZXNfZW5nYWdlX2ZhaWxfc2FmZV9hbmRfc3VzcGVu
2026-09-10T08:11:31.1182847Z GO_EVIDENCE_B64 ZCIsCiAgICAidGVzdHMvdGVzdF9wcm9kdWN0aW9uX2Nvbm5lY3Rvcl9ydW50aW1lX2VuZm9yY2VtZW50LnB5Ojp0ZXN0X3Vua25vd25fZXh0ZXJuYWxfc3RhdGVfbmV2ZXJfYXV0aG9yaXplc19ibGluZF9yZXNlbmRfYW5kX2VudGVyc19tYW51YWxfcmV2aWV3IiwKICAgICJ0ZXN0cy90ZXN0X3Byb2R1Y3Rpb25fY29ubmVjdG9yX3J1bnRpbWVfZW5mb3JjZW1lbnQucHk6OnRlc3RfcG9sbF9maW5hbF9mYWN0X2NvbnZlcmdlc193aXRob3V0X2NoYW5naW5nX3N1cHBsaWVyX2V2aWRlbmNlIiwKICAgICJ0ZXN0cy90ZXN0X3I4Ml9h
2026-09-10T08:11:31.1189437Z GO_EVIDENCE_B64 ZG1pbl9maXJzdF9tZmFfZW5yb2xsbWVudC5weTo6dGVzdF9hZG1pbl9maXJzdF9tZmFfZW5yb2xsbWVudF9sb2dpbl9sb2dvdXRfcmVsb2dpbiIsCiAgICAidGVzdHMvdGVzdF9yOF9pbXBsZW1lbnRhdGlvbl9hbGlnbm1lbnQucHk6OnRlc3RfcjhfZGF5MV9hbmRfc3RhZ2luZ190cnV0aCIsCiAgICAidGVzdHMvdGVzdF9yOF9pbXBsZW1lbnRhdGlvbl9hbGlnbm1lbnQucHk6OnRlc3RfZGlzdHJpYnV0aW9uX2xpY2Vuc2VfaXNfZXhwbGljaXRfbWVkaWFfcmlnaHRzX2Jhc2lzIiwKICAgICJ0ZXN0cy90ZXN0X3I4X2ltcGxlbWVu
2026-09-10T08:11:31.1196110Z GO_EVIDENCE_B64 dGF0aW9uX2FsaWdubWVudC5weTo6dGVzdF9kaXN0cmlidXRpb25fbGljZW5zZV9yZXF1aXJlc19jb250cmFjdF9tZXRhZGF0YSIsCiAgICAidGVzdHMvdGVzdF9yYzE1X2FvbHVndXlhX3N1cHBseV90cnV0aC5weTo6dGVzdF9hb2x1Z3V5YV9vZmZpY2lhbF90cnV0aF9nYXRlX2FuZF9wcm9qZWN0aW9uX3JlcGxhY2VzX3Rlc3RfdHJ1dGgiLAogICAgInRlc3RzL3Rlc3RfcmMxNV9hb2x1Z3V5YV9zdXBwbHlfdHJ1dGgucHk6OnRlc3Rfc3RhbGVfb3JfdGVzdF90cnV0aF9pc19yZWplY3RlZCIsCiAgICAidGVzdHMvdGVzdF9yYzE1
2026-09-10T08:11:31.1202601Z GO_EVIDENCE_B64 X2FvbHVndXlhX3N1cHBseV90cnV0aC5weTo6dGVzdF9kaXJlY3RfZmlyc3RfYW5kX3VudmVyaWZpZWRfZmFsbGJhY2tfZmFpbF9jbG9zZWQiLAogICAgInRlc3RzL3Rlc3RfcmMxNzkxX3JlZ2lvbmFsX3Byb3ZpZGVyX2Jvb3RzdHJhcC5weTo6dGVzdF9vc21fYm9vdHN0cmFwX3Byb3ZpZGVyX3N1bW1hcnkiLAogICAgInRlc3RzL3Rlc3RfcmMxNzkxX3JlZ2lvbmFsX3Byb3ZpZGVyX2Jvb3RzdHJhcC5weTo6dGVzdF9vc21fb3ZlcnBhc3NfcGFyc2VfaXNfcHVibGljX2ZhY3Rfb25seSIsCiAgICAidGVzdHMvdGVzdF9yYzE3OTFf
2026-09-10T08:11:31.1209226Z GO_EVIDENCE_B64 cmVnaW9uYWxfcHJvdmlkZXJfYm9vdHN0cmFwLnB5Ojp0ZXN0X29zbV9ib290c3RyYXBfcmVqZWN0c19ub25faGFyYmluIiwKICAgICJ0ZXN0cy90ZXN0X3JjMTc5X3JlZ2lvbmFsX2hvdGVsX2J1aWxkX3N0YXRpYy5weTo6dGVzdF9yYzE3OV9yZWdpb25hbF9idWlsZF9jb250cmFjdCIsCiAgICAidGVzdHMvdGVzdF9yYzE3OV9yZWdpb25hbF9ob3RlbF9idWlsZF9zdGF0aWMucHk6OnRlc3RfYWRtaW5fbm9fbG9uZ2VyX3JlcXVpcmVzX3NpbmdsZV9ob3RlbF9zZWVkX2FzX3ByaW1hcnlfZW50cnkiLAogICAgInRlc3RzL3Rlc3Rf
2026-09-10T08:11:31.1216058Z GO_EVIDENCE_B64 cmMxNzlfcmVnaW9uYWxfaG90ZWxfYnVpbGRfc3RhdGljLnB5Ojp0ZXN0X3N1cHBsaWVyX21hbnVhbF9hZGRfaXNfcmV0YWluZWRfYXNfc2Vjb25kYXJ5X2Zsb3ciLAogICAgInRlc3RzL3Rlc3RfcmMxOTFfcmVnaXN0cmF0aW9uX3ZhdWx0X3RpZXJlZF9idWlsZC5weTo6dGVzdF90aWVyZWRfYnVpbGRfc3RyYXRlZ3lfaXNfcXVhbGl0eV9maXJzdCIsCiAgICAidGVzdHMvdGVzdF9yYzE5MV9yZWdpc3RyYXRpb25fdmF1bHRfdGllcmVkX2J1aWxkLnB5Ojp0ZXN0X3N1cHBsaWVyX3JlZ2lzdHJhdGlvbl9yZXF1aXJlc19zaW5nbGVf
2026-09-10T08:11:31.1222622Z GO_EVIDENCE_B64 dGVybXNfYWNjZXB0YW5jZSIsCiAgICAidGVzdHMvdGVzdF9yYzE5MV9yZWdpc3RyYXRpb25fdmF1bHRfdGllcmVkX2J1aWxkLnB5Ojp0ZXN0X2NvbnN1bWVyX29uZV9jbGlja19wZXJzb25hbF92YXVsdF9pc19jb25zZW50X2JvdW5kIiwKICAgICJ0ZXN0cy90ZXN0X3JjMTkxX3JlZ2lzdHJhdGlvbl92YXVsdF90aWVyZWRfYnVpbGQucHk6OnRlc3Rfc3VwcGxpZXJfcGFydG5lcl9vbmJvYXJkaW5nX2NvcHlfaXNfbm90X3BsYWluX3JlZ2lzdHJhdGlvbiIsCiAgICAidGVzdHMvdGVzdF9yYzE5X25hdGlvbmFsX3Rocm91Z2hwdXRf
2026-09-10T08:11:31.1229229Z GO_EVIDENCE_B64 cHJvZHVjdF9jb21wbGV0ZW5lc3MucHk6OnRlc3RfcmMxOV9yZWdpb25hbF90aHJvdWdocHV0X2NvbnRyYWN0IiwKICAgICJ0ZXN0cy90ZXN0X3JjMTlfbmF0aW9uYWxfdGhyb3VnaHB1dF9wcm9kdWN0X2NvbXBsZXRlbmVzcy5weTo6dGVzdF9yYzE5X2Z1bGxfZWNvc3lzdGVtX2NvbXBsZXRlbmVzc19jb250cmFjdCIsCiAgICAidGVzdHMvdGVzdF9yYzE5X25hdGlvbmFsX3Rocm91Z2hwdXRfcHJvZHVjdF9jb21wbGV0ZW5lc3MucHk6OnRlc3RfcmMxOV9jYWNoZV9idXN0ZXJfb25fYm90aF9vcGVyYXRpb25hbF9lbnRyeXBvaW50
2026-09-10T08:11:31.1235839Z GO_EVIDENCE_B64 cyIsCiAgICAidGVzdHMvdGVzdF9yYzIwXzJfYWxsX2JfdG9fYS5weTo6dGVzdF9jb25zdW1lcl9zdXJmYWNlX2V4cG9zZXNfYWxsX3NpeF92ZXJ0aWNhbF9hY3Rpb25zX3Rocm91Z2hfZnJvemVuX2ZpdmVfZW50cnlfaG9tZSIsCiAgICAidGVzdHMvdGVzdF9yYzIwXzJfYWxsX2JfdG9fYS5weTo6dGVzdF9yaWRlX3N0YXRlX21hY2hpbmVfcmVjb3ZlcnlfaWxsZWdhbF90cmFuc2l0aW9uX2FuZF9ldmlkZW5jZSIsCiAgICAidGVzdHMvdGVzdF9yYzIwXzJfYWxsX2JfdG9fYS5weTo6dGVzdF9yZW50YWxfcGlja3VwX3JldHVybl9j
2026-09-10T08:11:31.1242436Z GO_EVIDENCE_B64 YW5jZWxfcnVsZXNfYW5kX3JlY29uY2lsaWF0aW9uIiwKICAgICJ0ZXN0cy90ZXN0X3JjMjBfMl9hbGxfYl90b19hLnB5Ojp0ZXN0X2F0dHJhY3Rpb25fcmVkZW1wdGlvbl91bmtub3duX3JlY292ZXJ5X2Nsb3NlZF9hbmRfaWxsZWdhbF9zdGF0ZXMiLAogICAgInRlc3RzL3Rlc3RfcmMyMF8yX2FsbF9iX3RvX2EucHk6OnRlc3RfYXR0cmFjdGlvbl9zdXBwbGllcl9jbG9zdXJlX2Jsb2Nrc19jb25zdW1lcl9tdXRhdGlvbnMiLAogICAgInRlc3RzL3Rlc3RfcmMyMF8yX2FsbF9iX3RvX2EucHk6OnRlc3RfZmxpZ2h0X3Vua25vd25f
2026-09-10T08:11:31.1248996Z GO_EVIDENCE_B64 c3RhdGVfcmVjb25jaWxpYXRpb25fYW5kX2V2aWRlbmNlIiwKICAgICJ0ZXN0cy90ZXN0X3JjMjBfMl9hbGxfYl90b19hLnB5Ojp0ZXN0X3JhaWxfdW5rbm93bl9zdGF0ZV9yZWNvbmNpbGlhdGlvbl9hbmRfZXZpZGVuY2UiLAogICAgInRlc3RzL3Rlc3RfcmMyMF9tb2R1bGVfZGVwdGhfY29udHJhY3QucHk6OnRlc3RfcmMyMF9yZXF1aXJlc19maXZlX3JlYWxfZGltZW5zaW9uc19mb3JfZXZlcnlfdmVydGljYWwiLAogICAgInRlc3RzL3Rlc3RfcmMyMF9tb2R1bGVfZGVwdGhfY29udHJhY3QucHk6OnRlc3RfcmMyMF9kb2VzX25v
2026-09-10T08:11:31.1255706Z GO_EVIDENCE_B64 dF9lcXVhdGVfY29kZV9vcl9nYXRlX3dpdGhfZXh0ZXJuYWxfbGl2ZSIsCiAgICAidGVzdHMvdGVzdF9yZWNvbmNpbGlhdGlvbi5weTo6dGVzdF9yZWNvbmNpbGlhdGlvbl9tYXRjaGVzX2NvbmZpcm1lZF9zdXBwbGllciIsCiAgICAidGVzdHMvdGVzdF9yZXZpZXdfZ292ZXJuYW5jZV90ZXJtaW5hbF9zZW1hbnRpY3MucHk6OnRlc3RfcmV2aWV3X2NvbXBsZXRpb25faXNfc3VibWlzc2lvbl9maW5hbF9idXRfZ292ZXJuYW5jZV9ub250ZXJtaW5hbCIsCiAgICAidGVzdHMvdGVzdF9yZXZpZXdfZ292ZXJuYW5jZV90ZXJtaW5hbF9z
2026-09-10T08:11:31.1262311Z GO_EVIDENCE_B64 ZW1hbnRpY3MucHk6OnRlc3RfY29tcGxldGVkX3Jldmlld19nb3Zlcm5hbmNlX2NoYWluX3JlbWFpbnNfcmVhY2hhYmxlIiwKICAgICJ0ZXN0cy90ZXN0X3Jldmlld19nb3Zlcm5hbmNlX3Rlcm1pbmFsX3NlbWFudGljcy5weTo6dGVzdF9jb21wbGV0ZWRfcmV2aWV3X3N0YXlzX3N1Ym1pc3Npb25faW1tdXRhYmxlX2FmdGVyX2dvdmVybmFuY2Vfc3RhdGVfY2hhbmdlIiwKICAgICJ0ZXN0cy90ZXN0X3NhZ2FfcmVjb3ZlcnkucHk6OnRlc3RfcGF5bWVudF9wcm92aWRlcl9zdWNjZXNzX2xvY2FsX2ZhaWx1cmVfaXNfcmVjb3ZlcmVk
2026-09-10T08:11:31.1268974Z GO_EVIDENCE_B64 IiwKICAgICJ0ZXN0cy90ZXN0X3NhZ2FfcmVjb3ZlcnkucHk6OnRlc3Rfc3VwcGxpZXJfYm9va19zdWNjZXNzX2xvY2FsX2ZhaWx1cmVfaXNfcmVjb3ZlcmVkIiwKICAgICJ0ZXN0cy90ZXN0X3NwcmludDFnX2NvbmZpZy5weTo6dGVzdF9zaXRlbWluZGVyX3JlcXVpcmVzX2NvbnRyYWN0ZWRfY29uZmlnIiwKICAgICJ0ZXN0cy90ZXN0X3NwcmludDFnX21hcHBpbmcucHk6OnRlc3Rfc2l0ZW1pbmRlcl9zeW50aGV0aWNfY2Fub25pY2FsX29mZmVyX21hcHBpbmciLAogICAgInRlc3RzL3Rlc3Rfc3ByaW50MWdfbWFwcGluZy5weTo6
2026-09-10T08:11:31.1275855Z GO_EVIDENCE_B64 dGVzdF91bm1hcHBlZF9wcm9wZXJ0eV9pc19ub3RfZXhwb3NlZCIsCiAgICAidGVzdHMvdGVzdF9zcHJpbnQxaF9vbmJvYXJkaW5nLnB5Ojp0ZXN0X3N1cHBsaWVyX2Nvbm5lY3Rvcl9vbmJvYXJkaW5nX2dvbGRlbl9wYXRoIiwKICAgICJ0ZXN0cy90ZXN0X3NwcmludDFoX29uYm9hcmRpbmcucHk6OnRlc3RfYWN0aXZhdGlvbl9ibG9ja2VkX3dpdGhvdXRfbWFwcGluZ19hbmRfY2VydGlmaWNhdGlvbiIsCiAgICAidGVzdHMvdGVzdF9zcHJpbnQxaF9vbmJvYXJkaW5nLnB5Ojp0ZXN0X2NyZWRlbnRpYWxfcm90YXRpb25fcmV2b2tl
2026-09-10T08:11:31.1282425Z GO_EVIDENCE_B64 c19wcmV2aW91cyIsCiAgICAidGVzdHMvdGVzdF9zcHJpbnQxaF9vbmJvYXJkaW5nLnB5Ojp0ZXN0X3N1c3BlbmRfemVyb2VzX3JvbGxvdXQiLAogICAgInRlc3RzL3Rlc3Rfc3ByaW50MWlfcm91dGluZy5weTo6dGVzdF9vZmZpY2lhbF9hdXRob3JpemF0aW9uX291dHJhbmtzX2NoZWFwZXJfbm9ub2ZmaWNpYWwiLAogICAgInRlc3RzL3Rlc3Rfc3ByaW50MWlfcm91dGluZy5weTo6dGVzdF91bmhlYWx0aHlfY29ubmVjdG9yX3JlbW92ZWRfZnJvbV9yb3V0ZSIsCiAgICAidGVzdHMvdGVzdF9zcHJpbnQxaV9yb3V0aW5nLnB5Ojp0
2026-09-10T08:11:31.1289069Z GO_EVIDENCE_B64 ZXN0X2NhbmFyeV9idWNrZXRfaXNfZGV0ZXJtaW5pc3RpYyIsCiAgICAidGVzdHMvdGVzdF9zcHJpbnQxaV9yb3V0aW5nLnB5Ojp0ZXN0X3NlYXJjaF9mYWlsb3Zlcl9hbGxvd2VkX2FuZF9ib29rX2ZhaWxvdmVyX2Jsb2NrZWQiLAogICAgInRlc3RzL3Rlc3Rfc3ByaW50MWlfcm91dGluZy5weTo6dGVzdF9zbGFfYXBpIiwKICAgICJ0ZXN0cy90ZXN0X3NwcmludDFqX21lcmdlLnB5Ojp0ZXN0X3Jvb21fbWFwcGluZ19tZXJnZXNfZXF1aXZhbGVudF9zb3VyY2VzX2FuZF9vZmZpY2lhbF93aW5zIiwKICAgICJ0ZXN0cy90ZXN0X3Nw
2026-09-10T08:11:31.1295817Z GO_EVIDENCE_B64 cmludDFqX21lcmdlLnB5Ojp0ZXN0X21hdGVyaWFsX3BvbGljeV9kaWZmZXJlbmNlX2lzX25vdF9jb2xsYXBzZWQiLAogICAgInRlc3RzL3Rlc3Rfc3ByaW50MWpfbWVyZ2UucHk6OnRlc3RfcHJpY2VfYW5kX2ludmVudG9yeV9kcmlmdF9jcmVhdGVzX2V2ZW50IiwKICAgICJ0ZXN0cy90ZXN0X3NwcmludDFqX21lcmdlLnB5Ojp0ZXN0X21lcmdlX2dvdmVybmFuY2VfYXBpIiwKICAgICJ0ZXN0cy90ZXN0X3NwcmludDFrX3ByZWJvb2tfY29uc2lzdGVuY3kucHk6OnRlc3RfcHJlYm9va19yZXZhbGlkYXRpb25fdW5jaGFuZ2VkIiwK
2026-09-10T08:11:31.1302471Z GO_EVIDENCE_B64 ICAgICJ0ZXN0cy90ZXN0X3NwcmludDFrX3ByZWJvb2tfY29uc2lzdGVuY3kucHk6OnRlc3RfcHJpY2VfY2hhbmdlX2Jsb2Nrc19jaGVja291dCIsCiAgICAidGVzdHMvdGVzdF9zcHJpbnQxa19wcmVib29rX2NvbnNpc3RlbmN5LnB5Ojp0ZXN0X2ludmVudG9yeV9sb3NzX2Jsb2Nrc19jaGVja291dCIsCiAgICAidGVzdHMvdGVzdF9zcHJpbnQxa19wcmVib29rX2NvbnNpc3RlbmN5LnB5Ojp0ZXN0X3F1b3RlX2V4cGlyeV9ibG9ja3NfcGF5bWVudCIsCiAgICAidGVzdHMvdGVzdF9zcHJpbnQxbF9wYXltZW50X29yY2hlc3RyYXRp
2026-09-10T08:11:31.1309047Z GO_EVIDENCE_B64 b24ucHk6OnRlc3RfYXV0aG9yaXplX2Jvb2tfY2FwdHVyZV9zZXF1ZW5jZSIsCiAgICAidGVzdHMvdGVzdF9zcHJpbnQxbF9wYXltZW50X29yY2hlc3RyYXRpb24ucHk6OnRlc3RfZGVmaW5pdGl2ZV9zdXBwbGllcl9ib29raW5nX2ZhaWx1cmVfdm9pZHNfYXV0aG9yaXphdGlvbl9ub19jYXB0dXJlIiwKICAgICJ0ZXN0cy90ZXN0X3NwcmludDFsX3BheW1lbnRfb3JjaGVzdHJhdGlvbi5weTo6dGVzdF9hbWJpZ3VvdXNfc3VwcGxpZXJfYm9va2luZ19kb2VzX25vdF92b2lkX2F1dGhvcml6YXRpb24iLAogICAgInRlc3RzL3Rlc3Rf
2026-09-10T08:11:31.1315636Z GO_EVIDENCE_B64 c3ByaW50MWxfcGF5bWVudF9vcmNoZXN0cmF0aW9uLnB5Ojp0ZXN0X2NhcHR1cmVfZmFpbHVyZV9hZnRlcl9zdXBwbGllcl9ib29raW5nX21vdmVzX3RvX3JlY29uY2lsaWF0aW9uIiwKICAgICJ0ZXN0cy90ZXN0X3NwcmludDFtX2ZhcmVfcnVudGltZS5weTo6dGVzdF9mcmVlX2NhbmNlbF9mdWxsX3JlZnVuZCIsCiAgICAidGVzdHMvdGVzdF9zcHJpbnQxbV9mYXJlX3J1bnRpbWUucHk6OnRlc3RfdGllcmVkX2NhbmNlbF81MF9wZXJjZW50IiwKICAgICJ0ZXN0cy90ZXN0X3NwcmludDFtX2ZhcmVfcnVudGltZS5weTo6dGVzdF9j
2026-09-10T08:11:31.1322248Z GO_EVIDENCE_B64 aGFuZ2VfaGlnaGVyX3ByaWNlX3N1cHBsZW1lbnRfYW5kX2xvd2VyX25vX3JlZnVuZCIsCiAgICAidGVzdHMvdGVzdF9zcHJpbnQxbV9mYXJlX3J1bnRpbWUucHk6OnRlc3Rfc3RheV9jcmVkaXRfcHJvcGVydHlfb25seV9hbmRfcmVkZWVtX3dpdGhfZGlmZmVyZW5jZSIsCiAgICAidGVzdHMvdGVzdF9zcHJpbnQxbl9zdXBwbGllcl9jb21wZW5zYXRpb24ucHk6OnRlc3Rfc3VwcGxpZXJfZmF1bHRfZG91YmxlX2NvbXBlbnNhdGlvbl93aXRoX2JhbmtfZGViaXQiLAogICAgInRlc3RzL3Rlc3Rfc3ByaW50MW5fc3VwcGxpZXJfY29t
2026-09-10T08:11:31.1328988Z GO_EVIDENCE_B64 cGVuc2F0aW9uLnB5Ojp0ZXN0X3N1cHBsaWVyX2ZhdWx0X2luc3VmZmljaWVudF9mdW5kc191c2VzX3Byb3RlY3Rpb25fZnVuZF9hbmRfbmVnYXRpdmVfYmFsYW5jZSIsCiAgICAidGVzdHMvdGVzdF9zcHJpbnQxbl9zdXBwbGllcl9jb21wZW5zYXRpb24ucHk6OnRlc3Rfbm9fbWFuZGF0ZV9uZXZlcl9kZWJpdHNfYmFuayIsCiAgICAidGVzdHMvdGVzdF9zcHJpbnQxbl9zdXBwbGllcl9jb21wZW5zYXRpb24ucHk6OnRlc3RfZXh0ZXJuYWxfY2F1c2VfZnVsbF9yZWZ1bmRfbm9fZG91YmxlX2NvbXBlbnNhdGlvbiIsCiAgICAidGVz
2026-09-10T08:11:31.1335649Z GO_EVIDENCE_B64 dHMvdGVzdF9zcHJpbnQxbl9zdXBwbGllcl9jb21wZW5zYXRpb24ucHk6OnRlc3RfdW5rbm93bl9yZWFzb25fcmVxdWlyZXNfZXZpZGVuY2VfYW5kX2RvZXNfbm90X2NhbmNlbCIsCiAgICAidGVzdHMvdGVzdF9zcHJpbnQxbl9zdXBwbGllcl9jb21wZW5zYXRpb24ucHk6OnRlc3RfaWRlbXBvdGVudF9zdXBwbGllcl9jYW5jZWxfZG9lc19ub3RfZG91YmxlX3JlZnVuZF9vcl9jb21wZW5zYXRlIiwKICAgICJ0ZXN0cy90ZXN0X3NwcmludDFuX3N1cHBsaWVyX2NvbXBlbnNhdGlvbi5weTo6dGVzdF9mdXR1cmVfc2V0dGxlbWVudF9y
2026-09-10T08:11:31.1342953Z GO_EVIDENCE_B64 ZWNvdmVyc19wcm90ZWN0aW9uX2Z1bmRfYmVmb3JlX3N1cHBsaWVyX3BheW91dCIsCiAgICAidGVzdHMvdGVzdF9zcHJpbnQxb190cnV0aF9yaXNrLnB5Ojp0ZXN0X2ZpdmVfc3Rhcl9vbmVfdGFwX2NvbXBsZXRlc19hbmRfcHVibGljX3Njb3JlX3N0YXlzXzNfdG9fNSIsCiAgICAidGVzdHMvdGVzdF9zcHJpbnQxb190cnV0aF9yaXNrLnB5Ojp0ZXN0X2xvd19zdGFyX3JlcXVpcmVzX3N0cnVjdHVyZWRfdGFnIiwKICAgICJ0ZXN0cy90ZXN0X3NwcmludDFvX3RydXRoX3Jpc2sucHk6OnRlc3Rfc2VyaW91c19oeWdpZW5lX2NyZWF0
2026-09-10T08:11:31.1355618Z GO_EVIDENCE_B64 ZXNfY2FuZGlkYXRlX2FuZF9vbmx5X21hcHNfcmVsZXZhbnRfZGltZW5zaW9uIiwKICAgICJ0ZXN0cy90ZXN0X3NwcmludDFvX3RydXRoX3Jpc2sucHk6OnRlc3Rfc3VwcGxpZXJfZXZpZGVuY2VfY29uZmlybWVkX3Jpc2tfY3JlYXRlc19qdWRnbWVudF9ob29rIiwKICAgICJ0ZXN0cy90ZXN0X3NwcmludDFvX3RydXRoX3Jpc2sucHk6OnRlc3RfcmVqZWN0ZWRfY2FuZGlkYXRlX2RvZXNfbm90X2NyZWF0ZV9qdWRnbWVudF9ob29rIiwKICAgICJ0ZXN0cy90ZXN0X3NwcmludDFvX3RydXRoX3Jpc2sucHk6OnRlc3RfcmVtZWRpYXRp
2026-09-10T08:11:31.1368399Z GO_EVIDENCE_B64 b25fbW92ZXNfY29uZmlybWVkX3Jpc2tfdG9fbW9uaXRvcmluZ19hbmRfcmVob29rc19qdWRnbWVudCIsCiAgICAidGVzdHMvdGVzdF9zcHJpbnQxb190cnV0aF9yaXNrLnB5Ojp0ZXN0X3NlY29uZF90cmlnZ2VyX29ubHlfZm9yX25vdF9yZXZpZXdlZF9hbmRfY29tcGxldGVkX25ldmVyX3JldHJpZ2dlcnMiLAogICAgInRlc3RzL3Rlc3Rfc3ByaW50MXBfanVkZ21lbnRfcnVudGltZS5weTo6dGVzdF9oaWdoX2dvX3Njb3JlX2RvZXNfbm90X2F1dG9fY3JlYXRlX3JlY29tbWVuZGF0aW9uIiwKICAgICJ0ZXN0cy90ZXN0X3Nwcmlu
2026-09-10T08:11:31.1381290Z GO_EVIDENCE_B64 dDFwX2p1ZGdtZW50X3J1bnRpbWUucHk6OnRlc3RfY29tbWVyY2lhbF9maWVsZHNfcGh5c2ljYWxseV9yZWplY3RlZF9mcm9tX2p1ZGdtZW50IiwKICAgICJ0ZXN0cy90ZXN0X3NwcmludDFwX2p1ZGdtZW50X3J1bnRpbWUucHk6OnRlc3RfY29uZmlybWVkX3NlcmlvdXNfcmlza19yZWhvb2tzX2FuZF9tb3Zlc190b19ub3RfcmVjb21tZW5kZWQiLAogICAgInRlc3RzL3Rlc3Rfc3ByaW50MXBfanVkZ21lbnRfcnVudGltZS5weTo6dGVzdF9yZW1lZGlhdGlvbl9jcmVhdGVzX25ld19qdWRnbWVudF9hbmRfcmVwbGF5YWJsZV9oaXN0
2026-09-10T08:11:31.1394897Z GO_EVIDENCE_B64 b3J5IiwKICAgICJ0ZXN0cy90ZXN0X3NwcmludDFwX2p1ZGdtZW50X3J1bnRpbWUucHk6OnRlc3RfcmF3X3N0YXJfbm90X2luX2ZlYXR1cmVfc25hcHNob3QiLAogICAgInRlc3RzL3Rlc3Rfc3ByaW50MXBfanVkZ21lbnRfcnVudGltZS5weTo6dGVzdF9jb25zdGl0dXRpb25fYXNzZXNzbWVudF9jYW5fcHVibGlzaF9nb19yZWNvbW1lbmRlZF93aXRob3V0X3Njb3JlX3RocmVzaG9sZF9ydWxlIiwKICAgICJ0ZXN0cy90ZXN0X3NwcmludDFwX2p1ZGdtZW50X3J1bnRpbWUucHk6OnRlc3Rfd29ydGhfdGhlX2pvdXJuZXlfeWVzX2lz
2026-09-10T08:11:31.1407811Z GO_EVIDENCE_B64 X21hbmRhdG9yeV9mb3JfcmVjb21tZW5kYXRpb24iLAogICAgInRlc3RzL3Rlc3Rfc3ByaW50MXBfanVkZ21lbnRfcnVudGltZS5weTo6dGVzdF9uZXN0ZWRfY29tbWVyY2lhbF9maWVsZF9pc19yZWplY3RlZF9mcm9tX3JlY29tbWVuZGF0aW9uX2Fzc2Vzc21lbnQiLAogICAgInRlc3RzL3Rlc3Rfc3ByaW50MXFfb3BlcmF0aW9uYWxfZGFzaGJvYXJkLnB5Ojp0ZXN0X3N1cHBsaWVyX2lkZW50aXR5X3Byb3BhZ2F0ZXNfdG9fb3JkZXJfYW5kX3N1cHBsaWVyX2Rhc2hib2FyZCIsCiAgICAidGVzdHMvdGVzdF9zcHJpbnQxcV9vcGVy
2026-09-10T08:11:31.1420813Z GO_EVIDENCE_B64 YXRpb25hbF9kYXNoYm9hcmQucHk6OnRlc3Rfc3VwcGxpZXJfb3JkZXJfbGlzdF9pc190ZW5hbnRfc2NvcGVkIiwKICAgICJ0ZXN0cy90ZXN0X3NwcmludDFxX29wZXJhdGlvbmFsX2Rhc2hib2FyZC5weTo6dGVzdF9zdXBwbGllcl9yZWZ1bmRfYXBwZWFyc19pbl9jb25zb2xlIiwKICAgICJ0ZXN0cy90ZXN0X3NwcmludDFxX29wZXJhdGlvbmFsX2Rhc2hib2FyZC5weTo6dGVzdF9hZG1pbl9kYXNoYm9hcmRfYW5kX3F1ZXVlc19hcmVfb3BlcmF0aW9uYWxfdmlld3MiLAogICAgInRlc3RzL3Rlc3Rfc3ByaW50MXFfb3BlcmF0aW9u
2026-09-10T08:11:31.1431957Z GO_EVIDENCE_B64 YWxfZGFzaGJvYXJkLnB5Ojp0ZXN0X3N1cHBsaWVyX2ZpbmFuY2lhbF9yaXNrX2lzX3Zpc2libGUiLAogICAgInRlc3RzL3Rlc3Rfc3ByaW50MXJfaWRlbnRpdHlfc2VjdXJpdHkucHk6OnRlc3Rfc3VwcGxpZXJfZGFzaGJvYXJkX3JlcXVpcmVzX2F1dGhfYW5kX3RlbmFudF9jb21lc19mcm9tX3Rva2VuIiwKICAgICJ0ZXN0cy90ZXN0X3NwcmludDFyX2lkZW50aXR5X3NlY3VyaXR5LnB5Ojp0ZXN0X2FkbWluX3JiYWNfc2VwYXJhdGVzX2ZpbmFuY2VfZnJvbV90cnVzdCIsCiAgICAidGVzdHMvdGVzdF9zcHJpbnQxcl9pZGVudGl0
2026-09-10T08:11:31.1438923Z GO_EVIDENCE_B64 eV9zZWN1cml0eS5weTo6dGVzdF9yZWZyZXNoX2FuZF9zZXNzaW9uX3Jldm9jYXRpb24iLAogICAgInRlc3RzL3Rlc3Rfc3ByaW50MXJfaWRlbnRpdHlfc2VjdXJpdHkucHk6OnRlc3RfZHVhbF9jb250cm9sX3JlcXVpcmVzX2Rpc3RpbmN0X3NlY29uZF9hZG1pbiIsCiAgICAidGVzdHMvdGVzdF9zcHJpbnQxcl9pZGVudGl0eV9zZWN1cml0eS5weTo6dGVzdF9tdXRhdGluZ19hdXRoZW50aWNhdGVkX3JlcXVlc3Rfd3JpdGVzX2F1ZGl0IiwKICAgICJ0ZXN0cy90ZXN0X3NwcmludDF0X2ludGVyYWN0aXZlLnB5Ojp0ZXN0X3N1cHBs
2026-09-10T08:11:31.1445949Z GO_EVIDENCE_B64 aWVyX29yZGVyX3dvcmtiZW5jaF9pc19hdXRoZW50aWNhdGVkX2FuZF9zY29wZWQiLAogICAgInRlc3RzL3Rlc3Rfc3ByaW50MXRfaW50ZXJhY3RpdmUucHk6OnRlc3RfYWRtaW5faW50ZXJhY3RpdmVfZW5kcG9pbnRzX3JlcXVpcmVfcGVybWlzc2lvbnMiLAogICAgInRlc3RzL3Rlc3Rfc3ByaW50MXRfaW50ZXJhY3RpdmUucHk6OnRlc3RfZnJvbnRlbmRfY29udGFpbnNfaW50ZXJhY3RpdmVfd29ya2JlbmNoX2NvbnRyYWN0IiwKICAgICJ0ZXN0cy90ZXN0X3NwcmludDF1X3Byb2R1Y3Rpb25fYmZmLnB5Ojp0ZXN0X2JmZl91c2Vz
2026-09-10T08:11:31.1452628Z GO_EVIDENCE_B64 X2h0dHBfb25seV9jb29raWVzX2FuZF9ub190b2tlbnNfaW5fcGF5bG9hZCIsCiAgICAidGVzdHMvdGVzdF9zcHJpbnQxdV9wcm9kdWN0aW9uX2JmZi5weTo6dGVzdF9jc3JmX2Jsb2Nrc19jb29raWVfYXV0aGVudGljYXRlZF9tdXRhdGlvbiIsCiAgICAidGVzdHMvdGVzdF9zcHJpbnQxdV9wcm9kdWN0aW9uX2JmZi5weTo6dGVzdF9zZWN1cml0eV9oZWFkZXJzX2FyZV9wcmVzZW50IiwKICAgICJ0ZXN0cy90ZXN0X3NwcmludDF1X3Byb2R1Y3Rpb25fYmZmLnB5Ojp0ZXN0X21mYV9lbnJvbGxtZW50X2FuZF9sb2dpbl9lbmZvcmNl
2026-09-10T08:11:31.1459319Z GO_EVIDENCE_B64 bWVudCIsCiAgICAidGVzdHMvdGVzdF9zcHJpbnQxdV9wcm9kdWN0aW9uX2JmZi5weTo6dGVzdF9mcm9udGVuZF9oYXNfbm9fbG9jYWxzdG9yYWdlX2F1dGhfdG9rZW5zIiwKICAgICJ0ZXN0cy90ZXN0X3NwcmludDF2X29ic2VydmFiaWxpdHkucHk6OnRlc3RfaGVhbHRoX3RyYWNlX2FuZF9tZXRyaWNzIiwKICAgICJ0ZXN0cy90ZXN0X3NwcmludDF2X29ic2VydmFiaWxpdHkucHk6OnRlc3Rfc2VjdXJpdHlfaGVhZGVyc19wcmVzZW50IiwKICAgICJ0ZXN0cy90ZXN0X3NwcmludDF2X29ic2VydmFiaWxpdHkucHk6OnRlc3Rfc2xv
2026-09-10T08:11:31.1465943Z GO_EVIDENCE_B64 X3JlZ2lzdHJ5X2hhc19hcGlfYXZhaWxhYmlsaXR5IiwKICAgICJ0ZXN0cy90ZXN0X3NwcmludDF4X2NvbnN1bWVyX2UyZS5weTo6dGVzdF9jb25zdW1lcl9mcm9udGVuZF9tb3VudCIsCiAgICAidGVzdHMvdGVzdF9zcHJpbnQxeF9jb25zdW1lcl9lMmUucHk6OnRlc3RfY29uc3VtZXJfYm9va2luZ190cmlwc19jaGFuZ2VfY2FuY2VsX3JlZnVuZCIsCiAgICAidGVzdHMvdGVzdF9zcHJpbnQxeF9jb25zdW1lcl9lMmUucHk6OnRlc3RfY29uc3VtZXJfc3RheV9jcmVkaXRfYW5kX3F1aWNrX3JldmlldyIsCiAgICAidGVzdHMvdGVz
2026-09-10T08:11:31.1472638Z GO_EVIDENCE_B64 dF9zcHJpbnQxeV9jb25zdW1lcl9pZGVudGl0eS5weTo6dGVzdF9yZWdpc3Rlcl9zZWN1cmVfY29va2llX2dvX2lkX2FuZF9zZXNzaW9uIiwKICAgICJ0ZXN0cy90ZXN0X3NwcmludDF5X2NvbnN1bWVyX2lkZW50aXR5LnB5Ojp0ZXN0X3RyYXZlbGVyX2FuZF9wYXltZW50X3Rva2VuaXphdGlvbl9ub19wYW5fcmVhZGJhY2siLAogICAgInRlc3RzL3Rlc3Rfc3ByaW50MXlfY29uc3VtZXJfaWRlbnRpdHkucHk6OnRlc3RfYXV0aGVudGljYXRlZF9vcmRlcl9vd25lcnNoaXBfYW5kX3Rva2VuaXplZF9jaGVja291dCIsCiAgICAidGVz
2026-09-10T08:11:31.1479250Z GO_EVIDENCE_B64 dHMvdGVzdF9zcHJpbnQxeV9jb25zdW1lcl9pZGVudGl0eS5weTo6dGVzdF9yZWZyZXNoX3JvdGF0aW9uX2FuZF9sb2dvdXQiLAogICAgInRlc3RzL3Rlc3Rfc3ByaW50MXpfbW9iaWxlLnB5Ojp0ZXN0X25hdGl2ZV9iZWFyZXJfc2Vzc2lvbl9kZXZpY2VfcHVzaF9hbmRfcmVmcmVzaCIsCiAgICAidGVzdHMvdGVzdF9zcHJpbnQxel9tb2JpbGUucHk6OnRlc3RfZGVlcF9saW5rc19hcmVfYWxsb3dsaXN0ZWQiLAogICAgInRlc3RzL3Rlc3Rfc3ByaW50MXpfbW9iaWxlLnB5Ojp0ZXN0X3B1c2hfdG9rZW5fbm90X3JldHVybmVkX2Fu
2026-09-10T08:11:31.1485869Z GO_EVIDENCE_B64 ZF9kZXZpY2VfaXNfdXNlcl9zY29wZWQiLAogICAgInRlc3RzL3Rlc3Rfc3ByaW50MmFfbW9iaWxlX2UyZS5weTo6dGVzdF9ib29raW5nX3B1c2hfZGVlcF9saW5rX2FuZF9jaGVja2luX2pvYiIsCiAgICAidGVzdHMvdGVzdF9zcHJpbnQyYV9tb2JpbGVfZTJlLnB5Ojp0ZXN0X3JlZnVuZF9hbmRfY29tcGVuc2F0aW9uX2V2ZW50c19iZWNvbWVfbW9iaWxlX25vdGlmaWNhdGlvbnMiLAogICAgInRlc3RzL3Rlc3Rfc3ByaW50MmFfbW9iaWxlX2UyZS5weTo6dGVzdF9jaGVja291dF9yZXZpZXdfZmlyc3RfcHVzaF90aGVuX25leHRf
2026-09-10T08:11:31.1492340Z GO_EVIDENCE_B64 YXBwX29wZW5fcXVpY2tfcmV2aWV3X2FuZF9ub19yZXBlYXQiLAogICAgInRlc3RzL3Rlc3Rfc3ByaW50MmFfbW9iaWxlX2UyZS5weTo6dGVzdF9uYXRpdmVfbG93X3Jldmlld19yZXF1aXJlc19zdHJ1Y3R1cmVkX3RhZ19hbmRfY2FuX2NyZWF0ZV9yaXNrIiwKICAgICJ0ZXN0cy90ZXN0X3NwcmludDJhX21vYmlsZV9lMmUucHk6OnRlc3RfbW9iaWxlX2ZhcmVfd3JhcHBlcnNfZW5mb3JjZV9jb25zdW1lcl9vd25lcnNoaXAiLAogICAgInRlc3RzL3Rlc3Rfc3ByaW50MmJfbW9iaWxlX3JlbGVhc2UucHk6OnRlc3RfcHVzaF9yZWNl
2026-09-10T08:11:31.1498936Z GO_EVIDENCE_B64 aXB0X2xpZmVjeWNsZV93aXRoX21vY2tfcHJvdmlkZXIiLAogICAgInRlc3RzL3Rlc3Rfc3ByaW50MmJfbW9iaWxlX3JlbGVhc2UucHk6OnRlc3RfbW9iaWxlX3JlbGVhc2VfYXJ0aWZhY3RzX2FuZF9vZmZsaW5lX2NvbnRyYWN0X2V4aXN0IiwKICAgICJ0ZXN0cy90ZXN0X3NwcmludDJiX21vYmlsZV9yZWxlYXNlLnB5Ojp0ZXN0X3B1c2hfcmVjZWlwdF9pbnRlcm5hbF9hcGlfaXNfbm90X3B1YmxpYyIsCiAgICAidGVzdHMvdGVzdF9zcHJpbnQyY19yZWxlYXNlX2dhdGUucHk6OnRlc3RfcmVsZWFzZV9hcnRpZmFjdHNfZXhpc3Qi
2026-09-10T08:11:31.1505781Z GO_EVIDENCE_B64 LAogICAgInRlc3RzL3Rlc3Rfc3ByaW50MmNfcmVsZWFzZV9nYXRlLnB5Ojp0ZXN0X3N0YXRpY19zdG9yZV9jaGVja19wYXNzZXNfc3RydWN0dXJlIiwKICAgICJ0ZXN0cy90ZXN0X3NwcmludDJjX3JlbGVhc2VfZ2F0ZS5weTo6dGVzdF9jZXJ0aWZpY2F0aW9uX2dhdGVfZmFpbHNfY2xvc2VkX3dpdGhvdXRfcmVhbF9ldmlkZW5jZSIsCiAgICAidGVzdHMvdGVzdF9zcHJpbnQyZF9icmluZ3VwLnB5Ojp0ZXN0X2NyZWRlbnRpYWxfbWFuaWZlc3RfaGFzXzE1X2dhdGVfZGVwZW5kZW5jaWVzIiwKICAgICJ0ZXN0cy90ZXN0X3Nwcmlu
2026-09-10T08:11:31.1512302Z GO_EVIDENCE_B64 dDJkX2JyaW5ndXAucHk6OnRlc3RfZ2F0ZV9sZWRnZXJfc3RhcnRzX2ZhaWxfY2xvc2VkIiwKICAgICJ0ZXN0cy90ZXN0X3NwcmludDJkX2JyaW5ndXAucHk6OnRlc3RfcHJlZmxpZ2h0X2ZhaWxzX2Nsb3NlZF93aXRob3V0X2NyZWRlbnRpYWxzIiwKICAgICJ0ZXN0cy90ZXN0X3NwcmludDJkX2JyaW5ndXAucHk6OnRlc3RfcmVsZWFzZV93b3JrZmxvd193YWl0c19mb3Jfc3RvcmVfYnVpbGRfYW5kX3N1Ym1pdCIsCiAgICAidGVzdHMvdGVzdF9zcHJpbnQyZF9icmluZ3VwLnB5Ojp0ZXN0X2V2aWRlbmNlX3RlbXBsYXRlX2ZvcmJp
2026-09-10T08:11:31.1518946Z GO_EVIDENCE_B64 ZHNfc2VjcmV0cyIsCiAgICAidGVzdHMvdGVzdF9zcHJpbnQzYV9mbGlnaHQucHk6OnRlc3RfZmxpZ2h0X3NlYXJjaF90b190aWNrZXRfYW5kX3RyaXAiLAogICAgInRlc3RzL3Rlc3Rfc3ByaW50M2FfZmxpZ2h0LnB5Ojp0ZXN0X2ZsaWdodF9jaGFuZ2VfcmVpc3N1ZXNfdGlja2V0IiwKICAgICJ0ZXN0cy90ZXN0X3NwcmludDNhX2ZsaWdodC5weTo6dGVzdF9mbGlnaHRfcmVmdW5kX3RyYWNrc19mZWVfYW5kX29yaWdpbmFsX3BheW1lbnQiLAogICAgInRlc3RzL3Rlc3Rfc3ByaW50M2FfZmxpZ2h0LnB5Ojp0ZXN0X2Nyb3NzX2Fj
2026-09-10T08:11:31.1525648Z GO_EVIDENCE_B64 Y291bnRfZmxpZ2h0X29yZGVyX2lzb2xhdGlvbiIsCiAgICAidGVzdHMvdGVzdF9zcHJpbnQzYl9yYWlsLnB5Ojp0ZXN0X3JhaWxfc2VhcmNoX3RvX3RpY2tldF9hbmRfdHJpcCIsCiAgICAidGVzdHMvdGVzdF9zcHJpbnQzYl9yYWlsLnB5Ojp0ZXN0X3JhaWxfY2hhbmdlX3JlaXNzdWVzX3RpY2tldCIsCiAgICAidGVzdHMvdGVzdF9zcHJpbnQzYl9yYWlsLnB5Ojp0ZXN0X3JhaWxfcmVmdW5kX3RyYWNrc19mZWVfYW5kX29yaWdpbmFsX3BheW1lbnQiLAogICAgInRlc3RzL3Rlc3Rfc3ByaW50M2JfcmFpbC5weTo6dGVzdF9jcm9z
2026-09-10T08:11:31.1532358Z GO_EVIDENCE_B64 c19hY2NvdW50X3JhaWxfb3JkZXJfaXNvbGF0aW9uIiwKICAgICJ0ZXN0cy90ZXN0X3NwcmludDNjX21vYmlsaXR5LnB5Ojp0ZXN0X3JpZGVfYW5kX3JlbnRhbF9nb2xkZW5fcGF0aCIsCiAgICAidGVzdHMvdGVzdF9zcHJpbnQzZF9hdHRyYWN0aW9ucy5weTo6dGVzdF9hdHRyYWN0aW9uX2dvbGRlbl9wYXRoIiwKICAgICJ0ZXN0cy90ZXN0X3NwcmludDNkX2F0dHJhY3Rpb25zLnB5Ojp0ZXN0X25vbl9yZWZ1bmRhYmxlX2V4cGVyaWVuY2UiLAogICAgInRlc3RzL3Rlc3Rfc3ByaW50M2VfdW5pZmllZF90cmlwcy5weTo6dGVzdF91
2026-09-10T08:11:31.1538935Z GO_EVIDENCE_B64 bmlmaWVkX2dvX3RyaXBzX3NpeF92ZXJ0aWNhbHMiLAogICAgInRlc3RzL3Rlc3Rfc3ByaW50M2VfdW5pZmllZF90cmlwcy5weTo6dGVzdF9jcm9zc19hY2NvdW50X2pvdXJuZXlfaXNvbGF0aW9uIiwKICAgICJ0ZXN0cy90ZXN0X3NwcmludDNmX2pvdXJuZXlfaW50ZWxsaWdlbmNlLnB5Ojp0ZXN0X2ZsaWdodF9kZWxheV9kZXRlY3RzX2Rvd25zdHJlYW1faW1wYWN0c193aXRob3V0X2F1dG9fbXV0YXRpb24iLAogICAgInRlc3RzL3Rlc3Rfc3ByaW50M2Zfam91cm5leV9pbnRlbGxpZ2VuY2UucHk6OnRlc3RfbGF0ZXN0X2FuZF9h
2026-09-10T08:11:31.1550538Z GO_EVIDENCE_B64 Y2tub3dsZWRnZV9hbmRfaXNvbGF0aW9uIiwKICAgICJ0ZXN0cy90ZXN0X3NwcmludDNnX2pvdXJuZXlfcmVjb3ZlcnkucHk6OnRlc3RfYnVpbGRzX211bHRpX3ZlcnRpY2FsX3JlY292ZXJ5X29wdGlvbnNfd2l0aG91dF9hdXRvX211dGF0aW9uIiwKICAgICJ0ZXN0cy90ZXN0X3NwcmludDNnX2pvdXJuZXlfcmVjb3ZlcnkucHk6OnRlc3Rfc2VsZWN0X2lzX3NpbmdsZV9jaG9pY2VfcGVyX2ltcGFjdF9hbmRfc3RpbGxfbm9fZXhlY3V0aW9uIiwKICAgICJ0ZXN0cy90ZXN0X3NwcmludDNoX3JlY292ZXJ5X2V4ZWN1dGlvbi5weTo6
2026-09-10T08:11:31.1562830Z GO_EVIDENCE_B64 dGVzdF9hdG9taWNfaW50ZW50X2lzX2lkZW1wb3RlbnRfYW5kX3N1cHBsaWVyX2V4ZWN1dGlvbl9pc19ub25fYXRvbWljIiwKICAgICJ0ZXN0cy90ZXN0X3NwcmludDNoX3JlY292ZXJ5X2V4ZWN1dGlvbi5weTo6dGVzdF9wcmljZV9jaGFuZ2VfcGF1c2VzX29ubHlfb25lX2l0ZW1fYW5kX3JlcXVpcmVzX3JlYXV0aG9yaXphdGlvbiIsCiAgICAidGVzdHMvdGVzdF9zcHJpbnQzaF9yZWNvdmVyeV9leGVjdXRpb24ucHk6OnRlc3RfdW5rbm93bl9leHRlcm5hbF9zdGF0ZV9yZWNvbmNpbGVzX3dpdGhvdXRfc2Vjb25kX3N1cHBsaWVy
2026-09-10T08:11:31.1575700Z GO_EVIDENCE_B64 X211dGF0aW9uIiwKICAgICJ0ZXN0cy90ZXN0X3NwcmludDNpX3JlY292ZXJ5X3JlY29uY2lsaWF0aW9uLnB5Ojp0ZXN0X3JlY292ZXJ5X2FkYXB0ZXJfY29udHJhY3RfY292ZXJzX2FsbF92ZXJ0aWNhbHMiLAogICAgInRlc3RzL3Rlc3Rfc3ByaW50M2lfcmVjb3ZlcnlfcmVjb25jaWxpYXRpb24ucHk6OnRlc3RfdW5rbm93bl9tdXRhdGlvbl9jcmVhdGVzX2R1cmFibGVfam9iX2FuZF9wb2xsX3Jlc29sdmVzX3dpdGhvdXRfc2Vjb25kX211dGF0aW9uIiwKICAgICJ0ZXN0cy90ZXN0X3NwcmludDNpX3JlY292ZXJ5X3JlY29uY2ls
2026-09-10T08:11:31.1588665Z GO_EVIDENCE_B64 aWF0aW9uLnB5Ojp0ZXN0X3dlYmhvb2tfYW5kX3BvbGxfY29udmVyZ2Vfb25fc2FtZV9zdXBwbGllcl9vcGVyYXRpb24iLAogICAgInRlc3RzL3Rlc3Rfc3ByaW50M2lfcmVjb3ZlcnlfcmVjb25jaWxpYXRpb24ucHk6OnRlc3RfZXhwaXJlZF93b3JrZXJfbGVhc2VfaXNfcmVjbGFpbWVkX2FmdGVyX2NyYXNoIiwKICAgICJ0ZXN0cy90ZXN0X3NwcmludDNpX3JlY292ZXJ5X3JlY29uY2lsaWF0aW9uLnB5Ojp0ZXN0X2RlYWRfbGV0dGVyX3JlcXVpcmVzX21hbnVhbF9yZXZpZXdfYW5kX2Nhbl9iZV9yZXNvbHZlZCIsCiAgICAidGVz
2026-09-10T08:11:31.1601854Z GO_EVIDENCE_B64 dHMvdGVzdF9zcHJpbnQzal9yZWNvdmVyeV9ldmlkZW5jZV9jb250cm9sLnB5Ojp0ZXN0X3N1cHBsaWVyX211dGF0aW9uX2NyZWF0ZXNfY29tbWFuZF9sZWRnZXJfYW5kX29wZXJhdGlvbmFsX2Nhc2UiLAogICAgInRlc3RzL3Rlc3Rfc3ByaW50M2pfcmVjb3ZlcnlfZXZpZGVuY2VfY29udHJvbC5weTo6dGVzdF9wb2xsX2FuZF9maW5hbF9leHRlcm5hbF9mYWN0X2FyZV9jaGFpbmVkX3dpdGhvdXRfcmVzZW5kIiwKICAgICJ0ZXN0cy90ZXN0X3NwcmludDNqX3JlY292ZXJ5X2V2aWRlbmNlX2NvbnRyb2wucHk6OnRlc3RfYWRtaW5f
2026-09-10T08:11:31.1615122Z GO_EVIDENCE_B64 Y29udHJvbF9wbGFuZV9hc3NpZ25zX293bmVyX2J1dF9leHBvc2VzX25vX3N1cHBsaWVyX2ZhY3RfbXV0YXRpb24iLAogICAgInRlc3RzL3Rlc3Rfc3ByaW50M2pfcmVjb3ZlcnlfZXZpZGVuY2VfY29udHJvbC5weTo6dGVzdF9tYW51YWxfcmVzb2x1dGlvbl9lbmRwb2ludF9yZXF1aXJlc19ldmlkZW5jZV9yZWZlcmVuY2UiLAogICAgInRlc3RzL3Rlc3Rfc3ByaW50M2tfcmVjb3Zlcnlfc2xhX29wcy5weTo6dGVzdF9jYXNlX2dldHNfc2xhX3F1ZXVlX3BsYXlib29rX2FuZF9ldmlkZW5jZV9yZXF1aXJlbWVudCIsCiAgICAidGVz
2026-09-10T08:11:31.1623736Z GO_EVIDENCE_B64 dHMvdGVzdF9zcHJpbnQza19yZWNvdmVyeV9zbGFfb3BzLnB5Ojp0ZXN0X3NsYV90aWNrX2F1dG9fYXNzaWduc19lc2NhbGF0ZXNfYW5kX2VtaXRzX2FsZXJ0X3dpdGhvdXRfdG91Y2hpbmdfc3VwcGxpZXJfZmFjdCIsCiAgICAidGVzdHMvdGVzdF9zcHJpbnQza19yZWNvdmVyeV9zbGFfb3BzLnB5Ojp0ZXN0X3Jlc3BvbnNpYmlsaXR5X3RyYW5zZmVyX2lzX29wZXJhdGlvbmFsX29ubHkiLAogICAgInRlc3RzL3Rlc3Rfc3ByaW50M2tfcmVjb3Zlcnlfc2xhX29wcy5weTo6dGVzdF9jYXNlX2Nsb3NlX2lzX2Jsb2NrZWRfdW50aWxf
2026-09-10T08:11:31.1631067Z GO_EVIDENCE_B64 cmVxdWlyZWRfZmluYWxfZXh0ZXJuYWxfZmFjdF9leGlzdHMiLAogICAgInRlc3RzL3Rlc3Rfc3ByaW50M2tfcmVjb3Zlcnlfc2xhX29wcy5weTo6dGVzdF9zbGFfcG9saWN5X2FuZF9xdWV1ZV9hcGlfYW5kX25vX3N1cHBsaWVyX2ZhY3RfbXV0YXRvciIsCiAgICAidGVzdHMvdGVzdF9zcHJpbnQzbF9yZWNvdmVyeV9yZWxpYWJpbGl0eS5weTo6dGVzdF9yZWxpYWJpbGl0eV9wcm9maWxlX3JlYnVpbGRfZnJvbV9yZWFsX3JlY292ZXJ5X2ZhY3RzIiwKICAgICJ0ZXN0cy90ZXN0X3NwcmludDNsX3JlY292ZXJ5X3JlbGlhYmlsaXR5
2026-09-10T08:11:31.1638014Z GO_EVIDENCE_B64 LnB5Ojp0ZXN0X3JlbGlhYmlsaXR5X21lbW9yeV9jaGFuZ2VzX2Z1dHVyZV9yZWNvbmNpbGlhdGlvbl9wb2xpY3lfd2l0aG91dF9yZXNlbmQiLAogICAgInRlc3RzL3Rlc3Rfc3ByaW50M2xfcmVjb3ZlcnlfcmVsaWFiaWxpdHkucHk6OnRlc3Rfc2xhX2ZlZWRiYWNrX3VzZXNfcHJvZmlsZV9idXRfZG9lc19ub3RfbXV0YXRlX3N1cHBsaWVyX2ZhY3QiLAogICAgInRlc3RzL3Rlc3Rfc3ByaW50M2xfcmVjb3ZlcnlfcmVsaWFiaWxpdHkucHk6OnRlc3RfcmVsaWFiaWxpdHlfYWRtaW5fYXBpX2lzX3JlYWRfcmVidWlsZF9vbmx5IiwK
2026-09-10T08:11:31.1644735Z GO_EVIDENCE_B64 ICAgICJ0ZXN0cy90ZXN0X3NwcmludDNtX3JlY292ZXJ5X3N0cmF0ZWd5X2dvdmVybmFuY2UucHk6OnRlc3RfbWluX3NhbXBsZV9hbmRfY29uZmlkZW5jZV9mb3JjZV9iYXNlbGluZSIsCiAgICAidGVzdHMvdGVzdF9zcHJpbnQzbV9yZWNvdmVyeV9zdHJhdGVneV9nb3Zlcm5hbmNlLnB5Ojp0ZXN0X3NoYWRvd19jYW5hcnlfcmVxdWlyZV9hcHByb3ZhbF9hbmRfZG9fbm90X211dGF0ZV9zdXBwbGllcl9mYWN0IiwKICAgICJ0ZXN0cy90ZXN0X3NwcmludDNtX3JlY292ZXJ5X3N0cmF0ZWd5X2dvdmVybmFuY2UucHk6OnRlc3RfYm91
2026-09-10T08:11:31.1651237Z GO_EVIDENCE_B64 bmRzX2FuZF9jb25maWRlbmNlX2ludGVydmFsc19hcmVfcmVjb3JkZWQiLAogICAgInRlc3RzL3Rlc3Rfc3ByaW50M21fcmVjb3Zlcnlfc3RyYXRlZ3lfZ292ZXJuYW5jZS5weTo6dGVzdF9hZG1pbl9zdHJhdGVneV9saWZlY3ljbGVfYW5kX25vX3N1cHBsaWVyX2ZhY3Rfb3ZlcnJpZGUiLAogICAgInRlc3RzL3Rlc3Rfc3ByaW50M21fcmVjb3Zlcnlfc3RyYXRlZ3lfZ292ZXJuYW5jZS5weTo6dGVzdF9ndWFyZHJhaWxfdGlja19pc19zYWZlX3dpdGhvdXRfYWN0aXZlX2NhbmRpZGF0ZSIsCiAgICAidGVzdHMvdGVzdF9zcHJpbnQz
2026-09-10T08:11:31.1657947Z GO_EVIDENCE_B64 bl9yZWNvdmVyeV9leHBlcmltZW50YXRpb24ucHk6OnRlc3RfZXhwZXJpbWVudF9yZXF1aXJlc19hcHByb3ZhbF9hbmRfY2FuZGlkYXRlX2FwcHJvdmFsIiwKICAgICJ0ZXN0cy90ZXN0X3NwcmludDNuX3JlY292ZXJ5X2V4cGVyaW1lbnRhdGlvbi5weTo6dGVzdF9kZXRlcm1pbmlzdGljX2Fzc2lnbm1lbnRfYW5kX21pbl9zYW1wbGVfZ2F0ZSIsCiAgICAidGVzdHMvdGVzdF9zcHJpbnQzbl9yZWNvdmVyeV9leHBlcmltZW50YXRpb24ucHk6OnRlc3RfcHJvbW90aW9uX3JlcXVpcmVzX3NpZ25pZmljYW5jZV9hbmRfc3RyYXRhX2Nv
2026-09-10T08:11:31.1664754Z GO_EVIDENCE_B64 dmVyYWdlIiwKICAgICJ0ZXN0cy90ZXN0X3NwcmludDNuX3JlY292ZXJ5X2V4cGVyaW1lbnRhdGlvbi5weTo6dGVzdF9zYWZldHlfZ3VhcmRyYWlsX2F1dG9fZGVncmFkZXNfY2FuZGlkYXRlIiwKICAgICJ0ZXN0cy90ZXN0X3NwcmludDNuX3JlY292ZXJ5X2V4cGVyaW1lbnRhdGlvbi5weTo6dGVzdF9hZG1pbl9hcGlfYW5kX2NhbGlicmF0aW9uX3BpcGVsaW5lIiwKICAgICJ0ZXN0cy90ZXN0X3NwcmludDNvX3JlY292ZXJ5X2xlYXJuaW5nX3JlZ2lzdHJ5LnB5Ojp0ZXN0X2tfYW5vbnltaXplZF9jcm9zc19zdXBwbGllcl9iZW5j
2026-09-10T08:11:31.1671356Z GO_EVIDENCE_B64 aG1hcmtfd2l0aGhvbGRzX3NtYWxsX2NvaG9ydCIsCiAgICAidGVzdHMvdGVzdF9zcHJpbnQzb19yZWNvdmVyeV9sZWFybmluZ19yZWdpc3RyeS5weTo6dGVzdF9yZWdpc3RyeV9idWlsZHNfcHJvdmVuYW5jZV9ncmFwaF9hbmRfZnJlc2huZXNzIiwKICAgICJ0ZXN0cy90ZXN0X3NwcmludDNvX3JlY292ZXJ5X2xlYXJuaW5nX3JlZ2lzdHJ5LnB5Ojp0ZXN0X2V4cGlyZWRfY2FsaWJyYXRpb25fZm9yY2VzX3JldmFsaWRhdGlvbiIsCiAgICAidGVzdHMvdGVzdF9zcHJpbnQzb19yZWNvdmVyeV9sZWFybmluZ19yZWdpc3RyeS5weTo6
2026-09-10T08:11:31.1678207Z GO_EVIDENCE_B64 dGVzdF9jb25jZXB0X2RyaWZ0X2ZvcmNlc19yZXZhbGlkYXRpb25fd2l0aG91dF9zdXBwbGllcl9mYWN0X211dGF0aW9uIiwKICAgICJ0ZXN0cy90ZXN0X3NwcmludDNvX3JlY292ZXJ5X2xlYXJuaW5nX3JlZ2lzdHJ5LnB5Ojp0ZXN0X2FkbWluX3JlZ2lzdHJ5X2JlbmNobWFya19kcmlmdF9hbmRfcmV2YWxpZGF0aW9uX2FwaSIsCiAgICAidGVzdHMvdGVzdF9zcHJpbnQzcF9yZWNvdmVyeV9kYXRhX2dvdmVybmFuY2UucHk6OnRlc3Rfc3VwcGxpZXJfbWFwcGluZ19hbmRfcXVhbGl0eV9nYXRlIiwKICAgICJ0ZXN0cy90ZXN0X3Nw
2026-09-10T08:11:31.1684663Z GO_EVIDENCE_B64 cmludDNwX3JlY292ZXJ5X2RhdGFfZ292ZXJuYW5jZS5weTo6dGVzdF9jb250YW1pbmF0ZWRfc2FtcGxlX2lzX3F1YXJhbnRpbmVkIiwKICAgICJ0ZXN0cy90ZXN0X3NwcmludDNwX3JlY292ZXJ5X2RhdGFfZ292ZXJuYW5jZS5weTo6dGVzdF9nbG9iYWxfa2lsbF9zd2l0Y2hfZm9yY2VzX2Jhc2VsaW5lIiwKICAgICJ0ZXN0cy90ZXN0X3NwcmludDNwX3JlY292ZXJ5X2RhdGFfZ292ZXJuYW5jZS5weTo6dGVzdF9wcml2YWN5X2J1ZGdldF9leGhhdXN0aW9uX2Jsb2Nrc19yZWxlYXNlIiwKICAgICJ0ZXN0cy90ZXN0X3NwcmludDNw
2026-09-10T08:11:31.1691172Z GO_EVIDENCE_B64 X3JlY292ZXJ5X2RhdGFfZ292ZXJuYW5jZS5weTo6dGVzdF9iZW5jaG1hcmtfcmVxdWlyZXNfZ292ZXJuZWRfbWFwcGluZ19xdWFsaXR5X2FuZF9wcml2YWN5IiwKICAgICJ0ZXN0cy90ZXN0X3NwcmludDNxX3JlY292ZXJ5X2xlYXJuaW5nX2luY2lkZW50LnB5Ojp0ZXN0X29wZW5faW5jaWRlbnRfY3JlYXRlc19zbmFwc2hvdF9hbmRfZm9yY2VzX2Jhc2VsaW5lIiwKICAgICJ0ZXN0cy90ZXN0X3NwcmludDNxX3JlY292ZXJ5X2xlYXJuaW5nX2luY2lkZW50LnB5Ojp0ZXN0X3Jlc3VtZV9yZXF1aXJlc19wb3N0bW9ydGVtX2FuZF9t
2026-09-10T08:11:31.1698183Z GO_EVIDENCE_B64 YWtlcl9jaGVja2VyIiwKICAgICJ0ZXN0cy90ZXN0X3NwcmludDNxX3JlY292ZXJ5X2xlYXJuaW5nX2luY2lkZW50LnB5Ojp0ZXN0X2V4ZWN1dGVfcmVzdW1lX3JlamVjdGVkX291dHNpZGVfY2hhbmdlX3dpbmRvdyIsCiAgICAidGVzdHMvdGVzdF9zcHJpbnQzcV9yZWNvdmVyeV9sZWFybmluZ19pbmNpZGVudC5weTo6dGVzdF9zdGFnZWRfcmVzdW1lX2FjdGl2YXRlc19uYXJyb3dlcl9ibG9ja3NfYmVmb3JlX3JlbGVhc2luZ19nbG9iYWwiLAogICAgInRlc3RzL3Rlc3Rfc3ByaW50M3FfcmVjb3ZlcnlfbGVhcm5pbmdfaW5jaWRl
2026-09-10T08:11:31.1704738Z GO_EVIDENCE_B64 bnQucHk6OnRlc3RfY2xvc2VfcmVxdWlyZXNfZXhlY3V0ZWRfY2hhbmdlX2FuZF9jbG9zdXJlX2V2aWRlbmNlIiwKICAgICJ0ZXN0cy90ZXN0X3NwcmludDNxX3JlY292ZXJ5X2xlYXJuaW5nX2luY2lkZW50LnB5Ojp0ZXN0X2RpcmVjdF9yZXN1bWVfaXNfYmxvY2tlZF93aGVuX2luY2lkZW50X293bnNfa2lsbF9zd2l0Y2giLAogICAgInRlc3RzL3Rlc3Rfc3ByaW50M3JfcmVsZWFzZV9nb3Zlcm5hbmNlLnB5Ojp0ZXN0X2ltbXV0YWJsZV9jb25maWdfdmVyc2lvbnNfaW5jcmVtZW50X2FuZF9kZXZfYmluZGluZ190cmFja3NfbGF0
2026-09-10T08:11:31.1711230Z GO_EVIDENCE_B64 ZXN0IiwKICAgICJ0ZXN0cy90ZXN0X3NwcmludDNyX3JlbGVhc2VfZ292ZXJuYW5jZS5weTo6dGVzdF9kcnlfcnVuX3JlcXVpcmVzX3NvdXJjZV9lbnZpcm9ubWVudF9iaW5kaW5nX21hdGNoIiwKICAgICJ0ZXN0cy90ZXN0X3NwcmludDNyX3JlbGVhc2VfZ292ZXJuYW5jZS5weTo6dGVzdF9wcm9kX3JlcXVpcmVzX3N0YWdpbmdfZXZpZGVuY2VfYW5kX21ha2VyX2NoZWNrZXIiLAogICAgInRlc3RzL3Rlc3Rfc3ByaW50M3JfcmVsZWFzZV9nb3Zlcm5hbmNlLnB5Ojp0ZXN0X2V4cGxpY2l0X3JvbGxiYWNrX3RhcmdldF9yZXN0b3Jl
2026-09-10T08:11:31.1717773Z GO_EVIDENCE_B64 c19wcmV2aW91c19wcm9kX21hbmlmZXN0IiwKICAgICJ0ZXN0cy90ZXN0X3NwcmludDNyX3JlbGVhc2VfZ292ZXJuYW5jZS5weTo6dGVzdF9kcmlmdF9kZXRlY3Rpb25faXNfb2JzZXJ2YXRpb25hbF9hbmRfZG9lc19ub3RfYXV0b19tdXRhdGVfZXhwZWN0ZWRfYmluZGluZyIsCiAgICAidGVzdHMvdGVzdF9zcHJpbnQzcl9yZWxlYXNlX2dvdmVybmFuY2UucHk6OnRlc3Rfc3RyYXRlZ3lfY2FsaWJyYXRpb25fb3JfaW5jaWRlbnRfY2hhbmdlX2Nhbl9iZV9zbmFwc2hvdHRlZF9hc19yZWxlYXNlX2NvbmZpZyIsCiAgICAidGVzdHMv
2026-09-10T08:11:31.1724604Z GO_EVIDENCE_B64 dGVzdF9zcHJpbnQzc19ydW50aW1lX2RlcGxveW1lbnRfYXR0ZXN0YXRpb24ucHk6OnRlc3RfcnVudGltZV9maW5nZXJwcmludF9hdHRlc3RhdGlvbl9tYXRjaGVzX2dvdmVybmVkX3Byb2RfYmluZGluZyIsCiAgICAidGVzdHMvdGVzdF9zcHJpbnQzc19ydW50aW1lX2RlcGxveW1lbnRfYXR0ZXN0YXRpb24ucHk6OnRlc3RfZmluZ2VycHJpbnRfbWlzbWF0Y2hfZmFpbHNfaGVhbHRoX3ZlcmlmaWNhdGlvbiIsCiAgICAidGVzdHMvdGVzdF9zcHJpbnQzc19ydW50aW1lX2RlcGxveW1lbnRfYXR0ZXN0YXRpb24ucHk6OnRlc3Rfc21v
2026-09-10T08:11:31.1731194Z GO_EVIDENCE_B64 a2VfZmFpbHVyZV9ibG9ja3NfcmVsZWFzZV92ZXJpZmljYXRpb25fZXZlbl93aXRoX21hdGNoaW5nX2ZpbmdlcnByaW50IiwKICAgICJ0ZXN0cy90ZXN0X3NwcmludDNzX3J1bnRpbWVfZGVwbG95bWVudF9hdHRlc3RhdGlvbi5weTo6dGVzdF9oZWFsdGhfc2xvX2ZhaWx1cmVfcmVxdWlyZXNfY29udHJvbGxlZF9yb2xsYmFja19ub3Rfc3VwcGxpZXJfcm9sbGJhY2siLAogICAgInRlc3RzL3Rlc3Rfc3ByaW50M3NfcnVudGltZV9kZXBsb3ltZW50X2F0dGVzdGF0aW9uLnB5Ojp0ZXN0X2ZhaWxlZF9wcm9kX3ZlcmlmaWNhdGlvbl9j
2026-09-10T08:11:31.1737876Z GO_EVIDENCE_B64 YW5fdHJpZ2dlcl9leGlzdGluZ19yZWxlYXNlX3JvbGxiYWNrIiwKICAgICJ0ZXN0cy90ZXN0X3NwcmludDNzX3J1bnRpbWVfZGVwbG95bWVudF9hdHRlc3RhdGlvbi5weTo6dGVzdF9wYXNzZWRfdmVyaWZpY2F0aW9uX2Nhbl9iZV9ldmlkZW5jZV9zZWFsZWRfYnV0X2ZhaWxlZF9jYW5ub3QiLAogICAgInRlc3RzL3Rlc3Rfc3ByaW50M3RfcnVudGltZV9vYnNlcnZhYmlsaXR5LnB5Ojp0ZXN0X2hlYWx0aHlfcnVudGltZV9rZWVwc19wcm9tb3Rpb25fb3BlbiIsCiAgICAidGVzdHMvdGVzdF9zcHJpbnQzdF9ydW50aW1lX29ic2Vy
2026-09-10T08:11:31.1744531Z GO_EVIDENCE_B64 dmFiaWxpdHkucHk6OnRlc3RfYnVybl9yYXRlX2JyZWFjaF9hdXRvX2ZyZWV6ZXNfYW5kX3JlY29tbWVuZHNfbm90X2V4ZWN1dGVzX3JvbGxiYWNrIiwKICAgICJ0ZXN0cy90ZXN0X3NwcmludDN0X3J1bnRpbWVfb2JzZXJ2YWJpbGl0eS5weTo6dGVzdF9mcm96ZW5fcHJvZF9ibG9ja3NfbmV3X3Byb21vdGlvbiIsCiAgICAidGVzdHMvdGVzdF9zcHJpbnQzdF9ydW50aW1lX29ic2VydmFiaWxpdHkucHk6OnRlc3RfcmVsZWFzZV9jb3JyZWxhdGVkX2Fub21hbHlfcmVxdWlyZXNfdmVyaWZpZWRfcmVsZWFzZSIsCiAgICAidGVzdHMv
2026-09-10T08:11:31.1751087Z GO_EVIDENCE_B64 dGVzdF9zcHJpbnQzdF9ydW50aW1lX29ic2VydmFiaWxpdHkucHk6OnRlc3RfdW5mcmVlemVfcmVxdWlyZXNfaGVhbHRoeV9hc3Nlc3NtZW50X2FuZF9ldmlkZW5jZSIsCiAgICAidGVzdHMvdGVzdF9zcHJpbnQzdF9ydW50aW1lX29ic2VydmFiaWxpdHkucHk6OnRlc3Rfcm9sbGJhY2tfcmVjb21tZW5kYXRpb25fYWNrbm93bGVkZ2VtZW50X2lzX2dvdmVybmFuY2Vfb25seSIsCiAgICAidGVzdHMvdGVzdF9zcHJpbnQzdV9ydW50aW1lX3RlbGVtZXRyeV9nb3Zlcm5hbmNlLnB5Ojp0ZXN0X2dvdmVybmVkX3NvdXJjZV9oYXNfc3Rh
2026-09-10T08:11:31.1759557Z GO_EVIDENCE_B64 YmxlX3Byb3ZlbmFuY2VfYW5kX3N0YXRlX2dhdGUiLAogICAgInRlc3RzL3Rlc3Rfc3ByaW50M3VfcnVudGltZV90ZWxlbWV0cnlfZ292ZXJuYW5jZS5weTo6dGVzdF9xdWFsaXR5X2dhdGVfYmxvY2tzX3N0cm9uZ19hY3Rpb25fZXZlbl93aGVuX2J1cm5fcmF0ZV9pc19iYWQiLAogICAgInRlc3RzL3Rlc3Rfc3ByaW50M3VfcnVudGltZV90ZWxlbWV0cnlfZ292ZXJuYW5jZS5weTo6dGVzdF9tdWx0aV93aW5kb3dfYnJlYWNoX3dpdGhfZ29vZF90ZWxlbWV0cnlfZnJlZXplc19hbmRfcmVjb21tZW5kcyIsCiAgICAidGVzdHMvdGVz
2026-09-10T08:11:31.1773070Z GO_EVIDENCE_B64 dF9zcHJpbnQzdV9ydW50aW1lX3RlbGVtZXRyeV9nb3Zlcm5hbmNlLnB5Ojp0ZXN0X2luY2lkZW50X2NvcnJlbGF0aW9uX2NhcnJpZXNfcmVsZWFzZV9hdHRlc3RhdGlvbl92ZXJpZmljYXRpb25fYW5kX3F1YWxpdHlfZXZpZGVuY2UiLAogICAgInRlc3RzL3Rlc3Rfc3ByaW50M3VfcnVudGltZV90ZWxlbWV0cnlfZ292ZXJuYW5jZS5weTo6dGVzdF9wb2xpY3lfcmVxdWlyZXNfbXVsdGlwbGVfdmFsaWRfd2luZG93cyIsCiAgICAidGVzdHMvdGVzdF9zcHJpbnQzdV9ydW50aW1lX3RlbGVtZXRyeV9nb3Zlcm5hbmNlLnB5Ojp0ZXN0
2026-09-10T08:11:31.1785601Z GO_EVIDENCE_B64 X3N0YXR1c19leHBvc2VzX3NvdXJjZV9xdWFsaXR5X3BvbGljeV9jb3JyZWxhdGlvbl9hbmRfcmVsZWFzZV9zYWZldHkiLAogICAgInRlc3RzL3Rlc3Rfc3ByaW50M3VfcnVudGltZV90ZWxlbWV0cnlfZ292ZXJuYW5jZS5weTo6dGVzdF9sZWdhY3lfM3RfYXNzZXNzbWVudF9jYW5ub3RfYnlwYXNzX2dvdmVybmVkX3RlbGVtZXRyeV9nYXRlIiwKICAgICJ0ZXN0cy90ZXN0X3NwcmludDN2X3RlbGVtZXRyeV90cnVzdF9jaGFpbi5weTo6dGVzdF9zaWduZWRfaWRlbnRpdHlfZW52ZWxvcGVfdmVyaWZpZXNfYW5kX2JpbmRzX3NvdXJj
2026-09-10T08:11:31.1798826Z GO_EVIDENCE_B64 ZV9lbnZpcm9ubWVudCIsCiAgICAidGVzdHMvdGVzdF9zcHJpbnQzdl90ZWxlbWV0cnlfdHJ1c3RfY2hhaW4ucHk6OnRlc3Rfbm9uY2Vfc2VxdWVuY2VfcmVwbGF5X2FuZF9jbG9ja19za2V3X2FyZV9ibG9ja2VkIiwKICAgICJ0ZXN0cy90ZXN0X3NwcmludDN2X3RlbGVtZXRyeV90cnVzdF9jaGFpbi5weTo6dGVzdF9iYWRfc2lnbmF0dXJlX2lzX3JlamVjdGVkIiwKICAgICJ0ZXN0cy90ZXN0X3NwcmludDN2X3RlbGVtZXRyeV90cnVzdF9jaGFpbi5weTo6dGVzdF9zb3VyY2VfcXVvcnVtX2luc3VmZmljaWVudF9mb3JjZXNfaHVt
2026-09-10T08:11:31.1807330Z GO_EVIDENCE_B64 YW5fcmV2aWV3X2FuZF9ub19mcmVlemUiLAogICAgInRlc3RzL3Rlc3Rfc3ByaW50M3ZfdGVsZW1ldHJ5X3RydXN0X2NoYWluLnB5Ojp0ZXN0X2hpZ2hfdHJ1c3RfcXVvcnVtX2FsbG93c19hdXRvX2ZyZWV6ZV9idXRfbm90X3N1cHBsaWVyX211dGF0aW9uIiwKICAgICJ0ZXN0cy90ZXN0X3NwcmludDN2X3RlbGVtZXRyeV90cnVzdF9jaGFpbi5weTo6dGVzdF9wb2xpY3lfY2FuX3JlcXVpcmVfaHVtYW5fcmV2aWV3X2V2ZW5fd2l0aF9oaWdoX3RydXN0IiwKICAgICJ0ZXN0cy90ZXN0X3NwcmludDN2X3RlbGVtZXRyeV90cnVzdF9j
2026-09-10T08:11:31.1814729Z GO_EVIDENCE_B64 aGFpbi5weTo6dGVzdF9vbGRfM3Vfcm91dGVfY29udHJhY3RfaXNfaGFyZGVuZWRfd2hlbl9hdXRvbWF0aW9uX3BvbGljeV9hY3RpdmUiLAogICAgInRlc3RzL3Rlc3Rfc3ByaW50M3dfaWRlbnRpdHlfa2V5X2xpZmVjeWNsZS5weTo6dGVzdF9pZGVudGl0eV9yZWdpc3RyYXRpb25fYm9vdHN0cmFwc19rZXlfdmVyc2lvbl9vbmUiLAogICAgInRlc3RzL3Rlc3Rfc3ByaW50M3dfaWRlbnRpdHlfa2V5X2xpZmVjeWNsZS5weTo6dGVzdF9zaWduZWRfa2V5X3JvdGF0aW9uX2R1YWxfa2V5X292ZXJsYXBfYWNjZXB0c19vbGRfYW5kX25l
2026-09-10T08:11:31.1821372Z GO_EVIDENCE_B64 dyIsCiAgICAidGVzdHMvdGVzdF9zcHJpbnQzd19pZGVudGl0eV9rZXlfbGlmZWN5Y2xlLnB5Ojp0ZXN0X2ludmFsaWRfdHJhbnNpdGlvbl9zaWduYXR1cmVfaXNfYmxvY2tlZCIsCiAgICAidGVzdHMvdGVzdF9zcHJpbnQzd19pZGVudGl0eV9rZXlfbGlmZWN5Y2xlLnB5Ojp0ZXN0X3Jldm9jYXRpb25fcHJvcGFnYXRlc19hbmRfZXhjbHVkZXNfaGlzdG9yaWNhbF90ZWxlbWV0cnlfZnJvbV9xdW9ydW0iLAogICAgInRlc3RzL3Rlc3Rfc3ByaW50M3dfaWRlbnRpdHlfa2V5X2xpZmVjeWNsZS5weTo6dGVzdF9jb21wcm9taXNlZF9j
2026-09-10T08:11:31.1828150Z GO_EVIDENCE_B64 b2xsZWN0b3JfcXVhcmFudGluZV9pbW1lZGlhdGVseV9ibG9ja3NfaW5nZXN0X2FuZF9hdXRvbWF0aW9uIiwKICAgICJ0ZXN0cy90ZXN0X3NwcmludDN3X2lkZW50aXR5X2tleV9saWZlY3ljbGUucHk6OnRlc3RfcmV2b2tlX2ltbWVkaWF0ZWx5X3Jldm9rZXNfYWxsX2N1cnJlbnRfa2V5c19hbmRfaW52YWxpZGF0ZXNfY2FjaGUiLAogICAgInRlc3RzL3Rlc3Rfc3ByaW50M3dfaWRlbnRpdHlfa2V5X2xpZmVjeWNsZS5weTo6dGVzdF9jb250YWlubWVudF9rZWVwc19pZGVudGl0eV9xdWFyYW50aW5lZF91bnRpbF9zZXBhcmF0ZV9y
2026-09-10T08:11:31.1834856Z GO_EVIDENCE_B64 ZW1lZGlhdGlvbiIsCiAgICAidGVzdHMvdGVzdF9zcHJpbnQzd19pZGVudGl0eV9rZXlfbGlmZWN5Y2xlLnB5Ojp0ZXN0X3plcm9fb3ZlcmxhcF9yZXRpcmVzX29sZF9rZXlfaW1tZWRpYXRlbHlfYW5kX29sZF9zaWduYXR1cmVfZmFpbHMiLAogICAgInRlc3RzL3Rlc3Rfc3ByaW50M3hfaWRlbnRpdHlfcmVpc3N1YW5jZS5weTo6dGVzdF9yZXZva2VkX2lkZW50aXR5X2Nhbm5vdF9iZV9yZWFjdGl2YXRlZF9kaXJlY3RseV9hbmRfcmVxdWlyZXNfcmVpc3N1YW5jZSIsCiAgICAidGVzdHMvdGVzdF9zcHJpbnQzeF9pZGVudGl0eV9y
2026-09-10T08:11:31.1841570Z GO_EVIDENCE_B64 ZWlzc3VhbmNlLnB5Ojp0ZXN0X2F0dGVzdGF0aW9uX3NpZ25hdHVyZV9jaGFsbGVuZ2VfYmluZGluZ19hbmRfcmVwbGF5X3Byb3RlY3Rpb24iLAogICAgInRlc3RzL3Rlc3Rfc3ByaW50M3hfaWRlbnRpdHlfcmVpc3N1YW5jZS5weTo6dGVzdF9pbnZhbGlkX2F0dGVzdGF0aW9uX3NpZ25hdHVyZV9pc19ibG9ja2VkIiwKICAgICJ0ZXN0cy90ZXN0X3NwcmludDN4X2lkZW50aXR5X3JlaXNzdWFuY2UucHk6OnRlc3RfbWFrZXJfY2hlY2tlcl9hbmRfYnJlYWtfZ2xhc3NfcmVxdWlyZV9leHBsaWNpdF9hcHByb3ZhbF9ldmlkZW5jZSIs
2026-09-10T08:11:31.1848148Z GO_EVIDENCE_B64 CiAgICAidGVzdHMvdGVzdF9zcHJpbnQzeF9pZGVudGl0eV9yZWlzc3VhbmNlLnB5Ojp0ZXN0X2lzc3VlX2NyZWF0ZXNfbmV3X2lkZW50aXR5X2xpbmVhZ2VfYW5kX3Blcm1hbmVudF9vbGRfdG9tYnN0b25lIiwKICAgICJ0ZXN0cy90ZXN0X3NwcmludDN4X2lkZW50aXR5X3JlaXNzdWFuY2UucHk6OnRlc3Rfb3Blbl9zZWN1cml0eV9pbmNpZGVudF9tdXN0X2JlX2NvbnRhaW5lZF9iZWZvcmVfcmVpc3N1YW5jZV9pc3N1ZSIsCiAgICAidGVzdHMvdGVzdF9zcHJpbnQzeF9pZGVudGl0eV9yZWlzc3VhbmNlLnB5Ojp0ZXN0X3JlcGxh
2026-09-10T08:11:31.1854771Z GO_EVIDENCE_B64 Y2VtZW50X2lkZW50aXR5X3Jlam9pbnNfYXV0b21hdGlvbl9xdW9ydW1fb25seV9hZnRlcl9uZXdfc2lnbmVkX3RlbGVtZXRyeSIsCiAgICAidGVzdHMvdGVzdF9zcHJpbnQzeF9pZGVudGl0eV9yZWlzc3VhbmNlLnB5Ojp0ZXN0X3JlaXNzdWFuY2Vfc3RhdHVzX2V4cG9zZXNfcmVxdWVzdF9saW5lYWdlX3RvbWJzdG9uZV9hbmRfY2FjaGVfZXBvY2giLAogICAgInRlc3RzL3Rlc3Rfc3ByaW50M3lfY3JlZGVudGlhbF9hdXRob3JpdHkucHk6OnRlc3RfcG9saWN5X3ZlcnNpb25pbmdfYW5kX2hhcmR3YXJlX3RydXN0X2NsYXNzX2dh
2026-09-10T08:11:31.1861330Z GO_EVIDENCE_B64 dGUiLAogICAgInRlc3RzL3Rlc3Rfc3ByaW50M3lfY3JlZGVudGlhbF9hdXRob3JpdHkucHk6OnRlc3RfdmVyaWZpZXJfcXVvcnVtX2lzX3JlcXVpcmVkX2JlZm9yZV9jcmVkZW50aWFsX2lzc3VlIiwKICAgICJ0ZXN0cy90ZXN0X3NwcmludDN5X2NyZWRlbnRpYWxfYXV0aG9yaXR5LnB5Ojp0ZXN0X2lzc3VlX2NyZWF0ZXNfZWxpZ2libGVfY3JlZGVudGlhbF9hbmRfaW1tdXRhYmxlX2xpbmVhZ2VfZmFjdCIsCiAgICAidGVzdHMvdGVzdF9zcHJpbnQzeV9jcmVkZW50aWFsX2F1dGhvcml0eS5weTo6dGVzdF9hY3RpdmVfM3lfcG9s
2026-09-10T08:11:31.1868010Z GO_EVIDENCE_B64 aWN5X2dhdGVzX3RlbGVtZXRyeV9xdW9ydW1fdW50aWxfYm90aF9pZGVudGl0aWVzX2hhdmVfY3JlZGVudGlhbHMiLAogICAgInRlc3RzL3Rlc3Rfc3ByaW50M3lfY3JlZGVudGlhbF9hdXRob3JpdHkucHk6OnRlc3RfcmV2b2NhdGlvbl9zeW5jX3JlbW92ZXNfZXhpc3RpbmdfY3JlZGVudGlhbF9mcm9tX2F1dG9tYXRpb25fZWxpZ2liaWxpdHkiLAogICAgInRlc3RzL3Rlc3Rfc3ByaW50M3lfY3JlZGVudGlhbF9hdXRob3JpdHkucHk6OnRlc3RfcmV2b2tpbmdfYXV0aG9yaXR5X3Byb3BhZ2F0ZXNfdG9fYWxsX2lzc3VlZF9jcmVk
2026-09-10T08:11:31.1874868Z GO_EVIDENCE_B64 ZW50aWFscyIsCiAgICAidGVzdHMvdGVzdF9zcHJpbnQzeV9jcmVkZW50aWFsX2F1dGhvcml0eS5weTo6dGVzdF9mYWlsZWRfdmVyaWZpZXJfcmVqZWN0c19pc3N1YW5jZV9hbmRfY2Fubm90X2JlX2lzc3VlZCIsCiAgICAidGVzdHMvdGVzdF9zcHJpbnQzeV9jcmVkZW50aWFsX2F1dGhvcml0eS5weTo6dGVzdF9zdGF0dXNfZXhwb3Nlc19yb290X2lzc3Vlcl9wb2xpY3lfY3JlZGVudGlhbHNfYW5kX3Jldm9jYXRpb25fc3luYyIsCiAgICAidGVzdHMvdGVzdF9zcHJpbnQzel9mZWRlcmF0ZWRfdHJ1c3QucHk6OnRlc3RfcHVibGlj
2026-09-10T08:11:31.1881409Z GO_EVIDENCE_B64 X3N0YXR1c19pc191bmtub3duX2JlZm9yZV9wdWJsaWNhdGlvbl9hbmRfZ29vZF9hZnRlciIsCiAgICAidGVzdHMvdGVzdF9zcHJpbnQzel9mZWRlcmF0ZWRfdHJ1c3QucHk6OnRlc3RfdHJhbnNwYXJlbmN5X2xvZ19jaGVja3BvaW50X2lzX2FwcGVuZF9vbmx5X2NoYWluZWQiLAogICAgInRlc3RzL3Rlc3Rfc3ByaW50M3pfZmVkZXJhdGVkX3RydXN0LnB5Ojp0ZXN0X2ZlZGVyYXRlZF9hZG1pc3Npb25fcmVxdWlyZXNfZnJlc2hfZ29vZF9zdGF0dXNfYW5kX3RyYW5zcGFyZW5jeSIsCiAgICAidGVzdHMvdGVzdF9zcHJpbnQzel9m
2026-09-10T08:11:31.1887962Z GO_EVIDENCE_B64 ZWRlcmF0ZWRfdHJ1c3QucHk6OnRlc3Rfc3RhbGVfc3RhdHVzX2Rlbmllc19hZG1pc3Npb24iLAogICAgInRlc3RzL3Rlc3Rfc3ByaW50M3pfZmVkZXJhdGVkX3RydXN0LnB5Ojp0ZXN0X3RydXN0X2Fzc2Vzc21lbnRfcmVxdWlyZXNfYm90aF9pZGVudGl0eV9zdGF0dXNlc193aGVuXzN6X3BvbGljeV9hY3RpdmUiLAogICAgInRlc3RzL3Rlc3Rfc3ByaW50M3pfZmVkZXJhdGVkX3RydXN0LnB5Ojp0ZXN0X2lzc3Vlcl9jb21wcm9taXNlX2ZhbnNfb3V0X3Jldm9rZV9zdGF0dXNfYW5kX3JlbW92ZXNfcXVvcnVtIiwKICAgICJ0ZXN0
2026-09-10T08:11:31.1894465Z GO_EVIDENCE_B64 cy90ZXN0X3NwcmludDN6X2ZlZGVyYXRlZF90cnVzdC5weTo6dGVzdF9jbHVzdGVyX3BvbGljeV9jb25zaXN0ZW5jeV9hbmRfc3RhdHVzX3N1cmZhY2UiLAogICAgInRlc3RzL3Rlc3Rfc3ByaW50M3pfZmVkZXJhdGVkX3RydXN0LnB5Ojp0ZXN0X3B1YmxpY19odHRwX3N0YXR1c19hbmRfdHJhbnNwYXJlbmN5X2NoZWNrcG9pbnRfcmVxdWlyZV9ub19hZG1pbl9hdXRoIiwKICAgICJ0ZXN0cy90ZXN0X3NwcmludDRhX2V4dGVybmFsX3RydXN0X3dpdG5lc3MucHk6OnRlc3RfbWVya2xlX2NoZWNrcG9pbnRfYW5kX2luY2x1c2lvbl9w
2026-09-10T08:11:31.1901285Z GO_EVIDENCE_B64 cm9vZl92ZXJpZnkiLAogICAgInRlc3RzL3Rlc3Rfc3ByaW50NGFfZXh0ZXJuYWxfdHJ1c3Rfd2l0bmVzcy5weTo6dGVzdF93cm9uZ193aXRuZXNzX3NpZ25hdHVyZV9pc19yZWplY3RlZCIsCiAgICAidGVzdHMvdGVzdF9zcHJpbnQ0YV9leHRlcm5hbF90cnVzdF93aXRuZXNzLnB5Ojp0ZXN0X3ZhbGlkX2V4dGVybmFsX3dpdG5lc3NfY29zaWduc19jaGVja3BvaW50IiwKICAgICJ0ZXN0cy90ZXN0X3NwcmludDRhX2V4dGVybmFsX3RydXN0X3dpdG5lc3MucHk6OnRlc3RfY29uc2lzdGVudF9yZWdpb25zX2FsbG93X3doZW5fd2l0
2026-09-10T08:11:31.1907912Z GO_EVIDENCE_B64 bmVzc19xdW9ydW1fYW5kX2xvY2FsX2FkbWlzc2lvbl9wYXNzIiwKICAgICJ0ZXN0cy90ZXN0X3NwcmludDRhX2V4dGVybmFsX3RydXN0X3dpdG5lc3MucHk6OnRlc3Rfc3BsaXRfdmlld19pc19mYWlsX3NhZmVfZGVueV9ldmVuX2lmX29uZV9yZWdpb25fZ29vZCIsCiAgICAidGVzdHMvdGVzdF9zcHJpbnQ0YV9leHRlcm5hbF90cnVzdF93aXRuZXNzLnB5Ojp0ZXN0X21pc3NpbmdfcmVnaW9uX2lzX2ZhaWxfc2FmZV9kZW55IiwKICAgICJ0ZXN0cy90ZXN0X3NwcmludDRhX2V4dGVybmFsX3RydXN0X3dpdG5lc3MucHk6OnRlc3Rf
2026-09-10T08:11:31.1914408Z GO_EVIDENCE_B64 d2l0bmVzc19xdW9ydW1fbm90X21ldF9kZW5pZXMiLAogICAgInRlc3RzL3Rlc3Rfc3ByaW50NGFfZXh0ZXJuYWxfdHJ1c3Rfd2l0bmVzcy5weTo6dGVzdF9wdWJsaWNfbWVya2xlX2VuZHBvaW50c19hcmVfYW5vbnltb3VzIiwKICAgICJ0ZXN0cy90ZXN0X3NwcmludDRiX3RyYW5zcGFyZW5jeV9nb3NzaXAucHk6OnRlc3RfY29uc2lzdGVuY3lfcHJvb2ZfdmVyaWZpZXNfYXBwZW5kX29ubHlfZXh0ZW5zaW9uIiwKICAgICJ0ZXN0cy90ZXN0X3NwcmludDRiX3RyYW5zcGFyZW5jeV9nb3NzaXAucHk6OnRlc3Rfd2l0bmVzc19mZWRl
2026-09-10T08:11:31.1920829Z GO_EVIDENCE_B64 cmF0aW9uX3JlcXVpcmVzX3ZhbGlkX3F1b3J1bSIsCiAgICAidGVzdHMvdGVzdF9zcHJpbnQ0Yl90cmFuc3BhcmVuY3lfZ29zc2lwLnB5Ojp0ZXN0X2dvc3NpcF9zYW1lX2NoZWNrcG9pbnRfZG9lc19ub3Rfb3Blbl9pbmNpZGVudCIsCiAgICAidGVzdHMvdGVzdF9zcHJpbnQ0Yl90cmFuc3BhcmVuY3lfZ29zc2lwLnB5Ojp0ZXN0X2dvc3NpcF9jb25mbGljdF9vcGVuc19zZXYxX2luY2lkZW50X2FuZF9pc29sYXRlc19yZWdpb25zIiwKICAgICJ0ZXN0cy90ZXN0X3NwcmludDRiX3RyYW5zcGFyZW5jeV9nb3NzaXAucHk6OnRlc3Rf
2026-09-10T08:11:31.1927391Z GO_EVIDENCE_B64 aXNvbGF0ZWRfcmVnaW9uX2ZvcmNlc180YV9hZG1pc3Npb25fZmFpbF9zYWZlIiwKICAgICJ0ZXN0cy90ZXN0X3NwcmludDRiX3RyYW5zcGFyZW5jeV9nb3NzaXAucHk6OnRlc3RfcmVjb3ZlcnlfcmVxdWlyZXNfdmVyaWZpZWRfY29uc2lzdGVuY3lfYW5kX3dpdG5lc3NfZmVkZXJhdGlvbl9xdW9ydW0iLAogICAgInRlc3RzL3Rlc3Rfc3ByaW50NGJfdHJhbnNwYXJlbmN5X2dvc3NpcC5weTo6dGVzdF9yZWdpb25fcmVqb2luX3JlcXVpcmVzX3JlY292ZXJ5X2FuZF9yZXNvbHZlc19hZnRlcl9hbGxfcmVnaW9uc19yZWpvaW4iLAog
2026-09-10T08:11:31.1934034Z GO_EVIDENCE_B64 ICAgInRlc3RzL3Rlc3Rfc3ByaW50NGJfdHJhbnNwYXJlbmN5X2dvc3NpcC5weTo6dGVzdF9wdWJsaWNfY29uc2lzdGVuY3lfcHJvb2ZfaXNfYW5vbnltb3VzIiwKICAgICJ0ZXN0cy90ZXN0X3NwcmludDRjX3dpdG5lc3NfaW5kZXBlbmRlbmNlX2RyLnB5Ojp0ZXN0X3NhbWVfb3BlcmF0b3Jfd2l0bmVzc2VzX2RvX25vdF9jb3VudF9hc19pbmRlcGVuZGVudF9xdW9ydW0iLAogICAgInRlc3RzL3Rlc3Rfc3ByaW50NGNfd2l0bmVzc19pbmRlcGVuZGVuY2VfZHIucHk6OnRlc3RfaW5kZXBlbmRlbnRfb3BlcmF0b3JfZmFpbHVyZV9k
2026-09-10T08:11:31.1940615Z GO_EVIDENCE_B64 b21haW5fcXVvcnVtX3Bhc3NlcyIsCiAgICAidGVzdHMvdGVzdF9zcHJpbnQ0Y193aXRuZXNzX2luZGVwZW5kZW5jZV9kci5weTo6dGVzdF9jcm9zc19vcGVyYXRvcl9nb3NzaXBfZGV0ZWN0c19zcGxpdF92aWV3X2FuZF9vcGVuc19pbmNpZGVudCIsCiAgICAidGVzdHMvdGVzdF9zcHJpbnQ0Y193aXRuZXNzX2luZGVwZW5kZW5jZV9kci5weTo6dGVzdF9jaGVja3BvaW50X2FyY2hpdmVfcmVidWlsZF9pc19wdWJsaWNseV92ZXJpZmlhYmxlIiwKICAgICJ0ZXN0cy90ZXN0X3NwcmludDRjX3dpdG5lc3NfaW5kZXBlbmRlbmNlX2Ry
2026-09-10T08:11:31.1947366Z GO_EVIDENCE_B64 LnB5Ojp0ZXN0X29wZW5fcmVnaW9uX2Rpc2FzdGVyX2ZvcmNlc180YV9mYWlsX3NhZmUiLAogICAgInRlc3RzL3Rlc3Rfc3ByaW50NGNfd2l0bmVzc19pbmRlcGVuZGVuY2VfZHIucHk6OnRlc3RfcHJvdmlkZXJfZGlzYXN0ZXJfcmVidWlsZF9yZXF1aXJlc19pbmRlcGVuZGVudF93aXRuZXNzZXMiLAogICAgInRlc3RzL3Rlc3Rfc3ByaW50NGNfd2l0bmVzc19pbmRlcGVuZGVuY2VfZHIucHk6OnRlc3RfZGlzYXN0ZXJfY29tcGxldGlvbl9yZXF1aXJlc19ldmVyeV9hZmZlY3RlZF9yZWdpb25fcmVidWlsdCIsCiAgICAidGVzdHMv
2026-09-10T08:11:31.1953940Z GO_EVIDENCE_B64 dGVzdF9zcHJpbnQ0Y193aXRuZXNzX2luZGVwZW5kZW5jZV9kci5weTo6dGVzdF9kcmlsbF9yZWNvcmRzX3JlY292ZXJ5X2V2aWRlbmNlX2FmdGVyX3ZlcmlmaWVkX3JlYnVpbGQiLAogICAgInRlc3RzL3Rlc3Rfc3ByaW50NGRfdHJ1c3RfcGxhbmVfY2hhb3NfcmVhZGluZXNzLnB5Ojp0ZXN0X3BvbGljeV92ZXJzaW9uc19hbmRfc3VwcG9ydGVkX2ZhaWx1cmVfY2F0YWxvZyIsCiAgICAidGVzdHMvdGVzdF9zcHJpbnQ0ZF90cnVzdF9wbGFuZV9jaGFvc19yZWFkaW5lc3MucHk6OnRlc3RfZnVsbF9jYW1wYWlnbl9jb3ZlcnNfd2l0
2026-09-10T08:11:31.1960787Z GO_EVIDENCE_B64 bmVzc19yZWdpb25fcHJvdmlkZXJfY2hlY2twb2ludF9hcmNoaXZlX2FuZF9xdW9ydW0iLAogICAgInRlc3RzL3Rlc3Rfc3ByaW50NGRfdHJ1c3RfcGxhbmVfY2hhb3NfcmVhZGluZXNzLnB5Ojp0ZXN0X3dpdG5lc3NfbG9zc19yZWNvdmVyeV9mYWlsdXJlX2Jsb2Nrc19yZWFkaW5lc3MiLAogICAgInRlc3RzL3Rlc3Rfc3ByaW50NGRfdHJ1c3RfcGxhbmVfY2hhb3NfcmVhZGluZXNzLnB5Ojp0ZXN0X3J0b19hbmRfcnBvX3RhcmdldHNfYXJlX2hhcmRfcmVhZGluZXNzX2dhdGVzIiwKICAgICJ0ZXN0cy90ZXN0X3NwcmludDRkX3Ry
2026-09-10T08:11:31.1967476Z GO_EVIDENCE_B64 dXN0X3BsYW5lX2NoYW9zX3JlYWRpbmVzcy5weTo6dGVzdF9taXNzaW5nX3JlcXVpcmVkX3NjZW5hcmlvX2Jsb2Nrc19wcm9kdWN0aW9uX3JlYWRpbmVzcyIsCiAgICAidGVzdHMvdGVzdF9zcHJpbnQ0ZF90cnVzdF9wbGFuZV9jaGFvc19yZWFkaW5lc3MucHk6OnRlc3Rfc3RhbGVfY2hhb3NfZXZpZGVuY2VfZmFpbHNfYXNzZXNzbWVudCIsCiAgICAidGVzdHMvdGVzdF9zcHJpbnQ0ZF90cnVzdF9wbGFuZV9jaGFvc19yZWFkaW5lc3MucHk6OnRlc3Rfb3Blbl9yZWFsX2Rpc2FzdGVyX2Jsb2Nrc19nYXRlX2V2ZW5fYWZ0ZXJfcGFz
2026-09-10T08:11:31.1973991Z GO_EVIDENCE_B64 c2luZ19kcmlsbCIsCiAgICAidGVzdHMvdGVzdF9zcHJpbnQ0ZF90cnVzdF9wbGFuZV9jaGFvc19yZWFkaW5lc3MucHk6OnRlc3RfcGFzc2luZ19nYXRlX2FsbG93c19wcm9kX3VudGlsX2V2aWRlbmNlX2V4cGlyZXMiLAogICAgInRlc3RzL3Rlc3Rfc3ByaW50NGVfY29udGludW91c19jaGFvc193YWl2ZXIucHk6OnRlc3Rfc2NoZWR1bGVyX3J1bnNfZHVlX2NhbXBhaWduX2FuZF9hZHZhbmNlc19uZXh0X3J1biIsCiAgICAidGVzdHMvdGVzdF9zcHJpbnQ0ZV9jb250aW51b3VzX2NoYW9zX3dhaXZlci5weTo6dGVzdF9yZWFkaW5l
2026-09-10T08:11:31.1980544Z GO_EVIDENCE_B64 c3NfdHJlbmRfZGV0ZWN0c19ydG9fcmVncmVzc2lvbiIsCiAgICAidGVzdHMvdGVzdF9zcHJpbnQ0ZV9jb250aW51b3VzX2NoYW9zX3dhaXZlci5weTo6dGVzdF9ldmlkZW5jZV9hZ2luZ19tYXJrc190cmVuZF9yZWdyZXNzZWQiLAogICAgInRlc3RzL3Rlc3Rfc3ByaW50NGVfY29udGludW91c19jaGFvc193YWl2ZXIucHk6OnRlc3Rfd2FpdmVyX3JlcXVpcmVzX3R3b19kaXN0aW5jdF9hcHByb3ZlcnNfYW5kX3JlcXVlc3Rlcl9jYW5ub3RfYXBwcm92ZSIsCiAgICAidGVzdHMvdGVzdF9zcHJpbnQ0ZV9jb250aW51b3VzX2NoYW9z
2026-09-10T08:11:31.1987107Z GO_EVIDENCE_B64 X3dhaXZlci5weTo6dGVzdF93YWl2ZXJfYXV0b19leHBpcmVzX2FuZF9jYW5ub3RfYXV0aG9yaXplX3JlbGVhc2UiLAogICAgInRlc3RzL3Rlc3Rfc3ByaW50NGVfY29udGludW91c19jaGFvc193YWl2ZXIucHk6OnRlc3RfdmFsaWRfZ2F0ZV9hdXRob3JpemVzX3dpdGhvdXRfd2FpdmVyX2FuZF9yZWNvcmRzX2hpc3RvcnkiLAogICAgInRlc3RzL3Rlc3Rfc3ByaW50NGVfY29udGludW91c19jaGFvc193YWl2ZXIucHk6OnRlc3RfYmxvY2tlZF9nYXRlX2Nhbl9vbmx5X2JlX2J5cGFzc2VkX2J5X2FjdGl2ZV9hcHByb3ZlZF93YWl2
2026-09-10T08:11:31.1993662Z GO_EVIDENCE_B64 ZXIiLAogICAgInRlc3RzL3Rlc3Rfc3ByaW50NGVfY29udGludW91c19jaGFvc193YWl2ZXIucHk6OnRlc3Rfd2FpdmVyX3dpbmRvd19pc19oYXJkX2JvdW5kZWRfYW5kX3N1cHBsaWVyX2ZhY3RfdW5jaGFuZ2VkIiwKICAgICJ0ZXN0cy90ZXN0X3NwcmludDRmX3dhaXZlcl9leHBvc3VyZV9leGNlcHRpb25fZGVidC5weTo6dGVzdF9hY3RpdmVfcG9saWN5X3JlcXVpcmVzX3JlbWVkaWF0aW9uX293bmVyX2V2ZW5fdGhyb3VnaF9sZWdhY3lfNGVfd2FpdmVyX3BhdGgiLAogICAgInRlc3RzL3Rlc3Rfc3ByaW50NGZfd2FpdmVyX2V4
2026-09-10T08:11:31.2000226Z GO_EVIDENCE_B64 cG9zdXJlX2V4Y2VwdGlvbl9kZWJ0LnB5Ojp0ZXN0X3dhaXZlcl9yZXF1ZXN0X29wZW5zX21hbmRhdG9yeV9yZW1lZGlhdGlvbl93aXRoX3NsYSIsCiAgICAidGVzdHMvdGVzdF9zcHJpbnQ0Zl93YWl2ZXJfZXhwb3N1cmVfZXhjZXB0aW9uX2RlYnQucHk6OnRlc3Rfcm9sbGluZ193YWl2ZXJfYnVkZ2V0X2Jsb2Nrc19uZXdfcmVxdWVzdHNfYWZ0ZXJfbGltaXQiLAogICAgInRlc3RzL3Rlc3Rfc3ByaW50NGZfd2FpdmVyX2V4cG9zdXJlX2V4Y2VwdGlvbl9kZWJ0LnB5Ojp0ZXN0X2NvbnNlY3V0aXZlX3dhaXZlcl9yZWxlYXNlX2xp
2026-09-10T08:11:31.2006757Z GO_EVIDENCE_B64 bWl0X2Jsb2Nrc19mdXJ0aGVyX2V4Y2VwdGlvbl9yZXF1ZXN0cyIsCiAgICAidGVzdHMvdGVzdF9zcHJpbnQ0Zl93YWl2ZXJfZXhwb3N1cmVfZXhjZXB0aW9uX2RlYnQucHk6OnRlc3Rfcmlza19leHBvc3VyZV90aW1lX2J1ZGdldF9pc19hY2NvdW50ZWRfYW5kX2Jsb2Nrc19uZXdfd2FpdmVyIiwKICAgICJ0ZXN0cy90ZXN0X3NwcmludDRmX3dhaXZlcl9leHBvc3VyZV9leGNlcHRpb25fZGVidC5weTo6dGVzdF9leGNlcHRpb25fZGVidF90aHJlc2hvbGRfYmxvY2tzX3dhaXZlcl9jaHVybl9iZWZvcmVfcmF3X2NvdW50X2xpbWl0
2026-09-10T08:11:31.2013237Z GO_EVIDENCE_B64 IiwKICAgICJ0ZXN0cy90ZXN0X3NwcmludDRmX3dhaXZlcl9leHBvc3VyZV9leGNlcHRpb25fZGVidC5weTo6dGVzdF9vdmVyZHVlX3JlbWVkaWF0aW9uX2VzY2FsYXRlc19hbmRfcmVzb2x1dGlvbl9yZXF1aXJlc19ldmlkZW5jZSIsCiAgICAidGVzdHMvdGVzdF9zcHJpbnQ0Zl93YWl2ZXJfZXhwb3N1cmVfZXhjZXB0aW9uX2RlYnQucHk6OnRlc3Rfd2FpdmVyX3JlbGVhc2VfYW5kX3JlbWVkaWF0aW9uX2FjdGlvbnNfY3JlYXRlX2F1ZGl0YWJsZV9leHBvc3VyZV9ldmVudHMiLAogICAgInRlc3RzL3Rlc3Rfc3ByaW50NGdfZXhj
2026-09-10T08:11:31.2019954Z GO_EVIDENCE_B64 ZXB0aW9uX2RlYnRfYnVybmRvd24ucHk6OnRlc3RfcG9saWN5X3ZlcnNpb25zX2FuZF9yZWplY3RzX3Vuc2FmZV90aHJlc2hvbGRzIiwKICAgICJ0ZXN0cy90ZXN0X3NwcmludDRnX2V4Y2VwdGlvbl9kZWJ0X2J1cm5kb3duLnB5Ojp0ZXN0X2hpZ2hfZXhjZXB0aW9uX2RlYnRfYWN0aXZhdGVzX2ZyZWV6ZV9hbmRfYmxvY2tzX2xlZ2FjeV93YWl2ZXJfcmVxdWVzdCIsCiAgICAidGVzdHMvdGVzdF9zcHJpbnQ0Z19leGNlcHRpb25fZGVidF9idXJuZG93bi5weTo6dGVzdF9idXJuZG93bl9wbGFuX3JlcXVpcmVzX21pbGVzdG9uZXNf
2026-09-10T08:11:31.2026470Z GO_EVIDENCE_B64 YW5kX2J1aWxkc19jcm9zc190ZWFtX3Jlc3BvbnNpYmlsaXR5X21hdHJpeCIsCiAgICAidGVzdHMvdGVzdF9zcHJpbnQ0Z19leGNlcHRpb25fZGVidF9idXJuZG93bi5weTo6dGVzdF9taWxlc3RvbmVfY29tcGxldGlvbl9yZXF1aXJlc19ldmlkZW5jZV9hbmRfdXBkYXRlc19wbGFuX3Byb2dyZXNzIiwKICAgICJ0ZXN0cy90ZXN0X3NwcmludDRnX2V4Y2VwdGlvbl9kZWJ0X2J1cm5kb3duLnB5Ojp0ZXN0X292ZXJkdWVfYnVybmRvd25fbWlsZXN0b25lX2VzY2FsYXRlc19hdXRvbWF0aWNhbGx5IiwKICAgICJ0ZXN0cy90ZXN0X3Nw
2026-09-10T08:11:31.2032883Z GO_EVIDENCE_B64 cmludDRnX2V4Y2VwdGlvbl9kZWJ0X2J1cm5kb3duLnB5Ojp0ZXN0X2V4ZWN1dGl2ZV9yaXNrX2FjY2VwdGFuY2VfcmVxdWlyZXNfdHdvX2Rpc3RpbmN0X2V4ZWN1dGl2ZXNfYW5kX3RpbWVfYm91bmRfd2luZG93IiwKICAgICJ0ZXN0cy90ZXN0X3NwcmludDRnX2V4Y2VwdGlvbl9kZWJ0X2J1cm5kb3duLnB5Ojp0ZXN0X2ZyZWV6ZV9yZWxlYXNlc19ub3JtYWxseV9vbmx5X2FmdGVyX2RlYnRfYmVsb3dfcmVsZWFzZV90aHJlc2hvbGQiLAogICAgInRlc3RzL3Rlc3Rfc3ByaW50NGdfZXhjZXB0aW9uX2RlYnRfYnVybmRvd24ucHk6
2026-09-10T08:11:31.2040971Z GO_EVIDENCE_B64 OnRlc3RfcmVzaWR1YWxfcmlza19hY2NlcHRhbmNlX2RvZXNfbm90X2J5cGFzc19mcmVlemVfYW5kX29ubHlfc3VwcG9ydHNfY29udHJvbGxlZF9yZWxlYXNlX2FmdGVyX3BsYW5fY29tcGxldGUiLAogICAgInRlc3RzL3Rlc3Rfc3ByaW50NGhfZW50ZXJwcmlzZV9yaXNrX3BvcnRmb2xpby5weTo6dGVzdF9ib2FyZF9yaXNrX2xpbWl0X3JlcXVpcmVzX3R3b19kaXN0aW5jdF9hcHByb3ZlcnMiLAogICAgInRlc3RzL3Rlc3Rfc3ByaW50NGhfZW50ZXJwcmlzZV9yaXNrX3BvcnRmb2xpby5weTo6dGVzdF9wb3NpdGlvbl9yZXF1aXJl
2026-09-10T08:11:31.2053733Z GO_EVIDENCE_B64 c19hcHByb3ZlZF9hY2NlcHRhbmNlX2FuZF9leHBsaWNpdF9kaW1lbnNpb25zIiwKICAgICJ0ZXN0cy90ZXN0X3NwcmludDRoX2VudGVycHJpc2Vfcmlza19wb3J0Zm9saW8ucHk6OnRlc3RfYWdncmVnYXRlX2V4cG9zdXJlX2JyZWFjaF9hY3RpdmF0ZXNfcG9ydGZvbGlvX2ZyZWV6ZSIsCiAgICAidGVzdHMvdGVzdF9zcHJpbnQ0aF9lbnRlcnByaXNlX3Jpc2tfcG9ydGZvbGlvLnB5Ojp0ZXN0X3RlYW1fZG9tYWluX2FuZF9jb3JyZWxhdGlvbl9jb25jZW50cmF0aW9uX2FyZV9leHBsaWNpdCIsCiAgICAidGVzdHMvdGVzdF9zcHJp
2026-09-10T08:11:31.2066829Z GO_EVIDENCE_B64 bnQ0aF9lbnRlcnByaXNlX3Jpc2tfcG9ydGZvbGlvLnB5Ojp0ZXN0X3BvcnRmb2xpb19mcmVlemVfYmxvY2tzX25ld193YWl2ZXJfYW5kX25ld19leGVjdXRpdmVfYWNjZXB0YW5jZSIsCiAgICAidGVzdHMvdGVzdF9zcHJpbnQ0aF9lbnRlcnByaXNlX3Jpc2tfcG9ydGZvbGlvLnB5Ojp0ZXN0XzRnX3Jlc2lkdWFsX3Jpc2tfcmVsZWFzZV9yZXF1aXJlc19yZWdpc3RlcmVkX3BvcnRmb2xpb19wb3NpdGlvbl93aGVuX2xpbWl0X2FjdGl2ZSIsCiAgICAidGVzdHMvdGVzdF9zcHJpbnQ0aF9lbnRlcnByaXNlX3Jpc2tfcG9ydGZvbGlv
2026-09-10T08:11:31.2079647Z GO_EVIDENCE_B64 LnB5Ojp0ZXN0X2ZyZWV6ZV9yZWxlYXNlX3JlcXVpcmVzX3BvcnRmb2xpb19iYWNrX3dpdGhpbl9ib2FyZF9saW1pdCIsCiAgICAidGVzdHMvdGVzdF9zcHJpbnQ0aF9lbnRlcnByaXNlX3Jpc2tfcG9ydGZvbGlvLnB5Ojp0ZXN0X2V4cGlyZWRfYWNjZXB0YW5jZV9kcm9wc19vdXRfb2ZfZWZmZWN0aXZlX3BvcnRmb2xpb19leHBvc3VyZSIsCiAgICAidGVzdHMvdGVzdF9zcHJpbnQ0aV9lbnRlcnByaXNlX3Jpc2tfYXBwZXRpdGUucHk6OnRlc3Rfcmlza19hcHBldGl0ZV9yZXF1aXJlc190d29fZGlzdGluY3RfYm9hcmRfYXBwcm92
2026-09-10T08:11:31.2091887Z GO_EVIDENCE_B64 ZXJzIiwKICAgICJ0ZXN0cy90ZXN0X3NwcmludDRpX2VudGVycHJpc2Vfcmlza19hcHBldGl0ZS5weTo6dGVzdF9jdXJyZW50X3BvcnRmb2xpb19jYW5fcGFzc193aGlsZV9zdHJlc3NfYnJlYWNoZXNfYXBwZXRpdGVfYW5kX2ZyZWV6ZXMiLAogICAgInRlc3RzL3Rlc3Rfc3ByaW50NGlfZW50ZXJwcmlzZV9yaXNrX2FwcGV0aXRlLnB5Ojp0ZXN0X2hlYWRyb29tX2J1ZmZlcl9hbmRfc2Vuc2l0aXZpdHlfYXJlX2V4cGxpY2l0IiwKICAgICJ0ZXN0cy90ZXN0X3NwcmludDRpX2VudGVycHJpc2Vfcmlza19hcHBldGl0ZS5weTo6dGVz
2026-09-10T08:11:31.2102575Z GO_EVIDENCE_B64 dF9jb3JyZWxhdGlvbl9hbXBsaWZpZXJfaW5jcmVhc2VzX3N0cmVzc2VkX2V4cG9zdXJlIiwKICAgICJ0ZXN0cy90ZXN0X3NwcmludDRpX2VudGVycHJpc2Vfcmlza19hcHBldGl0ZS5weTo6dGVzdF9zdHJlc3NfZnJlZXplX2Jsb2Nrc19uZXdfd2FpdmVyX2FuZF9uZXdfZXhlY3V0aXZlX2FjY2VwdGFuY2UiLAogICAgInRlc3RzL3Rlc3Rfc3ByaW50NGlfZW50ZXJwcmlzZV9yaXNrX2FwcGV0aXRlLnB5Ojp0ZXN0XzRnX3Jlc2lkdWFsX3Jpc2tfcmVsZWFzZV9pc19ibG9ja2VkX2J5X2FjdGl2ZV9zdHJlc3NfZnJlZXplIiwKICAg
2026-09-10T08:11:31.2109601Z GO_EVIDENCE_B64 ICJ0ZXN0cy90ZXN0X3NwcmludDRpX2VudGVycHJpc2Vfcmlza19hcHBldGl0ZS5weTo6dGVzdF9mcmVlemVfcmVsZWFzZV9yZXF1aXJlc19sYXRlc3Rfbm9uX2JyZWFjaF9zdHJlc3NfYXNzZXNzbWVudF9hbmRfZXZpZGVuY2UiLAogICAgInRlc3RzL3Rlc3Rfc3ByaW50NGlfZW50ZXJwcmlzZV9yaXNrX2FwcGV0aXRlLnB5Ojp0ZXN0X3N0cmVzc19hc3Nlc3NtZW50X25ldmVyX2NoYW5nZXNfc3VwcGxpZXJfZmFjdCIsCiAgICAidGVzdHMvdGVzdF9zcHJpbnQ0al9lbnRlcnByaXNlX3Jpc2tfZm9yZWNhc3QucHk6OnRlc3RfcG9s
2026-09-10T08:11:31.2116455Z GO_EVIDENCE_B64 aWN5X3JlcXVpcmVzX3R3b19kaXN0aW5jdF9ib2FyZF9hcHByb3ZlcnMiLAogICAgInRlc3RzL3Rlc3Rfc3ByaW50NGpfZW50ZXJwcmlzZV9yaXNrX2ZvcmVjYXN0LnB5Ojp0ZXN0XzI0aF9hbmRfN2RfZm9yZWNhc3RfYXJlX2V4cGxpY2l0X2FuZF9mb3J3YXJkX2xvb2tpbmciLAogICAgInRlc3RzL3Rlc3Rfc3ByaW50NGpfZW50ZXJwcmlzZV9yaXNrX2ZvcmVjYXN0LnB5Ojp0ZXN0X2JyZWFjaF9jcmVhdGVzX2Vhcmx5X3dhcm5pbmdfYW5kX3Jlc2lkdWFsX3Jpc2tfcmVzdHJpY3Rpb24iLAogICAgInRlc3RzL3Rlc3Rfc3ByaW50
2026-09-10T08:11:31.2122913Z GO_EVIDENCE_B64 NGpfZW50ZXJwcmlzZV9yaXNrX2ZvcmVjYXN0LnB5Ojp0ZXN0X3dhdGNoX2NyZWF0ZXNfd2FybmluZ193aXRob3V0X3Jlc3RyaWN0aW9uIiwKICAgICJ0ZXN0cy90ZXN0X3NwcmludDRqX2VudGVycHJpc2Vfcmlza19mb3JlY2FzdC5weTo6dGVzdF9keW5hbWljX2NhcGFjaXR5X2FsbG9jYXRpb25faXNfcGVyc2lzdGVkX2Zvcl90ZWFtX2FuZF9kb21haW4iLAogICAgInRlc3RzL3Rlc3Rfc3ByaW50NGpfZW50ZXJwcmlzZV9yaXNrX2ZvcmVjYXN0LnB5Ojp0ZXN0X2FjdGl2ZV9mb3JlY2FzdF9yZXN0cmljdGlvbl9ibG9ja3NfbmV3
2026-09-10T08:11:31.2129568Z GO_EVIDENCE_B64 X3Jlc2lkdWFsX3Jpc2siLAogICAgInRlc3RzL3Rlc3Rfc3ByaW50NGpfZW50ZXJwcmlzZV9yaXNrX2ZvcmVjYXN0LnB5Ojp0ZXN0X3Jlc3RyaWN0aW9uX3JlbGVhc2VfcmVxdWlyZXNfbGF0ZXN0X25vbl9icmVhY2hfYW5kX2V2aWRlbmNlIiwKICAgICJ0ZXN0cy90ZXN0X3NwcmludDRqX2VudGVycHJpc2Vfcmlza19mb3JlY2FzdC5weTo6dGVzdF9mb3JlY2FzdF9uZXZlcl9jaGFuZ2VzX3N1cHBsaWVyX2ZhY3QiLAogICAgInRlc3RzL3Rlc3Rfc3ByaW50NGtfcmlza19mb3JlY2FzdF9jYWxpYnJhdGlvbi5weTo6dGVzdF9tb2Rl
2026-09-10T08:11:31.2136238Z GO_EVIDENCE_B64 bF9yZWdpc3RyeV9yZXF1aXJlc190d29fZGlzdGluY3RfYm9hcmRfYXBwcm92ZXJzIiwKICAgICJ0ZXN0cy90ZXN0X3NwcmludDRrX3Jpc2tfZm9yZWNhc3RfY2FsaWJyYXRpb24ucHk6OnRlc3RfcHJlZGljdGVkX3ZzX2FjdHVhbF9vdXRjb21lX2lzX3ZlcnNpb25fYm91bmRfYW5kX3BlcnNpc3RlZCIsCiAgICAidGVzdHMvdGVzdF9zcHJpbnQ0a19yaXNrX2ZvcmVjYXN0X2NhbGlicmF0aW9uLnB5Ojp0ZXN0XzI0aF9hbmRfN2RfY2FsaWJyYXRpb25fYXJlX3NlcGFyYXRlIiwKICAgICJ0ZXN0cy90ZXN0X3NwcmludDRrX3Jpc2tf
2026-09-10T08:11:31.2142767Z GO_EVIDENCE_B64 Zm9yZWNhc3RfY2FsaWJyYXRpb24ucHk6OnRlc3RfbWFlX2RlZ3JhZGF0aW9uX2F1dG9fYWN0aXZhdGVzX2NvbnNlcnZhdGl2ZV9iYXNlbGluZSIsCiAgICAidGVzdHMvdGVzdF9zcHJpbnQ0a19yaXNrX2ZvcmVjYXN0X2NhbGlicmF0aW9uLnB5Ojp0ZXN0X2NvbnNlcnZhdGl2ZV9iYXNlbGluZV9jaGFuZ2VzX2Z1dHVyZV9mb3JlY2FzdF9zdHJhdGVneV9ub3Rfc3VwcGxpZXJfZmFjdCIsCiAgICAidGVzdHMvdGVzdF9zcHJpbnQ0a19yaXNrX2ZvcmVjYXN0X2NhbGlicmF0aW9uLnB5Ojp0ZXN0X2ZhbHNlX3Bvc2l0aXZlX2ZhbHNl
2026-09-10T08:11:31.2149660Z GO_EVIDENCE_B64 X25lZ2F0aXZlX2FuZF9icmllcl9hcmVfZXhwbGljaXRfbWV0cmljcyIsCiAgICAidGVzdHMvdGVzdF9zcHJpbnQ0a19yaXNrX2ZvcmVjYXN0X2NhbGlicmF0aW9uLnB5Ojp0ZXN0X2NhcGFjaXR5X2FsbG9jYXRpb25fZHJpZnRfaXNfb2JzZXJ2ZWRfYW5kX2dvdmVybmVkIiwKICAgICJ0ZXN0cy90ZXN0X3NwcmludDRrX3Jpc2tfZm9yZWNhc3RfY2FsaWJyYXRpb24ucHk6OnRlc3RfY29uc2VydmF0aXZlX2Jhc2VsaW5lX3JlbGVhc2VfcmVxdWlyZXNfcmVjb3ZlcmVkXzI0aF9hbmRfN2RfYWNjdXJhY3kiLAogICAgInRlc3RzL3Rl
2026-09-10T08:11:31.2156768Z GO_EVIDENCE_B64 c3Rfc3ByaW50NGxfZm9yZWNhc3RfbW9kZWxfcHJvbW90aW9uLnB5Ojp0ZXN0X2NoYW1waW9uX3JvbGVfY29udHJvbHNfcnVudGltZV9ldmVuX2lmX25ld2VyX21vZGVsX2V4aXN0cyIsCiAgICAidGVzdHMvdGVzdF9zcHJpbnQ0bF9mb3JlY2FzdF9tb2RlbF9wcm9tb3Rpb24ucHk6OnRlc3Rfc2hhZG93XzI0aF9yZXF1aXJlc19pbXByb3ZlbWVudF93aXRob3V0X3NhZmV0eV9kZWdyYWRhdGlvbiIsCiAgICAidGVzdHMvdGVzdF9zcHJpbnQ0bF9mb3JlY2FzdF9tb2RlbF9wcm9tb3Rpb24ucHk6OnRlc3Rfc2hhZG93XzdkX2lzX3Nl
2026-09-10T08:11:31.2163185Z GO_EVIDENCE_B64 cGFyYXRlX2hvcml6b25fZ2F0ZSIsCiAgICAidGVzdHMvdGVzdF9zcHJpbnQ0bF9mb3JlY2FzdF9tb2RlbF9wcm9tb3Rpb24ucHk6OnRlc3RfcHJvbW90aW9uX2Jsb2NrZWRfdW50aWxfYm90aF9ob3Jpem9uc19wYXNzIiwKICAgICJ0ZXN0cy90ZXN0X3NwcmludDRsX2ZvcmVjYXN0X21vZGVsX3Byb21vdGlvbi5weTo6dGVzdF9wcm9tb3Rpb25fc3dpdGNoZXNfY2hhbXBpb25fb25seV9hZnRlcl9mdWxsX2dhdGUiLAogICAgInRlc3RzL3Rlc3Rfc3ByaW50NGxfZm9yZWNhc3RfbW9kZWxfcHJvbW90aW9uLnB5Ojp0ZXN0X3NhZmV0
2026-09-10T08:11:31.2169858Z GO_EVIDENCE_B64 eV9kZWdyYWRhdGlvbl9ibG9ja3NfY2hhbGxlbmdlcl9ldmVuX3dpdGhfbG93ZXJfbWFlIiwKICAgICJ0ZXN0cy90ZXN0X3NwcmludDRsX2ZvcmVjYXN0X21vZGVsX3Byb21vdGlvbi5weTo6dGVzdF9iYWNrdGVzdF9wZXJzaXN0c19ob3Jpem9uX2FuZF9zZWdtZW50X21ldHJpY3MiLAogICAgInRlc3RzL3Rlc3Rfc3ByaW50NGxfZm9yZWNhc3RfbW9kZWxfcHJvbW90aW9uLnB5Ojp0ZXN0X2dvdmVybmFuY2VfZXZpZGVuY2VfbmV2ZXJfY2hhbmdlc19zdXBwbGllcl9mYWN0IiwKICAgICJ0ZXN0cy90ZXN0X3NwcmludDRtX3N0YXRp
2026-09-10T08:11:31.2176653Z GO_EVIDENCE_B64 c3RpY2FsX21vZGVsX2dvdmVybmFuY2UucHk6OnRlc3RfcG9saWN5X3JlcXVpcmVzX3R3b19kaXN0aW5jdF9hcHByb3ZlcnMiLAogICAgInRlc3RzL3Rlc3Rfc3ByaW50NG1fc3RhdGlzdGljYWxfbW9kZWxfZ292ZXJuYW5jZS5weTo6dGVzdF9sZWdhY3lfcHJvbW90aW9uX2lzX2Jsb2NrZWRfd2hlbl80bV9wb2xpY3lfYWN0aXZlIiwKICAgICJ0ZXN0cy90ZXN0X3NwcmludDRtX3N0YXRpc3RpY2FsX21vZGVsX2dvdmVybmFuY2UucHk6OnRlc3Rfc2lnbmlmaWNhbmNlX2FuZF9taW5pbXVtX2VmZmVjdF9zaXplX2dhdGVfYm90aF9o
2026-09-10T08:11:31.2183143Z GO_EVIDENCE_B64 b3Jpem9uc19hbmRfc2VnbWVudHMiLAogICAgInRlc3RzL3Rlc3Rfc3ByaW50NG1fc3RhdGlzdGljYWxfbW9kZWxfZ292ZXJuYW5jZS5weTo6dGVzdF9zYW1wbGVfb3JfZWZmZWN0X3Nob3J0ZmFsbF9ibG9ja3Nfc3RhdGlzdGljYWxfZ2F0ZSIsCiAgICAidGVzdHMvdGVzdF9zcHJpbnQ0bV9zdGF0aXN0aWNhbF9tb2RlbF9nb3Zlcm5hbmNlLnB5Ojp0ZXN0X3N0YWJpbGl0eV93aW5kb3dfYW5kX3NlZ21lbnRfY29uc2lzdGVuY3lfcmVxdWlyZWRfYmVmb3JlX3Byb21vdGlvbiIsCiAgICAidGVzdHMvdGVzdF9zcHJpbnQ0bV9zdGF0
2026-09-10T08:11:31.2189927Z GO_EVIDENCE_B64 aXN0aWNhbF9tb2RlbF9nb3Zlcm5hbmNlLnB5Ojp0ZXN0X2Z1bGxfZ2F0ZV9wcm9tb3Rlc19pbnRvX3Byb2JhdGlvbl9ub3Rfc3RhYmxlX2RpcmVjdGx5IiwKICAgICJ0ZXN0cy90ZXN0X3NwcmludDRtX3N0YXRpc3RpY2FsX21vZGVsX2dvdmVybmFuY2UucHk6OnRlc3RfcHJvYmF0aW9uX3JlZ3Jlc3Npb25fYXV0b21hdGljYWxseV9yb2xsc19iYWNrX3ByZXZpb3VzX2NoYW1waW9uIiwKICAgICJ0ZXN0cy90ZXN0X3NwcmludDRtX3N0YXRpc3RpY2FsX21vZGVsX2dvdmVybmFuY2UucHk6OnRlc3RfcHJvYmF0aW9uX2JlY29tZXNf
2026-09-10T08:11:31.2196580Z GO_EVIDENCE_B64 c3RhYmxlX29ubHlfYWZ0ZXJfd2luZG93X2FuZF9ub19yZWdyZXNzaW9uIiwKICAgICJ0ZXN0cy90ZXN0X3NwcmludDRuX2ZvcmVjYXN0X2RyaWZ0X2dvdmVybmFuY2UucHk6OnRlc3RfcG9saWN5X21ha2VyX2NoZWNrZXIiLAogICAgInRlc3RzL3Rlc3Rfc3ByaW50NG5fZm9yZWNhc3RfZHJpZnRfZ292ZXJuYW5jZS5weTo6dGVzdF9pbnN1ZmZpY2llbnRfc2FtcGxlX2RvZXNfbm90X3RyaWdnZXJfcmVmcmVzaCIsCiAgICAidGVzdHMvdGVzdF9zcHJpbnQ0bl9mb3JlY2FzdF9kcmlmdF9nb3Zlcm5hbmNlLnB5Ojp0ZXN0X3BvcHVs
2026-09-10T08:11:31.2203089Z GO_EVIDENCE_B64 YXRpb25fYW5kX3NlZ21lbnRfZHJpZnRfZGV0ZWN0ZWQiLAogICAgInRlc3RzL3Rlc3Rfc3ByaW50NG5fZm9yZWNhc3RfZHJpZnRfZ292ZXJuYW5jZS5weTo6dGVzdF9yZXNpZHVhbF9kcmlmdF9kZXRlY3RlZCIsCiAgICAidGVzdHMvdGVzdF9zcHJpbnQ0bl9mb3JlY2FzdF9kcmlmdF9nb3Zlcm5hbmNlLnB5Ojp0ZXN0X2NvbnNlY3V0aXZlX2JyZWFjaGVzX3JlcXVpcmVkX2JlZm9yZV9yZXRyYWluaW5nIiwKICAgICJ0ZXN0cy90ZXN0X3NwcmludDRuX2ZvcmVjYXN0X2RyaWZ0X2dvdmVybmFuY2UucHk6OnRlc3RfYXV0b19nZW5l
2026-09-10T08:11:31.2210050Z GO_EVIDENCE_B64 cmF0ZWRfY2FuZGlkYXRlX2lzX2NoYWxsZW5nZXJfbm90X2NoYW1waW9uIiwKICAgICJ0ZXN0cy90ZXN0X3NwcmludDRuX2ZvcmVjYXN0X2RyaWZ0X2dvdmVybmFuY2UucHk6OnRlc3RfcmVmcmVzaF9waXBlbGluZV9wb2ludHNfdG9fNGxfNG1fZ292ZXJuYW5jZSIsCiAgICAidGVzdHMvdGVzdF9zcHJpbnQ0bl9mb3JlY2FzdF9kcmlmdF9nb3Zlcm5hbmNlLnB5Ojp0ZXN0X3N1cHBsaWVyX2ZhY3RfYm91bmRhcnkiLAogICAgInRlc3RzL3Rlc3Rfc3ByaW50NG9fZm9yZWNhc3RfdHJhaW5pbmdfZ292ZXJuYW5jZS5weTo6dGVzdF9w
2026-09-10T08:11:31.2217160Z GO_EVIDENCE_B64 b2xpY3lfbWFrZXJfY2hlY2tlciIsCiAgICAidGVzdHMvdGVzdF9zcHJpbnQ0b19mb3JlY2FzdF90cmFpbmluZ19nb3Zlcm5hbmNlLnB5Ojp0ZXN0X2ZlYXR1cmVfcmVnaXN0cnlfYW5kX2RhdGFzZXRfc25hcHNob3RfYXJlX3ZlcnNpb25lZF9hbmRfaGFzaGVkIiwKICAgICJ0ZXN0cy90ZXN0X3NwcmludDRvX2ZvcmVjYXN0X3RyYWluaW5nX2dvdmVybmFuY2UucHk6OnRlc3RfdHJhaW5pbmdfZGF0YV9xdWFsaXR5X2dhdGVfYmxvY2tzX2JhZF9kYXRhIiwKICAgICJ0ZXN0cy90ZXN0X3NwcmludDRvX2ZvcmVjYXN0X3RyYWluaW5n
2026-09-10T08:11:31.2243069Z GO_EVIDENCE_B64 X2dvdmVybmFuY2UucHk6OnRlc3RfbGluZWFnZV9hbmRfbWFuaWZlc3RfYmluZF9kYXRhc2V0X2ZlYXR1cmVzX2NvZGVfYW5kX3NlZWQiLAogICAgInRlc3RzL3Rlc3Rfc3ByaW50NG9fZm9yZWNhc3RfdHJhaW5pbmdfZ292ZXJuYW5jZS5weTo6dGVzdF9yZXByb2R1Y2liaWxpdHlfbWlzbWF0Y2hfYmxvY2tzX21vZGVsX2J1aWxkIiwKICAgICJ0ZXN0cy90ZXN0X3NwcmludDRvX2ZvcmVjYXN0X3RyYWluaW5nX2dvdmVybmFuY2UucHk6OnRlc3RfcmVwcm9kdWNpYmxlX2J1aWxkX2JlY29tZXNfZWxpZ2libGUiLAogICAgInRlc3Rz
2026-09-10T08:11:31.2257125Z GO_EVIDENCE_B64 L3Rlc3Rfc3ByaW50NG9fZm9yZWNhc3RfdHJhaW5pbmdfZ292ZXJuYW5jZS5weTo6dGVzdF80bF9iYWNrdGVzdF9yZXF1aXJlc180b19yZXByb2R1Y2libGVfYnVpbGRfd2hlbl9wb2xpY3lfYWN0aXZlIiwKICAgICJ0ZXN0cy90ZXN0X3NwcmludDRvX2ZvcmVjYXN0X3RyYWluaW5nX2dvdmVybmFuY2UucHk6OnRlc3Rfc3VwcGxpZXJfZmFjdF9ib3VuZGFyeSIsCiAgICAidGVzdHMvdGVzdF9zcHJpbnQ0cF9tb2RlbF9hcnRpZmFjdF9nb3Zlcm5hbmNlLnB5Ojp0ZXN0X2FydGlmYWN0X3BvbGljeV9yZXF1aXJlc19tYWtlcl9jaGVj
2026-09-10T08:11:31.2269870Z GO_EVIDENCE_B64 a2VyIiwKICAgICJ0ZXN0cy90ZXN0X3NwcmludDRwX21vZGVsX2FydGlmYWN0X2dvdmVybmFuY2UucHk6OnRlc3RfYXJ0aWZhY3RfcmVnaXN0cnlfYmluZHNfcmVwcm9kdWNpYmxlXzRvX2J1aWxkX2FuZF9wYWNrYWdlX2Zvcm1hdCIsCiAgICAidGVzdHMvdGVzdF9zcHJpbnQ0cF9tb2RlbF9hcnRpZmFjdF9nb3Zlcm5hbmNlLnB5Ojp0ZXN0X3Nib21fYW5kX3Byb3ZlbmFuY2VfYXJlX2RpZ2VzdF9ib3VuZF90b19hcnRpZmFjdCIsCiAgICAidGVzdHMvdGVzdF9zcHJpbnQ0cF9tb2RlbF9hcnRpZmFjdF9nb3Zlcm5hbmNlLnB5Ojp0
2026-09-10T08:11:31.2276794Z GO_EVIDENCE_B64 ZXN0X2ludmFsaWRfc2lnbmVkX2J1aWxkX2F0dGVzdGF0aW9uX2lzX3JlamVjdGVkX2Zyb21fcHJvbW90aW9uX2JpbmRpbmciLAogICAgInRlc3RzL3Rlc3Rfc3ByaW50NHBfbW9kZWxfYXJ0aWZhY3RfZ292ZXJuYW5jZS5weTo6dGVzdF9zaWduZWRfYXR0ZXN0YXRpb25faW50ZWdyaXR5X2FuZF9wcm9tb3Rpb25fYmluZGluZ19mb3JtX3N1cHBseV9jaGFpbiIsCiAgICAidGVzdHMvdGVzdF9zcHJpbnQ0cF9tb2RlbF9hcnRpZmFjdF9nb3Zlcm5hbmNlLnB5Ojp0ZXN0X3RhbXBlcl9kZXRlY3Rpb25faW52YWxpZGF0ZXNfNGxfYmFj
2026-09-10T08:11:31.2283310Z GO_EVIDENCE_B64 a3Rlc3RfZXZlbl9hZnRlcl9wcmV2aW91c19wYXNzIiwKICAgICJ0ZXN0cy90ZXN0X3NwcmludDRwX21vZGVsX2FydGlmYWN0X2dvdmVybmFuY2UucHk6OnRlc3RfNGxfYW5kXzRtX2Nhbm5vdF9ieXBhc3Nfc2lnbmVkX2FydGlmYWN0X2dhdGVfd2hlbl9wb2xpY3lfYWN0aXZlIiwKICAgICJ0ZXN0cy90ZXN0X3NwcmludDRwX21vZGVsX2FydGlmYWN0X2dvdmVybmFuY2UucHk6OnRlc3Rfc3VwcGxpZXJfZmFjdF9ib3VuZGFyeSIsCiAgICAidGVzdHMvdGVzdF9zcHJpbnQ0cV9tb2RlbF9zZXJ2aW5nX2F0dGVzdGF0aW9uLnB5Ojp0
2026-09-10T08:11:31.2290069Z GO_EVIDENCE_B64 ZXN0X3NlcnZpbmdfcG9saWN5X3JlcXVpcmVzX21ha2VyX2NoZWNrZXIiLAogICAgInRlc3RzL3Rlc3Rfc3ByaW50NHFfbW9kZWxfc2VydmluZ19hdHRlc3RhdGlvbi5weTo6dGVzdF9kZXBsb3ltZW50X2JpbmRpbmdfcmVxdWlyZXNfNHBfc2lnbmVkX2FydGlmYWN0X2JpbmRpbmciLAogICAgInRlc3RzL3Rlc3Rfc3ByaW50NHFfbW9kZWxfc2VydmluZ19hdHRlc3RhdGlvbi5weTo6dGVzdF9ydW50aW1lX21vZGVsX2ZpbmdlcnByaW50X2lzX2JvdW5kX3RvX2RlcGxveW1lbnRfYW5kX2FydGlmYWN0IiwKICAgICJ0ZXN0cy90ZXN0
2026-09-10T08:11:31.2296887Z GO_EVIDENCE_B64 X3NwcmludDRxX21vZGVsX3NlcnZpbmdfYXR0ZXN0YXRpb24ucHk6OnRlc3Rfd3JvbmdfbG9hZGVkX2FydGlmYWN0X2RpZ2VzdF9pbW1lZGlhdGVseV9ibG9ja3Nfc2VydmluZyIsCiAgICAidGVzdHMvdGVzdF9zcHJpbnQ0cV9tb2RlbF9zZXJ2aW5nX2F0dGVzdGF0aW9uLnB5Ojp0ZXN0X3dyb25nX3J1bnRpbWVfZmluZ2VycHJpbnRfaXNfZmFpbF9zYWZlX2Jsb2NrZWQiLAogICAgInRlc3RzL3Rlc3Rfc3ByaW50NHFfbW9kZWxfc2VydmluZ19hdHRlc3RhdGlvbi5weTo6dGVzdF92ZXJpZmllZF9zZXJ2aW5nX2F0dGVzdGF0aW9u
2026-09-10T08:11:31.2303573Z GO_EVIDENCE_B64 X2FsbG93c19mb3JlY2FzdF9ydW50aW1lX2FuZF9taXNtYXRjaF9zdG9wc19pdCIsCiAgICAidGVzdHMvdGVzdF9zcHJpbnQ0cV9tb2RlbF9zZXJ2aW5nX2F0dGVzdGF0aW9uLnB5Ojp0ZXN0X3JvbGxiYWNrX2xpbmVhZ2VfcmVxdWlyZXNfbmV3X3ZlcmlmaWVkX3J1bnRpbWVfYmVmb3JlX3JlbGVhc2UiLAogICAgInRlc3RzL3Rlc3Rfc3ByaW50NHFfbW9kZWxfc2VydmluZ19hdHRlc3RhdGlvbi5weTo6dGVzdF9zdXBwbGllcl9mYWN0X2JvdW5kYXJ5IiwKICAgICJ0ZXN0cy90ZXN0X3NwcmludDRyX21vZGVsX3RyYWZmaWNfZ292
2026-09-10T08:11:31.2310377Z GO_EVIDENCE_B64 ZXJuYW5jZS5weTo6dGVzdF9wb2xpY3lfbWFrZXJfY2hlY2tlcl9hbmRfemVyb19jYW5hcnlfc3RhcnQiLAogICAgInRlc3RzL3Rlc3Rfc3ByaW50NHJfbW9kZWxfdHJhZmZpY19nb3Zlcm5hbmNlLnB5Ojp0ZXN0X3JlcXVlc3RfbGV2ZWxfcHJlZGljdGlvbl9wcm92ZW5hbmNlX2JpbmRzX3J1bnRpbWVfaWRlbnRpdHlfYW5kX2FydGlmYWN0IiwKICAgICJ0ZXN0cy90ZXN0X3NwcmludDRyX21vZGVsX3RyYWZmaWNfZ292ZXJuYW5jZS5weTo6dGVzdF9zaGFkb3dfcHJlZGljdGlvbl9pc19jb21wYXJpc29uX29ubHkiLAogICAgInRl
2026-09-10T08:11:31.2317068Z GO_EVIDENCE_B64 c3RzL3Rlc3Rfc3ByaW50NHJfbW9kZWxfdHJhZmZpY19nb3Zlcm5hbmNlLnB5Ojp0ZXN0X2NhbmFyeV9wcm9ncmVzc2lvbl9pc19zZXF1ZW50aWFsX2FuZF9oZWFsdGhfZ2F0ZWQiLAogICAgInRlc3RzL3Rlc3Rfc3ByaW50NHJfbW9kZWxfdHJhZmZpY19nb3Zlcm5hbmNlLnB5Ojp0ZXN0X3NlcnZpbmdfZXJyb3JfYnVkZ2V0X2JyZWFjaF9mcmVlemVzX3Byb2dyZXNzaW9uIiwKICAgICJ0ZXN0cy90ZXN0X3NwcmludDRyX21vZGVsX3RyYWZmaWNfZ292ZXJuYW5jZS5weTo6dGVzdF91bmF0dGVzdGVkX2NhbmRpZGF0ZV9nZXRzX3pl
2026-09-10T08:11:31.2323569Z GO_EVIDENCE_B64 cm9fY2FuYXJ5X3RyYWZmaWMiLAogICAgInRlc3RzL3Rlc3Rfc3ByaW50NHJfbW9kZWxfdHJhZmZpY19nb3Zlcm5hbmNlLnB5Ojp0ZXN0X3JvbGxiYWNrX2NoYW5nZXNfZnV0dXJlX3JvdXRpbmdfbm90X2hpc3RvcnkiLAogICAgInRlc3RzL3Rlc3Rfc3ByaW50NHJfbW9kZWxfdHJhZmZpY19nb3Zlcm5hbmNlLnB5Ojp0ZXN0X3N1cHBsaWVyX2ZhY3RfYm91bmRhcnkiLAogICAgInRlc3RzL3Rlc3Rfc3ByaW50NHNfb25saW5lX3ByZWRpY3Rpb25fZmVlZGJhY2sucHk6OnRlc3Rfb3V0Y29tZV9hdHRyaWJ1dGlvbl9iaW5kc19wcmVk
2026-09-10T08:11:31.2330325Z GO_EVIDENCE_B64 aWN0aW9uX3Byb3ZlbmFuY2UiLAogICAgInRlc3RzL3Rlc3Rfc3ByaW50NHNfb25saW5lX3ByZWRpY3Rpb25fZmVlZGJhY2sucHk6OnRlc3Rfbm9uX2ZpbmFsX291dGNvbWVfaXNfcmVqZWN0ZWQiLAogICAgInRlc3RzL3Rlc3Rfc3ByaW50NHNfb25saW5lX3ByZWRpY3Rpb25fZmVlZGJhY2sucHk6OnRlc3RfZHVwbGljYXRlX291dGNvbWVfYXR0cmlidXRpb25faXNfcmVqZWN0ZWQiLAogICAgInRlc3RzL3Rlc3Rfc3ByaW50NHNfb25saW5lX3ByZWRpY3Rpb25fZmVlZGJhY2sucHk6OnRlc3RfaW5zdWZmaWNpZW50X3NhbXBsZV9k
2026-09-10T08:11:31.2336939Z GO_EVIDENCE_B64 b2VzX25vdF9hdXRvX2RlZ3JhZGUiLAogICAgInRlc3RzL3Rlc3Rfc3ByaW50NHNfb25saW5lX3ByZWRpY3Rpb25fZmVlZGJhY2sucHk6OnRlc3RfZGVncmFkZWRfbGl2ZV9wZXJmb3JtYW5jZV9hdXRvX3JvbGxzX2JhY2tfY2FuYXJ5IiwKICAgICJ0ZXN0cy90ZXN0X3NwcmludDRzX29ubGluZV9wcmVkaWN0aW9uX2ZlZWRiYWNrLnB5Ojp0ZXN0X2F1dG9fZGVncmFkZV9jYW5ub3RfdGFyZ2V0X2NoYW1waW9uIiwKICAgICJ0ZXN0cy90ZXN0X3NwcmludDRzX29ubGluZV9wcmVkaWN0aW9uX2ZlZWRiYWNrLnB5Ojp0ZXN0X2hpc3Rv
2026-09-10T08:11:31.2343442Z GO_EVIDENCE_B64 cmljYWxfcHJlZGljdGlvbl9hbmRfb3V0Y29tZV9yZW1haW5fYWZ0ZXJfcm9sbGJhY2siLAogICAgInRlc3RzL3Rlc3Rfc3ByaW50NHNfb25saW5lX3ByZWRpY3Rpb25fZmVlZGJhY2sucHk6OnRlc3Rfc3VwcGxpZXJfZmFjdF9ib3VuZGFyeSIsCiAgICAidGVzdHMvdGVzdF9zcHJpbnQ0dF9vbmxpbmVfc2VnbWVudF9nb3Zlcm5hbmNlLnB5Ojp0ZXN0X3NlZ21lbnRfb2JzZXJ2YXRpb25fYmluZHNfdGVhbV9kb21haW5faG9yaXpvbiIsCiAgICAidGVzdHMvdGVzdF9zcHJpbnQ0dF9vbmxpbmVfc2VnbWVudF9nb3Zlcm5hbmNlLnB5
2026-09-10T08:11:31.2350038Z GO_EVIDENCE_B64 Ojp0ZXN0X2R1cGxpY2F0ZV9zZWdtZW50X29ic2VydmF0aW9uX3JlamVjdGVkIiwKICAgICJ0ZXN0cy90ZXN0X3NwcmludDR0X29ubGluZV9zZWdtZW50X2dvdmVybmFuY2UucHk6OnRlc3RfaW5zdWZmaWNpZW50X3NlZ21lbnRfc2FtcGxlX2lzX25vdF9kZWdyYWRlZCIsCiAgICAidGVzdHMvdGVzdF9zcHJpbnQ0dF9vbmxpbmVfc2VnbWVudF9nb3Zlcm5hbmNlLnB5Ojp0ZXN0X2JhZF9zZWdtZW50X2RldGVjdGVkX3doaWxlX290aGVyX3NlZ21lbnRfY2FuX3Bhc3MiLAogICAgInRlc3RzL3Rlc3Rfc3ByaW50NHRfb25saW5lX3Nl
2026-09-10T08:11:31.2356490Z GO_EVIDENCE_B64 Z21lbnRfZ292ZXJuYW5jZS5weTo6dGVzdF9ob3Jpem9uX2lzb2xhdGVkX3NlZ21lbnRfcGVyZm9ybWFuY2UiLAogICAgInRlc3RzL3Rlc3Rfc3ByaW50NHRfb25saW5lX3NlZ21lbnRfZ292ZXJuYW5jZS5weTo6dGVzdF9jb25zZWN1dGl2ZV9zZWdtZW50X2JyZWFjaF90cmlnZ2Vyc19yZXRyYWluaW5nX3JlcXVlc3QiLAogICAgInRlc3RzL3Rlc3Rfc3ByaW50NHRfb25saW5lX3NlZ21lbnRfZ292ZXJuYW5jZS5weTo6dGVzdF9yZWZyZXNoX2VudGVyc19leGlzdGluZ19nb3Zlcm5lZF9waXBlbGluZV9ub3RfZGlyZWN0X3Byb21v
2026-09-10T08:11:31.2363162Z GO_EVIDENCE_B64 dGlvbiIsCiAgICAidGVzdHMvdGVzdF9zcHJpbnQ0dF9vbmxpbmVfc2VnbWVudF9nb3Zlcm5hbmNlLnB5Ojp0ZXN0X3N1cHBsaWVyX2ZhY3RfYm91bmRhcnkiLAogICAgInRlc3RzL3Rlc3Rfc3ByaW50NHVfc2VnbWVudF9yZW1lZGlhdGlvbi5weTo6dGVzdF9wb2xpY3lfcmVxdWlyZXNfbWFrZXJfY2hlY2tlciIsCiAgICAidGVzdHMvdGVzdF9zcHJpbnQ0dV9zZWdtZW50X3JlbWVkaWF0aW9uLnB5Ojp0ZXN0X3RhcmdldF9iaW5kc19vcmlnaW5hbF9mYWlsZWRfc2VnbWVudCIsCiAgICAidGVzdHMvdGVzdF9zcHJpbnQ0dV9zZWdt
2026-09-10T08:11:31.2369906Z GO_EVIDENCE_B64 ZW50X3JlbWVkaWF0aW9uLnB5Ojp0ZXN0X3RhcmdldF9ub3RfcmVwYWlyZWRfaXNfaW5lZmZlY3RpdmUiLAogICAgInRlc3RzL3Rlc3Rfc3ByaW50NHVfc2VnbWVudF9yZW1lZGlhdGlvbi5weTo6dGVzdF90YXJnZXRfcmVwYWlyX3dpdGhvdXRfcmVncmVzc2lvbl9pc19lZmZlY3RpdmUiLAogICAgInRlc3RzL3Rlc3Rfc3ByaW50NHVfc2VnbWVudF9yZW1lZGlhdGlvbi5weTo6dGVzdF9jcm9zc19zZWdtZW50X3JlZ3Jlc3Npb25fYmxvY2tzX3Byb21vdGlvbiIsCiAgICAidGVzdHMvdGVzdF9zcHJpbnQ0dV9zZWdtZW50X3JlbWVk
2026-09-10T08:11:31.2376553Z GO_EVIDENCE_B64 aWF0aW9uLnB5Ojp0ZXN0X3NldmVyZV9jcm9zc19zZWdtZW50X3JlZ3Jlc3Npb25faXNfaGFybWZ1bCIsCiAgICAidGVzdHMvdGVzdF9zcHJpbnQ0dV9zZWdtZW50X3JlbWVkaWF0aW9uLnB5Ojp0ZXN0X3JlZnJlc2hfY2hhbGxlbmdlcl9jYW5ub3RfYnlwYXNzX3JlbWVkaWF0aW9uX2dhdGUiLAogICAgInRlc3RzL3Rlc3Rfc3ByaW50NHVfc2VnbWVudF9yZW1lZGlhdGlvbi5weTo6dGVzdF9lZmZlY3RpdmVfcmVtZWRpYXRpb25fdW5sb2Nrc19wcm9tb3Rpb25fZ2F0ZV9hbmRfcHJlc2VydmVzX3N1cHBsaWVyX2ZhY3QiLAogICAg
2026-09-10T08:11:31.2383025Z GO_EVIDENCE_B64 InRlc3RzL3Rlc3Rfc3ByaW50NHZfZ2VuZXJhbGl6YXRpb24ucHk6OnRlc3RfcG9saWN5X21ha2VyX2NoZWNrZXIiLAogICAgInRlc3RzL3Rlc3Rfc3ByaW50NHZfZ2VuZXJhbGl6YXRpb24ucHk6OnRlc3RfYWRqYWNlbnRfZ2VuZXJhbGl6YXRpb25fZGV0ZWN0c19yZWdyZXNzaW9uIiwKICAgICJ0ZXN0cy90ZXN0X3NwcmludDR2X2dlbmVyYWxpemF0aW9uLnB5Ojp0ZXN0X2hvbGRvdXRfc2FmZXR5X2RldGVjdHNfcmVncmVzc2lvbiIsCiAgICAidGVzdHMvdGVzdF9zcHJpbnQ0dl9nZW5lcmFsaXphdGlvbi5weTo6dGVzdF9wcmVf
2026-09-10T08:11:31.2389775Z GO_EVIDENCE_B64 cHJvbW90aW9uX3JlcXVpcmVzX2dlbmVyYWxpemF0aW9uX2FuZF9ob2xkb3V0IiwKICAgICJ0ZXN0cy90ZXN0X3NwcmludDR2X2dlbmVyYWxpemF0aW9uLnB5Ojp0ZXN0X3Bhc3NlZF9nZW5lcmFsaXphdGlvbl9hbmRfaG9sZG91dF91bmxvY2tfZ2F0ZSIsCiAgICAidGVzdHMvdGVzdF9zcHJpbnQ0dl9nZW5lcmFsaXphdGlvbi5weTo6dGVzdF9wb3N0X3Byb21vdGlvbl9wcm9vZl9jYW5fYmVfcHJvdmVuIiwKICAgICJ0ZXN0cy90ZXN0X3NwcmludDR2X2dlbmVyYWxpemF0aW9uLnB5Ojp0ZXN0X3Bvc3RfcHJvbW90aW9uX3JlZ3Jl
2026-09-10T08:11:31.2396400Z GO_EVIDENCE_B64 c3Npb25fcmVxdWlyZXNfZ292ZXJuZWRfcm9sbGJhY2siLAogICAgInRlc3RzL3Rlc3Rfc3ByaW50NHZfZ2VuZXJhbGl6YXRpb24ucHk6OnRlc3RfcHJvYmF0aW9uX3JlcXVpcmVzX2N1cnJlbnRfcHJvZHVjdGlvbl9wcm9vZl9hbmRfcHJlc2VydmVzX3N1cHBsaWVyX2ZhY3QiLAogICAgInRlc3RzL3Rlc3Rfc3ByaW50NHdfbXVsdGlfc2VnbWVudF9wb3J0Zm9saW8ucHk6OnRlc3RfcG9ydGZvbGlvX3JlcXVpcmVzX211bHRpcGxlX3NlZ21lbnRzIiwKICAgICJ0ZXN0cy90ZXN0X3NwcmludDR3X211bHRpX3NlZ21lbnRfcG9ydGZv
2026-09-10T08:11:31.2402886Z GO_EVIDENCE_B64 bGlvLnB5Ojp0ZXN0X3VucmVzb2x2ZWRfbXV0dWFsX2NvbmZsaWN0X3JlamVjdHNfY2FuZGlkYXRlIiwKICAgICJ0ZXN0cy90ZXN0X3NwcmludDR3X211bHRpX3NlZ21lbnRfcG9ydGZvbGlvLnB5Ojp0ZXN0X211c3RfZml4X3NlZ21lbnRfY2Fubm90X2JlX2hpZGRlbl9ieV9nbG9iYWxfY2FuZGlkYXRlX3Njb3JlIiwKICAgICJ0ZXN0cy90ZXN0X3NwcmludDR3X211bHRpX3NlZ21lbnRfcG9ydGZvbGlvLnB5Ojp0ZXN0X3VuaWZpZWRfY2FuZGlkYXRlX3Bhc3Nlc193aGVuX2FsbF9tdXN0X2ZpeF9hbmRfNHZfZXZpZGVuY2VfcGFz
2026-09-10T08:11:31.2409455Z GO_EVIDENCE_B64 cyIsCiAgICAidGVzdHMvdGVzdF9zcHJpbnQ0d19tdWx0aV9zZWdtZW50X3BvcnRmb2xpby5weTo6dGVzdF9wcm90ZWN0ZWRfc2VnbWVudF9yZWdyZXNzaW9uX2Jsb2Nrc19wb3J0Zm9saW8iLAogICAgInRlc3RzL3Rlc3Rfc3ByaW50NHdfbXVsdGlfc2VnbWVudF9wb3J0Zm9saW8ucHk6OnRlc3RfYXJiaXRyYXRpb25fc2VsZWN0c19iZXN0X3BvcnRmb2xpb19zYWZlX2NhbmRpZGF0ZSIsCiAgICAidGVzdHMvdGVzdF9zcHJpbnQ0d19tdWx0aV9zZWdtZW50X3BvcnRmb2xpby5weTo6dGVzdF9vbmx5X2FyYml0cmF0aW9uX3dpbm5l
2026-09-10T08:11:31.2416021Z GO_EVIDENCE_B64 cl9jYW5fcmVjZWl2ZV9wb3J0Zm9saW9fcHJvbW90aW9uX2dhdGUiLAogICAgInRlc3RzL3Rlc3Rfc3ByaW50NHdfbXVsdGlfc2VnbWVudF9wb3J0Zm9saW8ucHk6OnRlc3RfaGFyZF9wcm9tb3Rpb25fZ3VhcmRfcmVxdWlyZXNfNHdfZ2F0ZV9hbmRfcHJlc2VydmVzX3N1cHBsaWVyX2ZhY3QiLAogICAgInRlc3RzL3Rlc3Rfc3ByaW50NHhfcG9ydGZvbGlvX2NoYW1waW9uX2NvbnRpbnVpdHkucHk6OnRlc3RfY29udGludWl0eV9kaXN0aW5ndWlzaGVzX2RlZ3JhZGluZ19ub19sb25nZXJfb3B0aW1hbF9hbmRfdW5zYWZlIiwKICAg
2026-09-10T08:11:31.2422601Z GO_EVIDENCE_B64 ICJ0ZXN0cy90ZXN0X3NwcmludDR4X3BvcnRmb2xpb19jaGFtcGlvbl9jb250aW51aXR5LnB5Ojp0ZXN0X29ubHlfNHdfcG9ydGZvbGlvX3dpbm5lcl9jYW5fb3Blbl9jaGFsbGVuZ2UiLAogICAgInRlc3RzL3Rlc3Rfc3ByaW50NHhfcG9ydGZvbGlvX2NoYW1waW9uX2NvbnRpbnVpdHkucHk6OnRlc3RfbXVsdGlfb2JqZWN0aXZlX3NhZmV0eV9iZWF0c19zaW5nbGVfc2NvcmVfZ2FpbiIsCiAgICAidGVzdHMvdGVzdF9zcHJpbnQ0eF9wb3J0Zm9saW9fY2hhbXBpb25fY29udGludWl0eS5weTo6dGVzdF9jYW5kaWRhdGVfbXVzdF9i
2026-09-10T08:11:31.2429183Z GO_EVIDENCE_B64 ZV9tYXRlcmlhbGx5X3N1cGVyaW9yX2JlZm9yZV9yZXBsYWNlbWVudF9hcHByb3ZhbCIsCiAgICAidGVzdHMvdGVzdF9zcHJpbnQ0eF9wb3J0Zm9saW9fY2hhbXBpb25fY29udGludWl0eS5weTo6dGVzdF9zdXBlcmlvcl9jYW5kaWRhdGVfZ2V0c19hcHByb3ZlZF9idXRfbm90X2ltbWVkaWF0ZV9jaGFtcGlvbl9yZXBsYWNlbWVudCIsCiAgICAidGVzdHMvdGVzdF9zcHJpbnQ0eF9wb3J0Zm9saW9fY2hhbXBpb25fY29udGludWl0eS5weTo6dGVzdF90cmFuc2l0aW9uX3JlYWRzXzRyX2NhbmFyeV9hc19zb3VyY2Vfb2ZfdHJ1dGgi
2026-09-10T08:11:31.2435809Z GO_EVIDENCE_B64 LAogICAgInRlc3RzL3Rlc3Rfc3ByaW50NHhfcG9ydGZvbGlvX2NoYW1waW9uX2NvbnRpbnVpdHkucHk6OnRlc3RfZnVsbF90cmFmZmljX2Nhbm5vdF9maW5hbGl6ZV93aXRob3V0XzR2X3Byb2R1Y3Rpb25fcHJvb2YiLAogICAgInRlc3RzL3Rlc3Rfc3ByaW50NHhfcG9ydGZvbGlvX2NoYW1waW9uX2NvbnRpbnVpdHkucHk6OnRlc3Rfc2FmZV9yZXBsYWNlbWVudF9hbmRfcm9sbGJhY2tfcHJlc2VydmVfaGlzdG9yeV9hbmRfc3VwcGxpZXJfZmFjdCIsCiAgICAidGVzdHMvdGVzdF9zdXBwbGllcl9tdWx0aXZlcnRpY2FsX2NlcnRp
2026-09-10T08:11:31.2442404Z GO_EVIDENCE_B64 ZmljYXRpb24ucHk6OnRlc3RfY2VydGlmaWNhdGlvbl9ibG9ja3NfbWlzc2luZ19jYXBhYmlsaXRpZXNfY2hlY2tzX2FuZF9ldmlkZW5jZSIsCiAgICAidGVzdHMvdGVzdF9zdXBwbGllcl9tdWx0aXZlcnRpY2FsX2NlcnRpZmljYXRpb24ucHk6OnRlc3RfY29tcGxldGVfY29udHJhY3RfY2VydGlmaWNhdGlvbl9uZXZlcl9jbGFpbXNfbGl2ZSIsCiAgICAidGVzdHMvdGVzdF90cmF2ZWxfaW50ZWxsaWdlbmNlX3AwLnB5Ojp0ZXN0X2Nvc3RfZ292ZXJub3JfbmV2ZXJfZGVmYXVsdHNfdG9fZXh0ZXJuYWwiLAogICAgInRlc3RzL3Rl
2026-09-10T08:11:31.2449386Z GO_EVIDENCE_B64 c3RfdHJhdmVsX2ludGVsbGlnZW5jZV9wMC5weTo6dGVzdF9zZW5zaXRpdmVfZXh0ZXJuYWxfaXNfZmFpbF9jbG9zZWQiLAogICAgInRlc3RzL3Rlc3RfdHJhdmVsX2ludGVsbGlnZW5jZV9wMC5weTo6dGVzdF9ldmVudF9jb250cmFjdF9yZWdpc3RyeV9tYXRjaGVzX2ZyZWV6ZSIsCiAgICAidGVzdHMvdGVzdF90cmF2ZWxfaW50ZWxsaWdlbmNlX3AwLnB5Ojp0ZXN0X3RyYW5zYWN0aW9uX3Byb2plY3Rpb25fZG9tYWluc19hcmVfYXV0aG9yaXRhdGl2ZV9zb3VyY2VzX29ubHkiLAogICAgInRlc3RzL3Rlc3RfdW5pZmllZF9tb25l
2026-09-10T08:11:31.2456101Z GO_EVIDENCE_B64 eV9tb3ZlbWVudF9maW5hbmNlX2Nsb3NlLnB5Ojp0ZXN0X2F1dGhvcml6ZV9jYXB0dXJlX3JlZnVuZF9jaGFpbl9hbmRfaWRlbXBvdGVuY3kiLAogICAgInRlc3RzL3Rlc3RfdW5pZmllZF9tb25leV9tb3ZlbWVudF9maW5hbmNlX2Nsb3NlLnB5Ojp0ZXN0X2NhcHR1cmVfcmVxdWlyZXNfYXV0aG9yaXphdGlvbiIsCiAgICAidGVzdHMvdGVzdF91bmlmaWVkX21vbmV5X21vdmVtZW50X2ZpbmFuY2VfY2xvc2UucHk6OnRlc3RfY2xvc2VfYmxvY2tzX3doZW5fY2FwdHVyZV9yZWNvbmNpbGlhdGlvbl9pc19taXNzaW5nIiwKICAgICJ0
2026-09-10T08:11:31.2462608Z GO_EVIDENCE_B64 ZXN0cy90ZXN0X3VuaWZpZWRfbW9uZXlfbW92ZW1lbnRfZmluYW5jZV9jbG9zZS5weTo6dGVzdF9leHRlcm5hbF9leGVjdXRvcl9yZXF1aXJlZF9ibG9ja3NfY2xvc2UiLAogICAgInRlc3RzL3Rlc3RfdjYxX2FwcF9saWZlc3Bhbi5weTo6dGVzdF92NjFfYXBwX2RlY2xhcmVzX2xpZmVzcGFuX3dpdGhvdXRfZGVwcmVjYXRlZF9vbl9ldmVudF9oYW5kbGVycyIsCiAgICAidGVzdHMvdGVzdF92NjFfYXBwX2xpZmVzcGFuLnB5Ojp0ZXN0X3Y2MV9saWZlc3Bhbl9wcmVzZXJ2ZXNfbGVnYWN5X3N0YXJ0dXBfYm9vdHN0cmFwX3NlbWFu
2026-09-10T08:11:31.2469292Z GO_EVIDENCE_B64 dGljcyIsCiAgICAidGVzdHMvdGVzdF92NjFfbWVkaWFfaGFydmVzdGVyX3JpZ2h0c19nYXRlLnB5Ojp0ZXN0X2Rvd25sb2FkX2NhY2hlX3Jvb21fYmluZGluZ19hbmRfcmlnaHRzX2dhdGUiLAogICAgInRlc3RzL3Rlc3RfdjYxX21lZGlhX2hhcnZlc3Rlcl9yaWdodHNfZ2F0ZS5weTo6dGVzdF9mYWlsX2Nsb3NlZF9kb3dubG9hZF9yaWdodHNfc3NyZl9kZWR1cF9hbmRfaW50ZWdyaXR5IiwKICAgICJ0ZXN0cy90ZXN0X3Y2MV9tZWRpYV9oYXJ2ZXN0ZXJfcmlnaHRzX2dhdGUucHk6OnRlc3RfcmlnaHRzX2V4cGlyeV9hbmRfc2Nv
2026-09-10T08:11:31.2475876Z GO_EVIDENCE_B64 cGVfZmFpbF9jbG9zZWQiLAogICAgInRlc3RzL3Rlc3RfdjYxX29wZXJhdGlvbnNfY29uc29sZV9jb21wbGV0aW9uLnB5Ojp0ZXN0X2dvX2FkbWluX2hhc19hbGxfdmVydGljYWxfYW5kX2dvX2NvcmVfbW9kdWxlcyIsCiAgICAidGVzdHMvdGVzdF92NjFfb3BlcmF0aW9uc19jb25zb2xlX2NvbXBsZXRpb24ucHk6OnRlc3Rfc3VwcGxpZXJfY29uc29sZV91c2VzX29wZXJhdGlvbmFsX3dvcmtiZW5jaGVzIiwKICAgICJ0ZXN0cy90ZXN0X3Y2MV9vcGVyYXRpb25zX2NvbnNvbGVfY29tcGxldGlvbi5weTo6dGVzdF9jb25zdW1lcl9o
2026-09-10T08:11:31.2482498Z GO_EVIDENCE_B64 b3RlbF9oYXNfY29tcGFyZV9iZWZvcmVfYm9va2luZ19yZXZpZXciLAogICAgInRlc3RzL3Rlc3RfdjYxX29wZXJhdGlvbnNfY29uc29sZV9jb21wbGV0aW9uLnB5Ojp0ZXN0X21vYmlsaXR5X2hhc19leHBsaWNpdF9wYXltZW50X2JlZm9yZV9zdWNjZXNzIiwKICAgICJ0ZXN0cy90ZXN0X3Y2MV9vcGVyYXRpb25zX2NvbnNvbGVfY29tcGxldGlvbi5weTo6dGVzdF9hZG1pbl9vcGVyYXRpb25zX2FwaV9pc19yZWdpc3RlcmVkIiwKICAgICJ0ZXN0cy90ZXN0X3dhdmUwM19jMDdfYzA5X2F1dGhvcml0eV9jb250cmFjdC5weTo6dGVz
2026-09-10T08:11:31.2489055Z GO_EVIDENCE_B64 dF9jMDdfcHJlcGFyZXNfZXZpZGVuY2Vfb25seV9hbmRfbmV2ZXJfanVkZ21lbnRfdHJ1dGgiLAogICAgInRlc3RzL3Rlc3Rfd2F2ZTAzX2MwN19jMDlfYXV0aG9yaXR5X2NvbnRyYWN0LnB5Ojp0ZXN0X2MwN19sZWdhY3lfanVkZ21lbnRfZW50cnlwb2ludHNfZmFpbF9jbG9zZWQiLAogICAgInRlc3RzL3Rlc3Rfd2F2ZTAzX2MwN19jMDlfYXV0aG9yaXR5X2NvbnRyYWN0LnB5Ojp0ZXN0X2MwOV9yZWplY3RzX3RyYXZlbGVyX2ZpdF9jb250ZXh0X2FzX3JlY29tbWVuZGF0aW9uX2lucHV0IiwKICAgICJ0ZXN0cy90ZXN0X3dhdmUw
2026-09-10T08:11:31.2495572Z GO_EVIDENCE_B64 M19jMDdfYzA5X2F1dGhvcml0eV9jb250cmFjdC5weTo6dGVzdF93YXZlMDNfY29udHJhY3RfcmVnaXN0cnlfa2VlcHNfYzA5X2FzX2ZpbmFsX293bmVyIiwKICAgICJ0ZXN0cy90ZXN0X3dhdmUwM19jMDdfYzA5X2F1dGhvcml0eV9jb250cmFjdC5weTo6dGVzdF9jMDdfYXV0b25vbXlfcmVnaXN0cnlfaGFzX2NvbnRleHRfZXZpZGVuY2VfYnV0X25vdF9qdWRnbWVudF9jYXBhYmlsaXR5IiwKICAgICJ0ZXN0cy90ZXN0X3dhdmUwNF92NzBfcmVsZWFzZV9nYXRlX2NvbnRyYWN0LnB5Ojp0ZXN0X3Y3MF9pc191bmlxdWVfY29udHJv
2026-09-10T08:11:31.2501997Z GO_EVIDENCE_B64 bGxpbmdfc29sdXRpb25fbWFzdGVyIiwKICAgICJ0ZXN0cy90ZXN0X3dhdmUwNF92NzBfcmVsZWFzZV9nYXRlX2NvbnRyYWN0LnB5Ojp0ZXN0X3NvdXJjZV9jYW5kaWRhdGVfaGVhZF9pc18wMTE0X2FuZF9ub3Rfc3RhZ2luZ19mYWN0IiwKICAgICJ0ZXN0cy90ZXN0X3dhdmUwNF92NzBfcmVsZWFzZV9nYXRlX2NvbnRyYWN0LnB5Ojp0ZXN0X3JlbGVhc2VfY2FuZGlkYXRlX21hbmlmZXN0X2hhc19zYW1lX21pZ3JhdGlvbl90cnV0aF9zcGxpdCIsCiAgICAidGVzdHMvdGVzdF93YXZlMDRfdjcwX3JlbGVhc2VfZ2F0ZV9jb250cmFj
2026-09-10T08:11:31.2508593Z GO_EVIDENCE_B64 dC5weTo6dGVzdF93YXZlMDdfZnJnMDJfcmVsZWFzZV9pZGVudGl0eV9iaW5kc193YXZlMDdfcGFyZW50X3NoYSIsCiAgICAidGVzdHMvdGVzdF93YXZlMDRfdjcwX3JlbGVhc2VfZ2F0ZV9jb250cmFjdC5weTo6dGVzdF93YXZlMDdfZnJnMDJfYmluZGluZ19pc19ub3RfZGVwbG95ZWRfYW5kX2hhc19zb3VyY2Vfc2hhIiwKICAgICJ0ZXN0cy90ZXN0X3dhdmUwNF92NzBfcmVsZWFzZV9nYXRlX2NvbnRyYWN0LnB5Ojp0ZXN0X3Y3MF9nYXRlX2lzX2F1dGhvcml0YXRpdmVfYW5kX3ByZXNlbnQiLAogICAgInRlc3RzL3Rlc3Rfd2F2
2026-09-10T08:11:31.2515363Z GO_EVIDENCE_B64 ZTA0X3Y3MF9yZWxlYXNlX2dhdGVfY29udHJhY3QucHk6OnRlc3RfMDExM18wMTE0X21pZ3JhdGlvbl9ieXRlc19hcmVfYXVkaXRfZnJvemVuIiwKICAgICJ0ZXN0cy90ZXN0X3dlYmhvb2tfaW5ib3gucHk6OnRlc3Rfd2ViaG9va19kdXBsaWNhdGVfYW5kX291dF9vZl9vcmRlcl9hcmVfc2FmZSIsCiAgICAidGVzdHMvdGVzdF93ZWJob29rX2luYm94LnB5Ojp0ZXN0X2ludmFsaWRfd2ViaG9va19zaWduYXR1cmVfaXNfcmVqZWN0ZWRfYW5kX2F1ZGl0ZWQiLAogICAgInRlc3RzL3dvcmtiZW5jaC90ZXN0X2NhbmRpZGF0ZV90aGlu
2026-09-10T08:11:31.2521850Z GO_EVIDENCE_B64 X3dvcmtzcGFjZS5weTo6dGVzdF90aGluX3dvcmtzcGFjZV9jb3BpZXNfb25seV9jaGFuZ2VkX2ZpbGVzIiwKICAgICJ0ZXN0cy93b3JrYmVuY2gvdGVzdF9jYW5kaWRhdGVfdGhpbl93b3Jrc3BhY2UucHk6OnRlc3RfcGFyZW50X3NoYV9pc19tYW5kYXRvcnlfYW5kX2ltbXV0YWJsZV9zaGFwZSIsCiAgICAidGVzdHMvd29ya2JlbmNoL3Rlc3RfY2FuZGlkYXRlX3RoaW5fd29ya3NwYWNlLnB5Ojp0ZXN0X3Vuc2FmZV9kZWx0YV9wYXRoX2ZhaWxzX2Nsb3NlZCIsCiAgICAidGVzdHMvd29ya2JlbmNoL3Rlc3RfY2FuZGlkYXRlX3Ro
2026-09-10T08:11:31.2528459Z GO_EVIDENCE_B64 aW5fd29ya3NwYWNlLnB5Ojp0ZXN0X21hbmlmZXN0X3JlY29yZHNfaGFzaF9hbmRfZGVsZXRlX3NldCIsCiAgICAidGVzdHMvd29ya2JlbmNoL3Rlc3RfZ29fcGFyYWxsZWxfd29ya2JlbmNoX2J1aWxkMDEucHk6OnRlc3RfZm91cnRlZW5fd29ya3NwYWNlc19hbmRfc2V2ZW5fbGFuZXMiLAogICAgInRlc3RzL3dvcmtiZW5jaC90ZXN0X2dvX3BhcmFsbGVsX3dvcmtiZW5jaF9idWlsZDAxLnB5Ojp0ZXN0X2VhY2hfd29ya3NwYWNlX2hhc19pbmRlcGVuZGVudF9icmFuY2hfYW5kX3dvcmt0cmVlX3ByZWZpeCIsCiAgICAidGVzdHMv
2026-09-10T08:11:31.2538381Z GO_EVIDENCE_B64 d29ya2JlbmNoL3Rlc3RfZ29fcGFyYWxsZWxfd29ya2JlbmNoX2J1aWxkMDEucHk6OnRlc3RfZGVjb21wb3NpdGlvbl9idWlsZHNfaXNvbGF0ZWRfd29ya2l0ZW1zIiwKICAgICJ0ZXN0cy93b3JrYmVuY2gvdGVzdF9nb19wYXJhbGxlbF93b3JrYmVuY2hfYnVpbGQwMS5weTo6dGVzdF9jcm9zc19vd25lZF9wYXRoX2lzX2Jsb2NrZWQiLAogICAgInRlc3RzL3dvcmtiZW5jaC90ZXN0X2dvX3BhcmFsbGVsX3dvcmtiZW5jaF9idWlsZDAxLnB5Ojp0ZXN0X2MxNF9jYW5ub3RfbXV0YXRlX2J1c2luZXNzX3RydXRoX3BhdGhzIiwKICAg
2026-09-10T08:11:31.2545938Z GO_EVIDENCE_B64 ICJ0ZXN0cy93b3JrYmVuY2gvdGVzdF9nb19wYXJhbGxlbF93b3JrYmVuY2hfYnVpbGQwMS5weTo6dGVzdF9kZXBlbmRlbmN5X2N5Y2xlX2ZhaWxzX2Nsb3NlZCIsCiAgICAidGVzdHMvd29ya2JlbmNoL3Rlc3RfZ29fcGFyYWxsZWxfd29ya2JlbmNoX2J1aWxkMDEucHk6OnRlc3RfYzA5X2NvbnN0aXR1dGlvbmFsX2Fzc2V0c19wcm90ZWN0ZWRfZnJvbV9vdGhlcl9jZWxscyIsCiAgICAidGVzdHMvd29ya2JlbmNoL3Rlc3RfZ29fcGFyYWxsZWxfd29ya2JlbmNoX2J1aWxkMDEucHk6OnRlc3RfbWVyZ2VfcmVxdWlyZXNfYWxsX2dh
2026-09-10T08:11:31.2552697Z GO_EVIDENCE_B64 dGVzIiwKICAgICJ0ZXN0cy93b3JrYmVuY2gvdGVzdF9nb19wYXJhbGxlbF93b3JrYmVuY2hfYnVpbGQwMS5weTo6dGVzdF9jMTNfbXVzdF9iZV9pbmRlcGVuZGVudF9xYSIsCiAgICAidGVzdHMvd29ya2JlbmNoL3Rlc3RfZ29fcGFyYWxsZWxfd29ya2JlbmNoX2J1aWxkMDEucHk6OnRlc3RfYzE0X211c3RfcmV2aWV3X2xlZ2FsX2dhdGUiLAogICAgInRlc3RzL3dvcmtiZW5jaC90ZXN0X2dvX3BhcmFsbGVsX3dvcmtiZW5jaF9idWlsZDAxLnB5Ojp0ZXN0X3ZhbGlkX2NhbmRpZGF0ZV9jYW5fbWVyZ2UiLAogICAgInRlc3RzL3dv
2026-09-10T08:11:31.2559469Z GO_EVIDENCE_B64 cmtiZW5jaC90ZXN0X2dvX3BhcmFsbGVsX3dvcmtiZW5jaF9idWlsZDAxLnB5Ojp0ZXN0X3BhcmFsbGVsX2NhbmRpZGF0ZV9wYXRoX2NvbGxpc2lvbl9mYWlscyIsCiAgICAidGVzdHMvd29ya2JlbmNoL3Rlc3Rfd2F2ZTAyX3RydXRoX2dhdGVfYW5kX21vYmlsaXR5X293bmVyc2hpcC5weTo6dGVzdF9lbmdpbmVlcmluZ19zdXBwbGllcl9maXh0dXJlc19mYWlsX2Nsb3NlZF9pbl9wcm9kdWN0aW9uIiwKICAgICJ0ZXN0cy93b3JrYmVuY2gvdGVzdF93YXZlMDJfdHJ1dGhfZ2F0ZV9hbmRfbW9iaWxpdHlfb3duZXJzaGlwLnB5Ojp0
2026-09-10T08:11:31.2566095Z GO_EVIDENCE_B64 ZXN0X2VuZ2luZWVyaW5nX3N1cHBsaWVyX2ZpeHR1cmVzX2FyZV9leHBsaWNpdGx5X25vbl9saXZlX2xvY2FsbHkiLAogICAgInRlc3RzL3dvcmtiZW5jaC90ZXN0X3dhdmUwMl90cnV0aF9nYXRlX2FuZF9tb2JpbGl0eV9vd25lcnNoaXAucHk6OnRlc3RfYzA0X2MwNV9vd25lZF9wYXRoc19hcmVfaXNvbGF0ZWRfYW5kX3NoYXJlZF9mYWNhZGVfaGFzX25vX2J1c2luZXNzX3RydXRoIiwKICAgICJ0ZXN0cy93b3JrYmVuY2gvdGVzdF93YXZlMDJfdHJ1dGhfZ2F0ZV9hbmRfbW9iaWxpdHlfb3duZXJzaGlwLnB5Ojp0ZXN0X3B1Ymxp
2026-09-10T08:11:31.2572572Z GO_EVIDENCE_B64 Y19zeW50aGV0aWNfc3VwcGxpZXJfcm91dGVzX3JldHVybl81MDNfaW5fcHJvZHVjdGlvbiIsCiAgICAidGVzdHMvd29ya2JlbmNoL3Rlc3Rfd2F2ZTA1X3Byb3ZpZGVyX2FkYXB0ZXJfdjIucHk6OnRlc3RfYWxsX3NpeF92ZXJ0aWNhbF9wcm9maWxlc19hcmVfcmVhZGluZXNzX29ubHkiLAogICAgInRlc3RzL3dvcmtiZW5jaC90ZXN0X3dhdmUwNV9wcm92aWRlcl9hZGFwdGVyX3YyLnB5Ojp0ZXN0X2lubGluZV9wcm92aWRlcl9zZWNyZXRfaXNfcmVqZWN0ZWQiLAogICAgInRlc3RzL3dvcmtiZW5jaC90ZXN0X3dhdmUwNV9wcm92
2026-09-10T08:11:31.2579310Z GO_EVIDENCE_B64 aWRlcl9hZGFwdGVyX3YyLnB5Ojp0ZXN0X3Vua25vd25fc3VwcGxpZXJfZXJyb3JfcG9saWN5X211c3RfZmFpbF9jbG9zZWQiLAogICAgInRlc3RzL3dvcmtiZW5jaC90ZXN0X3dhdmUwNl9wcm92aWRlcl9jZXJ0aWZpY2F0aW9uX2ZpZGVsaXR5X3YyLnB5Ojp0ZXN0X2hhcm5lc3NfdjJfY2VydGlmaWVzX2FsbF9zaXhfdmVydGljYWxzX3dpdGhvdXRfZXh0ZXJuYWxfY2xhaW0iLAogICAgInRlc3RzL3dvcmtiZW5jaC90ZXN0X3dhdmUwNl9wcm92aWRlcl9jZXJ0aWZpY2F0aW9uX2ZpZGVsaXR5X3YyLnB5Ojp0ZXN0X2hhcm5lc3Nf
2026-09-10T08:11:31.2585870Z GO_EVIDENCE_B64 djJfYmxvY2tzX2NvbnRyYWN0X3dpdGhfYmFkX3JlcGxheV90b2xlcmFuY2UiLAogICAgInRlc3RzL3dvcmtiZW5jaC90ZXN0X3dhdmUwNl9wcm92aWRlcl9jZXJ0aWZpY2F0aW9uX2ZpZGVsaXR5X3YyLnB5Ojp0ZXN0X2NvbnRyYWN0X2ZpZGVsaXR5X3J1bm5lcl9wYXNzZXNfYWxsX3NpeF92ZXJ0aWNhbF9jb250cm9sbGVkX3NpbXVsYXRpb25zIiwKICAgICJ0ZXN0cy93b3JrYmVuY2gvdGVzdF93YXZlMDZfcHJvdmlkZXJfY2VydGlmaWNhdGlvbl9maWRlbGl0eV92Mi5weTo6dGVzdF9jb250cmFjdF9maWRlbGl0eV9ydW5uZXJf
2026-09-10T08:11:31.2592334Z GO_EVIDENCE_B64 YmxvY2tzX2Nyb3NzX2RvbWFpbl90cnV0aF9vd25lciIsCiAgICAidGVzdHMvd29ya2JlbmNoL3Rlc3Rfd2F2ZTA2X3Byb3ZpZGVyX2NlcnRpZmljYXRpb25fZmlkZWxpdHlfdjIucHk6OnRlc3RfY29udHJhY3RfZmlkZWxpdHlfcnVubmVyX2Jsb2Nrc19jb25mbGljdGluZ19pZGVtcG90ZW50X3JlcGxheSIsCiAgICAidGVzdHMvd29ya2JlbmNoL3Rlc3Rfd2F2ZTA3X21jMDFfb3duZWRfcGF0aF9jbG9zdXJlLnB5Ojp0ZXN0X2V4YWN0X29uYm9hcmRpbmdfaW50ZWdyYXRpb25faXNfYzEyX293bmVkX3dpdGhvdXRfc2VydmljZXNf
2026-09-10T08:11:31.2599007Z GO_EVIDENCE_B64 ZGlyZWN0b3J5X3RyYW5zZmVyIiwKICAgICJ0ZXN0cy93b3JrYmVuY2gvdGVzdF93YXZlMDdfbWMwMV9vd25lZF9wYXRoX2Nsb3N1cmUucHk6OnRlc3RfYzAxX2Nhbm5vdF9idWlsZF9jYXJ2ZWRfb3V0X29uYm9hcmRpbmdfc2VydmljZSIsCiAgICAidGVzdHMvd29ya2JlbmNoL3Rlc3Rfd2F2ZTA3X21jMDFfb3duZWRfcGF0aF9jbG9zdXJlLnB5Ojp0ZXN0X2MxMl9jYW5fYnVpbGRfb25seV90aGVfd2F2ZTA3X2ludGVncmF0aW9uX3BhdGhzIiwKICAgICJ0ZXN0cy93b3JrYmVuY2gvdGVzdF93YXZlMDdfbWMwMV9vd25lZF9wYXRo
2026-09-10T08:11:31.2605593Z GO_EVIDENCE_B64 X2Nsb3N1cmUucHk6OnRlc3Rfb3duZXJzaGlwX2NvbnRyYWN0X21hdGNoZXNfbWFjaGluZV9yZWdpc3RyeSIsCiAgICAidGVzdHMvd29ya2JlbmNoL3Rlc3Rfd2F2ZTA3X21jMDFfb3duZWRfcGF0aF9jbG9zdXJlLnB5Ojp0ZXN0X3dhdmUwN19jYW5kaWRhdGVfc2NvcGVfaXNfbWVyZ2VfY29udHJvbGxlcl9vd25lZF9wYXRoX3ZhbGlkIiwKICAgICJ0ZXN0cy93b3JrYmVuY2gvdGVzdF93YXZlMDdfcHJvdmlkZXJfb25ib2FyZGluZ19nb3Zlcm5hbmNlX3YxLnB5Ojp0ZXN0X3AxXzAxX2xlZ2FjeV9zZWNyZXRfd3JpdGVfaXNfaGFy
2026-09-10T08:11:31.2612262Z GO_EVIDENCE_B64 ZF9ibG9ja2VkX2JlZm9yZV9kYl9hY2Nlc3MiLAogICAgInRlc3RzL3dvcmtiZW5jaC90ZXN0X3dhdmUwN19wcm92aWRlcl9vbmJvYXJkaW5nX2dvdmVybmFuY2VfdjEucHk6OnRlc3RfcDFfMDJfbWFwcGluZ19nb3Zlcm5hbmNlX2lzX3ZlcnRpY2FsX25ldXRyYWxfZm9yX2FsbF9zaXhfdmVydGljYWxzIiwKICAgICJ0ZXN0cy93b3JrYmVuY2gvdGVzdF93YXZlMDdfcHJvdmlkZXJfb25ib2FyZGluZ19nb3Zlcm5hbmNlX3YxLnB5Ojp0ZXN0X21hcHBpbmdfbWlzc2luZ19zZWN0aW9uX2Jsb2Nrc19wcm9ncmVzc193aXRoX2RldGVy
2026-09-10T08:11:31.2618829Z GO_EVIDENCE_B64 bWluaXN0aWNfYmxvY2tlciIsCiAgICAidGVzdHMvd29ya2JlbmNoL3Rlc3Rfd2F2ZTA3X3Byb3ZpZGVyX29uYm9hcmRpbmdfZ292ZXJuYW5jZV92MS5weTo6dGVzdF9wMV8wM19yZWFkaW5lc3NfZWxpZ2liaWxpdHlfaXNfc2FuZGJveF9vbmx5X2FuZF9uZXZlcl9saXZlIiwKICAgICJ0ZXN0cy93b3JrYmVuY2gvdGVzdF93YXZlMDdfcHJvdmlkZXJfb25ib2FyZGluZ19nb3Zlcm5hbmNlX3YxLnB5Ojp0ZXN0X2FpX2Nhbm5vdF9ncmFudF9wcm92aWRlcl9lbGlnaWJpbGl0eSIsCiAgICAidGVzdHMvd29ya2JlbmNoL3Rlc3Rfd2F2
2026-09-10T08:11:31.2625385Z GO_EVIDENCE_B64 ZTA3X3Byb3ZpZGVyX29uYm9hcmRpbmdfZ292ZXJuYW5jZV92MS5weTo6dGVzdF9yZWNlcnRpZmljYXRpb25fdHJpZ2dlcl9pc19mYWlsX2Nsb3NlZF9mb3JfYWxsX2dvdmVybmVkX2RyaWZ0W2NvbnRyYWN0XSIsCiAgICAidGVzdHMvd29ya2JlbmNoL3Rlc3Rfd2F2ZTA3X3Byb3ZpZGVyX29uYm9hcmRpbmdfZ292ZXJuYW5jZV92MS5weTo6dGVzdF9yZWNlcnRpZmljYXRpb25fdHJpZ2dlcl9pc19mYWlsX2Nsb3NlZF9mb3JfYWxsX2dvdmVybmVkX2RyaWZ0W21hcHBpbmddIiwKICAgICJ0ZXN0cy93b3JrYmVuY2gvdGVzdF93YXZl
2026-09-10T08:11:31.2631843Z GO_EVIDENCE_B64 MDdfcHJvdmlkZXJfb25ib2FyZGluZ19nb3Zlcm5hbmNlX3YxLnB5Ojp0ZXN0X3JlY2VydGlmaWNhdGlvbl90cmlnZ2VyX2lzX2ZhaWxfY2xvc2VkX2Zvcl9hbGxfZ292ZXJuZWRfZHJpZnRbY3JlZGVudGlhbF0iLAogICAgInRlc3RzL3dvcmtiZW5jaC90ZXN0X3dhdmUwN19wcm92aWRlcl9vbmJvYXJkaW5nX2dvdmVybmFuY2VfdjEucHk6OnRlc3RfcmVjZXJ0aWZpY2F0aW9uX3RyaWdnZXJfaXNfZmFpbF9jbG9zZWRfZm9yX2FsbF9nb3Zlcm5lZF9kcmlmdFtleHBpcnldIiwKICAgICJ0ZXN0cy93b3JrYmVuY2gvdGVzdF93YXZl
2026-09-10T08:11:31.2638704Z GO_EVIDENCE_B64 MDdfcHJvdmlkZXJfb25ib2FyZGluZ19nb3Zlcm5hbmNlX3YxLnB5Ojp0ZXN0X3JlY2VydGlmaWNhdGlvbl90cmlnZ2VyX2lzX2ZhaWxfY2xvc2VkX2Zvcl9hbGxfZ292ZXJuZWRfZHJpZnRbcmV2b2NhdGlvbl0iLAogICAgInRlc3RzL3dvcmtiZW5jaC90ZXN0X3dhdmUwN19wcm92aWRlcl9vbmJvYXJkaW5nX2dvdmVybmFuY2VfdjEucHk6OnRlc3RfaWxsZWdhbF9zdGF0ZV9qdW1wX2lzX3JlamVjdGVkIgogIF0sCiAgInNlbGVjdGVkX25vZGVpZHMiOiBbCiAgICAidGVzdHMvYXV0b25vbXkvdGVzdF9kZXB0aDE2X2N1cnJlbnRf
2026-09-10T08:11:31.2645357Z GO_EVIDENCE_B64 YXV0aG9yaXR5LnB5Ojp0ZXN0X2N1cnJlbnRfaW5kZXBlbmRlbnRfcXVhbGlmaWNhdGlvbl9wZXJtaXRzX3JlcGVhdGVkX2luX3Njb3BlX2RlY2lzaW9ucyIsCiAgICAidGVzdHMvYXV0b25vbXkvdGVzdF9kZXB0aDE2X2N1cnJlbnRfYXV0aG9yaXR5LnB5Ojp0ZXN0X21pc3Npbmdfb3Jfc3RhbGVfcXVhbGlmaWNhdGlvbl9pc19pbnNwZWN0YWJsZV9idXRfY2Fubm90X2V4ZWN1dGVbY2hhbmdlczAtQVVUT05PTVlfUVVBTElGSUNBVElPTl9WQUxJRElUWV9SRVFVSVJFRF0iLAogICAgInRlc3RzL2F1dG9ub215L3Rlc3RfZGVwdGgx
2026-09-10T08:11:31.2653642Z GO_EVIDENCE_B64 Nl9jdXJyZW50X2F1dGhvcml0eS5weTo6dGVzdF9taXNzaW5nX29yX3N0YWxlX3F1YWxpZmljYXRpb25faXNfaW5zcGVjdGFibGVfYnV0X2Nhbm5vdF9leGVjdXRlW2NoYW5nZXMxLUFVVE9OT01ZX1FVQUxJRklDQVRJT05fTk9UX1lFVF9WQUxJRF0iLAogICAgInRlc3RzL2F1dG9ub215L3Rlc3RfZGVwdGgxNl9jdXJyZW50X2F1dGhvcml0eS5weTo6dGVzdF9taXNzaW5nX29yX3N0YWxlX3F1YWxpZmljYXRpb25faXNfaW5zcGVjdGFibGVfYnV0X2Nhbm5vdF9leGVjdXRlW2NoYW5nZXMyLUFVVE9OT01ZX1FVQUxJRklDQVRJT05f
2026-09-10T08:11:31.2663860Z GO_EVIDENCE_B64 RVhQSVJFRF0iLAogICAgInRlc3RzL2F1dG9ub215L3Rlc3RfZGVwdGgxNl9jdXJyZW50X2F1dGhvcml0eS5weTo6dGVzdF9taXNzaW5nX29yX3N0YWxlX3F1YWxpZmljYXRpb25faXNfaW5zcGVjdGFibGVfYnV0X2Nhbm5vdF9leGVjdXRlW2NoYW5nZXMzLUFVVE9OT01ZX1FVQUxJRklDQVRJT05fUE9MSUNZX0NIQU5HRURdIiwKICAgICJ0ZXN0cy9hdXRvbm9teS90ZXN0X2RlcHRoMTZfY3VycmVudF9hdXRob3JpdHkucHk6OnRlc3RfcmV2b2NhdGlvbl90YWtlc19lZmZlY3Rfb25fbmV4dF9hY3Rpb25fYW5kX29sZF9ldmlkZW5j
2026-09-10T08:11:31.2671705Z GO_EVIDENCE_B64 ZV9jYW5ub3RfcmVxdWFsaWZ5W3N1c3BlbmRdIiwKICAgICJ0ZXN0cy9hdXRvbm9teS90ZXN0X2RlcHRoMTZfY3VycmVudF9hdXRob3JpdHkucHk6OnRlc3RfcmV2b2NhdGlvbl90YWtlc19lZmZlY3Rfb25fbmV4dF9hY3Rpb25fYW5kX29sZF9ldmlkZW5jZV9jYW5ub3RfcmVxdWFsaWZ5W3Jldm9rZV0iLAogICAgInRlc3RzL2F1dG9ub215L3Rlc3RfZGVwdGgxNl9jdXJyZW50X2F1dGhvcml0eS5weTo6dGVzdF9hY3Rvcl9hbmRfdmFsaWRhdG9yX2Nhbm5vdF9yZWxlYXNlX3RoZWlyX293bl9xdWFsaWZpY2F0aW9uW05vbmVdIiwK
2026-09-10T08:11:31.2679843Z GO_EVIDENCE_B64 ICAgICJ0ZXN0cy9hdXRvbm9teS90ZXN0X2RlcHRoMTZfY3VycmVudF9hdXRob3JpdHkucHk6OnRlc3RfYWN0b3JfYW5kX3ZhbGlkYXRvcl9jYW5ub3RfcmVsZWFzZV90aGVpcl9vd25fcXVhbGlmaWNhdGlvbltDMDJdIiwKICAgICJ0ZXN0cy9hdXRvbm9teS90ZXN0X2RlcHRoMTZfY3VycmVudF9hdXRob3JpdHkucHk6OnRlc3RfYWN0b3JfYW5kX3ZhbGlkYXRvcl9jYW5ub3RfcmVsZWFzZV90aGVpcl9vd25fcXVhbGlmaWNhdGlvbltDMTNdIiwKICAgICJ0ZXN0cy9hdXRvbm9teS90ZXN0X2RlcHRoMTZfY3VycmVudF9hdXRob3Jp
2026-09-10T08:11:31.2686612Z GO_EVIDENCE_B64 dHkucHk6OnRlc3RfYWN0b3JfYW5kX3ZhbGlkYXRvcl9jYW5ub3RfcmVsZWFzZV90aGVpcl9vd25fcXVhbGlmaWNhdGlvblt1bmtub3duXSIsCiAgICAidGVzdHMvYXV0b25vbXkvdGVzdF9kZXB0aDE2X2N1cnJlbnRfYXV0aG9yaXR5LnB5Ojp0ZXN0X2ludmFsaWRfbGlmZXRpbWVfaXNfcmVqZWN0ZWRfd2l0aG91dF9pbnN0YWxsaW5nX3F1YWxpZmljYXRpb25bY2hhbmdlczBdIiwKICAgICJ0ZXN0cy9hdXRvbm9teS90ZXN0X2RlcHRoMTZfY3VycmVudF9hdXRob3JpdHkucHk6OnRlc3RfaW52YWxpZF9saWZldGltZV9pc19yZWpl
2026-09-10T08:11:31.2693428Z GO_EVIDENCE_B64 Y3RlZF93aXRob3V0X2luc3RhbGxpbmdfcXVhbGlmaWNhdGlvbltjaGFuZ2VzMV0iLAogICAgInRlc3RzL2F1dG9ub215L3Rlc3RfZGVwdGgxNl9jdXJyZW50X2F1dGhvcml0eS5weTo6dGVzdF9pbnZhbGlkX2xpZmV0aW1lX2lzX3JlamVjdGVkX3dpdGhvdXRfaW5zdGFsbGluZ19xdWFsaWZpY2F0aW9uW2NoYW5nZXMyXSIsCiAgICAidGVzdHMvYXV0b25vbXkvdGVzdF9kZXB0aDE2X2N1cnJlbnRfYXV0aG9yaXR5LnB5Ojp0ZXN0X3Njb3BlX2Nhbm5vdF9iZV9ib3Jyb3dlZF9mcm9tX2FfZGlmZmVyZW50X2Vudmlyb25tZW50X29y
2026-09-10T08:11:31.2699994Z GO_EVIDENCE_B64 X2NhcGFiaWxpdHkiLAogICAgInRlc3RzL2F1dG9ub215L3Rlc3RfZGVwdGgxNl9jdXJyZW50X2F1dGhvcml0eS5weTo6dGVzdF9tYXRlcmlhbF9hY3Rpb25fZmFjdHNfY2Fubm90X2JvcnJvd196ZXJvX21vbmV5X29yX3BpaV9yaXNrX3F1YWxpZmljYXRpb25bY2hhbmdlczBdIiwKICAgICJ0ZXN0cy9hdXRvbm9teS90ZXN0X2RlcHRoMTZfY3VycmVudF9hdXRob3JpdHkucHk6OnRlc3RfbWF0ZXJpYWxfYWN0aW9uX2ZhY3RzX2Nhbm5vdF9ib3Jyb3dfemVyb19tb25leV9vcl9waWlfcmlza19xdWFsaWZpY2F0aW9uW2NoYW5nZXMx
2026-09-10T08:11:31.2707514Z GO_EVIDENCE_B64 XSIsCiAgICAidGVzdHMvYXV0b25vbXkvdGVzdF9kZXB0aDE2X2N1cnJlbnRfYXV0aG9yaXR5LnB5Ojp0ZXN0X21hdGVyaWFsX2FjdGlvbl9mYWN0c19jYW5ub3RfYm9ycm93X3plcm9fbW9uZXlfb3JfcGlpX3Jpc2tfcXVhbGlmaWNhdGlvbltjaGFuZ2VzMl0iLAogICAgInRlc3RzL2F1dG9ub215L3Rlc3RfZGVwdGgxNl9jdXJyZW50X2F1dGhvcml0eS5weTo6dGVzdF9pbnB1dF9jb2xsZWN0aW9uc19jYW5ub3RfbXV0YXRlX2FuX2FjY2VwdGVkX2FjdGlvbl9vcl9xdWFsaWZpY2F0aW9uIiwKICAgICJ0ZXN0cy9hdXRvbm9teS90
2026-09-10T08:11:31.2713964Z GO_EVIDENCE_B64 ZXN0X2RlcHRoMTZfY3VycmVudF9hdXRob3JpdHkucHk6OnRlc3RfYWxsX21hdGNoaW5nX3BvbGljeV9jb25kaXRpb25zX211c3RfYmVfdmVyaWZpZWRfd2l0aF90aGVpcl9vd25fcnVsZV9iaW5kaW5nIiwKICAgICJ0ZXN0cy9hdXRvbm9teS90ZXN0X2RlcHRoMTZfY3VycmVudF9hdXRob3JpdHkucHk6OnRlc3Rfc2FtZV9jb25kaXRpb25fbmFtZV9mcm9tX2RpZmZlcmVudF9wb2xpY2llc19kb2VzX25vdF9zaGFyZV9hbl9hdHRlc3RhdGlvbiIsCiAgICAidGVzdHMvYXV0b25vbXkvdGVzdF9kZXB0aDE2X2N1cnJlbnRfYXV0aG9y
2026-09-10T08:11:31.2720542Z GO_EVIDENCE_B64 aXR5LnB5Ojp0ZXN0X3NlbGZfYXNzZXJ0ZWRfbWV0YWRhdGFfb3JfbWlzc2luZ192ZXJpZmllcl9uZXZlcl9zYXRpc2ZpZXNfcG9saWN5X2NvbmRpdGlvbnMiLAogICAgInRlc3RzL2F1dG9ub215L3Rlc3RfZGVwdGgxNl9jdXJyZW50X2F1dGhvcml0eS5weTo6dGVzdF9zdGFsZV9taXNtYXRjaGVkX29yX3VucHJvdmVuX2NvbmRpdGlvbl9jYW5ub3RfZXhlY3V0ZVtjaGFuZ2VzMF0iLAogICAgInRlc3RzL2F1dG9ub215L3Rlc3RfZGVwdGgxNl9jdXJyZW50X2F1dGhvcml0eS5weTo6dGVzdF9zdGFsZV9taXNtYXRjaGVkX29yX3Vu
2026-09-10T08:11:31.2727134Z GO_EVIDENCE_B64 cHJvdmVuX2NvbmRpdGlvbl9jYW5ub3RfZXhlY3V0ZVtjaGFuZ2VzMV0iLAogICAgInRlc3RzL2F1dG9ub215L3Rlc3RfZGVwdGgxNl9jdXJyZW50X2F1dGhvcml0eS5weTo6dGVzdF9zdGFsZV9taXNtYXRjaGVkX29yX3VucHJvdmVuX2NvbmRpdGlvbl9jYW5ub3RfZXhlY3V0ZVtjaGFuZ2VzMl0iLAogICAgInRlc3RzL2F1dG9ub215L3Rlc3RfZGVwdGgxNl9jdXJyZW50X2F1dGhvcml0eS5weTo6dGVzdF9zdGFsZV9taXNtYXRjaGVkX29yX3VucHJvdmVuX2NvbmRpdGlvbl9jYW5ub3RfZXhlY3V0ZVtjaGFuZ2VzM10iLAogICAg
2026-09-10T08:11:31.2733580Z GO_EVIDENCE_B64 InRlc3RzL2F1dG9ub215L3Rlc3RfZGVwdGgxNl9jdXJyZW50X2F1dGhvcml0eS5weTo6dGVzdF9zdGFsZV9taXNtYXRjaGVkX29yX3VucHJvdmVuX2NvbmRpdGlvbl9jYW5ub3RfZXhlY3V0ZVtjaGFuZ2VzNF0iLAogICAgInRlc3RzL2F1dG9ub215L3Rlc3RfZGVwdGgxNl9jdXJyZW50X2F1dGhvcml0eS5weTo6dGVzdF9zdGFsZV9taXNtYXRjaGVkX29yX3VucHJvdmVuX2NvbmRpdGlvbl9jYW5ub3RfZXhlY3V0ZVtjaGFuZ2VzNV0iLAogICAgInRlc3RzL2F1dG9ub215L3Rlc3RfZGVwdGgxNl9jdXJyZW50X2F1dGhvcml0eS5w
2026-09-10T08:11:31.2740291Z GO_EVIDENCE_B64 eTo6dGVzdF9zdGFsZV9taXNtYXRjaGVkX29yX3VucHJvdmVuX2NvbmRpdGlvbl9jYW5ub3RfZXhlY3V0ZVtjaGFuZ2VzNl0iLAogICAgInRlc3RzL2F1dG9ub215L3Rlc3RfZGVwdGgxNl9jdXJyZW50X2F1dGhvcml0eS5weTo6dGVzdF9zdGFsZV9taXNtYXRjaGVkX29yX3VucHJvdmVuX2NvbmRpdGlvbl9jYW5ub3RfZXhlY3V0ZVtjaGFuZ2VzN10iLAogICAgInRlc3RzL2F1dG9ub215L3Rlc3RfZGVwdGgxNl9jdXJyZW50X2F1dGhvcml0eS5weTo6dGVzdF9zdGFsZV9taXNtYXRjaGVkX29yX3VucHJvdmVuX2NvbmRpdGlvbl9j
2026-09-10T08:11:31.2746789Z GO_EVIDENCE_B64 YW5ub3RfZXhlY3V0ZVtjaGFuZ2VzOF0iLAogICAgInRlc3RzL2F1dG9ub215L3Rlc3RfZGVwdGgxNl9jdXJyZW50X2F1dGhvcml0eS5weTo6dGVzdF9zYW1lX2FjdGlvbl9pZF93aXRoX2NoYW5nZWRfcGF5bG9hZF9jYW5ub3RfcmV1c2VfYV9jb25kaXRpb25fcHJvb2YiLAogICAgInRlc3RzL2F1dG9ub215L3Rlc3RfZGVwdGgxNl9jdXJyZW50X2F1dGhvcml0eS5weTo6dGVzdF9yZXNvbHZlcl9vdXRhZ2VfaG9sZHNfZXhlY3V0aW9uX3dpdGhvdXRfdGhyb3dpbmdfYXdheV9vdGhlcl9wb2xpY3lfY29uZGl0aW9ucyIsCiAgICAi
2026-09-10T08:11:31.2753165Z GO_EVIDENCE_B64 dGVzdHMvYXV0b25vbXkvdGVzdF9kZXB0aDE2X2N1cnJlbnRfYXV0aG9yaXR5LnB5Ojp0ZXN0X2VhcmxpZXJfcHJvb2ZzX2FyZV9jaGVja2VkX2FnYWluX2FmdGVyX3Nsb3dfbGF0ZXJfY29uZGl0aW9uX2xvb2t1cCIsCiAgICAidGVzdHMvYXV0b25vbXkvdGVzdF9kZXB0aDE2X2N1cnJlbnRfYXV0aG9yaXR5LnB5Ojp0ZXN0X3F1YWxpZmljYXRpb25faXNfY2hlY2tlZF9hZ2Fpbl9hZnRlcl9jb25kaXRpb25fbG9va3VwW2V4cGlyZV0iLAogICAgInRlc3RzL2F1dG9ub215L3Rlc3RfZGVwdGgxNl9jdXJyZW50X2F1dGhvcml0eS5w
2026-09-10T08:11:31.2759661Z GO_EVIDENCE_B64 eTo6dGVzdF9xdWFsaWZpY2F0aW9uX2lzX2NoZWNrZWRfYWdhaW5fYWZ0ZXJfY29uZGl0aW9uX2xvb2t1cFtyZXZva2VdIiwKICAgICJ0ZXN0cy9hdXRvbm9teS90ZXN0X2RlcHRoMTZfY3VycmVudF9hdXRob3JpdHkucHk6OnRlc3RfcG9saWN5X3JlcGxhY2VtZW50X2R1cmluZ19jb25kaXRpb25fbG9va3VwX3JlcXVpcmVzX2FfZnJlc2hfZGVjaXNpb24iLAogICAgInRlc3RzL2F1dG9ub215L3Rlc3RfZGVwdGgxNl9jdXJyZW50X2F1dGhvcml0eS5weTo6dGVzdF9hbGxvd19mb3Jfb25lX2V4cG9zdXJlX2RvZXNfbm90X2NvdmVy
2026-09-10T08:11:31.2766377Z GO_EVIDENCE_B64 X2FkZGl0aW9uYWxfZXhwb3N1cmVzIiwKICAgICJ0ZXN0cy9hdXRvbm9teS90ZXN0X2RlcHRoMTZfY3VycmVudF9hdXRob3JpdHkucHk6OnRlc3RfcmVzdHJpY3RpdmVfcG9saWN5X3ByZXZlbnRzX2NvbmRpdGlvbl9sb29rdXBfYW5kX2V4ZWN1dGlvbltMRUdBTF9IT0xEXSIsCiAgICAidGVzdHMvYXV0b25vbXkvdGVzdF9kZXB0aDE2X2N1cnJlbnRfYXV0aG9yaXR5LnB5Ojp0ZXN0X3Jlc3RyaWN0aXZlX3BvbGljeV9wcmV2ZW50c19jb25kaXRpb25fbG9va3VwX2FuZF9leGVjdXRpb25bTEVHQUxfQkxPQ0tdIiwKICAgICJ0ZXN0
2026-09-10T08:11:31.2772842Z GO_EVIDENCE_B64 cy9hdXRvbm9teS90ZXN0X2RlcHRoMTZfY3VycmVudF9hdXRob3JpdHkucHk6OnRlc3RfcG9saWN5X2Nhbm5vdF9yZW1vdmVfZXh0ZXJuYWxfcmV2aWV3X29yX2FtYmlndW91c2x5X2R1cGxpY2F0ZV9wb2xpY3lfaWRlbnRpdHkiLAogICAgInRlc3RzL2F1dG9ub215L3Rlc3RfZGVwdGgxNl9jdXJyZW50X2F1dGhvcml0eS5weTo6dGVzdF9hbWJpZ3VvdXNfdHlwZXNfY2Fubm90X2NoYW5nZV9yaXNrX29yX2Vudmlyb25tZW50X3NlbWFudGljc1s8bGFtYmRhPjBdIiwKICAgICJ0ZXN0cy9hdXRvbm9teS90ZXN0X2RlcHRoMTZfY3Vy
2026-09-10T08:11:31.2779369Z GO_EVIDENCE_B64 cmVudF9hdXRob3JpdHkucHk6OnRlc3RfYW1iaWd1b3VzX3R5cGVzX2Nhbm5vdF9jaGFuZ2Vfcmlza19vcl9lbnZpcm9ubWVudF9zZW1hbnRpY3NbPGxhbWJkYT4xXSIsCiAgICAidGVzdHMvYXV0b25vbXkvdGVzdF9kZXB0aDE2X2N1cnJlbnRfYXV0aG9yaXR5LnB5Ojp0ZXN0X2FtYmlndW91c190eXBlc19jYW5ub3RfY2hhbmdlX3Jpc2tfb3JfZW52aXJvbm1lbnRfc2VtYW50aWNzWzxsYW1iZGE+Ml0iLAogICAgInRlc3RzL2F1dG9ub215L3Rlc3RfZGVwdGgxNl9jdXJyZW50X2F1dGhvcml0eS5weTo6dGVzdF9hbWJpZ3VvdXNf
2026-09-10T08:11:31.2785907Z GO_EVIDENCE_B64 dHlwZXNfY2Fubm90X2NoYW5nZV9yaXNrX29yX2Vudmlyb25tZW50X3NlbWFudGljc1s8bGFtYmRhPjNdIiwKICAgICJ0ZXN0cy9hdXRvbm9teS90ZXN0X2RlcHRoMTZfY3VycmVudF9hdXRob3JpdHkucHk6OnRlc3RfYW1iaWd1b3VzX3R5cGVzX2Nhbm5vdF9jaGFuZ2Vfcmlza19vcl9lbnZpcm9ubWVudF9zZW1hbnRpY3NbPGxhbWJkYT40XSIsCiAgICAidGVzdHMvYXV0b25vbXkvdGVzdF9kZXB0aDE2X2N1cnJlbnRfYXV0aG9yaXR5LnB5Ojp0ZXN0X2FtYmlndW91c190eXBlc19jYW5ub3RfY2hhbmdlX3Jpc2tfb3JfZW52aXJv
2026-09-10T08:11:31.2792354Z GO_EVIDENCE_B64 bm1lbnRfc2VtYW50aWNzWzxsYW1iZGE+NV0iLAogICAgInRlc3RzL2F1dG9ub215L3Rlc3RfZGVwdGgxNl9jdXJyZW50X2F1dGhvcml0eS5weTo6dGVzdF9hbWJpZ3VvdXNfdHlwZXNfY2Fubm90X2NoYW5nZV9yaXNrX29yX2Vudmlyb25tZW50X3NlbWFudGljc1s8bGFtYmRhPjZdIiwKICAgICJ0ZXN0cy9hdXRvbm9teS90ZXN0X2RlcHRoMTZfY3VycmVudF9hdXRob3JpdHkucHk6OnRlc3Rfbm9uemVyb19yZXZlcnNpYmlsaXR5X2lzX25vdF9zaWxlbnRseV9jbGFzc2lmaWVkX2FzX2xvY2FsX3plcm9fcmlzayIsCiAgICAidGVz
2026-09-10T08:11:31.2799263Z GO_EVIDENCE_B64 dHMvYXV0b25vbXkvdGVzdF92N19haV9vcmdfYnVpbGQwMS5weTo6dGVzdF9leGFjdGx5XzEzX3Blcm1hbmVudF9jZWxsc19hbmRfdW5pcXVlX2RvbWFpbl9maW5hbF9vd25lciIsCiAgICAidGVzdHMvYXV0b25vbXkvdGVzdF92N19haV9vcmdfYnVpbGQwMS5weTo6dGVzdF9ub19jcm9zc19kb21haW5fdHJ1dGhfbXV0YXRpb24iLAogICAgInRlc3RzL2F1dG9ub215L3Rlc3RfdjdfYWlfb3JnX2J1aWxkMDEucHk6OnRlc3Rfcmlza19lbmdpbmVfaXNfZGV0ZXJtaW5pc3RpY19hbmRfcjNfcjRfYXJlX2hhcmRfYm91bmRhcmllcyIs
2026-09-10T08:11:31.2805988Z GO_EVIDENCE_B64 CiAgICAidGVzdHMvYXV0b25vbXkvdGVzdF92N19haV9vcmdfYnVpbGQwMS5weTo6dGVzdF9idWlsZGVyX2Nhbm5vdF9zZWxmX2NlcnRpZnlfb3JfcmVsZWFzZSIsCiAgICAidGVzdHMvYXV0b25vbXkvdGVzdF92N19haV9vcmdfYnVpbGQwMS5weTo6dGVzdF9yMl9yZXF1aXJlc19zaGFkb3dfdGhlbl9jYW5hcnlfYmVmb3JlX2F1dG9ub21vdXNfcXVhbGlmaWVkIiwKICAgICJ0ZXN0cy9hdXRvbm9teS90ZXN0X3Y3X2FpX29yZ19idWlsZDAxLnB5Ojp0ZXN0X3IzX2lzX2RldGVybWluaXN0aWNfY29udHJvbGxlZF9hbmRfcjRfcHJv
2026-09-10T08:11:31.2812532Z GO_EVIDENCE_B64 aGliaXRlZCIsCiAgICAidGVzdHMvYXV0b25vbXkvdGVzdF92N19haV9vcmdfYnVpbGQwMS5weTo6dGVzdF9wcm9kdWN0aW9uX3F1YWxpZmljYXRpb25fZmFpbHNfY2xvc2VkX3VudGlsX2xlZ2FsX2FjY291bnRhYmlsaXR5X2lzX2JvdW5kIiwKICAgICJ0ZXN0cy9hdXRvbm9teS90ZXN0X3Y3X2FpX29yZ19idWlsZDAxLnB5Ojp0ZXN0X3F1YWxpZmljYXRpb25faXNfY2VsbF9jYXBhYmlsaXR5X3Jpc2tfZW52aXJvbm1lbnRfc2NvcGVkX2FuZF9yZXZvY2FibGUiLAogICAgInRlc3RzL2F1dG9ub215L3Rlc3RfdjdfYWlfb3JnX2J1
2026-09-10T08:11:31.2819105Z GO_EVIDENCE_B64 aWxkMDEucHk6OnRlc3RfZ29fYWlfZG9lc19ub3Rfb3duX2pvdXJuZXlfdHJhbnNhY3Rpb25fb3JfcmVjb21tZW5kYXRpb25fdHJ1dGgiLAogICAgInRlc3RzL2F1dG9ub215L3Rlc3RfdjdfYWlfb3JnX2J1aWxkMDFfMV9sZWdhbF9hdXRob3JpdHkucHk6OnRlc3RfYnVpbGQwMV8xX2FkZHNfYzE0X3dpdGhvdXRfY2hhbmdpbmdfMTNfZXhpc3RpbmdfY2VsbHMiLAogICAgInRlc3RzL2F1dG9ub215L3Rlc3RfdjdfYWlfb3JnX2J1aWxkMDFfMV9sZWdhbF9hdXRob3JpdHkucHk6OnRlc3RfYWxsX2FjdGlvbnNfbXVzdF9wYXNzX2F1
2026-09-10T08:11:31.2825812Z GO_EVIDENCE_B64 dGhvcml0eV9ldmVuX3doZW5fbm9fbGVnYWxfcmV2aWV3X2lzX3JlcXVpcmVkIiwKICAgICJ0ZXN0cy9hdXRvbm9teS90ZXN0X3Y3X2FpX29yZ19idWlsZDAxXzFfbGVnYWxfYXV0aG9yaXR5LnB5Ojp0ZXN0X3Vub3duZWRfY2FwYWJpbGl0eV9pc19ibG9ja2VkX2JlZm9yZV9sZWdhbF9yZXZpZXciLAogICAgInRlc3RzL2F1dG9ub215L3Rlc3RfdjdfYWlfb3JnX2J1aWxkMDFfMV9sZWdhbF9hdXRob3JpdHkucHk6OnRlc3RfY3Jvc3NfZG9tYWluX3RydXRoX211dGF0aW9uX2lzX2Jsb2NrZWRfYnlfYXV0aG9yaXR5X2dhdGUiLAog
2026-09-10T08:11:31.2832274Z GO_EVIDENCE_B64 ICAgInRlc3RzL2F1dG9ub215L3Rlc3RfdjdfYWlfb3JnX2J1aWxkMDFfMV9sZWdhbF9hdXRob3JpdHkucHk6OnRlc3Rfc2VsZl9lbXBvd2VybWVudF9pc19oYXJkX2Jsb2NrZWQiLAogICAgInRlc3RzL2F1dG9ub215L3Rlc3RfdjdfYWlfb3JnX2J1aWxkMDFfMV9sZWdhbF9hdXRob3JpdHkucHk6OnRlc3RfbGVnYWxfZXhwb3N1cmVfcm91dGVzX3RvX2MxNF9hbmRfbm9fcG9saWN5X2ZhaWxzX2Nsb3NlZF90b19ob2xkIiwKICAgICJ0ZXN0cy9hdXRvbm9teS90ZXN0X3Y3X2FpX29yZ19idWlsZDAxXzFfbGVnYWxfYXV0aG9yaXR5
2026-09-10T08:11:31.2838887Z GO_EVIDENCE_B64 LnB5Ojp0ZXN0X2xlZ2FsbHlfZXhwb3NlZF9hY3Rpb25fcmVxdWlyZXNfanVyaXNkaWN0aW9uIiwKICAgICJ0ZXN0cy9hdXRvbm9teS90ZXN0X3Y3X2FpX29yZ19idWlsZDAxXzFfbGVnYWxfYXV0aG9yaXR5LnB5Ojp0ZXN0X2FwcHJvdmVkX21hY2hpbmVfcnVsZV9yZXR1cm5zX2ltbWVkaWF0ZV9sZWdhbF9hbGxvdyIsCiAgICAidGVzdHMvYXV0b25vbXkvdGVzdF92N19haV9vcmdfYnVpbGQwMV8xX2xlZ2FsX2F1dGhvcml0eS5weTo6dGVzdF9ncmVlbl9vcGVyYXRpb25fbGFiZWxfY2Fubm90X2J5cGFzc19keW5hbWljX2xlZ2Fs
2026-09-10T08:11:31.2845419Z GO_EVIDENCE_B64 X2V4cG9zdXJlIiwKICAgICJ0ZXN0cy9hdXRvbm9teS90ZXN0X3Y3X2FpX29yZ19idWlsZDAxXzFfbGVnYWxfYXV0aG9yaXR5LnB5Ojp0ZXN0X2MxNF9jb25zdGl0dXRpb25hbF9yZXZpZXdfaXNfbWFuZGF0b3J5X2Zvcl9ncmVlbl9hY3Rpb25zX3RvbyIsCiAgICAidGVzdHMvYXV0b25vbXkvdGVzdF92N19haV9vcmdfYnVpbGQwMV8xX2xlZ2FsX2F1dGhvcml0eS5weTo6dGVzdF9nb19jb25zdGl0dXRpb25fcHJvaGliaXRpb25fYmxvY2tzX2V2ZW5fd2l0aG91dF9leHRlcm5hbF9sZWdhbF9leHBvc3VyZSIsCiAgICAidGVzdHMv
2026-09-10T08:11:31.2851804Z GO_EVIDENCE_B64 ZmxpZ2h0L3Rlc3Rfd2F2ZTA1X2ZsaWdodF9wcm9kdWN0aW9uX3RydXRoX2dhdGUucHk6OnRlc3RfZmxpZ2h0X2ZpeHR1cmVfc2VhcmNoX2ZhaWxzX2Nsb3NlZF9pbl9wcm9kdWN0aW9uIiwKICAgICJ0ZXN0cy9mbGlnaHQvdGVzdF93YXZlMDVfZmxpZ2h0X3Byb2R1Y3Rpb25fdHJ1dGhfZ2F0ZS5weTo6dGVzdF9mbGlnaHRfZml4dHVyZV9zZWFyY2hfbm90X2Jsb2NrZWRfYnlfdHJ1dGhfZ2F0ZV9pbl9sb2NhbCIsCiAgICAidGVzdHMvdGVzdF9jb21tZXJjaWFsX2NvbnN0aXR1dGlvbl9hZG1pbl9vcy5weTo6dGVzdF9hZG1pbl9j
2026-09-10T08:11:31.2858360Z GO_EVIDENCE_B64 YW5ub3RfY3JlYXRlX3JlY29tbWVuZGF0aW9uX3dpdGhvdXRfaW5kZXBlbmRlbnRfanVkZ21lbnQiLAogICAgInRlc3RzL3Rlc3RfY29tbWVyY2lhbF9jb25zdGl0dXRpb25fYWRtaW5fb3MucHk6OnRlc3RfcmVjb21tZW5kYXRpb25fYW5kX3ZhbHVlX2FyZV9pbmRlcGVuZGVudCIsCiAgICAidGVzdHMvdGVzdF9jb21tZXJjaWFsX2NvbnN0aXR1dGlvbl9hZG1pbl9vcy5weTo6dGVzdF9yZWNvbW1lbmRhdGlvbl9lbGlnaWJpbGl0eV9pc19kZXJpdmVkX29ubHlfZnJvbV9qdWRnbWVudF9kZWNpc2lvbiIsCiAgICAidGVzdHMvdGVz
2026-09-10T08:11:31.2865120Z GO_EVIDENCE_B64 dF9jb21tZXJjaWFsX2NvbnN0aXR1dGlvbl9hZG1pbl9vcy5weTo6dGVzdF9kaXJlY3RfZmlyc3RfYW5kX2dvdmVybmVkX2ZhbGxiYWNrIiwKICAgICJ0ZXN0cy90ZXN0X2NvbW1lcmNpYWxfY29uc3RpdHV0aW9uX2FkbWluX29zLnB5Ojp0ZXN0X3QyMF9pc19ldmlkZW5jZV9kcml2ZW5fZmFsbGJhY2tfZXhjbHVkZWRfYW5kX2lkZW1wb3RlbnQiLAogICAgInRlc3RzL3Rlc3RfY29tbWVyY2lhbF9jb25zdGl0dXRpb25fYWRtaW5fb3MucHk6OnRlc3RfaW52b2ljZV9wb2xpY3lfd2FpdmVyX2FuZF9tYWtlcl9jaGVja2VyIiwKICAg
2026-09-10T08:11:31.2871544Z GO_EVIDENCE_B64 ICJ0ZXN0cy90ZXN0X2NvbW1lcmNpYWxfY29uc3RpdHV0aW9uX2FkbWluX29zLnB5Ojp0ZXN0X2hvdGVsX25ldF9ndWFyZF9ibG9ja3NfYmVsb3dfYXV0aG9yaXplZF9mbG9vciIsCiAgICAidGVzdHMvdGVzdF9jb21tZXJjaWFsX2NvbnN0aXR1dGlvbl9hZG1pbl9vcy5weTo6dGVzdF9wb2xpY3lfcmVxdWlyZXNfbWFrZXJfY2hlY2tlcl9hbmRfcmVqZWN0c19ib3VnaHRfcmVjb21tZW5kYXRpb25fcnVsZSIsCiAgICAidGVzdHMvdGVzdF9jb21tZXJjaWFsX2NvbnN0aXR1dGlvbl9hZG1pbl9vcy5weTo6dGVzdF9pbnZvaWNlX3Bv
2026-09-10T08:11:31.2878124Z GO_EVIDENCE_B64 bGljeV9hbW91bnRfaXNfZmFpbF9jbG9zZWRfbm9fbGVnYWN5X2RlZmF1bHQiLAogICAgInRlc3RzL3Rlc3RfY29uc3VtZXJfdW5pZmllZF9saWZlY3ljbGUucHk6OnRlc3RfZWFjaF92ZXJ0aWNhbF9yZXF1aXJlc19jb21wbGV0ZV9ldmlkZW5jZWRfZmFjdCIsCiAgICAidGVzdHMvdGVzdF9jb25zdW1lcl91bmlmaWVkX2xpZmVjeWNsZS5weTo6dGVzdF9taXNzaW5nX2V2aWRlbmNlX2FuZF9pbnZhbGlkX3N0YXRlX2ZhaWxfY2xvc2VkIiwKICAgICJ0ZXN0cy90ZXN0X2NvbnN1bWVyX3VuaWZpZWRfbGlmZWN5Y2xlLnB5Ojp0ZXN0
2026-09-10T08:11:31.2884654Z GO_EVIDENCE_B64 X3N0YWxlX3ZlcnRpY2FsX2ZhY3RfY2Fubm90X292ZXJ3cml0ZV9uZXdlcl90cnV0aF9hbmRfYWNjb3VudF9pc29sYXRlZCIsCiAgICAidGVzdHMvdGVzdF9kZXB0aDA2X3JlbnRhbF9zZXR0bGVtZW50LnB5Ojp0ZXN0X2xvbmdlcl9zaG9ydGVyX2xvbmdlcl90aGVuX2NhbmNlbF9yZXR1cm5zX2V2ZXJ5X2NhcHR1cmVfb25jZSIsCiAgICAidGVzdHMvdGVzdF9kZXB0aDA2X3JlbnRhbF9zZXR0bGVtZW50LnB5Ojp0ZXN0X3F1b3RlX2lzX2V4cGxpY2l0X2JvdW5kX3RvX2Ftb3VudF9vd25lcl9hbmRfZGF0ZXMiLAogICAgInRlc3Rz
2026-09-10T08:11:31.2891229Z GO_EVIDENCE_B64 L3Rlc3RfZGVwdGgwNl9yZW50YWxfc2V0dGxlbWVudC5weTo6dGVzdF9leHBpcmVkX3F1b3RlX2FuZF9taXNtYXRjaGVkX29yZGVyX2RvX25vdF9tb3ZlX21vbmV5IiwKICAgICJ0ZXN0cy90ZXN0X2RlcHRoMDZfcmVudGFsX3NldHRsZW1lbnQucHk6OnRlc3RfdG9wdXBfZmFpbHVyZV9pc19yZWNvdmVyYWJsZV9hbmRfYmxvY2tzX2NvbXBldGluZ19hY3Rpb25zIiwKICAgICJ0ZXN0cy90ZXN0X2RlcHRoMDZfcmVudGFsX3NldHRsZW1lbnQucHk6OnRlc3RfcGFydGlhbF9yZWZ1bmRfd29ya2VyX3Jlc3RhcnRfcmV1c2VzX2Zyb3pl
2026-09-10T08:11:31.2897842Z GO_EVIDENCE_B64 bl9hbGxvY2F0aW9uc1tzaG9ydGVuXSIsCiAgICAidGVzdHMvdGVzdF9kZXB0aDA2X3JlbnRhbF9zZXR0bGVtZW50LnB5Ojp0ZXN0X3BhcnRpYWxfcmVmdW5kX3dvcmtlcl9yZXN0YXJ0X3JldXNlc19mcm96ZW5fYWxsb2NhdGlvbnNbY2FuY2VsXSIsCiAgICAidGVzdHMvdGVzdF9kZXB0aDA2X3JlbnRhbF9zZXR0bGVtZW50LnB5Ojp0ZXN0X2NvbXBldGluZ19xdW90ZXNfb25seV9vbmVfY2FuX2NoYW5nZV9vcmRlciIsCiAgICAidGVzdHMvdGVzdF9kZXB0aDA2X3JlbnRhbF9zZXR0bGVtZW50LnB5Ojp0ZXN0X3NhbWVfcXVvdGVf
2026-09-10T08:11:31.2904493Z GO_EVIDENCE_B64 Y29uY3VycmVudF9yZXRyaWVzX2NoYXJnZV9vbmNlIiwKICAgICJ0ZXN0cy90ZXN0X2RlcHRoMDZfcmVudGFsX3NldHRsZW1lbnQucHk6OnRlc3RfZXF1YWxfcHJpY2VfY2hhbmdlX2RvZXNfbm90X2FkZF9tb25leV9tb3ZlbWVudHMiLAogICAgInRlc3RzL3Rlc3RfZGVwdGgwNl9yZW50YWxfc2V0dGxlbWVudC5weTo6dGVzdF9zdGFnaW5nX2Nhbm5vdF9ydW5fcmVudGFsX3NpbXVsYXRvciIsCiAgICAidGVzdHMvdGVzdF9kZXB0aDA5X2hvdGVsX3JlcGxpY2F0aW9uLnB5Ojp0ZXN0X2RlY2xhcmVkX3Jvb21zX2FyZV9jYXB0dXJl
2026-09-10T08:11:31.2911017Z GO_EVIDENCE_B64 ZF93aXRoX2V4YWN0X2ZhY3RzX2FuZF9pbWFnZV9iaW5kaW5ncyIsCiAgICAidGVzdHMvdGVzdF9kZXB0aDA5X2hvdGVsX3JlcGxpY2F0aW9uLnB5Ojp0ZXN0X29mZmljaWFsX2NhcHR1cmVfcmVqZWN0c19vcl9ob2xkc19hbWJpZ3VvdXNfYW5kX2luY29tcGxldGVfc291cmNlc1t3cm9uZ19ob3RlbF0iLAogICAgInRlc3RzL3Rlc3RfZGVwdGgwOV9ob3RlbF9yZXBsaWNhdGlvbi5weTo6dGVzdF9vZmZpY2lhbF9jYXB0dXJlX3JlamVjdHNfb3JfaG9sZHNfYW1iaWd1b3VzX2FuZF9pbmNvbXBsZXRlX3NvdXJjZXNbY3Jvc3Nfb3Jp
2026-09-10T08:11:31.2917586Z GO_EVIDENCE_B64 Z2luXSIsCiAgICAidGVzdHMvdGVzdF9kZXB0aDA5X2hvdGVsX3JlcGxpY2F0aW9uLnB5Ojp0ZXN0X29mZmljaWFsX2NhcHR1cmVfcmVqZWN0c19vcl9ob2xkc19hbWJpZ3VvdXNfYW5kX2luY29tcGxldGVfc291cmNlc1tmb3JlaWduX3BhcmVudF0iLAogICAgInRlc3RzL3Rlc3RfZGVwdGgwOV9ob3RlbF9yZXBsaWNhdGlvbi5weTo6dGVzdF9vZmZpY2lhbF9jYXB0dXJlX3JlamVjdHNfb3JfaG9sZHNfYW1iaWd1b3VzX2FuZF9pbmNvbXBsZXRlX3NvdXJjZXNbbWlzc2luZ19wYWdlXSIsCiAgICAidGVzdHMvdGVzdF9kZXB0aDA5
2026-09-10T08:11:31.2924205Z GO_EVIDENCE_B64 X2hvdGVsX3JlcGxpY2F0aW9uLnB5Ojp0ZXN0X29mZmljaWFsX2NhcHR1cmVfcmVqZWN0c19vcl9ob2xkc19hbWJpZ3VvdXNfYW5kX2luY29tcGxldGVfc291cmNlc1tidWRnZXRdIiwKICAgICJ0ZXN0cy90ZXN0X2RlcHRoMDlfaG90ZWxfcmVwbGljYXRpb24ucHk6OnRlc3Rfb2ZmaWNpYWxfY2FwdHVyZV9yZWplY3RzX29yX2hvbGRzX2FtYmlndW91c19hbmRfaW5jb21wbGV0ZV9zb3VyY2VzW21pc3NpbmdfaWRdIiwKICAgICJ0ZXN0cy90ZXN0X2RlcHRoMDlfaG90ZWxfcmVwbGljYXRpb24ucHk6OnRlc3Rfb2ZmaWNpYWxfY2Fw
2026-09-10T08:11:31.2930830Z GO_EVIDENCE_B64 dHVyZV9yZWplY3RzX29yX2hvbGRzX2FtYmlndW91c19hbmRfaW5jb21wbGV0ZV9zb3VyY2VzW2R1cGxpY2F0ZV9yb29tXSIsCiAgICAidGVzdHMvdGVzdF9kZXB0aDA5X2hvdGVsX3JlcGxpY2F0aW9uLnB5Ojp0ZXN0X25vX3Jvb21fZGlyZWN0b3J5X2FuZF9hcmJpdHJhcnlfaW1hZ2VzX2RvX25vdF9iZWNvbWVfY29tcGxldGVfY2F0YWxvZyIsCiAgICAidGVzdHMvdGVzdF9kZXB0aDA5X2hvdGVsX3JlcGxpY2F0aW9uLnB5Ojp0ZXN0X25hbWVfYWRkcmVzc19hbG9uZV9zdGF5c19kcmFmdF9hbmRfbWFudWFsX3B1Ymxpc2hfaXNf
2026-09-10T08:11:31.2937347Z GO_EVIDENCE_B64 YmxvY2tlZCIsCiAgICAidGVzdHMvdGVzdF9kZXB0aDA5X2hvdGVsX3JlcGxpY2F0aW9uLnB5Ojp0ZXN0X25hbWVfb25seV9tYXRjaF9kb2VzX25vdF9tZXJnZV9zZXBhcmF0ZV9wcm9wZXJ0aWVzIiwKICAgICJ0ZXN0cy90ZXN0X2RlcHRoMDlfaG90ZWxfcmVwbGljYXRpb24ucHk6OnRlc3Rfc2FtZV9uYW1lX2FuZF9hZGRyZXNzX3Jlc29sdmVzX2lkZW50aXR5X2Fjcm9zc19zb3VyY2VzIiwKICAgICJ0ZXN0cy90ZXN0X2RlcHRoMDlfaG90ZWxfcmVwbGljYXRpb24ucHk6OnRlc3RfY29uY3VycmVudF9pZGVudGljYWxfaW1wb3J0
2026-09-10T08:11:31.2943917Z GO_EVIDENCE_B64 X2hhc19vbmVfcHJvZmlsZV9zbmFwc2hvdF9hbmRfdmVyc2lvbiIsCiAgICAidGVzdHMvdGVzdF9kZXB0aDA5X2hvdGVsX3JlcGxpY2F0aW9uLnB5Ojp0ZXN0X2NvbmN1cnJlbnRfY2hhbmdlZF9zbmFwc2hvdHNfa2VlcF9zdGFibGVfcHJvdmlkZXJfaWRlbnRpdHkiLAogICAgInRlc3RzL3Rlc3RfZGVwdGgwOV9ob3RlbF9yZXBsaWNhdGlvbi5weTo6dGVzdF9vYnNvbGV0ZV9zb3VyY2VfZmllbGRzX2FyZV9yZW1vdmVkX3dpdGhvdXRfaGlzdG9yaWNhbF9jb25mbGljdHMiLAogICAgInRlc3RzL3Rlc3RfZGVwdGgwOV9ob3RlbF9y
2026-09-10T08:11:31.2950768Z GO_EVIDENCE_B64 ZXBsaWNhdGlvbi5weTo6dGVzdF9mdWxsX2NhdGFsb2dfY2FjaGVfY2FuX3B1Ymxpc2hfYW5kX3JlcGxheV93aXRob3V0X2dyb3d0aCIsCiAgICAidGVzdHMvdGVzdF9kZXB0aDA5X2hvdGVsX3JlcGxpY2F0aW9uLnB5Ojp0ZXN0X2JhZF91cGRhdGVfcHJlc2VydmVzX2xhc3RfZ29vZF9wdWJsaWNfdmVyc2lvbiIsCiAgICAidGVzdHMvdGVzdF9kZXB0aDA5X2hvdGVsX3JlcGxpY2F0aW9uLnB5Ojp0ZXN0X21hbnVhbF91bnB1Ymxpc2hfc3Vydml2ZXNfcmVjb21wb3NlX2FuZF91cGRhdGVzIiwKICAgICJ0ZXN0cy90ZXN0X2RlcHRo
2026-09-10T08:11:31.2957444Z GO_EVIDENCE_B64 MDlfaG90ZWxfcmVwbGljYXRpb24ucHk6OnRlc3RfcHVibGljYXRpb25fY2hlY2tzX3JlYWxfbWVkaWFfYW5kX2V4YWN0X2NhdGFsb2dfZXZpZGVuY2VbZmlsZV9kZWxldGVkXSIsCiAgICAidGVzdHMvdGVzdF9kZXB0aDA5X2hvdGVsX3JlcGxpY2F0aW9uLnB5Ojp0ZXN0X3B1YmxpY2F0aW9uX2NoZWNrc19yZWFsX21lZGlhX2FuZF9leGFjdF9jYXRhbG9nX2V2aWRlbmNlW2ZpbGVfY29ycnVwdGVkXSIsCiAgICAidGVzdHMvdGVzdF9kZXB0aDA5X2hvdGVsX3JlcGxpY2F0aW9uLnB5Ojp0ZXN0X3B1YmxpY2F0aW9uX2NoZWNrc19y
2026-09-10T08:11:31.2964014Z GO_EVIDENCE_B64 ZWFsX21lZGlhX2FuZF9leGFjdF9jYXRhbG9nX2V2aWRlbmNlW3JpZ2h0c19yZXZva2VkXSIsCiAgICAidGVzdHMvdGVzdF9kZXB0aDA5X2hvdGVsX3JlcGxpY2F0aW9uLnB5Ojp0ZXN0X3B1YmxpY2F0aW9uX2NoZWNrc19yZWFsX21lZGlhX2FuZF9leGFjdF9jYXRhbG9nX2V2aWRlbmNlW3dyb25nX3Jvb21dIiwKICAgICJ0ZXN0cy90ZXN0X2RlcHRoMDlfaG90ZWxfcmVwbGljYXRpb24ucHk6OnRlc3RfcHVibGljYXRpb25fY2hlY2tzX3JlYWxfbWVkaWFfYW5kX2V4YWN0X2NhdGFsb2dfZXZpZGVuY2Vbd3JvbmdfaG90ZWxdIiwK
2026-09-10T08:11:31.2970606Z GO_EVIDENCE_B64 ICAgICJ0ZXN0cy90ZXN0X2RlcHRoMDlfaG90ZWxfcmVwbGljYXRpb24ucHk6OnRlc3RfcHVibGljYXRpb25fY2hlY2tzX3JlYWxfbWVkaWFfYW5kX2V4YWN0X2NhdGFsb2dfZXZpZGVuY2Vbd3Jvbmdfc291cmNlX3VybF0iLAogICAgInRlc3RzL3Rlc3RfZGVwdGgwOV9ob3RlbF9yZXBsaWNhdGlvbi5weTo6dGVzdF9wdWJsaWNhdGlvbl9jaGVja3NfcmVhbF9tZWRpYV9hbmRfZXhhY3RfY2F0YWxvZ19ldmlkZW5jZVtkdXBsaWNhdGVzXSIsCiAgICAidGVzdHMvdGVzdF9kZXB0aDA5X2hvdGVsX3JlcGxpY2F0aW9uLnB5Ojp0ZXN0
2026-09-10T08:11:31.2977155Z GO_EVIDENCE_B64 X3B1YmxpY2F0aW9uX2NoZWNrc19yZWFsX21lZGlhX2FuZF9leGFjdF9jYXRhbG9nX2V2aWRlbmNlW3VucmV2aWV3ZWRfaW52ZW50b3J5XSIsCiAgICAidGVzdHMvdGVzdF9kZXB0aDA5X2hvdGVsX3JlcGxpY2F0aW9uLnB5Ojp0ZXN0X3B1YmxpY2F0aW9uX2NoZWNrc19yZWFsX21lZGlhX2FuZF9leGFjdF9jYXRhbG9nX2V2aWRlbmNlW21pc3NpbmdfY29yZV9mYWN0XSIsCiAgICAidGVzdHMvdGVzdF9kZXB0aDA5X2hvdGVsX3JlcGxpY2F0aW9uLnB5Ojp0ZXN0X3B1YmxpY2F0aW9uX2NoZWNrc19yZWFsX21lZGlhX2FuZF9leGFj
2026-09-10T08:11:31.2983690Z GO_EVIDENCE_B64 dF9jYXRhbG9nX2V2aWRlbmNlW3Jvb21fc2V0X21pc21hdGNoXSIsCiAgICAidGVzdHMvdGVzdF9kZXB0aDA5X2hvdGVsX3JlcGxpY2F0aW9uLnB5Ojp0ZXN0X3JlZ2lvbmFsX2ZpbmlzaGVkX3dvcmtfd2l0aF9pbmNvbXBsZXRlX2NhdGFsb2dfaXNfbm90X2NvbXBsZXRlZCIsCiAgICAidGVzdHMvdGVzdF9kZXB0aDA5X2hvdGVsX3JlcGxpY2F0aW9uLnB5Ojp0ZXN0X3JlYWRfb25seV9hZG1pbl9jYW5ub3RfY2hhbmdlX2NhdGFsb2dfb3JfcHVibGlzaFsvc291cmNlcy9pbmdlc3RdIiwKICAgICJ0ZXN0cy90ZXN0X2RlcHRoMDlf
2026-09-10T08:11:31.2990288Z GO_EVIDENCE_B64 aG90ZWxfcmVwbGljYXRpb24ucHk6OnRlc3RfcmVhZF9vbmx5X2FkbWluX2Nhbm5vdF9jaGFuZ2VfY2F0YWxvZ19vcl9wdWJsaXNoWy9tZWRpYS9oYXJ2ZXN0XSIsCiAgICAidGVzdHMvdGVzdF9kZXB0aDA5X2hvdGVsX3JlcGxpY2F0aW9uLnB5Ojp0ZXN0X3JlYWRfb25seV9hZG1pbl9jYW5ub3RfY2hhbmdlX2NhdGFsb2dfb3JfcHVibGlzaFsvZmFjdG9yeS9ob3RlbHMvdGVzdC9wdWJsaWNhdGlvbl0iLAogICAgInRlc3RzL3Rlc3RfZGVwdGgwOV9ob3RlbF9yZXBsaWNhdGlvbi5weTo6dGVzdF9kaXNjb3ZlcnlfYXBpX3JlcG9y
2026-09-10T08:11:31.2996888Z GO_EVIDENCE_B64 dHNfY29sbGVjdGlvbl9zZXBhcmF0ZWx5X2Zyb21fcmVhZHlfY2F0YWxvZyIsCiAgICAidGVzdHMvdGVzdF9kZXB0aDA5X2hvdGVsX3JlcGxpY2F0aW9uLnB5Ojp0ZXN0X3R3b19vZmZpY2lhbF9waG90b3NfYXJlX2NvcGllZF93aXRob3V0X2ludmVudGluZ19hX3RoaXJkIiwKICAgICJ0ZXN0cy90ZXN0X2RlcHRoMDlfaG90ZWxfcmVwbGljYXRpb24ucHk6OnRlc3RfdW5yZWxhdGVkX2FwcHJvdmVkX2ltYWdlc19uZXZlcl9lbnRlcl90aGVfcHVibGljX3BhZ2UiLAogICAgInRlc3RzL3Rlc3RfZGVwdGgwOV9ob3RlbF9yZXBsaWNh
2026-09-10T08:11:31.3003336Z GO_EVIDENCE_B64 dGlvbi5weTo6dGVzdF90ZW5faG90ZWxfcmVwbGljYXRpb25fcmVwbGF5X2tlZXBzX2lkZW50aXR5X2FuZF9yb29tX21lZGlhX3NlcGFyYXRlIiwKICAgICJ0ZXN0cy90ZXN0X2RlcHRoMDlfaG90ZWxfcmVwbGljYXRpb24ucHk6OnRlc3RfbWFsZm9ybWVkX2NhdGFsb2dfaXNfaW5jb21wbGV0ZV9hbmRfY2Fubm90X2NyYXNoX3RoZV9nYXRlW2JhZDBdIiwKICAgICJ0ZXN0cy90ZXN0X2RlcHRoMDlfaG90ZWxfcmVwbGljYXRpb24ucHk6OnRlc3RfbWFsZm9ybWVkX2NhdGFsb2dfaXNfaW5jb21wbGV0ZV9hbmRfY2Fubm90X2NyYXNo
2026-09-10T08:11:31.3010030Z GO_EVIDENCE_B64 X3RoZV9nYXRlW2JhZDFdIiwKICAgICJ0ZXN0cy90ZXN0X2RlcHRoMDlfaG90ZWxfcmVwbGljYXRpb24ucHk6OnRlc3RfbWFsZm9ybWVkX2NhdGFsb2dfaXNfaW5jb21wbGV0ZV9hbmRfY2Fubm90X2NyYXNoX3RoZV9nYXRlW2JhZDJdIiwKICAgICJ0ZXN0cy90ZXN0X2RlcHRoMDlfaG90ZWxfcmVwbGljYXRpb24ucHk6OnRlc3RfbWFsZm9ybWVkX2NhdGFsb2dfaXNfaW5jb21wbGV0ZV9hbmRfY2Fubm90X2NyYXNoX3RoZV9nYXRlW2JhZDNdIiwKICAgICJ0ZXN0cy90ZXN0X2RlcHRoMDlfaG90ZWxfcmVwbGljYXRpb24ucHk6OnRl
2026-09-10T08:11:31.3016683Z GO_EVIDENCE_B64 c3RfZXhwbGljaXRfdGFyZ2V0X2Nhbm5vdF9yZWFzc2lnbl9hbl9leGlzdGluZ19zb3VyY2VfaWRlbnRpdHkiLAogICAgInRlc3RzL3Rlc3RfZGVwdGgwOV9ob3RlbF9yZXBsaWNhdGlvbi5weTo6dGVzdF9mYWlsZWRfY29tcG9zaXRpb25fcm9sbHNfYmFja19zb3VyY2VfYW5kX3Byb2ZpbGVfdG9nZXRoZXIiLAogICAgInRlc3RzL3Rlc3RfZGVwdGgwOV9ob3RlbF9yZXBsaWNhdGlvbi5weTo6dGVzdF9ib3VuZGVkX3BhcmFsbGVsX2JhdGNoX3ByZXNlcnZlc19vcmRlcl9hbmRfaXNvbGF0ZXNfZmFpbGVkX2hvdGVsIiwKICAgICJ0
2026-09-10T08:11:31.3023204Z GO_EVIDENCE_B64 ZXN0cy90ZXN0X2RlcHRoMDlfc3RheV9jcmVkaXQucHk6OnRlc3RfY29udmVyc2lvbl9pc19mdW5kZWRfc2luZ2xlX2lzc3VlX2FuZF9wcmVzZXJ2ZXNfb3JpZ2luYWxfZXhwaXJ5X29uX3JlcGxheSIsCiAgICAidGVzdHMvdGVzdF9kZXB0aDA5X3N0YXlfY3JlZGl0LnB5Ojp0ZXN0X3JlZGVtcHRpb25faGlnaGVyX2VxdWFsX2xvd2VyX2FuZF9maW5hbF9mdWxmaWxsbWVudF93aXRob3V0X2R1cGxpY2F0ZV9jYXNoWzEwMDAwMC0zODAwMC0xNjIwMDAtMF0iLAogICAgInRlc3RzL3Rlc3RfZGVwdGgwOV9zdGF5X2NyZWRpdC5weTo6
2026-09-10T08:11:31.3029822Z GO_EVIDENCE_B64 dGVzdF9yZWRlbXB0aW9uX2hpZ2hlcl9lcXVhbF9sb3dlcl9hbmRfZmluYWxfZnVsZmlsbG1lbnRfd2l0aG91dF9kdXBsaWNhdGVfY2FzaFs4MTAwMC0wLTE2MjAwMC0wXSIsCiAgICAidGVzdHMvdGVzdF9kZXB0aDA5X3N0YXlfY3JlZGl0LnB5Ojp0ZXN0X3JlZGVtcHRpb25faGlnaGVyX2VxdWFsX2xvd2VyX2FuZF9maW5hbF9mdWxmaWxsbWVudF93aXRob3V0X2R1cGxpY2F0ZV9jYXNoWzQwMDAwLTAtODAwMDAtODIwMDBdIiwKICAgICJ0ZXN0cy90ZXN0X2RlcHRoMDlfc3RheV9jcmVkaXQucHk6OnRlc3RfY2FuY2VsX3JldHVy
2026-09-10T08:11:31.3036443Z GO_EVIDENCE_B64 bnNfb25seV91bnVzZWRfY3JlZGl0X25vdF9sb3dlcl9wcmljZV9mb3JmZWl0dXJlIiwKICAgICJ0ZXN0cy90ZXN0X2RlcHRoMDlfc3RheV9jcmVkaXQucHk6OnRlc3RfY2FuY2VsbGVkX2NyZWRpdF9mZWVfcmVmdW5kX2RvZXNfbm90X3JlZnVuZF9yZXN0b3JlZF9jcmVkaXRfdHdpY2UiLAogICAgInRlc3RzL3Rlc3RfZGVwdGgwOV9zdGF5X2NyZWRpdC5weTo6dGVzdF91bnVzZWRfY3JlZGl0X3JlZnVuZF9mcmVlemVzX3JlZGVtcHRpb25fYW5kX3N1cnZpdmVzX2V4ZWN1dG9yX2ZhaWx1cmUiLAogICAgInRlc3RzL3Rlc3RfZGVw
2026-09-10T08:11:31.3043128Z GO_EVIDENCE_B64 dGgwOV9zdGF5X2NyZWRpdC5weTo6dGVzdF9yZWRlZW1lZF9zdGF5X3JlZnVuZF9zcGFuc19jYXNoX2FuZF9jcmVkaXRfb3JpZ2luYWxfY2FwdHVyZXMiLAogICAgInRlc3RzL3Rlc3RfZGVwdGgxMF9taWdyYXRpb24ucHk6OnRlc3Rfc3VwcGxpZXJfZmF1bHRfbWlncmF0aW9uX3JvdW5kdHJpcF9wcmVzZXJ2ZXNfb3JpZ2luYWxfY3JlZGl0X2FuZF9hbGxvY2F0aW9ucyIsCiAgICAidGVzdHMvdGVzdF9kZXB0aDExX2NhdGFsb2dfc3VwcGxpZXJfcmVtZWR5LnB5Ojp0ZXN0X3JlcXVlc3Rfa2VlcHNfb3JkZXJfYW5kX2Z1bmRzX2Fu
2026-09-10T08:11:31.3049764Z GO_EVIDENCE_B64 ZF9jYW5ub3Rfc2VsZl9hcHByb3ZlIiwKICAgICJ0ZXN0cy90ZXN0X2RlcHRoMTFfY2F0YWxvZ19zdXBwbGllcl9yZW1lZHkucHk6OnRlc3RfYWN0dWFsX3BhaWRfaW5zdGVhZF9vZl9jdXJyZW50X29yZGVyX3RvdGFsX2FuZF9zY29wZWRfYmFua19wcmlvcml0eSIsCiAgICAidGVzdHMvdGVzdF9kZXB0aDExX2NhdGFsb2dfc3VwcGxpZXJfcmVtZWR5LnB5Ojp0ZXN0X25vX21hbmRhdGVfYW5kX2Zpbml0ZV9mdW5kX3Nob3J0YWdlX2RvX25vdF9jbGFpbV9wYWlkIiwKICAgICJ0ZXN0cy90ZXN0X2RlcHRoMTFfY2F0YWxvZ19zdXBw
2026-09-10T08:11:31.3056421Z GO_EVIDENCE_B64 bGllcl9yZW1lZHkucHk6OnRlc3RfZXhhY3RfcHJvdGVjdGlvbl9saWFiaWxpdHlfYW5kX2R1cmFibGVfaWRlbXBvdGVudF9yZWNvdmVyeSIsCiAgICAidGVzdHMvdGVzdF9kZXB0aDExX2NhdGFsb2dfc3VwcGxpZXJfcmVtZWR5LnB5Ojp0ZXN0X3ByaW9yX29yaWdpbmFsX3JlZnVuZF9pc19ub3RfcmVwZWF0ZWRfYnV0X2NvbXBlbnNhdGlvbl91c2VzX2FjdHVhbF9ncm9zc19wYWlkIiwKICAgICJ0ZXN0cy90ZXN0X2RlcHRoMTFfY2F0YWxvZ19zdXBwbGllcl9yZW1lZHkucHk6OnRlc3RfYXBwcm92ZWRfcmVtZWR5X3ByZXZlbnRz
2026-09-10T08:11:31.3063030Z GO_EVIDENCE_B64 X3VucmVsYXRlZF9yZWZ1bmRfb3JfY2hhbmdlX3NwZW5kaW5nX3Jlc2VydmVkX2Z1bmRzIiwKICAgICJ0ZXN0cy90ZXN0X2RlcHRoMTFfY2F0YWxvZ19zdXBwbGllcl9yZW1lZHkucHk6OnRlc3Rfc3VwcGxpZXJfdGltZW91dF9xdWVyaWVzX3N0YXR1c193aXRob3V0X3Jlc2VuZGluZ19vcl9yZWZ1bmRpbmdfZWFybHkiLAogICAgInRlc3RzL3Rlc3RfZGVwdGgxMV9jYXRhbG9nX3N1cHBsaWVyX3JlbWVkeS5weTo6dGVzdF9yZWZ1bmRfZmF1bHRfcm9sbHNfYmFja19hbGxfbW9uZXlfYW5kX3Jlc3VtZXNfYWZ0ZXJfY29uZmlybWVk
2026-09-10T08:11:31.3069826Z GO_EVIDENCE_B64 X2NhbmNlbCIsCiAgICAidGVzdHMvdGVzdF9kZXB0aDExX2NhdGFsb2dfc3VwcGxpZXJfcmVtZWR5LnB5Ojp0ZXN0X2NvbXBlbnNhdGlvbl9mYXVsdF9jYW5ub3RfcmVwZWF0X2NvbXBsZXRlZF9yZWZ1bmQiLAogICAgInRlc3RzL3Rlc3RfZGVwdGgxMV9jYXRhbG9nX3N1cHBsaWVyX3JlbWVkeS5weTo6dGVzdF9mb3VyX2NvbmN1cnJlbnRfZXhlY3V0aW9uc19wcm9kdWNlX29uZV9zdXBwbGllcl9jYW5jZWxfcmVmdW5kX2FuZF9jb21wZW5zYXRpb24iLAogICAgInRlc3RzL3Rlc3RfZGVwdGgxMV9jYXRhbG9nX3N1cHBsaWVyX3Jl
2026-09-10T08:11:31.3076550Z GO_EVIDENCE_B64 bWVkeS5weTo6dGVzdF9leHRlcm5hbF9mYXVsdF9yZWZ1bmRzX3dpdGhvdXRfZXh0cmFfc3VwcGxpZXJfZGViaXQiLAogICAgInRlc3RzL3Rlc3RfZGVwdGgxMV9taWdyYXRpb24ucHk6OnRlc3RfY2F0YWxvZ19yZW1lZHlfbWlncmF0aW9uX3ByZXNlcnZlc19oaXN0b3JpY2FsX2Nhc2VzX2FuZF9ob3N0ZWRfbWFuZGF0ZXMiLAogICAgInRlc3RzL3Rlc3RfZGVwdGgxMl9jcmVkaXRfYWZ0ZXJfc2FsZXMucHk6OnRlc3RfY3VzdG9tZXJfY2FuY2VsX3JlZnVuZHNfb25seV9zdXBwbGVtZW50X2FuZF9yZXN0b3Jlc19jcmVkaXRfd2l0
2026-09-10T08:11:31.3083137Z GO_EVIDENCE_B64 aG91dF9leHRlbmRpbmciLAogICAgInRlc3RzL3Rlc3RfZGVwdGgxMl9jcmVkaXRfYWZ0ZXJfc2FsZXMucHk6OnRlc3RfbG93ZXJfcHJpY2VfZm9yZmVpdHVyZV9pc19wcmVzZXJ2ZWRfYWZ0ZXJfY3VzdG9tZXJfY2FuY2VsbGF0aW9uIiwKICAgICJ0ZXN0cy90ZXN0X2RlcHRoMTJfY3JlZGl0X2FmdGVyX3NhbGVzLnB5Ojp0ZXN0X2N1c3RvbWVyX2NhbmNlbGxhdGlvbl91c2VzX2FjY2VwdGVkX3RpZXJzX2V2ZW5faWZfc3VwcGxpZXJfcnVsZV9jaGFuZ2VzIiwKICAgICJ0ZXN0cy90ZXN0X2RlcHRoMTJfY3JlZGl0X2FmdGVyX3Nh
2026-09-10T08:11:31.3089795Z GO_EVIDENCE_B64 bGVzLnB5Ojp0ZXN0X2Nhc2hfcmVmdW5kX2ZhaWx1cmVfa2VlcHNfY3JlZGl0X3VuYXZhaWxhYmxlX3VudGlsX2F0b21pY19yZXRyeSIsCiAgICAidGVzdHMvdGVzdF9kZXB0aDEyX2NyZWRpdF9hZnRlcl9zYWxlcy5weTo6dGVzdF9jdXN0b21lcl9jYW5jZWxfdW5rbm93bl9yZXNwb25zZV9xdWVyaWVzX2JlZm9yZV9yZXN0b3JpbmciLAogICAgInRlc3RzL3Rlc3RfZGVwdGgxMl9jcmVkaXRfYWZ0ZXJfc2FsZXMucHk6OnRlc3RfcmVzdG9yZWRfY3JlZGl0X2FmdGVyX2V4cGlyeV9kb2VzX25vdF9nYWluX2FfbmV3X3llYXIiLAog
2026-09-10T08:11:31.3096419Z GO_EVIDENCE_B64 ICAgInRlc3RzL3Rlc3RfZGVwdGgxMl9jcmVkaXRfYXBpLnB5Ojp0ZXN0X3NpZ25lZF9jdXN0b21lcl9jcmVkaXRfcmVxdWlyZXNfc2VsZWN0ZWRfb3duZWRfZ3Vlc3RfYW5kX2Z1bGxfY3VycmVudF9jb25zZW50IiwKICAgICJ0ZXN0cy90ZXN0X2RlcHRoMTJfY3JlZGl0X2FwaS5weTo6dGVzdF93aXRoZHJhd25fdHJhdmVsZXJfcGVybWlzc2lvbl9rZWVwc19jcmVkaXRfdW5jaGFuZ2VkX2FuZF9jcm9zc19jcmVkaXRfYWN0aW9uc19mYWlsIiwKICAgICJ0ZXN0cy90ZXN0X2RlcHRoMTJfcGFyZW50X21vbmV5X2J1ZGdldC5weTo6
2026-09-10T08:11:31.3103040Z GO_EVIDENCE_B64 dGVzdF9yZWZ1bmRfY2Fubm90X2JvcnJvd19hbm90aGVyX2NhcHR1cmVfYnVkZ2V0X3dpdGhpbl9zYW1lX3Jvb3QiLAogICAgInRlc3RzL3Rlc3RfZGVwdGgxMl9wYXJlbnRfbW9uZXlfYnVkZ2V0LnB5Ojp0ZXN0X2NhcHR1cmVfY2Fubm90X2JvcnJvd19hbm90aGVyX2F1dGhvcml6YXRpb25fYnVkZ2V0X3dpdGhpbl9zYW1lX3Jvb3QiLAogICAgInRlc3RzL3Rlc3RfZGVwdGgxNV9taWdyYXRpb24ucHk6OnRlc3Rfc291cmNlX2V4Y2x1c2lvbl9taWdyYXRpb25fcm91bmR0cmlwX3ByZXNlcnZlc19vbGRfZnVsbF9jYXB0dXJlX2Fs
2026-09-10T08:11:31.3109594Z GO_EVIDENCE_B64 bG9jYXRpb24iLAogICAgInRlc3RzL3Rlc3RfZGVwdGgxNV9taWdyYXRpb24ucHk6OnRlc3RfZG93bmdyYWRlX2Nhbm5vdF9kcm9wX2Ffbm9uemVyb19leGNsdXNpb25fYW5kX3Jldml2ZV9mb3JmZWl0ZWRfc291cmNlX3ZhbHVlIiwKICAgICJ0ZXN0cy90ZXN0X2RlcHRoMThfbWVkaWFfZHVyYWJpbGl0eS5weTo6dGVzdF9pbmRlcGVuZGVudF9wcm9jZXNzZXNfa2VlcF9hbGxfaGFydmVzdHNfYW5kX3NoYXJlZF9jb250ZW50IiwKICAgICJ0ZXN0cy90ZXN0X2RlcHRoMThfbWVkaWFfZHVyYWJpbGl0eS5weTo6dGVzdF9pbmRlcGVu
2026-09-10T08:11:31.3116812Z GO_EVIDENCE_B64 ZGVudF9wcm9jZXNzZXNfcHJlc2VydmVfZXZlcnlfcmlnaHRzX2V2ZW50IiwKICAgICJ0ZXN0cy90ZXN0X2RlcHRoMThfbWVkaWFfZHVyYWJpbGl0eS5weTo6dGVzdF9zaWdraWxsX3JvbGxzX2JhY2tfdW5jb21taXR0ZWRfbWV0YWRhdGFfd2l0aG91dF9sb3NpbmdfY29tbWl0dGVkX3N0YXRlW2hhcnZlc3RdIiwKICAgICJ0ZXN0cy90ZXN0X2RlcHRoMThfbWVkaWFfZHVyYWJpbGl0eS5weTo6dGVzdF9zaWdraWxsX3JvbGxzX2JhY2tfdW5jb21taXR0ZWRfbWV0YWRhdGFfd2l0aG91dF9sb3NpbmdfY29tbWl0dGVkX3N0YXRlW3Jp
2026-09-10T08:11:31.3123318Z GO_EVIDENCE_B64 Z2h0c10iLAogICAgInRlc3RzL3Rlc3RfZGVwdGgxOF9tZWRpYV9kdXJhYmlsaXR5LnB5Ojp0ZXN0X3N0YWxlX3NuYXBzaG90X2Nhbm5vdF9lcmFzZV9oYXJ2ZXN0X29yX3Jlc3RvcmVfcmV2b2tlZF9yaWdodHMiLAogICAgInRlc3RzL3Rlc3RfZGVwdGgxOF9tZWRpYV9kdXJhYmlsaXR5LnB5Ojp0ZXN0X3N0YWxlX3JpZ2h0c19hcHByb3ZhbF9jYW5ub3Rfb3ZlcnJpZGVfcmV2b2NhdGlvbiIsCiAgICAidGVzdHMvdGVzdF9kZXB0aDE4X21lZGlhX2R1cmFiaWxpdHkucHk6OnRlc3RfbGVnYWN5X2ltcG9ydF9pc19vbmNlX3ByZXNl
2026-09-10T08:11:31.3131154Z GO_EVIDENCE_B64 cnZlc19vcmlnaW5hbF9hbmRfZG9lc19ub3RfcmVzdXJyZWN0X2dyYW50IiwKICAgICJ0ZXN0cy90ZXN0X2RlcHRoMThfbWVkaWFfZHVyYWJpbGl0eS5weTo6dGVzdF9jb3JydXB0X2xlZ2FjeV9pc19uZXZlcl9yZXBsYWNlZF9ieV9lbXB0eV9pbmRleFt7XSIsCiAgICAidGVzdHMvdGVzdF9kZXB0aDE4X21lZGlhX2R1cmFiaWxpdHkucHk6OnRlc3RfY29ycnVwdF9sZWdhY3lfaXNfbmV2ZXJfcmVwbGFjZWRfYnlfZW1wdHlfaW5kZXhbW11dIiwKICAgICJ0ZXN0cy90ZXN0X2RlcHRoMThfbWVkaWFfZHVyYWJpbGl0eS5weTo6dGVz
2026-09-10T08:11:31.3137785Z GO_EVIDENCE_B64 dF9jb3JydXB0X2xlZ2FjeV9pc19uZXZlcl9yZXBsYWNlZF9ieV9lbXB0eV9pbmRleFt7XCJ2ZXJzaW9uXCI6MSxcImFzc2V0c1wiOltdfV0iLAogICAgInRlc3RzL3Rlc3RfZGVwdGgxOF9tZWRpYV9kdXJhYmlsaXR5LnB5Ojp0ZXN0X2NvcnJ1cHRfbGVnYWN5X2lzX25ldmVyX3JlcGxhY2VkX2J5X2VtcHR5X2luZGV4W3tcInZlcnNpb25cIjoxLFwiYXNzZXRzXCI6e1wiYVwiOntcImFzc2V0X2lkXCI6XCJhXCIsXCJjYWNoZV9maWxlXCI6XCIuLi8uLi9vdXRzaWRlXCJ9fX1dIiwKICAgICJ0ZXN0cy90ZXN0X2RlcHRoMThfbWVk
2026-09-10T08:11:31.3144416Z GO_EVIDENCE_B64 aWFfZHVyYWJpbGl0eS5weTo6dGVzdF9pbnZhbGlkX2xlZ2FjeV9yaWdodHNfYXJlX25vdF9wdWJsaWNfZXZlbl9pZl9mbGFnX3NheXNfdHJ1ZVtvd25lcl0iLAogICAgInRlc3RzL3Rlc3RfZGVwdGgxOF9tZWRpYV9kdXJhYmlsaXR5LnB5Ojp0ZXN0X2ludmFsaWRfbGVnYWN5X3JpZ2h0c19hcmVfbm90X3B1YmxpY19ldmVuX2lmX2ZsYWdfc2F5c190cnVlW2V2aWRlbmNlXSIsCiAgICAidGVzdHMvdGVzdF9kZXB0aDE4X21lZGlhX2R1cmFiaWxpdHkucHk6OnRlc3RfaW52YWxpZF9sZWdhY3lfcmlnaHRzX2FyZV9ub3RfcHVibGlj
2026-09-10T08:11:31.3151029Z GO_EVIDENCE_B64 X2V2ZW5faWZfZmxhZ19zYXlzX3RydWVbZXhwaXJ5XSIsCiAgICAidGVzdHMvdGVzdF9kZXB0aDE4X21lZGlhX2R1cmFiaWxpdHkucHk6OnRlc3RfaW52YWxpZF9sZWdhY3lfcmlnaHRzX2FyZV9ub3RfcHVibGljX2V2ZW5faWZfZmxhZ19zYXlzX3RydWVbY29udHJhY3RdIiwKICAgICJ0ZXN0cy90ZXN0X2RlcHRoMThfbWVkaWFfZHVyYWJpbGl0eS5weTo6dGVzdF9wdXJnZV9rZWVwc19vdGhlcl9ob3RlbF9zaGFyZWRfZmlsZXNfYW5kX2Nhbl9hZG1pdF9zYW1lX2hhc2hfYWdhaW4iLAogICAgInRlc3RzL3Rlc3RfZGVwdGgxOF9t
2026-09-10T08:11:31.3157770Z GO_EVIDENCE_B64 ZWRpYV9kdXJhYmlsaXR5LnB5Ojp0ZXN0X2NvbmN1cnJlbnRfcHVyZ2VfYW5kX2FkbWlzc2lvbl9uZXZlcl9yZW1vdmVfcmVmZXJlbmNlZF9ieXRlcyIsCiAgICAidGVzdHMvdGVzdF9kZXB0aDE4X21lZGlhX2R1cmFiaWxpdHkucHk6OnRlc3RfYWRtaXNzaW9uX3JlamVjdHNfdGFtcGVyZWRfZGVkdXBfZmlsZV9hbmRfa2VlcHNfcHJpb3JfcmVjb3JkIiwKICAgICJ0ZXN0cy90ZXN0X2RlcHRoMThfbWVkaWFfZHVyYWJpbGl0eS5weTo6dGVzdF9pbmRleF9jb21taXRfZmFpbHVyZV9kb2VzX25vdF9wdWJsaXNoX29yX2VyYXNlX2V4
2026-09-10T08:11:31.3164670Z GO_EVIDENCE_B64 aXN0aW5nX3JlY29yZCIsCiAgICAidGVzdHMvdGVzdF9kZXB0aDE4X21lZGlhX2R1cmFiaWxpdHkucHk6OnRlc3RfcHVibGljX3JvdXRlX3JlY2hlY2tzX3JpZ2h0c19hbmRfbmV2ZXJfc2VuZHNfaW1tdXRhYmxlX2NhY2hlIiwKICAgICJ0ZXN0cy90ZXN0X2RlcHRoMThfbWVkaWFfZHVyYWJpbGl0eS5weTo6dGVzdF9hZG1pbl9yaWdodHNfcm91dGVfcmVxdWlyZXNfY3VycmVudF9hc3NldF9yZXZpc2lvbiIsCiAgICAidGVzdHMvdGVzdF9kZXB0aDE4X21lZGlhX2R1cmFiaWxpdHkucHk6OnRlc3RfcHJpdmF0ZV9pbnRlcm1lZGlh
2026-09-10T08:11:31.3171207Z GO_EVIDENCE_B64 dGVfcmVkaXJlY3RfaXNfYmxvY2tlZF9iZWZvcmVfbmV0d29ya19yZXF1ZXN0IiwKICAgICJ0ZXN0cy90ZXN0X2RlcHRoMThfbWVkaWFfZHVyYWJpbGl0eS5weTo6dGVzdF9yZWRpcmVjdF9sb29wX2lzX2JvdW5kZWRfYW5kX2Nyb3NzX29yaWdpbl9jcmVkZW50aWFsc19hcmVfcmVtb3ZlZCIsCiAgICAidGVzdHMvdGVzdF9kZXB0aDE4X21lZGlhX2R1cmFiaWxpdHkucHk6OnRlc3RfcHJpdmF0ZV90ZXN0X292ZXJyaWRlX2lzX2Rpc2FibGVkX2luX2RlcGxveWVkX2Vudmlyb25tZW50c1twcm9kdWN0aW9uXSIsCiAgICAidGVzdHMv
2026-09-10T08:11:31.3177795Z GO_EVIDENCE_B64 dGVzdF9kZXB0aDE4X21lZGlhX2R1cmFiaWxpdHkucHk6OnRlc3RfcHJpdmF0ZV90ZXN0X292ZXJyaWRlX2lzX2Rpc2FibGVkX2luX2RlcGxveWVkX2Vudmlyb25tZW50c1twcm9kXSIsCiAgICAidGVzdHMvdGVzdF9kZXB0aDE4X21lZGlhX2R1cmFiaWxpdHkucHk6OnRlc3RfcHJpdmF0ZV90ZXN0X292ZXJyaWRlX2lzX2Rpc2FibGVkX2luX2RlcGxveWVkX2Vudmlyb25tZW50c1tzdGFnaW5nXSIsCiAgICAidGVzdHMvdGVzdF9kZXB0aDE5X3RyYXZlbF9mYWN0cy5weTo6dGVzdF9yZWFkX2lzX293bmVyX3Njb3BlZF9hbmRfZG9l
2026-09-10T08:11:31.3184181Z GO_EVIDENCE_B64 c19ub3RfaW52ZW50X29yX3dyaXRlX2ZhY3QiLAogICAgInRlc3RzL3Rlc3RfZGVwdGgxOV90cmF2ZWxfZmFjdHMucHk6OnRlc3RfZm91cl9jZWxsc19hbmRfb2ZmaWNpYWxfY29ycmVjdGlvbl91c2Vfc291cmNlX29yZGVyX25vdF9zdGF0ZV9yYW5rIiwKICAgICJ0ZXN0cy90ZXN0X2RlcHRoMTlfdHJhdmVsX2ZhY3RzLnB5Ojp0ZXN0X3Vuc2lnbmVkX2xlZ2FjeV9zb3VyY2Vfc3RyaW5nX2lzX25vdF9hdXRob3JpdHkiLAogICAgInRlc3RzL3Rlc3RfZGVwdGgxOV90cmF2ZWxfZmFjdHMucHk6OnRlc3Rfc2lnbmF0dXJlX2JpbmRz
2026-09-10T08:11:31.3190600Z GO_EVIDENCE_B64 X2V4YWN0X2JvZHlfYW5kX2V2ZW50X2lkZW50aXR5IiwKICAgICJ0ZXN0cy90ZXN0X2RlcHRoMTlfdHJhdmVsX2ZhY3RzLnB5Ojp0ZXN0X3VudHJ1c3RlZF9saW5rc19jYW5ub3RfYmVjb21lX29mZmljaWFsW2phdmFzY3JpcHQ6YWxlcnQoMSldIiwKICAgICJ0ZXN0cy90ZXN0X2RlcHRoMTlfdHJhdmVsX2ZhY3RzLnB5Ojp0ZXN0X3VudHJ1c3RlZF9saW5rc19jYW5ub3RfYmVjb21lX29mZmljaWFsW2h0dHA6Ly9haXJsaW5lLmV4YW1wbGUvcGFzc10iLAogICAgInRlc3RzL3Rlc3RfZGVwdGgxOV90cmF2ZWxfZmFjdHMucHk6OnRl
2026-09-10T08:11:31.3197244Z GO_EVIDENCE_B64 c3RfdW50cnVzdGVkX2xpbmtzX2Nhbm5vdF9iZWNvbWVfb2ZmaWNpYWxbaHR0cHM6Ly9haXJsaW5lLmV4YW1wbGUuZXZpbC50ZXN0L3Bhc3NdIiwKICAgICJ0ZXN0cy90ZXN0X2RlcHRoMTlfdHJhdmVsX2ZhY3RzLnB5Ojp0ZXN0X3VudHJ1c3RlZF9saW5rc19jYW5ub3RfYmVjb21lX29mZmljaWFsW2h0dHBzOi8vdXNlckBhaXJsaW5lLmV4YW1wbGUvcGFzc10iLAogICAgInRlc3RzL3Rlc3RfZGVwdGgxOV90cmF2ZWxfZmFjdHMucHk6OnRlc3RfdW50cnVzdGVkX2xpbmtzX2Nhbm5vdF9iZWNvbWVfb2ZmaWNpYWxbaHR0cHM6Ly9h
2026-09-10T08:11:31.3203768Z GO_EVIDENCE_B64 aXJsaW5lLmV4YW1wbGU6ODA4MC9wYXNzXSIsCiAgICAidGVzdHMvdGVzdF9kZXB0aDE5X3RyYXZlbF9mYWN0cy5weTo6dGVzdF91bnRydXN0ZWRfbGlua3NfY2Fubm90X2JlY29tZV9vZmZpY2lhbFtodHRwczovL2FpcmxpbmUuZXhhbXBsZS9cXG5wYXNzXSIsCiAgICAidGVzdHMvdGVzdF9kZXB0aDE5X3RyYXZlbF9mYWN0cy5weTo6dGVzdF91bnRydXN0ZWRfbGlua3NfY2Fubm90X2JlY29tZV9vZmZpY2lhbFtodHRwczovL2V2aWwuZXhhbXBsZS9wYXNzXSIsCiAgICAidGVzdHMvdGVzdF9kZXB0aDE5X3RyYXZlbF9mYWN0cy5w
2026-09-10T08:11:31.3210456Z GO_EVIDENCE_B64 eTo6dGVzdF9pbmRlcGVuZGVudF9yZXZpZXdfcmV2aXNpb25fYW5kX3Jldm9jYXRpb25fcmVtb3ZlX3Bhc3Nfb25fcmVhZCIsCiAgICAidGVzdHMvdGVzdF9kZXB0aDE5X3RyYXZlbF9mYWN0cy5weTo6dGVzdF9tYWtlcl9jYW5ub3RfYXBwcm92ZV9hbmRfcmVnaXN0ZXJlZF9rZXlfY2Fubm90X3NpbGVudGx5X2NoYW5nZSIsCiAgICAidGVzdHMvdGVzdF9kZXB0aDE5X3RyYXZlbF9mYWN0cy5weTo6dGVzdF9jaGFuZ2VkX29yZGVyX25ldmVyX3JldXNlc19wcmlvcl9wYXNzW3RpY2tldF0iLAogICAgInRlc3RzL3Rlc3RfZGVwdGgx
2026-09-10T08:11:31.3217135Z GO_EVIDENCE_B64 OV90cmF2ZWxfZmFjdHMucHk6OnRlc3RfY2hhbmdlZF9vcmRlcl9uZXZlcl9yZXVzZXNfcHJpb3JfcGFzc1tpdGluZXJhcnldIiwKICAgICJ0ZXN0cy90ZXN0X2RlcHRoMTlfdHJhdmVsX2ZhY3RzLnB5Ojp0ZXN0X2NoYW5nZWRfb3JkZXJfbmV2ZXJfcmV1c2VzX3ByaW9yX3Bhc3NbdHJhdmVsZXJdIiwKICAgICJ0ZXN0cy90ZXN0X2RlcHRoMTlfdHJhdmVsX2ZhY3RzLnB5Ojp0ZXN0X2NoYW5nZWRfb3JkZXJfbmV2ZXJfcmV1c2VzX3ByaW9yX3Bhc3NbcmVmdW5kXSIsCiAgICAidGVzdHMvdGVzdF9kZXB0aDE5X3RyYXZlbF9mYWN0
2026-09-10T08:11:31.3223721Z GO_EVIDENCE_B64 cy5weTo6dGVzdF9mYWN0X3ZhbGlkaXR5X3dpbmRvd1tleHBpcmVkXSIsCiAgICAidGVzdHMvdGVzdF9kZXB0aDE5X3RyYXZlbF9mYWN0cy5weTo6dGVzdF9mYWN0X3ZhbGlkaXR5X3dpbmRvd1tmdXR1cmVdIiwKICAgICJ0ZXN0cy90ZXN0X2RlcHRoMTlfdHJhdmVsX2ZhY3RzLnB5Ojp0ZXN0X2ZhY3RfdmFsaWRpdHlfd2luZG93W3Rvb19vbGRdIiwKICAgICJ0ZXN0cy90ZXN0X2RlcHRoMTlfdHJhdmVsX2ZhY3RzLnB5Ojp0ZXN0X2ZhY3RfdmFsaWRpdHlfd2luZG93W2JleW9uZF9hdXRob3JpdHldIiwKICAgICJ0ZXN0cy90ZXN0
2026-09-10T08:11:31.3230589Z GO_EVIDENCE_B64 X2RlcHRoMTlfdHJhdmVsX2ZhY3RzLnB5Ojp0ZXN0X25vX2ZhbGxiYWNrX3RvX29sZGVyX2ZhY3Rfd2hlbl9uZXdlc3RfaXNfZXhwaXJlZF9vcl9jb3JydXB0IiwKICAgICJ0ZXN0cy90ZXN0X2RlcHRoMTlfdHJhdmVsX2ZhY3RzLnB5Ojp0ZXN0X3NlcXVlbmNlX2FuZF9wcm92aWRlcl9zd2l0Y2hfYXJlX2V4cGxpY2l0IiwKICAgICJ0ZXN0cy90ZXN0X2RlcHRoMTlfdHJhdmVsX2ZhY3RzLnB5Ojp0ZXN0X2NhcnJpZXJfc2NvcGVfYW5kX3Byb2R1Y3Rpb25fZ2F0ZSIsCiAgICAidGVzdHMvdGVzdF9kZXB0aDIwX2FwaV9mdWxmaWxs
2026-09-10T08:11:31.3237223Z GO_EVIDENCE_B64 bWVudC5weTo6dGVzdF9yYWlsX3N1cHBsaWVyX2Nhbm5vdF90aWNrZXRfd3JvbmdfY291bnRfb3JfaW52YWxpZF9pZGVudGl0aWVzW3RpY2tldHMwXSIsCiAgICAidGVzdHMvdGVzdF9kZXB0aDIwX2FwaV9mdWxmaWxsbWVudC5weTo6dGVzdF9yYWlsX3N1cHBsaWVyX2Nhbm5vdF90aWNrZXRfd3JvbmdfY291bnRfb3JfaW52YWxpZF9pZGVudGl0aWVzW3RpY2tldHMxXSIsCiAgICAidGVzdHMvdGVzdF9kZXB0aDIwX2FwaV9mdWxmaWxsbWVudC5weTo6dGVzdF9yYWlsX3N1cHBsaWVyX2Nhbm5vdF90aWNrZXRfd3JvbmdfY291bnRf
2026-09-10T08:11:31.3243796Z GO_EVIDENCE_B64 b3JfaW52YWxpZF9pZGVudGl0aWVzW3RpY2tldHMyXSIsCiAgICAidGVzdHMvdGVzdF9kZXB0aDIwX2FwaV9mdWxmaWxsbWVudC5weTo6dGVzdF9yYWlsX3N1cHBsaWVyX2Nhbm5vdF90aWNrZXRfd3JvbmdfY291bnRfb3JfaW52YWxpZF9pZGVudGl0aWVzW3RpY2tldHMzXSIsCiAgICAidGVzdHMvdGVzdF9kZXB0aDIwX2FwaV9mdWxmaWxsbWVudC5weTo6dGVzdF9yYWlsX3N1cHBsaWVyX2Nhbm5vdF90aWNrZXRfd3JvbmdfY291bnRfb3JfaW52YWxpZF9pZGVudGl0aWVzW3RpY2tldHM0XSIsCiAgICAidGVzdHMvdGVzdF9kZXB0
2026-09-10T08:11:31.3250502Z GO_EVIDENCE_B64 aDIwX2FwaV9mdWxmaWxsbWVudC5weTo6dGVzdF9jb25maXJtZWRfcmFpbF90aWNrZXRzX3JlcGxheV9leGFjdGx5X2FuZF9jYW5ub3RfYmVfcmVwbGFjZWQiLAogICAgInRlc3RzL3Rlc3RfZGVwdGgyMF9hcGlfZnVsZmlsbG1lbnQucHk6OnRlc3RfbXVsdGlfcGVyc29uX2NoYW5nZV9yZWZ1bmRfcmV0dXJuc190b19vcmlnaW5hbF9hbmRfYWRqdXN0bWVudF9jYXB0dXJlcyIsCiAgICAidGVzdHMvdGVzdF9kZXB0aDIwX2FwaV9mdWxmaWxsbWVudC5weTo6dGVzdF9idXNpbmVzc19jbGFzc19jaGFuZ2VfdXNlc19xdW90ZWRfemVy
2026-09-10T08:11:31.3257575Z GO_EVIDENCE_B64 b19mZWUiLAogICAgInRlc3RzL3Rlc3RfZGVwdGgyMF9hcGlfZnVsZmlsbG1lbnQucHk6OnRlc3Rfd3JvbmdfcmVpc3N1ZWRfcGFydHlfY2Fubm90X2NhcHR1cmVfYWRqdXN0bWVudCIsCiAgICAidGVzdHMvdGVzdF9kZXB0aDIwX2FwaV9mdWxmaWxsbWVudC5weTo6dGVzdF9taXNzaW5nX2NvbmZpcm1lZF9hZGp1c3RtZW50X2Nhbm5vdF9tYXJrX2NoYW5nZV9leGVjdXRlZCIsCiAgICAidGVzdHMvdGVzdF9kZXB0aDIwX2FwaV9mdWxmaWxsbWVudC5weTo6dGVzdF9zaWduZWRfaW5fcHJlYm9va19jYW5ub3RfYmVfY2xhaW1lZF9i
2026-09-10T08:11:31.3264153Z GO_EVIDENCE_B64 eV9hbm90aGVyX2NvbnN1bWVyIiwKICAgICJ0ZXN0cy90ZXN0X2RlcHRoMjBfYXBpX2Z1bGZpbGxtZW50LnB5Ojp0ZXN0X3JhaWxfaHR0cF9yZWplY3RzX2FtYmlndW91c19vcl91bnN1cHBvcnRlZF9xdWFudGl0aWVzW1RydWVdIiwKICAgICJ0ZXN0cy90ZXN0X2RlcHRoMjBfYXBpX2Z1bGZpbGxtZW50LnB5Ojp0ZXN0X3JhaWxfaHR0cF9yZWplY3RzX2FtYmlndW91c19vcl91bnN1cHBvcnRlZF9xdWFudGl0aWVzWzEuMl0iLAogICAgInRlc3RzL3Rlc3RfZGVwdGgyMF9hcGlfZnVsZmlsbG1lbnQucHk6OnRlc3RfcmFpbF9odHRw
2026-09-10T08:11:31.3270766Z GO_EVIDENCE_B64 X3JlamVjdHNfYW1iaWd1b3VzX29yX3Vuc3VwcG9ydGVkX3F1YW50aXRpZXNbMl0iLAogICAgInRlc3RzL3Rlc3RfZGVwdGgyMF9hcGlfZnVsZmlsbG1lbnQucHk6OnRlc3RfcmFpbF9odHRwX3JlamVjdHNfYW1iaWd1b3VzX29yX3Vuc3VwcG9ydGVkX3F1YW50aXRpZXNbMF0iLAogICAgInRlc3RzL3Rlc3RfZGVwdGgyMF9hcGlfZnVsZmlsbG1lbnQucHk6OnRlc3RfcmFpbF9odHRwX3JlamVjdHNfYW1iaWd1b3VzX29yX3Vuc3VwcG9ydGVkX3F1YW50aXRpZXNbMTBdIiwKICAgICJ0ZXN0cy90ZXN0X2RlcHRoMjBfYXBpX2Z1bGZp
2026-09-10T08:11:31.3277445Z GO_EVIDENCE_B64 bGxtZW50LnB5Ojp0ZXN0X2ludmFsaWRfYXV0aGVudGljYXRpb25fbmV2ZXJfZmFsbHNfYmFja190b19hbm9ueW1vdXNfcXVvdGUiLAogICAgInRlc3RzL3Rlc3RfZGVwdGgyMF9hcGlfZnVsZmlsbG1lbnQucHk6OnRlc3RfY2hhbmdlZF92YXVsdF9pZGVudGl0eV93aXRoX3NhbWVfbmFtZV9jYW5ub3RfcmV1c2VfcHJlYm9vayIsCiAgICAidGVzdHMvdGVzdF9kZXB0aDIwX2FwaV9mdWxmaWxsbWVudC5weTo6dGVzdF9taWdyYXRpb25fcm91bmR0cmlwX3ByZXNlcnZlc19oaXN0b3J5X2FuZF9yZWZ1c2VzX3ByZWJvb2tfZXZpZGVu
2026-09-10T08:11:31.3283965Z GO_EVIDENCE_B64 Y2VfbG9zcyIsCiAgICAidGVzdHMvdGVzdF9kZXB0aDI3X3Nlc3Npb25faXNvbGF0aW9uLnB5Ojp0ZXN0X2NvbnN1bWVyX2FuZF9jb25zb2xlX2Nhbl9jb2V4aXN0X2FuZF9sb2dvdXRfaW5kZXBlbmRlbnRseVtzdXBwbGllcl9vd25lci1jaGFuZ2UtbWUtc3VwcGxpZXJdIiwKICAgICJ0ZXN0cy90ZXN0X2RlcHRoMjdfc2Vzc2lvbl9pc29sYXRpb24ucHk6OnRlc3RfY29uc3VtZXJfYW5kX2NvbnNvbGVfY2FuX2NvZXhpc3RfYW5kX2xvZ291dF9pbmRlcGVuZGVudGx5W2dvX2FkbWluLWNoYW5nZS1tZS1hZG1pbl0iLAogICAgInRl
2026-09-10T08:11:31.3290675Z GO_EVIDENCE_B64 c3RzL3Rlc3RfZGVwdGgyN19zZXNzaW9uX2lzb2xhdGlvbi5weTo6dGVzdF9jb25zb2xlX2xvZ291dF9kb2VzX25vdF9mYWxsX2JhY2tfdG9fY29uc3VtZXJfc2Vzc2lvbiIsCiAgICAidGVzdHMvdGVzdF9kZXB0aDI3X3Nlc3Npb25faXNvbGF0aW9uLnB5Ojp0ZXN0X2NvbnN1bWVyX3JlZnJlc2hfdXNlc19vd25fY3NyZl93aXRoX2NvbnNvbGVfY29va2llX3ByZXNlbnQiLAogICAgInRlc3RzL3Rlc3RfZGVwdGgyN19zZXNzaW9uX2lzb2xhdGlvbi5weTo6dGVzdF9vdGhlcl9zY29wZV9jc3JmX2Nhbm5vdF9sb2dvdXRfY29uc3Vt
2026-09-10T08:11:31.3297262Z GO_EVIDENCE_B64 ZXIiLAogICAgInRlc3RzL3Rlc3RfZGVwdGgyN19zZXNzaW9uX2lzb2xhdGlvbi5weTo6dGVzdF9zaGFyZWRfZW5kcG9pbnRfdXNlc19leHBsaWNpdF9zY29wZV9hbmRfcmVqZWN0c19hbWJpZ3VpdHkiLAogICAgInRlc3RzL3Rlc3RfZGVwdGgyN19zZXNzaW9uX2lzb2xhdGlvbi5weTo6dGVzdF9oZWFkZXJfY2Fubm90X2NoYW5nZV9maXhlZF9yb3V0ZV9zY29wZV9vcl9ncmFudF9wZXJtaXNzaW9ucyIsCiAgICAidGVzdHMvdGVzdF9kZXB0aDI3X3Nlc3Npb25faXNvbGF0aW9uLnB5Ojp0ZXN0X2V4cGlyZWRfY29uc29sZV9hY2Nl
2026-09-10T08:11:31.3303714Z GO_EVIDENCE_B64 c3NfZG9lc19ub3Rfc2hhZG93X2NvbnN1bWVyIiwKICAgICJ0ZXN0cy90ZXN0X2RlcHRoMjdfc2Vzc2lvbl9pc29sYXRpb24ucHk6OnRlc3RfYmVhcmVyX2lkZW50aXR5X3N0YXlzX2F1dGhvcml0YXRpdmUiLAogICAgInRlc3RzL3Rlc3RfZGVwdGgyN19zZXNzaW9uX2lzb2xhdGlvbi5weTo6dGVzdF93cm9uZ19jb25zb2xlX2xvZ2luX2RvZXNfbm90X3JlcGxhY2VfZXhpc3Rpbmdfc2Vzc2lvbiIsCiAgICAidGVzdHMvdGVzdF9kZXB0aDI3X3Nlc3Npb25faXNvbGF0aW9uLnB5Ojp0ZXN0X290aGVyX2NvbnNvbGVfdGFiX2lkZW50
2026-09-10T08:11:31.3310232Z GO_EVIDENCE_B64 aXR5X2NoYW5nZV9pc19kZXRlY3RlZF9iZWZvcmVfYWN0aW9uIiwKICAgICJ0ZXN0cy90ZXN0X2RlcHRoMzBfbmF0aXZlX2FwaV9jb250cmFjdC5weTo6dGVzdF9uYXRpdmVfc2l4X3ZlcnRpY2FsX2NyZWF0aW9uX3BheW1lbnRfYW5kX3JlZnVuZF9jb250cmFjdHMiLAogICAgInRlc3RzL3Rlc3RfZGVwdGgzMl9mbGlnaHRfcmVmdW5kX2NvbnNlbnQucHk6OnRlc3RfZmxpZ2h0X3JlZnVuZF9jb25zZW50X2FuZF9yZXBsYXlfaGF2ZV9vbmVfbW9uZXlfaWRlbnRpdHkiLAogICAgInRlc3RzL3Rlc3RfZGVwdGgzMl9mbGlnaHRfcmVm
2026-09-10T08:11:31.3317005Z GO_EVIDENCE_B64 dW5kX2NvbnNlbnQucHk6OnRlc3RfY2hhbmdlZF9vcmRlcl9pbnZhbGlkYXRlc19vbGRfZmxpZ2h0X3JlZnVuZF9xdW90ZVthbW91bnRdIiwKICAgICJ0ZXN0cy90ZXN0X2RlcHRoMzJfZmxpZ2h0X3JlZnVuZF9jb25zZW50LnB5Ojp0ZXN0X2NoYW5nZWRfb3JkZXJfaW52YWxpZGF0ZXNfb2xkX2ZsaWdodF9yZWZ1bmRfcXVvdGVbcmV2aXNpb25dIiwKICAgICJ0ZXN0cy90ZXN0X2RlcHRoMzJfZmxpZ2h0X3JlZnVuZF9jb25zZW50LnB5Ojp0ZXN0X2ZsaWdodF90aW1lb3V0X2tlZXBzX2Zyb3plbl9jb25zZW50X2FuZF9yZXN1bWVz
2026-09-10T08:11:31.3323507Z GO_EVIDENCE_B64 X29yaWdpbmFsX21vbmV5X2tleSIsCiAgICAidGVzdHMvdGVzdF9kZXB0aDMyX2ZsaWdodF9yZWZ1bmRfY29uc2VudC5weTo6dGVzdF9tdXRhdGVkX2NvbnNlbnRfcmVjb3JkX2Jsb2Nrc19yZWNvdmVyeSIsCiAgICAidGVzdHMvdGVzdF9kZXB0aDMyX2ZsaWdodF9yZWZ1bmRfY29uc2VudC5weTo6dGVzdF9oaXN0b3JpY2FsX3BlbmRpbmdfcmVmdW5kX2RvZXNfbm90X2ludmVudF9jb25zZW50IiwKICAgICJ0ZXN0cy90ZXN0X2V4dGVybmFsX3N1cHBsaWVyX3NhbmRib3hfY2VydGlmaWNhdGlvbi5weTo6dGVzdF9taXNzaW5nX2V4
2026-09-10T08:11:31.3330156Z GO_EVIDENCE_B64 dGVybmFsX2lucHV0c19hcmVfZXhwbGljaXRfYmxvY2tlcnMiLAogICAgInRlc3RzL3Rlc3RfZXh0ZXJuYWxfc3VwcGxpZXJfc2FuZGJveF9jZXJ0aWZpY2F0aW9uLnB5Ojp0ZXN0X3Jhd19jcmVkZW50aWFsc19hcmVfcmVqZWN0ZWRfYW5kX29ubHlfdmF1bHRfcmVmZXJlbmNlc19hbGxvd2VkIiwKICAgICJ0ZXN0cy90ZXN0X2V4dGVybmFsX3N1cHBsaWVyX3NhbmRib3hfY2VydGlmaWNhdGlvbi5weTo6dGVzdF9jb21wbGV0ZV9pbnRha2VfcmVxdWlyZXNfYm90aF9jcmVkZW50aWFsX2FjY2Vzc190ZXN0cyIsCiAgICAidGVzdHMv
2026-09-10T08:11:31.3336809Z GO_EVIDENCE_B64 dGVzdF9leHRlcm5hbF9zdXBwbGllcl9zYW5kYm94X2NlcnRpZmljYXRpb24ucHk6OnRlc3RfZnJhbWV3b3JrX2RyeV9ydW5faXNfaWRlbXBvdGVudF9hbmRfbm90X2V4dGVybmFsX2V4ZWN1dGlvbiIsCiAgICAidGVzdHMvdGVzdF9leHRlcm5hbF9zdXBwbGllcl9zYW5kYm94X2NlcnRpZmljYXRpb24ucHk6OnRlc3RfZXh0ZXJuYWxfZXhlY3V0aW9uX2lzX2Jsb2NrZWRfd2l0aG91dF9wcm92aWRlcl9leGVjdXRvciIsCiAgICAidGVzdHMvdGVzdF9leHRlcm5hbF9zdXBwbGllcl9zYW5kYm94X2NlcnRpZmljYXRpb24ucHk6OnRl
2026-09-10T08:11:31.3343274Z GO_EVIDENCE_B64 c3RfZHJ5X3J1bl9jYW5ub3RfaW1wb3J0X2F0dGVzdGVkX2V4dGVybmFsX2V2aWRlbmNlIiwKICAgICJ0ZXN0cy90ZXN0X2V4dGVybmFsX3N1cHBsaWVyX3NhbmRib3hfY2VydGlmaWNhdGlvbi5weTo6dGVzdF9jYWxsYmFja19wcm9vZl9pc19zaWduYXR1cmVfZ2F0ZWRfYW5kX3JlcGxheV9zYWZlIiwKICAgICJ0ZXN0cy90ZXN0X2V4dGVybmFsX3N1cHBsaWVyX3NhbmRib3hfY2VydGlmaWNhdGlvbi5weTo6dGVzdF9kcnlfcnVuX2RlY2lzaW9uX25ldmVyX2NsYWltc19leHRlcm5hbF9jZXJ0aWZpY2F0aW9uX29yX2xpdmUiLAog
2026-09-10T08:11:31.3350078Z GO_EVIDENCE_B64 ICAgInRlc3RzL3Rlc3RfZmluYWxfZGVwdGhfdGVybWluYWxfaGFyZGVuaW5nLnB5Ojp0ZXN0X2ZsaWdodF9vbGRfcXVvdGVfY2Fubm90X2V4ZWN1dGVfYWZ0ZXJfcmVmdW5kIiwKICAgICJ0ZXN0cy90ZXN0X2ZpbmFsX2RlcHRoX3Rlcm1pbmFsX2hhcmRlbmluZy5weTo6dGVzdF9hdHRyYWN0aW9uX2V4cGlyZWRfcXVvdGVfZmFpbHNfY2xvc2VkIiwKICAgICJ0ZXN0cy90ZXN0X2ZpbmFsX2RlcHRoX3Rlcm1pbmFsX2hhcmRlbmluZy5weTo6dGVzdF9yaWRlX3Vua25vd25fZnJvbV9pbl9wcm9ncmVzc19yZXN0b3Jlc19pbl9wcm9n
2026-09-10T08:11:31.3356796Z GO_EVIDENCE_B64 cmVzcyIsCiAgICAidGVzdHMvdGVzdF9maW5hbF9kZXB0aF90ZXJtaW5hbF9oYXJkZW5pbmcucHk6OnRlc3RfbGF0ZV9zdXBwbGllcl9mYWN0X2Nhbm5vdF9yZXN1cnJlY3RfY29tcGxldGVkX3JpZGUiLAogICAgInRlc3RzL3Rlc3RfZmluYWxfZGVwdGhfdGVybWluYWxfaGFyZGVuaW5nLnB5Ojp0ZXN0X3JpZGVfdW5rbm93bl9jYW5fY29udmVyZ2VfdG9fZmFpbGVkIiwKICAgICJ0ZXN0cy90ZXN0X2ZpbmFsX2RlcHRoX3Rlcm1pbmFsX2hhcmRlbmluZy5weTo6dGVzdF9hdHRyYWN0aW9uX3JlZGVlbV9ldmlkZW5jZV9rZWVwc19j
2026-09-10T08:11:31.3363372Z GO_EVIDENCE_B64 b25zdW1lZF9jcmVkZW50aWFsIiwKICAgICJ0ZXN0cy90ZXN0X2ZpbmFsX2RlcHRoX3Rlcm1pbmFsX2hhcmRlbmluZy5weTo6dGVzdF9zYW1lX3N1cHBsaWVyX2ZhY3RfcmVwbGF5X2RvZXNfbm90X2FwcGVuZF9ldmVudHMiLAogICAgInRlc3RzL3Rlc3RfZmlyc3RfcGFpcmVkX2Nvbm5lY3Rvcl9waWxvdC5weTo6dGVzdF9yZWFsX2V4dGVybmFsX3BpbG90X2lzX2hhcmRfYmxvY2tlZF93aXRob3V0X3N1cHBsaWVyX2lucHV0cyIsCiAgICAidGVzdHMvdGVzdF9maXJzdF9wYWlyZWRfY29ubmVjdG9yX3BpbG90LnB5Ojp0ZXN0X3Bh
2026-09-10T08:11:31.3369962Z GO_EVIDENCE_B64 aXJfcmVxdWlyZXNfaG90ZWxfYW5kX3BheW1lbnRfdmVydGljYWxzIiwKICAgICJ0ZXN0cy90ZXN0X2ZpcnN0X3BhaXJlZF9jb25uZWN0b3JfcGlsb3QucHk6OnRlc3RfZXhlY3V0aW9uX3JlcXVpcmVzX3Ntb2tlX2FuZF9yb2xsYmFja19nYXRlIiwKICAgICJ0ZXN0cy90ZXN0X2ZpcnN0X3BhaXJlZF9jb25uZWN0b3JfcGlsb3QucHk6OnRlc3RfZnVsbF9zYW5kYm94X29yZGVyX2NhbmNlbF9yZWZ1bmRfcXVlcnlfZmxvd19hbmRfam9pbnRfcmVjb25jaWxpYXRpb24iLAogICAgInRlc3RzL3Rlc3RfZmlyc3RfcGFpcmVkX2Nvbm5l
2026-09-10T08:11:31.3376639Z GO_EVIDENCE_B64 Y3Rvcl9waWxvdC5weTo6dGVzdF9leGVjdXRpb25faWRlbXBvdGVuY3lfYW5kX2NhbmFyeV9saW1pdF9wcmV2ZW50X2R1cGxpY2F0ZV9vcl9leHRyYV9ydW4iLAogICAgInRlc3RzL3Rlc3RfZmlyc3RfcGFpcmVkX2Nvbm5lY3Rvcl9waWxvdC5weTo6dGVzdF9raWxsX3N3aXRjaF9ibG9ja3NfcGlsb3RfZXhlY3V0aW9uIiwKICAgICJ0ZXN0cy90ZXN0X2ZpcnN0X3BhaXJlZF9jb25uZWN0b3JfcGlsb3QucHk6OnRlc3Rfc2lnbmVkX2NhbGxiYWNrc19hcmVfcmVwbGF5X3NhZmVfYW5kX2V2aWRlbmNlX2NoYWluX2lzX2xpbmtlZCIs
2026-09-10T08:11:31.3383153Z GO_EVIDENCE_B64 CiAgICAidGVzdHMvdGVzdF9nb19pZGVudGl0eV9lbnRpdGxlbWVudHMucHk6OnRlc3Rfc3RhZmZfcnVsZV9lbmdpbmVfdW5pZm9ybV9zaXh0eV9wZXJjZW50X2FuZF9mZl93ZWFrZXIiLAogICAgInRlc3RzL3Rlc3RfZ29faWRlbnRpdHlfZW50aXRsZW1lbnRzLnB5Ojp0ZXN0X293bmVyX3BhdGhzX2FyZV9tdXR1YWxseV9leGNsdXNpdmVfYW5kX3JlY29nbml0aW9uX3JlbWFpbnMiLAogICAgInRlc3RzL3Rlc3RfZ29faWRlbnRpdHlfZW50aXRsZW1lbnRzLnB5Ojp0ZXN0X3N0YWZmX3Jldm9jYXRpb25fcHJlc2VydmVzX2FjY291
2026-09-10T08:11:31.3389756Z GO_EVIDENCE_B64 bnRfYnV0X3JlbW92ZXNfZW50aXRsZW1lbnQiLAogICAgInRlc3RzL3Rlc3RfZ29faWRlbnRpdHlfZW50aXRsZW1lbnRzLnB5Ojp0ZXN0X3Jpc2tfcmV2YWxpZGF0aW9uX2FuZF9pbnZpdGF0aW9uX2NvbnN1bXB0aW9uX3J1bGVzIiwKICAgICJ0ZXN0cy90ZXN0X2hvc3RlZF9mcm9udGRlc2tfdWF0X2RhaWx5X2Nsb3NlLnB5Ojp0ZXN0X2hvdGVsX3N0YWZmX3JvbGVzX2FyZV9yZXF1aXJlZF9hbmRfZXZpZGVuY2VfYm91bmQiLAogICAgInRlc3RzL3Rlc3RfaG9zdGVkX2Zyb250ZGVza191YXRfZGFpbHlfY2xvc2UucHk6OnRlc3Rf
2026-09-10T08:11:31.3396393Z GO_EVIDENCE_B64 c2hpZnRfaGFuZG92ZXJfY2FwdHVyZXNfdW5yZXNvbHZlZF9pbmJveCIsCiAgICAidGVzdHMvdGVzdF9ob3N0ZWRfZnJvbnRkZXNrX3VhdF9kYWlseV9jbG9zZS5weTo6dGVzdF9ndWVzdF9kYXRhX2lzX21hc2tlZF9hbmRfdW5tYXNrX2lzX21hbmFnZXJfYXVkaXRlZCIsCiAgICAidGVzdHMvdGVzdF9ob3N0ZWRfZnJvbnRkZXNrX3VhdF9kYWlseV9jbG9zZS5weTo6dGVzdF9waG9uZV9kdXBsaWNhdGVfcmVxdWlyZXNfcmV2aWV3X2V2aWRlbmNlX2FuZF91bmlmaWVzX29yZGVyIiwKICAgICJ0ZXN0cy90ZXN0X2hvc3RlZF9mcm9u
2026-09-10T08:11:31.3403021Z GO_EVIDENCE_B64 dGRlc2tfdWF0X2RhaWx5X2Nsb3NlLnB5Ojp0ZXN0X3JlamVjdF9jYW5jZWxfcmVzY2hlZHVsZV9yZXF1aXJlX21hbmFnZXJfbWFrZXJfY2hlY2tlciIsCiAgICAidGVzdHMvdGVzdF9ob3N0ZWRfZnJvbnRkZXNrX3VhdF9kYWlseV9jbG9zZS5weTo6dGVzdF9zbGFfbWFuYWdlcl9hbGVydF9hbmRfcHJpbnRhYmxlX2Fycml2YWxfdm91Y2hlciIsCiAgICAidGVzdHMvdGVzdF9ob3N0ZWRfZnJvbnRkZXNrX3VhdF9kYWlseV9jbG9zZS5weTo6dGVzdF9kYWlseV9jbG9zZV9pc19pZGVtcG90ZW50X2FuZF9jb250YWluc196ZXJvX3Bh
2026-09-10T08:11:31.3412357Z GO_EVIDENCE_B64 eW1lbnRfdHJ1dGgiLAogICAgInRlc3RzL3Rlc3RfaG9zdGVkX2Zyb250ZGVza191YXRfZGFpbHlfY2xvc2UucHk6OnRlc3RfdWF0X3JlcXVpcmVzX21hbmFnZXJfZXZpZGVuY2VfYW5kX2FsbF9zY2VuYXJpb3MiLAogICAgInRlc3RzL3Rlc3RfaG90ZWxfZGlzY292ZXJ5X29yY2hlc3RyYXRvci5weTo6dGVzdF9kaXNjb3Zlcnlfc2xpY2UxX2NvbnRyYWN0X2lzX3ByZXNlbnRfYW5kX2JvdW5kZWQiLAogICAgInRlc3RzL3Rlc3RfaG90ZWxfZGlzY292ZXJ5X29yY2hlc3RyYXRvci5weTo6dGVzdF9kaXNjb3ZlcnlfcGFyc2VyX3By
2026-09-10T08:11:31.3419026Z GO_EVIDENCE_B64 ZWZlcnNfc3RydWN0dXJlZF9mYWN0c19hbmRfZG9lc19ub3RfY29weV9ib2R5X3Byb3NlIiwKICAgICJ0ZXN0cy90ZXN0X2hvdGVsX3N1cHBseV9zYW5kYm94X3JjMTQucHk6OnRlc3RfaW5saW5lX3NlY3JldF9pc19mb3JiaWRkZW4iLAogICAgInRlc3RzL3Rlc3RfaG90ZWxfc3VwcGx5X3NhbmRib3hfcmMxNC5weTo6dGVzdF9yZWFkaW5lc3Nfd2l0aG91dF9leHRlcm5hbF90cmFuc3BvcnRfaXNfZXhwbGljaXQiLAogICAgInRlc3RzL3Rlc3RfaG90ZWxfc3VwcGx5X3NhbmRib3hfcmMxNC5weTo6dGVzdF9mcmFtZXdvcmtfY2Vy
2026-09-10T08:11:31.3425605Z GO_EVIDENCE_B64 dGlmaWNhdGlvbl9jYW5ub3RfY2xhaW1fZXh0ZXJuYWxfY29ubmVjdGlvbiIsCiAgICAidGVzdHMvdGVzdF9ob3RlbF9zdXBwbHlfc2FuZGJveF9yYzE0LnB5Ojp0ZXN0X2V4dGVybmFsX2NlcnRpZmljYXRpb25fYmxvY2tzX3dpdGhvdXRfcHJvdmlkZXJfZXhlY3V0b3IiLAogICAgInRlc3RzL3Rlc3RfaG90ZWxfc3VwcGx5X3NhbmRib3hfcmMxNC5weTo6dGVzdF9tYXBwaW5nX3JlcXVpcmVzX3Jvb21fYW5kX3JhdGVfcGxhbiIsCiAgICAidGVzdHMvdGVzdF9wMF8wMTAwX3Bvc3RncmVzX2NvbmN1cnJlbmN5LnB5Ojp0ZXN0X29y
2026-09-10T08:11:31.3432269Z GO_EVIDENCE_B64 ZGVyX3BheW1lbnRfcm9vdF91bmlxdWVfdW5kZXJfcG9zdGdyZXNfcmFjZSIsCiAgICAidGVzdHMvdGVzdF9wMF9kZXNpZ25fY29kZV9mcmVlemUucHk6OnRlc3RfZGVzaWduX2FuZF9jb2RlX3N0YXRpY19mcmVlemVfaXNfY29tcGxldGVfYnlfcmVxdWlyZW1lbnRfY2hhaW4iLAogICAgInRlc3RzL3Rlc3RfcDBfZGVzaWduX2NvZGVfZnJlZXplLnB5Ojp0ZXN0X3Byb3ZpZGVyX2NvbnRyYWN0c19hcmVfZnVsbF9hbmRfZmFpbF9jbG9zZWRfb25fdGltZW91dF9yZXRyeV9hbmRfdmVyc2lvbiIsCiAgICAidGVzdHMvdGVzdF9wMF9k
2026-09-10T08:11:31.3439186Z GO_EVIDENCE_B64 ZXNpZ25fY29kZV9mcmVlemUucHk6OnRlc3RfdmVydGljYWxfYWRhcHRlcl9yZXF1aXJlc19pZGVtcG90ZW5jeV9ldmlkZW5jZV9hbmRfYXR0ZXN0YXRpb24iLAogICAgInRlc3RzL3Rlc3RfcDBfZGVzaWduX2NvZGVfZnJlZXplLnB5Ojp0ZXN0X3Vuc3VwcG9ydGVkX3Byb3ZpZGVyX2NhcGFiaWxpdHlfaXNfcmVqZWN0ZWQiLAogICAgInRlc3RzL3Rlc3RfcDBfZGVzaWduX2NvZGVfZnJlZXplLnB5Ojp0ZXN0X2ZhbGxiYWNrX2Nhbm5vdF9tYXNxdWVyYWRlX2FzX29mZmljaWFsIiwKICAgICJ0ZXN0cy90ZXN0X3AwX2Rlc2lnbl9j
2026-09-10T08:11:31.3445830Z GO_EVIDENCE_B64 b2RlX2ZyZWV6ZS5weTo6dGVzdF91bmtub3duX2V4dGVybmFsX3N0YXRlX2RvZXNfbm90X2JlY29tZV9zdWNjZXNzIiwKICAgICJ0ZXN0cy90ZXN0X3AwX2Rlc2lnbl9jb2RlX2ZyZWV6ZS5weTo6dGVzdF92ZXJ0aWNhbF9zcGVjaWZpY19jYXBhYmlsaXRpZXNfYW5kX2ZhY3RzX2FyZV9wcmVzZXJ2ZWQiLAogICAgInRlc3RzL3Rlc3RfcDBfZGVzaWduX2NvZGVfZnJlZXplLnB5Ojp0ZXN0X2NhbmNlbF9yZWZ1bmRfc3RhdGVfbWFjaGluZV9yZWplY3RzX2lsbGVnYWxfbWlzc2luZ19ldmlkZW5jZV9hbmRfdGVybWluYWxfbXV0YXRp
2026-09-10T08:11:31.3452351Z GO_EVIDENCE_B64 b24iLAogICAgInRlc3RzL3Rlc3RfcDBfZGVzaWduX2NvZGVfZnJlZXplLnB5Ojp0ZXN0X3N0YXRpY19mcmVlemVfbmV2ZXJfY2xhaW1zX3J1bnRpbWVfY2VydGlmaWNhdGlvbiIsCiAgICAidGVzdHMvdGVzdF9wYXJlbnRfcDBfdHJhdmVsX2ludGVsbGlnZW5jZV9ob3RlbF9pbmZyYS5weTo6dGVzdF90aWVyNV9hZG1pc3Npb25fZml2ZV9zdGFyX29yX2ZpdmVfZGlhbW9uZF9vbmx5IiwKICAgICJ0ZXN0cy90ZXN0X3BhcmVudF9wMF90cmF2ZWxfaW50ZWxsaWdlbmNlX2hvdGVsX2luZnJhLnB5Ojp0ZXN0X3JlZ2lvbmFsX3N0YXJf
2026-09-10T08:11:31.3459009Z GO_EVIDENCE_B64 dGllcl91c2VzX2V2aWRlbmNlX3J1bGUiLAogICAgInRlc3RzL3Rlc3RfcGFyZW50X3AwX3RyYXZlbF9pbnRlbGxpZ2VuY2VfaG90ZWxfaW5mcmEucHk6OnRlc3RfbmF0aW9uYWxfdGllcl9zZXF1ZW5jZV9zdGFydHNfNV90aGVuXzQiLAogICAgInRlc3RzL3Rlc3RfcjgyX2FkbWluX2ZpcnN0X21mYV9lbnJvbGxtZW50LnB5Ojp0ZXN0X2FkbWluX2ZpcnN0X21mYV9lbnJvbGxtZW50X2xvZ2luX2xvZ291dF9yZWxvZ2luIiwKICAgICJ0ZXN0cy90ZXN0X3JjMTVfYW9sdWd1eWFfc3VwcGx5X3RydXRoLnB5Ojp0ZXN0X2FvbHVndXlh
2026-09-10T08:11:31.3465654Z GO_EVIDENCE_B64 X29mZmljaWFsX3RydXRoX2dhdGVfYW5kX3Byb2plY3Rpb25fcmVwbGFjZXNfdGVzdF90cnV0aCIsCiAgICAidGVzdHMvdGVzdF9yYzE1X2FvbHVndXlhX3N1cHBseV90cnV0aC5weTo6dGVzdF9zdGFsZV9vcl90ZXN0X3RydXRoX2lzX3JlamVjdGVkIiwKICAgICJ0ZXN0cy90ZXN0X3JjMTVfYW9sdWd1eWFfc3VwcGx5X3RydXRoLnB5Ojp0ZXN0X2RpcmVjdF9maXJzdF9hbmRfdW52ZXJpZmllZF9mYWxsYmFja19mYWlsX2Nsb3NlZCIsCiAgICAidGVzdHMvdGVzdF9yYzE5X25hdGlvbmFsX3Rocm91Z2hwdXRfcHJvZHVjdF9jb21w
2026-09-10T08:11:31.3472299Z GO_EVIDENCE_B64 bGV0ZW5lc3MucHk6OnRlc3RfcmMxOV9yZWdpb25hbF90aHJvdWdocHV0X2NvbnRyYWN0IiwKICAgICJ0ZXN0cy90ZXN0X3JjMTlfbmF0aW9uYWxfdGhyb3VnaHB1dF9wcm9kdWN0X2NvbXBsZXRlbmVzcy5weTo6dGVzdF9yYzE5X2Z1bGxfZWNvc3lzdGVtX2NvbXBsZXRlbmVzc19jb250cmFjdCIsCiAgICAidGVzdHMvdGVzdF9yYzE5X25hdGlvbmFsX3Rocm91Z2hwdXRfcHJvZHVjdF9jb21wbGV0ZW5lc3MucHk6OnRlc3RfcmMxOV9jYWNoZV9idXN0ZXJfb25fYm90aF9vcGVyYXRpb25hbF9lbnRyeXBvaW50cyIsCiAgICAidGVz
2026-09-10T08:11:31.3478903Z GO_EVIDENCE_B64 dHMvdGVzdF9zcHJpbnQxZ19tYXBwaW5nLnB5Ojp0ZXN0X3NpdGVtaW5kZXJfc3ludGhldGljX2Nhbm9uaWNhbF9vZmZlcl9tYXBwaW5nIiwKICAgICJ0ZXN0cy90ZXN0X3NwcmludDFnX21hcHBpbmcucHk6OnRlc3RfdW5tYXBwZWRfcHJvcGVydHlfaXNfbm90X2V4cG9zZWQiLAogICAgInRlc3RzL3Rlc3Rfc3ByaW50MW9fdHJ1dGhfcmlzay5weTo6dGVzdF9maXZlX3N0YXJfb25lX3RhcF9jb21wbGV0ZXNfYW5kX3B1YmxpY19zY29yZV9zdGF5c18zX3RvXzUiLAogICAgInRlc3RzL3Rlc3Rfc3ByaW50MW9fdHJ1dGhfcmlzay5w
2026-09-10T08:11:31.3485544Z GO_EVIDENCE_B64 eTo6dGVzdF9sb3dfc3Rhcl9yZXF1aXJlc19zdHJ1Y3R1cmVkX3RhZyIsCiAgICAidGVzdHMvdGVzdF9zcHJpbnQxb190cnV0aF9yaXNrLnB5Ojp0ZXN0X3NlcmlvdXNfaHlnaWVuZV9jcmVhdGVzX2NhbmRpZGF0ZV9hbmRfb25seV9tYXBzX3JlbGV2YW50X2RpbWVuc2lvbiIsCiAgICAidGVzdHMvdGVzdF9zcHJpbnQxb190cnV0aF9yaXNrLnB5Ojp0ZXN0X3N1cHBsaWVyX2V2aWRlbmNlX2NvbmZpcm1lZF9yaXNrX2NyZWF0ZXNfanVkZ21lbnRfaG9vayIsCiAgICAidGVzdHMvdGVzdF9zcHJpbnQxb190cnV0aF9yaXNrLnB5Ojp0
2026-09-10T08:11:31.3492065Z GO_EVIDENCE_B64 ZXN0X3JlamVjdGVkX2NhbmRpZGF0ZV9kb2VzX25vdF9jcmVhdGVfanVkZ21lbnRfaG9vayIsCiAgICAidGVzdHMvdGVzdF9zcHJpbnQxb190cnV0aF9yaXNrLnB5Ojp0ZXN0X3JlbWVkaWF0aW9uX21vdmVzX2NvbmZpcm1lZF9yaXNrX3RvX21vbml0b3JpbmdfYW5kX3JlaG9va3NfanVkZ21lbnQiLAogICAgInRlc3RzL3Rlc3Rfc3ByaW50MW9fdHJ1dGhfcmlzay5weTo6dGVzdF9zZWNvbmRfdHJpZ2dlcl9vbmx5X2Zvcl9ub3RfcmV2aWV3ZWRfYW5kX2NvbXBsZXRlZF9uZXZlcl9yZXRyaWdnZXJzIiwKICAgICJ0ZXN0cy90ZXN0
2026-09-10T08:11:31.3498671Z GO_EVIDENCE_B64 X3NwcmludDFwX2p1ZGdtZW50X3J1bnRpbWUucHk6OnRlc3RfaGlnaF9nb19zY29yZV9kb2VzX25vdF9hdXRvX2NyZWF0ZV9yZWNvbW1lbmRhdGlvbiIsCiAgICAidGVzdHMvdGVzdF9zcHJpbnQxcF9qdWRnbWVudF9ydW50aW1lLnB5Ojp0ZXN0X2NvbW1lcmNpYWxfZmllbGRzX3BoeXNpY2FsbHlfcmVqZWN0ZWRfZnJvbV9qdWRnbWVudCIsCiAgICAidGVzdHMvdGVzdF9zcHJpbnQxcF9qdWRnbWVudF9ydW50aW1lLnB5Ojp0ZXN0X2NvbmZpcm1lZF9zZXJpb3VzX3Jpc2tfcmVob29rc19hbmRfbW92ZXNfdG9fbm90X3JlY29tbWVu
2026-09-10T08:11:31.3505443Z GO_EVIDENCE_B64 ZGVkIiwKICAgICJ0ZXN0cy90ZXN0X3NwcmludDFwX2p1ZGdtZW50X3J1bnRpbWUucHk6OnRlc3RfcmVtZWRpYXRpb25fY3JlYXRlc19uZXdfanVkZ21lbnRfYW5kX3JlcGxheWFibGVfaGlzdG9yeSIsCiAgICAidGVzdHMvdGVzdF9zcHJpbnQxcF9qdWRnbWVudF9ydW50aW1lLnB5Ojp0ZXN0X3Jhd19zdGFyX25vdF9pbl9mZWF0dXJlX3NuYXBzaG90IiwKICAgICJ0ZXN0cy90ZXN0X3NwcmludDFwX2p1ZGdtZW50X3J1bnRpbWUucHk6OnRlc3RfY29uc3RpdHV0aW9uX2Fzc2Vzc21lbnRfY2FuX3B1Ymxpc2hfZ29fcmVjb21tZW5k
2026-09-10T08:11:31.3511918Z GO_EVIDENCE_B64 ZWRfd2l0aG91dF9zY29yZV90aHJlc2hvbGRfcnVsZSIsCiAgICAidGVzdHMvdGVzdF9zcHJpbnQxcF9qdWRnbWVudF9ydW50aW1lLnB5Ojp0ZXN0X3dvcnRoX3RoZV9qb3VybmV5X3llc19pc19tYW5kYXRvcnlfZm9yX3JlY29tbWVuZGF0aW9uIiwKICAgICJ0ZXN0cy90ZXN0X3NwcmludDFwX2p1ZGdtZW50X3J1bnRpbWUucHk6OnRlc3RfbmVzdGVkX2NvbW1lcmNpYWxfZmllbGRfaXNfcmVqZWN0ZWRfZnJvbV9yZWNvbW1lbmRhdGlvbl9hc3Nlc3NtZW50IiwKICAgICJ0ZXN0cy90ZXN0X3NwcmludDFxX29wZXJhdGlvbmFsX2Rh
2026-09-10T08:11:31.3518547Z GO_EVIDENCE_B64 c2hib2FyZC5weTo6dGVzdF9zdXBwbGllcl9pZGVudGl0eV9wcm9wYWdhdGVzX3RvX29yZGVyX2FuZF9zdXBwbGllcl9kYXNoYm9hcmQiLAogICAgInRlc3RzL3Rlc3Rfc3ByaW50MXFfb3BlcmF0aW9uYWxfZGFzaGJvYXJkLnB5Ojp0ZXN0X3N1cHBsaWVyX29yZGVyX2xpc3RfaXNfdGVuYW50X3Njb3BlZCIsCiAgICAidGVzdHMvdGVzdF9zcHJpbnQxcV9vcGVyYXRpb25hbF9kYXNoYm9hcmQucHk6OnRlc3Rfc3VwcGxpZXJfcmVmdW5kX2FwcGVhcnNfaW5fY29uc29sZSIsCiAgICAidGVzdHMvdGVzdF9zcHJpbnQxcV9vcGVyYXRp
2026-09-10T08:11:31.3525180Z GO_EVIDENCE_B64 b25hbF9kYXNoYm9hcmQucHk6OnRlc3RfYWRtaW5fZGFzaGJvYXJkX2FuZF9xdWV1ZXNfYXJlX29wZXJhdGlvbmFsX3ZpZXdzIiwKICAgICJ0ZXN0cy90ZXN0X3NwcmludDFxX29wZXJhdGlvbmFsX2Rhc2hib2FyZC5weTo6dGVzdF9zdXBwbGllcl9maW5hbmNpYWxfcmlza19pc192aXNpYmxlIiwKICAgICJ0ZXN0cy90ZXN0X3NwcmludDFyX2lkZW50aXR5X3NlY3VyaXR5LnB5Ojp0ZXN0X3N1cHBsaWVyX2Rhc2hib2FyZF9yZXF1aXJlc19hdXRoX2FuZF90ZW5hbnRfY29tZXNfZnJvbV90b2tlbiIsCiAgICAidGVzdHMvdGVzdF9z
2026-09-10T08:11:31.3531820Z GO_EVIDENCE_B64 cHJpbnQxcl9pZGVudGl0eV9zZWN1cml0eS5weTo6dGVzdF9hZG1pbl9yYmFjX3NlcGFyYXRlc19maW5hbmNlX2Zyb21fdHJ1c3QiLAogICAgInRlc3RzL3Rlc3Rfc3ByaW50MXJfaWRlbnRpdHlfc2VjdXJpdHkucHk6OnRlc3RfcmVmcmVzaF9hbmRfc2Vzc2lvbl9yZXZvY2F0aW9uIiwKICAgICJ0ZXN0cy90ZXN0X3NwcmludDFyX2lkZW50aXR5X3NlY3VyaXR5LnB5Ojp0ZXN0X2R1YWxfY29udHJvbF9yZXF1aXJlc19kaXN0aW5jdF9zZWNvbmRfYWRtaW4iLAogICAgInRlc3RzL3Rlc3Rfc3ByaW50MXJfaWRlbnRpdHlfc2VjdXJp
2026-09-10T08:11:31.3538626Z GO_EVIDENCE_B64 dHkucHk6OnRlc3RfbXV0YXRpbmdfYXV0aGVudGljYXRlZF9yZXF1ZXN0X3dyaXRlc19hdWRpdCIsCiAgICAidGVzdHMvdGVzdF9zcHJpbnQxeF9jb25zdW1lcl9lMmUucHk6OnRlc3RfY29uc3VtZXJfZnJvbnRlbmRfbW91bnQiLAogICAgInRlc3RzL3Rlc3Rfc3ByaW50MXhfY29uc3VtZXJfZTJlLnB5Ojp0ZXN0X2NvbnN1bWVyX2Jvb2tpbmdfdHJpcHNfY2hhbmdlX2NhbmNlbF9yZWZ1bmQiLAogICAgInRlc3RzL3Rlc3Rfc3ByaW50MXhfY29uc3VtZXJfZTJlLnB5Ojp0ZXN0X2NvbnN1bWVyX3N0YXlfY3JlZGl0X2FuZF9xdWlj
2026-09-10T08:11:31.3545246Z GO_EVIDENCE_B64 a19yZXZpZXciLAogICAgInRlc3RzL3Rlc3Rfc3ByaW50MmFfbW9iaWxlX2UyZS5weTo6dGVzdF9ib29raW5nX3B1c2hfZGVlcF9saW5rX2FuZF9jaGVja2luX2pvYiIsCiAgICAidGVzdHMvdGVzdF9zcHJpbnQyYV9tb2JpbGVfZTJlLnB5Ojp0ZXN0X3JlZnVuZF9hbmRfY29tcGVuc2F0aW9uX2V2ZW50c19iZWNvbWVfbW9iaWxlX25vdGlmaWNhdGlvbnMiLAogICAgInRlc3RzL3Rlc3Rfc3ByaW50MmFfbW9iaWxlX2UyZS5weTo6dGVzdF9jaGVja291dF9yZXZpZXdfZmlyc3RfcHVzaF90aGVuX25leHRfYXBwX29wZW5fcXVpY2tf
2026-09-10T08:11:31.3551676Z GO_EVIDENCE_B64 cmV2aWV3X2FuZF9ub19yZXBlYXQiLAogICAgInRlc3RzL3Rlc3Rfc3ByaW50MmFfbW9iaWxlX2UyZS5weTo6dGVzdF9uYXRpdmVfbG93X3Jldmlld19yZXF1aXJlc19zdHJ1Y3R1cmVkX3RhZ19hbmRfY2FuX2NyZWF0ZV9yaXNrIiwKICAgICJ0ZXN0cy90ZXN0X3NwcmludDJhX21vYmlsZV9lMmUucHk6OnRlc3RfbW9iaWxlX2ZhcmVfd3JhcHBlcnNfZW5mb3JjZV9jb25zdW1lcl9vd25lcnNoaXAiLAogICAgInRlc3RzL3Rlc3Rfc3ByaW50M2VfdW5pZmllZF90cmlwcy5weTo6dGVzdF91bmlmaWVkX2dvX3RyaXBzX3NpeF92ZXJ0
2026-09-10T08:11:31.3558136Z GO_EVIDENCE_B64 aWNhbHMiLAogICAgInRlc3RzL3Rlc3Rfc3ByaW50M2VfdW5pZmllZF90cmlwcy5weTo6dGVzdF9jcm9zc19hY2NvdW50X2pvdXJuZXlfaXNvbGF0aW9uIiwKICAgICJ0ZXN0cy90ZXN0X3NwcmludDNoX3JlY292ZXJ5X2V4ZWN1dGlvbi5weTo6dGVzdF9hdG9taWNfaW50ZW50X2lzX2lkZW1wb3RlbnRfYW5kX3N1cHBsaWVyX2V4ZWN1dGlvbl9pc19ub25fYXRvbWljIiwKICAgICJ0ZXN0cy90ZXN0X3NwcmludDNoX3JlY292ZXJ5X2V4ZWN1dGlvbi5weTo6dGVzdF9wcmljZV9jaGFuZ2VfcGF1c2VzX29ubHlfb25lX2l0ZW1fYW5k
2026-09-10T08:11:31.3564913Z GO_EVIDENCE_B64 X3JlcXVpcmVzX3JlYXV0aG9yaXphdGlvbiIsCiAgICAidGVzdHMvdGVzdF9zcHJpbnQzaF9yZWNvdmVyeV9leGVjdXRpb24ucHk6OnRlc3RfdW5rbm93bl9leHRlcm5hbF9zdGF0ZV9yZWNvbmNpbGVzX3dpdGhvdXRfc2Vjb25kX3N1cHBsaWVyX211dGF0aW9uIiwKICAgICJ0ZXN0cy90ZXN0X3NwcmludDNrX3JlY292ZXJ5X3NsYV9vcHMucHk6OnRlc3RfY2FzZV9nZXRzX3NsYV9xdWV1ZV9wbGF5Ym9va19hbmRfZXZpZGVuY2VfcmVxdWlyZW1lbnQiLAogICAgInRlc3RzL3Rlc3Rfc3ByaW50M2tfcmVjb3Zlcnlfc2xhX29wcy5w
2026-09-10T08:11:31.3572117Z GO_EVIDENCE_B64 eTo6dGVzdF9zbGFfdGlja19hdXRvX2Fzc2lnbnNfZXNjYWxhdGVzX2FuZF9lbWl0c19hbGVydF93aXRob3V0X3RvdWNoaW5nX3N1cHBsaWVyX2ZhY3QiLAogICAgInRlc3RzL3Rlc3Rfc3ByaW50M2tfcmVjb3Zlcnlfc2xhX29wcy5weTo6dGVzdF9yZXNwb25zaWJpbGl0eV90cmFuc2Zlcl9pc19vcGVyYXRpb25hbF9vbmx5IiwKICAgICJ0ZXN0cy90ZXN0X3NwcmludDNrX3JlY292ZXJ5X3NsYV9vcHMucHk6OnRlc3RfY2FzZV9jbG9zZV9pc19ibG9ja2VkX3VudGlsX3JlcXVpcmVkX2ZpbmFsX2V4dGVybmFsX2ZhY3RfZXhpc3Rz
2026-09-10T08:11:31.3578645Z GO_EVIDENCE_B64 IiwKICAgICJ0ZXN0cy90ZXN0X3NwcmludDNrX3JlY292ZXJ5X3NsYV9vcHMucHk6OnRlc3Rfc2xhX3BvbGljeV9hbmRfcXVldWVfYXBpX2FuZF9ub19zdXBwbGllcl9mYWN0X211dGF0b3IiLAogICAgInRlc3RzL3Rlc3Rfc3ByaW50M3JfcmVsZWFzZV9nb3Zlcm5hbmNlLnB5Ojp0ZXN0X2ltbXV0YWJsZV9jb25maWdfdmVyc2lvbnNfaW5jcmVtZW50X2FuZF9kZXZfYmluZGluZ190cmFja3NfbGF0ZXN0IiwKICAgICJ0ZXN0cy90ZXN0X3NwcmludDNyX3JlbGVhc2VfZ292ZXJuYW5jZS5weTo6dGVzdF9kcnlfcnVuX3JlcXVpcmVz
2026-09-10T08:11:31.3585308Z GO_EVIDENCE_B64 X3NvdXJjZV9lbnZpcm9ubWVudF9iaW5kaW5nX21hdGNoIiwKICAgICJ0ZXN0cy90ZXN0X3NwcmludDNyX3JlbGVhc2VfZ292ZXJuYW5jZS5weTo6dGVzdF9wcm9kX3JlcXVpcmVzX3N0YWdpbmdfZXZpZGVuY2VfYW5kX21ha2VyX2NoZWNrZXIiLAogICAgInRlc3RzL3Rlc3Rfc3ByaW50M3JfcmVsZWFzZV9nb3Zlcm5hbmNlLnB5Ojp0ZXN0X2V4cGxpY2l0X3JvbGxiYWNrX3RhcmdldF9yZXN0b3Jlc19wcmV2aW91c19wcm9kX21hbmlmZXN0IiwKICAgICJ0ZXN0cy90ZXN0X3NwcmludDNyX3JlbGVhc2VfZ292ZXJuYW5jZS5weTo6
2026-09-10T08:11:31.3591828Z GO_EVIDENCE_B64 dGVzdF9kcmlmdF9kZXRlY3Rpb25faXNfb2JzZXJ2YXRpb25hbF9hbmRfZG9lc19ub3RfYXV0b19tdXRhdGVfZXhwZWN0ZWRfYmluZGluZyIsCiAgICAidGVzdHMvdGVzdF9zcHJpbnQzcl9yZWxlYXNlX2dvdmVybmFuY2UucHk6OnRlc3Rfc3RyYXRlZ3lfY2FsaWJyYXRpb25fb3JfaW5jaWRlbnRfY2hhbmdlX2Nhbl9iZV9zbmFwc2hvdHRlZF9hc19yZWxlYXNlX2NvbmZpZyIsCiAgICAidGVzdHMvdGVzdF9zcHJpbnQzdV9ydW50aW1lX3RlbGVtZXRyeV9nb3Zlcm5hbmNlLnB5Ojp0ZXN0X2dvdmVybmVkX3NvdXJjZV9oYXNfc3Rh
2026-09-10T08:11:31.3598581Z GO_EVIDENCE_B64 YmxlX3Byb3ZlbmFuY2VfYW5kX3N0YXRlX2dhdGUiLAogICAgInRlc3RzL3Rlc3Rfc3ByaW50M3VfcnVudGltZV90ZWxlbWV0cnlfZ292ZXJuYW5jZS5weTo6dGVzdF9xdWFsaXR5X2dhdGVfYmxvY2tzX3N0cm9uZ19hY3Rpb25fZXZlbl93aGVuX2J1cm5fcmF0ZV9pc19iYWQiLAogICAgInRlc3RzL3Rlc3Rfc3ByaW50M3VfcnVudGltZV90ZWxlbWV0cnlfZ292ZXJuYW5jZS5weTo6dGVzdF9tdWx0aV93aW5kb3dfYnJlYWNoX3dpdGhfZ29vZF90ZWxlbWV0cnlfZnJlZXplc19hbmRfcmVjb21tZW5kcyIsCiAgICAidGVzdHMvdGVz
2026-09-10T08:11:31.3605111Z GO_EVIDENCE_B64 dF9zcHJpbnQzdV9ydW50aW1lX3RlbGVtZXRyeV9nb3Zlcm5hbmNlLnB5Ojp0ZXN0X2luY2lkZW50X2NvcnJlbGF0aW9uX2NhcnJpZXNfcmVsZWFzZV9hdHRlc3RhdGlvbl92ZXJpZmljYXRpb25fYW5kX3F1YWxpdHlfZXZpZGVuY2UiLAogICAgInRlc3RzL3Rlc3Rfc3ByaW50M3VfcnVudGltZV90ZWxlbWV0cnlfZ292ZXJuYW5jZS5weTo6dGVzdF9wb2xpY3lfcmVxdWlyZXNfbXVsdGlwbGVfdmFsaWRfd2luZG93cyIsCiAgICAidGVzdHMvdGVzdF9zcHJpbnQzdV9ydW50aW1lX3RlbGVtZXRyeV9nb3Zlcm5hbmNlLnB5Ojp0ZXN0
2026-09-10T08:11:31.3611636Z GO_EVIDENCE_B64 X3N0YXR1c19leHBvc2VzX3NvdXJjZV9xdWFsaXR5X3BvbGljeV9jb3JyZWxhdGlvbl9hbmRfcmVsZWFzZV9zYWZldHkiLAogICAgInRlc3RzL3Rlc3Rfc3ByaW50M3VfcnVudGltZV90ZWxlbWV0cnlfZ292ZXJuYW5jZS5weTo6dGVzdF9sZWdhY3lfM3RfYXNzZXNzbWVudF9jYW5ub3RfYnlwYXNzX2dvdmVybmVkX3RlbGVtZXRyeV9nYXRlIiwKICAgICJ0ZXN0cy90ZXN0X3NwcmludDN5X2NyZWRlbnRpYWxfYXV0aG9yaXR5LnB5Ojp0ZXN0X3BvbGljeV92ZXJzaW9uaW5nX2FuZF9oYXJkd2FyZV90cnVzdF9jbGFzc19nYXRlIiwK
2026-09-10T08:11:31.3618240Z GO_EVIDENCE_B64 ICAgICJ0ZXN0cy90ZXN0X3NwcmludDN5X2NyZWRlbnRpYWxfYXV0aG9yaXR5LnB5Ojp0ZXN0X3ZlcmlmaWVyX3F1b3J1bV9pc19yZXF1aXJlZF9iZWZvcmVfY3JlZGVudGlhbF9pc3N1ZSIsCiAgICAidGVzdHMvdGVzdF9zcHJpbnQzeV9jcmVkZW50aWFsX2F1dGhvcml0eS5weTo6dGVzdF9pc3N1ZV9jcmVhdGVzX2VsaWdpYmxlX2NyZWRlbnRpYWxfYW5kX2ltbXV0YWJsZV9saW5lYWdlX2ZhY3QiLAogICAgInRlc3RzL3Rlc3Rfc3ByaW50M3lfY3JlZGVudGlhbF9hdXRob3JpdHkucHk6OnRlc3RfYWN0aXZlXzN5X3BvbGljeV9n
2026-09-10T08:11:31.3625002Z GO_EVIDENCE_B64 YXRlc190ZWxlbWV0cnlfcXVvcnVtX3VudGlsX2JvdGhfaWRlbnRpdGllc19oYXZlX2NyZWRlbnRpYWxzIiwKICAgICJ0ZXN0cy90ZXN0X3NwcmludDN5X2NyZWRlbnRpYWxfYXV0aG9yaXR5LnB5Ojp0ZXN0X3Jldm9jYXRpb25fc3luY19yZW1vdmVzX2V4aXN0aW5nX2NyZWRlbnRpYWxfZnJvbV9hdXRvbWF0aW9uX2VsaWdpYmlsaXR5IiwKICAgICJ0ZXN0cy90ZXN0X3NwcmludDN5X2NyZWRlbnRpYWxfYXV0aG9yaXR5LnB5Ojp0ZXN0X3Jldm9raW5nX2F1dGhvcml0eV9wcm9wYWdhdGVzX3RvX2FsbF9pc3N1ZWRfY3JlZGVudGlh
2026-09-10T08:11:31.3631574Z GO_EVIDENCE_B64 bHMiLAogICAgInRlc3RzL3Rlc3Rfc3ByaW50M3lfY3JlZGVudGlhbF9hdXRob3JpdHkucHk6OnRlc3RfZmFpbGVkX3ZlcmlmaWVyX3JlamVjdHNfaXNzdWFuY2VfYW5kX2Nhbm5vdF9iZV9pc3N1ZWQiLAogICAgInRlc3RzL3Rlc3Rfc3ByaW50M3lfY3JlZGVudGlhbF9hdXRob3JpdHkucHk6OnRlc3Rfc3RhdHVzX2V4cG9zZXNfcm9vdF9pc3N1ZXJfcG9saWN5X2NyZWRlbnRpYWxzX2FuZF9yZXZvY2F0aW9uX3N5bmMiLAogICAgInRlc3RzL3Rlc3Rfc3ByaW50NGJfdHJhbnNwYXJlbmN5X2dvc3NpcC5weTo6dGVzdF9jb25zaXN0
2026-09-10T08:11:31.3638221Z GO_EVIDENCE_B64 ZW5jeV9wcm9vZl92ZXJpZmllc19hcHBlbmRfb25seV9leHRlbnNpb24iLAogICAgInRlc3RzL3Rlc3Rfc3ByaW50NGJfdHJhbnNwYXJlbmN5X2dvc3NpcC5weTo6dGVzdF93aXRuZXNzX2ZlZGVyYXRpb25fcmVxdWlyZXNfdmFsaWRfcXVvcnVtIiwKICAgICJ0ZXN0cy90ZXN0X3NwcmludDRiX3RyYW5zcGFyZW5jeV9nb3NzaXAucHk6OnRlc3RfZ29zc2lwX3NhbWVfY2hlY2twb2ludF9kb2VzX25vdF9vcGVuX2luY2lkZW50IiwKICAgICJ0ZXN0cy90ZXN0X3NwcmludDRiX3RyYW5zcGFyZW5jeV9nb3NzaXAucHk6OnRlc3RfZ29z
2026-09-10T08:11:31.3644783Z GO_EVIDENCE_B64 c2lwX2NvbmZsaWN0X29wZW5zX3NldjFfaW5jaWRlbnRfYW5kX2lzb2xhdGVzX3JlZ2lvbnMiLAogICAgInRlc3RzL3Rlc3Rfc3ByaW50NGJfdHJhbnNwYXJlbmN5X2dvc3NpcC5weTo6dGVzdF9pc29sYXRlZF9yZWdpb25fZm9yY2VzXzRhX2FkbWlzc2lvbl9mYWlsX3NhZmUiLAogICAgInRlc3RzL3Rlc3Rfc3ByaW50NGJfdHJhbnNwYXJlbmN5X2dvc3NpcC5weTo6dGVzdF9yZWNvdmVyeV9yZXF1aXJlc192ZXJpZmllZF9jb25zaXN0ZW5jeV9hbmRfd2l0bmVzc19mZWRlcmF0aW9uX3F1b3J1bSIsCiAgICAidGVzdHMvdGVzdF9z
2026-09-10T08:11:31.3651244Z GO_EVIDENCE_B64 cHJpbnQ0Yl90cmFuc3BhcmVuY3lfZ29zc2lwLnB5Ojp0ZXN0X3JlZ2lvbl9yZWpvaW5fcmVxdWlyZXNfcmVjb3ZlcnlfYW5kX3Jlc29sdmVzX2FmdGVyX2FsbF9yZWdpb25zX3Jlam9pbiIsCiAgICAidGVzdHMvdGVzdF9zcHJpbnQ0Yl90cmFuc3BhcmVuY3lfZ29zc2lwLnB5Ojp0ZXN0X3B1YmxpY19jb25zaXN0ZW5jeV9wcm9vZl9pc19hbm9ueW1vdXMiLAogICAgInRlc3RzL3Rlc3Rfc3ByaW50NGVfY29udGludW91c19jaGFvc193YWl2ZXIucHk6OnRlc3Rfc2NoZWR1bGVyX3J1bnNfZHVlX2NhbXBhaWduX2FuZF9hZHZhbmNl
2026-09-10T08:11:31.3657919Z GO_EVIDENCE_B64 c19uZXh0X3J1biIsCiAgICAidGVzdHMvdGVzdF9zcHJpbnQ0ZV9jb250aW51b3VzX2NoYW9zX3dhaXZlci5weTo6dGVzdF9yZWFkaW5lc3NfdHJlbmRfZGV0ZWN0c19ydG9fcmVncmVzc2lvbiIsCiAgICAidGVzdHMvdGVzdF9zcHJpbnQ0ZV9jb250aW51b3VzX2NoYW9zX3dhaXZlci5weTo6dGVzdF9ldmlkZW5jZV9hZ2luZ19tYXJrc190cmVuZF9yZWdyZXNzZWQiLAogICAgInRlc3RzL3Rlc3Rfc3ByaW50NGVfY29udGludW91c19jaGFvc193YWl2ZXIucHk6OnRlc3Rfd2FpdmVyX3JlcXVpcmVzX3R3b19kaXN0aW5jdF9hcHBy
2026-09-10T08:11:31.3664401Z GO_EVIDENCE_B64 b3ZlcnNfYW5kX3JlcXVlc3Rlcl9jYW5ub3RfYXBwcm92ZSIsCiAgICAidGVzdHMvdGVzdF9zcHJpbnQ0ZV9jb250aW51b3VzX2NoYW9zX3dhaXZlci5weTo6dGVzdF93YWl2ZXJfYXV0b19leHBpcmVzX2FuZF9jYW5ub3RfYXV0aG9yaXplX3JlbGVhc2UiLAogICAgInRlc3RzL3Rlc3Rfc3ByaW50NGVfY29udGludW91c19jaGFvc193YWl2ZXIucHk6OnRlc3RfdmFsaWRfZ2F0ZV9hdXRob3JpemVzX3dpdGhvdXRfd2FpdmVyX2FuZF9yZWNvcmRzX2hpc3RvcnkiLAogICAgInRlc3RzL3Rlc3Rfc3ByaW50NGVfY29udGludW91c19j
2026-09-10T08:11:31.3670798Z GO_EVIDENCE_B64 aGFvc193YWl2ZXIucHk6OnRlc3RfYmxvY2tlZF9nYXRlX2Nhbl9vbmx5X2JlX2J5cGFzc2VkX2J5X2FjdGl2ZV9hcHByb3ZlZF93YWl2ZXIiLAogICAgInRlc3RzL3Rlc3Rfc3ByaW50NGVfY29udGludW91c19jaGFvc193YWl2ZXIucHk6OnRlc3Rfd2FpdmVyX3dpbmRvd19pc19oYXJkX2JvdW5kZWRfYW5kX3N1cHBsaWVyX2ZhY3RfdW5jaGFuZ2VkIiwKICAgICJ0ZXN0cy90ZXN0X3NwcmludDRpX2VudGVycHJpc2Vfcmlza19hcHBldGl0ZS5weTo6dGVzdF9yaXNrX2FwcGV0aXRlX3JlcXVpcmVzX3R3b19kaXN0aW5jdF9ib2Fy
2026-09-10T08:11:31.3677364Z GO_EVIDENCE_B64 ZF9hcHByb3ZlcnMiLAogICAgInRlc3RzL3Rlc3Rfc3ByaW50NGlfZW50ZXJwcmlzZV9yaXNrX2FwcGV0aXRlLnB5Ojp0ZXN0X2N1cnJlbnRfcG9ydGZvbGlvX2Nhbl9wYXNzX3doaWxlX3N0cmVzc19icmVhY2hlc19hcHBldGl0ZV9hbmRfZnJlZXplcyIsCiAgICAidGVzdHMvdGVzdF9zcHJpbnQ0aV9lbnRlcnByaXNlX3Jpc2tfYXBwZXRpdGUucHk6OnRlc3RfaGVhZHJvb21fYnVmZmVyX2FuZF9zZW5zaXRpdml0eV9hcmVfZXhwbGljaXQiLAogICAgInRlc3RzL3Rlc3Rfc3ByaW50NGlfZW50ZXJwcmlzZV9yaXNrX2FwcGV0aXRl
2026-09-10T08:11:31.3684104Z GO_EVIDENCE_B64 LnB5Ojp0ZXN0X2NvcnJlbGF0aW9uX2FtcGxpZmllcl9pbmNyZWFzZXNfc3RyZXNzZWRfZXhwb3N1cmUiLAogICAgInRlc3RzL3Rlc3Rfc3ByaW50NGlfZW50ZXJwcmlzZV9yaXNrX2FwcGV0aXRlLnB5Ojp0ZXN0X3N0cmVzc19mcmVlemVfYmxvY2tzX25ld193YWl2ZXJfYW5kX25ld19leGVjdXRpdmVfYWNjZXB0YW5jZSIsCiAgICAidGVzdHMvdGVzdF9zcHJpbnQ0aV9lbnRlcnByaXNlX3Jpc2tfYXBwZXRpdGUucHk6OnRlc3RfNGdfcmVzaWR1YWxfcmlza19yZWxlYXNlX2lzX2Jsb2NrZWRfYnlfYWN0aXZlX3N0cmVzc19mcmVl
2026-09-10T08:11:31.3690732Z GO_EVIDENCE_B64 emUiLAogICAgInRlc3RzL3Rlc3Rfc3ByaW50NGlfZW50ZXJwcmlzZV9yaXNrX2FwcGV0aXRlLnB5Ojp0ZXN0X2ZyZWV6ZV9yZWxlYXNlX3JlcXVpcmVzX2xhdGVzdF9ub25fYnJlYWNoX3N0cmVzc19hc3Nlc3NtZW50X2FuZF9ldmlkZW5jZSIsCiAgICAidGVzdHMvdGVzdF9zcHJpbnQ0aV9lbnRlcnByaXNlX3Jpc2tfYXBwZXRpdGUucHk6OnRlc3Rfc3RyZXNzX2Fzc2Vzc21lbnRfbmV2ZXJfY2hhbmdlc19zdXBwbGllcl9mYWN0IiwKICAgICJ0ZXN0cy90ZXN0X3NwcmludDRuX2ZvcmVjYXN0X2RyaWZ0X2dvdmVybmFuY2UucHk6
2026-09-10T08:11:31.3697356Z GO_EVIDENCE_B64 OnRlc3RfcG9saWN5X21ha2VyX2NoZWNrZXIiLAogICAgInRlc3RzL3Rlc3Rfc3ByaW50NG5fZm9yZWNhc3RfZHJpZnRfZ292ZXJuYW5jZS5weTo6dGVzdF9pbnN1ZmZpY2llbnRfc2FtcGxlX2RvZXNfbm90X3RyaWdnZXJfcmVmcmVzaCIsCiAgICAidGVzdHMvdGVzdF9zcHJpbnQ0bl9mb3JlY2FzdF9kcmlmdF9nb3Zlcm5hbmNlLnB5Ojp0ZXN0X3BvcHVsYXRpb25fYW5kX3NlZ21lbnRfZHJpZnRfZGV0ZWN0ZWQiLAogICAgInRlc3RzL3Rlc3Rfc3ByaW50NG5fZm9yZWNhc3RfZHJpZnRfZ292ZXJuYW5jZS5weTo6dGVzdF9yZXNp
2026-09-10T08:11:31.3703884Z GO_EVIDENCE_B64 ZHVhbF9kcmlmdF9kZXRlY3RlZCIsCiAgICAidGVzdHMvdGVzdF9zcHJpbnQ0bl9mb3JlY2FzdF9kcmlmdF9nb3Zlcm5hbmNlLnB5Ojp0ZXN0X2NvbnNlY3V0aXZlX2JyZWFjaGVzX3JlcXVpcmVkX2JlZm9yZV9yZXRyYWluaW5nIiwKICAgICJ0ZXN0cy90ZXN0X3NwcmludDRuX2ZvcmVjYXN0X2RyaWZ0X2dvdmVybmFuY2UucHk6OnRlc3RfYXV0b19nZW5lcmF0ZWRfY2FuZGlkYXRlX2lzX2NoYWxsZW5nZXJfbm90X2NoYW1waW9uIiwKICAgICJ0ZXN0cy90ZXN0X3NwcmludDRuX2ZvcmVjYXN0X2RyaWZ0X2dvdmVybmFuY2UucHk6
2026-09-10T08:11:31.3710538Z GO_EVIDENCE_B64 OnRlc3RfcmVmcmVzaF9waXBlbGluZV9wb2ludHNfdG9fNGxfNG1fZ292ZXJuYW5jZSIsCiAgICAidGVzdHMvdGVzdF9zcHJpbnQ0bl9mb3JlY2FzdF9kcmlmdF9nb3Zlcm5hbmNlLnB5Ojp0ZXN0X3N1cHBsaWVyX2ZhY3RfYm91bmRhcnkiLAogICAgInRlc3RzL3Rlc3Rfc3ByaW50NHBfbW9kZWxfYXJ0aWZhY3RfZ292ZXJuYW5jZS5weTo6dGVzdF9hcnRpZmFjdF9wb2xpY3lfcmVxdWlyZXNfbWFrZXJfY2hlY2tlciIsCiAgICAidGVzdHMvdGVzdF9zcHJpbnQ0cF9tb2RlbF9hcnRpZmFjdF9nb3Zlcm5hbmNlLnB5Ojp0ZXN0X2Fy
2026-09-10T08:11:31.3717320Z GO_EVIDENCE_B64 dGlmYWN0X3JlZ2lzdHJ5X2JpbmRzX3JlcHJvZHVjaWJsZV80b19idWlsZF9hbmRfcGFja2FnZV9mb3JtYXQiLAogICAgInRlc3RzL3Rlc3Rfc3ByaW50NHBfbW9kZWxfYXJ0aWZhY3RfZ292ZXJuYW5jZS5weTo6dGVzdF9zYm9tX2FuZF9wcm92ZW5hbmNlX2FyZV9kaWdlc3RfYm91bmRfdG9fYXJ0aWZhY3QiLAogICAgInRlc3RzL3Rlc3Rfc3ByaW50NHBfbW9kZWxfYXJ0aWZhY3RfZ292ZXJuYW5jZS5weTo6dGVzdF9pbnZhbGlkX3NpZ25lZF9idWlsZF9hdHRlc3RhdGlvbl9pc19yZWplY3RlZF9mcm9tX3Byb21vdGlvbl9iaW5k
2026-09-10T08:11:31.3723779Z GO_EVIDENCE_B64 aW5nIiwKICAgICJ0ZXN0cy90ZXN0X3NwcmludDRwX21vZGVsX2FydGlmYWN0X2dvdmVybmFuY2UucHk6OnRlc3Rfc2lnbmVkX2F0dGVzdGF0aW9uX2ludGVncml0eV9hbmRfcHJvbW90aW9uX2JpbmRpbmdfZm9ybV9zdXBwbHlfY2hhaW4iLAogICAgInRlc3RzL3Rlc3Rfc3ByaW50NHBfbW9kZWxfYXJ0aWZhY3RfZ292ZXJuYW5jZS5weTo6dGVzdF90YW1wZXJfZGV0ZWN0aW9uX2ludmFsaWRhdGVzXzRsX2JhY2t0ZXN0X2V2ZW5fYWZ0ZXJfcHJldmlvdXNfcGFzcyIsCiAgICAidGVzdHMvdGVzdF9zcHJpbnQ0cF9tb2RlbF9hcnRp
2026-09-10T08:11:31.3730400Z GO_EVIDENCE_B64 ZmFjdF9nb3Zlcm5hbmNlLnB5Ojp0ZXN0XzRsX2FuZF80bV9jYW5ub3RfYnlwYXNzX3NpZ25lZF9hcnRpZmFjdF9nYXRlX3doZW5fcG9saWN5X2FjdGl2ZSIsCiAgICAidGVzdHMvdGVzdF9zcHJpbnQ0cF9tb2RlbF9hcnRpZmFjdF9nb3Zlcm5hbmNlLnB5Ojp0ZXN0X3N1cHBsaWVyX2ZhY3RfYm91bmRhcnkiLAogICAgInRlc3RzL3Rlc3Rfc3ByaW50NHFfbW9kZWxfc2VydmluZ19hdHRlc3RhdGlvbi5weTo6dGVzdF9zZXJ2aW5nX3BvbGljeV9yZXF1aXJlc19tYWtlcl9jaGVja2VyIiwKICAgICJ0ZXN0cy90ZXN0X3NwcmludDRx
2026-09-10T08:11:31.3736956Z GO_EVIDENCE_B64 X21vZGVsX3NlcnZpbmdfYXR0ZXN0YXRpb24ucHk6OnRlc3RfZGVwbG95bWVudF9iaW5kaW5nX3JlcXVpcmVzXzRwX3NpZ25lZF9hcnRpZmFjdF9iaW5kaW5nIiwKICAgICJ0ZXN0cy90ZXN0X3NwcmludDRxX21vZGVsX3NlcnZpbmdfYXR0ZXN0YXRpb24ucHk6OnRlc3RfcnVudGltZV9tb2RlbF9maW5nZXJwcmludF9pc19ib3VuZF90b19kZXBsb3ltZW50X2FuZF9hcnRpZmFjdCIsCiAgICAidGVzdHMvdGVzdF9zcHJpbnQ0cV9tb2RlbF9zZXJ2aW5nX2F0dGVzdGF0aW9uLnB5Ojp0ZXN0X3dyb25nX2xvYWRlZF9hcnRpZmFjdF9k
2026-09-10T08:11:31.3743600Z GO_EVIDENCE_B64 aWdlc3RfaW1tZWRpYXRlbHlfYmxvY2tzX3NlcnZpbmciLAogICAgInRlc3RzL3Rlc3Rfc3ByaW50NHFfbW9kZWxfc2VydmluZ19hdHRlc3RhdGlvbi5weTo6dGVzdF93cm9uZ19ydW50aW1lX2ZpbmdlcnByaW50X2lzX2ZhaWxfc2FmZV9ibG9ja2VkIiwKICAgICJ0ZXN0cy90ZXN0X3NwcmludDRxX21vZGVsX3NlcnZpbmdfYXR0ZXN0YXRpb24ucHk6OnRlc3RfdmVyaWZpZWRfc2VydmluZ19hdHRlc3RhdGlvbl9hbGxvd3NfZm9yZWNhc3RfcnVudGltZV9hbmRfbWlzbWF0Y2hfc3RvcHNfaXQiLAogICAgInRlc3RzL3Rlc3Rfc3By
2026-09-10T08:11:31.3750239Z GO_EVIDENCE_B64 aW50NHFfbW9kZWxfc2VydmluZ19hdHRlc3RhdGlvbi5weTo6dGVzdF9yb2xsYmFja19saW5lYWdlX3JlcXVpcmVzX25ld192ZXJpZmllZF9ydW50aW1lX2JlZm9yZV9yZWxlYXNlIiwKICAgICJ0ZXN0cy90ZXN0X3NwcmludDRxX21vZGVsX3NlcnZpbmdfYXR0ZXN0YXRpb24ucHk6OnRlc3Rfc3VwcGxpZXJfZmFjdF9ib3VuZGFyeSIsCiAgICAidGVzdHMvdGVzdF9zcHJpbnQ0dl9nZW5lcmFsaXphdGlvbi5weTo6dGVzdF9wb2xpY3lfbWFrZXJfY2hlY2tlciIsCiAgICAidGVzdHMvdGVzdF9zcHJpbnQ0dl9nZW5lcmFsaXphdGlv
2026-09-10T08:11:31.3756865Z GO_EVIDENCE_B64 bi5weTo6dGVzdF9hZGphY2VudF9nZW5lcmFsaXphdGlvbl9kZXRlY3RzX3JlZ3Jlc3Npb24iLAogICAgInRlc3RzL3Rlc3Rfc3ByaW50NHZfZ2VuZXJhbGl6YXRpb24ucHk6OnRlc3RfaG9sZG91dF9zYWZldHlfZGV0ZWN0c19yZWdyZXNzaW9uIiwKICAgICJ0ZXN0cy90ZXN0X3NwcmludDR2X2dlbmVyYWxpemF0aW9uLnB5Ojp0ZXN0X3ByZV9wcm9tb3Rpb25fcmVxdWlyZXNfZ2VuZXJhbGl6YXRpb25fYW5kX2hvbGRvdXQiLAogICAgInRlc3RzL3Rlc3Rfc3ByaW50NHZfZ2VuZXJhbGl6YXRpb24ucHk6OnRlc3RfcGFzc2VkX2dl
2026-09-10T08:11:31.3763274Z GO_EVIDENCE_B64 bmVyYWxpemF0aW9uX2FuZF9ob2xkb3V0X3VubG9ja19nYXRlIiwKICAgICJ0ZXN0cy90ZXN0X3NwcmludDR2X2dlbmVyYWxpemF0aW9uLnB5Ojp0ZXN0X3Bvc3RfcHJvbW90aW9uX3Byb29mX2Nhbl9iZV9wcm92ZW4iLAogICAgInRlc3RzL3Rlc3Rfc3ByaW50NHZfZ2VuZXJhbGl6YXRpb24ucHk6OnRlc3RfcG9zdF9wcm9tb3Rpb25fcmVncmVzc2lvbl9yZXF1aXJlc19nb3Zlcm5lZF9yb2xsYmFjayIsCiAgICAidGVzdHMvdGVzdF9zcHJpbnQ0dl9nZW5lcmFsaXphdGlvbi5weTo6dGVzdF9wcm9iYXRpb25fcmVxdWlyZXNfY3Vy
2026-09-10T08:11:31.3769762Z GO_EVIDENCE_B64 cmVudF9wcm9kdWN0aW9uX3Byb29mX2FuZF9wcmVzZXJ2ZXNfc3VwcGxpZXJfZmFjdCIsCiAgICAidGVzdHMvdGVzdF9zcHJpbnQ0eF9wb3J0Zm9saW9fY2hhbXBpb25fY29udGludWl0eS5weTo6dGVzdF9jb250aW51aXR5X2Rpc3Rpbmd1aXNoZXNfZGVncmFkaW5nX25vX2xvbmdlcl9vcHRpbWFsX2FuZF91bnNhZmUiLAogICAgInRlc3RzL3Rlc3Rfc3ByaW50NHhfcG9ydGZvbGlvX2NoYW1waW9uX2NvbnRpbnVpdHkucHk6OnRlc3Rfb25seV80d19wb3J0Zm9saW9fd2lubmVyX2Nhbl9vcGVuX2NoYWxsZW5nZSIsCiAgICAidGVz
2026-09-10T08:11:31.3776465Z GO_EVIDENCE_B64 dHMvdGVzdF9zcHJpbnQ0eF9wb3J0Zm9saW9fY2hhbXBpb25fY29udGludWl0eS5weTo6dGVzdF9tdWx0aV9vYmplY3RpdmVfc2FmZXR5X2JlYXRzX3NpbmdsZV9zY29yZV9nYWluIiwKICAgICJ0ZXN0cy90ZXN0X3NwcmludDR4X3BvcnRmb2xpb19jaGFtcGlvbl9jb250aW51aXR5LnB5Ojp0ZXN0X2NhbmRpZGF0ZV9tdXN0X2JlX21hdGVyaWFsbHlfc3VwZXJpb3JfYmVmb3JlX3JlcGxhY2VtZW50X2FwcHJvdmFsIiwKICAgICJ0ZXN0cy90ZXN0X3NwcmludDR4X3BvcnRmb2xpb19jaGFtcGlvbl9jb250aW51aXR5LnB5Ojp0ZXN0
2026-09-10T08:11:31.3782830Z GO_EVIDENCE_B64 X3N1cGVyaW9yX2NhbmRpZGF0ZV9nZXRzX2FwcHJvdmVkX2J1dF9ub3RfaW1tZWRpYXRlX2NoYW1waW9uX3JlcGxhY2VtZW50IiwKICAgICJ0ZXN0cy90ZXN0X3NwcmludDR4X3BvcnRmb2xpb19jaGFtcGlvbl9jb250aW51aXR5LnB5Ojp0ZXN0X3RyYW5zaXRpb25fcmVhZHNfNHJfY2FuYXJ5X2FzX3NvdXJjZV9vZl90cnV0aCIsCiAgICAidGVzdHMvdGVzdF9zcHJpbnQ0eF9wb3J0Zm9saW9fY2hhbXBpb25fY29udGludWl0eS5weTo6dGVzdF9mdWxsX3RyYWZmaWNfY2Fubm90X2ZpbmFsaXplX3dpdGhvdXRfNHZfcHJvZHVjdGlv
2026-09-10T08:11:31.3789340Z GO_EVIDENCE_B64 bl9wcm9vZiIsCiAgICAidGVzdHMvdGVzdF9zcHJpbnQ0eF9wb3J0Zm9saW9fY2hhbXBpb25fY29udGludWl0eS5weTo6dGVzdF9zYWZlX3JlcGxhY2VtZW50X2FuZF9yb2xsYmFja19wcmVzZXJ2ZV9oaXN0b3J5X2FuZF9zdXBwbGllcl9mYWN0IiwKICAgICJ0ZXN0cy90ZXN0X3dhdmUwM19jMDdfYzA5X2F1dGhvcml0eV9jb250cmFjdC5weTo6dGVzdF9jMDdfcHJlcGFyZXNfZXZpZGVuY2Vfb25seV9hbmRfbmV2ZXJfanVkZ21lbnRfdHJ1dGgiLAogICAgInRlc3RzL3Rlc3Rfd2F2ZTAzX2MwN19jMDlfYXV0aG9yaXR5X2NvbnRy
2026-09-10T08:11:31.3795845Z GO_EVIDENCE_B64 YWN0LnB5Ojp0ZXN0X2MwN19sZWdhY3lfanVkZ21lbnRfZW50cnlwb2ludHNfZmFpbF9jbG9zZWQiLAogICAgInRlc3RzL3Rlc3Rfd2F2ZTAzX2MwN19jMDlfYXV0aG9yaXR5X2NvbnRyYWN0LnB5Ojp0ZXN0X2MwOV9yZWplY3RzX3RyYXZlbGVyX2ZpdF9jb250ZXh0X2FzX3JlY29tbWVuZGF0aW9uX2lucHV0IiwKICAgICJ0ZXN0cy90ZXN0X3dhdmUwM19jMDdfYzA5X2F1dGhvcml0eV9jb250cmFjdC5weTo6dGVzdF93YXZlMDNfY29udHJhY3RfcmVnaXN0cnlfa2VlcHNfYzA5X2FzX2ZpbmFsX293bmVyIiwKICAgICJ0ZXN0cy90
2026-09-10T08:11:31.3807992Z GO_EVIDENCE_B64 ZXN0X3dhdmUwM19jMDdfYzA5X2F1dGhvcml0eV9jb250cmFjdC5weTo6dGVzdF9jMDdfYXV0b25vbXlfcmVnaXN0cnlfaGFzX2NvbnRleHRfZXZpZGVuY2VfYnV0X25vdF9qdWRnbWVudF9jYXBhYmlsaXR5IiwKICAgICJ0ZXN0cy93b3JrYmVuY2gvdGVzdF93YXZlMDZfcHJvdmlkZXJfY2VydGlmaWNhdGlvbl9maWRlbGl0eV92Mi5weTo6dGVzdF9oYXJuZXNzX3YyX2NlcnRpZmllc19hbGxfc2l4X3ZlcnRpY2Fsc193aXRob3V0X2V4dGVybmFsX2NsYWltIiwKICAgICJ0ZXN0cy93b3JrYmVuY2gvdGVzdF93YXZlMDZfcHJvdmlk
2026-09-10T08:11:31.3821114Z GO_EVIDENCE_B64 ZXJfY2VydGlmaWNhdGlvbl9maWRlbGl0eV92Mi5weTo6dGVzdF9oYXJuZXNzX3YyX2Jsb2Nrc19jb250cmFjdF93aXRoX2JhZF9yZXBsYXlfdG9sZXJhbmNlIiwKICAgICJ0ZXN0cy93b3JrYmVuY2gvdGVzdF93YXZlMDZfcHJvdmlkZXJfY2VydGlmaWNhdGlvbl9maWRlbGl0eV92Mi5weTo6dGVzdF9jb250cmFjdF9maWRlbGl0eV9ydW5uZXJfcGFzc2VzX2FsbF9zaXhfdmVydGljYWxfY29udHJvbGxlZF9zaW11bGF0aW9ucyIsCiAgICAidGVzdHMvd29ya2JlbmNoL3Rlc3Rfd2F2ZTA2X3Byb3ZpZGVyX2NlcnRpZmljYXRpb25f
2026-09-10T08:11:31.3834836Z GO_EVIDENCE_B64 ZmlkZWxpdHlfdjIucHk6OnRlc3RfY29udHJhY3RfZmlkZWxpdHlfcnVubmVyX2Jsb2Nrc19jcm9zc19kb21haW5fdHJ1dGhfb3duZXIiLAogICAgInRlc3RzL3dvcmtiZW5jaC90ZXN0X3dhdmUwNl9wcm92aWRlcl9jZXJ0aWZpY2F0aW9uX2ZpZGVsaXR5X3YyLnB5Ojp0ZXN0X2NvbnRyYWN0X2ZpZGVsaXR5X3J1bm5lcl9ibG9ja3NfY29uZmxpY3RpbmdfaWRlbXBvdGVudF9yZXBsYXkiCiAgXSwKICAicmVwb3J0cyI6IHsKICAgICJ0ZXN0cy9hdXRvbm9teS90ZXN0X2RlcHRoMTZfY3VycmVudF9hdXRob3JpdHkucHk6OnRlc3Rf
2026-09-10T08:11:31.3848346Z GO_EVIDENCE_B64 Y3VycmVudF9pbmRlcGVuZGVudF9xdWFsaWZpY2F0aW9uX3Blcm1pdHNfcmVwZWF0ZWRfaW5fc2NvcGVfZGVjaXNpb25zIjogWwogICAgICB7CiAgICAgICAgIndoZW4iOiAic2V0dXAiLAogICAgICAgICJvdXRjb21lIjogInBhc3NlZCIKICAgICAgfSwKICAgICAgewogICAgICAgICJ3aGVuIjogImNhbGwiLAogICAgICAgICJvdXRjb21lIjogInBhc3NlZCIKICAgICAgfSwKICAgICAgewogICAgICAgICJ3aGVuIjogInRlYXJkb3duIiwKICAgICAgICAib3V0Y29tZSI6ICJwYXNzZWQiCiAgICAgIH0KICAgIF0sCiAgICAidGVz
2026-09-10T08:11:31.3862042Z GO_EVIDENCE_B64 dHMvYXV0b25vbXkvdGVzdF9kZXB0aDE2X2N1cnJlbnRfYXV0aG9yaXR5LnB5Ojp0ZXN0X21pc3Npbmdfb3Jfc3RhbGVfcXVhbGlmaWNhdGlvbl9pc19pbnNwZWN0YWJsZV9idXRfY2Fubm90X2V4ZWN1dGVbY2hhbmdlczAtQVVUT05PTVlfUVVBTElGSUNBVElPTl9WQUxJRElUWV9SRVFVSVJFRF0iOiBbCiAgICAgIHsKICAgICAgICAid2hlbiI6ICJzZXR1cCIsCiAgICAgICAgIm91dGNvbWUiOiAicGFzc2VkIgogICAgICB9LAogICAgICB7CiAgICAgICAgIndoZW4iOiAiY2FsbCIsCiAgICAgICAgIm91dGNvbWUiOiAicGFzc2Vk
2026-09-10T08:11:31.3875028Z GO_EVIDENCE_B64 IgogICAgICB9LAogICAgICB7CiAgICAgICAgIndoZW4iOiAidGVhcmRvd24iLAogICAgICAgICJvdXRjb21lIjogInBhc3NlZCIKICAgICAgfQogICAgXSwKICAgICJ0ZXN0cy9hdXRvbm9teS90ZXN0X2RlcHRoMTZfY3VycmVudF9hdXRob3JpdHkucHk6OnRlc3RfbWlzc2luZ19vcl9zdGFsZV9xdWFsaWZpY2F0aW9uX2lzX2luc3BlY3RhYmxlX2J1dF9jYW5ub3RfZXhlY3V0ZVtjaGFuZ2VzMS1BVVRPTk9NWV9RVUFMSUZJQ0FUSU9OX05PVF9ZRVRfVkFMSURdIjogWwogICAgICB7CiAgICAgICAgIndoZW4iOiAic2V0dXAiLAog
2026-09-10T08:11:31.3882231Z GO_EVIDENCE_B64 ICAgICAgICJvdXRjb21lIjogInBhc3NlZCIKICAgICAgfSwKICAgICAgewogICAgICAgICJ3aGVuIjogImNhbGwiLAogICAgICAgICJvdXRjb21lIjogInBhc3NlZCIKICAgICAgfSwKICAgICAgewogICAgICAgICJ3aGVuIjogInRlYXJkb3duIiwKICAgICAgICAib3V0Y29tZSI6ICJwYXNzZWQiCiAgICAgIH0KICAgIF0sCiAgICAidGVzdHMvYXV0b25vbXkvdGVzdF9kZXB0aDE2X2N1cnJlbnRfYXV0aG9yaXR5LnB5Ojp0ZXN0X21pc3Npbmdfb3Jfc3RhbGVfcXVhbGlmaWNhdGlvbl9pc19pbnNwZWN0YWJsZV9idXRfY2Fubm90
2026-09-10T08:11:31.3889451Z GO_EVIDENCE_B64 X2V4ZWN1dGVbY2hhbmdlczItQVVUT05PTVlfUVVBTElGSUNBVElPTl9FWFBJUkVEXSI6IFsKICAgICAgewogICAgICAgICJ3aGVuIjogInNldHVwIiwKICAgICAgICAib3V0Y29tZSI6ICJwYXNzZWQiCiAgICAgIH0sCiAgICAgIHsKICAgICAgICAid2hlbiI6ICJjYWxsIiwKICAgICAgICAib3V0Y29tZSI6ICJwYXNzZWQiCiAgICAgIH0sCiAgICAgIHsKICAgICAgICAid2hlbiI6ICJ0ZWFyZG93biIsCiAgICAgICAgIm91dGNvbWUiOiAicGFzc2VkIgogICAgICB9CiAgICBdLAogICAgInRlc3RzL2F1dG9ub215L3Rlc3RfZGVw
2026-09-10T08:11:31.3896384Z GO_EVIDENCE_B64 dGgxNl9jdXJyZW50X2F1dGhvcml0eS5weTo6dGVzdF9taXNzaW5nX29yX3N0YWxlX3F1YWxpZmljYXRpb25faXNfaW5zcGVjdGFibGVfYnV0X2Nhbm5vdF9leGVjdXRlW2NoYW5nZXMzLUFVVE9OT01ZX1FVQUxJRklDQVRJT05fUE9MSUNZX0NIQU5HRURdIjogWwogICAgICB7CiAgICAgICAgIndoZW4iOiAic2V0dXAiLAogICAgICAgICJvdXRjb21lIjogInBhc3NlZCIKICAgICAgfSwKICAgICAgewogICAgICAgICJ3aGVuIjogImNhbGwiLAogICAgICAgICJvdXRjb21lIjogInBhc3NlZCIKICAgICAgfSwKICAgICAgewogICAg
2026-09-10T08:11:31.3903010Z GO_EVIDENCE_B64 ICAgICJ3aGVuIjogInRlYXJkb3duIiwKICAgICAgICAib3V0Y29tZSI6ICJwYXNzZWQiCiAgICAgIH0KICAgIF0sCiAgICAidGVzdHMvYXV0b25vbXkvdGVzdF9kZXB0aDE2X2N1cnJlbnRfYXV0aG9yaXR5LnB5Ojp0ZXN0X3Jldm9jYXRpb25fdGFrZXNfZWZmZWN0X29uX25leHRfYWN0aW9uX2FuZF9vbGRfZXZpZGVuY2VfY2Fubm90X3JlcXVhbGlmeVtzdXNwZW5kXSI6IFsKICAgICAgewogICAgICAgICJ3aGVuIjogInNldHVwIiwKICAgICAgICAib3V0Y29tZSI6ICJwYXNzZWQiCiAgICAgIH0sCiAgICAgIHsKICAgICAgICAi
2026-09-10T08:11:31.3910015Z GO_EVIDENCE_B64 d2hlbiI6ICJjYWxsIiwKICAgICAgICAib3V0Y29tZSI6ICJwYXNzZWQiCiAgICAgIH0sCiAgICAgIHsKICAgICAgICAid2hlbiI6ICJ0ZWFyZG93biIsCiAgICAgICAgIm91dGNvbWUiOiAicGFzc2VkIgogICAgICB9CiAgICBdLAogICAgInRlc3RzL2F1dG9ub215L3Rlc3RfZGVwdGgxNl9jdXJyZW50X2F1dGhvcml0eS5weTo6dGVzdF9yZXZvY2F0aW9uX3Rha2VzX2VmZmVjdF9vbl9uZXh0X2FjdGlvbl9hbmRfb2xkX2V2aWRlbmNlX2Nhbm5vdF9yZXF1YWxpZnlbcmV2b2tlXSI6IFsKICAgICAgewogICAgICAgICJ3aGVuIjog
2026-09-10T08:11:31.3916928Z GO_EVIDENCE_B64 InNldHVwIiwKICAgICAgICAib3V0Y29tZSI6ICJwYXNzZWQiCiAgICAgIH0sCiAgICAgIHsKICAgICAgICAid2hlbiI6ICJjYWxsIiwKICAgICAgICAib3V0Y29tZSI6ICJwYXNzZWQiCiAgICAgIH0sCiAgICAgIHsKICAgICAgICAid2hlbiI6ICJ0ZWFyZG93biIsCiAgICAgICAgIm91dGNvbWUiOiAicGFzc2VkIgogICAgICB9CiAgICBdLAogICAgInRlc3RzL2F1dG9ub215L3Rlc3RfZGVwdGgxNl9jdXJyZW50X2F1dGhvcml0eS5weTo6dGVzdF9hY3Rvcl9hbmRfdmFsaWRhdG9yX2Nhbm5vdF9yZWxlYXNlX3RoZWlyX293bl9x
2026-09-10T08:11:31.3923753Z GO_EVIDENCE_B64 dWFsaWZpY2F0aW9uW05vbmVdIjogWwogICAgICB7CiAgICAgICAgIndoZW4iOiAic2V0dXAiLAogICAgICAgICJvdXRjb21lIjogInBhc3NlZCIKICAgICAgfSwKICAgICAgewogICAgICAgICJ3aGVuIjogImNhbGwiLAogICAgICAgICJvdXRjb21lIjogInBhc3NlZCIKICAgICAgfSwKICAgICAgewogICAgICAgICJ3aGVuIjogInRlYXJkb3duIiwKICAgICAgICAib3V0Y29tZSI6ICJwYXNzZWQiCiAgICAgIH0KICAgIF0sCiAgICAidGVzdHMvYXV0b25vbXkvdGVzdF9kZXB0aDE2X2N1cnJlbnRfYXV0aG9yaXR5LnB5Ojp0ZXN0
2026-09-10T08:11:31.3930622Z GO_EVIDENCE_B64 X2FjdG9yX2FuZF92YWxpZGF0b3JfY2Fubm90X3JlbGVhc2VfdGhlaXJfb3duX3F1YWxpZmljYXRpb25bQzAyXSI6IFsKICAgICAgewogICAgICAgICJ3aGVuIjogInNldHVwIiwKICAgICAgICAib3V0Y29tZSI6ICJwYXNzZWQiCiAgICAgIH0sCiAgICAgIHsKICAgICAgICAid2hlbiI6ICJjYWxsIiwKICAgICAgICAib3V0Y29tZSI6ICJwYXNzZWQiCiAgICAgIH0sCiAgICAgIHsKICAgICAgICAid2hlbiI6ICJ0ZWFyZG93biIsCiAgICAgICAgIm91dGNvbWUiOiAicGFzc2VkIgogICAgICB9CiAgICBdLAogICAgInRlc3RzL2F1
2026-09-10T08:11:31.3937365Z GO_EVIDENCE_B64 dG9ub215L3Rlc3RfZGVwdGgxNl9jdXJyZW50X2F1dGhvcml0eS5weTo6dGVzdF9hY3Rvcl9hbmRfdmFsaWRhdG9yX2Nhbm5vdF9yZWxlYXNlX3RoZWlyX293bl9xdWFsaWZpY2F0aW9uW0MxM10iOiBbCiAgICAgIHsKICAgICAgICAid2hlbiI6ICJzZXR1cCIsCiAgICAgICAgIm91dGNvbWUiOiAicGFzc2VkIgogICAgICB9LAogICAgICB7CiAgICAgICAgIndoZW4iOiAiY2FsbCIsCiAgICAgICAgIm91dGNvbWUiOiAicGFzc2VkIgogICAgICB9LAogICAgICB7CiAgICAgICAgIndoZW4iOiAidGVhcmRvd24iLAogICAgICAgICJv
2026-09-10T08:11:31.3944120Z GO_EVIDENCE_B64 dXRjb21lIjogInBhc3NlZCIKICAgICAgfQogICAgXSwKICAgICJ0ZXN0cy9hdXRvbm9teS90ZXN0X2RlcHRoMTZfY3VycmVudF9hdXRob3JpdHkucHk6OnRlc3RfYWN0b3JfYW5kX3ZhbGlkYXRvcl9jYW5ub3RfcmVsZWFzZV90aGVpcl9vd25fcXVhbGlmaWNhdGlvblt1bmtub3duXSI6IFsKICAgICAgewogICAgICAgICJ3aGVuIjogInNldHVwIiwKICAgICAgICAib3V0Y29tZSI6ICJwYXNzZWQiCiAgICAgIH0sCiAgICAgIHsKICAgICAgICAid2hlbiI6ICJjYWxsIiwKICAgICAgICAib3V0Y29tZSI6ICJwYXNzZWQiCiAgICAg
2026-09-10T08:11:31.3950958Z GO_EVIDENCE_B64 IH0sCiAgICAgIHsKICAgICAgICAid2hlbiI6ICJ0ZWFyZG93biIsCiAgICAgICAgIm91dGNvbWUiOiAicGFzc2VkIgogICAgICB9CiAgICBdLAogICAgInRlc3RzL2F1dG9ub215L3Rlc3RfZGVwdGgxNl9jdXJyZW50X2F1dGhvcml0eS5weTo6dGVzdF9pbnZhbGlkX2xpZmV0aW1lX2lzX3JlamVjdGVkX3dpdGhvdXRfaW5zdGFsbGluZ19xdWFsaWZpY2F0aW9uW2NoYW5nZXMwXSI6IFsKICAgICAgewogICAgICAgICJ3aGVuIjogInNldHVwIiwKICAgICAgICAib3V0Y29tZSI6ICJwYXNzZWQiCiAgICAgIH0sCiAgICAgIHsKICAg
2026-09-10T08:11:31.3957766Z GO_EVIDENCE_B64 ICAgICAid2hlbiI6ICJjYWxsIiwKICAgICAgICAib3V0Y29tZSI6ICJwYXNzZWQiCiAgICAgIH0sCiAgICAgIHsKICAgICAgICAid2hlbiI6ICJ0ZWFyZG93biIsCiAgICAgICAgIm91dGNvbWUiOiAicGFzc2VkIgogICAgICB9CiAgICBdLAogICAgInRlc3RzL2F1dG9ub215L3Rlc3RfZGVwdGgxNl9jdXJyZW50X2F1dGhvcml0eS5weTo6dGVzdF9pbnZhbGlkX2xpZmV0aW1lX2lzX3JlamVjdGVkX3dpdGhvdXRfaW5zdGFsbGluZ19xdWFsaWZpY2F0aW9uW2NoYW5nZXMxXSI6IFsKICAgICAgewogICAgICAgICJ3aGVuIjogInNl
2026-09-10T08:11:31.3964598Z GO_EVIDENCE_B64 dHVwIiwKICAgICAgICAib3V0Y29tZSI6ICJwYXNzZWQiCiAgICAgIH0sCiAgICAgIHsKICAgICAgICAid2hlbiI6ICJjYWxsIiwKICAgICAgICAib3V0Y29tZSI6ICJwYXNzZWQiCiAgICAgIH0sCiAgICAgIHsKICAgICAgICAid2hlbiI6ICJ0ZWFyZG93biIsCiAgICAgICAgIm91dGNvbWUiOiAicGFzc2VkIgogICAgICB9CiAgICBdLAogICAgInRlc3RzL2F1dG9ub215L3Rlc3RfZGVwdGgxNl9jdXJyZW50X2F1dGhvcml0eS5weTo6dGVzdF9pbnZhbGlkX2xpZmV0aW1lX2lzX3JlamVjdGVkX3dpdGhvdXRfaW5zdGFsbGluZ19x
2026-09-10T08:11:31.3971506Z GO_EVIDENCE_B64 dWFsaWZpY2F0aW9uW2NoYW5nZXMyXSI6IFsKICAgICAgewogICAgICAgICJ3aGVuIjogInNldHVwIiwKICAgICAgICAib3V0Y29tZSI6ICJwYXNzZWQiCiAgICAgIH0sCiAgICAgIHsKICAgICAgICAid2hlbiI6ICJjYWxsIiwKICAgICAgICAib3V0Y29tZSI6ICJwYXNzZWQiCiAgICAgIH0sCiAgICAgIHsKICAgICAgICAid2hlbiI6ICJ0ZWFyZG93biIsCiAgICAgICAgIm91dGNvbWUiOiAicGFzc2VkIgogICAgICB9CiAgICBdLAogICAgInRlc3RzL2F1dG9ub215L3Rlc3RfZGVwdGgxNl9jdXJyZW50X2F1dGhvcml0eS5weTo6
2026-09-10T08:11:31.3978367Z GO_EVIDENCE_B64 dGVzdF9zY29wZV9jYW5ub3RfYmVfYm9ycm93ZWRfZnJvbV9hX2RpZmZlcmVudF9lbnZpcm9ubWVudF9vcl9jYXBhYmlsaXR5IjogWwogICAgICB7CiAgICAgICAgIndoZW4iOiAic2V0dXAiLAogICAgICAgICJvdXRjb21lIjogInBhc3NlZCIKICAgICAgfSwKICAgICAgewogICAgICAgICJ3aGVuIjogImNhbGwiLAogICAgICAgICJvdXRjb21lIjogInBhc3NlZCIKICAgICAgfSwKICAgICAgewogICAgICAgICJ3aGVuIjogInRlYXJkb3duIiwKICAgICAgICAib3V0Y29tZSI6ICJwYXNzZWQiCiAgICAgIH0KICAgIF0sCiAgICAi
2026-09-10T08:11:31.3985115Z GO_EVIDENCE_B64 dGVzdHMvYXV0b25vbXkvdGVzdF9kZXB0aDE2X2N1cnJlbnRfYXV0aG9yaXR5LnB5Ojp0ZXN0X21hdGVyaWFsX2FjdGlvbl9mYWN0c19jYW5ub3RfYm9ycm93X3plcm9fbW9uZXlfb3JfcGlpX3Jpc2tfcXVhbGlmaWNhdGlvbltjaGFuZ2VzMF0iOiBbCiAgICAgIHsKICAgICAgICAid2hlbiI6ICJzZXR1cCIsCiAgICAgICAgIm91dGNvbWUiOiAicGFzc2VkIgogICAgICB9LAogICAgICB7CiAgICAgICAgIndoZW4iOiAiY2FsbCIsCiAgICAgICAgIm91dGNvbWUiOiAicGFzc2VkIgogICAgICB9LAogICAgICB7CiAgICAgICAgIndo
2026-09-10T08:11:31.3991778Z GO_EVIDENCE_B64 ZW4iOiAidGVhcmRvd24iLAogICAgICAgICJvdXRjb21lIjogInBhc3NlZCIKICAgICAgfQogICAgXSwKICAgICJ0ZXN0cy9hdXRvbm9teS90ZXN0X2RlcHRoMTZfY3VycmVudF9hdXRob3JpdHkucHk6OnRlc3RfbWF0ZXJpYWxfYWN0aW9uX2ZhY3RzX2Nhbm5vdF9ib3Jyb3dfemVyb19tb25leV9vcl9waWlfcmlza19xdWFsaWZpY2F0aW9uW2NoYW5nZXMxXSI6IFsKICAgICAgewogICAgICAgICJ3aGVuIjogInNldHVwIiwKICAgICAgICAib3V0Y29tZSI6ICJwYXNzZWQiCiAgICAgIH0sCiAgICAgIHsKICAgICAgICAid2hlbiI6
2026-09-10T08:11:31.3998530Z GO_EVIDENCE_B64 ICJjYWxsIiwKICAgICAgICAib3V0Y29tZSI6ICJwYXNzZWQiCiAgICAgIH0sCiAgICAgIHsKICAgICAgICAid2hlbiI6ICJ0ZWFyZG93biIsCiAgICAgICAgIm91dGNvbWUiOiAicGFzc2VkIgogICAgICB9CiAgICBdLAogICAgInRlc3RzL2F1dG9ub215L3Rlc3RfZGVwdGgxNl9jdXJyZW50X2F1dGhvcml0eS5weTo6dGVzdF9tYXRlcmlhbF9hY3Rpb25fZmFjdHNfY2Fubm90X2JvcnJvd196ZXJvX21vbmV5X29yX3BpaV9yaXNrX3F1YWxpZmljYXRpb25bY2hhbmdlczJdIjogWwogICAgICB7CiAgICAgICAgIndoZW4iOiAic2V0
2026-09-10T08:11:31.4005544Z GO_EVIDENCE_B64 dXAiLAogICAgICAgICJvdXRjb21lIjogInBhc3NlZCIKICAgICAgfSwKICAgICAgewogICAgICAgICJ3aGVuIjogImNhbGwiLAogICAgICAgICJvdXRjb21lIjogInBhc3NlZCIKICAgICAgfSwKICAgICAgewogICAgICAgICJ3aGVuIjogInRlYXJkb3duIiwKICAgICAgICAib3V0Y29tZSI6ICJwYXNzZWQiCiAgICAgIH0KICAgIF0sCiAgICAidGVzdHMvYXV0b25vbXkvdGVzdF9kZXB0aDE2X2N1cnJlbnRfYXV0aG9yaXR5LnB5Ojp0ZXN0X2lucHV0X2NvbGxlY3Rpb25zX2Nhbm5vdF9tdXRhdGVfYW5fYWNjZXB0ZWRfYWN0aW9u
2026-09-10T08:11:31.4012389Z GO_EVIDENCE_B64 X29yX3F1YWxpZmljYXRpb24iOiBbCiAgICAgIHsKICAgICAgICAid2hlbiI6ICJzZXR1cCIsCiAgICAgICAgIm91dGNvbWUiOiAicGFzc2VkIgogICAgICB9LAogICAgICB7CiAgICAgICAgIndoZW4iOiAiY2FsbCIsCiAgICAgICAgIm91dGNvbWUiOiAicGFzc2VkIgogICAgICB9LAogICAgICB7CiAgICAgICAgIndoZW4iOiAidGVhcmRvd24iLAogICAgICAgICJvdXRjb21lIjogInBhc3NlZCIKICAgICAgfQogICAgXSwKICAgICJ0ZXN0cy9hdXRvbm9teS90ZXN0X2RlcHRoMTZfY3VycmVudF9hdXRob3JpdHkucHk6OnRlc3Rf
2026-09-10T08:11:31.4019225Z GO_EVIDENCE_B64 YWxsX21hdGNoaW5nX3BvbGljeV9jb25kaXRpb25zX211c3RfYmVfdmVyaWZpZWRfd2l0aF90aGVpcl9vd25fcnVsZV9iaW5kaW5nIjogWwogICAgICB7CiAgICAgICAgIndoZW4iOiAic2V0dXAiLAogICAgICAgICJvdXRjb21lIjogInBhc3NlZCIKICAgICAgfSwKICAgICAgewogICAgICAgICJ3aGVuIjogImNhbGwiLAogICAgICAgICJvdXRjb21lIjogInBhc3NlZCIKICAgICAgfSwKICAgICAgewogICAgICAgICJ3aGVuIjogInRlYXJkb3duIiwKICAgICAgICAib3V0Y29tZSI6ICJwYXNzZWQiCiAgICAgIH0KICAgIF0sCiAg
2026-09-10T08:11:31.4025924Z GO_EVIDENCE_B64 ICAidGVzdHMvYXV0b25vbXkvdGVzdF9kZXB0aDE2X2N1cnJlbnRfYXV0aG9yaXR5LnB5Ojp0ZXN0X3NhbWVfY29uZGl0aW9uX25hbWVfZnJvbV9kaWZmZXJlbnRfcG9saWNpZXNfZG9lc19ub3Rfc2hhcmVfYW5fYXR0ZXN0YXRpb24iOiBbCiAgICAgIHsKICAgICAgICAid2hlbiI6ICJzZXR1cCIsCiAgICAgICAgIm91dGNvbWUiOiAicGFzc2VkIgogICAgICB9LAogICAgICB7CiAgICAgICAgIndoZW4iOiAiY2FsbCIsCiAgICAgICAgIm91dGNvbWUiOiAicGFzc2VkIgogICAgICB9LAogICAgICB7CiAgICAgICAgIndoZW4iOiAi
2026-09-10T08:11:31.4032740Z GO_EVIDENCE_B64 dGVhcmRvd24iLAogICAgICAgICJvdXRjb21lIjogInBhc3NlZCIKICAgICAgfQogICAgXSwKICAgICJ0ZXN0cy9hdXRvbm9teS90ZXN0X2RlcHRoMTZfY3VycmVudF9hdXRob3JpdHkucHk6OnRlc3Rfc2VsZl9hc3NlcnRlZF9tZXRhZGF0YV9vcl9taXNzaW5nX3ZlcmlmaWVyX25ldmVyX3NhdGlzZmllc19wb2xpY3lfY29uZGl0aW9ucyI6IFsKICAgICAgewogICAgICAgICJ3aGVuIjogInNldHVwIiwKICAgICAgICAib3V0Y29tZSI6ICJwYXNzZWQiCiAgICAgIH0sCiAgICAgIHsKICAgICAgICAid2hlbiI6ICJjYWxsIiwKICAg
2026-09-10T08:11:31.4039522Z GO_EVIDENCE_B64 ICAgICAib3V0Y29tZSI6ICJwYXNzZWQiCiAgICAgIH0sCiAgICAgIHsKICAgICAgICAid2hlbiI6ICJ0ZWFyZG93biIsCiAgICAgICAgIm91dGNvbWUiOiAicGFzc2VkIgogICAgICB9CiAgICBdLAogICAgInRlc3RzL2F1dG9ub215L3Rlc3RfZGVwdGgxNl9jdXJyZW50X2F1dGhvcml0eS5weTo6dGVzdF9zdGFsZV9taXNtYXRjaGVkX29yX3VucHJvdmVuX2NvbmRpdGlvbl9jYW5ub3RfZXhlY3V0ZVtjaGFuZ2VzMF0iOiBbCiAgICAgIHsKICAgICAgICAid2hlbiI6ICJzZXR1cCIsCiAgICAgICAgIm91dGNvbWUiOiAicGFzc2Vk
2026-09-10T08:11:31.4046348Z GO_EVIDENCE_B64 IgogICAgICB9LAogICAgICB7CiAgICAgICAgIndoZW4iOiAiY2FsbCIsCiAgICAgICAgIm91dGNvbWUiOiAicGFzc2VkIgogICAgICB9LAogICAgICB7CiAgICAgICAgIndoZW4iOiAidGVhcmRvd24iLAogICAgICAgICJvdXRjb21lIjogInBhc3NlZCIKICAgICAgfQogICAgXSwKICAgICJ0ZXN0cy9hdXRvbm9teS90ZXN0X2RlcHRoMTZfY3VycmVudF9hdXRob3JpdHkucHk6OnRlc3Rfc3RhbGVfbWlzbWF0Y2hlZF9vcl91bnByb3Zlbl9jb25kaXRpb25fY2Fubm90X2V4ZWN1dGVbY2hhbmdlczFdIjogWwogICAgICB7CiAgICAg
2026-09-10T08:11:31.4053221Z GO_EVIDENCE_B64 ICAgIndoZW4iOiAic2V0dXAiLAogICAgICAgICJvdXRjb21lIjogInBhc3NlZCIKICAgICAgfSwKICAgICAgewogICAgICAgICJ3aGVuIjogImNhbGwiLAogICAgICAgICJvdXRjb21lIjogInBhc3NlZCIKICAgICAgfSwKICAgICAgewogICAgICAgICJ3aGVuIjogInRlYXJkb3duIiwKICAgICAgICAib3V0Y29tZSI6ICJwYXNzZWQiCiAgICAgIH0KICAgIF0sCiAgICAidGVzdHMvYXV0b25vbXkvdGVzdF9kZXB0aDE2X2N1cnJlbnRfYXV0aG9yaXR5LnB5Ojp0ZXN0X3N0YWxlX21pc21hdGNoZWRfb3JfdW5wcm92ZW5fY29uZGl0
2026-09-10T08:11:31.4060149Z GO_EVIDENCE_B64 aW9uX2Nhbm5vdF9leGVjdXRlW2NoYW5nZXMyXSI6IFsKICAgICAgewogICAgICAgICJ3aGVuIjogInNldHVwIiwKICAgICAgICAib3V0Y29tZSI6ICJwYXNzZWQiCiAgICAgIH0sCiAgICAgIHsKICAgICAgICAid2hlbiI6ICJjYWxsIiwKICAgICAgICAib3V0Y29tZSI6ICJwYXNzZWQiCiAgICAgIH0sCiAgICAgIHsKICAgICAgICAid2hlbiI6ICJ0ZWFyZG93biIsCiAgICAgICAgIm91dGNvbWUiOiAicGFzc2VkIgogICAgICB9CiAgICBdLAogICAgInRlc3RzL2F1dG9ub215L3Rlc3RfZGVwdGgxNl9jdXJyZW50X2F1dGhvcml0
2026-09-10T08:11:31.4067217Z GO_EVIDENCE_B64 eS5weTo6dGVzdF9zdGFsZV9taXNtYXRjaGVkX29yX3VucHJvdmVuX2NvbmRpdGlvbl9jYW5ub3RfZXhlY3V0ZVtjaGFuZ2VzM10iOiBbCiAgICAgIHsKICAgICAgICAid2hlbiI6ICJzZXR1cCIsCiAgICAgICAgIm91dGNvbWUiOiAicGFzc2VkIgogICAgICB9LAogICAgICB7CiAgICAgICAgIndoZW4iOiAiY2FsbCIsCiAgICAgICAgIm91dGNvbWUiOiAicGFzc2VkIgogICAgICB9LAogICAgICB7CiAgICAgICAgIndoZW4iOiAidGVhcmRvd24iLAogICAgICAgICJvdXRjb21lIjogInBhc3NlZCIKICAgICAgfQogICAgXSwKICAg
2026-09-10T08:11:31.4073927Z GO_EVIDENCE_B64 ICJ0ZXN0cy9hdXRvbm9teS90ZXN0X2RlcHRoMTZfY3VycmVudF9hdXRob3JpdHkucHk6OnRlc3Rfc3RhbGVfbWlzbWF0Y2hlZF9vcl91bnByb3Zlbl9jb25kaXRpb25fY2Fubm90X2V4ZWN1dGVbY2hhbmdlczRdIjogWwogICAgICB7CiAgICAgICAgIndoZW4iOiAic2V0dXAiLAogICAgICAgICJvdXRjb21lIjogInBhc3NlZCIKICAgICAgfSwKICAgICAgewogICAgICAgICJ3aGVuIjogImNhbGwiLAogICAgICAgICJvdXRjb21lIjogInBhc3NlZCIKICAgICAgfSwKICAgICAgewogICAgICAgICJ3aGVuIjogInRlYXJkb3duIiwK
2026-09-10T08:11:31.4080631Z GO_EVIDENCE_B64 ICAgICAgICAib3V0Y29tZSI6ICJwYXNzZWQiCiAgICAgIH0KICAgIF0sCiAgICAidGVzdHMvYXV0b25vbXkvdGVzdF9kZXB0aDE2X2N1cnJlbnRfYXV0aG9yaXR5LnB5Ojp0ZXN0X3N0YWxlX21pc21hdGNoZWRfb3JfdW5wcm92ZW5fY29uZGl0aW9uX2Nhbm5vdF9leGVjdXRlW2NoYW5nZXM1XSI6IFsKICAgICAgewogICAgICAgICJ3aGVuIjogInNldHVwIiwKICAgICAgICAib3V0Y29tZSI6ICJwYXNzZWQiCiAgICAgIH0sCiAgICAgIHsKICAgICAgICAid2hlbiI6ICJjYWxsIiwKICAgICAgICAib3V0Y29tZSI6ICJwYXNzZWQi
2026-09-10T08:11:31.4087322Z GO_EVIDENCE_B64 CiAgICAgIH0sCiAgICAgIHsKICAgICAgICAid2hlbiI6ICJ0ZWFyZG93biIsCiAgICAgICAgIm91dGNvbWUiOiAicGFzc2VkIgogICAgICB9CiAgICBdLAogICAgInRlc3RzL2F1dG9ub215L3Rlc3RfZGVwdGgxNl9jdXJyZW50X2F1dGhvcml0eS5weTo6dGVzdF9zdGFsZV9taXNtYXRjaGVkX29yX3VucHJvdmVuX2NvbmRpdGlvbl9jYW5ub3RfZXhlY3V0ZVtjaGFuZ2VzNl0iOiBbCiAgICAgIHsKICAgICAgICAid2hlbiI6ICJzZXR1cCIsCiAgICAgICAgIm91dGNvbWUiOiAicGFzc2VkIgogICAgICB9LAogICAgICB7CiAgICAg
2026-09-10T08:11:31.4094175Z GO_EVIDENCE_B64 ICAgIndoZW4iOiAiY2FsbCIsCiAgICAgICAgIm91dGNvbWUiOiAicGFzc2VkIgogICAgICB9LAogICAgICB7CiAgICAgICAgIndoZW4iOiAidGVhcmRvd24iLAogICAgICAgICJvdXRjb21lIjogInBhc3NlZCIKICAgICAgfQogICAgXSwKICAgICJ0ZXN0cy9hdXRvbm9teS90ZXN0X2RlcHRoMTZfY3VycmVudF9hdXRob3JpdHkucHk6OnRlc3Rfc3RhbGVfbWlzbWF0Y2hlZF9vcl91bnByb3Zlbl9jb25kaXRpb25fY2Fubm90X2V4ZWN1dGVbY2hhbmdlczddIjogWwogICAgICB7CiAgICAgICAgIndoZW4iOiAic2V0dXAiLAogICAg
2026-09-10T08:11:31.4101156Z GO_EVIDENCE_B64 ICAgICJvdXRjb21lIjogInBhc3NlZCIKICAgICAgfSwKICAgICAgewogICAgICAgICJ3aGVuIjogImNhbGwiLAogICAgICAgICJvdXRjb21lIjogInBhc3NlZCIKICAgICAgfSwKICAgICAgewogICAgICAgICJ3aGVuIjogInRlYXJkb3duIiwKICAgICAgICAib3V0Y29tZSI6ICJwYXNzZWQiCiAgICAgIH0KICAgIF0sCiAgICAidGVzdHMvYXV0b25vbXkvdGVzdF9kZXB0aDE2X2N1cnJlbnRfYXV0aG9yaXR5LnB5Ojp0ZXN0X3N0YWxlX21pc21hdGNoZWRfb3JfdW5wcm92ZW5fY29uZGl0aW9uX2Nhbm5vdF9leGVjdXRlW2NoYW5n
2026-09-10T08:11:31.4108101Z GO_EVIDENCE_B64 ZXM4XSI6IFsKICAgICAgewogICAgICAgICJ3aGVuIjogInNldHVwIiwKICAgICAgICAib3V0Y29tZSI6ICJwYXNzZWQiCiAgICAgIH0sCiAgICAgIHsKICAgICAgICAid2hlbiI6ICJjYWxsIiwKICAgICAgICAib3V0Y29tZSI6ICJwYXNzZWQiCiAgICAgIH0sCiAgICAgIHsKICAgICAgICAid2hlbiI6ICJ0ZWFyZG93biIsCiAgICAgICAgIm91dGNvbWUiOiAicGFzc2VkIgogICAgICB9CiAgICBdLAogICAgInRlc3RzL2F1dG9ub215L3Rlc3RfZGVwdGgxNl9jdXJyZW50X2F1dGhvcml0eS5weTo6dGVzdF9zYW1lX2FjdGlvbl9p
2026-09-10T08:11:31.4114944Z GO_EVIDENCE_B64 ZF93aXRoX2NoYW5nZWRfcGF5bG9hZF9jYW5ub3RfcmV1c2VfYV9jb25kaXRpb25fcHJvb2YiOiBbCiAgICAgIHsKICAgICAgICAid2hlbiI6ICJzZXR1cCIsCiAgICAgICAgIm91dGNvbWUiOiAicGFzc2VkIgogICAgICB9LAogICAgICB7CiAgICAgICAgIndoZW4iOiAiY2FsbCIsCiAgICAgICAgIm91dGNvbWUiOiAicGFzc2VkIgogICAgICB9LAogICAgICB7CiAgICAgICAgIndoZW4iOiAidGVhcmRvd24iLAogICAgICAgICJvdXRjb21lIjogInBhc3NlZCIKICAgICAgfQogICAgXSwKICAgICJ0ZXN0cy9hdXRvbm9teS90ZXN0
2026-09-10T08:11:31.4121621Z GO_EVIDENCE_B64 X2RlcHRoMTZfY3VycmVudF9hdXRob3JpdHkucHk6OnRlc3RfcmVzb2x2ZXJfb3V0YWdlX2hvbGRzX2V4ZWN1dGlvbl93aXRob3V0X3Rocm93aW5nX2F3YXlfb3RoZXJfcG9saWN5X2NvbmRpdGlvbnMiOiBbCiAgICAgIHsKICAgICAgICAid2hlbiI6ICJzZXR1cCIsCiAgICAgICAgIm91dGNvbWUiOiAicGFzc2VkIgogICAgICB9LAogICAgICB7CiAgICAgICAgIndoZW4iOiAiY2FsbCIsCiAgICAgICAgIm91dGNvbWUiOiAicGFzc2VkIgogICAgICB9LAogICAgICB7CiAgICAgICAgIndoZW4iOiAidGVhcmRvd24iLAogICAgICAg
2026-09-10T08:11:31.4128657Z GO_EVIDENCE_B64 ICJvdXRjb21lIjogInBhc3NlZCIKICAgICAgfQogICAgXSwKICAgICJ0ZXN0cy9hdXRvbm9teS90ZXN0X2RlcHRoMTZfY3VycmVudF9hdXRob3JpdHkucHk6OnRlc3RfZWFybGllcl9wcm9vZnNfYXJlX2NoZWNrZWRfYWdhaW5fYWZ0ZXJfc2xvd19sYXRlcl9jb25kaXRpb25fbG9va3VwIjogWwogICAgICB7CiAgICAgICAgIndoZW4iOiAic2V0dXAiLAogICAgICAgICJvdXRjb21lIjogInBhc3NlZCIKICAgICAgfSwKICAgICAgewogICAgICAgICJ3aGVuIjogImNhbGwiLAogICAgICAgICJvdXRjb21lIjogInBhc3NlZCIKICAg
2026-09-10T08:11:31.4135488Z GO_EVIDENCE_B64 ICAgfSwKICAgICAgewogICAgICAgICJ3aGVuIjogInRlYXJkb3duIiwKICAgICAgICAib3V0Y29tZSI6ICJwYXNzZWQiCiAgICAgIH0KICAgIF0sCiAgICAidGVzdHMvYXV0b25vbXkvdGVzdF9kZXB0aDE2X2N1cnJlbnRfYXV0aG9yaXR5LnB5Ojp0ZXN0X3F1YWxpZmljYXRpb25faXNfY2hlY2tlZF9hZ2Fpbl9hZnRlcl9jb25kaXRpb25fbG9va3VwW2V4cGlyZV0iOiBbCiAgICAgIHsKICAgICAgICAid2hlbiI6ICJzZXR1cCIsCiAgICAgICAgIm91dGNvbWUiOiAicGFzc2VkIgogICAgICB9LAogICAgICB7CiAgICAgICAgIndo
2026-09-10T08:11:31.4142217Z GO_EVIDENCE_B64 ZW4iOiAiY2FsbCIsCiAgICAgICAgIm91dGNvbWUiOiAicGFzc2VkIgogICAgICB9LAogICAgICB7CiAgICAgICAgIndoZW4iOiAidGVhcmRvd24iLAogICAgICAgICJvdXRjb21lIjogInBhc3NlZCIKICAgICAgfQogICAgXSwKICAgICJ0ZXN0cy9hdXRvbm9teS90ZXN0X2RlcHRoMTZfY3VycmVudF9hdXRob3JpdHkucHk6OnRlc3RfcXVhbGlmaWNhdGlvbl9pc19jaGVja2VkX2FnYWluX2FmdGVyX2NvbmRpdGlvbl9sb29rdXBbcmV2b2tlXSI6IFsKICAgICAgewogICAgICAgICJ3aGVuIjogInNldHVwIiwKICAgICAgICAib3V0
2026-09-10T08:11:31.4149142Z GO_EVIDENCE_B64 Y29tZSI6ICJwYXNzZWQiCiAgICAgIH0sCiAgICAgIHsKICAgICAgICAid2hlbiI6ICJjYWxsIiwKICAgICAgICAib3V0Y29tZSI6ICJwYXNzZWQiCiAgICAgIH0sCiAgICAgIHsKICAgICAgICAid2hlbiI6ICJ0ZWFyZG93biIsCiAgICAgICAgIm91dGNvbWUiOiAicGFzc2VkIgogICAgICB9CiAgICBdLAogICAgInRlc3RzL2F1dG9ub215L3Rlc3RfZGVwdGgxNl9jdXJyZW50X2F1dGhvcml0eS5weTo6dGVzdF9wb2xpY3lfcmVwbGFjZW1lbnRfZHVyaW5nX2NvbmRpdGlvbl9sb29rdXBfcmVxdWlyZXNfYV9mcmVzaF9kZWNpc2lv
2026-09-10T08:11:31.4156221Z GO_EVIDENCE_B64 biI6IFsKICAgICAgewogICAgICAgICJ3aGVuIjogInNldHVwIiwKICAgICAgICAib3V0Y29tZSI6ICJwYXNzZWQiCiAgICAgIH0sCiAgICAgIHsKICAgICAgICAid2hlbiI6ICJjYWxsIiwKICAgICAgICAib3V0Y29tZSI6ICJwYXNzZWQiCiAgICAgIH0sCiAgICAgIHsKICAgICAgICAid2hlbiI6ICJ0ZWFyZG93biIsCiAgICAgICAgIm91dGNvbWUiOiAicGFzc2VkIgogICAgICB9CiAgICBdLAogICAgInRlc3RzL2F1dG9ub215L3Rlc3RfZGVwdGgxNl9jdXJyZW50X2F1dGhvcml0eS5weTo6dGVzdF9hbGxvd19mb3Jfb25lX2V4
2026-09-10T08:11:31.4163045Z GO_EVIDENCE_B64 cG9zdXJlX2RvZXNfbm90X2NvdmVyX2FkZGl0aW9uYWxfZXhwb3N1cmVzIjogWwogICAgICB7CiAgICAgICAgIndoZW4iOiAic2V0dXAiLAogICAgICAgICJvdXRjb21lIjogInBhc3NlZCIKICAgICAgfSwKICAgICAgewogICAgICAgICJ3aGVuIjogImNhbGwiLAogICAgICAgICJvdXRjb21lIjogInBhc3NlZCIKICAgICAgfSwKICAgICAgewogICAgICAgICJ3aGVuIjogInRlYXJkb3duIiwKICAgICAgICAib3V0Y29tZSI6ICJwYXNzZWQiCiAgICAgIH0KICAgIF0sCiAgICAidGVzdHMvYXV0b25vbXkvdGVzdF9kZXB0aDE2X2N1
2026-09-10T08:11:31.4169835Z GO_EVIDENCE_B64 cnJlbnRfYXV0aG9yaXR5LnB5Ojp0ZXN0X3Jlc3RyaWN0aXZlX3BvbGljeV9wcmV2ZW50c19jb25kaXRpb25fbG9va3VwX2FuZF9leGVjdXRpb25bTEVHQUxfSE9MRF0iOiBbCiAgICAgIHsKICAgICAgICAid2hlbiI6ICJzZXR1cCIsCiAgICAgICAgIm91dGNvbWUiOiAicGFzc2VkIgogICAgICB9LAogICAgICB7CiAgICAgICAgIndoZW4iOiAiY2FsbCIsCiAgICAgICAgIm91dGNvbWUiOiAicGFzc2VkIgogICAgICB9LAogICAgICB7CiAgICAgICAgIndoZW4iOiAidGVhcmRvd24iLAogICAgICAgICJvdXRjb21lIjogInBhc3Nl
2026-09-10T08:11:31.4176570Z GO_EVIDENCE_B64 ZCIKICAgICAgfQogICAgXSwKICAgICJ0ZXN0cy9hdXRvbm9teS90ZXN0X2RlcHRoMTZfY3VycmVudF9hdXRob3JpdHkucHk6OnRlc3RfcmVzdHJpY3RpdmVfcG9saWN5X3ByZXZlbnRzX2NvbmRpdGlvbl9sb29rdXBfYW5kX2V4ZWN1dGlvbltMRUdBTF9CTE9DS10iOiBbCiAgICAgIHsKICAgICAgICAid2hlbiI6ICJzZXR1cCIsCiAgICAgICAgIm91dGNvbWUiOiAicGFzc2VkIgogICAgICB9LAogICAgICB7CiAgICAgICAgIndoZW4iOiAiY2FsbCIsCiAgICAgICAgIm91dGNvbWUiOiAicGFzc2VkIgogICAgICB9LAogICAgICB7
2026-09-10T08:11:31.4183250Z GO_EVIDENCE_B64 CiAgICAgICAgIndoZW4iOiAidGVhcmRvd24iLAogICAgICAgICJvdXRjb21lIjogInBhc3NlZCIKICAgICAgfQogICAgXSwKICAgICJ0ZXN0cy9hdXRvbm9teS90ZXN0X2RlcHRoMTZfY3VycmVudF9hdXRob3JpdHkucHk6OnRlc3RfcG9saWN5X2Nhbm5vdF9yZW1vdmVfZXh0ZXJuYWxfcmV2aWV3X29yX2FtYmlndW91c2x5X2R1cGxpY2F0ZV9wb2xpY3lfaWRlbnRpdHkiOiBbCiAgICAgIHsKICAgICAgICAid2hlbiI6ICJzZXR1cCIsCiAgICAgICAgIm91dGNvbWUiOiAicGFzc2VkIgogICAgICB9LAogICAgICB7CiAgICAgICAg
2026-09-10T08:11:31.4190251Z GO_EVIDENCE_B64 IndoZW4iOiAiY2FsbCIsCiAgICAgICAgIm91dGNvbWUiOiAicGFzc2VkIgogICAgICB9LAogICAgICB7CiAgICAgICAgIndoZW4iOiAidGVhcmRvd24iLAogICAgICAgICJvdXRjb21lIjogInBhc3NlZCIKICAgICAgfQogICAgXSwKICAgICJ0ZXN0cy9hdXRvbm9teS90ZXN0X2RlcHRoMTZfY3VycmVudF9hdXRob3JpdHkucHk6OnRlc3RfYW1iaWd1b3VzX3R5cGVzX2Nhbm5vdF9jaGFuZ2Vfcmlza19vcl9lbnZpcm9ubWVudF9zZW1hbnRpY3NbPGxhbWJkYT4wXSI6IFsKICAgICAgewogICAgICAgICJ3aGVuIjogInNldHVwIiwK
2026-09-10T08:11:31.4197091Z GO_EVIDENCE_B64 ICAgICAgICAib3V0Y29tZSI6ICJwYXNzZWQiCiAgICAgIH0sCiAgICAgIHsKICAgICAgICAid2hlbiI6ICJjYWxsIiwKICAgICAgICAib3V0Y29tZSI6ICJwYXNzZWQiCiAgICAgIH0sCiAgICAgIHsKICAgICAgICAid2hlbiI6ICJ0ZWFyZG93biIsCiAgICAgICAgIm91dGNvbWUiOiAicGFzc2VkIgogICAgICB9CiAgICBdLAogICAgInRlc3RzL2F1dG9ub215L3Rlc3RfZGVwdGgxNl9jdXJyZW50X2F1dGhvcml0eS5weTo6dGVzdF9hbWJpZ3VvdXNfdHlwZXNfY2Fubm90X2NoYW5nZV9yaXNrX29yX2Vudmlyb25tZW50X3NlbWFu
2026-09-10T08:11:31.4203913Z GO_EVIDENCE_B64 dGljc1s8bGFtYmRhPjFdIjogWwogICAgICB7CiAgICAgICAgIndoZW4iOiAic2V0dXAiLAogICAgICAgICJvdXRjb21lIjogInBhc3NlZCIKICAgICAgfSwKICAgICAgewogICAgICAgICJ3aGVuIjogImNhbGwiLAogICAgICAgICJvdXRjb21lIjogInBhc3NlZCIKICAgICAgfSwKICAgICAgewogICAgICAgICJ3aGVuIjogInRlYXJkb3duIiwKICAgICAgICAib3V0Y29tZSI6ICJwYXNzZWQiCiAgICAgIH0KICAgIF0sCiAgICAidGVzdHMvYXV0b25vbXkvdGVzdF9kZXB0aDE2X2N1cnJlbnRfYXV0aG9yaXR5LnB5Ojp0ZXN0X2Ft
2026-09-10T08:11:31.4210795Z GO_EVIDENCE_B64 YmlndW91c190eXBlc19jYW5ub3RfY2hhbmdlX3Jpc2tfb3JfZW52aXJvbm1lbnRfc2VtYW50aWNzWzxsYW1iZGE+Ml0iOiBbCiAgICAgIHsKICAgICAgICAid2hlbiI6ICJzZXR1cCIsCiAgICAgICAgIm91dGNvbWUiOiAicGFzc2VkIgogICAgICB9LAogICAgICB7CiAgICAgICAgIndoZW4iOiAiY2FsbCIsCiAgICAgICAgIm91dGNvbWUiOiAicGFzc2VkIgogICAgICB9LAogICAgICB7CiAgICAgICAgIndoZW4iOiAidGVhcmRvd24iLAogICAgICAgICJvdXRjb21lIjogInBhc3NlZCIKICAgICAgfQogICAgXSwKICAgICJ0ZXN0
2026-09-10T08:11:31.4217509Z GO_EVIDENCE_B64 cy9hdXRvbm9teS90ZXN0X2RlcHRoMTZfY3VycmVudF9hdXRob3JpdHkucHk6OnRlc3RfYW1iaWd1b3VzX3R5cGVzX2Nhbm5vdF9jaGFuZ2Vfcmlza19vcl9lbnZpcm9ubWVudF9zZW1hbnRpY3NbPGxhbWJkYT4zXSI6IFsKICAgICAgewogICAgICAgICJ3aGVuIjogInNldHVwIiwKICAgICAgICAib3V0Y29tZSI6ICJwYXNzZWQiCiAgICAgIH0sCiAgICAgIHsKICAgICAgICAid2hlbiI6ICJjYWxsIiwKICAgICAgICAib3V0Y29tZSI6ICJwYXNzZWQiCiAgICAgIH0sCiAgICAgIHsKICAgICAgICAid2hlbiI6ICJ0ZWFyZG93biIs
2026-09-10T08:11:31.4224395Z GO_EVIDENCE_B64 CiAgICAgICAgIm91dGNvbWUiOiAicGFzc2VkIgogICAgICB9CiAgICBdLAogICAgInRlc3RzL2F1dG9ub215L3Rlc3RfZGVwdGgxNl9jdXJyZW50X2F1dGhvcml0eS5weTo6dGVzdF9hbWJpZ3VvdXNfdHlwZXNfY2Fubm90X2NoYW5nZV9yaXNrX29yX2Vudmlyb25tZW50X3NlbWFudGljc1s8bGFtYmRhPjRdIjogWwogICAgICB7CiAgICAgICAgIndoZW4iOiAic2V0dXAiLAogICAgICAgICJvdXRjb21lIjogInBhc3NlZCIKICAgICAgfSwKICAgICAgewogICAgICAgICJ3aGVuIjogImNhbGwiLAogICAgICAgICJvdXRjb21lIjog
2026-09-10T08:11:31.4231282Z GO_EVIDENCE_B64 InBhc3NlZCIKICAgICAgfSwKICAgICAgewogICAgICAgICJ3aGVuIjogInRlYXJkb3duIiwKICAgICAgICAib3V0Y29tZSI6ICJwYXNzZWQiCiAgICAgIH0KICAgIF0sCiAgICAidGVzdHMvYXV0b25vbXkvdGVzdF9kZXB0aDE2X2N1cnJlbnRfYXV0aG9yaXR5LnB5Ojp0ZXN0X2FtYmlndW91c190eXBlc19jYW5ub3RfY2hhbmdlX3Jpc2tfb3JfZW52aXJvbm1lbnRfc2VtYW50aWNzWzxsYW1iZGE+NV0iOiBbCiAgICAgIHsKICAgICAgICAid2hlbiI6ICJzZXR1cCIsCiAgICAgICAgIm91dGNvbWUiOiAicGFzc2VkIgogICAgICB9
2026-09-10T08:11:31.4238722Z GO_EVIDENCE_B64 LAogICAgICB7CiAgICAgICAgIndoZW4iOiAiY2FsbCIsCiAgICAgICAgIm91dGNvbWUiOiAicGFzc2VkIgogICAgICB9LAogICAgICB7CiAgICAgICAgIndoZW4iOiAidGVhcmRvd24iLAogICAgICAgICJvdXRjb21lIjogInBhc3NlZCIKICAgICAgfQogICAgXSwKICAgICJ0ZXN0cy9hdXRvbm9teS90ZXN0X2RlcHRoMTZfY3VycmVudF9hdXRob3JpdHkucHk6OnRlc3RfYW1iaWd1b3VzX3R5cGVzX2Nhbm5vdF9jaGFuZ2Vfcmlza19vcl9lbnZpcm9ubWVudF9zZW1hbnRpY3NbPGxhbWJkYT42XSI6IFsKICAgICAgewogICAgICAg
2026-09-10T08:11:31.4245704Z GO_EVIDENCE_B64 ICJ3aGVuIjogInNldHVwIiwKICAgICAgICAib3V0Y29tZSI6ICJwYXNzZWQiCiAgICAgIH0sCiAgICAgIHsKICAgICAgICAid2hlbiI6ICJjYWxsIiwKICAgICAgICAib3V0Y29tZSI6ICJwYXNzZWQiCiAgICAgIH0sCiAgICAgIHsKICAgICAgICAid2hlbiI6ICJ0ZWFyZG93biIsCiAgICAgICAgIm91dGNvbWUiOiAicGFzc2VkIgogICAgICB9CiAgICBdLAogICAgInRlc3RzL2F1dG9ub215L3Rlc3RfZGVwdGgxNl9jdXJyZW50X2F1dGhvcml0eS5weTo6dGVzdF9ub256ZXJvX3JldmVyc2liaWxpdHlfaXNfbm90X3NpbGVudGx5
2026-09-10T08:11:31.4252576Z GO_EVIDENCE_B64 X2NsYXNzaWZpZWRfYXNfbG9jYWxfemVyb19yaXNrIjogWwogICAgICB7CiAgICAgICAgIndoZW4iOiAic2V0dXAiLAogICAgICAgICJvdXRjb21lIjogInBhc3NlZCIKICAgICAgfSwKICAgICAgewogICAgICAgICJ3aGVuIjogImNhbGwiLAogICAgICAgICJvdXRjb21lIjogInBhc3NlZCIKICAgICAgfSwKICAgICAgewogICAgICAgICJ3aGVuIjogInRlYXJkb3duIiwKICAgICAgICAib3V0Y29tZSI6ICJwYXNzZWQiCiAgICAgIH0KICAgIF0sCiAgICAidGVzdHMvYXV0b25vbXkvdGVzdF92N19haV9vcmdfYnVpbGQwMS5weTo6
2026-09-10T08:11:31.4260197Z GO_EVIDENCE_B64 dGVzdF9leGFjdGx5XzEzX3Blcm1hbmVudF9jZWxsc19hbmRfdW5pcXVlX2RvbWFpbl9maW5hbF9vd25lciI6IFsKICAgICAgewogICAgICAgICJ3aGVuIjogInNldHVwIiwKICAgICAgICAib3V0Y29tZSI6ICJwYXNzZWQiCiAgICAgIH0sCiAgICAgIHsKICAgICAgICAid2hlbiI6ICJjYWxsIiwKICAgICAgICAib3V0Y29tZSI6ICJwYXNzZWQiCiAgICAgIH0sCiAgICAgIHsKICAgICAgICAid2hlbiI6ICJ0ZWFyZG93biIsCiAgICAgICAgIm91dGNvbWUiOiAicGFzc2VkIgogICAgICB9CiAgICBdLAogICAgInRlc3RzL2F1dG9u
2026-09-10T08:11:31.4267267Z GO_EVIDENCE_B64 b215L3Rlc3RfdjdfYWlfb3JnX2J1aWxkMDEucHk6OnRlc3Rfbm9fY3Jvc3NfZG9tYWluX3RydXRoX211dGF0aW9uIjogWwogICAgICB7CiAgICAgICAgIndoZW4iOiAic2V0dXAiLAogICAgICAgICJvdXRjb21lIjogInBhc3NlZCIKICAgICAgfSwKICAgICAgewogICAgICAgICJ3aGVuIjogImNhbGwiLAogICAgICAgICJvdXRjb21lIjogInBhc3NlZCIKICAgICAgfSwKICAgICAgewogICAgICAgICJ3aGVuIjogInRlYXJkb3duIiwKICAgICAgICAib3V0Y29tZSI6ICJwYXNzZWQiCiAgICAgIH0KICAgIF0sCiAgICAidGVzdHMv
2026-09-10T08:11:31.4273962Z GO_EVIDENCE_B64 YXV0b25vbXkvdGVzdF92N19haV9vcmdfYnVpbGQwMS5weTo6dGVzdF9yaXNrX2VuZ2luZV9pc19kZXRlcm1pbmlzdGljX2FuZF9yM19yNF9hcmVfaGFyZF9ib3VuZGFyaWVzIjogWwogICAgICB7CiAgICAgICAgIndoZW4iOiAic2V0dXAiLAogICAgICAgICJvdXRjb21lIjogInBhc3NlZCIKICAgICAgfSwKICAgICAgewogICAgICAgICJ3aGVuIjogImNhbGwiLAogICAgICAgICJvdXRjb21lIjogInBhc3NlZCIKICAgICAgfSwKICAgICAgewogICAgICAgICJ3aGVuIjogInRlYXJkb3duIiwKICAgICAgICAib3V0Y29tZSI6ICJw
2026-09-10T08:11:31.4280784Z GO_EVIDENCE_B64 YXNzZWQiCiAgICAgIH0KICAgIF0sCiAgICAidGVzdHMvYXV0b25vbXkvdGVzdF92N19haV9vcmdfYnVpbGQwMS5weTo6dGVzdF9idWlsZGVyX2Nhbm5vdF9zZWxmX2NlcnRpZnlfb3JfcmVsZWFzZSI6IFsKICAgICAgewogICAgICAgICJ3aGVuIjogInNldHVwIiwKICAgICAgICAib3V0Y29tZSI6ICJwYXNzZWQiCiAgICAgIH0sCiAgICAgIHsKICAgICAgICAid2hlbiI6ICJjYWxsIiwKICAgICAgICAib3V0Y29tZSI6ICJwYXNzZWQiCiAgICAgIH0sCiAgICAgIHsKICAgICAgICAid2hlbiI6ICJ0ZWFyZG93biIsCiAgICAgICAg
2026-09-10T08:11:31.4287793Z GO_EVIDENCE_B64 Im91dGNvbWUiOiAicGFzc2VkIgogICAgICB9CiAgICBdLAogICAgInRlc3RzL2F1dG9ub215L3Rlc3RfdjdfYWlfb3JnX2J1aWxkMDEucHk6OnRlc3RfcjJfcmVxdWlyZXNfc2hhZG93X3RoZW5fY2FuYXJ5X2JlZm9yZV9hdXRvbm9tb3VzX3F1YWxpZmllZCI6IFsKICAgICAgewogICAgICAgICJ3aGVuIjogInNldHVwIiwKICAgICAgICAib3V0Y29tZSI6ICJwYXNzZWQiCiAgICAgIH0sCiAgICAgIHsKICAgICAgICAid2hlbiI6ICJjYWxsIiwKICAgICAgICAib3V0Y29tZSI6ICJwYXNzZWQiCiAgICAgIH0sCiAgICAgIHsKICAg
2026-09-10T08:11:31.4294534Z GO_EVIDENCE_B64 ICAgICAid2hlbiI6ICJ0ZWFyZG93biIsCiAgICAgICAgIm91dGNvbWUiOiAicGFzc2VkIgogICAgICB9CiAgICBdLAogICAgInRlc3RzL2F1dG9ub215L3Rlc3RfdjdfYWlfb3JnX2J1aWxkMDEucHk6OnRlc3RfcjNfaXNfZGV0ZXJtaW5pc3RpY19jb250cm9sbGVkX2FuZF9yNF9wcm9oaWJpdGVkIjogWwogICAgICB7CiAgICAgICAgIndoZW4iOiAic2V0dXAiLAogICAgICAgICJvdXRjb21lIjogInBhc3NlZCIKICAgICAgfSwKICAgICAgewogICAgICAgICJ3aGVuIjogImNhbGwiLAogICAgICAgICJvdXRjb21lIjogInBhc3Nl
2026-09-10T08:11:31.4301207Z GO_EVIDENCE_B64 ZCIKICAgICAgfSwKICAgICAgewogICAgICAgICJ3aGVuIjogInRlYXJkb3duIiwKICAgICAgICAib3V0Y29tZSI6ICJwYXNzZWQiCiAgICAgIH0KICAgIF0sCiAgICAidGVzdHMvYXV0b25vbXkvdGVzdF92N19haV9vcmdfYnVpbGQwMS5weTo6dGVzdF9wcm9kdWN0aW9uX3F1YWxpZmljYXRpb25fZmFpbHNfY2xvc2VkX3VudGlsX2xlZ2FsX2FjY291bnRhYmlsaXR5X2lzX2JvdW5kIjogWwogICAgICB7CiAgICAgICAgIndoZW4iOiAic2V0dXAiLAogICAgICAgICJvdXRjb21lIjogInBhc3NlZCIKICAgICAgfSwKICAgICAgewog
2026-09-10T08:11:31.4308056Z GO_EVIDENCE_B64 ICAgICAgICJ3aGVuIjogImNhbGwiLAogICAgICAgICJvdXRjb21lIjogInBhc3NlZCIKICAgICAgfSwKICAgICAgewogICAgICAgICJ3aGVuIjogInRlYXJkb3duIiwKICAgICAgICAib3V0Y29tZSI6ICJwYXNzZWQiCiAgICAgIH0KICAgIF0sCiAgICAidGVzdHMvYXV0b25vbXkvdGVzdF92N19haV9vcmdfYnVpbGQwMS5weTo6dGVzdF9xdWFsaWZpY2F0aW9uX2lzX2NlbGxfY2FwYWJpbGl0eV9yaXNrX2Vudmlyb25tZW50X3Njb3BlZF9hbmRfcmV2b2NhYmxlIjogWwogICAgICB7CiAgICAgICAgIndoZW4iOiAic2V0dXAiLAog
2026-09-10T08:11:31.4315136Z GO_EVIDENCE_B64 ICAgICAgICJvdXRjb21lIjogInBhc3NlZCIKICAgICAgfSwKICAgICAgewogICAgICAgICJ3aGVuIjogImNhbGwiLAogICAgICAgICJvdXRjb21lIjogInBhc3NlZCIKICAgICAgfSwKICAgICAgewogICAgICAgICJ3aGVuIjogInRlYXJkb3duIiwKICAgICAgICAib3V0Y29tZSI6ICJwYXNzZWQiCiAgICAgIH0KICAgIF0sCiAgICAidGVzdHMvYXV0b25vbXkvdGVzdF92N19haV9vcmdfYnVpbGQwMS5weTo6dGVzdF9nb19haV9kb2VzX25vdF9vd25fam91cm5leV90cmFuc2FjdGlvbl9vcl9yZWNvbW1lbmRhdGlvbl90cnV0aCI6
2026-09-10T08:11:31.4322137Z GO_EVIDENCE_B64 IFsKICAgICAgewogICAgICAgICJ3aGVuIjogInNldHVwIiwKICAgICAgICAib3V0Y29tZSI6ICJwYXNzZWQiCiAgICAgIH0sCiAgICAgIHsKICAgICAgICAid2hlbiI6ICJjYWxsIiwKICAgICAgICAib3V0Y29tZSI6ICJwYXNzZWQiCiAgICAgIH0sCiAgICAgIHsKICAgICAgICAid2hlbiI6ICJ0ZWFyZG93biIsCiAgICAgICAgIm91dGNvbWUiOiAicGFzc2VkIgogICAgICB9CiAgICBdLAogICAgInRlc3RzL2F1dG9ub215L3Rlc3RfdjdfYWlfb3JnX2J1aWxkMDFfMV9sZWdhbF9hdXRob3JpdHkucHk6OnRlc3RfYnVpbGQwMV8x
2026-09-10T08:11:31.4329186Z GO_EVIDENCE_B64 X2FkZHNfYzE0X3dpdGhvdXRfY2hhbmdpbmdfMTNfZXhpc3RpbmdfY2VsbHMiOiBbCiAgICAgIHsKICAgICAgICAid2hlbiI6ICJzZXR1cCIsCiAgICAgICAgIm91dGNvbWUiOiAicGFzc2VkIgogICAgICB9LAogICAgICB7CiAgICAgICAgIndoZW4iOiAiY2FsbCIsCiAgICAgICAgIm91dGNvbWUiOiAicGFzc2VkIgogICAgICB9LAogICAgICB7CiAgICAgICAgIndoZW4iOiAidGVhcmRvd24iLAogICAgICAgICJvdXRjb21lIjogInBhc3NlZCIKICAgICAgfQogICAgXSwKICAgICJ0ZXN0cy9hdXRvbm9teS90ZXN0X3Y3X2FpX29y
2026-09-10T08:11:31.4335980Z GO_EVIDENCE_B64 Z19idWlsZDAxXzFfbGVnYWxfYXV0aG9yaXR5LnB5Ojp0ZXN0X2FsbF9hY3Rpb25zX211c3RfcGFzc19hdXRob3JpdHlfZXZlbl93aGVuX25vX2xlZ2FsX3Jldmlld19pc19yZXF1aXJlZCI6IFsKICAgICAgewogICAgICAgICJ3aGVuIjogInNldHVwIiwKICAgICAgICAib3V0Y29tZSI6ICJwYXNzZWQiCiAgICAgIH0sCiAgICAgIHsKICAgICAgICAid2hlbiI6ICJjYWxsIiwKICAgICAgICAib3V0Y29tZSI6ICJwYXNzZWQiCiAgICAgIH0sCiAgICAgIHsKICAgICAgICAid2hlbiI6ICJ0ZWFyZG93biIsCiAgICAgICAgIm91dGNv
2026-09-10T08:11:31.4342554Z GO_EVIDENCE_B64 bWUiOiAicGFzc2VkIgogICAgICB9CiAgICBdLAogICAgInRlc3RzL2F1dG9ub215L3Rlc3RfdjdfYWlfb3JnX2J1aWxkMDFfMV9sZWdhbF9hdXRob3JpdHkucHk6OnRlc3RfdW5vd25lZF9jYXBhYmlsaXR5X2lzX2Jsb2NrZWRfYmVmb3JlX2xlZ2FsX3JldmlldyI6IFsKICAgICAgewogICAgICAgICJ3aGVuIjogInNldHVwIiwKICAgICAgICAib3V0Y29tZSI6ICJwYXNzZWQiCiAgICAgIH0sCiAgICAgIHsKICAgICAgICAid2hlbiI6ICJjYWxsIiwKICAgICAgICAib3V0Y29tZSI6ICJwYXNzZWQiCiAgICAgIH0sCiAgICAgIHsK
2026-09-10T08:11:31.4349470Z GO_EVIDENCE_B64 ICAgICAgICAid2hlbiI6ICJ0ZWFyZG93biIsCiAgICAgICAgIm91dGNvbWUiOiAicGFzc2VkIgogICAgICB9CiAgICBdLAogICAgInRlc3RzL2F1dG9ub215L3Rlc3RfdjdfYWlfb3JnX2J1aWxkMDFfMV9sZWdhbF9hdXRob3JpdHkucHk6OnRlc3RfY3Jvc3NfZG9tYWluX3RydXRoX211dGF0aW9uX2lzX2Jsb2NrZWRfYnlfYXV0aG9yaXR5X2dhdGUiOiBbCiAgICAgIHsKICAgICAgICAid2hlbiI6ICJzZXR1cCIsCiAgICAgICAgIm91dGNvbWUiOiAicGFzc2VkIgogICAgICB9LAogICAgICB7CiAgICAgICAgIndoZW4iOiAiY2Fs
2026-09-10T08:11:31.4356254Z GO_EVIDENCE_B64 bCIsCiAgICAgICAgIm91dGNvbWUiOiAicGFzc2VkIgogICAgICB9LAogICAgICB7CiAgICAgICAgIndoZW4iOiAidGVhcmRvd24iLAogICAgICAgICJvdXRjb21lIjogInBhc3NlZCIKICAgICAgfQogICAgXSwKICAgICJ0ZXN0cy9hdXRvbm9teS90ZXN0X3Y3X2FpX29yZ19idWlsZDAxXzFfbGVnYWxfYXV0aG9yaXR5LnB5Ojp0ZXN0X3NlbGZfZW1wb3dlcm1lbnRfaXNfaGFyZF9ibG9ja2VkIjogWwogICAgICB7CiAgICAgICAgIndoZW4iOiAic2V0dXAiLAogICAgICAgICJvdXRjb21lIjogInBhc3NlZCIKICAgICAgfSwKICAg
2026-09-10T08:11:31.4363047Z GO_EVIDENCE_B64 ICAgewogICAgICAgICJ3aGVuIjogImNhbGwiLAogICAgICAgICJvdXRjb21lIjogInBhc3NlZCIKICAgICAgfSwKICAgICAgewogICAgICAgICJ3aGVuIjogInRlYXJkb3duIiwKICAgICAgICAib3V0Y29tZSI6ICJwYXNzZWQiCiAgICAgIH0KICAgIF0sCiAgICAidGVzdHMvYXV0b25vbXkvdGVzdF92N19haV9vcmdfYnVpbGQwMV8xX2xlZ2FsX2F1dGhvcml0eS5weTo6dGVzdF9sZWdhbF9leHBvc3VyZV9yb3V0ZXNfdG9fYzE0X2FuZF9ub19wb2xpY3lfZmFpbHNfY2xvc2VkX3RvX2hvbGQiOiBbCiAgICAgIHsKICAgICAgICAi
2026-09-10T08:11:31.4369939Z GO_EVIDENCE_B64 d2hlbiI6ICJzZXR1cCIsCiAgICAgICAgIm91dGNvbWUiOiAicGFzc2VkIgogICAgICB9LAogICAgICB7CiAgICAgICAgIndoZW4iOiAiY2FsbCIsCiAgICAgICAgIm91dGNvbWUiOiAicGFzc2VkIgogICAgICB9LAogICAgICB7CiAgICAgICAgIndoZW4iOiAidGVhcmRvd24iLAogICAgICAgICJvdXRjb21lIjogInBhc3NlZCIKICAgICAgfQogICAgXSwKICAgICJ0ZXN0cy9hdXRvbm9teS90ZXN0X3Y3X2FpX29yZ19idWlsZDAxXzFfbGVnYWxfYXV0aG9yaXR5LnB5Ojp0ZXN0X2xlZ2FsbHlfZXhwb3NlZF9hY3Rpb25fcmVxdWly
2026-09-10T08:11:31.4376894Z GO_EVIDENCE_B64 ZXNfanVyaXNkaWN0aW9uIjogWwogICAgICB7CiAgICAgICAgIndoZW4iOiAic2V0dXAiLAogICAgICAgICJvdXRjb21lIjogInBhc3NlZCIKICAgICAgfSwKICAgICAgewogICAgICAgICJ3aGVuIjogImNhbGwiLAogICAgICAgICJvdXRjb21lIjogInBhc3NlZCIKICAgICAgfSwKICAgICAgewogICAgICAgICJ3aGVuIjogInRlYXJkb3duIiwKICAgICAgICAib3V0Y29tZSI6ICJwYXNzZWQiCiAgICAgIH0KICAgIF0sCiAgICAidGVzdHMvYXV0b25vbXkvdGVzdF92N19haV9vcmdfYnVpbGQwMV8xX2xlZ2FsX2F1dGhvcml0eS5w
2026-09-10T08:11:31.4383894Z GO_EVIDENCE_B64 eTo6dGVzdF9hcHByb3ZlZF9tYWNoaW5lX3J1bGVfcmV0dXJuc19pbW1lZGlhdGVfbGVnYWxfYWxsb3ciOiBbCiAgICAgIHsKICAgICAgICAid2hlbiI6ICJzZXR1cCIsCiAgICAgICAgIm91dGNvbWUiOiAicGFzc2VkIgogICAgICB9LAogICAgICB7CiAgICAgICAgIndoZW4iOiAiY2FsbCIsCiAgICAgICAgIm91dGNvbWUiOiAicGFzc2VkIgogICAgICB9LAogICAgICB7CiAgICAgICAgIndoZW4iOiAidGVhcmRvd24iLAogICAgICAgICJvdXRjb21lIjogInBhc3NlZCIKICAgICAgfQogICAgXSwKICAgICJ0ZXN0cy9hdXRvbm9t
2026-09-10T08:11:31.4390693Z GO_EVIDENCE_B64 eS90ZXN0X3Y3X2FpX29yZ19idWlsZDAxXzFfbGVnYWxfYXV0aG9yaXR5LnB5Ojp0ZXN0X2dyZWVuX29wZXJhdGlvbl9sYWJlbF9jYW5ub3RfYnlwYXNzX2R5bmFtaWNfbGVnYWxfZXhwb3N1cmUiOiBbCiAgICAgIHsKICAgICAgICAid2hlbiI6ICJzZXR1cCIsCiAgICAgICAgIm91dGNvbWUiOiAicGFzc2VkIgogICAgICB9LAogICAgICB7CiAgICAgICAgIndoZW4iOiAiY2FsbCIsCiAgICAgICAgIm91dGNvbWUiOiAicGFzc2VkIgogICAgICB9LAogICAgICB7CiAgICAgICAgIndoZW4iOiAidGVhcmRvd24iLAogICAgICAgICJv
2026-09-10T08:11:31.4397400Z GO_EVIDENCE_B64 dXRjb21lIjogInBhc3NlZCIKICAgICAgfQogICAgXSwKICAgICJ0ZXN0cy9hdXRvbm9teS90ZXN0X3Y3X2FpX29yZ19idWlsZDAxXzFfbGVnYWxfYXV0aG9yaXR5LnB5Ojp0ZXN0X2MxNF9jb25zdGl0dXRpb25hbF9yZXZpZXdfaXNfbWFuZGF0b3J5X2Zvcl9ncmVlbl9hY3Rpb25zX3RvbyI6IFsKICAgICAgewogICAgICAgICJ3aGVuIjogInNldHVwIiwKICAgICAgICAib3V0Y29tZSI6ICJwYXNzZWQiCiAgICAgIH0sCiAgICAgIHsKICAgICAgICAid2hlbiI6ICJjYWxsIiwKICAgICAgICAib3V0Y29tZSI6ICJwYXNzZWQiCiAg
2026-09-10T08:11:31.4404012Z GO_EVIDENCE_B64 ICAgIH0sCiAgICAgIHsKICAgICAgICAid2hlbiI6ICJ0ZWFyZG93biIsCiAgICAgICAgIm91dGNvbWUiOiAicGFzc2VkIgogICAgICB9CiAgICBdLAogICAgInRlc3RzL2F1dG9ub215L3Rlc3RfdjdfYWlfb3JnX2J1aWxkMDFfMV9sZWdhbF9hdXRob3JpdHkucHk6OnRlc3RfZ29fY29uc3RpdHV0aW9uX3Byb2hpYml0aW9uX2Jsb2Nrc19ldmVuX3dpdGhvdXRfZXh0ZXJuYWxfbGVnYWxfZXhwb3N1cmUiOiBbCiAgICAgIHsKICAgICAgICAid2hlbiI6ICJzZXR1cCIsCiAgICAgICAgIm91dGNvbWUiOiAicGFzc2VkIgogICAgICB9
2026-09-10T08:11:31.4410963Z GO_EVIDENCE_B64 LAogICAgICB7CiAgICAgICAgIndoZW4iOiAiY2FsbCIsCiAgICAgICAgIm91dGNvbWUiOiAicGFzc2VkIgogICAgICB9LAogICAgICB7CiAgICAgICAgIndoZW4iOiAidGVhcmRvd24iLAogICAgICAgICJvdXRjb21lIjogInBhc3NlZCIKICAgICAgfQogICAgXSwKICAgICJ0ZXN0cy9mbGlnaHQvdGVzdF93YXZlMDVfZmxpZ2h0X3Byb2R1Y3Rpb25fdHJ1dGhfZ2F0ZS5weTo6dGVzdF9mbGlnaHRfZml4dHVyZV9zZWFyY2hfZmFpbHNfY2xvc2VkX2luX3Byb2R1Y3Rpb24iOiBbCiAgICAgIHsKICAgICAgICAid2hlbiI6ICJzZXR1
2026-09-10T08:11:31.4417872Z GO_EVIDENCE_B64 cCIsCiAgICAgICAgIm91dGNvbWUiOiAicGFzc2VkIgogICAgICB9LAogICAgICB7CiAgICAgICAgIndoZW4iOiAiY2FsbCIsCiAgICAgICAgIm91dGNvbWUiOiAicGFzc2VkIgogICAgICB9LAogICAgICB7CiAgICAgICAgIndoZW4iOiAidGVhcmRvd24iLAogICAgICAgICJvdXRjb21lIjogInBhc3NlZCIKICAgICAgfQogICAgXSwKICAgICJ0ZXN0cy9mbGlnaHQvdGVzdF93YXZlMDVfZmxpZ2h0X3Byb2R1Y3Rpb25fdHJ1dGhfZ2F0ZS5weTo6dGVzdF9mbGlnaHRfZml4dHVyZV9zZWFyY2hfbm90X2Jsb2NrZWRfYnlfdHJ1dGhf
2026-09-10T08:11:31.4424736Z GO_EVIDENCE_B64 Z2F0ZV9pbl9sb2NhbCI6IFsKICAgICAgewogICAgICAgICJ3aGVuIjogInNldHVwIiwKICAgICAgICAib3V0Y29tZSI6ICJwYXNzZWQiCiAgICAgIH0sCiAgICAgIHsKICAgICAgICAid2hlbiI6ICJjYWxsIiwKICAgICAgICAib3V0Y29tZSI6ICJwYXNzZWQiCiAgICAgIH0sCiAgICAgIHsKICAgICAgICAid2hlbiI6ICJ0ZWFyZG93biIsCiAgICAgICAgIm91dGNvbWUiOiAicGFzc2VkIgogICAgICB9CiAgICBdLAogICAgInRlc3RzL3Rlc3RfY29tbWVyY2lhbF9jb25zdGl0dXRpb25fYWRtaW5fb3MucHk6OnRlc3RfYWRtaW5f
2026-09-10T08:11:31.4431449Z GO_EVIDENCE_B64 Y2Fubm90X2NyZWF0ZV9yZWNvbW1lbmRhdGlvbl93aXRob3V0X2luZGVwZW5kZW50X2p1ZGdtZW50IjogWwogICAgICB7CiAgICAgICAgIndoZW4iOiAic2V0dXAiLAogICAgICAgICJvdXRjb21lIjogInBhc3NlZCIKICAgICAgfSwKICAgICAgewogICAgICAgICJ3aGVuIjogImNhbGwiLAogICAgICAgICJvdXRjb21lIjogInBhc3NlZCIKICAgICAgfSwKICAgICAgewogICAgICAgICJ3aGVuIjogInRlYXJkb3duIiwKICAgICAgICAib3V0Y29tZSI6ICJwYXNzZWQiCiAgICAgIH0KICAgIF0sCiAgICAidGVzdHMvdGVzdF9jb21t
2026-09-10T08:11:31.4438268Z GO_EVIDENCE_B64 ZXJjaWFsX2NvbnN0aXR1dGlvbl9hZG1pbl9vcy5weTo6dGVzdF9yZWNvbW1lbmRhdGlvbl9hbmRfdmFsdWVfYXJlX2luZGVwZW5kZW50IjogWwogICAgICB7CiAgICAgICAgIndoZW4iOiAic2V0dXAiLAogICAgICAgICJvdXRjb21lIjogInBhc3NlZCIKICAgICAgfSwKICAgICAgewogICAgICAgICJ3aGVuIjogImNhbGwiLAogICAgICAgICJvdXRjb21lIjogInBhc3NlZCIKICAgICAgfSwKICAgICAgewogICAgICAgICJ3aGVuIjogInRlYXJkb3duIiwKICAgICAgICAib3V0Y29tZSI6ICJwYXNzZWQiCiAgICAgIH0KICAgIF0s
2026-09-10T08:11:31.4445263Z GO_EVIDENCE_B64 CiAgICAidGVzdHMvdGVzdF9jb21tZXJjaWFsX2NvbnN0aXR1dGlvbl9hZG1pbl9vcy5weTo6dGVzdF9yZWNvbW1lbmRhdGlvbl9lbGlnaWJpbGl0eV9pc19kZXJpdmVkX29ubHlfZnJvbV9qdWRnbWVudF9kZWNpc2lvbiI6IFsKICAgICAgewogICAgICAgICJ3aGVuIjogInNldHVwIiwKICAgICAgICAib3V0Y29tZSI6ICJwYXNzZWQiCiAgICAgIH0sCiAgICAgIHsKICAgICAgICAid2hlbiI6ICJjYWxsIiwKICAgICAgICAib3V0Y29tZSI6ICJwYXNzZWQiCiAgICAgIH0sCiAgICAgIHsKICAgICAgICAid2hlbiI6ICJ0ZWFyZG93
2026-09-10T08:11:31.4452394Z GO_EVIDENCE_B64 biIsCiAgICAgICAgIm91dGNvbWUiOiAicGFzc2VkIgogICAgICB9CiAgICBdLAogICAgInRlc3RzL3Rlc3RfY29tbWVyY2lhbF9jb25zdGl0dXRpb25fYWRtaW5fb3MucHk6OnRlc3RfZGlyZWN0X2ZpcnN0X2FuZF9nb3Zlcm5lZF9mYWxsYmFjayI6IFsKICAgICAgewogICAgICAgICJ3aGVuIjogInNldHVwIiwKICAgICAgICAib3V0Y29tZSI6ICJwYXNzZWQiCiAgICAgIH0sCiAgICAgIHsKICAgICAgICAid2hlbiI6ICJjYWxsIiwKICAgICAgICAib3V0Y29tZSI6ICJwYXNzZWQiCiAgICAgIH0sCiAgICAgIHsKICAgICAgICAi
2026-09-10T08:11:31.4459701Z GO_EVIDENCE_B64 d2hlbiI6ICJ0ZWFyZG93biIsCiAgICAgICAgIm91dGNvbWUiOiAicGFzc2VkIgogICAgICB9CiAgICBdLAogICAgInRlc3RzL3Rlc3RfY29tbWVyY2lhbF9jb25zdGl0dXRpb25fYWRtaW5fb3MucHk6OnRlc3RfdDIwX2lzX2V2aWRlbmNlX2RyaXZlbl9mYWxsYmFja19leGNsdWRlZF9hbmRfaWRlbXBvdGVudCI6IFsKICAgICAgewogICAgICAgICJ3aGVuIjogInNldHVwIiwKICAgICAgICAib3V0Y29tZSI6ICJwYXNzZWQiCiAgICAgIH0sCiAgICAgIHsKICAgICAgICAid2hlbiI6ICJjYWxsIiwKICAgICAgICAib3V0Y29tZSI6
2026-09-10T08:11:31.4467277Z GO_EVIDENCE_B64 ICJwYXNzZWQiCiAgICAgIH0sCiAgICAgIHsKICAgICAgICAid2hlbiI6ICJ0ZWFyZG93biIsCiAgICAgICAgIm91dGNvbWUiOiAicGFzc2VkIgogICAgICB9CiAgICBdLAogICAgInRlc3RzL3Rlc3RfY29tbWVyY2lhbF9jb25zdGl0dXRpb25fYWRtaW5fb3MucHk6OnRlc3RfaW52b2ljZV9wb2xpY3lfd2FpdmVyX2FuZF9tYWtlcl9jaGVja2VyIjogWwogICAgICB7CiAgICAgICAgIndoZW4iOiAic2V0dXAiLAogICAgICAgICJvdXRjb21lIjogInBhc3NlZCIKICAgICAgfSwKICAgICAgewogICAgICAgICJ3aGVuIjogImNhbGwi
2026-09-10T08:11:31.4475293Z GO_EVIDENCE_B64 LAogICAgICAgICJvdXRjb21lIjogInBhc3NlZCIKICAgICAgfSwKICAgICAgewogICAgICAgICJ3aGVuIjogInRlYXJkb3duIiwKICAgICAgICAib3V0Y29tZSI6ICJwYXNzZWQiCiAgICAgIH0KICAgIF0sCiAgICAidGVzdHMvdGVzdF9jb21tZXJjaWFsX2NvbnN0aXR1dGlvbl9hZG1pbl9vcy5weTo6dGVzdF9ob3RlbF9uZXRfZ3VhcmRfYmxvY2tzX2JlbG93X2F1dGhvcml6ZWRfZmxvb3IiOiBbCiAgICAgIHsKICAgICAgICAid2hlbiI6ICJzZXR1cCIsCiAgICAgICAgIm91dGNvbWUiOiAicGFzc2VkIgogICAgICB9LAogICAg
2026-09-10T08:11:31.4486854Z GO_EVIDENCE_B64 ICB7CiAgICAgICAgIndoZW4iOiAiY2FsbCIsCiAgICAgICAgIm91dGNvbWUiOiAicGFzc2VkIgogICAgICB9LAogICAgICB7CiAgICAgICAgIndoZW4iOiAidGVhcmRvd24iLAogICAgICAgICJvdXRjb21lIjogInBhc3NlZCIKICAgICAgfQogICAgXSwKICAgICJ0ZXN0cy90ZXN0X2NvbW1lcmNpYWxfY29uc3RpdHV0aW9uX2FkbWluX29zLnB5Ojp0ZXN0X3BvbGljeV9yZXF1aXJlc19tYWtlcl9jaGVja2VyX2FuZF9yZWplY3RzX2JvdWdodF9yZWNvbW1lbmRhdGlvbl9ydWxlIjogWwogICAgICB7CiAgICAgICAgIndoZW4iOiAi
2026-09-10T08:11:31.4494366Z GO_EVIDENCE_B64 c2V0dXAiLAogICAgICAgICJvdXRjb21lIjogInBhc3NlZCIKICAgICAgfSwKICAgICAgewogICAgICAgICJ3aGVuIjogImNhbGwiLAogICAgICAgICJvdXRjb21lIjogInBhc3NlZCIKICAgICAgfSwKICAgICAgewogICAgICAgICJ3aGVuIjogInRlYXJkb3duIiwKICAgICAgICAib3V0Y29tZSI6ICJwYXNzZWQiCiAgICAgIH0KICAgIF0sCiAgICAidGVzdHMvdGVzdF9jb21tZXJjaWFsX2NvbnN0aXR1dGlvbl9hZG1pbl9vcy5weTo6dGVzdF9pbnZvaWNlX3BvbGljeV9hbW91bnRfaXNfZmFpbF9jbG9zZWRfbm9fbGVnYWN5X2Rl
2026-09-10T08:11:31.4501801Z GO_EVIDENCE_B64 ZmF1bHQiOiBbCiAgICAgIHsKICAgICAgICAid2hlbiI6ICJzZXR1cCIsCiAgICAgICAgIm91dGNvbWUiOiAicGFzc2VkIgogICAgICB9LAogICAgICB7CiAgICAgICAgIndoZW4iOiAiY2FsbCIsCiAgICAgICAgIm91dGNvbWUiOiAicGFzc2VkIgogICAgICB9LAogICAgICB7CiAgICAgICAgIndoZW4iOiAidGVhcmRvd24iLAogICAgICAgICJvdXRjb21lIjogInBhc3NlZCIKICAgICAgfQogICAgXSwKICAgICJ0ZXN0cy90ZXN0X2NvbnN1bWVyX3VuaWZpZWRfbGlmZWN5Y2xlLnB5Ojp0ZXN0X2VhY2hfdmVydGljYWxfcmVxdWly
2026-09-10T08:11:31.4509220Z GO_EVIDENCE_B64 ZXNfY29tcGxldGVfZXZpZGVuY2VkX2ZhY3QiOiBbCiAgICAgIHsKICAgICAgICAid2hlbiI6ICJzZXR1cCIsCiAgICAgICAgIm91dGNvbWUiOiAicGFzc2VkIgogICAgICB9LAogICAgICB7CiAgICAgICAgIndoZW4iOiAiY2FsbCIsCiAgICAgICAgIm91dGNvbWUiOiAicGFzc2VkIgogICAgICB9LAogICAgICB7CiAgICAgICAgIndoZW4iOiAidGVhcmRvd24iLAogICAgICAgICJvdXRjb21lIjogInBhc3NlZCIKICAgICAgfQogICAgXSwKICAgICJ0ZXN0cy90ZXN0X2NvbnN1bWVyX3VuaWZpZWRfbGlmZWN5Y2xlLnB5Ojp0ZXN0
2026-09-10T08:11:31.4516494Z GO_EVIDENCE_B64 X21pc3NpbmdfZXZpZGVuY2VfYW5kX2ludmFsaWRfc3RhdGVfZmFpbF9jbG9zZWQiOiBbCiAgICAgIHsKICAgICAgICAid2hlbiI6ICJzZXR1cCIsCiAgICAgICAgIm91dGNvbWUiOiAicGFzc2VkIgogICAgICB9LAogICAgICB7CiAgICAgICAgIndoZW4iOiAiY2FsbCIsCiAgICAgICAgIm91dGNvbWUiOiAicGFzc2VkIgogICAgICB9LAogICAgICB7CiAgICAgICAgIndoZW4iOiAidGVhcmRvd24iLAogICAgICAgICJvdXRjb21lIjogInBhc3NlZCIKICAgICAgfQogICAgXSwKICAgICJ0ZXN0cy90ZXN0X2NvbnN1bWVyX3VuaWZp
2026-09-10T08:11:31.4523217Z GO_EVIDENCE_B64 ZWRfbGlmZWN5Y2xlLnB5Ojp0ZXN0X3N0YWxlX3ZlcnRpY2FsX2ZhY3RfY2Fubm90X292ZXJ3cml0ZV9uZXdlcl90cnV0aF9hbmRfYWNjb3VudF9pc29sYXRlZCI6IFsKICAgICAgewogICAgICAgICJ3aGVuIjogInNldHVwIiwKICAgICAgICAib3V0Y29tZSI6ICJwYXNzZWQiCiAgICAgIH0sCiAgICAgIHsKICAgICAgICAid2hlbiI6ICJjYWxsIiwKICAgICAgICAib3V0Y29tZSI6ICJwYXNzZWQiCiAgICAgIH0sCiAgICAgIHsKICAgICAgICAid2hlbiI6ICJ0ZWFyZG93biIsCiAgICAgICAgIm91dGNvbWUiOiAicGFzc2VkIgog
2026-09-10T08:11:31.4535783Z GO_EVIDENCE_B64 ICAgICB9CiAgICBdLAogICAgInRlc3RzL3Rlc3RfZGVwdGgwNl9yZW50YWxfc2V0dGxlbWVudC5weTo6dGVzdF9sb25nZXJfc2hvcnRlcl9sb25nZXJfdGhlbl9jYW5jZWxfcmV0dXJuc19ldmVyeV9jYXB0dXJlX29uY2UiOiBbCiAgICAgIHsKICAgICAgICAid2hlbiI6ICJzZXR1cCIsCiAgICAgICAgIm91dGNvbWUiOiAicGFzc2VkIgogICAgICB9LAogICAgICB7CiAgICAgICAgIndoZW4iOiAiY2FsbCIsCiAgICAgICAgIm91dGNvbWUiOiAicGFzc2VkIgogICAgICB9LAogICAgICB7CiAgICAgICAgIndoZW4iOiAidGVhcmRv
2026-09-10T08:11:31.4548957Z GO_EVIDENCE_B64 d24iLAogICAgICAgICJvdXRjb21lIjogInBhc3NlZCIKICAgICAgfQogICAgXSwKICAgICJ0ZXN0cy90ZXN0X2RlcHRoMDZfcmVudGFsX3NldHRsZW1lbnQucHk6OnRlc3RfcXVvdGVfaXNfZXhwbGljaXRfYm91bmRfdG9fYW1vdW50X293bmVyX2FuZF9kYXRlcyI6IFsKICAgICAgewogICAgICAgICJ3aGVuIjogInNldHVwIiwKICAgICAgICAib3V0Y29tZSI6ICJwYXNzZWQiCiAgICAgIH0sCiAgICAgIHsKICAgICAgICAid2hlbiI6ICJjYWxsIiwKICAgICAgICAib3V0Y29tZSI6ICJwYXNzZWQiCiAgICAgIH0sCiAgICAgIHsK
2026-09-10T08:11:31.4562938Z GO_EVIDENCE_B64 ICAgICAgICAid2hlbiI6ICJ0ZWFyZG93biIsCiAgICAgICAgIm91dGNvbWUiOiAicGFzc2VkIgogICAgICB9CiAgICBdLAogICAgInRlc3RzL3Rlc3RfZGVwdGgwNl9yZW50YWxfc2V0dGxlbWVudC5weTo6dGVzdF9leHBpcmVkX3F1b3RlX2FuZF9taXNtYXRjaGVkX29yZGVyX2RvX25vdF9tb3ZlX21vbmV5IjogWwogICAgICB7CiAgICAgICAgIndoZW4iOiAic2V0dXAiLAogICAgICAgICJvdXRjb21lIjogInBhc3NlZCIKICAgICAgfSwKICAgICAgewogICAgICAgICJ3aGVuIjogImNhbGwiLAogICAgICAgICJvdXRjb21lIjog
2026-09-10T08:11:31.4572252Z GO_EVIDENCE_B64 InBhc3NlZCIKICAgICAgfSwKICAgICAgewogICAgICAgICJ3aGVuIjogInRlYXJkb3duIiwKICAgICAgICAib3V0Y29tZSI6ICJwYXNzZWQiCiAgICAgIH0KICAgIF0sCiAgICAidGVzdHMvdGVzdF9kZXB0aDA2X3JlbnRhbF9zZXR0bGVtZW50LnB5Ojp0ZXN0X3RvcHVwX2ZhaWx1cmVfaXNfcmVjb3ZlcmFibGVfYW5kX2Jsb2Nrc19jb21wZXRpbmdfYWN0aW9ucyI6IFsKICAgICAgewogICAgICAgICJ3aGVuIjogInNldHVwIiwKICAgICAgICAib3V0Y29tZSI6ICJwYXNzZWQiCiAgICAgIH0sCiAgICAgIHsKICAgICAgICAid2hl
2026-09-10T08:11:31.4579339Z GO_EVIDENCE_B64 biI6ICJjYWxsIiwKICAgICAgICAib3V0Y29tZSI6ICJwYXNzZWQiCiAgICAgIH0sCiAgICAgIHsKICAgICAgICAid2hlbiI6ICJ0ZWFyZG93biIsCiAgICAgICAgIm91dGNvbWUiOiAicGFzc2VkIgogICAgICB9CiAgICBdLAogICAgInRlc3RzL3Rlc3RfZGVwdGgwNl9yZW50YWxfc2V0dGxlbWVudC5weTo6dGVzdF9wYXJ0aWFsX3JlZnVuZF93b3JrZXJfcmVzdGFydF9yZXVzZXNfZnJvemVuX2FsbG9jYXRpb25zW3Nob3J0ZW5dIjogWwogICAgICB7CiAgICAgICAgIndoZW4iOiAic2V0dXAiLAogICAgICAgICJvdXRjb21lIjog
2026-09-10T08:11:31.4586393Z GO_EVIDENCE_B64 InBhc3NlZCIKICAgICAgfSwKICAgICAgewogICAgICAgICJ3aGVuIjogImNhbGwiLAogICAgICAgICJvdXRjb21lIjogInBhc3NlZCIKICAgICAgfSwKICAgICAgewogICAgICAgICJ3aGVuIjogInRlYXJkb3duIiwKICAgICAgICAib3V0Y29tZSI6ICJwYXNzZWQiCiAgICAgIH0KICAgIF0sCiAgICAidGVzdHMvdGVzdF9kZXB0aDA2X3JlbnRhbF9zZXR0bGVtZW50LnB5Ojp0ZXN0X3BhcnRpYWxfcmVmdW5kX3dvcmtlcl9yZXN0YXJ0X3JldXNlc19mcm96ZW5fYWxsb2NhdGlvbnNbY2FuY2VsXSI6IFsKICAgICAgewogICAgICAg
2026-09-10T08:11:31.4593274Z GO_EVIDENCE_B64 ICJ3aGVuIjogInNldHVwIiwKICAgICAgICAib3V0Y29tZSI6ICJwYXNzZWQiCiAgICAgIH0sCiAgICAgIHsKICAgICAgICAid2hlbiI6ICJjYWxsIiwKICAgICAgICAib3V0Y29tZSI6ICJwYXNzZWQiCiAgICAgIH0sCiAgICAgIHsKICAgICAgICAid2hlbiI6ICJ0ZWFyZG93biIsCiAgICAgICAgIm91dGNvbWUiOiAicGFzc2VkIgogICAgICB9CiAgICBdLAogICAgInRlc3RzL3Rlc3RfZGVwdGgwNl9yZW50YWxfc2V0dGxlbWVudC5weTo6dGVzdF9jb21wZXRpbmdfcXVvdGVzX29ubHlfb25lX2Nhbl9jaGFuZ2Vfb3JkZXIiOiBb
2026-09-10T08:11:31.4600221Z GO_EVIDENCE_B64 CiAgICAgIHsKICAgICAgICAid2hlbiI6ICJzZXR1cCIsCiAgICAgICAgIm91dGNvbWUiOiAicGFzc2VkIgogICAgICB9LAogICAgICB7CiAgICAgICAgIndoZW4iOiAiY2FsbCIsCiAgICAgICAgIm91dGNvbWUiOiAicGFzc2VkIgogICAgICB9LAogICAgICB7CiAgICAgICAgIndoZW4iOiAidGVhcmRvd24iLAogICAgICAgICJvdXRjb21lIjogInBhc3NlZCIKICAgICAgfQogICAgXSwKICAgICJ0ZXN0cy90ZXN0X2RlcHRoMDZfcmVudGFsX3NldHRsZW1lbnQucHk6OnRlc3Rfc2FtZV9xdW90ZV9jb25jdXJyZW50X3JldHJpZXNf
2026-09-10T08:11:31.4607356Z GO_EVIDENCE_B64 Y2hhcmdlX29uY2UiOiBbCiAgICAgIHsKICAgICAgICAid2hlbiI6ICJzZXR1cCIsCiAgICAgICAgIm91dGNvbWUiOiAicGFzc2VkIgogICAgICB9LAogICAgICB7CiAgICAgICAgIndoZW4iOiAiY2FsbCIsCiAgICAgICAgIm91dGNvbWUiOiAicGFzc2VkIgogICAgICB9LAogICAgICB7CiAgICAgICAgIndoZW4iOiAidGVhcmRvd24iLAogICAgICAgICJvdXRjb21lIjogInBhc3NlZCIKICAgICAgfQogICAgXSwKICAgICJ0ZXN0cy90ZXN0X2RlcHRoMDZfcmVudGFsX3NldHRsZW1lbnQucHk6OnRlc3RfZXF1YWxfcHJpY2VfY2hh
2026-09-10T08:11:31.4614177Z GO_EVIDENCE_B64 bmdlX2RvZXNfbm90X2FkZF9tb25leV9tb3ZlbWVudHMiOiBbCiAgICAgIHsKICAgICAgICAid2hlbiI6ICJzZXR1cCIsCiAgICAgICAgIm91dGNvbWUiOiAicGFzc2VkIgogICAgICB9LAogICAgICB7CiAgICAgICAgIndoZW4iOiAiY2FsbCIsCiAgICAgICAgIm91dGNvbWUiOiAicGFzc2VkIgogICAgICB9LAogICAgICB7CiAgICAgICAgIndoZW4iOiAidGVhcmRvd24iLAogICAgICAgICJvdXRjb21lIjogInBhc3NlZCIKICAgICAgfQogICAgXSwKICAgICJ0ZXN0cy90ZXN0X2RlcHRoMDZfcmVudGFsX3NldHRsZW1lbnQucHk6
2026-09-10T08:11:31.4621083Z GO_EVIDENCE_B64 OnRlc3Rfc3RhZ2luZ19jYW5ub3RfcnVuX3JlbnRhbF9zaW11bGF0b3IiOiBbCiAgICAgIHsKICAgICAgICAid2hlbiI6ICJzZXR1cCIsCiAgICAgICAgIm91dGNvbWUiOiAicGFzc2VkIgogICAgICB9LAogICAgICB7CiAgICAgICAgIndoZW4iOiAiY2FsbCIsCiAgICAgICAgIm91dGNvbWUiOiAicGFzc2VkIgogICAgICB9LAogICAgICB7CiAgICAgICAgIndoZW4iOiAidGVhcmRvd24iLAogICAgICAgICJvdXRjb21lIjogInBhc3NlZCIKICAgICAgfQogICAgXSwKICAgICJ0ZXN0cy90ZXN0X2RlcHRoMDlfaG90ZWxfcmVwbGlj
2026-09-10T08:11:31.4627994Z GO_EVIDENCE_B64 YXRpb24ucHk6OnRlc3RfZGVjbGFyZWRfcm9vbXNfYXJlX2NhcHR1cmVkX3dpdGhfZXhhY3RfZmFjdHNfYW5kX2ltYWdlX2JpbmRpbmdzIjogWwogICAgICB7CiAgICAgICAgIndoZW4iOiAic2V0dXAiLAogICAgICAgICJvdXRjb21lIjogInBhc3NlZCIKICAgICAgfSwKICAgICAgewogICAgICAgICJ3aGVuIjogImNhbGwiLAogICAgICAgICJvdXRjb21lIjogInBhc3NlZCIKICAgICAgfSwKICAgICAgewogICAgICAgICJ3aGVuIjogInRlYXJkb3duIiwKICAgICAgICAib3V0Y29tZSI6ICJwYXNzZWQiCiAgICAgIH0KICAgIF0s
2026-09-10T08:11:31.4634944Z GO_EVIDENCE_B64 CiAgICAidGVzdHMvdGVzdF9kZXB0aDA5X2hvdGVsX3JlcGxpY2F0aW9uLnB5Ojp0ZXN0X29mZmljaWFsX2NhcHR1cmVfcmVqZWN0c19vcl9ob2xkc19hbWJpZ3VvdXNfYW5kX2luY29tcGxldGVfc291cmNlc1t3cm9uZ19ob3RlbF0iOiBbCiAgICAgIHsKICAgICAgICAid2hlbiI6ICJzZXR1cCIsCiAgICAgICAgIm91dGNvbWUiOiAicGFzc2VkIgogICAgICB9LAogICAgICB7CiAgICAgICAgIndoZW4iOiAiY2FsbCIsCiAgICAgICAgIm91dGNvbWUiOiAicGFzc2VkIgogICAgICB9LAogICAgICB7CiAgICAgICAgIndoZW4iOiAi
2026-09-10T08:11:31.4641591Z GO_EVIDENCE_B64 dGVhcmRvd24iLAogICAgICAgICJvdXRjb21lIjogInBhc3NlZCIKICAgICAgfQogICAgXSwKICAgICJ0ZXN0cy90ZXN0X2RlcHRoMDlfaG90ZWxfcmVwbGljYXRpb24ucHk6OnRlc3Rfb2ZmaWNpYWxfY2FwdHVyZV9yZWplY3RzX29yX2hvbGRzX2FtYmlndW91c19hbmRfaW5jb21wbGV0ZV9zb3VyY2VzW2Nyb3NzX29yaWdpbl0iOiBbCiAgICAgIHsKICAgICAgICAid2hlbiI6ICJzZXR1cCIsCiAgICAgICAgIm91dGNvbWUiOiAicGFzc2VkIgogICAgICB9LAogICAgICB7CiAgICAgICAgIndoZW4iOiAiY2FsbCIsCiAgICAgICAg
2026-09-10T08:11:31.4648431Z GO_EVIDENCE_B64 Im91dGNvbWUiOiAicGFzc2VkIgogICAgICB9LAogICAgICB7CiAgICAgICAgIndoZW4iOiAidGVhcmRvd24iLAogICAgICAgICJvdXRjb21lIjogInBhc3NlZCIKICAgICAgfQogICAgXSwKICAgICJ0ZXN0cy90ZXN0X2RlcHRoMDlfaG90ZWxfcmVwbGljYXRpb24ucHk6OnRlc3Rfb2ZmaWNpYWxfY2FwdHVyZV9yZWplY3RzX29yX2hvbGRzX2FtYmlndW91c19hbmRfaW5jb21wbGV0ZV9zb3VyY2VzW2ZvcmVpZ25fcGFyZW50XSI6IFsKICAgICAgewogICAgICAgICJ3aGVuIjogInNldHVwIiwKICAgICAgICAib3V0Y29tZSI6ICJw
2026-09-10T08:11:31.4655328Z GO_EVIDENCE_B64 YXNzZWQiCiAgICAgIH0sCiAgICAgIHsKICAgICAgICAid2hlbiI6ICJjYWxsIiwKICAgICAgICAib3V0Y29tZSI6ICJwYXNzZWQiCiAgICAgIH0sCiAgICAgIHsKICAgICAgICAid2hlbiI6ICJ0ZWFyZG93biIsCiAgICAgICAgIm91dGNvbWUiOiAicGFzc2VkIgogICAgICB9CiAgICBdLAogICAgInRlc3RzL3Rlc3RfZGVwdGgwOV9ob3RlbF9yZXBsaWNhdGlvbi5weTo6dGVzdF9vZmZpY2lhbF9jYXB0dXJlX3JlamVjdHNfb3JfaG9sZHNfYW1iaWd1b3VzX2FuZF9pbmNvbXBsZXRlX3NvdXJjZXNbbWlzc2luZ19wYWdlXSI6IFsK
2026-09-10T08:11:31.4662248Z GO_EVIDENCE_B64 ICAgICAgewogICAgICAgICJ3aGVuIjogInNldHVwIiwKICAgICAgICAib3V0Y29tZSI6ICJwYXNzZWQiCiAgICAgIH0sCiAgICAgIHsKICAgICAgICAid2hlbiI6ICJjYWxsIiwKICAgICAgICAib3V0Y29tZSI6ICJwYXNzZWQiCiAgICAgIH0sCiAgICAgIHsKICAgICAgICAid2hlbiI6ICJ0ZWFyZG93biIsCiAgICAgICAgIm91dGNvbWUiOiAicGFzc2VkIgogICAgICB9CiAgICBdLAogICAgInRlc3RzL3Rlc3RfZGVwdGgwOV9ob3RlbF9yZXBsaWNhdGlvbi5weTo6dGVzdF9vZmZpY2lhbF9jYXB0dXJlX3JlamVjdHNfb3JfaG9s
2026-09-10T08:11:31.4669382Z GO_EVIDENCE_B64 ZHNfYW1iaWd1b3VzX2FuZF9pbmNvbXBsZXRlX3NvdXJjZXNbYnVkZ2V0XSI6IFsKICAgICAgewogICAgICAgICJ3aGVuIjogInNldHVwIiwKICAgICAgICAib3V0Y29tZSI6ICJwYXNzZWQiCiAgICAgIH0sCiAgICAgIHsKICAgICAgICAid2hlbiI6ICJjYWxsIiwKICAgICAgICAib3V0Y29tZSI6ICJwYXNzZWQiCiAgICAgIH0sCiAgICAgIHsKICAgICAgICAid2hlbiI6ICJ0ZWFyZG93biIsCiAgICAgICAgIm91dGNvbWUiOiAicGFzc2VkIgogICAgICB9CiAgICBdLAogICAgInRlc3RzL3Rlc3RfZGVwdGgwOV9ob3RlbF9yZXBs
2026-09-10T08:11:31.4676306Z GO_EVIDENCE_B64 aWNhdGlvbi5weTo6dGVzdF9vZmZpY2lhbF9jYXB0dXJlX3JlamVjdHNfb3JfaG9sZHNfYW1iaWd1b3VzX2FuZF9pbmNvbXBsZXRlX3NvdXJjZXNbbWlzc2luZ19pZF0iOiBbCiAgICAgIHsKICAgICAgICAid2hlbiI6ICJzZXR1cCIsCiAgICAgICAgIm91dGNvbWUiOiAicGFzc2VkIgogICAgICB9LAogICAgICB7CiAgICAgICAgIndoZW4iOiAiY2FsbCIsCiAgICAgICAgIm91dGNvbWUiOiAicGFzc2VkIgogICAgICB9LAogICAgICB7CiAgICAgICAgIndoZW4iOiAidGVhcmRvd24iLAogICAgICAgICJvdXRjb21lIjogInBhc3Nl
2026-09-10T08:11:31.4683049Z GO_EVIDENCE_B64 ZCIKICAgICAgfQogICAgXSwKICAgICJ0ZXN0cy90ZXN0X2RlcHRoMDlfaG90ZWxfcmVwbGljYXRpb24ucHk6OnRlc3Rfb2ZmaWNpYWxfY2FwdHVyZV9yZWplY3RzX29yX2hvbGRzX2FtYmlndW91c19hbmRfaW5jb21wbGV0ZV9zb3VyY2VzW2R1cGxpY2F0ZV9yb29tXSI6IFsKICAgICAgewogICAgICAgICJ3aGVuIjogInNldHVwIiwKICAgICAgICAib3V0Y29tZSI6ICJwYXNzZWQiCiAgICAgIH0sCiAgICAgIHsKICAgICAgICAid2hlbiI6ICJjYWxsIiwKICAgICAgICAib3V0Y29tZSI6ICJwYXNzZWQiCiAgICAgIH0sCiAgICAg
2026-09-10T08:11:31.4689863Z GO_EVIDENCE_B64 IHsKICAgICAgICAid2hlbiI6ICJ0ZWFyZG93biIsCiAgICAgICAgIm91dGNvbWUiOiAicGFzc2VkIgogICAgICB9CiAgICBdLAogICAgInRlc3RzL3Rlc3RfZGVwdGgwOV9ob3RlbF9yZXBsaWNhdGlvbi5weTo6dGVzdF9ub19yb29tX2RpcmVjdG9yeV9hbmRfYXJiaXRyYXJ5X2ltYWdlc19kb19ub3RfYmVjb21lX2NvbXBsZXRlX2NhdGFsb2ciOiBbCiAgICAgIHsKICAgICAgICAid2hlbiI6ICJzZXR1cCIsCiAgICAgICAgIm91dGNvbWUiOiAicGFzc2VkIgogICAgICB9LAogICAgICB7CiAgICAgICAgIndoZW4iOiAiY2FsbCIs
2026-09-10T08:11:31.4697009Z GO_EVIDENCE_B64 CiAgICAgICAgIm91dGNvbWUiOiAicGFzc2VkIgogICAgICB9LAogICAgICB7CiAgICAgICAgIndoZW4iOiAidGVhcmRvd24iLAogICAgICAgICJvdXRjb21lIjogInBhc3NlZCIKICAgICAgfQogICAgXSwKICAgICJ0ZXN0cy90ZXN0X2RlcHRoMDlfaG90ZWxfcmVwbGljYXRpb24ucHk6OnRlc3RfbmFtZV9hZGRyZXNzX2Fsb25lX3N0YXlzX2RyYWZ0X2FuZF9tYW51YWxfcHVibGlzaF9pc19ibG9ja2VkIjogWwogICAgICB7CiAgICAgICAgIndoZW4iOiAic2V0dXAiLAogICAgICAgICJvdXRjb21lIjogInBhc3NlZCIKICAgICAg
2026-09-10T08:11:31.4703905Z GO_EVIDENCE_B64 fSwKICAgICAgewogICAgICAgICJ3aGVuIjogImNhbGwiLAogICAgICAgICJvdXRjb21lIjogInBhc3NlZCIKICAgICAgfSwKICAgICAgewogICAgICAgICJ3aGVuIjogInRlYXJkb3duIiwKICAgICAgICAib3V0Y29tZSI6ICJwYXNzZWQiCiAgICAgIH0KICAgIF0sCiAgICAidGVzdHMvdGVzdF9kZXB0aDA5X2hvdGVsX3JlcGxpY2F0aW9uLnB5Ojp0ZXN0X25hbWVfb25seV9tYXRjaF9kb2VzX25vdF9tZXJnZV9zZXBhcmF0ZV9wcm9wZXJ0aWVzIjogWwogICAgICB7CiAgICAgICAgIndoZW4iOiAic2V0dXAiLAogICAgICAgICJv
2026-09-10T08:11:31.4710988Z GO_EVIDENCE_B64 dXRjb21lIjogInBhc3NlZCIKICAgICAgfSwKICAgICAgewogICAgICAgICJ3aGVuIjogImNhbGwiLAogICAgICAgICJvdXRjb21lIjogInBhc3NlZCIKICAgICAgfSwKICAgICAgewogICAgICAgICJ3aGVuIjogInRlYXJkb3duIiwKICAgICAgICAib3V0Y29tZSI6ICJwYXNzZWQiCiAgICAgIH0KICAgIF0sCiAgICAidGVzdHMvdGVzdF9kZXB0aDA5X2hvdGVsX3JlcGxpY2F0aW9uLnB5Ojp0ZXN0X3NhbWVfbmFtZV9hbmRfYWRkcmVzc19yZXNvbHZlc19pZGVudGl0eV9hY3Jvc3Nfc291cmNlcyI6IFsKICAgICAgewogICAgICAg
2026-09-10T08:11:31.4717999Z GO_EVIDENCE_B64 ICJ3aGVuIjogInNldHVwIiwKICAgICAgICAib3V0Y29tZSI6ICJwYXNzZWQiCiAgICAgIH0sCiAgICAgIHsKICAgICAgICAid2hlbiI6ICJjYWxsIiwKICAgICAgICAib3V0Y29tZSI6ICJwYXNzZWQiCiAgICAgIH0sCiAgICAgIHsKICAgICAgICAid2hlbiI6ICJ0ZWFyZG93biIsCiAgICAgICAgIm91dGNvbWUiOiAicGFzc2VkIgogICAgICB9CiAgICBdLAogICAgInRlc3RzL3Rlc3RfZGVwdGgwOV9ob3RlbF9yZXBsaWNhdGlvbi5weTo6dGVzdF9jb25jdXJyZW50X2lkZW50aWNhbF9pbXBvcnRfaGFzX29uZV9wcm9maWxlX3Nu
2026-09-10T08:11:31.4725042Z GO_EVIDENCE_B64 YXBzaG90X2FuZF92ZXJzaW9uIjogWwogICAgICB7CiAgICAgICAgIndoZW4iOiAic2V0dXAiLAogICAgICAgICJvdXRjb21lIjogInBhc3NlZCIKICAgICAgfSwKICAgICAgewogICAgICAgICJ3aGVuIjogImNhbGwiLAogICAgICAgICJvdXRjb21lIjogInBhc3NlZCIKICAgICAgfSwKICAgICAgewogICAgICAgICJ3aGVuIjogInRlYXJkb3duIiwKICAgICAgICAib3V0Y29tZSI6ICJwYXNzZWQiCiAgICAgIH0KICAgIF0sCiAgICAidGVzdHMvdGVzdF9kZXB0aDA5X2hvdGVsX3JlcGxpY2F0aW9uLnB5Ojp0ZXN0X2NvbmN1cnJl
2026-09-10T08:11:31.4732147Z GO_EVIDENCE_B64 bnRfY2hhbmdlZF9zbmFwc2hvdHNfa2VlcF9zdGFibGVfcHJvdmlkZXJfaWRlbnRpdHkiOiBbCiAgICAgIHsKICAgICAgICAid2hlbiI6ICJzZXR1cCIsCiAgICAgICAgIm91dGNvbWUiOiAicGFzc2VkIgogICAgICB9LAogICAgICB7CiAgICAgICAgIndoZW4iOiAiY2FsbCIsCiAgICAgICAgIm91dGNvbWUiOiAicGFzc2VkIgogICAgICB9LAogICAgICB7CiAgICAgICAgIndoZW4iOiAidGVhcmRvd24iLAogICAgICAgICJvdXRjb21lIjogInBhc3NlZCIKICAgICAgfQogICAgXSwKICAgICJ0ZXN0cy90ZXN0X2RlcHRoMDlfaG90
2026-09-10T08:11:31.4739157Z GO_EVIDENCE_B64 ZWxfcmVwbGljYXRpb24ucHk6OnRlc3Rfb2Jzb2xldGVfc291cmNlX2ZpZWxkc19hcmVfcmVtb3ZlZF93aXRob3V0X2hpc3RvcmljYWxfY29uZmxpY3RzIjogWwogICAgICB7CiAgICAgICAgIndoZW4iOiAic2V0dXAiLAogICAgICAgICJvdXRjb21lIjogInBhc3NlZCIKICAgICAgfSwKICAgICAgewogICAgICAgICJ3aGVuIjogImNhbGwiLAogICAgICAgICJvdXRjb21lIjogInBhc3NlZCIKICAgICAgfSwKICAgICAgewogICAgICAgICJ3aGVuIjogInRlYXJkb3duIiwKICAgICAgICAib3V0Y29tZSI6ICJwYXNzZWQiCiAgICAg
2026-09-10T08:11:31.4746069Z GO_EVIDENCE_B64 IH0KICAgIF0sCiAgICAidGVzdHMvdGVzdF9kZXB0aDA5X2hvdGVsX3JlcGxpY2F0aW9uLnB5Ojp0ZXN0X2Z1bGxfY2F0YWxvZ19jYWNoZV9jYW5fcHVibGlzaF9hbmRfcmVwbGF5X3dpdGhvdXRfZ3Jvd3RoIjogWwogICAgICB7CiAgICAgICAgIndoZW4iOiAic2V0dXAiLAogICAgICAgICJvdXRjb21lIjogInBhc3NlZCIKICAgICAgfSwKICAgICAgewogICAgICAgICJ3aGVuIjogImNhbGwiLAogICAgICAgICJvdXRjb21lIjogInBhc3NlZCIKICAgICAgfSwKICAgICAgewogICAgICAgICJ3aGVuIjogInRlYXJkb3duIiwKICAg
2026-09-10T08:11:31.4752834Z GO_EVIDENCE_B64 ICAgICAib3V0Y29tZSI6ICJwYXNzZWQiCiAgICAgIH0KICAgIF0sCiAgICAidGVzdHMvdGVzdF9kZXB0aDA5X2hvdGVsX3JlcGxpY2F0aW9uLnB5Ojp0ZXN0X2JhZF91cGRhdGVfcHJlc2VydmVzX2xhc3RfZ29vZF9wdWJsaWNfdmVyc2lvbiI6IFsKICAgICAgewogICAgICAgICJ3aGVuIjogInNldHVwIiwKICAgICAgICAib3V0Y29tZSI6ICJwYXNzZWQiCiAgICAgIH0sCiAgICAgIHsKICAgICAgICAid2hlbiI6ICJjYWxsIiwKICAgICAgICAib3V0Y29tZSI6ICJwYXNzZWQiCiAgICAgIH0sCiAgICAgIHsKICAgICAgICAid2hl
2026-09-10T08:11:31.4759865Z GO_EVIDENCE_B64 biI6ICJ0ZWFyZG93biIsCiAgICAgICAgIm91dGNvbWUiOiAicGFzc2VkIgogICAgICB9CiAgICBdLAogICAgInRlc3RzL3Rlc3RfZGVwdGgwOV9ob3RlbF9yZXBsaWNhdGlvbi5weTo6dGVzdF9tYW51YWxfdW5wdWJsaXNoX3N1cnZpdmVzX3JlY29tcG9zZV9hbmRfdXBkYXRlcyI6IFsKICAgICAgewogICAgICAgICJ3aGVuIjogInNldHVwIiwKICAgICAgICAib3V0Y29tZSI6ICJwYXNzZWQiCiAgICAgIH0sCiAgICAgIHsKICAgICAgICAid2hlbiI6ICJjYWxsIiwKICAgICAgICAib3V0Y29tZSI6ICJwYXNzZWQiCiAgICAgIH0s
2026-09-10T08:11:31.4766834Z GO_EVIDENCE_B64 CiAgICAgIHsKICAgICAgICAid2hlbiI6ICJ0ZWFyZG93biIsCiAgICAgICAgIm91dGNvbWUiOiAicGFzc2VkIgogICAgICB9CiAgICBdLAogICAgInRlc3RzL3Rlc3RfZGVwdGgwOV9ob3RlbF9yZXBsaWNhdGlvbi5weTo6dGVzdF9wdWJsaWNhdGlvbl9jaGVja3NfcmVhbF9tZWRpYV9hbmRfZXhhY3RfY2F0YWxvZ19ldmlkZW5jZVtmaWxlX2RlbGV0ZWRdIjogWwogICAgICB7CiAgICAgICAgIndoZW4iOiAic2V0dXAiLAogICAgICAgICJvdXRjb21lIjogInBhc3NlZCIKICAgICAgfSwKICAgICAgewogICAgICAgICJ3aGVuIjog
2026-09-10T08:11:31.4773689Z GO_EVIDENCE_B64 ImNhbGwiLAogICAgICAgICJvdXRjb21lIjogInBhc3NlZCIKICAgICAgfSwKICAgICAgewogICAgICAgICJ3aGVuIjogInRlYXJkb3duIiwKICAgICAgICAib3V0Y29tZSI6ICJwYXNzZWQiCiAgICAgIH0KICAgIF0sCiAgICAidGVzdHMvdGVzdF9kZXB0aDA5X2hvdGVsX3JlcGxpY2F0aW9uLnB5Ojp0ZXN0X3B1YmxpY2F0aW9uX2NoZWNrc19yZWFsX21lZGlhX2FuZF9leGFjdF9jYXRhbG9nX2V2aWRlbmNlW2ZpbGVfY29ycnVwdGVkXSI6IFsKICAgICAgewogICAgICAgICJ3aGVuIjogInNldHVwIiwKICAgICAgICAib3V0Y29t
2026-09-10T08:11:31.4780635Z GO_EVIDENCE_B64 ZSI6ICJwYXNzZWQiCiAgICAgIH0sCiAgICAgIHsKICAgICAgICAid2hlbiI6ICJjYWxsIiwKICAgICAgICAib3V0Y29tZSI6ICJwYXNzZWQiCiAgICAgIH0sCiAgICAgIHsKICAgICAgICAid2hlbiI6ICJ0ZWFyZG93biIsCiAgICAgICAgIm91dGNvbWUiOiAicGFzc2VkIgogICAgICB9CiAgICBdLAogICAgInRlc3RzL3Rlc3RfZGVwdGgwOV9ob3RlbF9yZXBsaWNhdGlvbi5weTo6dGVzdF9wdWJsaWNhdGlvbl9jaGVja3NfcmVhbF9tZWRpYV9hbmRfZXhhY3RfY2F0YWxvZ19ldmlkZW5jZVtyaWdodHNfcmV2b2tlZF0iOiBbCiAg
2026-09-10T08:11:31.4787637Z GO_EVIDENCE_B64 ICAgIHsKICAgICAgICAid2hlbiI6ICJzZXR1cCIsCiAgICAgICAgIm91dGNvbWUiOiAicGFzc2VkIgogICAgICB9LAogICAgICB7CiAgICAgICAgIndoZW4iOiAiY2FsbCIsCiAgICAgICAgIm91dGNvbWUiOiAicGFzc2VkIgogICAgICB9LAogICAgICB7CiAgICAgICAgIndoZW4iOiAidGVhcmRvd24iLAogICAgICAgICJvdXRjb21lIjogInBhc3NlZCIKICAgICAgfQogICAgXSwKICAgICJ0ZXN0cy90ZXN0X2RlcHRoMDlfaG90ZWxfcmVwbGljYXRpb24ucHk6OnRlc3RfcHVibGljYXRpb25fY2hlY2tzX3JlYWxfbWVkaWFfYW5k
2026-09-10T08:11:31.4794819Z GO_EVIDENCE_B64 X2V4YWN0X2NhdGFsb2dfZXZpZGVuY2Vbd3Jvbmdfcm9vbV0iOiBbCiAgICAgIHsKICAgICAgICAid2hlbiI6ICJzZXR1cCIsCiAgICAgICAgIm91dGNvbWUiOiAicGFzc2VkIgogICAgICB9LAogICAgICB7CiAgICAgICAgIndoZW4iOiAiY2FsbCIsCiAgICAgICAgIm91dGNvbWUiOiAicGFzc2VkIgogICAgICB9LAogICAgICB7CiAgICAgICAgIndoZW4iOiAidGVhcmRvd24iLAogICAgICAgICJvdXRjb21lIjogInBhc3NlZCIKICAgICAgfQogICAgXSwKICAgICJ0ZXN0cy90ZXN0X2RlcHRoMDlfaG90ZWxfcmVwbGljYXRpb24u
2026-09-10T08:11:31.4801670Z GO_EVIDENCE_B64 cHk6OnRlc3RfcHVibGljYXRpb25fY2hlY2tzX3JlYWxfbWVkaWFfYW5kX2V4YWN0X2NhdGFsb2dfZXZpZGVuY2Vbd3JvbmdfaG90ZWxdIjogWwogICAgICB7CiAgICAgICAgIndoZW4iOiAic2V0dXAiLAogICAgICAgICJvdXRjb21lIjogInBhc3NlZCIKICAgICAgfSwKICAgICAgewogICAgICAgICJ3aGVuIjogImNhbGwiLAogICAgICAgICJvdXRjb21lIjogInBhc3NlZCIKICAgICAgfSwKICAgICAgewogICAgICAgICJ3aGVuIjogInRlYXJkb3duIiwKICAgICAgICAib3V0Y29tZSI6ICJwYXNzZWQiCiAgICAgIH0KICAgIF0s
2026-09-10T08:11:31.4808515Z GO_EVIDENCE_B64 CiAgICAidGVzdHMvdGVzdF9kZXB0aDA5X2hvdGVsX3JlcGxpY2F0aW9uLnB5Ojp0ZXN0X3B1YmxpY2F0aW9uX2NoZWNrc19yZWFsX21lZGlhX2FuZF9leGFjdF9jYXRhbG9nX2V2aWRlbmNlW3dyb25nX3NvdXJjZV91cmxdIjogWwogICAgICB7CiAgICAgICAgIndoZW4iOiAic2V0dXAiLAogICAgICAgICJvdXRjb21lIjogInBhc3NlZCIKICAgICAgfSwKICAgICAgewogICAgICAgICJ3aGVuIjogImNhbGwiLAogICAgICAgICJvdXRjb21lIjogInBhc3NlZCIKICAgICAgfSwKICAgICAgewogICAgICAgICJ3aGVuIjogInRlYXJk
2026-09-10T08:11:31.4815267Z GO_EVIDENCE_B64 b3duIiwKICAgICAgICAib3V0Y29tZSI6ICJwYXNzZWQiCiAgICAgIH0KICAgIF0sCiAgICAidGVzdHMvdGVzdF9kZXB0aDA5X2hvdGVsX3JlcGxpY2F0aW9uLnB5Ojp0ZXN0X3B1YmxpY2F0aW9uX2NoZWNrc19yZWFsX21lZGlhX2FuZF9leGFjdF9jYXRhbG9nX2V2aWRlbmNlW2R1cGxpY2F0ZXNdIjogWwogICAgICB7CiAgICAgICAgIndoZW4iOiAic2V0dXAiLAogICAgICAgICJvdXRjb21lIjogInBhc3NlZCIKICAgICAgfSwKICAgICAgewogICAgICAgICJ3aGVuIjogImNhbGwiLAogICAgICAgICJvdXRjb21lIjogInBhc3Nl
2026-09-10T08:11:31.4822116Z GO_EVIDENCE_B64 ZCIKICAgICAgfSwKICAgICAgewogICAgICAgICJ3aGVuIjogInRlYXJkb3duIiwKICAgICAgICAib3V0Y29tZSI6ICJwYXNzZWQiCiAgICAgIH0KICAgIF0sCiAgICAidGVzdHMvdGVzdF9kZXB0aDA5X2hvdGVsX3JlcGxpY2F0aW9uLnB5Ojp0ZXN0X3B1YmxpY2F0aW9uX2NoZWNrc19yZWFsX21lZGlhX2FuZF9leGFjdF9jYXRhbG9nX2V2aWRlbmNlW3VucmV2aWV3ZWRfaW52ZW50b3J5XSI6IFsKICAgICAgewogICAgICAgICJ3aGVuIjogInNldHVwIiwKICAgICAgICAib3V0Y29tZSI6ICJwYXNzZWQiCiAgICAgIH0sCiAgICAg
2026-09-10T08:11:31.4829099Z GO_EVIDENCE_B64 IHsKICAgICAgICAid2hlbiI6ICJjYWxsIiwKICAgICAgICAib3V0Y29tZSI6ICJwYXNzZWQiCiAgICAgIH0sCiAgICAgIHsKICAgICAgICAid2hlbiI6ICJ0ZWFyZG93biIsCiAgICAgICAgIm91dGNvbWUiOiAicGFzc2VkIgogICAgICB9CiAgICBdLAogICAgInRlc3RzL3Rlc3RfZGVwdGgwOV9ob3RlbF9yZXBsaWNhdGlvbi5weTo6dGVzdF9wdWJsaWNhdGlvbl9jaGVja3NfcmVhbF9tZWRpYV9hbmRfZXhhY3RfY2F0YWxvZ19ldmlkZW5jZVttaXNzaW5nX2NvcmVfZmFjdF0iOiBbCiAgICAgIHsKICAgICAgICAid2hlbiI6ICJz
2026-09-10T08:11:31.4836097Z GO_EVIDENCE_B64 ZXR1cCIsCiAgICAgICAgIm91dGNvbWUiOiAicGFzc2VkIgogICAgICB9LAogICAgICB7CiAgICAgICAgIndoZW4iOiAiY2FsbCIsCiAgICAgICAgIm91dGNvbWUiOiAicGFzc2VkIgogICAgICB9LAogICAgICB7CiAgICAgICAgIndoZW4iOiAidGVhcmRvd24iLAogICAgICAgICJvdXRjb21lIjogInBhc3NlZCIKICAgICAgfQogICAgXSwKICAgICJ0ZXN0cy90ZXN0X2RlcHRoMDlfaG90ZWxfcmVwbGljYXRpb24ucHk6OnRlc3RfcHVibGljYXRpb25fY2hlY2tzX3JlYWxfbWVkaWFfYW5kX2V4YWN0X2NhdGFsb2dfZXZpZGVuY2Vb
2026-09-10T08:11:31.4843024Z GO_EVIDENCE_B64 cm9vbV9zZXRfbWlzbWF0Y2hdIjogWwogICAgICB7CiAgICAgICAgIndoZW4iOiAic2V0dXAiLAogICAgICAgICJvdXRjb21lIjogInBhc3NlZCIKICAgICAgfSwKICAgICAgewogICAgICAgICJ3aGVuIjogImNhbGwiLAogICAgICAgICJvdXRjb21lIjogInBhc3NlZCIKICAgICAgfSwKICAgICAgewogICAgICAgICJ3aGVuIjogInRlYXJkb3duIiwKICAgICAgICAib3V0Y29tZSI6ICJwYXNzZWQiCiAgICAgIH0KICAgIF0sCiAgICAidGVzdHMvdGVzdF9kZXB0aDA5X2hvdGVsX3JlcGxpY2F0aW9uLnB5Ojp0ZXN0X3JlZ2lvbmFs
2026-09-10T08:11:31.4850059Z GO_EVIDENCE_B64 X2ZpbmlzaGVkX3dvcmtfd2l0aF9pbmNvbXBsZXRlX2NhdGFsb2dfaXNfbm90X2NvbXBsZXRlZCI6IFsKICAgICAgewogICAgICAgICJ3aGVuIjogInNldHVwIiwKICAgICAgICAib3V0Y29tZSI6ICJwYXNzZWQiCiAgICAgIH0sCiAgICAgIHsKICAgICAgICAid2hlbiI6ICJjYWxsIiwKICAgICAgICAib3V0Y29tZSI6ICJwYXNzZWQiCiAgICAgIH0sCiAgICAgIHsKICAgICAgICAid2hlbiI6ICJ0ZWFyZG93biIsCiAgICAgICAgIm91dGNvbWUiOiAicGFzc2VkIgogICAgICB9CiAgICBdLAogICAgInRlc3RzL3Rlc3RfZGVwdGgw
2026-09-10T08:11:31.4857112Z GO_EVIDENCE_B64 OV9ob3RlbF9yZXBsaWNhdGlvbi5weTo6dGVzdF9yZWFkX29ubHlfYWRtaW5fY2Fubm90X2NoYW5nZV9jYXRhbG9nX29yX3B1Ymxpc2hbL3NvdXJjZXMvaW5nZXN0XSI6IFsKICAgICAgewogICAgICAgICJ3aGVuIjogInNldHVwIiwKICAgICAgICAib3V0Y29tZSI6ICJwYXNzZWQiCiAgICAgIH0sCiAgICAgIHsKICAgICAgICAid2hlbiI6ICJjYWxsIiwKICAgICAgICAib3V0Y29tZSI6ICJwYXNzZWQiCiAgICAgIH0sCiAgICAgIHsKICAgICAgICAid2hlbiI6ICJ0ZWFyZG93biIsCiAgICAgICAgIm91dGNvbWUiOiAicGFzc2Vk
2026-09-10T08:11:31.4863837Z GO_EVIDENCE_B64 IgogICAgICB9CiAgICBdLAogICAgInRlc3RzL3Rlc3RfZGVwdGgwOV9ob3RlbF9yZXBsaWNhdGlvbi5weTo6dGVzdF9yZWFkX29ubHlfYWRtaW5fY2Fubm90X2NoYW5nZV9jYXRhbG9nX29yX3B1Ymxpc2hbL21lZGlhL2hhcnZlc3RdIjogWwogICAgICB7CiAgICAgICAgIndoZW4iOiAic2V0dXAiLAogICAgICAgICJvdXRjb21lIjogInBhc3NlZCIKICAgICAgfSwKICAgICAgewogICAgICAgICJ3aGVuIjogImNhbGwiLAogICAgICAgICJvdXRjb21lIjogInBhc3NlZCIKICAgICAgfSwKICAgICAgewogICAgICAgICJ3aGVuIjog
2026-09-10T08:11:31.4870673Z GO_EVIDENCE_B64 InRlYXJkb3duIiwKICAgICAgICAib3V0Y29tZSI6ICJwYXNzZWQiCiAgICAgIH0KICAgIF0sCiAgICAidGVzdHMvdGVzdF9kZXB0aDA5X2hvdGVsX3JlcGxpY2F0aW9uLnB5Ojp0ZXN0X3JlYWRfb25seV9hZG1pbl9jYW5ub3RfY2hhbmdlX2NhdGFsb2dfb3JfcHVibGlzaFsvZmFjdG9yeS9ob3RlbHMvdGVzdC9wdWJsaWNhdGlvbl0iOiBbCiAgICAgIHsKICAgICAgICAid2hlbiI6ICJzZXR1cCIsCiAgICAgICAgIm91dGNvbWUiOiAicGFzc2VkIgogICAgICB9LAogICAgICB7CiAgICAgICAgIndoZW4iOiAiY2FsbCIsCiAgICAg
2026-09-10T08:11:31.4877520Z GO_EVIDENCE_B64 ICAgIm91dGNvbWUiOiAicGFzc2VkIgogICAgICB9LAogICAgICB7CiAgICAgICAgIndoZW4iOiAidGVhcmRvd24iLAogICAgICAgICJvdXRjb21lIjogInBhc3NlZCIKICAgICAgfQogICAgXSwKICAgICJ0ZXN0cy90ZXN0X2RlcHRoMDlfaG90ZWxfcmVwbGljYXRpb24ucHk6OnRlc3RfZGlzY292ZXJ5X2FwaV9yZXBvcnRzX2NvbGxlY3Rpb25fc2VwYXJhdGVseV9mcm9tX3JlYWR5X2NhdGFsb2ciOiBbCiAgICAgIHsKICAgICAgICAid2hlbiI6ICJzZXR1cCIsCiAgICAgICAgIm91dGNvbWUiOiAicGFzc2VkIgogICAgICB9LAog
2026-09-10T08:11:31.4884638Z GO_EVIDENCE_B64 ICAgICB7CiAgICAgICAgIndoZW4iOiAiY2FsbCIsCiAgICAgICAgIm91dGNvbWUiOiAicGFzc2VkIgogICAgICB9LAogICAgICB7CiAgICAgICAgIndoZW4iOiAidGVhcmRvd24iLAogICAgICAgICJvdXRjb21lIjogInBhc3NlZCIKICAgICAgfQogICAgXSwKICAgICJ0ZXN0cy90ZXN0X2RlcHRoMDlfaG90ZWxfcmVwbGljYXRpb24ucHk6OnRlc3RfdHdvX29mZmljaWFsX3Bob3Rvc19hcmVfY29waWVkX3dpdGhvdXRfaW52ZW50aW5nX2FfdGhpcmQiOiBbCiAgICAgIHsKICAgICAgICAid2hlbiI6ICJzZXR1cCIsCiAgICAgICAg
2026-09-10T08:11:31.4891526Z GO_EVIDENCE_B64 Im91dGNvbWUiOiAicGFzc2VkIgogICAgICB9LAogICAgICB7CiAgICAgICAgIndoZW4iOiAiY2FsbCIsCiAgICAgICAgIm91dGNvbWUiOiAicGFzc2VkIgogICAgICB9LAogICAgICB7CiAgICAgICAgIndoZW4iOiAidGVhcmRvd24iLAogICAgICAgICJvdXRjb21lIjogInBhc3NlZCIKICAgICAgfQogICAgXSwKICAgICJ0ZXN0cy90ZXN0X2RlcHRoMDlfaG90ZWxfcmVwbGljYXRpb24ucHk6OnRlc3RfdW5yZWxhdGVkX2FwcHJvdmVkX2ltYWdlc19uZXZlcl9lbnRlcl90aGVfcHVibGljX3BhZ2UiOiBbCiAgICAgIHsKICAgICAg
2026-09-10T08:11:31.4898701Z GO_EVIDENCE_B64 ICAid2hlbiI6ICJzZXR1cCIsCiAgICAgICAgIm91dGNvbWUiOiAicGFzc2VkIgogICAgICB9LAogICAgICB7CiAgICAgICAgIndoZW4iOiAiY2FsbCIsCiAgICAgICAgIm91dGNvbWUiOiAicGFzc2VkIgogICAgICB9LAogICAgICB7CiAgICAgICAgIndoZW4iOiAidGVhcmRvd24iLAogICAgICAgICJvdXRjb21lIjogInBhc3NlZCIKICAgICAgfQogICAgXSwKICAgICJ0ZXN0cy90ZXN0X2RlcHRoMDlfaG90ZWxfcmVwbGljYXRpb24ucHk6OnRlc3RfdGVuX2hvdGVsX3JlcGxpY2F0aW9uX3JlcGxheV9rZWVwc19pZGVudGl0eV9h
2026-09-10T08:11:31.4905699Z GO_EVIDENCE_B64 bmRfcm9vbV9tZWRpYV9zZXBhcmF0ZSI6IFsKICAgICAgewogICAgICAgICJ3aGVuIjogInNldHVwIiwKICAgICAgICAib3V0Y29tZSI6ICJwYXNzZWQiCiAgICAgIH0sCiAgICAgIHsKICAgICAgICAid2hlbiI6ICJjYWxsIiwKICAgICAgICAib3V0Y29tZSI6ICJwYXNzZWQiCiAgICAgIH0sCiAgICAgIHsKICAgICAgICAid2hlbiI6ICJ0ZWFyZG93biIsCiAgICAgICAgIm91dGNvbWUiOiAicGFzc2VkIgogICAgICB9CiAgICBdLAogICAgInRlc3RzL3Rlc3RfZGVwdGgwOV9ob3RlbF9yZXBsaWNhdGlvbi5weTo6dGVzdF9tYWxm
2026-09-10T08:11:31.4912569Z GO_EVIDENCE_B64 b3JtZWRfY2F0YWxvZ19pc19pbmNvbXBsZXRlX2FuZF9jYW5ub3RfY3Jhc2hfdGhlX2dhdGVbYmFkMF0iOiBbCiAgICAgIHsKICAgICAgICAid2hlbiI6ICJzZXR1cCIsCiAgICAgICAgIm91dGNvbWUiOiAicGFzc2VkIgogICAgICB9LAogICAgICB7CiAgICAgICAgIndoZW4iOiAiY2FsbCIsCiAgICAgICAgIm91dGNvbWUiOiAicGFzc2VkIgogICAgICB9LAogICAgICB7CiAgICAgICAgIndoZW4iOiAidGVhcmRvd24iLAogICAgICAgICJvdXRjb21lIjogInBhc3NlZCIKICAgICAgfQogICAgXSwKICAgICJ0ZXN0cy90ZXN0X2Rl
2026-09-10T08:11:31.4919668Z GO_EVIDENCE_B64 cHRoMDlfaG90ZWxfcmVwbGljYXRpb24ucHk6OnRlc3RfbWFsZm9ybWVkX2NhdGFsb2dfaXNfaW5jb21wbGV0ZV9hbmRfY2Fubm90X2NyYXNoX3RoZV9nYXRlW2JhZDFdIjogWwogICAgICB7CiAgICAgICAgIndoZW4iOiAic2V0dXAiLAogICAgICAgICJvdXRjb21lIjogInBhc3NlZCIKICAgICAgfSwKICAgICAgewogICAgICAgICJ3aGVuIjogImNhbGwiLAogICAgICAgICJvdXRjb21lIjogInBhc3NlZCIKICAgICAgfSwKICAgICAgewogICAgICAgICJ3aGVuIjogInRlYXJkb3duIiwKICAgICAgICAib3V0Y29tZSI6ICJwYXNz
2026-09-10T08:11:31.4926524Z GO_EVIDENCE_B64 ZWQiCiAgICAgIH0KICAgIF0sCiAgICAidGVzdHMvdGVzdF9kZXB0aDA5X2hvdGVsX3JlcGxpY2F0aW9uLnB5Ojp0ZXN0X21hbGZvcm1lZF9jYXRhbG9nX2lzX2luY29tcGxldGVfYW5kX2Nhbm5vdF9jcmFzaF90aGVfZ2F0ZVtiYWQyXSI6IFsKICAgICAgewogICAgICAgICJ3aGVuIjogInNldHVwIiwKICAgICAgICAib3V0Y29tZSI6ICJwYXNzZWQiCiAgICAgIH0sCiAgICAgIHsKICAgICAgICAid2hlbiI6ICJjYWxsIiwKICAgICAgICAib3V0Y29tZSI6ICJwYXNzZWQiCiAgICAgIH0sCiAgICAgIHsKICAgICAgICAid2hlbiI6
2026-09-10T08:11:31.4933261Z GO_EVIDENCE_B64 ICJ0ZWFyZG93biIsCiAgICAgICAgIm91dGNvbWUiOiAicGFzc2VkIgogICAgICB9CiAgICBdLAogICAgInRlc3RzL3Rlc3RfZGVwdGgwOV9ob3RlbF9yZXBsaWNhdGlvbi5weTo6dGVzdF9tYWxmb3JtZWRfY2F0YWxvZ19pc19pbmNvbXBsZXRlX2FuZF9jYW5ub3RfY3Jhc2hfdGhlX2dhdGVbYmFkM10iOiBbCiAgICAgIHsKICAgICAgICAid2hlbiI6ICJzZXR1cCIsCiAgICAgICAgIm91dGNvbWUiOiAicGFzc2VkIgogICAgICB9LAogICAgICB7CiAgICAgICAgIndoZW4iOiAiY2FsbCIsCiAgICAgICAgIm91dGNvbWUiOiAicGFz
2026-09-10T08:11:31.4940167Z GO_EVIDENCE_B64 c2VkIgogICAgICB9LAogICAgICB7CiAgICAgICAgIndoZW4iOiAidGVhcmRvd24iLAogICAgICAgICJvdXRjb21lIjogInBhc3NlZCIKICAgICAgfQogICAgXSwKICAgICJ0ZXN0cy90ZXN0X2RlcHRoMDlfaG90ZWxfcmVwbGljYXRpb24ucHk6OnRlc3RfZXhwbGljaXRfdGFyZ2V0X2Nhbm5vdF9yZWFzc2lnbl9hbl9leGlzdGluZ19zb3VyY2VfaWRlbnRpdHkiOiBbCiAgICAgIHsKICAgICAgICAid2hlbiI6ICJzZXR1cCIsCiAgICAgICAgIm91dGNvbWUiOiAicGFzc2VkIgogICAgICB9LAogICAgICB7CiAgICAgICAgIndoZW4i
2026-09-10T08:11:31.4947142Z GO_EVIDENCE_B64 OiAiY2FsbCIsCiAgICAgICAgIm91dGNvbWUiOiAicGFzc2VkIgogICAgICB9LAogICAgICB7CiAgICAgICAgIndoZW4iOiAidGVhcmRvd24iLAogICAgICAgICJvdXRjb21lIjogInBhc3NlZCIKICAgICAgfQogICAgXSwKICAgICJ0ZXN0cy90ZXN0X2RlcHRoMDlfaG90ZWxfcmVwbGljYXRpb24ucHk6OnRlc3RfZmFpbGVkX2NvbXBvc2l0aW9uX3JvbGxzX2JhY2tfc291cmNlX2FuZF9wcm9maWxlX3RvZ2V0aGVyIjogWwogICAgICB7CiAgICAgICAgIndoZW4iOiAic2V0dXAiLAogICAgICAgICJvdXRjb21lIjogInBhc3NlZCIK
2026-09-10T08:11:31.4954301Z GO_EVIDENCE_B64 ICAgICAgfSwKICAgICAgewogICAgICAgICJ3aGVuIjogImNhbGwiLAogICAgICAgICJvdXRjb21lIjogInBhc3NlZCIKICAgICAgfSwKICAgICAgewogICAgICAgICJ3aGVuIjogInRlYXJkb3duIiwKICAgICAgICAib3V0Y29tZSI6ICJwYXNzZWQiCiAgICAgIH0KICAgIF0sCiAgICAidGVzdHMvdGVzdF9kZXB0aDA5X2hvdGVsX3JlcGxpY2F0aW9uLnB5Ojp0ZXN0X2JvdW5kZWRfcGFyYWxsZWxfYmF0Y2hfcHJlc2VydmVzX29yZGVyX2FuZF9pc29sYXRlc19mYWlsZWRfaG90ZWwiOiBbCiAgICAgIHsKICAgICAgICAid2hlbiI6
2026-09-10T08:11:31.4961233Z GO_EVIDENCE_B64 ICJzZXR1cCIsCiAgICAgICAgIm91dGNvbWUiOiAicGFzc2VkIgogICAgICB9LAogICAgICB7CiAgICAgICAgIndoZW4iOiAiY2FsbCIsCiAgICAgICAgIm91dGNvbWUiOiAicGFzc2VkIgogICAgICB9LAogICAgICB7CiAgICAgICAgIndoZW4iOiAidGVhcmRvd24iLAogICAgICAgICJvdXRjb21lIjogInBhc3NlZCIKICAgICAgfQogICAgXSwKICAgICJ0ZXN0cy90ZXN0X2RlcHRoMDlfc3RheV9jcmVkaXQucHk6OnRlc3RfY29udmVyc2lvbl9pc19mdW5kZWRfc2luZ2xlX2lzc3VlX2FuZF9wcmVzZXJ2ZXNfb3JpZ2luYWxfZXhw
2026-09-10T08:11:31.4968230Z GO_EVIDENCE_B64 aXJ5X29uX3JlcGxheSI6IFsKICAgICAgewogICAgICAgICJ3aGVuIjogInNldHVwIiwKICAgICAgICAib3V0Y29tZSI6ICJwYXNzZWQiCiAgICAgIH0sCiAgICAgIHsKICAgICAgICAid2hlbiI6ICJjYWxsIiwKICAgICAgICAib3V0Y29tZSI6ICJwYXNzZWQiCiAgICAgIH0sCiAgICAgIHsKICAgICAgICAid2hlbiI6ICJ0ZWFyZG93biIsCiAgICAgICAgIm91dGNvbWUiOiAicGFzc2VkIgogICAgICB9CiAgICBdLAogICAgInRlc3RzL3Rlc3RfZGVwdGgwOV9zdGF5X2NyZWRpdC5weTo6dGVzdF9yZWRlbXB0aW9uX2hpZ2hlcl9l
2026-09-10T08:11:31.4975258Z GO_EVIDENCE_B64 cXVhbF9sb3dlcl9hbmRfZmluYWxfZnVsZmlsbG1lbnRfd2l0aG91dF9kdXBsaWNhdGVfY2FzaFsxMDAwMDAtMzgwMDAtMTYyMDAwLTBdIjogWwogICAgICB7CiAgICAgICAgIndoZW4iOiAic2V0dXAiLAogICAgICAgICJvdXRjb21lIjogInBhc3NlZCIKICAgICAgfSwKICAgICAgewogICAgICAgICJ3aGVuIjogImNhbGwiLAogICAgICAgICJvdXRjb21lIjogInBhc3NlZCIKICAgICAgfSwKICAgICAgewogICAgICAgICJ3aGVuIjogInRlYXJkb3duIiwKICAgICAgICAib3V0Y29tZSI6ICJwYXNzZWQiCiAgICAgIH0KICAgIF0s
2026-09-10T08:11:31.4982082Z GO_EVIDENCE_B64 CiAgICAidGVzdHMvdGVzdF9kZXB0aDA5X3N0YXlfY3JlZGl0LnB5Ojp0ZXN0X3JlZGVtcHRpb25faGlnaGVyX2VxdWFsX2xvd2VyX2FuZF9maW5hbF9mdWxmaWxsbWVudF93aXRob3V0X2R1cGxpY2F0ZV9jYXNoWzgxMDAwLTAtMTYyMDAwLTBdIjogWwogICAgICB7CiAgICAgICAgIndoZW4iOiAic2V0dXAiLAogICAgICAgICJvdXRjb21lIjogInBhc3NlZCIKICAgICAgfSwKICAgICAgewogICAgICAgICJ3aGVuIjogImNhbGwiLAogICAgICAgICJvdXRjb21lIjogInBhc3NlZCIKICAgICAgfSwKICAgICAgewogICAgICAgICJ3
2026-09-10T08:11:31.4989153Z GO_EVIDENCE_B64 aGVuIjogInRlYXJkb3duIiwKICAgICAgICAib3V0Y29tZSI6ICJwYXNzZWQiCiAgICAgIH0KICAgIF0sCiAgICAidGVzdHMvdGVzdF9kZXB0aDA5X3N0YXlfY3JlZGl0LnB5Ojp0ZXN0X3JlZGVtcHRpb25faGlnaGVyX2VxdWFsX2xvd2VyX2FuZF9maW5hbF9mdWxmaWxsbWVudF93aXRob3V0X2R1cGxpY2F0ZV9jYXNoWzQwMDAwLTAtODAwMDAtODIwMDBdIjogWwogICAgICB7CiAgICAgICAgIndoZW4iOiAic2V0dXAiLAogICAgICAgICJvdXRjb21lIjogInBhc3NlZCIKICAgICAgfSwKICAgICAgewogICAgICAgICJ3aGVuIjog
2026-09-10T08:11:31.4996053Z GO_EVIDENCE_B64 ImNhbGwiLAogICAgICAgICJvdXRjb21lIjogInBhc3NlZCIKICAgICAgfSwKICAgICAgewogICAgICAgICJ3aGVuIjogInRlYXJkb3duIiwKICAgICAgICAib3V0Y29tZSI6ICJwYXNzZWQiCiAgICAgIH0KICAgIF0sCiAgICAidGVzdHMvdGVzdF9kZXB0aDA5X3N0YXlfY3JlZGl0LnB5Ojp0ZXN0X2NhbmNlbF9yZXR1cm5zX29ubHlfdW51c2VkX2NyZWRpdF9ub3RfbG93ZXJfcHJpY2VfZm9yZmVpdHVyZSI6IFsKICAgICAgewogICAgICAgICJ3aGVuIjogInNldHVwIiwKICAgICAgICAib3V0Y29tZSI6ICJwYXNzZWQiCiAgICAg
2026-09-10T08:11:31.5002888Z GO_EVIDENCE_B64 IH0sCiAgICAgIHsKICAgICAgICAid2hlbiI6ICJjYWxsIiwKICAgICAgICAib3V0Y29tZSI6ICJwYXNzZWQiCiAgICAgIH0sCiAgICAgIHsKICAgICAgICAid2hlbiI6ICJ0ZWFyZG93biIsCiAgICAgICAgIm91dGNvbWUiOiAicGFzc2VkIgogICAgICB9CiAgICBdLAogICAgInRlc3RzL3Rlc3RfZGVwdGgwOV9zdGF5X2NyZWRpdC5weTo6dGVzdF9jYW5jZWxsZWRfY3JlZGl0X2ZlZV9yZWZ1bmRfZG9lc19ub3RfcmVmdW5kX3Jlc3RvcmVkX2NyZWRpdF90d2ljZSI6IFsKICAgICAgewogICAgICAgICJ3aGVuIjogInNldHVwIiwK
2026-09-10T08:11:31.5009817Z GO_EVIDENCE_B64 ICAgICAgICAib3V0Y29tZSI6ICJwYXNzZWQiCiAgICAgIH0sCiAgICAgIHsKICAgICAgICAid2hlbiI6ICJjYWxsIiwKICAgICAgICAib3V0Y29tZSI6ICJwYXNzZWQiCiAgICAgIH0sCiAgICAgIHsKICAgICAgICAid2hlbiI6ICJ0ZWFyZG93biIsCiAgICAgICAgIm91dGNvbWUiOiAicGFzc2VkIgogICAgICB9CiAgICBdLAogICAgInRlc3RzL3Rlc3RfZGVwdGgwOV9zdGF5X2NyZWRpdC5weTo6dGVzdF91bnVzZWRfY3JlZGl0X3JlZnVuZF9mcmVlemVzX3JlZGVtcHRpb25fYW5kX3N1cnZpdmVzX2V4ZWN1dG9yX2ZhaWx1cmUi
2026-09-10T08:11:31.5016924Z GO_EVIDENCE_B64 OiBbCiAgICAgIHsKICAgICAgICAid2hlbiI6ICJzZXR1cCIsCiAgICAgICAgIm91dGNvbWUiOiAicGFzc2VkIgogICAgICB9LAogICAgICB7CiAgICAgICAgIndoZW4iOiAiY2FsbCIsCiAgICAgICAgIm91dGNvbWUiOiAicGFzc2VkIgogICAgICB9LAogICAgICB7CiAgICAgICAgIndoZW4iOiAidGVhcmRvd24iLAogICAgICAgICJvdXRjb21lIjogInBhc3NlZCIKICAgICAgfQogICAgXSwKICAgICJ0ZXN0cy90ZXN0X2RlcHRoMDlfc3RheV9jcmVkaXQucHk6OnRlc3RfcmVkZWVtZWRfc3RheV9yZWZ1bmRfc3BhbnNfY2FzaF9h
2026-09-10T08:11:31.5023878Z GO_EVIDENCE_B64 bmRfY3JlZGl0X29yaWdpbmFsX2NhcHR1cmVzIjogWwogICAgICB7CiAgICAgICAgIndoZW4iOiAic2V0dXAiLAogICAgICAgICJvdXRjb21lIjogInBhc3NlZCIKICAgICAgfSwKICAgICAgewogICAgICAgICJ3aGVuIjogImNhbGwiLAogICAgICAgICJvdXRjb21lIjogInBhc3NlZCIKICAgICAgfSwKICAgICAgewogICAgICAgICJ3aGVuIjogInRlYXJkb3duIiwKICAgICAgICAib3V0Y29tZSI6ICJwYXNzZWQiCiAgICAgIH0KICAgIF0sCiAgICAidGVzdHMvdGVzdF9kZXB0aDEwX21pZ3JhdGlvbi5weTo6dGVzdF9zdXBwbGll
2026-09-10T08:11:31.5030839Z GO_EVIDENCE_B64 cl9mYXVsdF9taWdyYXRpb25fcm91bmR0cmlwX3ByZXNlcnZlc19vcmlnaW5hbF9jcmVkaXRfYW5kX2FsbG9jYXRpb25zIjogWwogICAgICB7CiAgICAgICAgIndoZW4iOiAic2V0dXAiLAogICAgICAgICJvdXRjb21lIjogInBhc3NlZCIKICAgICAgfSwKICAgICAgewogICAgICAgICJ3aGVuIjogImNhbGwiLAogICAgICAgICJvdXRjb21lIjogInBhc3NlZCIKICAgICAgfSwKICAgICAgewogICAgICAgICJ3aGVuIjogInRlYXJkb3duIiwKICAgICAgICAib3V0Y29tZSI6ICJwYXNzZWQiCiAgICAgIH0KICAgIF0sCiAgICAidGVz
2026-09-10T08:11:31.5037723Z GO_EVIDENCE_B64 dHMvdGVzdF9kZXB0aDExX2NhdGFsb2dfc3VwcGxpZXJfcmVtZWR5LnB5Ojp0ZXN0X3JlcXVlc3Rfa2VlcHNfb3JkZXJfYW5kX2Z1bmRzX2FuZF9jYW5ub3Rfc2VsZl9hcHByb3ZlIjogWwogICAgICB7CiAgICAgICAgIndoZW4iOiAic2V0dXAiLAogICAgICAgICJvdXRjb21lIjogInBhc3NlZCIKICAgICAgfSwKICAgICAgewogICAgICAgICJ3aGVuIjogImNhbGwiLAogICAgICAgICJvdXRjb21lIjogInBhc3NlZCIKICAgICAgfSwKICAgICAgewogICAgICAgICJ3aGVuIjogInRlYXJkb3duIiwKICAgICAgICAib3V0Y29tZSI6
2026-09-10T08:11:31.5044623Z GO_EVIDENCE_B64 ICJwYXNzZWQiCiAgICAgIH0KICAgIF0sCiAgICAidGVzdHMvdGVzdF9kZXB0aDExX2NhdGFsb2dfc3VwcGxpZXJfcmVtZWR5LnB5Ojp0ZXN0X2FjdHVhbF9wYWlkX2luc3RlYWRfb2ZfY3VycmVudF9vcmRlcl90b3RhbF9hbmRfc2NvcGVkX2JhbmtfcHJpb3JpdHkiOiBbCiAgICAgIHsKICAgICAgICAid2hlbiI6ICJzZXR1cCIsCiAgICAgICAgIm91dGNvbWUiOiAicGFzc2VkIgogICAgICB9LAogICAgICB7CiAgICAgICAgIndoZW4iOiAiY2FsbCIsCiAgICAgICAgIm91dGNvbWUiOiAicGFzc2VkIgogICAgICB9LAogICAgICB7
2026-09-10T08:11:31.5051710Z GO_EVIDENCE_B64 CiAgICAgICAgIndoZW4iOiAidGVhcmRvd24iLAogICAgICAgICJvdXRjb21lIjogInBhc3NlZCIKICAgICAgfQogICAgXSwKICAgICJ0ZXN0cy90ZXN0X2RlcHRoMTFfY2F0YWxvZ19zdXBwbGllcl9yZW1lZHkucHk6OnRlc3Rfbm9fbWFuZGF0ZV9hbmRfZmluaXRlX2Z1bmRfc2hvcnRhZ2VfZG9fbm90X2NsYWltX3BhaWQiOiBbCiAgICAgIHsKICAgICAgICAid2hlbiI6ICJzZXR1cCIsCiAgICAgICAgIm91dGNvbWUiOiAicGFzc2VkIgogICAgICB9LAogICAgICB7CiAgICAgICAgIndoZW4iOiAiY2FsbCIsCiAgICAgICAgIm91
2026-09-10T08:11:31.5058645Z GO_EVIDENCE_B64 dGNvbWUiOiAicGFzc2VkIgogICAgICB9LAogICAgICB7CiAgICAgICAgIndoZW4iOiAidGVhcmRvd24iLAogICAgICAgICJvdXRjb21lIjogInBhc3NlZCIKICAgICAgfQogICAgXSwKICAgICJ0ZXN0cy90ZXN0X2RlcHRoMTFfY2F0YWxvZ19zdXBwbGllcl9yZW1lZHkucHk6OnRlc3RfZXhhY3RfcHJvdGVjdGlvbl9saWFiaWxpdHlfYW5kX2R1cmFibGVfaWRlbXBvdGVudF9yZWNvdmVyeSI6IFsKICAgICAgewogICAgICAgICJ3aGVuIjogInNldHVwIiwKICAgICAgICAib3V0Y29tZSI6ICJwYXNzZWQiCiAgICAgIH0sCiAgICAg
2026-09-10T08:11:31.5065612Z GO_EVIDENCE_B64 IHsKICAgICAgICAid2hlbiI6ICJjYWxsIiwKICAgICAgICAib3V0Y29tZSI6ICJwYXNzZWQiCiAgICAgIH0sCiAgICAgIHsKICAgICAgICAid2hlbiI6ICJ0ZWFyZG93biIsCiAgICAgICAgIm91dGNvbWUiOiAicGFzc2VkIgogICAgICB9CiAgICBdLAogICAgInRlc3RzL3Rlc3RfZGVwdGgxMV9jYXRhbG9nX3N1cHBsaWVyX3JlbWVkeS5weTo6dGVzdF9wcmlvcl9vcmlnaW5hbF9yZWZ1bmRfaXNfbm90X3JlcGVhdGVkX2J1dF9jb21wZW5zYXRpb25fdXNlc19hY3R1YWxfZ3Jvc3NfcGFpZCI6IFsKICAgICAgewogICAgICAgICJ3
2026-09-10T08:11:31.5072468Z GO_EVIDENCE_B64 aGVuIjogInNldHVwIiwKICAgICAgICAib3V0Y29tZSI6ICJwYXNzZWQiCiAgICAgIH0sCiAgICAgIHsKICAgICAgICAid2hlbiI6ICJjYWxsIiwKICAgICAgICAib3V0Y29tZSI6ICJwYXNzZWQiCiAgICAgIH0sCiAgICAgIHsKICAgICAgICAid2hlbiI6ICJ0ZWFyZG93biIsCiAgICAgICAgIm91dGNvbWUiOiAicGFzc2VkIgogICAgICB9CiAgICBdLAogICAgInRlc3RzL3Rlc3RfZGVwdGgxMV9jYXRhbG9nX3N1cHBsaWVyX3JlbWVkeS5weTo6dGVzdF9hcHByb3ZlZF9yZW1lZHlfcHJldmVudHNfdW5yZWxhdGVkX3JlZnVuZF9v
2026-09-10T08:11:31.5079630Z GO_EVIDENCE_B64 cl9jaGFuZ2Vfc3BlbmRpbmdfcmVzZXJ2ZWRfZnVuZHMiOiBbCiAgICAgIHsKICAgICAgICAid2hlbiI6ICJzZXR1cCIsCiAgICAgICAgIm91dGNvbWUiOiAicGFzc2VkIgogICAgICB9LAogICAgICB7CiAgICAgICAgIndoZW4iOiAiY2FsbCIsCiAgICAgICAgIm91dGNvbWUiOiAicGFzc2VkIgogICAgICB9LAogICAgICB7CiAgICAgICAgIndoZW4iOiAidGVhcmRvd24iLAogICAgICAgICJvdXRjb21lIjogInBhc3NlZCIKICAgICAgfQogICAgXSwKICAgICJ0ZXN0cy90ZXN0X2RlcHRoMTFfY2F0YWxvZ19zdXBwbGllcl9yZW1l
2026-09-10T08:11:31.5086614Z GO_EVIDENCE_B64 ZHkucHk6OnRlc3Rfc3VwcGxpZXJfdGltZW91dF9xdWVyaWVzX3N0YXR1c193aXRob3V0X3Jlc2VuZGluZ19vcl9yZWZ1bmRpbmdfZWFybHkiOiBbCiAgICAgIHsKICAgICAgICAid2hlbiI6ICJzZXR1cCIsCiAgICAgICAgIm91dGNvbWUiOiAicGFzc2VkIgogICAgICB9LAogICAgICB7CiAgICAgICAgIndoZW4iOiAiY2FsbCIsCiAgICAgICAgIm91dGNvbWUiOiAicGFzc2VkIgogICAgICB9LAogICAgICB7CiAgICAgICAgIndoZW4iOiAidGVhcmRvd24iLAogICAgICAgICJvdXRjb21lIjogInBhc3NlZCIKICAgICAgfQogICAg
2026-09-10T08:11:31.5093332Z GO_EVIDENCE_B64 XSwKICAgICJ0ZXN0cy90ZXN0X2RlcHRoMTFfY2F0YWxvZ19zdXBwbGllcl9yZW1lZHkucHk6OnRlc3RfcmVmdW5kX2ZhdWx0X3JvbGxzX2JhY2tfYWxsX21vbmV5X2FuZF9yZXN1bWVzX2FmdGVyX2NvbmZpcm1lZF9jYW5jZWwiOiBbCiAgICAgIHsKICAgICAgICAid2hlbiI6ICJzZXR1cCIsCiAgICAgICAgIm91dGNvbWUiOiAicGFzc2VkIgogICAgICB9LAogICAgICB7CiAgICAgICAgIndoZW4iOiAiY2FsbCIsCiAgICAgICAgIm91dGNvbWUiOiAicGFzc2VkIgogICAgICB9LAogICAgICB7CiAgICAgICAgIndoZW4iOiAidGVh
2026-09-10T08:11:31.5100167Z GO_EVIDENCE_B64 cmRvd24iLAogICAgICAgICJvdXRjb21lIjogInBhc3NlZCIKICAgICAgfQogICAgXSwKICAgICJ0ZXN0cy90ZXN0X2RlcHRoMTFfY2F0YWxvZ19zdXBwbGllcl9yZW1lZHkucHk6OnRlc3RfY29tcGVuc2F0aW9uX2ZhdWx0X2Nhbm5vdF9yZXBlYXRfY29tcGxldGVkX3JlZnVuZCI6IFsKICAgICAgewogICAgICAgICJ3aGVuIjogInNldHVwIiwKICAgICAgICAib3V0Y29tZSI6ICJwYXNzZWQiCiAgICAgIH0sCiAgICAgIHsKICAgICAgICAid2hlbiI6ICJjYWxsIiwKICAgICAgICAib3V0Y29tZSI6ICJwYXNzZWQiCiAgICAgIH0s
2026-09-10T08:11:31.5106984Z GO_EVIDENCE_B64 CiAgICAgIHsKICAgICAgICAid2hlbiI6ICJ0ZWFyZG93biIsCiAgICAgICAgIm91dGNvbWUiOiAicGFzc2VkIgogICAgICB9CiAgICBdLAogICAgInRlc3RzL3Rlc3RfZGVwdGgxMV9jYXRhbG9nX3N1cHBsaWVyX3JlbWVkeS5weTo6dGVzdF9mb3VyX2NvbmN1cnJlbnRfZXhlY3V0aW9uc19wcm9kdWNlX29uZV9zdXBwbGllcl9jYW5jZWxfcmVmdW5kX2FuZF9jb21wZW5zYXRpb24iOiBbCiAgICAgIHsKICAgICAgICAid2hlbiI6ICJzZXR1cCIsCiAgICAgICAgIm91dGNvbWUiOiAicGFzc2VkIgogICAgICB9LAogICAgICB7CiAg
2026-09-10T08:11:31.5113941Z GO_EVIDENCE_B64 ICAgICAgIndoZW4iOiAiY2FsbCIsCiAgICAgICAgIm91dGNvbWUiOiAicGFzc2VkIgogICAgICB9LAogICAgICB7CiAgICAgICAgIndoZW4iOiAidGVhcmRvd24iLAogICAgICAgICJvdXRjb21lIjogInBhc3NlZCIKICAgICAgfQogICAgXSwKICAgICJ0ZXN0cy90ZXN0X2RlcHRoMTFfY2F0YWxvZ19zdXBwbGllcl9yZW1lZHkucHk6OnRlc3RfZXh0ZXJuYWxfZmF1bHRfcmVmdW5kc193aXRob3V0X2V4dHJhX3N1cHBsaWVyX2RlYml0IjogWwogICAgICB7CiAgICAgICAgIndoZW4iOiAic2V0dXAiLAogICAgICAgICJvdXRjb21l
2026-09-10T08:11:31.5120971Z GO_EVIDENCE_B64 IjogInBhc3NlZCIKICAgICAgfSwKICAgICAgewogICAgICAgICJ3aGVuIjogImNhbGwiLAogICAgICAgICJvdXRjb21lIjogInBhc3NlZCIKICAgICAgfSwKICAgICAgewogICAgICAgICJ3aGVuIjogInRlYXJkb3duIiwKICAgICAgICAib3V0Y29tZSI6ICJwYXNzZWQiCiAgICAgIH0KICAgIF0sCiAgICAidGVzdHMvdGVzdF9kZXB0aDExX21pZ3JhdGlvbi5weTo6dGVzdF9jYXRhbG9nX3JlbWVkeV9taWdyYXRpb25fcHJlc2VydmVzX2hpc3RvcmljYWxfY2FzZXNfYW5kX2hvc3RlZF9tYW5kYXRlcyI6IFsKICAgICAgewogICAg
2026-09-10T08:11:31.5128051Z GO_EVIDENCE_B64 ICAgICJ3aGVuIjogInNldHVwIiwKICAgICAgICAib3V0Y29tZSI6ICJwYXNzZWQiCiAgICAgIH0sCiAgICAgIHsKICAgICAgICAid2hlbiI6ICJjYWxsIiwKICAgICAgICAib3V0Y29tZSI6ICJwYXNzZWQiCiAgICAgIH0sCiAgICAgIHsKICAgICAgICAid2hlbiI6ICJ0ZWFyZG93biIsCiAgICAgICAgIm91dGNvbWUiOiAicGFzc2VkIgogICAgICB9CiAgICBdLAogICAgInRlc3RzL3Rlc3RfZGVwdGgxMl9jcmVkaXRfYWZ0ZXJfc2FsZXMucHk6OnRlc3RfY3VzdG9tZXJfY2FuY2VsX3JlZnVuZHNfb25seV9zdXBwbGVtZW50X2Fu
2026-09-10T08:11:31.5135013Z GO_EVIDENCE_B64 ZF9yZXN0b3Jlc19jcmVkaXRfd2l0aG91dF9leHRlbmRpbmciOiBbCiAgICAgIHsKICAgICAgICAid2hlbiI6ICJzZXR1cCIsCiAgICAgICAgIm91dGNvbWUiOiAicGFzc2VkIgogICAgICB9LAogICAgICB7CiAgICAgICAgIndoZW4iOiAiY2FsbCIsCiAgICAgICAgIm91dGNvbWUiOiAicGFzc2VkIgogICAgICB9LAogICAgICB7CiAgICAgICAgIndoZW4iOiAidGVhcmRvd24iLAogICAgICAgICJvdXRjb21lIjogInBhc3NlZCIKICAgICAgfQogICAgXSwKICAgICJ0ZXN0cy90ZXN0X2RlcHRoMTJfY3JlZGl0X2FmdGVyX3NhbGVz
2026-09-10T08:11:31.5142044Z GO_EVIDENCE_B64 LnB5Ojp0ZXN0X2xvd2VyX3ByaWNlX2ZvcmZlaXR1cmVfaXNfcHJlc2VydmVkX2FmdGVyX2N1c3RvbWVyX2NhbmNlbGxhdGlvbiI6IFsKICAgICAgewogICAgICAgICJ3aGVuIjogInNldHVwIiwKICAgICAgICAib3V0Y29tZSI6ICJwYXNzZWQiCiAgICAgIH0sCiAgICAgIHsKICAgICAgICAid2hlbiI6ICJjYWxsIiwKICAgICAgICAib3V0Y29tZSI6ICJwYXNzZWQiCiAgICAgIH0sCiAgICAgIHsKICAgICAgICAid2hlbiI6ICJ0ZWFyZG93biIsCiAgICAgICAgIm91dGNvbWUiOiAicGFzc2VkIgogICAgICB9CiAgICBdLAogICAg
2026-09-10T08:11:31.5149072Z GO_EVIDENCE_B64 InRlc3RzL3Rlc3RfZGVwdGgxMl9jcmVkaXRfYWZ0ZXJfc2FsZXMucHk6OnRlc3RfY3VzdG9tZXJfY2FuY2VsbGF0aW9uX3VzZXNfYWNjZXB0ZWRfdGllcnNfZXZlbl9pZl9zdXBwbGllcl9ydWxlX2NoYW5nZXMiOiBbCiAgICAgIHsKICAgICAgICAid2hlbiI6ICJzZXR1cCIsCiAgICAgICAgIm91dGNvbWUiOiAicGFzc2VkIgogICAgICB9LAogICAgICB7CiAgICAgICAgIndoZW4iOiAiY2FsbCIsCiAgICAgICAgIm91dGNvbWUiOiAicGFzc2VkIgogICAgICB9LAogICAgICB7CiAgICAgICAgIndoZW4iOiAidGVhcmRvd24iLAog
2026-09-10T08:11:31.5155926Z GO_EVIDENCE_B64 ICAgICAgICJvdXRjb21lIjogInBhc3NlZCIKICAgICAgfQogICAgXSwKICAgICJ0ZXN0cy90ZXN0X2RlcHRoMTJfY3JlZGl0X2FmdGVyX3NhbGVzLnB5Ojp0ZXN0X2Nhc2hfcmVmdW5kX2ZhaWx1cmVfa2VlcHNfY3JlZGl0X3VuYXZhaWxhYmxlX3VudGlsX2F0b21pY19yZXRyeSI6IFsKICAgICAgewogICAgICAgICJ3aGVuIjogInNldHVwIiwKICAgICAgICAib3V0Y29tZSI6ICJwYXNzZWQiCiAgICAgIH0sCiAgICAgIHsKICAgICAgICAid2hlbiI6ICJjYWxsIiwKICAgICAgICAib3V0Y29tZSI6ICJwYXNzZWQiCiAgICAgIH0s
2026-09-10T08:11:31.5162707Z GO_EVIDENCE_B64 CiAgICAgIHsKICAgICAgICAid2hlbiI6ICJ0ZWFyZG93biIsCiAgICAgICAgIm91dGNvbWUiOiAicGFzc2VkIgogICAgICB9CiAgICBdLAogICAgInRlc3RzL3Rlc3RfZGVwdGgxMl9jcmVkaXRfYWZ0ZXJfc2FsZXMucHk6OnRlc3RfY3VzdG9tZXJfY2FuY2VsX3Vua25vd25fcmVzcG9uc2VfcXVlcmllc19iZWZvcmVfcmVzdG9yaW5nIjogWwogICAgICB7CiAgICAgICAgIndoZW4iOiAic2V0dXAiLAogICAgICAgICJvdXRjb21lIjogInBhc3NlZCIKICAgICAgfSwKICAgICAgewogICAgICAgICJ3aGVuIjogImNhbGwiLAogICAg
2026-09-10T08:11:31.5169640Z GO_EVIDENCE_B64 ICAgICJvdXRjb21lIjogInBhc3NlZCIKICAgICAgfSwKICAgICAgewogICAgICAgICJ3aGVuIjogInRlYXJkb3duIiwKICAgICAgICAib3V0Y29tZSI6ICJwYXNzZWQiCiAgICAgIH0KICAgIF0sCiAgICAidGVzdHMvdGVzdF9kZXB0aDEyX2NyZWRpdF9hZnRlcl9zYWxlcy5weTo6dGVzdF9yZXN0b3JlZF9jcmVkaXRfYWZ0ZXJfZXhwaXJ5X2RvZXNfbm90X2dhaW5fYV9uZXdfeWVhciI6IFsKICAgICAgewogICAgICAgICJ3aGVuIjogInNldHVwIiwKICAgICAgICAib3V0Y29tZSI6ICJwYXNzZWQiCiAgICAgIH0sCiAgICAgIHsK
2026-09-10T08:11:31.5176760Z GO_EVIDENCE_B64 ICAgICAgICAid2hlbiI6ICJjYWxsIiwKICAgICAgICAib3V0Y29tZSI6ICJwYXNzZWQiCiAgICAgIH0sCiAgICAgIHsKICAgICAgICAid2hlbiI6ICJ0ZWFyZG93biIsCiAgICAgICAgIm91dGNvbWUiOiAicGFzc2VkIgogICAgICB9CiAgICBdLAogICAgInRlc3RzL3Rlc3RfZGVwdGgxMl9jcmVkaXRfYXBpLnB5Ojp0ZXN0X3NpZ25lZF9jdXN0b21lcl9jcmVkaXRfcmVxdWlyZXNfc2VsZWN0ZWRfb3duZWRfZ3Vlc3RfYW5kX2Z1bGxfY3VycmVudF9jb25zZW50IjogWwogICAgICB7CiAgICAgICAgIndoZW4iOiAic2V0dXAiLAog
2026-09-10T08:11:31.5183645Z GO_EVIDENCE_B64 ICAgICAgICJvdXRjb21lIjogInBhc3NlZCIKICAgICAgfSwKICAgICAgewogICAgICAgICJ3aGVuIjogImNhbGwiLAogICAgICAgICJvdXRjb21lIjogInBhc3NlZCIKICAgICAgfSwKICAgICAgewogICAgICAgICJ3aGVuIjogInRlYXJkb3duIiwKICAgICAgICAib3V0Y29tZSI6ICJwYXNzZWQiCiAgICAgIH0KICAgIF0sCiAgICAidGVzdHMvdGVzdF9kZXB0aDEyX2NyZWRpdF9hcGkucHk6OnRlc3Rfd2l0aGRyYXduX3RyYXZlbGVyX3Blcm1pc3Npb25fa2VlcHNfY3JlZGl0X3VuY2hhbmdlZF9hbmRfY3Jvc3NfY3JlZGl0X2Fj
2026-09-10T08:11:31.5190733Z GO_EVIDENCE_B64 dGlvbnNfZmFpbCI6IFsKICAgICAgewogICAgICAgICJ3aGVuIjogInNldHVwIiwKICAgICAgICAib3V0Y29tZSI6ICJwYXNzZWQiCiAgICAgIH0sCiAgICAgIHsKICAgICAgICAid2hlbiI6ICJjYWxsIiwKICAgICAgICAib3V0Y29tZSI6ICJwYXNzZWQiCiAgICAgIH0sCiAgICAgIHsKICAgICAgICAid2hlbiI6ICJ0ZWFyZG93biIsCiAgICAgICAgIm91dGNvbWUiOiAicGFzc2VkIgogICAgICB9CiAgICBdLAogICAgInRlc3RzL3Rlc3RfZGVwdGgxMl9wYXJlbnRfbW9uZXlfYnVkZ2V0LnB5Ojp0ZXN0X3JlZnVuZF9jYW5ub3Rf
2026-09-10T08:11:31.5197711Z GO_EVIDENCE_B64 Ym9ycm93X2Fub3RoZXJfY2FwdHVyZV9idWRnZXRfd2l0aGluX3NhbWVfcm9vdCI6IFsKICAgICAgewogICAgICAgICJ3aGVuIjogInNldHVwIiwKICAgICAgICAib3V0Y29tZSI6ICJwYXNzZWQiCiAgICAgIH0sCiAgICAgIHsKICAgICAgICAid2hlbiI6ICJjYWxsIiwKICAgICAgICAib3V0Y29tZSI6ICJwYXNzZWQiCiAgICAgIH0sCiAgICAgIHsKICAgICAgICAid2hlbiI6ICJ0ZWFyZG93biIsCiAgICAgICAgIm91dGNvbWUiOiAicGFzc2VkIgogICAgICB9CiAgICBdLAogICAgInRlc3RzL3Rlc3RfZGVwdGgxMl9wYXJlbnRf
2026-09-10T08:11:31.5204669Z GO_EVIDENCE_B64 bW9uZXlfYnVkZ2V0LnB5Ojp0ZXN0X2NhcHR1cmVfY2Fubm90X2JvcnJvd19hbm90aGVyX2F1dGhvcml6YXRpb25fYnVkZ2V0X3dpdGhpbl9zYW1lX3Jvb3QiOiBbCiAgICAgIHsKICAgICAgICAid2hlbiI6ICJzZXR1cCIsCiAgICAgICAgIm91dGNvbWUiOiAicGFzc2VkIgogICAgICB9LAogICAgICB7CiAgICAgICAgIndoZW4iOiAiY2FsbCIsCiAgICAgICAgIm91dGNvbWUiOiAicGFzc2VkIgogICAgICB9LAogICAgICB7CiAgICAgICAgIndoZW4iOiAidGVhcmRvd24iLAogICAgICAgICJvdXRjb21lIjogInBhc3NlZCIKICAg
2026-09-10T08:11:31.5211407Z GO_EVIDENCE_B64 ICAgfQogICAgXSwKICAgICJ0ZXN0cy90ZXN0X2RlcHRoMTVfbWlncmF0aW9uLnB5Ojp0ZXN0X3NvdXJjZV9leGNsdXNpb25fbWlncmF0aW9uX3JvdW5kdHJpcF9wcmVzZXJ2ZXNfb2xkX2Z1bGxfY2FwdHVyZV9hbGxvY2F0aW9uIjogWwogICAgICB7CiAgICAgICAgIndoZW4iOiAic2V0dXAiLAogICAgICAgICJvdXRjb21lIjogInBhc3NlZCIKICAgICAgfSwKICAgICAgewogICAgICAgICJ3aGVuIjogImNhbGwiLAogICAgICAgICJvdXRjb21lIjogInBhc3NlZCIKICAgICAgfSwKICAgICAgewogICAgICAgICJ3aGVuIjogInRl
2026-09-10T08:11:31.5218219Z GO_EVIDENCE_B64 YXJkb3duIiwKICAgICAgICAib3V0Y29tZSI6ICJwYXNzZWQiCiAgICAgIH0KICAgIF0sCiAgICAidGVzdHMvdGVzdF9kZXB0aDE1X21pZ3JhdGlvbi5weTo6dGVzdF9kb3duZ3JhZGVfY2Fubm90X2Ryb3BfYV9ub256ZXJvX2V4Y2x1c2lvbl9hbmRfcmV2aXZlX2ZvcmZlaXRlZF9zb3VyY2VfdmFsdWUiOiBbCiAgICAgIHsKICAgICAgICAid2hlbiI6ICJzZXR1cCIsCiAgICAgICAgIm91dGNvbWUiOiAicGFzc2VkIgogICAgICB9LAogICAgICB7CiAgICAgICAgIndoZW4iOiAiY2FsbCIsCiAgICAgICAgIm91dGNvbWUiOiAicGFz
2026-09-10T08:11:31.5225213Z GO_EVIDENCE_B64 c2VkIgogICAgICB9LAogICAgICB7CiAgICAgICAgIndoZW4iOiAidGVhcmRvd24iLAogICAgICAgICJvdXRjb21lIjogInBhc3NlZCIKICAgICAgfQogICAgXSwKICAgICJ0ZXN0cy90ZXN0X2RlcHRoMThfbWVkaWFfZHVyYWJpbGl0eS5weTo6dGVzdF9pbmRlcGVuZGVudF9wcm9jZXNzZXNfa2VlcF9hbGxfaGFydmVzdHNfYW5kX3NoYXJlZF9jb250ZW50IjogWwogICAgICB7CiAgICAgICAgIndoZW4iOiAic2V0dXAiLAogICAgICAgICJvdXRjb21lIjogInBhc3NlZCIKICAgICAgfSwKICAgICAgewogICAgICAgICJ3aGVuIjog
2026-09-10T08:11:31.5232097Z GO_EVIDENCE_B64 ImNhbGwiLAogICAgICAgICJvdXRjb21lIjogInBhc3NlZCIKICAgICAgfSwKICAgICAgewogICAgICAgICJ3aGVuIjogInRlYXJkb3duIiwKICAgICAgICAib3V0Y29tZSI6ICJwYXNzZWQiCiAgICAgIH0KICAgIF0sCiAgICAidGVzdHMvdGVzdF9kZXB0aDE4X21lZGlhX2R1cmFiaWxpdHkucHk6OnRlc3RfaW5kZXBlbmRlbnRfcHJvY2Vzc2VzX3ByZXNlcnZlX2V2ZXJ5X3JpZ2h0c19ldmVudCI6IFsKICAgICAgewogICAgICAgICJ3aGVuIjogInNldHVwIiwKICAgICAgICAib3V0Y29tZSI6ICJwYXNzZWQiCiAgICAgIH0sCiAg
2026-09-10T08:11:31.5239268Z GO_EVIDENCE_B64 ICAgIHsKICAgICAgICAid2hlbiI6ICJjYWxsIiwKICAgICAgICAib3V0Y29tZSI6ICJwYXNzZWQiCiAgICAgIH0sCiAgICAgIHsKICAgICAgICAid2hlbiI6ICJ0ZWFyZG93biIsCiAgICAgICAgIm91dGNvbWUiOiAicGFzc2VkIgogICAgICB9CiAgICBdLAogICAgInRlc3RzL3Rlc3RfZGVwdGgxOF9tZWRpYV9kdXJhYmlsaXR5LnB5Ojp0ZXN0X3NpZ2tpbGxfcm9sbHNfYmFja191bmNvbW1pdHRlZF9tZXRhZGF0YV93aXRob3V0X2xvc2luZ19jb21taXR0ZWRfc3RhdGVbaGFydmVzdF0iOiBbCiAgICAgIHsKICAgICAgICAid2hl
2026-09-10T08:11:31.5246261Z GO_EVIDENCE_B64 biI6ICJzZXR1cCIsCiAgICAgICAgIm91dGNvbWUiOiAicGFzc2VkIgogICAgICB9LAogICAgICB7CiAgICAgICAgIndoZW4iOiAiY2FsbCIsCiAgICAgICAgIm91dGNvbWUiOiAicGFzc2VkIgogICAgICB9LAogICAgICB7CiAgICAgICAgIndoZW4iOiAidGVhcmRvd24iLAogICAgICAgICJvdXRjb21lIjogInBhc3NlZCIKICAgICAgfQogICAgXSwKICAgICJ0ZXN0cy90ZXN0X2RlcHRoMThfbWVkaWFfZHVyYWJpbGl0eS5weTo6dGVzdF9zaWdraWxsX3JvbGxzX2JhY2tfdW5jb21taXR0ZWRfbWV0YWRhdGFfd2l0aG91dF9sb3Np
2026-09-10T08:11:31.5253137Z GO_EVIDENCE_B64 bmdfY29tbWl0dGVkX3N0YXRlW3JpZ2h0c10iOiBbCiAgICAgIHsKICAgICAgICAid2hlbiI6ICJzZXR1cCIsCiAgICAgICAgIm91dGNvbWUiOiAicGFzc2VkIgogICAgICB9LAogICAgICB7CiAgICAgICAgIndoZW4iOiAiY2FsbCIsCiAgICAgICAgIm91dGNvbWUiOiAicGFzc2VkIgogICAgICB9LAogICAgICB7CiAgICAgICAgIndoZW4iOiAidGVhcmRvd24iLAogICAgICAgICJvdXRjb21lIjogInBhc3NlZCIKICAgICAgfQogICAgXSwKICAgICJ0ZXN0cy90ZXN0X2RlcHRoMThfbWVkaWFfZHVyYWJpbGl0eS5weTo6dGVzdF9z
2026-09-10T08:11:31.5260098Z GO_EVIDENCE_B64 dGFsZV9zbmFwc2hvdF9jYW5ub3RfZXJhc2VfaGFydmVzdF9vcl9yZXN0b3JlX3Jldm9rZWRfcmlnaHRzIjogWwogICAgICB7CiAgICAgICAgIndoZW4iOiAic2V0dXAiLAogICAgICAgICJvdXRjb21lIjogInBhc3NlZCIKICAgICAgfSwKICAgICAgewogICAgICAgICJ3aGVuIjogImNhbGwiLAogICAgICAgICJvdXRjb21lIjogInBhc3NlZCIKICAgICAgfSwKICAgICAgewogICAgICAgICJ3aGVuIjogInRlYXJkb3duIiwKICAgICAgICAib3V0Y29tZSI6ICJwYXNzZWQiCiAgICAgIH0KICAgIF0sCiAgICAidGVzdHMvdGVzdF9k
2026-09-10T08:11:31.5267183Z GO_EVIDENCE_B64 ZXB0aDE4X21lZGlhX2R1cmFiaWxpdHkucHk6OnRlc3Rfc3RhbGVfcmlnaHRzX2FwcHJvdmFsX2Nhbm5vdF9vdmVycmlkZV9yZXZvY2F0aW9uIjogWwogICAgICB7CiAgICAgICAgIndoZW4iOiAic2V0dXAiLAogICAgICAgICJvdXRjb21lIjogInBhc3NlZCIKICAgICAgfSwKICAgICAgewogICAgICAgICJ3aGVuIjogImNhbGwiLAogICAgICAgICJvdXRjb21lIjogInBhc3NlZCIKICAgICAgfSwKICAgICAgewogICAgICAgICJ3aGVuIjogInRlYXJkb3duIiwKICAgICAgICAib3V0Y29tZSI6ICJwYXNzZWQiCiAgICAgIH0KICAg
2026-09-10T08:11:31.5273988Z GO_EVIDENCE_B64 IF0sCiAgICAidGVzdHMvdGVzdF9kZXB0aDE4X21lZGlhX2R1cmFiaWxpdHkucHk6OnRlc3RfbGVnYWN5X2ltcG9ydF9pc19vbmNlX3ByZXNlcnZlc19vcmlnaW5hbF9hbmRfZG9lc19ub3RfcmVzdXJyZWN0X2dyYW50IjogWwogICAgICB7CiAgICAgICAgIndoZW4iOiAic2V0dXAiLAogICAgICAgICJvdXRjb21lIjogInBhc3NlZCIKICAgICAgfSwKICAgICAgewogICAgICAgICJ3aGVuIjogImNhbGwiLAogICAgICAgICJvdXRjb21lIjogInBhc3NlZCIKICAgICAgfSwKICAgICAgewogICAgICAgICJ3aGVuIjogInRlYXJkb3du
2026-09-10T08:11:31.5280849Z GO_EVIDENCE_B64 IiwKICAgICAgICAib3V0Y29tZSI6ICJwYXNzZWQiCiAgICAgIH0KICAgIF0sCiAgICAidGVzdHMvdGVzdF9kZXB0aDE4X21lZGlhX2R1cmFiaWxpdHkucHk6OnRlc3RfY29ycnVwdF9sZWdhY3lfaXNfbmV2ZXJfcmVwbGFjZWRfYnlfZW1wdHlfaW5kZXhbe10iOiBbCiAgICAgIHsKICAgICAgICAid2hlbiI6ICJzZXR1cCIsCiAgICAgICAgIm91dGNvbWUiOiAicGFzc2VkIgogICAgICB9LAogICAgICB7CiAgICAgICAgIndoZW4iOiAiY2FsbCIsCiAgICAgICAgIm91dGNvbWUiOiAicGFzc2VkIgogICAgICB9LAogICAgICB7CiAg
2026-09-10T08:11:31.5287741Z GO_EVIDENCE_B64 ICAgICAgIndoZW4iOiAidGVhcmRvd24iLAogICAgICAgICJvdXRjb21lIjogInBhc3NlZCIKICAgICAgfQogICAgXSwKICAgICJ0ZXN0cy90ZXN0X2RlcHRoMThfbWVkaWFfZHVyYWJpbGl0eS5weTo6dGVzdF9jb3JydXB0X2xlZ2FjeV9pc19uZXZlcl9yZXBsYWNlZF9ieV9lbXB0eV9pbmRleFtbXV0iOiBbCiAgICAgIHsKICAgICAgICAid2hlbiI6ICJzZXR1cCIsCiAgICAgICAgIm91dGNvbWUiOiAicGFzc2VkIgogICAgICB9LAogICAgICB7CiAgICAgICAgIndoZW4iOiAiY2FsbCIsCiAgICAgICAgIm91dGNvbWUiOiAicGFz
2026-09-10T08:11:31.5294616Z GO_EVIDENCE_B64 c2VkIgogICAgICB9LAogICAgICB7CiAgICAgICAgIndoZW4iOiAidGVhcmRvd24iLAogICAgICAgICJvdXRjb21lIjogInBhc3NlZCIKICAgICAgfQogICAgXSwKICAgICJ0ZXN0cy90ZXN0X2RlcHRoMThfbWVkaWFfZHVyYWJpbGl0eS5weTo6dGVzdF9jb3JydXB0X2xlZ2FjeV9pc19uZXZlcl9yZXBsYWNlZF9ieV9lbXB0eV9pbmRleFt7XCJ2ZXJzaW9uXCI6MSxcImFzc2V0c1wiOltdfV0iOiBbCiAgICAgIHsKICAgICAgICAid2hlbiI6ICJzZXR1cCIsCiAgICAgICAgIm91dGNvbWUiOiAicGFzc2VkIgogICAgICB9LAogICAg
2026-09-10T08:11:31.5301449Z GO_EVIDENCE_B64 ICB7CiAgICAgICAgIndoZW4iOiAiY2FsbCIsCiAgICAgICAgIm91dGNvbWUiOiAicGFzc2VkIgogICAgICB9LAogICAgICB7CiAgICAgICAgIndoZW4iOiAidGVhcmRvd24iLAogICAgICAgICJvdXRjb21lIjogInBhc3NlZCIKICAgICAgfQogICAgXSwKICAgICJ0ZXN0cy90ZXN0X2RlcHRoMThfbWVkaWFfZHVyYWJpbGl0eS5weTo6dGVzdF9jb3JydXB0X2xlZ2FjeV9pc19uZXZlcl9yZXBsYWNlZF9ieV9lbXB0eV9pbmRleFt7XCJ2ZXJzaW9uXCI6MSxcImFzc2V0c1wiOntcImFcIjp7XCJhc3NldF9pZFwiOlwiYVwiLFwiY2Fj
2026-09-10T08:11:31.5308581Z GO_EVIDENCE_B64 aGVfZmlsZVwiOlwiLi4vLi4vb3V0c2lkZVwifX19XSI6IFsKICAgICAgewogICAgICAgICJ3aGVuIjogInNldHVwIiwKICAgICAgICAib3V0Y29tZSI6ICJwYXNzZWQiCiAgICAgIH0sCiAgICAgIHsKICAgICAgICAid2hlbiI6ICJjYWxsIiwKICAgICAgICAib3V0Y29tZSI6ICJwYXNzZWQiCiAgICAgIH0sCiAgICAgIHsKICAgICAgICAid2hlbiI6ICJ0ZWFyZG93biIsCiAgICAgICAgIm91dGNvbWUiOiAicGFzc2VkIgogICAgICB9CiAgICBdLAogICAgInRlc3RzL3Rlc3RfZGVwdGgxOF9tZWRpYV9kdXJhYmlsaXR5LnB5Ojp0
2026-09-10T08:11:31.5315463Z GO_EVIDENCE_B64 ZXN0X2ludmFsaWRfbGVnYWN5X3JpZ2h0c19hcmVfbm90X3B1YmxpY19ldmVuX2lmX2ZsYWdfc2F5c190cnVlW293bmVyXSI6IFsKICAgICAgewogICAgICAgICJ3aGVuIjogInNldHVwIiwKICAgICAgICAib3V0Y29tZSI6ICJwYXNzZWQiCiAgICAgIH0sCiAgICAgIHsKICAgICAgICAid2hlbiI6ICJjYWxsIiwKICAgICAgICAib3V0Y29tZSI6ICJwYXNzZWQiCiAgICAgIH0sCiAgICAgIHsKICAgICAgICAid2hlbiI6ICJ0ZWFyZG93biIsCiAgICAgICAgIm91dGNvbWUiOiAicGFzc2VkIgogICAgICB9CiAgICBdLAogICAgInRl
2026-09-10T08:11:31.5322091Z GO_EVIDENCE_B64 c3RzL3Rlc3RfZGVwdGgxOF9tZWRpYV9kdXJhYmlsaXR5LnB5Ojp0ZXN0X2ludmFsaWRfbGVnYWN5X3JpZ2h0c19hcmVfbm90X3B1YmxpY19ldmVuX2lmX2ZsYWdfc2F5c190cnVlW2V2aWRlbmNlXSI6IFsKICAgICAgewogICAgICAgICJ3aGVuIjogInNldHVwIiwKICAgICAgICAib3V0Y29tZSI6ICJwYXNzZWQiCiAgICAgIH0sCiAgICAgIHsKICAgICAgICAid2hlbiI6ICJjYWxsIiwKICAgICAgICAib3V0Y29tZSI6ICJwYXNzZWQiCiAgICAgIH0sCiAgICAgIHsKICAgICAgICAid2hlbiI6ICJ0ZWFyZG93biIsCiAgICAgICAg
2026-09-10T08:11:31.5328860Z GO_EVIDENCE_B64 Im91dGNvbWUiOiAicGFzc2VkIgogICAgICB9CiAgICBdLAogICAgInRlc3RzL3Rlc3RfZGVwdGgxOF9tZWRpYV9kdXJhYmlsaXR5LnB5Ojp0ZXN0X2ludmFsaWRfbGVnYWN5X3JpZ2h0c19hcmVfbm90X3B1YmxpY19ldmVuX2lmX2ZsYWdfc2F5c190cnVlW2V4cGlyeV0iOiBbCiAgICAgIHsKICAgICAgICAid2hlbiI6ICJzZXR1cCIsCiAgICAgICAgIm91dGNvbWUiOiAicGFzc2VkIgogICAgICB9LAogICAgICB7CiAgICAgICAgIndoZW4iOiAiY2FsbCIsCiAgICAgICAgIm91dGNvbWUiOiAicGFzc2VkIgogICAgICB9LAogICAg
2026-09-10T08:11:31.5335835Z GO_EVIDENCE_B64 ICB7CiAgICAgICAgIndoZW4iOiAidGVhcmRvd24iLAogICAgICAgICJvdXRjb21lIjogInBhc3NlZCIKICAgICAgfQogICAgXSwKICAgICJ0ZXN0cy90ZXN0X2RlcHRoMThfbWVkaWFfZHVyYWJpbGl0eS5weTo6dGVzdF9pbnZhbGlkX2xlZ2FjeV9yaWdodHNfYXJlX25vdF9wdWJsaWNfZXZlbl9pZl9mbGFnX3NheXNfdHJ1ZVtjb250cmFjdF0iOiBbCiAgICAgIHsKICAgICAgICAid2hlbiI6ICJzZXR1cCIsCiAgICAgICAgIm91dGNvbWUiOiAicGFzc2VkIgogICAgICB9LAogICAgICB7CiAgICAgICAgIndoZW4iOiAiY2FsbCIs
2026-09-10T08:11:31.5342698Z GO_EVIDENCE_B64 CiAgICAgICAgIm91dGNvbWUiOiAicGFzc2VkIgogICAgICB9LAogICAgICB7CiAgICAgICAgIndoZW4iOiAidGVhcmRvd24iLAogICAgICAgICJvdXRjb21lIjogInBhc3NlZCIKICAgICAgfQogICAgXSwKICAgICJ0ZXN0cy90ZXN0X2RlcHRoMThfbWVkaWFfZHVyYWJpbGl0eS5weTo6dGVzdF9wdXJnZV9rZWVwc19vdGhlcl9ob3RlbF9zaGFyZWRfZmlsZXNfYW5kX2Nhbl9hZG1pdF9zYW1lX2hhc2hfYWdhaW4iOiBbCiAgICAgIHsKICAgICAgICAid2hlbiI6ICJzZXR1cCIsCiAgICAgICAgIm91dGNvbWUiOiAicGFzc2VkIgog
2026-09-10T08:11:31.5349763Z GO_EVIDENCE_B64 ICAgICB9LAogICAgICB7CiAgICAgICAgIndoZW4iOiAiY2FsbCIsCiAgICAgICAgIm91dGNvbWUiOiAicGFzc2VkIgogICAgICB9LAogICAgICB7CiAgICAgICAgIndoZW4iOiAidGVhcmRvd24iLAogICAgICAgICJvdXRjb21lIjogInBhc3NlZCIKICAgICAgfQogICAgXSwKICAgICJ0ZXN0cy90ZXN0X2RlcHRoMThfbWVkaWFfZHVyYWJpbGl0eS5weTo6dGVzdF9jb25jdXJyZW50X3B1cmdlX2FuZF9hZG1pc3Npb25fbmV2ZXJfcmVtb3ZlX3JlZmVyZW5jZWRfYnl0ZXMiOiBbCiAgICAgIHsKICAgICAgICAid2hlbiI6ICJzZXR1
2026-09-10T08:11:31.5356801Z GO_EVIDENCE_B64 cCIsCiAgICAgICAgIm91dGNvbWUiOiAicGFzc2VkIgogICAgICB9LAogICAgICB7CiAgICAgICAgIndoZW4iOiAiY2FsbCIsCiAgICAgICAgIm91dGNvbWUiOiAicGFzc2VkIgogICAgICB9LAogICAgICB7CiAgICAgICAgIndoZW4iOiAidGVhcmRvd24iLAogICAgICAgICJvdXRjb21lIjogInBhc3NlZCIKICAgICAgfQogICAgXSwKICAgICJ0ZXN0cy90ZXN0X2RlcHRoMThfbWVkaWFfZHVyYWJpbGl0eS5weTo6dGVzdF9hZG1pc3Npb25fcmVqZWN0c190YW1wZXJlZF9kZWR1cF9maWxlX2FuZF9rZWVwc19wcmlvcl9yZWNvcmQi
2026-09-10T08:11:31.5363749Z GO_EVIDENCE_B64 OiBbCiAgICAgIHsKICAgICAgICAid2hlbiI6ICJzZXR1cCIsCiAgICAgICAgIm91dGNvbWUiOiAicGFzc2VkIgogICAgICB9LAogICAgICB7CiAgICAgICAgIndoZW4iOiAiY2FsbCIsCiAgICAgICAgIm91dGNvbWUiOiAicGFzc2VkIgogICAgICB9LAogICAgICB7CiAgICAgICAgIndoZW4iOiAidGVhcmRvd24iLAogICAgICAgICJvdXRjb21lIjogInBhc3NlZCIKICAgICAgfQogICAgXSwKICAgICJ0ZXN0cy90ZXN0X2RlcHRoMThfbWVkaWFfZHVyYWJpbGl0eS5weTo6dGVzdF9pbmRleF9jb21taXRfZmFpbHVyZV9kb2VzX25v
2026-09-10T08:11:31.5370842Z GO_EVIDENCE_B64 dF9wdWJsaXNoX29yX2VyYXNlX2V4aXN0aW5nX3JlY29yZCI6IFsKICAgICAgewogICAgICAgICJ3aGVuIjogInNldHVwIiwKICAgICAgICAib3V0Y29tZSI6ICJwYXNzZWQiCiAgICAgIH0sCiAgICAgIHsKICAgICAgICAid2hlbiI6ICJjYWxsIiwKICAgICAgICAib3V0Y29tZSI6ICJwYXNzZWQiCiAgICAgIH0sCiAgICAgIHsKICAgICAgICAid2hlbiI6ICJ0ZWFyZG93biIsCiAgICAgICAgIm91dGNvbWUiOiAicGFzc2VkIgogICAgICB9CiAgICBdLAogICAgInRlc3RzL3Rlc3RfZGVwdGgxOF9tZWRpYV9kdXJhYmlsaXR5LnB5
2026-09-10T08:11:31.5377674Z GO_EVIDENCE_B64 Ojp0ZXN0X3B1YmxpY19yb3V0ZV9yZWNoZWNrc19yaWdodHNfYW5kX25ldmVyX3NlbmRzX2ltbXV0YWJsZV9jYWNoZSI6IFsKICAgICAgewogICAgICAgICJ3aGVuIjogInNldHVwIiwKICAgICAgICAib3V0Y29tZSI6ICJwYXNzZWQiCiAgICAgIH0sCiAgICAgIHsKICAgICAgICAid2hlbiI6ICJjYWxsIiwKICAgICAgICAib3V0Y29tZSI6ICJwYXNzZWQiCiAgICAgIH0sCiAgICAgIHsKICAgICAgICAid2hlbiI6ICJ0ZWFyZG93biIsCiAgICAgICAgIm91dGNvbWUiOiAicGFzc2VkIgogICAgICB9CiAgICBdLAogICAgInRlc3Rz
2026-09-10T08:11:31.5384463Z GO_EVIDENCE_B64 L3Rlc3RfZGVwdGgxOF9tZWRpYV9kdXJhYmlsaXR5LnB5Ojp0ZXN0X2FkbWluX3JpZ2h0c19yb3V0ZV9yZXF1aXJlc19jdXJyZW50X2Fzc2V0X3JldmlzaW9uIjogWwogICAgICB7CiAgICAgICAgIndoZW4iOiAic2V0dXAiLAogICAgICAgICJvdXRjb21lIjogInBhc3NlZCIKICAgICAgfSwKICAgICAgewogICAgICAgICJ3aGVuIjogImNhbGwiLAogICAgICAgICJvdXRjb21lIjogInBhc3NlZCIKICAgICAgfSwKICAgICAgewogICAgICAgICJ3aGVuIjogInRlYXJkb3duIiwKICAgICAgICAib3V0Y29tZSI6ICJwYXNzZWQiCiAg
2026-09-10T08:11:31.5393794Z GO_EVIDENCE_B64 ICAgIH0KICAgIF0sCiAgICAidGVzdHMvdGVzdF9kZXB0aDE4X21lZGlhX2R1cmFiaWxpdHkucHk6OnRlc3RfcHJpdmF0ZV9pbnRlcm1lZGlhdGVfcmVkaXJlY3RfaXNfYmxvY2tlZF9iZWZvcmVfbmV0d29ya19yZXF1ZXN0IjogWwogICAgICB7CiAgICAgICAgIndoZW4iOiAic2V0dXAiLAogICAgICAgICJvdXRjb21lIjogInBhc3NlZCIKICAgICAgfSwKICAgICAgewogICAgICAgICJ3aGVuIjogImNhbGwiLAogICAgICAgICJvdXRjb21lIjogInBhc3NlZCIKICAgICAgfSwKICAgICAgewogICAgICAgICJ3aGVuIjogInRlYXJk
2026-09-10T08:11:31.5401052Z GO_EVIDENCE_B64 b3duIiwKICAgICAgICAib3V0Y29tZSI6ICJwYXNzZWQiCiAgICAgIH0KICAgIF0sCiAgICAidGVzdHMvdGVzdF9kZXB0aDE4X21lZGlhX2R1cmFiaWxpdHkucHk6OnRlc3RfcmVkaXJlY3RfbG9vcF9pc19ib3VuZGVkX2FuZF9jcm9zc19vcmlnaW5fY3JlZGVudGlhbHNfYXJlX3JlbW92ZWQiOiBbCiAgICAgIHsKICAgICAgICAid2hlbiI6ICJzZXR1cCIsCiAgICAgICAgIm91dGNvbWUiOiAicGFzc2VkIgogICAgICB9LAogICAgICB7CiAgICAgICAgIndoZW4iOiAiY2FsbCIsCiAgICAgICAgIm91dGNvbWUiOiAicGFzc2VkIgog
2026-09-10T08:11:31.5408218Z GO_EVIDENCE_B64 ICAgICB9LAogICAgICB7CiAgICAgICAgIndoZW4iOiAidGVhcmRvd24iLAogICAgICAgICJvdXRjb21lIjogInBhc3NlZCIKICAgICAgfQogICAgXSwKICAgICJ0ZXN0cy90ZXN0X2RlcHRoMThfbWVkaWFfZHVyYWJpbGl0eS5weTo6dGVzdF9wcml2YXRlX3Rlc3Rfb3ZlcnJpZGVfaXNfZGlzYWJsZWRfaW5fZGVwbG95ZWRfZW52aXJvbm1lbnRzW3Byb2R1Y3Rpb25dIjogWwogICAgICB7CiAgICAgICAgIndoZW4iOiAic2V0dXAiLAogICAgICAgICJvdXRjb21lIjogInBhc3NlZCIKICAgICAgfSwKICAgICAgewogICAgICAgICJ3
2026-09-10T08:11:31.5415389Z GO_EVIDENCE_B64 aGVuIjogImNhbGwiLAogICAgICAgICJvdXRjb21lIjogInBhc3NlZCIKICAgICAgfSwKICAgICAgewogICAgICAgICJ3aGVuIjogInRlYXJkb3duIiwKICAgICAgICAib3V0Y29tZSI6ICJwYXNzZWQiCiAgICAgIH0KICAgIF0sCiAgICAidGVzdHMvdGVzdF9kZXB0aDE4X21lZGlhX2R1cmFiaWxpdHkucHk6OnRlc3RfcHJpdmF0ZV90ZXN0X292ZXJyaWRlX2lzX2Rpc2FibGVkX2luX2RlcGxveWVkX2Vudmlyb25tZW50c1twcm9kXSI6IFsKICAgICAgewogICAgICAgICJ3aGVuIjogInNldHVwIiwKICAgICAgICAib3V0Y29tZSI6
2026-09-10T08:11:31.5422295Z GO_EVIDENCE_B64 ICJwYXNzZWQiCiAgICAgIH0sCiAgICAgIHsKICAgICAgICAid2hlbiI6ICJjYWxsIiwKICAgICAgICAib3V0Y29tZSI6ICJwYXNzZWQiCiAgICAgIH0sCiAgICAgIHsKICAgICAgICAid2hlbiI6ICJ0ZWFyZG93biIsCiAgICAgICAgIm91dGNvbWUiOiAicGFzc2VkIgogICAgICB9CiAgICBdLAogICAgInRlc3RzL3Rlc3RfZGVwdGgxOF9tZWRpYV9kdXJhYmlsaXR5LnB5Ojp0ZXN0X3ByaXZhdGVfdGVzdF9vdmVycmlkZV9pc19kaXNhYmxlZF9pbl9kZXBsb3llZF9lbnZpcm9ubWVudHNbc3RhZ2luZ10iOiBbCiAgICAgIHsKICAg
2026-09-10T08:11:31.5429379Z GO_EVIDENCE_B64 ICAgICAid2hlbiI6ICJzZXR1cCIsCiAgICAgICAgIm91dGNvbWUiOiAicGFzc2VkIgogICAgICB9LAogICAgICB7CiAgICAgICAgIndoZW4iOiAiY2FsbCIsCiAgICAgICAgIm91dGNvbWUiOiAicGFzc2VkIgogICAgICB9LAogICAgICB7CiAgICAgICAgIndoZW4iOiAidGVhcmRvd24iLAogICAgICAgICJvdXRjb21lIjogInBhc3NlZCIKICAgICAgfQogICAgXSwKICAgICJ0ZXN0cy90ZXN0X2RlcHRoMTlfdHJhdmVsX2ZhY3RzLnB5Ojp0ZXN0X3JlYWRfaXNfb3duZXJfc2NvcGVkX2FuZF9kb2VzX25vdF9pbnZlbnRfb3Jfd3Jp
2026-09-10T08:11:31.5436577Z GO_EVIDENCE_B64 dGVfZmFjdCI6IFsKICAgICAgewogICAgICAgICJ3aGVuIjogInNldHVwIiwKICAgICAgICAib3V0Y29tZSI6ICJwYXNzZWQiCiAgICAgIH0sCiAgICAgIHsKICAgICAgICAid2hlbiI6ICJjYWxsIiwKICAgICAgICAib3V0Y29tZSI6ICJwYXNzZWQiCiAgICAgIH0sCiAgICAgIHsKICAgICAgICAid2hlbiI6ICJ0ZWFyZG93biIsCiAgICAgICAgIm91dGNvbWUiOiAicGFzc2VkIgogICAgICB9CiAgICBdLAogICAgInRlc3RzL3Rlc3RfZGVwdGgxOV90cmF2ZWxfZmFjdHMucHk6OnRlc3RfZm91cl9jZWxsc19hbmRfb2ZmaWNpYWxf
2026-09-10T08:11:31.5443449Z GO_EVIDENCE_B64 Y29ycmVjdGlvbl91c2Vfc291cmNlX29yZGVyX25vdF9zdGF0ZV9yYW5rIjogWwogICAgICB7CiAgICAgICAgIndoZW4iOiAic2V0dXAiLAogICAgICAgICJvdXRjb21lIjogInBhc3NlZCIKICAgICAgfSwKICAgICAgewogICAgICAgICJ3aGVuIjogImNhbGwiLAogICAgICAgICJvdXRjb21lIjogInBhc3NlZCIKICAgICAgfSwKICAgICAgewogICAgICAgICJ3aGVuIjogInRlYXJkb3duIiwKICAgICAgICAib3V0Y29tZSI6ICJwYXNzZWQiCiAgICAgIH0KICAgIF0sCiAgICAidGVzdHMvdGVzdF9kZXB0aDE5X3RyYXZlbF9mYWN0
2026-09-10T08:11:31.5450339Z GO_EVIDENCE_B64 cy5weTo6dGVzdF91bnNpZ25lZF9sZWdhY3lfc291cmNlX3N0cmluZ19pc19ub3RfYXV0aG9yaXR5IjogWwogICAgICB7CiAgICAgICAgIndoZW4iOiAic2V0dXAiLAogICAgICAgICJvdXRjb21lIjogInBhc3NlZCIKICAgICAgfSwKICAgICAgewogICAgICAgICJ3aGVuIjogImNhbGwiLAogICAgICAgICJvdXRjb21lIjogInBhc3NlZCIKICAgICAgfSwKICAgICAgewogICAgICAgICJ3aGVuIjogInRlYXJkb3duIiwKICAgICAgICAib3V0Y29tZSI6ICJwYXNzZWQiCiAgICAgIH0KICAgIF0sCiAgICAidGVzdHMvdGVzdF9kZXB0
2026-09-10T08:11:31.5457219Z GO_EVIDENCE_B64 aDE5X3RyYXZlbF9mYWN0cy5weTo6dGVzdF9zaWduYXR1cmVfYmluZHNfZXhhY3RfYm9keV9hbmRfZXZlbnRfaWRlbnRpdHkiOiBbCiAgICAgIHsKICAgICAgICAid2hlbiI6ICJzZXR1cCIsCiAgICAgICAgIm91dGNvbWUiOiAicGFzc2VkIgogICAgICB9LAogICAgICB7CiAgICAgICAgIndoZW4iOiAiY2FsbCIsCiAgICAgICAgIm91dGNvbWUiOiAicGFzc2VkIgogICAgICB9LAogICAgICB7CiAgICAgICAgIndoZW4iOiAidGVhcmRvd24iLAogICAgICAgICJvdXRjb21lIjogInBhc3NlZCIKICAgICAgfQogICAgXSwKICAgICJ0
2026-09-10T08:11:31.5464157Z GO_EVIDENCE_B64 ZXN0cy90ZXN0X2RlcHRoMTlfdHJhdmVsX2ZhY3RzLnB5Ojp0ZXN0X3VudHJ1c3RlZF9saW5rc19jYW5ub3RfYmVjb21lX29mZmljaWFsW2phdmFzY3JpcHQ6YWxlcnQoMSldIjogWwogICAgICB7CiAgICAgICAgIndoZW4iOiAic2V0dXAiLAogICAgICAgICJvdXRjb21lIjogInBhc3NlZCIKICAgICAgfSwKICAgICAgewogICAgICAgICJ3aGVuIjogImNhbGwiLAogICAgICAgICJvdXRjb21lIjogInBhc3NlZCIKICAgICAgfSwKICAgICAgewogICAgICAgICJ3aGVuIjogInRlYXJkb3duIiwKICAgICAgICAib3V0Y29tZSI6ICJw
2026-09-10T08:11:31.5471013Z GO_EVIDENCE_B64 YXNzZWQiCiAgICAgIH0KICAgIF0sCiAgICAidGVzdHMvdGVzdF9kZXB0aDE5X3RyYXZlbF9mYWN0cy5weTo6dGVzdF91bnRydXN0ZWRfbGlua3NfY2Fubm90X2JlY29tZV9vZmZpY2lhbFtodHRwOi8vYWlybGluZS5leGFtcGxlL3Bhc3NdIjogWwogICAgICB7CiAgICAgICAgIndoZW4iOiAic2V0dXAiLAogICAgICAgICJvdXRjb21lIjogInBhc3NlZCIKICAgICAgfSwKICAgICAgewogICAgICAgICJ3aGVuIjogImNhbGwiLAogICAgICAgICJvdXRjb21lIjogInBhc3NlZCIKICAgICAgfSwKICAgICAgewogICAgICAgICJ3aGVu
2026-09-10T08:11:31.5477955Z GO_EVIDENCE_B64 IjogInRlYXJkb3duIiwKICAgICAgICAib3V0Y29tZSI6ICJwYXNzZWQiCiAgICAgIH0KICAgIF0sCiAgICAidGVzdHMvdGVzdF9kZXB0aDE5X3RyYXZlbF9mYWN0cy5weTo6dGVzdF91bnRydXN0ZWRfbGlua3NfY2Fubm90X2JlY29tZV9vZmZpY2lhbFtodHRwczovL2FpcmxpbmUuZXhhbXBsZS5ldmlsLnRlc3QvcGFzc10iOiBbCiAgICAgIHsKICAgICAgICAid2hlbiI6ICJzZXR1cCIsCiAgICAgICAgIm91dGNvbWUiOiAicGFzc2VkIgogICAgICB9LAogICAgICB7CiAgICAgICAgIndoZW4iOiAiY2FsbCIsCiAgICAgICAgIm91
2026-09-10T08:11:31.5484826Z GO_EVIDENCE_B64 dGNvbWUiOiAicGFzc2VkIgogICAgICB9LAogICAgICB7CiAgICAgICAgIndoZW4iOiAidGVhcmRvd24iLAogICAgICAgICJvdXRjb21lIjogInBhc3NlZCIKICAgICAgfQogICAgXSwKICAgICJ0ZXN0cy90ZXN0X2RlcHRoMTlfdHJhdmVsX2ZhY3RzLnB5Ojp0ZXN0X3VudHJ1c3RlZF9saW5rc19jYW5ub3RfYmVjb21lX29mZmljaWFsW2h0dHBzOi8vdXNlckBhaXJsaW5lLmV4YW1wbGUvcGFzc10iOiBbCiAgICAgIHsKICAgICAgICAid2hlbiI6ICJzZXR1cCIsCiAgICAgICAgIm91dGNvbWUiOiAicGFzc2VkIgogICAgICB9LAog
2026-09-10T08:11:31.5491661Z GO_EVIDENCE_B64 ICAgICB7CiAgICAgICAgIndoZW4iOiAiY2FsbCIsCiAgICAgICAgIm91dGNvbWUiOiAicGFzc2VkIgogICAgICB9LAogICAgICB7CiAgICAgICAgIndoZW4iOiAidGVhcmRvd24iLAogICAgICAgICJvdXRjb21lIjogInBhc3NlZCIKICAgICAgfQogICAgXSwKICAgICJ0ZXN0cy90ZXN0X2RlcHRoMTlfdHJhdmVsX2ZhY3RzLnB5Ojp0ZXN0X3VudHJ1c3RlZF9saW5rc19jYW5ub3RfYmVjb21lX29mZmljaWFsW2h0dHBzOi8vYWlybGluZS5leGFtcGxlOjgwODAvcGFzc10iOiBbCiAgICAgIHsKICAgICAgICAid2hlbiI6ICJzZXR1
2026-09-10T08:11:31.5498788Z GO_EVIDENCE_B64 cCIsCiAgICAgICAgIm91dGNvbWUiOiAicGFzc2VkIgogICAgICB9LAogICAgICB7CiAgICAgICAgIndoZW4iOiAiY2FsbCIsCiAgICAgICAgIm91dGNvbWUiOiAicGFzc2VkIgogICAgICB9LAogICAgICB7CiAgICAgICAgIndoZW4iOiAidGVhcmRvd24iLAogICAgICAgICJvdXRjb21lIjogInBhc3NlZCIKICAgICAgfQogICAgXSwKICAgICJ0ZXN0cy90ZXN0X2RlcHRoMTlfdHJhdmVsX2ZhY3RzLnB5Ojp0ZXN0X3VudHJ1c3RlZF9saW5rc19jYW5ub3RfYmVjb21lX29mZmljaWFsW2h0dHBzOi8vYWlybGluZS5leGFtcGxlL1xc
2026-09-10T08:11:31.5505821Z GO_EVIDENCE_B64 bnBhc3NdIjogWwogICAgICB7CiAgICAgICAgIndoZW4iOiAic2V0dXAiLAogICAgICAgICJvdXRjb21lIjogInBhc3NlZCIKICAgICAgfSwKICAgICAgewogICAgICAgICJ3aGVuIjogImNhbGwiLAogICAgICAgICJvdXRjb21lIjogInBhc3NlZCIKICAgICAgfSwKICAgICAgewogICAgICAgICJ3aGVuIjogInRlYXJkb3duIiwKICAgICAgICAib3V0Y29tZSI6ICJwYXNzZWQiCiAgICAgIH0KICAgIF0sCiAgICAidGVzdHMvdGVzdF9kZXB0aDE5X3RyYXZlbF9mYWN0cy5weTo6dGVzdF91bnRydXN0ZWRfbGlua3NfY2Fubm90X2Jl
2026-09-10T08:11:31.5512752Z GO_EVIDENCE_B64 Y29tZV9vZmZpY2lhbFtodHRwczovL2V2aWwuZXhhbXBsZS9wYXNzXSI6IFsKICAgICAgewogICAgICAgICJ3aGVuIjogInNldHVwIiwKICAgICAgICAib3V0Y29tZSI6ICJwYXNzZWQiCiAgICAgIH0sCiAgICAgIHsKICAgICAgICAid2hlbiI6ICJjYWxsIiwKICAgICAgICAib3V0Y29tZSI6ICJwYXNzZWQiCiAgICAgIH0sCiAgICAgIHsKICAgICAgICAid2hlbiI6ICJ0ZWFyZG93biIsCiAgICAgICAgIm91dGNvbWUiOiAicGFzc2VkIgogICAgICB9CiAgICBdLAogICAgInRlc3RzL3Rlc3RfZGVwdGgxOV90cmF2ZWxfZmFjdHMu
2026-09-10T08:11:31.5519897Z GO_EVIDENCE_B64 cHk6OnRlc3RfaW5kZXBlbmRlbnRfcmV2aWV3X3JldmlzaW9uX2FuZF9yZXZvY2F0aW9uX3JlbW92ZV9wYXNzX29uX3JlYWQiOiBbCiAgICAgIHsKICAgICAgICAid2hlbiI6ICJzZXR1cCIsCiAgICAgICAgIm91dGNvbWUiOiAicGFzc2VkIgogICAgICB9LAogICAgICB7CiAgICAgICAgIndoZW4iOiAiY2FsbCIsCiAgICAgICAgIm91dGNvbWUiOiAicGFzc2VkIgogICAgICB9LAogICAgICB7CiAgICAgICAgIndoZW4iOiAidGVhcmRvd24iLAogICAgICAgICJvdXRjb21lIjogInBhc3NlZCIKICAgICAgfQogICAgXSwKICAgICJ0
2026-09-10T08:11:31.5526905Z GO_EVIDENCE_B64 ZXN0cy90ZXN0X2RlcHRoMTlfdHJhdmVsX2ZhY3RzLnB5Ojp0ZXN0X21ha2VyX2Nhbm5vdF9hcHByb3ZlX2FuZF9yZWdpc3RlcmVkX2tleV9jYW5ub3Rfc2lsZW50bHlfY2hhbmdlIjogWwogICAgICB7CiAgICAgICAgIndoZW4iOiAic2V0dXAiLAogICAgICAgICJvdXRjb21lIjogInBhc3NlZCIKICAgICAgfSwKICAgICAgewogICAgICAgICJ3aGVuIjogImNhbGwiLAogICAgICAgICJvdXRjb21lIjogInBhc3NlZCIKICAgICAgfSwKICAgICAgewogICAgICAgICJ3aGVuIjogInRlYXJkb3duIiwKICAgICAgICAib3V0Y29tZSI6
2026-09-10T08:11:31.5533653Z GO_EVIDENCE_B64 ICJwYXNzZWQiCiAgICAgIH0KICAgIF0sCiAgICAidGVzdHMvdGVzdF9kZXB0aDE5X3RyYXZlbF9mYWN0cy5weTo6dGVzdF9jaGFuZ2VkX29yZGVyX25ldmVyX3JldXNlc19wcmlvcl9wYXNzW3RpY2tldF0iOiBbCiAgICAgIHsKICAgICAgICAid2hlbiI6ICJzZXR1cCIsCiAgICAgICAgIm91dGNvbWUiOiAicGFzc2VkIgogICAgICB9LAogICAgICB7CiAgICAgICAgIndoZW4iOiAiY2FsbCIsCiAgICAgICAgIm91dGNvbWUiOiAicGFzc2VkIgogICAgICB9LAogICAgICB7CiAgICAgICAgIndoZW4iOiAidGVhcmRvd24iLAogICAg
2026-09-10T08:11:31.5540572Z GO_EVIDENCE_B64 ICAgICJvdXRjb21lIjogInBhc3NlZCIKICAgICAgfQogICAgXSwKICAgICJ0ZXN0cy90ZXN0X2RlcHRoMTlfdHJhdmVsX2ZhY3RzLnB5Ojp0ZXN0X2NoYW5nZWRfb3JkZXJfbmV2ZXJfcmV1c2VzX3ByaW9yX3Bhc3NbaXRpbmVyYXJ5XSI6IFsKICAgICAgewogICAgICAgICJ3aGVuIjogInNldHVwIiwKICAgICAgICAib3V0Y29tZSI6ICJwYXNzZWQiCiAgICAgIH0sCiAgICAgIHsKICAgICAgICAid2hlbiI6ICJjYWxsIiwKICAgICAgICAib3V0Y29tZSI6ICJwYXNzZWQiCiAgICAgIH0sCiAgICAgIHsKICAgICAgICAid2hlbiI6
2026-09-10T08:11:31.5547497Z GO_EVIDENCE_B64 ICJ0ZWFyZG93biIsCiAgICAgICAgIm91dGNvbWUiOiAicGFzc2VkIgogICAgICB9CiAgICBdLAogICAgInRlc3RzL3Rlc3RfZGVwdGgxOV90cmF2ZWxfZmFjdHMucHk6OnRlc3RfY2hhbmdlZF9vcmRlcl9uZXZlcl9yZXVzZXNfcHJpb3JfcGFzc1t0cmF2ZWxlcl0iOiBbCiAgICAgIHsKICAgICAgICAid2hlbiI6ICJzZXR1cCIsCiAgICAgICAgIm91dGNvbWUiOiAicGFzc2VkIgogICAgICB9LAogICAgICB7CiAgICAgICAgIndoZW4iOiAiY2FsbCIsCiAgICAgICAgIm91dGNvbWUiOiAicGFzc2VkIgogICAgICB9LAogICAgICB7
2026-09-10T08:11:31.5554602Z GO_EVIDENCE_B64 CiAgICAgICAgIndoZW4iOiAidGVhcmRvd24iLAogICAgICAgICJvdXRjb21lIjogInBhc3NlZCIKICAgICAgfQogICAgXSwKICAgICJ0ZXN0cy90ZXN0X2RlcHRoMTlfdHJhdmVsX2ZhY3RzLnB5Ojp0ZXN0X2NoYW5nZWRfb3JkZXJfbmV2ZXJfcmV1c2VzX3ByaW9yX3Bhc3NbcmVmdW5kXSI6IFsKICAgICAgewogICAgICAgICJ3aGVuIjogInNldHVwIiwKICAgICAgICAib3V0Y29tZSI6ICJwYXNzZWQiCiAgICAgIH0sCiAgICAgIHsKICAgICAgICAid2hlbiI6ICJjYWxsIiwKICAgICAgICAib3V0Y29tZSI6ICJwYXNzZWQiCiAg
2026-09-10T08:11:31.5561597Z GO_EVIDENCE_B64 ICAgIH0sCiAgICAgIHsKICAgICAgICAid2hlbiI6ICJ0ZWFyZG93biIsCiAgICAgICAgIm91dGNvbWUiOiAicGFzc2VkIgogICAgICB9CiAgICBdLAogICAgInRlc3RzL3Rlc3RfZGVwdGgxOV90cmF2ZWxfZmFjdHMucHk6OnRlc3RfZmFjdF92YWxpZGl0eV93aW5kb3dbZXhwaXJlZF0iOiBbCiAgICAgIHsKICAgICAgICAid2hlbiI6ICJzZXR1cCIsCiAgICAgICAgIm91dGNvbWUiOiAicGFzc2VkIgogICAgICB9LAogICAgICB7CiAgICAgICAgIndoZW4iOiAiY2FsbCIsCiAgICAgICAgIm91dGNvbWUiOiAicGFzc2VkIgogICAg
2026-09-10T08:11:31.5568554Z GO_EVIDENCE_B64 ICB9LAogICAgICB7CiAgICAgICAgIndoZW4iOiAidGVhcmRvd24iLAogICAgICAgICJvdXRjb21lIjogInBhc3NlZCIKICAgICAgfQogICAgXSwKICAgICJ0ZXN0cy90ZXN0X2RlcHRoMTlfdHJhdmVsX2ZhY3RzLnB5Ojp0ZXN0X2ZhY3RfdmFsaWRpdHlfd2luZG93W2Z1dHVyZV0iOiBbCiAgICAgIHsKICAgICAgICAid2hlbiI6ICJzZXR1cCIsCiAgICAgICAgIm91dGNvbWUiOiAicGFzc2VkIgogICAgICB9LAogICAgICB7CiAgICAgICAgIndoZW4iOiAiY2FsbCIsCiAgICAgICAgIm91dGNvbWUiOiAicGFzc2VkIgogICAgICB9
2026-09-10T08:11:31.5575483Z GO_EVIDENCE_B64 LAogICAgICB7CiAgICAgICAgIndoZW4iOiAidGVhcmRvd24iLAogICAgICAgICJvdXRjb21lIjogInBhc3NlZCIKICAgICAgfQogICAgXSwKICAgICJ0ZXN0cy90ZXN0X2RlcHRoMTlfdHJhdmVsX2ZhY3RzLnB5Ojp0ZXN0X2ZhY3RfdmFsaWRpdHlfd2luZG93W3Rvb19vbGRdIjogWwogICAgICB7CiAgICAgICAgIndoZW4iOiAic2V0dXAiLAogICAgICAgICJvdXRjb21lIjogInBhc3NlZCIKICAgICAgfSwKICAgICAgewogICAgICAgICJ3aGVuIjogImNhbGwiLAogICAgICAgICJvdXRjb21lIjogInBhc3NlZCIKICAgICAgfSwK
2026-09-10T08:11:31.5582348Z GO_EVIDENCE_B64 ICAgICAgewogICAgICAgICJ3aGVuIjogInRlYXJkb3duIiwKICAgICAgICAib3V0Y29tZSI6ICJwYXNzZWQiCiAgICAgIH0KICAgIF0sCiAgICAidGVzdHMvdGVzdF9kZXB0aDE5X3RyYXZlbF9mYWN0cy5weTo6dGVzdF9mYWN0X3ZhbGlkaXR5X3dpbmRvd1tiZXlvbmRfYXV0aG9yaXR5XSI6IFsKICAgICAgewogICAgICAgICJ3aGVuIjogInNldHVwIiwKICAgICAgICAib3V0Y29tZSI6ICJwYXNzZWQiCiAgICAgIH0sCiAgICAgIHsKICAgICAgICAid2hlbiI6ICJjYWxsIiwKICAgICAgICAib3V0Y29tZSI6ICJwYXNzZWQiCiAg
2026-09-10T08:11:31.5589428Z GO_EVIDENCE_B64 ICAgIH0sCiAgICAgIHsKICAgICAgICAid2hlbiI6ICJ0ZWFyZG93biIsCiAgICAgICAgIm91dGNvbWUiOiAicGFzc2VkIgogICAgICB9CiAgICBdLAogICAgInRlc3RzL3Rlc3RfZGVwdGgxOV90cmF2ZWxfZmFjdHMucHk6OnRlc3Rfbm9fZmFsbGJhY2tfdG9fb2xkZXJfZmFjdF93aGVuX25ld2VzdF9pc19leHBpcmVkX29yX2NvcnJ1cHQiOiBbCiAgICAgIHsKICAgICAgICAid2hlbiI6ICJzZXR1cCIsCiAgICAgICAgIm91dGNvbWUiOiAicGFzc2VkIgogICAgICB9LAogICAgICB7CiAgICAgICAgIndoZW4iOiAiY2FsbCIsCiAg
2026-09-10T08:11:31.5596355Z GO_EVIDENCE_B64 ICAgICAgIm91dGNvbWUiOiAicGFzc2VkIgogICAgICB9LAogICAgICB7CiAgICAgICAgIndoZW4iOiAidGVhcmRvd24iLAogICAgICAgICJvdXRjb21lIjogInBhc3NlZCIKICAgICAgfQogICAgXSwKICAgICJ0ZXN0cy90ZXN0X2RlcHRoMTlfdHJhdmVsX2ZhY3RzLnB5Ojp0ZXN0X3NlcXVlbmNlX2FuZF9wcm92aWRlcl9zd2l0Y2hfYXJlX2V4cGxpY2l0IjogWwogICAgICB7CiAgICAgICAgIndoZW4iOiAic2V0dXAiLAogICAgICAgICJvdXRjb21lIjogInBhc3NlZCIKICAgICAgfSwKICAgICAgewogICAgICAgICJ3aGVuIjog
2026-09-10T08:11:31.5603222Z GO_EVIDENCE_B64 ImNhbGwiLAogICAgICAgICJvdXRjb21lIjogInBhc3NlZCIKICAgICAgfSwKICAgICAgewogICAgICAgICJ3aGVuIjogInRlYXJkb3duIiwKICAgICAgICAib3V0Y29tZSI6ICJwYXNzZWQiCiAgICAgIH0KICAgIF0sCiAgICAidGVzdHMvdGVzdF9kZXB0aDE5X3RyYXZlbF9mYWN0cy5weTo6dGVzdF9jYXJyaWVyX3Njb3BlX2FuZF9wcm9kdWN0aW9uX2dhdGUiOiBbCiAgICAgIHsKICAgICAgICAid2hlbiI6ICJzZXR1cCIsCiAgICAgICAgIm91dGNvbWUiOiAicGFzc2VkIgogICAgICB9LAogICAgICB7CiAgICAgICAgIndoZW4i
2026-09-10T08:11:31.5610165Z GO_EVIDENCE_B64 OiAiY2FsbCIsCiAgICAgICAgIm91dGNvbWUiOiAicGFzc2VkIgogICAgICB9LAogICAgICB7CiAgICAgICAgIndoZW4iOiAidGVhcmRvd24iLAogICAgICAgICJvdXRjb21lIjogInBhc3NlZCIKICAgICAgfQogICAgXSwKICAgICJ0ZXN0cy90ZXN0X2RlcHRoMjBfYXBpX2Z1bGZpbGxtZW50LnB5Ojp0ZXN0X3JhaWxfc3VwcGxpZXJfY2Fubm90X3RpY2tldF93cm9uZ19jb3VudF9vcl9pbnZhbGlkX2lkZW50aXRpZXNbdGlja2V0czBdIjogWwogICAgICB7CiAgICAgICAgIndoZW4iOiAic2V0dXAiLAogICAgICAgICJvdXRjb21l
2026-09-10T08:11:31.5617153Z GO_EVIDENCE_B64 IjogInBhc3NlZCIKICAgICAgfSwKICAgICAgewogICAgICAgICJ3aGVuIjogImNhbGwiLAogICAgICAgICJvdXRjb21lIjogInBhc3NlZCIKICAgICAgfSwKICAgICAgewogICAgICAgICJ3aGVuIjogInRlYXJkb3duIiwKICAgICAgICAib3V0Y29tZSI6ICJwYXNzZWQiCiAgICAgIH0KICAgIF0sCiAgICAidGVzdHMvdGVzdF9kZXB0aDIwX2FwaV9mdWxmaWxsbWVudC5weTo6dGVzdF9yYWlsX3N1cHBsaWVyX2Nhbm5vdF90aWNrZXRfd3JvbmdfY291bnRfb3JfaW52YWxpZF9pZGVudGl0aWVzW3RpY2tldHMxXSI6IFsKICAgICAg
2026-09-10T08:11:31.5624347Z GO_EVIDENCE_B64 ewogICAgICAgICJ3aGVuIjogInNldHVwIiwKICAgICAgICAib3V0Y29tZSI6ICJwYXNzZWQiCiAgICAgIH0sCiAgICAgIHsKICAgICAgICAid2hlbiI6ICJjYWxsIiwKICAgICAgICAib3V0Y29tZSI6ICJwYXNzZWQiCiAgICAgIH0sCiAgICAgIHsKICAgICAgICAid2hlbiI6ICJ0ZWFyZG93biIsCiAgICAgICAgIm91dGNvbWUiOiAicGFzc2VkIgogICAgICB9CiAgICBdLAogICAgInRlc3RzL3Rlc3RfZGVwdGgyMF9hcGlfZnVsZmlsbG1lbnQucHk6OnRlc3RfcmFpbF9zdXBwbGllcl9jYW5ub3RfdGlja2V0X3dyb25nX2NvdW50
2026-09-10T08:11:31.5631268Z GO_EVIDENCE_B64 X29yX2ludmFsaWRfaWRlbnRpdGllc1t0aWNrZXRzMl0iOiBbCiAgICAgIHsKICAgICAgICAid2hlbiI6ICJzZXR1cCIsCiAgICAgICAgIm91dGNvbWUiOiAicGFzc2VkIgogICAgICB9LAogICAgICB7CiAgICAgICAgIndoZW4iOiAiY2FsbCIsCiAgICAgICAgIm91dGNvbWUiOiAicGFzc2VkIgogICAgICB9LAogICAgICB7CiAgICAgICAgIndoZW4iOiAidGVhcmRvd24iLAogICAgICAgICJvdXRjb21lIjogInBhc3NlZCIKICAgICAgfQogICAgXSwKICAgICJ0ZXN0cy90ZXN0X2RlcHRoMjBfYXBpX2Z1bGZpbGxtZW50LnB5Ojp0
2026-09-10T08:11:31.5638196Z GO_EVIDENCE_B64 ZXN0X3JhaWxfc3VwcGxpZXJfY2Fubm90X3RpY2tldF93cm9uZ19jb3VudF9vcl9pbnZhbGlkX2lkZW50aXRpZXNbdGlja2V0czNdIjogWwogICAgICB7CiAgICAgICAgIndoZW4iOiAic2V0dXAiLAogICAgICAgICJvdXRjb21lIjogInBhc3NlZCIKICAgICAgfSwKICAgICAgewogICAgICAgICJ3aGVuIjogImNhbGwiLAogICAgICAgICJvdXRjb21lIjogInBhc3NlZCIKICAgICAgfSwKICAgICAgewogICAgICAgICJ3aGVuIjogInRlYXJkb3duIiwKICAgICAgICAib3V0Y29tZSI6ICJwYXNzZWQiCiAgICAgIH0KICAgIF0sCiAg
2026-09-10T08:11:31.5645056Z GO_EVIDENCE_B64 ICAidGVzdHMvdGVzdF9kZXB0aDIwX2FwaV9mdWxmaWxsbWVudC5weTo6dGVzdF9yYWlsX3N1cHBsaWVyX2Nhbm5vdF90aWNrZXRfd3JvbmdfY291bnRfb3JfaW52YWxpZF9pZGVudGl0aWVzW3RpY2tldHM0XSI6IFsKICAgICAgewogICAgICAgICJ3aGVuIjogInNldHVwIiwKICAgICAgICAib3V0Y29tZSI6ICJwYXNzZWQiCiAgICAgIH0sCiAgICAgIHsKICAgICAgICAid2hlbiI6ICJjYWxsIiwKICAgICAgICAib3V0Y29tZSI6ICJwYXNzZWQiCiAgICAgIH0sCiAgICAgIHsKICAgICAgICAid2hlbiI6ICJ0ZWFyZG93biIsCiAg
2026-09-10T08:11:31.5651824Z GO_EVIDENCE_B64 ICAgICAgIm91dGNvbWUiOiAicGFzc2VkIgogICAgICB9CiAgICBdLAogICAgInRlc3RzL3Rlc3RfZGVwdGgyMF9hcGlfZnVsZmlsbG1lbnQucHk6OnRlc3RfY29uZmlybWVkX3JhaWxfdGlja2V0c19yZXBsYXlfZXhhY3RseV9hbmRfY2Fubm90X2JlX3JlcGxhY2VkIjogWwogICAgICB7CiAgICAgICAgIndoZW4iOiAic2V0dXAiLAogICAgICAgICJvdXRjb21lIjogInBhc3NlZCIKICAgICAgfSwKICAgICAgewogICAgICAgICJ3aGVuIjogImNhbGwiLAogICAgICAgICJvdXRjb21lIjogInBhc3NlZCIKICAgICAgfSwKICAgICAg
2026-09-10T08:11:31.5658870Z GO_EVIDENCE_B64 ewogICAgICAgICJ3aGVuIjogInRlYXJkb3duIiwKICAgICAgICAib3V0Y29tZSI6ICJwYXNzZWQiCiAgICAgIH0KICAgIF0sCiAgICAidGVzdHMvdGVzdF9kZXB0aDIwX2FwaV9mdWxmaWxsbWVudC5weTo6dGVzdF9tdWx0aV9wZXJzb25fY2hhbmdlX3JlZnVuZF9yZXR1cm5zX3RvX29yaWdpbmFsX2FuZF9hZGp1c3RtZW50X2NhcHR1cmVzIjogWwogICAgICB7CiAgICAgICAgIndoZW4iOiAic2V0dXAiLAogICAgICAgICJvdXRjb21lIjogInBhc3NlZCIKICAgICAgfSwKICAgICAgewogICAgICAgICJ3aGVuIjogImNhbGwiLAog
2026-09-10T08:11:31.5665815Z GO_EVIDENCE_B64 ICAgICAgICJvdXRjb21lIjogInBhc3NlZCIKICAgICAgfSwKICAgICAgewogICAgICAgICJ3aGVuIjogInRlYXJkb3duIiwKICAgICAgICAib3V0Y29tZSI6ICJwYXNzZWQiCiAgICAgIH0KICAgIF0sCiAgICAidGVzdHMvdGVzdF9kZXB0aDIwX2FwaV9mdWxmaWxsbWVudC5weTo6dGVzdF9idXNpbmVzc19jbGFzc19jaGFuZ2VfdXNlc19xdW90ZWRfemVyb19mZWUiOiBbCiAgICAgIHsKICAgICAgICAid2hlbiI6ICJzZXR1cCIsCiAgICAgICAgIm91dGNvbWUiOiAicGFzc2VkIgogICAgICB9LAogICAgICB7CiAgICAgICAgIndo
2026-09-10T08:11:31.5672719Z GO_EVIDENCE_B64 ZW4iOiAiY2FsbCIsCiAgICAgICAgIm91dGNvbWUiOiAicGFzc2VkIgogICAgICB9LAogICAgICB7CiAgICAgICAgIndoZW4iOiAidGVhcmRvd24iLAogICAgICAgICJvdXRjb21lIjogInBhc3NlZCIKICAgICAgfQogICAgXSwKICAgICJ0ZXN0cy90ZXN0X2RlcHRoMjBfYXBpX2Z1bGZpbGxtZW50LnB5Ojp0ZXN0X3dyb25nX3JlaXNzdWVkX3BhcnR5X2Nhbm5vdF9jYXB0dXJlX2FkanVzdG1lbnQiOiBbCiAgICAgIHsKICAgICAgICAid2hlbiI6ICJzZXR1cCIsCiAgICAgICAgIm91dGNvbWUiOiAicGFzc2VkIgogICAgICB9LAog
2026-09-10T08:11:31.5679680Z GO_EVIDENCE_B64 ICAgICB7CiAgICAgICAgIndoZW4iOiAiY2FsbCIsCiAgICAgICAgIm91dGNvbWUiOiAicGFzc2VkIgogICAgICB9LAogICAgICB7CiAgICAgICAgIndoZW4iOiAidGVhcmRvd24iLAogICAgICAgICJvdXRjb21lIjogInBhc3NlZCIKICAgICAgfQogICAgXSwKICAgICJ0ZXN0cy90ZXN0X2RlcHRoMjBfYXBpX2Z1bGZpbGxtZW50LnB5Ojp0ZXN0X21pc3NpbmdfY29uZmlybWVkX2FkanVzdG1lbnRfY2Fubm90X21hcmtfY2hhbmdlX2V4ZWN1dGVkIjogWwogICAgICB7CiAgICAgICAgIndoZW4iOiAic2V0dXAiLAogICAgICAgICJv
2026-09-10T08:11:31.5686654Z GO_EVIDENCE_B64 dXRjb21lIjogInBhc3NlZCIKICAgICAgfSwKICAgICAgewogICAgICAgICJ3aGVuIjogImNhbGwiLAogICAgICAgICJvdXRjb21lIjogInBhc3NlZCIKICAgICAgfSwKICAgICAgewogICAgICAgICJ3aGVuIjogInRlYXJkb3duIiwKICAgICAgICAib3V0Y29tZSI6ICJwYXNzZWQiCiAgICAgIH0KICAgIF0sCiAgICAidGVzdHMvdGVzdF9kZXB0aDIwX2FwaV9mdWxmaWxsbWVudC5weTo6dGVzdF9zaWduZWRfaW5fcHJlYm9va19jYW5ub3RfYmVfY2xhaW1lZF9ieV9hbm90aGVyX2NvbnN1bWVyIjogWwogICAgICB7CiAgICAgICAg
2026-09-10T08:11:31.5693755Z GO_EVIDENCE_B64 IndoZW4iOiAic2V0dXAiLAogICAgICAgICJvdXRjb21lIjogInBhc3NlZCIKICAgICAgfSwKICAgICAgewogICAgICAgICJ3aGVuIjogImNhbGwiLAogICAgICAgICJvdXRjb21lIjogInBhc3NlZCIKICAgICAgfSwKICAgICAgewogICAgICAgICJ3aGVuIjogInRlYXJkb3duIiwKICAgICAgICAib3V0Y29tZSI6ICJwYXNzZWQiCiAgICAgIH0KICAgIF0sCiAgICAidGVzdHMvdGVzdF9kZXB0aDIwX2FwaV9mdWxmaWxsbWVudC5weTo6dGVzdF9yYWlsX2h0dHBfcmVqZWN0c19hbWJpZ3VvdXNfb3JfdW5zdXBwb3J0ZWRfcXVhbnRp
2026-09-10T08:11:31.5700831Z GO_EVIDENCE_B64 dGllc1tUcnVlXSI6IFsKICAgICAgewogICAgICAgICJ3aGVuIjogInNldHVwIiwKICAgICAgICAib3V0Y29tZSI6ICJwYXNzZWQiCiAgICAgIH0sCiAgICAgIHsKICAgICAgICAid2hlbiI6ICJjYWxsIiwKICAgICAgICAib3V0Y29tZSI6ICJwYXNzZWQiCiAgICAgIH0sCiAgICAgIHsKICAgICAgICAid2hlbiI6ICJ0ZWFyZG93biIsCiAgICAgICAgIm91dGNvbWUiOiAicGFzc2VkIgogICAgICB9CiAgICBdLAogICAgInRlc3RzL3Rlc3RfZGVwdGgyMF9hcGlfZnVsZmlsbG1lbnQucHk6OnRlc3RfcmFpbF9odHRwX3JlamVjdHNf
2026-09-10T08:11:31.5707789Z GO_EVIDENCE_B64 YW1iaWd1b3VzX29yX3Vuc3VwcG9ydGVkX3F1YW50aXRpZXNbMS4yXSI6IFsKICAgICAgewogICAgICAgICJ3aGVuIjogInNldHVwIiwKICAgICAgICAib3V0Y29tZSI6ICJwYXNzZWQiCiAgICAgIH0sCiAgICAgIHsKICAgICAgICAid2hlbiI6ICJjYWxsIiwKICAgICAgICAib3V0Y29tZSI6ICJwYXNzZWQiCiAgICAgIH0sCiAgICAgIHsKICAgICAgICAid2hlbiI6ICJ0ZWFyZG93biIsCiAgICAgICAgIm91dGNvbWUiOiAicGFzc2VkIgogICAgICB9CiAgICBdLAogICAgInRlc3RzL3Rlc3RfZGVwdGgyMF9hcGlfZnVsZmlsbG1l
2026-09-10T08:11:31.5714647Z GO_EVIDENCE_B64 bnQucHk6OnRlc3RfcmFpbF9odHRwX3JlamVjdHNfYW1iaWd1b3VzX29yX3Vuc3VwcG9ydGVkX3F1YW50aXRpZXNbMl0iOiBbCiAgICAgIHsKICAgICAgICAid2hlbiI6ICJzZXR1cCIsCiAgICAgICAgIm91dGNvbWUiOiAicGFzc2VkIgogICAgICB9LAogICAgICB7CiAgICAgICAgIndoZW4iOiAiY2FsbCIsCiAgICAgICAgIm91dGNvbWUiOiAicGFzc2VkIgogICAgICB9LAogICAgICB7CiAgICAgICAgIndoZW4iOiAidGVhcmRvd24iLAogICAgICAgICJvdXRjb21lIjogInBhc3NlZCIKICAgICAgfQogICAgXSwKICAgICJ0ZXN0
2026-09-10T08:11:31.5721580Z GO_EVIDENCE_B64 cy90ZXN0X2RlcHRoMjBfYXBpX2Z1bGZpbGxtZW50LnB5Ojp0ZXN0X3JhaWxfaHR0cF9yZWplY3RzX2FtYmlndW91c19vcl91bnN1cHBvcnRlZF9xdWFudGl0aWVzWzBdIjogWwogICAgICB7CiAgICAgICAgIndoZW4iOiAic2V0dXAiLAogICAgICAgICJvdXRjb21lIjogInBhc3NlZCIKICAgICAgfSwKICAgICAgewogICAgICAgICJ3aGVuIjogImNhbGwiLAogICAgICAgICJvdXRjb21lIjogInBhc3NlZCIKICAgICAgfSwKICAgICAgewogICAgICAgICJ3aGVuIjogInRlYXJkb3duIiwKICAgICAgICAib3V0Y29tZSI6ICJwYXNz
2026-09-10T08:11:31.5728474Z GO_EVIDENCE_B64 ZWQiCiAgICAgIH0KICAgIF0sCiAgICAidGVzdHMvdGVzdF9kZXB0aDIwX2FwaV9mdWxmaWxsbWVudC5weTo6dGVzdF9yYWlsX2h0dHBfcmVqZWN0c19hbWJpZ3VvdXNfb3JfdW5zdXBwb3J0ZWRfcXVhbnRpdGllc1sxMF0iOiBbCiAgICAgIHsKICAgICAgICAid2hlbiI6ICJzZXR1cCIsCiAgICAgICAgIm91dGNvbWUiOiAicGFzc2VkIgogICAgICB9LAogICAgICB7CiAgICAgICAgIndoZW4iOiAiY2FsbCIsCiAgICAgICAgIm91dGNvbWUiOiAicGFzc2VkIgogICAgICB9LAogICAgICB7CiAgICAgICAgIndoZW4iOiAidGVhcmRv
2026-09-10T08:11:31.5735361Z GO_EVIDENCE_B64 d24iLAogICAgICAgICJvdXRjb21lIjogInBhc3NlZCIKICAgICAgfQogICAgXSwKICAgICJ0ZXN0cy90ZXN0X2RlcHRoMjBfYXBpX2Z1bGZpbGxtZW50LnB5Ojp0ZXN0X2ludmFsaWRfYXV0aGVudGljYXRpb25fbmV2ZXJfZmFsbHNfYmFja190b19hbm9ueW1vdXNfcXVvdGUiOiBbCiAgICAgIHsKICAgICAgICAid2hlbiI6ICJzZXR1cCIsCiAgICAgICAgIm91dGNvbWUiOiAicGFzc2VkIgogICAgICB9LAogICAgICB7CiAgICAgICAgIndoZW4iOiAiY2FsbCIsCiAgICAgICAgIm91dGNvbWUiOiAicGFzc2VkIgogICAgICB9LAog
2026-09-10T08:11:31.5742117Z GO_EVIDENCE_B64 ICAgICB7CiAgICAgICAgIndoZW4iOiAidGVhcmRvd24iLAogICAgICAgICJvdXRjb21lIjogInBhc3NlZCIKICAgICAgfQogICAgXSwKICAgICJ0ZXN0cy90ZXN0X2RlcHRoMjBfYXBpX2Z1bGZpbGxtZW50LnB5Ojp0ZXN0X2NoYW5nZWRfdmF1bHRfaWRlbnRpdHlfd2l0aF9zYW1lX25hbWVfY2Fubm90X3JldXNlX3ByZWJvb2siOiBbCiAgICAgIHsKICAgICAgICAid2hlbiI6ICJzZXR1cCIsCiAgICAgICAgIm91dGNvbWUiOiAicGFzc2VkIgogICAgICB9LAogICAgICB7CiAgICAgICAgIndoZW4iOiAiY2FsbCIsCiAgICAgICAg
2026-09-10T08:11:31.5749036Z GO_EVIDENCE_B64 Im91dGNvbWUiOiAicGFzc2VkIgogICAgICB9LAogICAgICB7CiAgICAgICAgIndoZW4iOiAidGVhcmRvd24iLAogICAgICAgICJvdXRjb21lIjogInBhc3NlZCIKICAgICAgfQogICAgXSwKICAgICJ0ZXN0cy90ZXN0X2RlcHRoMjBfYXBpX2Z1bGZpbGxtZW50LnB5Ojp0ZXN0X21pZ3JhdGlvbl9yb3VuZHRyaXBfcHJlc2VydmVzX2hpc3RvcnlfYW5kX3JlZnVzZXNfcHJlYm9va19ldmlkZW5jZV9sb3NzIjogWwogICAgICB7CiAgICAgICAgIndoZW4iOiAic2V0dXAiLAogICAgICAgICJvdXRjb21lIjogInBhc3NlZCIKICAgICAg
2026-09-10T08:11:31.5756274Z GO_EVIDENCE_B64 fSwKICAgICAgewogICAgICAgICJ3aGVuIjogImNhbGwiLAogICAgICAgICJvdXRjb21lIjogInBhc3NlZCIKICAgICAgfSwKICAgICAgewogICAgICAgICJ3aGVuIjogInRlYXJkb3duIiwKICAgICAgICAib3V0Y29tZSI6ICJwYXNzZWQiCiAgICAgIH0KICAgIF0sCiAgICAidGVzdHMvdGVzdF9kZXB0aDI3X3Nlc3Npb25faXNvbGF0aW9uLnB5Ojp0ZXN0X2NvbnN1bWVyX2FuZF9jb25zb2xlX2Nhbl9jb2V4aXN0X2FuZF9sb2dvdXRfaW5kZXBlbmRlbnRseVtzdXBwbGllcl9vd25lci1jaGFuZ2UtbWUtc3VwcGxpZXJdIjogWwog
2026-09-10T08:11:31.5763173Z GO_EVIDENCE_B64 ICAgICB7CiAgICAgICAgIndoZW4iOiAic2V0dXAiLAogICAgICAgICJvdXRjb21lIjogInBhc3NlZCIKICAgICAgfSwKICAgICAgewogICAgICAgICJ3aGVuIjogImNhbGwiLAogICAgICAgICJvdXRjb21lIjogInBhc3NlZCIKICAgICAgfSwKICAgICAgewogICAgICAgICJ3aGVuIjogInRlYXJkb3duIiwKICAgICAgICAib3V0Y29tZSI6ICJwYXNzZWQiCiAgICAgIH0KICAgIF0sCiAgICAidGVzdHMvdGVzdF9kZXB0aDI3X3Nlc3Npb25faXNvbGF0aW9uLnB5Ojp0ZXN0X2NvbnN1bWVyX2FuZF9jb25zb2xlX2Nhbl9jb2V4aXN0
2026-09-10T08:11:31.5770191Z GO_EVIDENCE_B64 X2FuZF9sb2dvdXRfaW5kZXBlbmRlbnRseVtnb19hZG1pbi1jaGFuZ2UtbWUtYWRtaW5dIjogWwogICAgICB7CiAgICAgICAgIndoZW4iOiAic2V0dXAiLAogICAgICAgICJvdXRjb21lIjogInBhc3NlZCIKICAgICAgfSwKICAgICAgewogICAgICAgICJ3aGVuIjogImNhbGwiLAogICAgICAgICJvdXRjb21lIjogInBhc3NlZCIKICAgICAgfSwKICAgICAgewogICAgICAgICJ3aGVuIjogInRlYXJkb3duIiwKICAgICAgICAib3V0Y29tZSI6ICJwYXNzZWQiCiAgICAgIH0KICAgIF0sCiAgICAidGVzdHMvdGVzdF9kZXB0aDI3X3Nl
2026-09-10T08:11:31.5777062Z GO_EVIDENCE_B64 c3Npb25faXNvbGF0aW9uLnB5Ojp0ZXN0X2NvbnNvbGVfbG9nb3V0X2RvZXNfbm90X2ZhbGxfYmFja190b19jb25zdW1lcl9zZXNzaW9uIjogWwogICAgICB7CiAgICAgICAgIndoZW4iOiAic2V0dXAiLAogICAgICAgICJvdXRjb21lIjogInBhc3NlZCIKICAgICAgfSwKICAgICAgewogICAgICAgICJ3aGVuIjogImNhbGwiLAogICAgICAgICJvdXRjb21lIjogInBhc3NlZCIKICAgICAgfSwKICAgICAgewogICAgICAgICJ3aGVuIjogInRlYXJkb3duIiwKICAgICAgICAib3V0Y29tZSI6ICJwYXNzZWQiCiAgICAgIH0KICAgIF0s
2026-09-10T08:11:31.5783895Z GO_EVIDENCE_B64 CiAgICAidGVzdHMvdGVzdF9kZXB0aDI3X3Nlc3Npb25faXNvbGF0aW9uLnB5Ojp0ZXN0X2NvbnN1bWVyX3JlZnJlc2hfdXNlc19vd25fY3NyZl93aXRoX2NvbnNvbGVfY29va2llX3ByZXNlbnQiOiBbCiAgICAgIHsKICAgICAgICAid2hlbiI6ICJzZXR1cCIsCiAgICAgICAgIm91dGNvbWUiOiAicGFzc2VkIgogICAgICB9LAogICAgICB7CiAgICAgICAgIndoZW4iOiAiY2FsbCIsCiAgICAgICAgIm91dGNvbWUiOiAicGFzc2VkIgogICAgICB9LAogICAgICB7CiAgICAgICAgIndoZW4iOiAidGVhcmRvd24iLAogICAgICAgICJv
2026-09-10T08:11:31.5790757Z GO_EVIDENCE_B64 dXRjb21lIjogInBhc3NlZCIKICAgICAgfQogICAgXSwKICAgICJ0ZXN0cy90ZXN0X2RlcHRoMjdfc2Vzc2lvbl9pc29sYXRpb24ucHk6OnRlc3Rfb3RoZXJfc2NvcGVfY3NyZl9jYW5ub3RfbG9nb3V0X2NvbnN1bWVyIjogWwogICAgICB7CiAgICAgICAgIndoZW4iOiAic2V0dXAiLAogICAgICAgICJvdXRjb21lIjogInBhc3NlZCIKICAgICAgfSwKICAgICAgewogICAgICAgICJ3aGVuIjogImNhbGwiLAogICAgICAgICJvdXRjb21lIjogInBhc3NlZCIKICAgICAgfSwKICAgICAgewogICAgICAgICJ3aGVuIjogInRlYXJkb3du
2026-09-10T08:11:31.5797569Z GO_EVIDENCE_B64 IiwKICAgICAgICAib3V0Y29tZSI6ICJwYXNzZWQiCiAgICAgIH0KICAgIF0sCiAgICAidGVzdHMvdGVzdF9kZXB0aDI3X3Nlc3Npb25faXNvbGF0aW9uLnB5Ojp0ZXN0X3NoYXJlZF9lbmRwb2ludF91c2VzX2V4cGxpY2l0X3Njb3BlX2FuZF9yZWplY3RzX2FtYmlndWl0eSI6IFsKICAgICAgewogICAgICAgICJ3aGVuIjogInNldHVwIiwKICAgICAgICAib3V0Y29tZSI6ICJwYXNzZWQiCiAgICAgIH0sCiAgICAgIHsKICAgICAgICAid2hlbiI6ICJjYWxsIiwKICAgICAgICAib3V0Y29tZSI6ICJwYXNzZWQiCiAgICAgIH0sCiAg
2026-09-10T08:11:31.5804435Z GO_EVIDENCE_B64 ICAgIHsKICAgICAgICAid2hlbiI6ICJ0ZWFyZG93biIsCiAgICAgICAgIm91dGNvbWUiOiAicGFzc2VkIgogICAgICB9CiAgICBdLAogICAgInRlc3RzL3Rlc3RfZGVwdGgyN19zZXNzaW9uX2lzb2xhdGlvbi5weTo6dGVzdF9oZWFkZXJfY2Fubm90X2NoYW5nZV9maXhlZF9yb3V0ZV9zY29wZV9vcl9ncmFudF9wZXJtaXNzaW9ucyI6IFsKICAgICAgewogICAgICAgICJ3aGVuIjogInNldHVwIiwKICAgICAgICAib3V0Y29tZSI6ICJwYXNzZWQiCiAgICAgIH0sCiAgICAgIHsKICAgICAgICAid2hlbiI6ICJjYWxsIiwKICAgICAg
2026-09-10T08:11:31.5811193Z GO_EVIDENCE_B64 ICAib3V0Y29tZSI6ICJwYXNzZWQiCiAgICAgIH0sCiAgICAgIHsKICAgICAgICAid2hlbiI6ICJ0ZWFyZG93biIsCiAgICAgICAgIm91dGNvbWUiOiAicGFzc2VkIgogICAgICB9CiAgICBdLAogICAgInRlc3RzL3Rlc3RfZGVwdGgyN19zZXNzaW9uX2lzb2xhdGlvbi5weTo6dGVzdF9leHBpcmVkX2NvbnNvbGVfYWNjZXNzX2RvZXNfbm90X3NoYWRvd19jb25zdW1lciI6IFsKICAgICAgewogICAgICAgICJ3aGVuIjogInNldHVwIiwKICAgICAgICAib3V0Y29tZSI6ICJwYXNzZWQiCiAgICAgIH0sCiAgICAgIHsKICAgICAgICAi
2026-09-10T08:11:31.5818327Z GO_EVIDENCE_B64 d2hlbiI6ICJjYWxsIiwKICAgICAgICAib3V0Y29tZSI6ICJwYXNzZWQiCiAgICAgIH0sCiAgICAgIHsKICAgICAgICAid2hlbiI6ICJ0ZWFyZG93biIsCiAgICAgICAgIm91dGNvbWUiOiAicGFzc2VkIgogICAgICB9CiAgICBdLAogICAgInRlc3RzL3Rlc3RfZGVwdGgyN19zZXNzaW9uX2lzb2xhdGlvbi5weTo6dGVzdF9iZWFyZXJfaWRlbnRpdHlfc3RheXNfYXV0aG9yaXRhdGl2ZSI6IFsKICAgICAgewogICAgICAgICJ3aGVuIjogInNldHVwIiwKICAgICAgICAib3V0Y29tZSI6ICJwYXNzZWQiCiAgICAgIH0sCiAgICAgIHsK
2026-09-10T08:11:31.5825372Z GO_EVIDENCE_B64 ICAgICAgICAid2hlbiI6ICJjYWxsIiwKICAgICAgICAib3V0Y29tZSI6ICJwYXNzZWQiCiAgICAgIH0sCiAgICAgIHsKICAgICAgICAid2hlbiI6ICJ0ZWFyZG93biIsCiAgICAgICAgIm91dGNvbWUiOiAicGFzc2VkIgogICAgICB9CiAgICBdLAogICAgInRlc3RzL3Rlc3RfZGVwdGgyN19zZXNzaW9uX2lzb2xhdGlvbi5weTo6dGVzdF93cm9uZ19jb25zb2xlX2xvZ2luX2RvZXNfbm90X3JlcGxhY2VfZXhpc3Rpbmdfc2Vzc2lvbiI6IFsKICAgICAgewogICAgICAgICJ3aGVuIjogInNldHVwIiwKICAgICAgICAib3V0Y29tZSI6
2026-09-10T08:11:31.5832220Z GO_EVIDENCE_B64 ICJwYXNzZWQiCiAgICAgIH0sCiAgICAgIHsKICAgICAgICAid2hlbiI6ICJjYWxsIiwKICAgICAgICAib3V0Y29tZSI6ICJwYXNzZWQiCiAgICAgIH0sCiAgICAgIHsKICAgICAgICAid2hlbiI6ICJ0ZWFyZG93biIsCiAgICAgICAgIm91dGNvbWUiOiAicGFzc2VkIgogICAgICB9CiAgICBdLAogICAgInRlc3RzL3Rlc3RfZGVwdGgyN19zZXNzaW9uX2lzb2xhdGlvbi5weTo6dGVzdF9vdGhlcl9jb25zb2xlX3RhYl9pZGVudGl0eV9jaGFuZ2VfaXNfZGV0ZWN0ZWRfYmVmb3JlX2FjdGlvbiI6IFsKICAgICAgewogICAgICAgICJ3
2026-09-10T08:11:31.5839229Z GO_EVIDENCE_B64 aGVuIjogInNldHVwIiwKICAgICAgICAib3V0Y29tZSI6ICJwYXNzZWQiCiAgICAgIH0sCiAgICAgIHsKICAgICAgICAid2hlbiI6ICJjYWxsIiwKICAgICAgICAib3V0Y29tZSI6ICJwYXNzZWQiCiAgICAgIH0sCiAgICAgIHsKICAgICAgICAid2hlbiI6ICJ0ZWFyZG93biIsCiAgICAgICAgIm91dGNvbWUiOiAicGFzc2VkIgogICAgICB9CiAgICBdLAogICAgInRlc3RzL3Rlc3RfZGVwdGgzMF9uYXRpdmVfYXBpX2NvbnRyYWN0LnB5Ojp0ZXN0X25hdGl2ZV9zaXhfdmVydGljYWxfY3JlYXRpb25fcGF5bWVudF9hbmRfcmVmdW5k
2026-09-10T08:11:31.5846420Z GO_EVIDENCE_B64 X2NvbnRyYWN0cyI6IFsKICAgICAgewogICAgICAgICJ3aGVuIjogInNldHVwIiwKICAgICAgICAib3V0Y29tZSI6ICJwYXNzZWQiCiAgICAgIH0sCiAgICAgIHsKICAgICAgICAid2hlbiI6ICJjYWxsIiwKICAgICAgICAib3V0Y29tZSI6ICJwYXNzZWQiCiAgICAgIH0sCiAgICAgIHsKICAgICAgICAid2hlbiI6ICJ0ZWFyZG93biIsCiAgICAgICAgIm91dGNvbWUiOiAicGFzc2VkIgogICAgICB9CiAgICBdLAogICAgInRlc3RzL3Rlc3RfZGVwdGgzMl9mbGlnaHRfcmVmdW5kX2NvbnNlbnQucHk6OnRlc3RfZmxpZ2h0X3JlZnVu
2026-09-10T08:11:31.5853320Z GO_EVIDENCE_B64 ZF9jb25zZW50X2FuZF9yZXBsYXlfaGF2ZV9vbmVfbW9uZXlfaWRlbnRpdHkiOiBbCiAgICAgIHsKICAgICAgICAid2hlbiI6ICJzZXR1cCIsCiAgICAgICAgIm91dGNvbWUiOiAicGFzc2VkIgogICAgICB9LAogICAgICB7CiAgICAgICAgIndoZW4iOiAiY2FsbCIsCiAgICAgICAgIm91dGNvbWUiOiAicGFzc2VkIgogICAgICB9LAogICAgICB7CiAgICAgICAgIndoZW4iOiAidGVhcmRvd24iLAogICAgICAgICJvdXRjb21lIjogInBhc3NlZCIKICAgICAgfQogICAgXSwKICAgICJ0ZXN0cy90ZXN0X2RlcHRoMzJfZmxpZ2h0X3Jl
2026-09-10T08:11:31.5860233Z GO_EVIDENCE_B64 ZnVuZF9jb25zZW50LnB5Ojp0ZXN0X2NoYW5nZWRfb3JkZXJfaW52YWxpZGF0ZXNfb2xkX2ZsaWdodF9yZWZ1bmRfcXVvdGVbYW1vdW50XSI6IFsKICAgICAgewogICAgICAgICJ3aGVuIjogInNldHVwIiwKICAgICAgICAib3V0Y29tZSI6ICJwYXNzZWQiCiAgICAgIH0sCiAgICAgIHsKICAgICAgICAid2hlbiI6ICJjYWxsIiwKICAgICAgICAib3V0Y29tZSI6ICJwYXNzZWQiCiAgICAgIH0sCiAgICAgIHsKICAgICAgICAid2hlbiI6ICJ0ZWFyZG93biIsCiAgICAgICAgIm91dGNvbWUiOiAicGFzc2VkIgogICAgICB9CiAgICBd
2026-09-10T08:11:31.5867111Z GO_EVIDENCE_B64 LAogICAgInRlc3RzL3Rlc3RfZGVwdGgzMl9mbGlnaHRfcmVmdW5kX2NvbnNlbnQucHk6OnRlc3RfY2hhbmdlZF9vcmRlcl9pbnZhbGlkYXRlc19vbGRfZmxpZ2h0X3JlZnVuZF9xdW90ZVtyZXZpc2lvbl0iOiBbCiAgICAgIHsKICAgICAgICAid2hlbiI6ICJzZXR1cCIsCiAgICAgICAgIm91dGNvbWUiOiAicGFzc2VkIgogICAgICB9LAogICAgICB7CiAgICAgICAgIndoZW4iOiAiY2FsbCIsCiAgICAgICAgIm91dGNvbWUiOiAicGFzc2VkIgogICAgICB9LAogICAgICB7CiAgICAgICAgIndoZW4iOiAidGVhcmRvd24iLAogICAg
2026-09-10T08:11:31.5873812Z GO_EVIDENCE_B64 ICAgICJvdXRjb21lIjogInBhc3NlZCIKICAgICAgfQogICAgXSwKICAgICJ0ZXN0cy90ZXN0X2RlcHRoMzJfZmxpZ2h0X3JlZnVuZF9jb25zZW50LnB5Ojp0ZXN0X2ZsaWdodF90aW1lb3V0X2tlZXBzX2Zyb3plbl9jb25zZW50X2FuZF9yZXN1bWVzX29yaWdpbmFsX21vbmV5X2tleSI6IFsKICAgICAgewogICAgICAgICJ3aGVuIjogInNldHVwIiwKICAgICAgICAib3V0Y29tZSI6ICJwYXNzZWQiCiAgICAgIH0sCiAgICAgIHsKICAgICAgICAid2hlbiI6ICJjYWxsIiwKICAgICAgICAib3V0Y29tZSI6ICJwYXNzZWQiCiAgICAg
2026-09-10T08:11:31.5880826Z GO_EVIDENCE_B64 IH0sCiAgICAgIHsKICAgICAgICAid2hlbiI6ICJ0ZWFyZG93biIsCiAgICAgICAgIm91dGNvbWUiOiAicGFzc2VkIgogICAgICB9CiAgICBdLAogICAgInRlc3RzL3Rlc3RfZGVwdGgzMl9mbGlnaHRfcmVmdW5kX2NvbnNlbnQucHk6OnRlc3RfbXV0YXRlZF9jb25zZW50X3JlY29yZF9ibG9ja3NfcmVjb3ZlcnkiOiBbCiAgICAgIHsKICAgICAgICAid2hlbiI6ICJzZXR1cCIsCiAgICAgICAgIm91dGNvbWUiOiAicGFzc2VkIgogICAgICB9LAogICAgICB7CiAgICAgICAgIndoZW4iOiAiY2FsbCIsCiAgICAgICAgIm91dGNvbWUi
2026-09-10T08:11:31.5887883Z GO_EVIDENCE_B64 OiAicGFzc2VkIgogICAgICB9LAogICAgICB7CiAgICAgICAgIndoZW4iOiAidGVhcmRvd24iLAogICAgICAgICJvdXRjb21lIjogInBhc3NlZCIKICAgICAgfQogICAgXSwKICAgICJ0ZXN0cy90ZXN0X2RlcHRoMzJfZmxpZ2h0X3JlZnVuZF9jb25zZW50LnB5Ojp0ZXN0X2hpc3RvcmljYWxfcGVuZGluZ19yZWZ1bmRfZG9lc19ub3RfaW52ZW50X2NvbnNlbnQiOiBbCiAgICAgIHsKICAgICAgICAid2hlbiI6ICJzZXR1cCIsCiAgICAgICAgIm91dGNvbWUiOiAicGFzc2VkIgogICAgICB9LAogICAgICB7CiAgICAgICAgIndoZW4i
2026-09-10T08:11:31.5894820Z GO_EVIDENCE_B64 OiAiY2FsbCIsCiAgICAgICAgIm91dGNvbWUiOiAicGFzc2VkIgogICAgICB9LAogICAgICB7CiAgICAgICAgIndoZW4iOiAidGVhcmRvd24iLAogICAgICAgICJvdXRjb21lIjogInBhc3NlZCIKICAgICAgfQogICAgXSwKICAgICJ0ZXN0cy90ZXN0X2V4dGVybmFsX3N1cHBsaWVyX3NhbmRib3hfY2VydGlmaWNhdGlvbi5weTo6dGVzdF9taXNzaW5nX2V4dGVybmFsX2lucHV0c19hcmVfZXhwbGljaXRfYmxvY2tlcnMiOiBbCiAgICAgIHsKICAgICAgICAid2hlbiI6ICJzZXR1cCIsCiAgICAgICAgIm91dGNvbWUiOiAicGFzc2Vk
2026-09-10T08:11:31.5901721Z GO_EVIDENCE_B64 IgogICAgICB9LAogICAgICB7CiAgICAgICAgIndoZW4iOiAiY2FsbCIsCiAgICAgICAgIm91dGNvbWUiOiAicGFzc2VkIgogICAgICB9LAogICAgICB7CiAgICAgICAgIndoZW4iOiAidGVhcmRvd24iLAogICAgICAgICJvdXRjb21lIjogInBhc3NlZCIKICAgICAgfQogICAgXSwKICAgICJ0ZXN0cy90ZXN0X2V4dGVybmFsX3N1cHBsaWVyX3NhbmRib3hfY2VydGlmaWNhdGlvbi5weTo6dGVzdF9yYXdfY3JlZGVudGlhbHNfYXJlX3JlamVjdGVkX2FuZF9vbmx5X3ZhdWx0X3JlZmVyZW5jZXNfYWxsb3dlZCI6IFsKICAgICAgewog
2026-09-10T08:11:31.5908870Z GO_EVIDENCE_B64 ICAgICAgICJ3aGVuIjogInNldHVwIiwKICAgICAgICAib3V0Y29tZSI6ICJwYXNzZWQiCiAgICAgIH0sCiAgICAgIHsKICAgICAgICAid2hlbiI6ICJjYWxsIiwKICAgICAgICAib3V0Y29tZSI6ICJwYXNzZWQiCiAgICAgIH0sCiAgICAgIHsKICAgICAgICAid2hlbiI6ICJ0ZWFyZG93biIsCiAgICAgICAgIm91dGNvbWUiOiAicGFzc2VkIgogICAgICB9CiAgICBdLAogICAgInRlc3RzL3Rlc3RfZXh0ZXJuYWxfc3VwcGxpZXJfc2FuZGJveF9jZXJ0aWZpY2F0aW9uLnB5Ojp0ZXN0X2NvbXBsZXRlX2ludGFrZV9yZXF1aXJlc19i
2026-09-10T08:11:31.5915945Z GO_EVIDENCE_B64 b3RoX2NyZWRlbnRpYWxfYWNjZXNzX3Rlc3RzIjogWwogICAgICB7CiAgICAgICAgIndoZW4iOiAic2V0dXAiLAogICAgICAgICJvdXRjb21lIjogInBhc3NlZCIKICAgICAgfSwKICAgICAgewogICAgICAgICJ3aGVuIjogImNhbGwiLAogICAgICAgICJvdXRjb21lIjogInBhc3NlZCIKICAgICAgfSwKICAgICAgewogICAgICAgICJ3aGVuIjogInRlYXJkb3duIiwKICAgICAgICAib3V0Y29tZSI6ICJwYXNzZWQiCiAgICAgIH0KICAgIF0sCiAgICAidGVzdHMvdGVzdF9leHRlcm5hbF9zdXBwbGllcl9zYW5kYm94X2NlcnRpZmlj
2026-09-10T08:11:31.5922814Z GO_EVIDENCE_B64 YXRpb24ucHk6OnRlc3RfZnJhbWV3b3JrX2RyeV9ydW5faXNfaWRlbXBvdGVudF9hbmRfbm90X2V4dGVybmFsX2V4ZWN1dGlvbiI6IFsKICAgICAgewogICAgICAgICJ3aGVuIjogInNldHVwIiwKICAgICAgICAib3V0Y29tZSI6ICJwYXNzZWQiCiAgICAgIH0sCiAgICAgIHsKICAgICAgICAid2hlbiI6ICJjYWxsIiwKICAgICAgICAib3V0Y29tZSI6ICJwYXNzZWQiCiAgICAgIH0sCiAgICAgIHsKICAgICAgICAid2hlbiI6ICJ0ZWFyZG93biIsCiAgICAgICAgIm91dGNvbWUiOiAicGFzc2VkIgogICAgICB9CiAgICBdLAogICAg
2026-09-10T08:11:31.5929695Z GO_EVIDENCE_B64 InRlc3RzL3Rlc3RfZXh0ZXJuYWxfc3VwcGxpZXJfc2FuZGJveF9jZXJ0aWZpY2F0aW9uLnB5Ojp0ZXN0X2V4dGVybmFsX2V4ZWN1dGlvbl9pc19ibG9ja2VkX3dpdGhvdXRfcHJvdmlkZXJfZXhlY3V0b3IiOiBbCiAgICAgIHsKICAgICAgICAid2hlbiI6ICJzZXR1cCIsCiAgICAgICAgIm91dGNvbWUiOiAicGFzc2VkIgogICAgICB9LAogICAgICB7CiAgICAgICAgIndoZW4iOiAiY2FsbCIsCiAgICAgICAgIm91dGNvbWUiOiAicGFzc2VkIgogICAgICB9LAogICAgICB7CiAgICAgICAgIndoZW4iOiAidGVhcmRvd24iLAogICAg
2026-09-10T08:11:31.5936535Z GO_EVIDENCE_B64 ICAgICJvdXRjb21lIjogInBhc3NlZCIKICAgICAgfQogICAgXSwKICAgICJ0ZXN0cy90ZXN0X2V4dGVybmFsX3N1cHBsaWVyX3NhbmRib3hfY2VydGlmaWNhdGlvbi5weTo6dGVzdF9kcnlfcnVuX2Nhbm5vdF9pbXBvcnRfYXR0ZXN0ZWRfZXh0ZXJuYWxfZXZpZGVuY2UiOiBbCiAgICAgIHsKICAgICAgICAid2hlbiI6ICJzZXR1cCIsCiAgICAgICAgIm91dGNvbWUiOiAicGFzc2VkIgogICAgICB9LAogICAgICB7CiAgICAgICAgIndoZW4iOiAiY2FsbCIsCiAgICAgICAgIm91dGNvbWUiOiAicGFzc2VkIgogICAgICB9LAogICAg
2026-09-10T08:11:31.5943485Z GO_EVIDENCE_B64 ICB7CiAgICAgICAgIndoZW4iOiAidGVhcmRvd24iLAogICAgICAgICJvdXRjb21lIjogInBhc3NlZCIKICAgICAgfQogICAgXSwKICAgICJ0ZXN0cy90ZXN0X2V4dGVybmFsX3N1cHBsaWVyX3NhbmRib3hfY2VydGlmaWNhdGlvbi5weTo6dGVzdF9jYWxsYmFja19wcm9vZl9pc19zaWduYXR1cmVfZ2F0ZWRfYW5kX3JlcGxheV9zYWZlIjogWwogICAgICB7CiAgICAgICAgIndoZW4iOiAic2V0dXAiLAogICAgICAgICJvdXRjb21lIjogInBhc3NlZCIKICAgICAgfSwKICAgICAgewogICAgICAgICJ3aGVuIjogImNhbGwiLAogICAg
2026-09-10T08:11:31.5950448Z GO_EVIDENCE_B64 ICAgICJvdXRjb21lIjogInBhc3NlZCIKICAgICAgfSwKICAgICAgewogICAgICAgICJ3aGVuIjogInRlYXJkb3duIiwKICAgICAgICAib3V0Y29tZSI6ICJwYXNzZWQiCiAgICAgIH0KICAgIF0sCiAgICAidGVzdHMvdGVzdF9leHRlcm5hbF9zdXBwbGllcl9zYW5kYm94X2NlcnRpZmljYXRpb24ucHk6OnRlc3RfZHJ5X3J1bl9kZWNpc2lvbl9uZXZlcl9jbGFpbXNfZXh0ZXJuYWxfY2VydGlmaWNhdGlvbl9vcl9saXZlIjogWwogICAgICB7CiAgICAgICAgIndoZW4iOiAic2V0dXAiLAogICAgICAgICJvdXRjb21lIjogInBhc3Nl
2026-09-10T08:11:31.5957444Z GO_EVIDENCE_B64 ZCIKICAgICAgfSwKICAgICAgewogICAgICAgICJ3aGVuIjogImNhbGwiLAogICAgICAgICJvdXRjb21lIjogInBhc3NlZCIKICAgICAgfSwKICAgICAgewogICAgICAgICJ3aGVuIjogInRlYXJkb3duIiwKICAgICAgICAib3V0Y29tZSI6ICJwYXNzZWQiCiAgICAgIH0KICAgIF0sCiAgICAidGVzdHMvdGVzdF9maW5hbF9kZXB0aF90ZXJtaW5hbF9oYXJkZW5pbmcucHk6OnRlc3RfZmxpZ2h0X29sZF9xdW90ZV9jYW5ub3RfZXhlY3V0ZV9hZnRlcl9yZWZ1bmQiOiBbCiAgICAgIHsKICAgICAgICAid2hlbiI6ICJzZXR1cCIsCiAg
2026-09-10T08:11:31.5964448Z GO_EVIDENCE_B64 ICAgICAgIm91dGNvbWUiOiAicGFzc2VkIgogICAgICB9LAogICAgICB7CiAgICAgICAgIndoZW4iOiAiY2FsbCIsCiAgICAgICAgIm91dGNvbWUiOiAicGFzc2VkIgogICAgICB9LAogICAgICB7CiAgICAgICAgIndoZW4iOiAidGVhcmRvd24iLAogICAgICAgICJvdXRjb21lIjogInBhc3NlZCIKICAgICAgfQogICAgXSwKICAgICJ0ZXN0cy90ZXN0X2ZpbmFsX2RlcHRoX3Rlcm1pbmFsX2hhcmRlbmluZy5weTo6dGVzdF9hdHRyYWN0aW9uX2V4cGlyZWRfcXVvdGVfZmFpbHNfY2xvc2VkIjogWwogICAgICB7CiAgICAgICAgIndo
2026-09-10T08:11:31.5971380Z GO_EVIDENCE_B64 ZW4iOiAic2V0dXAiLAogICAgICAgICJvdXRjb21lIjogInBhc3NlZCIKICAgICAgfSwKICAgICAgewogICAgICAgICJ3aGVuIjogImNhbGwiLAogICAgICAgICJvdXRjb21lIjogInBhc3NlZCIKICAgICAgfSwKICAgICAgewogICAgICAgICJ3aGVuIjogInRlYXJkb3duIiwKICAgICAgICAib3V0Y29tZSI6ICJwYXNzZWQiCiAgICAgIH0KICAgIF0sCiAgICAidGVzdHMvdGVzdF9maW5hbF9kZXB0aF90ZXJtaW5hbF9oYXJkZW5pbmcucHk6OnRlc3RfcmlkZV91bmtub3duX2Zyb21faW5fcHJvZ3Jlc3NfcmVzdG9yZXNfaW5fcHJv
2026-09-10T08:11:31.5978559Z GO_EVIDENCE_B64 Z3Jlc3MiOiBbCiAgICAgIHsKICAgICAgICAid2hlbiI6ICJzZXR1cCIsCiAgICAgICAgIm91dGNvbWUiOiAicGFzc2VkIgogICAgICB9LAogICAgICB7CiAgICAgICAgIndoZW4iOiAiY2FsbCIsCiAgICAgICAgIm91dGNvbWUiOiAicGFzc2VkIgogICAgICB9LAogICAgICB7CiAgICAgICAgIndoZW4iOiAidGVhcmRvd24iLAogICAgICAgICJvdXRjb21lIjogInBhc3NlZCIKICAgICAgfQogICAgXSwKICAgICJ0ZXN0cy90ZXN0X2ZpbmFsX2RlcHRoX3Rlcm1pbmFsX2hhcmRlbmluZy5weTo6dGVzdF9sYXRlX3N1cHBsaWVyX2Zh
2026-09-10T08:11:31.5985629Z GO_EVIDENCE_B64 Y3RfY2Fubm90X3Jlc3VycmVjdF9jb21wbGV0ZWRfcmlkZSI6IFsKICAgICAgewogICAgICAgICJ3aGVuIjogInNldHVwIiwKICAgICAgICAib3V0Y29tZSI6ICJwYXNzZWQiCiAgICAgIH0sCiAgICAgIHsKICAgICAgICAid2hlbiI6ICJjYWxsIiwKICAgICAgICAib3V0Y29tZSI6ICJwYXNzZWQiCiAgICAgIH0sCiAgICAgIHsKICAgICAgICAid2hlbiI6ICJ0ZWFyZG93biIsCiAgICAgICAgIm91dGNvbWUiOiAicGFzc2VkIgogICAgICB9CiAgICBdLAogICAgInRlc3RzL3Rlc3RfZmluYWxfZGVwdGhfdGVybWluYWxfaGFyZGVu
2026-09-10T08:11:31.5992463Z GO_EVIDENCE_B64 aW5nLnB5Ojp0ZXN0X3JpZGVfdW5rbm93bl9jYW5fY29udmVyZ2VfdG9fZmFpbGVkIjogWwogICAgICB7CiAgICAgICAgIndoZW4iOiAic2V0dXAiLAogICAgICAgICJvdXRjb21lIjogInBhc3NlZCIKICAgICAgfSwKICAgICAgewogICAgICAgICJ3aGVuIjogImNhbGwiLAogICAgICAgICJvdXRjb21lIjogInBhc3NlZCIKICAgICAgfSwKICAgICAgewogICAgICAgICJ3aGVuIjogInRlYXJkb3duIiwKICAgICAgICAib3V0Y29tZSI6ICJwYXNzZWQiCiAgICAgIH0KICAgIF0sCiAgICAidGVzdHMvdGVzdF9maW5hbF9kZXB0aF90
2026-09-10T08:11:31.5999405Z GO_EVIDENCE_B64 ZXJtaW5hbF9oYXJkZW5pbmcucHk6OnRlc3RfYXR0cmFjdGlvbl9yZWRlZW1fZXZpZGVuY2Vfa2VlcHNfY29uc3VtZWRfY3JlZGVudGlhbCI6IFsKICAgICAgewogICAgICAgICJ3aGVuIjogInNldHVwIiwKICAgICAgICAib3V0Y29tZSI6ICJwYXNzZWQiCiAgICAgIH0sCiAgICAgIHsKICAgICAgICAid2hlbiI6ICJjYWxsIiwKICAgICAgICAib3V0Y29tZSI6ICJwYXNzZWQiCiAgICAgIH0sCiAgICAgIHsKICAgICAgICAid2hlbiI6ICJ0ZWFyZG93biIsCiAgICAgICAgIm91dGNvbWUiOiAicGFzc2VkIgogICAgICB9CiAgICBd
2026-09-10T08:11:31.6006349Z GO_EVIDENCE_B64 LAogICAgInRlc3RzL3Rlc3RfZmluYWxfZGVwdGhfdGVybWluYWxfaGFyZGVuaW5nLnB5Ojp0ZXN0X3NhbWVfc3VwcGxpZXJfZmFjdF9yZXBsYXlfZG9lc19ub3RfYXBwZW5kX2V2ZW50cyI6IFsKICAgICAgewogICAgICAgICJ3aGVuIjogInNldHVwIiwKICAgICAgICAib3V0Y29tZSI6ICJwYXNzZWQiCiAgICAgIH0sCiAgICAgIHsKICAgICAgICAid2hlbiI6ICJjYWxsIiwKICAgICAgICAib3V0Y29tZSI6ICJwYXNzZWQiCiAgICAgIH0sCiAgICAgIHsKICAgICAgICAid2hlbiI6ICJ0ZWFyZG93biIsCiAgICAgICAgIm91dGNv
2026-09-10T08:11:31.6013338Z GO_EVIDENCE_B64 bWUiOiAicGFzc2VkIgogICAgICB9CiAgICBdLAogICAgInRlc3RzL3Rlc3RfZmlyc3RfcGFpcmVkX2Nvbm5lY3Rvcl9waWxvdC5weTo6dGVzdF9yZWFsX2V4dGVybmFsX3BpbG90X2lzX2hhcmRfYmxvY2tlZF93aXRob3V0X3N1cHBsaWVyX2lucHV0cyI6IFsKICAgICAgewogICAgICAgICJ3aGVuIjogInNldHVwIiwKICAgICAgICAib3V0Y29tZSI6ICJwYXNzZWQiCiAgICAgIH0sCiAgICAgIHsKICAgICAgICAid2hlbiI6ICJjYWxsIiwKICAgICAgICAib3V0Y29tZSI6ICJwYXNzZWQiCiAgICAgIH0sCiAgICAgIHsKICAgICAg
2026-09-10T08:11:31.6020239Z GO_EVIDENCE_B64 ICAid2hlbiI6ICJ0ZWFyZG93biIsCiAgICAgICAgIm91dGNvbWUiOiAicGFzc2VkIgogICAgICB9CiAgICBdLAogICAgInRlc3RzL3Rlc3RfZmlyc3RfcGFpcmVkX2Nvbm5lY3Rvcl9waWxvdC5weTo6dGVzdF9wYWlyX3JlcXVpcmVzX2hvdGVsX2FuZF9wYXltZW50X3ZlcnRpY2FscyI6IFsKICAgICAgewogICAgICAgICJ3aGVuIjogInNldHVwIiwKICAgICAgICAib3V0Y29tZSI6ICJwYXNzZWQiCiAgICAgIH0sCiAgICAgIHsKICAgICAgICAid2hlbiI6ICJjYWxsIiwKICAgICAgICAib3V0Y29tZSI6ICJwYXNzZWQiCiAgICAg
2026-09-10T08:11:31.6027153Z GO_EVIDENCE_B64 IH0sCiAgICAgIHsKICAgICAgICAid2hlbiI6ICJ0ZWFyZG93biIsCiAgICAgICAgIm91dGNvbWUiOiAicGFzc2VkIgogICAgICB9CiAgICBdLAogICAgInRlc3RzL3Rlc3RfZmlyc3RfcGFpcmVkX2Nvbm5lY3Rvcl9waWxvdC5weTo6dGVzdF9leGVjdXRpb25fcmVxdWlyZXNfc21va2VfYW5kX3JvbGxiYWNrX2dhdGUiOiBbCiAgICAgIHsKICAgICAgICAid2hlbiI6ICJzZXR1cCIsCiAgICAgICAgIm91dGNvbWUiOiAicGFzc2VkIgogICAgICB9LAogICAgICB7CiAgICAgICAgIndoZW4iOiAiY2FsbCIsCiAgICAgICAgIm91dGNv
2026-09-10T08:11:31.6033944Z GO_EVIDENCE_B64 bWUiOiAicGFzc2VkIgogICAgICB9LAogICAgICB7CiAgICAgICAgIndoZW4iOiAidGVhcmRvd24iLAogICAgICAgICJvdXRjb21lIjogInBhc3NlZCIKICAgICAgfQogICAgXSwKICAgICJ0ZXN0cy90ZXN0X2ZpcnN0X3BhaXJlZF9jb25uZWN0b3JfcGlsb3QucHk6OnRlc3RfZnVsbF9zYW5kYm94X29yZGVyX2NhbmNlbF9yZWZ1bmRfcXVlcnlfZmxvd19hbmRfam9pbnRfcmVjb25jaWxpYXRpb24iOiBbCiAgICAgIHsKICAgICAgICAid2hlbiI6ICJzZXR1cCIsCiAgICAgICAgIm91dGNvbWUiOiAicGFzc2VkIgogICAgICB9LAog
2026-09-10T08:11:31.6040985Z GO_EVIDENCE_B64 ICAgICB7CiAgICAgICAgIndoZW4iOiAiY2FsbCIsCiAgICAgICAgIm91dGNvbWUiOiAicGFzc2VkIgogICAgICB9LAogICAgICB7CiAgICAgICAgIndoZW4iOiAidGVhcmRvd24iLAogICAgICAgICJvdXRjb21lIjogInBhc3NlZCIKICAgICAgfQogICAgXSwKICAgICJ0ZXN0cy90ZXN0X2ZpcnN0X3BhaXJlZF9jb25uZWN0b3JfcGlsb3QucHk6OnRlc3RfZXhlY3V0aW9uX2lkZW1wb3RlbmN5X2FuZF9jYW5hcnlfbGltaXRfcHJldmVudF9kdXBsaWNhdGVfb3JfZXh0cmFfcnVuIjogWwogICAgICB7CiAgICAgICAgIndoZW4iOiAi
2026-09-10T08:11:31.6048001Z GO_EVIDENCE_B64 c2V0dXAiLAogICAgICAgICJvdXRjb21lIjogInBhc3NlZCIKICAgICAgfSwKICAgICAgewogICAgICAgICJ3aGVuIjogImNhbGwiLAogICAgICAgICJvdXRjb21lIjogInBhc3NlZCIKICAgICAgfSwKICAgICAgewogICAgICAgICJ3aGVuIjogInRlYXJkb3duIiwKICAgICAgICAib3V0Y29tZSI6ICJwYXNzZWQiCiAgICAgIH0KICAgIF0sCiAgICAidGVzdHMvdGVzdF9maXJzdF9wYWlyZWRfY29ubmVjdG9yX3BpbG90LnB5Ojp0ZXN0X2tpbGxfc3dpdGNoX2Jsb2Nrc19waWxvdF9leGVjdXRpb24iOiBbCiAgICAgIHsKICAgICAg
2026-09-10T08:11:31.6055012Z GO_EVIDENCE_B64 ICAid2hlbiI6ICJzZXR1cCIsCiAgICAgICAgIm91dGNvbWUiOiAicGFzc2VkIgogICAgICB9LAogICAgICB7CiAgICAgICAgIndoZW4iOiAiY2FsbCIsCiAgICAgICAgIm91dGNvbWUiOiAicGFzc2VkIgogICAgICB9LAogICAgICB7CiAgICAgICAgIndoZW4iOiAidGVhcmRvd24iLAogICAgICAgICJvdXRjb21lIjogInBhc3NlZCIKICAgICAgfQogICAgXSwKICAgICJ0ZXN0cy90ZXN0X2ZpcnN0X3BhaXJlZF9jb25uZWN0b3JfcGlsb3QucHk6OnRlc3Rfc2lnbmVkX2NhbGxiYWNrc19hcmVfcmVwbGF5X3NhZmVfYW5kX2V2aWRl
2026-09-10T08:11:31.6061882Z GO_EVIDENCE_B64 bmNlX2NoYWluX2lzX2xpbmtlZCI6IFsKICAgICAgewogICAgICAgICJ3aGVuIjogInNldHVwIiwKICAgICAgICAib3V0Y29tZSI6ICJwYXNzZWQiCiAgICAgIH0sCiAgICAgIHsKICAgICAgICAid2hlbiI6ICJjYWxsIiwKICAgICAgICAib3V0Y29tZSI6ICJwYXNzZWQiCiAgICAgIH0sCiAgICAgIHsKICAgICAgICAid2hlbiI6ICJ0ZWFyZG93biIsCiAgICAgICAgIm91dGNvbWUiOiAicGFzc2VkIgogICAgICB9CiAgICBdLAogICAgInRlc3RzL3Rlc3RfZ29faWRlbnRpdHlfZW50aXRsZW1lbnRzLnB5Ojp0ZXN0X3N0YWZmX3J1
2026-09-10T08:11:31.6068874Z GO_EVIDENCE_B64 bGVfZW5naW5lX3VuaWZvcm1fc2l4dHlfcGVyY2VudF9hbmRfZmZfd2Vha2VyIjogWwogICAgICB7CiAgICAgICAgIndoZW4iOiAic2V0dXAiLAogICAgICAgICJvdXRjb21lIjogInBhc3NlZCIKICAgICAgfSwKICAgICAgewogICAgICAgICJ3aGVuIjogImNhbGwiLAogICAgICAgICJvdXRjb21lIjogInBhc3NlZCIKICAgICAgfSwKICAgICAgewogICAgICAgICJ3aGVuIjogInRlYXJkb3duIiwKICAgICAgICAib3V0Y29tZSI6ICJwYXNzZWQiCiAgICAgIH0KICAgIF0sCiAgICAidGVzdHMvdGVzdF9nb19pZGVudGl0eV9lbnRp
2026-09-10T08:11:31.6075989Z GO_EVIDENCE_B64 dGxlbWVudHMucHk6OnRlc3Rfb3duZXJfcGF0aHNfYXJlX211dHVhbGx5X2V4Y2x1c2l2ZV9hbmRfcmVjb2duaXRpb25fcmVtYWlucyI6IFsKICAgICAgewogICAgICAgICJ3aGVuIjogInNldHVwIiwKICAgICAgICAib3V0Y29tZSI6ICJwYXNzZWQiCiAgICAgIH0sCiAgICAgIHsKICAgICAgICAid2hlbiI6ICJjYWxsIiwKICAgICAgICAib3V0Y29tZSI6ICJwYXNzZWQiCiAgICAgIH0sCiAgICAgIHsKICAgICAgICAid2hlbiI6ICJ0ZWFyZG93biIsCiAgICAgICAgIm91dGNvbWUiOiAicGFzc2VkIgogICAgICB9CiAgICBdLAog
2026-09-10T08:11:31.6082712Z GO_EVIDENCE_B64 ICAgInRlc3RzL3Rlc3RfZ29faWRlbnRpdHlfZW50aXRsZW1lbnRzLnB5Ojp0ZXN0X3N0YWZmX3Jldm9jYXRpb25fcHJlc2VydmVzX2FjY291bnRfYnV0X3JlbW92ZXNfZW50aXRsZW1lbnQiOiBbCiAgICAgIHsKICAgICAgICAid2hlbiI6ICJzZXR1cCIsCiAgICAgICAgIm91dGNvbWUiOiAicGFzc2VkIgogICAgICB9LAogICAgICB7CiAgICAgICAgIndoZW4iOiAiY2FsbCIsCiAgICAgICAgIm91dGNvbWUiOiAicGFzc2VkIgogICAgICB9LAogICAgICB7CiAgICAgICAgIndoZW4iOiAidGVhcmRvd24iLAogICAgICAgICJvdXRj
2026-09-10T08:11:31.6089532Z GO_EVIDENCE_B64 b21lIjogInBhc3NlZCIKICAgICAgfQogICAgXSwKICAgICJ0ZXN0cy90ZXN0X2dvX2lkZW50aXR5X2VudGl0bGVtZW50cy5weTo6dGVzdF9yaXNrX3JldmFsaWRhdGlvbl9hbmRfaW52aXRhdGlvbl9jb25zdW1wdGlvbl9ydWxlcyI6IFsKICAgICAgewogICAgICAgICJ3aGVuIjogInNldHVwIiwKICAgICAgICAib3V0Y29tZSI6ICJwYXNzZWQiCiAgICAgIH0sCiAgICAgIHsKICAgICAgICAid2hlbiI6ICJjYWxsIiwKICAgICAgICAib3V0Y29tZSI6ICJwYXNzZWQiCiAgICAgIH0sCiAgICAgIHsKICAgICAgICAid2hlbiI6ICJ0
2026-09-10T08:11:31.6096352Z GO_EVIDENCE_B64 ZWFyZG93biIsCiAgICAgICAgIm91dGNvbWUiOiAicGFzc2VkIgogICAgICB9CiAgICBdLAogICAgInRlc3RzL3Rlc3RfaG9zdGVkX2Zyb250ZGVza191YXRfZGFpbHlfY2xvc2UucHk6OnRlc3RfaG90ZWxfc3RhZmZfcm9sZXNfYXJlX3JlcXVpcmVkX2FuZF9ldmlkZW5jZV9ib3VuZCI6IFsKICAgICAgewogICAgICAgICJ3aGVuIjogInNldHVwIiwKICAgICAgICAib3V0Y29tZSI6ICJwYXNzZWQiCiAgICAgIH0sCiAgICAgIHsKICAgICAgICAid2hlbiI6ICJjYWxsIiwKICAgICAgICAib3V0Y29tZSI6ICJwYXNzZWQiCiAgICAg
2026-09-10T08:11:31.6103254Z GO_EVIDENCE_B64 IH0sCiAgICAgIHsKICAgICAgICAid2hlbiI6ICJ0ZWFyZG93biIsCiAgICAgICAgIm91dGNvbWUiOiAicGFzc2VkIgogICAgICB9CiAgICBdLAogICAgInRlc3RzL3Rlc3RfaG9zdGVkX2Zyb250ZGVza191YXRfZGFpbHlfY2xvc2UucHk6OnRlc3Rfc2hpZnRfaGFuZG92ZXJfY2FwdHVyZXNfdW5yZXNvbHZlZF9pbmJveCI6IFsKICAgICAgewogICAgICAgICJ3aGVuIjogInNldHVwIiwKICAgICAgICAib3V0Y29tZSI6ICJwYXNzZWQiCiAgICAgIH0sCiAgICAgIHsKICAgICAgICAid2hlbiI6ICJjYWxsIiwKICAgICAgICAib3V0
2026-09-10T08:11:31.6110134Z GO_EVIDENCE_B64 Y29tZSI6ICJwYXNzZWQiCiAgICAgIH0sCiAgICAgIHsKICAgICAgICAid2hlbiI6ICJ0ZWFyZG93biIsCiAgICAgICAgIm91dGNvbWUiOiAicGFzc2VkIgogICAgICB9CiAgICBdLAogICAgInRlc3RzL3Rlc3RfaG9zdGVkX2Zyb250ZGVza191YXRfZGFpbHlfY2xvc2UucHk6OnRlc3RfZ3Vlc3RfZGF0YV9pc19tYXNrZWRfYW5kX3VubWFza19pc19tYW5hZ2VyX2F1ZGl0ZWQiOiBbCiAgICAgIHsKICAgICAgICAid2hlbiI6ICJzZXR1cCIsCiAgICAgICAgIm91dGNvbWUiOiAicGFzc2VkIgogICAgICB9LAogICAgICB7CiAgICAg
2026-09-10T08:11:31.6116974Z GO_EVIDENCE_B64 ICAgIndoZW4iOiAiY2FsbCIsCiAgICAgICAgIm91dGNvbWUiOiAicGFzc2VkIgogICAgICB9LAogICAgICB7CiAgICAgICAgIndoZW4iOiAidGVhcmRvd24iLAogICAgICAgICJvdXRjb21lIjogInBhc3NlZCIKICAgICAgfQogICAgXSwKICAgICJ0ZXN0cy90ZXN0X2hvc3RlZF9mcm9udGRlc2tfdWF0X2RhaWx5X2Nsb3NlLnB5Ojp0ZXN0X3Bob25lX2R1cGxpY2F0ZV9yZXF1aXJlc19yZXZpZXdfZXZpZGVuY2VfYW5kX3VuaWZpZXNfb3JkZXIiOiBbCiAgICAgIHsKICAgICAgICAid2hlbiI6ICJzZXR1cCIsCiAgICAgICAgIm91
2026-09-10T08:11:31.6123817Z GO_EVIDENCE_B64 dGNvbWUiOiAicGFzc2VkIgogICAgICB9LAogICAgICB7CiAgICAgICAgIndoZW4iOiAiY2FsbCIsCiAgICAgICAgIm91dGNvbWUiOiAicGFzc2VkIgogICAgICB9LAogICAgICB7CiAgICAgICAgIndoZW4iOiAidGVhcmRvd24iLAogICAgICAgICJvdXRjb21lIjogInBhc3NlZCIKICAgICAgfQogICAgXSwKICAgICJ0ZXN0cy90ZXN0X2hvc3RlZF9mcm9udGRlc2tfdWF0X2RhaWx5X2Nsb3NlLnB5Ojp0ZXN0X3JlamVjdF9jYW5jZWxfcmVzY2hlZHVsZV9yZXF1aXJlX21hbmFnZXJfbWFrZXJfY2hlY2tlciI6IFsKICAgICAgewog
2026-09-10T08:11:31.6130804Z GO_EVIDENCE_B64 ICAgICAgICJ3aGVuIjogInNldHVwIiwKICAgICAgICAib3V0Y29tZSI6ICJwYXNzZWQiCiAgICAgIH0sCiAgICAgIHsKICAgICAgICAid2hlbiI6ICJjYWxsIiwKICAgICAgICAib3V0Y29tZSI6ICJwYXNzZWQiCiAgICAgIH0sCiAgICAgIHsKICAgICAgICAid2hlbiI6ICJ0ZWFyZG93biIsCiAgICAgICAgIm91dGNvbWUiOiAicGFzc2VkIgogICAgICB9CiAgICBdLAogICAgInRlc3RzL3Rlc3RfaG9zdGVkX2Zyb250ZGVza191YXRfZGFpbHlfY2xvc2UucHk6OnRlc3Rfc2xhX21hbmFnZXJfYWxlcnRfYW5kX3ByaW50YWJsZV9h
2026-09-10T08:11:31.6137960Z GO_EVIDENCE_B64 cnJpdmFsX3ZvdWNoZXIiOiBbCiAgICAgIHsKICAgICAgICAid2hlbiI6ICJzZXR1cCIsCiAgICAgICAgIm91dGNvbWUiOiAicGFzc2VkIgogICAgICB9LAogICAgICB7CiAgICAgICAgIndoZW4iOiAiY2FsbCIsCiAgICAgICAgIm91dGNvbWUiOiAicGFzc2VkIgogICAgICB9LAogICAgICB7CiAgICAgICAgIndoZW4iOiAidGVhcmRvd24iLAogICAgICAgICJvdXRjb21lIjogInBhc3NlZCIKICAgICAgfQogICAgXSwKICAgICJ0ZXN0cy90ZXN0X2hvc3RlZF9mcm9udGRlc2tfdWF0X2RhaWx5X2Nsb3NlLnB5Ojp0ZXN0X2RhaWx5
2026-09-10T08:11:31.6144904Z GO_EVIDENCE_B64 X2Nsb3NlX2lzX2lkZW1wb3RlbnRfYW5kX2NvbnRhaW5zX3plcm9fcGF5bWVudF90cnV0aCI6IFsKICAgICAgewogICAgICAgICJ3aGVuIjogInNldHVwIiwKICAgICAgICAib3V0Y29tZSI6ICJwYXNzZWQiCiAgICAgIH0sCiAgICAgIHsKICAgICAgICAid2hlbiI6ICJjYWxsIiwKICAgICAgICAib3V0Y29tZSI6ICJwYXNzZWQiCiAgICAgIH0sCiAgICAgIHsKICAgICAgICAid2hlbiI6ICJ0ZWFyZG93biIsCiAgICAgICAgIm91dGNvbWUiOiAicGFzc2VkIgogICAgICB9CiAgICBdLAogICAgInRlc3RzL3Rlc3RfaG9zdGVkX2Zy
2026-09-10T08:11:31.6151716Z GO_EVIDENCE_B64 b250ZGVza191YXRfZGFpbHlfY2xvc2UucHk6OnRlc3RfdWF0X3JlcXVpcmVzX21hbmFnZXJfZXZpZGVuY2VfYW5kX2FsbF9zY2VuYXJpb3MiOiBbCiAgICAgIHsKICAgICAgICAid2hlbiI6ICJzZXR1cCIsCiAgICAgICAgIm91dGNvbWUiOiAicGFzc2VkIgogICAgICB9LAogICAgICB7CiAgICAgICAgIndoZW4iOiAiY2FsbCIsCiAgICAgICAgIm91dGNvbWUiOiAicGFzc2VkIgogICAgICB9LAogICAgICB7CiAgICAgICAgIndoZW4iOiAidGVhcmRvd24iLAogICAgICAgICJvdXRjb21lIjogInBhc3NlZCIKICAgICAgfQogICAg
2026-09-10T08:11:31.6158517Z GO_EVIDENCE_B64 XSwKICAgICJ0ZXN0cy90ZXN0X2hvdGVsX2Rpc2NvdmVyeV9vcmNoZXN0cmF0b3IucHk6OnRlc3RfZGlzY292ZXJ5X3NsaWNlMV9jb250cmFjdF9pc19wcmVzZW50X2FuZF9ib3VuZGVkIjogWwogICAgICB7CiAgICAgICAgIndoZW4iOiAic2V0dXAiLAogICAgICAgICJvdXRjb21lIjogInBhc3NlZCIKICAgICAgfSwKICAgICAgewogICAgICAgICJ3aGVuIjogImNhbGwiLAogICAgICAgICJvdXRjb21lIjogInBhc3NlZCIKICAgICAgfSwKICAgICAgewogICAgICAgICJ3aGVuIjogInRlYXJkb3duIiwKICAgICAgICAib3V0Y29t
2026-09-10T08:11:31.6165447Z GO_EVIDENCE_B64 ZSI6ICJwYXNzZWQiCiAgICAgIH0KICAgIF0sCiAgICAidGVzdHMvdGVzdF9ob3RlbF9kaXNjb3Zlcnlfb3JjaGVzdHJhdG9yLnB5Ojp0ZXN0X2Rpc2NvdmVyeV9wYXJzZXJfcHJlZmVyc19zdHJ1Y3R1cmVkX2ZhY3RzX2FuZF9kb2VzX25vdF9jb3B5X2JvZHlfcHJvc2UiOiBbCiAgICAgIHsKICAgICAgICAid2hlbiI6ICJzZXR1cCIsCiAgICAgICAgIm91dGNvbWUiOiAicGFzc2VkIgogICAgICB9LAogICAgICB7CiAgICAgICAgIndoZW4iOiAiY2FsbCIsCiAgICAgICAgIm91dGNvbWUiOiAicGFzc2VkIgogICAgICB9LAogICAg
2026-09-10T08:11:31.6172213Z GO_EVIDENCE_B64 ICB7CiAgICAgICAgIndoZW4iOiAidGVhcmRvd24iLAogICAgICAgICJvdXRjb21lIjogInBhc3NlZCIKICAgICAgfQogICAgXSwKICAgICJ0ZXN0cy90ZXN0X2hvdGVsX3N1cHBseV9zYW5kYm94X3JjMTQucHk6OnRlc3RfaW5saW5lX3NlY3JldF9pc19mb3JiaWRkZW4iOiBbCiAgICAgIHsKICAgICAgICAid2hlbiI6ICJzZXR1cCIsCiAgICAgICAgIm91dGNvbWUiOiAicGFzc2VkIgogICAgICB9LAogICAgICB7CiAgICAgICAgIndoZW4iOiAiY2FsbCIsCiAgICAgICAgIm91dGNvbWUiOiAicGFzc2VkIgogICAgICB9LAogICAg
2026-09-10T08:11:31.6179122Z GO_EVIDENCE_B64 ICB7CiAgICAgICAgIndoZW4iOiAidGVhcmRvd24iLAogICAgICAgICJvdXRjb21lIjogInBhc3NlZCIKICAgICAgfQogICAgXSwKICAgICJ0ZXN0cy90ZXN0X2hvdGVsX3N1cHBseV9zYW5kYm94X3JjMTQucHk6OnRlc3RfcmVhZGluZXNzX3dpdGhvdXRfZXh0ZXJuYWxfdHJhbnNwb3J0X2lzX2V4cGxpY2l0IjogWwogICAgICB7CiAgICAgICAgIndoZW4iOiAic2V0dXAiLAogICAgICAgICJvdXRjb21lIjogInBhc3NlZCIKICAgICAgfSwKICAgICAgewogICAgICAgICJ3aGVuIjogImNhbGwiLAogICAgICAgICJvdXRjb21lIjog
2026-09-10T08:11:31.6185993Z GO_EVIDENCE_B64 InBhc3NlZCIKICAgICAgfSwKICAgICAgewogICAgICAgICJ3aGVuIjogInRlYXJkb3duIiwKICAgICAgICAib3V0Y29tZSI6ICJwYXNzZWQiCiAgICAgIH0KICAgIF0sCiAgICAidGVzdHMvdGVzdF9ob3RlbF9zdXBwbHlfc2FuZGJveF9yYzE0LnB5Ojp0ZXN0X2ZyYW1ld29ya19jZXJ0aWZpY2F0aW9uX2Nhbm5vdF9jbGFpbV9leHRlcm5hbF9jb25uZWN0aW9uIjogWwogICAgICB7CiAgICAgICAgIndoZW4iOiAic2V0dXAiLAogICAgICAgICJvdXRjb21lIjogInBhc3NlZCIKICAgICAgfSwKICAgICAgewogICAgICAgICJ3aGVu
2026-09-10T08:11:31.6192889Z GO_EVIDENCE_B64 IjogImNhbGwiLAogICAgICAgICJvdXRjb21lIjogInBhc3NlZCIKICAgICAgfSwKICAgICAgewogICAgICAgICJ3aGVuIjogInRlYXJkb3duIiwKICAgICAgICAib3V0Y29tZSI6ICJwYXNzZWQiCiAgICAgIH0KICAgIF0sCiAgICAidGVzdHMvdGVzdF9ob3RlbF9zdXBwbHlfc2FuZGJveF9yYzE0LnB5Ojp0ZXN0X2V4dGVybmFsX2NlcnRpZmljYXRpb25fYmxvY2tzX3dpdGhvdXRfcHJvdmlkZXJfZXhlY3V0b3IiOiBbCiAgICAgIHsKICAgICAgICAid2hlbiI6ICJzZXR1cCIsCiAgICAgICAgIm91dGNvbWUiOiAicGFzc2VkIgog
2026-09-10T08:11:31.6200022Z GO_EVIDENCE_B64 ICAgICB9LAogICAgICB7CiAgICAgICAgIndoZW4iOiAiY2FsbCIsCiAgICAgICAgIm91dGNvbWUiOiAicGFzc2VkIgogICAgICB9LAogICAgICB7CiAgICAgICAgIndoZW4iOiAidGVhcmRvd24iLAogICAgICAgICJvdXRjb21lIjogInBhc3NlZCIKICAgICAgfQogICAgXSwKICAgICJ0ZXN0cy90ZXN0X2hvdGVsX3N1cHBseV9zYW5kYm94X3JjMTQucHk6OnRlc3RfbWFwcGluZ19yZXF1aXJlc19yb29tX2FuZF9yYXRlX3BsYW4iOiBbCiAgICAgIHsKICAgICAgICAid2hlbiI6ICJzZXR1cCIsCiAgICAgICAgIm91dGNvbWUiOiAi
2026-09-10T08:11:31.6206956Z GO_EVIDENCE_B64 cGFzc2VkIgogICAgICB9LAogICAgICB7CiAgICAgICAgIndoZW4iOiAiY2FsbCIsCiAgICAgICAgIm91dGNvbWUiOiAicGFzc2VkIgogICAgICB9LAogICAgICB7CiAgICAgICAgIndoZW4iOiAidGVhcmRvd24iLAogICAgICAgICJvdXRjb21lIjogInBhc3NlZCIKICAgICAgfQogICAgXSwKICAgICJ0ZXN0cy90ZXN0X3AwXzAxMDBfcG9zdGdyZXNfY29uY3VycmVuY3kucHk6OnRlc3Rfb3JkZXJfcGF5bWVudF9yb290X3VuaXF1ZV91bmRlcl9wb3N0Z3Jlc19yYWNlIjogWwogICAgICB7CiAgICAgICAgIndoZW4iOiAic2V0dXAi
2026-09-10T08:11:31.6213814Z GO_EVIDENCE_B64 LAogICAgICAgICJvdXRjb21lIjogInNraXBwZWQiCiAgICAgIH0sCiAgICAgIHsKICAgICAgICAid2hlbiI6ICJ0ZWFyZG93biIsCiAgICAgICAgIm91dGNvbWUiOiAicGFzc2VkIgogICAgICB9CiAgICBdLAogICAgInRlc3RzL3Rlc3RfcDBfZGVzaWduX2NvZGVfZnJlZXplLnB5Ojp0ZXN0X2Rlc2lnbl9hbmRfY29kZV9zdGF0aWNfZnJlZXplX2lzX2NvbXBsZXRlX2J5X3JlcXVpcmVtZW50X2NoYWluIjogWwogICAgICB7CiAgICAgICAgIndoZW4iOiAic2V0dXAiLAogICAgICAgICJvdXRjb21lIjogInBhc3NlZCIKICAgICAg
2026-09-10T08:11:31.6221014Z GO_EVIDENCE_B64 fSwKICAgICAgewogICAgICAgICJ3aGVuIjogImNhbGwiLAogICAgICAgICJvdXRjb21lIjogInBhc3NlZCIKICAgICAgfSwKICAgICAgewogICAgICAgICJ3aGVuIjogInRlYXJkb3duIiwKICAgICAgICAib3V0Y29tZSI6ICJwYXNzZWQiCiAgICAgIH0KICAgIF0sCiAgICAidGVzdHMvdGVzdF9wMF9kZXNpZ25fY29kZV9mcmVlemUucHk6OnRlc3RfcHJvdmlkZXJfY29udHJhY3RzX2FyZV9mdWxsX2FuZF9mYWlsX2Nsb3NlZF9vbl90aW1lb3V0X3JldHJ5X2FuZF92ZXJzaW9uIjogWwogICAgICB7CiAgICAgICAgIndoZW4iOiAi
2026-09-10T08:11:31.6228219Z GO_EVIDENCE_B64 c2V0dXAiLAogICAgICAgICJvdXRjb21lIjogInBhc3NlZCIKICAgICAgfSwKICAgICAgewogICAgICAgICJ3aGVuIjogImNhbGwiLAogICAgICAgICJvdXRjb21lIjogInBhc3NlZCIKICAgICAgfSwKICAgICAgewogICAgICAgICJ3aGVuIjogInRlYXJkb3duIiwKICAgICAgICAib3V0Y29tZSI6ICJwYXNzZWQiCiAgICAgIH0KICAgIF0sCiAgICAidGVzdHMvdGVzdF9wMF9kZXNpZ25fY29kZV9mcmVlemUucHk6OnRlc3RfdmVydGljYWxfYWRhcHRlcl9yZXF1aXJlc19pZGVtcG90ZW5jeV9ldmlkZW5jZV9hbmRfYXR0ZXN0YXRp
2026-09-10T08:11:31.6235306Z GO_EVIDENCE_B64 b24iOiBbCiAgICAgIHsKICAgICAgICAid2hlbiI6ICJzZXR1cCIsCiAgICAgICAgIm91dGNvbWUiOiAicGFzc2VkIgogICAgICB9LAogICAgICB7CiAgICAgICAgIndoZW4iOiAiY2FsbCIsCiAgICAgICAgIm91dGNvbWUiOiAicGFzc2VkIgogICAgICB9LAogICAgICB7CiAgICAgICAgIndoZW4iOiAidGVhcmRvd24iLAogICAgICAgICJvdXRjb21lIjogInBhc3NlZCIKICAgICAgfQogICAgXSwKICAgICJ0ZXN0cy90ZXN0X3AwX2Rlc2lnbl9jb2RlX2ZyZWV6ZS5weTo6dGVzdF91bnN1cHBvcnRlZF9wcm92aWRlcl9jYXBhYmls
2026-09-10T08:11:31.6242237Z GO_EVIDENCE_B64 aXR5X2lzX3JlamVjdGVkIjogWwogICAgICB7CiAgICAgICAgIndoZW4iOiAic2V0dXAiLAogICAgICAgICJvdXRjb21lIjogInBhc3NlZCIKICAgICAgfSwKICAgICAgewogICAgICAgICJ3aGVuIjogImNhbGwiLAogICAgICAgICJvdXRjb21lIjogInBhc3NlZCIKICAgICAgfSwKICAgICAgewogICAgICAgICJ3aGVuIjogInRlYXJkb3duIiwKICAgICAgICAib3V0Y29tZSI6ICJwYXNzZWQiCiAgICAgIH0KICAgIF0sCiAgICAidGVzdHMvdGVzdF9wMF9kZXNpZ25fY29kZV9mcmVlemUucHk6OnRlc3RfZmFsbGJhY2tfY2Fubm90
2026-09-10T08:11:31.6249348Z GO_EVIDENCE_B64 X21hc3F1ZXJhZGVfYXNfb2ZmaWNpYWwiOiBbCiAgICAgIHsKICAgICAgICAid2hlbiI6ICJzZXR1cCIsCiAgICAgICAgIm91dGNvbWUiOiAicGFzc2VkIgogICAgICB9LAogICAgICB7CiAgICAgICAgIndoZW4iOiAiY2FsbCIsCiAgICAgICAgIm91dGNvbWUiOiAicGFzc2VkIgogICAgICB9LAogICAgICB7CiAgICAgICAgIndoZW4iOiAidGVhcmRvd24iLAogICAgICAgICJvdXRjb21lIjogInBhc3NlZCIKICAgICAgfQogICAgXSwKICAgICJ0ZXN0cy90ZXN0X3AwX2Rlc2lnbl9jb2RlX2ZyZWV6ZS5weTo6dGVzdF91bmtub3du
2026-09-10T08:11:31.6256348Z GO_EVIDENCE_B64 X2V4dGVybmFsX3N0YXRlX2RvZXNfbm90X2JlY29tZV9zdWNjZXNzIjogWwogICAgICB7CiAgICAgICAgIndoZW4iOiAic2V0dXAiLAogICAgICAgICJvdXRjb21lIjogInBhc3NlZCIKICAgICAgfSwKICAgICAgewogICAgICAgICJ3aGVuIjogImNhbGwiLAogICAgICAgICJvdXRjb21lIjogInBhc3NlZCIKICAgICAgfSwKICAgICAgewogICAgICAgICJ3aGVuIjogInRlYXJkb3duIiwKICAgICAgICAib3V0Y29tZSI6ICJwYXNzZWQiCiAgICAgIH0KICAgIF0sCiAgICAidGVzdHMvdGVzdF9wMF9kZXNpZ25fY29kZV9mcmVlemUu
2026-09-10T08:11:31.6263404Z GO_EVIDENCE_B64 cHk6OnRlc3RfdmVydGljYWxfc3BlY2lmaWNfY2FwYWJpbGl0aWVzX2FuZF9mYWN0c19hcmVfcHJlc2VydmVkIjogWwogICAgICB7CiAgICAgICAgIndoZW4iOiAic2V0dXAiLAogICAgICAgICJvdXRjb21lIjogInBhc3NlZCIKICAgICAgfSwKICAgICAgewogICAgICAgICJ3aGVuIjogImNhbGwiLAogICAgICAgICJvdXRjb21lIjogInBhc3NlZCIKICAgICAgfSwKICAgICAgewogICAgICAgICJ3aGVuIjogInRlYXJkb3duIiwKICAgICAgICAib3V0Y29tZSI6ICJwYXNzZWQiCiAgICAgIH0KICAgIF0sCiAgICAidGVzdHMvdGVz
2026-09-10T08:11:31.6270330Z GO_EVIDENCE_B64 dF9wMF9kZXNpZ25fY29kZV9mcmVlemUucHk6OnRlc3RfY2FuY2VsX3JlZnVuZF9zdGF0ZV9tYWNoaW5lX3JlamVjdHNfaWxsZWdhbF9taXNzaW5nX2V2aWRlbmNlX2FuZF90ZXJtaW5hbF9tdXRhdGlvbiI6IFsKICAgICAgewogICAgICAgICJ3aGVuIjogInNldHVwIiwKICAgICAgICAib3V0Y29tZSI6ICJwYXNzZWQiCiAgICAgIH0sCiAgICAgIHsKICAgICAgICAid2hlbiI6ICJjYWxsIiwKICAgICAgICAib3V0Y29tZSI6ICJwYXNzZWQiCiAgICAgIH0sCiAgICAgIHsKICAgICAgICAid2hlbiI6ICJ0ZWFyZG93biIsCiAgICAg
2026-09-10T08:11:31.6352874Z GO_EVIDENCE_B64 ICAgIm91dGNvbWUiOiAicGFzc2VkIgogICAgICB9CiAgICBdLAogICAgInRlc3RzL3Rlc3RfcDBfZGVzaWduX2NvZGVfZnJlZXplLnB5Ojp0ZXN0X3N0YXRpY19mcmVlemVfbmV2ZXJfY2xhaW1zX3J1bnRpbWVfY2VydGlmaWNhdGlvbiI6IFsKICAgICAgewogICAgICAgICJ3aGVuIjogInNldHVwIiwKICAgICAgICAib3V0Y29tZSI6ICJwYXNzZWQiCiAgICAgIH0sCiAgICAgIHsKICAgICAgICAid2hlbiI6ICJjYWxsIiwKICAgICAgICAib3V0Y29tZSI6ICJwYXNzZWQiCiAgICAgIH0sCiAgICAgIHsKICAgICAgICAid2hlbiI6
2026-09-10T08:11:31.6365869Z GO_EVIDENCE_B64 ICJ0ZWFyZG93biIsCiAgICAgICAgIm91dGNvbWUiOiAicGFzc2VkIgogICAgICB9CiAgICBdLAogICAgInRlc3RzL3Rlc3RfcGFyZW50X3AwX3RyYXZlbF9pbnRlbGxpZ2VuY2VfaG90ZWxfaW5mcmEucHk6OnRlc3RfdGllcjVfYWRtaXNzaW9uX2ZpdmVfc3Rhcl9vcl9maXZlX2RpYW1vbmRfb25seSI6IFsKICAgICAgewogICAgICAgICJ3aGVuIjogInNldHVwIiwKICAgICAgICAib3V0Y29tZSI6ICJwYXNzZWQiCiAgICAgIH0sCiAgICAgIHsKICAgICAgICAid2hlbiI6ICJjYWxsIiwKICAgICAgICAib3V0Y29tZSI6ICJwYXNz
2026-09-10T08:11:31.6373357Z GO_EVIDENCE_B64 ZWQiCiAgICAgIH0sCiAgICAgIHsKICAgICAgICAid2hlbiI6ICJ0ZWFyZG93biIsCiAgICAgICAgIm91dGNvbWUiOiAicGFzc2VkIgogICAgICB9CiAgICBdLAogICAgInRlc3RzL3Rlc3RfcGFyZW50X3AwX3RyYXZlbF9pbnRlbGxpZ2VuY2VfaG90ZWxfaW5mcmEucHk6OnRlc3RfcmVnaW9uYWxfc3Rhcl90aWVyX3VzZXNfZXZpZGVuY2VfcnVsZSI6IFsKICAgICAgewogICAgICAgICJ3aGVuIjogInNldHVwIiwKICAgICAgICAib3V0Y29tZSI6ICJwYXNzZWQiCiAgICAgIH0sCiAgICAgIHsKICAgICAgICAid2hlbiI6ICJjYWxs
2026-09-10T08:11:31.6380493Z GO_EVIDENCE_B64 IiwKICAgICAgICAib3V0Y29tZSI6ICJwYXNzZWQiCiAgICAgIH0sCiAgICAgIHsKICAgICAgICAid2hlbiI6ICJ0ZWFyZG93biIsCiAgICAgICAgIm91dGNvbWUiOiAicGFzc2VkIgogICAgICB9CiAgICBdLAogICAgInRlc3RzL3Rlc3RfcGFyZW50X3AwX3RyYXZlbF9pbnRlbGxpZ2VuY2VfaG90ZWxfaW5mcmEucHk6OnRlc3RfbmF0aW9uYWxfdGllcl9zZXF1ZW5jZV9zdGFydHNfNV90aGVuXzQiOiBbCiAgICAgIHsKICAgICAgICAid2hlbiI6ICJzZXR1cCIsCiAgICAgICAgIm91dGNvbWUiOiAicGFzc2VkIgogICAgICB9LAog
2026-09-10T08:11:31.6387562Z GO_EVIDENCE_B64 ICAgICB7CiAgICAgICAgIndoZW4iOiAiY2FsbCIsCiAgICAgICAgIm91dGNvbWUiOiAicGFzc2VkIgogICAgICB9LAogICAgICB7CiAgICAgICAgIndoZW4iOiAidGVhcmRvd24iLAogICAgICAgICJvdXRjb21lIjogInBhc3NlZCIKICAgICAgfQogICAgXSwKICAgICJ0ZXN0cy90ZXN0X3I4Ml9hZG1pbl9maXJzdF9tZmFfZW5yb2xsbWVudC5weTo6dGVzdF9hZG1pbl9maXJzdF9tZmFfZW5yb2xsbWVudF9sb2dpbl9sb2dvdXRfcmVsb2dpbiI6IFsKICAgICAgewogICAgICAgICJ3aGVuIjogInNldHVwIiwKICAgICAgICAib3V0
2026-09-10T08:11:31.6394630Z GO_EVIDENCE_B64 Y29tZSI6ICJwYXNzZWQiCiAgICAgIH0sCiAgICAgIHsKICAgICAgICAid2hlbiI6ICJjYWxsIiwKICAgICAgICAib3V0Y29tZSI6ICJwYXNzZWQiCiAgICAgIH0sCiAgICAgIHsKICAgICAgICAid2hlbiI6ICJ0ZWFyZG93biIsCiAgICAgICAgIm91dGNvbWUiOiAicGFzc2VkIgogICAgICB9CiAgICBdLAogICAgInRlc3RzL3Rlc3RfcmMxNV9hb2x1Z3V5YV9zdXBwbHlfdHJ1dGgucHk6OnRlc3RfYW9sdWd1eWFfb2ZmaWNpYWxfdHJ1dGhfZ2F0ZV9hbmRfcHJvamVjdGlvbl9yZXBsYWNlc190ZXN0X3RydXRoIjogWwogICAgICB7
2026-09-10T08:11:31.6401493Z GO_EVIDENCE_B64 CiAgICAgICAgIndoZW4iOiAic2V0dXAiLAogICAgICAgICJvdXRjb21lIjogInBhc3NlZCIKICAgICAgfSwKICAgICAgewogICAgICAgICJ3aGVuIjogImNhbGwiLAogICAgICAgICJvdXRjb21lIjogInBhc3NlZCIKICAgICAgfSwKICAgICAgewogICAgICAgICJ3aGVuIjogInRlYXJkb3duIiwKICAgICAgICAib3V0Y29tZSI6ICJwYXNzZWQiCiAgICAgIH0KICAgIF0sCiAgICAidGVzdHMvdGVzdF9yYzE1X2FvbHVndXlhX3N1cHBseV90cnV0aC5weTo6dGVzdF9zdGFsZV9vcl90ZXN0X3RydXRoX2lzX3JlamVjdGVkIjogWwog
2026-09-10T08:11:31.6408628Z GO_EVIDENCE_B64 ICAgICB7CiAgICAgICAgIndoZW4iOiAic2V0dXAiLAogICAgICAgICJvdXRjb21lIjogInBhc3NlZCIKICAgICAgfSwKICAgICAgewogICAgICAgICJ3aGVuIjogImNhbGwiLAogICAgICAgICJvdXRjb21lIjogInBhc3NlZCIKICAgICAgfSwKICAgICAgewogICAgICAgICJ3aGVuIjogInRlYXJkb3duIiwKICAgICAgICAib3V0Y29tZSI6ICJwYXNzZWQiCiAgICAgIH0KICAgIF0sCiAgICAidGVzdHMvdGVzdF9yYzE1X2FvbHVndXlhX3N1cHBseV90cnV0aC5weTo6dGVzdF9kaXJlY3RfZmlyc3RfYW5kX3VudmVyaWZpZWRfZmFs
2026-09-10T08:11:31.6415952Z GO_EVIDENCE_B64 bGJhY2tfZmFpbF9jbG9zZWQiOiBbCiAgICAgIHsKICAgICAgICAid2hlbiI6ICJzZXR1cCIsCiAgICAgICAgIm91dGNvbWUiOiAicGFzc2VkIgogICAgICB9LAogICAgICB7CiAgICAgICAgIndoZW4iOiAiY2FsbCIsCiAgICAgICAgIm91dGNvbWUiOiAicGFzc2VkIgogICAgICB9LAogICAgICB7CiAgICAgICAgIndoZW4iOiAidGVhcmRvd24iLAogICAgICAgICJvdXRjb21lIjogInBhc3NlZCIKICAgICAgfQogICAgXSwKICAgICJ0ZXN0cy90ZXN0X3JjMTlfbmF0aW9uYWxfdGhyb3VnaHB1dF9wcm9kdWN0X2NvbXBsZXRlbmVz
2026-09-10T08:11:31.6422788Z GO_EVIDENCE_B64 cy5weTo6dGVzdF9yYzE5X3JlZ2lvbmFsX3Rocm91Z2hwdXRfY29udHJhY3QiOiBbCiAgICAgIHsKICAgICAgICAid2hlbiI6ICJzZXR1cCIsCiAgICAgICAgIm91dGNvbWUiOiAicGFzc2VkIgogICAgICB9LAogICAgICB7CiAgICAgICAgIndoZW4iOiAiY2FsbCIsCiAgICAgICAgIm91dGNvbWUiOiAicGFzc2VkIgogICAgICB9LAogICAgICB7CiAgICAgICAgIndoZW4iOiAidGVhcmRvd24iLAogICAgICAgICJvdXRjb21lIjogInBhc3NlZCIKICAgICAgfQogICAgXSwKICAgICJ0ZXN0cy90ZXN0X3JjMTlfbmF0aW9uYWxfdGhy
2026-09-10T08:11:31.6429614Z GO_EVIDENCE_B64 b3VnaHB1dF9wcm9kdWN0X2NvbXBsZXRlbmVzcy5weTo6dGVzdF9yYzE5X2Z1bGxfZWNvc3lzdGVtX2NvbXBsZXRlbmVzc19jb250cmFjdCI6IFsKICAgICAgewogICAgICAgICJ3aGVuIjogInNldHVwIiwKICAgICAgICAib3V0Y29tZSI6ICJwYXNzZWQiCiAgICAgIH0sCiAgICAgIHsKICAgICAgICAid2hlbiI6ICJjYWxsIiwKICAgICAgICAib3V0Y29tZSI6ICJwYXNzZWQiCiAgICAgIH0sCiAgICAgIHsKICAgICAgICAid2hlbiI6ICJ0ZWFyZG93biIsCiAgICAgICAgIm91dGNvbWUiOiAicGFzc2VkIgogICAgICB9CiAgICBd
2026-09-10T08:11:31.6436368Z GO_EVIDENCE_B64 LAogICAgInRlc3RzL3Rlc3RfcmMxOV9uYXRpb25hbF90aHJvdWdocHV0X3Byb2R1Y3RfY29tcGxldGVuZXNzLnB5Ojp0ZXN0X3JjMTlfY2FjaGVfYnVzdGVyX29uX2JvdGhfb3BlcmF0aW9uYWxfZW50cnlwb2ludHMiOiBbCiAgICAgIHsKICAgICAgICAid2hlbiI6ICJzZXR1cCIsCiAgICAgICAgIm91dGNvbWUiOiAicGFzc2VkIgogICAgICB9LAogICAgICB7CiAgICAgICAgIndoZW4iOiAiY2FsbCIsCiAgICAgICAgIm91dGNvbWUiOiAicGFzc2VkIgogICAgICB9LAogICAgICB7CiAgICAgICAgIndoZW4iOiAidGVhcmRvd24i
2026-09-10T08:11:31.6443189Z GO_EVIDENCE_B64 LAogICAgICAgICJvdXRjb21lIjogInBhc3NlZCIKICAgICAgfQogICAgXSwKICAgICJ0ZXN0cy90ZXN0X3NwcmludDFnX21hcHBpbmcucHk6OnRlc3Rfc2l0ZW1pbmRlcl9zeW50aGV0aWNfY2Fub25pY2FsX29mZmVyX21hcHBpbmciOiBbCiAgICAgIHsKICAgICAgICAid2hlbiI6ICJzZXR1cCIsCiAgICAgICAgIm91dGNvbWUiOiAicGFzc2VkIgogICAgICB9LAogICAgICB7CiAgICAgICAgIndoZW4iOiAiY2FsbCIsCiAgICAgICAgIm91dGNvbWUiOiAicGFzc2VkIgogICAgICB9LAogICAgICB7CiAgICAgICAgIndoZW4iOiAi
2026-09-10T08:11:31.6450107Z GO_EVIDENCE_B64 dGVhcmRvd24iLAogICAgICAgICJvdXRjb21lIjogInBhc3NlZCIKICAgICAgfQogICAgXSwKICAgICJ0ZXN0cy90ZXN0X3NwcmludDFnX21hcHBpbmcucHk6OnRlc3RfdW5tYXBwZWRfcHJvcGVydHlfaXNfbm90X2V4cG9zZWQiOiBbCiAgICAgIHsKICAgICAgICAid2hlbiI6ICJzZXR1cCIsCiAgICAgICAgIm91dGNvbWUiOiAicGFzc2VkIgogICAgICB9LAogICAgICB7CiAgICAgICAgIndoZW4iOiAiY2FsbCIsCiAgICAgICAgIm91dGNvbWUiOiAicGFzc2VkIgogICAgICB9LAogICAgICB7CiAgICAgICAgIndoZW4iOiAidGVh
2026-09-10T08:11:31.6456998Z GO_EVIDENCE_B64 cmRvd24iLAogICAgICAgICJvdXRjb21lIjogInBhc3NlZCIKICAgICAgfQogICAgXSwKICAgICJ0ZXN0cy90ZXN0X3NwcmludDFvX3RydXRoX3Jpc2sucHk6OnRlc3RfZml2ZV9zdGFyX29uZV90YXBfY29tcGxldGVzX2FuZF9wdWJsaWNfc2NvcmVfc3RheXNfM190b181IjogWwogICAgICB7CiAgICAgICAgIndoZW4iOiAic2V0dXAiLAogICAgICAgICJvdXRjb21lIjogInBhc3NlZCIKICAgICAgfSwKICAgICAgewogICAgICAgICJ3aGVuIjogImNhbGwiLAogICAgICAgICJvdXRjb21lIjogInBhc3NlZCIKICAgICAgfSwKICAg
2026-09-10T08:11:31.6463743Z GO_EVIDENCE_B64 ICAgewogICAgICAgICJ3aGVuIjogInRlYXJkb3duIiwKICAgICAgICAib3V0Y29tZSI6ICJwYXNzZWQiCiAgICAgIH0KICAgIF0sCiAgICAidGVzdHMvdGVzdF9zcHJpbnQxb190cnV0aF9yaXNrLnB5Ojp0ZXN0X2xvd19zdGFyX3JlcXVpcmVzX3N0cnVjdHVyZWRfdGFnIjogWwogICAgICB7CiAgICAgICAgIndoZW4iOiAic2V0dXAiLAogICAgICAgICJvdXRjb21lIjogInBhc3NlZCIKICAgICAgfSwKICAgICAgewogICAgICAgICJ3aGVuIjogImNhbGwiLAogICAgICAgICJvdXRjb21lIjogInBhc3NlZCIKICAgICAgfSwKICAg
2026-09-10T08:11:31.6470623Z GO_EVIDENCE_B64 ICAgewogICAgICAgICJ3aGVuIjogInRlYXJkb3duIiwKICAgICAgICAib3V0Y29tZSI6ICJwYXNzZWQiCiAgICAgIH0KICAgIF0sCiAgICAidGVzdHMvdGVzdF9zcHJpbnQxb190cnV0aF9yaXNrLnB5Ojp0ZXN0X3NlcmlvdXNfaHlnaWVuZV9jcmVhdGVzX2NhbmRpZGF0ZV9hbmRfb25seV9tYXBzX3JlbGV2YW50X2RpbWVuc2lvbiI6IFsKICAgICAgewogICAgICAgICJ3aGVuIjogInNldHVwIiwKICAgICAgICAib3V0Y29tZSI6ICJwYXNzZWQiCiAgICAgIH0sCiAgICAgIHsKICAgICAgICAid2hlbiI6ICJjYWxsIiwKICAgICAg
2026-09-10T08:11:31.6477661Z GO_EVIDENCE_B64 ICAib3V0Y29tZSI6ICJwYXNzZWQiCiAgICAgIH0sCiAgICAgIHsKICAgICAgICAid2hlbiI6ICJ0ZWFyZG93biIsCiAgICAgICAgIm91dGNvbWUiOiAicGFzc2VkIgogICAgICB9CiAgICBdLAogICAgInRlc3RzL3Rlc3Rfc3ByaW50MW9fdHJ1dGhfcmlzay5weTo6dGVzdF9zdXBwbGllcl9ldmlkZW5jZV9jb25maXJtZWRfcmlza19jcmVhdGVzX2p1ZGdtZW50X2hvb2siOiBbCiAgICAgIHsKICAgICAgICAid2hlbiI6ICJzZXR1cCIsCiAgICAgICAgIm91dGNvbWUiOiAicGFzc2VkIgogICAgICB9LAogICAgICB7CiAgICAgICAg
2026-09-10T08:11:31.6484506Z GO_EVIDENCE_B64 IndoZW4iOiAiY2FsbCIsCiAgICAgICAgIm91dGNvbWUiOiAicGFzc2VkIgogICAgICB9LAogICAgICB7CiAgICAgICAgIndoZW4iOiAidGVhcmRvd24iLAogICAgICAgICJvdXRjb21lIjogInBhc3NlZCIKICAgICAgfQogICAgXSwKICAgICJ0ZXN0cy90ZXN0X3NwcmludDFvX3RydXRoX3Jpc2sucHk6OnRlc3RfcmVqZWN0ZWRfY2FuZGlkYXRlX2RvZXNfbm90X2NyZWF0ZV9qdWRnbWVudF9ob29rIjogWwogICAgICB7CiAgICAgICAgIndoZW4iOiAic2V0dXAiLAogICAgICAgICJvdXRjb21lIjogInBhc3NlZCIKICAgICAgfSwK
2026-09-10T08:11:31.6491328Z GO_EVIDENCE_B64 ICAgICAgewogICAgICAgICJ3aGVuIjogImNhbGwiLAogICAgICAgICJvdXRjb21lIjogInBhc3NlZCIKICAgICAgfSwKICAgICAgewogICAgICAgICJ3aGVuIjogInRlYXJkb3duIiwKICAgICAgICAib3V0Y29tZSI6ICJwYXNzZWQiCiAgICAgIH0KICAgIF0sCiAgICAidGVzdHMvdGVzdF9zcHJpbnQxb190cnV0aF9yaXNrLnB5Ojp0ZXN0X3JlbWVkaWF0aW9uX21vdmVzX2NvbmZpcm1lZF9yaXNrX3RvX21vbml0b3JpbmdfYW5kX3JlaG9va3NfanVkZ21lbnQiOiBbCiAgICAgIHsKICAgICAgICAid2hlbiI6ICJzZXR1cCIsCiAg
2026-09-10T08:11:31.6498222Z GO_EVIDENCE_B64 ICAgICAgIm91dGNvbWUiOiAicGFzc2VkIgogICAgICB9LAogICAgICB7CiAgICAgICAgIndoZW4iOiAiY2FsbCIsCiAgICAgICAgIm91dGNvbWUiOiAicGFzc2VkIgogICAgICB9LAogICAgICB7CiAgICAgICAgIndoZW4iOiAidGVhcmRvd24iLAogICAgICAgICJvdXRjb21lIjogInBhc3NlZCIKICAgICAgfQogICAgXSwKICAgICJ0ZXN0cy90ZXN0X3NwcmludDFvX3RydXRoX3Jpc2sucHk6OnRlc3Rfc2Vjb25kX3RyaWdnZXJfb25seV9mb3Jfbm90X3Jldmlld2VkX2FuZF9jb21wbGV0ZWRfbmV2ZXJfcmV0cmlnZ2VycyI6IFsK
2026-09-10T08:11:31.6505285Z GO_EVIDENCE_B64 ICAgICAgewogICAgICAgICJ3aGVuIjogInNldHVwIiwKICAgICAgICAib3V0Y29tZSI6ICJwYXNzZWQiCiAgICAgIH0sCiAgICAgIHsKICAgICAgICAid2hlbiI6ICJjYWxsIiwKICAgICAgICAib3V0Y29tZSI6ICJwYXNzZWQiCiAgICAgIH0sCiAgICAgIHsKICAgICAgICAid2hlbiI6ICJ0ZWFyZG93biIsCiAgICAgICAgIm91dGNvbWUiOiAicGFzc2VkIgogICAgICB9CiAgICBdLAogICAgInRlc3RzL3Rlc3Rfc3ByaW50MXBfanVkZ21lbnRfcnVudGltZS5weTo6dGVzdF9oaWdoX2dvX3Njb3JlX2RvZXNfbm90X2F1dG9fY3Jl
2026-09-10T08:11:31.6512199Z GO_EVIDENCE_B64 YXRlX3JlY29tbWVuZGF0aW9uIjogWwogICAgICB7CiAgICAgICAgIndoZW4iOiAic2V0dXAiLAogICAgICAgICJvdXRjb21lIjogInBhc3NlZCIKICAgICAgfSwKICAgICAgewogICAgICAgICJ3aGVuIjogImNhbGwiLAogICAgICAgICJvdXRjb21lIjogInBhc3NlZCIKICAgICAgfSwKICAgICAgewogICAgICAgICJ3aGVuIjogInRlYXJkb3duIiwKICAgICAgICAib3V0Y29tZSI6ICJwYXNzZWQiCiAgICAgIH0KICAgIF0sCiAgICAidGVzdHMvdGVzdF9zcHJpbnQxcF9qdWRnbWVudF9ydW50aW1lLnB5Ojp0ZXN0X2NvbW1lcmNp
2026-09-10T08:11:31.6519206Z GO_EVIDENCE_B64 YWxfZmllbGRzX3BoeXNpY2FsbHlfcmVqZWN0ZWRfZnJvbV9qdWRnbWVudCI6IFsKICAgICAgewogICAgICAgICJ3aGVuIjogInNldHVwIiwKICAgICAgICAib3V0Y29tZSI6ICJwYXNzZWQiCiAgICAgIH0sCiAgICAgIHsKICAgICAgICAid2hlbiI6ICJjYWxsIiwKICAgICAgICAib3V0Y29tZSI6ICJwYXNzZWQiCiAgICAgIH0sCiAgICAgIHsKICAgICAgICAid2hlbiI6ICJ0ZWFyZG93biIsCiAgICAgICAgIm91dGNvbWUiOiAicGFzc2VkIgogICAgICB9CiAgICBdLAogICAgInRlc3RzL3Rlc3Rfc3ByaW50MXBfanVkZ21lbnRf
2026-09-10T08:11:31.6526078Z GO_EVIDENCE_B64 cnVudGltZS5weTo6dGVzdF9jb25maXJtZWRfc2VyaW91c19yaXNrX3JlaG9va3NfYW5kX21vdmVzX3RvX25vdF9yZWNvbW1lbmRlZCI6IFsKICAgICAgewogICAgICAgICJ3aGVuIjogInNldHVwIiwKICAgICAgICAib3V0Y29tZSI6ICJwYXNzZWQiCiAgICAgIH0sCiAgICAgIHsKICAgICAgICAid2hlbiI6ICJjYWxsIiwKICAgICAgICAib3V0Y29tZSI6ICJwYXNzZWQiCiAgICAgIH0sCiAgICAgIHsKICAgICAgICAid2hlbiI6ICJ0ZWFyZG93biIsCiAgICAgICAgIm91dGNvbWUiOiAicGFzc2VkIgogICAgICB9CiAgICBdLAog
2026-09-10T08:11:31.6532755Z GO_EVIDENCE_B64 ICAgInRlc3RzL3Rlc3Rfc3ByaW50MXBfanVkZ21lbnRfcnVudGltZS5weTo6dGVzdF9yZW1lZGlhdGlvbl9jcmVhdGVzX25ld19qdWRnbWVudF9hbmRfcmVwbGF5YWJsZV9oaXN0b3J5IjogWwogICAgICB7CiAgICAgICAgIndoZW4iOiAic2V0dXAiLAogICAgICAgICJvdXRjb21lIjogInBhc3NlZCIKICAgICAgfSwKICAgICAgewogICAgICAgICJ3aGVuIjogImNhbGwiLAogICAgICAgICJvdXRjb21lIjogInBhc3NlZCIKICAgICAgfSwKICAgICAgewogICAgICAgICJ3aGVuIjogInRlYXJkb3duIiwKICAgICAgICAib3V0Y29t
2026-09-10T08:11:31.6539744Z GO_EVIDENCE_B64 ZSI6ICJwYXNzZWQiCiAgICAgIH0KICAgIF0sCiAgICAidGVzdHMvdGVzdF9zcHJpbnQxcF9qdWRnbWVudF9ydW50aW1lLnB5Ojp0ZXN0X3Jhd19zdGFyX25vdF9pbl9mZWF0dXJlX3NuYXBzaG90IjogWwogICAgICB7CiAgICAgICAgIndoZW4iOiAic2V0dXAiLAogICAgICAgICJvdXRjb21lIjogInBhc3NlZCIKICAgICAgfSwKICAgICAgewogICAgICAgICJ3aGVuIjogImNhbGwiLAogICAgICAgICJvdXRjb21lIjogInBhc3NlZCIKICAgICAgfSwKICAgICAgewogICAgICAgICJ3aGVuIjogInRlYXJkb3duIiwKICAgICAgICAi
2026-09-10T08:11:31.6546719Z GO_EVIDENCE_B64 b3V0Y29tZSI6ICJwYXNzZWQiCiAgICAgIH0KICAgIF0sCiAgICAidGVzdHMvdGVzdF9zcHJpbnQxcF9qdWRnbWVudF9ydW50aW1lLnB5Ojp0ZXN0X2NvbnN0aXR1dGlvbl9hc3Nlc3NtZW50X2Nhbl9wdWJsaXNoX2dvX3JlY29tbWVuZGVkX3dpdGhvdXRfc2NvcmVfdGhyZXNob2xkX3J1bGUiOiBbCiAgICAgIHsKICAgICAgICAid2hlbiI6ICJzZXR1cCIsCiAgICAgICAgIm91dGNvbWUiOiAicGFzc2VkIgogICAgICB9LAogICAgICB7CiAgICAgICAgIndoZW4iOiAiY2FsbCIsCiAgICAgICAgIm91dGNvbWUiOiAicGFzc2VkIgog
2026-09-10T08:11:31.6553417Z GO_EVIDENCE_B64 ICAgICB9LAogICAgICB7CiAgICAgICAgIndoZW4iOiAidGVhcmRvd24iLAogICAgICAgICJvdXRjb21lIjogInBhc3NlZCIKICAgICAgfQogICAgXSwKICAgICJ0ZXN0cy90ZXN0X3NwcmludDFwX2p1ZGdtZW50X3J1bnRpbWUucHk6OnRlc3Rfd29ydGhfdGhlX2pvdXJuZXlfeWVzX2lzX21hbmRhdG9yeV9mb3JfcmVjb21tZW5kYXRpb24iOiBbCiAgICAgIHsKICAgICAgICAid2hlbiI6ICJzZXR1cCIsCiAgICAgICAgIm91dGNvbWUiOiAicGFzc2VkIgogICAgICB9LAogICAgICB7CiAgICAgICAgIndoZW4iOiAiY2FsbCIsCiAg
2026-09-10T08:11:31.6560286Z GO_EVIDENCE_B64 ICAgICAgIm91dGNvbWUiOiAicGFzc2VkIgogICAgICB9LAogICAgICB7CiAgICAgICAgIndoZW4iOiAidGVhcmRvd24iLAogICAgICAgICJvdXRjb21lIjogInBhc3NlZCIKICAgICAgfQogICAgXSwKICAgICJ0ZXN0cy90ZXN0X3NwcmludDFwX2p1ZGdtZW50X3J1bnRpbWUucHk6OnRlc3RfbmVzdGVkX2NvbW1lcmNpYWxfZmllbGRfaXNfcmVqZWN0ZWRfZnJvbV9yZWNvbW1lbmRhdGlvbl9hc3Nlc3NtZW50IjogWwogICAgICB7CiAgICAgICAgIndoZW4iOiAic2V0dXAiLAogICAgICAgICJvdXRjb21lIjogInBhc3NlZCIKICAg
2026-09-10T08:11:31.6567432Z GO_EVIDENCE_B64 ICAgfSwKICAgICAgewogICAgICAgICJ3aGVuIjogImNhbGwiLAogICAgICAgICJvdXRjb21lIjogInBhc3NlZCIKICAgICAgfSwKICAgICAgewogICAgICAgICJ3aGVuIjogInRlYXJkb3duIiwKICAgICAgICAib3V0Y29tZSI6ICJwYXNzZWQiCiAgICAgIH0KICAgIF0sCiAgICAidGVzdHMvdGVzdF9zcHJpbnQxcV9vcGVyYXRpb25hbF9kYXNoYm9hcmQucHk6OnRlc3Rfc3VwcGxpZXJfaWRlbnRpdHlfcHJvcGFnYXRlc190b19vcmRlcl9hbmRfc3VwcGxpZXJfZGFzaGJvYXJkIjogWwogICAgICB7CiAgICAgICAgIndoZW4iOiAi
2026-09-10T08:11:31.6574477Z GO_EVIDENCE_B64 c2V0dXAiLAogICAgICAgICJvdXRjb21lIjogInBhc3NlZCIKICAgICAgfSwKICAgICAgewogICAgICAgICJ3aGVuIjogImNhbGwiLAogICAgICAgICJvdXRjb21lIjogInBhc3NlZCIKICAgICAgfSwKICAgICAgewogICAgICAgICJ3aGVuIjogInRlYXJkb3duIiwKICAgICAgICAib3V0Y29tZSI6ICJwYXNzZWQiCiAgICAgIH0KICAgIF0sCiAgICAidGVzdHMvdGVzdF9zcHJpbnQxcV9vcGVyYXRpb25hbF9kYXNoYm9hcmQucHk6OnRlc3Rfc3VwcGxpZXJfb3JkZXJfbGlzdF9pc190ZW5hbnRfc2NvcGVkIjogWwogICAgICB7CiAg
2026-09-10T08:11:31.6581416Z GO_EVIDENCE_B64 ICAgICAgIndoZW4iOiAic2V0dXAiLAogICAgICAgICJvdXRjb21lIjogInBhc3NlZCIKICAgICAgfSwKICAgICAgewogICAgICAgICJ3aGVuIjogImNhbGwiLAogICAgICAgICJvdXRjb21lIjogInBhc3NlZCIKICAgICAgfSwKICAgICAgewogICAgICAgICJ3aGVuIjogInRlYXJkb3duIiwKICAgICAgICAib3V0Y29tZSI6ICJwYXNzZWQiCiAgICAgIH0KICAgIF0sCiAgICAidGVzdHMvdGVzdF9zcHJpbnQxcV9vcGVyYXRpb25hbF9kYXNoYm9hcmQucHk6OnRlc3Rfc3VwcGxpZXJfcmVmdW5kX2FwcGVhcnNfaW5fY29uc29sZSI6
2026-09-10T08:11:31.6588409Z GO_EVIDENCE_B64 IFsKICAgICAgewogICAgICAgICJ3aGVuIjogInNldHVwIiwKICAgICAgICAib3V0Y29tZSI6ICJwYXNzZWQiCiAgICAgIH0sCiAgICAgIHsKICAgICAgICAid2hlbiI6ICJjYWxsIiwKICAgICAgICAib3V0Y29tZSI6ICJwYXNzZWQiCiAgICAgIH0sCiAgICAgIHsKICAgICAgICAid2hlbiI6ICJ0ZWFyZG93biIsCiAgICAgICAgIm91dGNvbWUiOiAicGFzc2VkIgogICAgICB9CiAgICBdLAogICAgInRlc3RzL3Rlc3Rfc3ByaW50MXFfb3BlcmF0aW9uYWxfZGFzaGJvYXJkLnB5Ojp0ZXN0X2FkbWluX2Rhc2hib2FyZF9hbmRfcXVl
2026-09-10T08:11:31.6595322Z GO_EVIDENCE_B64 dWVzX2FyZV9vcGVyYXRpb25hbF92aWV3cyI6IFsKICAgICAgewogICAgICAgICJ3aGVuIjogInNldHVwIiwKICAgICAgICAib3V0Y29tZSI6ICJwYXNzZWQiCiAgICAgIH0sCiAgICAgIHsKICAgICAgICAid2hlbiI6ICJjYWxsIiwKICAgICAgICAib3V0Y29tZSI6ICJwYXNzZWQiCiAgICAgIH0sCiAgICAgIHsKICAgICAgICAid2hlbiI6ICJ0ZWFyZG93biIsCiAgICAgICAgIm91dGNvbWUiOiAicGFzc2VkIgogICAgICB9CiAgICBdLAogICAgInRlc3RzL3Rlc3Rfc3ByaW50MXFfb3BlcmF0aW9uYWxfZGFzaGJvYXJkLnB5Ojp0
2026-09-10T08:11:31.6602330Z GO_EVIDENCE_B64 ZXN0X3N1cHBsaWVyX2ZpbmFuY2lhbF9yaXNrX2lzX3Zpc2libGUiOiBbCiAgICAgIHsKICAgICAgICAid2hlbiI6ICJzZXR1cCIsCiAgICAgICAgIm91dGNvbWUiOiAicGFzc2VkIgogICAgICB9LAogICAgICB7CiAgICAgICAgIndoZW4iOiAiY2FsbCIsCiAgICAgICAgIm91dGNvbWUiOiAicGFzc2VkIgogICAgICB9LAogICAgICB7CiAgICAgICAgIndoZW4iOiAidGVhcmRvd24iLAogICAgICAgICJvdXRjb21lIjogInBhc3NlZCIKICAgICAgfQogICAgXSwKICAgICJ0ZXN0cy90ZXN0X3NwcmludDFyX2lkZW50aXR5X3NlY3Vy
2026-09-10T08:11:31.6609148Z GO_EVIDENCE_B64 aXR5LnB5Ojp0ZXN0X3N1cHBsaWVyX2Rhc2hib2FyZF9yZXF1aXJlc19hdXRoX2FuZF90ZW5hbnRfY29tZXNfZnJvbV90b2tlbiI6IFsKICAgICAgewogICAgICAgICJ3aGVuIjogInNldHVwIiwKICAgICAgICAib3V0Y29tZSI6ICJwYXNzZWQiCiAgICAgIH0sCiAgICAgIHsKICAgICAgICAid2hlbiI6ICJjYWxsIiwKICAgICAgICAib3V0Y29tZSI6ICJwYXNzZWQiCiAgICAgIH0sCiAgICAgIHsKICAgICAgICAid2hlbiI6ICJ0ZWFyZG93biIsCiAgICAgICAgIm91dGNvbWUiOiAicGFzc2VkIgogICAgICB9CiAgICBdLAogICAg
2026-09-10T08:11:31.6616037Z GO_EVIDENCE_B64 InRlc3RzL3Rlc3Rfc3ByaW50MXJfaWRlbnRpdHlfc2VjdXJpdHkucHk6OnRlc3RfYWRtaW5fcmJhY19zZXBhcmF0ZXNfZmluYW5jZV9mcm9tX3RydXN0IjogWwogICAgICB7CiAgICAgICAgIndoZW4iOiAic2V0dXAiLAogICAgICAgICJvdXRjb21lIjogInBhc3NlZCIKICAgICAgfSwKICAgICAgewogICAgICAgICJ3aGVuIjogImNhbGwiLAogICAgICAgICJvdXRjb21lIjogInBhc3NlZCIKICAgICAgfSwKICAgICAgewogICAgICAgICJ3aGVuIjogInRlYXJkb3duIiwKICAgICAgICAib3V0Y29tZSI6ICJwYXNzZWQiCiAgICAg
2026-09-10T08:11:31.6622820Z GO_EVIDENCE_B64 IH0KICAgIF0sCiAgICAidGVzdHMvdGVzdF9zcHJpbnQxcl9pZGVudGl0eV9zZWN1cml0eS5weTo6dGVzdF9yZWZyZXNoX2FuZF9zZXNzaW9uX3Jldm9jYXRpb24iOiBbCiAgICAgIHsKICAgICAgICAid2hlbiI6ICJzZXR1cCIsCiAgICAgICAgIm91dGNvbWUiOiAicGFzc2VkIgogICAgICB9LAogICAgICB7CiAgICAgICAgIndoZW4iOiAiY2FsbCIsCiAgICAgICAgIm91dGNvbWUiOiAicGFzc2VkIgogICAgICB9LAogICAgICB7CiAgICAgICAgIndoZW4iOiAidGVhcmRvd24iLAogICAgICAgICJvdXRjb21lIjogInBhc3NlZCIK
2026-09-10T08:11:31.6629852Z GO_EVIDENCE_B64 ICAgICAgfQogICAgXSwKICAgICJ0ZXN0cy90ZXN0X3NwcmludDFyX2lkZW50aXR5X3NlY3VyaXR5LnB5Ojp0ZXN0X2R1YWxfY29udHJvbF9yZXF1aXJlc19kaXN0aW5jdF9zZWNvbmRfYWRtaW4iOiBbCiAgICAgIHsKICAgICAgICAid2hlbiI6ICJzZXR1cCIsCiAgICAgICAgIm91dGNvbWUiOiAicGFzc2VkIgogICAgICB9LAogICAgICB7CiAgICAgICAgIndoZW4iOiAiY2FsbCIsCiAgICAgICAgIm91dGNvbWUiOiAicGFzc2VkIgogICAgICB9LAogICAgICB7CiAgICAgICAgIndoZW4iOiAidGVhcmRvd24iLAogICAgICAgICJv
2026-09-10T08:11:31.6636651Z GO_EVIDENCE_B64 dXRjb21lIjogInBhc3NlZCIKICAgICAgfQogICAgXSwKICAgICJ0ZXN0cy90ZXN0X3NwcmludDFyX2lkZW50aXR5X3NlY3VyaXR5LnB5Ojp0ZXN0X211dGF0aW5nX2F1dGhlbnRpY2F0ZWRfcmVxdWVzdF93cml0ZXNfYXVkaXQiOiBbCiAgICAgIHsKICAgICAgICAid2hlbiI6ICJzZXR1cCIsCiAgICAgICAgIm91dGNvbWUiOiAicGFzc2VkIgogICAgICB9LAogICAgICB7CiAgICAgICAgIndoZW4iOiAiY2FsbCIsCiAgICAgICAgIm91dGNvbWUiOiAicGFzc2VkIgogICAgICB9LAogICAgICB7CiAgICAgICAgIndoZW4iOiAidGVh
2026-09-10T08:11:31.6643328Z GO_EVIDENCE_B64 cmRvd24iLAogICAgICAgICJvdXRjb21lIjogInBhc3NlZCIKICAgICAgfQogICAgXSwKICAgICJ0ZXN0cy90ZXN0X3NwcmludDF4X2NvbnN1bWVyX2UyZS5weTo6dGVzdF9jb25zdW1lcl9mcm9udGVuZF9tb3VudCI6IFsKICAgICAgewogICAgICAgICJ3aGVuIjogInNldHVwIiwKICAgICAgICAib3V0Y29tZSI6ICJwYXNzZWQiCiAgICAgIH0sCiAgICAgIHsKICAgICAgICAid2hlbiI6ICJjYWxsIiwKICAgICAgICAib3V0Y29tZSI6ICJwYXNzZWQiCiAgICAgIH0sCiAgICAgIHsKICAgICAgICAid2hlbiI6ICJ0ZWFyZG93biIs
2026-09-10T08:11:31.6650222Z GO_EVIDENCE_B64 CiAgICAgICAgIm91dGNvbWUiOiAicGFzc2VkIgogICAgICB9CiAgICBdLAogICAgInRlc3RzL3Rlc3Rfc3ByaW50MXhfY29uc3VtZXJfZTJlLnB5Ojp0ZXN0X2NvbnN1bWVyX2Jvb2tpbmdfdHJpcHNfY2hhbmdlX2NhbmNlbF9yZWZ1bmQiOiBbCiAgICAgIHsKICAgICAgICAid2hlbiI6ICJzZXR1cCIsCiAgICAgICAgIm91dGNvbWUiOiAicGFzc2VkIgogICAgICB9LAogICAgICB7CiAgICAgICAgIndoZW4iOiAiY2FsbCIsCiAgICAgICAgIm91dGNvbWUiOiAicGFzc2VkIgogICAgICB9LAogICAgICB7CiAgICAgICAgIndoZW4i
2026-09-10T08:11:31.6657057Z GO_EVIDENCE_B64 OiAidGVhcmRvd24iLAogICAgICAgICJvdXRjb21lIjogInBhc3NlZCIKICAgICAgfQogICAgXSwKICAgICJ0ZXN0cy90ZXN0X3NwcmludDF4X2NvbnN1bWVyX2UyZS5weTo6dGVzdF9jb25zdW1lcl9zdGF5X2NyZWRpdF9hbmRfcXVpY2tfcmV2aWV3IjogWwogICAgICB7CiAgICAgICAgIndoZW4iOiAic2V0dXAiLAogICAgICAgICJvdXRjb21lIjogInBhc3NlZCIKICAgICAgfSwKICAgICAgewogICAgICAgICJ3aGVuIjogImNhbGwiLAogICAgICAgICJvdXRjb21lIjogInBhc3NlZCIKICAgICAgfSwKICAgICAgewogICAgICAg
2026-09-10T08:11:31.6664027Z GO_EVIDENCE_B64 ICJ3aGVuIjogInRlYXJkb3duIiwKICAgICAgICAib3V0Y29tZSI6ICJwYXNzZWQiCiAgICAgIH0KICAgIF0sCiAgICAidGVzdHMvdGVzdF9zcHJpbnQyYV9tb2JpbGVfZTJlLnB5Ojp0ZXN0X2Jvb2tpbmdfcHVzaF9kZWVwX2xpbmtfYW5kX2NoZWNraW5fam9iIjogWwogICAgICB7CiAgICAgICAgIndoZW4iOiAic2V0dXAiLAogICAgICAgICJvdXRjb21lIjogInBhc3NlZCIKICAgICAgfSwKICAgICAgewogICAgICAgICJ3aGVuIjogImNhbGwiLAogICAgICAgICJvdXRjb21lIjogInBhc3NlZCIKICAgICAgfSwKICAgICAgewog
2026-09-10T08:11:31.6672514Z GO_EVIDENCE_B64 ICAgICAgICJ3aGVuIjogInRlYXJkb3duIiwKICAgICAgICAib3V0Y29tZSI6ICJwYXNzZWQiCiAgICAgIH0KICAgIF0sCiAgICAidGVzdHMvdGVzdF9zcHJpbnQyYV9tb2JpbGVfZTJlLnB5Ojp0ZXN0X3JlZnVuZF9hbmRfY29tcGVuc2F0aW9uX2V2ZW50c19iZWNvbWVfbW9iaWxlX25vdGlmaWNhdGlvbnMiOiBbCiAgICAgIHsKICAgICAgICAid2hlbiI6ICJzZXR1cCIsCiAgICAgICAgIm91dGNvbWUiOiAicGFzc2VkIgogICAgICB9LAogICAgICB7CiAgICAgICAgIndoZW4iOiAiY2FsbCIsCiAgICAgICAgIm91dGNvbWUiOiAi
2026-09-10T08:11:31.6680412Z GO_EVIDENCE_B64 cGFzc2VkIgogICAgICB9LAogICAgICB7CiAgICAgICAgIndoZW4iOiAidGVhcmRvd24iLAogICAgICAgICJvdXRjb21lIjogInBhc3NlZCIKICAgICAgfQogICAgXSwKICAgICJ0ZXN0cy90ZXN0X3NwcmludDJhX21vYmlsZV9lMmUucHk6OnRlc3RfY2hlY2tvdXRfcmV2aWV3X2ZpcnN0X3B1c2hfdGhlbl9uZXh0X2FwcF9vcGVuX3F1aWNrX3Jldmlld19hbmRfbm9fcmVwZWF0IjogWwogICAgICB7CiAgICAgICAgIndoZW4iOiAic2V0dXAiLAogICAgICAgICJvdXRjb21lIjogInBhc3NlZCIKICAgICAgfSwKICAgICAgewogICAg
2026-09-10T08:11:31.6687443Z GO_EVIDENCE_B64 ICAgICJ3aGVuIjogImNhbGwiLAogICAgICAgICJvdXRjb21lIjogInBhc3NlZCIKICAgICAgfSwKICAgICAgewogICAgICAgICJ3aGVuIjogInRlYXJkb3duIiwKICAgICAgICAib3V0Y29tZSI6ICJwYXNzZWQiCiAgICAgIH0KICAgIF0sCiAgICAidGVzdHMvdGVzdF9zcHJpbnQyYV9tb2JpbGVfZTJlLnB5Ojp0ZXN0X25hdGl2ZV9sb3dfcmV2aWV3X3JlcXVpcmVzX3N0cnVjdHVyZWRfdGFnX2FuZF9jYW5fY3JlYXRlX3Jpc2siOiBbCiAgICAgIHsKICAgICAgICAid2hlbiI6ICJzZXR1cCIsCiAgICAgICAgIm91dGNvbWUiOiAi
2026-09-10T08:11:31.6694827Z GO_EVIDENCE_B64 cGFzc2VkIgogICAgICB9LAogICAgICB7CiAgICAgICAgIndoZW4iOiAiY2FsbCIsCiAgICAgICAgIm91dGNvbWUiOiAicGFzc2VkIgogICAgICB9LAogICAgICB7CiAgICAgICAgIndoZW4iOiAidGVhcmRvd24iLAogICAgICAgICJvdXRjb21lIjogInBhc3NlZCIKICAgICAgfQogICAgXSwKICAgICJ0ZXN0cy90ZXN0X3NwcmludDJhX21vYmlsZV9lMmUucHk6OnRlc3RfbW9iaWxlX2ZhcmVfd3JhcHBlcnNfZW5mb3JjZV9jb25zdW1lcl9vd25lcnNoaXAiOiBbCiAgICAgIHsKICAgICAgICAid2hlbiI6ICJzZXR1cCIsCiAgICAg
2026-09-10T08:11:31.6701695Z GO_EVIDENCE_B64 ICAgIm91dGNvbWUiOiAicGFzc2VkIgogICAgICB9LAogICAgICB7CiAgICAgICAgIndoZW4iOiAiY2FsbCIsCiAgICAgICAgIm91dGNvbWUiOiAicGFzc2VkIgogICAgICB9LAogICAgICB7CiAgICAgICAgIndoZW4iOiAidGVhcmRvd24iLAogICAgICAgICJvdXRjb21lIjogInBhc3NlZCIKICAgICAgfQogICAgXSwKICAgICJ0ZXN0cy90ZXN0X3NwcmludDNlX3VuaWZpZWRfdHJpcHMucHk6OnRlc3RfdW5pZmllZF9nb190cmlwc19zaXhfdmVydGljYWxzIjogWwogICAgICB7CiAgICAgICAgIndoZW4iOiAic2V0dXAiLAogICAg
2026-09-10T08:11:31.6708759Z GO_EVIDENCE_B64 ICAgICJvdXRjb21lIjogInBhc3NlZCIKICAgICAgfSwKICAgICAgewogICAgICAgICJ3aGVuIjogImNhbGwiLAogICAgICAgICJvdXRjb21lIjogInBhc3NlZCIKICAgICAgfSwKICAgICAgewogICAgICAgICJ3aGVuIjogInRlYXJkb3duIiwKICAgICAgICAib3V0Y29tZSI6ICJwYXNzZWQiCiAgICAgIH0KICAgIF0sCiAgICAidGVzdHMvdGVzdF9zcHJpbnQzZV91bmlmaWVkX3RyaXBzLnB5Ojp0ZXN0X2Nyb3NzX2FjY291bnRfam91cm5leV9pc29sYXRpb24iOiBbCiAgICAgIHsKICAgICAgICAid2hlbiI6ICJzZXR1cCIsCiAg
2026-09-10T08:11:31.6715744Z GO_EVIDENCE_B64 ICAgICAgIm91dGNvbWUiOiAicGFzc2VkIgogICAgICB9LAogICAgICB7CiAgICAgICAgIndoZW4iOiAiY2FsbCIsCiAgICAgICAgIm91dGNvbWUiOiAicGFzc2VkIgogICAgICB9LAogICAgICB7CiAgICAgICAgIndoZW4iOiAidGVhcmRvd24iLAogICAgICAgICJvdXRjb21lIjogInBhc3NlZCIKICAgICAgfQogICAgXSwKICAgICJ0ZXN0cy90ZXN0X3NwcmludDNoX3JlY292ZXJ5X2V4ZWN1dGlvbi5weTo6dGVzdF9hdG9taWNfaW50ZW50X2lzX2lkZW1wb3RlbnRfYW5kX3N1cHBsaWVyX2V4ZWN1dGlvbl9pc19ub25fYXRvbWlj
2026-09-10T08:11:31.6722846Z GO_EVIDENCE_B64 IjogWwogICAgICB7CiAgICAgICAgIndoZW4iOiAic2V0dXAiLAogICAgICAgICJvdXRjb21lIjogInBhc3NlZCIKICAgICAgfSwKICAgICAgewogICAgICAgICJ3aGVuIjogImNhbGwiLAogICAgICAgICJvdXRjb21lIjogInBhc3NlZCIKICAgICAgfSwKICAgICAgewogICAgICAgICJ3aGVuIjogInRlYXJkb3duIiwKICAgICAgICAib3V0Y29tZSI6ICJwYXNzZWQiCiAgICAgIH0KICAgIF0sCiAgICAidGVzdHMvdGVzdF9zcHJpbnQzaF9yZWNvdmVyeV9leGVjdXRpb24ucHk6OnRlc3RfcHJpY2VfY2hhbmdlX3BhdXNlc19vbmx5
2026-09-10T08:11:31.6730022Z GO_EVIDENCE_B64 X29uZV9pdGVtX2FuZF9yZXF1aXJlc19yZWF1dGhvcml6YXRpb24iOiBbCiAgICAgIHsKICAgICAgICAid2hlbiI6ICJzZXR1cCIsCiAgICAgICAgIm91dGNvbWUiOiAicGFzc2VkIgogICAgICB9LAogICAgICB7CiAgICAgICAgIndoZW4iOiAiY2FsbCIsCiAgICAgICAgIm91dGNvbWUiOiAicGFzc2VkIgogICAgICB9LAogICAgICB7CiAgICAgICAgIndoZW4iOiAidGVhcmRvd24iLAogICAgICAgICJvdXRjb21lIjogInBhc3NlZCIKICAgICAgfQogICAgXSwKICAgICJ0ZXN0cy90ZXN0X3NwcmludDNoX3JlY292ZXJ5X2V4ZWN1
2026-09-10T08:11:31.6736810Z GO_EVIDENCE_B64 dGlvbi5weTo6dGVzdF91bmtub3duX2V4dGVybmFsX3N0YXRlX3JlY29uY2lsZXNfd2l0aG91dF9zZWNvbmRfc3VwcGxpZXJfbXV0YXRpb24iOiBbCiAgICAgIHsKICAgICAgICAid2hlbiI6ICJzZXR1cCIsCiAgICAgICAgIm91dGNvbWUiOiAicGFzc2VkIgogICAgICB9LAogICAgICB7CiAgICAgICAgIndoZW4iOiAiY2FsbCIsCiAgICAgICAgIm91dGNvbWUiOiAicGFzc2VkIgogICAgICB9LAogICAgICB7CiAgICAgICAgIndoZW4iOiAidGVhcmRvd24iLAogICAgICAgICJvdXRjb21lIjogInBhc3NlZCIKICAgICAgfQogICAg
2026-09-10T08:11:31.6743463Z GO_EVIDENCE_B64 XSwKICAgICJ0ZXN0cy90ZXN0X3NwcmludDNrX3JlY292ZXJ5X3NsYV9vcHMucHk6OnRlc3RfY2FzZV9nZXRzX3NsYV9xdWV1ZV9wbGF5Ym9va19hbmRfZXZpZGVuY2VfcmVxdWlyZW1lbnQiOiBbCiAgICAgIHsKICAgICAgICAid2hlbiI6ICJzZXR1cCIsCiAgICAgICAgIm91dGNvbWUiOiAicGFzc2VkIgogICAgICB9LAogICAgICB7CiAgICAgICAgIndoZW4iOiAiY2FsbCIsCiAgICAgICAgIm91dGNvbWUiOiAicGFzc2VkIgogICAgICB9LAogICAgICB7CiAgICAgICAgIndoZW4iOiAidGVhcmRvd24iLAogICAgICAgICJvdXRj
2026-09-10T08:11:31.6750193Z GO_EVIDENCE_B64 b21lIjogInBhc3NlZCIKICAgICAgfQogICAgXSwKICAgICJ0ZXN0cy90ZXN0X3NwcmludDNrX3JlY292ZXJ5X3NsYV9vcHMucHk6OnRlc3Rfc2xhX3RpY2tfYXV0b19hc3NpZ25zX2VzY2FsYXRlc19hbmRfZW1pdHNfYWxlcnRfd2l0aG91dF90b3VjaGluZ19zdXBwbGllcl9mYWN0IjogWwogICAgICB7CiAgICAgICAgIndoZW4iOiAic2V0dXAiLAogICAgICAgICJvdXRjb21lIjogInBhc3NlZCIKICAgICAgfSwKICAgICAgewogICAgICAgICJ3aGVuIjogImNhbGwiLAogICAgICAgICJvdXRjb21lIjogInBhc3NlZCIKICAgICAg
2026-09-10T08:11:31.6759315Z GO_EVIDENCE_B64 fSwKICAgICAgewogICAgICAgICJ3aGVuIjogInRlYXJkb3duIiwKICAgICAgICAib3V0Y29tZSI6ICJwYXNzZWQiCiAgICAgIH0KICAgIF0sCiAgICAidGVzdHMvdGVzdF9zcHJpbnQza19yZWNvdmVyeV9zbGFfb3BzLnB5Ojp0ZXN0X3Jlc3BvbnNpYmlsaXR5X3RyYW5zZmVyX2lzX29wZXJhdGlvbmFsX29ubHkiOiBbCiAgICAgIHsKICAgICAgICAid2hlbiI6ICJzZXR1cCIsCiAgICAgICAgIm91dGNvbWUiOiAicGFzc2VkIgogICAgICB9LAogICAgICB7CiAgICAgICAgIndoZW4iOiAiY2FsbCIsCiAgICAgICAgIm91dGNvbWUi
2026-09-10T08:11:31.6766849Z GO_EVIDENCE_B64 OiAicGFzc2VkIgogICAgICB9LAogICAgICB7CiAgICAgICAgIndoZW4iOiAidGVhcmRvd24iLAogICAgICAgICJvdXRjb21lIjogInBhc3NlZCIKICAgICAgfQogICAgXSwKICAgICJ0ZXN0cy90ZXN0X3NwcmludDNrX3JlY292ZXJ5X3NsYV9vcHMucHk6OnRlc3RfY2FzZV9jbG9zZV9pc19ibG9ja2VkX3VudGlsX3JlcXVpcmVkX2ZpbmFsX2V4dGVybmFsX2ZhY3RfZXhpc3RzIjogWwogICAgICB7CiAgICAgICAgIndoZW4iOiAic2V0dXAiLAogICAgICAgICJvdXRjb21lIjogInBhc3NlZCIKICAgICAgfSwKICAgICAgewogICAg
2026-09-10T08:11:31.6773652Z GO_EVIDENCE_B64 ICAgICJ3aGVuIjogImNhbGwiLAogICAgICAgICJvdXRjb21lIjogInBhc3NlZCIKICAgICAgfSwKICAgICAgewogICAgICAgICJ3aGVuIjogInRlYXJkb3duIiwKICAgICAgICAib3V0Y29tZSI6ICJwYXNzZWQiCiAgICAgIH0KICAgIF0sCiAgICAidGVzdHMvdGVzdF9zcHJpbnQza19yZWNvdmVyeV9zbGFfb3BzLnB5Ojp0ZXN0X3NsYV9wb2xpY3lfYW5kX3F1ZXVlX2FwaV9hbmRfbm9fc3VwcGxpZXJfZmFjdF9tdXRhdG9yIjogWwogICAgICB7CiAgICAgICAgIndoZW4iOiAic2V0dXAiLAogICAgICAgICJvdXRjb21lIjogInBh
2026-09-10T08:11:31.6780820Z GO_EVIDENCE_B64 c3NlZCIKICAgICAgfSwKICAgICAgewogICAgICAgICJ3aGVuIjogImNhbGwiLAogICAgICAgICJvdXRjb21lIjogInBhc3NlZCIKICAgICAgfSwKICAgICAgewogICAgICAgICJ3aGVuIjogInRlYXJkb3duIiwKICAgICAgICAib3V0Y29tZSI6ICJwYXNzZWQiCiAgICAgIH0KICAgIF0sCiAgICAidGVzdHMvdGVzdF9zcHJpbnQzcl9yZWxlYXNlX2dvdmVybmFuY2UucHk6OnRlc3RfaW1tdXRhYmxlX2NvbmZpZ192ZXJzaW9uc19pbmNyZW1lbnRfYW5kX2Rldl9iaW5kaW5nX3RyYWNrc19sYXRlc3QiOiBbCiAgICAgIHsKICAgICAg
2026-09-10T08:11:31.6787791Z GO_EVIDENCE_B64 ICAid2hlbiI6ICJzZXR1cCIsCiAgICAgICAgIm91dGNvbWUiOiAicGFzc2VkIgogICAgICB9LAogICAgICB7CiAgICAgICAgIndoZW4iOiAiY2FsbCIsCiAgICAgICAgIm91dGNvbWUiOiAicGFzc2VkIgogICAgICB9LAogICAgICB7CiAgICAgICAgIndoZW4iOiAidGVhcmRvd24iLAogICAgICAgICJvdXRjb21lIjogInBhc3NlZCIKICAgICAgfQogICAgXSwKICAgICJ0ZXN0cy90ZXN0X3NwcmludDNyX3JlbGVhc2VfZ292ZXJuYW5jZS5weTo6dGVzdF9kcnlfcnVuX3JlcXVpcmVzX3NvdXJjZV9lbnZpcm9ubWVudF9iaW5kaW5n
2026-09-10T08:11:31.6794775Z GO_EVIDENCE_B64 X21hdGNoIjogWwogICAgICB7CiAgICAgICAgIndoZW4iOiAic2V0dXAiLAogICAgICAgICJvdXRjb21lIjogInBhc3NlZCIKICAgICAgfSwKICAgICAgewogICAgICAgICJ3aGVuIjogImNhbGwiLAogICAgICAgICJvdXRjb21lIjogInBhc3NlZCIKICAgICAgfSwKICAgICAgewogICAgICAgICJ3aGVuIjogInRlYXJkb3duIiwKICAgICAgICAib3V0Y29tZSI6ICJwYXNzZWQiCiAgICAgIH0KICAgIF0sCiAgICAidGVzdHMvdGVzdF9zcHJpbnQzcl9yZWxlYXNlX2dvdmVybmFuY2UucHk6OnRlc3RfcHJvZF9yZXF1aXJlc19zdGFn
2026-09-10T08:11:31.6801830Z GO_EVIDENCE_B64 aW5nX2V2aWRlbmNlX2FuZF9tYWtlcl9jaGVja2VyIjogWwogICAgICB7CiAgICAgICAgIndoZW4iOiAic2V0dXAiLAogICAgICAgICJvdXRjb21lIjogInBhc3NlZCIKICAgICAgfSwKICAgICAgewogICAgICAgICJ3aGVuIjogImNhbGwiLAogICAgICAgICJvdXRjb21lIjogInBhc3NlZCIKICAgICAgfSwKICAgICAgewogICAgICAgICJ3aGVuIjogInRlYXJkb3duIiwKICAgICAgICAib3V0Y29tZSI6ICJwYXNzZWQiCiAgICAgIH0KICAgIF0sCiAgICAidGVzdHMvdGVzdF9zcHJpbnQzcl9yZWxlYXNlX2dvdmVybmFuY2UucHk6
2026-09-10T08:11:31.6808801Z GO_EVIDENCE_B64 OnRlc3RfZXhwbGljaXRfcm9sbGJhY2tfdGFyZ2V0X3Jlc3RvcmVzX3ByZXZpb3VzX3Byb2RfbWFuaWZlc3QiOiBbCiAgICAgIHsKICAgICAgICAid2hlbiI6ICJzZXR1cCIsCiAgICAgICAgIm91dGNvbWUiOiAicGFzc2VkIgogICAgICB9LAogICAgICB7CiAgICAgICAgIndoZW4iOiAiY2FsbCIsCiAgICAgICAgIm91dGNvbWUiOiAicGFzc2VkIgogICAgICB9LAogICAgICB7CiAgICAgICAgIndoZW4iOiAidGVhcmRvd24iLAogICAgICAgICJvdXRjb21lIjogInBhc3NlZCIKICAgICAgfQogICAgXSwKICAgICJ0ZXN0cy90ZXN0
2026-09-10T08:11:31.6815634Z GO_EVIDENCE_B64 X3NwcmludDNyX3JlbGVhc2VfZ292ZXJuYW5jZS5weTo6dGVzdF9kcmlmdF9kZXRlY3Rpb25faXNfb2JzZXJ2YXRpb25hbF9hbmRfZG9lc19ub3RfYXV0b19tdXRhdGVfZXhwZWN0ZWRfYmluZGluZyI6IFsKICAgICAgewogICAgICAgICJ3aGVuIjogInNldHVwIiwKICAgICAgICAib3V0Y29tZSI6ICJwYXNzZWQiCiAgICAgIH0sCiAgICAgIHsKICAgICAgICAid2hlbiI6ICJjYWxsIiwKICAgICAgICAib3V0Y29tZSI6ICJwYXNzZWQiCiAgICAgIH0sCiAgICAgIHsKICAgICAgICAid2hlbiI6ICJ0ZWFyZG93biIsCiAgICAgICAg
2026-09-10T08:11:31.6822225Z GO_EVIDENCE_B64 Im91dGNvbWUiOiAicGFzc2VkIgogICAgICB9CiAgICBdLAogICAgInRlc3RzL3Rlc3Rfc3ByaW50M3JfcmVsZWFzZV9nb3Zlcm5hbmNlLnB5Ojp0ZXN0X3N0cmF0ZWd5X2NhbGlicmF0aW9uX29yX2luY2lkZW50X2NoYW5nZV9jYW5fYmVfc25hcHNob3R0ZWRfYXNfcmVsZWFzZV9jb25maWciOiBbCiAgICAgIHsKICAgICAgICAid2hlbiI6ICJzZXR1cCIsCiAgICAgICAgIm91dGNvbWUiOiAicGFzc2VkIgogICAgICB9LAogICAgICB7CiAgICAgICAgIndoZW4iOiAiY2FsbCIsCiAgICAgICAgIm91dGNvbWUiOiAicGFzc2VkIgog
2026-09-10T08:11:31.6829203Z GO_EVIDENCE_B64 ICAgICB9LAogICAgICB7CiAgICAgICAgIndoZW4iOiAidGVhcmRvd24iLAogICAgICAgICJvdXRjb21lIjogInBhc3NlZCIKICAgICAgfQogICAgXSwKICAgICJ0ZXN0cy90ZXN0X3NwcmludDN1X3J1bnRpbWVfdGVsZW1ldHJ5X2dvdmVybmFuY2UucHk6OnRlc3RfZ292ZXJuZWRfc291cmNlX2hhc19zdGFibGVfcHJvdmVuYW5jZV9hbmRfc3RhdGVfZ2F0ZSI6IFsKICAgICAgewogICAgICAgICJ3aGVuIjogInNldHVwIiwKICAgICAgICAib3V0Y29tZSI6ICJwYXNzZWQiCiAgICAgIH0sCiAgICAgIHsKICAgICAgICAid2hlbiI6
2026-09-10T08:11:31.6836042Z GO_EVIDENCE_B64 ICJjYWxsIiwKICAgICAgICAib3V0Y29tZSI6ICJwYXNzZWQiCiAgICAgIH0sCiAgICAgIHsKICAgICAgICAid2hlbiI6ICJ0ZWFyZG93biIsCiAgICAgICAgIm91dGNvbWUiOiAicGFzc2VkIgogICAgICB9CiAgICBdLAogICAgInRlc3RzL3Rlc3Rfc3ByaW50M3VfcnVudGltZV90ZWxlbWV0cnlfZ292ZXJuYW5jZS5weTo6dGVzdF9xdWFsaXR5X2dhdGVfYmxvY2tzX3N0cm9uZ19hY3Rpb25fZXZlbl93aGVuX2J1cm5fcmF0ZV9pc19iYWQiOiBbCiAgICAgIHsKICAgICAgICAid2hlbiI6ICJzZXR1cCIsCiAgICAgICAgIm91dGNv
2026-09-10T08:11:31.6842816Z GO_EVIDENCE_B64 bWUiOiAicGFzc2VkIgogICAgICB9LAogICAgICB7CiAgICAgICAgIndoZW4iOiAiY2FsbCIsCiAgICAgICAgIm91dGNvbWUiOiAicGFzc2VkIgogICAgICB9LAogICAgICB7CiAgICAgICAgIndoZW4iOiAidGVhcmRvd24iLAogICAgICAgICJvdXRjb21lIjogInBhc3NlZCIKICAgICAgfQogICAgXSwKICAgICJ0ZXN0cy90ZXN0X3NwcmludDN1X3J1bnRpbWVfdGVsZW1ldHJ5X2dvdmVybmFuY2UucHk6OnRlc3RfbXVsdGlfd2luZG93X2JyZWFjaF93aXRoX2dvb2RfdGVsZW1ldHJ5X2ZyZWV6ZXNfYW5kX3JlY29tbWVuZHMiOiBb
2026-09-10T08:11:31.6849835Z GO_EVIDENCE_B64 CiAgICAgIHsKICAgICAgICAid2hlbiI6ICJzZXR1cCIsCiAgICAgICAgIm91dGNvbWUiOiAicGFzc2VkIgogICAgICB9LAogICAgICB7CiAgICAgICAgIndoZW4iOiAiY2FsbCIsCiAgICAgICAgIm91dGNvbWUiOiAicGFzc2VkIgogICAgICB9LAogICAgICB7CiAgICAgICAgIndoZW4iOiAidGVhcmRvd24iLAogICAgICAgICJvdXRjb21lIjogInBhc3NlZCIKICAgICAgfQogICAgXSwKICAgICJ0ZXN0cy90ZXN0X3NwcmludDN1X3J1bnRpbWVfdGVsZW1ldHJ5X2dvdmVybmFuY2UucHk6OnRlc3RfaW5jaWRlbnRfY29ycmVsYXRp
2026-09-10T08:11:31.6856756Z GO_EVIDENCE_B64 b25fY2Fycmllc19yZWxlYXNlX2F0dGVzdGF0aW9uX3ZlcmlmaWNhdGlvbl9hbmRfcXVhbGl0eV9ldmlkZW5jZSI6IFsKICAgICAgewogICAgICAgICJ3aGVuIjogInNldHVwIiwKICAgICAgICAib3V0Y29tZSI6ICJwYXNzZWQiCiAgICAgIH0sCiAgICAgIHsKICAgICAgICAid2hlbiI6ICJjYWxsIiwKICAgICAgICAib3V0Y29tZSI6ICJwYXNzZWQiCiAgICAgIH0sCiAgICAgIHsKICAgICAgICAid2hlbiI6ICJ0ZWFyZG93biIsCiAgICAgICAgIm91dGNvbWUiOiAicGFzc2VkIgogICAgICB9CiAgICBdLAogICAgInRlc3RzL3Rl
2026-09-10T08:11:31.6863624Z GO_EVIDENCE_B64 c3Rfc3ByaW50M3VfcnVudGltZV90ZWxlbWV0cnlfZ292ZXJuYW5jZS5weTo6dGVzdF9wb2xpY3lfcmVxdWlyZXNfbXVsdGlwbGVfdmFsaWRfd2luZG93cyI6IFsKICAgICAgewogICAgICAgICJ3aGVuIjogInNldHVwIiwKICAgICAgICAib3V0Y29tZSI6ICJwYXNzZWQiCiAgICAgIH0sCiAgICAgIHsKICAgICAgICAid2hlbiI6ICJjYWxsIiwKICAgICAgICAib3V0Y29tZSI6ICJwYXNzZWQiCiAgICAgIH0sCiAgICAgIHsKICAgICAgICAid2hlbiI6ICJ0ZWFyZG93biIsCiAgICAgICAgIm91dGNvbWUiOiAicGFzc2VkIgogICAg
2026-09-10T08:11:31.6870410Z GO_EVIDENCE_B64 ICB9CiAgICBdLAogICAgInRlc3RzL3Rlc3Rfc3ByaW50M3VfcnVudGltZV90ZWxlbWV0cnlfZ292ZXJuYW5jZS5weTo6dGVzdF9zdGF0dXNfZXhwb3Nlc19zb3VyY2VfcXVhbGl0eV9wb2xpY3lfY29ycmVsYXRpb25fYW5kX3JlbGVhc2Vfc2FmZXR5IjogWwogICAgICB7CiAgICAgICAgIndoZW4iOiAic2V0dXAiLAogICAgICAgICJvdXRjb21lIjogInBhc3NlZCIKICAgICAgfSwKICAgICAgewogICAgICAgICJ3aGVuIjogImNhbGwiLAogICAgICAgICJvdXRjb21lIjogInBhc3NlZCIKICAgICAgfSwKICAgICAgewogICAgICAg
2026-09-10T08:11:31.6877263Z GO_EVIDENCE_B64 ICJ3aGVuIjogInRlYXJkb3duIiwKICAgICAgICAib3V0Y29tZSI6ICJwYXNzZWQiCiAgICAgIH0KICAgIF0sCiAgICAidGVzdHMvdGVzdF9zcHJpbnQzdV9ydW50aW1lX3RlbGVtZXRyeV9nb3Zlcm5hbmNlLnB5Ojp0ZXN0X2xlZ2FjeV8zdF9hc3Nlc3NtZW50X2Nhbm5vdF9ieXBhc3NfZ292ZXJuZWRfdGVsZW1ldHJ5X2dhdGUiOiBbCiAgICAgIHsKICAgICAgICAid2hlbiI6ICJzZXR1cCIsCiAgICAgICAgIm91dGNvbWUiOiAicGFzc2VkIgogICAgICB9LAogICAgICB7CiAgICAgICAgIndoZW4iOiAiY2FsbCIsCiAgICAgICAg
2026-09-10T08:11:31.6883954Z GO_EVIDENCE_B64 Im91dGNvbWUiOiAicGFzc2VkIgogICAgICB9LAogICAgICB7CiAgICAgICAgIndoZW4iOiAidGVhcmRvd24iLAogICAgICAgICJvdXRjb21lIjogInBhc3NlZCIKICAgICAgfQogICAgXSwKICAgICJ0ZXN0cy90ZXN0X3NwcmludDN5X2NyZWRlbnRpYWxfYXV0aG9yaXR5LnB5Ojp0ZXN0X3BvbGljeV92ZXJzaW9uaW5nX2FuZF9oYXJkd2FyZV90cnVzdF9jbGFzc19nYXRlIjogWwogICAgICB7CiAgICAgICAgIndoZW4iOiAic2V0dXAiLAogICAgICAgICJvdXRjb21lIjogInBhc3NlZCIKICAgICAgfSwKICAgICAgewogICAgICAg
2026-09-10T08:11:31.6890988Z GO_EVIDENCE_B64 ICJ3aGVuIjogImNhbGwiLAogICAgICAgICJvdXRjb21lIjogInBhc3NlZCIKICAgICAgfSwKICAgICAgewogICAgICAgICJ3aGVuIjogInRlYXJkb3duIiwKICAgICAgICAib3V0Y29tZSI6ICJwYXNzZWQiCiAgICAgIH0KICAgIF0sCiAgICAidGVzdHMvdGVzdF9zcHJpbnQzeV9jcmVkZW50aWFsX2F1dGhvcml0eS5weTo6dGVzdF92ZXJpZmllcl9xdW9ydW1faXNfcmVxdWlyZWRfYmVmb3JlX2NyZWRlbnRpYWxfaXNzdWUiOiBbCiAgICAgIHsKICAgICAgICAid2hlbiI6ICJzZXR1cCIsCiAgICAgICAgIm91dGNvbWUiOiAicGFz
2026-09-10T08:11:31.6897952Z GO_EVIDENCE_B64 c2VkIgogICAgICB9LAogICAgICB7CiAgICAgICAgIndoZW4iOiAiY2FsbCIsCiAgICAgICAgIm91dGNvbWUiOiAicGFzc2VkIgogICAgICB9LAogICAgICB7CiAgICAgICAgIndoZW4iOiAidGVhcmRvd24iLAogICAgICAgICJvdXRjb21lIjogInBhc3NlZCIKICAgICAgfQogICAgXSwKICAgICJ0ZXN0cy90ZXN0X3NwcmludDN5X2NyZWRlbnRpYWxfYXV0aG9yaXR5LnB5Ojp0ZXN0X2lzc3VlX2NyZWF0ZXNfZWxpZ2libGVfY3JlZGVudGlhbF9hbmRfaW1tdXRhYmxlX2xpbmVhZ2VfZmFjdCI6IFsKICAgICAgewogICAgICAgICJ3
2026-09-10T08:11:31.6904864Z GO_EVIDENCE_B64 aGVuIjogInNldHVwIiwKICAgICAgICAib3V0Y29tZSI6ICJwYXNzZWQiCiAgICAgIH0sCiAgICAgIHsKICAgICAgICAid2hlbiI6ICJjYWxsIiwKICAgICAgICAib3V0Y29tZSI6ICJwYXNzZWQiCiAgICAgIH0sCiAgICAgIHsKICAgICAgICAid2hlbiI6ICJ0ZWFyZG93biIsCiAgICAgICAgIm91dGNvbWUiOiAicGFzc2VkIgogICAgICB9CiAgICBdLAogICAgInRlc3RzL3Rlc3Rfc3ByaW50M3lfY3JlZGVudGlhbF9hdXRob3JpdHkucHk6OnRlc3RfYWN0aXZlXzN5X3BvbGljeV9nYXRlc190ZWxlbWV0cnlfcXVvcnVtX3VudGls
2026-09-10T08:11:31.6911732Z GO_EVIDENCE_B64 X2JvdGhfaWRlbnRpdGllc19oYXZlX2NyZWRlbnRpYWxzIjogWwogICAgICB7CiAgICAgICAgIndoZW4iOiAic2V0dXAiLAogICAgICAgICJvdXRjb21lIjogInBhc3NlZCIKICAgICAgfSwKICAgICAgewogICAgICAgICJ3aGVuIjogImNhbGwiLAogICAgICAgICJvdXRjb21lIjogInBhc3NlZCIKICAgICAgfSwKICAgICAgewogICAgICAgICJ3aGVuIjogInRlYXJkb3duIiwKICAgICAgICAib3V0Y29tZSI6ICJwYXNzZWQiCiAgICAgIH0KICAgIF0sCiAgICAidGVzdHMvdGVzdF9zcHJpbnQzeV9jcmVkZW50aWFsX2F1dGhvcml0
2026-09-10T08:11:31.6918607Z GO_EVIDENCE_B64 eS5weTo6dGVzdF9yZXZvY2F0aW9uX3N5bmNfcmVtb3Zlc19leGlzdGluZ19jcmVkZW50aWFsX2Zyb21fYXV0b21hdGlvbl9lbGlnaWJpbGl0eSI6IFsKICAgICAgewogICAgICAgICJ3aGVuIjogInNldHVwIiwKICAgICAgICAib3V0Y29tZSI6ICJwYXNzZWQiCiAgICAgIH0sCiAgICAgIHsKICAgICAgICAid2hlbiI6ICJjYWxsIiwKICAgICAgICAib3V0Y29tZSI6ICJwYXNzZWQiCiAgICAgIH0sCiAgICAgIHsKICAgICAgICAid2hlbiI6ICJ0ZWFyZG93biIsCiAgICAgICAgIm91dGNvbWUiOiAicGFzc2VkIgogICAgICB9CiAg
2026-09-10T08:11:31.6925530Z GO_EVIDENCE_B64 ICBdLAogICAgInRlc3RzL3Rlc3Rfc3ByaW50M3lfY3JlZGVudGlhbF9hdXRob3JpdHkucHk6OnRlc3RfcmV2b2tpbmdfYXV0aG9yaXR5X3Byb3BhZ2F0ZXNfdG9fYWxsX2lzc3VlZF9jcmVkZW50aWFscyI6IFsKICAgICAgewogICAgICAgICJ3aGVuIjogInNldHVwIiwKICAgICAgICAib3V0Y29tZSI6ICJwYXNzZWQiCiAgICAgIH0sCiAgICAgIHsKICAgICAgICAid2hlbiI6ICJjYWxsIiwKICAgICAgICAib3V0Y29tZSI6ICJwYXNzZWQiCiAgICAgIH0sCiAgICAgIHsKICAgICAgICAid2hlbiI6ICJ0ZWFyZG93biIsCiAgICAg
2026-09-10T08:11:31.6932222Z GO_EVIDENCE_B64 ICAgIm91dGNvbWUiOiAicGFzc2VkIgogICAgICB9CiAgICBdLAogICAgInRlc3RzL3Rlc3Rfc3ByaW50M3lfY3JlZGVudGlhbF9hdXRob3JpdHkucHk6OnRlc3RfZmFpbGVkX3ZlcmlmaWVyX3JlamVjdHNfaXNzdWFuY2VfYW5kX2Nhbm5vdF9iZV9pc3N1ZWQiOiBbCiAgICAgIHsKICAgICAgICAid2hlbiI6ICJzZXR1cCIsCiAgICAgICAgIm91dGNvbWUiOiAicGFzc2VkIgogICAgICB9LAogICAgICB7CiAgICAgICAgIndoZW4iOiAiY2FsbCIsCiAgICAgICAgIm91dGNvbWUiOiAicGFzc2VkIgogICAgICB9LAogICAgICB7CiAg
2026-09-10T08:11:31.6939029Z GO_EVIDENCE_B64 ICAgICAgIndoZW4iOiAidGVhcmRvd24iLAogICAgICAgICJvdXRjb21lIjogInBhc3NlZCIKICAgICAgfQogICAgXSwKICAgICJ0ZXN0cy90ZXN0X3NwcmludDN5X2NyZWRlbnRpYWxfYXV0aG9yaXR5LnB5Ojp0ZXN0X3N0YXR1c19leHBvc2VzX3Jvb3RfaXNzdWVyX3BvbGljeV9jcmVkZW50aWFsc19hbmRfcmV2b2NhdGlvbl9zeW5jIjogWwogICAgICB7CiAgICAgICAgIndoZW4iOiAic2V0dXAiLAogICAgICAgICJvdXRjb21lIjogInBhc3NlZCIKICAgICAgfSwKICAgICAgewogICAgICAgICJ3aGVuIjogImNhbGwiLAogICAg
2026-09-10T08:11:31.6945850Z GO_EVIDENCE_B64 ICAgICJvdXRjb21lIjogInBhc3NlZCIKICAgICAgfSwKICAgICAgewogICAgICAgICJ3aGVuIjogInRlYXJkb3duIiwKICAgICAgICAib3V0Y29tZSI6ICJwYXNzZWQiCiAgICAgIH0KICAgIF0sCiAgICAidGVzdHMvdGVzdF9zcHJpbnQ0Yl90cmFuc3BhcmVuY3lfZ29zc2lwLnB5Ojp0ZXN0X2NvbnNpc3RlbmN5X3Byb29mX3ZlcmlmaWVzX2FwcGVuZF9vbmx5X2V4dGVuc2lvbiI6IFsKICAgICAgewogICAgICAgICJ3aGVuIjogInNldHVwIiwKICAgICAgICAib3V0Y29tZSI6ICJwYXNzZWQiCiAgICAgIH0sCiAgICAgIHsKICAg
2026-09-10T08:11:31.6952741Z GO_EVIDENCE_B64 ICAgICAid2hlbiI6ICJjYWxsIiwKICAgICAgICAib3V0Y29tZSI6ICJwYXNzZWQiCiAgICAgIH0sCiAgICAgIHsKICAgICAgICAid2hlbiI6ICJ0ZWFyZG93biIsCiAgICAgICAgIm91dGNvbWUiOiAicGFzc2VkIgogICAgICB9CiAgICBdLAogICAgInRlc3RzL3Rlc3Rfc3ByaW50NGJfdHJhbnNwYXJlbmN5X2dvc3NpcC5weTo6dGVzdF93aXRuZXNzX2ZlZGVyYXRpb25fcmVxdWlyZXNfdmFsaWRfcXVvcnVtIjogWwogICAgICB7CiAgICAgICAgIndoZW4iOiAic2V0dXAiLAogICAgICAgICJvdXRjb21lIjogInBhc3NlZCIKICAg
2026-09-10T08:11:31.6959649Z GO_EVIDENCE_B64 ICAgfSwKICAgICAgewogICAgICAgICJ3aGVuIjogImNhbGwiLAogICAgICAgICJvdXRjb21lIjogInBhc3NlZCIKICAgICAgfSwKICAgICAgewogICAgICAgICJ3aGVuIjogInRlYXJkb3duIiwKICAgICAgICAib3V0Y29tZSI6ICJwYXNzZWQiCiAgICAgIH0KICAgIF0sCiAgICAidGVzdHMvdGVzdF9zcHJpbnQ0Yl90cmFuc3BhcmVuY3lfZ29zc2lwLnB5Ojp0ZXN0X2dvc3NpcF9zYW1lX2NoZWNrcG9pbnRfZG9lc19ub3Rfb3Blbl9pbmNpZGVudCI6IFsKICAgICAgewogICAgICAgICJ3aGVuIjogInNldHVwIiwKICAgICAgICAi
2026-09-10T08:11:31.6966549Z GO_EVIDENCE_B64 b3V0Y29tZSI6ICJwYXNzZWQiCiAgICAgIH0sCiAgICAgIHsKICAgICAgICAid2hlbiI6ICJjYWxsIiwKICAgICAgICAib3V0Y29tZSI6ICJwYXNzZWQiCiAgICAgIH0sCiAgICAgIHsKICAgICAgICAid2hlbiI6ICJ0ZWFyZG93biIsCiAgICAgICAgIm91dGNvbWUiOiAicGFzc2VkIgogICAgICB9CiAgICBdLAogICAgInRlc3RzL3Rlc3Rfc3ByaW50NGJfdHJhbnNwYXJlbmN5X2dvc3NpcC5weTo6dGVzdF9nb3NzaXBfY29uZmxpY3Rfb3BlbnNfc2V2MV9pbmNpZGVudF9hbmRfaXNvbGF0ZXNfcmVnaW9ucyI6IFsKICAgICAgewog
2026-09-10T08:11:31.6973336Z GO_EVIDENCE_B64 ICAgICAgICJ3aGVuIjogInNldHVwIiwKICAgICAgICAib3V0Y29tZSI6ICJwYXNzZWQiCiAgICAgIH0sCiAgICAgIHsKICAgICAgICAid2hlbiI6ICJjYWxsIiwKICAgICAgICAib3V0Y29tZSI6ICJwYXNzZWQiCiAgICAgIH0sCiAgICAgIHsKICAgICAgICAid2hlbiI6ICJ0ZWFyZG93biIsCiAgICAgICAgIm91dGNvbWUiOiAicGFzc2VkIgogICAgICB9CiAgICBdLAogICAgInRlc3RzL3Rlc3Rfc3ByaW50NGJfdHJhbnNwYXJlbmN5X2dvc3NpcC5weTo6dGVzdF9pc29sYXRlZF9yZWdpb25fZm9yY2VzXzRhX2FkbWlzc2lvbl9m
2026-09-10T08:11:31.6980301Z GO_EVIDENCE_B64 YWlsX3NhZmUiOiBbCiAgICAgIHsKICAgICAgICAid2hlbiI6ICJzZXR1cCIsCiAgICAgICAgIm91dGNvbWUiOiAicGFzc2VkIgogICAgICB9LAogICAgICB7CiAgICAgICAgIndoZW4iOiAiY2FsbCIsCiAgICAgICAgIm91dGNvbWUiOiAicGFzc2VkIgogICAgICB9LAogICAgICB7CiAgICAgICAgIndoZW4iOiAidGVhcmRvd24iLAogICAgICAgICJvdXRjb21lIjogInBhc3NlZCIKICAgICAgfQogICAgXSwKICAgICJ0ZXN0cy90ZXN0X3NwcmludDRiX3RyYW5zcGFyZW5jeV9nb3NzaXAucHk6OnRlc3RfcmVjb3ZlcnlfcmVxdWly
2026-09-10T08:11:31.6987399Z GO_EVIDENCE_B64 ZXNfdmVyaWZpZWRfY29uc2lzdGVuY3lfYW5kX3dpdG5lc3NfZmVkZXJhdGlvbl9xdW9ydW0iOiBbCiAgICAgIHsKICAgICAgICAid2hlbiI6ICJzZXR1cCIsCiAgICAgICAgIm91dGNvbWUiOiAicGFzc2VkIgogICAgICB9LAogICAgICB7CiAgICAgICAgIndoZW4iOiAiY2FsbCIsCiAgICAgICAgIm91dGNvbWUiOiAicGFzc2VkIgogICAgICB9LAogICAgICB7CiAgICAgICAgIndoZW4iOiAidGVhcmRvd24iLAogICAgICAgICJvdXRjb21lIjogInBhc3NlZCIKICAgICAgfQogICAgXSwKICAgICJ0ZXN0cy90ZXN0X3NwcmludDRi
2026-09-10T08:11:31.6994295Z GO_EVIDENCE_B64 X3RyYW5zcGFyZW5jeV9nb3NzaXAucHk6OnRlc3RfcmVnaW9uX3Jlam9pbl9yZXF1aXJlc19yZWNvdmVyeV9hbmRfcmVzb2x2ZXNfYWZ0ZXJfYWxsX3JlZ2lvbnNfcmVqb2luIjogWwogICAgICB7CiAgICAgICAgIndoZW4iOiAic2V0dXAiLAogICAgICAgICJvdXRjb21lIjogInBhc3NlZCIKICAgICAgfSwKICAgICAgewogICAgICAgICJ3aGVuIjogImNhbGwiLAogICAgICAgICJvdXRjb21lIjogInBhc3NlZCIKICAgICAgfSwKICAgICAgewogICAgICAgICJ3aGVuIjogInRlYXJkb3duIiwKICAgICAgICAib3V0Y29tZSI6ICJw
2026-09-10T08:11:31.7001000Z GO_EVIDENCE_B64 YXNzZWQiCiAgICAgIH0KICAgIF0sCiAgICAidGVzdHMvdGVzdF9zcHJpbnQ0Yl90cmFuc3BhcmVuY3lfZ29zc2lwLnB5Ojp0ZXN0X3B1YmxpY19jb25zaXN0ZW5jeV9wcm9vZl9pc19hbm9ueW1vdXMiOiBbCiAgICAgIHsKICAgICAgICAid2hlbiI6ICJzZXR1cCIsCiAgICAgICAgIm91dGNvbWUiOiAicGFzc2VkIgogICAgICB9LAogICAgICB7CiAgICAgICAgIndoZW4iOiAiY2FsbCIsCiAgICAgICAgIm91dGNvbWUiOiAicGFzc2VkIgogICAgICB9LAogICAgICB7CiAgICAgICAgIndoZW4iOiAidGVhcmRvd24iLAogICAgICAg
2026-09-10T08:11:31.7007764Z GO_EVIDENCE_B64 ICJvdXRjb21lIjogInBhc3NlZCIKICAgICAgfQogICAgXSwKICAgICJ0ZXN0cy90ZXN0X3NwcmludDRlX2NvbnRpbnVvdXNfY2hhb3Nfd2FpdmVyLnB5Ojp0ZXN0X3NjaGVkdWxlcl9ydW5zX2R1ZV9jYW1wYWlnbl9hbmRfYWR2YW5jZXNfbmV4dF9ydW4iOiBbCiAgICAgIHsKICAgICAgICAid2hlbiI6ICJzZXR1cCIsCiAgICAgICAgIm91dGNvbWUiOiAicGFzc2VkIgogICAgICB9LAogICAgICB7CiAgICAgICAgIndoZW4iOiAiY2FsbCIsCiAgICAgICAgIm91dGNvbWUiOiAicGFzc2VkIgogICAgICB9LAogICAgICB7CiAgICAg
2026-09-10T08:11:31.7014694Z GO_EVIDENCE_B64 ICAgIndoZW4iOiAidGVhcmRvd24iLAogICAgICAgICJvdXRjb21lIjogInBhc3NlZCIKICAgICAgfQogICAgXSwKICAgICJ0ZXN0cy90ZXN0X3NwcmludDRlX2NvbnRpbnVvdXNfY2hhb3Nfd2FpdmVyLnB5Ojp0ZXN0X3JlYWRpbmVzc190cmVuZF9kZXRlY3RzX3J0b19yZWdyZXNzaW9uIjogWwogICAgICB7CiAgICAgICAgIndoZW4iOiAic2V0dXAiLAogICAgICAgICJvdXRjb21lIjogInBhc3NlZCIKICAgICAgfSwKICAgICAgewogICAgICAgICJ3aGVuIjogImNhbGwiLAogICAgICAgICJvdXRjb21lIjogInBhc3NlZCIKICAg
2026-09-10T08:11:31.7021421Z GO_EVIDENCE_B64 ICAgfSwKICAgICAgewogICAgICAgICJ3aGVuIjogInRlYXJkb3duIiwKICAgICAgICAib3V0Y29tZSI6ICJwYXNzZWQiCiAgICAgIH0KICAgIF0sCiAgICAidGVzdHMvdGVzdF9zcHJpbnQ0ZV9jb250aW51b3VzX2NoYW9zX3dhaXZlci5weTo6dGVzdF9ldmlkZW5jZV9hZ2luZ19tYXJrc190cmVuZF9yZWdyZXNzZWQiOiBbCiAgICAgIHsKICAgICAgICAid2hlbiI6ICJzZXR1cCIsCiAgICAgICAgIm91dGNvbWUiOiAicGFzc2VkIgogICAgICB9LAogICAgICB7CiAgICAgICAgIndoZW4iOiAiY2FsbCIsCiAgICAgICAgIm91dGNv
2026-09-10T08:11:31.7028304Z GO_EVIDENCE_B64 bWUiOiAicGFzc2VkIgogICAgICB9LAogICAgICB7CiAgICAgICAgIndoZW4iOiAidGVhcmRvd24iLAogICAgICAgICJvdXRjb21lIjogInBhc3NlZCIKICAgICAgfQogICAgXSwKICAgICJ0ZXN0cy90ZXN0X3NwcmludDRlX2NvbnRpbnVvdXNfY2hhb3Nfd2FpdmVyLnB5Ojp0ZXN0X3dhaXZlcl9yZXF1aXJlc190d29fZGlzdGluY3RfYXBwcm92ZXJzX2FuZF9yZXF1ZXN0ZXJfY2Fubm90X2FwcHJvdmUiOiBbCiAgICAgIHsKICAgICAgICAid2hlbiI6ICJzZXR1cCIsCiAgICAgICAgIm91dGNvbWUiOiAicGFzc2VkIgogICAgICB9
2026-09-10T08:11:31.7035203Z GO_EVIDENCE_B64 LAogICAgICB7CiAgICAgICAgIndoZW4iOiAiY2FsbCIsCiAgICAgICAgIm91dGNvbWUiOiAicGFzc2VkIgogICAgICB9LAogICAgICB7CiAgICAgICAgIndoZW4iOiAidGVhcmRvd24iLAogICAgICAgICJvdXRjb21lIjogInBhc3NlZCIKICAgICAgfQogICAgXSwKICAgICJ0ZXN0cy90ZXN0X3NwcmludDRlX2NvbnRpbnVvdXNfY2hhb3Nfd2FpdmVyLnB5Ojp0ZXN0X3dhaXZlcl9hdXRvX2V4cGlyZXNfYW5kX2Nhbm5vdF9hdXRob3JpemVfcmVsZWFzZSI6IFsKICAgICAgewogICAgICAgICJ3aGVuIjogInNldHVwIiwKICAgICAg
2026-09-10T08:11:31.7042030Z GO_EVIDENCE_B64 ICAib3V0Y29tZSI6ICJwYXNzZWQiCiAgICAgIH0sCiAgICAgIHsKICAgICAgICAid2hlbiI6ICJjYWxsIiwKICAgICAgICAib3V0Y29tZSI6ICJwYXNzZWQiCiAgICAgIH0sCiAgICAgIHsKICAgICAgICAid2hlbiI6ICJ0ZWFyZG93biIsCiAgICAgICAgIm91dGNvbWUiOiAicGFzc2VkIgogICAgICB9CiAgICBdLAogICAgInRlc3RzL3Rlc3Rfc3ByaW50NGVfY29udGludW91c19jaGFvc193YWl2ZXIucHk6OnRlc3RfdmFsaWRfZ2F0ZV9hdXRob3JpemVzX3dpdGhvdXRfd2FpdmVyX2FuZF9yZWNvcmRzX2hpc3RvcnkiOiBbCiAg
2026-09-10T08:11:31.7049125Z GO_EVIDENCE_B64 ICAgIHsKICAgICAgICAid2hlbiI6ICJzZXR1cCIsCiAgICAgICAgIm91dGNvbWUiOiAicGFzc2VkIgogICAgICB9LAogICAgICB7CiAgICAgICAgIndoZW4iOiAiY2FsbCIsCiAgICAgICAgIm91dGNvbWUiOiAicGFzc2VkIgogICAgICB9LAogICAgICB7CiAgICAgICAgIndoZW4iOiAidGVhcmRvd24iLAogICAgICAgICJvdXRjb21lIjogInBhc3NlZCIKICAgICAgfQogICAgXSwKICAgICJ0ZXN0cy90ZXN0X3NwcmludDRlX2NvbnRpbnVvdXNfY2hhb3Nfd2FpdmVyLnB5Ojp0ZXN0X2Jsb2NrZWRfZ2F0ZV9jYW5fb25seV9iZV9i
2026-09-10T08:11:31.7056091Z GO_EVIDENCE_B64 eXBhc3NlZF9ieV9hY3RpdmVfYXBwcm92ZWRfd2FpdmVyIjogWwogICAgICB7CiAgICAgICAgIndoZW4iOiAic2V0dXAiLAogICAgICAgICJvdXRjb21lIjogInBhc3NlZCIKICAgICAgfSwKICAgICAgewogICAgICAgICJ3aGVuIjogImNhbGwiLAogICAgICAgICJvdXRjb21lIjogInBhc3NlZCIKICAgICAgfSwKICAgICAgewogICAgICAgICJ3aGVuIjogInRlYXJkb3duIiwKICAgICAgICAib3V0Y29tZSI6ICJwYXNzZWQiCiAgICAgIH0KICAgIF0sCiAgICAidGVzdHMvdGVzdF9zcHJpbnQ0ZV9jb250aW51b3VzX2NoYW9zX3dh
2026-09-10T08:11:31.7062875Z GO_EVIDENCE_B64 aXZlci5weTo6dGVzdF93YWl2ZXJfd2luZG93X2lzX2hhcmRfYm91bmRlZF9hbmRfc3VwcGxpZXJfZmFjdF91bmNoYW5nZWQiOiBbCiAgICAgIHsKICAgICAgICAid2hlbiI6ICJzZXR1cCIsCiAgICAgICAgIm91dGNvbWUiOiAicGFzc2VkIgogICAgICB9LAogICAgICB7CiAgICAgICAgIndoZW4iOiAiY2FsbCIsCiAgICAgICAgIm91dGNvbWUiOiAicGFzc2VkIgogICAgICB9LAogICAgICB7CiAgICAgICAgIndoZW4iOiAidGVhcmRvd24iLAogICAgICAgICJvdXRjb21lIjogInBhc3NlZCIKICAgICAgfQogICAgXSwKICAgICJ0
2026-09-10T08:11:31.7069667Z GO_EVIDENCE_B64 ZXN0cy90ZXN0X3NwcmludDRpX2VudGVycHJpc2Vfcmlza19hcHBldGl0ZS5weTo6dGVzdF9yaXNrX2FwcGV0aXRlX3JlcXVpcmVzX3R3b19kaXN0aW5jdF9ib2FyZF9hcHByb3ZlcnMiOiBbCiAgICAgIHsKICAgICAgICAid2hlbiI6ICJzZXR1cCIsCiAgICAgICAgIm91dGNvbWUiOiAicGFzc2VkIgogICAgICB9LAogICAgICB7CiAgICAgICAgIndoZW4iOiAiY2FsbCIsCiAgICAgICAgIm91dGNvbWUiOiAicGFzc2VkIgogICAgICB9LAogICAgICB7CiAgICAgICAgIndoZW4iOiAidGVhcmRvd24iLAogICAgICAgICJvdXRjb21l
2026-09-10T08:11:31.7076647Z GO_EVIDENCE_B64 IjogInBhc3NlZCIKICAgICAgfQogICAgXSwKICAgICJ0ZXN0cy90ZXN0X3NwcmludDRpX2VudGVycHJpc2Vfcmlza19hcHBldGl0ZS5weTo6dGVzdF9jdXJyZW50X3BvcnRmb2xpb19jYW5fcGFzc193aGlsZV9zdHJlc3NfYnJlYWNoZXNfYXBwZXRpdGVfYW5kX2ZyZWV6ZXMiOiBbCiAgICAgIHsKICAgICAgICAid2hlbiI6ICJzZXR1cCIsCiAgICAgICAgIm91dGNvbWUiOiAicGFzc2VkIgogICAgICB9LAogICAgICB7CiAgICAgICAgIndoZW4iOiAiY2FsbCIsCiAgICAgICAgIm91dGNvbWUiOiAicGFzc2VkIgogICAgICB9LAog
2026-09-10T08:11:31.7083404Z GO_EVIDENCE_B64 ICAgICB7CiAgICAgICAgIndoZW4iOiAidGVhcmRvd24iLAogICAgICAgICJvdXRjb21lIjogInBhc3NlZCIKICAgICAgfQogICAgXSwKICAgICJ0ZXN0cy90ZXN0X3NwcmludDRpX2VudGVycHJpc2Vfcmlza19hcHBldGl0ZS5weTo6dGVzdF9oZWFkcm9vbV9idWZmZXJfYW5kX3NlbnNpdGl2aXR5X2FyZV9leHBsaWNpdCI6IFsKICAgICAgewogICAgICAgICJ3aGVuIjogInNldHVwIiwKICAgICAgICAib3V0Y29tZSI6ICJwYXNzZWQiCiAgICAgIH0sCiAgICAgIHsKICAgICAgICAid2hlbiI6ICJjYWxsIiwKICAgICAgICAib3V0
2026-09-10T08:11:31.7090294Z GO_EVIDENCE_B64 Y29tZSI6ICJwYXNzZWQiCiAgICAgIH0sCiAgICAgIHsKICAgICAgICAid2hlbiI6ICJ0ZWFyZG93biIsCiAgICAgICAgIm91dGNvbWUiOiAicGFzc2VkIgogICAgICB9CiAgICBdLAogICAgInRlc3RzL3Rlc3Rfc3ByaW50NGlfZW50ZXJwcmlzZV9yaXNrX2FwcGV0aXRlLnB5Ojp0ZXN0X2NvcnJlbGF0aW9uX2FtcGxpZmllcl9pbmNyZWFzZXNfc3RyZXNzZWRfZXhwb3N1cmUiOiBbCiAgICAgIHsKICAgICAgICAid2hlbiI6ICJzZXR1cCIsCiAgICAgICAgIm91dGNvbWUiOiAicGFzc2VkIgogICAgICB9LAogICAgICB7CiAgICAg
2026-09-10T08:11:31.7097221Z GO_EVIDENCE_B64 ICAgIndoZW4iOiAiY2FsbCIsCiAgICAgICAgIm91dGNvbWUiOiAicGFzc2VkIgogICAgICB9LAogICAgICB7CiAgICAgICAgIndoZW4iOiAidGVhcmRvd24iLAogICAgICAgICJvdXRjb21lIjogInBhc3NlZCIKICAgICAgfQogICAgXSwKICAgICJ0ZXN0cy90ZXN0X3NwcmludDRpX2VudGVycHJpc2Vfcmlza19hcHBldGl0ZS5weTo6dGVzdF9zdHJlc3NfZnJlZXplX2Jsb2Nrc19uZXdfd2FpdmVyX2FuZF9uZXdfZXhlY3V0aXZlX2FjY2VwdGFuY2UiOiBbCiAgICAgIHsKICAgICAgICAid2hlbiI6ICJzZXR1cCIsCiAgICAgICAg
2026-09-10T08:11:31.7104090Z GO_EVIDENCE_B64 Im91dGNvbWUiOiAicGFzc2VkIgogICAgICB9LAogICAgICB7CiAgICAgICAgIndoZW4iOiAiY2FsbCIsCiAgICAgICAgIm91dGNvbWUiOiAicGFzc2VkIgogICAgICB9LAogICAgICB7CiAgICAgICAgIndoZW4iOiAidGVhcmRvd24iLAogICAgICAgICJvdXRjb21lIjogInBhc3NlZCIKICAgICAgfQogICAgXSwKICAgICJ0ZXN0cy90ZXN0X3NwcmludDRpX2VudGVycHJpc2Vfcmlza19hcHBldGl0ZS5weTo6dGVzdF80Z19yZXNpZHVhbF9yaXNrX3JlbGVhc2VfaXNfYmxvY2tlZF9ieV9hY3RpdmVfc3RyZXNzX2ZyZWV6ZSI6IFsK
2026-09-10T08:11:31.7111036Z GO_EVIDENCE_B64 ICAgICAgewogICAgICAgICJ3aGVuIjogInNldHVwIiwKICAgICAgICAib3V0Y29tZSI6ICJwYXNzZWQiCiAgICAgIH0sCiAgICAgIHsKICAgICAgICAid2hlbiI6ICJjYWxsIiwKICAgICAgICAib3V0Y29tZSI6ICJwYXNzZWQiCiAgICAgIH0sCiAgICAgIHsKICAgICAgICAid2hlbiI6ICJ0ZWFyZG93biIsCiAgICAgICAgIm91dGNvbWUiOiAicGFzc2VkIgogICAgICB9CiAgICBdLAogICAgInRlc3RzL3Rlc3Rfc3ByaW50NGlfZW50ZXJwcmlzZV9yaXNrX2FwcGV0aXRlLnB5Ojp0ZXN0X2ZyZWV6ZV9yZWxlYXNlX3JlcXVpcmVz
2026-09-10T08:11:31.7118066Z GO_EVIDENCE_B64 X2xhdGVzdF9ub25fYnJlYWNoX3N0cmVzc19hc3Nlc3NtZW50X2FuZF9ldmlkZW5jZSI6IFsKICAgICAgewogICAgICAgICJ3aGVuIjogInNldHVwIiwKICAgICAgICAib3V0Y29tZSI6ICJwYXNzZWQiCiAgICAgIH0sCiAgICAgIHsKICAgICAgICAid2hlbiI6ICJjYWxsIiwKICAgICAgICAib3V0Y29tZSI6ICJwYXNzZWQiCiAgICAgIH0sCiAgICAgIHsKICAgICAgICAid2hlbiI6ICJ0ZWFyZG93biIsCiAgICAgICAgIm91dGNvbWUiOiAicGFzc2VkIgogICAgICB9CiAgICBdLAogICAgInRlc3RzL3Rlc3Rfc3ByaW50NGlfZW50
2026-09-10T08:11:31.7124855Z GO_EVIDENCE_B64 ZXJwcmlzZV9yaXNrX2FwcGV0aXRlLnB5Ojp0ZXN0X3N0cmVzc19hc3Nlc3NtZW50X25ldmVyX2NoYW5nZXNfc3VwcGxpZXJfZmFjdCI6IFsKICAgICAgewogICAgICAgICJ3aGVuIjogInNldHVwIiwKICAgICAgICAib3V0Y29tZSI6ICJwYXNzZWQiCiAgICAgIH0sCiAgICAgIHsKICAgICAgICAid2hlbiI6ICJjYWxsIiwKICAgICAgICAib3V0Y29tZSI6ICJwYXNzZWQiCiAgICAgIH0sCiAgICAgIHsKICAgICAgICAid2hlbiI6ICJ0ZWFyZG93biIsCiAgICAgICAgIm91dGNvbWUiOiAicGFzc2VkIgogICAgICB9CiAgICBdLAog
2026-09-10T08:11:31.7131535Z GO_EVIDENCE_B64 ICAgInRlc3RzL3Rlc3Rfc3ByaW50NG5fZm9yZWNhc3RfZHJpZnRfZ292ZXJuYW5jZS5weTo6dGVzdF9wb2xpY3lfbWFrZXJfY2hlY2tlciI6IFsKICAgICAgewogICAgICAgICJ3aGVuIjogInNldHVwIiwKICAgICAgICAib3V0Y29tZSI6ICJwYXNzZWQiCiAgICAgIH0sCiAgICAgIHsKICAgICAgICAid2hlbiI6ICJjYWxsIiwKICAgICAgICAib3V0Y29tZSI6ICJwYXNzZWQiCiAgICAgIH0sCiAgICAgIHsKICAgICAgICAid2hlbiI6ICJ0ZWFyZG93biIsCiAgICAgICAgIm91dGNvbWUiOiAicGFzc2VkIgogICAgICB9CiAgICBd
2026-09-10T08:11:31.7138296Z GO_EVIDENCE_B64 LAogICAgInRlc3RzL3Rlc3Rfc3ByaW50NG5fZm9yZWNhc3RfZHJpZnRfZ292ZXJuYW5jZS5weTo6dGVzdF9pbnN1ZmZpY2llbnRfc2FtcGxlX2RvZXNfbm90X3RyaWdnZXJfcmVmcmVzaCI6IFsKICAgICAgewogICAgICAgICJ3aGVuIjogInNldHVwIiwKICAgICAgICAib3V0Y29tZSI6ICJwYXNzZWQiCiAgICAgIH0sCiAgICAgIHsKICAgICAgICAid2hlbiI6ICJjYWxsIiwKICAgICAgICAib3V0Y29tZSI6ICJwYXNzZWQiCiAgICAgIH0sCiAgICAgIHsKICAgICAgICAid2hlbiI6ICJ0ZWFyZG93biIsCiAgICAgICAgIm91dGNv
2026-09-10T08:11:31.7145189Z GO_EVIDENCE_B64 bWUiOiAicGFzc2VkIgogICAgICB9CiAgICBdLAogICAgInRlc3RzL3Rlc3Rfc3ByaW50NG5fZm9yZWNhc3RfZHJpZnRfZ292ZXJuYW5jZS5weTo6dGVzdF9wb3B1bGF0aW9uX2FuZF9zZWdtZW50X2RyaWZ0X2RldGVjdGVkIjogWwogICAgICB7CiAgICAgICAgIndoZW4iOiAic2V0dXAiLAogICAgICAgICJvdXRjb21lIjogInBhc3NlZCIKICAgICAgfSwKICAgICAgewogICAgICAgICJ3aGVuIjogImNhbGwiLAogICAgICAgICJvdXRjb21lIjogInBhc3NlZCIKICAgICAgfSwKICAgICAgewogICAgICAgICJ3aGVuIjogInRlYXJk
2026-09-10T08:11:31.7151960Z GO_EVIDENCE_B64 b3duIiwKICAgICAgICAib3V0Y29tZSI6ICJwYXNzZWQiCiAgICAgIH0KICAgIF0sCiAgICAidGVzdHMvdGVzdF9zcHJpbnQ0bl9mb3JlY2FzdF9kcmlmdF9nb3Zlcm5hbmNlLnB5Ojp0ZXN0X3Jlc2lkdWFsX2RyaWZ0X2RldGVjdGVkIjogWwogICAgICB7CiAgICAgICAgIndoZW4iOiAic2V0dXAiLAogICAgICAgICJvdXRjb21lIjogInBhc3NlZCIKICAgICAgfSwKICAgICAgewogICAgICAgICJ3aGVuIjogImNhbGwiLAogICAgICAgICJvdXRjb21lIjogInBhc3NlZCIKICAgICAgfSwKICAgICAgewogICAgICAgICJ3aGVuIjog
2026-09-10T08:11:31.7158841Z GO_EVIDENCE_B64 InRlYXJkb3duIiwKICAgICAgICAib3V0Y29tZSI6ICJwYXNzZWQiCiAgICAgIH0KICAgIF0sCiAgICAidGVzdHMvdGVzdF9zcHJpbnQ0bl9mb3JlY2FzdF9kcmlmdF9nb3Zlcm5hbmNlLnB5Ojp0ZXN0X2NvbnNlY3V0aXZlX2JyZWFjaGVzX3JlcXVpcmVkX2JlZm9yZV9yZXRyYWluaW5nIjogWwogICAgICB7CiAgICAgICAgIndoZW4iOiAic2V0dXAiLAogICAgICAgICJvdXRjb21lIjogInBhc3NlZCIKICAgICAgfSwKICAgICAgewogICAgICAgICJ3aGVuIjogImNhbGwiLAogICAgICAgICJvdXRjb21lIjogInBhc3NlZCIKICAg
2026-09-10T08:11:31.7165714Z GO_EVIDENCE_B64 ICAgfSwKICAgICAgewogICAgICAgICJ3aGVuIjogInRlYXJkb3duIiwKICAgICAgICAib3V0Y29tZSI6ICJwYXNzZWQiCiAgICAgIH0KICAgIF0sCiAgICAidGVzdHMvdGVzdF9zcHJpbnQ0bl9mb3JlY2FzdF9kcmlmdF9nb3Zlcm5hbmNlLnB5Ojp0ZXN0X2F1dG9fZ2VuZXJhdGVkX2NhbmRpZGF0ZV9pc19jaGFsbGVuZ2VyX25vdF9jaGFtcGlvbiI6IFsKICAgICAgewogICAgICAgICJ3aGVuIjogInNldHVwIiwKICAgICAgICAib3V0Y29tZSI6ICJwYXNzZWQiCiAgICAgIH0sCiAgICAgIHsKICAgICAgICAid2hlbiI6ICJjYWxs
2026-09-10T08:11:31.7172436Z GO_EVIDENCE_B64 IiwKICAgICAgICAib3V0Y29tZSI6ICJwYXNzZWQiCiAgICAgIH0sCiAgICAgIHsKICAgICAgICAid2hlbiI6ICJ0ZWFyZG93biIsCiAgICAgICAgIm91dGNvbWUiOiAicGFzc2VkIgogICAgICB9CiAgICBdLAogICAgInRlc3RzL3Rlc3Rfc3ByaW50NG5fZm9yZWNhc3RfZHJpZnRfZ292ZXJuYW5jZS5weTo6dGVzdF9yZWZyZXNoX3BpcGVsaW5lX3BvaW50c190b180bF80bV9nb3Zlcm5hbmNlIjogWwogICAgICB7CiAgICAgICAgIndoZW4iOiAic2V0dXAiLAogICAgICAgICJvdXRjb21lIjogInBhc3NlZCIKICAgICAgfSwKICAg
2026-09-10T08:11:31.7179480Z GO_EVIDENCE_B64 ICAgewogICAgICAgICJ3aGVuIjogImNhbGwiLAogICAgICAgICJvdXRjb21lIjogInBhc3NlZCIKICAgICAgfSwKICAgICAgewogICAgICAgICJ3aGVuIjogInRlYXJkb3duIiwKICAgICAgICAib3V0Y29tZSI6ICJwYXNzZWQiCiAgICAgIH0KICAgIF0sCiAgICAidGVzdHMvdGVzdF9zcHJpbnQ0bl9mb3JlY2FzdF9kcmlmdF9nb3Zlcm5hbmNlLnB5Ojp0ZXN0X3N1cHBsaWVyX2ZhY3RfYm91bmRhcnkiOiBbCiAgICAgIHsKICAgICAgICAid2hlbiI6ICJzZXR1cCIsCiAgICAgICAgIm91dGNvbWUiOiAicGFzc2VkIgogICAgICB9
2026-09-10T08:11:31.7186416Z GO_EVIDENCE_B64 LAogICAgICB7CiAgICAgICAgIndoZW4iOiAiY2FsbCIsCiAgICAgICAgIm91dGNvbWUiOiAicGFzc2VkIgogICAgICB9LAogICAgICB7CiAgICAgICAgIndoZW4iOiAidGVhcmRvd24iLAogICAgICAgICJvdXRjb21lIjogInBhc3NlZCIKICAgICAgfQogICAgXSwKICAgICJ0ZXN0cy90ZXN0X3NwcmludDRwX21vZGVsX2FydGlmYWN0X2dvdmVybmFuY2UucHk6OnRlc3RfYXJ0aWZhY3RfcG9saWN5X3JlcXVpcmVzX21ha2VyX2NoZWNrZXIiOiBbCiAgICAgIHsKICAgICAgICAid2hlbiI6ICJzZXR1cCIsCiAgICAgICAgIm91dGNv
2026-09-10T08:11:31.7193272Z GO_EVIDENCE_B64 bWUiOiAicGFzc2VkIgogICAgICB9LAogICAgICB7CiAgICAgICAgIndoZW4iOiAiY2FsbCIsCiAgICAgICAgIm91dGNvbWUiOiAicGFzc2VkIgogICAgICB9LAogICAgICB7CiAgICAgICAgIndoZW4iOiAidGVhcmRvd24iLAogICAgICAgICJvdXRjb21lIjogInBhc3NlZCIKICAgICAgfQogICAgXSwKICAgICJ0ZXN0cy90ZXN0X3NwcmludDRwX21vZGVsX2FydGlmYWN0X2dvdmVybmFuY2UucHk6OnRlc3RfYXJ0aWZhY3RfcmVnaXN0cnlfYmluZHNfcmVwcm9kdWNpYmxlXzRvX2J1aWxkX2FuZF9wYWNrYWdlX2Zvcm1hdCI6IFsK
2026-09-10T08:11:31.7200216Z GO_EVIDENCE_B64 ICAgICAgewogICAgICAgICJ3aGVuIjogInNldHVwIiwKICAgICAgICAib3V0Y29tZSI6ICJwYXNzZWQiCiAgICAgIH0sCiAgICAgIHsKICAgICAgICAid2hlbiI6ICJjYWxsIiwKICAgICAgICAib3V0Y29tZSI6ICJwYXNzZWQiCiAgICAgIH0sCiAgICAgIHsKICAgICAgICAid2hlbiI6ICJ0ZWFyZG93biIsCiAgICAgICAgIm91dGNvbWUiOiAicGFzc2VkIgogICAgICB9CiAgICBdLAogICAgInRlc3RzL3Rlc3Rfc3ByaW50NHBfbW9kZWxfYXJ0aWZhY3RfZ292ZXJuYW5jZS5weTo6dGVzdF9zYm9tX2FuZF9wcm92ZW5hbmNlX2Fy
2026-09-10T08:11:31.7207460Z GO_EVIDENCE_B64 ZV9kaWdlc3RfYm91bmRfdG9fYXJ0aWZhY3QiOiBbCiAgICAgIHsKICAgICAgICAid2hlbiI6ICJzZXR1cCIsCiAgICAgICAgIm91dGNvbWUiOiAicGFzc2VkIgogICAgICB9LAogICAgICB7CiAgICAgICAgIndoZW4iOiAiY2FsbCIsCiAgICAgICAgIm91dGNvbWUiOiAicGFzc2VkIgogICAgICB9LAogICAgICB7CiAgICAgICAgIndoZW4iOiAidGVhcmRvd24iLAogICAgICAgICJvdXRjb21lIjogInBhc3NlZCIKICAgICAgfQogICAgXSwKICAgICJ0ZXN0cy90ZXN0X3NwcmludDRwX21vZGVsX2FydGlmYWN0X2dvdmVybmFuY2Uu
2026-09-10T08:11:31.7214369Z GO_EVIDENCE_B64 cHk6OnRlc3RfaW52YWxpZF9zaWduZWRfYnVpbGRfYXR0ZXN0YXRpb25faXNfcmVqZWN0ZWRfZnJvbV9wcm9tb3Rpb25fYmluZGluZyI6IFsKICAgICAgewogICAgICAgICJ3aGVuIjogInNldHVwIiwKICAgICAgICAib3V0Y29tZSI6ICJwYXNzZWQiCiAgICAgIH0sCiAgICAgIHsKICAgICAgICAid2hlbiI6ICJjYWxsIiwKICAgICAgICAib3V0Y29tZSI6ICJwYXNzZWQiCiAgICAgIH0sCiAgICAgIHsKICAgICAgICAid2hlbiI6ICJ0ZWFyZG93biIsCiAgICAgICAgIm91dGNvbWUiOiAicGFzc2VkIgogICAgICB9CiAgICBdLAog
2026-09-10T08:11:31.7221019Z GO_EVIDENCE_B64 ICAgInRlc3RzL3Rlc3Rfc3ByaW50NHBfbW9kZWxfYXJ0aWZhY3RfZ292ZXJuYW5jZS5weTo6dGVzdF9zaWduZWRfYXR0ZXN0YXRpb25faW50ZWdyaXR5X2FuZF9wcm9tb3Rpb25fYmluZGluZ19mb3JtX3N1cHBseV9jaGFpbiI6IFsKICAgICAgewogICAgICAgICJ3aGVuIjogInNldHVwIiwKICAgICAgICAib3V0Y29tZSI6ICJwYXNzZWQiCiAgICAgIH0sCiAgICAgIHsKICAgICAgICAid2hlbiI6ICJjYWxsIiwKICAgICAgICAib3V0Y29tZSI6ICJwYXNzZWQiCiAgICAgIH0sCiAgICAgIHsKICAgICAgICAid2hlbiI6ICJ0ZWFy
2026-09-10T08:11:31.7227735Z GO_EVIDENCE_B64 ZG93biIsCiAgICAgICAgIm91dGNvbWUiOiAicGFzc2VkIgogICAgICB9CiAgICBdLAogICAgInRlc3RzL3Rlc3Rfc3ByaW50NHBfbW9kZWxfYXJ0aWZhY3RfZ292ZXJuYW5jZS5weTo6dGVzdF90YW1wZXJfZGV0ZWN0aW9uX2ludmFsaWRhdGVzXzRsX2JhY2t0ZXN0X2V2ZW5fYWZ0ZXJfcHJldmlvdXNfcGFzcyI6IFsKICAgICAgewogICAgICAgICJ3aGVuIjogInNldHVwIiwKICAgICAgICAib3V0Y29tZSI6ICJwYXNzZWQiCiAgICAgIH0sCiAgICAgIHsKICAgICAgICAid2hlbiI6ICJjYWxsIiwKICAgICAgICAib3V0Y29tZSI6
2026-09-10T08:11:31.7234525Z GO_EVIDENCE_B64 ICJwYXNzZWQiCiAgICAgIH0sCiAgICAgIHsKICAgICAgICAid2hlbiI6ICJ0ZWFyZG93biIsCiAgICAgICAgIm91dGNvbWUiOiAicGFzc2VkIgogICAgICB9CiAgICBdLAogICAgInRlc3RzL3Rlc3Rfc3ByaW50NHBfbW9kZWxfYXJ0aWZhY3RfZ292ZXJuYW5jZS5weTo6dGVzdF80bF9hbmRfNG1fY2Fubm90X2J5cGFzc19zaWduZWRfYXJ0aWZhY3RfZ2F0ZV93aGVuX3BvbGljeV9hY3RpdmUiOiBbCiAgICAgIHsKICAgICAgICAid2hlbiI6ICJzZXR1cCIsCiAgICAgICAgIm91dGNvbWUiOiAicGFzc2VkIgogICAgICB9LAogICAg
2026-09-10T08:11:31.7241434Z GO_EVIDENCE_B64 ICB7CiAgICAgICAgIndoZW4iOiAiY2FsbCIsCiAgICAgICAgIm91dGNvbWUiOiAicGFzc2VkIgogICAgICB9LAogICAgICB7CiAgICAgICAgIndoZW4iOiAidGVhcmRvd24iLAogICAgICAgICJvdXRjb21lIjogInBhc3NlZCIKICAgICAgfQogICAgXSwKICAgICJ0ZXN0cy90ZXN0X3NwcmludDRwX21vZGVsX2FydGlmYWN0X2dvdmVybmFuY2UucHk6OnRlc3Rfc3VwcGxpZXJfZmFjdF9ib3VuZGFyeSI6IFsKICAgICAgewogICAgICAgICJ3aGVuIjogInNldHVwIiwKICAgICAgICAib3V0Y29tZSI6ICJwYXNzZWQiCiAgICAgIH0s
2026-09-10T08:11:31.7248420Z GO_EVIDENCE_B64 CiAgICAgIHsKICAgICAgICAid2hlbiI6ICJjYWxsIiwKICAgICAgICAib3V0Y29tZSI6ICJwYXNzZWQiCiAgICAgIH0sCiAgICAgIHsKICAgICAgICAid2hlbiI6ICJ0ZWFyZG93biIsCiAgICAgICAgIm91dGNvbWUiOiAicGFzc2VkIgogICAgICB9CiAgICBdLAogICAgInRlc3RzL3Rlc3Rfc3ByaW50NHFfbW9kZWxfc2VydmluZ19hdHRlc3RhdGlvbi5weTo6dGVzdF9zZXJ2aW5nX3BvbGljeV9yZXF1aXJlc19tYWtlcl9jaGVja2VyIjogWwogICAgICB7CiAgICAgICAgIndoZW4iOiAic2V0dXAiLAogICAgICAgICJvdXRjb21l
2026-09-10T08:11:31.7255365Z GO_EVIDENCE_B64 IjogInBhc3NlZCIKICAgICAgfSwKICAgICAgewogICAgICAgICJ3aGVuIjogImNhbGwiLAogICAgICAgICJvdXRjb21lIjogInBhc3NlZCIKICAgICAgfSwKICAgICAgewogICAgICAgICJ3aGVuIjogInRlYXJkb3duIiwKICAgICAgICAib3V0Y29tZSI6ICJwYXNzZWQiCiAgICAgIH0KICAgIF0sCiAgICAidGVzdHMvdGVzdF9zcHJpbnQ0cV9tb2RlbF9zZXJ2aW5nX2F0dGVzdGF0aW9uLnB5Ojp0ZXN0X2RlcGxveW1lbnRfYmluZGluZ19yZXF1aXJlc180cF9zaWduZWRfYXJ0aWZhY3RfYmluZGluZyI6IFsKICAgICAgewogICAg
2026-09-10T08:11:31.7262348Z GO_EVIDENCE_B64 ICAgICJ3aGVuIjogInNldHVwIiwKICAgICAgICAib3V0Y29tZSI6ICJwYXNzZWQiCiAgICAgIH0sCiAgICAgIHsKICAgICAgICAid2hlbiI6ICJjYWxsIiwKICAgICAgICAib3V0Y29tZSI6ICJwYXNzZWQiCiAgICAgIH0sCiAgICAgIHsKICAgICAgICAid2hlbiI6ICJ0ZWFyZG93biIsCiAgICAgICAgIm91dGNvbWUiOiAicGFzc2VkIgogICAgICB9CiAgICBdLAogICAgInRlc3RzL3Rlc3Rfc3ByaW50NHFfbW9kZWxfc2VydmluZ19hdHRlc3RhdGlvbi5weTo6dGVzdF9ydW50aW1lX21vZGVsX2ZpbmdlcnByaW50X2lzX2JvdW5k
2026-09-10T08:11:31.7277654Z GO_EVIDENCE_B64 X3RvX2RlcGxveW1lbnRfYW5kX2FydGlmYWN0IjogWwogICAgICB7CiAgICAgICAgIndoZW4iOiAic2V0dXAiLAogICAgICAgICJvdXRjb21lIjogInBhc3NlZCIKICAgICAgfSwKICAgICAgewogICAgICAgICJ3aGVuIjogImNhbGwiLAogICAgICAgICJvdXRjb21lIjogInBhc3NlZCIKICAgICAgfSwKICAgICAgewogICAgICAgICJ3aGVuIjogInRlYXJkb3duIiwKICAgICAgICAib3V0Y29tZSI6ICJwYXNzZWQiCiAgICAgIH0KICAgIF0sCiAgICAidGVzdHMvdGVzdF9zcHJpbnQ0cV9tb2RlbF9zZXJ2aW5nX2F0dGVzdGF0aW9u
2026-09-10T08:11:31.7291539Z GO_EVIDENCE_B64 LnB5Ojp0ZXN0X3dyb25nX2xvYWRlZF9hcnRpZmFjdF9kaWdlc3RfaW1tZWRpYXRlbHlfYmxvY2tzX3NlcnZpbmciOiBbCiAgICAgIHsKICAgICAgICAid2hlbiI6ICJzZXR1cCIsCiAgICAgICAgIm91dGNvbWUiOiAicGFzc2VkIgogICAgICB9LAogICAgICB7CiAgICAgICAgIndoZW4iOiAiY2FsbCIsCiAgICAgICAgIm91dGNvbWUiOiAicGFzc2VkIgogICAgICB9LAogICAgICB7CiAgICAgICAgIndoZW4iOiAidGVhcmRvd24iLAogICAgICAgICJvdXRjb21lIjogInBhc3NlZCIKICAgICAgfQogICAgXSwKICAgICJ0ZXN0cy90
2026-09-10T08:11:31.7303504Z GO_EVIDENCE_B64 ZXN0X3NwcmludDRxX21vZGVsX3NlcnZpbmdfYXR0ZXN0YXRpb24ucHk6OnRlc3Rfd3JvbmdfcnVudGltZV9maW5nZXJwcmludF9pc19mYWlsX3NhZmVfYmxvY2tlZCI6IFsKICAgICAgewogICAgICAgICJ3aGVuIjogInNldHVwIiwKICAgICAgICAib3V0Y29tZSI6ICJwYXNzZWQiCiAgICAgIH0sCiAgICAgIHsKICAgICAgICAid2hlbiI6ICJjYWxsIiwKICAgICAgICAib3V0Y29tZSI6ICJwYXNzZWQiCiAgICAgIH0sCiAgICAgIHsKICAgICAgICAid2hlbiI6ICJ0ZWFyZG93biIsCiAgICAgICAgIm91dGNvbWUiOiAicGFzc2Vk
2026-09-10T08:11:31.7310447Z GO_EVIDENCE_B64 IgogICAgICB9CiAgICBdLAogICAgInRlc3RzL3Rlc3Rfc3ByaW50NHFfbW9kZWxfc2VydmluZ19hdHRlc3RhdGlvbi5weTo6dGVzdF92ZXJpZmllZF9zZXJ2aW5nX2F0dGVzdGF0aW9uX2FsbG93c19mb3JlY2FzdF9ydW50aW1lX2FuZF9taXNtYXRjaF9zdG9wc19pdCI6IFsKICAgICAgewogICAgICAgICJ3aGVuIjogInNldHVwIiwKICAgICAgICAib3V0Y29tZSI6ICJwYXNzZWQiCiAgICAgIH0sCiAgICAgIHsKICAgICAgICAid2hlbiI6ICJjYWxsIiwKICAgICAgICAib3V0Y29tZSI6ICJwYXNzZWQiCiAgICAgIH0sCiAgICAg
2026-09-10T08:11:31.7317282Z GO_EVIDENCE_B64 IHsKICAgICAgICAid2hlbiI6ICJ0ZWFyZG93biIsCiAgICAgICAgIm91dGNvbWUiOiAicGFzc2VkIgogICAgICB9CiAgICBdLAogICAgInRlc3RzL3Rlc3Rfc3ByaW50NHFfbW9kZWxfc2VydmluZ19hdHRlc3RhdGlvbi5weTo6dGVzdF9yb2xsYmFja19saW5lYWdlX3JlcXVpcmVzX25ld192ZXJpZmllZF9ydW50aW1lX2JlZm9yZV9yZWxlYXNlIjogWwogICAgICB7CiAgICAgICAgIndoZW4iOiAic2V0dXAiLAogICAgICAgICJvdXRjb21lIjogInBhc3NlZCIKICAgICAgfSwKICAgICAgewogICAgICAgICJ3aGVuIjogImNhbGwi
2026-09-10T08:11:31.7324371Z GO_EVIDENCE_B64 LAogICAgICAgICJvdXRjb21lIjogInBhc3NlZCIKICAgICAgfSwKICAgICAgewogICAgICAgICJ3aGVuIjogInRlYXJkb3duIiwKICAgICAgICAib3V0Y29tZSI6ICJwYXNzZWQiCiAgICAgIH0KICAgIF0sCiAgICAidGVzdHMvdGVzdF9zcHJpbnQ0cV9tb2RlbF9zZXJ2aW5nX2F0dGVzdGF0aW9uLnB5Ojp0ZXN0X3N1cHBsaWVyX2ZhY3RfYm91bmRhcnkiOiBbCiAgICAgIHsKICAgICAgICAid2hlbiI6ICJzZXR1cCIsCiAgICAgICAgIm91dGNvbWUiOiAicGFzc2VkIgogICAgICB9LAogICAgICB7CiAgICAgICAgIndoZW4iOiAi
2026-09-10T08:11:31.7331185Z GO_EVIDENCE_B64 Y2FsbCIsCiAgICAgICAgIm91dGNvbWUiOiAicGFzc2VkIgogICAgICB9LAogICAgICB7CiAgICAgICAgIndoZW4iOiAidGVhcmRvd24iLAogICAgICAgICJvdXRjb21lIjogInBhc3NlZCIKICAgICAgfQogICAgXSwKICAgICJ0ZXN0cy90ZXN0X3NwcmludDR2X2dlbmVyYWxpemF0aW9uLnB5Ojp0ZXN0X3BvbGljeV9tYWtlcl9jaGVja2VyIjogWwogICAgICB7CiAgICAgICAgIndoZW4iOiAic2V0dXAiLAogICAgICAgICJvdXRjb21lIjogInBhc3NlZCIKICAgICAgfSwKICAgICAgewogICAgICAgICJ3aGVuIjogImNhbGwiLAog
2026-09-10T08:11:31.7338122Z GO_EVIDENCE_B64 ICAgICAgICJvdXRjb21lIjogInBhc3NlZCIKICAgICAgfSwKICAgICAgewogICAgICAgICJ3aGVuIjogInRlYXJkb3duIiwKICAgICAgICAib3V0Y29tZSI6ICJwYXNzZWQiCiAgICAgIH0KICAgIF0sCiAgICAidGVzdHMvdGVzdF9zcHJpbnQ0dl9nZW5lcmFsaXphdGlvbi5weTo6dGVzdF9hZGphY2VudF9nZW5lcmFsaXphdGlvbl9kZXRlY3RzX3JlZ3Jlc3Npb24iOiBbCiAgICAgIHsKICAgICAgICAid2hlbiI6ICJzZXR1cCIsCiAgICAgICAgIm91dGNvbWUiOiAicGFzc2VkIgogICAgICB9LAogICAgICB7CiAgICAgICAgIndo
2026-09-10T08:11:31.7345025Z GO_EVIDENCE_B64 ZW4iOiAiY2FsbCIsCiAgICAgICAgIm91dGNvbWUiOiAicGFzc2VkIgogICAgICB9LAogICAgICB7CiAgICAgICAgIndoZW4iOiAidGVhcmRvd24iLAogICAgICAgICJvdXRjb21lIjogInBhc3NlZCIKICAgICAgfQogICAgXSwKICAgICJ0ZXN0cy90ZXN0X3NwcmludDR2X2dlbmVyYWxpemF0aW9uLnB5Ojp0ZXN0X2hvbGRvdXRfc2FmZXR5X2RldGVjdHNfcmVncmVzc2lvbiI6IFsKICAgICAgewogICAgICAgICJ3aGVuIjogInNldHVwIiwKICAgICAgICAib3V0Y29tZSI6ICJwYXNzZWQiCiAgICAgIH0sCiAgICAgIHsKICAgICAg
2026-09-10T08:11:31.7352039Z GO_EVIDENCE_B64 ICAid2hlbiI6ICJjYWxsIiwKICAgICAgICAib3V0Y29tZSI6ICJwYXNzZWQiCiAgICAgIH0sCiAgICAgIHsKICAgICAgICAid2hlbiI6ICJ0ZWFyZG93biIsCiAgICAgICAgIm91dGNvbWUiOiAicGFzc2VkIgogICAgICB9CiAgICBdLAogICAgInRlc3RzL3Rlc3Rfc3ByaW50NHZfZ2VuZXJhbGl6YXRpb24ucHk6OnRlc3RfcHJlX3Byb21vdGlvbl9yZXF1aXJlc19nZW5lcmFsaXphdGlvbl9hbmRfaG9sZG91dCI6IFsKICAgICAgewogICAgICAgICJ3aGVuIjogInNldHVwIiwKICAgICAgICAib3V0Y29tZSI6ICJwYXNzZWQiCiAg
2026-09-10T08:11:31.7359127Z GO_EVIDENCE_B64 ICAgIH0sCiAgICAgIHsKICAgICAgICAid2hlbiI6ICJjYWxsIiwKICAgICAgICAib3V0Y29tZSI6ICJwYXNzZWQiCiAgICAgIH0sCiAgICAgIHsKICAgICAgICAid2hlbiI6ICJ0ZWFyZG93biIsCiAgICAgICAgIm91dGNvbWUiOiAicGFzc2VkIgogICAgICB9CiAgICBdLAogICAgInRlc3RzL3Rlc3Rfc3ByaW50NHZfZ2VuZXJhbGl6YXRpb24ucHk6OnRlc3RfcGFzc2VkX2dlbmVyYWxpemF0aW9uX2FuZF9ob2xkb3V0X3VubG9ja19nYXRlIjogWwogICAgICB7CiAgICAgICAgIndoZW4iOiAic2V0dXAiLAogICAgICAgICJvdXRj
2026-09-10T08:11:31.7366232Z GO_EVIDENCE_B64 b21lIjogInBhc3NlZCIKICAgICAgfSwKICAgICAgewogICAgICAgICJ3aGVuIjogImNhbGwiLAogICAgICAgICJvdXRjb21lIjogInBhc3NlZCIKICAgICAgfSwKICAgICAgewogICAgICAgICJ3aGVuIjogInRlYXJkb3duIiwKICAgICAgICAib3V0Y29tZSI6ICJwYXNzZWQiCiAgICAgIH0KICAgIF0sCiAgICAidGVzdHMvdGVzdF9zcHJpbnQ0dl9nZW5lcmFsaXphdGlvbi5weTo6dGVzdF9wb3N0X3Byb21vdGlvbl9wcm9vZl9jYW5fYmVfcHJvdmVuIjogWwogICAgICB7CiAgICAgICAgIndoZW4iOiAic2V0dXAiLAogICAgICAg
2026-09-10T08:11:31.7373157Z GO_EVIDENCE_B64 ICJvdXRjb21lIjogInBhc3NlZCIKICAgICAgfSwKICAgICAgewogICAgICAgICJ3aGVuIjogImNhbGwiLAogICAgICAgICJvdXRjb21lIjogInBhc3NlZCIKICAgICAgfSwKICAgICAgewogICAgICAgICJ3aGVuIjogInRlYXJkb3duIiwKICAgICAgICAib3V0Y29tZSI6ICJwYXNzZWQiCiAgICAgIH0KICAgIF0sCiAgICAidGVzdHMvdGVzdF9zcHJpbnQ0dl9nZW5lcmFsaXphdGlvbi5weTo6dGVzdF9wb3N0X3Byb21vdGlvbl9yZWdyZXNzaW9uX3JlcXVpcmVzX2dvdmVybmVkX3JvbGxiYWNrIjogWwogICAgICB7CiAgICAgICAg
2026-09-10T08:11:31.7380220Z GO_EVIDENCE_B64 IndoZW4iOiAic2V0dXAiLAogICAgICAgICJvdXRjb21lIjogInBhc3NlZCIKICAgICAgfSwKICAgICAgewogICAgICAgICJ3aGVuIjogImNhbGwiLAogICAgICAgICJvdXRjb21lIjogInBhc3NlZCIKICAgICAgfSwKICAgICAgewogICAgICAgICJ3aGVuIjogInRlYXJkb3duIiwKICAgICAgICAib3V0Y29tZSI6ICJwYXNzZWQiCiAgICAgIH0KICAgIF0sCiAgICAidGVzdHMvdGVzdF9zcHJpbnQ0dl9nZW5lcmFsaXphdGlvbi5weTo6dGVzdF9wcm9iYXRpb25fcmVxdWlyZXNfY3VycmVudF9wcm9kdWN0aW9uX3Byb29mX2FuZF9w
2026-09-10T08:11:31.7387444Z GO_EVIDENCE_B64 cmVzZXJ2ZXNfc3VwcGxpZXJfZmFjdCI6IFsKICAgICAgewogICAgICAgICJ3aGVuIjogInNldHVwIiwKICAgICAgICAib3V0Y29tZSI6ICJwYXNzZWQiCiAgICAgIH0sCiAgICAgIHsKICAgICAgICAid2hlbiI6ICJjYWxsIiwKICAgICAgICAib3V0Y29tZSI6ICJwYXNzZWQiCiAgICAgIH0sCiAgICAgIHsKICAgICAgICAid2hlbiI6ICJ0ZWFyZG93biIsCiAgICAgICAgIm91dGNvbWUiOiAicGFzc2VkIgogICAgICB9CiAgICBdLAogICAgInRlc3RzL3Rlc3Rfc3ByaW50NHhfcG9ydGZvbGlvX2NoYW1waW9uX2NvbnRpbnVpdHku
2026-09-10T08:11:31.7394310Z GO_EVIDENCE_B64 cHk6OnRlc3RfY29udGludWl0eV9kaXN0aW5ndWlzaGVzX2RlZ3JhZGluZ19ub19sb25nZXJfb3B0aW1hbF9hbmRfdW5zYWZlIjogWwogICAgICB7CiAgICAgICAgIndoZW4iOiAic2V0dXAiLAogICAgICAgICJvdXRjb21lIjogInBhc3NlZCIKICAgICAgfSwKICAgICAgewogICAgICAgICJ3aGVuIjogImNhbGwiLAogICAgICAgICJvdXRjb21lIjogInBhc3NlZCIKICAgICAgfSwKICAgICAgewogICAgICAgICJ3aGVuIjogInRlYXJkb3duIiwKICAgICAgICAib3V0Y29tZSI6ICJwYXNzZWQiCiAgICAgIH0KICAgIF0sCiAgICAi
2026-09-10T08:11:31.7400990Z GO_EVIDENCE_B64 dGVzdHMvdGVzdF9zcHJpbnQ0eF9wb3J0Zm9saW9fY2hhbXBpb25fY29udGludWl0eS5weTo6dGVzdF9vbmx5XzR3X3BvcnRmb2xpb193aW5uZXJfY2FuX29wZW5fY2hhbGxlbmdlIjogWwogICAgICB7CiAgICAgICAgIndoZW4iOiAic2V0dXAiLAogICAgICAgICJvdXRjb21lIjogInBhc3NlZCIKICAgICAgfSwKICAgICAgewogICAgICAgICJ3aGVuIjogImNhbGwiLAogICAgICAgICJvdXRjb21lIjogInBhc3NlZCIKICAgICAgfSwKICAgICAgewogICAgICAgICJ3aGVuIjogInRlYXJkb3duIiwKICAgICAgICAib3V0Y29tZSI6
2026-09-10T08:11:31.7407766Z GO_EVIDENCE_B64 ICJwYXNzZWQiCiAgICAgIH0KICAgIF0sCiAgICAidGVzdHMvdGVzdF9zcHJpbnQ0eF9wb3J0Zm9saW9fY2hhbXBpb25fY29udGludWl0eS5weTo6dGVzdF9tdWx0aV9vYmplY3RpdmVfc2FmZXR5X2JlYXRzX3NpbmdsZV9zY29yZV9nYWluIjogWwogICAgICB7CiAgICAgICAgIndoZW4iOiAic2V0dXAiLAogICAgICAgICJvdXRjb21lIjogInBhc3NlZCIKICAgICAgfSwKICAgICAgewogICAgICAgICJ3aGVuIjogImNhbGwiLAogICAgICAgICJvdXRjb21lIjogInBhc3NlZCIKICAgICAgfSwKICAgICAgewogICAgICAgICJ3aGVu
2026-09-10T08:11:31.7414718Z GO_EVIDENCE_B64 IjogInRlYXJkb3duIiwKICAgICAgICAib3V0Y29tZSI6ICJwYXNzZWQiCiAgICAgIH0KICAgIF0sCiAgICAidGVzdHMvdGVzdF9zcHJpbnQ0eF9wb3J0Zm9saW9fY2hhbXBpb25fY29udGludWl0eS5weTo6dGVzdF9jYW5kaWRhdGVfbXVzdF9iZV9tYXRlcmlhbGx5X3N1cGVyaW9yX2JlZm9yZV9yZXBsYWNlbWVudF9hcHByb3ZhbCI6IFsKICAgICAgewogICAgICAgICJ3aGVuIjogInNldHVwIiwKICAgICAgICAib3V0Y29tZSI6ICJwYXNzZWQiCiAgICAgIH0sCiAgICAgIHsKICAgICAgICAid2hlbiI6ICJjYWxsIiwKICAgICAg
2026-09-10T08:11:31.7421436Z GO_EVIDENCE_B64 ICAib3V0Y29tZSI6ICJwYXNzZWQiCiAgICAgIH0sCiAgICAgIHsKICAgICAgICAid2hlbiI6ICJ0ZWFyZG93biIsCiAgICAgICAgIm91dGNvbWUiOiAicGFzc2VkIgogICAgICB9CiAgICBdLAogICAgInRlc3RzL3Rlc3Rfc3ByaW50NHhfcG9ydGZvbGlvX2NoYW1waW9uX2NvbnRpbnVpdHkucHk6OnRlc3Rfc3VwZXJpb3JfY2FuZGlkYXRlX2dldHNfYXBwcm92ZWRfYnV0X25vdF9pbW1lZGlhdGVfY2hhbXBpb25fcmVwbGFjZW1lbnQiOiBbCiAgICAgIHsKICAgICAgICAid2hlbiI6ICJzZXR1cCIsCiAgICAgICAgIm91dGNvbWUi
2026-09-10T08:11:31.7428261Z GO_EVIDENCE_B64 OiAicGFzc2VkIgogICAgICB9LAogICAgICB7CiAgICAgICAgIndoZW4iOiAiY2FsbCIsCiAgICAgICAgIm91dGNvbWUiOiAicGFzc2VkIgogICAgICB9LAogICAgICB7CiAgICAgICAgIndoZW4iOiAidGVhcmRvd24iLAogICAgICAgICJvdXRjb21lIjogInBhc3NlZCIKICAgICAgfQogICAgXSwKICAgICJ0ZXN0cy90ZXN0X3NwcmludDR4X3BvcnRmb2xpb19jaGFtcGlvbl9jb250aW51aXR5LnB5Ojp0ZXN0X3RyYW5zaXRpb25fcmVhZHNfNHJfY2FuYXJ5X2FzX3NvdXJjZV9vZl90cnV0aCI6IFsKICAgICAgewogICAgICAgICJ3
2026-09-10T08:11:31.7435642Z GO_EVIDENCE_B64 aGVuIjogInNldHVwIiwKICAgICAgICAib3V0Y29tZSI6ICJwYXNzZWQiCiAgICAgIH0sCiAgICAgIHsKICAgICAgICAid2hlbiI6ICJjYWxsIiwKICAgICAgICAib3V0Y29tZSI6ICJwYXNzZWQiCiAgICAgIH0sCiAgICAgIHsKICAgICAgICAid2hlbiI6ICJ0ZWFyZG93biIsCiAgICAgICAgIm91dGNvbWUiOiAicGFzc2VkIgogICAgICB9CiAgICBdLAogICAgInRlc3RzL3Rlc3Rfc3ByaW50NHhfcG9ydGZvbGlvX2NoYW1waW9uX2NvbnRpbnVpdHkucHk6OnRlc3RfZnVsbF90cmFmZmljX2Nhbm5vdF9maW5hbGl6ZV93aXRob3V0
2026-09-10T08:11:31.7442467Z GO_EVIDENCE_B64 XzR2X3Byb2R1Y3Rpb25fcHJvb2YiOiBbCiAgICAgIHsKICAgICAgICAid2hlbiI6ICJzZXR1cCIsCiAgICAgICAgIm91dGNvbWUiOiAicGFzc2VkIgogICAgICB9LAogICAgICB7CiAgICAgICAgIndoZW4iOiAiY2FsbCIsCiAgICAgICAgIm91dGNvbWUiOiAicGFzc2VkIgogICAgICB9LAogICAgICB7CiAgICAgICAgIndoZW4iOiAidGVhcmRvd24iLAogICAgICAgICJvdXRjb21lIjogInBhc3NlZCIKICAgICAgfQogICAgXSwKICAgICJ0ZXN0cy90ZXN0X3NwcmludDR4X3BvcnRmb2xpb19jaGFtcGlvbl9jb250aW51aXR5LnB5
2026-09-10T08:11:31.7449684Z GO_EVIDENCE_B64 Ojp0ZXN0X3NhZmVfcmVwbGFjZW1lbnRfYW5kX3JvbGxiYWNrX3ByZXNlcnZlX2hpc3RvcnlfYW5kX3N1cHBsaWVyX2ZhY3QiOiBbCiAgICAgIHsKICAgICAgICAid2hlbiI6ICJzZXR1cCIsCiAgICAgICAgIm91dGNvbWUiOiAicGFzc2VkIgogICAgICB9LAogICAgICB7CiAgICAgICAgIndoZW4iOiAiY2FsbCIsCiAgICAgICAgIm91dGNvbWUiOiAicGFzc2VkIgogICAgICB9LAogICAgICB7CiAgICAgICAgIndoZW4iOiAidGVhcmRvd24iLAogICAgICAgICJvdXRjb21lIjogInBhc3NlZCIKICAgICAgfQogICAgXSwKICAgICJ0
2026-09-10T08:11:31.7456517Z GO_EVIDENCE_B64 ZXN0cy90ZXN0X3dhdmUwM19jMDdfYzA5X2F1dGhvcml0eV9jb250cmFjdC5weTo6dGVzdF9jMDdfcHJlcGFyZXNfZXZpZGVuY2Vfb25seV9hbmRfbmV2ZXJfanVkZ21lbnRfdHJ1dGgiOiBbCiAgICAgIHsKICAgICAgICAid2hlbiI6ICJzZXR1cCIsCiAgICAgICAgIm91dGNvbWUiOiAicGFzc2VkIgogICAgICB9LAogICAgICB7CiAgICAgICAgIndoZW4iOiAiY2FsbCIsCiAgICAgICAgIm91dGNvbWUiOiAicGFzc2VkIgogICAgICB9LAogICAgICB7CiAgICAgICAgIndoZW4iOiAidGVhcmRvd24iLAogICAgICAgICJvdXRjb21l
2026-09-10T08:11:31.7463158Z GO_EVIDENCE_B64 IjogInBhc3NlZCIKICAgICAgfQogICAgXSwKICAgICJ0ZXN0cy90ZXN0X3dhdmUwM19jMDdfYzA5X2F1dGhvcml0eV9jb250cmFjdC5weTo6dGVzdF9jMDdfbGVnYWN5X2p1ZGdtZW50X2VudHJ5cG9pbnRzX2ZhaWxfY2xvc2VkIjogWwogICAgICB7CiAgICAgICAgIndoZW4iOiAic2V0dXAiLAogICAgICAgICJvdXRjb21lIjogInBhc3NlZCIKICAgICAgfSwKICAgICAgewogICAgICAgICJ3aGVuIjogImNhbGwiLAogICAgICAgICJvdXRjb21lIjogInBhc3NlZCIKICAgICAgfSwKICAgICAgewogICAgICAgICJ3aGVuIjogInRl
2026-09-10T08:11:31.7469994Z GO_EVIDENCE_B64 YXJkb3duIiwKICAgICAgICAib3V0Y29tZSI6ICJwYXNzZWQiCiAgICAgIH0KICAgIF0sCiAgICAidGVzdHMvdGVzdF93YXZlMDNfYzA3X2MwOV9hdXRob3JpdHlfY29udHJhY3QucHk6OnRlc3RfYzA5X3JlamVjdHNfdHJhdmVsZXJfZml0X2NvbnRleHRfYXNfcmVjb21tZW5kYXRpb25faW5wdXQiOiBbCiAgICAgIHsKICAgICAgICAid2hlbiI6ICJzZXR1cCIsCiAgICAgICAgIm91dGNvbWUiOiAicGFzc2VkIgogICAgICB9LAogICAgICB7CiAgICAgICAgIndoZW4iOiAiY2FsbCIsCiAgICAgICAgIm91dGNvbWUiOiAicGFzc2Vk
2026-09-10T08:11:31.7476809Z GO_EVIDENCE_B64 IgogICAgICB9LAogICAgICB7CiAgICAgICAgIndoZW4iOiAidGVhcmRvd24iLAogICAgICAgICJvdXRjb21lIjogInBhc3NlZCIKICAgICAgfQogICAgXSwKICAgICJ0ZXN0cy90ZXN0X3dhdmUwM19jMDdfYzA5X2F1dGhvcml0eV9jb250cmFjdC5weTo6dGVzdF93YXZlMDNfY29udHJhY3RfcmVnaXN0cnlfa2VlcHNfYzA5X2FzX2ZpbmFsX293bmVyIjogWwogICAgICB7CiAgICAgICAgIndoZW4iOiAic2V0dXAiLAogICAgICAgICJvdXRjb21lIjogInBhc3NlZCIKICAgICAgfSwKICAgICAgewogICAgICAgICJ3aGVuIjogImNh
2026-09-10T08:11:31.7483755Z GO_EVIDENCE_B64 bGwiLAogICAgICAgICJvdXRjb21lIjogInBhc3NlZCIKICAgICAgfSwKICAgICAgewogICAgICAgICJ3aGVuIjogInRlYXJkb3duIiwKICAgICAgICAib3V0Y29tZSI6ICJwYXNzZWQiCiAgICAgIH0KICAgIF0sCiAgICAidGVzdHMvdGVzdF93YXZlMDNfYzA3X2MwOV9hdXRob3JpdHlfY29udHJhY3QucHk6OnRlc3RfYzA3X2F1dG9ub215X3JlZ2lzdHJ5X2hhc19jb250ZXh0X2V2aWRlbmNlX2J1dF9ub3RfanVkZ21lbnRfY2FwYWJpbGl0eSI6IFsKICAgICAgewogICAgICAgICJ3aGVuIjogInNldHVwIiwKICAgICAgICAib3V0
2026-09-10T08:11:31.7490630Z GO_EVIDENCE_B64 Y29tZSI6ICJwYXNzZWQiCiAgICAgIH0sCiAgICAgIHsKICAgICAgICAid2hlbiI6ICJjYWxsIiwKICAgICAgICAib3V0Y29tZSI6ICJwYXNzZWQiCiAgICAgIH0sCiAgICAgIHsKICAgICAgICAid2hlbiI6ICJ0ZWFyZG93biIsCiAgICAgICAgIm91dGNvbWUiOiAicGFzc2VkIgogICAgICB9CiAgICBdLAogICAgInRlc3RzL3dvcmtiZW5jaC90ZXN0X3dhdmUwNl9wcm92aWRlcl9jZXJ0aWZpY2F0aW9uX2ZpZGVsaXR5X3YyLnB5Ojp0ZXN0X2hhcm5lc3NfdjJfY2VydGlmaWVzX2FsbF9zaXhfdmVydGljYWxzX3dpdGhvdXRfZXh0
2026-09-10T08:11:31.7497577Z GO_EVIDENCE_B64 ZXJuYWxfY2xhaW0iOiBbCiAgICAgIHsKICAgICAgICAid2hlbiI6ICJzZXR1cCIsCiAgICAgICAgIm91dGNvbWUiOiAicGFzc2VkIgogICAgICB9LAogICAgICB7CiAgICAgICAgIndoZW4iOiAiY2FsbCIsCiAgICAgICAgIm91dGNvbWUiOiAicGFzc2VkIgogICAgICB9LAogICAgICB7CiAgICAgICAgIndoZW4iOiAidGVhcmRvd24iLAogICAgICAgICJvdXRjb21lIjogInBhc3NlZCIKICAgICAgfQogICAgXSwKICAgICJ0ZXN0cy93b3JrYmVuY2gvdGVzdF93YXZlMDZfcHJvdmlkZXJfY2VydGlmaWNhdGlvbl9maWRlbGl0eV92
2026-09-10T08:11:31.7504475Z GO_EVIDENCE_B64 Mi5weTo6dGVzdF9oYXJuZXNzX3YyX2Jsb2Nrc19jb250cmFjdF93aXRoX2JhZF9yZXBsYXlfdG9sZXJhbmNlIjogWwogICAgICB7CiAgICAgICAgIndoZW4iOiAic2V0dXAiLAogICAgICAgICJvdXRjb21lIjogInBhc3NlZCIKICAgICAgfSwKICAgICAgewogICAgICAgICJ3aGVuIjogImNhbGwiLAogICAgICAgICJvdXRjb21lIjogInBhc3NlZCIKICAgICAgfSwKICAgICAgewogICAgICAgICJ3aGVuIjogInRlYXJkb3duIiwKICAgICAgICAib3V0Y29tZSI6ICJwYXNzZWQiCiAgICAgIH0KICAgIF0sCiAgICAidGVzdHMvd29y
2026-09-10T08:11:31.7511195Z GO_EVIDENCE_B64 a2JlbmNoL3Rlc3Rfd2F2ZTA2X3Byb3ZpZGVyX2NlcnRpZmljYXRpb25fZmlkZWxpdHlfdjIucHk6OnRlc3RfY29udHJhY3RfZmlkZWxpdHlfcnVubmVyX3Bhc3Nlc19hbGxfc2l4X3ZlcnRpY2FsX2NvbnRyb2xsZWRfc2ltdWxhdGlvbnMiOiBbCiAgICAgIHsKICAgICAgICAid2hlbiI6ICJzZXR1cCIsCiAgICAgICAgIm91dGNvbWUiOiAicGFzc2VkIgogICAgICB9LAogICAgICB7CiAgICAgICAgIndoZW4iOiAiY2FsbCIsCiAgICAgICAgIm91dGNvbWUiOiAicGFzc2VkIgogICAgICB9LAogICAgICB7CiAgICAgICAgIndoZW4i
2026-09-10T08:11:31.7518183Z GO_EVIDENCE_B64 OiAidGVhcmRvd24iLAogICAgICAgICJvdXRjb21lIjogInBhc3NlZCIKICAgICAgfQogICAgXSwKICAgICJ0ZXN0cy93b3JrYmVuY2gvdGVzdF93YXZlMDZfcHJvdmlkZXJfY2VydGlmaWNhdGlvbl9maWRlbGl0eV92Mi5weTo6dGVzdF9jb250cmFjdF9maWRlbGl0eV9ydW5uZXJfYmxvY2tzX2Nyb3NzX2RvbWFpbl90cnV0aF9vd25lciI6IFsKICAgICAgewogICAgICAgICJ3aGVuIjogInNldHVwIiwKICAgICAgICAib3V0Y29tZSI6ICJwYXNzZWQiCiAgICAgIH0sCiAgICAgIHsKICAgICAgICAid2hlbiI6ICJjYWxsIiwKICAg
2026-09-10T08:11:31.7524935Z GO_EVIDENCE_B64 ICAgICAib3V0Y29tZSI6ICJwYXNzZWQiCiAgICAgIH0sCiAgICAgIHsKICAgICAgICAid2hlbiI6ICJ0ZWFyZG93biIsCiAgICAgICAgIm91dGNvbWUiOiAicGFzc2VkIgogICAgICB9CiAgICBdLAogICAgInRlc3RzL3dvcmtiZW5jaC90ZXN0X3dhdmUwNl9wcm92aWRlcl9jZXJ0aWZpY2F0aW9uX2ZpZGVsaXR5X3YyLnB5Ojp0ZXN0X2NvbnRyYWN0X2ZpZGVsaXR5X3J1bm5lcl9ibG9ja3NfY29uZmxpY3RpbmdfaWRlbXBvdGVudF9yZXBsYXkiOiBbCiAgICAgIHsKICAgICAgICAid2hlbiI6ICJzZXR1cCIsCiAgICAgICAgIm91
2026-09-10T08:11:31.7530252Z GO_EVIDENCE_B64 dGNvbWUiOiAicGFzc2VkIgogICAgICB9LAogICAgICB7CiAgICAgICAgIndoZW4iOiAiY2FsbCIsCiAgICAgICAgIm91dGNvbWUiOiAicGFzc2VkIgogICAgICB9LAogICAgICB7CiAgICAgICAgIndoZW4iOiAidGVhcmRvd24iLAogICAgICAgICJvdXRjb21lIjogInBhc3NlZCIKICAgICAgfQogICAgXQogIH0sCiAgInB5dGVzdF9leGl0c3RhdHVzIjogMAp9Cg==
2026-09-10T08:11:31.7532344Z GO_EVIDENCE_FILE_END backend-inventory.json
2026-09-10T08:11:31.7532989Z GO_EVIDENCE_FILE_BEGIN bundle-build.json 263 08ab2b0dbaff4312115483a98e3c721676ab55c7e0aae71a8fbbab316ce9e4a3
2026-09-10T08:11:31.7536566Z GO_EVIDENCE_B64 eyJhcmNoaXZlX3NoYTI1NiI6ICJiNDYzNGY5ZGE1MTVhMjJmOTVmYjc0MGI5NzljMmY3N2ZkY2UyOTM0MmVhYmJiOWM1NGU1YzY2Njk3NmY1Yjg2IiwgInNvdXJjZV90cmVlX3NoYTI1NiI6ICJjNThlZGIwYzA1NjhjM2Y5ZmU4MGJhMDE0YzI2MDUxM2EwN2E4ZTc0YjIxMWI2MDhhZGU0ZDkwNTJmODY0NWIzIiwgInZlcmlmaWVkX2ZpbGVzIjogMTI2NywgInNjb3BlIjogIk9GRkxJTkVfQlVORExFX0lOVEVHUklUWSIsICJmaW5hbF9yZWxlYXNlIjogIkhPTEQifQo=
2026-09-10T08:11:31.7539523Z GO_EVIDENCE_FILE_END bundle-build.json
2026-09-10T08:11:31.7540169Z GO_EVIDENCE_FILE_BEGIN bundle-restore.json 275 dbc60429e0f45902195b95d3861a6170cd52800da086e98ce7140d2a79ca2bb3
2026-09-10T08:11:31.7543700Z GO_EVIDENCE_B64 ewogICJhcmNoaXZlX3NoYTI1NiI6ICJiNDYzNGY5ZGE1MTVhMjJmOTVmYjc0MGI5NzljMmY3N2ZkY2UyOTM0MmVhYmJiOWM1NGU1YzY2Njk3NmY1Yjg2IiwKICAic291cmNlX3RyZWVfc2hhMjU2IjogImM1OGVkYjBjMDU2OGMzZjlmZTgwYmEwMTRjMjYwNTEzYTA3YThlNzRiMjExYjYwOGFkZTRkOTA1MmY4NjQ1YjMiLAogICJ2ZXJpZmllZF9maWxlcyI6IDEyNjcsCiAgInNjb3BlIjogIk9GRkxJTkVfQlVORExFX0lOVEVHUklUWSIsCiAgImZpbmFsX3JlbGVhc2UiOiAiSE9MRCIKfQo=
2026-09-10T08:11:31.7546880Z GO_EVIDENCE_FILE_END bundle-restore.json
2026-09-10T08:11:31.7547548Z GO_EVIDENCE_FILE_BEGIN http-runtime-binding.json 1513 493191b38e65a7895544ec9726278eafead98bf2e1e562319d9810a5af7e2744
2026-09-10T08:11:31.7551503Z GO_EVIDENCE_B64 ewogICJzY2hlbWEiOiAiZ28uaXNvbGF0ZWQtcnVudGltZS52MSIsCiAgInNvdXJjZV90cmVlX3NoYTI1NiI6ICJjNThlZGIwYzA1NjhjM2Y5ZmU4MGJhMDE0YzI2MDUxM2EwN2E4ZTc0YjIxMWI2MDhhZGU0ZDkwNTJmODY0NWIzIiwKICAidmVyaWZpZWRfc291cmNlX2ZpbGVzIjogMTI2NywKICAicHl0aG9uIjogIjMuMTMuNSAobWFpbiwgSnVuIDEyIDIwMjUsIDAzOjUxOjE1KSBbR0NDIDExLjQuMF0iLAogICJtb2RlIjogIklTT0xBVEVEX1NRTElURV9IVFRQIiwKICAiZGF0YV9jbGFzcyI6ICJTWU5USEVUSUNfT05MWSIsCiAg
2026-09-10T08:11:31.7558383Z GO_EVIDENCE_B64 ImRhdGFiYXNlIjogIk5FV19QUklWQVRFX1NRTElURSIsCiAgIm91dGJvdW5kX25ldHdvcmsiOiAiUFlUSE9OX0FVRElUX0RFTlkiLAogICJiYWNrZ3JvdW5kX3dvcmtlcnMiOiAiRElTQUJMRUQiLAogICJicm93c2VyX2dhdGUiOiAiSE9MRCIsCiAgInBvc3RncmVzX2dhdGUiOiAiTk9UX1JVTiIsCiAgImZpbmFsX3JlbGVhc2UiOiAiSE9MRCIsCiAgInBhY2thZ2VzIjogewogICAgInR5cGluZ19leHRlbnNpb25zIjogIjQuMTYuMCIsCiAgICAiYW55aW8iOiAiNC4xMy4wIiwKICAgICJ0eXBpbmctaW5zcGVjdGlvbiI6ICIwLjQu
2026-09-10T08:11:31.7565356Z GO_EVIDENCE_B64 MiIsCiAgICAicHljcGFyc2VyIjogIjMuMCIsCiAgICAiU1FMQWxjaGVteSI6ICIyLjAuNTAiLAogICAgInB5ZGFudGljLXNldHRpbmdzIjogIjIuMTQuMSIsCiAgICAiY2ZmaSI6ICIyLjAuMCIsCiAgICAiY3J5cHRvZ3JhcGh5IjogIjQ2LjAuNCIsCiAgICAicGx1Z2d5IjogIjEuNi4wIiwKICAgICJjZXJ0aWZpIjogIjIwMjYuNS4yMCIsCiAgICAiTWFya3VwU2FmZSI6ICIzLjAuMyIsCiAgICAicHN5Y29wZy1iaW5hcnkiOiAiMy4yLjEwIiwKICAgICJNYWtvIjogIjEuMy4xMCIsCiAgICAiUHlnbWVudHMiOiAiMi4yMC4wIiwK
2026-09-10T08:11:31.7572526Z GO_EVIDENCE_B64 ICAgICJodHRwY29yZSI6ICIxLjAuOSIsCiAgICAiaDExIjogIjAuMTYuMCIsCiAgICAic3RhcmxldHRlIjogIjAuNTAuMCIsCiAgICAiY2xpY2siOiAiOC41LjAiLAogICAgIlB5SldUIjogIjIuMTMuMCIsCiAgICAicHl0ZXN0IjogIjkuMC4yIiwKICAgICJwaWxsb3ciOiAiMTIuMy4wIiwKICAgICJwc3ljb3BnIjogIjMuMi4xMCIsCiAgICAiaHR0cHgiOiAiMC4yOC4xIiwKICAgICJweWRhbnRpY19jb3JlIjogIjIuNDYuNCIsCiAgICAicGlwIjogIjI1LjEuMSIsCiAgICAiZmFzdGFwaSI6ICIwLjEyOC4yIiwKICAgICJhbGVt
2026-09-10T08:11:31.7579556Z GO_EVIDENCE_B64 YmljIjogIjEuMTYuNSIsCiAgICAiYW5ub3RhdGVkLWRvYyI6ICIwLjAuNCIsCiAgICAidXZpY29ybiI6ICIwLjM1LjAiLAogICAgInBhY2thZ2luZyI6ICIyNS4wIiwKICAgICJweXRlc3QtYXN5bmNpbyI6ICIxLjMuMCIsCiAgICAiaWRuYSI6ICIzLjE3IiwKICAgICJweWRhbnRpYyI6ICIyLjEzLjQiLAogICAgInJlZGlzIjogIjUuMi4xIiwKICAgICJpbmljb25maWciOiAiMi4zLjAiLAogICAgInB5dGhvbi1kb3RlbnYiOiAiMS4yLjIiLAogICAgImdyZWVubGV0IjogIjMuNS4xIiwKICAgICJhbm5vdGF0ZWQtdHlwZXMiOiAi
2026-09-10T08:11:31.7583012Z GO_EVIDENCE_B64 MC43LjAiCiAgfQp9Cg==
2026-09-10T08:11:31.7583374Z GO_EVIDENCE_FILE_END http-runtime-binding.json
2026-09-10T08:11:31.7584017Z GO_EVIDENCE_FILE_BEGIN http-checks.json 42301 9602cc30b38f712300600f75ab15c79a3219011e9a0a6bf1cc3ad887f3d33f72
2026-09-10T08:11:31.7588126Z GO_EVIDENCE_B64 ewogICJzb3VyY2VfdHJlZV9zaGEyNTYiOiAiYzU4ZWRiMGMwNTY4YzNmOWZlODBiYTAxNGMyNjA1MTNhMDdhOGU3NGIyMTFiNjA4YWRlNGQ5MDUyZjg2NDViMyIsCiAgImNoZWNrcyI6IFsKICAgIHsKICAgICAgIm5hbWUiOiAiZnJlc2ggU1FMaXRlIHJ1bnRpbWUgYm91bmQgdG8gc291cmNlIiwKICAgICAgInBhc3NlZCI6IHRydWUKICAgIH0sCiAgICB7CiAgICAgICJuYW1lIjogImNyZWRlbnRpYWwgZmlsZSBvd25lci1vbmx5IiwKICAgICAgInBhc3NlZCI6IHRydWUKICAgIH0sCiAgICB7CiAgICAgICJuYW1lIjogImxpdmUg
2026-09-10T08:11:31.7594867Z GO_EVIDENCE_B64 YmluZGluZyBlbmRwb2ludCIsCiAgICAgICJwYXNzZWQiOiB0cnVlCiAgICB9LAogICAgewogICAgICAibmFtZSI6ICJub24taXNvbGF0ZWQgSG9zdCByZWplY3RlZCIsCiAgICAgICJwYXNzZWQiOiB0cnVlCiAgICB9LAogICAgewogICAgICAibmFtZSI6ICJzZXJ2ZWQgZXhhY3QgcGFnZSAvZ28tYXBwLyIsCiAgICAgICJwYXNzZWQiOiB0cnVlCiAgICB9LAogICAgewogICAgICAibmFtZSI6ICJsb2NhbCBlbnRyeSBhc3NldCAvZ28tYXBwL3N0eWxlcy5jc3M/dj0yMDI2MDkwOS1kZXB0aDI4IiwKICAgICAgInBhc3NlZCI6IHRy
2026-09-10T08:11:31.7600719Z GO_EVIDENCE_B64 dWUKICAgIH0sCiAgICB7CiAgICAgICJuYW1lIjogInNlcnZlZCBleGFjdCBhc3NldCAvZ28tYXBwL3N0eWxlcy5jc3M/dj0yMDI2MDkwOS1kZXB0aDI4IiwKICAgICAgInBhc3NlZCI6IHRydWUKICAgIH0sCiAgICB7CiAgICAgICJuYW1lIjogImxvY2FsIGVudHJ5IGFzc2V0IC9nby1hcHAvdmktcmVmZXJlbmNlLTEwLmNzcz92PTIwMjYwOTA5LWRlcHRoMjgiLAogICAgICAicGFzc2VkIjogdHJ1ZQogICAgfSwKICAgIHsKICAgICAgIm5hbWUiOiAic2VydmVkIGV4YWN0IGFzc2V0IC9nby1hcHAvdmktcmVmZXJlbmNlLTEwLmNz
2026-09-10T08:11:31.7606416Z GO_EVIDENCE_B64 cz92PTIwMjYwOTA5LWRlcHRoMjgiLAogICAgICAicGFzc2VkIjogdHJ1ZQogICAgfSwKICAgIHsKICAgICAgIm5hbWUiOiAibG9jYWwgZW50cnkgYXNzZXQgL2dvLWFwcC9mbGlnaHQtam91cm5leXMuY3NzP3Y9MjAyNjA5MDYtZGVwdGgxIiwKICAgICAgInBhc3NlZCI6IHRydWUKICAgIH0sCiAgICB7CiAgICAgICJuYW1lIjogInNlcnZlZCBleGFjdCBhc3NldCAvZ28tYXBwL2ZsaWdodC1qb3VybmV5cy5jc3M/dj0yMDI2MDkwNi1kZXB0aDEiLAogICAgICAicGFzc2VkIjogdHJ1ZQogICAgfSwKICAgIHsKICAgICAgIm5hbWUi
2026-09-10T08:11:31.7611560Z GO_EVIDENCE_B64 OiAibG9jYWwgZW50cnkgYXNzZXQgL2dvLWFwcC9ib29raW5nLXRyYXZlbGVycy5jc3M/dj0yMDI2MDkwNy1tYXN0ZXIwMyIsCiAgICAgICJwYXNzZWQiOiB0cnVlCiAgICB9LAogICAgewogICAgICAibmFtZSI6ICJzZXJ2ZWQgZXhhY3QgYXNzZXQgL2dvLWFwcC9ib29raW5nLXRyYXZlbGVycy5jc3M/dj0yMDI2MDkwNy1tYXN0ZXIwMyIsCiAgICAgICJwYXNzZWQiOiB0cnVlCiAgICB9LAogICAgewogICAgICAibmFtZSI6ICJsb2NhbCBlbnRyeSBhc3NldCAvZ28tYXBwL3ZhdWx0LW1hbmFnZXIuY3NzP3Y9MjAyNjA5MDctZGVw
2026-09-10T08:11:31.7617382Z GO_EVIDENCE_B64 dGgwNCIsCiAgICAgICJwYXNzZWQiOiB0cnVlCiAgICB9LAogICAgewogICAgICAibmFtZSI6ICJzZXJ2ZWQgZXhhY3QgYXNzZXQgL2dvLWFwcC92YXVsdC1tYW5hZ2VyLmNzcz92PTIwMjYwOTA3LWRlcHRoMDQiLAogICAgICAicGFzc2VkIjogdHJ1ZQogICAgfSwKICAgIHsKICAgICAgIm5hbWUiOiAibG9jYWwgZW50cnkgYXNzZXQgL2dvLWFwcC90cmF2ZWwtc3RhdHVzLmNzcz92PTIwMjYwOTA4LWRlcHRoMTkiLAogICAgICAicGFzc2VkIjogdHJ1ZQogICAgfSwKICAgIHsKICAgICAgIm5hbWUiOiAic2VydmVkIGV4YWN0IGFz
2026-09-10T08:11:31.7623739Z GO_EVIDENCE_B64 c2V0IC9nby1hcHAvdHJhdmVsLXN0YXR1cy5jc3M/dj0yMDI2MDkwOC1kZXB0aDE5IiwKICAgICAgInBhc3NlZCI6IHRydWUKICAgIH0sCiAgICB7CiAgICAgICJuYW1lIjogImxvY2FsIGVudHJ5IGFzc2V0IC9nby1hcHAvZGlyZWN0LWFmdGVyLXNhbGVzLmpzP3Y9MjAyNjA5MDctZGVwdGgxMiIsCiAgICAgICJwYXNzZWQiOiB0cnVlCiAgICB9LAogICAgewogICAgICAibmFtZSI6ICJzZXJ2ZWQgZXhhY3QgYXNzZXQgL2dvLWFwcC9kaXJlY3QtYWZ0ZXItc2FsZXMuanM/dj0yMDI2MDkwNy1kZXB0aDEyIiwKICAgICAgInBhc3Nl
2026-09-10T08:11:31.7629230Z GO_EVIDENCE_B64 ZCI6IHRydWUKICAgIH0sCiAgICB7CiAgICAgICJuYW1lIjogImxvY2FsIGVudHJ5IGFzc2V0IC9nby1hcHAvdHJpcC1uYXZpZ2F0aW9uLmpzP3Y9MjAyNjA5MDktZGVwdGgyOSIsCiAgICAgICJwYXNzZWQiOiB0cnVlCiAgICB9LAogICAgewogICAgICAibmFtZSI6ICJzZXJ2ZWQgZXhhY3QgYXNzZXQgL2dvLWFwcC90cmlwLW5hdmlnYXRpb24uanM/dj0yMDI2MDkwOS1kZXB0aDI5IiwKICAgICAgInBhc3NlZCI6IHRydWUKICAgIH0sCiAgICB7CiAgICAgICJuYW1lIjogImxvY2FsIGVudHJ5IGFzc2V0IC9nby1hcHAvYXBwLmpz
2026-09-10T08:11:31.7634517Z GO_EVIDENCE_B64 P3Y9MjAyNjA5MDktZGVwdGgyOSIsCiAgICAgICJwYXNzZWQiOiB0cnVlCiAgICB9LAogICAgewogICAgICAibmFtZSI6ICJzZXJ2ZWQgZXhhY3QgYXNzZXQgL2dvLWFwcC9hcHAuanM/dj0yMDI2MDkwOS1kZXB0aDI5IiwKICAgICAgInBhc3NlZCI6IHRydWUKICAgIH0sCiAgICB7CiAgICAgICJuYW1lIjogImxvY2FsIGVudHJ5IGFzc2V0IC9nby1hcHAvZmxpZ2h0LWpvdXJuZXlzLmpzP3Y9MjAyNjA5MDYtZGVwdGgxIiwKICAgICAgInBhc3NlZCI6IHRydWUKICAgIH0sCiAgICB7CiAgICAgICJuYW1lIjogInNlcnZlZCBleGFj
2026-09-10T08:11:31.7640489Z GO_EVIDENCE_B64 dCBhc3NldCAvZ28tYXBwL2ZsaWdodC1qb3VybmV5cy5qcz92PTIwMjYwOTA2LWRlcHRoMSIsCiAgICAgICJwYXNzZWQiOiB0cnVlCiAgICB9LAogICAgewogICAgICAibmFtZSI6ICJsb2NhbCBlbnRyeSBhc3NldCAvZ28tYXBwL2NhdGFsb2ctZmFyZS5qcz92PTIwMjYwOTA3LWRlcHRoMTMiLAogICAgICAicGFzc2VkIjogdHJ1ZQogICAgfSwKICAgIHsKICAgICAgIm5hbWUiOiAic2VydmVkIGV4YWN0IGFzc2V0IC9nby1hcHAvY2F0YWxvZy1mYXJlLmpzP3Y9MjAyNjA5MDctZGVwdGgxMyIsCiAgICAgICJwYXNzZWQiOiB0cnVl
2026-09-10T08:11:31.7647545Z GO_EVIDENCE_B64 CiAgICB9LAogICAgewogICAgICAibmFtZSI6ICJsb2NhbCBlbnRyeSBhc3NldCAvZ28tYXBwL2NhdGFsb2ctY2FzaC1mYXJlLmpzP3Y9MjAyNjA5MDctZGVwdGgxNCIsCiAgICAgICJwYXNzZWQiOiB0cnVlCiAgICB9LAogICAgewogICAgICAibmFtZSI6ICJzZXJ2ZWQgZXhhY3QgYXNzZXQgL2dvLWFwcC9jYXRhbG9nLWNhc2gtZmFyZS5qcz92PTIwMjYwOTA3LWRlcHRoMTQiLAogICAgICAicGFzc2VkIjogdHJ1ZQogICAgfSwKICAgIHsKICAgICAgIm5hbWUiOiAibG9jYWwgZW50cnkgYXNzZXQgL2dvLWFwcC9ib29raW5nLXRy
2026-09-10T08:11:31.7653279Z GO_EVIDENCE_B64 YXZlbGVycy5qcz92PTIwMjYwOTA4LWRlcHRoMjAiLAogICAgICAicGFzc2VkIjogdHJ1ZQogICAgfSwKICAgIHsKICAgICAgIm5hbWUiOiAic2VydmVkIGV4YWN0IGFzc2V0IC9nby1hcHAvYm9va2luZy10cmF2ZWxlcnMuanM/dj0yMDI2MDkwOC1kZXB0aDIwIiwKICAgICAgInBhc3NlZCI6IHRydWUKICAgIH0sCiAgICB7CiAgICAgICJuYW1lIjogImxvY2FsIGVudHJ5IGFzc2V0IC9nby1hcHAvY2F0YWxvZy1jcmVkaXQuanM/dj0yMDI2MDkwNy1kZXB0aDEyIiwKICAgICAgInBhc3NlZCI6IHRydWUKICAgIH0sCiAgICB7CiAg
2026-09-10T08:11:31.7659094Z GO_EVIDENCE_B64 ICAgICJuYW1lIjogInNlcnZlZCBleGFjdCBhc3NldCAvZ28tYXBwL2NhdGFsb2ctY3JlZGl0LmpzP3Y9MjAyNjA5MDctZGVwdGgxMiIsCiAgICAgICJwYXNzZWQiOiB0cnVlCiAgICB9LAogICAgewogICAgICAibmFtZSI6ICJsb2NhbCBlbnRyeSBhc3NldCAvZ28tYXBwL3JlbnRhbC1hZnRlci1zYWxlcy5qcz92PTIwMjYwOTA3LWRlcHRoMDYiLAogICAgICAicGFzc2VkIjogdHJ1ZQogICAgfSwKICAgIHsKICAgICAgIm5hbWUiOiAic2VydmVkIGV4YWN0IGFzc2V0IC9nby1hcHAvcmVudGFsLWFmdGVyLXNhbGVzLmpzP3Y9MjAy
2026-09-10T08:11:31.7664854Z GO_EVIDENCE_B64 NjA5MDctZGVwdGgwNiIsCiAgICAgICJwYXNzZWQiOiB0cnVlCiAgICB9LAogICAgewogICAgICAibmFtZSI6ICJsb2NhbCBlbnRyeSBhc3NldCAvZ28tYXBwL3ZhdWx0LW1hbmFnZXIuanM/dj0yMDI2MDkwNy1kZXB0aDA0IiwKICAgICAgInBhc3NlZCI6IHRydWUKICAgIH0sCiAgICB7CiAgICAgICJuYW1lIjogInNlcnZlZCBleGFjdCBhc3NldCAvZ28tYXBwL3ZhdWx0LW1hbmFnZXIuanM/dj0yMDI2MDkwNy1kZXB0aDA0IiwKICAgICAgInBhc3NlZCI6IHRydWUKICAgIH0sCiAgICB7CiAgICAgICJuYW1lIjogImxvY2FsIGVu
2026-09-10T08:11:31.7670448Z GO_EVIDENCE_B64 dHJ5IGFzc2V0IC9nby1hcHAvdHJhdmVsLXN0YXR1cy5qcz92PTIwMjYwOTA4LWRlcHRoMTkiLAogICAgICAicGFzc2VkIjogdHJ1ZQogICAgfSwKICAgIHsKICAgICAgIm5hbWUiOiAic2VydmVkIGV4YWN0IGFzc2V0IC9nby1hcHAvdHJhdmVsLXN0YXR1cy5qcz92PTIwMjYwOTA4LWRlcHRoMTkiLAogICAgICAicGFzc2VkIjogdHJ1ZQogICAgfSwKICAgIHsKICAgICAgIm5hbWUiOiAibG9jYWwgZW50cnkgYXNzZXQgL2dvLWFwcC9yYWlsLWF0dHJhY3Rpb24tYm9va2luZy5qcz92PTIwMjYwOTA4LWRlcHRoMjAiLAogICAgICAi
2026-09-10T08:11:31.7676507Z GO_EVIDENCE_B64 cGFzc2VkIjogdHJ1ZQogICAgfSwKICAgIHsKICAgICAgIm5hbWUiOiAic2VydmVkIGV4YWN0IGFzc2V0IC9nby1hcHAvcmFpbC1hdHRyYWN0aW9uLWJvb2tpbmcuanM/dj0yMDI2MDkwOC1kZXB0aDIwIiwKICAgICAgInBhc3NlZCI6IHRydWUKICAgIH0sCiAgICB7CiAgICAgICJuYW1lIjogInNlcnZlZCBleGFjdCBwYWdlIC9nby1hZG1pbi8iLAogICAgICAicGFzc2VkIjogdHJ1ZQogICAgfSwKICAgIHsKICAgICAgIm5hbWUiOiAibG9jYWwgZW50cnkgYXNzZXQgL2NvbnNvbGUtYXNzZXRzL3N0eWxlcy5jc3M/dj0yMDI2MDkw
2026-09-10T08:11:31.7682649Z GO_EVIDENCE_B64 OS1kZXB0aDI4IiwKICAgICAgInBhc3NlZCI6IHRydWUKICAgIH0sCiAgICB7CiAgICAgICJuYW1lIjogInNlcnZlZCBleGFjdCBhc3NldCAvY29uc29sZS1hc3NldHMvc3R5bGVzLmNzcz92PTIwMjYwOTA5LWRlcHRoMjgiLAogICAgICAicGFzc2VkIjogdHJ1ZQogICAgfSwKICAgIHsKICAgICAgIm5hbWUiOiAibG9jYWwgZW50cnkgYXNzZXQgL2dvLWFkbWluL2NvbmZpZy5qcz92PTIwMjYwODI1LXJjMjAuMyIsCiAgICAgICJwYXNzZWQiOiB0cnVlCiAgICB9LAogICAgewogICAgICAibmFtZSI6ICJzZXJ2ZWQgZXhhY3QgYXNz
2026-09-10T08:11:31.7689608Z GO_EVIDENCE_B64 ZXQgL2dvLWFkbWluL2NvbmZpZy5qcz92PTIwMjYwODI1LXJjMjAuMyIsCiAgICAgICJwYXNzZWQiOiB0cnVlCiAgICB9LAogICAgewogICAgICAibmFtZSI6ICJsb2NhbCBlbnRyeSBhc3NldCAvZ28tYWRtaW4vcGVyc29uYWwtdHJhdmVsLXZhdWx0LmpzP3Y9MjAyNjA4MjUtcmMyMC4zIiwKICAgICAgInBhc3NlZCI6IHRydWUKICAgIH0sCiAgICB7CiAgICAgICJuYW1lIjogInNlcnZlZCBleGFjdCBhc3NldCAvZ28tYWRtaW4vcGVyc29uYWwtdHJhdmVsLXZhdWx0LmpzP3Y9MjAyNjA4MjUtcmMyMC4zIiwKICAgICAgInBhc3Nl
2026-09-10T08:11:31.7696460Z GO_EVIDENCE_B64 ZCI6IHRydWUKICAgIH0sCiAgICB7CiAgICAgICJuYW1lIjogImxvY2FsIGVudHJ5IGFzc2V0IC9nby1hZG1pbi9jb25zdW1lci1ncm93dGgtZGlyZWN0LXZhbHVlLmpzP3Y9MjAyNjA4MjUtcmMyMC4zIiwKICAgICAgInBhc3NlZCI6IHRydWUKICAgIH0sCiAgICB7CiAgICAgICJuYW1lIjogInNlcnZlZCBleGFjdCBhc3NldCAvZ28tYWRtaW4vY29uc3VtZXItZ3Jvd3RoLWRpcmVjdC12YWx1ZS5qcz92PTIwMjYwODI1LXJjMjAuMyIsCiAgICAgICJwYXNzZWQiOiB0cnVlCiAgICB9LAogICAgewogICAgICAibmFtZSI6ICJsb2Nh
2026-09-10T08:11:31.7702227Z GO_EVIDENCE_B64 bCBlbnRyeSBhc3NldCAvZ28tYWRtaW4vY29tbWVyY2lhbC1vcy5qcz92PTIwMjYwODI1LXJjMjAuMyIsCiAgICAgICJwYXNzZWQiOiB0cnVlCiAgICB9LAogICAgewogICAgICAibmFtZSI6ICJzZXJ2ZWQgZXhhY3QgYXNzZXQgL2dvLWFkbWluL2NvbW1lcmNpYWwtb3MuanM/dj0yMDI2MDgyNS1yYzIwLjMiLAogICAgICAicGFzc2VkIjogdHJ1ZQogICAgfSwKICAgIHsKICAgICAgIm5hbWUiOiAibG9jYWwgZW50cnkgYXNzZXQgL2dvLWFkbWluL2dvb2QtaG90ZWwtc3RhbmRhcmQuanM/dj0yMDI2MDgyNS1yYzIwLjMiLAogICAg
2026-09-10T08:11:31.7707747Z GO_EVIDENCE_B64 ICAicGFzc2VkIjogdHJ1ZQogICAgfSwKICAgIHsKICAgICAgIm5hbWUiOiAic2VydmVkIGV4YWN0IGFzc2V0IC9nby1hZG1pbi9nb29kLWhvdGVsLXN0YW5kYXJkLmpzP3Y9MjAyNjA4MjUtcmMyMC4zIiwKICAgICAgInBhc3NlZCI6IHRydWUKICAgIH0sCiAgICB7CiAgICAgICJuYW1lIjogImxvY2FsIGVudHJ5IGFzc2V0IC9nby1hZG1pbi9wcm9kdWN0aW9uLWNvbm5lY3RvcnMuanM/dj0yMDI2MDgyNS1yYzIwLjMiLAogICAgICAicGFzc2VkIjogdHJ1ZQogICAgfSwKICAgIHsKICAgICAgIm5hbWUiOiAic2VydmVkIGV4YWN0
2026-09-10T08:11:31.7712813Z GO_EVIDENCE_B64 IGFzc2V0IC9nby1hZG1pbi9wcm9kdWN0aW9uLWNvbm5lY3RvcnMuanM/dj0yMDI2MDgyNS1yYzIwLjMiLAogICAgICAicGFzc2VkIjogdHJ1ZQogICAgfSwKICAgIHsKICAgICAgIm5hbWUiOiAibG9jYWwgZW50cnkgYXNzZXQgL2dvLWFkbWluL3Byb2R1Y3Rpb24tY29ubmVjdG9yLXJ1bnRpbWUuanM/dj0yMDI2MDgyNS1yYzIwLjMiLAogICAgICAicGFzc2VkIjogdHJ1ZQogICAgfSwKICAgIHsKICAgICAgIm5hbWUiOiAic2VydmVkIGV4YWN0IGFzc2V0IC9nby1hZG1pbi9wcm9kdWN0aW9uLWNvbm5lY3Rvci1ydW50aW1lLmpz
2026-09-10T08:11:31.7717590Z GO_EVIDENCE_B64 P3Y9MjAyNjA4MjUtcmMyMC4zIiwKICAgICAgInBhc3NlZCI6IHRydWUKICAgIH0sCiAgICB7CiAgICAgICJuYW1lIjogImxvY2FsIGVudHJ5IGFzc2V0IC9nby1hZG1pbi9jb25uZWN0b3ItYWN0aXZhdGlvbi1yZWFkaW5lc3MuanM/dj0yMDI2MDgyNS1yYzIwLjMiLAogICAgICAicGFzc2VkIjogdHJ1ZQogICAgfSwKICAgIHsKICAgICAgIm5hbWUiOiAic2VydmVkIGV4YWN0IGFzc2V0IC9nby1hZG1pbi9jb25uZWN0b3ItYWN0aXZhdGlvbi1yZWFkaW5lc3MuanM/dj0yMDI2MDgyNS1yYzIwLjMiLAogICAgICAicGFzc2VkIjog
2026-09-10T08:11:31.7722587Z GO_EVIDENCE_B64 dHJ1ZQogICAgfSwKICAgIHsKICAgICAgIm5hbWUiOiAibG9jYWwgZW50cnkgYXNzZXQgL2dvLWFkbWluL3BhaXJlZC1jb25uZWN0b3ItcGlsb3QuanM/dj0yMDI2MDgyNS1yYzIwLjMiLAogICAgICAicGFzc2VkIjogdHJ1ZQogICAgfSwKICAgIHsKICAgICAgIm5hbWUiOiAic2VydmVkIGV4YWN0IGFzc2V0IC9nby1hZG1pbi9wYWlyZWQtY29ubmVjdG9yLXBpbG90LmpzP3Y9MjAyNjA4MjUtcmMyMC4zIiwKICAgICAgInBhc3NlZCI6IHRydWUKICAgIH0sCiAgICB7CiAgICAgICJuYW1lIjogImxvY2FsIGVudHJ5IGFzc2V0IC9n
2026-09-10T08:11:31.7728200Z GO_EVIDENCE_B64 by1hZG1pbi9leHRlcm5hbC1zYW5kYm94LWNlcnRpZmljYXRpb24uanM/dj0yMDI2MDgyNS1yYzIwLjMiLAogICAgICAicGFzc2VkIjogdHJ1ZQogICAgfSwKICAgIHsKICAgICAgIm5hbWUiOiAic2VydmVkIGV4YWN0IGFzc2V0IC9nby1hZG1pbi9leHRlcm5hbC1zYW5kYm94LWNlcnRpZmljYXRpb24uanM/dj0yMDI2MDgyNS1yYzIwLjMiLAogICAgICAicGFzc2VkIjogdHJ1ZQogICAgfSwKICAgIHsKICAgICAgIm5hbWUiOiAibG9jYWwgZW50cnkgYXNzZXQgL2dvLWFkbWluL25hbWVkLXN1cHBsaWVyLWV4ZWN1dGlvbi5qcz92
2026-09-10T08:11:31.7736203Z GO_EVIDENCE_B64 PTIwMjYwODI1LXJjMjAuMyIsCiAgICAgICJwYXNzZWQiOiB0cnVlCiAgICB9LAogICAgewogICAgICAibmFtZSI6ICJzZXJ2ZWQgZXhhY3QgYXNzZXQgL2dvLWFkbWluL25hbWVkLXN1cHBsaWVyLWV4ZWN1dGlvbi5qcz92PTIwMjYwODI1LXJjMjAuMyIsCiAgICAgICJwYXNzZWQiOiB0cnVlCiAgICB9LAogICAgewogICAgICAibmFtZSI6ICJsb2NhbCBlbnRyeSBhc3NldCAvZ28tYWRtaW4vaG9zdGVkLWRpcmVjdC1ib29raW5nLmpzP3Y9MjAyNjA4MjUtcmMyMC4zIiwKICAgICAgInBhc3NlZCI6IHRydWUKICAgIH0sCiAgICB7
2026-09-10T08:11:31.7743351Z GO_EVIDENCE_B64 CiAgICAgICJuYW1lIjogInNlcnZlZCBleGFjdCBhc3NldCAvZ28tYWRtaW4vaG9zdGVkLWRpcmVjdC1ib29raW5nLmpzP3Y9MjAyNjA4MjUtcmMyMC4zIiwKICAgICAgInBhc3NlZCI6IHRydWUKICAgIH0sCiAgICB7CiAgICAgICJuYW1lIjogImxvY2FsIGVudHJ5IGFzc2V0IC9nby1hZG1pbi9ob3N0ZWQtY29udGVudC1hY2NlcHRhbmNlLmpzP3Y9MjAyNjA4MjUtcmMyMC4zIiwKICAgICAgInBhc3NlZCI6IHRydWUKICAgIH0sCiAgICB7CiAgICAgICJuYW1lIjogInNlcnZlZCBleGFjdCBhc3NldCAvZ28tYWRtaW4vaG9zdGVk
2026-09-10T08:11:31.7749444Z GO_EVIDENCE_B64 LWNvbnRlbnQtYWNjZXB0YW5jZS5qcz92PTIwMjYwODI1LXJjMjAuMyIsCiAgICAgICJwYXNzZWQiOiB0cnVlCiAgICB9LAogICAgewogICAgICAibmFtZSI6ICJsb2NhbCBlbnRyeSBhc3NldCAvZ28tYWRtaW4vaG9zdGVkLXJlc2VydmF0aW9uLW9wZXJhdGlvbnMuanM/dj0yMDI2MDgyNS1yYzIwLjMiLAogICAgICAicGFzc2VkIjogdHJ1ZQogICAgfSwKICAgIHsKICAgICAgIm5hbWUiOiAic2VydmVkIGV4YWN0IGFzc2V0IC9nby1hZG1pbi9ob3N0ZWQtcmVzZXJ2YXRpb24tb3BlcmF0aW9ucy5qcz92PTIwMjYwODI1LXJjMjAu
2026-09-10T08:11:31.7754980Z GO_EVIDENCE_B64 MyIsCiAgICAgICJwYXNzZWQiOiB0cnVlCiAgICB9LAogICAgewogICAgICAibmFtZSI6ICJsb2NhbCBlbnRyeSBhc3NldCAvZ28tYWRtaW4vaG9zdGVkLWZyb250ZGVzay1jb21tYW5kLWNlbnRlci5qcz92PTIwMjYwODI1LXJjMjAuMyIsCiAgICAgICJwYXNzZWQiOiB0cnVlCiAgICB9LAogICAgewogICAgICAibmFtZSI6ICJzZXJ2ZWQgZXhhY3QgYXNzZXQgL2dvLWFkbWluL2hvc3RlZC1mcm9udGRlc2stY29tbWFuZC1jZW50ZXIuanM/dj0yMDI2MDgyNS1yYzIwLjMiLAogICAgICAicGFzc2VkIjogdHJ1ZQogICAgfSwKICAg
2026-09-10T08:11:31.7760837Z GO_EVIDENCE_B64 IHsKICAgICAgIm5hbWUiOiAibG9jYWwgZW50cnkgYXNzZXQgL2dvLWFkbWluL2FsaXBheS1zYWZlZ3VhcmRlZC1zZXR0bGVtZW50LmpzP3Y9MjAyNjA4MjUtcmMyMC4zIiwKICAgICAgInBhc3NlZCI6IHRydWUKICAgIH0sCiAgICB7CiAgICAgICJuYW1lIjogInNlcnZlZCBleGFjdCBhc3NldCAvZ28tYWRtaW4vYWxpcGF5LXNhZmVndWFyZGVkLXNldHRsZW1lbnQuanM/dj0yMDI2MDgyNS1yYzIwLjMiLAogICAgICAicGFzc2VkIjogdHJ1ZQogICAgfSwKICAgIHsKICAgICAgIm5hbWUiOiAibG9jYWwgZW50cnkgYXNzZXQgL2dv
2026-09-10T08:11:31.7767019Z GO_EVIDENCE_B64 LWFkbWluL3N0YXktb3BlcmF0aW9ucy1jb21tYW5kLWNlbnRlci5qcz92PTIwMjYwODI1LXJjMjAuMyIsCiAgICAgICJwYXNzZWQiOiB0cnVlCiAgICB9LAogICAgewogICAgICAibmFtZSI6ICJzZXJ2ZWQgZXhhY3QgYXNzZXQgL2dvLWFkbWluL3N0YXktb3BlcmF0aW9ucy1jb21tYW5kLWNlbnRlci5qcz92PTIwMjYwODI1LXJjMjAuMyIsCiAgICAgICJwYXNzZWQiOiB0cnVlCiAgICB9LAogICAgewogICAgICAibmFtZSI6ICJsb2NhbCBlbnRyeSBhc3NldCAvZ28tYWRtaW4vZGlzcHV0ZS1yZWNvbmNpbGlhdGlvbi1jb21tYW5k
2026-09-10T08:11:31.7772962Z GO_EVIDENCE_B64 LWNlbnRlci5qcz92PTIwMjYwODI1LXJjMjAuMyIsCiAgICAgICJwYXNzZWQiOiB0cnVlCiAgICB9LAogICAgewogICAgICAibmFtZSI6ICJzZXJ2ZWQgZXhhY3QgYXNzZXQgL2dvLWFkbWluL2Rpc3B1dGUtcmVjb25jaWxpYXRpb24tY29tbWFuZC1jZW50ZXIuanM/dj0yMDI2MDgyNS1yYzIwLjMiLAogICAgICAicGFzc2VkIjogdHJ1ZQogICAgfSwKICAgIHsKICAgICAgIm5hbWUiOiAibG9jYWwgZW50cnkgYXNzZXQgL2dvLWFkbWluL2FkbWluLXV4LmpzP3Y9MjAyNjA4MjUtcmMyMC4zIiwKICAgICAgInBhc3NlZCI6IHRydWUK
2026-09-10T08:11:31.7778435Z GO_EVIDENCE_B64 ICAgIH0sCiAgICB7CiAgICAgICJuYW1lIjogInNlcnZlZCBleGFjdCBhc3NldCAvZ28tYWRtaW4vYWRtaW4tdXguanM/dj0yMDI2MDgyNS1yYzIwLjMiLAogICAgICAicGFzc2VkIjogdHJ1ZQogICAgfSwKICAgIHsKICAgICAgIm5hbWUiOiAibG9jYWwgZW50cnkgYXNzZXQgL2dvLWFkbWluL2hvdGVsLXBhZ2UtZmFjdG9yeS5qcz92PTIwMjYwODI1LXJjMjAuMyIsCiAgICAgICJwYXNzZWQiOiB0cnVlCiAgICB9LAogICAgewogICAgICAibmFtZSI6ICJzZXJ2ZWQgZXhhY3QgYXNzZXQgL2dvLWFkbWluL2hvdGVsLXBhZ2UtZmFj
2026-09-10T08:11:31.7783548Z GO_EVIDENCE_B64 dG9yeS5qcz92PTIwMjYwODI1LXJjMjAuMyIsCiAgICAgICJwYXNzZWQiOiB0cnVlCiAgICB9LAogICAgewogICAgICAibmFtZSI6ICJsb2NhbCBlbnRyeSBhc3NldCAvZ28tYWRtaW4vaG9zdGVkLWZhdWx0LWZpbmFuY2UuanM/dj0yMDI2MDkwNy1kZXB0aDExIiwKICAgICAgInBhc3NlZCI6IHRydWUKICAgIH0sCiAgICB7CiAgICAgICJuYW1lIjogInNlcnZlZCBleGFjdCBhc3NldCAvZ28tYWRtaW4vaG9zdGVkLWZhdWx0LWZpbmFuY2UuanM/dj0yMDI2MDkwNy1kZXB0aDExIiwKICAgICAgInBhc3NlZCI6IHRydWUKICAgIH0s
2026-09-10T08:11:31.7789510Z GO_EVIDENCE_B64 CiAgICB7CiAgICAgICJuYW1lIjogImxvY2FsIGVudHJ5IGFzc2V0IC9nby1hZG1pbi9ob3N0ZWQtZGlzcnVwdGlvbi5qcz92PTIwMjYwOTA3LWRlcHRoMTAiLAogICAgICAicGFzc2VkIjogdHJ1ZQogICAgfSwKICAgIHsKICAgICAgIm5hbWUiOiAic2VydmVkIGV4YWN0IGFzc2V0IC9nby1hZG1pbi9ob3N0ZWQtZGlzcnVwdGlvbi5qcz92PTIwMjYwOTA3LWRlcHRoMTAiLAogICAgICAicGFzc2VkIjogdHJ1ZQogICAgfSwKICAgIHsKICAgICAgIm5hbWUiOiAibG9jYWwgZW50cnkgYXNzZXQgL2NvbnNvbGUtYXNzZXRzL2NhdGFs
2026-09-10T08:11:31.7796415Z GO_EVIDENCE_B64 b2ctcmVtZWR5LmpzP3Y9MjAyNjA5MDctZGVwdGgxMSIsCiAgICAgICJwYXNzZWQiOiB0cnVlCiAgICB9LAogICAgewogICAgICAibmFtZSI6ICJzZXJ2ZWQgZXhhY3QgYXNzZXQgL2NvbnNvbGUtYXNzZXRzL2NhdGFsb2ctcmVtZWR5LmpzP3Y9MjAyNjA5MDctZGVwdGgxMSIsCiAgICAgICJwYXNzZWQiOiB0cnVlCiAgICB9LAogICAgewogICAgICAibmFtZSI6ICJsb2NhbCBlbnRyeSBhc3NldCAvY29uc29sZS1hc3NldHMvYXBwLmpzP3Y9MjAyNjA5MDktZGVwdGgyOCIsCiAgICAgICJwYXNzZWQiOiB0cnVlCiAgICB9LAogICAg
2026-09-10T08:11:31.7803295Z GO_EVIDENCE_B64 ewogICAgICAibmFtZSI6ICJzZXJ2ZWQgZXhhY3QgYXNzZXQgL2NvbnNvbGUtYXNzZXRzL2FwcC5qcz92PTIwMjYwOTA5LWRlcHRoMjgiLAogICAgICAicGFzc2VkIjogdHJ1ZQogICAgfSwKICAgIHsKICAgICAgIm5hbWUiOiAic2VydmVkIGV4YWN0IHBhZ2UgL3N1cHBsaWVyLWNvbnNvbGUvIiwKICAgICAgInBhc3NlZCI6IHRydWUKICAgIH0sCiAgICB7CiAgICAgICJuYW1lIjogImxvY2FsIGVudHJ5IGFzc2V0IC9jb25zb2xlLWFzc2V0cy9zdHlsZXMuY3NzP3Y9MjAyNjA5MDktZGVwdGgyOCIsCiAgICAgICJwYXNzZWQiOiB0
2026-09-10T08:11:31.7809535Z GO_EVIDENCE_B64 cnVlCiAgICB9LAogICAgewogICAgICAibmFtZSI6ICJzZXJ2ZWQgZXhhY3QgYXNzZXQgL2NvbnNvbGUtYXNzZXRzL3N0eWxlcy5jc3M/dj0yMDI2MDkwOS1kZXB0aDI4IiwKICAgICAgInBhc3NlZCI6IHRydWUKICAgIH0sCiAgICB7CiAgICAgICJuYW1lIjogImxvY2FsIGVudHJ5IGFzc2V0IC9zdXBwbGllci1jb25zb2xlL2NvbmZpZy5qcz92PTIwMjYwODI1LXJjMjAuMyIsCiAgICAgICJwYXNzZWQiOiB0cnVlCiAgICB9LAogICAgewogICAgICAibmFtZSI6ICJzZXJ2ZWQgZXhhY3QgYXNzZXQgL3N1cHBsaWVyLWNvbnNvbGUv
2026-09-10T08:11:31.7814826Z GO_EVIDENCE_B64 Y29uZmlnLmpzP3Y9MjAyNjA4MjUtcmMyMC4zIiwKICAgICAgInBhc3NlZCI6IHRydWUKICAgIH0sCiAgICB7CiAgICAgICJuYW1lIjogImxvY2FsIGVudHJ5IGFzc2V0IC9zdXBwbGllci1jb25zb2xlL2RpcmVjdC12YWx1ZS1lY29ub21pY3MuanM/dj0yMDI2MDgyNS1yYzIwLjMiLAogICAgICAicGFzc2VkIjogdHJ1ZQogICAgfSwKICAgIHsKICAgICAgIm5hbWUiOiAic2VydmVkIGV4YWN0IGFzc2V0IC9zdXBwbGllci1jb25zb2xlL2RpcmVjdC12YWx1ZS1lY29ub21pY3MuanM/dj0yMDI2MDgyNS1yYzIwLjMiLAogICAgICAi
2026-09-10T08:11:31.7820666Z GO_EVIDENCE_B64 cGFzc2VkIjogdHJ1ZQogICAgfSwKICAgIHsKICAgICAgIm5hbWUiOiAibG9jYWwgZW50cnkgYXNzZXQgL2NvbnNvbGUtYXNzZXRzL2NhdGFsb2ctcmVtZWR5LmpzP3Y9MjAyNjA5MDctZGVwdGgxMSIsCiAgICAgICJwYXNzZWQiOiB0cnVlCiAgICB9LAogICAgewogICAgICAibmFtZSI6ICJzZXJ2ZWQgZXhhY3QgYXNzZXQgL2NvbnNvbGUtYXNzZXRzL2NhdGFsb2ctcmVtZWR5LmpzP3Y9MjAyNjA5MDctZGVwdGgxMSIsCiAgICAgICJwYXNzZWQiOiB0cnVlCiAgICB9LAogICAgewogICAgICAibmFtZSI6ICJsb2NhbCBlbnRyeSBh
2026-09-10T08:11:31.7826456Z GO_EVIDENCE_B64 c3NldCAvc3VwcGxpZXItY29uc29sZS9jYXRhbG9nLWZhcmUuanM/dj0yMDI2MDkwNy1kZXB0aDEzIiwKICAgICAgInBhc3NlZCI6IHRydWUKICAgIH0sCiAgICB7CiAgICAgICJuYW1lIjogInNlcnZlZCBleGFjdCBhc3NldCAvc3VwcGxpZXItY29uc29sZS9jYXRhbG9nLWZhcmUuanM/dj0yMDI2MDkwNy1kZXB0aDEzIiwKICAgICAgInBhc3NlZCI6IHRydWUKICAgIH0sCiAgICB7CiAgICAgICJuYW1lIjogImxvY2FsIGVudHJ5IGFzc2V0IC9jb25zb2xlLWFzc2V0cy9hcHAuanM/dj0yMDI2MDkwOS1kZXB0aDI4IiwKICAgICAg
2026-09-10T08:11:31.7832132Z GO_EVIDENCE_B64 InBhc3NlZCI6IHRydWUKICAgIH0sCiAgICB7CiAgICAgICJuYW1lIjogInNlcnZlZCBleGFjdCBhc3NldCAvY29uc29sZS1hc3NldHMvYXBwLmpzP3Y9MjAyNjA5MDktZGVwdGgyOCIsCiAgICAgICJwYXNzZWQiOiB0cnVlCiAgICB9LAogICAgewogICAgICAibmFtZSI6ICJzZXJ2ZWQgZXhhY3QgcGFnZSAvZ28tYXBwL2RpcmVjdC5odG1sIiwKICAgICAgInBhc3NlZCI6IHRydWUKICAgIH0sCiAgICB7CiAgICAgICJuYW1lIjogImxvY2FsIGVudHJ5IGFzc2V0IC9nby1hcHAvZGlyZWN0LmNzcz92PTIwMjYwOTA3LWRlcHRoMTAi
2026-09-10T08:11:31.7838355Z GO_EVIDENCE_B64 LAogICAgICAicGFzc2VkIjogdHJ1ZQogICAgfSwKICAgIHsKICAgICAgIm5hbWUiOiAic2VydmVkIGV4YWN0IGFzc2V0IC9nby1hcHAvZGlyZWN0LmNzcz92PTIwMjYwOTA3LWRlcHRoMTAiLAogICAgICAicGFzc2VkIjogdHJ1ZQogICAgfSwKICAgIHsKICAgICAgIm5hbWUiOiAibG9jYWwgZW50cnkgYXNzZXQgL2dvLWFwcC9ib29raW5nLXRyYXZlbGVycy5jc3M/dj0yMDI2MDkwNy1tYXN0ZXIwMyIsCiAgICAgICJwYXNzZWQiOiB0cnVlCiAgICB9LAogICAgewogICAgICAibmFtZSI6ICJzZXJ2ZWQgZXhhY3QgYXNzZXQgL2dv
2026-09-10T08:11:31.7844449Z GO_EVIDENCE_B64 LWFwcC9ib29raW5nLXRyYXZlbGVycy5jc3M/dj0yMDI2MDkwNy1tYXN0ZXIwMyIsCiAgICAgICJwYXNzZWQiOiB0cnVlCiAgICB9LAogICAgewogICAgICAibmFtZSI6ICJsb2NhbCBlbnRyeSBhc3NldCAvZ28tYXBwL2RpcmVjdC1mYXJlLmpzP3Y9MjAyNjA5MDctZGVwdGgxMCIsCiAgICAgICJwYXNzZWQiOiB0cnVlCiAgICB9LAogICAgewogICAgICAibmFtZSI6ICJzZXJ2ZWQgZXhhY3QgYXNzZXQgL2dvLWFwcC9kaXJlY3QtZmFyZS5qcz92PTIwMjYwOTA3LWRlcHRoMTAiLAogICAgICAicGFzc2VkIjogdHJ1ZQogICAgfSwK
2026-09-10T08:11:31.7850408Z GO_EVIDENCE_B64 ICAgIHsKICAgICAgIm5hbWUiOiAibG9jYWwgZW50cnkgYXNzZXQgL2dvLWFwcC9kaXJlY3QtYWZ0ZXItc2FsZXMuanM/dj0yMDI2MDkwNy1kZXB0aDExIiwKICAgICAgInBhc3NlZCI6IHRydWUKICAgIH0sCiAgICB7CiAgICAgICJuYW1lIjogInNlcnZlZCBleGFjdCBhc3NldCAvZ28tYXBwL2RpcmVjdC1hZnRlci1zYWxlcy5qcz92PTIwMjYwOTA3LWRlcHRoMTEiLAogICAgICAicGFzc2VkIjogdHJ1ZQogICAgfSwKICAgIHsKICAgICAgIm5hbWUiOiAibG9jYWwgZW50cnkgYXNzZXQgL2dvLWFwcC9kaXJlY3QtY3JlZGl0Lmpz
2026-09-10T08:11:31.7856733Z GO_EVIDENCE_B64 P3Y9MjAyNjA5MDctZGVwdGgxMCIsCiAgICAgICJwYXNzZWQiOiB0cnVlCiAgICB9LAogICAgewogICAgICAibmFtZSI6ICJzZXJ2ZWQgZXhhY3QgYXNzZXQgL2dvLWFwcC9kaXJlY3QtY3JlZGl0LmpzP3Y9MjAyNjA5MDctZGVwdGgxMCIsCiAgICAgICJwYXNzZWQiOiB0cnVlCiAgICB9LAogICAgewogICAgICAibmFtZSI6ICJsb2NhbCBlbnRyeSBhc3NldCAvZ28tYXBwL2RpcmVjdC5qcz92PTIwMjYwOTA3LWRlcHRoMTAiLAogICAgICAicGFzc2VkIjogdHJ1ZQogICAgfSwKICAgIHsKICAgICAgIm5hbWUiOiAic2VydmVkIGV4
2026-09-10T08:11:31.7863578Z GO_EVIDENCE_B64 YWN0IGFzc2V0IC9nby1hcHAvZGlyZWN0LmpzP3Y9MjAyNjA5MDctZGVwdGgxMCIsCiAgICAgICJwYXNzZWQiOiB0cnVlCiAgICB9LAogICAgewogICAgICAibmFtZSI6ICJjb25zdW1lciB1bmF1dGhlbnRpY2F0ZWQiLAogICAgICAicGFzc2VkIjogdHJ1ZQogICAgfSwKICAgIHsKICAgICAgIm5hbWUiOiAiY29uc3VtZXIgbG9naW4iLAogICAgICAicGFzc2VkIjogdHJ1ZQogICAgfSwKICAgIHsKICAgICAgIm5hbWUiOiAiY29uc3VtZXIgaWRlbnRpdHkgbWF0Y2hlcyIsCiAgICAgICJwYXNzZWQiOiB0cnVlCiAgICB9LAogICAg
2026-09-10T08:11:31.7870908Z GO_EVIDENCE_B64 ewogICAgICAibmFtZSI6ICJzdXBwbGllciBsb2dpbiIsCiAgICAgICJwYXNzZWQiOiB0cnVlCiAgICB9LAogICAgewogICAgICAibmFtZSI6ICJzdXBwbGllciByb2xlIiwKICAgICAgInBhc3NlZCI6IHRydWUKICAgIH0sCiAgICB7CiAgICAgICJuYW1lIjogInN1cHBsaWVyIG93bmVyc2hpcCIsCiAgICAgICJwYXNzZWQiOiB0cnVlCiAgICB9LAogICAgewogICAgICAibmFtZSI6ICJjb25zdW1lciBzdXJ2aXZlcyBjb25zb2xlIGxvZ2luIiwKICAgICAgInBhc3NlZCI6IHRydWUKICAgIH0sCiAgICB7CiAgICAgICJuYW1lIjog
2026-09-10T08:11:31.7878022Z GO_EVIDENCE_B64 InN1cHBsaWVyIHJlZnJlc2giLAogICAgICAicGFzc2VkIjogdHJ1ZQogICAgfSwKICAgIHsKICAgICAgIm5hbWUiOiAic3VwcGxpZXIgcmVmcmVzaCByb3RhdGVzIHRva2VuIiwKICAgICAgInBhc3NlZCI6IHRydWUKICAgIH0sCiAgICB7CiAgICAgICJuYW1lIjogInN1cHBsaWVyIHdyb25nLXJvbGUgbG9naW4gcmVqZWN0ZWQiLAogICAgICAicGFzc2VkIjogdHJ1ZQogICAgfSwKICAgIHsKICAgICAgIm5hbWUiOiAic3VwcGxpZXIgd3Jvbmctcm9sZSBsZWF2ZXMgaWRlbnRpdHkiLAogICAgICAicGFzc2VkIjogdHJ1ZQogICAg
2026-09-10T08:11:31.7885039Z GO_EVIDENCE_B64 fSwKICAgIHsKICAgICAgIm5hbWUiOiAic3VwcGxpZXIgbG9nb3V0IiwKICAgICAgInBhc3NlZCI6IHRydWUKICAgIH0sCiAgICB7CiAgICAgICJuYW1lIjogInN1cHBsaWVyIHByb3RlY3RlZCByZWFkIGRlbmllZCBhZnRlciBsb2dvdXQiLAogICAgICAicGFzc2VkIjogdHJ1ZQogICAgfSwKICAgIHsKICAgICAgIm5hbWUiOiAiY29uc3VtZXIgc3Vydml2ZXMgc3VwcGxpZXIgbG9nb3V0IiwKICAgICAgInBhc3NlZCI6IHRydWUKICAgIH0sCiAgICB7CiAgICAgICJuYW1lIjogImFkbWluIGxvZ2luIiwKICAgICAgInBhc3NlZCI6
2026-09-10T08:11:31.7891951Z GO_EVIDENCE_B64 IHRydWUKICAgIH0sCiAgICB7CiAgICAgICJuYW1lIjogImFkbWluIHJvbGUiLAogICAgICAicGFzc2VkIjogdHJ1ZQogICAgfSwKICAgIHsKICAgICAgIm5hbWUiOiAiY29uc3VtZXIgc3Vydml2ZXMgY29uc29sZSBsb2dpbiIsCiAgICAgICJwYXNzZWQiOiB0cnVlCiAgICB9LAogICAgewogICAgICAibmFtZSI6ICJhZG1pbiByZWZyZXNoIiwKICAgICAgInBhc3NlZCI6IHRydWUKICAgIH0sCiAgICB7CiAgICAgICJuYW1lIjogImFkbWluIHJlZnJlc2ggcm90YXRlcyB0b2tlbiIsCiAgICAgICJwYXNzZWQiOiB0cnVlCiAgICB9
2026-09-10T08:11:31.7898935Z GO_EVIDENCE_B64 LAogICAgewogICAgICAibmFtZSI6ICJhZG1pbiB3cm9uZy1yb2xlIGxvZ2luIHJlamVjdGVkIiwKICAgICAgInBhc3NlZCI6IHRydWUKICAgIH0sCiAgICB7CiAgICAgICJuYW1lIjogImFkbWluIHdyb25nLXJvbGUgbGVhdmVzIGlkZW50aXR5IiwKICAgICAgInBhc3NlZCI6IHRydWUKICAgIH0sCiAgICB7CiAgICAgICJuYW1lIjogImFkbWluIGxvZ291dCIsCiAgICAgICJwYXNzZWQiOiB0cnVlCiAgICB9LAogICAgewogICAgICAibmFtZSI6ICJhZG1pbiBwcm90ZWN0ZWQgcmVhZCBkZW5pZWQgYWZ0ZXIgbG9nb3V0IiwKICAg
2026-09-10T08:11:31.7906076Z GO_EVIDENCE_B64 ICAgInBhc3NlZCI6IHRydWUKICAgIH0sCiAgICB7CiAgICAgICJuYW1lIjogImNvbnN1bWVyIHN1cnZpdmVzIGFkbWluIGxvZ291dCIsCiAgICAgICJwYXNzZWQiOiB0cnVlCiAgICB9LAogICAgewogICAgICAibmFtZSI6ICJjb25zdW1lciByZWZyZXNoIiwKICAgICAgInBhc3NlZCI6IHRydWUKICAgIH0sCiAgICB7CiAgICAgICJuYW1lIjogImNvbnN1bWVyIHJlZnJlc2ggcm90YXRlcyB0b2tlbiIsCiAgICAgICJwYXNzZWQiOiB0cnVlCiAgICB9LAogICAgewogICAgICAibmFtZSI6ICJjb25zdW1lciBsb2dvdXQiLAogICAg
2026-09-10T08:11:31.7912989Z GO_EVIDENCE_B64 ICAicGFzc2VkIjogdHJ1ZQogICAgfSwKICAgIHsKICAgICAgIm5hbWUiOiAiY29uc3VtZXIgcHJvdGVjdGVkIHJlYWQgZGVuaWVkIGFmdGVyIGxvZ291dCIsCiAgICAgICJwYXNzZWQiOiB0cnVlCiAgICB9LAogICAgewogICAgICAibmFtZSI6ICJjb25zdW1lciByZWZyZXNoIGRlbmllZCBhZnRlciBsb2dvdXQiLAogICAgICAicGFzc2VkIjogdHJ1ZQogICAgfSwKICAgIHsKICAgICAgIm5hbWUiOiAiZXhpc3Rpbmcgc3RhdGUgcHJlc2VydmVkIiwKICAgICAgInBhc3NlZCI6IHRydWUKICAgIH0KICBdLAogICJyZXF1ZXN0cyI6
2026-09-10T08:11:31.7920002Z GO_EVIDENCE_B64 IFsKICAgIHsKICAgICAgInBhdGgiOiAiL2hlYWx0aCIsCiAgICAgICJtZXRob2QiOiAiR0VUIiwKICAgICAgInN0YXR1cyI6IDIwMCwKICAgICAgInJlc3BvbnNlX3NoYTI1NiI6ICIxZDljODAwZDQ1NTM2YjliNzgxNWU4ZmU4NzFkYzI4ZjE0ZWEyN2ZkNmM1ODIxNGM1OGZiYzgxZGJjZTRlMDQ1IiwKICAgICAgInNvdXJjZV90cmVlX2hlYWRlciI6ICJjNThlZGIwYzA1NjhjM2Y5ZmU4MGJhMDE0YzI2MDUxM2EwN2E4ZTc0YjIxMWI2MDhhZGU0ZDkwNTJmODY0NWIzIgogICAgfSwKICAgIHsKICAgICAgInBhdGgiOiAiL19fYWNj
2026-09-10T08:11:31.7926944Z GO_EVIDENCE_B64 ZXB0YW5jZS9iaW5kaW5nIiwKICAgICAgIm1ldGhvZCI6ICJHRVQiLAogICAgICAic3RhdHVzIjogMjAwLAogICAgICAicmVzcG9uc2Vfc2hhMjU2IjogIjc2ZjRhNTQ4ODZmZDEzYzAxYmM4YmNjNjM2OWMzNmJiN2NlMDhiM2ZjNTBiMTEwOGZjYTJhNzc0YzA0ZTQzNmYiLAogICAgICAic291cmNlX3RyZWVfaGVhZGVyIjogImM1OGVkYjBjMDU2OGMzZjlmZTgwYmEwMTRjMjYwNTEzYTA3YThlNzRiMjExYjYwOGFkZTRkOTA1MmY4NjQ1YjMiCiAgICB9LAogICAgewogICAgICAicGF0aCI6ICIvaGVhbHRoIiwKICAgICAgIm1ldGhv
2026-09-10T08:11:31.7933935Z GO_EVIDENCE_B64 ZCI6ICJHRVQiLAogICAgICAic3RhdHVzIjogNDAzLAogICAgICAicmVzcG9uc2Vfc2hhMjU2IjogImFiNjg5ZTg5NzdlODc2NzExOWQ3NDIwMThkODg4ZTkwMjI2MjFmNWZkZmJhNGMzNjc3NjM1ZGVlYTU0OGZiMDciLAogICAgICAic291cmNlX3RyZWVfaGVhZGVyIjogbnVsbAogICAgfSwKICAgIHsKICAgICAgInBhdGgiOiAiL2dvLWFwcC8iLAogICAgICAibWV0aG9kIjogIkdFVCIsCiAgICAgICJzdGF0dXMiOiAyMDAsCiAgICAgICJyZXNwb25zZV9zaGEyNTYiOiAiNjYxYjQ0OWFmMmU4NGFjYTZkNmFhOWI1MThjMWJlMTVj
2026-09-10T08:11:31.7940865Z GO_EVIDENCE_B64 NDBkYjhkYjY3ZTI2OGI4NTU5MDc0OGI0MmM5OTg4YSIsCiAgICAgICJzb3VyY2VfdHJlZV9oZWFkZXIiOiAiYzU4ZWRiMGMwNTY4YzNmOWZlODBiYTAxNGMyNjA1MTNhMDdhOGU3NGIyMTFiNjA4YWRlNGQ5MDUyZjg2NDViMyIKICAgIH0sCiAgICB7CiAgICAgICJwYXRoIjogIi9nby1hcHAvc3R5bGVzLmNzcz92PTIwMjYwOTA5LWRlcHRoMjgiLAogICAgICAibWV0aG9kIjogIkdFVCIsCiAgICAgICJzdGF0dXMiOiAyMDAsCiAgICAgICJyZXNwb25zZV9zaGEyNTYiOiAiMjE5MmQyNDZjODdkY2Q4ZjAwZDdjYTUyOGJhYThjMGQy
2026-09-10T08:11:31.7947864Z GO_EVIDENCE_B64 MjQzMjI4NTZhNTBmYTEyYWY1OTdkMzM0NDhkNzc5ZiIsCiAgICAgICJzb3VyY2VfdHJlZV9oZWFkZXIiOiAiYzU4ZWRiMGMwNTY4YzNmOWZlODBiYTAxNGMyNjA1MTNhMDdhOGU3NGIyMTFiNjA4YWRlNGQ5MDUyZjg2NDViMyIKICAgIH0sCiAgICB7CiAgICAgICJwYXRoIjogIi9nby1hcHAvdmktcmVmZXJlbmNlLTEwLmNzcz92PTIwMjYwOTA5LWRlcHRoMjgiLAogICAgICAibWV0aG9kIjogIkdFVCIsCiAgICAgICJzdGF0dXMiOiAyMDAsCiAgICAgICJyZXNwb25zZV9zaGEyNTYiOiAiOWQ3NmIwNjk3ZmE0MGNjNTU0ZGYzNjE3
2026-09-10T08:11:31.7954823Z GO_EVIDENCE_B64 ODE5MTMzZmVhOGUwYzhkODVkNGE0YTg4MmUyYTEyZmE4NmQ5ZjEyNCIsCiAgICAgICJzb3VyY2VfdHJlZV9oZWFkZXIiOiAiYzU4ZWRiMGMwNTY4YzNmOWZlODBiYTAxNGMyNjA1MTNhMDdhOGU3NGIyMTFiNjA4YWRlNGQ5MDUyZjg2NDViMyIKICAgIH0sCiAgICB7CiAgICAgICJwYXRoIjogIi9nby1hcHAvZmxpZ2h0LWpvdXJuZXlzLmNzcz92PTIwMjYwOTA2LWRlcHRoMSIsCiAgICAgICJtZXRob2QiOiAiR0VUIiwKICAgICAgInN0YXR1cyI6IDIwMCwKICAgICAgInJlc3BvbnNlX3NoYTI1NiI6ICI1NjhmMGUxMWM0YWY1ZmI3
2026-09-10T08:11:31.7960905Z GO_EVIDENCE_B64 YzFmMzdlY2FlMGRmZTc1YmJmZDM2MTZlZDljODZmOGVkOWU4MWU3OWRjZWJmZTNhIiwKICAgICAgInNvdXJjZV90cmVlX2hlYWRlciI6ICJjNThlZGIwYzA1NjhjM2Y5ZmU4MGJhMDE0YzI2MDUxM2EwN2E4ZTc0YjIxMWI2MDhhZGU0ZDkwNTJmODY0NWIzIgogICAgfSwKICAgIHsKICAgICAgInBhdGgiOiAiL2dvLWFwcC9ib29raW5nLXRyYXZlbGVycy5jc3M/dj0yMDI2MDkwNy1tYXN0ZXIwMyIsCiAgICAgICJtZXRob2QiOiAiR0VUIiwKICAgICAgInN0YXR1cyI6IDIwMCwKICAgICAgInJlc3BvbnNlX3NoYTI1NiI6ICIwYTJj
2026-09-10T08:11:31.7967205Z GO_EVIDENCE_B64 OTU3NWI4MGNkZTAzMTRlODU0ZDk5ZmRkZmJjMzQxM2QwZWQ4MDk2NjU2MTViYjgwZWRhYjBmZGRlNWE1IiwKICAgICAgInNvdXJjZV90cmVlX2hlYWRlciI6ICJjNThlZGIwYzA1NjhjM2Y5ZmU4MGJhMDE0YzI2MDUxM2EwN2E4ZTc0YjIxMWI2MDhhZGU0ZDkwNTJmODY0NWIzIgogICAgfSwKICAgIHsKICAgICAgInBhdGgiOiAiL2dvLWFwcC92YXVsdC1tYW5hZ2VyLmNzcz92PTIwMjYwOTA3LWRlcHRoMDQiLAogICAgICAibWV0aG9kIjogIkdFVCIsCiAgICAgICJzdGF0dXMiOiAyMDAsCiAgICAgICJyZXNwb25zZV9zaGEyNTYi
2026-09-10T08:11:31.7973313Z GO_EVIDENCE_B64 OiAiYTM3MzRlYmZlZDE2ODIxNzdlNmUxYzc1NjFkOGUyNWVlY2E5NmU2MTE3ZDhhY2U3Njk0NzI4ZGFiMWVjY2YzZSIsCiAgICAgICJzb3VyY2VfdHJlZV9oZWFkZXIiOiAiYzU4ZWRiMGMwNTY4YzNmOWZlODBiYTAxNGMyNjA1MTNhMDdhOGU3NGIyMTFiNjA4YWRlNGQ5MDUyZjg2NDViMyIKICAgIH0sCiAgICB7CiAgICAgICJwYXRoIjogIi9nby1hcHAvdHJhdmVsLXN0YXR1cy5jc3M/dj0yMDI2MDkwOC1kZXB0aDE5IiwKICAgICAgIm1ldGhvZCI6ICJHRVQiLAogICAgICAic3RhdHVzIjogMjAwLAogICAgICAicmVzcG9uc2Vf
2026-09-10T08:11:31.7979586Z GO_EVIDENCE_B64 c2hhMjU2IjogImQyZDg5NjgyNWVhMDBhZGVlM2NkYzViZWFhZTQwZWUwNWIyYWYxYTMwOWY0OTBiZTIyYjM1NmZjMjBmNzc3MzgiLAogICAgICAic291cmNlX3RyZWVfaGVhZGVyIjogImM1OGVkYjBjMDU2OGMzZjlmZTgwYmEwMTRjMjYwNTEzYTA3YThlNzRiMjExYjYwOGFkZTRkOTA1MmY4NjQ1YjMiCiAgICB9LAogICAgewogICAgICAicGF0aCI6ICIvZ28tYXBwL2RpcmVjdC1hZnRlci1zYWxlcy5qcz92PTIwMjYwOTA3LWRlcHRoMTIiLAogICAgICAibWV0aG9kIjogIkdFVCIsCiAgICAgICJzdGF0dXMiOiAyMDAsCiAgICAg
2026-09-10T08:11:31.7986554Z GO_EVIDENCE_B64 ICJyZXNwb25zZV9zaGEyNTYiOiAiZDAxMGFkZGFhODI1N2NhYmM5OWVmMzZkMDllMDc3ZTFhNDU3MjRkMjNiNzgyYjk4ODhkZjJlOWRhMDMyNTg2YyIsCiAgICAgICJzb3VyY2VfdHJlZV9oZWFkZXIiOiAiYzU4ZWRiMGMwNTY4YzNmOWZlODBiYTAxNGMyNjA1MTNhMDdhOGU3NGIyMTFiNjA4YWRlNGQ5MDUyZjg2NDViMyIKICAgIH0sCiAgICB7CiAgICAgICJwYXRoIjogIi9nby1hcHAvdHJpcC1uYXZpZ2F0aW9uLmpzP3Y9MjAyNjA5MDktZGVwdGgyOSIsCiAgICAgICJtZXRob2QiOiAiR0VUIiwKICAgICAgInN0YXR1cyI6IDIw
2026-09-10T08:11:31.7992812Z GO_EVIDENCE_B64 MCwKICAgICAgInJlc3BvbnNlX3NoYTI1NiI6ICIyODNlMTkzZmM4OWJlZjNlMzM4NTAyODJlZDBiODIzNzgwMzg1M2VkZjA0Y2UzMGZjNDdlYzQ1YWVjOTcyMGU5IiwKICAgICAgInNvdXJjZV90cmVlX2hlYWRlciI6ICJjNThlZGIwYzA1NjhjM2Y5ZmU4MGJhMDE0YzI2MDUxM2EwN2E4ZTc0YjIxMWI2MDhhZGU0ZDkwNTJmODY0NWIzIgogICAgfSwKICAgIHsKICAgICAgInBhdGgiOiAiL2dvLWFwcC9hcHAuanM/dj0yMDI2MDkwOS1kZXB0aDI5IiwKICAgICAgIm1ldGhvZCI6ICJHRVQiLAogICAgICAic3RhdHVzIjogMjAwLAog
2026-09-10T08:11:31.7999300Z GO_EVIDENCE_B64 ICAgICAicmVzcG9uc2Vfc2hhMjU2IjogIjQ4Yjc0OGFkMjAwNzIxODY0ZDZhMDczZDEyYjBkM2FiZTU4ZTJjOTZmZGZmZGIzNDNkMmNmMzM3ZmZmMDVmODQiLAogICAgICAic291cmNlX3RyZWVfaGVhZGVyIjogImM1OGVkYjBjMDU2OGMzZjlmZTgwYmEwMTRjMjYwNTEzYTA3YThlNzRiMjExYjYwOGFkZTRkOTA1MmY4NjQ1YjMiCiAgICB9LAogICAgewogICAgICAicGF0aCI6ICIvZ28tYXBwL2ZsaWdodC1qb3VybmV5cy5qcz92PTIwMjYwOTA2LWRlcHRoMSIsCiAgICAgICJtZXRob2QiOiAiR0VUIiwKICAgICAgInN0YXR1cyI6
2026-09-10T08:11:31.8005717Z GO_EVIDENCE_B64 IDIwMCwKICAgICAgInJlc3BvbnNlX3NoYTI1NiI6ICI5ZmNhNmQ1MmM4NTk3YTkxYTA4NzlkNWM1YzA1MDdiM2RhZGY2YjA4MGFlMzZlMTcxODM0NjNkZDY4ZGYxMjIxIiwKICAgICAgInNvdXJjZV90cmVlX2hlYWRlciI6ICJjNThlZGIwYzA1NjhjM2Y5ZmU4MGJhMDE0YzI2MDUxM2EwN2E4ZTc0YjIxMWI2MDhhZGU0ZDkwNTJmODY0NWIzIgogICAgfSwKICAgIHsKICAgICAgInBhdGgiOiAiL2dvLWFwcC9jYXRhbG9nLWZhcmUuanM/dj0yMDI2MDkwNy1kZXB0aDEzIiwKICAgICAgIm1ldGhvZCI6ICJHRVQiLAogICAgICAic3Rh
2026-09-10T08:11:31.8012036Z GO_EVIDENCE_B64 dHVzIjogMjAwLAogICAgICAicmVzcG9uc2Vfc2hhMjU2IjogImMyMGViZGYwMTFjZTgzYWU2M2JlZGJiYzBmMDAyZWYyNjM5ZDJmZjVmZmE3N2JkZjZlYjRhNDllNzNjODIzYjYiLAogICAgICAic291cmNlX3RyZWVfaGVhZGVyIjogImM1OGVkYjBjMDU2OGMzZjlmZTgwYmEwMTRjMjYwNTEzYTA3YThlNzRiMjExYjYwOGFkZTRkOTA1MmY4NjQ1YjMiCiAgICB9LAogICAgewogICAgICAicGF0aCI6ICIvZ28tYXBwL2NhdGFsb2ctY2FzaC1mYXJlLmpzP3Y9MjAyNjA5MDctZGVwdGgxNCIsCiAgICAgICJtZXRob2QiOiAiR0VUIiwK
2026-09-10T08:11:31.8018984Z GO_EVIDENCE_B64 ICAgICAgInN0YXR1cyI6IDIwMCwKICAgICAgInJlc3BvbnNlX3NoYTI1NiI6ICJjMzlhNTFhMmI0OWU2MzhmZmEyMTA4YjhkZTlhNjJhYmQ2MDQxODczZmIyMjE1MDIyNzA2NGZhODMzNzM1ZGQ0IiwKICAgICAgInNvdXJjZV90cmVlX2hlYWRlciI6ICJjNThlZGIwYzA1NjhjM2Y5ZmU4MGJhMDE0YzI2MDUxM2EwN2E4ZTc0YjIxMWI2MDhhZGU0ZDkwNTJmODY0NWIzIgogICAgfSwKICAgIHsKICAgICAgInBhdGgiOiAiL2dvLWFwcC9ib29raW5nLXRyYXZlbGVycy5qcz92PTIwMjYwOTA4LWRlcHRoMjAiLAogICAgICAibWV0aG9k
2026-09-10T08:11:31.8025595Z GO_EVIDENCE_B64 IjogIkdFVCIsCiAgICAgICJzdGF0dXMiOiAyMDAsCiAgICAgICJyZXNwb25zZV9zaGEyNTYiOiAiYWZkMjI4Y2U5NmE4N2RmMDRiMGM2YjAwZmNjYTQ0NWU2M2ExZGRhOWYzODJiNjlkMzg3ZjdjYTEyZjk5NDkwOSIsCiAgICAgICJzb3VyY2VfdHJlZV9oZWFkZXIiOiAiYzU4ZWRiMGMwNTY4YzNmOWZlODBiYTAxNGMyNjA1MTNhMDdhOGU3NGIyMTFiNjA4YWRlNGQ5MDUyZjg2NDViMyIKICAgIH0sCiAgICB7CiAgICAgICJwYXRoIjogIi9nby1hcHAvY2F0YWxvZy1jcmVkaXQuanM/dj0yMDI2MDkwNy1kZXB0aDEyIiwKICAgICAg
2026-09-10T08:11:31.8032299Z GO_EVIDENCE_B64 Im1ldGhvZCI6ICJHRVQiLAogICAgICAic3RhdHVzIjogMjAwLAogICAgICAicmVzcG9uc2Vfc2hhMjU2IjogImNmZGY0ZTdkOWVhZDUyYWJkMzlkMTY1NDkzMjgyNWM1MTBjYjVjMWVmY2I3Y2EyZmQ5MjZmNTk4MGRjNDUzMzMiLAogICAgICAic291cmNlX3RyZWVfaGVhZGVyIjogImM1OGVkYjBjMDU2OGMzZjlmZTgwYmEwMTRjMjYwNTEzYTA3YThlNzRiMjExYjYwOGFkZTRkOTA1MmY4NjQ1YjMiCiAgICB9LAogICAgewogICAgICAicGF0aCI6ICIvZ28tYXBwL3JlbnRhbC1hZnRlci1zYWxlcy5qcz92PTIwMjYwOTA3LWRlcHRo
2026-09-10T08:11:31.8039273Z GO_EVIDENCE_B64 MDYiLAogICAgICAibWV0aG9kIjogIkdFVCIsCiAgICAgICJzdGF0dXMiOiAyMDAsCiAgICAgICJyZXNwb25zZV9zaGEyNTYiOiAiOTUzZGY1NGQxNTk0NmUyMzczMjI4MDRhMmZiZmRlZjg1YjM5ODE3ODQ0ZGZmYjJiZmE5MmRiOWM5OTY0OTAwNiIsCiAgICAgICJzb3VyY2VfdHJlZV9oZWFkZXIiOiAiYzU4ZWRiMGMwNTY4YzNmOWZlODBiYTAxNGMyNjA1MTNhMDdhOGU3NGIyMTFiNjA4YWRlNGQ5MDUyZjg2NDViMyIKICAgIH0sCiAgICB7CiAgICAgICJwYXRoIjogIi9nby1hcHAvdmF1bHQtbWFuYWdlci5qcz92PTIwMjYwOTA3
2026-09-10T08:11:31.8046289Z GO_EVIDENCE_B64 LWRlcHRoMDQiLAogICAgICAibWV0aG9kIjogIkdFVCIsCiAgICAgICJzdGF0dXMiOiAyMDAsCiAgICAgICJyZXNwb25zZV9zaGEyNTYiOiAiMTBjZWY1MmIyYmZiMDE1NTc1NTI4NWFmZmUzOTgyMzY3OGI5ODkwMjM0ZDkxOGMyZDZiZjQzM2FmOWM2N2Q3MiIsCiAgICAgICJzb3VyY2VfdHJlZV9oZWFkZXIiOiAiYzU4ZWRiMGMwNTY4YzNmOWZlODBiYTAxNGMyNjA1MTNhMDdhOGU3NGIyMTFiNjA4YWRlNGQ5MDUyZjg2NDViMyIKICAgIH0sCiAgICB7CiAgICAgICJwYXRoIjogIi9nby1hcHAvdHJhdmVsLXN0YXR1cy5qcz92PTIw
2026-09-10T08:11:31.8053191Z GO_EVIDENCE_B64 MjYwOTA4LWRlcHRoMTkiLAogICAgICAibWV0aG9kIjogIkdFVCIsCiAgICAgICJzdGF0dXMiOiAyMDAsCiAgICAgICJyZXNwb25zZV9zaGEyNTYiOiAiNDMxMzBlZGE4OGU3OThmZDRlOWVlM2Y4ZjgzMTAwY2IwOTc4N2IxOWRiYWQwZTA1MTBjYjAzYzcxNTBkMDc5MSIsCiAgICAgICJzb3VyY2VfdHJlZV9oZWFkZXIiOiAiYzU4ZWRiMGMwNTY4YzNmOWZlODBiYTAxNGMyNjA1MTNhMDdhOGU3NGIyMTFiNjA4YWRlNGQ5MDUyZjg2NDViMyIKICAgIH0sCiAgICB7CiAgICAgICJwYXRoIjogIi9nby1hcHAvcmFpbC1hdHRyYWN0aW9u
2026-09-10T08:11:31.8060170Z GO_EVIDENCE_B64 LWJvb2tpbmcuanM/dj0yMDI2MDkwOC1kZXB0aDIwIiwKICAgICAgIm1ldGhvZCI6ICJHRVQiLAogICAgICAic3RhdHVzIjogMjAwLAogICAgICAicmVzcG9uc2Vfc2hhMjU2IjogImVmM2M4Nzc2ODNkODc5NDFhZjY2N2Q1ZjVhNjRiZDMyY2Q2YzBiYzViZGY1OTc1ODMzNzAxNDA2ZWY4MWQxMmEiLAogICAgICAic291cmNlX3RyZWVfaGVhZGVyIjogImM1OGVkYjBjMDU2OGMzZjlmZTgwYmEwMTRjMjYwNTEzYTA3YThlNzRiMjExYjYwOGFkZTRkOTA1MmY4NjQ1YjMiCiAgICB9LAogICAgewogICAgICAicGF0aCI6ICIvZ28tYWRt
2026-09-10T08:11:31.8066956Z GO_EVIDENCE_B64 aW4vIiwKICAgICAgIm1ldGhvZCI6ICJHRVQiLAogICAgICAic3RhdHVzIjogMjAwLAogICAgICAicmVzcG9uc2Vfc2hhMjU2IjogIjU2ZTM2N2M2YWRjYjMwNmY3N2IyMWNlODliMWQ1MWIzMTFhYWZjY2ZkNGEyNDk5ZGIyOGI1MWI4NTRiYzAwMzMiLAogICAgICAic291cmNlX3RyZWVfaGVhZGVyIjogImM1OGVkYjBjMDU2OGMzZjlmZTgwYmEwMTRjMjYwNTEzYTA3YThlNzRiMjExYjYwOGFkZTRkOTA1MmY4NjQ1YjMiCiAgICB9LAogICAgewogICAgICAicGF0aCI6ICIvY29uc29sZS1hc3NldHMvc3R5bGVzLmNzcz92PTIwMjYw
2026-09-10T08:11:31.8073729Z GO_EVIDENCE_B64 OTA5LWRlcHRoMjgiLAogICAgICAibWV0aG9kIjogIkdFVCIsCiAgICAgICJzdGF0dXMiOiAyMDAsCiAgICAgICJyZXNwb25zZV9zaGEyNTYiOiAiNmE2Y2Y5Yjk4ZDkzMzQ1YmFjMzdlMDAxZGY3NWE3YTU2MjcyNWMyYzhhODRkZDY2MzVhZDIwOWFkNGY2OWI5MyIsCiAgICAgICJzb3VyY2VfdHJlZV9oZWFkZXIiOiAiYzU4ZWRiMGMwNTY4YzNmOWZlODBiYTAxNGMyNjA1MTNhMDdhOGU3NGIyMTFiNjA4YWRlNGQ5MDUyZjg2NDViMyIKICAgIH0sCiAgICB7CiAgICAgICJwYXRoIjogIi9nby1hZG1pbi9jb25maWcuanM/dj0yMDI2
2026-09-10T08:11:31.8080647Z GO_EVIDENCE_B64 MDgyNS1yYzIwLjMiLAogICAgICAibWV0aG9kIjogIkdFVCIsCiAgICAgICJzdGF0dXMiOiAyMDAsCiAgICAgICJyZXNwb25zZV9zaGEyNTYiOiAiNmZjMWY5NzU5MmYwZWY2YzJhYjFjOGQ4NmE0NWM2NDA1MjZhNmE5MzFkMWQzNjM1MDc4M2MwYTQzODk4NzQxMiIsCiAgICAgICJzb3VyY2VfdHJlZV9oZWFkZXIiOiAiYzU4ZWRiMGMwNTY4YzNmOWZlODBiYTAxNGMyNjA1MTNhMDdhOGU3NGIyMTFiNjA4YWRlNGQ5MDUyZjg2NDViMyIKICAgIH0sCiAgICB7CiAgICAgICJwYXRoIjogIi9nby1hZG1pbi9wZXJzb25hbC10cmF2ZWwt
2026-09-10T08:11:31.8087477Z GO_EVIDENCE_B64 dmF1bHQuanM/dj0yMDI2MDgyNS1yYzIwLjMiLAogICAgICAibWV0aG9kIjogIkdFVCIsCiAgICAgICJzdGF0dXMiOiAyMDAsCiAgICAgICJyZXNwb25zZV9zaGEyNTYiOiAiZTYyZDA5NzQ5NTQwY2I1MTk4MTdkMTE4Zjk2YzY4YTFhMjYxZGJmNTcxOThiNTRhZDdkZDdkMGVmMDI1NzIwYiIsCiAgICAgICJzb3VyY2VfdHJlZV9oZWFkZXIiOiAiYzU4ZWRiMGMwNTY4YzNmOWZlODBiYTAxNGMyNjA1MTNhMDdhOGU3NGIyMTFiNjA4YWRlNGQ5MDUyZjg2NDViMyIKICAgIH0sCiAgICB7CiAgICAgICJwYXRoIjogIi9nby1hZG1pbi9j
2026-09-10T08:11:31.8094398Z GO_EVIDENCE_B64 b25zdW1lci1ncm93dGgtZGlyZWN0LXZhbHVlLmpzP3Y9MjAyNjA4MjUtcmMyMC4zIiwKICAgICAgIm1ldGhvZCI6ICJHRVQiLAogICAgICAic3RhdHVzIjogMjAwLAogICAgICAicmVzcG9uc2Vfc2hhMjU2IjogImM3MTI2MGMxMGI4NGZkYzI5NDc1MWU3Njc4OGNlZTA0ZGM1MmE2ZWEwN2U2ZjZiMjY5ODhkNWZjMTA1NmU2ZDEiLAogICAgICAic291cmNlX3RyZWVfaGVhZGVyIjogImM1OGVkYjBjMDU2OGMzZjlmZTgwYmEwMTRjMjYwNTEzYTA3YThlNzRiMjExYjYwOGFkZTRkOTA1MmY4NjQ1YjMiCiAgICB9LAogICAgewogICAg
2026-09-10T08:11:31.8101102Z GO_EVIDENCE_B64 ICAicGF0aCI6ICIvZ28tYWRtaW4vY29tbWVyY2lhbC1vcy5qcz92PTIwMjYwODI1LXJjMjAuMyIsCiAgICAgICJtZXRob2QiOiAiR0VUIiwKICAgICAgInN0YXR1cyI6IDIwMCwKICAgICAgInJlc3BvbnNlX3NoYTI1NiI6ICI4YWYzNzMyNWMzZmMwMWMxODNiMzlmNjRhM2I5YjQ0NGRiMmYyN2UxNThiNzIxYzRmMzk2NDhlZmJhMjcwYzdmIiwKICAgICAgInNvdXJjZV90cmVlX2hlYWRlciI6ICJjNThlZGIwYzA1NjhjM2Y5ZmU4MGJhMDE0YzI2MDUxM2EwN2E4ZTc0YjIxMWI2MDhhZGU0ZDkwNTJmODY0NWIzIgogICAgfSwKICAg
2026-09-10T08:11:31.8107509Z GO_EVIDENCE_B64 IHsKICAgICAgInBhdGgiOiAiL2dvLWFkbWluL2dvb2QtaG90ZWwtc3RhbmRhcmQuanM/dj0yMDI2MDgyNS1yYzIwLjMiLAogICAgICAibWV0aG9kIjogIkdFVCIsCiAgICAgICJzdGF0dXMiOiAyMDAsCiAgICAgICJyZXNwb25zZV9zaGEyNTYiOiAiMzE2OTVkNTg0MTA0OTBhNzFhOTZlNjRiMmRjNzY0YzliY2QyZDlmMmYyZjFkMGFhY2MxYTFhZjUxNDE5NTk1NiIsCiAgICAgICJzb3VyY2VfdHJlZV9oZWFkZXIiOiAiYzU4ZWRiMGMwNTY4YzNmOWZlODBiYTAxNGMyNjA1MTNhMDdhOGU3NGIyMTFiNjA4YWRlNGQ5MDUyZjg2NDVi
2026-09-10T08:11:31.8113269Z GO_EVIDENCE_B64 MyIKICAgIH0sCiAgICB7CiAgICAgICJwYXRoIjogIi9nby1hZG1pbi9wcm9kdWN0aW9uLWNvbm5lY3RvcnMuanM/dj0yMDI2MDgyNS1yYzIwLjMiLAogICAgICAibWV0aG9kIjogIkdFVCIsCiAgICAgICJzdGF0dXMiOiAyMDAsCiAgICAgICJyZXNwb25zZV9zaGEyNTYiOiAiNmU4NDU5NDBlMzJkMzBiYjNiZDVkM2M5YzJhM2MyZDRiYjAzNjg3YjM5MTljZmE2OGU5YTkzNzE0OWE0OGQwYSIsCiAgICAgICJzb3VyY2VfdHJlZV9oZWFkZXIiOiAiYzU4ZWRiMGMwNTY4YzNmOWZlODBiYTAxNGMyNjA1MTNhMDdhOGU3NGIyMTFiNjA4
2026-09-10T08:11:31.8119686Z GO_EVIDENCE_B64 YWRlNGQ5MDUyZjg2NDViMyIKICAgIH0sCiAgICB7CiAgICAgICJwYXRoIjogIi9nby1hZG1pbi9wcm9kdWN0aW9uLWNvbm5lY3Rvci1ydW50aW1lLmpzP3Y9MjAyNjA4MjUtcmMyMC4zIiwKICAgICAgIm1ldGhvZCI6ICJHRVQiLAogICAgICAic3RhdHVzIjogMjAwLAogICAgICAicmVzcG9uc2Vfc2hhMjU2IjogImIwMGEwNmQ1ZTk4YzE0YWMwMTM3OWMwNjVhYmUzOTAyZTY1NTY1MTAyYzQyZmMzNzMyNTMzNmQ2OWVkYWFkNzYiLAogICAgICAic291cmNlX3RyZWVfaGVhZGVyIjogImM1OGVkYjBjMDU2OGMzZjlmZTgwYmEwMTRj
2026-09-10T08:11:31.8126613Z GO_EVIDENCE_B64 MjYwNTEzYTA3YThlNzRiMjExYjYwOGFkZTRkOTA1MmY4NjQ1YjMiCiAgICB9LAogICAgewogICAgICAicGF0aCI6ICIvZ28tYWRtaW4vY29ubmVjdG9yLWFjdGl2YXRpb24tcmVhZGluZXNzLmpzP3Y9MjAyNjA4MjUtcmMyMC4zIiwKICAgICAgIm1ldGhvZCI6ICJHRVQiLAogICAgICAic3RhdHVzIjogMjAwLAogICAgICAicmVzcG9uc2Vfc2hhMjU2IjogIjRmNzljY2FjYmViMGYyZDIwNzQzY2RlNTFjNmJmMjQ0MDQxNmIyNDhjNzUyYjgxM2U2M2ZkZDIxNGM2M2ZjNDciLAogICAgICAic291cmNlX3RyZWVfaGVhZGVyIjogImM1
2026-09-10T08:11:31.8133454Z GO_EVIDENCE_B64 OGVkYjBjMDU2OGMzZjlmZTgwYmEwMTRjMjYwNTEzYTA3YThlNzRiMjExYjYwOGFkZTRkOTA1MmY4NjQ1YjMiCiAgICB9LAogICAgewogICAgICAicGF0aCI6ICIvZ28tYWRtaW4vcGFpcmVkLWNvbm5lY3Rvci1waWxvdC5qcz92PTIwMjYwODI1LXJjMjAuMyIsCiAgICAgICJtZXRob2QiOiAiR0VUIiwKICAgICAgInN0YXR1cyI6IDIwMCwKICAgICAgInJlc3BvbnNlX3NoYTI1NiI6ICI4NmRhMmM1ZjBlODY3ZjEyZThkOWQ5NGIwZjVhMzNjM2VmYjM4MmNmZjYzMjM2ODY3N2U4MjEwMTMwNzQwZmQ4IiwKICAgICAgInNvdXJjZV90
2026-09-10T08:11:31.8140386Z GO_EVIDENCE_B64 cmVlX2hlYWRlciI6ICJjNThlZGIwYzA1NjhjM2Y5ZmU4MGJhMDE0YzI2MDUxM2EwN2E4ZTc0YjIxMWI2MDhhZGU0ZDkwNTJmODY0NWIzIgogICAgfSwKICAgIHsKICAgICAgInBhdGgiOiAiL2dvLWFkbWluL2V4dGVybmFsLXNhbmRib3gtY2VydGlmaWNhdGlvbi5qcz92PTIwMjYwODI1LXJjMjAuMyIsCiAgICAgICJtZXRob2QiOiAiR0VUIiwKICAgICAgInN0YXR1cyI6IDIwMCwKICAgICAgInJlc3BvbnNlX3NoYTI1NiI6ICIwMDk3ZmRiYzY5NTIzZjM4OTQ5N2U2NjE3ZTkzNjlhOTQ2ZjI2MDBhNDg3NjU4ZDUwM2Q3ODZiNmM1
2026-09-10T08:11:31.8147230Z GO_EVIDENCE_B64 MGU1Mzc2IiwKICAgICAgInNvdXJjZV90cmVlX2hlYWRlciI6ICJjNThlZGIwYzA1NjhjM2Y5ZmU4MGJhMDE0YzI2MDUxM2EwN2E4ZTc0YjIxMWI2MDhhZGU0ZDkwNTJmODY0NWIzIgogICAgfSwKICAgIHsKICAgICAgInBhdGgiOiAiL2dvLWFkbWluL25hbWVkLXN1cHBsaWVyLWV4ZWN1dGlvbi5qcz92PTIwMjYwODI1LXJjMjAuMyIsCiAgICAgICJtZXRob2QiOiAiR0VUIiwKICAgICAgInN0YXR1cyI6IDIwMCwKICAgICAgInJlc3BvbnNlX3NoYTI1NiI6ICI1YWE1OTQ5OGVkOWZmMmVjZGI1MmVmOGM3YjUxZmE4NmJjYjUzZDAw
2026-09-10T08:11:31.8154154Z GO_EVIDENCE_B64 NWNmYzMzNzE5Y2RmZDBlZmYzNGM3MjBlIiwKICAgICAgInNvdXJjZV90cmVlX2hlYWRlciI6ICJjNThlZGIwYzA1NjhjM2Y5ZmU4MGJhMDE0YzI2MDUxM2EwN2E4ZTc0YjIxMWI2MDhhZGU0ZDkwNTJmODY0NWIzIgogICAgfSwKICAgIHsKICAgICAgInBhdGgiOiAiL2dvLWFkbWluL2hvc3RlZC1kaXJlY3QtYm9va2luZy5qcz92PTIwMjYwODI1LXJjMjAuMyIsCiAgICAgICJtZXRob2QiOiAiR0VUIiwKICAgICAgInN0YXR1cyI6IDIwMCwKICAgICAgInJlc3BvbnNlX3NoYTI1NiI6ICIzNzkzNDZiNWJjZmQ1Mzk0ZjQ2ZmE1MTdi
2026-09-10T08:11:31.8160275Z GO_EVIDENCE_B64 MDRiNDg1Mzc0ZDJiM2E5ZTllNTBkMjZmZmIyNWU1NTFkYWZiMzgyIiwKICAgICAgInNvdXJjZV90cmVlX2hlYWRlciI6ICJjNThlZGIwYzA1NjhjM2Y5ZmU4MGJhMDE0YzI2MDUxM2EwN2E4ZTc0YjIxMWI2MDhhZGU0ZDkwNTJmODY0NWIzIgogICAgfSwKICAgIHsKICAgICAgInBhdGgiOiAiL2dvLWFkbWluL2hvc3RlZC1jb250ZW50LWFjY2VwdGFuY2UuanM/dj0yMDI2MDgyNS1yYzIwLjMiLAogICAgICAibWV0aG9kIjogIkdFVCIsCiAgICAgICJzdGF0dXMiOiAyMDAsCiAgICAgICJyZXNwb25zZV9zaGEyNTYiOiAiZTAxMzlh
2026-09-10T08:11:31.8166414Z GO_EVIDENCE_B64 OWIzNWI2MWY2NTQ1Mzg1YWIwMjVmNTI0ZGFmZDRlNDZkZDBiMTViNGE2MTc5ZjBjZWVjNjNiZDVjZSIsCiAgICAgICJzb3VyY2VfdHJlZV9oZWFkZXIiOiAiYzU4ZWRiMGMwNTY4YzNmOWZlODBiYTAxNGMyNjA1MTNhMDdhOGU3NGIyMTFiNjA4YWRlNGQ5MDUyZjg2NDViMyIKICAgIH0sCiAgICB7CiAgICAgICJwYXRoIjogIi9nby1hZG1pbi9ob3N0ZWQtcmVzZXJ2YXRpb24tb3BlcmF0aW9ucy5qcz92PTIwMjYwODI1LXJjMjAuMyIsCiAgICAgICJtZXRob2QiOiAiR0VUIiwKICAgICAgInN0YXR1cyI6IDIwMCwKICAgICAgInJl
2026-09-10T08:11:31.8172718Z GO_EVIDENCE_B64 c3BvbnNlX3NoYTI1NiI6ICI1MzdiZjE2MGJlNjI0MjBhNTM1OGY1MzYxMzE1YjgyYzNiNzQyNWI2NjczNjNiNGNjZmI5NmQzMWZmYjg4Njg2IiwKICAgICAgInNvdXJjZV90cmVlX2hlYWRlciI6ICJjNThlZGIwYzA1NjhjM2Y5ZmU4MGJhMDE0YzI2MDUxM2EwN2E4ZTc0YjIxMWI2MDhhZGU0ZDkwNTJmODY0NWIzIgogICAgfSwKICAgIHsKICAgICAgInBhdGgiOiAiL2dvLWFkbWluL2hvc3RlZC1mcm9udGRlc2stY29tbWFuZC1jZW50ZXIuanM/dj0yMDI2MDgyNS1yYzIwLjMiLAogICAgICAibWV0aG9kIjogIkdFVCIsCiAgICAg
2026-09-10T08:11:31.8179316Z GO_EVIDENCE_B64 ICJzdGF0dXMiOiAyMDAsCiAgICAgICJyZXNwb25zZV9zaGEyNTYiOiAiMWQ4MzliYmQxZmRmYjkwNDgxNjY1NzkyMTg0NTlkY2ZhMjgxMDg1YzNlOTJiNDkwNzIwY2IwMzIyOGZhMWZhZSIsCiAgICAgICJzb3VyY2VfdHJlZV9oZWFkZXIiOiAiYzU4ZWRiMGMwNTY4YzNmOWZlODBiYTAxNGMyNjA1MTNhMDdhOGU3NGIyMTFiNjA4YWRlNGQ5MDUyZjg2NDViMyIKICAgIH0sCiAgICB7CiAgICAgICJwYXRoIjogIi9nby1hZG1pbi9hbGlwYXktc2FmZWd1YXJkZWQtc2V0dGxlbWVudC5qcz92PTIwMjYwODI1LXJjMjAuMyIsCiAgICAg
2026-09-10T08:11:31.8186856Z GO_EVIDENCE_B64 ICJtZXRob2QiOiAiR0VUIiwKICAgICAgInN0YXR1cyI6IDIwMCwKICAgICAgInJlc3BvbnNlX3NoYTI1NiI6ICJlMmZjYTAyY2E4NmYyMjM4YTU4ZTBkMjk5NDIxN2RjMjZhODBmNjdlMjhhM2I4ZDU4ZGZlYWU3NDY5MmQ3YTRiIiwKICAgICAgInNvdXJjZV90cmVlX2hlYWRlciI6ICJjNThlZGIwYzA1NjhjM2Y5ZmU4MGJhMDE0YzI2MDUxM2EwN2E4ZTc0YjIxMWI2MDhhZGU0ZDkwNTJmODY0NWIzIgogICAgfSwKICAgIHsKICAgICAgInBhdGgiOiAiL2dvLWFkbWluL3N0YXktb3BlcmF0aW9ucy1jb21tYW5kLWNlbnRlci5qcz92
2026-09-10T08:11:31.8193683Z GO_EVIDENCE_B64 PTIwMjYwODI1LXJjMjAuMyIsCiAgICAgICJtZXRob2QiOiAiR0VUIiwKICAgICAgInN0YXR1cyI6IDIwMCwKICAgICAgInJlc3BvbnNlX3NoYTI1NiI6ICIxYTVhODQ4MTNiZTI2OTczYmIwNzdjNjY1MGNiNGI5NTQ0MWUzYmNjODM0ZmRiOTM4MTNkMmI0YzlmN2IxZjI3IiwKICAgICAgInNvdXJjZV90cmVlX2hlYWRlciI6ICJjNThlZGIwYzA1NjhjM2Y5ZmU4MGJhMDE0YzI2MDUxM2EwN2E4ZTc0YjIxMWI2MDhhZGU0ZDkwNTJmODY0NWIzIgogICAgfSwKICAgIHsKICAgICAgInBhdGgiOiAiL2dvLWFkbWluL2Rpc3B1dGUtcmVj
2026-09-10T08:11:31.8200457Z GO_EVIDENCE_B64 b25jaWxpYXRpb24tY29tbWFuZC1jZW50ZXIuanM/dj0yMDI2MDgyNS1yYzIwLjMiLAogICAgICAibWV0aG9kIjogIkdFVCIsCiAgICAgICJzdGF0dXMiOiAyMDAsCiAgICAgICJyZXNwb25zZV9zaGEyNTYiOiAiOGUyOTM0ZmY3N2E2NWZmNzQ2YzM2MDA3ZDZmZjVlZDQxZGRjMDJlYTllYWFkNjI3YmFjNTJmYWQ4YzI5NmQ2OCIsCiAgICAgICJzb3VyY2VfdHJlZV9oZWFkZXIiOiAiYzU4ZWRiMGMwNTY4YzNmOWZlODBiYTAxNGMyNjA1MTNhMDdhOGU3NGIyMTFiNjA4YWRlNGQ5MDUyZjg2NDViMyIKICAgIH0sCiAgICB7CiAgICAg
2026-09-10T08:11:31.8207021Z GO_EVIDENCE_B64 ICJwYXRoIjogIi9nby1hZG1pbi9hZG1pbi11eC5qcz92PTIwMjYwODI1LXJjMjAuMyIsCiAgICAgICJtZXRob2QiOiAiR0VUIiwKICAgICAgInN0YXR1cyI6IDIwMCwKICAgICAgInJlc3BvbnNlX3NoYTI1NiI6ICI4YTRhOGJhMTFkNWQwMzU5ZDI4NGI3OGY0OGI5ZTZmNTM5MTI5YmEzZjdhMDE2NTZmOTBhMDg1NGI1MWNkMjZiIiwKICAgICAgInNvdXJjZV90cmVlX2hlYWRlciI6ICJjNThlZGIwYzA1NjhjM2Y5ZmU4MGJhMDE0YzI2MDUxM2EwN2E4ZTc0YjIxMWI2MDhhZGU0ZDkwNTJmODY0NWIzIgogICAgfSwKICAgIHsKICAg
2026-09-10T08:11:31.8213962Z GO_EVIDENCE_B64 ICAgInBhdGgiOiAiL2dvLWFkbWluL2hvdGVsLXBhZ2UtZmFjdG9yeS5qcz92PTIwMjYwODI1LXJjMjAuMyIsCiAgICAgICJtZXRob2QiOiAiR0VUIiwKICAgICAgInN0YXR1cyI6IDIwMCwKICAgICAgInJlc3BvbnNlX3NoYTI1NiI6ICI1N2UwZWJmYWVjNTZhNjgxYTcyZGQ4OGM5Yzk1MWI0MTdkZDE2NDIxYTk4Mzc2ODE2ZGZmYmUxM2E2NWJlODZmIiwKICAgICAgInNvdXJjZV90cmVlX2hlYWRlciI6ICJjNThlZGIwYzA1NjhjM2Y5ZmU4MGJhMDE0YzI2MDUxM2EwN2E4ZTc0YjIxMWI2MDhhZGU0ZDkwNTJmODY0NWIzIgogICAg
2026-09-10T08:11:31.8220878Z GO_EVIDENCE_B64 fSwKICAgIHsKICAgICAgInBhdGgiOiAiL2dvLWFkbWluL2hvc3RlZC1mYXVsdC1maW5hbmNlLmpzP3Y9MjAyNjA5MDctZGVwdGgxMSIsCiAgICAgICJtZXRob2QiOiAiR0VUIiwKICAgICAgInN0YXR1cyI6IDIwMCwKICAgICAgInJlc3BvbnNlX3NoYTI1NiI6ICJkYWNiOTdkZTliMjkxNTRjZmM5Yjk1MTBjMjg1ZjA3OTkyMWJjNjFkOTAxOTRjOTk1YjVjYWM5Y2ZhMzJlZjMwIiwKICAgICAgInNvdXJjZV90cmVlX2hlYWRlciI6ICJjNThlZGIwYzA1NjhjM2Y5ZmU4MGJhMDE0YzI2MDUxM2EwN2E4ZTc0YjIxMWI2MDhhZGU0ZDkw
2026-09-10T08:11:31.8227843Z GO_EVIDENCE_B64 NTJmODY0NWIzIgogICAgfSwKICAgIHsKICAgICAgInBhdGgiOiAiL2dvLWFkbWluL2hvc3RlZC1kaXNydXB0aW9uLmpzP3Y9MjAyNjA5MDctZGVwdGgxMCIsCiAgICAgICJtZXRob2QiOiAiR0VUIiwKICAgICAgInN0YXR1cyI6IDIwMCwKICAgICAgInJlc3BvbnNlX3NoYTI1NiI6ICIyNzRjNzg0ZTRmNWZjZTJiY2NjMjQwMmMxNjBjY2I3NmM0ZWNkZGEyMWIzZmMzM2I3NTlhZmYwMDU4OGI0MmVhIiwKICAgICAgInNvdXJjZV90cmVlX2hlYWRlciI6ICJjNThlZGIwYzA1NjhjM2Y5ZmU4MGJhMDE0YzI2MDUxM2EwN2E4ZTc0YjIx
2026-09-10T08:11:31.8234795Z GO_EVIDENCE_B64 MWI2MDhhZGU0ZDkwNTJmODY0NWIzIgogICAgfSwKICAgIHsKICAgICAgInBhdGgiOiAiL2NvbnNvbGUtYXNzZXRzL2NhdGFsb2ctcmVtZWR5LmpzP3Y9MjAyNjA5MDctZGVwdGgxMSIsCiAgICAgICJtZXRob2QiOiAiR0VUIiwKICAgICAgInN0YXR1cyI6IDIwMCwKICAgICAgInJlc3BvbnNlX3NoYTI1NiI6ICI5MGNkODIyYzk4NDRlOThiM2RlYTY3NjQxMDk2NWVjZGRhZmJjY2EwNDM2NWU4MjliMjk5ZTZkYjBlYTY2YjY0IiwKICAgICAgInNvdXJjZV90cmVlX2hlYWRlciI6ICJjNThlZGIwYzA1NjhjM2Y5ZmU4MGJhMDE0YzI2
2026-09-10T08:11:31.8241824Z GO_EVIDENCE_B64 MDUxM2EwN2E4ZTc0YjIxMWI2MDhhZGU0ZDkwNTJmODY0NWIzIgogICAgfSwKICAgIHsKICAgICAgInBhdGgiOiAiL2NvbnNvbGUtYXNzZXRzL2FwcC5qcz92PTIwMjYwOTA5LWRlcHRoMjgiLAogICAgICAibWV0aG9kIjogIkdFVCIsCiAgICAgICJzdGF0dXMiOiAyMDAsCiAgICAgICJyZXNwb25zZV9zaGEyNTYiOiAiMjBmM2I3ZTM0YTZlYjc2NjgyNDNhYzMzZDU5NzU5ZjkxNjU0ZGI3MzhkM2RiNTgxMGY0MzAxYmIxODdmMzk5ZSIsCiAgICAgICJzb3VyY2VfdHJlZV9oZWFkZXIiOiAiYzU4ZWRiMGMwNTY4YzNmOWZlODBiYTAx
2026-09-10T08:11:31.8248805Z GO_EVIDENCE_B64 NGMyNjA1MTNhMDdhOGU3NGIyMTFiNjA4YWRlNGQ5MDUyZjg2NDViMyIKICAgIH0sCiAgICB7CiAgICAgICJwYXRoIjogIi9zdXBwbGllci1jb25zb2xlLyIsCiAgICAgICJtZXRob2QiOiAiR0VUIiwKICAgICAgInN0YXR1cyI6IDIwMCwKICAgICAgInJlc3BvbnNlX3NoYTI1NiI6ICIwZmZiNDIwOTViNGEyMjhjNWFlZDM2ZDViZDg3ZWU4ODIxMWY2ZmQ3Zjg5ZDBkMmE0MTRiOWUyMWYyMmU5Mjg2IiwKICAgICAgInNvdXJjZV90cmVlX2hlYWRlciI6ICJjNThlZGIwYzA1NjhjM2Y5ZmU4MGJhMDE0YzI2MDUxM2EwN2E4ZTc0YjIx
2026-09-10T08:11:31.8255033Z GO_EVIDENCE_B64 MWI2MDhhZGU0ZDkwNTJmODY0NWIzIgogICAgfSwKICAgIHsKICAgICAgInBhdGgiOiAiL2NvbnNvbGUtYXNzZXRzL3N0eWxlcy5jc3M/dj0yMDI2MDkwOS1kZXB0aDI4IiwKICAgICAgIm1ldGhvZCI6ICJHRVQiLAogICAgICAic3RhdHVzIjogMjAwLAogICAgICAicmVzcG9uc2Vfc2hhMjU2IjogIjZhNmNmOWI5OGQ5MzM0NWJhYzM3ZTAwMWRmNzVhN2E1NjI3MjVjMmM4YTg0ZGQ2NjM1YWQyMDlhZDRmNjliOTMiLAogICAgICAic291cmNlX3RyZWVfaGVhZGVyIjogImM1OGVkYjBjMDU2OGMzZjlmZTgwYmEwMTRjMjYwNTEzYTA3
2026-09-10T08:11:31.8260479Z GO_EVIDENCE_B64 YThlNzRiMjExYjYwOGFkZTRkOTA1MmY4NjQ1YjMiCiAgICB9LAogICAgewogICAgICAicGF0aCI6ICIvc3VwcGxpZXItY29uc29sZS9jb25maWcuanM/dj0yMDI2MDgyNS1yYzIwLjMiLAogICAgICAibWV0aG9kIjogIkdFVCIsCiAgICAgICJzdGF0dXMiOiAyMDAsCiAgICAgICJyZXNwb25zZV9zaGEyNTYiOiAiNThkNzI5NGJjMjlmOWQzYWZhYzRlZGVhYmFmMWZiMTc5ZDAyNzRiNzgxZjgzMjQ4ZmMxZWI2NTZhNThlM2U3NSIsCiAgICAgICJzb3VyY2VfdHJlZV9oZWFkZXIiOiAiYzU4ZWRiMGMwNTY4YzNmOWZlODBiYTAxNGMy
2026-09-10T08:11:31.8265879Z GO_EVIDENCE_B64 NjA1MTNhMDdhOGU3NGIyMTFiNjA4YWRlNGQ5MDUyZjg2NDViMyIKICAgIH0sCiAgICB7CiAgICAgICJwYXRoIjogIi9zdXBwbGllci1jb25zb2xlL2RpcmVjdC12YWx1ZS1lY29ub21pY3MuanM/dj0yMDI2MDgyNS1yYzIwLjMiLAogICAgICAibWV0aG9kIjogIkdFVCIsCiAgICAgICJzdGF0dXMiOiAyMDAsCiAgICAgICJyZXNwb25zZV9zaGEyNTYiOiAiZTdmNjgwM2Q4YTRjYTJlMDcxMzM4YzQwZjZlNTE3OGMyMWQ4ZmMyMjNiNzM0ZGFiODFkZmE0ZjcyYjgwOTUwNyIsCiAgICAgICJzb3VyY2VfdHJlZV9oZWFkZXIiOiAiYzU4
2026-09-10T08:11:31.8272179Z GO_EVIDENCE_B64 ZWRiMGMwNTY4YzNmOWZlODBiYTAxNGMyNjA1MTNhMDdhOGU3NGIyMTFiNjA4YWRlNGQ5MDUyZjg2NDViMyIKICAgIH0sCiAgICB7CiAgICAgICJwYXRoIjogIi9jb25zb2xlLWFzc2V0cy9jYXRhbG9nLXJlbWVkeS5qcz92PTIwMjYwOTA3LWRlcHRoMTEiLAogICAgICAibWV0aG9kIjogIkdFVCIsCiAgICAgICJzdGF0dXMiOiAyMDAsCiAgICAgICJyZXNwb25zZV9zaGEyNTYiOiAiOTBjZDgyMmM5ODQ0ZTk4YjNkZWE2NzY0MTA5NjVlY2RkYWZiY2NhMDQzNjVlODI5YjI5OWU2ZGIwZWE2NmI2NCIsCiAgICAgICJzb3VyY2VfdHJl
2026-09-10T08:11:31.8279142Z GO_EVIDENCE_B64 ZV9oZWFkZXIiOiAiYzU4ZWRiMGMwNTY4YzNmOWZlODBiYTAxNGMyNjA1MTNhMDdhOGU3NGIyMTFiNjA4YWRlNGQ5MDUyZjg2NDViMyIKICAgIH0sCiAgICB7CiAgICAgICJwYXRoIjogIi9zdXBwbGllci1jb25zb2xlL2NhdGFsb2ctZmFyZS5qcz92PTIwMjYwOTA3LWRlcHRoMTMiLAogICAgICAibWV0aG9kIjogIkdFVCIsCiAgICAgICJzdGF0dXMiOiAyMDAsCiAgICAgICJyZXNwb25zZV9zaGEyNTYiOiAiYWI3NzI0NTAxNjdmZDY5Zjc3YzJmNzljNzRlYWJiNzQ3OTRmZjM1MWU3OTljYjJmZDNhNDY1NjE2YmNmYzdkNiIsCiAg
2026-09-10T08:11:31.8285200Z GO_EVIDENCE_B64 ICAgICJzb3VyY2VfdHJlZV9oZWFkZXIiOiAiYzU4ZWRiMGMwNTY4YzNmOWZlODBiYTAxNGMyNjA1MTNhMDdhOGU3NGIyMTFiNjA4YWRlNGQ5MDUyZjg2NDViMyIKICAgIH0sCiAgICB7CiAgICAgICJwYXRoIjogIi9jb25zb2xlLWFzc2V0cy9hcHAuanM/dj0yMDI2MDkwOS1kZXB0aDI4IiwKICAgICAgIm1ldGhvZCI6ICJHRVQiLAogICAgICAic3RhdHVzIjogMjAwLAogICAgICAicmVzcG9uc2Vfc2hhMjU2IjogIjIwZjNiN2UzNGE2ZWI3NjY4MjQzYWMzM2Q1OTc1OWY5MTY1NGRiNzM4ZDNkYjU4MTBmNDMwMWJiMTg3ZjM5OWUi
2026-09-10T08:11:31.8291153Z GO_EVIDENCE_B64 LAogICAgICAic291cmNlX3RyZWVfaGVhZGVyIjogImM1OGVkYjBjMDU2OGMzZjlmZTgwYmEwMTRjMjYwNTEzYTA3YThlNzRiMjExYjYwOGFkZTRkOTA1MmY4NjQ1YjMiCiAgICB9LAogICAgewogICAgICAicGF0aCI6ICIvZ28tYXBwL2RpcmVjdC5odG1sIiwKICAgICAgIm1ldGhvZCI6ICJHRVQiLAogICAgICAic3RhdHVzIjogMjAwLAogICAgICAicmVzcG9uc2Vfc2hhMjU2IjogIjNhOGUzMzQ0ZGE0MjNiZjFjMzE5OGE3MmMzOWQ2NjY2Y2I0YWRhOTk2YjdhZWZmYmQ5NDc2NmE3ZjZhZjI1Y2YiLAogICAgICAic291cmNlX3Ry
2026-09-10T08:11:31.8297225Z GO_EVIDENCE_B64 ZWVfaGVhZGVyIjogImM1OGVkYjBjMDU2OGMzZjlmZTgwYmEwMTRjMjYwNTEzYTA3YThlNzRiMjExYjYwOGFkZTRkOTA1MmY4NjQ1YjMiCiAgICB9LAogICAgewogICAgICAicGF0aCI6ICIvZ28tYXBwL2RpcmVjdC5jc3M/dj0yMDI2MDkwNy1kZXB0aDEwIiwKICAgICAgIm1ldGhvZCI6ICJHRVQiLAogICAgICAic3RhdHVzIjogMjAwLAogICAgICAicmVzcG9uc2Vfc2hhMjU2IjogIjM0NWRmOGQ2ODJmOGMyNzQ2YmJhMjAzZGY4NjlmZDMxYjI0NGJiZDczZTQ2NjlkM2YzOGIwZTU1OTgyMDQwMWUiLAogICAgICAic291cmNlX3Ry
2026-09-10T08:11:31.8303391Z GO_EVIDENCE_B64 ZWVfaGVhZGVyIjogImM1OGVkYjBjMDU2OGMzZjlmZTgwYmEwMTRjMjYwNTEzYTA3YThlNzRiMjExYjYwOGFkZTRkOTA1MmY4NjQ1YjMiCiAgICB9LAogICAgewogICAgICAicGF0aCI6ICIvZ28tYXBwL2Jvb2tpbmctdHJhdmVsZXJzLmNzcz92PTIwMjYwOTA3LW1hc3RlcjAzIiwKICAgICAgIm1ldGhvZCI6ICJHRVQiLAogICAgICAic3RhdHVzIjogMjAwLAogICAgICAicmVzcG9uc2Vfc2hhMjU2IjogIjBhMmM5NTc1YjgwY2RlMDMxNGU4NTRkOTlmZGRmYmMzNDEzZDBlZDgwOTY2NTYxNWJiODBlZGFiMGZkZGU1YTUiLAogICAg
2026-09-10T08:11:31.8310386Z GO_EVIDENCE_B64 ICAic291cmNlX3RyZWVfaGVhZGVyIjogImM1OGVkYjBjMDU2OGMzZjlmZTgwYmEwMTRjMjYwNTEzYTA3YThlNzRiMjExYjYwOGFkZTRkOTA1MmY4NjQ1YjMiCiAgICB9LAogICAgewogICAgICAicGF0aCI6ICIvZ28tYXBwL2RpcmVjdC1mYXJlLmpzP3Y9MjAyNjA5MDctZGVwdGgxMCIsCiAgICAgICJtZXRob2QiOiAiR0VUIiwKICAgICAgInN0YXR1cyI6IDIwMCwKICAgICAgInJlc3BvbnNlX3NoYTI1NiI6ICJlNGNlZjMyMzg3MmMwMDBiOTdiYjYzNGRhYTk4OTM0ODQ3ZTM5NTYwNWI1Mzk5YmI1MjI1ZjNkNDBiOGZkZjI2IiwK
2026-09-10T08:11:31.8316446Z GO_EVIDENCE_B64 ICAgICAgInNvdXJjZV90cmVlX2hlYWRlciI6ICJjNThlZGIwYzA1NjhjM2Y5ZmU4MGJhMDE0YzI2MDUxM2EwN2E4ZTc0YjIxMWI2MDhhZGU0ZDkwNTJmODY0NWIzIgogICAgfSwKICAgIHsKICAgICAgInBhdGgiOiAiL2dvLWFwcC9kaXJlY3QtYWZ0ZXItc2FsZXMuanM/dj0yMDI2MDkwNy1kZXB0aDExIiwKICAgICAgIm1ldGhvZCI6ICJHRVQiLAogICAgICAic3RhdHVzIjogMjAwLAogICAgICAicmVzcG9uc2Vfc2hhMjU2IjogImQwMTBhZGRhYTgyNTdjYWJjOTllZjM2ZDA5ZTA3N2UxYTQ1NzI0ZDIzYjc4MmI5ODg4ZGYyZTlk
2026-09-10T08:11:31.8321517Z GO_EVIDENCE_B64 YTAzMjU4NmMiLAogICAgICAic291cmNlX3RyZWVfaGVhZGVyIjogImM1OGVkYjBjMDU2OGMzZjlmZTgwYmEwMTRjMjYwNTEzYTA3YThlNzRiMjExYjYwOGFkZTRkOTA1MmY4NjQ1YjMiCiAgICB9LAogICAgewogICAgICAicGF0aCI6ICIvZ28tYXBwL2RpcmVjdC1jcmVkaXQuanM/dj0yMDI2MDkwNy1kZXB0aDEwIiwKICAgICAgIm1ldGhvZCI6ICJHRVQiLAogICAgICAic3RhdHVzIjogMjAwLAogICAgICAicmVzcG9uc2Vfc2hhMjU2IjogImE5ZjFkMTI1MzEyN2ZmZGIyYjFjODNjMjQ0ZWI0MzgxYzUzNzk0YjY0NmI5NTZhNzcw
2026-09-10T08:11:31.8327597Z GO_EVIDENCE_B64 Y2VlNzU1NWU0NGI1ZGUiLAogICAgICAic291cmNlX3RyZWVfaGVhZGVyIjogImM1OGVkYjBjMDU2OGMzZjlmZTgwYmEwMTRjMjYwNTEzYTA3YThlNzRiMjExYjYwOGFkZTRkOTA1MmY4NjQ1YjMiCiAgICB9LAogICAgewogICAgICAicGF0aCI6ICIvZ28tYXBwL2RpcmVjdC5qcz92PTIwMjYwOTA3LWRlcHRoMTAiLAogICAgICAibWV0aG9kIjogIkdFVCIsCiAgICAgICJzdGF0dXMiOiAyMDAsCiAgICAgICJyZXNwb25zZV9zaGEyNTYiOiAiNzViOWEzYzRiN2ZkYjY1YmJiMWZlMWZhZDEyMTBlZWJmNTM1NjM4ZmIzYjhlYTk1YTNi
2026-09-10T08:11:31.8334743Z GO_EVIDENCE_B64 MTE0MjlmYmIyMzAzMSIsCiAgICAgICJzb3VyY2VfdHJlZV9oZWFkZXIiOiAiYzU4ZWRiMGMwNTY4YzNmOWZlODBiYTAxNGMyNjA1MTNhMDdhOGU3NGIyMTFiNjA4YWRlNGQ5MDUyZjg2NDViMyIKICAgIH0sCiAgICB7CiAgICAgICJwYXRoIjogIi92MS9jb25zdW1lci9tZSIsCiAgICAgICJtZXRob2QiOiAiR0VUIiwKICAgICAgInN0YXR1cyI6IDQwMSwKICAgICAgInJlc3BvbnNlX3NoYTI1NiI6ICIzMzMzZjE5YWY2NWZlMjM4YjZhM2M3YmQ0YWFhZjk2YjMzZjczNjliMGM0YmY0NGUwOTIwYjc4MjYxY2FkMzVkIiwKICAgICAg
2026-09-10T08:11:31.8341528Z GO_EVIDENCE_B64 InNvdXJjZV90cmVlX2hlYWRlciI6ICJjNThlZGIwYzA1NjhjM2Y5ZmU4MGJhMDE0YzI2MDUxM2EwN2E4ZTc0YjIxMWI2MDhhZGU0ZDkwNTJmODY0NWIzIgogICAgfSwKICAgIHsKICAgICAgInBhdGgiOiAiL3YxL2NvbnN1bWVyL2F1dGgvbG9naW4iLAogICAgICAibWV0aG9kIjogIlBPU1QiLAogICAgICAic3RhdHVzIjogMjAwLAogICAgICAicmVzcG9uc2Vfc2hhMjU2IjogImI5ODI1YWFhMjQ3ZmYxNzY3NTM2NjA2MDdiNGFkMTU1M2IxY2I3NDEyOTY3YWQ0NWU1MGIyZmI2NjIzODc0MzEiLAogICAgICAic291cmNlX3RyZWVf
2026-09-10T08:11:31.8348430Z GO_EVIDENCE_B64 aGVhZGVyIjogImM1OGVkYjBjMDU2OGMzZjlmZTgwYmEwMTRjMjYwNTEzYTA3YThlNzRiMjExYjYwOGFkZTRkOTA1MmY4NjQ1YjMiCiAgICB9LAogICAgewogICAgICAicGF0aCI6ICIvdjEvY29uc3VtZXIvbWUiLAogICAgICAibWV0aG9kIjogIkdFVCIsCiAgICAgICJzdGF0dXMiOiAyMDAsCiAgICAgICJyZXNwb25zZV9zaGEyNTYiOiAiOTJlN2U1YTE0ZGU0MjMxZjVmNTA4OGY3YjBlM2YwNjE2YzE1NDU3Y2E4NjhhZTcxN2QzZjM5ZjRmNGFlNDExYiIsCiAgICAgICJzb3VyY2VfdHJlZV9oZWFkZXIiOiAiYzU4ZWRiMGMwNTY4
2026-09-10T08:11:31.8355412Z GO_EVIDENCE_B64 YzNmOWZlODBiYTAxNGMyNjA1MTNhMDdhOGU3NGIyMTFiNjA4YWRlNGQ5MDUyZjg2NDViMyIKICAgIH0sCiAgICB7CiAgICAgICJwYXRoIjogIi9iZmYvYXV0aC9sb2dpbiIsCiAgICAgICJtZXRob2QiOiAiUE9TVCIsCiAgICAgICJzdGF0dXMiOiAyMDAsCiAgICAgICJyZXNwb25zZV9zaGEyNTYiOiAiZDg3NmI0NzVlY2MxMmFmYjYzNzkyNjJiZjU1NThlMjQxODJjNDViZThmNTEyY2VkZTZlNDI2ZGE4OTVhOTY5MiIsCiAgICAgICJzb3VyY2VfdHJlZV9oZWFkZXIiOiAiYzU4ZWRiMGMwNTY4YzNmOWZlODBiYTAxNGMyNjA1MTNh
2026-09-10T08:11:31.8365561Z GO_EVIDENCE_B64 MDdhOGU3NGIyMTFiNjA4YWRlNGQ5MDUyZjg2NDViMyIKICAgIH0sCiAgICB7CiAgICAgICJwYXRoIjogIi9iZmYvYXV0aC9tZSIsCiAgICAgICJtZXRob2QiOiAiR0VUIiwKICAgICAgInN0YXR1cyI6IDIwMCwKICAgICAgInJlc3BvbnNlX3NoYTI1NiI6ICJjNThlOWQ5Zjk5N2MwYmYxNWYwZTY4NmE4Y2NkOTA4ZTJhOTk2NGFhMjVmY2E2NGMxYzdjODM4NWU2OWU4NmY5IiwKICAgICAgInNvdXJjZV90cmVlX2hlYWRlciI6ICJjNThlZGIwYzA1NjhjM2Y5ZmU4MGJhMDE0YzI2MDUxM2EwN2E4ZTc0YjIxMWI2MDhhZGU0ZDkwNTJm
2026-09-10T08:11:31.8372441Z GO_EVIDENCE_B64 ODY0NWIzIgogICAgfSwKICAgIHsKICAgICAgInBhdGgiOiAiL3YxL2NvbnN1bWVyL21lIiwKICAgICAgIm1ldGhvZCI6ICJHRVQiLAogICAgICAic3RhdHVzIjogMjAwLAogICAgICAicmVzcG9uc2Vfc2hhMjU2IjogIjkyZTdlNWExNGRlNDIzMWY1ZjUwODhmN2IwZTNmMDYxNmMxNTQ1N2NhODY4YWU3MTdkM2YzOWY0ZjRhZTQxMWIiLAogICAgICAic291cmNlX3RyZWVfaGVhZGVyIjogImM1OGVkYjBjMDU2OGMzZjlmZTgwYmEwMTRjMjYwNTEzYTA3YThlNzRiMjExYjYwOGFkZTRkOTA1MmY4NjQ1YjMiCiAgICB9LAogICAgewog
2026-09-10T08:11:31.8379443Z GO_EVIDENCE_B64 ICAgICAicGF0aCI6ICIvYmZmL2F1dGgvcmVmcmVzaCIsCiAgICAgICJtZXRob2QiOiAiUE9TVCIsCiAgICAgICJzdGF0dXMiOiAyMDAsCiAgICAgICJyZXNwb25zZV9zaGEyNTYiOiAiMmE0Y2I3YWNiYzQwZTZlZTQ1Y2U1ZDM5OGI3ZjY1NWNmNDYzMzdmZTBhNDg5Y2E2ZmRkMGM5ZGI1Yjg2ZDBiMyIsCiAgICAgICJzb3VyY2VfdHJlZV9oZWFkZXIiOiAiYzU4ZWRiMGMwNTY4YzNmOWZlODBiYTAxNGMyNjA1MTNhMDdhOGU3NGIyMTFiNjA4YWRlNGQ5MDUyZjg2NDViMyIKICAgIH0sCiAgICB7CiAgICAgICJwYXRoIjogIi9iZmYv
2026-09-10T08:11:31.8386390Z GO_EVIDENCE_B64 YXV0aC9sb2dpbiIsCiAgICAgICJtZXRob2QiOiAiUE9TVCIsCiAgICAgICJzdGF0dXMiOiA0MDEsCiAgICAgICJyZXNwb25zZV9zaGEyNTYiOiAiMTYzMzc5YjRhNTBhYjEzNTg4NGJiYzllNTQ0YjYyNWYzMzg0MTE0YTVmMWUxZDZjZDg4NjkyN2MxNDQ1OGI3ZiIsCiAgICAgICJzb3VyY2VfdHJlZV9oZWFkZXIiOiAiYzU4ZWRiMGMwNTY4YzNmOWZlODBiYTAxNGMyNjA1MTNhMDdhOGU3NGIyMTFiNjA4YWRlNGQ5MDUyZjg2NDViMyIKICAgIH0sCiAgICB7CiAgICAgICJwYXRoIjogIi9iZmYvYXV0aC9tZSIsCiAgICAgICJtZXRo
2026-09-10T08:11:31.8393186Z GO_EVIDENCE_B64 b2QiOiAiR0VUIiwKICAgICAgInN0YXR1cyI6IDIwMCwKICAgICAgInJlc3BvbnNlX3NoYTI1NiI6ICJjNThlOWQ5Zjk5N2MwYmYxNWYwZTY4NmE4Y2NkOTA4ZTJhOTk2NGFhMjVmY2E2NGMxYzdjODM4NWU2OWU4NmY5IiwKICAgICAgInNvdXJjZV90cmVlX2hlYWRlciI6ICJjNThlZGIwYzA1NjhjM2Y5ZmU4MGJhMDE0YzI2MDUxM2EwN2E4ZTc0YjIxMWI2MDhhZGU0ZDkwNTJmODY0NWIzIgogICAgfSwKICAgIHsKICAgICAgInBhdGgiOiAiL2JmZi9hdXRoL2xvZ291dCIsCiAgICAgICJtZXRob2QiOiAiUE9TVCIsCiAgICAgICJz
2026-09-10T08:11:31.8400852Z GO_EVIDENCE_B64 dGF0dXMiOiAyMDAsCiAgICAgICJyZXNwb25zZV9zaGEyNTYiOiAiNTMyMDExNTY4Njg4MjZkNjA4OTAyZGJhMTgyZjBmMzIzZmUzMzlhMTEzM2E4MDg3ZTc0Y2E4OTg5NTBlZDcyOSIsCiAgICAgICJzb3VyY2VfdHJlZV9oZWFkZXIiOiAiYzU4ZWRiMGMwNTY4YzNmOWZlODBiYTAxNGMyNjA1MTNhMDdhOGU3NGIyMTFiNjA4YWRlNGQ5MDUyZjg2NDViMyIKICAgIH0sCiAgICB7CiAgICAgICJwYXRoIjogIi9iZmYvYXV0aC9tZSIsCiAgICAgICJtZXRob2QiOiAiR0VUIiwKICAgICAgInN0YXR1cyI6IDQwMSwKICAgICAgInJlc3Bv
2026-09-10T08:11:31.8407843Z GO_EVIDENCE_B64 bnNlX3NoYTI1NiI6ICIzMzMzZjE5YWY2NWZlMjM4YjZhM2M3YmQ0YWFhZjk2YjMzZjczNjliMGM0YmY0NGUwOTIwYjc4MjYxY2FkMzVkIiwKICAgICAgInNvdXJjZV90cmVlX2hlYWRlciI6ICJjNThlZGIwYzA1NjhjM2Y5ZmU4MGJhMDE0YzI2MDUxM2EwN2E4ZTc0YjIxMWI2MDhhZGU0ZDkwNTJmODY0NWIzIgogICAgfSwKICAgIHsKICAgICAgInBhdGgiOiAiL3YxL2NvbnN1bWVyL21lIiwKICAgICAgIm1ldGhvZCI6ICJHRVQiLAogICAgICAic3RhdHVzIjogMjAwLAogICAgICAicmVzcG9uc2Vfc2hhMjU2IjogIjkyZTdlNWEx
2026-09-10T08:11:31.8414742Z GO_EVIDENCE_B64 NGRlNDIzMWY1ZjUwODhmN2IwZTNmMDYxNmMxNTQ1N2NhODY4YWU3MTdkM2YzOWY0ZjRhZTQxMWIiLAogICAgICAic291cmNlX3RyZWVfaGVhZGVyIjogImM1OGVkYjBjMDU2OGMzZjlmZTgwYmEwMTRjMjYwNTEzYTA3YThlNzRiMjExYjYwOGFkZTRkOTA1MmY4NjQ1YjMiCiAgICB9LAogICAgewogICAgICAicGF0aCI6ICIvYmZmL2F1dGgvbG9naW4iLAogICAgICAibWV0aG9kIjogIlBPU1QiLAogICAgICAic3RhdHVzIjogMjAwLAogICAgICAicmVzcG9uc2Vfc2hhMjU2IjogImQ4NzZiNDc1ZWNjMTJhZmI2Mzc5MjYyYmY1NTU4
2026-09-10T08:11:31.8421579Z GO_EVIDENCE_B64 ZTI0MTgyYzQ1YmU4ZjUxMmNlZGU2ZTQyNmRhODk1YTk2OTIiLAogICAgICAic291cmNlX3RyZWVfaGVhZGVyIjogImM1OGVkYjBjMDU2OGMzZjlmZTgwYmEwMTRjMjYwNTEzYTA3YThlNzRiMjExYjYwOGFkZTRkOTA1MmY4NjQ1YjMiCiAgICB9LAogICAgewogICAgICAicGF0aCI6ICIvYmZmL2F1dGgvbWUiLAogICAgICAibWV0aG9kIjogIkdFVCIsCiAgICAgICJzdGF0dXMiOiAyMDAsCiAgICAgICJyZXNwb25zZV9zaGEyNTYiOiAiZTA0ZGYwYzc5MWQ5ZTFmZGM4YWU3MDAzOTBhYWI1NjAyOTM1Mzg5YjRkYmRhODE3Y2FmNWIx
2026-09-10T08:11:31.8428688Z GO_EVIDENCE_B64 YjJiYTc2ODVmMSIsCiAgICAgICJzb3VyY2VfdHJlZV9oZWFkZXIiOiAiYzU4ZWRiMGMwNTY4YzNmOWZlODBiYTAxNGMyNjA1MTNhMDdhOGU3NGIyMTFiNjA4YWRlNGQ5MDUyZjg2NDViMyIKICAgIH0sCiAgICB7CiAgICAgICJwYXRoIjogIi92MS9jb25zdW1lci9tZSIsCiAgICAgICJtZXRob2QiOiAiR0VUIiwKICAgICAgInN0YXR1cyI6IDIwMCwKICAgICAgInJlc3BvbnNlX3NoYTI1NiI6ICI5MmU3ZTVhMTRkZTQyMzFmNWY1MDg4ZjdiMGUzZjA2MTZjMTU0NTdjYTg2OGFlNzE3ZDNmMzlmNGY0YWU0MTFiIiwKICAgICAgInNv
2026-09-10T08:11:31.8435587Z GO_EVIDENCE_B64 dXJjZV90cmVlX2hlYWRlciI6ICJjNThlZGIwYzA1NjhjM2Y5ZmU4MGJhMDE0YzI2MDUxM2EwN2E4ZTc0YjIxMWI2MDhhZGU0ZDkwNTJmODY0NWIzIgogICAgfSwKICAgIHsKICAgICAgInBhdGgiOiAiL2JmZi9hdXRoL3JlZnJlc2giLAogICAgICAibWV0aG9kIjogIlBPU1QiLAogICAgICAic3RhdHVzIjogMjAwLAogICAgICAicmVzcG9uc2Vfc2hhMjU2IjogIjJhNGNiN2FjYmM0MGU2ZWU0NWNlNWQzOThiN2Y2NTVjZjQ2MzM3ZmUwYTQ4OWNhNmZkZDBjOWRiNWI4NmQwYjMiLAogICAgICAic291cmNlX3RyZWVfaGVhZGVyIjog
2026-09-10T08:11:31.8442400Z GO_EVIDENCE_B64 ImM1OGVkYjBjMDU2OGMzZjlmZTgwYmEwMTRjMjYwNTEzYTA3YThlNzRiMjExYjYwOGFkZTRkOTA1MmY4NjQ1YjMiCiAgICB9LAogICAgewogICAgICAicGF0aCI6ICIvYmZmL2F1dGgvbG9naW4iLAogICAgICAibWV0aG9kIjogIlBPU1QiLAogICAgICAic3RhdHVzIjogNDAxLAogICAgICAicmVzcG9uc2Vfc2hhMjU2IjogIjE2MzM3OWI0YTUwYWIxMzU4ODRiYmM5ZTU0NGI2MjVmMzM4NDExNGE1ZjFlMWQ2Y2Q4ODY5MjdjMTQ0NThiN2YiLAogICAgICAic291cmNlX3RyZWVfaGVhZGVyIjogImM1OGVkYjBjMDU2OGMzZjlmZTgw
2026-09-10T08:11:31.8449356Z GO_EVIDENCE_B64 YmEwMTRjMjYwNTEzYTA3YThlNzRiMjExYjYwOGFkZTRkOTA1MmY4NjQ1YjMiCiAgICB9LAogICAgewogICAgICAicGF0aCI6ICIvYmZmL2F1dGgvbWUiLAogICAgICAibWV0aG9kIjogIkdFVCIsCiAgICAgICJzdGF0dXMiOiAyMDAsCiAgICAgICJyZXNwb25zZV9zaGEyNTYiOiAiZTA0ZGYwYzc5MWQ5ZTFmZGM4YWU3MDAzOTBhYWI1NjAyOTM1Mzg5YjRkYmRhODE3Y2FmNWIxYjJiYTc2ODVmMSIsCiAgICAgICJzb3VyY2VfdHJlZV9oZWFkZXIiOiAiYzU4ZWRiMGMwNTY4YzNmOWZlODBiYTAxNGMyNjA1MTNhMDdhOGU3NGIyMTFi
2026-09-10T08:11:31.8456288Z GO_EVIDENCE_B64 NjA4YWRlNGQ5MDUyZjg2NDViMyIKICAgIH0sCiAgICB7CiAgICAgICJwYXRoIjogIi9iZmYvYXV0aC9sb2dvdXQiLAogICAgICAibWV0aG9kIjogIlBPU1QiLAogICAgICAic3RhdHVzIjogMjAwLAogICAgICAicmVzcG9uc2Vfc2hhMjU2IjogIjUzMjAxMTU2ODY4ODI2ZDYwODkwMmRiYTE4MmYwZjMyM2ZlMzM5YTExMzNhODA4N2U3NGNhODk4OTUwZWQ3MjkiLAogICAgICAic291cmNlX3RyZWVfaGVhZGVyIjogImM1OGVkYjBjMDU2OGMzZjlmZTgwYmEwMTRjMjYwNTEzYTA3YThlNzRiMjExYjYwOGFkZTRkOTA1MmY4NjQ1YjMi
2026-09-10T08:11:31.8463307Z GO_EVIDENCE_B64 CiAgICB9LAogICAgewogICAgICAicGF0aCI6ICIvYmZmL2F1dGgvbWUiLAogICAgICAibWV0aG9kIjogIkdFVCIsCiAgICAgICJzdGF0dXMiOiA0MDEsCiAgICAgICJyZXNwb25zZV9zaGEyNTYiOiAiMzMzM2YxOWFmNjVmZTIzOGI2YTNjN2JkNGFhYWY5NmIzM2Y3MzY5YjBjNGJmNDRlMDkyMGI3ODI2MWNhZDM1ZCIsCiAgICAgICJzb3VyY2VfdHJlZV9oZWFkZXIiOiAiYzU4ZWRiMGMwNTY4YzNmOWZlODBiYTAxNGMyNjA1MTNhMDdhOGU3NGIyMTFiNjA4YWRlNGQ5MDUyZjg2NDViMyIKICAgIH0sCiAgICB7CiAgICAgICJwYXRo
2026-09-10T08:11:31.8470167Z GO_EVIDENCE_B64 IjogIi92MS9jb25zdW1lci9tZSIsCiAgICAgICJtZXRob2QiOiAiR0VUIiwKICAgICAgInN0YXR1cyI6IDIwMCwKICAgICAgInJlc3BvbnNlX3NoYTI1NiI6ICI5MmU3ZTVhMTRkZTQyMzFmNWY1MDg4ZjdiMGUzZjA2MTZjMTU0NTdjYTg2OGFlNzE3ZDNmMzlmNGY0YWU0MTFiIiwKICAgICAgInNvdXJjZV90cmVlX2hlYWRlciI6ICJjNThlZGIwYzA1NjhjM2Y5ZmU4MGJhMDE0YzI2MDUxM2EwN2E4ZTc0YjIxMWI2MDhhZGU0ZDkwNTJmODY0NWIzIgogICAgfSwKICAgIHsKICAgICAgInBhdGgiOiAiL3YxL2NvbnN1bWVyL2F1dGgv
2026-09-10T08:11:31.8477064Z GO_EVIDENCE_B64 cmVmcmVzaCIsCiAgICAgICJtZXRob2QiOiAiUE9TVCIsCiAgICAgICJzdGF0dXMiOiAyMDAsCiAgICAgICJyZXNwb25zZV9zaGEyNTYiOiAiMjEzYjM0ZjIwZmEyNGY4MmQ0MjZjZTFkNTI0Njg3ODRjMmU5ZWZmYjViNWFiMWVjZjIyYTZiZmY0YWIyYzc2YyIsCiAgICAgICJzb3VyY2VfdHJlZV9oZWFkZXIiOiAiYzU4ZWRiMGMwNTY4YzNmOWZlODBiYTAxNGMyNjA1MTNhMDdhOGU3NGIyMTFiNjA4YWRlNGQ5MDUyZjg2NDViMyIKICAgIH0sCiAgICB7CiAgICAgICJwYXRoIjogIi92MS9jb25zdW1lci9hdXRoL2xvZ291dCIsCiAg
2026-09-10T08:11:31.8483939Z GO_EVIDENCE_B64 ICAgICJtZXRob2QiOiAiUE9TVCIsCiAgICAgICJzdGF0dXMiOiAyMDAsCiAgICAgICJyZXNwb25zZV9zaGEyNTYiOiAiNTMyMDExNTY4Njg4MjZkNjA4OTAyZGJhMTgyZjBmMzIzZmUzMzlhMTEzM2E4MDg3ZTc0Y2E4OTg5NTBlZDcyOSIsCiAgICAgICJzb3VyY2VfdHJlZV9oZWFkZXIiOiAiYzU4ZWRiMGMwNTY4YzNmOWZlODBiYTAxNGMyNjA1MTNhMDdhOGU3NGIyMTFiNjA4YWRlNGQ5MDUyZjg2NDViMyIKICAgIH0sCiAgICB7CiAgICAgICJwYXRoIjogIi92MS9jb25zdW1lci9tZSIsCiAgICAgICJtZXRob2QiOiAiR0VUIiwK
2026-09-10T08:11:31.8490964Z GO_EVIDENCE_B64 ICAgICAgInN0YXR1cyI6IDQwMSwKICAgICAgInJlc3BvbnNlX3NoYTI1NiI6ICIzMzMzZjE5YWY2NWZlMjM4YjZhM2M3YmQ0YWFhZjk2YjMzZjczNjliMGM0YmY0NGUwOTIwYjc4MjYxY2FkMzVkIiwKICAgICAgInNvdXJjZV90cmVlX2hlYWRlciI6ICJjNThlZGIwYzA1NjhjM2Y5ZmU4MGJhMDE0YzI2MDUxM2EwN2E4ZTc0YjIxMWI2MDhhZGU0ZDkwNTJmODY0NWIzIgogICAgfSwKICAgIHsKICAgICAgInBhdGgiOiAiL3YxL2NvbnN1bWVyL2F1dGgvcmVmcmVzaCIsCiAgICAgICJtZXRob2QiOiAiUE9TVCIsCiAgICAgICJzdGF0
2026-09-10T08:11:31.8497858Z GO_EVIDENCE_B64 dXMiOiA0MDEsCiAgICAgICJyZXNwb25zZV9zaGEyNTYiOiAiNjAxZTRiYzA4Y2Y5NDhlYzU4YWJiYjYzOWZkMDQxNDgwNjU4OTAxN2ZmNzU3MThhZTJjYWE1NGRiZDM4NmQwYyIsCiAgICAgICJzb3VyY2VfdHJlZV9oZWFkZXIiOiAiYzU4ZWRiMGMwNTY4YzNmOWZlODBiYTAxNGMyNjA1MTNhMDdhOGU3NGIyMTFiNjA4YWRlNGQ5MDUyZjg2NDViMyIKICAgIH0KICBdLAogICJzY29wZSI6ICJMSVZFX0xPT1BCQUNLX0hUVFBfT05MWSIsCiAgImJyb3dzZXJfZ2F0ZSI6ICJIT0xEIiwKICAiZmluYWxfcmVsZWFzZSI6ICJIT0xEIgp9
2026-09-10T08:11:31.8501228Z GO_EVIDENCE_B64 Cg==
2026-09-10T08:11:31.8501524Z GO_EVIDENCE_FILE_END http-checks.json
2026-09-10T08:11:31.8502150Z GO_EVIDENCE_FILE_BEGIN http-result.json 117 1bf88fcba8b3828e3baa336a833936bfe60c4b1cf4fdc2c75548d20b3eff2a05
2026-09-10T08:11:31.8503583Z GO_EVIDENCE_B64 eyJjaGVja3NfcGFzc2VkIjogMTQ4LCAiZmFpbGVkIjogMCwgImh0dHBfcmVxdWVzdHMiOiA4NywgInNjb3BlIjogIkxJVkVfTE9PUEJBQ0tfSFRUUF9PTkxZIiwgImJyb3dzZXJfZ2F0ZSI6ICJIT0xEIn0K
2026-09-10T08:11:31.8504782Z GO_EVIDENCE_FILE_END http-result.json
2026-09-10T08:11:31.8505427Z GO_EVIDENCE_FILE_BEGIN packaging-tests.log 1533 e936f648bfd5d2c9212fe1ae94aff1b36f1a52cca0a8bc3a57b07a7b3b44ebea
2026-09-10T08:11:31.8509343Z GO_EVIDENCE_B64 dGVzdF9hcmNoaXZlX3RhbXBlcl9hbmRfdW5saXN0ZWRfbWVtYmVyX3JlamVjdGVkICh0ZXN0X2RlcHRoMzZfYWNjZXB0YW5jZV9wYWNrYWdpbmcuUnVudGltZVBhY2thZ2luZ1Rlc3RzLnRlc3RfYXJjaGl2ZV90YW1wZXJfYW5kX3VubGlzdGVkX21lbWJlcl9yZWplY3RlZCkgLi4uIG9rCnRlc3RfY2hhbmdlZF9zb3VyY2VfaXNfcmVqZWN0ZWQgKHRlc3RfZGVwdGgzNl9hY2NlcHRhbmNlX3BhY2thZ2luZy5SdW50aW1lUGFja2FnaW5nVGVzdHMudGVzdF9jaGFuZ2VkX3NvdXJjZV9pc19yZWplY3RlZCkgLi4uIG9rCnRlc3RfZXhp
2026-09-10T08:11:31.8516017Z GO_EVIDENCE_B64 c3Rpbmdfb3V0cHV0X2lzX3ByZXNlcnZlZCAodGVzdF9kZXB0aDM2X2FjY2VwdGFuY2VfcGFja2FnaW5nLlJ1bnRpbWVQYWNrYWdpbmdUZXN0cy50ZXN0X2V4aXN0aW5nX291dHB1dF9pc19wcmVzZXJ2ZWQpIC4uLiBvawp0ZXN0X2luaGVyaXRlZF9jcmVkZW50aWFsc19hbmRfZGF0YWJhc2VfYXJlX25vdF9wcm9wYWdhdGVkICh0ZXN0X2RlcHRoMzZfYWNjZXB0YW5jZV9wYWNrYWdpbmcuUnVudGltZVBhY2thZ2luZ1Rlc3RzLnRlc3RfaW5oZXJpdGVkX2NyZWRlbnRpYWxzX2FuZF9kYXRhYmFzZV9hcmVfbm90X3Byb3BhZ2F0ZWQp
2026-09-10T08:11:31.8522676Z GO_EVIDENCE_B64 IC4uLiBvawp0ZXN0X291dGJvdW5kX29wZXJhdGlvbnNfYXJlX2RlbmllZCAodGVzdF9kZXB0aDM2X2FjY2VwdGFuY2VfcGFja2FnaW5nLlJ1bnRpbWVQYWNrYWdpbmdUZXN0cy50ZXN0X291dGJvdW5kX29wZXJhdGlvbnNfYXJlX2RlbmllZCkgLi4uIG9rCnRlc3Rfcm91bmR0cmlwX2FuZF9yZXByb2R1Y2libGVfYnl0ZXMgKHRlc3RfZGVwdGgzNl9hY2NlcHRhbmNlX3BhY2thZ2luZy5SdW50aW1lUGFja2FnaW5nVGVzdHMudGVzdF9yb3VuZHRyaXBfYW5kX3JlcHJvZHVjaWJsZV9ieXRlcykgLi4uIG9rCnRlc3Rfc291cmNlX3N5
2026-09-10T08:11:31.8529506Z GO_EVIDENCE_B64 bWxpbmtfaXNfcmVqZWN0ZWQgKHRlc3RfZGVwdGgzNl9hY2NlcHRhbmNlX3BhY2thZ2luZy5SdW50aW1lUGFja2FnaW5nVGVzdHMudGVzdF9zb3VyY2Vfc3ltbGlua19pc19yZWplY3RlZCkgLi4uIG9rCnRlc3RfdW50cmFja2VkX2J5dGVjb2RlX2lzX3JlamVjdGVkICh0ZXN0X2RlcHRoMzZfYWNjZXB0YW5jZV9wYWNrYWdpbmcuUnVudGltZVBhY2thZ2luZ1Rlc3RzLnRlc3RfdW50cmFja2VkX2J5dGVjb2RlX2lzX3JlamVjdGVkKSAuLi4gb2sKdGVzdF91bnRyYWNrZWRfY29uZmlndXJhdGlvbl9pc19yZWplY3RlZCAodGVzdF9k
2026-09-10T08:11:31.8536103Z GO_EVIDENCE_B64 ZXB0aDM2X2FjY2VwdGFuY2VfcGFja2FnaW5nLlJ1bnRpbWVQYWNrYWdpbmdUZXN0cy50ZXN0X3VudHJhY2tlZF9jb25maWd1cmF0aW9uX2lzX3JlamVjdGVkKSAuLi4gb2sKdGVzdF93cm9uZ19waW5uZWRfdHJlZV9pc19yZWplY3RlZCAodGVzdF9kZXB0aDM2X2FjY2VwdGFuY2VfcGFja2FnaW5nLlJ1bnRpbWVQYWNrYWdpbmdUZXN0cy50ZXN0X3dyb25nX3Bpbm5lZF90cmVlX2lzX3JlamVjdGVkKSAuLi4gb2sKCi0tLS0tLS0tLS0tLS0tLS0tLS0tLS0tLS0tLS0tLS0tLS0tLS0tLS0tLS0tLS0tLS0tLS0tLS0tLS0tLS0tLS0t
2026-09-10T08:11:31.8539410Z GO_EVIDENCE_B64 LS0tLS0KUmFuIDEwIHRlc3RzIGluIDAuMzY1cwoKT0sK
2026-09-10T08:11:31.8539825Z GO_EVIDENCE_FILE_END packaging-tests.log
2026-09-10T08:11:31.8648840Z Node 20 is being deprecated. This workflow is running with Node 24 by default. If you need to temporarily use Node 20, you can set the ACTIONS_ALLOW_USE_UNSECURE_NODE_VERSION=true environment variable. For more information see: https://github.blog/changelog/2025-09-19-deprecation-of-node-20-on-github-actions-runners/
2026-09-10T08:11:31.8651071Z ##[group]Run actions/upload-artifact@v4
2026-09-10T08:11:31.8651532Z with:
2026-09-10T08:11:31.8651934Z   name: GO-DEPTH36-predeployment-34453179558-shard-3
2026-09-10T08:11:31.8652435Z   path: evidence/
2026-09-10T08:11:31.8652780Z   if-no-files-found: error
2026-09-10T08:11:31.8653161Z   retention-days: 90
2026-09-10T08:11:31.8653499Z   compression-level: 6
2026-09-10T08:11:31.8653833Z   overwrite: false
2026-09-10T08:11:31.8654173Z   include-hidden-files: false
2026-09-10T08:11:31.8654748Z env:
2026-09-10T08:11:31.8655039Z   ACCEPTANCE_SHARD: 3
2026-09-10T08:11:31.8655493Z   SEALED_CANDIDATE: 7bd98db21ee950aeb91c12b296b1864b5a758c3f
2026-09-10T08:11:31.8656343Z   EXPECTED_SOURCE_TREE: c58edb0c0568c3f9fe80ba014c260513a07a8e74b211b608ade4d9052f8645b3
2026-09-10T08:11:31.8657107Z   PYTHONDONTWRITEBYTECODE: 1
2026-09-10T08:11:31.8657592Z   pythonLocation: /opt/hostedtoolcache/Python/3.13.5/x64
2026-09-10T08:11:31.8658302Z   PKG_CONFIG_PATH: /opt/hostedtoolcache/Python/3.13.5/x64/lib/pkgconfig
2026-09-10T08:11:31.8658986Z   Python_ROOT_DIR: /opt/hostedtoolcache/Python/3.13.5/x64
2026-09-10T08:11:31.8659602Z   Python2_ROOT_DIR: /opt/hostedtoolcache/Python/3.13.5/x64
2026-09-10T08:11:31.8660218Z   Python3_ROOT_DIR: /opt/hostedtoolcache/Python/3.13.5/x64
2026-09-10T08:11:31.8660843Z   LD_LIBRARY_PATH: /opt/hostedtoolcache/Python/3.13.5/x64/lib
2026-09-10T08:11:31.8661500Z   GO_NATIVE_NODE: /opt/hostedtoolcache/node/22.22.0/x64/bin/node
2026-09-10T08:11:31.8662034Z ##[endgroup]
2026-09-10T08:11:32.0652531Z (node:3025) [DEP0040] DeprecationWarning: The `punycode` module is deprecated. Please use a userland alternative instead.
2026-09-10T08:11:32.0655135Z (Use `node --trace-deprecation ...` to show where the warning was created)
2026-09-10T08:11:32.1265406Z With the provided path, there will be 27 files uploaded
2026-09-10T08:11:32.1304588Z Artifact name is valid!
2026-09-10T08:11:32.1306191Z Root directory input is valid!
2026-09-10T08:11:32.4265729Z Beginning upload of artifact content to blob storage
2026-09-10T08:11:32.7501169Z (node:3025) [DEP0169] DeprecationWarning: `url.parse()` behavior is not standardized and prone to errors that have security implications. Use the WHATWG URL API instead. CVEs are not issued for `url.parse()` vulnerabilities.
2026-09-10T08:11:33.5331949Z Uploaded bytes 8388608
2026-09-10T08:11:33.6704668Z Uploaded bytes 11842724
2026-09-10T08:11:33.7302099Z Finished uploading artifact content to blob storage!
2026-09-10T08:11:33.7303821Z SHA256 digest of uploaded artifact zip is f72482d206fe2108b1c039d966d059eb65f372032befec76920881f386d97edc
2026-09-10T08:11:33.7307514Z Finalizing artifact upload
2026-09-10T08:11:33.9935229Z Artifact GO-DEPTH36-predeployment-34453179558-shard-3.zip successfully finalized. Artifact ID 10142609313
2026-09-10T08:11:33.9937795Z Artifact GO-DEPTH36-predeployment-34453179558-shard-3 has been successfully uploaded! Final size is 11842724 bytes. Artifact ID is 10142609313
2026-09-10T08:11:33.9943745Z Artifact download URL: https://github.com/yuguangzhi3836-glitch/GO/actions/runs/34453179558/artifacts/10142609313
2026-09-10T08:11:34.0295666Z Node 20 is being deprecated. This workflow is running with Node 24 by default. If you need to temporarily use Node 20, you can set the ACTIONS_ALLOW_USE_UNSECURE_NODE_VERSION=true environment variable. For more information see: https://github.blog/changelog/2025-09-19-deprecation-of-node-20-on-github-actions-runners/
2026-09-10T08:11:34.0297484Z Post job cleanup.
2026-09-10T08:11:34.1820748Z (node:3037) [DEP0040] DeprecationWarning: The `punycode` module is deprecated. Please use a userland alternative instead.
2026-09-10T08:11:34.1835618Z (Use `node --trace-deprecation ...` to show where the warning was created)
2026-09-10T08:11:34.2028062Z Node 20 is being deprecated. This workflow is running with Node 24 by default. If you need to temporarily use Node 20, you can set the ACTIONS_ALLOW_USE_UNSECURE_NODE_VERSION=true environment variable. For more information see: https://github.blog/changelog/2025-09-19-deprecation-of-node-20-on-github-actions-runners/
2026-09-10T08:11:34.2030424Z Post job cleanup.
2026-09-10T08:11:34.3969209Z (node:3045) [DEP0040] DeprecationWarning: The `punycode` module is deprecated. Please use a userland alternative instead.
2026-09-10T08:11:34.3970807Z (Use `node --trace-deprecation ...` to show where the warning was created)
2026-09-10T08:11:34.4300162Z Node 20 is being deprecated. This workflow is running with Node 24 by default. If you need to temporarily use Node 20, you can set the ACTIONS_ALLOW_USE_UNSECURE_NODE_VERSION=true environment variable. For more information see: https://github.blog/changelog/2025-09-19-deprecation-of-node-20-on-github-actions-runners/
2026-09-10T08:11:34.4302218Z Post job cleanup.
2026-09-10T08:11:34.5487221Z [command]/usr/bin/git version
2026-09-10T08:11:34.5585801Z git version 2.55.0
2026-09-10T08:11:34.5661545Z Temporarily overriding HOME='/home/runner/work/_temp/b0533c85-9145-45c9-9ebd-16decabcd56c' before making global git config changes
2026-09-10T08:11:34.5681170Z Adding repository directory to the temporary git global config as a safe directory
2026-09-10T08:11:34.5682652Z [command]/usr/bin/git config --global --add safe.directory /home/runner/work/GO/GO/candidate
2026-09-10T08:11:34.5745463Z [command]/usr/bin/git config --local --name-only --get-regexp core\.sshCommand
2026-09-10T08:11:34.5824010Z [command]/usr/bin/git submodule foreach --recursive sh -c "git config --local --name-only --get-regexp 'core\.sshCommand' && git config --local --unset-all 'core.sshCommand' || :"
2026-09-10T08:11:34.6312335Z [command]/usr/bin/git config --local --name-only --get-regexp http\.https\:\/\/github\.com\/\.extraheader
2026-09-10T08:11:34.6376725Z [command]/usr/bin/git submodule foreach --recursive sh -c "git config --local --name-only --get-regexp 'http\.https\:\/\/github\.com\/\.extraheader' && git config --local --unset-all 'http.https://github.com/.extraheader' || :"
2026-09-10T08:11:34.6865417Z [command]/usr/bin/git config --local --name-only --get-regexp ^includeIf\.gitdir:
2026-09-10T08:11:34.6907647Z [command]/usr/bin/git submodule foreach --recursive git config --local --show-origin --name-only --get-regexp remote.origin.url
2026-09-10T08:11:34.7625667Z Node 20 is being deprecated. This workflow is running with Node 24 by default. If you need to temporarily use Node 20, you can set the ACTIONS_ALLOW_USE_UNSECURE_NODE_VERSION=true environment variable. For more information see: https://github.blog/changelog/2025-09-19-deprecation-of-node-20-on-github-actions-runners/
2026-09-10T08:11:34.7627755Z Post job cleanup.
2026-09-10T08:11:34.8805224Z [command]/usr/bin/git version
2026-09-10T08:11:34.8905604Z git version 2.55.0
2026-09-10T08:11:34.8967119Z Temporarily overriding HOME='/home/runner/work/_temp/830df5f5-2228-4642-9ac9-e26f19248616' before making global git config changes
2026-09-10T08:11:34.8985364Z Adding repository directory to the temporary git global config as a safe directory
2026-09-10T08:11:34.9005898Z [command]/usr/bin/git config --global --add safe.directory /home/runner/work/GO/GO/tooling
2026-09-10T08:11:34.9019467Z [command]/usr/bin/git config --local --name-only --get-regexp core\.sshCommand
2026-09-10T08:11:34.9155067Z [command]/usr/bin/git submodule foreach --recursive sh -c "git config --local --name-only --get-regexp 'core\.sshCommand' && git config --local --unset-all 'core.sshCommand' || :"
2026-09-10T08:11:34.9635993Z [command]/usr/bin/git config --local --name-only --get-regexp http\.https\:\/\/github\.com\/\.extraheader
2026-09-10T08:11:34.9717115Z [command]/usr/bin/git submodule foreach --recursive sh -c "git config --local --name-only --get-regexp 'http\.https\:\/\/github\.com\/\.extraheader' && git config --local --unset-all 'http.https://github.com/.extraheader' || :"
2026-09-10T08:11:35.0196044Z [command]/usr/bin/git config --local --name-only --get-regexp ^includeIf\.gitdir:
2026-09-10T08:11:35.0276017Z [command]/usr/bin/git submodule foreach --recursive git config --local --show-origin --name-only --get-regexp remote.origin.url
2026-09-10T08:11:35.0821068Z Cleaning up orphan processes
2026-09-10T08:11:35.1148477Z ##[warning]Node.js 20 is deprecated. The following actions target Node.js 20 but are being forced to run on Node.js 24: actions/checkout@v4, actions/setup-node@v4, actions/setup-python@v5, actions/upload-artifact@v4. For more information see: https://github.blog/changelog/2025-09-19-deprecation-of-node-20-on-github-actions-runners/
